benchmark,framework,implementation,phase,state,seconds,source_benchmark,selected_source,source_version,historical,profiled,samples,processes,restricted,repaired,golden_key,golden_sha256,primary_gpu_verified,restriction_reasons
adi_corrected,numpy,default,initialization,observed,1.523410082794726,adi_corrected,workload-repairs/cold-L,,,,3,3,True,True,72849b544ae3b8773b18c95384e36f194ea524782f4feabfed03a3b4194872e9,44fae57bf7759f2639279283ba275bd89bd5df1bf8f5d46bee32e1d87e87c452,,between_process_variability
adi_corrected,numba,nopython-mode,initialization,observed,4.630719186738133,adi_corrected,workload-repairs/cold-L,,,,3,3,False,True,72849b544ae3b8773b18c95384e36f194ea524782f4feabfed03a3b4194872e9,44fae57bf7759f2639279283ba275bd89bd5df1bf8f5d46bee32e1d87e87c452,,
adi_corrected,numba,nopython-mode-parallel,initialization,observed,31.77548001939431,adi_corrected,workload-repairs/cold-L,,,,3,3,True,True,72849b544ae3b8773b18c95384e36f194ea524782f4feabfed03a3b4194872e9,44fae57bf7759f2639279283ba275bd89bd5df1bf8f5d46bee32e1d87e87c452,,between_process_variability
adi_corrected,numba,nopython-mode-parallel-range,initialization,N/A,,,,,,,,,False,,,,,
adi_corrected,numba,object-mode,initialization,N/A,,,,,,,,,False,,,,,
adi_corrected,numba,object-mode-parallel,initialization,N/A,,,,,,,,,False,,,,,
adi_corrected,numba,object-mode-parallel-range,initialization,N/A,,,,,,,,,False,,,,,
adi_corrected,dace_cpu,fusion,initialization,observed,22.62076201895252,adi_corrected,workload-repairs/cold-L,,,,3,3,True,True,72849b544ae3b8773b18c95384e36f194ea524782f4feabfed03a3b4194872e9,44fae57bf7759f2639279283ba275bd89bd5df1bf8f5d46bee32e1d87e87c452,,between_process_variability
adi_corrected,dace_cpu,parallel,initialization,observed,23.499315812252462,adi_corrected,workload-repairs/cold-L,,,,3,3,True,True,72849b544ae3b8773b18c95384e36f194ea524782f4feabfed03a3b4194872e9,44fae57bf7759f2639279283ba275bd89bd5df1bf8f5d46bee32e1d87e87c452,,between_process_variability
adi_corrected,dace_cpu,auto_opt,initialization,observed,23.016679828986526,adi_corrected,workload-repairs/cold-L,,,,3,3,False,True,72849b544ae3b8773b18c95384e36f194ea524782f4feabfed03a3b4194872e9,44fae57bf7759f2639279283ba275bd89bd5df1bf8f5d46bee32e1d87e87c452,,
adi_corrected,dace_gpu,fusion,initialization,observed,31.46354488423094,adi_corrected,workload-repairs/cold-L,,,,3,3,False,True,72849b544ae3b8773b18c95384e36f194ea524782f4feabfed03a3b4194872e9,44fae57bf7759f2639279283ba275bd89bd5df1bf8f5d46bee32e1d87e87c452,,
adi_corrected,dace_gpu,parallel,initialization,observed,31.093344418797642,adi_corrected,workload-repairs/cold-L,,,,3,3,False,True,72849b544ae3b8773b18c95384e36f194ea524782f4feabfed03a3b4194872e9,44fae57bf7759f2639279283ba275bd89bd5df1bf8f5d46bee32e1d87e87c452,,
adi_corrected,dace_gpu,auto_opt,initialization,observed,34.26996370591223,adi_corrected,workload-repairs/cold-L,,,,3,3,False,True,72849b544ae3b8773b18c95384e36f194ea524782f4feabfed03a3b4194872e9,44fae57bf7759f2639279283ba275bd89bd5df1bf8f5d46bee32e1d87e87c452,,
adi_corrected,cupy,default,initialization,observed,15.462024519685656,adi_corrected,workload-repairs/cold-L,,,,3,3,True,True,72849b544ae3b8773b18c95384e36f194ea524782f4feabfed03a3b4194872e9,44fae57bf7759f2639279283ba275bd89bd5df1bf8f5d46bee32e1d87e87c452,,between_process_variability
arc_distance,numpy,default,initialization,observed,1.0591460932046175,arc_distance,historical_main,,,,1,1,False,False,d2c2cc16a18a69316144dced56e13ec50585fb90292fd8c9251b0cd2d83afd8e,c9a5d51d680eeff18f5d5e1a8bd8a4acc4d771e072238396fee0333ed61696be,,
arc_distance,numba,nopython-mode,initialization,observed,2.4792272113263607,arc_distance,historical_main,,,,1,1,False,False,d2c2cc16a18a69316144dced56e13ec50585fb90292fd8c9251b0cd2d83afd8e,c9a5d51d680eeff18f5d5e1a8bd8a4acc4d771e072238396fee0333ed61696be,,
arc_distance,numba,nopython-mode-parallel,initialization,observed,1.5481611918658018,arc_distance,historical_main,,,,1,1,False,False,d2c2cc16a18a69316144dced56e13ec50585fb90292fd8c9251b0cd2d83afd8e,c9a5d51d680eeff18f5d5e1a8bd8a4acc4d771e072238396fee0333ed61696be,,
arc_distance,numba,nopython-mode-parallel-range,initialization,N/A,,,,,,,,,False,,,,,
arc_distance,numba,object-mode,initialization,N/A,,,,,,,,,False,,,,,
arc_distance,numba,object-mode-parallel,initialization,N/A,,,,,,,,,False,,,,,
arc_distance,numba,object-mode-parallel-range,initialization,N/A,,,,,,,,,False,,,,,
arc_distance,dace_cpu,fusion,initialization,observed,6.692087715957314,arc_distance,historical_main,,,,1,1,False,False,d2c2cc16a18a69316144dced56e13ec50585fb90292fd8c9251b0cd2d83afd8e,c9a5d51d680eeff18f5d5e1a8bd8a4acc4d771e072238396fee0333ed61696be,,
arc_distance,dace_cpu,parallel,initialization,observed,6.617998419795185,arc_distance,historical_main,,,,1,1,False,False,d2c2cc16a18a69316144dced56e13ec50585fb90292fd8c9251b0cd2d83afd8e,c9a5d51d680eeff18f5d5e1a8bd8a4acc4d771e072238396fee0333ed61696be,,
arc_distance,dace_cpu,auto_opt,initialization,observed,6.82259490294382,arc_distance,historical_main,,,,1,1,False,False,d2c2cc16a18a69316144dced56e13ec50585fb90292fd8c9251b0cd2d83afd8e,c9a5d51d680eeff18f5d5e1a8bd8a4acc4d771e072238396fee0333ed61696be,,
arc_distance,dace_gpu,fusion,initialization,observed,25.697793082799762,arc_distance,historical_main,,,,1,1,False,False,d2c2cc16a18a69316144dced56e13ec50585fb90292fd8c9251b0cd2d83afd8e,c9a5d51d680eeff18f5d5e1a8bd8a4acc4d771e072238396fee0333ed61696be,,
arc_distance,dace_gpu,parallel,initialization,observed,23.85904806992039,arc_distance,historical_main,,,,1,1,False,False,d2c2cc16a18a69316144dced56e13ec50585fb90292fd8c9251b0cd2d83afd8e,c9a5d51d680eeff18f5d5e1a8bd8a4acc4d771e072238396fee0333ed61696be,,
arc_distance,dace_gpu,auto_opt,initialization,observed,25.08999514626339,arc_distance,historical_main,,,,1,1,False,False,d2c2cc16a18a69316144dced56e13ec50585fb90292fd8c9251b0cd2d83afd8e,c9a5d51d680eeff18f5d5e1a8bd8a4acc4d771e072238396fee0333ed61696be,,
arc_distance,cupy,default,initialization,observed,1.655647800769657,arc_distance,historical_main,,,,1,1,False,False,d2c2cc16a18a69316144dced56e13ec50585fb90292fd8c9251b0cd2d83afd8e,c9a5d51d680eeff18f5d5e1a8bd8a4acc4d771e072238396fee0333ed61696be,,
atax,numpy,default,initialization,observed,0.14480328187346458,atax,historical_main,,,,1,1,False,False,68c6513b767fc4fe61dbe15c9629b1ea75eae7d2a20436521c52c551d6698648,30d1cbd8bc811b325570c9fdb182323781764974a74f27916f06ba12e9a7baef,,
atax,numba,nopython-mode,initialization,observed,1.5100604458712041,atax,historical_main,,,,1,1,False,False,68c6513b767fc4fe61dbe15c9629b1ea75eae7d2a20436521c52c551d6698648,30d1cbd8bc811b325570c9fdb182323781764974a74f27916f06ba12e9a7baef,,
atax,numba,nopython-mode-parallel,initialization,observed,1.6111895120702684,atax,historical_main,,,,1,1,False,False,68c6513b767fc4fe61dbe15c9629b1ea75eae7d2a20436521c52c551d6698648,30d1cbd8bc811b325570c9fdb182323781764974a74f27916f06ba12e9a7baef,,
atax,numba,nopython-mode-parallel-range,initialization,N/A,,,,,,,,,False,,,,,
atax,numba,object-mode,initialization,N/A,,,,,,,,,False,,,,,
atax,numba,object-mode-parallel,initialization,N/A,,,,,,,,,False,,,,,
atax,numba,object-mode-parallel-range,initialization,N/A,,,,,,,,,False,,,,,
atax,dace_cpu,fusion,initialization,observed,7.468842007685453,atax,historical_main,,,,1,1,False,False,68c6513b767fc4fe61dbe15c9629b1ea75eae7d2a20436521c52c551d6698648,30d1cbd8bc811b325570c9fdb182323781764974a74f27916f06ba12e9a7baef,,
atax,dace_cpu,parallel,initialization,observed,7.207164629828185,atax,historical_main,,,,1,1,False,False,68c6513b767fc4fe61dbe15c9629b1ea75eae7d2a20436521c52c551d6698648,30d1cbd8bc811b325570c9fdb182323781764974a74f27916f06ba12e9a7baef,,
atax,dace_cpu,auto_opt,initialization,observed,7.436477560084313,atax,historical_main,,,,1,1,False,False,68c6513b767fc4fe61dbe15c9629b1ea75eae7d2a20436521c52c551d6698648,30d1cbd8bc811b325570c9fdb182323781764974a74f27916f06ba12e9a7baef,,
atax,dace_gpu,fusion,initialization,observed,30.9332552771084,atax,historical_main,,,,1,1,False,False,68c6513b767fc4fe61dbe15c9629b1ea75eae7d2a20436521c52c551d6698648,30d1cbd8bc811b325570c9fdb182323781764974a74f27916f06ba12e9a7baef,,
atax,dace_gpu,parallel,initialization,observed,28.363382969982922,atax,historical_main,,,,1,1,False,False,68c6513b767fc4fe61dbe15c9629b1ea75eae7d2a20436521c52c551d6698648,30d1cbd8bc811b325570c9fdb182323781764974a74f27916f06ba12e9a7baef,,
atax,dace_gpu,auto_opt,initialization,observed,28.862349746748805,atax,historical_main,,,,1,1,False,False,68c6513b767fc4fe61dbe15c9629b1ea75eae7d2a20436521c52c551d6698648,30d1cbd8bc811b325570c9fdb182323781764974a74f27916f06ba12e9a7baef,,
atax,cupy,default,initialization,observed,3.31989177595824,atax,historical_main,,,,1,1,False,False,68c6513b767fc4fe61dbe15c9629b1ea75eae7d2a20436521c52c551d6698648,30d1cbd8bc811b325570c9fdb182323781764974a74f27916f06ba12e9a7baef,,
azimint_hist,numpy,default,initialization,observed,0.5724683250300586,azimint_hist,historical_main,,,,1,1,False,False,f5914dfb9f4cc36109a1c231938d0863c485540d7d58b79bed61050dcb1e083e,d714677a44d27aec51292ca83b9b3ba9c1835b7ac786bbd295a407ecfa03d47f,,
azimint_hist,numba,nopython-mode,initialization,observed,2.015096148941666,azimint_hist,historical_main,,,,1,1,False,False,f5914dfb9f4cc36109a1c231938d0863c485540d7d58b79bed61050dcb1e083e,d714677a44d27aec51292ca83b9b3ba9c1835b7ac786bbd295a407ecfa03d47f,,
azimint_hist,numba,nopython-mode-parallel,initialization,observed,3.2756062117405236,azimint_hist,historical_main,,,,1,1,False,False,f5914dfb9f4cc36109a1c231938d0863c485540d7d58b79bed61050dcb1e083e,d714677a44d27aec51292ca83b9b3ba9c1835b7ac786bbd295a407ecfa03d47f,,
azimint_hist,numba,nopython-mode-parallel-range,initialization,observed,5.709220761898905,azimint_hist_private,workload-repairs/cold-L,,,,3,3,False,True,ee08d8b3d6c42ca8c49f15064988585a960e19f6df094ce2408581b17b4d3570,d714677a44d27aec51292ca83b9b3ba9c1835b7ac786bbd295a407ecfa03d47f,,
azimint_hist,numba,object-mode,initialization,observed,1.6050016479566693,azimint_hist,historical_main,,,,1,1,False,False,f5914dfb9f4cc36109a1c231938d0863c485540d7d58b79bed61050dcb1e083e,d714677a44d27aec51292ca83b9b3ba9c1835b7ac786bbd295a407ecfa03d47f,,
azimint_hist,numba,object-mode-parallel,initialization,observed,1.7339732651598752,azimint_hist,historical_main,,,,1,1,False,False,f5914dfb9f4cc36109a1c231938d0863c485540d7d58b79bed61050dcb1e083e,d714677a44d27aec51292ca83b9b3ba9c1835b7ac786bbd295a407ecfa03d47f,,
azimint_hist,numba,object-mode-parallel-range,initialization,N/A,,,,,,,,,False,,,,,
azimint_hist,dace_cpu,fusion,initialization,observed,224.5468876049854,azimint_hist,historical_main,,,,1,1,False,False,f5914dfb9f4cc36109a1c231938d0863c485540d7d58b79bed61050dcb1e083e,d714677a44d27aec51292ca83b9b3ba9c1835b7ac786bbd295a407ecfa03d47f,,
azimint_hist,dace_cpu,parallel,initialization,observed,217.06198547920212,azimint_hist,historical_main,,,,1,1,False,False,f5914dfb9f4cc36109a1c231938d0863c485540d7d58b79bed61050dcb1e083e,d714677a44d27aec51292ca83b9b3ba9c1835b7ac786bbd295a407ecfa03d47f,,
azimint_hist,dace_cpu,auto_opt,initialization,observed,215.74654809897766,azimint_hist,historical_main,,,,1,1,False,False,f5914dfb9f4cc36109a1c231938d0863c485540d7d58b79bed61050dcb1e083e,d714677a44d27aec51292ca83b9b3ba9c1835b7ac786bbd295a407ecfa03d47f,,
azimint_hist,dace_gpu,fusion,initialization,observed,24.531392528209835,azimint_hist,historical_main,,,,1,1,False,False,f5914dfb9f4cc36109a1c231938d0863c485540d7d58b79bed61050dcb1e083e,d714677a44d27aec51292ca83b9b3ba9c1835b7ac786bbd295a407ecfa03d47f,,
azimint_hist,dace_gpu,parallel,initialization,observed,26.742535097058862,azimint_hist,historical_main,,,,1,1,False,False,f5914dfb9f4cc36109a1c231938d0863c485540d7d58b79bed61050dcb1e083e,d714677a44d27aec51292ca83b9b3ba9c1835b7ac786bbd295a407ecfa03d47f,,
azimint_hist,dace_gpu,auto_opt,initialization,observed,27.821278055664152,azimint_hist,historical_main,,,,1,1,False,False,f5914dfb9f4cc36109a1c231938d0863c485540d7d58b79bed61050dcb1e083e,d714677a44d27aec51292ca83b9b3ba9c1835b7ac786bbd295a407ecfa03d47f,,
azimint_hist,cupy,default,initialization,observed,1.963979098945856,azimint_hist,historical_main,,,,1,1,False,False,f5914dfb9f4cc36109a1c231938d0863c485540d7d58b79bed61050dcb1e083e,d714677a44d27aec51292ca83b9b3ba9c1835b7ac786bbd295a407ecfa03d47f,,
azimint_naive,numpy,default,initialization,observed,49.487638163845986,azimint_naive,historical_main,,,,1,1,False,False,7ce93eb427426de57f9dd024b84b3ccd522ed34eea578a05eb7d30f002985156,10e5a4ce8b6fe96db84b8d28fc35df47e5ddd295dfddf44939fc8ac5c8795b6d,,
azimint_naive,numba,nopython-mode,initialization,observed,70.13723061187193,azimint_naive,historical_main,,,,1,1,False,False,7ce93eb427426de57f9dd024b84b3ccd522ed34eea578a05eb7d30f002985156,10e5a4ce8b6fe96db84b8d28fc35df47e5ddd295dfddf44939fc8ac5c8795b6d,,
azimint_naive,numba,nopython-mode-parallel,initialization,observed,50.68507061479613,azimint_naive,historical_main,,,,1,1,False,False,7ce93eb427426de57f9dd024b84b3ccd522ed34eea578a05eb7d30f002985156,10e5a4ce8b6fe96db84b8d28fc35df47e5ddd295dfddf44939fc8ac5c8795b6d,,
azimint_naive,numba,nopython-mode-parallel-range,initialization,observed,6.615525438915938,azimint_naive,historical_main,,,,1,1,False,False,7ce93eb427426de57f9dd024b84b3ccd522ed34eea578a05eb7d30f002985156,10e5a4ce8b6fe96db84b8d28fc35df47e5ddd295dfddf44939fc8ac5c8795b6d,,
azimint_naive,numba,object-mode,initialization,N/A,,,,,,,,,False,,,,,
azimint_naive,numba,object-mode-parallel,initialization,N/A,,,,,,,,,False,,,,,
azimint_naive,numba,object-mode-parallel-range,initialization,N/A,,,,,,,,,False,,,,,
azimint_naive,dace_cpu,fusion,initialization,observed,80.51875601895154,azimint_naive,historical_main,,,,1,1,False,False,7ce93eb427426de57f9dd024b84b3ccd522ed34eea578a05eb7d30f002985156,10e5a4ce8b6fe96db84b8d28fc35df47e5ddd295dfddf44939fc8ac5c8795b6d,,
azimint_naive,dace_cpu,parallel,initialization,observed,66.99361746991053,azimint_naive,historical_main,,,,1,1,False,False,7ce93eb427426de57f9dd024b84b3ccd522ed34eea578a05eb7d30f002985156,10e5a4ce8b6fe96db84b8d28fc35df47e5ddd295dfddf44939fc8ac5c8795b6d,,
azimint_naive,dace_cpu,auto_opt,initialization,observed,73.463956059888,azimint_naive,historical_main,,,,1,1,False,False,7ce93eb427426de57f9dd024b84b3ccd522ed34eea578a05eb7d30f002985156,10e5a4ce8b6fe96db84b8d28fc35df47e5ddd295dfddf44939fc8ac5c8795b6d,,
azimint_naive,dace_gpu,fusion,initialization,observed,27.694643353112042,azimint_naive,historical_main,,,,1,1,False,False,7ce93eb427426de57f9dd024b84b3ccd522ed34eea578a05eb7d30f002985156,10e5a4ce8b6fe96db84b8d28fc35df47e5ddd295dfddf44939fc8ac5c8795b6d,,
azimint_naive,dace_gpu,parallel,initialization,error,,azimint_naive,historical_main,,,,0,0,False,False,7ce93eb427426de57f9dd024b84b3ccd522ed34eea578a05eb7d30f002985156,10e5a4ce8b6fe96db84b8d28fc35df47e5ddd295dfddf44939fc8ac5c8795b6d,,
azimint_naive,dace_gpu,auto_opt,initialization,error,,azimint_naive,historical_main,,,,0,0,False,False,7ce93eb427426de57f9dd024b84b3ccd522ed34eea578a05eb7d30f002985156,10e5a4ce8b6fe96db84b8d28fc35df47e5ddd295dfddf44939fc8ac5c8795b6d,,
azimint_naive,cupy,default,initialization,observed,4.114629360381514,azimint_naive,historical_main,,,,1,1,False,False,7ce93eb427426de57f9dd024b84b3ccd522ed34eea578a05eb7d30f002985156,10e5a4ce8b6fe96db84b8d28fc35df47e5ddd295dfddf44939fc8ac5c8795b6d,,
bicg,numpy,default,initialization,observed,0.14816331584006548,bicg,historical_main,,,,1,1,False,False,16d618b4e97f8f1b6191fe3f76123e77b6b198e5982ffa6fbd2528fa69701078,77e9adb788612e39af05a751b80c16198c5c53c1997f2c21ca5d1cefa59811c3,,
bicg,numba,nopython-mode,initialization,observed,1.6311889942735434,bicg,historical_main,,,,1,1,False,False,16d618b4e97f8f1b6191fe3f76123e77b6b198e5982ffa6fbd2528fa69701078,77e9adb788612e39af05a751b80c16198c5c53c1997f2c21ca5d1cefa59811c3,,
bicg,numba,nopython-mode-parallel,initialization,observed,1.0399853847920895,bicg,historical_main,,,,1,1,False,False,16d618b4e97f8f1b6191fe3f76123e77b6b198e5982ffa6fbd2528fa69701078,77e9adb788612e39af05a751b80c16198c5c53c1997f2c21ca5d1cefa59811c3,,
bicg,numba,nopython-mode-parallel-range,initialization,N/A,,,,,,,,,False,,,,,
bicg,numba,object-mode,initialization,N/A,,,,,,,,,False,,,,,
bicg,numba,object-mode-parallel,initialization,N/A,,,,,,,,,False,,,,,
bicg,numba,object-mode-parallel-range,initialization,N/A,,,,,,,,,False,,,,,
bicg,dace_cpu,fusion,initialization,observed,7.409877752885222,bicg,historical_main,,,,1,1,False,False,16d618b4e97f8f1b6191fe3f76123e77b6b198e5982ffa6fbd2528fa69701078,77e9adb788612e39af05a751b80c16198c5c53c1997f2c21ca5d1cefa59811c3,,
bicg,dace_cpu,parallel,initialization,observed,7.216289222706109,bicg,historical_main,,,,1,1,False,False,16d618b4e97f8f1b6191fe3f76123e77b6b198e5982ffa6fbd2528fa69701078,77e9adb788612e39af05a751b80c16198c5c53c1997f2c21ca5d1cefa59811c3,,
bicg,dace_cpu,auto_opt,initialization,observed,7.393626807723194,bicg,historical_main,,,,1,1,False,False,16d618b4e97f8f1b6191fe3f76123e77b6b198e5982ffa6fbd2528fa69701078,77e9adb788612e39af05a751b80c16198c5c53c1997f2c21ca5d1cefa59811c3,,
bicg,dace_gpu,fusion,initialization,observed,28.238394767045975,bicg,historical_main,,,,1,1,False,False,16d618b4e97f8f1b6191fe3f76123e77b6b198e5982ffa6fbd2528fa69701078,77e9adb788612e39af05a751b80c16198c5c53c1997f2c21ca5d1cefa59811c3,,
bicg,dace_gpu,parallel,initialization,observed,27.36415921896696,bicg,historical_main,,,,1,1,False,False,16d618b4e97f8f1b6191fe3f76123e77b6b198e5982ffa6fbd2528fa69701078,77e9adb788612e39af05a751b80c16198c5c53c1997f2c21ca5d1cefa59811c3,,
bicg,dace_gpu,auto_opt,initialization,observed,26.339258632156998,bicg,historical_main,,,,1,1,False,False,16d618b4e97f8f1b6191fe3f76123e77b6b198e5982ffa6fbd2528fa69701078,77e9adb788612e39af05a751b80c16198c5c53c1997f2c21ca5d1cefa59811c3,,
bicg,cupy,default,initialization,observed,3.217120140325278,bicg,historical_main,,,,1,1,False,False,16d618b4e97f8f1b6191fe3f76123e77b6b198e5982ffa6fbd2528fa69701078,77e9adb788612e39af05a751b80c16198c5c53c1997f2c21ca5d1cefa59811c3,,
cavity_flow,numpy,default,initialization,observed,0.7528192489407957,cavity_flow,historical_main,,,,1,1,False,False,210af7f0234bb993fa8cb9e063c162a3f185d3fc74aad9308835699b7e5a18da,33c1dcf4ea4c8afb398c3db57686f19a59239f440846cca31b92bee224e3c662,,
cavity_flow,numba,nopython-mode,initialization,observed,9.045360945165157,cavity_flow,historical_main,,,,1,1,False,False,210af7f0234bb993fa8cb9e063c162a3f185d3fc74aad9308835699b7e5a18da,33c1dcf4ea4c8afb398c3db57686f19a59239f440846cca31b92bee224e3c662,,
cavity_flow,numba,nopython-mode-parallel,initialization,error,,cavity_flow,historical_main,,,,0,0,False,False,210af7f0234bb993fa8cb9e063c162a3f185d3fc74aad9308835699b7e5a18da,33c1dcf4ea4c8afb398c3db57686f19a59239f440846cca31b92bee224e3c662,,
cavity_flow,numba,nopython-mode-parallel-range,initialization,N/A,,,,,,,,,False,,,,,
cavity_flow,numba,object-mode,initialization,N/A,,,,,,,,,False,,,,,
cavity_flow,numba,object-mode-parallel,initialization,N/A,,,,,,,,,False,,,,,
cavity_flow,numba,object-mode-parallel-range,initialization,N/A,,,,,,,,,False,,,,,
cavity_flow,dace_cpu,fusion,initialization,observed,15.789043120108545,cavity_flow,historical_main,,,,1,1,False,False,210af7f0234bb993fa8cb9e063c162a3f185d3fc74aad9308835699b7e5a18da,33c1dcf4ea4c8afb398c3db57686f19a59239f440846cca31b92bee224e3c662,,
cavity_flow,dace_cpu,parallel,initialization,observed,14.250274941790849,cavity_flow,historical_main,,,,1,1,False,False,210af7f0234bb993fa8cb9e063c162a3f185d3fc74aad9308835699b7e5a18da,33c1dcf4ea4c8afb398c3db57686f19a59239f440846cca31b92bee224e3c662,,
cavity_flow,dace_cpu,auto_opt,initialization,observed,19.076331539079547,cavity_flow,historical_main,,,,1,1,False,False,210af7f0234bb993fa8cb9e063c162a3f185d3fc74aad9308835699b7e5a18da,33c1dcf4ea4c8afb398c3db57686f19a59239f440846cca31b92bee224e3c662,,
cavity_flow,dace_gpu,fusion,initialization,observed,29.77706649992615,cavity_flow,historical_main,,,,1,1,False,False,210af7f0234bb993fa8cb9e063c162a3f185d3fc74aad9308835699b7e5a18da,33c1dcf4ea4c8afb398c3db57686f19a59239f440846cca31b92bee224e3c662,,
cavity_flow,dace_gpu,parallel,initialization,observed,30.18305176589638,cavity_flow,historical_main,,,,1,1,False,False,210af7f0234bb993fa8cb9e063c162a3f185d3fc74aad9308835699b7e5a18da,33c1dcf4ea4c8afb398c3db57686f19a59239f440846cca31b92bee224e3c662,,
cavity_flow,dace_gpu,auto_opt,initialization,observed,34.42104831384495,cavity_flow,historical_main,,,,1,1,False,False,210af7f0234bb993fa8cb9e063c162a3f185d3fc74aad9308835699b7e5a18da,33c1dcf4ea4c8afb398c3db57686f19a59239f440846cca31b92bee224e3c662,,
cavity_flow,cupy,default,initialization,observed,4.077347380109131,cavity_flow,historical_main,,,,1,1,False,False,210af7f0234bb993fa8cb9e063c162a3f185d3fc74aad9308835699b7e5a18da,33c1dcf4ea4c8afb398c3db57686f19a59239f440846cca31b92bee224e3c662,,
channel_flow,numpy,default,initialization,observed,5.99419139418751,channel_flow,historical_main,,,,1,1,False,False,a5826f86fe64a72734a89619a6e971effc8ed8ebe00f99337006d700704bed0f,131f13ee629eff4bbfc04696d2acdcf8be8c111de0037039e4ac5c934e15a280,,
channel_flow,numba,nopython-mode,initialization,observed,19.47094691777602,channel_flow,historical_main,,,,1,1,False,False,a5826f86fe64a72734a89619a6e971effc8ed8ebe00f99337006d700704bed0f,131f13ee629eff4bbfc04696d2acdcf8be8c111de0037039e4ac5c934e15a280,,
channel_flow,numba,nopython-mode-parallel,initialization,observed,53.71464171027765,channel_flow,historical_main,,,,1,1,False,False,a5826f86fe64a72734a89619a6e971effc8ed8ebe00f99337006d700704bed0f,131f13ee629eff4bbfc04696d2acdcf8be8c111de0037039e4ac5c934e15a280,,
channel_flow,numba,nopython-mode-parallel-range,initialization,N/A,,,,,,,,,False,,,,,
channel_flow,numba,object-mode,initialization,N/A,,,,,,,,,False,,,,,
channel_flow,numba,object-mode-parallel,initialization,N/A,,,,,,,,,False,,,,,
channel_flow,numba,object-mode-parallel-range,initialization,N/A,,,,,,,,,False,,,,,
channel_flow,dace_cpu,fusion,initialization,observed,132.92077636811882,channel_flow,historical_main,,,,1,1,False,False,a5826f86fe64a72734a89619a6e971effc8ed8ebe00f99337006d700704bed0f,131f13ee629eff4bbfc04696d2acdcf8be8c111de0037039e4ac5c934e15a280,,
channel_flow,dace_cpu,parallel,initialization,observed,126.79350018221885,channel_flow,historical_main,,,,1,1,False,False,a5826f86fe64a72734a89619a6e971effc8ed8ebe00f99337006d700704bed0f,131f13ee629eff4bbfc04696d2acdcf8be8c111de0037039e4ac5c934e15a280,,
channel_flow,dace_cpu,auto_opt,initialization,observed,100.3632717630826,channel_flow,historical_main,,,,1,1,False,False,a5826f86fe64a72734a89619a6e971effc8ed8ebe00f99337006d700704bed0f,131f13ee629eff4bbfc04696d2acdcf8be8c111de0037039e4ac5c934e15a280,,
channel_flow,dace_gpu,fusion,initialization,observed,44.14638776099309,channel_flow,historical_main,,,,1,1,False,False,a5826f86fe64a72734a89619a6e971effc8ed8ebe00f99337006d700704bed0f,131f13ee629eff4bbfc04696d2acdcf8be8c111de0037039e4ac5c934e15a280,,
channel_flow,dace_gpu,parallel,initialization,observed,46.02949420362711,channel_flow,historical_main,,,,1,1,False,False,a5826f86fe64a72734a89619a6e971effc8ed8ebe00f99337006d700704bed0f,131f13ee629eff4bbfc04696d2acdcf8be8c111de0037039e4ac5c934e15a280,,
channel_flow,dace_gpu,auto_opt,initialization,observed,51.42089199088514,channel_flow,historical_main,,,,1,1,False,False,a5826f86fe64a72734a89619a6e971effc8ed8ebe00f99337006d700704bed0f,131f13ee629eff4bbfc04696d2acdcf8be8c111de0037039e4ac5c934e15a280,,
channel_flow,cupy,default,initialization,observed,18.45487123169005,channel_flow,historical_main,,,,1,1,False,False,a5826f86fe64a72734a89619a6e971effc8ed8ebe00f99337006d700704bed0f,131f13ee629eff4bbfc04696d2acdcf8be8c111de0037039e4ac5c934e15a280,,
cholesky,numpy,default,initialization,observed,1.0605820999480784,cholesky,historical_main,,,,1,1,False,False,56dfb1eba239c26e0b2a9d37a7e4204bca4b6420c1c6db5a29f0fa62a44c6bf8,4fbe26b28e30a4b50af30a63a5f1d483d8c2556910e84aba0ab6422938ce8d60,,
cholesky,numba,nopython-mode,initialization,observed,0.8830124549567699,cholesky,historical_main,,,,1,1,False,False,56dfb1eba239c26e0b2a9d37a7e4204bca4b6420c1c6db5a29f0fa62a44c6bf8,4fbe26b28e30a4b50af30a63a5f1d483d8c2556910e84aba0ab6422938ce8d60,,
cholesky,numba,nopython-mode-parallel,initialization,observed,27.392068014945835,cholesky,historical_main,,,,1,1,False,False,56dfb1eba239c26e0b2a9d37a7e4204bca4b6420c1c6db5a29f0fa62a44c6bf8,4fbe26b28e30a4b50af30a63a5f1d483d8c2556910e84aba0ab6422938ce8d60,,
cholesky,numba,nopython-mode-parallel-range,initialization,N/A,,,,,,,,,False,,,,,
cholesky,numba,object-mode,initialization,N/A,,,,,,,,,False,,,,,
cholesky,numba,object-mode-parallel,initialization,N/A,,,,,,,,,False,,,,,
cholesky,numba,object-mode-parallel-range,initialization,N/A,,,,,,,,,False,,,,,
cholesky,dace_cpu,fusion,initialization,observed,7.9123483300209045,cholesky,historical_main,,,,1,1,False,False,56dfb1eba239c26e0b2a9d37a7e4204bca4b6420c1c6db5a29f0fa62a44c6bf8,4fbe26b28e30a4b50af30a63a5f1d483d8c2556910e84aba0ab6422938ce8d60,,
cholesky,dace_cpu,parallel,initialization,observed,8.3633100730367,cholesky,historical_main,,,,1,1,False,False,56dfb1eba239c26e0b2a9d37a7e4204bca4b6420c1c6db5a29f0fa62a44c6bf8,4fbe26b28e30a4b50af30a63a5f1d483d8c2556910e84aba0ab6422938ce8d60,,
cholesky,dace_cpu,auto_opt,initialization,observed,8.609443576075137,cholesky,historical_main,,,,1,1,False,False,56dfb1eba239c26e0b2a9d37a7e4204bca4b6420c1c6db5a29f0fa62a44c6bf8,4fbe26b28e30a4b50af30a63a5f1d483d8c2556910e84aba0ab6422938ce8d60,,
cholesky,dace_gpu,fusion,initialization,observed,35.547578083816916,cholesky,historical_main,,,,1,1,False,False,56dfb1eba239c26e0b2a9d37a7e4204bca4b6420c1c6db5a29f0fa62a44c6bf8,4fbe26b28e30a4b50af30a63a5f1d483d8c2556910e84aba0ab6422938ce8d60,,
cholesky,dace_gpu,parallel,initialization,observed,36.35151871712878,cholesky,historical_main,,,,1,1,False,False,56dfb1eba239c26e0b2a9d37a7e4204bca4b6420c1c6db5a29f0fa62a44c6bf8,4fbe26b28e30a4b50af30a63a5f1d483d8c2556910e84aba0ab6422938ce8d60,,
cholesky,dace_gpu,auto_opt,initialization,observed,31.984843814279884,cholesky,historical_main,,,,1,1,False,False,56dfb1eba239c26e0b2a9d37a7e4204bca4b6420c1c6db5a29f0fa62a44c6bf8,4fbe26b28e30a4b50af30a63a5f1d483d8c2556910e84aba0ab6422938ce8d60,,
cholesky,cupy,default,initialization,observed,37.63448516605422,cholesky,historical_main,,,,1,1,False,False,56dfb1eba239c26e0b2a9d37a7e4204bca4b6420c1c6db5a29f0fa62a44c6bf8,4fbe26b28e30a4b50af30a63a5f1d483d8c2556910e84aba0ab6422938ce8d60,,
cholesky2,numpy,default,initialization,observed,1.3711764090694487,cholesky2,historical_main,,,,1,1,False,False,d99d5b0becbfb22bf45157e320f447a583444c901fafb55b0e5b1a90147a5923,b9394a55df0718e0c2862384f101bc746b522dc7acfbed649b0716c8d79c2363,,
cholesky2,numba,nopython-mode,initialization,observed,9.993163611274213,cholesky2,historical_main,,,,1,1,False,False,d99d5b0becbfb22bf45157e320f447a583444c901fafb55b0e5b1a90147a5923,b9394a55df0718e0c2862384f101bc746b522dc7acfbed649b0716c8d79c2363,,
cholesky2,numba,nopython-mode-parallel,initialization,observed,8.03618407389149,cholesky2,historical_main,,,,1,1,False,False,d99d5b0becbfb22bf45157e320f447a583444c901fafb55b0e5b1a90147a5923,b9394a55df0718e0c2862384f101bc746b522dc7acfbed649b0716c8d79c2363,,
cholesky2,numba,nopython-mode-parallel-range,initialization,N/A,,,,,,,,,False,,,,,
cholesky2,numba,object-mode,initialization,N/A,,,,,,,,,False,,,,,
cholesky2,numba,object-mode-parallel,initialization,N/A,,,,,,,,,False,,,,,
cholesky2,numba,object-mode-parallel-range,initialization,N/A,,,,,,,,,False,,,,,
cholesky2,dace_cpu,fusion,initialization,observed,10.224742176942527,cholesky2,historical_main,,,,1,1,False,False,d99d5b0becbfb22bf45157e320f447a583444c901fafb55b0e5b1a90147a5923,b9394a55df0718e0c2862384f101bc746b522dc7acfbed649b0716c8d79c2363,,
cholesky2,dace_cpu,parallel,initialization,observed,9.698891278821975,cholesky2,historical_main,,,,1,1,False,False,d99d5b0becbfb22bf45157e320f447a583444c901fafb55b0e5b1a90147a5923,b9394a55df0718e0c2862384f101bc746b522dc7acfbed649b0716c8d79c2363,,
cholesky2,dace_cpu,auto_opt,initialization,observed,9.714175839908421,cholesky2,historical_main,,,,1,1,False,False,d99d5b0becbfb22bf45157e320f447a583444c901fafb55b0e5b1a90147a5923,b9394a55df0718e0c2862384f101bc746b522dc7acfbed649b0716c8d79c2363,,
cholesky2,dace_gpu,fusion,initialization,observed,25.9224493089132,cholesky2,historical_main,,,,1,1,False,False,d99d5b0becbfb22bf45157e320f447a583444c901fafb55b0e5b1a90147a5923,b9394a55df0718e0c2862384f101bc746b522dc7acfbed649b0716c8d79c2363,,
cholesky2,dace_gpu,parallel,initialization,observed,24.49498424399644,cholesky2,historical_main,,,,1,1,False,False,d99d5b0becbfb22bf45157e320f447a583444c901fafb55b0e5b1a90147a5923,b9394a55df0718e0c2862384f101bc746b522dc7acfbed649b0716c8d79c2363,,
cholesky2,dace_gpu,auto_opt,initialization,observed,26.144051112700254,cholesky2,historical_main,,,,1,1,False,False,d99d5b0becbfb22bf45157e320f447a583444c901fafb55b0e5b1a90147a5923,b9394a55df0718e0c2862384f101bc746b522dc7acfbed649b0716c8d79c2363,,
cholesky2,cupy,default,initialization,observed,1.928509792778641,cholesky2,historical_main,,,,1,1,False,False,d99d5b0becbfb22bf45157e320f447a583444c901fafb55b0e5b1a90147a5923,b9394a55df0718e0c2862384f101bc746b522dc7acfbed649b0716c8d79c2363,,
compute,numpy,default,initialization,observed,0.9323477079160511,compute,historical_main,,,,1,1,False,False,edf335f51b0a6a5a63d4d1e8c77cdda9a31939cdf30081571adf738ae28f7732,c95ef8e4674e9795c2c4376c3b88240655d27d77a534d2db1cf991c275146691,,
compute,numba,nopython-mode,initialization,observed,3.0755125461146235,compute,historical_main,,,,1,1,False,False,edf335f51b0a6a5a63d4d1e8c77cdda9a31939cdf30081571adf738ae28f7732,c95ef8e4674e9795c2c4376c3b88240655d27d77a534d2db1cf991c275146691,,
compute,numba,nopython-mode-parallel,initialization,observed,1.2519607902504504,compute,historical_main,,,,1,1,False,False,edf335f51b0a6a5a63d4d1e8c77cdda9a31939cdf30081571adf738ae28f7732,c95ef8e4674e9795c2c4376c3b88240655d27d77a534d2db1cf991c275146691,,
compute,numba,nopython-mode-parallel-range,initialization,N/A,,,,,,,,,False,,,,,
compute,numba,object-mode,initialization,observed,6.708856028970331,compute,historical_main,,,,1,1,False,False,edf335f51b0a6a5a63d4d1e8c77cdda9a31939cdf30081571adf738ae28f7732,c95ef8e4674e9795c2c4376c3b88240655d27d77a534d2db1cf991c275146691,,
compute,numba,object-mode-parallel,initialization,observed,7.773639142978936,compute,historical_main,,,,1,1,False,False,edf335f51b0a6a5a63d4d1e8c77cdda9a31939cdf30081571adf738ae28f7732,c95ef8e4674e9795c2c4376c3b88240655d27d77a534d2db1cf991c275146691,,
compute,numba,object-mode-parallel-range,initialization,N/A,,,,,,,,,False,,,,,
compute,dace_cpu,fusion,initialization,observed,6.489122825209051,compute,historical_main,,,,1,1,False,False,edf335f51b0a6a5a63d4d1e8c77cdda9a31939cdf30081571adf738ae28f7732,c95ef8e4674e9795c2c4376c3b88240655d27d77a534d2db1cf991c275146691,,
compute,dace_cpu,parallel,initialization,observed,6.442659340798855,compute,historical_main,,,,1,1,False,False,edf335f51b0a6a5a63d4d1e8c77cdda9a31939cdf30081571adf738ae28f7732,c95ef8e4674e9795c2c4376c3b88240655d27d77a534d2db1cf991c275146691,,
compute,dace_cpu,auto_opt,initialization,observed,7.039985387120396,compute,historical_main,,,,1,1,False,False,edf335f51b0a6a5a63d4d1e8c77cdda9a31939cdf30081571adf738ae28f7732,c95ef8e4674e9795c2c4376c3b88240655d27d77a534d2db1cf991c275146691,,
compute,dace_gpu,fusion,initialization,observed,26.187216436024755,compute,historical_main,,,,1,1,False,False,edf335f51b0a6a5a63d4d1e8c77cdda9a31939cdf30081571adf738ae28f7732,c95ef8e4674e9795c2c4376c3b88240655d27d77a534d2db1cf991c275146691,,
compute,dace_gpu,parallel,initialization,observed,27.641239306889474,compute,historical_main,,,,1,1,False,False,edf335f51b0a6a5a63d4d1e8c77cdda9a31939cdf30081571adf738ae28f7732,c95ef8e4674e9795c2c4376c3b88240655d27d77a534d2db1cf991c275146691,,
compute,dace_gpu,auto_opt,initialization,observed,27.88517654221505,compute,historical_main,,,,1,1,False,False,edf335f51b0a6a5a63d4d1e8c77cdda9a31939cdf30081571adf738ae28f7732,c95ef8e4674e9795c2c4376c3b88240655d27d77a534d2db1cf991c275146691,,
compute,cupy,default,initialization,observed,5.895034016110003,compute,historical_main,,,,1,1,False,False,edf335f51b0a6a5a63d4d1e8c77cdda9a31939cdf30081571adf738ae28f7732,c95ef8e4674e9795c2c4376c3b88240655d27d77a534d2db1cf991c275146691,,
contour_integral,numpy,default,initialization,observed,2.2635715110227466,contour_integral,historical_main,,,,1,1,False,False,b7bd5d51e17faaa7d7b471e2377876f282bd7deed775cb160db56f12df313057,96e60b8e822b16860d5bd015f984ac2828ce239aab0d0628d36a60c7c4be7697,,
contour_integral,numba,nopython-mode,initialization,observed,8.163138031959534,contour_integral,historical_main,,,,1,1,False,False,b7bd5d51e17faaa7d7b471e2377876f282bd7deed775cb160db56f12df313057,96e60b8e822b16860d5bd015f984ac2828ce239aab0d0628d36a60c7c4be7697,,
contour_integral,numba,nopython-mode-parallel,initialization,observed,12.412202365230769,contour_integral,historical_main,,,,1,1,False,False,b7bd5d51e17faaa7d7b471e2377876f282bd7deed775cb160db56f12df313057,96e60b8e822b16860d5bd015f984ac2828ce239aab0d0628d36a60c7c4be7697,,
contour_integral,numba,nopython-mode-parallel-range,initialization,observed,17.237144980113953,contour_integral,historical_main,,,,1,1,False,False,b7bd5d51e17faaa7d7b471e2377876f282bd7deed775cb160db56f12df313057,96e60b8e822b16860d5bd015f984ac2828ce239aab0d0628d36a60c7c4be7697,,
contour_integral,numba,object-mode,initialization,N/A,,,,,,,,,False,,,,,
contour_integral,numba,object-mode-parallel,initialization,N/A,,,,,,,,,False,,,,,
contour_integral,numba,object-mode-parallel-range,initialization,N/A,,,,,,,,,False,,,,,
contour_integral,dace_cpu,fusion,initialization,observed,14.761631520930678,contour_integral,historical_main,,,,1,1,False,False,b7bd5d51e17faaa7d7b471e2377876f282bd7deed775cb160db56f12df313057,96e60b8e822b16860d5bd015f984ac2828ce239aab0d0628d36a60c7c4be7697,,
contour_integral,dace_cpu,parallel,initialization,observed,15.144992767367512,contour_integral,historical_main,,,,1,1,False,False,b7bd5d51e17faaa7d7b471e2377876f282bd7deed775cb160db56f12df313057,96e60b8e822b16860d5bd015f984ac2828ce239aab0d0628d36a60c7c4be7697,,
contour_integral,dace_cpu,auto_opt,initialization,observed,15.273606209084392,contour_integral,historical_main,,,,1,1,False,False,b7bd5d51e17faaa7d7b471e2377876f282bd7deed775cb160db56f12df313057,96e60b8e822b16860d5bd015f984ac2828ce239aab0d0628d36a60c7c4be7697,,
contour_integral,dace_gpu,fusion,initialization,validation,,contour_integral,historical_main,,,,0,0,False,False,b7bd5d51e17faaa7d7b471e2377876f282bd7deed775cb160db56f12df313057,96e60b8e822b16860d5bd015f984ac2828ce239aab0d0628d36a60c7c4be7697,,
contour_integral,dace_gpu,parallel,initialization,validation,,contour_integral,historical_main,,,,0,0,False,False,b7bd5d51e17faaa7d7b471e2377876f282bd7deed775cb160db56f12df313057,96e60b8e822b16860d5bd015f984ac2828ce239aab0d0628d36a60c7c4be7697,,
contour_integral,dace_gpu,auto_opt,initialization,validation,,contour_integral,historical_main,,,,0,0,False,False,b7bd5d51e17faaa7d7b471e2377876f282bd7deed775cb160db56f12df313057,96e60b8e822b16860d5bd015f984ac2828ce239aab0d0628d36a60c7c4be7697,,
contour_integral,cupy,default,initialization,observed,2.150626828894019,contour_integral,historical_main,,,,1,1,False,False,b7bd5d51e17faaa7d7b471e2377876f282bd7deed775cb160db56f12df313057,96e60b8e822b16860d5bd015f984ac2828ce239aab0d0628d36a60c7c4be7697,,
conv2d_bias,numpy,default,initialization,observed,1.616322009358555,conv2d_bias,historical_main,,,,1,1,False,False,c47a0f873d63acc5fa1d36e1061d8e90bf59c5186703fc221aaf46384c6dbae8,3652f4ad2c784bef2f715b7aa13d7e3a9d461dbdbed77498119dc3c0f00cc660,,
conv2d_bias,numba,nopython-mode,initialization,observed,31.725043590180576,conv2d_bias,historical_main,,,,1,1,False,False,c47a0f873d63acc5fa1d36e1061d8e90bf59c5186703fc221aaf46384c6dbae8,3652f4ad2c784bef2f715b7aa13d7e3a9d461dbdbed77498119dc3c0f00cc660,,
conv2d_bias,numba,nopython-mode-parallel,initialization,observed,33.64510569628328,conv2d_bias,historical_main,,,,1,1,False,False,c47a0f873d63acc5fa1d36e1061d8e90bf59c5186703fc221aaf46384c6dbae8,3652f4ad2c784bef2f715b7aa13d7e3a9d461dbdbed77498119dc3c0f00cc660,,
conv2d_bias,numba,nopython-mode-parallel-range,initialization,observed,47.05568096367642,conv2d_bias,historical_main,,,,1,1,False,False,c47a0f873d63acc5fa1d36e1061d8e90bf59c5186703fc221aaf46384c6dbae8,3652f4ad2c784bef2f715b7aa13d7e3a9d461dbdbed77498119dc3c0f00cc660,,
conv2d_bias,numba,object-mode,initialization,error,,conv2d_bias,historical_main,,,,0,0,False,False,c47a0f873d63acc5fa1d36e1061d8e90bf59c5186703fc221aaf46384c6dbae8,3652f4ad2c784bef2f715b7aa13d7e3a9d461dbdbed77498119dc3c0f00cc660,,
conv2d_bias,numba,object-mode-parallel,initialization,error,,conv2d_bias,historical_main,,,,0,0,False,False,c47a0f873d63acc5fa1d36e1061d8e90bf59c5186703fc221aaf46384c6dbae8,3652f4ad2c784bef2f715b7aa13d7e3a9d461dbdbed77498119dc3c0f00cc660,,
conv2d_bias,numba,object-mode-parallel-range,initialization,observed,3.2542546880431473,conv2d_bias,historical_main,,,,1,1,False,False,c47a0f873d63acc5fa1d36e1061d8e90bf59c5186703fc221aaf46384c6dbae8,3652f4ad2c784bef2f715b7aa13d7e3a9d461dbdbed77498119dc3c0f00cc660,,
conv2d_bias,dace_cpu,fusion,initialization,observed,10.763654218055308,conv2d_bias,historical_main,,,,1,1,False,False,c47a0f873d63acc5fa1d36e1061d8e90bf59c5186703fc221aaf46384c6dbae8,3652f4ad2c784bef2f715b7aa13d7e3a9d461dbdbed77498119dc3c0f00cc660,,
conv2d_bias,dace_cpu,parallel,initialization,observed,11.61171009298414,conv2d_bias,historical_main,,,,1,1,False,False,c47a0f873d63acc5fa1d36e1061d8e90bf59c5186703fc221aaf46384c6dbae8,3652f4ad2c784bef2f715b7aa13d7e3a9d461dbdbed77498119dc3c0f00cc660,,
conv2d_bias,dace_cpu,auto_opt,initialization,observed,11.540937293786556,conv2d_bias,historical_main,,,,1,1,False,False,c47a0f873d63acc5fa1d36e1061d8e90bf59c5186703fc221aaf46384c6dbae8,3652f4ad2c784bef2f715b7aa13d7e3a9d461dbdbed77498119dc3c0f00cc660,,
conv2d_bias,dace_gpu,fusion,initialization,validation,,conv2d_bias,historical_main,,,,0,0,False,False,c47a0f873d63acc5fa1d36e1061d8e90bf59c5186703fc221aaf46384c6dbae8,3652f4ad2c784bef2f715b7aa13d7e3a9d461dbdbed77498119dc3c0f00cc660,,
conv2d_bias,dace_gpu,parallel,initialization,validation,,conv2d_bias,historical_main,,,,0,0,False,False,c47a0f873d63acc5fa1d36e1061d8e90bf59c5186703fc221aaf46384c6dbae8,3652f4ad2c784bef2f715b7aa13d7e3a9d461dbdbed77498119dc3c0f00cc660,,
conv2d_bias,dace_gpu,auto_opt,initialization,validation,,conv2d_bias,historical_main,,,,0,0,False,False,c47a0f873d63acc5fa1d36e1061d8e90bf59c5186703fc221aaf46384c6dbae8,3652f4ad2c784bef2f715b7aa13d7e3a9d461dbdbed77498119dc3c0f00cc660,,
conv2d_bias,cupy,default,initialization,observed,2.37950681662187,conv2d_bias,historical_main,,,,1,1,False,False,c47a0f873d63acc5fa1d36e1061d8e90bf59c5186703fc221aaf46384c6dbae8,3652f4ad2c784bef2f715b7aa13d7e3a9d461dbdbed77498119dc3c0f00cc660,,
correlation,numpy,default,initialization,observed,1.3548629749566317,correlation,historical_main,,,,1,1,False,False,5bed53d94756b29d6c326b3510b9e7380e2b6d4931a68ec824535ca294b9c166,90af084039550dbfa1b2c0aafc8d4694c42209b191fd5b47f0314658efaf5513,,
correlation,numba,nopython-mode,initialization,observed,154.1558623528108,correlation,historical_main,,,,1,1,False,False,5bed53d94756b29d6c326b3510b9e7380e2b6d4931a68ec824535ca294b9c166,90af084039550dbfa1b2c0aafc8d4694c42209b191fd5b47f0314658efaf5513,,
correlation,numba,nopython-mode-parallel,initialization,error,,correlation,historical_main,,,,0,0,False,False,5bed53d94756b29d6c326b3510b9e7380e2b6d4931a68ec824535ca294b9c166,90af084039550dbfa1b2c0aafc8d4694c42209b191fd5b47f0314658efaf5513,,
correlation,numba,nopython-mode-parallel-range,initialization,error,,correlation,historical_main,,,,0,0,False,False,5bed53d94756b29d6c326b3510b9e7380e2b6d4931a68ec824535ca294b9c166,90af084039550dbfa1b2c0aafc8d4694c42209b191fd5b47f0314658efaf5513,,
correlation,numba,object-mode,initialization,observed,154.2142096296884,correlation,historical_main,,,,1,1,False,False,5bed53d94756b29d6c326b3510b9e7380e2b6d4931a68ec824535ca294b9c166,90af084039550dbfa1b2c0aafc8d4694c42209b191fd5b47f0314658efaf5513,,
correlation,numba,object-mode-parallel,initialization,observed,269.79632226517424,correlation,historical_main,,,,1,1,False,False,5bed53d94756b29d6c326b3510b9e7380e2b6d4931a68ec824535ca294b9c166,90af084039550dbfa1b2c0aafc8d4694c42209b191fd5b47f0314658efaf5513,,
correlation,numba,object-mode-parallel-range,initialization,observed,2.8347903341054916,correlation,historical_main,,,,1,1,False,False,5bed53d94756b29d6c326b3510b9e7380e2b6d4931a68ec824535ca294b9c166,90af084039550dbfa1b2c0aafc8d4694c42209b191fd5b47f0314658efaf5513,,
correlation,dace_cpu,fusion,initialization,observed,10.811444736085832,correlation,historical_main,,,,1,1,False,False,5bed53d94756b29d6c326b3510b9e7380e2b6d4931a68ec824535ca294b9c166,90af084039550dbfa1b2c0aafc8d4694c42209b191fd5b47f0314658efaf5513,,
correlation,dace_cpu,parallel,initialization,observed,10.597626477014273,correlation,historical_main,,,,1,1,False,False,5bed53d94756b29d6c326b3510b9e7380e2b6d4931a68ec824535ca294b9c166,90af084039550dbfa1b2c0aafc8d4694c42209b191fd5b47f0314658efaf5513,,
correlation,dace_cpu,auto_opt,initialization,observed,10.668187091127038,correlation,historical_main,,,,1,1,False,False,5bed53d94756b29d6c326b3510b9e7380e2b6d4931a68ec824535ca294b9c166,90af084039550dbfa1b2c0aafc8d4694c42209b191fd5b47f0314658efaf5513,,
correlation,dace_gpu,fusion,initialization,observed,27.07021830789745,correlation,historical_main,,,,1,1,False,False,5bed53d94756b29d6c326b3510b9e7380e2b6d4931a68ec824535ca294b9c166,90af084039550dbfa1b2c0aafc8d4694c42209b191fd5b47f0314658efaf5513,,
correlation,dace_gpu,parallel,initialization,observed,26.95434442674741,correlation,historical_main,,,,1,1,False,False,5bed53d94756b29d6c326b3510b9e7380e2b6d4931a68ec824535ca294b9c166,90af084039550dbfa1b2c0aafc8d4694c42209b191fd5b47f0314658efaf5513,,
correlation,dace_gpu,auto_opt,initialization,observed,26.93333340389654,correlation,historical_main,,,,1,1,False,False,5bed53d94756b29d6c326b3510b9e7380e2b6d4931a68ec824535ca294b9c166,90af084039550dbfa1b2c0aafc8d4694c42209b191fd5b47f0314658efaf5513,,
correlation,cupy,default,initialization,observed,3.107904550153762,correlation_return,workload-repairs/cold-L,,,,3,3,False,True,4708febb51509c27799764226558ac090461d90855debef2b30a03c03ef57f6e,a80325d29cec49a59ec855ace66ce22deb5c4598a5707696210d3afdf6a571ee,,
covariance,numpy,default,initialization,observed,1.2904733791947365,covariance,historical_main,,,,1,1,False,False,58b3a80d268ca9926b9a85556fa505122524ca4c66cc443c90a1e88c8ffec02f,af17a377caed2a970d699d0afa2fcc0382f2e0ec47bdab98c00e9bb2f70fcc48,,
covariance,numba,nopython-mode,initialization,observed,157.044028126169,covariance,historical_main,,,,1,1,False,False,58b3a80d268ca9926b9a85556fa505122524ca4c66cc443c90a1e88c8ffec02f,af17a377caed2a970d699d0afa2fcc0382f2e0ec47bdab98c00e9bb2f70fcc48,,
covariance,numba,nopython-mode-parallel,initialization,error,,covariance,historical_main,,,,0,0,False,False,58b3a80d268ca9926b9a85556fa505122524ca4c66cc443c90a1e88c8ffec02f,af17a377caed2a970d699d0afa2fcc0382f2e0ec47bdab98c00e9bb2f70fcc48,,
covariance,numba,nopython-mode-parallel-range,initialization,error,,covariance,historical_main,,,,0,0,False,False,58b3a80d268ca9926b9a85556fa505122524ca4c66cc443c90a1e88c8ffec02f,af17a377caed2a970d699d0afa2fcc0382f2e0ec47bdab98c00e9bb2f70fcc48,,
covariance,numba,object-mode,initialization,observed,146.2564051663503,covariance,historical_main,,,,1,1,False,False,58b3a80d268ca9926b9a85556fa505122524ca4c66cc443c90a1e88c8ffec02f,af17a377caed2a970d699d0afa2fcc0382f2e0ec47bdab98c00e9bb2f70fcc48,,
covariance,numba,object-mode-parallel,initialization,observed,287.0829481589608,covariance,historical_main,,,,1,1,False,False,58b3a80d268ca9926b9a85556fa505122524ca4c66cc443c90a1e88c8ffec02f,af17a377caed2a970d699d0afa2fcc0382f2e0ec47bdab98c00e9bb2f70fcc48,,
covariance,numba,object-mode-parallel-range,initialization,observed,2.710553392767906,covariance,historical_main,,,,1,1,False,False,58b3a80d268ca9926b9a85556fa505122524ca4c66cc443c90a1e88c8ffec02f,af17a377caed2a970d699d0afa2fcc0382f2e0ec47bdab98c00e9bb2f70fcc48,,
covariance,dace_cpu,fusion,initialization,observed,75.4776813313365,covariance,historical_main,,,,1,1,False,False,58b3a80d268ca9926b9a85556fa505122524ca4c66cc443c90a1e88c8ffec02f,af17a377caed2a970d699d0afa2fcc0382f2e0ec47bdab98c00e9bb2f70fcc48,,
covariance,dace_cpu,parallel,initialization,observed,75.83774845674634,covariance,historical_main,,,,1,1,False,False,58b3a80d268ca9926b9a85556fa505122524ca4c66cc443c90a1e88c8ffec02f,af17a377caed2a970d699d0afa2fcc0382f2e0ec47bdab98c00e9bb2f70fcc48,,
covariance,dace_cpu,auto_opt,initialization,observed,77.29270648676902,covariance,historical_main,,,,1,1,False,False,58b3a80d268ca9926b9a85556fa505122524ca4c66cc443c90a1e88c8ffec02f,af17a377caed2a970d699d0afa2fcc0382f2e0ec47bdab98c00e9bb2f70fcc48,,
covariance,dace_gpu,fusion,initialization,observed,26.987462419085205,covariance,historical_main,,,,1,1,False,False,58b3a80d268ca9926b9a85556fa505122524ca4c66cc443c90a1e88c8ffec02f,af17a377caed2a970d699d0afa2fcc0382f2e0ec47bdab98c00e9bb2f70fcc48,,
covariance,dace_gpu,parallel,initialization,observed,26.614316229708493,covariance,historical_main,,,,1,1,False,False,58b3a80d268ca9926b9a85556fa505122524ca4c66cc443c90a1e88c8ffec02f,af17a377caed2a970d699d0afa2fcc0382f2e0ec47bdab98c00e9bb2f70fcc48,,
covariance,dace_gpu,auto_opt,initialization,observed,26.717754100915045,covariance,historical_main,,,,1,1,False,False,58b3a80d268ca9926b9a85556fa505122524ca4c66cc443c90a1e88c8ffec02f,af17a377caed2a970d699d0afa2fcc0382f2e0ec47bdab98c00e9bb2f70fcc48,,
covariance,cupy,default,initialization,observed,2.374072381760925,covariance,historical_main,,,,1,1,False,False,58b3a80d268ca9926b9a85556fa505122524ca4c66cc443c90a1e88c8ffec02f,af17a377caed2a970d699d0afa2fcc0382f2e0ec47bdab98c00e9bb2f70fcc48,,
covariance2,numpy,default,initialization,observed,0.1929613151587546,covariance2,historical_main,,,,1,1,False,False,b81db17e032d058c24615c34bdcb3c48ed5a23e6cf458082da80be982f4559fa,e1424bc66fff5f5bb8acd9b4f317faa2af4ea1da59094eb63d32d82413d01c9b,,
covariance2,numba,nopython-mode,initialization,observed,4.487876869738102,covariance2,historical_main,,,,1,1,False,False,b81db17e032d058c24615c34bdcb3c48ed5a23e6cf458082da80be982f4559fa,e1424bc66fff5f5bb8acd9b4f317faa2af4ea1da59094eb63d32d82413d01c9b,,
covariance2,numba,nopython-mode-parallel,initialization,N/A,,,,,,,,,False,,,,,
covariance2,numba,nopython-mode-parallel-range,initialization,N/A,,,,,,,,,False,,,,,
covariance2,numba,object-mode,initialization,N/A,,,,,,,,,False,,,,,
covariance2,numba,object-mode-parallel,initialization,N/A,,,,,,,,,False,,,,,
covariance2,numba,object-mode-parallel-range,initialization,N/A,,,,,,,,,False,,,,,
covariance2,dace_cpu,fusion,initialization,missing,,covariance2,historical_main,,,,0,0,False,False,b81db17e032d058c24615c34bdcb3c48ed5a23e6cf458082da80be982f4559fa,e1424bc66fff5f5bb8acd9b4f317faa2af4ea1da59094eb63d32d82413d01c9b,,
covariance2,dace_cpu,parallel,initialization,missing,,covariance2,historical_main,,,,0,0,False,False,b81db17e032d058c24615c34bdcb3c48ed5a23e6cf458082da80be982f4559fa,e1424bc66fff5f5bb8acd9b4f317faa2af4ea1da59094eb63d32d82413d01c9b,,
covariance2,dace_cpu,auto_opt,initialization,missing,,covariance2,historical_main,,,,0,0,False,False,b81db17e032d058c24615c34bdcb3c48ed5a23e6cf458082da80be982f4559fa,e1424bc66fff5f5bb8acd9b4f317faa2af4ea1da59094eb63d32d82413d01c9b,,
covariance2,dace_gpu,fusion,initialization,missing,,covariance2,historical_main,,,,0,0,False,False,b81db17e032d058c24615c34bdcb3c48ed5a23e6cf458082da80be982f4559fa,e1424bc66fff5f5bb8acd9b4f317faa2af4ea1da59094eb63d32d82413d01c9b,,
covariance2,dace_gpu,parallel,initialization,missing,,covariance2,historical_main,,,,0,0,False,False,b81db17e032d058c24615c34bdcb3c48ed5a23e6cf458082da80be982f4559fa,e1424bc66fff5f5bb8acd9b4f317faa2af4ea1da59094eb63d32d82413d01c9b,,
covariance2,dace_gpu,auto_opt,initialization,missing,,covariance2,historical_main,,,,0,0,False,False,b81db17e032d058c24615c34bdcb3c48ed5a23e6cf458082da80be982f4559fa,e1424bc66fff5f5bb8acd9b4f317faa2af4ea1da59094eb63d32d82413d01c9b,,
covariance2,cupy,default,initialization,missing,,covariance2,historical_main,,,,0,0,False,False,b81db17e032d058c24615c34bdcb3c48ed5a23e6cf458082da80be982f4559fa,e1424bc66fff5f5bb8acd9b4f317faa2af4ea1da59094eb63d32d82413d01c9b,,
crc16,numpy,default,initialization,observed,0.7487953980453312,crc16,historical_main,,,,1,1,False,False,a7203e25a233dc7df7310c8693f87c1b6b61fb79f1dbf0005a64f986bb9b4471,f5e374255acb40d3b61ef049439a216956523578089519cdbac1c787454c279b,,
crc16,numba,nopython-mode,initialization,observed,0.6362396730110049,crc16,historical_main,,,,1,1,False,False,a7203e25a233dc7df7310c8693f87c1b6b61fb79f1dbf0005a64f986bb9b4471,f5e374255acb40d3b61ef049439a216956523578089519cdbac1c787454c279b,,
crc16,numba,nopython-mode-parallel,initialization,observed,0.5408185129053891,crc16,historical_main,,,,1,1,False,False,a7203e25a233dc7df7310c8693f87c1b6b61fb79f1dbf0005a64f986bb9b4471,f5e374255acb40d3b61ef049439a216956523578089519cdbac1c787454c279b,,
crc16,numba,nopython-mode-parallel-range,initialization,N/A,,,,,,,,,False,,,,,
crc16,numba,object-mode,initialization,N/A,,,,,,,,,False,,,,,
crc16,numba,object-mode-parallel,initialization,N/A,,,,,,,,,False,,,,,
crc16,numba,object-mode-parallel-range,initialization,N/A,,,,,,,,,False,,,,,
crc16,dace_cpu,fusion,initialization,observed,6.165899017825723,crc16,historical_main,,,,1,1,False,False,a7203e25a233dc7df7310c8693f87c1b6b61fb79f1dbf0005a64f986bb9b4471,f5e374255acb40d3b61ef049439a216956523578089519cdbac1c787454c279b,,
crc16,dace_cpu,parallel,initialization,observed,6.765040454920381,crc16,historical_main,,,,1,1,False,False,a7203e25a233dc7df7310c8693f87c1b6b61fb79f1dbf0005a64f986bb9b4471,f5e374255acb40d3b61ef049439a216956523578089519cdbac1c787454c279b,,
crc16,dace_cpu,auto_opt,initialization,observed,7.355117025785148,crc16,historical_main,,,,1,1,False,False,a7203e25a233dc7df7310c8693f87c1b6b61fb79f1dbf0005a64f986bb9b4471,f5e374255acb40d3b61ef049439a216956523578089519cdbac1c787454c279b,,
crc16,dace_gpu,fusion,initialization,observed,28.98808261891827,crc16,historical_main,,,,1,1,False,False,a7203e25a233dc7df7310c8693f87c1b6b61fb79f1dbf0005a64f986bb9b4471,f5e374255acb40d3b61ef049439a216956523578089519cdbac1c787454c279b,,
crc16,dace_gpu,parallel,initialization,observed,30.63403259124607,crc16,historical_main,,,,1,1,False,False,a7203e25a233dc7df7310c8693f87c1b6b61fb79f1dbf0005a64f986bb9b4471,f5e374255acb40d3b61ef049439a216956523578089519cdbac1c787454c279b,,
crc16,dace_gpu,auto_opt,initialization,observed,28.87912840396166,crc16,historical_main,,,,1,1,False,False,a7203e25a233dc7df7310c8693f87c1b6b61fb79f1dbf0005a64f986bb9b4471,f5e374255acb40d3b61ef049439a216956523578089519cdbac1c787454c279b,,
crc16,cupy,default,initialization,observed,103.98502915818244,crc16,historical_main,,,,1,1,False,False,a7203e25a233dc7df7310c8693f87c1b6b61fb79f1dbf0005a64f986bb9b4471,f5e374255acb40d3b61ef049439a216956523578089519cdbac1c787454c279b,,
deriche,numpy,default,initialization,observed,0.7217139629647136,deriche,historical_main,,,,1,1,False,False,ef9e5773989e084d7d1b667806f77c2b4ac4ac430dad3a2726f189d79dc3abc8,86bedd90fc265ce6365b560b64f12b89d3c2d5bf501294f5352e2a58074f9840,,
deriche,numba,nopython-mode,initialization,observed,7.380466990172863,deriche,historical_main,,,,1,1,False,False,ef9e5773989e084d7d1b667806f77c2b4ac4ac430dad3a2726f189d79dc3abc8,86bedd90fc265ce6365b560b64f12b89d3c2d5bf501294f5352e2a58074f9840,,
deriche,numba,nopython-mode-parallel,initialization,observed,8.507665740791708,deriche,historical_main,,,,1,1,False,False,ef9e5773989e084d7d1b667806f77c2b4ac4ac430dad3a2726f189d79dc3abc8,86bedd90fc265ce6365b560b64f12b89d3c2d5bf501294f5352e2a58074f9840,,
deriche,numba,nopython-mode-parallel-range,initialization,N/A,,,,,,,,,False,,,,,
deriche,numba,object-mode,initialization,N/A,,,,,,,,,False,,,,,
deriche,numba,object-mode-parallel,initialization,N/A,,,,,,,,,False,,,,,
deriche,numba,object-mode-parallel-range,initialization,N/A,,,,,,,,,False,,,,,
deriche,dace_cpu,fusion,initialization,observed,13.876569213811308,deriche,historical_main,,,,1,1,False,False,ef9e5773989e084d7d1b667806f77c2b4ac4ac430dad3a2726f189d79dc3abc8,86bedd90fc265ce6365b560b64f12b89d3c2d5bf501294f5352e2a58074f9840,,
deriche,dace_cpu,parallel,initialization,observed,16.45218941476196,deriche,historical_main,,,,1,1,False,False,ef9e5773989e084d7d1b667806f77c2b4ac4ac430dad3a2726f189d79dc3abc8,86bedd90fc265ce6365b560b64f12b89d3c2d5bf501294f5352e2a58074f9840,,
deriche,dace_cpu,auto_opt,initialization,observed,25.22158470796421,deriche,historical_main,,,,1,1,False,False,ef9e5773989e084d7d1b667806f77c2b4ac4ac430dad3a2726f189d79dc3abc8,86bedd90fc265ce6365b560b64f12b89d3c2d5bf501294f5352e2a58074f9840,,
deriche,dace_gpu,fusion,initialization,observed,29.751087272074074,deriche,historical_main,,,,1,1,False,False,ef9e5773989e084d7d1b667806f77c2b4ac4ac430dad3a2726f189d79dc3abc8,86bedd90fc265ce6365b560b64f12b89d3c2d5bf501294f5352e2a58074f9840,,
deriche,dace_gpu,parallel,initialization,observed,29.05145581299439,deriche,historical_main,,,,1,1,False,False,ef9e5773989e084d7d1b667806f77c2b4ac4ac430dad3a2726f189d79dc3abc8,86bedd90fc265ce6365b560b64f12b89d3c2d5bf501294f5352e2a58074f9840,,
deriche,dace_gpu,auto_opt,initialization,observed,32.36977037321776,deriche,historical_main,,,,1,1,False,False,ef9e5773989e084d7d1b667806f77c2b4ac4ac430dad3a2726f189d79dc3abc8,86bedd90fc265ce6365b560b64f12b89d3c2d5bf501294f5352e2a58074f9840,,
deriche,cupy,default,initialization,observed,5.046684381086379,deriche,historical_main,,,,1,1,False,False,ef9e5773989e084d7d1b667806f77c2b4ac4ac430dad3a2726f189d79dc3abc8,86bedd90fc265ce6365b560b64f12b89d3c2d5bf501294f5352e2a58074f9840,,
doitgen,numpy,default,initialization,observed,2.4251418919302523,doitgen,historical_main,,,,1,1,False,False,0a710e9d831ec217703666c373d0b37a2be01b536d40ad9f598bb77b08a6f7ff,e54ec8efb6b8a7fe086a96f3c0074529002b4a5aad97bbd19161c0a49cf1bb9d,,
doitgen,numba,nopython-mode,initialization,observed,3.9598200088366866,doitgen,historical_main,,,,1,1,False,False,0a710e9d831ec217703666c373d0b37a2be01b536d40ad9f598bb77b08a6f7ff,e54ec8efb6b8a7fe086a96f3c0074529002b4a5aad97bbd19161c0a49cf1bb9d,,
doitgen,numba,nopython-mode-parallel,initialization,N/A,,,,,,,,,False,,,,,
doitgen,numba,nopython-mode-parallel-range,initialization,N/A,,,,,,,,,False,,,,,
doitgen,numba,object-mode,initialization,observed,3.4359586592763662,doitgen,historical_main,,,,1,1,False,False,0a710e9d831ec217703666c373d0b37a2be01b536d40ad9f598bb77b08a6f7ff,e54ec8efb6b8a7fe086a96f3c0074529002b4a5aad97bbd19161c0a49cf1bb9d,,
doitgen,numba,object-mode-parallel,initialization,observed,3.3497588629834354,doitgen,historical_main,,,,1,1,False,False,0a710e9d831ec217703666c373d0b37a2be01b536d40ad9f598bb77b08a6f7ff,e54ec8efb6b8a7fe086a96f3c0074529002b4a5aad97bbd19161c0a49cf1bb9d,,
doitgen,numba,object-mode-parallel-range,initialization,N/A,,,,,,,,,False,,,,,
doitgen,dace_cpu,fusion,initialization,observed,9.239840122871101,doitgen,historical_main,,,,1,1,False,False,0a710e9d831ec217703666c373d0b37a2be01b536d40ad9f598bb77b08a6f7ff,e54ec8efb6b8a7fe086a96f3c0074529002b4a5aad97bbd19161c0a49cf1bb9d,,
doitgen,dace_cpu,parallel,initialization,observed,8.135546861216426,doitgen,historical_main,,,,1,1,False,False,0a710e9d831ec217703666c373d0b37a2be01b536d40ad9f598bb77b08a6f7ff,e54ec8efb6b8a7fe086a96f3c0074529002b4a5aad97bbd19161c0a49cf1bb9d,,
doitgen,dace_cpu,auto_opt,initialization,observed,8.391144447028637,doitgen,historical_main,,,,1,1,False,False,0a710e9d831ec217703666c373d0b37a2be01b536d40ad9f598bb77b08a6f7ff,e54ec8efb6b8a7fe086a96f3c0074529002b4a5aad97bbd19161c0a49cf1bb9d,,
doitgen,dace_gpu,fusion,initialization,observed,24.87409816775471,doitgen,historical_main,,,,1,1,False,False,0a710e9d831ec217703666c373d0b37a2be01b536d40ad9f598bb77b08a6f7ff,e54ec8efb6b8a7fe086a96f3c0074529002b4a5aad97bbd19161c0a49cf1bb9d,,
doitgen,dace_gpu,parallel,initialization,observed,25.530400487128645,doitgen,historical_main,,,,1,1,False,False,0a710e9d831ec217703666c373d0b37a2be01b536d40ad9f598bb77b08a6f7ff,e54ec8efb6b8a7fe086a96f3c0074529002b4a5aad97bbd19161c0a49cf1bb9d,,
doitgen,dace_gpu,auto_opt,initialization,observed,25.741328636184335,doitgen,historical_main,,,,1,1,False,False,0a710e9d831ec217703666c373d0b37a2be01b536d40ad9f598bb77b08a6f7ff,e54ec8efb6b8a7fe086a96f3c0074529002b4a5aad97bbd19161c0a49cf1bb9d,,
doitgen,cupy,default,initialization,observed,1.0572994258254766,doitgen,historical_main,,,,1,1,False,False,0a710e9d831ec217703666c373d0b37a2be01b536d40ad9f598bb77b08a6f7ff,e54ec8efb6b8a7fe086a96f3c0074529002b4a5aad97bbd19161c0a49cf1bb9d,,
durbin,numpy,default,initialization,observed,2.146892559248954,durbin,historical_main,,,,1,1,False,False,7437c8bf3a6ba1cbc2df811774313bdf292efa8f737e2b875afbdc1c26ff99aa,ce8fe98cca13e7ff78b2059649cf38d58a3f2af294a834c6e4698392b4e95b14,,
durbin,numba,nopython-mode,initialization,observed,4.959580887109041,durbin,historical_main,,,,1,1,False,False,7437c8bf3a6ba1cbc2df811774313bdf292efa8f737e2b875afbdc1c26ff99aa,ce8fe98cca13e7ff78b2059649cf38d58a3f2af294a834c6e4698392b4e95b14,,
durbin,numba,nopython-mode-parallel,initialization,error,,durbin,historical_main,,,,0,0,False,False,7437c8bf3a6ba1cbc2df811774313bdf292efa8f737e2b875afbdc1c26ff99aa,ce8fe98cca13e7ff78b2059649cf38d58a3f2af294a834c6e4698392b4e95b14,,
durbin,numba,nopython-mode-parallel-range,initialization,N/A,,,,,,,,,False,,,,,
durbin,numba,object-mode,initialization,N/A,,,,,,,,,False,,,,,
durbin,numba,object-mode-parallel,initialization,N/A,,,,,,,,,False,,,,,
durbin,numba,object-mode-parallel-range,initialization,N/A,,,,,,,,,False,,,,,
durbin,dace_cpu,fusion,initialization,timeout,,durbin,historical_main,,,,0,0,False,False,7437c8bf3a6ba1cbc2df811774313bdf292efa8f737e2b875afbdc1c26ff99aa,ce8fe98cca13e7ff78b2059649cf38d58a3f2af294a834c6e4698392b4e95b14,,
durbin,dace_cpu,parallel,initialization,timeout,,durbin,historical_main,,,,0,0,False,False,7437c8bf3a6ba1cbc2df811774313bdf292efa8f737e2b875afbdc1c26ff99aa,ce8fe98cca13e7ff78b2059649cf38d58a3f2af294a834c6e4698392b4e95b14,,
durbin,dace_cpu,auto_opt,initialization,timeout,,durbin,historical_main,,,,0,0,False,False,7437c8bf3a6ba1cbc2df811774313bdf292efa8f737e2b875afbdc1c26ff99aa,ce8fe98cca13e7ff78b2059649cf38d58a3f2af294a834c6e4698392b4e95b14,,
durbin,dace_gpu,fusion,initialization,observed,27.575484881177545,durbin,historical_main,,,,1,1,False,False,7437c8bf3a6ba1cbc2df811774313bdf292efa8f737e2b875afbdc1c26ff99aa,ce8fe98cca13e7ff78b2059649cf38d58a3f2af294a834c6e4698392b4e95b14,,
durbin,dace_gpu,parallel,initialization,observed,26.616175407078117,durbin,historical_main,,,,1,1,False,False,7437c8bf3a6ba1cbc2df811774313bdf292efa8f737e2b875afbdc1c26ff99aa,ce8fe98cca13e7ff78b2059649cf38d58a3f2af294a834c6e4698392b4e95b14,,
durbin,dace_gpu,auto_opt,initialization,observed,28.43076949985698,durbin,historical_main,,,,1,1,False,False,7437c8bf3a6ba1cbc2df811774313bdf292efa8f737e2b875afbdc1c26ff99aa,ce8fe98cca13e7ff78b2059649cf38d58a3f2af294a834c6e4698392b4e95b14,,
durbin,cupy,default,initialization,observed,7.614144416060299,durbin,historical_main,,,,1,1,False,False,7437c8bf3a6ba1cbc2df811774313bdf292efa8f737e2b875afbdc1c26ff99aa,ce8fe98cca13e7ff78b2059649cf38d58a3f2af294a834c6e4698392b4e95b14,,
fdtd_2d,numpy,default,initialization,observed,0.9280092613771558,fdtd_2d,historical_main,,,,1,1,False,False,06e26254e9c8b359ff97a77665932fc3543384ca179dea039154450eff6c94ff,ae503cf8154fbe07791342cfced3146fb8b1e03dbea637ba9add8796956ed94d,,
fdtd_2d,numba,nopython-mode,initialization,observed,5.39118787040934,fdtd_2d,historical_main,,,,1,1,False,False,06e26254e9c8b359ff97a77665932fc3543384ca179dea039154450eff6c94ff,ae503cf8154fbe07791342cfced3146fb8b1e03dbea637ba9add8796956ed94d,,
fdtd_2d,numba,nopython-mode-parallel,initialization,observed,4.865152378100902,fdtd_2d,historical_main,,,,1,1,False,False,06e26254e9c8b359ff97a77665932fc3543384ca179dea039154450eff6c94ff,ae503cf8154fbe07791342cfced3146fb8b1e03dbea637ba9add8796956ed94d,,
fdtd_2d,numba,nopython-mode-parallel-range,initialization,N/A,,,,,,,,,False,,,,,
fdtd_2d,numba,object-mode,initialization,N/A,,,,,,,,,False,,,,,
fdtd_2d,numba,object-mode-parallel,initialization,N/A,,,,,,,,,False,,,,,
fdtd_2d,numba,object-mode-parallel-range,initialization,N/A,,,,,,,,,False,,,,,
fdtd_2d,dace_cpu,fusion,initialization,observed,9.468729082029313,fdtd_2d,historical_main,,,,1,1,False,False,06e26254e9c8b359ff97a77665932fc3543384ca179dea039154450eff6c94ff,ae503cf8154fbe07791342cfced3146fb8b1e03dbea637ba9add8796956ed94d,,
fdtd_2d,dace_cpu,parallel,initialization,observed,8.051801183726639,fdtd_2d,historical_main,,,,1,1,False,False,06e26254e9c8b359ff97a77665932fc3543384ca179dea039154450eff6c94ff,ae503cf8154fbe07791342cfced3146fb8b1e03dbea637ba9add8796956ed94d,,
fdtd_2d,dace_cpu,auto_opt,initialization,observed,8.663285209797323,fdtd_2d,historical_main,,,,1,1,False,False,06e26254e9c8b359ff97a77665932fc3543384ca179dea039154450eff6c94ff,ae503cf8154fbe07791342cfced3146fb8b1e03dbea637ba9add8796956ed94d,,
fdtd_2d,dace_gpu,fusion,initialization,observed,24.331480995286256,fdtd_2d,historical_main,,,,1,1,False,False,06e26254e9c8b359ff97a77665932fc3543384ca179dea039154450eff6c94ff,ae503cf8154fbe07791342cfced3146fb8b1e03dbea637ba9add8796956ed94d,,
fdtd_2d,dace_gpu,parallel,initialization,observed,23.837761318776757,fdtd_2d,historical_main,,,,1,1,False,False,06e26254e9c8b359ff97a77665932fc3543384ca179dea039154450eff6c94ff,ae503cf8154fbe07791342cfced3146fb8b1e03dbea637ba9add8796956ed94d,,
fdtd_2d,dace_gpu,auto_opt,initialization,observed,24.41831828095019,fdtd_2d,historical_main,,,,1,1,False,False,06e26254e9c8b359ff97a77665932fc3543384ca179dea039154450eff6c94ff,ae503cf8154fbe07791342cfced3146fb8b1e03dbea637ba9add8796956ed94d,,
fdtd_2d,cupy,default,initialization,observed,1.2440094677731395,fdtd_2d,historical_main,,,,1,1,False,False,06e26254e9c8b359ff97a77665932fc3543384ca179dea039154450eff6c94ff,ae503cf8154fbe07791342cfced3146fb8b1e03dbea637ba9add8796956ed94d,,
floyd_warshall,numpy,default,initialization,observed,3.189187823794782,floyd_warshall,historical_main,,,,1,1,False,False,a3edbd966d81083b8e17c12c5e476ba6f92ae518095bf60f44db36d16648859a,d80d0f1e5dc1b065b6ae583f4925157116e2c98d49b252f8e02fa8c4ffe273fe,,
floyd_warshall,numba,nopython-mode,initialization,observed,3.3609989802353084,floyd_warshall,historical_main,,,,1,1,False,False,a3edbd966d81083b8e17c12c5e476ba6f92ae518095bf60f44db36d16648859a,d80d0f1e5dc1b065b6ae583f4925157116e2c98d49b252f8e02fa8c4ffe273fe,,
floyd_warshall,numba,nopython-mode-parallel,initialization,observed,42.60169953061268,floyd_warshall,historical_main,,,,1,1,False,False,a3edbd966d81083b8e17c12c5e476ba6f92ae518095bf60f44db36d16648859a,d80d0f1e5dc1b065b6ae583f4925157116e2c98d49b252f8e02fa8c4ffe273fe,,
floyd_warshall,numba,nopython-mode-parallel-range,initialization,observed,1.9268981241621077,floyd_warshall,historical_main,,,,1,1,False,False,a3edbd966d81083b8e17c12c5e476ba6f92ae518095bf60f44db36d16648859a,d80d0f1e5dc1b065b6ae583f4925157116e2c98d49b252f8e02fa8c4ffe273fe,,
floyd_warshall,numba,object-mode,initialization,observed,6.165036448277533,floyd_warshall,historical_main,,,,1,1,False,False,a3edbd966d81083b8e17c12c5e476ba6f92ae518095bf60f44db36d16648859a,d80d0f1e5dc1b065b6ae583f4925157116e2c98d49b252f8e02fa8c4ffe273fe,,
floyd_warshall,numba,object-mode-parallel,initialization,observed,3.9040585700422525,floyd_warshall,historical_main,,,,1,1,False,False,a3edbd966d81083b8e17c12c5e476ba6f92ae518095bf60f44db36d16648859a,d80d0f1e5dc1b065b6ae583f4925157116e2c98d49b252f8e02fa8c4ffe273fe,,
floyd_warshall,numba,object-mode-parallel-range,initialization,N/A,,,,,,,,,False,,,,,
floyd_warshall,dace_cpu,fusion,initialization,observed,9.391505000181496,floyd_warshall,historical_main,,,,1,1,False,False,a3edbd966d81083b8e17c12c5e476ba6f92ae518095bf60f44db36d16648859a,d80d0f1e5dc1b065b6ae583f4925157116e2c98d49b252f8e02fa8c4ffe273fe,,
floyd_warshall,dace_cpu,parallel,initialization,observed,8.150915299076587,floyd_warshall,historical_main,,,,1,1,False,False,a3edbd966d81083b8e17c12c5e476ba6f92ae518095bf60f44db36d16648859a,d80d0f1e5dc1b065b6ae583f4925157116e2c98d49b252f8e02fa8c4ffe273fe,,
floyd_warshall,dace_cpu,auto_opt,initialization,observed,13.2313291891478,floyd_warshall,historical_main,,,,1,1,False,False,a3edbd966d81083b8e17c12c5e476ba6f92ae518095bf60f44db36d16648859a,d80d0f1e5dc1b065b6ae583f4925157116e2c98d49b252f8e02fa8c4ffe273fe,,
floyd_warshall,dace_gpu,fusion,initialization,observed,24.777229404076934,floyd_warshall,historical_main,,,,1,1,False,False,a3edbd966d81083b8e17c12c5e476ba6f92ae518095bf60f44db36d16648859a,d80d0f1e5dc1b065b6ae583f4925157116e2c98d49b252f8e02fa8c4ffe273fe,,
floyd_warshall,dace_gpu,parallel,initialization,observed,23.562041949946433,floyd_warshall,historical_main,,,,1,1,False,False,a3edbd966d81083b8e17c12c5e476ba6f92ae518095bf60f44db36d16648859a,d80d0f1e5dc1b065b6ae583f4925157116e2c98d49b252f8e02fa8c4ffe273fe,,
floyd_warshall,dace_gpu,auto_opt,initialization,observed,24.492629836313426,floyd_warshall,historical_main,,,,1,1,False,False,a3edbd966d81083b8e17c12c5e476ba6f92ae518095bf60f44db36d16648859a,d80d0f1e5dc1b065b6ae583f4925157116e2c98d49b252f8e02fa8c4ffe273fe,,
floyd_warshall,cupy,default,initialization,observed,30.896165271755308,floyd_warshall,historical_main,,,,1,1,False,False,a3edbd966d81083b8e17c12c5e476ba6f92ae518095bf60f44db36d16648859a,d80d0f1e5dc1b065b6ae583f4925157116e2c98d49b252f8e02fa8c4ffe273fe,,
gemm,numpy,default,initialization,observed,1.5086175869219005,gemm,step5_independent_cold,,,,3,3,False,False,0c0d6b6a480e5bce18192950eed6fa367ca1dff111ffe96afd63e44b0357c489,a7cad45e3e7e87c02c7a2df12b4f75774f21a5cca78b504ff8830be9107f34b6,,
gemm,numba,nopython-mode,initialization,observed,6.391301319934428,gemm,step5_independent_cold,,,,3,3,False,False,0c0d6b6a480e5bce18192950eed6fa367ca1dff111ffe96afd63e44b0357c489,a7cad45e3e7e87c02c7a2df12b4f75774f21a5cca78b504ff8830be9107f34b6,,
gemm,numba,nopython-mode-parallel,initialization,observed,5.302855405956507,gemm,historical_main,,,,1,1,False,False,0c0d6b6a480e5bce18192950eed6fa367ca1dff111ffe96afd63e44b0357c489,a7cad45e3e7e87c02c7a2df12b4f75774f21a5cca78b504ff8830be9107f34b6,,
gemm,numba,nopython-mode-parallel-range,initialization,N/A,,,,,,,,,False,,,,,
gemm,numba,object-mode,initialization,N/A,,,,,,,,,False,,,,,
gemm,numba,object-mode-parallel,initialization,N/A,,,,,,,,,False,,,,,
gemm,numba,object-mode-parallel-range,initialization,N/A,,,,,,,,,False,,,,,
gemm,dace_cpu,fusion,initialization,observed,9.77202535001561,gemm,historical_main,,,,1,1,False,False,0c0d6b6a480e5bce18192950eed6fa367ca1dff111ffe96afd63e44b0357c489,a7cad45e3e7e87c02c7a2df12b4f75774f21a5cca78b504ff8830be9107f34b6,,
gemm,dace_cpu,parallel,initialization,observed,9.345642597880214,gemm,historical_main,,,,1,1,False,False,0c0d6b6a480e5bce18192950eed6fa367ca1dff111ffe96afd63e44b0357c489,a7cad45e3e7e87c02c7a2df12b4f75774f21a5cca78b504ff8830be9107f34b6,,
gemm,dace_cpu,auto_opt,initialization,observed,8.862731767818332,gemm,step5_independent_cold,,,,3,3,False,False,0c0d6b6a480e5bce18192950eed6fa367ca1dff111ffe96afd63e44b0357c489,a7cad45e3e7e87c02c7a2df12b4f75774f21a5cca78b504ff8830be9107f34b6,,
gemm,dace_gpu,fusion,initialization,observed,25.930840488988906,gemm,historical_main,,,,1,1,False,False,0c0d6b6a480e5bce18192950eed6fa367ca1dff111ffe96afd63e44b0357c489,a7cad45e3e7e87c02c7a2df12b4f75774f21a5cca78b504ff8830be9107f34b6,,
gemm,dace_gpu,parallel,initialization,observed,25.907588075846434,gemm,historical_main,,,,1,1,False,False,0c0d6b6a480e5bce18192950eed6fa367ca1dff111ffe96afd63e44b0357c489,a7cad45e3e7e87c02c7a2df12b4f75774f21a5cca78b504ff8830be9107f34b6,,
gemm,dace_gpu,auto_opt,initialization,observed,24.66880088299513,gemm,step5_independent_cold,,,,3,3,False,False,0c0d6b6a480e5bce18192950eed6fa367ca1dff111ffe96afd63e44b0357c489,a7cad45e3e7e87c02c7a2df12b4f75774f21a5cca78b504ff8830be9107f34b6,,
gemm,cupy,default,initialization,observed,1.7203475679270923,gemm,step5_independent_cold,,,,3,3,False,False,0c0d6b6a480e5bce18192950eed6fa367ca1dff111ffe96afd63e44b0357c489,a7cad45e3e7e87c02c7a2df12b4f75774f21a5cca78b504ff8830be9107f34b6,,
gemver,numpy,default,initialization,observed,0.4990034499205649,gemver,historical_main,,,,1,1,False,False,85cc572cc7692fb81b6c77506a30c2af771c098b9e57d5abf57198c996aa6ef6,8f83d1ce5ccca10e01496b8b60f5d329e3f1f9e85ecb87f3b836424334239f88,,
gemver,numba,nopython-mode,initialization,observed,5.576162105891854,gemver,historical_main,,,,1,1,False,False,85cc572cc7692fb81b6c77506a30c2af771c098b9e57d5abf57198c996aa6ef6,8f83d1ce5ccca10e01496b8b60f5d329e3f1f9e85ecb87f3b836424334239f88,,
gemver,numba,nopython-mode-parallel,initialization,observed,5.889352237805724,gemver,historical_main,,,,1,1,False,False,85cc572cc7692fb81b6c77506a30c2af771c098b9e57d5abf57198c996aa6ef6,8f83d1ce5ccca10e01496b8b60f5d329e3f1f9e85ecb87f3b836424334239f88,,
gemver,numba,nopython-mode-parallel-range,initialization,N/A,,,,,,,,,False,,,,,
gemver,numba,object-mode,initialization,N/A,,,,,,,,,False,,,,,
gemver,numba,object-mode-parallel,initialization,N/A,,,,,,,,,False,,,,,
gemver,numba,object-mode-parallel-range,initialization,N/A,,,,,,,,,False,,,,,
gemver,dace_cpu,fusion,initialization,observed,8.837276265025139,gemver,historical_main,,,,1,1,False,False,85cc572cc7692fb81b6c77506a30c2af771c098b9e57d5abf57198c996aa6ef6,8f83d1ce5ccca10e01496b8b60f5d329e3f1f9e85ecb87f3b836424334239f88,,
gemver,dace_cpu,parallel,initialization,observed,7.856259983032942,gemver,historical_main,,,,1,1,False,False,85cc572cc7692fb81b6c77506a30c2af771c098b9e57d5abf57198c996aa6ef6,8f83d1ce5ccca10e01496b8b60f5d329e3f1f9e85ecb87f3b836424334239f88,,
gemver,dace_cpu,auto_opt,initialization,observed,8.641155363060534,gemver,historical_main,,,,1,1,False,False,85cc572cc7692fb81b6c77506a30c2af771c098b9e57d5abf57198c996aa6ef6,8f83d1ce5ccca10e01496b8b60f5d329e3f1f9e85ecb87f3b836424334239f88,,
gemver,dace_gpu,fusion,initialization,observed,26.323128167074174,gemver,historical_main,,,,1,1,False,False,85cc572cc7692fb81b6c77506a30c2af771c098b9e57d5abf57198c996aa6ef6,8f83d1ce5ccca10e01496b8b60f5d329e3f1f9e85ecb87f3b836424334239f88,,
gemver,dace_gpu,parallel,initialization,observed,27.553270027972758,gemver,historical_main,,,,1,1,False,False,85cc572cc7692fb81b6c77506a30c2af771c098b9e57d5abf57198c996aa6ef6,8f83d1ce5ccca10e01496b8b60f5d329e3f1f9e85ecb87f3b836424334239f88,,
gemver,dace_gpu,auto_opt,initialization,observed,27.34596169507131,gemver,historical_main,,,,1,1,False,False,85cc572cc7692fb81b6c77506a30c2af771c098b9e57d5abf57198c996aa6ef6,8f83d1ce5ccca10e01496b8b60f5d329e3f1f9e85ecb87f3b836424334239f88,,
gemver,cupy,default,initialization,observed,1.9394895089790225,gemver,historical_main,,,,1,1,False,False,85cc572cc7692fb81b6c77506a30c2af771c098b9e57d5abf57198c996aa6ef6,8f83d1ce5ccca10e01496b8b60f5d329e3f1f9e85ecb87f3b836424334239f88,,
gesummv,numpy,default,initialization,observed,0.5083143329247832,gesummv,historical_main,,,,1,1,False,False,0e62642787bfd7976dde4296be195e5cc2dd07cdd198d1233ad748fdaaf9fc80,603add7d548bef0a20a6309fbf3785c05014a0b3550717c6d424278bd55d2518,,
gesummv,numba,nopython-mode,initialization,observed,3.3640420236624777,gesummv,historical_main,,,,1,1,False,False,0e62642787bfd7976dde4296be195e5cc2dd07cdd198d1233ad748fdaaf9fc80,603add7d548bef0a20a6309fbf3785c05014a0b3550717c6d424278bd55d2518,,
gesummv,numba,nopython-mode-parallel,initialization,observed,3.4151016790419817,gesummv,historical_main,,,,1,1,False,False,0e62642787bfd7976dde4296be195e5cc2dd07cdd198d1233ad748fdaaf9fc80,603add7d548bef0a20a6309fbf3785c05014a0b3550717c6d424278bd55d2518,,
gesummv,numba,nopython-mode-parallel-range,initialization,N/A,,,,,,,,,False,,,,,
gesummv,numba,object-mode,initialization,N/A,,,,,,,,,False,,,,,
gesummv,numba,object-mode-parallel,initialization,N/A,,,,,,,,,False,,,,,
gesummv,numba,object-mode-parallel-range,initialization,N/A,,,,,,,,,False,,,,,
gesummv,dace_cpu,fusion,initialization,observed,8.324008306022733,gesummv,historical_main,,,,1,1,False,False,0e62642787bfd7976dde4296be195e5cc2dd07cdd198d1233ad748fdaaf9fc80,603add7d548bef0a20a6309fbf3785c05014a0b3550717c6d424278bd55d2518,,
gesummv,dace_cpu,parallel,initialization,observed,8.345491072162986,gesummv,historical_main,,,,1,1,False,False,0e62642787bfd7976dde4296be195e5cc2dd07cdd198d1233ad748fdaaf9fc80,603add7d548bef0a20a6309fbf3785c05014a0b3550717c6d424278bd55d2518,,
gesummv,dace_cpu,auto_opt,initialization,observed,7.841965825296938,gesummv,historical_main,,,,1,1,False,False,0e62642787bfd7976dde4296be195e5cc2dd07cdd198d1233ad748fdaaf9fc80,603add7d548bef0a20a6309fbf3785c05014a0b3550717c6d424278bd55d2518,,
gesummv,dace_gpu,fusion,initialization,observed,27.18543485691771,gesummv,historical_main,,,,1,1,False,False,0e62642787bfd7976dde4296be195e5cc2dd07cdd198d1233ad748fdaaf9fc80,603add7d548bef0a20a6309fbf3785c05014a0b3550717c6d424278bd55d2518,,
gesummv,dace_gpu,parallel,initialization,observed,26.138695780653507,gesummv,historical_main,,,,1,1,False,False,0e62642787bfd7976dde4296be195e5cc2dd07cdd198d1233ad748fdaaf9fc80,603add7d548bef0a20a6309fbf3785c05014a0b3550717c6d424278bd55d2518,,
gesummv,dace_gpu,auto_opt,initialization,observed,26.86468879831955,gesummv,historical_main,,,,1,1,False,False,0e62642787bfd7976dde4296be195e5cc2dd07cdd198d1233ad748fdaaf9fc80,603add7d548bef0a20a6309fbf3785c05014a0b3550717c6d424278bd55d2518,,
gesummv,cupy,default,initialization,observed,3.483096824027598,gesummv,historical_main,,,,1,1,False,False,0e62642787bfd7976dde4296be195e5cc2dd07cdd198d1233ad748fdaaf9fc80,603add7d548bef0a20a6309fbf3785c05014a0b3550717c6d424278bd55d2518,,
go_fast,numpy,default,initialization,observed,2.4479173170402646,go_fast,historical_main,,,,1,1,False,False,ae81860b1a6b200efcca939dedfc2ee5e6a861d07af0c13d6e54e4f1ed9dfb3a,27869e2eab641d51a4dcb8b144e082c2564882966a28c404e3c13fdb484f75cf,,
go_fast,numba,nopython-mode,initialization,observed,2.265467449091375,go_fast,historical_main,,,,1,1,False,False,ae81860b1a6b200efcca939dedfc2ee5e6a861d07af0c13d6e54e4f1ed9dfb3a,27869e2eab641d51a4dcb8b144e082c2564882966a28c404e3c13fdb484f75cf,,
go_fast,numba,nopython-mode-parallel,initialization,observed,1.098809420131147,go_fast,historical_main,,,,1,1,False,False,ae81860b1a6b200efcca939dedfc2ee5e6a861d07af0c13d6e54e4f1ed9dfb3a,27869e2eab641d51a4dcb8b144e082c2564882966a28c404e3c13fdb484f75cf,,
go_fast,numba,nopython-mode-parallel-range,initialization,observed,1.6884049661457539,go_fast,historical_main,,,,1,1,False,False,ae81860b1a6b200efcca939dedfc2ee5e6a861d07af0c13d6e54e4f1ed9dfb3a,27869e2eab641d51a4dcb8b144e082c2564882966a28c404e3c13fdb484f75cf,,
go_fast,numba,object-mode,initialization,N/A,,,,,,,,,False,,,,,
go_fast,numba,object-mode-parallel,initialization,N/A,,,,,,,,,False,,,,,
go_fast,numba,object-mode-parallel-range,initialization,N/A,,,,,,,,,False,,,,,
go_fast,dace_cpu,fusion,initialization,observed,6.548822151031345,go_fast,historical_main,,,,1,1,False,False,ae81860b1a6b200efcca939dedfc2ee5e6a861d07af0c13d6e54e4f1ed9dfb3a,27869e2eab641d51a4dcb8b144e082c2564882966a28c404e3c13fdb484f75cf,,
go_fast,dace_cpu,parallel,initialization,observed,6.679475946817547,go_fast,historical_main,,,,1,1,False,False,ae81860b1a6b200efcca939dedfc2ee5e6a861d07af0c13d6e54e4f1ed9dfb3a,27869e2eab641d51a4dcb8b144e082c2564882966a28c404e3c13fdb484f75cf,,
go_fast,dace_cpu,auto_opt,initialization,observed,6.59930736804381,go_fast,historical_main,,,,1,1,False,False,ae81860b1a6b200efcca939dedfc2ee5e6a861d07af0c13d6e54e4f1ed9dfb3a,27869e2eab641d51a4dcb8b144e082c2564882966a28c404e3c13fdb484f75cf,,
go_fast,dace_gpu,fusion,initialization,observed,30.00197203690186,go_fast,historical_main,,,,1,1,False,False,ae81860b1a6b200efcca939dedfc2ee5e6a861d07af0c13d6e54e4f1ed9dfb3a,27869e2eab641d51a4dcb8b144e082c2564882966a28c404e3c13fdb484f75cf,,
go_fast,dace_gpu,parallel,initialization,observed,29.766241437755525,go_fast,historical_main,,,,1,1,False,False,ae81860b1a6b200efcca939dedfc2ee5e6a861d07af0c13d6e54e4f1ed9dfb3a,27869e2eab641d51a4dcb8b144e082c2564882966a28c404e3c13fdb484f75cf,,
go_fast,dace_gpu,auto_opt,initialization,observed,30.058872350025922,go_fast,historical_main,,,,1,1,False,False,ae81860b1a6b200efcca939dedfc2ee5e6a861d07af0c13d6e54e4f1ed9dfb3a,27869e2eab641d51a4dcb8b144e082c2564882966a28c404e3c13fdb484f75cf,,
go_fast,cupy,default,initialization,observed,6.051337908022106,go_fast,historical_main,,,,1,1,False,False,ae81860b1a6b200efcca939dedfc2ee5e6a861d07af0c13d6e54e4f1ed9dfb3a,27869e2eab641d51a4dcb8b144e082c2564882966a28c404e3c13fdb484f75cf,,
gramschmidt,numpy,default,initialization,observed,1.0729618319310248,gramschmidt,historical_main,,,,1,1,False,False,1f3d8680c6c62cb57662259efbd6317e805dc931a93921d1f417b2d9a8b00706,0cd9b7683af012b2f89286b1d7f883de9ac11e0a801ad6a40757c753baba615b,,
gramschmidt,numba,nopython-mode,initialization,observed,3.8238882031291723,gramschmidt,historical_main,,,,1,1,False,False,1f3d8680c6c62cb57662259efbd6317e805dc931a93921d1f417b2d9a8b00706,0cd9b7683af012b2f89286b1d7f883de9ac11e0a801ad6a40757c753baba615b,,
gramschmidt,numba,nopython-mode-parallel,initialization,observed,22.822883512824774,gramschmidt,historical_main,,,,1,1,False,False,1f3d8680c6c62cb57662259efbd6317e805dc931a93921d1f417b2d9a8b00706,0cd9b7683af012b2f89286b1d7f883de9ac11e0a801ad6a40757c753baba615b,,
gramschmidt,numba,nopython-mode-parallel-range,initialization,N/A,,,,,,,,,False,,,,,
gramschmidt,numba,object-mode,initialization,N/A,,,,,,,,,False,,,,,
gramschmidt,numba,object-mode-parallel,initialization,N/A,,,,,,,,,False,,,,,
gramschmidt,numba,object-mode-parallel-range,initialization,N/A,,,,,,,,,False,,,,,
gramschmidt,dace_cpu,fusion,initialization,observed,13.734198743011802,gramschmidt,historical_main,,,,1,1,False,False,1f3d8680c6c62cb57662259efbd6317e805dc931a93921d1f417b2d9a8b00706,0cd9b7683af012b2f89286b1d7f883de9ac11e0a801ad6a40757c753baba615b,,
gramschmidt,dace_cpu,parallel,initialization,observed,20.02870833594352,gramschmidt,historical_main,,,,1,1,False,False,1f3d8680c6c62cb57662259efbd6317e805dc931a93921d1f417b2d9a8b00706,0cd9b7683af012b2f89286b1d7f883de9ac11e0a801ad6a40757c753baba615b,,
gramschmidt,dace_cpu,auto_opt,initialization,observed,15.353186623193324,gramschmidt,historical_main,,,,1,1,False,False,1f3d8680c6c62cb57662259efbd6317e805dc931a93921d1f417b2d9a8b00706,0cd9b7683af012b2f89286b1d7f883de9ac11e0a801ad6a40757c753baba615b,,
gramschmidt,dace_gpu,fusion,initialization,observed,33.466076088137925,gramschmidt,historical_main,,,,1,1,False,False,1f3d8680c6c62cb57662259efbd6317e805dc931a93921d1f417b2d9a8b00706,0cd9b7683af012b2f89286b1d7f883de9ac11e0a801ad6a40757c753baba615b,,
gramschmidt,dace_gpu,parallel,initialization,observed,32.47456274507567,gramschmidt,historical_main,,,,1,1,False,False,1f3d8680c6c62cb57662259efbd6317e805dc931a93921d1f417b2d9a8b00706,0cd9b7683af012b2f89286b1d7f883de9ac11e0a801ad6a40757c753baba615b,,
gramschmidt,dace_gpu,auto_opt,initialization,observed,30.827379394788295,gramschmidt,historical_main,,,,1,1,False,False,1f3d8680c6c62cb57662259efbd6317e805dc931a93921d1f417b2d9a8b00706,0cd9b7683af012b2f89286b1d7f883de9ac11e0a801ad6a40757c753baba615b,,
gramschmidt,cupy,default,initialization,observed,16.19159107422456,gramschmidt,historical_main,,,,1,1,False,False,1f3d8680c6c62cb57662259efbd6317e805dc931a93921d1f417b2d9a8b00706,0cd9b7683af012b2f89286b1d7f883de9ac11e0a801ad6a40757c753baba615b,,
hdiff,numpy,default,initialization,observed,0.4068624279461801,hdiff,historical_main,,,,1,1,False,False,db572ba94a6764cd4f333fd1c155d8498c95bfc20a8f378ce3588d5b7ef038ef,e800ed3dc8d530d7e84b4a637b91cc6d9bc1280101023ee86a27f69cfa34eec1,,
hdiff,numba,nopython-mode,initialization,observed,10.247378773987293,hdiff,historical_main,,,,1,1,False,False,db572ba94a6764cd4f333fd1c155d8498c95bfc20a8f378ce3588d5b7ef038ef,e800ed3dc8d530d7e84b4a637b91cc6d9bc1280101023ee86a27f69cfa34eec1,,
hdiff,numba,nopython-mode-parallel,initialization,observed,6.053360493853688,hdiff,historical_main,,,,1,1,False,False,db572ba94a6764cd4f333fd1c155d8498c95bfc20a8f378ce3588d5b7ef038ef,e800ed3dc8d530d7e84b4a637b91cc6d9bc1280101023ee86a27f69cfa34eec1,,
hdiff,numba,nopython-mode-parallel-range,initialization,N/A,,,,,,,,,False,,,,,
hdiff,numba,object-mode,initialization,N/A,,,,,,,,,False,,,,,
hdiff,numba,object-mode-parallel,initialization,N/A,,,,,,,,,False,,,,,
hdiff,numba,object-mode-parallel-range,initialization,N/A,,,,,,,,,False,,,,,
hdiff,dace_cpu,fusion,initialization,observed,8.95725152688101,hdiff,historical_main,,,,1,1,False,False,db572ba94a6764cd4f333fd1c155d8498c95bfc20a8f378ce3588d5b7ef038ef,e800ed3dc8d530d7e84b4a637b91cc6d9bc1280101023ee86a27f69cfa34eec1,,
hdiff,dace_cpu,parallel,initialization,observed,9.408354936167598,hdiff,historical_main,,,,1,1,False,False,db572ba94a6764cd4f333fd1c155d8498c95bfc20a8f378ce3588d5b7ef038ef,e800ed3dc8d530d7e84b4a637b91cc6d9bc1280101023ee86a27f69cfa34eec1,,
hdiff,dace_cpu,auto_opt,initialization,observed,8.824895591009408,hdiff,historical_main,,,,1,1,False,False,db572ba94a6764cd4f333fd1c155d8498c95bfc20a8f378ce3588d5b7ef038ef,e800ed3dc8d530d7e84b4a637b91cc6d9bc1280101023ee86a27f69cfa34eec1,,
hdiff,dace_gpu,fusion,initialization,observed,26.581071421969682,hdiff,historical_main,,,,1,1,False,False,db572ba94a6764cd4f333fd1c155d8498c95bfc20a8f378ce3588d5b7ef038ef,e800ed3dc8d530d7e84b4a637b91cc6d9bc1280101023ee86a27f69cfa34eec1,,
hdiff,dace_gpu,parallel,initialization,observed,26.69005433190614,hdiff,historical_main,,,,1,1,False,False,db572ba94a6764cd4f333fd1c155d8498c95bfc20a8f378ce3588d5b7ef038ef,e800ed3dc8d530d7e84b4a637b91cc6d9bc1280101023ee86a27f69cfa34eec1,,
hdiff,dace_gpu,auto_opt,initialization,observed,26.593160702846944,hdiff,historical_main,,,,1,1,False,False,db572ba94a6764cd4f333fd1c155d8498c95bfc20a8f378ce3588d5b7ef038ef,e800ed3dc8d530d7e84b4a637b91cc6d9bc1280101023ee86a27f69cfa34eec1,,
hdiff,cupy,default,initialization,observed,2.0447673848830163,hdiff,historical_main,,,,1,1,False,False,db572ba94a6764cd4f333fd1c155d8498c95bfc20a8f378ce3588d5b7ef038ef,e800ed3dc8d530d7e84b4a637b91cc6d9bc1280101023ee86a27f69cfa34eec1,,
heat_3d,numpy,default,initialization,observed,0.7158247376792133,heat_3d,historical_main,,,,1,1,False,False,30fe858bb26413e6677f8fa2af4b685936ad2acf33485956268a9184b302da55,a81cc292224c841a9ce27e90c6d26d29c8ea5a75badeca9376911772a40bf22f,,
heat_3d,numba,nopython-mode,initialization,observed,6.458601436112076,heat_3d,historical_main,,,,1,1,False,False,30fe858bb26413e6677f8fa2af4b685936ad2acf33485956268a9184b302da55,a81cc292224c841a9ce27e90c6d26d29c8ea5a75badeca9376911772a40bf22f,,
heat_3d,numba,nopython-mode-parallel,initialization,observed,4.626929311081767,heat_3d,historical_main,,,,1,1,False,False,30fe858bb26413e6677f8fa2af4b685936ad2acf33485956268a9184b302da55,a81cc292224c841a9ce27e90c6d26d29c8ea5a75badeca9376911772a40bf22f,,
heat_3d,numba,nopython-mode-parallel-range,initialization,N/A,,,,,,,,,False,,,,,
heat_3d,numba,object-mode,initialization,N/A,,,,,,,,,False,,,,,
heat_3d,numba,object-mode-parallel,initialization,N/A,,,,,,,,,False,,,,,
heat_3d,numba,object-mode-parallel-range,initialization,N/A,,,,,,,,,False,,,,,
heat_3d,dace_cpu,fusion,initialization,observed,12.053856790997088,heat_3d,historical_main,,,,1,1,False,False,30fe858bb26413e6677f8fa2af4b685936ad2acf33485956268a9184b302da55,a81cc292224c841a9ce27e90c6d26d29c8ea5a75badeca9376911772a40bf22f,,
heat_3d,dace_cpu,parallel,initialization,observed,8.946702999994159,heat_3d,historical_main,,,,1,1,False,False,30fe858bb26413e6677f8fa2af4b685936ad2acf33485956268a9184b302da55,a81cc292224c841a9ce27e90c6d26d29c8ea5a75badeca9376911772a40bf22f,,
heat_3d,dace_cpu,auto_opt,initialization,observed,10.290463716723025,heat_3d,historical_main,,,,1,1,False,False,30fe858bb26413e6677f8fa2af4b685936ad2acf33485956268a9184b302da55,a81cc292224c841a9ce27e90c6d26d29c8ea5a75badeca9376911772a40bf22f,,
heat_3d,dace_gpu,fusion,initialization,observed,26.635221369098872,heat_3d,historical_main,,,,1,1,False,False,30fe858bb26413e6677f8fa2af4b685936ad2acf33485956268a9184b302da55,a81cc292224c841a9ce27e90c6d26d29c8ea5a75badeca9376911772a40bf22f,,
heat_3d,dace_gpu,parallel,initialization,observed,26.688231648877263,heat_3d,historical_main,,,,1,1,False,False,30fe858bb26413e6677f8fa2af4b685936ad2acf33485956268a9184b302da55,a81cc292224c841a9ce27e90c6d26d29c8ea5a75badeca9376911772a40bf22f,,
heat_3d,dace_gpu,auto_opt,initialization,observed,27.322003464680165,heat_3d,historical_main,,,,1,1,False,False,30fe858bb26413e6677f8fa2af4b685936ad2acf33485956268a9184b302da55,a81cc292224c841a9ce27e90c6d26d29c8ea5a75badeca9376911772a40bf22f,,
heat_3d,cupy,default,initialization,observed,1.1857709158211946,heat_3d,historical_main,,,,1,1,False,False,30fe858bb26413e6677f8fa2af4b685936ad2acf33485956268a9184b302da55,a81cc292224c841a9ce27e90c6d26d29c8ea5a75badeca9376911772a40bf22f,,
jacobi_1d,numpy,default,initialization,observed,0.9330027452670038,jacobi_1d,historical_main,,,,1,1,False,False,dd2d6ec412835edbbe4a018d3544e156d3fdd08552a444b52727b05fa47d8a06,16a5a1662f12689fbf187fbb656ac8e1d9c5d1f78efc866cd0f41cf46b753592,,
jacobi_1d,numba,nopython-mode,initialization,observed,3.663746506907046,jacobi_1d,historical_main,,,,1,1,False,False,dd2d6ec412835edbbe4a018d3544e156d3fdd08552a444b52727b05fa47d8a06,16a5a1662f12689fbf187fbb656ac8e1d9c5d1f78efc866cd0f41cf46b753592,,
jacobi_1d,numba,nopython-mode-parallel,initialization,observed,11.914910160005093,jacobi_1d,historical_main,,,,1,1,False,False,dd2d6ec412835edbbe4a018d3544e156d3fdd08552a444b52727b05fa47d8a06,16a5a1662f12689fbf187fbb656ac8e1d9c5d1f78efc866cd0f41cf46b753592,,
jacobi_1d,numba,nopython-mode-parallel-range,initialization,N/A,,,,,,,,,False,,,,,
jacobi_1d,numba,object-mode,initialization,N/A,,,,,,,,,False,,,,,
jacobi_1d,numba,object-mode-parallel,initialization,N/A,,,,,,,,,False,,,,,
jacobi_1d,numba,object-mode-parallel-range,initialization,N/A,,,,,,,,,False,,,,,
jacobi_1d,dace_cpu,fusion,initialization,observed,11.500665922183543,jacobi_1d,historical_main,,,,1,1,False,False,dd2d6ec412835edbbe4a018d3544e156d3fdd08552a444b52727b05fa47d8a06,16a5a1662f12689fbf187fbb656ac8e1d9c5d1f78efc866cd0f41cf46b753592,,
jacobi_1d,dace_cpu,parallel,initialization,observed,12.888628751039505,jacobi_1d,historical_main,,,,1,1,False,False,dd2d6ec412835edbbe4a018d3544e156d3fdd08552a444b52727b05fa47d8a06,16a5a1662f12689fbf187fbb656ac8e1d9c5d1f78efc866cd0f41cf46b753592,,
jacobi_1d,dace_cpu,auto_opt,initialization,observed,7.756553470157087,jacobi_1d,historical_main,,,,1,1,False,False,dd2d6ec412835edbbe4a018d3544e156d3fdd08552a444b52727b05fa47d8a06,16a5a1662f12689fbf187fbb656ac8e1d9c5d1f78efc866cd0f41cf46b753592,,
jacobi_1d,dace_gpu,fusion,initialization,observed,23.443071306683123,jacobi_1d,historical_main,,,,1,1,False,False,dd2d6ec412835edbbe4a018d3544e156d3fdd08552a444b52727b05fa47d8a06,16a5a1662f12689fbf187fbb656ac8e1d9c5d1f78efc866cd0f41cf46b753592,,
jacobi_1d,dace_gpu,parallel,initialization,observed,23.066507272887975,jacobi_1d,historical_main,,,,1,1,False,False,dd2d6ec412835edbbe4a018d3544e156d3fdd08552a444b52727b05fa47d8a06,16a5a1662f12689fbf187fbb656ac8e1d9c5d1f78efc866cd0f41cf46b753592,,
jacobi_1d,dace_gpu,auto_opt,initialization,observed,24.265657715965062,jacobi_1d,historical_main,,,,1,1,False,False,dd2d6ec412835edbbe4a018d3544e156d3fdd08552a444b52727b05fa47d8a06,16a5a1662f12689fbf187fbb656ac8e1d9c5d1f78efc866cd0f41cf46b753592,,
jacobi_1d,cupy,default,initialization,observed,2.1545063527300954,jacobi_1d,historical_main,,,,1,1,False,False,dd2d6ec412835edbbe4a018d3544e156d3fdd08552a444b52727b05fa47d8a06,16a5a1662f12689fbf187fbb656ac8e1d9c5d1f78efc866cd0f41cf46b753592,,
jacobi_2d,numpy,default,initialization,observed,0.7418692582286894,jacobi_2d,historical_main,,,,1,1,False,False,bb0f1b25c2ede622f6875f9761e2dec03fcebb4785d6110e5288554d5cfdd9f9,88fcc37626b242ba2751f475ada3090117847e04203daddbc9456f9d0e7e584d,,
jacobi_2d,numba,nopython-mode,initialization,observed,4.825022734235972,jacobi_2d,historical_main,,,,1,1,False,False,bb0f1b25c2ede622f6875f9761e2dec03fcebb4785d6110e5288554d5cfdd9f9,88fcc37626b242ba2751f475ada3090117847e04203daddbc9456f9d0e7e584d,,
jacobi_2d,numba,nopython-mode-parallel,initialization,observed,5.954851483926177,jacobi_2d,historical_main,,,,1,1,False,False,bb0f1b25c2ede622f6875f9761e2dec03fcebb4785d6110e5288554d5cfdd9f9,88fcc37626b242ba2751f475ada3090117847e04203daddbc9456f9d0e7e584d,,
jacobi_2d,numba,nopython-mode-parallel-range,initialization,N/A,,,,,,,,,False,,,,,
jacobi_2d,numba,object-mode,initialization,N/A,,,,,,,,,False,,,,,
jacobi_2d,numba,object-mode-parallel,initialization,N/A,,,,,,,,,False,,,,,
jacobi_2d,numba,object-mode-parallel-range,initialization,N/A,,,,,,,,,False,,,,,
jacobi_2d,dace_cpu,fusion,initialization,observed,7.72362027131021,jacobi_2d,historical_main,,,,1,1,False,False,bb0f1b25c2ede622f6875f9761e2dec03fcebb4785d6110e5288554d5cfdd9f9,88fcc37626b242ba2751f475ada3090117847e04203daddbc9456f9d0e7e584d,,
jacobi_2d,dace_cpu,parallel,initialization,observed,7.524194007273763,jacobi_2d,historical_main,,,,1,1,False,False,bb0f1b25c2ede622f6875f9761e2dec03fcebb4785d6110e5288554d5cfdd9f9,88fcc37626b242ba2751f475ada3090117847e04203daddbc9456f9d0e7e584d,,
jacobi_2d,dace_cpu,auto_opt,initialization,observed,7.602765464223921,jacobi_2d,historical_main,,,,1,1,False,False,bb0f1b25c2ede622f6875f9761e2dec03fcebb4785d6110e5288554d5cfdd9f9,88fcc37626b242ba2751f475ada3090117847e04203daddbc9456f9d0e7e584d,,
jacobi_2d,dace_gpu,fusion,initialization,observed,24.085311328992248,jacobi_2d,historical_main,,,,1,1,False,False,bb0f1b25c2ede622f6875f9761e2dec03fcebb4785d6110e5288554d5cfdd9f9,88fcc37626b242ba2751f475ada3090117847e04203daddbc9456f9d0e7e584d,,
jacobi_2d,dace_gpu,parallel,initialization,observed,23.516354208812118,jacobi_2d,historical_main,,,,1,1,False,False,bb0f1b25c2ede622f6875f9761e2dec03fcebb4785d6110e5288554d5cfdd9f9,88fcc37626b242ba2751f475ada3090117847e04203daddbc9456f9d0e7e584d,,
jacobi_2d,dace_gpu,auto_opt,initialization,observed,25.21518014697358,jacobi_2d,historical_main,,,,1,1,False,False,bb0f1b25c2ede622f6875f9761e2dec03fcebb4785d6110e5288554d5cfdd9f9,88fcc37626b242ba2751f475ada3090117847e04203daddbc9456f9d0e7e584d,,
jacobi_2d,cupy,default,initialization,observed,0.8972387351095676,jacobi_2d,historical_main,,,,1,1,False,False,bb0f1b25c2ede622f6875f9761e2dec03fcebb4785d6110e5288554d5cfdd9f9,88fcc37626b242ba2751f475ada3090117847e04203daddbc9456f9d0e7e584d,,
k2mm,numpy,default,initialization,observed,2.2109293341636658,k2mm,historical_main,,,,1,1,False,False,f489fedc570b7b5da546ee0999db718675f9a6e714d3093820decf3f58d34325,65b07e1d7f5fdc00459ebb8a02ae0881674135e9bd7f454489c2d204e291d7ea,,
k2mm,numba,nopython-mode,initialization,observed,6.442804472986609,k2mm,historical_main,,,,1,1,False,False,f489fedc570b7b5da546ee0999db718675f9a6e714d3093820decf3f58d34325,65b07e1d7f5fdc00459ebb8a02ae0881674135e9bd7f454489c2d204e291d7ea,,
k2mm,numba,nopython-mode-parallel,initialization,observed,6.76964684901759,k2mm,historical_main,,,,1,1,False,False,f489fedc570b7b5da546ee0999db718675f9a6e714d3093820decf3f58d34325,65b07e1d7f5fdc00459ebb8a02ae0881674135e9bd7f454489c2d204e291d7ea,,
k2mm,numba,nopython-mode-parallel-range,initialization,N/A,,,,,,,,,False,,,,,
k2mm,numba,object-mode,initialization,N/A,,,,,,,,,False,,,,,
k2mm,numba,object-mode-parallel,initialization,N/A,,,,,,,,,False,,,,,
k2mm,numba,object-mode-parallel-range,initialization,N/A,,,,,,,,,False,,,,,
k2mm,dace_cpu,fusion,initialization,observed,10.452783833723515,k2mm,historical_main,,,,1,1,False,False,f489fedc570b7b5da546ee0999db718675f9a6e714d3093820decf3f58d34325,65b07e1d7f5fdc00459ebb8a02ae0881674135e9bd7f454489c2d204e291d7ea,,
k2mm,dace_cpu,parallel,initialization,observed,9.944604415912181,k2mm,historical_main,,,,1,1,False,False,f489fedc570b7b5da546ee0999db718675f9a6e714d3093820decf3f58d34325,65b07e1d7f5fdc00459ebb8a02ae0881674135e9bd7f454489c2d204e291d7ea,,
k2mm,dace_cpu,auto_opt,initialization,observed,10.596097548957914,k2mm,historical_main,,,,1,1,False,False,f489fedc570b7b5da546ee0999db718675f9a6e714d3093820decf3f58d34325,65b07e1d7f5fdc00459ebb8a02ae0881674135e9bd7f454489c2d204e291d7ea,,
k2mm,dace_gpu,fusion,initialization,observed,25.912629330996424,k2mm,historical_main,,,,1,1,False,False,f489fedc570b7b5da546ee0999db718675f9a6e714d3093820decf3f58d34325,65b07e1d7f5fdc00459ebb8a02ae0881674135e9bd7f454489c2d204e291d7ea,,
k2mm,dace_gpu,parallel,initialization,observed,25.265068490989506,k2mm,historical_main,,,,1,1,False,False,f489fedc570b7b5da546ee0999db718675f9a6e714d3093820decf3f58d34325,65b07e1d7f5fdc00459ebb8a02ae0881674135e9bd7f454489c2d204e291d7ea,,
k2mm,dace_gpu,auto_opt,initialization,observed,26.40856627514586,k2mm,historical_main,,,,1,1,False,False,f489fedc570b7b5da546ee0999db718675f9a6e714d3093820decf3f58d34325,65b07e1d7f5fdc00459ebb8a02ae0881674135e9bd7f454489c2d204e291d7ea,,
k2mm,cupy,default,initialization,observed,2.0978481923229992,k2mm,historical_main,,,,1,1,False,False,f489fedc570b7b5da546ee0999db718675f9a6e714d3093820decf3f58d34325,65b07e1d7f5fdc00459ebb8a02ae0881674135e9bd7f454489c2d204e291d7ea,,
k3mm,numpy,default,initialization,observed,2.910554438829422,k3mm,historical_main,,,,1,1,False,False,4e368169475a2a62e9d6b60f9f0f38731e82923b1a6bcbfe2a2be25f4a23617d,aad0bebb7814a2ecba71c57046d8003bc43cb0f8e9f62fa7a3c5da967acf1885,,
k3mm,numba,nopython-mode,initialization,observed,3.3014389341697097,k3mm,historical_main,,,,1,1,False,False,4e368169475a2a62e9d6b60f9f0f38731e82923b1a6bcbfe2a2be25f4a23617d,aad0bebb7814a2ecba71c57046d8003bc43cb0f8e9f62fa7a3c5da967acf1885,,
k3mm,numba,nopython-mode-parallel,initialization,observed,2.9166546193882823,k3mm,historical_main,,,,1,1,False,False,4e368169475a2a62e9d6b60f9f0f38731e82923b1a6bcbfe2a2be25f4a23617d,aad0bebb7814a2ecba71c57046d8003bc43cb0f8e9f62fa7a3c5da967acf1885,,
k3mm,numba,nopython-mode-parallel-range,initialization,N/A,,,,,,,,,False,,,,,
k3mm,numba,object-mode,initialization,N/A,,,,,,,,,False,,,,,
k3mm,numba,object-mode-parallel,initialization,N/A,,,,,,,,,False,,,,,
k3mm,numba,object-mode-parallel-range,initialization,N/A,,,,,,,,,False,,,,,
k3mm,dace_cpu,fusion,initialization,observed,10.327534917276353,k3mm,historical_main,,,,1,1,False,False,4e368169475a2a62e9d6b60f9f0f38731e82923b1a6bcbfe2a2be25f4a23617d,aad0bebb7814a2ecba71c57046d8003bc43cb0f8e9f62fa7a3c5da967acf1885,,
k3mm,dace_cpu,parallel,initialization,observed,10.645838209893554,k3mm,historical_main,,,,1,1,False,False,4e368169475a2a62e9d6b60f9f0f38731e82923b1a6bcbfe2a2be25f4a23617d,aad0bebb7814a2ecba71c57046d8003bc43cb0f8e9f62fa7a3c5da967acf1885,,
k3mm,dace_cpu,auto_opt,initialization,observed,10.340289637912065,k3mm,historical_main,,,,1,1,False,False,4e368169475a2a62e9d6b60f9f0f38731e82923b1a6bcbfe2a2be25f4a23617d,aad0bebb7814a2ecba71c57046d8003bc43cb0f8e9f62fa7a3c5da967acf1885,,
k3mm,dace_gpu,fusion,initialization,observed,25.39816907607019,k3mm,historical_main,,,,1,1,False,False,4e368169475a2a62e9d6b60f9f0f38731e82923b1a6bcbfe2a2be25f4a23617d,aad0bebb7814a2ecba71c57046d8003bc43cb0f8e9f62fa7a3c5da967acf1885,,
k3mm,dace_gpu,parallel,initialization,observed,25.95840795431286,k3mm,historical_main,,,,1,1,False,False,4e368169475a2a62e9d6b60f9f0f38731e82923b1a6bcbfe2a2be25f4a23617d,aad0bebb7814a2ecba71c57046d8003bc43cb0f8e9f62fa7a3c5da967acf1885,,
k3mm,dace_gpu,auto_opt,initialization,observed,25.277339932043105,k3mm,historical_main,,,,1,1,False,False,4e368169475a2a62e9d6b60f9f0f38731e82923b1a6bcbfe2a2be25f4a23617d,aad0bebb7814a2ecba71c57046d8003bc43cb0f8e9f62fa7a3c5da967acf1885,,
k3mm,cupy,default,initialization,observed,1.9112180839292705,k3mm,historical_main,,,,1,1,False,False,4e368169475a2a62e9d6b60f9f0f38731e82923b1a6bcbfe2a2be25f4a23617d,aad0bebb7814a2ecba71c57046d8003bc43cb0f8e9f62fa7a3c5da967acf1885,,
lenet,numpy,default,initialization,observed,1.1061678072437644,lenet,historical_main,,,,1,1,False,False,c03e6ed4aa80ca847e538ab41f9b22060f454237935c67944c81ced7dd93a48b,914661bfde93da5c2e7b1ef256bf97775e395b5980f08a299cd8040e92c0b6ea,,
lenet,numba,nopython-mode,initialization,observed,34.97239969717339,lenet,historical_main,,,,1,1,False,False,c03e6ed4aa80ca847e538ab41f9b22060f454237935c67944c81ced7dd93a48b,914661bfde93da5c2e7b1ef256bf97775e395b5980f08a299cd8040e92c0b6ea,,
lenet,numba,nopython-mode-parallel,initialization,observed,135.4249222362414,lenet,historical_main,,,,1,1,False,False,c03e6ed4aa80ca847e538ab41f9b22060f454237935c67944c81ced7dd93a48b,914661bfde93da5c2e7b1ef256bf97775e395b5980f08a299cd8040e92c0b6ea,,
lenet,numba,nopython-mode-parallel-range,initialization,observed,53.57194124208763,lenet,historical_main,,,,1,1,False,False,c03e6ed4aa80ca847e538ab41f9b22060f454237935c67944c81ced7dd93a48b,914661bfde93da5c2e7b1ef256bf97775e395b5980f08a299cd8040e92c0b6ea,,
lenet,numba,object-mode,initialization,error,,lenet,historical_main,,,,0,0,False,False,c03e6ed4aa80ca847e538ab41f9b22060f454237935c67944c81ced7dd93a48b,914661bfde93da5c2e7b1ef256bf97775e395b5980f08a299cd8040e92c0b6ea,,
lenet,numba,object-mode-parallel,initialization,error,,lenet,historical_main,,,,0,0,False,False,c03e6ed4aa80ca847e538ab41f9b22060f454237935c67944c81ced7dd93a48b,914661bfde93da5c2e7b1ef256bf97775e395b5980f08a299cd8040e92c0b6ea,,
lenet,numba,object-mode-parallel-range,initialization,observed,5.323483441956341,lenet,historical_main,,,,1,1,False,False,c03e6ed4aa80ca847e538ab41f9b22060f454237935c67944c81ced7dd93a48b,914661bfde93da5c2e7b1ef256bf97775e395b5980f08a299cd8040e92c0b6ea,,
lenet,dace_cpu,fusion,initialization,observed,22.215500634163618,lenet,historical_main,,,,1,1,False,False,c03e6ed4aa80ca847e538ab41f9b22060f454237935c67944c81ced7dd93a48b,914661bfde93da5c2e7b1ef256bf97775e395b5980f08a299cd8040e92c0b6ea,,
lenet,dace_cpu,parallel,initialization,observed,22.742724264971912,lenet,historical_main,,,,1,1,False,False,c03e6ed4aa80ca847e538ab41f9b22060f454237935c67944c81ced7dd93a48b,914661bfde93da5c2e7b1ef256bf97775e395b5980f08a299cd8040e92c0b6ea,,
lenet,dace_cpu,auto_opt,initialization,observed,18.374189427122474,lenet,historical_main,,,,1,1,False,False,c03e6ed4aa80ca847e538ab41f9b22060f454237935c67944c81ced7dd93a48b,914661bfde93da5c2e7b1ef256bf97775e395b5980f08a299cd8040e92c0b6ea,,
lenet,dace_gpu,fusion,initialization,error,,lenet,historical_main,,,,0,0,False,False,c03e6ed4aa80ca847e538ab41f9b22060f454237935c67944c81ced7dd93a48b,914661bfde93da5c2e7b1ef256bf97775e395b5980f08a299cd8040e92c0b6ea,,
lenet,dace_gpu,parallel,initialization,terminated,,lenet,historical_main,,,,0,0,False,False,c03e6ed4aa80ca847e538ab41f9b22060f454237935c67944c81ced7dd93a48b,914661bfde93da5c2e7b1ef256bf97775e395b5980f08a299cd8040e92c0b6ea,,
lenet,dace_gpu,auto_opt,initialization,terminated,,lenet,historical_main,,,,0,0,False,False,c03e6ed4aa80ca847e538ab41f9b22060f454237935c67944c81ced7dd93a48b,914661bfde93da5c2e7b1ef256bf97775e395b5980f08a299cd8040e92c0b6ea,,
lenet,cupy,default,initialization,observed,5.393859545700252,lenet,historical_main,,,,1,1,False,False,c03e6ed4aa80ca847e538ab41f9b22060f454237935c67944c81ced7dd93a48b,914661bfde93da5c2e7b1ef256bf97775e395b5980f08a299cd8040e92c0b6ea,,
lu,numpy,default,initialization,observed,1.3111815750598907,lu,historical_main,,,,1,1,False,False,a94cc969fb7abca21f73c7702df3d7b5782724193307a4c14a3543791e733d27,9ac2f818703fa8aa1a82579828bb4b9f516a133a9d2de36086ba8af196680084,,
lu,numba,nopython-mode,initialization,observed,1.0699980007484555,lu,historical_main,,,,1,1,False,False,a94cc969fb7abca21f73c7702df3d7b5782724193307a4c14a3543791e733d27,9ac2f818703fa8aa1a82579828bb4b9f516a133a9d2de36086ba8af196680084,,
lu,numba,nopython-mode-parallel,initialization,observed,1.2985168537124991,lu,historical_main,,,,1,1,False,False,a94cc969fb7abca21f73c7702df3d7b5782724193307a4c14a3543791e733d27,9ac2f818703fa8aa1a82579828bb4b9f516a133a9d2de36086ba8af196680084,,
lu,numba,nopython-mode-parallel-range,initialization,N/A,,,,,,,,,False,,,,,
lu,numba,object-mode,initialization,N/A,,,,,,,,,False,,,,,
lu,numba,object-mode-parallel,initialization,N/A,,,,,,,,,False,,,,,
lu,numba,object-mode-parallel-range,initialization,N/A,,,,,,,,,False,,,,,
lu,dace_cpu,fusion,initialization,observed,7.42715958179906,lu,historical_main,,,,1,1,False,False,a94cc969fb7abca21f73c7702df3d7b5782724193307a4c14a3543791e733d27,9ac2f818703fa8aa1a82579828bb4b9f516a133a9d2de36086ba8af196680084,,
lu,dace_cpu,parallel,initialization,observed,8.078511223662645,lu,historical_main,,,,1,1,False,False,a94cc969fb7abca21f73c7702df3d7b5782724193307a4c14a3543791e733d27,9ac2f818703fa8aa1a82579828bb4b9f516a133a9d2de36086ba8af196680084,,
lu,dace_cpu,auto_opt,initialization,observed,8.091028229799122,lu,historical_main,,,,1,1,False,False,a94cc969fb7abca21f73c7702df3d7b5782724193307a4c14a3543791e733d27,9ac2f818703fa8aa1a82579828bb4b9f516a133a9d2de36086ba8af196680084,,
lu,dace_gpu,fusion,initialization,observed,37.711796834133565,lu,historical_main,,,,1,1,False,False,a94cc969fb7abca21f73c7702df3d7b5782724193307a4c14a3543791e733d27,9ac2f818703fa8aa1a82579828bb4b9f516a133a9d2de36086ba8af196680084,,
lu,dace_gpu,parallel,initialization,observed,35.61761504318565,lu,historical_main,,,,1,1,False,False,a94cc969fb7abca21f73c7702df3d7b5782724193307a4c14a3543791e733d27,9ac2f818703fa8aa1a82579828bb4b9f516a133a9d2de36086ba8af196680084,,
lu,dace_gpu,auto_opt,initialization,observed,32.7889325148426,lu,historical_main,,,,1,1,False,False,a94cc969fb7abca21f73c7702df3d7b5782724193307a4c14a3543791e733d27,9ac2f818703fa8aa1a82579828bb4b9f516a133a9d2de36086ba8af196680084,,
lu,cupy,default,initialization,observed,44.36192465014756,lu,historical_main,,,,1,1,False,False,a94cc969fb7abca21f73c7702df3d7b5782724193307a4c14a3543791e733d27,9ac2f818703fa8aa1a82579828bb4b9f516a133a9d2de36086ba8af196680084,,
ludcmp,numpy,default,initialization,observed,1.3158224578946829,ludcmp,historical_main,,,,1,1,False,False,08caec57fa049fbfa751e34e1064de164ddf556d58ef07942503bdb64d23c766,55b9887d27df7b3dc3b8b2e1875facca1a285d1891e4df442fdd18cc865cc7b0,,
ludcmp,numba,nopython-mode,initialization,observed,1.8598755989223719,ludcmp,historical_main,,,,1,1,False,False,08caec57fa049fbfa751e34e1064de164ddf556d58ef07942503bdb64d23c766,55b9887d27df7b3dc3b8b2e1875facca1a285d1891e4df442fdd18cc865cc7b0,,
ludcmp,numba,nopython-mode-parallel,initialization,observed,1.5263622258789837,ludcmp,historical_main,,,,1,1,False,False,08caec57fa049fbfa751e34e1064de164ddf556d58ef07942503bdb64d23c766,55b9887d27df7b3dc3b8b2e1875facca1a285d1891e4df442fdd18cc865cc7b0,,
ludcmp,numba,nopython-mode-parallel-range,initialization,N/A,,,,,,,,,False,,,,,
ludcmp,numba,object-mode,initialization,N/A,,,,,,,,,False,,,,,
ludcmp,numba,object-mode-parallel,initialization,N/A,,,,,,,,,False,,,,,
ludcmp,numba,object-mode-parallel-range,initialization,N/A,,,,,,,,,False,,,,,
ludcmp,dace_cpu,fusion,initialization,observed,9.113136226776987,ludcmp,historical_main,,,,1,1,False,False,08caec57fa049fbfa751e34e1064de164ddf556d58ef07942503bdb64d23c766,55b9887d27df7b3dc3b8b2e1875facca1a285d1891e4df442fdd18cc865cc7b0,,
ludcmp,dace_cpu,parallel,initialization,observed,9.484173050150275,ludcmp,historical_main,,,,1,1,False,False,08caec57fa049fbfa751e34e1064de164ddf556d58ef07942503bdb64d23c766,55b9887d27df7b3dc3b8b2e1875facca1a285d1891e4df442fdd18cc865cc7b0,,
ludcmp,dace_cpu,auto_opt,initialization,observed,9.39109695982188,ludcmp,historical_main,,,,1,1,False,False,08caec57fa049fbfa751e34e1064de164ddf556d58ef07942503bdb64d23c766,55b9887d27df7b3dc3b8b2e1875facca1a285d1891e4df442fdd18cc865cc7b0,,
ludcmp,dace_gpu,fusion,initialization,observed,37.8421868882142,ludcmp,historical_main,,,,1,1,False,False,08caec57fa049fbfa751e34e1064de164ddf556d58ef07942503bdb64d23c766,55b9887d27df7b3dc3b8b2e1875facca1a285d1891e4df442fdd18cc865cc7b0,,
ludcmp,dace_gpu,parallel,initialization,observed,38.13815686292946,ludcmp,historical_main,,,,1,1,False,False,08caec57fa049fbfa751e34e1064de164ddf556d58ef07942503bdb64d23c766,55b9887d27df7b3dc3b8b2e1875facca1a285d1891e4df442fdd18cc865cc7b0,,
ludcmp,dace_gpu,auto_opt,initialization,observed,36.01309609087184,ludcmp,historical_main,,,,1,1,False,False,08caec57fa049fbfa751e34e1064de164ddf556d58ef07942503bdb64d23c766,55b9887d27df7b3dc3b8b2e1875facca1a285d1891e4df442fdd18cc865cc7b0,,
ludcmp,cupy,default,initialization,observed,40.9051949349232,ludcmp,historical_main,,,,1,1,False,False,08caec57fa049fbfa751e34e1064de164ddf556d58ef07942503bdb64d23c766,55b9887d27df7b3dc3b8b2e1875facca1a285d1891e4df442fdd18cc865cc7b0,,
mandelbrot1,numpy,default,initialization,observed,0.7361361598595977,mandelbrot1,historical_main,,,,1,1,False,False,7ec93ae18ee3844a817e6cc0a79455bc5862c76f047319aefde16f510ddde641,498529c7a9dcc40ab333461ec82b7c16a88eb9014a98ba9ee2910dd66fb9e062,,
mandelbrot1,numba,nopython-mode,initialization,validation,,mandelbrot1,historical_main,,,,0,0,False,False,7ec93ae18ee3844a817e6cc0a79455bc5862c76f047319aefde16f510ddde641,498529c7a9dcc40ab333461ec82b7c16a88eb9014a98ba9ee2910dd66fb9e062,,
mandelbrot1,numba,nopython-mode-parallel,initialization,validation,,mandelbrot1,historical_main,,,,0,0,False,False,7ec93ae18ee3844a817e6cc0a79455bc5862c76f047319aefde16f510ddde641,498529c7a9dcc40ab333461ec82b7c16a88eb9014a98ba9ee2910dd66fb9e062,,
mandelbrot1,numba,nopython-mode-parallel-range,initialization,validation,,mandelbrot1,historical_main,,,,0,0,False,False,7ec93ae18ee3844a817e6cc0a79455bc5862c76f047319aefde16f510ddde641,498529c7a9dcc40ab333461ec82b7c16a88eb9014a98ba9ee2910dd66fb9e062,,
mandelbrot1,numba,object-mode,initialization,observed,2.4166291560977697,mandelbrot1,historical_main,,,,1,1,False,False,7ec93ae18ee3844a817e6cc0a79455bc5862c76f047319aefde16f510ddde641,498529c7a9dcc40ab333461ec82b7c16a88eb9014a98ba9ee2910dd66fb9e062,,
mandelbrot1,numba,object-mode-parallel,initialization,observed,2.1899723508395255,mandelbrot1,historical_main,,,,1,1,False,False,7ec93ae18ee3844a817e6cc0a79455bc5862c76f047319aefde16f510ddde641,498529c7a9dcc40ab333461ec82b7c16a88eb9014a98ba9ee2910dd66fb9e062,,
mandelbrot1,numba,object-mode-parallel-range,initialization,N/A,,,,,,,,,False,,,,,
mandelbrot1,dace_cpu,fusion,initialization,validation,,mandelbrot1,historical_main,,,,0,0,False,False,7ec93ae18ee3844a817e6cc0a79455bc5862c76f047319aefde16f510ddde641,498529c7a9dcc40ab333461ec82b7c16a88eb9014a98ba9ee2910dd66fb9e062,,
mandelbrot1,dace_cpu,parallel,initialization,validation,,mandelbrot1,historical_main,,,,0,0,False,False,7ec93ae18ee3844a817e6cc0a79455bc5862c76f047319aefde16f510ddde641,498529c7a9dcc40ab333461ec82b7c16a88eb9014a98ba9ee2910dd66fb9e062,,
mandelbrot1,dace_cpu,auto_opt,initialization,validation,,mandelbrot1,historical_main,,,,0,0,False,False,7ec93ae18ee3844a817e6cc0a79455bc5862c76f047319aefde16f510ddde641,498529c7a9dcc40ab333461ec82b7c16a88eb9014a98ba9ee2910dd66fb9e062,,
mandelbrot1,dace_gpu,fusion,initialization,validation,,mandelbrot1,historical_main,,,,0,0,False,False,7ec93ae18ee3844a817e6cc0a79455bc5862c76f047319aefde16f510ddde641,498529c7a9dcc40ab333461ec82b7c16a88eb9014a98ba9ee2910dd66fb9e062,,
mandelbrot1,dace_gpu,parallel,initialization,validation,,mandelbrot1,historical_main,,,,0,0,False,False,7ec93ae18ee3844a817e6cc0a79455bc5862c76f047319aefde16f510ddde641,498529c7a9dcc40ab333461ec82b7c16a88eb9014a98ba9ee2910dd66fb9e062,,
mandelbrot1,dace_gpu,auto_opt,initialization,validation,,mandelbrot1,historical_main,,,,0,0,False,False,7ec93ae18ee3844a817e6cc0a79455bc5862c76f047319aefde16f510ddde641,498529c7a9dcc40ab333461ec82b7c16a88eb9014a98ba9ee2910dd66fb9e062,,
mandelbrot1,cupy,default,initialization,validation,,mandelbrot1,historical_main,,,,0,0,False,False,7ec93ae18ee3844a817e6cc0a79455bc5862c76f047319aefde16f510ddde641,498529c7a9dcc40ab333461ec82b7c16a88eb9014a98ba9ee2910dd66fb9e062,,
mandelbrot2,numpy,default,initialization,observed,0.393826347310096,mandelbrot2,historical_main,,,,1,1,False,False,7fb4071f3c8e581537c1201436e2e0f64673e094a239bc776fcd1d6c96095d69,e953c506eaf95aed1da28b70ad9b9cbb5c4d6ed77213ce344c94cdacbc5b6ae1,,
mandelbrot2,numba,nopython-mode,initialization,observed,2.9376358329318464,mandelbrot2,historical_main,,,,1,1,False,False,7fb4071f3c8e581537c1201436e2e0f64673e094a239bc776fcd1d6c96095d69,e953c506eaf95aed1da28b70ad9b9cbb5c4d6ed77213ce344c94cdacbc5b6ae1,,
mandelbrot2,numba,nopython-mode-parallel,initialization,N/A,,,,,,,,,False,,,,,
mandelbrot2,numba,nopython-mode-parallel-range,initialization,N/A,,,,,,,,,False,,,,,
mandelbrot2,numba,object-mode,initialization,observed,2.3408714840188622,mandelbrot2,historical_main,,,,1,1,False,False,7fb4071f3c8e581537c1201436e2e0f64673e094a239bc776fcd1d6c96095d69,e953c506eaf95aed1da28b70ad9b9cbb5c4d6ed77213ce344c94cdacbc5b6ae1,,
mandelbrot2,numba,object-mode-parallel,initialization,observed,2.11795953521505,mandelbrot2,historical_main,,,,1,1,False,False,7fb4071f3c8e581537c1201436e2e0f64673e094a239bc776fcd1d6c96095d69,e953c506eaf95aed1da28b70ad9b9cbb5c4d6ed77213ce344c94cdacbc5b6ae1,,
mandelbrot2,numba,object-mode-parallel-range,initialization,N/A,,,,,,,,,False,,,,,
mandelbrot2,dace_cpu,fusion,initialization,error,,mandelbrot2,historical_main,,,,0,0,False,False,7fb4071f3c8e581537c1201436e2e0f64673e094a239bc776fcd1d6c96095d69,e953c506eaf95aed1da28b70ad9b9cbb5c4d6ed77213ce344c94cdacbc5b6ae1,,
mandelbrot2,dace_cpu,parallel,initialization,error,,mandelbrot2,historical_main,,,,0,0,False,False,7fb4071f3c8e581537c1201436e2e0f64673e094a239bc776fcd1d6c96095d69,e953c506eaf95aed1da28b70ad9b9cbb5c4d6ed77213ce344c94cdacbc5b6ae1,,
mandelbrot2,dace_cpu,auto_opt,initialization,error,,mandelbrot2,historical_main,,,,0,0,False,False,7fb4071f3c8e581537c1201436e2e0f64673e094a239bc776fcd1d6c96095d69,e953c506eaf95aed1da28b70ad9b9cbb5c4d6ed77213ce344c94cdacbc5b6ae1,,
mandelbrot2,dace_gpu,fusion,initialization,error,,mandelbrot2,historical_main,,,,0,0,False,False,7fb4071f3c8e581537c1201436e2e0f64673e094a239bc776fcd1d6c96095d69,e953c506eaf95aed1da28b70ad9b9cbb5c4d6ed77213ce344c94cdacbc5b6ae1,,
mandelbrot2,dace_gpu,parallel,initialization,error,,mandelbrot2,historical_main,,,,0,0,False,False,7fb4071f3c8e581537c1201436e2e0f64673e094a239bc776fcd1d6c96095d69,e953c506eaf95aed1da28b70ad9b9cbb5c4d6ed77213ce344c94cdacbc5b6ae1,,
mandelbrot2,dace_gpu,auto_opt,initialization,error,,mandelbrot2,historical_main,,,,0,0,False,False,7fb4071f3c8e581537c1201436e2e0f64673e094a239bc776fcd1d6c96095d69,e953c506eaf95aed1da28b70ad9b9cbb5c4d6ed77213ce344c94cdacbc5b6ae1,,
mandelbrot2,cupy,default,initialization,observed,3.266545271035284,mandelbrot2,historical_main,,,,1,1,False,False,7fb4071f3c8e581537c1201436e2e0f64673e094a239bc776fcd1d6c96095d69,e953c506eaf95aed1da28b70ad9b9cbb5c4d6ed77213ce344c94cdacbc5b6ae1,,
mlp,numpy,default,initialization,observed,0.30217056116089225,mlp,historical_main,,,,1,1,False,False,5a57834b626ad11a97469e2ed2472df251c3e8ff143b8d8d463672e399d900be,87c94f9c003ff974cd198163ffe2fd3948bacd6ba11c6c91faa770e7bcee04e9,,
mlp,numba,nopython-mode,initialization,observed,4.686780816875398,mlp_rowmax,workload-repairs/matched-cold-L,,,,3,3,True,True,5a57834b626ad11a97469e2ed2472df251c3e8ff143b8d8d463672e399d900be,87c94f9c003ff974cd198163ffe2fd3948bacd6ba11c6c91faa770e7bcee04e9,,between_process_variability
mlp,numba,nopython-mode-parallel,initialization,observed,5.5300102713517845,mlp_rowmax,workload-repairs/matched-cold-L,,,,3,3,False,True,5a57834b626ad11a97469e2ed2472df251c3e8ff143b8d8d463672e399d900be,87c94f9c003ff974cd198163ffe2fd3948bacd6ba11c6c91faa770e7bcee04e9,,
mlp,numba,nopython-mode-parallel-range,initialization,observed,5.666933577042073,mlp_rowmax,workload-repairs/matched-cold-L,,,,3,3,False,True,5a57834b626ad11a97469e2ed2472df251c3e8ff143b8d8d463672e399d900be,87c94f9c003ff974cd198163ffe2fd3948bacd6ba11c6c91faa770e7bcee04e9,,
mlp,numba,object-mode,initialization,observed,2.0170405018143356,mlp,historical_main,,,,1,1,False,False,5a57834b626ad11a97469e2ed2472df251c3e8ff143b8d8d463672e399d900be,87c94f9c003ff974cd198163ffe2fd3948bacd6ba11c6c91faa770e7bcee04e9,,
mlp,numba,object-mode-parallel,initialization,observed,0.72721943911165,mlp,historical_main,,,,1,1,False,False,5a57834b626ad11a97469e2ed2472df251c3e8ff143b8d8d463672e399d900be,87c94f9c003ff974cd198163ffe2fd3948bacd6ba11c6c91faa770e7bcee04e9,,
mlp,numba,object-mode-parallel-range,initialization,N/A,,,,,,,,,False,,,,,
mlp,dace_cpu,fusion,initialization,observed,10.06669110013172,mlp,historical_main,,,,1,1,False,False,5a57834b626ad11a97469e2ed2472df251c3e8ff143b8d8d463672e399d900be,87c94f9c003ff974cd198163ffe2fd3948bacd6ba11c6c91faa770e7bcee04e9,,
mlp,dace_cpu,parallel,initialization,observed,9.617677529808134,mlp,historical_main,,,,1,1,False,False,5a57834b626ad11a97469e2ed2472df251c3e8ff143b8d8d463672e399d900be,87c94f9c003ff974cd198163ffe2fd3948bacd6ba11c6c91faa770e7bcee04e9,,
mlp,dace_cpu,auto_opt,initialization,observed,9.813369386829436,mlp,historical_main,,,,1,1,False,False,5a57834b626ad11a97469e2ed2472df251c3e8ff143b8d8d463672e399d900be,87c94f9c003ff974cd198163ffe2fd3948bacd6ba11c6c91faa770e7bcee04e9,,
mlp,dace_gpu,fusion,initialization,observed,32.05190148204565,mlp,historical_main,,,,1,1,False,False,5a57834b626ad11a97469e2ed2472df251c3e8ff143b8d8d463672e399d900be,87c94f9c003ff974cd198163ffe2fd3948bacd6ba11c6c91faa770e7bcee04e9,,
mlp,dace_gpu,parallel,initialization,observed,33.066156620159745,mlp,historical_main,,,,1,1,False,False,5a57834b626ad11a97469e2ed2472df251c3e8ff143b8d8d463672e399d900be,87c94f9c003ff974cd198163ffe2fd3948bacd6ba11c6c91faa770e7bcee04e9,,
mlp,dace_gpu,auto_opt,initialization,observed,34.572569899261,mlp,historical_main,,,,1,1,False,False,5a57834b626ad11a97469e2ed2472df251c3e8ff143b8d8d463672e399d900be,87c94f9c003ff974cd198163ffe2fd3948bacd6ba11c6c91faa770e7bcee04e9,,
mlp,cupy,default,initialization,observed,6.754996418021619,mlp,historical_main,,,,1,1,False,False,5a57834b626ad11a97469e2ed2472df251c3e8ff143b8d8d463672e399d900be,87c94f9c003ff974cd198163ffe2fd3948bacd6ba11c6c91faa770e7bcee04e9,,
mvt,numpy,default,initialization,observed,0.14880966627970338,mvt,historical_main,,,,1,1,False,False,6d38d7a7e4ccc0cd21261ff27458bbfec43022e90858441b148c763f459bdc05,31a7a541d3eb3d99e166c80b243812e6678c96f5f504254d1acff781fbc1da55,,
mvt,numba,nopython-mode,initialization,observed,2.142551082652062,mvt,historical_main,,,,1,1,False,False,6d38d7a7e4ccc0cd21261ff27458bbfec43022e90858441b148c763f459bdc05,31a7a541d3eb3d99e166c80b243812e6678c96f5f504254d1acff781fbc1da55,,
mvt,numba,nopython-mode-parallel,initialization,observed,0.13332420634105802,mvt,historical_main,,,,1,1,False,False,6d38d7a7e4ccc0cd21261ff27458bbfec43022e90858441b148c763f459bdc05,31a7a541d3eb3d99e166c80b243812e6678c96f5f504254d1acff781fbc1da55,,
mvt,numba,nopython-mode-parallel-range,initialization,N/A,,,,,,,,,False,,,,,
mvt,numba,object-mode,initialization,N/A,,,,,,,,,False,,,,,
mvt,numba,object-mode-parallel,initialization,N/A,,,,,,,,,False,,,,,
mvt,numba,object-mode-parallel-range,initialization,N/A,,,,,,,,,False,,,,,
mvt,dace_cpu,fusion,initialization,observed,8.019035278819501,mvt,historical_main,,,,1,1,False,False,6d38d7a7e4ccc0cd21261ff27458bbfec43022e90858441b148c763f459bdc05,31a7a541d3eb3d99e166c80b243812e6678c96f5f504254d1acff781fbc1da55,,
mvt,dace_cpu,parallel,initialization,observed,8.117608161177486,mvt,historical_main,,,,1,1,False,False,6d38d7a7e4ccc0cd21261ff27458bbfec43022e90858441b148c763f459bdc05,31a7a541d3eb3d99e166c80b243812e6678c96f5f504254d1acff781fbc1da55,,
mvt,dace_cpu,auto_opt,initialization,observed,7.8437756188213825,mvt,historical_main,,,,1,1,False,False,6d38d7a7e4ccc0cd21261ff27458bbfec43022e90858441b148c763f459bdc05,31a7a541d3eb3d99e166c80b243812e6678c96f5f504254d1acff781fbc1da55,,
mvt,dace_gpu,fusion,initialization,observed,29.35436182981357,mvt,historical_main,,,,1,1,False,False,6d38d7a7e4ccc0cd21261ff27458bbfec43022e90858441b148c763f459bdc05,31a7a541d3eb3d99e166c80b243812e6678c96f5f504254d1acff781fbc1da55,,
mvt,dace_gpu,parallel,initialization,observed,28.301522678229958,mvt,historical_main,,,,1,1,False,False,6d38d7a7e4ccc0cd21261ff27458bbfec43022e90858441b148c763f459bdc05,31a7a541d3eb3d99e166c80b243812e6678c96f5f504254d1acff781fbc1da55,,
mvt,dace_gpu,auto_opt,initialization,observed,27.448345596902072,mvt,historical_main,,,,1,1,False,False,6d38d7a7e4ccc0cd21261ff27458bbfec43022e90858441b148c763f459bdc05,31a7a541d3eb3d99e166c80b243812e6678c96f5f504254d1acff781fbc1da55,,
mvt,cupy,default,initialization,observed,3.424843600951135,mvt,historical_main,,,,1,1,False,False,6d38d7a7e4ccc0cd21261ff27458bbfec43022e90858441b148c763f459bdc05,31a7a541d3eb3d99e166c80b243812e6678c96f5f504254d1acff781fbc1da55,,
nbody,numpy,default,initialization,validation,,nbody,historical_main,,,,0,0,False,False,eb19dd29eced1356f5981ddd1d68235062b1cd0e3e730e4069acc2a4f30a6512,369f565b2cc3f4d1e7431a758f71f09b2fb5270f7b56b9b6b5de37373d88c636,,
nbody,numba,nopython-mode,initialization,validation,,nbody,historical_main,,,,0,0,False,False,eb19dd29eced1356f5981ddd1d68235062b1cd0e3e730e4069acc2a4f30a6512,369f565b2cc3f4d1e7431a758f71f09b2fb5270f7b56b9b6b5de37373d88c636,,
nbody,numba,nopython-mode-parallel,initialization,N/A,,,,,,,,,False,,,,,
nbody,numba,nopython-mode-parallel-range,initialization,N/A,,,,,,,,,False,,,,,
nbody,numba,object-mode,initialization,validation,,nbody,historical_main,,,,0,0,False,False,eb19dd29eced1356f5981ddd1d68235062b1cd0e3e730e4069acc2a4f30a6512,369f565b2cc3f4d1e7431a758f71f09b2fb5270f7b56b9b6b5de37373d88c636,,
nbody,numba,object-mode-parallel,initialization,validation,,nbody,historical_main,,,,0,0,False,False,eb19dd29eced1356f5981ddd1d68235062b1cd0e3e730e4069acc2a4f30a6512,369f565b2cc3f4d1e7431a758f71f09b2fb5270f7b56b9b6b5de37373d88c636,,
nbody,numba,object-mode-parallel-range,initialization,N/A,,,,,,,,,False,,,,,
nbody,dace_cpu,fusion,initialization,validation,,nbody,historical_main,,,,0,0,False,False,eb19dd29eced1356f5981ddd1d68235062b1cd0e3e730e4069acc2a4f30a6512,369f565b2cc3f4d1e7431a758f71f09b2fb5270f7b56b9b6b5de37373d88c636,,
nbody,dace_cpu,parallel,initialization,validation,,nbody,historical_main,,,,0,0,False,False,eb19dd29eced1356f5981ddd1d68235062b1cd0e3e730e4069acc2a4f30a6512,369f565b2cc3f4d1e7431a758f71f09b2fb5270f7b56b9b6b5de37373d88c636,,
nbody,dace_cpu,auto_opt,initialization,validation,,nbody,historical_main,,,,0,0,False,False,eb19dd29eced1356f5981ddd1d68235062b1cd0e3e730e4069acc2a4f30a6512,369f565b2cc3f4d1e7431a758f71f09b2fb5270f7b56b9b6b5de37373d88c636,,
nbody,dace_gpu,fusion,initialization,validation,,nbody,historical_main,,,,0,0,False,False,eb19dd29eced1356f5981ddd1d68235062b1cd0e3e730e4069acc2a4f30a6512,369f565b2cc3f4d1e7431a758f71f09b2fb5270f7b56b9b6b5de37373d88c636,,
nbody,dace_gpu,parallel,initialization,validation,,nbody,historical_main,,,,0,0,False,False,eb19dd29eced1356f5981ddd1d68235062b1cd0e3e730e4069acc2a4f30a6512,369f565b2cc3f4d1e7431a758f71f09b2fb5270f7b56b9b6b5de37373d88c636,,
nbody,dace_gpu,auto_opt,initialization,validation,,nbody,historical_main,,,,0,0,False,False,eb19dd29eced1356f5981ddd1d68235062b1cd0e3e730e4069acc2a4f30a6512,369f565b2cc3f4d1e7431a758f71f09b2fb5270f7b56b9b6b5de37373d88c636,,
nbody,cupy,default,initialization,validation,,nbody,historical_main,,,,0,0,False,False,eb19dd29eced1356f5981ddd1d68235062b1cd0e3e730e4069acc2a4f30a6512,369f565b2cc3f4d1e7431a758f71f09b2fb5270f7b56b9b6b5de37373d88c636,,
nussinov,numpy,default,initialization,observed,1.037553166039288,nussinov,historical_main,,,,1,1,False,False,7de19d1b6c54c559477765ce530898d3c0e580b07d787f443f19ff85acf43418,05b880e157b9ee387cb9be1fa3b10e2f4efe7bed764c6b129b8b31ad87b8df2a,,
nussinov,numba,nopython-mode,initialization,observed,1.0347153428010643,nussinov,historical_main,,,,1,1,False,False,7de19d1b6c54c559477765ce530898d3c0e580b07d787f443f19ff85acf43418,05b880e157b9ee387cb9be1fa3b10e2f4efe7bed764c6b129b8b31ad87b8df2a,,
nussinov,numba,nopython-mode-parallel,initialization,observed,1.883261158131063,nussinov,historical_main,,,,1,1,False,False,7de19d1b6c54c559477765ce530898d3c0e580b07d787f443f19ff85acf43418,05b880e157b9ee387cb9be1fa3b10e2f4efe7bed764c6b129b8b31ad87b8df2a,,
nussinov,numba,nopython-mode-parallel-range,initialization,N/A,,,,,,,,,False,,,,,
nussinov,numba,object-mode,initialization,N/A,,,,,,,,,False,,,,,
nussinov,numba,object-mode-parallel,initialization,N/A,,,,,,,,,False,,,,,
nussinov,numba,object-mode-parallel-range,initialization,N/A,,,,,,,,,False,,,,,
nussinov,dace_cpu,fusion,initialization,observed,7.602158050052822,nussinov,historical_main,,,,1,1,False,False,7de19d1b6c54c559477765ce530898d3c0e580b07d787f443f19ff85acf43418,05b880e157b9ee387cb9be1fa3b10e2f4efe7bed764c6b129b8b31ad87b8df2a,,
nussinov,dace_cpu,parallel,initialization,observed,7.553409188985825,nussinov,historical_main,,,,1,1,False,False,7de19d1b6c54c559477765ce530898d3c0e580b07d787f443f19ff85acf43418,05b880e157b9ee387cb9be1fa3b10e2f4efe7bed764c6b129b8b31ad87b8df2a,,
nussinov,dace_cpu,auto_opt,initialization,observed,8.416657428722829,nussinov,historical_main,,,,1,1,False,False,7de19d1b6c54c559477765ce530898d3c0e580b07d787f443f19ff85acf43418,05b880e157b9ee387cb9be1fa3b10e2f4efe7bed764c6b129b8b31ad87b8df2a,,
nussinov,dace_gpu,fusion,initialization,observed,74.79433048935607,nussinov,historical_main,,,,1,1,False,False,7de19d1b6c54c559477765ce530898d3c0e580b07d787f443f19ff85acf43418,05b880e157b9ee387cb9be1fa3b10e2f4efe7bed764c6b129b8b31ad87b8df2a,,
nussinov,dace_gpu,parallel,initialization,observed,76.98463614610955,nussinov,historical_main,,,,1,1,False,False,7de19d1b6c54c559477765ce530898d3c0e580b07d787f443f19ff85acf43418,05b880e157b9ee387cb9be1fa3b10e2f4efe7bed764c6b129b8b31ad87b8df2a,,
nussinov,dace_gpu,auto_opt,initialization,observed,80.35382881201804,nussinov,historical_main,,,,1,1,False,False,7de19d1b6c54c559477765ce530898d3c0e580b07d787f443f19ff85acf43418,05b880e157b9ee387cb9be1fa3b10e2f4efe7bed764c6b129b8b31ad87b8df2a,,
nussinov,cupy,default,initialization,observed,83.5971072530374,nussinov,historical_main,,,,1,1,False,False,7de19d1b6c54c559477765ce530898d3c0e580b07d787f443f19ff85acf43418,05b880e157b9ee387cb9be1fa3b10e2f4efe7bed764c6b129b8b31ad87b8df2a,,
resnet,numpy,default,initialization,observed,1.0153009011410177,resnet,historical_main,,,,1,1,False,False,9c64e5659fe9a99f38dfdee95f8c4b5ec1e0daa0e4544948c4f88bb50e6edbfa,070b0fcd2b4f101302a58108dce79a6ea1d6fdbdf9be753fec768d1818ea7464,,
resnet,numba,nopython-mode,initialization,validation,,resnet,historical_main,,,,0,0,False,False,9c64e5659fe9a99f38dfdee95f8c4b5ec1e0daa0e4544948c4f88bb50e6edbfa,070b0fcd2b4f101302a58108dce79a6ea1d6fdbdf9be753fec768d1818ea7464,,
resnet,numba,nopython-mode-parallel,initialization,validation,,resnet,historical_main,,,,0,0,False,False,9c64e5659fe9a99f38dfdee95f8c4b5ec1e0daa0e4544948c4f88bb50e6edbfa,070b0fcd2b4f101302a58108dce79a6ea1d6fdbdf9be753fec768d1818ea7464,,
resnet,numba,nopython-mode-parallel-range,initialization,validation,,resnet,historical_main,,,,0,0,False,False,9c64e5659fe9a99f38dfdee95f8c4b5ec1e0daa0e4544948c4f88bb50e6edbfa,070b0fcd2b4f101302a58108dce79a6ea1d6fdbdf9be753fec768d1818ea7464,,
resnet,numba,object-mode,initialization,error,,resnet,historical_main,,,,0,0,False,False,9c64e5659fe9a99f38dfdee95f8c4b5ec1e0daa0e4544948c4f88bb50e6edbfa,070b0fcd2b4f101302a58108dce79a6ea1d6fdbdf9be753fec768d1818ea7464,,
resnet,numba,object-mode-parallel,initialization,error,,resnet,historical_main,,,,0,0,False,False,9c64e5659fe9a99f38dfdee95f8c4b5ec1e0daa0e4544948c4f88bb50e6edbfa,070b0fcd2b4f101302a58108dce79a6ea1d6fdbdf9be753fec768d1818ea7464,,
resnet,numba,object-mode-parallel-range,initialization,observed,4.701267703436315,resnet,historical_main,,,,1,1,False,False,9c64e5659fe9a99f38dfdee95f8c4b5ec1e0daa0e4544948c4f88bb50e6edbfa,070b0fcd2b4f101302a58108dce79a6ea1d6fdbdf9be753fec768d1818ea7464,,
resnet,dace_cpu,fusion,initialization,observed,19.134284674189985,resnet,historical_main,,,,1,1,False,False,9c64e5659fe9a99f38dfdee95f8c4b5ec1e0daa0e4544948c4f88bb50e6edbfa,070b0fcd2b4f101302a58108dce79a6ea1d6fdbdf9be753fec768d1818ea7464,,
resnet,dace_cpu,parallel,initialization,observed,18.256665990687907,resnet,historical_main,,,,1,1,False,False,9c64e5659fe9a99f38dfdee95f8c4b5ec1e0daa0e4544948c4f88bb50e6edbfa,070b0fcd2b4f101302a58108dce79a6ea1d6fdbdf9be753fec768d1818ea7464,,
resnet,dace_cpu,auto_opt,initialization,observed,17.649635599926114,resnet,historical_main,,,,1,1,False,False,9c64e5659fe9a99f38dfdee95f8c4b5ec1e0daa0e4544948c4f88bb50e6edbfa,070b0fcd2b4f101302a58108dce79a6ea1d6fdbdf9be753fec768d1818ea7464,,
resnet,dace_gpu,fusion,initialization,validation,,resnet,historical_main,,,,0,0,False,False,9c64e5659fe9a99f38dfdee95f8c4b5ec1e0daa0e4544948c4f88bb50e6edbfa,070b0fcd2b4f101302a58108dce79a6ea1d6fdbdf9be753fec768d1818ea7464,,
resnet,dace_gpu,parallel,initialization,error,,resnet,historical_main,,,,0,0,False,False,9c64e5659fe9a99f38dfdee95f8c4b5ec1e0daa0e4544948c4f88bb50e6edbfa,070b0fcd2b4f101302a58108dce79a6ea1d6fdbdf9be753fec768d1818ea7464,,
resnet,dace_gpu,auto_opt,initialization,error,,resnet,historical_main,,,,0,0,False,False,9c64e5659fe9a99f38dfdee95f8c4b5ec1e0daa0e4544948c4f88bb50e6edbfa,070b0fcd2b4f101302a58108dce79a6ea1d6fdbdf9be753fec768d1818ea7464,,
resnet,cupy,default,initialization,observed,4.610798355191946,resnet,historical_main,,,,1,1,False,False,9c64e5659fe9a99f38dfdee95f8c4b5ec1e0daa0e4544948c4f88bb50e6edbfa,070b0fcd2b4f101302a58108dce79a6ea1d6fdbdf9be753fec768d1818ea7464,,
scattering_self_energies,numpy,default,initialization,observed,1.1205472480505705,scattering_self_energies,historical_main,,,,1,1,False,False,dfe8b7a530913f54e6164d2f20cb5a63e6c95544a680629acde629144cff7caa,f7d4f3c7d50b72880addf25da02f47a077e25e5f288758e484adcbc85a181974,,
scattering_self_energies,numba,nopython-mode,initialization,observed,6.811039125081152,scattering_self_energies,historical_main,,,,1,1,False,False,dfe8b7a530913f54e6164d2f20cb5a63e6c95544a680629acde629144cff7caa,f7d4f3c7d50b72880addf25da02f47a077e25e5f288758e484adcbc85a181974,,
scattering_self_energies,numba,nopython-mode-parallel,initialization,N/A,,,,,,,,,False,,,,,
scattering_self_energies,numba,nopython-mode-parallel-range,initialization,observed,6.814131252933294,scattering_self_energies,historical_main,,,,1,1,False,False,dfe8b7a530913f54e6164d2f20cb5a63e6c95544a680629acde629144cff7caa,f7d4f3c7d50b72880addf25da02f47a077e25e5f288758e484adcbc85a181974,,
scattering_self_energies,numba,object-mode,initialization,N/A,,,,,,,,,False,,,,,
scattering_self_energies,numba,object-mode-parallel,initialization,N/A,,,,,,,,,False,,,,,
scattering_self_energies,numba,object-mode-parallel-range,initialization,N/A,,,,,,,,,False,,,,,
scattering_self_energies,dace_cpu,fusion,initialization,observed,16.625836399383843,scattering_self_energies,historical_main,,,,1,1,False,False,dfe8b7a530913f54e6164d2f20cb5a63e6c95544a680629acde629144cff7caa,f7d4f3c7d50b72880addf25da02f47a077e25e5f288758e484adcbc85a181974,,
scattering_self_energies,dace_cpu,parallel,initialization,observed,16.56544102076441,scattering_self_energies,historical_main,,,,1,1,False,False,dfe8b7a530913f54e6164d2f20cb5a63e6c95544a680629acde629144cff7caa,f7d4f3c7d50b72880addf25da02f47a077e25e5f288758e484adcbc85a181974,,
scattering_self_energies,dace_cpu,auto_opt,initialization,observed,18.969248744193465,scattering_self_energies,historical_main,,,,1,1,False,False,dfe8b7a530913f54e6164d2f20cb5a63e6c95544a680629acde629144cff7caa,f7d4f3c7d50b72880addf25da02f47a077e25e5f288758e484adcbc85a181974,,
scattering_self_energies,dace_gpu,fusion,initialization,observed,34.81004026532173,scattering_self_energies,historical_main,,,,1,1,False,False,dfe8b7a530913f54e6164d2f20cb5a63e6c95544a680629acde629144cff7caa,f7d4f3c7d50b72880addf25da02f47a077e25e5f288758e484adcbc85a181974,,
scattering_self_energies,dace_gpu,parallel,initialization,observed,34.21574733313173,scattering_self_energies,historical_main,,,,1,1,False,False,dfe8b7a530913f54e6164d2f20cb5a63e6c95544a680629acde629144cff7caa,f7d4f3c7d50b72880addf25da02f47a077e25e5f288758e484adcbc85a181974,,
scattering_self_energies,dace_gpu,auto_opt,initialization,observed,33.709098272025585,scattering_self_energies,historical_main,,,,1,1,False,False,dfe8b7a530913f54e6164d2f20cb5a63e6c95544a680629acde629144cff7caa,f7d4f3c7d50b72880addf25da02f47a077e25e5f288758e484adcbc85a181974,,
scattering_self_energies,cupy,default,initialization,observed,13.473704956006259,scattering_self_energies,historical_main,,,,1,1,False,False,dfe8b7a530913f54e6164d2f20cb5a63e6c95544a680629acde629144cff7caa,f7d4f3c7d50b72880addf25da02f47a077e25e5f288758e484adcbc85a181974,,
seidel_2d,numpy,default,initialization,observed,1.0712013537995517,seidel_2d,historical_main,,,,1,1,False,False,ee1919384d25883ff17bfcdb49d28a5d6dabc6f97d12c672811043a4107874a9,6d10c80c878e92ea3bdd4f0a16c473438b233d1989ed5a8d0f8d1356e6d0b32b,,
seidel_2d,numba,nopython-mode,initialization,observed,3.192523478064686,seidel_2d,historical_main,,,,1,1,False,False,ee1919384d25883ff17bfcdb49d28a5d6dabc6f97d12c672811043a4107874a9,6d10c80c878e92ea3bdd4f0a16c473438b233d1989ed5a8d0f8d1356e6d0b32b,,
seidel_2d,numba,nopython-mode-parallel,initialization,validation,,seidel_2d,historical_main,,,,0,0,False,False,ee1919384d25883ff17bfcdb49d28a5d6dabc6f97d12c672811043a4107874a9,6d10c80c878e92ea3bdd4f0a16c473438b233d1989ed5a8d0f8d1356e6d0b32b,,
seidel_2d,numba,nopython-mode-parallel-range,initialization,N/A,,,,,,,,,False,,,,,
seidel_2d,numba,object-mode,initialization,N/A,,,,,,,,,False,,,,,
seidel_2d,numba,object-mode-parallel,initialization,N/A,,,,,,,,,False,,,,,
seidel_2d,numba,object-mode-parallel-range,initialization,N/A,,,,,,,,,False,,,,,
seidel_2d,dace_cpu,fusion,initialization,observed,12.104492409154773,seidel_2d,historical_main,,,,1,1,False,False,ee1919384d25883ff17bfcdb49d28a5d6dabc6f97d12c672811043a4107874a9,6d10c80c878e92ea3bdd4f0a16c473438b233d1989ed5a8d0f8d1356e6d0b32b,,
seidel_2d,dace_cpu,parallel,initialization,observed,8.09411391057074,seidel_2d,historical_main,,,,1,1,False,False,ee1919384d25883ff17bfcdb49d28a5d6dabc6f97d12c672811043a4107874a9,6d10c80c878e92ea3bdd4f0a16c473438b233d1989ed5a8d0f8d1356e6d0b32b,,
seidel_2d,dace_cpu,auto_opt,initialization,observed,9.444131677038968,seidel_2d,historical_main,,,,1,1,False,False,ee1919384d25883ff17bfcdb49d28a5d6dabc6f97d12c672811043a4107874a9,6d10c80c878e92ea3bdd4f0a16c473438b233d1989ed5a8d0f8d1356e6d0b32b,,
seidel_2d,dace_gpu,fusion,initialization,observed,47.393972070887685,seidel_2d,historical_main,,,,1,1,False,False,ee1919384d25883ff17bfcdb49d28a5d6dabc6f97d12c672811043a4107874a9,6d10c80c878e92ea3bdd4f0a16c473438b233d1989ed5a8d0f8d1356e6d0b32b,,
seidel_2d,dace_gpu,parallel,initialization,observed,49.76919958461076,seidel_2d,historical_main,,,,1,1,False,False,ee1919384d25883ff17bfcdb49d28a5d6dabc6f97d12c672811043a4107874a9,6d10c80c878e92ea3bdd4f0a16c473438b233d1989ed5a8d0f8d1356e6d0b32b,,
seidel_2d,dace_gpu,auto_opt,initialization,observed,48.88607633206993,seidel_2d,historical_main,,,,1,1,False,False,ee1919384d25883ff17bfcdb49d28a5d6dabc6f97d12c672811043a4107874a9,6d10c80c878e92ea3bdd4f0a16c473438b233d1989ed5a8d0f8d1356e6d0b32b,,
seidel_2d,cupy,default,initialization,observed,43.65656332205981,seidel_2d,historical_main,,,,1,1,False,False,ee1919384d25883ff17bfcdb49d28a5d6dabc6f97d12c672811043a4107874a9,6d10c80c878e92ea3bdd4f0a16c473438b233d1989ed5a8d0f8d1356e6d0b32b,,
softmax,numpy,default,initialization,observed,0.9853595881722867,softmax,historical_main,,,,1,1,False,False,4c2cc8073ef8741ed9febc8a4ff62219351eab9b80f103f3f9ef78cbfb3d3a24,2fcf9437c28756a764115316372f1c170da55c13fa29321255a7dcc2a7583c80,,
softmax,numba,nopython-mode,initialization,observed,17.431252031587064,softmax,historical_main,,,,1,1,False,False,4c2cc8073ef8741ed9febc8a4ff62219351eab9b80f103f3f9ef78cbfb3d3a24,2fcf9437c28756a764115316372f1c170da55c13fa29321255a7dcc2a7583c80,,
softmax,numba,nopython-mode-parallel,initialization,observed,10.118999214842916,softmax,historical_main,,,,1,1,False,False,4c2cc8073ef8741ed9febc8a4ff62219351eab9b80f103f3f9ef78cbfb3d3a24,2fcf9437c28756a764115316372f1c170da55c13fa29321255a7dcc2a7583c80,,
softmax,numba,nopython-mode-parallel-range,initialization,observed,9.117478166241199,softmax,historical_main,,,,1,1,False,False,4c2cc8073ef8741ed9febc8a4ff62219351eab9b80f103f3f9ef78cbfb3d3a24,2fcf9437c28756a764115316372f1c170da55c13fa29321255a7dcc2a7583c80,,
softmax,numba,object-mode,initialization,observed,2.0915191122330725,softmax,historical_main,,,,1,1,False,False,4c2cc8073ef8741ed9febc8a4ff62219351eab9b80f103f3f9ef78cbfb3d3a24,2fcf9437c28756a764115316372f1c170da55c13fa29321255a7dcc2a7583c80,,
softmax,numba,object-mode-parallel,initialization,observed,1.9232904752716422,softmax,historical_main,,,,1,1,False,False,4c2cc8073ef8741ed9febc8a4ff62219351eab9b80f103f3f9ef78cbfb3d3a24,2fcf9437c28756a764115316372f1c170da55c13fa29321255a7dcc2a7583c80,,
softmax,numba,object-mode-parallel-range,initialization,N/A,,,,,,,,,False,,,,,
softmax,dace_cpu,fusion,initialization,observed,132.58057712996379,softmax,historical_main,,,,1,1,False,False,4c2cc8073ef8741ed9febc8a4ff62219351eab9b80f103f3f9ef78cbfb3d3a24,2fcf9437c28756a764115316372f1c170da55c13fa29321255a7dcc2a7583c80,,
softmax,dace_cpu,parallel,initialization,observed,132.69706842303276,softmax,historical_main,,,,1,1,False,False,4c2cc8073ef8741ed9febc8a4ff62219351eab9b80f103f3f9ef78cbfb3d3a24,2fcf9437c28756a764115316372f1c170da55c13fa29321255a7dcc2a7583c80,,
softmax,dace_cpu,auto_opt,initialization,observed,129.03222173498943,softmax,historical_main,,,,1,1,False,False,4c2cc8073ef8741ed9febc8a4ff62219351eab9b80f103f3f9ef78cbfb3d3a24,2fcf9437c28756a764115316372f1c170da55c13fa29321255a7dcc2a7583c80,,
softmax,dace_gpu,fusion,initialization,observed,25.266033546067774,softmax,historical_main,,,,1,1,False,False,4c2cc8073ef8741ed9febc8a4ff62219351eab9b80f103f3f9ef78cbfb3d3a24,2fcf9437c28756a764115316372f1c170da55c13fa29321255a7dcc2a7583c80,,
softmax,dace_gpu,parallel,initialization,observed,25.639057566877455,softmax,historical_main,,,,1,1,False,False,4c2cc8073ef8741ed9febc8a4ff62219351eab9b80f103f3f9ef78cbfb3d3a24,2fcf9437c28756a764115316372f1c170da55c13fa29321255a7dcc2a7583c80,,
softmax,dace_gpu,auto_opt,initialization,observed,25.71525832777843,softmax,historical_main,,,,1,1,False,False,4c2cc8073ef8741ed9febc8a4ff62219351eab9b80f103f3f9ef78cbfb3d3a24,2fcf9437c28756a764115316372f1c170da55c13fa29321255a7dcc2a7583c80,,
softmax,cupy,default,initialization,observed,2.007953512016684,softmax,historical_main,,,,1,1,False,False,4c2cc8073ef8741ed9febc8a4ff62219351eab9b80f103f3f9ef78cbfb3d3a24,2fcf9437c28756a764115316372f1c170da55c13fa29321255a7dcc2a7583c80,,
spmv,numpy,default,initialization,observed,1.0353514971211553,spmv,historical_main,,,,1,1,False,False,da225492dbcd662f48fe5c413e0af07e8fbf1265c8b2c20e9564383e2e55d8ad,830b22cd03e41feb9b883b4b8fc754402901ac74dc9f607cfa3a81bdc5787389,,
spmv,numba,nopython-mode,initialization,observed,0.901435995940119,spmv,historical_main,,,,1,1,False,False,da225492dbcd662f48fe5c413e0af07e8fbf1265c8b2c20e9564383e2e55d8ad,830b22cd03e41feb9b883b4b8fc754402901ac74dc9f607cfa3a81bdc5787389,,
spmv,numba,nopython-mode-parallel,initialization,observed,0.9047066648490727,spmv,historical_main,,,,1,1,False,False,da225492dbcd662f48fe5c413e0af07e8fbf1265c8b2c20e9564383e2e55d8ad,830b22cd03e41feb9b883b4b8fc754402901ac74dc9f607cfa3a81bdc5787389,,
spmv,numba,nopython-mode-parallel-range,initialization,observed,1.5283950609155,spmv,historical_main,,,,1,1,False,False,da225492dbcd662f48fe5c413e0af07e8fbf1265c8b2c20e9564383e2e55d8ad,830b22cd03e41feb9b883b4b8fc754402901ac74dc9f607cfa3a81bdc5787389,,
spmv,numba,object-mode,initialization,N/A,,,,,,,,,False,,,,,
spmv,numba,object-mode-parallel,initialization,N/A,,,,,,,,,False,,,,,
spmv,numba,object-mode-parallel-range,initialization,N/A,,,,,,,,,False,,,,,
spmv,dace_cpu,fusion,initialization,observed,18.95263891434297,spmv,historical_main,,,,1,1,False,False,da225492dbcd662f48fe5c413e0af07e8fbf1265c8b2c20e9564383e2e55d8ad,830b22cd03e41feb9b883b4b8fc754402901ac74dc9f607cfa3a81bdc5787389,,
spmv,dace_cpu,parallel,initialization,observed,8.365361483767629,spmv,historical_main,,,,1,1,False,False,da225492dbcd662f48fe5c413e0af07e8fbf1265c8b2c20e9564383e2e55d8ad,830b22cd03e41feb9b883b4b8fc754402901ac74dc9f607cfa3a81bdc5787389,,
spmv,dace_cpu,auto_opt,initialization,observed,8.119165342766792,spmv,historical_main,,,,1,1,False,False,da225492dbcd662f48fe5c413e0af07e8fbf1265c8b2c20e9564383e2e55d8ad,830b22cd03e41feb9b883b4b8fc754402901ac74dc9f607cfa3a81bdc5787389,,
spmv,dace_gpu,fusion,initialization,observed,76.37172489007935,spmv,historical_main,,,,1,1,False,False,da225492dbcd662f48fe5c413e0af07e8fbf1265c8b2c20e9564383e2e55d8ad,830b22cd03e41feb9b883b4b8fc754402901ac74dc9f607cfa3a81bdc5787389,,
spmv,dace_gpu,parallel,initialization,observed,24.482417160179466,spmv,historical_main,,,,1,1,False,False,da225492dbcd662f48fe5c413e0af07e8fbf1265c8b2c20e9564383e2e55d8ad,830b22cd03e41feb9b883b4b8fc754402901ac74dc9f607cfa3a81bdc5787389,,
spmv,dace_gpu,auto_opt,initialization,observed,24.261024232953787,spmv,historical_main,,,,1,1,False,False,da225492dbcd662f48fe5c413e0af07e8fbf1265c8b2c20e9564383e2e55d8ad,830b22cd03e41feb9b883b4b8fc754402901ac74dc9f607cfa3a81bdc5787389,,
spmv,cupy,default,initialization,observed,49.15039758896455,spmv,historical_main,,,,1,1,False,False,da225492dbcd662f48fe5c413e0af07e8fbf1265c8b2c20e9564383e2e55d8ad,830b22cd03e41feb9b883b4b8fc754402901ac74dc9f607cfa3a81bdc5787389,,
stockham_fft,numpy,default,initialization,observed,0.9943697666749358,stockham_fft,historical_main,,,,1,1,False,False,6d6ff6409e820c0b1abb2d24a7ede6af7390464b8d347a4cba678562e2b4f111,f6c4acc3fcbed6678c4fad72d834895ca7156ce67f7538ebe2242ed208af3254,,
stockham_fft,numba,nopython-mode,initialization,observed,10.626992653589696,stockham_fft,historical_main,,,,1,1,False,False,6d6ff6409e820c0b1abb2d24a7ede6af7390464b8d347a4cba678562e2b4f111,f6c4acc3fcbed6678c4fad72d834895ca7156ce67f7538ebe2242ed208af3254,,
stockham_fft,numba,nopython-mode-parallel,initialization,observed,495.4024904877879,stockham_fft,historical_main,,,,1,1,False,False,6d6ff6409e820c0b1abb2d24a7ede6af7390464b8d347a4cba678562e2b4f111,f6c4acc3fcbed6678c4fad72d834895ca7156ce67f7538ebe2242ed208af3254,,
stockham_fft,numba,nopython-mode-parallel-range,initialization,observed,15.765964715275913,stockham_fft,historical_main,,,,1,1,False,False,6d6ff6409e820c0b1abb2d24a7ede6af7390464b8d347a4cba678562e2b4f111,f6c4acc3fcbed6678c4fad72d834895ca7156ce67f7538ebe2242ed208af3254,,
stockham_fft,numba,object-mode,initialization,observed,7.512921472080052,stockham_fft,historical_main,,,,1,1,False,False,6d6ff6409e820c0b1abb2d24a7ede6af7390464b8d347a4cba678562e2b4f111,f6c4acc3fcbed6678c4fad72d834895ca7156ce67f7538ebe2242ed208af3254,,
stockham_fft,numba,object-mode-parallel,initialization,observed,8.430784314870834,stockham_fft,historical_main,,,,1,1,False,False,6d6ff6409e820c0b1abb2d24a7ede6af7390464b8d347a4cba678562e2b4f111,f6c4acc3fcbed6678c4fad72d834895ca7156ce67f7538ebe2242ed208af3254,,
stockham_fft,numba,object-mode-parallel-range,initialization,N/A,,,,,,,,,False,,,,,
stockham_fft,dace_cpu,fusion,initialization,error,,stockham_fft,historical_main,,,,0,0,False,False,6d6ff6409e820c0b1abb2d24a7ede6af7390464b8d347a4cba678562e2b4f111,f6c4acc3fcbed6678c4fad72d834895ca7156ce67f7538ebe2242ed208af3254,,
stockham_fft,dace_cpu,parallel,initialization,error,,stockham_fft,historical_main,,,,0,0,False,False,6d6ff6409e820c0b1abb2d24a7ede6af7390464b8d347a4cba678562e2b4f111,f6c4acc3fcbed6678c4fad72d834895ca7156ce67f7538ebe2242ed208af3254,,
stockham_fft,dace_cpu,auto_opt,initialization,error,,stockham_fft,historical_main,,,,0,0,False,False,6d6ff6409e820c0b1abb2d24a7ede6af7390464b8d347a4cba678562e2b4f111,f6c4acc3fcbed6678c4fad72d834895ca7156ce67f7538ebe2242ed208af3254,,
stockham_fft,dace_gpu,fusion,initialization,error,,stockham_fft,historical_main,,,,0,0,False,False,6d6ff6409e820c0b1abb2d24a7ede6af7390464b8d347a4cba678562e2b4f111,f6c4acc3fcbed6678c4fad72d834895ca7156ce67f7538ebe2242ed208af3254,,
stockham_fft,dace_gpu,parallel,initialization,error,,stockham_fft,historical_main,,,,0,0,False,False,6d6ff6409e820c0b1abb2d24a7ede6af7390464b8d347a4cba678562e2b4f111,f6c4acc3fcbed6678c4fad72d834895ca7156ce67f7538ebe2242ed208af3254,,
stockham_fft,dace_gpu,auto_opt,initialization,error,,stockham_fft,historical_main,,,,0,0,False,False,6d6ff6409e820c0b1abb2d24a7ede6af7390464b8d347a4cba678562e2b4f111,f6c4acc3fcbed6678c4fad72d834895ca7156ce67f7538ebe2242ed208af3254,,
stockham_fft,cupy,default,initialization,observed,2.556117749772966,stockham_fft,historical_main,,,,1,1,False,False,6d6ff6409e820c0b1abb2d24a7ede6af7390464b8d347a4cba678562e2b4f111,f6c4acc3fcbed6678c4fad72d834895ca7156ce67f7538ebe2242ed208af3254,,
symm,numpy,default,initialization,observed,1.0982685312628746,symm,historical_main,,,,1,1,False,False,9a79ab11f86fec484ee78c92c02c8f9588bcdd801caf9345beae289adb5ce087,c983fe23aab1369b59df067f61f46c516f426a2b0a1ea8bdc3779352f6c91630,,
symm,numba,nopython-mode,initialization,observed,3.4068369367159903,symm,historical_main,,,,1,1,False,False,9a79ab11f86fec484ee78c92c02c8f9588bcdd801caf9345beae289adb5ce087,c983fe23aab1369b59df067f61f46c516f426a2b0a1ea8bdc3779352f6c91630,,
symm,numba,nopython-mode-parallel,initialization,N/A,,,,,,,,,False,,,,,
symm,numba,nopython-mode-parallel-range,initialization,observed,4.893575239926577,symm,historical_main,,,,1,1,False,False,9a79ab11f86fec484ee78c92c02c8f9588bcdd801caf9345beae289adb5ce087,c983fe23aab1369b59df067f61f46c516f426a2b0a1ea8bdc3779352f6c91630,,
symm,numba,object-mode,initialization,N/A,,,,,,,,,False,,,,,
symm,numba,object-mode-parallel,initialization,N/A,,,,,,,,,False,,,,,
symm,numba,object-mode-parallel-range,initialization,N/A,,,,,,,,,False,,,,,
symm,dace_cpu,fusion,initialization,observed,13.852508843876421,symm,historical_main,,,,1,1,False,False,9a79ab11f86fec484ee78c92c02c8f9588bcdd801caf9345beae289adb5ce087,c983fe23aab1369b59df067f61f46c516f426a2b0a1ea8bdc3779352f6c91630,,
symm,dace_cpu,parallel,initialization,observed,15.264435464981943,symm,historical_main,,,,1,1,False,False,9a79ab11f86fec484ee78c92c02c8f9588bcdd801caf9345beae289adb5ce087,c983fe23aab1369b59df067f61f46c516f426a2b0a1ea8bdc3779352f6c91630,,
symm,dace_cpu,auto_opt,initialization,observed,16.55990988900885,symm,historical_main,,,,1,1,False,False,9a79ab11f86fec484ee78c92c02c8f9588bcdd801caf9345beae289adb5ce087,c983fe23aab1369b59df067f61f46c516f426a2b0a1ea8bdc3779352f6c91630,,
symm,dace_gpu,fusion,initialization,observed,31.0815694979392,symm,historical_main,,,,1,1,False,False,9a79ab11f86fec484ee78c92c02c8f9588bcdd801caf9345beae289adb5ce087,c983fe23aab1369b59df067f61f46c516f426a2b0a1ea8bdc3779352f6c91630,,
symm,dace_gpu,parallel,initialization,observed,31.084322485607117,symm,historical_main,,,,1,1,False,False,9a79ab11f86fec484ee78c92c02c8f9588bcdd801caf9345beae289adb5ce087,c983fe23aab1369b59df067f61f46c516f426a2b0a1ea8bdc3779352f6c91630,,
symm,dace_gpu,auto_opt,initialization,observed,31.00928775407374,symm,historical_main,,,,1,1,False,False,9a79ab11f86fec484ee78c92c02c8f9588bcdd801caf9345beae289adb5ce087,c983fe23aab1369b59df067f61f46c516f426a2b0a1ea8bdc3779352f6c91630,,
symm,cupy,default,initialization,observed,27.33446105895564,symm,historical_main,,,,1,1,False,False,9a79ab11f86fec484ee78c92c02c8f9588bcdd801caf9345beae289adb5ce087,c983fe23aab1369b59df067f61f46c516f426a2b0a1ea8bdc3779352f6c91630,,
syr2k,numpy,default,initialization,observed,1.2871588137932122,syr2k,historical_main,,,,1,1,False,False,e7abbc19895a88befab489211bc20dc301be2dede982f39fba4c4f210583f274,4eed4ab152ea49c0a4cdf942787319238e4b8903146da60692ca376422fc8502,,
syr2k,numba,nopython-mode,initialization,observed,3.2902804533950984,syr2k,historical_main,,,,1,1,False,False,e7abbc19895a88befab489211bc20dc301be2dede982f39fba4c4f210583f274,4eed4ab152ea49c0a4cdf942787319238e4b8903146da60692ca376422fc8502,,
syr2k,numba,nopython-mode-parallel,initialization,N/A,,,,,,,,,False,,,,,
syr2k,numba,nopython-mode-parallel-range,initialization,N/A,,,,,,,,,False,,,,,
syr2k,numba,object-mode,initialization,N/A,,,,,,,,,False,,,,,
syr2k,numba,object-mode-parallel,initialization,N/A,,,,,,,,,False,,,,,
syr2k,numba,object-mode-parallel-range,initialization,N/A,,,,,,,,,False,,,,,
syr2k,dace_cpu,fusion,initialization,observed,19.57628774829209,syr2k,historical_main,,,,1,1,False,False,e7abbc19895a88befab489211bc20dc301be2dede982f39fba4c4f210583f274,4eed4ab152ea49c0a4cdf942787319238e4b8903146da60692ca376422fc8502,,
syr2k,dace_cpu,parallel,initialization,observed,12.258277501910925,syr2k,historical_main,,,,1,1,False,False,e7abbc19895a88befab489211bc20dc301be2dede982f39fba4c4f210583f274,4eed4ab152ea49c0a4cdf942787319238e4b8903146da60692ca376422fc8502,,
syr2k,dace_cpu,auto_opt,initialization,observed,12.340764577966183,syr2k,historical_main,,,,1,1,False,False,e7abbc19895a88befab489211bc20dc301be2dede982f39fba4c4f210583f274,4eed4ab152ea49c0a4cdf942787319238e4b8903146da60692ca376422fc8502,,
syr2k,dace_gpu,fusion,initialization,observed,29.85969970189035,syr2k,historical_main,,,,1,1,False,False,e7abbc19895a88befab489211bc20dc301be2dede982f39fba4c4f210583f274,4eed4ab152ea49c0a4cdf942787319238e4b8903146da60692ca376422fc8502,,
syr2k,dace_gpu,parallel,initialization,observed,29.329762999899685,syr2k,historical_main,,,,1,1,False,False,e7abbc19895a88befab489211bc20dc301be2dede982f39fba4c4f210583f274,4eed4ab152ea49c0a4cdf942787319238e4b8903146da60692ca376422fc8502,,
syr2k,dace_gpu,auto_opt,initialization,observed,30.728303954936564,syr2k,historical_main,,,,1,1,False,False,e7abbc19895a88befab489211bc20dc301be2dede982f39fba4c4f210583f274,4eed4ab152ea49c0a4cdf942787319238e4b8903146da60692ca376422fc8502,,
syr2k,cupy,default,initialization,observed,15.769932680297643,syr2k,historical_main,,,,1,1,False,False,e7abbc19895a88befab489211bc20dc301be2dede982f39fba4c4f210583f274,4eed4ab152ea49c0a4cdf942787319238e4b8903146da60692ca376422fc8502,,
syrk,numpy,default,initialization,observed,1.1201689317822456,syrk,historical_main,,,,1,1,False,False,92484da5155c3406ad7a24b9d17a47e4e5ea9277c45b375c935d26bea371609c,c9125e156aac0f0083fa4d941c44b5e500809f7d0e4096cfd309983aa1701894,,
syrk,numba,nopython-mode,initialization,observed,3.484825688879937,syrk,historical_main,,,,1,1,False,False,92484da5155c3406ad7a24b9d17a47e4e5ea9277c45b375c935d26bea371609c,c9125e156aac0f0083fa4d941c44b5e500809f7d0e4096cfd309983aa1701894,,
syrk,numba,nopython-mode-parallel,initialization,N/A,,,,,,,,,False,,,,,
syrk,numba,nopython-mode-parallel-range,initialization,N/A,,,,,,,,,False,,,,,
syrk,numba,object-mode,initialization,N/A,,,,,,,,,False,,,,,
syrk,numba,object-mode-parallel,initialization,N/A,,,,,,,,,False,,,,,
syrk,numba,object-mode-parallel-range,initialization,N/A,,,,,,,,,False,,,,,
syrk,dace_cpu,fusion,initialization,observed,18.342617716174573,syrk,historical_main,,,,1,1,False,False,92484da5155c3406ad7a24b9d17a47e4e5ea9277c45b375c935d26bea371609c,c9125e156aac0f0083fa4d941c44b5e500809f7d0e4096cfd309983aa1701894,,
syrk,dace_cpu,parallel,initialization,observed,15.515250287950039,syrk,historical_main,,,,1,1,False,False,92484da5155c3406ad7a24b9d17a47e4e5ea9277c45b375c935d26bea371609c,c9125e156aac0f0083fa4d941c44b5e500809f7d0e4096cfd309983aa1701894,,
syrk,dace_cpu,auto_opt,initialization,observed,25.357539963908494,syrk,historical_main,,,,1,1,False,False,92484da5155c3406ad7a24b9d17a47e4e5ea9277c45b375c935d26bea371609c,c9125e156aac0f0083fa4d941c44b5e500809f7d0e4096cfd309983aa1701894,,
syrk,dace_gpu,fusion,initialization,observed,27.86460325308144,syrk,historical_main,,,,1,1,False,False,92484da5155c3406ad7a24b9d17a47e4e5ea9277c45b375c935d26bea371609c,c9125e156aac0f0083fa4d941c44b5e500809f7d0e4096cfd309983aa1701894,,
syrk,dace_gpu,parallel,initialization,observed,26.860819813329726,syrk,historical_main,,,,1,1,False,False,92484da5155c3406ad7a24b9d17a47e4e5ea9277c45b375c935d26bea371609c,c9125e156aac0f0083fa4d941c44b5e500809f7d0e4096cfd309983aa1701894,,
syrk,dace_gpu,auto_opt,initialization,observed,27.349548561964184,syrk,historical_main,,,,1,1,False,False,92484da5155c3406ad7a24b9d17a47e4e5ea9277c45b375c935d26bea371609c,c9125e156aac0f0083fa4d941c44b5e500809f7d0e4096cfd309983aa1701894,,
syrk,cupy,default,initialization,observed,17.87904472509399,syrk,historical_main,,,,1,1,False,False,92484da5155c3406ad7a24b9d17a47e4e5ea9277c45b375c935d26bea371609c,c9125e156aac0f0083fa4d941c44b5e500809f7d0e4096cfd309983aa1701894,,
trisolv,numpy,default,initialization,observed,0.1254898183979094,trisolv,historical_main,,,,1,1,False,False,4f5471ef60c1579f85ae344ab83c59b28f7f210b0a535e59616ed8d3e93dce87,2ef566c3a7e8536e3be1ae3aaac85d9a03f4836c00d28326cc70cf2e8147fdb1,,
trisolv,numba,nopython-mode,initialization,observed,0.9728491599671543,trisolv,historical_main,,,,1,1,False,False,4f5471ef60c1579f85ae344ab83c59b28f7f210b0a535e59616ed8d3e93dce87,2ef566c3a7e8536e3be1ae3aaac85d9a03f4836c00d28326cc70cf2e8147fdb1,,
trisolv,numba,nopython-mode-parallel,initialization,observed,0.5424559023231268,trisolv,historical_main,,,,1,1,False,False,4f5471ef60c1579f85ae344ab83c59b28f7f210b0a535e59616ed8d3e93dce87,2ef566c3a7e8536e3be1ae3aaac85d9a03f4836c00d28326cc70cf2e8147fdb1,,
trisolv,numba,nopython-mode-parallel-range,initialization,N/A,,,,,,,,,False,,,,,
trisolv,numba,object-mode,initialization,N/A,,,,,,,,,False,,,,,
trisolv,numba,object-mode-parallel,initialization,N/A,,,,,,,,,False,,,,,
trisolv,numba,object-mode-parallel-range,initialization,N/A,,,,,,,,,False,,,,,
trisolv,dace_cpu,fusion,initialization,observed,7.99218431301415,trisolv,historical_main,,,,1,1,False,False,4f5471ef60c1579f85ae344ab83c59b28f7f210b0a535e59616ed8d3e93dce87,2ef566c3a7e8536e3be1ae3aaac85d9a03f4836c00d28326cc70cf2e8147fdb1,,
trisolv,dace_cpu,parallel,initialization,observed,7.415661205071956,trisolv,historical_main,,,,1,1,False,False,4f5471ef60c1579f85ae344ab83c59b28f7f210b0a535e59616ed8d3e93dce87,2ef566c3a7e8536e3be1ae3aaac85d9a03f4836c00d28326cc70cf2e8147fdb1,,
trisolv,dace_cpu,auto_opt,initialization,observed,7.926291062962264,trisolv,historical_main,,,,1,1,False,False,4f5471ef60c1579f85ae344ab83c59b28f7f210b0a535e59616ed8d3e93dce87,2ef566c3a7e8536e3be1ae3aaac85d9a03f4836c00d28326cc70cf2e8147fdb1,,
trisolv,dace_gpu,fusion,initialization,observed,25.902279714122415,trisolv,historical_main,,,,1,1,False,False,4f5471ef60c1579f85ae344ab83c59b28f7f210b0a535e59616ed8d3e93dce87,2ef566c3a7e8536e3be1ae3aaac85d9a03f4836c00d28326cc70cf2e8147fdb1,,
trisolv,dace_gpu,parallel,initialization,observed,28.50410772766918,trisolv,historical_main,,,,1,1,False,False,4f5471ef60c1579f85ae344ab83c59b28f7f210b0a535e59616ed8d3e93dce87,2ef566c3a7e8536e3be1ae3aaac85d9a03f4836c00d28326cc70cf2e8147fdb1,,
trisolv,dace_gpu,auto_opt,initialization,observed,27.254752072971314,trisolv,historical_main,,,,1,1,False,False,4f5471ef60c1579f85ae344ab83c59b28f7f210b0a535e59616ed8d3e93dce87,2ef566c3a7e8536e3be1ae3aaac85d9a03f4836c00d28326cc70cf2e8147fdb1,,
trisolv,cupy,default,initialization,observed,2.9954309170134366,trisolv,historical_main,,,,1,1,False,False,4f5471ef60c1579f85ae344ab83c59b28f7f210b0a535e59616ed8d3e93dce87,2ef566c3a7e8536e3be1ae3aaac85d9a03f4836c00d28326cc70cf2e8147fdb1,,
trmm,numpy,default,initialization,observed,1.1364069366827607,trmm,historical_main,,,,1,1,False,False,3f94b2a3aeb62dabee33d3188a61d501e42975b8a01970dd7d3717b65c060956,9168af76f7b62c6873ac45e920743c46191f055c32ee6a1f1df2aba5ab399d7e,,
trmm,numba,nopython-mode,initialization,observed,1.3523548902012408,trmm,historical_main,,,,1,1,False,False,3f94b2a3aeb62dabee33d3188a61d501e42975b8a01970dd7d3717b65c060956,9168af76f7b62c6873ac45e920743c46191f055c32ee6a1f1df2aba5ab399d7e,,
trmm,numba,nopython-mode-parallel,initialization,N/A,,,,,,,,,False,,,,,
trmm,numba,nopython-mode-parallel-range,initialization,observed,2.045079145114869,trmm,historical_main,,,,1,1,False,False,3f94b2a3aeb62dabee33d3188a61d501e42975b8a01970dd7d3717b65c060956,9168af76f7b62c6873ac45e920743c46191f055c32ee6a1f1df2aba5ab399d7e,,
trmm,numba,object-mode,initialization,N/A,,,,,,,,,False,,,,,
trmm,numba,object-mode-parallel,initialization,N/A,,,,,,,,,False,,,,,
trmm,numba,object-mode-parallel-range,initialization,N/A,,,,,,,,,False,,,,,
trmm,dace_cpu,fusion,initialization,observed,8.06083415215835,trmm,historical_main,,,,1,1,False,False,3f94b2a3aeb62dabee33d3188a61d501e42975b8a01970dd7d3717b65c060956,9168af76f7b62c6873ac45e920743c46191f055c32ee6a1f1df2aba5ab399d7e,,
trmm,dace_cpu,parallel,initialization,observed,8.091374730225652,trmm,historical_main,,,,1,1,False,False,3f94b2a3aeb62dabee33d3188a61d501e42975b8a01970dd7d3717b65c060956,9168af76f7b62c6873ac45e920743c46191f055c32ee6a1f1df2aba5ab399d7e,,
trmm,dace_cpu,auto_opt,initialization,observed,8.5166468010284,trmm,historical_main,,,,1,1,False,False,3f94b2a3aeb62dabee33d3188a61d501e42975b8a01970dd7d3717b65c060956,9168af76f7b62c6873ac45e920743c46191f055c32ee6a1f1df2aba5ab399d7e,,
trmm,dace_gpu,fusion,initialization,observed,33.48553410731256,trmm,historical_main,,,,1,1,False,False,3f94b2a3aeb62dabee33d3188a61d501e42975b8a01970dd7d3717b65c060956,9168af76f7b62c6873ac45e920743c46191f055c32ee6a1f1df2aba5ab399d7e,,
trmm,dace_gpu,parallel,initialization,observed,24.965527827851474,trmm,historical_main,,,,1,1,False,False,3f94b2a3aeb62dabee33d3188a61d501e42975b8a01970dd7d3717b65c060956,9168af76f7b62c6873ac45e920743c46191f055c32ee6a1f1df2aba5ab399d7e,,
trmm,dace_gpu,auto_opt,initialization,observed,24.321132538840175,trmm,historical_main,,,,1,1,False,False,3f94b2a3aeb62dabee33d3188a61d501e42975b8a01970dd7d3717b65c060956,9168af76f7b62c6873ac45e920743c46191f055c32ee6a1f1df2aba5ab399d7e,,
trmm,cupy,default,initialization,observed,38.920332147274166,trmm,historical_main,,,,1,1,False,False,3f94b2a3aeb62dabee33d3188a61d501e42975b8a01970dd7d3717b65c060956,9168af76f7b62c6873ac45e920743c46191f055c32ee6a1f1df2aba5ab399d7e,,
vadv,numpy,default,initialization,observed,0.6227978481911123,vadv,historical_main,,,,1,1,False,False,af48764eed52bcbfa917a57089296ce3be876f060430fae648ab359316609f14,300cff4f4ff45aa053437078a699f7f36c3a42bea19f7d989bd20911ef2050f4,,
vadv,numba,nopython-mode,initialization,observed,12.066285389941186,vadv,historical_main,,,,1,1,False,False,af48764eed52bcbfa917a57089296ce3be876f060430fae648ab359316609f14,300cff4f4ff45aa053437078a699f7f36c3a42bea19f7d989bd20911ef2050f4,,
vadv,numba,nopython-mode-parallel,initialization,observed,14.237118144985288,vadv,historical_main,,,,1,1,False,False,af48764eed52bcbfa917a57089296ce3be876f060430fae648ab359316609f14,300cff4f4ff45aa053437078a699f7f36c3a42bea19f7d989bd20911ef2050f4,,
vadv,numba,nopython-mode-parallel-range,initialization,N/A,,,,,,,,,False,,,,,
vadv,numba,object-mode,initialization,N/A,,,,,,,,,False,,,,,
vadv,numba,object-mode-parallel,initialization,N/A,,,,,,,,,False,,,,,
vadv,numba,object-mode-parallel-range,initialization,N/A,,,,,,,,,False,,,,,
vadv,dace_cpu,fusion,initialization,observed,17.944832335226238,vadv,historical_main,,,,1,1,False,False,af48764eed52bcbfa917a57089296ce3be876f060430fae648ab359316609f14,300cff4f4ff45aa053437078a699f7f36c3a42bea19f7d989bd20911ef2050f4,,
vadv,dace_cpu,parallel,initialization,observed,14.889657327905297,vadv,historical_main,,,,1,1,False,False,af48764eed52bcbfa917a57089296ce3be876f060430fae648ab359316609f14,300cff4f4ff45aa053437078a699f7f36c3a42bea19f7d989bd20911ef2050f4,,
vadv,dace_cpu,auto_opt,initialization,observed,18.838356964755803,vadv,historical_main,,,,1,1,False,False,af48764eed52bcbfa917a57089296ce3be876f060430fae648ab359316609f14,300cff4f4ff45aa053437078a699f7f36c3a42bea19f7d989bd20911ef2050f4,,
vadv,dace_gpu,fusion,initialization,observed,31.07827088283375,vadv,historical_main,,,,1,1,False,False,af48764eed52bcbfa917a57089296ce3be876f060430fae648ab359316609f14,300cff4f4ff45aa053437078a699f7f36c3a42bea19f7d989bd20911ef2050f4,,
vadv,dace_gpu,parallel,initialization,observed,32.037406301125884,vadv,historical_main,,,,1,1,False,False,af48764eed52bcbfa917a57089296ce3be876f060430fae648ab359316609f14,300cff4f4ff45aa053437078a699f7f36c3a42bea19f7d989bd20911ef2050f4,,
vadv,dace_gpu,auto_opt,initialization,observed,35.85156685858965,vadv,historical_main,,,,1,1,False,False,af48764eed52bcbfa917a57089296ce3be876f060430fae648ab359316609f14,300cff4f4ff45aa053437078a699f7f36c3a42bea19f7d989bd20911ef2050f4,,
vadv,cupy,default,initialization,observed,3.4180203108116984,vadv,historical_main,,,,1,1,False,False,af48764eed52bcbfa917a57089296ce3be876f060430fae648ab359316609f14,300cff4f4ff45aa053437078a699f7f36c3a42bea19f7d989bd20911ef2050f4,,
adi_corrected,numpy,default,fresh_process,observed,1.5164293255656958,adi_corrected,workload-repairs/main-L,,,,2,2,True,True,72849b544ae3b8773b18c95384e36f194ea524782f4feabfed03a3b4194872e9,44fae57bf7759f2639279283ba275bd89bd5df1bf8f5d46bee32e1d87e87c452,,two_later_processes_only
adi_corrected,numba,nopython-mode,fresh_process,observed,0.7577252851333469,adi_corrected,workload-repairs/main-L,,,,2,2,True,True,72849b544ae3b8773b18c95384e36f194ea524782f4feabfed03a3b4194872e9,44fae57bf7759f2639279283ba275bd89bd5df1bf8f5d46bee32e1d87e87c452,,two_later_processes_only
adi_corrected,numba,nopython-mode-parallel,fresh_process,observed,22.90513593587093,adi_corrected,workload-repairs/main-L,,,,2,2,True,True,72849b544ae3b8773b18c95384e36f194ea524782f4feabfed03a3b4194872e9,44fae57bf7759f2639279283ba275bd89bd5df1bf8f5d46bee32e1d87e87c452,,two_later_processes_only
adi_corrected,numba,nopython-mode-parallel-range,fresh_process,N/A,,,,,,,,,False,,,,,
adi_corrected,numba,object-mode,fresh_process,N/A,,,,,,,,,False,,,,,
adi_corrected,numba,object-mode-parallel,fresh_process,N/A,,,,,,,,,False,,,,,
adi_corrected,numba,object-mode-parallel-range,fresh_process,N/A,,,,,,,,,False,,,,,
adi_corrected,dace_cpu,fusion,fresh_process,observed,10.098866401938722,adi_corrected,workload-repairs/main-L,,,,2,2,True,True,72849b544ae3b8773b18c95384e36f194ea524782f4feabfed03a3b4194872e9,44fae57bf7759f2639279283ba275bd89bd5df1bf8f5d46bee32e1d87e87c452,,two_later_processes_only
adi_corrected,dace_cpu,parallel,fresh_process,observed,15.06541076186113,adi_corrected,workload-repairs/main-L,,,,2,2,True,True,72849b544ae3b8773b18c95384e36f194ea524782f4feabfed03a3b4194872e9,44fae57bf7759f2639279283ba275bd89bd5df1bf8f5d46bee32e1d87e87c452,,between_process_variability;two_later_processes_only
adi_corrected,dace_cpu,auto_opt,fresh_process,observed,10.875353836454451,adi_corrected,workload-repairs/main-L,,,,2,2,True,True,72849b544ae3b8773b18c95384e36f194ea524782f4feabfed03a3b4194872e9,44fae57bf7759f2639279283ba275bd89bd5df1bf8f5d46bee32e1d87e87c452,,between_process_variability;two_later_processes_only
adi_corrected,dace_gpu,fusion,fresh_process,observed,3.7989869902376086,adi_corrected,workload-repairs/main-L,,,,2,2,True,True,72849b544ae3b8773b18c95384e36f194ea524782f4feabfed03a3b4194872e9,44fae57bf7759f2639279283ba275bd89bd5df1bf8f5d46bee32e1d87e87c452,,two_later_processes_only
adi_corrected,dace_gpu,parallel,fresh_process,observed,3.8573342571035028,adi_corrected,workload-repairs/main-L,,,,2,2,True,True,72849b544ae3b8773b18c95384e36f194ea524782f4feabfed03a3b4194872e9,44fae57bf7759f2639279283ba275bd89bd5df1bf8f5d46bee32e1d87e87c452,,two_later_processes_only
adi_corrected,dace_gpu,auto_opt,fresh_process,observed,2.8108490293379873,adi_corrected,workload-repairs/main-L,,,,2,2,True,True,72849b544ae3b8773b18c95384e36f194ea524782f4feabfed03a3b4194872e9,44fae57bf7759f2639279283ba275bd89bd5df1bf8f5d46bee32e1d87e87c452,,two_later_processes_only
adi_corrected,cupy,default,fresh_process,observed,15.057022232329473,adi_corrected,workload-repairs/main-L,,,,2,2,True,True,72849b544ae3b8773b18c95384e36f194ea524782f4feabfed03a3b4194872e9,44fae57bf7759f2639279283ba275bd89bd5df1bf8f5d46bee32e1d87e87c452,,between_process_variability;two_later_processes_only
arc_distance,numpy,default,fresh_process,observed,0.8117980558890849,arc_distance,historical_main,,,,2,2,False,False,d2c2cc16a18a69316144dced56e13ec50585fb90292fd8c9251b0cd2d83afd8e,c9a5d51d680eeff18f5d5e1a8bd8a4acc4d771e072238396fee0333ed61696be,,
arc_distance,numba,nopython-mode,fresh_process,observed,1.0321764044929296,arc_distance,historical_main,,,,2,2,True,False,d2c2cc16a18a69316144dced56e13ec50585fb90292fd8c9251b0cd2d83afd8e,c9a5d51d680eeff18f5d5e1a8bd8a4acc4d771e072238396fee0333ed61696be,,historical_disk_cache_hit_not_recorded;selected_process_variability
arc_distance,numba,nopython-mode-parallel,fresh_process,observed,0.4440649109892547,arc_distance,historical_main,,,,2,2,True,False,d2c2cc16a18a69316144dced56e13ec50585fb90292fd8c9251b0cd2d83afd8e,c9a5d51d680eeff18f5d5e1a8bd8a4acc4d771e072238396fee0333ed61696be,,historical_disk_cache_hit_not_recorded;new_sampling_or_resources
arc_distance,numba,nopython-mode-parallel-range,fresh_process,N/A,,,,,,,,,False,,,,,
arc_distance,numba,object-mode,fresh_process,N/A,,,,,,,,,False,,,,,
arc_distance,numba,object-mode-parallel,fresh_process,N/A,,,,,,,,,False,,,,,
arc_distance,numba,object-mode-parallel-range,fresh_process,N/A,,,,,,,,,False,,,,,
arc_distance,dace_cpu,fusion,fresh_process,observed,0.18789491639472544,arc_distance,historical_main,,,,2,2,True,False,d2c2cc16a18a69316144dced56e13ec50585fb90292fd8c9251b0cd2d83afd8e,c9a5d51d680eeff18f5d5e1a8bd8a4acc4d771e072238396fee0333ed61696be,,selected_process_variability
arc_distance,dace_cpu,parallel,fresh_process,observed,0.09064533584751189,arc_distance,historical_main,,,,2,2,False,False,d2c2cc16a18a69316144dced56e13ec50585fb90292fd8c9251b0cd2d83afd8e,c9a5d51d680eeff18f5d5e1a8bd8a4acc4d771e072238396fee0333ed61696be,,
arc_distance,dace_cpu,auto_opt,fresh_process,observed,0.1180240549147129,arc_distance,historical_main,,,,2,2,False,False,d2c2cc16a18a69316144dced56e13ec50585fb90292fd8c9251b0cd2d83afd8e,c9a5d51d680eeff18f5d5e1a8bd8a4acc4d771e072238396fee0333ed61696be,,
arc_distance,dace_gpu,fusion,fresh_process,observed,1.2293855850584805,arc_distance,historical_main,,,,2,2,False,False,d2c2cc16a18a69316144dced56e13ec50585fb90292fd8c9251b0cd2d83afd8e,c9a5d51d680eeff18f5d5e1a8bd8a4acc4d771e072238396fee0333ed61696be,,
arc_distance,dace_gpu,parallel,fresh_process,observed,1.2894859723746777,arc_distance,historical_main,,,,2,2,True,False,d2c2cc16a18a69316144dced56e13ec50585fb90292fd8c9251b0cd2d83afd8e,c9a5d51d680eeff18f5d5e1a8bd8a4acc4d771e072238396fee0333ed61696be,,selected_process_variability
arc_distance,dace_gpu,auto_opt,fresh_process,observed,1.0195952674839646,arc_distance,historical_main,,,,2,2,True,False,d2c2cc16a18a69316144dced56e13ec50585fb90292fd8c9251b0cd2d83afd8e,c9a5d51d680eeff18f5d5e1a8bd8a4acc4d771e072238396fee0333ed61696be,,selected_process_variability
arc_distance,cupy,default,fresh_process,observed,0.679697688203305,arc_distance,historical_main,,,,2,2,False,False,d2c2cc16a18a69316144dced56e13ec50585fb90292fd8c9251b0cd2d83afd8e,c9a5d51d680eeff18f5d5e1a8bd8a4acc4d771e072238396fee0333ed61696be,,
atax,numpy,default,fresh_process,observed,0.1465723409783095,atax,historical_main,,,,2,2,False,False,68c6513b767fc4fe61dbe15c9629b1ea75eae7d2a20436521c52c551d6698648,30d1cbd8bc811b325570c9fdb182323781764974a74f27916f06ba12e9a7baef,,
atax,numba,nopython-mode,fresh_process,observed,0.5088877864181995,atax,historical_main,,,,2,2,True,False,68c6513b767fc4fe61dbe15c9629b1ea75eae7d2a20436521c52c551d6698648,30d1cbd8bc811b325570c9fdb182323781764974a74f27916f06ba12e9a7baef,,historical_disk_cache_hit_not_recorded;new_variability;selected_process_variability
atax,numba,nopython-mode-parallel,fresh_process,observed,0.49195505189709365,atax,historical_main,,,,2,2,True,False,68c6513b767fc4fe61dbe15c9629b1ea75eae7d2a20436521c52c551d6698648,30d1cbd8bc811b325570c9fdb182323781764974a74f27916f06ba12e9a7baef,,historical_disk_cache_hit_not_recorded;new_sampling_or_resources;selected_process_variability
atax,numba,nopython-mode-parallel-range,fresh_process,N/A,,,,,,,,,False,,,,,
atax,numba,object-mode,fresh_process,N/A,,,,,,,,,False,,,,,
atax,numba,object-mode-parallel,fresh_process,N/A,,,,,,,,,False,,,,,
atax,numba,object-mode-parallel-range,fresh_process,N/A,,,,,,,,,False,,,,,
atax,dace_cpu,fusion,fresh_process,observed,0.25688714860007167,atax,historical_main,,,,2,2,True,False,68c6513b767fc4fe61dbe15c9629b1ea75eae7d2a20436521c52c551d6698648,30d1cbd8bc811b325570c9fdb182323781764974a74f27916f06ba12e9a7baef,,selected_process_variability
atax,dace_cpu,parallel,fresh_process,observed,0.2721983448136598,atax,historical_main,,,,2,2,False,False,68c6513b767fc4fe61dbe15c9629b1ea75eae7d2a20436521c52c551d6698648,30d1cbd8bc811b325570c9fdb182323781764974a74f27916f06ba12e9a7baef,,
atax,dace_cpu,auto_opt,fresh_process,observed,0.2210165646392852,atax,historical_main,,,,2,2,False,False,68c6513b767fc4fe61dbe15c9629b1ea75eae7d2a20436521c52c551d6698648,30d1cbd8bc811b325570c9fdb182323781764974a74f27916f06ba12e9a7baef,,
atax,dace_gpu,fusion,fresh_process,observed,4.220081411069259,atax,historical_main,,,,2,2,False,False,68c6513b767fc4fe61dbe15c9629b1ea75eae7d2a20436521c52c551d6698648,30d1cbd8bc811b325570c9fdb182323781764974a74f27916f06ba12e9a7baef,,
atax,dace_gpu,parallel,fresh_process,observed,4.732696828432381,atax,historical_main,,,,2,2,False,False,68c6513b767fc4fe61dbe15c9629b1ea75eae7d2a20436521c52c551d6698648,30d1cbd8bc811b325570c9fdb182323781764974a74f27916f06ba12e9a7baef,,
atax,dace_gpu,auto_opt,fresh_process,observed,4.904325125971809,atax,historical_main,,,,2,2,True,False,68c6513b767fc4fe61dbe15c9629b1ea75eae7d2a20436521c52c551d6698648,30d1cbd8bc811b325570c9fdb182323781764974a74f27916f06ba12e9a7baef,,new_sampling_or_resources
atax,cupy,default,fresh_process,observed,3.2517523909918964,atax,historical_main,,,,2,2,False,False,68c6513b767fc4fe61dbe15c9629b1ea75eae7d2a20436521c52c551d6698648,30d1cbd8bc811b325570c9fdb182323781764974a74f27916f06ba12e9a7baef,,
azimint_hist,numpy,default,fresh_process,observed,0.5683719590306282,azimint_hist,historical_main,,,,2,2,False,False,f5914dfb9f4cc36109a1c231938d0863c485540d7d58b79bed61050dcb1e083e,d714677a44d27aec51292ca83b9b3ba9c1835b7ac786bbd295a407ecfa03d47f,,
azimint_hist,numba,nopython-mode,fresh_process,observed,0.7414346649311483,azimint_hist,historical_main,,,,2,2,True,False,f5914dfb9f4cc36109a1c231938d0863c485540d7d58b79bed61050dcb1e083e,d714677a44d27aec51292ca83b9b3ba9c1835b7ac786bbd295a407ecfa03d47f,,historical_disk_cache_hit_not_recorded;selected_process_variability
azimint_hist,numba,nopython-mode-parallel,fresh_process,observed,0.5893898657523096,azimint_hist,step4/confirmation-L,,,,3,3,False,False,f5914dfb9f4cc36109a1c231938d0863c485540d7d58b79bed61050dcb1e083e,d714677a44d27aec51292ca83b9b3ba9c1835b7ac786bbd295a407ecfa03d47f,,
azimint_hist,numba,nopython-mode-parallel-range,fresh_process,observed,0.5617487819399685,azimint_hist_private,workload-repairs/retry-L,,,,2,2,True,True,ee08d8b3d6c42ca8c49f15064988585a960e19f6df094ce2408581b17b4d3570,d714677a44d27aec51292ca83b9b3ba9c1835b7ac786bbd295a407ecfa03d47f,,two_later_processes_only
azimint_hist,numba,object-mode,fresh_process,observed,1.195653245318681,azimint_hist,historical_main,,,,2,2,True,False,f5914dfb9f4cc36109a1c231938d0863c485540d7d58b79bed61050dcb1e083e,d714677a44d27aec51292ca83b9b3ba9c1835b7ac786bbd295a407ecfa03d47f,,historical_disk_cache_hit_not_recorded
azimint_hist,numba,object-mode-parallel,fresh_process,observed,1.0695663094520569,azimint_hist,historical_main,,,,2,2,True,False,f5914dfb9f4cc36109a1c231938d0863c485540d7d58b79bed61050dcb1e083e,d714677a44d27aec51292ca83b9b3ba9c1835b7ac786bbd295a407ecfa03d47f,,historical_disk_cache_hit_not_recorded;selected_process_variability
azimint_hist,numba,object-mode-parallel-range,fresh_process,N/A,,,,,,,,,False,,,,,
azimint_hist,dace_cpu,fusion,fresh_process,observed,203.721938429866,azimint_hist,historical_main,,,,2,2,False,False,f5914dfb9f4cc36109a1c231938d0863c485540d7d58b79bed61050dcb1e083e,d714677a44d27aec51292ca83b9b3ba9c1835b7ac786bbd295a407ecfa03d47f,,
azimint_hist,dace_cpu,parallel,fresh_process,observed,210.1493331922684,azimint_hist,historical_main,,,,2,2,False,False,f5914dfb9f4cc36109a1c231938d0863c485540d7d58b79bed61050dcb1e083e,d714677a44d27aec51292ca83b9b3ba9c1835b7ac786bbd295a407ecfa03d47f,,
azimint_hist,dace_cpu,auto_opt,fresh_process,observed,211.76648022443987,azimint_hist,historical_main,,,,2,2,False,False,f5914dfb9f4cc36109a1c231938d0863c485540d7d58b79bed61050dcb1e083e,d714677a44d27aec51292ca83b9b3ba9c1835b7ac786bbd295a407ecfa03d47f,,
azimint_hist,dace_gpu,fusion,fresh_process,observed,1.913728392450139,azimint_hist,historical_main,,,,2,2,False,False,f5914dfb9f4cc36109a1c231938d0863c485540d7d58b79bed61050dcb1e083e,d714677a44d27aec51292ca83b9b3ba9c1835b7ac786bbd295a407ecfa03d47f,,
azimint_hist,dace_gpu,parallel,fresh_process,observed,1.78567876922898,azimint_hist,historical_main,,,,2,2,False,False,f5914dfb9f4cc36109a1c231938d0863c485540d7d58b79bed61050dcb1e083e,d714677a44d27aec51292ca83b9b3ba9c1835b7ac786bbd295a407ecfa03d47f,,
azimint_hist,dace_gpu,auto_opt,fresh_process,observed,1.7349061777349561,azimint_hist,historical_main,,,,2,2,False,False,f5914dfb9f4cc36109a1c231938d0863c485540d7d58b79bed61050dcb1e083e,d714677a44d27aec51292ca83b9b3ba9c1835b7ac786bbd295a407ecfa03d47f,,
azimint_hist,cupy,default,fresh_process,observed,1.2280330143403262,azimint_hist,historical_main,,,,2,2,False,False,f5914dfb9f4cc36109a1c231938d0863c485540d7d58b79bed61050dcb1e083e,d714677a44d27aec51292ca83b9b3ba9c1835b7ac786bbd295a407ecfa03d47f,,
azimint_naive,numpy,default,fresh_process,observed,50.28241103910841,azimint_naive,historical_main,,,,2,2,False,False,7ce93eb427426de57f9dd024b84b3ccd522ed34eea578a05eb7d30f002985156,10e5a4ce8b6fe96db84b8d28fc35df47e5ddd295dfddf44939fc8ac5c8795b6d,,
azimint_naive,numba,nopython-mode,fresh_process,observed,69.91668749344535,azimint_naive,historical_main,,,,2,2,True,False,7ce93eb427426de57f9dd024b84b3ccd522ed34eea578a05eb7d30f002985156,10e5a4ce8b6fe96db84b8d28fc35df47e5ddd295dfddf44939fc8ac5c8795b6d,,historical_disk_cache_hit_not_recorded
azimint_naive,numba,nopython-mode-parallel,fresh_process,observed,47.32269604946487,azimint_naive,historical_main,,,,2,2,True,False,7ce93eb427426de57f9dd024b84b3ccd522ed34eea578a05eb7d30f002985156,10e5a4ce8b6fe96db84b8d28fc35df47e5ddd295dfddf44939fc8ac5c8795b6d,,historical_disk_cache_hit_not_recorded
azimint_naive,numba,nopython-mode-parallel-range,fresh_process,observed,5.051992319058627,azimint_naive,step4/confirmation-L,,,,3,3,False,False,7ce93eb427426de57f9dd024b84b3ccd522ed34eea578a05eb7d30f002985156,10e5a4ce8b6fe96db84b8d28fc35df47e5ddd295dfddf44939fc8ac5c8795b6d,,
azimint_naive,numba,object-mode,fresh_process,N/A,,,,,,,,,False,,,,,
azimint_naive,numba,object-mode-parallel,fresh_process,N/A,,,,,,,,,False,,,,,
azimint_naive,numba,object-mode-parallel-range,fresh_process,N/A,,,,,,,,,False,,,,,
azimint_naive,dace_cpu,fusion,fresh_process,observed,78.85715127387084,azimint_naive,historical_main,,,,2,2,False,False,7ce93eb427426de57f9dd024b84b3ccd522ed34eea578a05eb7d30f002985156,10e5a4ce8b6fe96db84b8d28fc35df47e5ddd295dfddf44939fc8ac5c8795b6d,,
azimint_naive,dace_cpu,parallel,fresh_process,observed,61.480623566312715,azimint_naive,historical_main,,,,2,2,False,False,7ce93eb427426de57f9dd024b84b3ccd522ed34eea578a05eb7d30f002985156,10e5a4ce8b6fe96db84b8d28fc35df47e5ddd295dfddf44939fc8ac5c8795b6d,,
azimint_naive,dace_cpu,auto_opt,fresh_process,observed,65.3069911992643,azimint_naive,historical_main,,,,2,2,False,False,7ce93eb427426de57f9dd024b84b3ccd522ed34eea578a05eb7d30f002985156,10e5a4ce8b6fe96db84b8d28fc35df47e5ddd295dfddf44939fc8ac5c8795b6d,,
azimint_naive,dace_gpu,fusion,fresh_process,observed,3.6203142371959984,azimint_naive,historical_main,,,,2,2,False,False,7ce93eb427426de57f9dd024b84b3ccd522ed34eea578a05eb7d30f002985156,10e5a4ce8b6fe96db84b8d28fc35df47e5ddd295dfddf44939fc8ac5c8795b6d,,
azimint_naive,dace_gpu,parallel,fresh_process,error,,azimint_naive,historical_main,,,,0,0,False,False,7ce93eb427426de57f9dd024b84b3ccd522ed34eea578a05eb7d30f002985156,10e5a4ce8b6fe96db84b8d28fc35df47e5ddd295dfddf44939fc8ac5c8795b6d,,
azimint_naive,dace_gpu,auto_opt,fresh_process,error,,azimint_naive,historical_main,,,,0,0,False,False,7ce93eb427426de57f9dd024b84b3ccd522ed34eea578a05eb7d30f002985156,10e5a4ce8b6fe96db84b8d28fc35df47e5ddd295dfddf44939fc8ac5c8795b6d,,
azimint_naive,cupy,default,fresh_process,observed,2.7803389406763017,azimint_naive,historical_main,,,,2,2,False,False,7ce93eb427426de57f9dd024b84b3ccd522ed34eea578a05eb7d30f002985156,10e5a4ce8b6fe96db84b8d28fc35df47e5ddd295dfddf44939fc8ac5c8795b6d,,
bicg,numpy,default,fresh_process,observed,0.15100386342965066,bicg,historical_main,,,,2,2,False,False,16d618b4e97f8f1b6191fe3f76123e77b6b198e5982ffa6fbd2528fa69701078,77e9adb788612e39af05a751b80c16198c5c53c1997f2c21ca5d1cefa59811c3,,
bicg,numba,nopython-mode,fresh_process,observed,0.4465670573990792,bicg,historical_main,,,,2,2,True,False,16d618b4e97f8f1b6191fe3f76123e77b6b198e5982ffa6fbd2528fa69701078,77e9adb788612e39af05a751b80c16198c5c53c1997f2c21ca5d1cefa59811c3,,historical_disk_cache_hit_not_recorded;new_sampling_or_resources;selected_process_variability
bicg,numba,nopython-mode-parallel,fresh_process,observed,0.5278241948690265,bicg,historical_main,,,,2,2,True,False,16d618b4e97f8f1b6191fe3f76123e77b6b198e5982ffa6fbd2528fa69701078,77e9adb788612e39af05a751b80c16198c5c53c1997f2c21ca5d1cefa59811c3,,historical_disk_cache_hit_not_recorded;new_sampling_or_resources
bicg,numba,nopython-mode-parallel-range,fresh_process,N/A,,,,,,,,,False,,,,,
bicg,numba,object-mode,fresh_process,N/A,,,,,,,,,False,,,,,
bicg,numba,object-mode-parallel,fresh_process,N/A,,,,,,,,,False,,,,,
bicg,numba,object-mode-parallel-range,fresh_process,N/A,,,,,,,,,False,,,,,
bicg,dace_cpu,fusion,fresh_process,observed,0.24033312988467515,bicg,historical_main,,,,2,2,False,False,16d618b4e97f8f1b6191fe3f76123e77b6b198e5982ffa6fbd2528fa69701078,77e9adb788612e39af05a751b80c16198c5c53c1997f2c21ca5d1cefa59811c3,,
bicg,dace_cpu,parallel,fresh_process,observed,0.266887697391212,bicg,historical_main,,,,2,2,False,False,16d618b4e97f8f1b6191fe3f76123e77b6b198e5982ffa6fbd2528fa69701078,77e9adb788612e39af05a751b80c16198c5c53c1997f2c21ca5d1cefa59811c3,,
bicg,dace_cpu,auto_opt,fresh_process,observed,0.2665499341674149,bicg,historical_main,,,,2,2,False,False,16d618b4e97f8f1b6191fe3f76123e77b6b198e5982ffa6fbd2528fa69701078,77e9adb788612e39af05a751b80c16198c5c53c1997f2c21ca5d1cefa59811c3,,
bicg,dace_gpu,fusion,fresh_process,observed,4.659672528970987,bicg,historical_main,,,,2,2,False,False,16d618b4e97f8f1b6191fe3f76123e77b6b198e5982ffa6fbd2528fa69701078,77e9adb788612e39af05a751b80c16198c5c53c1997f2c21ca5d1cefa59811c3,,
bicg,dace_gpu,parallel,fresh_process,observed,4.266141481464729,bicg,historical_main,,,,2,2,False,False,16d618b4e97f8f1b6191fe3f76123e77b6b198e5982ffa6fbd2528fa69701078,77e9adb788612e39af05a751b80c16198c5c53c1997f2c21ca5d1cefa59811c3,,
bicg,dace_gpu,auto_opt,fresh_process,observed,4.916640255367383,bicg,historical_main,,,,2,2,False,False,16d618b4e97f8f1b6191fe3f76123e77b6b198e5982ffa6fbd2528fa69701078,77e9adb788612e39af05a751b80c16198c5c53c1997f2c21ca5d1cefa59811c3,,
bicg,cupy,default,fresh_process,observed,3.238005718914792,bicg,historical_main,,,,2,2,False,False,16d618b4e97f8f1b6191fe3f76123e77b6b198e5982ffa6fbd2528fa69701078,77e9adb788612e39af05a751b80c16198c5c53c1997f2c21ca5d1cefa59811c3,,
cavity_flow,numpy,default,fresh_process,observed,0.8752484156284481,cavity_flow,historical_main,,,,2,2,True,False,210af7f0234bb993fa8cb9e063c162a3f185d3fc74aad9308835699b7e5a18da,33c1dcf4ea4c8afb398c3db57686f19a59239f440846cca31b92bee224e3c662,,selected_process_variability
cavity_flow,numba,nopython-mode,fresh_process,observed,1.2211127157788724,cavity_flow,historical_main,,,,2,2,True,False,210af7f0234bb993fa8cb9e063c162a3f185d3fc74aad9308835699b7e5a18da,33c1dcf4ea4c8afb398c3db57686f19a59239f440846cca31b92bee224e3c662,,historical_disk_cache_hit_not_recorded;new_variability;selected_process_variability
cavity_flow,numba,nopython-mode-parallel,fresh_process,error,,cavity_flow,historical_main,,,,0,0,False,False,210af7f0234bb993fa8cb9e063c162a3f185d3fc74aad9308835699b7e5a18da,33c1dcf4ea4c8afb398c3db57686f19a59239f440846cca31b92bee224e3c662,,
cavity_flow,numba,nopython-mode-parallel-range,fresh_process,N/A,,,,,,,,,False,,,,,
cavity_flow,numba,object-mode,fresh_process,N/A,,,,,,,,,False,,,,,
cavity_flow,numba,object-mode-parallel,fresh_process,N/A,,,,,,,,,False,,,,,
cavity_flow,numba,object-mode-parallel-range,fresh_process,N/A,,,,,,,,,False,,,,,
cavity_flow,dace_cpu,fusion,fresh_process,observed,2.4380389130674303,cavity_flow,historical_main,,,,2,2,True,False,210af7f0234bb993fa8cb9e063c162a3f185d3fc74aad9308835699b7e5a18da,33c1dcf4ea4c8afb398c3db57686f19a59239f440846cca31b92bee224e3c662,,selected_process_variability
cavity_flow,dace_cpu,parallel,fresh_process,observed,3.138917423086241,cavity_flow,historical_main,,,,2,2,False,False,210af7f0234bb993fa8cb9e063c162a3f185d3fc74aad9308835699b7e5a18da,33c1dcf4ea4c8afb398c3db57686f19a59239f440846cca31b92bee224e3c662,,
cavity_flow,dace_cpu,auto_opt,fresh_process,observed,3.273331986507401,cavity_flow,historical_main,,,,2,2,True,False,210af7f0234bb993fa8cb9e063c162a3f185d3fc74aad9308835699b7e5a18da,33c1dcf4ea4c8afb398c3db57686f19a59239f440846cca31b92bee224e3c662,,selected_process_variability
cavity_flow,dace_gpu,fusion,fresh_process,observed,1.3207676568999887,cavity_flow,historical_main,,,,2,2,False,False,210af7f0234bb993fa8cb9e063c162a3f185d3fc74aad9308835699b7e5a18da,33c1dcf4ea4c8afb398c3db57686f19a59239f440846cca31b92bee224e3c662,,
cavity_flow,dace_gpu,parallel,fresh_process,observed,1.5216455729678273,cavity_flow,historical_main,,,,2,2,False,False,210af7f0234bb993fa8cb9e063c162a3f185d3fc74aad9308835699b7e5a18da,33c1dcf4ea4c8afb398c3db57686f19a59239f440846cca31b92bee224e3c662,,
cavity_flow,dace_gpu,auto_opt,fresh_process,observed,1.2927306855563074,cavity_flow,historical_main,,,,2,2,False,False,210af7f0234bb993fa8cb9e063c162a3f185d3fc74aad9308835699b7e5a18da,33c1dcf4ea4c8afb398c3db57686f19a59239f440846cca31b92bee224e3c662,,
cavity_flow,cupy,default,fresh_process,observed,1.455444363411516,cavity_flow,historical_main,,,,2,2,False,False,210af7f0234bb993fa8cb9e063c162a3f185d3fc74aad9308835699b7e5a18da,33c1dcf4ea4c8afb398c3db57686f19a59239f440846cca31b92bee224e3c662,,
channel_flow,numpy,default,fresh_process,observed,6.0521047580987215,channel_flow,historical_main,,,,2,2,False,False,a5826f86fe64a72734a89619a6e971effc8ed8ebe00f99337006d700704bed0f,131f13ee629eff4bbfc04696d2acdcf8be8c111de0037039e4ac5c934e15a280,,
channel_flow,numba,nopython-mode,fresh_process,observed,5.568120387848467,channel_flow,step4/confirmation-L,,,,3,3,False,False,a5826f86fe64a72734a89619a6e971effc8ed8ebe00f99337006d700704bed0f,131f13ee629eff4bbfc04696d2acdcf8be8c111de0037039e4ac5c934e15a280,,
channel_flow,numba,nopython-mode-parallel,fresh_process,observed,37.06304540974088,channel_flow,historical_main,,,,2,2,True,False,a5826f86fe64a72734a89619a6e971effc8ed8ebe00f99337006d700704bed0f,131f13ee629eff4bbfc04696d2acdcf8be8c111de0037039e4ac5c934e15a280,,historical_disk_cache_hit_not_recorded;selected_process_variability
channel_flow,numba,nopython-mode-parallel-range,fresh_process,N/A,,,,,,,,,False,,,,,
channel_flow,numba,object-mode,fresh_process,N/A,,,,,,,,,False,,,,,
channel_flow,numba,object-mode-parallel,fresh_process,N/A,,,,,,,,,False,,,,,
channel_flow,numba,object-mode-parallel-range,fresh_process,N/A,,,,,,,,,False,,,,,
channel_flow,dace_cpu,fusion,fresh_process,observed,65.2761451692786,channel_flow,historical_main,,,,2,2,False,False,a5826f86fe64a72734a89619a6e971effc8ed8ebe00f99337006d700704bed0f,131f13ee629eff4bbfc04696d2acdcf8be8c111de0037039e4ac5c934e15a280,,
channel_flow,dace_cpu,parallel,fresh_process,observed,86.19857327337377,channel_flow,historical_main,,,,2,2,True,False,a5826f86fe64a72734a89619a6e971effc8ed8ebe00f99337006d700704bed0f,131f13ee629eff4bbfc04696d2acdcf8be8c111de0037039e4ac5c934e15a280,,selected_process_variability
channel_flow,dace_cpu,auto_opt,fresh_process,observed,74.22929596924223,channel_flow,historical_main,,,,2,2,False,False,a5826f86fe64a72734a89619a6e971effc8ed8ebe00f99337006d700704bed0f,131f13ee629eff4bbfc04696d2acdcf8be8c111de0037039e4ac5c934e15a280,,
channel_flow,dace_gpu,fusion,fresh_process,observed,4.2982027374673635,channel_flow,historical_main,,,,2,2,False,False,a5826f86fe64a72734a89619a6e971effc8ed8ebe00f99337006d700704bed0f,131f13ee629eff4bbfc04696d2acdcf8be8c111de0037039e4ac5c934e15a280,,
channel_flow,dace_gpu,parallel,fresh_process,observed,4.752133580390364,channel_flow,historical_main,,,,2,2,False,False,a5826f86fe64a72734a89619a6e971effc8ed8ebe00f99337006d700704bed0f,131f13ee629eff4bbfc04696d2acdcf8be8c111de0037039e4ac5c934e15a280,,
channel_flow,dace_gpu,auto_opt,fresh_process,observed,4.157260471954942,channel_flow,historical_main,,,,2,2,False,False,a5826f86fe64a72734a89619a6e971effc8ed8ebe00f99337006d700704bed0f,131f13ee629eff4bbfc04696d2acdcf8be8c111de0037039e4ac5c934e15a280,,
channel_flow,cupy,default,fresh_process,observed,16.067436214070767,channel_flow,historical_main,,,,2,2,False,False,a5826f86fe64a72734a89619a6e971effc8ed8ebe00f99337006d700704bed0f,131f13ee629eff4bbfc04696d2acdcf8be8c111de0037039e4ac5c934e15a280,,
cholesky,numpy,default,fresh_process,observed,0.900651439325884,cholesky,historical_main,,,,2,2,False,False,56dfb1eba239c26e0b2a9d37a7e4204bca4b6420c1c6db5a29f0fa62a44c6bf8,4fbe26b28e30a4b50af30a63a5f1d483d8c2556910e84aba0ab6422938ce8d60,,
cholesky,numba,nopython-mode,fresh_process,observed,0.41100653097964823,cholesky,historical_main,,,,2,2,True,False,56dfb1eba239c26e0b2a9d37a7e4204bca4b6420c1c6db5a29f0fa62a44c6bf8,4fbe26b28e30a4b50af30a63a5f1d483d8c2556910e84aba0ab6422938ce8d60,,historical_disk_cache_hit_not_recorded
cholesky,numba,nopython-mode-parallel,fresh_process,observed,31.421136639313772,cholesky,historical_main,,,,2,2,True,False,56dfb1eba239c26e0b2a9d37a7e4204bca4b6420c1c6db5a29f0fa62a44c6bf8,4fbe26b28e30a4b50af30a63a5f1d483d8c2556910e84aba0ab6422938ce8d60,,historical_disk_cache_hit_not_recorded;selected_process_variability
cholesky,numba,nopython-mode-parallel-range,fresh_process,N/A,,,,,,,,,False,,,,,
cholesky,numba,object-mode,fresh_process,N/A,,,,,,,,,False,,,,,
cholesky,numba,object-mode-parallel,fresh_process,N/A,,,,,,,,,False,,,,,
cholesky,numba,object-mode-parallel-range,fresh_process,N/A,,,,,,,,,False,,,,,
cholesky,dace_cpu,fusion,fresh_process,observed,0.13287807744927704,cholesky,historical_main,,,,2,2,False,False,56dfb1eba239c26e0b2a9d37a7e4204bca4b6420c1c6db5a29f0fa62a44c6bf8,4fbe26b28e30a4b50af30a63a5f1d483d8c2556910e84aba0ab6422938ce8d60,,
cholesky,dace_cpu,parallel,fresh_process,observed,0.1442104745656252,cholesky,historical_main,,,,2,2,True,False,56dfb1eba239c26e0b2a9d37a7e4204bca4b6420c1c6db5a29f0fa62a44c6bf8,4fbe26b28e30a4b50af30a63a5f1d483d8c2556910e84aba0ab6422938ce8d60,,new_variability
cholesky,dace_cpu,auto_opt,fresh_process,observed,0.1345283049158752,cholesky,historical_main,,,,2,2,False,False,56dfb1eba239c26e0b2a9d37a7e4204bca4b6420c1c6db5a29f0fa62a44c6bf8,4fbe26b28e30a4b50af30a63a5f1d483d8c2556910e84aba0ab6422938ce8d60,,
cholesky,dace_gpu,fusion,fresh_process,observed,10.738129266770557,cholesky,historical_main,,,,2,2,False,False,56dfb1eba239c26e0b2a9d37a7e4204bca4b6420c1c6db5a29f0fa62a44c6bf8,4fbe26b28e30a4b50af30a63a5f1d483d8c2556910e84aba0ab6422938ce8d60,,
cholesky,dace_gpu,parallel,fresh_process,observed,11.171732318587601,cholesky,historical_main,,,,2,2,False,False,56dfb1eba239c26e0b2a9d37a7e4204bca4b6420c1c6db5a29f0fa62a44c6bf8,4fbe26b28e30a4b50af30a63a5f1d483d8c2556910e84aba0ab6422938ce8d60,,
cholesky,dace_gpu,auto_opt,fresh_process,observed,7.174501878442243,cholesky,historical_main,,,,2,2,False,False,56dfb1eba239c26e0b2a9d37a7e4204bca4b6420c1c6db5a29f0fa62a44c6bf8,4fbe26b28e30a4b50af30a63a5f1d483d8c2556910e84aba0ab6422938ce8d60,,
cholesky,cupy,default,fresh_process,observed,33.674924639519304,cholesky,historical_main,,,,2,2,False,False,56dfb1eba239c26e0b2a9d37a7e4204bca4b6420c1c6db5a29f0fa62a44c6bf8,4fbe26b28e30a4b50af30a63a5f1d483d8c2556910e84aba0ab6422938ce8d60,,
cholesky2,numpy,default,fresh_process,observed,1.3846663804724813,cholesky2,historical_main,,,,2,2,False,False,d99d5b0becbfb22bf45157e320f447a583444c901fafb55b0e5b1a90147a5923,b9394a55df0718e0c2862384f101bc746b522dc7acfbed649b0716c8d79c2363,,
cholesky2,numba,nopython-mode,fresh_process,observed,3.2693611006252468,cholesky2,historical_main,,,,2,2,True,False,d99d5b0becbfb22bf45157e320f447a583444c901fafb55b0e5b1a90147a5923,b9394a55df0718e0c2862384f101bc746b522dc7acfbed649b0716c8d79c2363,,historical_disk_cache_hit_not_recorded
cholesky2,numba,nopython-mode-parallel,fresh_process,observed,3.2853615330532193,cholesky2,historical_main,,,,2,2,True,False,d99d5b0becbfb22bf45157e320f447a583444c901fafb55b0e5b1a90147a5923,b9394a55df0718e0c2862384f101bc746b522dc7acfbed649b0716c8d79c2363,,historical_disk_cache_hit_not_recorded;selected_process_variability
cholesky2,numba,nopython-mode-parallel-range,fresh_process,N/A,,,,,,,,,False,,,,,
cholesky2,numba,object-mode,fresh_process,N/A,,,,,,,,,False,,,,,
cholesky2,numba,object-mode-parallel,fresh_process,N/A,,,,,,,,,False,,,,,
cholesky2,numba,object-mode-parallel-range,fresh_process,N/A,,,,,,,,,False,,,,,
cholesky2,dace_cpu,fusion,fresh_process,observed,1.4776654115412384,cholesky2,historical_main,,,,2,2,False,False,d99d5b0becbfb22bf45157e320f447a583444c901fafb55b0e5b1a90147a5923,b9394a55df0718e0c2862384f101bc746b522dc7acfbed649b0716c8d79c2363,,
cholesky2,dace_cpu,parallel,fresh_process,observed,1.5782965084072202,cholesky2,historical_main,,,,2,2,False,False,d99d5b0becbfb22bf45157e320f447a583444c901fafb55b0e5b1a90147a5923,b9394a55df0718e0c2862384f101bc746b522dc7acfbed649b0716c8d79c2363,,
cholesky2,dace_cpu,auto_opt,fresh_process,observed,1.798612975049764,cholesky2,historical_main,,,,2,2,False,False,d99d5b0becbfb22bf45157e320f447a583444c901fafb55b0e5b1a90147a5923,b9394a55df0718e0c2862384f101bc746b522dc7acfbed649b0716c8d79c2363,,
cholesky2,dace_gpu,fusion,fresh_process,observed,1.838538309559226,cholesky2,historical_main,,,,2,2,False,False,d99d5b0becbfb22bf45157e320f447a583444c901fafb55b0e5b1a90147a5923,b9394a55df0718e0c2862384f101bc746b522dc7acfbed649b0716c8d79c2363,,
cholesky2,dace_gpu,parallel,fresh_process,observed,1.8257392689120024,cholesky2,historical_main,,,,2,2,False,False,d99d5b0becbfb22bf45157e320f447a583444c901fafb55b0e5b1a90147a5923,b9394a55df0718e0c2862384f101bc746b522dc7acfbed649b0716c8d79c2363,,
cholesky2,dace_gpu,auto_opt,fresh_process,observed,1.8864347590133548,cholesky2,historical_main,,,,2,2,False,False,d99d5b0becbfb22bf45157e320f447a583444c901fafb55b0e5b1a90147a5923,b9394a55df0718e0c2862384f101bc746b522dc7acfbed649b0716c8d79c2363,,
cholesky2,cupy,default,fresh_process,observed,1.0982298112940043,cholesky2,historical_main,,,,2,2,True,False,d99d5b0becbfb22bf45157e320f447a583444c901fafb55b0e5b1a90147a5923,b9394a55df0718e0c2862384f101bc746b522dc7acfbed649b0716c8d79c2363,,selected_process_variability
compute,numpy,default,fresh_process,observed,0.930502540897578,compute,historical_main,,,,2,2,False,False,edf335f51b0a6a5a63d4d1e8c77cdda9a31939cdf30081571adf738ae28f7732,c95ef8e4674e9795c2c4376c3b88240655d27d77a534d2db1cf991c275146691,,
compute,numba,nopython-mode,fresh_process,observed,1.6656409914139658,compute,historical_main,,,,2,2,True,False,edf335f51b0a6a5a63d4d1e8c77cdda9a31939cdf30081571adf738ae28f7732,c95ef8e4674e9795c2c4376c3b88240655d27d77a534d2db1cf991c275146691,,historical_disk_cache_hit_not_recorded;selected_process_variability
compute,numba,nopython-mode-parallel,fresh_process,observed,0.620152433635667,compute,historical_main,,,,2,2,True,False,edf335f51b0a6a5a63d4d1e8c77cdda9a31939cdf30081571adf738ae28f7732,c95ef8e4674e9795c2c4376c3b88240655d27d77a534d2db1cf991c275146691,,historical_disk_cache_hit_not_recorded;new_sampling_or_resources
compute,numba,nopython-mode-parallel-range,fresh_process,N/A,,,,,,,,,False,,,,,
compute,numba,object-mode,fresh_process,observed,8.939881059341133,compute,historical_main,,,,2,2,True,False,edf335f51b0a6a5a63d4d1e8c77cdda9a31939cdf30081571adf738ae28f7732,c95ef8e4674e9795c2c4376c3b88240655d27d77a534d2db1cf991c275146691,,historical_disk_cache_hit_not_recorded;selected_process_variability
compute,numba,object-mode-parallel,fresh_process,observed,6.6840949659235775,compute,historical_main,,,,2,2,True,False,edf335f51b0a6a5a63d4d1e8c77cdda9a31939cdf30081571adf738ae28f7732,c95ef8e4674e9795c2c4376c3b88240655d27d77a534d2db1cf991c275146691,,historical_disk_cache_hit_not_recorded
compute,numba,object-mode-parallel-range,fresh_process,N/A,,,,,,,,,False,,,,,
compute,dace_cpu,fusion,fresh_process,observed,0.22619228181429207,compute,historical_main,,,,2,2,False,False,edf335f51b0a6a5a63d4d1e8c77cdda9a31939cdf30081571adf738ae28f7732,c95ef8e4674e9795c2c4376c3b88240655d27d77a534d2db1cf991c275146691,,
compute,dace_cpu,parallel,fresh_process,observed,0.23364514554850757,compute,historical_main,,,,2,2,True,False,edf335f51b0a6a5a63d4d1e8c77cdda9a31939cdf30081571adf738ae28f7732,c95ef8e4674e9795c2c4376c3b88240655d27d77a534d2db1cf991c275146691,,selected_process_variability
compute,dace_cpu,auto_opt,fresh_process,observed,0.20753429410979152,compute,historical_main,,,,2,2,False,False,edf335f51b0a6a5a63d4d1e8c77cdda9a31939cdf30081571adf738ae28f7732,c95ef8e4674e9795c2c4376c3b88240655d27d77a534d2db1cf991c275146691,,
compute,dace_gpu,fusion,fresh_process,observed,3.867477460997179,compute,historical_main,,,,2,2,False,False,edf335f51b0a6a5a63d4d1e8c77cdda9a31939cdf30081571adf738ae28f7732,c95ef8e4674e9795c2c4376c3b88240655d27d77a534d2db1cf991c275146691,,
compute,dace_gpu,parallel,fresh_process,observed,3.6504466531332582,compute,historical_main,,,,2,2,False,False,edf335f51b0a6a5a63d4d1e8c77cdda9a31939cdf30081571adf738ae28f7732,c95ef8e4674e9795c2c4376c3b88240655d27d77a534d2db1cf991c275146691,,
compute,dace_gpu,auto_opt,fresh_process,observed,3.8334494319278747,compute,historical_main,,,,2,2,False,False,edf335f51b0a6a5a63d4d1e8c77cdda9a31939cdf30081571adf738ae28f7732,c95ef8e4674e9795c2c4376c3b88240655d27d77a534d2db1cf991c275146691,,
compute,cupy,default,fresh_process,observed,7.170667099999264,compute,historical_main,,,,2,2,True,False,edf335f51b0a6a5a63d4d1e8c77cdda9a31939cdf30081571adf738ae28f7732,c95ef8e4674e9795c2c4376c3b88240655d27d77a534d2db1cf991c275146691,,selected_process_variability
contour_integral,numpy,default,fresh_process,observed,2.0966431507840753,contour_integral,historical_main,,,,2,2,False,False,b7bd5d51e17faaa7d7b471e2377876f282bd7deed775cb160db56f12df313057,96e60b8e822b16860d5bd015f984ac2828ce239aab0d0628d36a60c7c4be7697,,
contour_integral,numba,nopython-mode,fresh_process,observed,2.421845736913383,contour_integral,step4/confirmation-L,,,,3,3,False,False,b7bd5d51e17faaa7d7b471e2377876f282bd7deed775cb160db56f12df313057,96e60b8e822b16860d5bd015f984ac2828ce239aab0d0628d36a60c7c4be7697,,
contour_integral,numba,nopython-mode-parallel,fresh_process,observed,5.912880250019953,contour_integral,historical_main,,,,2,2,True,False,b7bd5d51e17faaa7d7b471e2377876f282bd7deed775cb160db56f12df313057,96e60b8e822b16860d5bd015f984ac2828ce239aab0d0628d36a60c7c4be7697,,historical_disk_cache_hit_not_recorded
contour_integral,numba,nopython-mode-parallel-range,fresh_process,observed,3.0286486851982772,contour_integral,historical_main,,,,2,2,True,False,b7bd5d51e17faaa7d7b471e2377876f282bd7deed775cb160db56f12df313057,96e60b8e822b16860d5bd015f984ac2828ce239aab0d0628d36a60c7c4be7697,,historical_disk_cache_hit_not_recorded
contour_integral,numba,object-mode,fresh_process,N/A,,,,,,,,,False,,,,,
contour_integral,numba,object-mode-parallel,fresh_process,N/A,,,,,,,,,False,,,,,
contour_integral,numba,object-mode-parallel-range,fresh_process,N/A,,,,,,,,,False,,,,,
contour_integral,dace_cpu,fusion,fresh_process,observed,6.139534032670781,contour_integral,historical_main,,,,2,2,False,False,b7bd5d51e17faaa7d7b471e2377876f282bd7deed775cb160db56f12df313057,96e60b8e822b16860d5bd015f984ac2828ce239aab0d0628d36a60c7c4be7697,,
contour_integral,dace_cpu,parallel,fresh_process,observed,6.278572529554367,contour_integral,historical_main,,,,2,2,False,False,b7bd5d51e17faaa7d7b471e2377876f282bd7deed775cb160db56f12df313057,96e60b8e822b16860d5bd015f984ac2828ce239aab0d0628d36a60c7c4be7697,,
contour_integral,dace_cpu,auto_opt,fresh_process,observed,5.838365772971883,contour_integral,historical_main,,,,2,2,False,False,b7bd5d51e17faaa7d7b471e2377876f282bd7deed775cb160db56f12df313057,96e60b8e822b16860d5bd015f984ac2828ce239aab0d0628d36a60c7c4be7697,,
contour_integral,dace_gpu,fusion,fresh_process,validation,,contour_integral,historical_main,,,,0,0,False,False,b7bd5d51e17faaa7d7b471e2377876f282bd7deed775cb160db56f12df313057,96e60b8e822b16860d5bd015f984ac2828ce239aab0d0628d36a60c7c4be7697,,
contour_integral,dace_gpu,parallel,fresh_process,validation,,contour_integral,historical_main,,,,0,0,False,False,b7bd5d51e17faaa7d7b471e2377876f282bd7deed775cb160db56f12df313057,96e60b8e822b16860d5bd015f984ac2828ce239aab0d0628d36a60c7c4be7697,,
contour_integral,dace_gpu,auto_opt,fresh_process,validation,,contour_integral,historical_main,,,,0,0,False,False,b7bd5d51e17faaa7d7b471e2377876f282bd7deed775cb160db56f12df313057,96e60b8e822b16860d5bd015f984ac2828ce239aab0d0628d36a60c7c4be7697,,
contour_integral,cupy,default,fresh_process,observed,0.8410511242691427,contour_integral,historical_main,,,,2,2,False,False,b7bd5d51e17faaa7d7b471e2377876f282bd7deed775cb160db56f12df313057,96e60b8e822b16860d5bd015f984ac2828ce239aab0d0628d36a60c7c4be7697,,
conv2d_bias,numpy,default,fresh_process,observed,1.8212799390312284,conv2d_bias,historical_main,,,,2,2,True,False,c47a0f873d63acc5fa1d36e1061d8e90bf59c5186703fc221aaf46384c6dbae8,3652f4ad2c784bef2f715b7aa13d7e3a9d461dbdbed77498119dc3c0f00cc660,,selected_process_variability
conv2d_bias,numba,nopython-mode,fresh_process,observed,1.8158268425613642,conv2d_bias,historical_main,,,,2,2,True,False,c47a0f873d63acc5fa1d36e1061d8e90bf59c5186703fc221aaf46384c6dbae8,3652f4ad2c784bef2f715b7aa13d7e3a9d461dbdbed77498119dc3c0f00cc660,,historical_disk_cache_hit_not_recorded
conv2d_bias,numba,nopython-mode-parallel,fresh_process,observed,5.48130616126582,conv2d_bias,historical_main,,,,2,2,True,False,c47a0f873d63acc5fa1d36e1061d8e90bf59c5186703fc221aaf46384c6dbae8,3652f4ad2c784bef2f715b7aa13d7e3a9d461dbdbed77498119dc3c0f00cc660,,historical_disk_cache_hit_not_recorded
conv2d_bias,numba,nopython-mode-parallel-range,fresh_process,observed,0.5734574808739126,conv2d_bias,historical_main,,,,2,2,True,False,c47a0f873d63acc5fa1d36e1061d8e90bf59c5186703fc221aaf46384c6dbae8,3652f4ad2c784bef2f715b7aa13d7e3a9d461dbdbed77498119dc3c0f00cc660,,historical_disk_cache_hit_not_recorded;new_variability;selected_process_variability
conv2d_bias,numba,object-mode,fresh_process,error,,conv2d_bias,historical_main,,,,0,0,False,False,c47a0f873d63acc5fa1d36e1061d8e90bf59c5186703fc221aaf46384c6dbae8,3652f4ad2c784bef2f715b7aa13d7e3a9d461dbdbed77498119dc3c0f00cc660,,
conv2d_bias,numba,object-mode-parallel,fresh_process,error,,conv2d_bias,historical_main,,,,0,0,False,False,c47a0f873d63acc5fa1d36e1061d8e90bf59c5186703fc221aaf46384c6dbae8,3652f4ad2c784bef2f715b7aa13d7e3a9d461dbdbed77498119dc3c0f00cc660,,
conv2d_bias,numba,object-mode-parallel-range,fresh_process,observed,3.2497348724864423,conv2d_bias,historical_main,,,,2,2,True,False,c47a0f873d63acc5fa1d36e1061d8e90bf59c5186703fc221aaf46384c6dbae8,3652f4ad2c784bef2f715b7aa13d7e3a9d461dbdbed77498119dc3c0f00cc660,,historical_disk_cache_hit_not_recorded
conv2d_bias,dace_cpu,fusion,fresh_process,observed,2.888467335840687,conv2d_bias,historical_main,,,,2,2,False,False,c47a0f873d63acc5fa1d36e1061d8e90bf59c5186703fc221aaf46384c6dbae8,3652f4ad2c784bef2f715b7aa13d7e3a9d461dbdbed77498119dc3c0f00cc660,,
conv2d_bias,dace_cpu,parallel,fresh_process,observed,2.681452530901879,conv2d_bias,historical_main,,,,2,2,True,False,c47a0f873d63acc5fa1d36e1061d8e90bf59c5186703fc221aaf46384c6dbae8,3652f4ad2c784bef2f715b7aa13d7e3a9d461dbdbed77498119dc3c0f00cc660,,selected_process_variability
conv2d_bias,dace_cpu,auto_opt,fresh_process,observed,2.6508522289805114,conv2d_bias,historical_main,,,,2,2,True,False,c47a0f873d63acc5fa1d36e1061d8e90bf59c5186703fc221aaf46384c6dbae8,3652f4ad2c784bef2f715b7aa13d7e3a9d461dbdbed77498119dc3c0f00cc660,,selected_process_variability
conv2d_bias,dace_gpu,fusion,fresh_process,validation,,conv2d_bias,historical_main,,,,0,0,False,False,c47a0f873d63acc5fa1d36e1061d8e90bf59c5186703fc221aaf46384c6dbae8,3652f4ad2c784bef2f715b7aa13d7e3a9d461dbdbed77498119dc3c0f00cc660,,
conv2d_bias,dace_gpu,parallel,fresh_process,validation,,conv2d_bias,historical_main,,,,0,0,False,False,c47a0f873d63acc5fa1d36e1061d8e90bf59c5186703fc221aaf46384c6dbae8,3652f4ad2c784bef2f715b7aa13d7e3a9d461dbdbed77498119dc3c0f00cc660,,
conv2d_bias,dace_gpu,auto_opt,fresh_process,validation,,conv2d_bias,historical_main,,,,0,0,False,False,c47a0f873d63acc5fa1d36e1061d8e90bf59c5186703fc221aaf46384c6dbae8,3652f4ad2c784bef2f715b7aa13d7e3a9d461dbdbed77498119dc3c0f00cc660,,
conv2d_bias,cupy,default,fresh_process,observed,1.9604354004841298,conv2d_bias,historical_main,,,,2,2,True,False,c47a0f873d63acc5fa1d36e1061d8e90bf59c5186703fc221aaf46384c6dbae8,3652f4ad2c784bef2f715b7aa13d7e3a9d461dbdbed77498119dc3c0f00cc660,,selected_process_variability
correlation,numpy,default,fresh_process,observed,1.2518357958178967,correlation,historical_main,,,,2,2,False,False,5bed53d94756b29d6c326b3510b9e7380e2b6d4931a68ec824535ca294b9c166,90af084039550dbfa1b2c0aafc8d4694c42209b191fd5b47f0314658efaf5513,,
correlation,numba,nopython-mode,fresh_process,observed,155.50382782053202,correlation,historical_main,,,,2,2,True,False,5bed53d94756b29d6c326b3510b9e7380e2b6d4931a68ec824535ca294b9c166,90af084039550dbfa1b2c0aafc8d4694c42209b191fd5b47f0314658efaf5513,,historical_disk_cache_hit_not_recorded
correlation,numba,nopython-mode-parallel,fresh_process,error,,correlation,historical_main,,,,0,0,False,False,5bed53d94756b29d6c326b3510b9e7380e2b6d4931a68ec824535ca294b9c166,90af084039550dbfa1b2c0aafc8d4694c42209b191fd5b47f0314658efaf5513,,
correlation,numba,nopython-mode-parallel-range,fresh_process,error,,correlation,historical_main,,,,0,0,False,False,5bed53d94756b29d6c326b3510b9e7380e2b6d4931a68ec824535ca294b9c166,90af084039550dbfa1b2c0aafc8d4694c42209b191fd5b47f0314658efaf5513,,
correlation,numba,object-mode,fresh_process,unsupported,,correlation,historical_main,,,,0,0,False,False,5bed53d94756b29d6c326b3510b9e7380e2b6d4931a68ec824535ca294b9c166,90af084039550dbfa1b2c0aafc8d4694c42209b191fd5b47f0314658efaf5513,,
correlation,numba,object-mode-parallel,fresh_process,unsupported,,correlation,historical_main,,,,0,0,False,False,5bed53d94756b29d6c326b3510b9e7380e2b6d4931a68ec824535ca294b9c166,90af084039550dbfa1b2c0aafc8d4694c42209b191fd5b47f0314658efaf5513,,
correlation,numba,object-mode-parallel-range,fresh_process,unsupported,,correlation,historical_main,,,,0,0,False,False,5bed53d94756b29d6c326b3510b9e7380e2b6d4931a68ec824535ca294b9c166,90af084039550dbfa1b2c0aafc8d4694c42209b191fd5b47f0314658efaf5513,,
correlation,dace_cpu,fusion,fresh_process,observed,1.361503324471414,correlation,historical_main,,,,2,2,False,False,5bed53d94756b29d6c326b3510b9e7380e2b6d4931a68ec824535ca294b9c166,90af084039550dbfa1b2c0aafc8d4694c42209b191fd5b47f0314658efaf5513,,
correlation,dace_cpu,parallel,fresh_process,observed,1.4941546393092722,correlation,historical_main,,,,2,2,False,False,5bed53d94756b29d6c326b3510b9e7380e2b6d4931a68ec824535ca294b9c166,90af084039550dbfa1b2c0aafc8d4694c42209b191fd5b47f0314658efaf5513,,
correlation,dace_cpu,auto_opt,fresh_process,observed,1.3967713550664485,correlation,historical_main,,,,2,2,False,False,5bed53d94756b29d6c326b3510b9e7380e2b6d4931a68ec824535ca294b9c166,90af084039550dbfa1b2c0aafc8d4694c42209b191fd5b47f0314658efaf5513,,
correlation,dace_gpu,fusion,fresh_process,observed,1.848588825436309,correlation,historical_main,,,,2,2,False,False,5bed53d94756b29d6c326b3510b9e7380e2b6d4931a68ec824535ca294b9c166,90af084039550dbfa1b2c0aafc8d4694c42209b191fd5b47f0314658efaf5513,,
correlation,dace_gpu,parallel,fresh_process,observed,1.9672994611319155,correlation,historical_main,,,,2,2,False,False,5bed53d94756b29d6c326b3510b9e7380e2b6d4931a68ec824535ca294b9c166,90af084039550dbfa1b2c0aafc8d4694c42209b191fd5b47f0314658efaf5513,,
correlation,dace_gpu,auto_opt,fresh_process,observed,1.834411138901487,correlation,historical_main,,,,2,2,False,False,5bed53d94756b29d6c326b3510b9e7380e2b6d4931a68ec824535ca294b9c166,90af084039550dbfa1b2c0aafc8d4694c42209b191fd5b47f0314658efaf5513,,
correlation,cupy,default,fresh_process,observed,1.364117636345327,correlation_return,workload-repairs/main-L,,,,2,2,True,True,4708febb51509c27799764226558ac090461d90855debef2b30a03c03ef57f6e,a80325d29cec49a59ec855ace66ce22deb5c4598a5707696210d3afdf6a571ee,,between_process_variability;two_later_processes_only
covariance,numpy,default,fresh_process,observed,1.2197463980410248,covariance,historical_main,,,,2,2,False,False,58b3a80d268ca9926b9a85556fa505122524ca4c66cc443c90a1e88c8ffec02f,af17a377caed2a970d699d0afa2fcc0382f2e0ec47bdab98c00e9bb2f70fcc48,,
covariance,numba,nopython-mode,fresh_process,observed,141.6968495505862,covariance,historical_main,,,,2,2,True,False,58b3a80d268ca9926b9a85556fa505122524ca4c66cc443c90a1e88c8ffec02f,af17a377caed2a970d699d0afa2fcc0382f2e0ec47bdab98c00e9bb2f70fcc48,,historical_disk_cache_hit_not_recorded
covariance,numba,nopython-mode-parallel,fresh_process,error,,covariance,historical_main,,,,0,0,False,False,58b3a80d268ca9926b9a85556fa505122524ca4c66cc443c90a1e88c8ffec02f,af17a377caed2a970d699d0afa2fcc0382f2e0ec47bdab98c00e9bb2f70fcc48,,
covariance,numba,nopython-mode-parallel-range,fresh_process,error,,covariance,historical_main,,,,0,0,False,False,58b3a80d268ca9926b9a85556fa505122524ca4c66cc443c90a1e88c8ffec02f,af17a377caed2a970d699d0afa2fcc0382f2e0ec47bdab98c00e9bb2f70fcc48,,
covariance,numba,object-mode,fresh_process,unsupported,,covariance,historical_main,,,,0,0,False,False,58b3a80d268ca9926b9a85556fa505122524ca4c66cc443c90a1e88c8ffec02f,af17a377caed2a970d699d0afa2fcc0382f2e0ec47bdab98c00e9bb2f70fcc48,,
covariance,numba,object-mode-parallel,fresh_process,unsupported,,covariance,historical_main,,,,0,0,False,False,58b3a80d268ca9926b9a85556fa505122524ca4c66cc443c90a1e88c8ffec02f,af17a377caed2a970d699d0afa2fcc0382f2e0ec47bdab98c00e9bb2f70fcc48,,
covariance,numba,object-mode-parallel-range,fresh_process,unsupported,,covariance,historical_main,,,,0,0,False,False,58b3a80d268ca9926b9a85556fa505122524ca4c66cc443c90a1e88c8ffec02f,af17a377caed2a970d699d0afa2fcc0382f2e0ec47bdab98c00e9bb2f70fcc48,,
covariance,dace_cpu,fusion,fresh_process,observed,68.64072177442722,covariance,historical_main,,,,2,2,False,False,58b3a80d268ca9926b9a85556fa505122524ca4c66cc443c90a1e88c8ffec02f,af17a377caed2a970d699d0afa2fcc0382f2e0ec47bdab98c00e9bb2f70fcc48,,
covariance,dace_cpu,parallel,fresh_process,observed,67.8752073738724,covariance,historical_main,,,,2,2,False,False,58b3a80d268ca9926b9a85556fa505122524ca4c66cc443c90a1e88c8ffec02f,af17a377caed2a970d699d0afa2fcc0382f2e0ec47bdab98c00e9bb2f70fcc48,,
covariance,dace_cpu,auto_opt,fresh_process,observed,69.27061506686732,covariance,historical_main,,,,2,2,False,False,58b3a80d268ca9926b9a85556fa505122524ca4c66cc443c90a1e88c8ffec02f,af17a377caed2a970d699d0afa2fcc0382f2e0ec47bdab98c00e9bb2f70fcc48,,
covariance,dace_gpu,fusion,fresh_process,observed,1.9386972507927567,covariance,historical_main,,,,2,2,False,False,58b3a80d268ca9926b9a85556fa505122524ca4c66cc443c90a1e88c8ffec02f,af17a377caed2a970d699d0afa2fcc0382f2e0ec47bdab98c00e9bb2f70fcc48,,
covariance,dace_gpu,parallel,fresh_process,observed,1.8819544911384583,covariance,historical_main,,,,2,2,False,False,58b3a80d268ca9926b9a85556fa505122524ca4c66cc443c90a1e88c8ffec02f,af17a377caed2a970d699d0afa2fcc0382f2e0ec47bdab98c00e9bb2f70fcc48,,
covariance,dace_gpu,auto_opt,fresh_process,observed,1.780530338641256,covariance,historical_main,,,,2,2,False,False,58b3a80d268ca9926b9a85556fa505122524ca4c66cc443c90a1e88c8ffec02f,af17a377caed2a970d699d0afa2fcc0382f2e0ec47bdab98c00e9bb2f70fcc48,,
covariance,cupy,default,fresh_process,observed,1.6382684307172894,covariance,historical_main,,,,2,2,False,False,58b3a80d268ca9926b9a85556fa505122524ca4c66cc443c90a1e88c8ffec02f,af17a377caed2a970d699d0afa2fcc0382f2e0ec47bdab98c00e9bb2f70fcc48,,
covariance2,numpy,default,fresh_process,observed,0.20067922258749604,covariance2,historical_main,,,,2,2,False,False,b81db17e032d058c24615c34bdcb3c48ed5a23e6cf458082da80be982f4559fa,e1424bc66fff5f5bb8acd9b4f317faa2af4ea1da59094eb63d32d82413d01c9b,,
covariance2,numba,nopython-mode,fresh_process,observed,0.8093745766673237,covariance2,historical_main,,,,2,2,True,False,b81db17e032d058c24615c34bdcb3c48ed5a23e6cf458082da80be982f4559fa,e1424bc66fff5f5bb8acd9b4f317faa2af4ea1da59094eb63d32d82413d01c9b,,historical_disk_cache_hit_not_recorded
covariance2,numba,nopython-mode-parallel,fresh_process,N/A,,,,,,,,,False,,,,,
covariance2,numba,nopython-mode-parallel-range,fresh_process,N/A,,,,,,,,,False,,,,,
covariance2,numba,object-mode,fresh_process,N/A,,,,,,,,,False,,,,,
covariance2,numba,object-mode-parallel,fresh_process,N/A,,,,,,,,,False,,,,,
covariance2,numba,object-mode-parallel-range,fresh_process,N/A,,,,,,,,,False,,,,,
covariance2,dace_cpu,fusion,fresh_process,missing,,covariance2,historical_main,,,,0,0,False,False,b81db17e032d058c24615c34bdcb3c48ed5a23e6cf458082da80be982f4559fa,e1424bc66fff5f5bb8acd9b4f317faa2af4ea1da59094eb63d32d82413d01c9b,,
covariance2,dace_cpu,parallel,fresh_process,missing,,covariance2,historical_main,,,,0,0,False,False,b81db17e032d058c24615c34bdcb3c48ed5a23e6cf458082da80be982f4559fa,e1424bc66fff5f5bb8acd9b4f317faa2af4ea1da59094eb63d32d82413d01c9b,,
covariance2,dace_cpu,auto_opt,fresh_process,missing,,covariance2,historical_main,,,,0,0,False,False,b81db17e032d058c24615c34bdcb3c48ed5a23e6cf458082da80be982f4559fa,e1424bc66fff5f5bb8acd9b4f317faa2af4ea1da59094eb63d32d82413d01c9b,,
covariance2,dace_gpu,fusion,fresh_process,missing,,covariance2,historical_main,,,,0,0,False,False,b81db17e032d058c24615c34bdcb3c48ed5a23e6cf458082da80be982f4559fa,e1424bc66fff5f5bb8acd9b4f317faa2af4ea1da59094eb63d32d82413d01c9b,,
covariance2,dace_gpu,parallel,fresh_process,missing,,covariance2,historical_main,,,,0,0,False,False,b81db17e032d058c24615c34bdcb3c48ed5a23e6cf458082da80be982f4559fa,e1424bc66fff5f5bb8acd9b4f317faa2af4ea1da59094eb63d32d82413d01c9b,,
covariance2,dace_gpu,auto_opt,fresh_process,missing,,covariance2,historical_main,,,,0,0,False,False,b81db17e032d058c24615c34bdcb3c48ed5a23e6cf458082da80be982f4559fa,e1424bc66fff5f5bb8acd9b4f317faa2af4ea1da59094eb63d32d82413d01c9b,,
covariance2,cupy,default,fresh_process,missing,,covariance2,historical_main,,,,0,0,False,False,b81db17e032d058c24615c34bdcb3c48ed5a23e6cf458082da80be982f4559fa,e1424bc66fff5f5bb8acd9b4f317faa2af4ea1da59094eb63d32d82413d01c9b,,
crc16,numpy,default,fresh_process,observed,0.7455242641735822,crc16,historical_main,,,,2,2,False,False,a7203e25a233dc7df7310c8693f87c1b6b61fb79f1dbf0005a64f986bb9b4471,f5e374255acb40d3b61ef049439a216956523578089519cdbac1c787454c279b,,
crc16,numba,nopython-mode,fresh_process,observed,0.37726258486509323,crc16,historical_main,,,,2,2,True,False,a7203e25a233dc7df7310c8693f87c1b6b61fb79f1dbf0005a64f986bb9b4471,f5e374255acb40d3b61ef049439a216956523578089519cdbac1c787454c279b,,historical_disk_cache_hit_not_recorded
crc16,numba,nopython-mode-parallel,fresh_process,observed,0.38756797881796956,crc16,step4/confirmation-L,,,,3,3,False,False,a7203e25a233dc7df7310c8693f87c1b6b61fb79f1dbf0005a64f986bb9b4471,f5e374255acb40d3b61ef049439a216956523578089519cdbac1c787454c279b,,
crc16,numba,nopython-mode-parallel-range,fresh_process,N/A,,,,,,,,,False,,,,,
crc16,numba,object-mode,fresh_process,N/A,,,,,,,,,False,,,,,
crc16,numba,object-mode-parallel,fresh_process,N/A,,,,,,,,,False,,,,,
crc16,numba,object-mode-parallel-range,fresh_process,N/A,,,,,,,,,False,,,,,
crc16,dace_cpu,fusion,fresh_process,observed,0.03434290084987879,crc16,historical_main,,,,2,2,False,False,a7203e25a233dc7df7310c8693f87c1b6b61fb79f1dbf0005a64f986bb9b4471,f5e374255acb40d3b61ef049439a216956523578089519cdbac1c787454c279b,,
crc16,dace_cpu,parallel,fresh_process,observed,0.0808100055437535,crc16,historical_main,,,,2,2,False,False,a7203e25a233dc7df7310c8693f87c1b6b61fb79f1dbf0005a64f986bb9b4471,f5e374255acb40d3b61ef049439a216956523578089519cdbac1c787454c279b,,
crc16,dace_cpu,auto_opt,fresh_process,observed,0.041475013829767704,crc16,historical_main,,,,2,2,False,False,a7203e25a233dc7df7310c8693f87c1b6b61fb79f1dbf0005a64f986bb9b4471,f5e374255acb40d3b61ef049439a216956523578089519cdbac1c787454c279b,,
crc16,dace_gpu,fusion,fresh_process,observed,6.585593188647181,crc16,historical_main,,,,2,2,False,False,a7203e25a233dc7df7310c8693f87c1b6b61fb79f1dbf0005a64f986bb9b4471,f5e374255acb40d3b61ef049439a216956523578089519cdbac1c787454c279b,,
crc16,dace_gpu,parallel,fresh_process,observed,6.670509045943618,crc16,historical_main,,,,2,2,False,False,a7203e25a233dc7df7310c8693f87c1b6b61fb79f1dbf0005a64f986bb9b4471,f5e374255acb40d3b61ef049439a216956523578089519cdbac1c787454c279b,,
crc16,dace_gpu,auto_opt,fresh_process,observed,6.66623241500929,crc16,historical_main,,,,2,2,False,False,a7203e25a233dc7df7310c8693f87c1b6b61fb79f1dbf0005a64f986bb9b4471,f5e374255acb40d3b61ef049439a216956523578089519cdbac1c787454c279b,,
crc16,cupy,default,fresh_process,observed,101.84519536118023,crc16,historical_main,,,,2,2,False,False,a7203e25a233dc7df7310c8693f87c1b6b61fb79f1dbf0005a64f986bb9b4471,f5e374255acb40d3b61ef049439a216956523578089519cdbac1c787454c279b,,
deriche,numpy,default,fresh_process,observed,0.7761478875763714,deriche,historical_main,,,,2,2,False,False,ef9e5773989e084d7d1b667806f77c2b4ac4ac430dad3a2726f189d79dc3abc8,86bedd90fc265ce6365b560b64f12b89d3c2d5bf501294f5352e2a58074f9840,,
deriche,numba,nopython-mode,fresh_process,observed,1.3075762679800391,deriche,historical_main,,,,2,2,True,False,ef9e5773989e084d7d1b667806f77c2b4ac4ac430dad3a2726f189d79dc3abc8,86bedd90fc265ce6365b560b64f12b89d3c2d5bf501294f5352e2a58074f9840,,historical_disk_cache_hit_not_recorded
deriche,numba,nopython-mode-parallel,fresh_process,observed,3.0416816528886557,deriche,historical_main,,,,2,2,True,False,ef9e5773989e084d7d1b667806f77c2b4ac4ac430dad3a2726f189d79dc3abc8,86bedd90fc265ce6365b560b64f12b89d3c2d5bf501294f5352e2a58074f9840,,historical_disk_cache_hit_not_recorded
deriche,numba,nopython-mode-parallel-range,fresh_process,N/A,,,,,,,,,False,,,,,
deriche,numba,object-mode,fresh_process,N/A,,,,,,,,,False,,,,,
deriche,numba,object-mode-parallel,fresh_process,N/A,,,,,,,,,False,,,,,
deriche,numba,object-mode-parallel-range,fresh_process,N/A,,,,,,,,,False,,,,,
deriche,dace_cpu,fusion,fresh_process,observed,2.4205315546132624,deriche,historical_main,,,,2,2,False,False,ef9e5773989e084d7d1b667806f77c2b4ac4ac430dad3a2726f189d79dc3abc8,86bedd90fc265ce6365b560b64f12b89d3c2d5bf501294f5352e2a58074f9840,,
deriche,dace_cpu,parallel,fresh_process,observed,2.49813388613984,deriche,historical_main,,,,2,2,True,False,ef9e5773989e084d7d1b667806f77c2b4ac4ac430dad3a2726f189d79dc3abc8,86bedd90fc265ce6365b560b64f12b89d3c2d5bf501294f5352e2a58074f9840,,selected_process_variability
deriche,dace_cpu,auto_opt,fresh_process,observed,2.1355449955444783,deriche,historical_main,,,,2,2,True,False,ef9e5773989e084d7d1b667806f77c2b4ac4ac430dad3a2726f189d79dc3abc8,86bedd90fc265ce6365b560b64f12b89d3c2d5bf501294f5352e2a58074f9840,,selected_process_variability
deriche,dace_gpu,fusion,fresh_process,observed,2.0043478768784553,deriche,historical_main,,,,2,2,False,False,ef9e5773989e084d7d1b667806f77c2b4ac4ac430dad3a2726f189d79dc3abc8,86bedd90fc265ce6365b560b64f12b89d3c2d5bf501294f5352e2a58074f9840,,
deriche,dace_gpu,parallel,fresh_process,observed,2.097470312844962,deriche,historical_main,,,,2,2,False,False,ef9e5773989e084d7d1b667806f77c2b4ac4ac430dad3a2726f189d79dc3abc8,86bedd90fc265ce6365b560b64f12b89d3c2d5bf501294f5352e2a58074f9840,,
deriche,dace_gpu,auto_opt,fresh_process,observed,1.9319251929409802,deriche,step4/confirmation-L,,,,3,3,False,False,ef9e5773989e084d7d1b667806f77c2b4ac4ac430dad3a2726f189d79dc3abc8,86bedd90fc265ce6365b560b64f12b89d3c2d5bf501294f5352e2a58074f9840,,
deriche,cupy,default,fresh_process,observed,2.913272342644632,deriche,historical_main,,,,2,2,False,False,ef9e5773989e084d7d1b667806f77c2b4ac4ac430dad3a2726f189d79dc3abc8,86bedd90fc265ce6365b560b64f12b89d3c2d5bf501294f5352e2a58074f9840,,
doitgen,numpy,default,fresh_process,observed,2.3344925926066935,doitgen,historical_main,,,,2,2,False,False,0a710e9d831ec217703666c373d0b37a2be01b536d40ad9f598bb77b08a6f7ff,e54ec8efb6b8a7fe086a96f3c0074529002b4a5aad97bbd19161c0a49cf1bb9d,,
doitgen,numba,nopython-mode,fresh_process,observed,2.312975214328617,doitgen,historical_main,,,,2,2,True,False,0a710e9d831ec217703666c373d0b37a2be01b536d40ad9f598bb77b08a6f7ff,e54ec8efb6b8a7fe086a96f3c0074529002b4a5aad97bbd19161c0a49cf1bb9d,,historical_disk_cache_hit_not_recorded;selected_process_variability
doitgen,numba,nopython-mode-parallel,fresh_process,N/A,,,,,,,,,False,,,,,
doitgen,numba,nopython-mode-parallel-range,fresh_process,N/A,,,,,,,,,False,,,,,
doitgen,numba,object-mode,fresh_process,observed,2.7369218131061643,doitgen,historical_main,,,,2,2,True,False,0a710e9d831ec217703666c373d0b37a2be01b536d40ad9f598bb77b08a6f7ff,e54ec8efb6b8a7fe086a96f3c0074529002b4a5aad97bbd19161c0a49cf1bb9d,,historical_disk_cache_hit_not_recorded
doitgen,numba,object-mode-parallel,fresh_process,observed,2.5652546985074878,doitgen,historical_main,,,,2,2,True,False,0a710e9d831ec217703666c373d0b37a2be01b536d40ad9f598bb77b08a6f7ff,e54ec8efb6b8a7fe086a96f3c0074529002b4a5aad97bbd19161c0a49cf1bb9d,,historical_disk_cache_hit_not_recorded;selected_process_variability
doitgen,numba,object-mode-parallel-range,fresh_process,N/A,,,,,,,,,False,,,,,
doitgen,dace_cpu,fusion,fresh_process,observed,0.41451522149145603,doitgen,historical_main,,,,2,2,True,False,0a710e9d831ec217703666c373d0b37a2be01b536d40ad9f598bb77b08a6f7ff,e54ec8efb6b8a7fe086a96f3c0074529002b4a5aad97bbd19161c0a49cf1bb9d,,selected_process_variability
doitgen,dace_cpu,parallel,fresh_process,observed,0.33624730398878455,doitgen,historical_main,,,,2,2,True,False,0a710e9d831ec217703666c373d0b37a2be01b536d40ad9f598bb77b08a6f7ff,e54ec8efb6b8a7fe086a96f3c0074529002b4a5aad97bbd19161c0a49cf1bb9d,,new_sampling_or_resources;selected_process_variability
doitgen,dace_cpu,auto_opt,fresh_process,observed,0.4118162146769464,doitgen,historical_main,,,,2,2,False,False,0a710e9d831ec217703666c373d0b37a2be01b536d40ad9f598bb77b08a6f7ff,e54ec8efb6b8a7fe086a96f3c0074529002b4a5aad97bbd19161c0a49cf1bb9d,,
doitgen,dace_gpu,fusion,fresh_process,observed,1.40497175604105,doitgen,historical_main,,,,2,2,False,False,0a710e9d831ec217703666c373d0b37a2be01b536d40ad9f598bb77b08a6f7ff,e54ec8efb6b8a7fe086a96f3c0074529002b4a5aad97bbd19161c0a49cf1bb9d,,
doitgen,dace_gpu,parallel,fresh_process,observed,1.407622690545395,doitgen,historical_main,,,,2,2,False,False,0a710e9d831ec217703666c373d0b37a2be01b536d40ad9f598bb77b08a6f7ff,e54ec8efb6b8a7fe086a96f3c0074529002b4a5aad97bbd19161c0a49cf1bb9d,,
doitgen,dace_gpu,auto_opt,fresh_process,observed,1.4745149943046272,doitgen,historical_main,,,,2,2,False,False,0a710e9d831ec217703666c373d0b37a2be01b536d40ad9f598bb77b08a6f7ff,e54ec8efb6b8a7fe086a96f3c0074529002b4a5aad97bbd19161c0a49cf1bb9d,,
doitgen,cupy,default,fresh_process,observed,0.8623226569034159,doitgen,historical_main,,,,2,2,False,False,0a710e9d831ec217703666c373d0b37a2be01b536d40ad9f598bb77b08a6f7ff,e54ec8efb6b8a7fe086a96f3c0074529002b4a5aad97bbd19161c0a49cf1bb9d,,
durbin,numpy,default,fresh_process,observed,2.2192536680959165,durbin,step4/confirmation-L,,,,3,3,False,False,7437c8bf3a6ba1cbc2df811774313bdf292efa8f737e2b875afbdc1c26ff99aa,ce8fe98cca13e7ff78b2059649cf38d58a3f2af294a834c6e4698392b4e95b14,,
durbin,numba,nopython-mode,fresh_process,observed,2.4587439647875726,durbin,historical_main,,,,2,2,True,False,7437c8bf3a6ba1cbc2df811774313bdf292efa8f737e2b875afbdc1c26ff99aa,ce8fe98cca13e7ff78b2059649cf38d58a3f2af294a834c6e4698392b4e95b14,,historical_disk_cache_hit_not_recorded;new_variability;selected_process_variability
durbin,numba,nopython-mode-parallel,fresh_process,error,,durbin,historical_main,,,,0,0,False,False,7437c8bf3a6ba1cbc2df811774313bdf292efa8f737e2b875afbdc1c26ff99aa,ce8fe98cca13e7ff78b2059649cf38d58a3f2af294a834c6e4698392b4e95b14,,
durbin,numba,nopython-mode-parallel-range,fresh_process,N/A,,,,,,,,,False,,,,,
durbin,numba,object-mode,fresh_process,N/A,,,,,,,,,False,,,,,
durbin,numba,object-mode-parallel,fresh_process,N/A,,,,,,,,,False,,,,,
durbin,numba,object-mode-parallel-range,fresh_process,N/A,,,,,,,,,False,,,,,
durbin,dace_cpu,fusion,fresh_process,timeout,,durbin,historical_main,,,,0,0,False,False,7437c8bf3a6ba1cbc2df811774313bdf292efa8f737e2b875afbdc1c26ff99aa,ce8fe98cca13e7ff78b2059649cf38d58a3f2af294a834c6e4698392b4e95b14,,
durbin,dace_cpu,parallel,fresh_process,timeout,,durbin,historical_main,,,,0,0,False,False,7437c8bf3a6ba1cbc2df811774313bdf292efa8f737e2b875afbdc1c26ff99aa,ce8fe98cca13e7ff78b2059649cf38d58a3f2af294a834c6e4698392b4e95b14,,
durbin,dace_cpu,auto_opt,fresh_process,timeout,,durbin,historical_main,,,,0,0,False,False,7437c8bf3a6ba1cbc2df811774313bdf292efa8f737e2b875afbdc1c26ff99aa,ce8fe98cca13e7ff78b2059649cf38d58a3f2af294a834c6e4698392b4e95b14,,
durbin,dace_gpu,fusion,fresh_process,observed,2.660711203934625,durbin,historical_main,,,,2,2,False,False,7437c8bf3a6ba1cbc2df811774313bdf292efa8f737e2b875afbdc1c26ff99aa,ce8fe98cca13e7ff78b2059649cf38d58a3f2af294a834c6e4698392b4e95b14,,
durbin,dace_gpu,parallel,fresh_process,observed,2.651708386838436,durbin,historical_main,,,,2,2,False,False,7437c8bf3a6ba1cbc2df811774313bdf292efa8f737e2b875afbdc1c26ff99aa,ce8fe98cca13e7ff78b2059649cf38d58a3f2af294a834c6e4698392b4e95b14,,
durbin,dace_gpu,auto_opt,fresh_process,observed,2.643585845362395,durbin,historical_main,,,,2,2,False,False,7437c8bf3a6ba1cbc2df811774313bdf292efa8f737e2b875afbdc1c26ff99aa,ce8fe98cca13e7ff78b2059649cf38d58a3f2af294a834c6e4698392b4e95b14,,
durbin,cupy,default,fresh_process,observed,4.654028359102085,durbin,historical_main,,,,2,2,False,False,7437c8bf3a6ba1cbc2df811774313bdf292efa8f737e2b875afbdc1c26ff99aa,ce8fe98cca13e7ff78b2059649cf38d58a3f2af294a834c6e4698392b4e95b14,,
fdtd_2d,numpy,default,fresh_process,observed,0.8279869044199586,fdtd_2d,historical_main,,,,2,2,False,False,06e26254e9c8b359ff97a77665932fc3543384ca179dea039154450eff6c94ff,ae503cf8154fbe07791342cfced3146fb8b1e03dbea637ba9add8796956ed94d,,
fdtd_2d,numba,nopython-mode,fresh_process,observed,1.937805100576952,fdtd_2d,historical_main,,,,2,2,True,False,06e26254e9c8b359ff97a77665932fc3543384ca179dea039154450eff6c94ff,ae503cf8154fbe07791342cfced3146fb8b1e03dbea637ba9add8796956ed94d,,historical_disk_cache_hit_not_recorded;selected_process_variability
fdtd_2d,numba,nopython-mode-parallel,fresh_process,observed,1.2545836050994694,fdtd_2d,historical_main,,,,2,2,True,False,06e26254e9c8b359ff97a77665932fc3543384ca179dea039154450eff6c94ff,ae503cf8154fbe07791342cfced3146fb8b1e03dbea637ba9add8796956ed94d,,historical_disk_cache_hit_not_recorded
fdtd_2d,numba,nopython-mode-parallel-range,fresh_process,N/A,,,,,,,,,False,,,,,
fdtd_2d,numba,object-mode,fresh_process,N/A,,,,,,,,,False,,,,,
fdtd_2d,numba,object-mode-parallel,fresh_process,N/A,,,,,,,,,False,,,,,
fdtd_2d,numba,object-mode-parallel-range,fresh_process,N/A,,,,,,,,,False,,,,,
fdtd_2d,dace_cpu,fusion,fresh_process,observed,0.6757033632602543,fdtd_2d,historical_main,,,,2,2,True,False,06e26254e9c8b359ff97a77665932fc3543384ca179dea039154450eff6c94ff,ae503cf8154fbe07791342cfced3146fb8b1e03dbea637ba9add8796956ed94d,,selected_process_variability
fdtd_2d,dace_cpu,parallel,fresh_process,observed,0.18274329393170774,fdtd_2d,historical_main,,,,2,2,True,False,06e26254e9c8b359ff97a77665932fc3543384ca179dea039154450eff6c94ff,ae503cf8154fbe07791342cfced3146fb8b1e03dbea637ba9add8796956ed94d,,historical_drift_requires_review;new_variability
fdtd_2d,dace_cpu,auto_opt,fresh_process,observed,0.21423389692790806,fdtd_2d,historical_main,,,,2,2,True,False,06e26254e9c8b359ff97a77665932fc3543384ca179dea039154450eff6c94ff,ae503cf8154fbe07791342cfced3146fb8b1e03dbea637ba9add8796956ed94d,,new_variability
fdtd_2d,dace_gpu,fusion,fresh_process,observed,1.0829361046198756,fdtd_2d,historical_main,,,,2,2,False,False,06e26254e9c8b359ff97a77665932fc3543384ca179dea039154450eff6c94ff,ae503cf8154fbe07791342cfced3146fb8b1e03dbea637ba9add8796956ed94d,,
fdtd_2d,dace_gpu,parallel,fresh_process,observed,1.1272427036892623,fdtd_2d,historical_main,,,,2,2,False,False,06e26254e9c8b359ff97a77665932fc3543384ca179dea039154450eff6c94ff,ae503cf8154fbe07791342cfced3146fb8b1e03dbea637ba9add8796956ed94d,,
fdtd_2d,dace_gpu,auto_opt,fresh_process,observed,1.0833789275493473,fdtd_2d,historical_main,,,,2,2,False,False,06e26254e9c8b359ff97a77665932fc3543384ca179dea039154450eff6c94ff,ae503cf8154fbe07791342cfced3146fb8b1e03dbea637ba9add8796956ed94d,,
fdtd_2d,cupy,default,fresh_process,observed,0.36578590143471956,fdtd_2d,historical_main,,,,2,2,False,False,06e26254e9c8b359ff97a77665932fc3543384ca179dea039154450eff6c94ff,ae503cf8154fbe07791342cfced3146fb8b1e03dbea637ba9add8796956ed94d,,
floyd_warshall,numpy,default,fresh_process,observed,3.943877471378073,floyd_warshall,historical_main,,,,2,2,True,False,a3edbd966d81083b8e17c12c5e476ba6f92ae518095bf60f44db36d16648859a,d80d0f1e5dc1b065b6ae583f4925157116e2c98d49b252f8e02fa8c4ffe273fe,,selected_process_variability
floyd_warshall,numba,nopython-mode,fresh_process,observed,1.748187678400427,floyd_warshall,historical_main,,,,2,2,True,False,a3edbd966d81083b8e17c12c5e476ba6f92ae518095bf60f44db36d16648859a,d80d0f1e5dc1b065b6ae583f4925157116e2c98d49b252f8e02fa8c4ffe273fe,,historical_disk_cache_hit_not_recorded;selected_process_variability
floyd_warshall,numba,nopython-mode-parallel,fresh_process,observed,60.35854955133982,floyd_warshall,historical_main,,,,2,2,True,False,a3edbd966d81083b8e17c12c5e476ba6f92ae518095bf60f44db36d16648859a,d80d0f1e5dc1b065b6ae583f4925157116e2c98d49b252f8e02fa8c4ffe273fe,,historical_disk_cache_hit_not_recorded;selected_process_variability
floyd_warshall,numba,nopython-mode-parallel-range,fresh_process,observed,1.2170568408910185,floyd_warshall,historical_main,,,,2,2,True,False,a3edbd966d81083b8e17c12c5e476ba6f92ae518095bf60f44db36d16648859a,d80d0f1e5dc1b065b6ae583f4925157116e2c98d49b252f8e02fa8c4ffe273fe,,historical_disk_cache_hit_not_recorded;historical_drift_requires_review;new_reuse_evidence_incomplete;new_sampling_or_resources;selected_process_variability
floyd_warshall,numba,object-mode,fresh_process,unsupported,,floyd_warshall,historical_main,,,,0,0,False,False,a3edbd966d81083b8e17c12c5e476ba6f92ae518095bf60f44db36d16648859a,d80d0f1e5dc1b065b6ae583f4925157116e2c98d49b252f8e02fa8c4ffe273fe,,
floyd_warshall,numba,object-mode-parallel,fresh_process,unsupported,,floyd_warshall,historical_main,,,,0,0,False,False,a3edbd966d81083b8e17c12c5e476ba6f92ae518095bf60f44db36d16648859a,d80d0f1e5dc1b065b6ae583f4925157116e2c98d49b252f8e02fa8c4ffe273fe,,
floyd_warshall,numba,object-mode-parallel-range,fresh_process,N/A,,,,,,,,,False,,,,,
floyd_warshall,dace_cpu,fusion,fresh_process,observed,1.0561244895216078,floyd_warshall,historical_main,,,,2,2,True,False,a3edbd966d81083b8e17c12c5e476ba6f92ae518095bf60f44db36d16648859a,d80d0f1e5dc1b065b6ae583f4925157116e2c98d49b252f8e02fa8c4ffe273fe,,historical_drift_requires_review;new_variability;selected_process_variability
floyd_warshall,dace_cpu,parallel,fresh_process,observed,1.691643798025325,floyd_warshall,historical_main,,,,2,2,True,False,a3edbd966d81083b8e17c12c5e476ba6f92ae518095bf60f44db36d16648859a,d80d0f1e5dc1b065b6ae583f4925157116e2c98d49b252f8e02fa8c4ffe273fe,,selected_process_variability
floyd_warshall,dace_cpu,auto_opt,fresh_process,observed,1.2187602913472801,floyd_warshall,historical_main,,,,2,2,False,False,a3edbd966d81083b8e17c12c5e476ba6f92ae518095bf60f44db36d16648859a,d80d0f1e5dc1b065b6ae583f4925157116e2c98d49b252f8e02fa8c4ffe273fe,,
floyd_warshall,dace_gpu,fusion,fresh_process,observed,1.3010784585494548,floyd_warshall,historical_main,,,,2,2,False,False,a3edbd966d81083b8e17c12c5e476ba6f92ae518095bf60f44db36d16648859a,d80d0f1e5dc1b065b6ae583f4925157116e2c98d49b252f8e02fa8c4ffe273fe,,
floyd_warshall,dace_gpu,parallel,fresh_process,observed,1.3643564728554338,floyd_warshall,historical_main,,,,2,2,False,False,a3edbd966d81083b8e17c12c5e476ba6f92ae518095bf60f44db36d16648859a,d80d0f1e5dc1b065b6ae583f4925157116e2c98d49b252f8e02fa8c4ffe273fe,,
floyd_warshall,dace_gpu,auto_opt,fresh_process,observed,1.0705181690864265,floyd_warshall,historical_main,,,,2,2,False,False,a3edbd966d81083b8e17c12c5e476ba6f92ae518095bf60f44db36d16648859a,d80d0f1e5dc1b065b6ae583f4925157116e2c98d49b252f8e02fa8c4ffe273fe,,
floyd_warshall,cupy,default,fresh_process,observed,27.16406354843639,floyd_warshall,historical_main,,,,2,2,False,False,a3edbd966d81083b8e17c12c5e476ba6f92ae518095bf60f44db36d16648859a,d80d0f1e5dc1b065b6ae583f4925157116e2c98d49b252f8e02fa8c4ffe273fe,,
gemm,numpy,default,fresh_process,observed,1.575534057803452,gemm,historical_main,,,,2,2,False,False,0c0d6b6a480e5bce18192950eed6fa367ca1dff111ffe96afd63e44b0357c489,a7cad45e3e7e87c02c7a2df12b4f75774f21a5cca78b504ff8830be9107f34b6,,
gemm,numba,nopython-mode,fresh_process,observed,2.513459076639265,gemm,historical_main,,,,2,2,True,False,0c0d6b6a480e5bce18192950eed6fa367ca1dff111ffe96afd63e44b0357c489,a7cad45e3e7e87c02c7a2df12b4f75774f21a5cca78b504ff8830be9107f34b6,,historical_disk_cache_hit_not_recorded;selected_process_variability
gemm,numba,nopython-mode-parallel,fresh_process,observed,2.11255634855479,gemm,historical_main,,,,2,2,True,False,0c0d6b6a480e5bce18192950eed6fa367ca1dff111ffe96afd63e44b0357c489,a7cad45e3e7e87c02c7a2df12b4f75774f21a5cca78b504ff8830be9107f34b6,,historical_disk_cache_hit_not_recorded
gemm,numba,nopython-mode-parallel-range,fresh_process,N/A,,,,,,,,,False,,,,,
gemm,numba,object-mode,fresh_process,N/A,,,,,,,,,False,,,,,
gemm,numba,object-mode-parallel,fresh_process,N/A,,,,,,,,,False,,,,,
gemm,numba,object-mode-parallel-range,fresh_process,N/A,,,,,,,,,False,,,,,
gemm,dace_cpu,fusion,fresh_process,observed,1.9782636186573654,gemm,historical_main,,,,2,2,False,False,0c0d6b6a480e5bce18192950eed6fa367ca1dff111ffe96afd63e44b0357c489,a7cad45e3e7e87c02c7a2df12b4f75774f21a5cca78b504ff8830be9107f34b6,,
gemm,dace_cpu,parallel,fresh_process,observed,1.9538516530301422,gemm,historical_main,,,,2,2,False,False,0c0d6b6a480e5bce18192950eed6fa367ca1dff111ffe96afd63e44b0357c489,a7cad45e3e7e87c02c7a2df12b4f75774f21a5cca78b504ff8830be9107f34b6,,
gemm,dace_cpu,auto_opt,fresh_process,observed,1.840387946460396,gemm,historical_main,,,,2,2,False,False,0c0d6b6a480e5bce18192950eed6fa367ca1dff111ffe96afd63e44b0357c489,a7cad45e3e7e87c02c7a2df12b4f75774f21a5cca78b504ff8830be9107f34b6,,
gemm,dace_gpu,fusion,fresh_process,observed,1.8363502162974328,gemm,historical_main,,,,2,2,True,False,0c0d6b6a480e5bce18192950eed6fa367ca1dff111ffe96afd63e44b0357c489,a7cad45e3e7e87c02c7a2df12b4f75774f21a5cca78b504ff8830be9107f34b6,,new_sampling_or_resources
gemm,dace_gpu,parallel,fresh_process,observed,2.076354480115697,gemm,historical_main,,,,2,2,False,False,0c0d6b6a480e5bce18192950eed6fa367ca1dff111ffe96afd63e44b0357c489,a7cad45e3e7e87c02c7a2df12b4f75774f21a5cca78b504ff8830be9107f34b6,,
gemm,dace_gpu,auto_opt,fresh_process,observed,1.8803998206276447,gemm,historical_main,,,,2,2,False,False,0c0d6b6a480e5bce18192950eed6fa367ca1dff111ffe96afd63e44b0357c489,a7cad45e3e7e87c02c7a2df12b4f75774f21a5cca78b504ff8830be9107f34b6,,
gemm,cupy,default,fresh_process,observed,1.5735979247838259,gemm,step4/confirmation-L,,,,3,3,False,False,0c0d6b6a480e5bce18192950eed6fa367ca1dff111ffe96afd63e44b0357c489,a7cad45e3e7e87c02c7a2df12b4f75774f21a5cca78b504ff8830be9107f34b6,,
gemver,numpy,default,fresh_process,observed,0.6026282894890755,gemver,historical_main,,,,2,2,True,False,85cc572cc7692fb81b6c77506a30c2af771c098b9e57d5abf57198c996aa6ef6,8f83d1ce5ccca10e01496b8b60f5d329e3f1f9e85ecb87f3b836424334239f88,,selected_process_variability
gemver,numba,nopython-mode,fresh_process,observed,2.804091793950647,gemver,historical_main,,,,2,2,True,False,85cc572cc7692fb81b6c77506a30c2af771c098b9e57d5abf57198c996aa6ef6,8f83d1ce5ccca10e01496b8b60f5d329e3f1f9e85ecb87f3b836424334239f88,,historical_disk_cache_hit_not_recorded;selected_process_variability
gemver,numba,nopython-mode-parallel,fresh_process,observed,1.7750503465067595,gemver,historical_main,,,,2,2,True,False,85cc572cc7692fb81b6c77506a30c2af771c098b9e57d5abf57198c996aa6ef6,8f83d1ce5ccca10e01496b8b60f5d329e3f1f9e85ecb87f3b836424334239f88,,historical_disk_cache_hit_not_recorded;selected_process_variability
gemver,numba,nopython-mode-parallel-range,fresh_process,N/A,,,,,,,,,False,,,,,
gemver,numba,object-mode,fresh_process,N/A,,,,,,,,,False,,,,,
gemver,numba,object-mode-parallel,fresh_process,N/A,,,,,,,,,False,,,,,
gemver,numba,object-mode-parallel-range,fresh_process,N/A,,,,,,,,,False,,,,,
gemver,dace_cpu,fusion,fresh_process,observed,0.4604000239633024,gemver,historical_main,,,,2,2,False,False,85cc572cc7692fb81b6c77506a30c2af771c098b9e57d5abf57198c996aa6ef6,8f83d1ce5ccca10e01496b8b60f5d329e3f1f9e85ecb87f3b836424334239f88,,
gemver,dace_cpu,parallel,fresh_process,observed,0.5419858074747026,gemver,historical_main,,,,2,2,False,False,85cc572cc7692fb81b6c77506a30c2af771c098b9e57d5abf57198c996aa6ef6,8f83d1ce5ccca10e01496b8b60f5d329e3f1f9e85ecb87f3b836424334239f88,,
gemver,dace_cpu,auto_opt,fresh_process,observed,0.34501629532314837,gemver,historical_main,,,,2,2,True,False,85cc572cc7692fb81b6c77506a30c2af771c098b9e57d5abf57198c996aa6ef6,8f83d1ce5ccca10e01496b8b60f5d329e3f1f9e85ecb87f3b836424334239f88,,new_variability;selected_process_variability
gemver,dace_gpu,fusion,fresh_process,observed,2.0221829847432673,gemver,historical_main,,,,2,2,True,False,85cc572cc7692fb81b6c77506a30c2af771c098b9e57d5abf57198c996aa6ef6,8f83d1ce5ccca10e01496b8b60f5d329e3f1f9e85ecb87f3b836424334239f88,,selected_process_variability
gemver,dace_gpu,parallel,fresh_process,observed,2.4321597970556468,gemver,historical_main,,,,2,2,True,False,85cc572cc7692fb81b6c77506a30c2af771c098b9e57d5abf57198c996aa6ef6,8f83d1ce5ccca10e01496b8b60f5d329e3f1f9e85ecb87f3b836424334239f88,,selected_process_variability
gemver,dace_gpu,auto_opt,fresh_process,observed,2.290662037441507,gemver,historical_main,,,,2,2,False,False,85cc572cc7692fb81b6c77506a30c2af771c098b9e57d5abf57198c996aa6ef6,8f83d1ce5ccca10e01496b8b60f5d329e3f1f9e85ecb87f3b836424334239f88,,
gemver,cupy,default,fresh_process,observed,1.5661897496320307,gemver,historical_main,,,,2,2,False,False,85cc572cc7692fb81b6c77506a30c2af771c098b9e57d5abf57198c996aa6ef6,8f83d1ce5ccca10e01496b8b60f5d329e3f1f9e85ecb87f3b836424334239f88,,
gesummv,numpy,default,fresh_process,observed,0.5368479494936764,gesummv,historical_main,,,,2,2,False,False,0e62642787bfd7976dde4296be195e5cc2dd07cdd198d1233ad748fdaaf9fc80,603add7d548bef0a20a6309fbf3785c05014a0b3550717c6d424278bd55d2518,,
gesummv,numba,nopython-mode,fresh_process,observed,2.3739106664434075,gesummv,historical_main,,,,2,2,True,False,0e62642787bfd7976dde4296be195e5cc2dd07cdd198d1233ad748fdaaf9fc80,603add7d548bef0a20a6309fbf3785c05014a0b3550717c6d424278bd55d2518,,historical_disk_cache_hit_not_recorded;selected_process_variability
gesummv,numba,nopython-mode-parallel,fresh_process,observed,0.8868005406111479,gesummv,historical_main,,,,2,2,True,False,0e62642787bfd7976dde4296be195e5cc2dd07cdd198d1233ad748fdaaf9fc80,603add7d548bef0a20a6309fbf3785c05014a0b3550717c6d424278bd55d2518,,historical_disk_cache_hit_not_recorded
gesummv,numba,nopython-mode-parallel-range,fresh_process,N/A,,,,,,,,,False,,,,,
gesummv,numba,object-mode,fresh_process,N/A,,,,,,,,,False,,,,,
gesummv,numba,object-mode-parallel,fresh_process,N/A,,,,,,,,,False,,,,,
gesummv,numba,object-mode-parallel-range,fresh_process,N/A,,,,,,,,,False,,,,,
gesummv,dace_cpu,fusion,fresh_process,observed,0.7188429513480514,gesummv,historical_main,,,,2,2,False,False,0e62642787bfd7976dde4296be195e5cc2dd07cdd198d1233ad748fdaaf9fc80,603add7d548bef0a20a6309fbf3785c05014a0b3550717c6d424278bd55d2518,,
gesummv,dace_cpu,parallel,fresh_process,observed,0.6782295929733664,gesummv,historical_main,,,,2,2,True,False,0e62642787bfd7976dde4296be195e5cc2dd07cdd198d1233ad748fdaaf9fc80,603add7d548bef0a20a6309fbf3785c05014a0b3550717c6d424278bd55d2518,,selected_process_variability
gesummv,dace_cpu,auto_opt,fresh_process,observed,0.40323270997032523,gesummv,historical_main,,,,2,2,True,False,0e62642787bfd7976dde4296be195e5cc2dd07cdd198d1233ad748fdaaf9fc80,603add7d548bef0a20a6309fbf3785c05014a0b3550717c6d424278bd55d2518,,new_sampling_or_resources
gesummv,dace_gpu,fusion,fresh_process,observed,3.1756253479979932,gesummv,historical_main,,,,2,2,False,False,0e62642787bfd7976dde4296be195e5cc2dd07cdd198d1233ad748fdaaf9fc80,603add7d548bef0a20a6309fbf3785c05014a0b3550717c6d424278bd55d2518,,
gesummv,dace_gpu,parallel,fresh_process,observed,3.1248196801170707,gesummv,historical_main,,,,2,2,False,False,0e62642787bfd7976dde4296be195e5cc2dd07cdd198d1233ad748fdaaf9fc80,603add7d548bef0a20a6309fbf3785c05014a0b3550717c6d424278bd55d2518,,
gesummv,dace_gpu,auto_opt,fresh_process,observed,3.2714439153205603,gesummv,historical_main,,,,2,2,False,False,0e62642787bfd7976dde4296be195e5cc2dd07cdd198d1233ad748fdaaf9fc80,603add7d548bef0a20a6309fbf3785c05014a0b3550717c6d424278bd55d2518,,
gesummv,cupy,default,fresh_process,observed,3.1301723700016737,gesummv,historical_main,,,,2,2,False,False,0e62642787bfd7976dde4296be195e5cc2dd07cdd198d1233ad748fdaaf9fc80,603add7d548bef0a20a6309fbf3785c05014a0b3550717c6d424278bd55d2518,,
go_fast,numpy,default,fresh_process,observed,1.508423276245594,go_fast,historical_main,,,,2,2,False,False,ae81860b1a6b200efcca939dedfc2ee5e6a861d07af0c13d6e54e4f1ed9dfb3a,27869e2eab641d51a4dcb8b144e082c2564882966a28c404e3c13fdb484f75cf,,
go_fast,numba,nopython-mode,fresh_process,observed,2.3616835079155862,go_fast,historical_main,,,,2,2,True,False,ae81860b1a6b200efcca939dedfc2ee5e6a861d07af0c13d6e54e4f1ed9dfb3a,27869e2eab641d51a4dcb8b144e082c2564882966a28c404e3c13fdb484f75cf,,historical_disk_cache_hit_not_recorded;selected_process_variability
go_fast,numba,nopython-mode-parallel,fresh_process,observed,0.48070120182819664,go_fast,historical_main,,,,2,2,True,False,ae81860b1a6b200efcca939dedfc2ee5e6a861d07af0c13d6e54e4f1ed9dfb3a,27869e2eab641d51a4dcb8b144e082c2564882966a28c404e3c13fdb484f75cf,,historical_disk_cache_hit_not_recorded;selected_process_variability
go_fast,numba,nopython-mode-parallel-range,fresh_process,observed,0.5665151679422706,go_fast,historical_main,,,,2,2,True,False,ae81860b1a6b200efcca939dedfc2ee5e6a861d07af0c13d6e54e4f1ed9dfb3a,27869e2eab641d51a4dcb8b144e082c2564882966a28c404e3c13fdb484f75cf,,historical_disk_cache_hit_not_recorded;selected_process_variability
go_fast,numba,object-mode,fresh_process,N/A,,,,,,,,,False,,,,,
go_fast,numba,object-mode-parallel,fresh_process,N/A,,,,,,,,,False,,,,,
go_fast,numba,object-mode-parallel-range,fresh_process,N/A,,,,,,,,,False,,,,,
go_fast,dace_cpu,fusion,fresh_process,observed,0.17427136562764645,go_fast,historical_main,,,,2,2,False,False,ae81860b1a6b200efcca939dedfc2ee5e6a861d07af0c13d6e54e4f1ed9dfb3a,27869e2eab641d51a4dcb8b144e082c2564882966a28c404e3c13fdb484f75cf,,
go_fast,dace_cpu,parallel,fresh_process,observed,0.1755939326249063,go_fast,historical_main,,,,2,2,False,False,ae81860b1a6b200efcca939dedfc2ee5e6a861d07af0c13d6e54e4f1ed9dfb3a,27869e2eab641d51a4dcb8b144e082c2564882966a28c404e3c13fdb484f75cf,,
go_fast,dace_cpu,auto_opt,fresh_process,observed,0.16769443452358246,go_fast,historical_main,,,,2,2,False,False,ae81860b1a6b200efcca939dedfc2ee5e6a861d07af0c13d6e54e4f1ed9dfb3a,27869e2eab641d51a4dcb8b144e082c2564882966a28c404e3c13fdb484f75cf,,
go_fast,dace_gpu,fusion,fresh_process,observed,8.061225130688399,go_fast,historical_main,,,,2,2,False,False,ae81860b1a6b200efcca939dedfc2ee5e6a861d07af0c13d6e54e4f1ed9dfb3a,27869e2eab641d51a4dcb8b144e082c2564882966a28c404e3c13fdb484f75cf,,
go_fast,dace_gpu,parallel,fresh_process,observed,7.894141655648127,go_fast,historical_main,,,,2,2,False,False,ae81860b1a6b200efcca939dedfc2ee5e6a861d07af0c13d6e54e4f1ed9dfb3a,27869e2eab641d51a4dcb8b144e082c2564882966a28c404e3c13fdb484f75cf,,
go_fast,dace_gpu,auto_opt,fresh_process,observed,7.694712881930172,go_fast,historical_main,,,,2,2,True,False,ae81860b1a6b200efcca939dedfc2ee5e6a861d07af0c13d6e54e4f1ed9dfb3a,27869e2eab641d51a4dcb8b144e082c2564882966a28c404e3c13fdb484f75cf,,new_sampling_or_resources
go_fast,cupy,default,fresh_process,observed,6.074419156415388,go_fast,historical_main,,,,2,2,True,False,ae81860b1a6b200efcca939dedfc2ee5e6a861d07af0c13d6e54e4f1ed9dfb3a,27869e2eab641d51a4dcb8b144e082c2564882966a28c404e3c13fdb484f75cf,,selected_process_variability
gramschmidt,numpy,default,fresh_process,observed,1.0858090061228722,gramschmidt,historical_main,,,,2,2,True,False,1f3d8680c6c62cb57662259efbd6317e805dc931a93921d1f417b2d9a8b00706,0cd9b7683af012b2f89286b1d7f883de9ac11e0a801ad6a40757c753baba615b,,selected_process_variability
gramschmidt,numba,nopython-mode,fresh_process,observed,1.147527648601681,gramschmidt,historical_main,,,,2,2,True,False,1f3d8680c6c62cb57662259efbd6317e805dc931a93921d1f417b2d9a8b00706,0cd9b7683af012b2f89286b1d7f883de9ac11e0a801ad6a40757c753baba615b,,historical_disk_cache_hit_not_recorded;new_sampling_or_resources
gramschmidt,numba,nopython-mode-parallel,fresh_process,observed,18.20342695270665,gramschmidt,historical_main,,,,2,2,True,False,1f3d8680c6c62cb57662259efbd6317e805dc931a93921d1f417b2d9a8b00706,0cd9b7683af012b2f89286b1d7f883de9ac11e0a801ad6a40757c753baba615b,,historical_disk_cache_hit_not_recorded;selected_process_variability
gramschmidt,numba,nopython-mode-parallel-range,fresh_process,N/A,,,,,,,,,False,,,,,
gramschmidt,numba,object-mode,fresh_process,N/A,,,,,,,,,False,,,,,
gramschmidt,numba,object-mode-parallel,fresh_process,N/A,,,,,,,,,False,,,,,
gramschmidt,numba,object-mode-parallel-range,fresh_process,N/A,,,,,,,,,False,,,,,
gramschmidt,dace_cpu,fusion,fresh_process,observed,9.61729541560635,gramschmidt,historical_main,,,,2,2,True,False,1f3d8680c6c62cb57662259efbd6317e805dc931a93921d1f417b2d9a8b00706,0cd9b7683af012b2f89286b1d7f883de9ac11e0a801ad6a40757c753baba615b,,selected_process_variability
gramschmidt,dace_cpu,parallel,fresh_process,observed,6.612586978357285,gramschmidt,historical_main,,,,2,2,True,False,1f3d8680c6c62cb57662259efbd6317e805dc931a93921d1f417b2d9a8b00706,0cd9b7683af012b2f89286b1d7f883de9ac11e0a801ad6a40757c753baba615b,,selected_process_variability
gramschmidt,dace_cpu,auto_opt,fresh_process,observed,7.274100935086608,gramschmidt,historical_main,,,,2,2,True,False,1f3d8680c6c62cb57662259efbd6317e805dc931a93921d1f417b2d9a8b00706,0cd9b7683af012b2f89286b1d7f883de9ac11e0a801ad6a40757c753baba615b,,selected_process_variability
gramschmidt,dace_gpu,fusion,fresh_process,observed,7.374871401581913,gramschmidt,historical_main,,,,2,2,False,False,1f3d8680c6c62cb57662259efbd6317e805dc931a93921d1f417b2d9a8b00706,0cd9b7683af012b2f89286b1d7f883de9ac11e0a801ad6a40757c753baba615b,,
gramschmidt,dace_gpu,parallel,fresh_process,observed,6.865608723601326,gramschmidt,historical_main,,,,2,2,False,False,1f3d8680c6c62cb57662259efbd6317e805dc931a93921d1f417b2d9a8b00706,0cd9b7683af012b2f89286b1d7f883de9ac11e0a801ad6a40757c753baba615b,,
gramschmidt,dace_gpu,auto_opt,fresh_process,observed,5.668603061931208,gramschmidt,historical_main,,,,2,2,False,False,1f3d8680c6c62cb57662259efbd6317e805dc931a93921d1f417b2d9a8b00706,0cd9b7683af012b2f89286b1d7f883de9ac11e0a801ad6a40757c753baba615b,,
gramschmidt,cupy,default,fresh_process,observed,15.848903930746019,gramschmidt,historical_main,,,,2,2,False,False,1f3d8680c6c62cb57662259efbd6317e805dc931a93921d1f417b2d9a8b00706,0cd9b7683af012b2f89286b1d7f883de9ac11e0a801ad6a40757c753baba615b,,
hdiff,numpy,default,fresh_process,observed,0.40804213332012296,hdiff,historical_main,,,,2,2,False,False,db572ba94a6764cd4f333fd1c155d8498c95bfc20a8f378ce3588d5b7ef038ef,e800ed3dc8d530d7e84b4a637b91cc6d9bc1280101023ee86a27f69cfa34eec1,,
hdiff,numba,nopython-mode,fresh_process,observed,1.9846440160181373,hdiff,historical_main,,,,2,2,True,False,db572ba94a6764cd4f333fd1c155d8498c95bfc20a8f378ce3588d5b7ef038ef,e800ed3dc8d530d7e84b4a637b91cc6d9bc1280101023ee86a27f69cfa34eec1,,historical_disk_cache_hit_not_recorded;selected_process_variability
hdiff,numba,nopython-mode-parallel,fresh_process,observed,1.2316251290030777,hdiff,historical_main,,,,2,2,True,False,db572ba94a6764cd4f333fd1c155d8498c95bfc20a8f378ce3588d5b7ef038ef,e800ed3dc8d530d7e84b4a637b91cc6d9bc1280101023ee86a27f69cfa34eec1,,historical_disk_cache_hit_not_recorded
hdiff,numba,nopython-mode-parallel-range,fresh_process,N/A,,,,,,,,,False,,,,,
hdiff,numba,object-mode,fresh_process,N/A,,,,,,,,,False,,,,,
hdiff,numba,object-mode-parallel,fresh_process,N/A,,,,,,,,,False,,,,,
hdiff,numba,object-mode-parallel-range,fresh_process,N/A,,,,,,,,,False,,,,,
hdiff,dace_cpu,fusion,fresh_process,observed,0.354211249621585,hdiff,historical_main,,,,2,2,False,False,db572ba94a6764cd4f333fd1c155d8498c95bfc20a8f378ce3588d5b7ef038ef,e800ed3dc8d530d7e84b4a637b91cc6d9bc1280101023ee86a27f69cfa34eec1,,
hdiff,dace_cpu,parallel,fresh_process,observed,0.2670638137497008,hdiff,historical_main,,,,2,2,True,False,db572ba94a6764cd4f333fd1c155d8498c95bfc20a8f378ce3588d5b7ef038ef,e800ed3dc8d530d7e84b4a637b91cc6d9bc1280101023ee86a27f69cfa34eec1,,selected_process_variability
hdiff,dace_cpu,auto_opt,fresh_process,observed,0.1666844084393233,hdiff,historical_main,,,,2,2,True,False,db572ba94a6764cd4f333fd1c155d8498c95bfc20a8f378ce3588d5b7ef038ef,e800ed3dc8d530d7e84b4a637b91cc6d9bc1280101023ee86a27f69cfa34eec1,,new_variability;selected_process_variability
hdiff,dace_gpu,fusion,fresh_process,observed,1.3204149245284498,hdiff,historical_main,,,,2,2,False,False,db572ba94a6764cd4f333fd1c155d8498c95bfc20a8f378ce3588d5b7ef038ef,e800ed3dc8d530d7e84b4a637b91cc6d9bc1280101023ee86a27f69cfa34eec1,,
hdiff,dace_gpu,parallel,fresh_process,observed,1.3692541101481766,hdiff,historical_main,,,,2,2,False,False,db572ba94a6764cd4f333fd1c155d8498c95bfc20a8f378ce3588d5b7ef038ef,e800ed3dc8d530d7e84b4a637b91cc6d9bc1280101023ee86a27f69cfa34eec1,,
hdiff,dace_gpu,auto_opt,fresh_process,observed,1.2749485459644347,hdiff,historical_main,,,,2,2,False,False,db572ba94a6764cd4f333fd1c155d8498c95bfc20a8f378ce3588d5b7ef038ef,e800ed3dc8d530d7e84b4a637b91cc6d9bc1280101023ee86a27f69cfa34eec1,,
hdiff,cupy,default,fresh_process,observed,0.7989566912874579,hdiff,historical_main,,,,2,2,False,False,db572ba94a6764cd4f333fd1c155d8498c95bfc20a8f378ce3588d5b7ef038ef,e800ed3dc8d530d7e84b4a637b91cc6d9bc1280101023ee86a27f69cfa34eec1,,
heat_3d,numpy,default,fresh_process,observed,0.7097185191232711,heat_3d,historical_main,,,,2,2,False,False,30fe858bb26413e6677f8fa2af4b685936ad2acf33485956268a9184b302da55,a81cc292224c841a9ce27e90c6d26d29c8ea5a75badeca9376911772a40bf22f,,
heat_3d,numba,nopython-mode,fresh_process,observed,1.8416414218954742,heat_3d,historical_main,,,,2,2,True,False,30fe858bb26413e6677f8fa2af4b685936ad2acf33485956268a9184b302da55,a81cc292224c841a9ce27e90c6d26d29c8ea5a75badeca9376911772a40bf22f,,historical_disk_cache_hit_not_recorded
heat_3d,numba,nopython-mode-parallel,fresh_process,observed,0.8782040076330304,heat_3d,historical_main,,,,2,2,True,False,30fe858bb26413e6677f8fa2af4b685936ad2acf33485956268a9184b302da55,a81cc292224c841a9ce27e90c6d26d29c8ea5a75badeca9376911772a40bf22f,,historical_disk_cache_hit_not_recorded
heat_3d,numba,nopython-mode-parallel-range,fresh_process,N/A,,,,,,,,,False,,,,,
heat_3d,numba,object-mode,fresh_process,N/A,,,,,,,,,False,,,,,
heat_3d,numba,object-mode-parallel,fresh_process,N/A,,,,,,,,,False,,,,,
heat_3d,numba,object-mode-parallel-range,fresh_process,N/A,,,,,,,,,False,,,,,
heat_3d,dace_cpu,fusion,fresh_process,observed,0.22353142639622092,heat_3d,historical_main,,,,2,2,True,False,30fe858bb26413e6677f8fa2af4b685936ad2acf33485956268a9184b302da55,a81cc292224c841a9ce27e90c6d26d29c8ea5a75badeca9376911772a40bf22f,,new_variability;selected_process_variability
heat_3d,dace_cpu,parallel,fresh_process,observed,0.2816667470615357,heat_3d,historical_main,,,,2,2,True,False,30fe858bb26413e6677f8fa2af4b685936ad2acf33485956268a9184b302da55,a81cc292224c841a9ce27e90c6d26d29c8ea5a75badeca9376911772a40bf22f,,selected_process_variability
heat_3d,dace_cpu,auto_opt,fresh_process,observed,0.6356667336076498,heat_3d,historical_main,,,,2,2,True,False,30fe858bb26413e6677f8fa2af4b685936ad2acf33485956268a9184b302da55,a81cc292224c841a9ce27e90c6d26d29c8ea5a75badeca9376911772a40bf22f,,historical_drift_requires_review;new_variability;selected_process_variability
heat_3d,dace_gpu,fusion,fresh_process,observed,1.0731062716804445,heat_3d,historical_main,,,,2,2,False,False,30fe858bb26413e6677f8fa2af4b685936ad2acf33485956268a9184b302da55,a81cc292224c841a9ce27e90c6d26d29c8ea5a75badeca9376911772a40bf22f,,
heat_3d,dace_gpu,parallel,fresh_process,observed,1.076761010568589,heat_3d,historical_main,,,,2,2,False,False,30fe858bb26413e6677f8fa2af4b685936ad2acf33485956268a9184b302da55,a81cc292224c841a9ce27e90c6d26d29c8ea5a75badeca9376911772a40bf22f,,
heat_3d,dace_gpu,auto_opt,fresh_process,observed,0.9441868409048766,heat_3d,historical_main,,,,2,2,False,False,30fe858bb26413e6677f8fa2af4b685936ad2acf33485956268a9184b302da55,a81cc292224c841a9ce27e90c6d26d29c8ea5a75badeca9376911772a40bf22f,,
heat_3d,cupy,default,fresh_process,observed,0.384562193416059,heat_3d,historical_main,,,,2,2,False,False,30fe858bb26413e6677f8fa2af4b685936ad2acf33485956268a9184b302da55,a81cc292224c841a9ce27e90c6d26d29c8ea5a75badeca9376911772a40bf22f,,
jacobi_1d,numpy,default,fresh_process,observed,0.9518350919242948,jacobi_1d,historical_main,,,,2,2,False,False,dd2d6ec412835edbbe4a018d3544e156d3fdd08552a444b52727b05fa47d8a06,16a5a1662f12689fbf187fbb656ac8e1d9c5d1f78efc866cd0f41cf46b753592,,
jacobi_1d,numba,nopython-mode,fresh_process,observed,1.4569375815335661,jacobi_1d,historical_main,,,,2,2,True,False,dd2d6ec412835edbbe4a018d3544e156d3fdd08552a444b52727b05fa47d8a06,16a5a1662f12689fbf187fbb656ac8e1d9c5d1f78efc866cd0f41cf46b753592,,historical_disk_cache_hit_not_recorded;selected_process_variability
jacobi_1d,numba,nopython-mode-parallel,fresh_process,observed,2.6565264265518636,jacobi_1d,historical_main,,,,2,2,True,False,dd2d6ec412835edbbe4a018d3544e156d3fdd08552a444b52727b05fa47d8a06,16a5a1662f12689fbf187fbb656ac8e1d9c5d1f78efc866cd0f41cf46b753592,,historical_disk_cache_hit_not_recorded
jacobi_1d,numba,nopython-mode-parallel-range,fresh_process,N/A,,,,,,,,,False,,,,,
jacobi_1d,numba,object-mode,fresh_process,N/A,,,,,,,,,False,,,,,
jacobi_1d,numba,object-mode-parallel,fresh_process,N/A,,,,,,,,,False,,,,,
jacobi_1d,numba,object-mode-parallel-range,fresh_process,N/A,,,,,,,,,False,,,,,
jacobi_1d,dace_cpu,fusion,fresh_process,observed,1.6315719166304916,jacobi_1d,historical_main,,,,2,2,True,False,dd2d6ec412835edbbe4a018d3544e156d3fdd08552a444b52727b05fa47d8a06,16a5a1662f12689fbf187fbb656ac8e1d9c5d1f78efc866cd0f41cf46b753592,,selected_process_variability
jacobi_1d,dace_cpu,parallel,fresh_process,observed,0.7957123655360192,jacobi_1d,historical_main,,,,2,2,True,False,dd2d6ec412835edbbe4a018d3544e156d3fdd08552a444b52727b05fa47d8a06,16a5a1662f12689fbf187fbb656ac8e1d9c5d1f78efc866cd0f41cf46b753592,,selected_process_variability
jacobi_1d,dace_cpu,auto_opt,fresh_process,observed,0.7417174358852208,jacobi_1d,historical_main,,,,2,2,True,False,dd2d6ec412835edbbe4a018d3544e156d3fdd08552a444b52727b05fa47d8a06,16a5a1662f12689fbf187fbb656ac8e1d9c5d1f78efc866cd0f41cf46b753592,,historical_drift_requires_review;new_variability
jacobi_1d,dace_gpu,fusion,fresh_process,observed,1.0436423022765666,jacobi_1d,historical_main,,,,2,2,False,False,dd2d6ec412835edbbe4a018d3544e156d3fdd08552a444b52727b05fa47d8a06,16a5a1662f12689fbf187fbb656ac8e1d9c5d1f78efc866cd0f41cf46b753592,,
jacobi_1d,dace_gpu,parallel,fresh_process,observed,1.1943461468908936,jacobi_1d,historical_main,,,,2,2,False,False,dd2d6ec412835edbbe4a018d3544e156d3fdd08552a444b52727b05fa47d8a06,16a5a1662f12689fbf187fbb656ac8e1d9c5d1f78efc866cd0f41cf46b753592,,
jacobi_1d,dace_gpu,auto_opt,fresh_process,observed,1.122632726561278,jacobi_1d,historical_main,,,,2,2,False,False,dd2d6ec412835edbbe4a018d3544e156d3fdd08552a444b52727b05fa47d8a06,16a5a1662f12689fbf187fbb656ac8e1d9c5d1f78efc866cd0f41cf46b753592,,
jacobi_1d,cupy,default,fresh_process,observed,1.8643087500240654,jacobi_1d,historical_main,,,,2,2,True,False,dd2d6ec412835edbbe4a018d3544e156d3fdd08552a444b52727b05fa47d8a06,16a5a1662f12689fbf187fbb656ac8e1d9c5d1f78efc866cd0f41cf46b753592,,selected_process_variability
jacobi_2d,numpy,default,fresh_process,observed,0.8285560689400882,jacobi_2d,historical_main,,,,2,2,True,False,bb0f1b25c2ede622f6875f9761e2dec03fcebb4785d6110e5288554d5cfdd9f9,88fcc37626b242ba2751f475ada3090117847e04203daddbc9456f9d0e7e584d,,selected_process_variability
jacobi_2d,numba,nopython-mode,fresh_process,observed,1.5769779649563134,jacobi_2d,historical_main,,,,2,2,True,False,bb0f1b25c2ede622f6875f9761e2dec03fcebb4785d6110e5288554d5cfdd9f9,88fcc37626b242ba2751f475ada3090117847e04203daddbc9456f9d0e7e584d,,historical_disk_cache_hit_not_recorded;selected_process_variability
jacobi_2d,numba,nopython-mode-parallel,fresh_process,observed,0.6172126750461757,jacobi_2d,historical_main,,,,2,2,True,False,bb0f1b25c2ede622f6875f9761e2dec03fcebb4785d6110e5288554d5cfdd9f9,88fcc37626b242ba2751f475ada3090117847e04203daddbc9456f9d0e7e584d,,historical_disk_cache_hit_not_recorded
jacobi_2d,numba,nopython-mode-parallel-range,fresh_process,N/A,,,,,,,,,False,,,,,
jacobi_2d,numba,object-mode,fresh_process,N/A,,,,,,,,,False,,,,,
jacobi_2d,numba,object-mode-parallel,fresh_process,N/A,,,,,,,,,False,,,,,
jacobi_2d,numba,object-mode-parallel-range,fresh_process,N/A,,,,,,,,,False,,,,,
jacobi_2d,dace_cpu,fusion,fresh_process,observed,0.14847016194835305,jacobi_2d,historical_main,,,,2,2,True,False,bb0f1b25c2ede622f6875f9761e2dec03fcebb4785d6110e5288554d5cfdd9f9,88fcc37626b242ba2751f475ada3090117847e04203daddbc9456f9d0e7e584d,,new_variability;selected_process_variability
jacobi_2d,dace_cpu,parallel,fresh_process,observed,0.15400996594689786,jacobi_2d,historical_main,,,,2,2,True,False,bb0f1b25c2ede622f6875f9761e2dec03fcebb4785d6110e5288554d5cfdd9f9,88fcc37626b242ba2751f475ada3090117847e04203daddbc9456f9d0e7e584d,,selected_process_variability
jacobi_2d,dace_cpu,auto_opt,fresh_process,observed,0.18344702338799834,jacobi_2d,historical_main,,,,2,2,True,False,bb0f1b25c2ede622f6875f9761e2dec03fcebb4785d6110e5288554d5cfdd9f9,88fcc37626b242ba2751f475ada3090117847e04203daddbc9456f9d0e7e584d,,selected_process_variability
jacobi_2d,dace_gpu,fusion,fresh_process,observed,1.0284559184219688,jacobi_2d,historical_main,,,,2,2,False,False,bb0f1b25c2ede622f6875f9761e2dec03fcebb4785d6110e5288554d5cfdd9f9,88fcc37626b242ba2751f475ada3090117847e04203daddbc9456f9d0e7e584d,,
jacobi_2d,dace_gpu,parallel,fresh_process,observed,1.0472056299913675,jacobi_2d,historical_main,,,,2,2,False,False,bb0f1b25c2ede622f6875f9761e2dec03fcebb4785d6110e5288554d5cfdd9f9,88fcc37626b242ba2751f475ada3090117847e04203daddbc9456f9d0e7e584d,,
jacobi_2d,dace_gpu,auto_opt,fresh_process,observed,1.0420634325128049,jacobi_2d,historical_main,,,,2,2,False,False,bb0f1b25c2ede622f6875f9761e2dec03fcebb4785d6110e5288554d5cfdd9f9,88fcc37626b242ba2751f475ada3090117847e04203daddbc9456f9d0e7e584d,,
jacobi_2d,cupy,default,fresh_process,observed,0.3909181661438197,jacobi_2d,historical_main,,,,2,2,True,False,bb0f1b25c2ede622f6875f9761e2dec03fcebb4785d6110e5288554d5cfdd9f9,88fcc37626b242ba2751f475ada3090117847e04203daddbc9456f9d0e7e584d,,selected_process_variability
k2mm,numpy,default,fresh_process,observed,2.0532683965284377,k2mm,historical_main,,,,2,2,False,False,f489fedc570b7b5da546ee0999db718675f9a6e714d3093820decf3f58d34325,65b07e1d7f5fdc00459ebb8a02ae0881674135e9bd7f454489c2d204e291d7ea,,
k2mm,numba,nopython-mode,fresh_process,observed,2.967376737156883,k2mm,historical_main,,,,2,2,True,False,f489fedc570b7b5da546ee0999db718675f9a6e714d3093820decf3f58d34325,65b07e1d7f5fdc00459ebb8a02ae0881674135e9bd7f454489c2d204e291d7ea,,historical_disk_cache_hit_not_recorded;selected_process_variability
k2mm,numba,nopython-mode-parallel,fresh_process,observed,2.3301752966362983,k2mm,historical_main,,,,2,2,True,False,f489fedc570b7b5da546ee0999db718675f9a6e714d3093820decf3f58d34325,65b07e1d7f5fdc00459ebb8a02ae0881674135e9bd7f454489c2d204e291d7ea,,historical_disk_cache_hit_not_recorded;new_variability
k2mm,numba,nopython-mode-parallel-range,fresh_process,N/A,,,,,,,,,False,,,,,
k2mm,numba,object-mode,fresh_process,N/A,,,,,,,,,False,,,,,
k2mm,numba,object-mode-parallel,fresh_process,N/A,,,,,,,,,False,,,,,
k2mm,numba,object-mode-parallel-range,fresh_process,N/A,,,,,,,,,False,,,,,
k2mm,dace_cpu,fusion,fresh_process,observed,2.692401094129309,k2mm,historical_main,,,,2,2,False,False,f489fedc570b7b5da546ee0999db718675f9a6e714d3093820decf3f58d34325,65b07e1d7f5fdc00459ebb8a02ae0881674135e9bd7f454489c2d204e291d7ea,,
k2mm,dace_cpu,parallel,fresh_process,observed,2.696388622513041,k2mm,historical_main,,,,2,2,False,False,f489fedc570b7b5da546ee0999db718675f9a6e714d3093820decf3f58d34325,65b07e1d7f5fdc00459ebb8a02ae0881674135e9bd7f454489c2d204e291d7ea,,
k2mm,dace_cpu,auto_opt,fresh_process,observed,2.7566758170723915,k2mm,historical_main,,,,2,2,False,False,f489fedc570b7b5da546ee0999db718675f9a6e714d3093820decf3f58d34325,65b07e1d7f5fdc00459ebb8a02ae0881674135e9bd7f454489c2d204e291d7ea,,
k2mm,dace_gpu,fusion,fresh_process,observed,1.9594754062127322,k2mm,historical_main,,,,2,2,False,False,f489fedc570b7b5da546ee0999db718675f9a6e714d3093820decf3f58d34325,65b07e1d7f5fdc00459ebb8a02ae0881674135e9bd7f454489c2d204e291d7ea,,
k2mm,dace_gpu,parallel,fresh_process,observed,1.9290667253080755,k2mm,historical_main,,,,2,2,False,False,f489fedc570b7b5da546ee0999db718675f9a6e714d3093820decf3f58d34325,65b07e1d7f5fdc00459ebb8a02ae0881674135e9bd7f454489c2d204e291d7ea,,
k2mm,dace_gpu,auto_opt,fresh_process,observed,1.864347881404683,k2mm,historical_main,,,,2,2,False,False,f489fedc570b7b5da546ee0999db718675f9a6e714d3093820decf3f58d34325,65b07e1d7f5fdc00459ebb8a02ae0881674135e9bd7f454489c2d204e291d7ea,,
k2mm,cupy,default,fresh_process,observed,1.9692345985677093,k2mm,historical_main,,,,2,2,False,False,f489fedc570b7b5da546ee0999db718675f9a6e714d3093820decf3f58d34325,65b07e1d7f5fdc00459ebb8a02ae0881674135e9bd7f454489c2d204e291d7ea,,
k3mm,numpy,default,fresh_process,observed,2.820507371565327,k3mm,historical_main,,,,2,2,False,False,4e368169475a2a62e9d6b60f9f0f38731e82923b1a6bcbfe2a2be25f4a23617d,aad0bebb7814a2ecba71c57046d8003bc43cb0f8e9f62fa7a3c5da967acf1885,,
k3mm,numba,nopython-mode,fresh_process,observed,2.337248228956014,k3mm,step4/confirmation-L,,,,3,3,False,False,4e368169475a2a62e9d6b60f9f0f38731e82923b1a6bcbfe2a2be25f4a23617d,aad0bebb7814a2ecba71c57046d8003bc43cb0f8e9f62fa7a3c5da967acf1885,,
k3mm,numba,nopython-mode-parallel,fresh_process,observed,2.6329376441426575,k3mm,historical_main,,,,2,2,True,False,4e368169475a2a62e9d6b60f9f0f38731e82923b1a6bcbfe2a2be25f4a23617d,aad0bebb7814a2ecba71c57046d8003bc43cb0f8e9f62fa7a3c5da967acf1885,,historical_disk_cache_hit_not_recorded;new_sampling_or_resources;selected_process_variability
k3mm,numba,nopython-mode-parallel-range,fresh_process,N/A,,,,,,,,,False,,,,,
k3mm,numba,object-mode,fresh_process,N/A,,,,,,,,,False,,,,,
k3mm,numba,object-mode-parallel,fresh_process,N/A,,,,,,,,,False,,,,,
k3mm,numba,object-mode-parallel-range,fresh_process,N/A,,,,,,,,,False,,,,,
k3mm,dace_cpu,fusion,fresh_process,observed,3.15106938383542,k3mm,historical_main,,,,2,2,False,False,4e368169475a2a62e9d6b60f9f0f38731e82923b1a6bcbfe2a2be25f4a23617d,aad0bebb7814a2ecba71c57046d8003bc43cb0f8e9f62fa7a3c5da967acf1885,,
k3mm,dace_cpu,parallel,fresh_process,observed,3.188647888135165,k3mm,historical_main,,,,2,2,False,False,4e368169475a2a62e9d6b60f9f0f38731e82923b1a6bcbfe2a2be25f4a23617d,aad0bebb7814a2ecba71c57046d8003bc43cb0f8e9f62fa7a3c5da967acf1885,,
k3mm,dace_cpu,auto_opt,fresh_process,observed,3.0691593042574823,k3mm,historical_main,,,,2,2,False,False,4e368169475a2a62e9d6b60f9f0f38731e82923b1a6bcbfe2a2be25f4a23617d,aad0bebb7814a2ecba71c57046d8003bc43cb0f8e9f62fa7a3c5da967acf1885,,
k3mm,dace_gpu,fusion,fresh_process,observed,1.6184567175805569,k3mm,historical_main,,,,2,2,True,False,4e368169475a2a62e9d6b60f9f0f38731e82923b1a6bcbfe2a2be25f4a23617d,aad0bebb7814a2ecba71c57046d8003bc43cb0f8e9f62fa7a3c5da967acf1885,,new_sampling_or_resources;selected_process_variability
k3mm,dace_gpu,parallel,fresh_process,observed,1.8610814560670406,k3mm,historical_main,,,,2,2,False,False,4e368169475a2a62e9d6b60f9f0f38731e82923b1a6bcbfe2a2be25f4a23617d,aad0bebb7814a2ecba71c57046d8003bc43cb0f8e9f62fa7a3c5da967acf1885,,
k3mm,dace_gpu,auto_opt,fresh_process,observed,1.835048909066245,k3mm,historical_main,,,,2,2,False,False,4e368169475a2a62e9d6b60f9f0f38731e82923b1a6bcbfe2a2be25f4a23617d,aad0bebb7814a2ecba71c57046d8003bc43cb0f8e9f62fa7a3c5da967acf1885,,
k3mm,cupy,default,fresh_process,observed,2.018368734046817,k3mm,historical_main,,,,2,2,False,False,4e368169475a2a62e9d6b60f9f0f38731e82923b1a6bcbfe2a2be25f4a23617d,aad0bebb7814a2ecba71c57046d8003bc43cb0f8e9f62fa7a3c5da967acf1885,,
lenet,numpy,default,fresh_process,observed,1.1066677293274552,lenet,historical_main,,,,2,2,False,False,c03e6ed4aa80ca847e538ab41f9b22060f454237935c67944c81ced7dd93a48b,914661bfde93da5c2e7b1ef256bf97775e395b5980f08a299cd8040e92c0b6ea,,
lenet,numba,nopython-mode,fresh_process,observed,1.5900505029130727,lenet,historical_main,,,,2,2,True,False,c03e6ed4aa80ca847e538ab41f9b22060f454237935c67944c81ced7dd93a48b,914661bfde93da5c2e7b1ef256bf97775e395b5980f08a299cd8040e92c0b6ea,,historical_disk_cache_hit_not_recorded;selected_process_variability
lenet,numba,nopython-mode-parallel,fresh_process,observed,101.45742868748493,lenet,historical_main,,,,2,2,True,False,c03e6ed4aa80ca847e538ab41f9b22060f454237935c67944c81ced7dd93a48b,914661bfde93da5c2e7b1ef256bf97775e395b5980f08a299cd8040e92c0b6ea,,historical_disk_cache_hit_not_recorded
lenet,numba,nopython-mode-parallel-range,fresh_process,observed,0.6386903726961464,lenet,historical_main,,,,2,2,True,False,c03e6ed4aa80ca847e538ab41f9b22060f454237935c67944c81ced7dd93a48b,914661bfde93da5c2e7b1ef256bf97775e395b5980f08a299cd8040e92c0b6ea,,historical_disk_cache_hit_not_recorded;new_sampling_or_resources
lenet,numba,object-mode,fresh_process,error,,lenet,historical_main,,,,0,0,False,False,c03e6ed4aa80ca847e538ab41f9b22060f454237935c67944c81ced7dd93a48b,914661bfde93da5c2e7b1ef256bf97775e395b5980f08a299cd8040e92c0b6ea,,
lenet,numba,object-mode-parallel,fresh_process,error,,lenet,historical_main,,,,0,0,False,False,c03e6ed4aa80ca847e538ab41f9b22060f454237935c67944c81ced7dd93a48b,914661bfde93da5c2e7b1ef256bf97775e395b5980f08a299cd8040e92c0b6ea,,
lenet,numba,object-mode-parallel-range,fresh_process,observed,4.7676549886818975,lenet,historical_main,,,,2,2,True,False,c03e6ed4aa80ca847e538ab41f9b22060f454237935c67944c81ced7dd93a48b,914661bfde93da5c2e7b1ef256bf97775e395b5980f08a299cd8040e92c0b6ea,,historical_disk_cache_hit_not_recorded
lenet,dace_cpu,fusion,fresh_process,observed,6.0293601078446954,lenet,historical_main,,,,2,2,True,False,c03e6ed4aa80ca847e538ab41f9b22060f454237935c67944c81ced7dd93a48b,914661bfde93da5c2e7b1ef256bf97775e395b5980f08a299cd8040e92c0b6ea,,selected_process_variability
lenet,dace_cpu,parallel,fresh_process,observed,3.8597676414065063,lenet,historical_main,,,,2,2,False,False,c03e6ed4aa80ca847e538ab41f9b22060f454237935c67944c81ced7dd93a48b,914661bfde93da5c2e7b1ef256bf97775e395b5980f08a299cd8040e92c0b6ea,,
lenet,dace_cpu,auto_opt,fresh_process,observed,5.709929041564465,lenet,historical_main,,,,2,2,True,False,c03e6ed4aa80ca847e538ab41f9b22060f454237935c67944c81ced7dd93a48b,914661bfde93da5c2e7b1ef256bf97775e395b5980f08a299cd8040e92c0b6ea,,selected_process_variability
lenet,dace_gpu,fusion,fresh_process,error,,lenet,historical_main,,,,0,0,False,False,c03e6ed4aa80ca847e538ab41f9b22060f454237935c67944c81ced7dd93a48b,914661bfde93da5c2e7b1ef256bf97775e395b5980f08a299cd8040e92c0b6ea,,
lenet,dace_gpu,parallel,fresh_process,terminated,,lenet,historical_main,,,,0,0,False,False,c03e6ed4aa80ca847e538ab41f9b22060f454237935c67944c81ced7dd93a48b,914661bfde93da5c2e7b1ef256bf97775e395b5980f08a299cd8040e92c0b6ea,,
lenet,dace_gpu,auto_opt,fresh_process,terminated,,lenet,historical_main,,,,0,0,False,False,c03e6ed4aa80ca847e538ab41f9b22060f454237935c67944c81ced7dd93a48b,914661bfde93da5c2e7b1ef256bf97775e395b5980f08a299cd8040e92c0b6ea,,
lenet,cupy,default,fresh_process,observed,3.887651725206524,lenet,step4/confirmation-L,,,,3,3,False,False,c03e6ed4aa80ca847e538ab41f9b22060f454237935c67944c81ced7dd93a48b,914661bfde93da5c2e7b1ef256bf97775e395b5980f08a299cd8040e92c0b6ea,,
lu,numpy,default,fresh_process,observed,1.4885260344017297,lu,historical_main,,,,2,2,True,False,a94cc969fb7abca21f73c7702df3d7b5782724193307a4c14a3543791e733d27,9ac2f818703fa8aa1a82579828bb4b9f516a133a9d2de36086ba8af196680084,,selected_process_variability
lu,numba,nopython-mode,fresh_process,observed,0.5321924705058336,lu,historical_main,,,,2,2,True,False,a94cc969fb7abca21f73c7702df3d7b5782724193307a4c14a3543791e733d27,9ac2f818703fa8aa1a82579828bb4b9f516a133a9d2de36086ba8af196680084,,historical_disk_cache_hit_not_recorded
lu,numba,nopython-mode-parallel,fresh_process,observed,1.2961092831101269,lu,historical_main,,,,2,2,False,False,a94cc969fb7abca21f73c7702df3d7b5782724193307a4c14a3543791e733d27,9ac2f818703fa8aa1a82579828bb4b9f516a133a9d2de36086ba8af196680084,,
lu,numba,nopython-mode-parallel-range,fresh_process,N/A,,,,,,,,,False,,,,,
lu,numba,object-mode,fresh_process,N/A,,,,,,,,,False,,,,,
lu,numba,object-mode-parallel,fresh_process,N/A,,,,,,,,,False,,,,,
lu,numba,object-mode-parallel-range,fresh_process,N/A,,,,,,,,,False,,,,,
lu,dace_cpu,fusion,fresh_process,observed,0.23565210681408644,lu,historical_main,,,,2,2,True,False,a94cc969fb7abca21f73c7702df3d7b5782724193307a4c14a3543791e733d27,9ac2f818703fa8aa1a82579828bb4b9f516a133a9d2de36086ba8af196680084,,selected_process_variability
lu,dace_cpu,parallel,fresh_process,observed,0.21672979602590203,lu,step4/confirmation-L,,,,3,3,False,False,a94cc969fb7abca21f73c7702df3d7b5782724193307a4c14a3543791e733d27,9ac2f818703fa8aa1a82579828bb4b9f516a133a9d2de36086ba8af196680084,,
lu,dace_cpu,auto_opt,fresh_process,observed,0.19312061462551355,lu,historical_main,,,,2,2,False,False,a94cc969fb7abca21f73c7702df3d7b5782724193307a4c14a3543791e733d27,9ac2f818703fa8aa1a82579828bb4b9f516a133a9d2de36086ba8af196680084,,
lu,dace_gpu,fusion,fresh_process,observed,11.570990483276546,lu,historical_main,,,,2,2,False,False,a94cc969fb7abca21f73c7702df3d7b5782724193307a4c14a3543791e733d27,9ac2f818703fa8aa1a82579828bb4b9f516a133a9d2de36086ba8af196680084,,
lu,dace_gpu,parallel,fresh_process,observed,11.642245190450922,lu,historical_main,,,,2,2,False,False,a94cc969fb7abca21f73c7702df3d7b5782724193307a4c14a3543791e733d27,9ac2f818703fa8aa1a82579828bb4b9f516a133a9d2de36086ba8af196680084,,
lu,dace_gpu,auto_opt,fresh_process,observed,7.362898249644786,lu,historical_main,,,,2,2,False,False,a94cc969fb7abca21f73c7702df3d7b5782724193307a4c14a3543791e733d27,9ac2f818703fa8aa1a82579828bb4b9f516a133a9d2de36086ba8af196680084,,
lu,cupy,default,fresh_process,observed,44.45577939786017,lu,historical_main,,,,2,2,False,False,a94cc969fb7abca21f73c7702df3d7b5782724193307a4c14a3543791e733d27,9ac2f818703fa8aa1a82579828bb4b9f516a133a9d2de36086ba8af196680084,,
ludcmp,numpy,default,fresh_process,observed,1.1596099834423512,ludcmp,historical_main,,,,2,2,False,False,08caec57fa049fbfa751e34e1064de164ddf556d58ef07942503bdb64d23c766,55b9887d27df7b3dc3b8b2e1875facca1a285d1891e4df442fdd18cc865cc7b0,,
ludcmp,numba,nopython-mode,fresh_process,observed,0.48121073958463967,ludcmp,historical_main,,,,2,2,True,False,08caec57fa049fbfa751e34e1064de164ddf556d58ef07942503bdb64d23c766,55b9887d27df7b3dc3b8b2e1875facca1a285d1891e4df442fdd18cc865cc7b0,,historical_disk_cache_hit_not_recorded
ludcmp,numba,nopython-mode-parallel,fresh_process,observed,0.5347837109584361,ludcmp,historical_main,,,,2,2,True,False,08caec57fa049fbfa751e34e1064de164ddf556d58ef07942503bdb64d23c766,55b9887d27df7b3dc3b8b2e1875facca1a285d1891e4df442fdd18cc865cc7b0,,historical_disk_cache_hit_not_recorded
ludcmp,numba,nopython-mode-parallel-range,fresh_process,N/A,,,,,,,,,False,,,,,
ludcmp,numba,object-mode,fresh_process,N/A,,,,,,,,,False,,,,,
ludcmp,numba,object-mode-parallel,fresh_process,N/A,,,,,,,,,False,,,,,
ludcmp,numba,object-mode-parallel-range,fresh_process,N/A,,,,,,,,,False,,,,,
ludcmp,dace_cpu,fusion,fresh_process,observed,0.3113857372663915,ludcmp,step4/confirmation-L,,,,3,3,False,False,08caec57fa049fbfa751e34e1064de164ddf556d58ef07942503bdb64d23c766,55b9887d27df7b3dc3b8b2e1875facca1a285d1891e4df442fdd18cc865cc7b0,,
ludcmp,dace_cpu,parallel,fresh_process,observed,0.3049129818100482,ludcmp,historical_main,,,,2,2,False,False,08caec57fa049fbfa751e34e1064de164ddf556d58ef07942503bdb64d23c766,55b9887d27df7b3dc3b8b2e1875facca1a285d1891e4df442fdd18cc865cc7b0,,
ludcmp,dace_cpu,auto_opt,fresh_process,observed,0.3189949281513691,ludcmp,historical_main,,,,2,2,False,False,08caec57fa049fbfa751e34e1064de164ddf556d58ef07942503bdb64d23c766,55b9887d27df7b3dc3b8b2e1875facca1a285d1891e4df442fdd18cc865cc7b0,,
ludcmp,dace_gpu,fusion,fresh_process,observed,11.113047736464068,ludcmp,historical_main,,,,2,2,False,False,08caec57fa049fbfa751e34e1064de164ddf556d58ef07942503bdb64d23c766,55b9887d27df7b3dc3b8b2e1875facca1a285d1891e4df442fdd18cc865cc7b0,,
ludcmp,dace_gpu,parallel,fresh_process,observed,11.60524599486962,ludcmp,historical_main,,,,2,2,False,False,08caec57fa049fbfa751e34e1064de164ddf556d58ef07942503bdb64d23c766,55b9887d27df7b3dc3b8b2e1875facca1a285d1891e4df442fdd18cc865cc7b0,,
ludcmp,dace_gpu,auto_opt,fresh_process,observed,8.97995548369363,ludcmp,historical_main,,,,2,2,False,False,08caec57fa049fbfa751e34e1064de164ddf556d58ef07942503bdb64d23c766,55b9887d27df7b3dc3b8b2e1875facca1a285d1891e4df442fdd18cc865cc7b0,,
ludcmp,cupy,default,fresh_process,observed,39.04078080691397,ludcmp,historical_main,,,,2,2,False,False,08caec57fa049fbfa751e34e1064de164ddf556d58ef07942503bdb64d23c766,55b9887d27df7b3dc3b8b2e1875facca1a285d1891e4df442fdd18cc865cc7b0,,
mandelbrot1,numpy,default,fresh_process,observed,0.7565514408051968,mandelbrot1,historical_main,,,,2,2,False,False,7ec93ae18ee3844a817e6cc0a79455bc5862c76f047319aefde16f510ddde641,498529c7a9dcc40ab333461ec82b7c16a88eb9014a98ba9ee2910dd66fb9e062,,
mandelbrot1,numba,nopython-mode,fresh_process,validation,,mandelbrot1,historical_main,,,,0,0,False,False,7ec93ae18ee3844a817e6cc0a79455bc5862c76f047319aefde16f510ddde641,498529c7a9dcc40ab333461ec82b7c16a88eb9014a98ba9ee2910dd66fb9e062,,
mandelbrot1,numba,nopython-mode-parallel,fresh_process,validation,,mandelbrot1,historical_main,,,,0,0,False,False,7ec93ae18ee3844a817e6cc0a79455bc5862c76f047319aefde16f510ddde641,498529c7a9dcc40ab333461ec82b7c16a88eb9014a98ba9ee2910dd66fb9e062,,
mandelbrot1,numba,nopython-mode-parallel-range,fresh_process,validation,,mandelbrot1,historical_main,,,,0,0,False,False,7ec93ae18ee3844a817e6cc0a79455bc5862c76f047319aefde16f510ddde641,498529c7a9dcc40ab333461ec82b7c16a88eb9014a98ba9ee2910dd66fb9e062,,
mandelbrot1,numba,object-mode,fresh_process,unsupported,,mandelbrot1,historical_main,,,,0,0,False,False,7ec93ae18ee3844a817e6cc0a79455bc5862c76f047319aefde16f510ddde641,498529c7a9dcc40ab333461ec82b7c16a88eb9014a98ba9ee2910dd66fb9e062,,
mandelbrot1,numba,object-mode-parallel,fresh_process,unsupported,,mandelbrot1,historical_main,,,,0,0,False,False,7ec93ae18ee3844a817e6cc0a79455bc5862c76f047319aefde16f510ddde641,498529c7a9dcc40ab333461ec82b7c16a88eb9014a98ba9ee2910dd66fb9e062,,
mandelbrot1,numba,object-mode-parallel-range,fresh_process,N/A,,,,,,,,,False,,,,,
mandelbrot1,dace_cpu,fusion,fresh_process,validation,,mandelbrot1,historical_main,,,,0,0,False,False,7ec93ae18ee3844a817e6cc0a79455bc5862c76f047319aefde16f510ddde641,498529c7a9dcc40ab333461ec82b7c16a88eb9014a98ba9ee2910dd66fb9e062,,
mandelbrot1,dace_cpu,parallel,fresh_process,validation,,mandelbrot1,historical_main,,,,0,0,False,False,7ec93ae18ee3844a817e6cc0a79455bc5862c76f047319aefde16f510ddde641,498529c7a9dcc40ab333461ec82b7c16a88eb9014a98ba9ee2910dd66fb9e062,,
mandelbrot1,dace_cpu,auto_opt,fresh_process,validation,,mandelbrot1,historical_main,,,,0,0,False,False,7ec93ae18ee3844a817e6cc0a79455bc5862c76f047319aefde16f510ddde641,498529c7a9dcc40ab333461ec82b7c16a88eb9014a98ba9ee2910dd66fb9e062,,
mandelbrot1,dace_gpu,fusion,fresh_process,validation,,mandelbrot1,historical_main,,,,0,0,False,False,7ec93ae18ee3844a817e6cc0a79455bc5862c76f047319aefde16f510ddde641,498529c7a9dcc40ab333461ec82b7c16a88eb9014a98ba9ee2910dd66fb9e062,,
mandelbrot1,dace_gpu,parallel,fresh_process,validation,,mandelbrot1,historical_main,,,,0,0,False,False,7ec93ae18ee3844a817e6cc0a79455bc5862c76f047319aefde16f510ddde641,498529c7a9dcc40ab333461ec82b7c16a88eb9014a98ba9ee2910dd66fb9e062,,
mandelbrot1,dace_gpu,auto_opt,fresh_process,validation,,mandelbrot1,historical_main,,,,0,0,False,False,7ec93ae18ee3844a817e6cc0a79455bc5862c76f047319aefde16f510ddde641,498529c7a9dcc40ab333461ec82b7c16a88eb9014a98ba9ee2910dd66fb9e062,,
mandelbrot1,cupy,default,fresh_process,validation,,mandelbrot1,historical_main,,,,0,0,False,False,7ec93ae18ee3844a817e6cc0a79455bc5862c76f047319aefde16f510ddde641,498529c7a9dcc40ab333461ec82b7c16a88eb9014a98ba9ee2910dd66fb9e062,,
mandelbrot2,numpy,default,fresh_process,observed,0.2979930283036083,mandelbrot2,historical_main,,,,2,2,False,False,7fb4071f3c8e581537c1201436e2e0f64673e094a239bc776fcd1d6c96095d69,e953c506eaf95aed1da28b70ad9b9cbb5c4d6ed77213ce344c94cdacbc5b6ae1,,
mandelbrot2,numba,nopython-mode,fresh_process,observed,0.8560407843906432,mandelbrot2,historical_main,,,,2,2,True,False,7fb4071f3c8e581537c1201436e2e0f64673e094a239bc776fcd1d6c96095d69,e953c506eaf95aed1da28b70ad9b9cbb5c4d6ed77213ce344c94cdacbc5b6ae1,,historical_disk_cache_hit_not_recorded
mandelbrot2,numba,nopython-mode-parallel,fresh_process,N/A,,,,,,,,,False,,,,,
mandelbrot2,numba,nopython-mode-parallel-range,fresh_process,N/A,,,,,,,,,False,,,,,
mandelbrot2,numba,object-mode,fresh_process,unsupported,,mandelbrot2,historical_main,,,,0,0,False,False,7fb4071f3c8e581537c1201436e2e0f64673e094a239bc776fcd1d6c96095d69,e953c506eaf95aed1da28b70ad9b9cbb5c4d6ed77213ce344c94cdacbc5b6ae1,,
mandelbrot2,numba,object-mode-parallel,fresh_process,unsupported,,mandelbrot2,historical_main,,,,0,0,False,False,7fb4071f3c8e581537c1201436e2e0f64673e094a239bc776fcd1d6c96095d69,e953c506eaf95aed1da28b70ad9b9cbb5c4d6ed77213ce344c94cdacbc5b6ae1,,
mandelbrot2,numba,object-mode-parallel-range,fresh_process,N/A,,,,,,,,,False,,,,,
mandelbrot2,dace_cpu,fusion,fresh_process,error,,mandelbrot2,historical_main,,,,0,0,False,False,7fb4071f3c8e581537c1201436e2e0f64673e094a239bc776fcd1d6c96095d69,e953c506eaf95aed1da28b70ad9b9cbb5c4d6ed77213ce344c94cdacbc5b6ae1,,
mandelbrot2,dace_cpu,parallel,fresh_process,error,,mandelbrot2,historical_main,,,,0,0,False,False,7fb4071f3c8e581537c1201436e2e0f64673e094a239bc776fcd1d6c96095d69,e953c506eaf95aed1da28b70ad9b9cbb5c4d6ed77213ce344c94cdacbc5b6ae1,,
mandelbrot2,dace_cpu,auto_opt,fresh_process,error,,mandelbrot2,historical_main,,,,0,0,False,False,7fb4071f3c8e581537c1201436e2e0f64673e094a239bc776fcd1d6c96095d69,e953c506eaf95aed1da28b70ad9b9cbb5c4d6ed77213ce344c94cdacbc5b6ae1,,
mandelbrot2,dace_gpu,fusion,fresh_process,error,,mandelbrot2,historical_main,,,,0,0,False,False,7fb4071f3c8e581537c1201436e2e0f64673e094a239bc776fcd1d6c96095d69,e953c506eaf95aed1da28b70ad9b9cbb5c4d6ed77213ce344c94cdacbc5b6ae1,,
mandelbrot2,dace_gpu,parallel,fresh_process,error,,mandelbrot2,historical_main,,,,0,0,False,False,7fb4071f3c8e581537c1201436e2e0f64673e094a239bc776fcd1d6c96095d69,e953c506eaf95aed1da28b70ad9b9cbb5c4d6ed77213ce344c94cdacbc5b6ae1,,
mandelbrot2,dace_gpu,auto_opt,fresh_process,error,,mandelbrot2,historical_main,,,,0,0,False,False,7fb4071f3c8e581537c1201436e2e0f64673e094a239bc776fcd1d6c96095d69,e953c506eaf95aed1da28b70ad9b9cbb5c4d6ed77213ce344c94cdacbc5b6ae1,,
mandelbrot2,cupy,default,fresh_process,observed,0.5327554929535836,mandelbrot2,historical_main,,,,2,2,False,False,7fb4071f3c8e581537c1201436e2e0f64673e094a239bc776fcd1d6c96095d69,e953c506eaf95aed1da28b70ad9b9cbb5c4d6ed77213ce344c94cdacbc5b6ae1,,
mlp,numpy,default,fresh_process,observed,0.5649673414882272,mlp,historical_main,,,,2,2,True,False,5a57834b626ad11a97469e2ed2472df251c3e8ff143b8d8d463672e399d900be,87c94f9c003ff974cd198163ffe2fd3948bacd6ba11c6c91faa770e7bcee04e9,,selected_process_variability
mlp,numba,nopython-mode,fresh_process,observed,0.758670290466398,mlp_rowmax,workload-repairs/matched-L,,,,2,2,True,True,5a57834b626ad11a97469e2ed2472df251c3e8ff143b8d8d463672e399d900be,87c94f9c003ff974cd198163ffe2fd3948bacd6ba11c6c91faa770e7bcee04e9,,two_later_processes_only
mlp,numba,nopython-mode-parallel,fresh_process,observed,0.9395491669420153,mlp_rowmax,workload-repairs/matched-L,,,,2,2,True,True,5a57834b626ad11a97469e2ed2472df251c3e8ff143b8d8d463672e399d900be,87c94f9c003ff974cd198163ffe2fd3948bacd6ba11c6c91faa770e7bcee04e9,,two_later_processes_only
mlp,numba,nopython-mode-parallel-range,fresh_process,observed,1.0149530954658985,mlp_rowmax,workload-repairs/matched-L,,,,2,2,True,True,5a57834b626ad11a97469e2ed2472df251c3e8ff143b8d8d463672e399d900be,87c94f9c003ff974cd198163ffe2fd3948bacd6ba11c6c91faa770e7bcee04e9,,between_process_variability;two_later_processes_only
mlp,numba,object-mode,fresh_process,observed,0.8198036691173911,mlp,historical_main,,,,2,2,True,False,5a57834b626ad11a97469e2ed2472df251c3e8ff143b8d8d463672e399d900be,87c94f9c003ff974cd198163ffe2fd3948bacd6ba11c6c91faa770e7bcee04e9,,historical_disk_cache_hit_not_recorded;new_sampling_or_resources;selected_process_variability
mlp,numba,object-mode-parallel,fresh_process,observed,0.8296504004392773,mlp,historical_main,,,,2,2,True,False,5a57834b626ad11a97469e2ed2472df251c3e8ff143b8d8d463672e399d900be,87c94f9c003ff974cd198163ffe2fd3948bacd6ba11c6c91faa770e7bcee04e9,,historical_disk_cache_hit_not_recorded;new_sampling_or_resources
mlp,numba,object-mode-parallel-range,fresh_process,N/A,,,,,,,,,False,,,,,
mlp,dace_cpu,fusion,fresh_process,observed,0.774975640932098,mlp,historical_main,,,,2,2,False,False,5a57834b626ad11a97469e2ed2472df251c3e8ff143b8d8d463672e399d900be,87c94f9c003ff974cd198163ffe2fd3948bacd6ba11c6c91faa770e7bcee04e9,,
mlp,dace_cpu,parallel,fresh_process,observed,0.9877401064150035,mlp,historical_main,,,,2,2,False,False,5a57834b626ad11a97469e2ed2472df251c3e8ff143b8d8d463672e399d900be,87c94f9c003ff974cd198163ffe2fd3948bacd6ba11c6c91faa770e7bcee04e9,,
mlp,dace_cpu,auto_opt,fresh_process,observed,0.8195928109344095,mlp,historical_main,,,,2,2,False,False,5a57834b626ad11a97469e2ed2472df251c3e8ff143b8d8d463672e399d900be,87c94f9c003ff974cd198163ffe2fd3948bacd6ba11c6c91faa770e7bcee04e9,,
mlp,dace_gpu,fusion,fresh_process,observed,5.832735071191564,mlp,historical_main,,,,2,2,False,False,5a57834b626ad11a97469e2ed2472df251c3e8ff143b8d8d463672e399d900be,87c94f9c003ff974cd198163ffe2fd3948bacd6ba11c6c91faa770e7bcee04e9,,
mlp,dace_gpu,parallel,fresh_process,observed,5.209098531398922,mlp,historical_main,,,,2,2,False,False,5a57834b626ad11a97469e2ed2472df251c3e8ff143b8d8d463672e399d900be,87c94f9c003ff974cd198163ffe2fd3948bacd6ba11c6c91faa770e7bcee04e9,,
mlp,dace_gpu,auto_opt,fresh_process,observed,5.073441692860797,mlp,historical_main,,,,2,2,False,False,5a57834b626ad11a97469e2ed2472df251c3e8ff143b8d8d463672e399d900be,87c94f9c003ff974cd198163ffe2fd3948bacd6ba11c6c91faa770e7bcee04e9,,
mlp,cupy,default,fresh_process,observed,8.155428058933467,mlp,historical_main,,,,2,2,False,False,5a57834b626ad11a97469e2ed2472df251c3e8ff143b8d8d463672e399d900be,87c94f9c003ff974cd198163ffe2fd3948bacd6ba11c6c91faa770e7bcee04e9,,
mvt,numpy,default,fresh_process,observed,0.1557039914187044,mvt,historical_main,,,,2,2,False,False,6d38d7a7e4ccc0cd21261ff27458bbfec43022e90858441b148c763f459bdc05,31a7a541d3eb3d99e166c80b243812e6678c96f5f504254d1acff781fbc1da55,,
mvt,numba,nopython-mode,fresh_process,observed,0.39663036284036934,mvt,historical_main,,,,2,2,True,False,6d38d7a7e4ccc0cd21261ff27458bbfec43022e90858441b148c763f459bdc05,31a7a541d3eb3d99e166c80b243812e6678c96f5f504254d1acff781fbc1da55,,historical_disk_cache_hit_not_recorded;new_sampling_or_resources
mvt,numba,nopython-mode-parallel,fresh_process,observed,0.1516732075251639,mvt,historical_main,,,,2,2,False,False,6d38d7a7e4ccc0cd21261ff27458bbfec43022e90858441b148c763f459bdc05,31a7a541d3eb3d99e166c80b243812e6678c96f5f504254d1acff781fbc1da55,,
mvt,numba,nopython-mode-parallel-range,fresh_process,N/A,,,,,,,,,False,,,,,
mvt,numba,object-mode,fresh_process,N/A,,,,,,,,,False,,,,,
mvt,numba,object-mode-parallel,fresh_process,N/A,,,,,,,,,False,,,,,
mvt,numba,object-mode-parallel-range,fresh_process,N/A,,,,,,,,,False,,,,,
mvt,dace_cpu,fusion,fresh_process,observed,0.2878661707509309,mvt,historical_main,,,,2,2,False,False,6d38d7a7e4ccc0cd21261ff27458bbfec43022e90858441b148c763f459bdc05,31a7a541d3eb3d99e166c80b243812e6678c96f5f504254d1acff781fbc1da55,,
mvt,dace_cpu,parallel,fresh_process,observed,0.3301446344703436,mvt,historical_main,,,,2,2,True,False,6d38d7a7e4ccc0cd21261ff27458bbfec43022e90858441b148c763f459bdc05,31a7a541d3eb3d99e166c80b243812e6678c96f5f504254d1acff781fbc1da55,,selected_process_variability
mvt,dace_cpu,auto_opt,fresh_process,observed,0.3197173494845629,mvt,historical_main,,,,2,2,False,False,6d38d7a7e4ccc0cd21261ff27458bbfec43022e90858441b148c763f459bdc05,31a7a541d3eb3d99e166c80b243812e6678c96f5f504254d1acff781fbc1da55,,
mvt,dace_gpu,fusion,fresh_process,observed,4.591378204524517,mvt,historical_main,,,,2,2,False,False,6d38d7a7e4ccc0cd21261ff27458bbfec43022e90858441b148c763f459bdc05,31a7a541d3eb3d99e166c80b243812e6678c96f5f504254d1acff781fbc1da55,,
mvt,dace_gpu,parallel,fresh_process,observed,4.53271124092862,mvt,historical_main,,,,2,2,False,False,6d38d7a7e4ccc0cd21261ff27458bbfec43022e90858441b148c763f459bdc05,31a7a541d3eb3d99e166c80b243812e6678c96f5f504254d1acff781fbc1da55,,
mvt,dace_gpu,auto_opt,fresh_process,observed,4.553059909958392,mvt,historical_main,,,,2,2,False,False,6d38d7a7e4ccc0cd21261ff27458bbfec43022e90858441b148c763f459bdc05,31a7a541d3eb3d99e166c80b243812e6678c96f5f504254d1acff781fbc1da55,,
mvt,cupy,default,fresh_process,observed,3.366375411627814,mvt,historical_main,,,,2,2,False,False,6d38d7a7e4ccc0cd21261ff27458bbfec43022e90858441b148c763f459bdc05,31a7a541d3eb3d99e166c80b243812e6678c96f5f504254d1acff781fbc1da55,,
nbody,numpy,default,fresh_process,validation,,nbody,historical_main,,,,0,0,False,False,eb19dd29eced1356f5981ddd1d68235062b1cd0e3e730e4069acc2a4f30a6512,369f565b2cc3f4d1e7431a758f71f09b2fb5270f7b56b9b6b5de37373d88c636,,
nbody,numba,nopython-mode,fresh_process,validation,,nbody,historical_main,,,,0,0,False,False,eb19dd29eced1356f5981ddd1d68235062b1cd0e3e730e4069acc2a4f30a6512,369f565b2cc3f4d1e7431a758f71f09b2fb5270f7b56b9b6b5de37373d88c636,,
nbody,numba,nopython-mode-parallel,fresh_process,N/A,,,,,,,,,False,,,,,
nbody,numba,nopython-mode-parallel-range,fresh_process,N/A,,,,,,,,,False,,,,,
nbody,numba,object-mode,fresh_process,validation,,nbody,historical_main,,,,0,0,False,False,eb19dd29eced1356f5981ddd1d68235062b1cd0e3e730e4069acc2a4f30a6512,369f565b2cc3f4d1e7431a758f71f09b2fb5270f7b56b9b6b5de37373d88c636,,
nbody,numba,object-mode-parallel,fresh_process,validation,,nbody,historical_main,,,,0,0,False,False,eb19dd29eced1356f5981ddd1d68235062b1cd0e3e730e4069acc2a4f30a6512,369f565b2cc3f4d1e7431a758f71f09b2fb5270f7b56b9b6b5de37373d88c636,,
nbody,numba,object-mode-parallel-range,fresh_process,N/A,,,,,,,,,False,,,,,
nbody,dace_cpu,fusion,fresh_process,validation,,nbody,historical_main,,,,0,0,False,False,eb19dd29eced1356f5981ddd1d68235062b1cd0e3e730e4069acc2a4f30a6512,369f565b2cc3f4d1e7431a758f71f09b2fb5270f7b56b9b6b5de37373d88c636,,
nbody,dace_cpu,parallel,fresh_process,validation,,nbody,historical_main,,,,0,0,False,False,eb19dd29eced1356f5981ddd1d68235062b1cd0e3e730e4069acc2a4f30a6512,369f565b2cc3f4d1e7431a758f71f09b2fb5270f7b56b9b6b5de37373d88c636,,
nbody,dace_cpu,auto_opt,fresh_process,validation,,nbody,historical_main,,,,0,0,False,False,eb19dd29eced1356f5981ddd1d68235062b1cd0e3e730e4069acc2a4f30a6512,369f565b2cc3f4d1e7431a758f71f09b2fb5270f7b56b9b6b5de37373d88c636,,
nbody,dace_gpu,fusion,fresh_process,validation,,nbody,historical_main,,,,0,0,False,False,eb19dd29eced1356f5981ddd1d68235062b1cd0e3e730e4069acc2a4f30a6512,369f565b2cc3f4d1e7431a758f71f09b2fb5270f7b56b9b6b5de37373d88c636,,
nbody,dace_gpu,parallel,fresh_process,validation,,nbody,historical_main,,,,0,0,False,False,eb19dd29eced1356f5981ddd1d68235062b1cd0e3e730e4069acc2a4f30a6512,369f565b2cc3f4d1e7431a758f71f09b2fb5270f7b56b9b6b5de37373d88c636,,
nbody,dace_gpu,auto_opt,fresh_process,validation,,nbody,historical_main,,,,0,0,False,False,eb19dd29eced1356f5981ddd1d68235062b1cd0e3e730e4069acc2a4f30a6512,369f565b2cc3f4d1e7431a758f71f09b2fb5270f7b56b9b6b5de37373d88c636,,
nbody,cupy,default,fresh_process,validation,,nbody,historical_main,,,,0,0,False,False,eb19dd29eced1356f5981ddd1d68235062b1cd0e3e730e4069acc2a4f30a6512,369f565b2cc3f4d1e7431a758f71f09b2fb5270f7b56b9b6b5de37373d88c636,,
nussinov,numpy,default,fresh_process,observed,1.1818466545082629,nussinov,historical_main,,,,2,2,True,False,7de19d1b6c54c559477765ce530898d3c0e580b07d787f443f19ff85acf43418,05b880e157b9ee387cb9be1fa3b10e2f4efe7bed764c6b129b8b31ad87b8df2a,,selected_process_variability
nussinov,numba,nopython-mode,fresh_process,observed,0.3827205812558532,nussinov,step4/confirmation-L,,,,3,3,False,False,7de19d1b6c54c559477765ce530898d3c0e580b07d787f443f19ff85acf43418,05b880e157b9ee387cb9be1fa3b10e2f4efe7bed764c6b129b8b31ad87b8df2a,,
nussinov,numba,nopython-mode-parallel,fresh_process,observed,0.4268762734718621,nussinov,historical_main,,,,2,2,True,False,7de19d1b6c54c559477765ce530898d3c0e580b07d787f443f19ff85acf43418,05b880e157b9ee387cb9be1fa3b10e2f4efe7bed764c6b129b8b31ad87b8df2a,,historical_disk_cache_hit_not_recorded
nussinov,numba,nopython-mode-parallel-range,fresh_process,N/A,,,,,,,,,False,,,,,
nussinov,numba,object-mode,fresh_process,N/A,,,,,,,,,False,,,,,
nussinov,numba,object-mode-parallel,fresh_process,N/A,,,,,,,,,False,,,,,
nussinov,numba,object-mode-parallel-range,fresh_process,N/A,,,,,,,,,False,,,,,
nussinov,dace_cpu,fusion,fresh_process,observed,0.11886003683321178,nussinov,historical_main,,,,2,2,False,False,7de19d1b6c54c559477765ce530898d3c0e580b07d787f443f19ff85acf43418,05b880e157b9ee387cb9be1fa3b10e2f4efe7bed764c6b129b8b31ad87b8df2a,,
nussinov,dace_cpu,parallel,fresh_process,observed,0.14606020343489945,nussinov,historical_main,,,,2,2,True,False,7de19d1b6c54c559477765ce530898d3c0e580b07d787f443f19ff85acf43418,05b880e157b9ee387cb9be1fa3b10e2f4efe7bed764c6b129b8b31ad87b8df2a,,selected_process_variability
nussinov,dace_cpu,auto_opt,fresh_process,observed,0.11915854411199689,nussinov,historical_main,,,,2,2,False,False,7de19d1b6c54c559477765ce530898d3c0e580b07d787f443f19ff85acf43418,05b880e157b9ee387cb9be1fa3b10e2f4efe7bed764c6b129b8b31ad87b8df2a,,
nussinov,dace_gpu,fusion,fresh_process,observed,54.63294255663641,nussinov,historical_main,,,,2,2,False,False,7de19d1b6c54c559477765ce530898d3c0e580b07d787f443f19ff85acf43418,05b880e157b9ee387cb9be1fa3b10e2f4efe7bed764c6b129b8b31ad87b8df2a,,
nussinov,dace_gpu,parallel,fresh_process,observed,50.56861848710105,nussinov,historical_main,,,,2,2,False,False,7de19d1b6c54c559477765ce530898d3c0e580b07d787f443f19ff85acf43418,05b880e157b9ee387cb9be1fa3b10e2f4efe7bed764c6b129b8b31ad87b8df2a,,
nussinov,dace_gpu,auto_opt,fresh_process,observed,59.8618344378192,nussinov,historical_main,,,,2,2,False,False,7de19d1b6c54c559477765ce530898d3c0e580b07d787f443f19ff85acf43418,05b880e157b9ee387cb9be1fa3b10e2f4efe7bed764c6b129b8b31ad87b8df2a,,
nussinov,cupy,default,fresh_process,observed,82.82467692997307,nussinov,historical_main,,,,2,2,False,False,7de19d1b6c54c559477765ce530898d3c0e580b07d787f443f19ff85acf43418,05b880e157b9ee387cb9be1fa3b10e2f4efe7bed764c6b129b8b31ad87b8df2a,,
resnet,numpy,default,fresh_process,observed,1.177767850458622,resnet,historical_main,,,,2,2,True,False,9c64e5659fe9a99f38dfdee95f8c4b5ec1e0daa0e4544948c4f88bb50e6edbfa,070b0fcd2b4f101302a58108dce79a6ea1d6fdbdf9be753fec768d1818ea7464,,selected_process_variability
resnet,numba,nopython-mode,fresh_process,validation,,resnet,historical_main,,,,0,0,False,False,9c64e5659fe9a99f38dfdee95f8c4b5ec1e0daa0e4544948c4f88bb50e6edbfa,070b0fcd2b4f101302a58108dce79a6ea1d6fdbdf9be753fec768d1818ea7464,,
resnet,numba,nopython-mode-parallel,fresh_process,validation,,resnet,historical_main,,,,0,0,False,False,9c64e5659fe9a99f38dfdee95f8c4b5ec1e0daa0e4544948c4f88bb50e6edbfa,070b0fcd2b4f101302a58108dce79a6ea1d6fdbdf9be753fec768d1818ea7464,,
resnet,numba,nopython-mode-parallel-range,fresh_process,validation,,resnet,historical_main,,,,0,0,False,False,9c64e5659fe9a99f38dfdee95f8c4b5ec1e0daa0e4544948c4f88bb50e6edbfa,070b0fcd2b4f101302a58108dce79a6ea1d6fdbdf9be753fec768d1818ea7464,,
resnet,numba,object-mode,fresh_process,error,,resnet,historical_main,,,,0,0,False,False,9c64e5659fe9a99f38dfdee95f8c4b5ec1e0daa0e4544948c4f88bb50e6edbfa,070b0fcd2b4f101302a58108dce79a6ea1d6fdbdf9be753fec768d1818ea7464,,
resnet,numba,object-mode-parallel,fresh_process,error,,resnet,historical_main,,,,0,0,False,False,9c64e5659fe9a99f38dfdee95f8c4b5ec1e0daa0e4544948c4f88bb50e6edbfa,070b0fcd2b4f101302a58108dce79a6ea1d6fdbdf9be753fec768d1818ea7464,,
resnet,numba,object-mode-parallel-range,fresh_process,observed,5.666075829416513,resnet,historical_main,,,,2,2,True,False,9c64e5659fe9a99f38dfdee95f8c4b5ec1e0daa0e4544948c4f88bb50e6edbfa,070b0fcd2b4f101302a58108dce79a6ea1d6fdbdf9be753fec768d1818ea7464,,historical_disk_cache_hit_not_recorded
resnet,dace_cpu,fusion,fresh_process,observed,4.652916104067117,resnet,historical_main,,,,2,2,True,False,9c64e5659fe9a99f38dfdee95f8c4b5ec1e0daa0e4544948c4f88bb50e6edbfa,070b0fcd2b4f101302a58108dce79a6ea1d6fdbdf9be753fec768d1818ea7464,,selected_process_variability
resnet,dace_cpu,parallel,fresh_process,observed,1.2810171248856932,resnet,historical_main,,,,2,2,True,False,9c64e5659fe9a99f38dfdee95f8c4b5ec1e0daa0e4544948c4f88bb50e6edbfa,070b0fcd2b4f101302a58108dce79a6ea1d6fdbdf9be753fec768d1818ea7464,,selected_process_variability
resnet,dace_cpu,auto_opt,fresh_process,observed,1.8515615987125784,resnet,historical_main,,,,2,2,True,False,9c64e5659fe9a99f38dfdee95f8c4b5ec1e0daa0e4544948c4f88bb50e6edbfa,070b0fcd2b4f101302a58108dce79a6ea1d6fdbdf9be753fec768d1818ea7464,,new_variability;selected_process_variability
resnet,dace_gpu,fusion,fresh_process,validation,,resnet,historical_main,,,,0,0,False,False,9c64e5659fe9a99f38dfdee95f8c4b5ec1e0daa0e4544948c4f88bb50e6edbfa,070b0fcd2b4f101302a58108dce79a6ea1d6fdbdf9be753fec768d1818ea7464,,
resnet,dace_gpu,parallel,fresh_process,error,,resnet,historical_main,,,,0,0,False,False,9c64e5659fe9a99f38dfdee95f8c4b5ec1e0daa0e4544948c4f88bb50e6edbfa,070b0fcd2b4f101302a58108dce79a6ea1d6fdbdf9be753fec768d1818ea7464,,
resnet,dace_gpu,auto_opt,fresh_process,error,,resnet,historical_main,,,,0,0,False,False,9c64e5659fe9a99f38dfdee95f8c4b5ec1e0daa0e4544948c4f88bb50e6edbfa,070b0fcd2b4f101302a58108dce79a6ea1d6fdbdf9be753fec768d1818ea7464,,
resnet,cupy,default,fresh_process,observed,1.4851903992239386,resnet,historical_main,,,,2,2,True,False,9c64e5659fe9a99f38dfdee95f8c4b5ec1e0daa0e4544948c4f88bb50e6edbfa,070b0fcd2b4f101302a58108dce79a6ea1d6fdbdf9be753fec768d1818ea7464,,selected_process_variability
scattering_self_energies,numpy,default,fresh_process,observed,0.9706076644361019,scattering_self_energies,historical_main,,,,2,2,True,False,dfe8b7a530913f54e6164d2f20cb5a63e6c95544a680629acde629144cff7caa,f7d4f3c7d50b72880addf25da02f47a077e25e5f288758e484adcbc85a181974,,selected_process_variability
scattering_self_energies,numba,nopython-mode,fresh_process,observed,0.47250950848683715,scattering_self_energies,historical_main,,,,2,2,True,False,dfe8b7a530913f54e6164d2f20cb5a63e6c95544a680629acde629144cff7caa,f7d4f3c7d50b72880addf25da02f47a077e25e5f288758e484adcbc85a181974,,historical_disk_cache_hit_not_recorded;new_variability
scattering_self_energies,numba,nopython-mode-parallel,fresh_process,N/A,,,,,,,,,False,,,,,
scattering_self_energies,numba,nopython-mode-parallel-range,fresh_process,observed,0.7956447023898363,scattering_self_energies,historical_main,,,,2,2,True,False,dfe8b7a530913f54e6164d2f20cb5a63e6c95544a680629acde629144cff7caa,f7d4f3c7d50b72880addf25da02f47a077e25e5f288758e484adcbc85a181974,,historical_disk_cache_hit_not_recorded
scattering_self_energies,numba,object-mode,fresh_process,N/A,,,,,,,,,False,,,,,
scattering_self_energies,numba,object-mode-parallel,fresh_process,N/A,,,,,,,,,False,,,,,
scattering_self_energies,numba,object-mode-parallel-range,fresh_process,N/A,,,,,,,,,False,,,,,
scattering_self_energies,dace_cpu,fusion,fresh_process,observed,12.634935783455148,scattering_self_energies,historical_main,,,,2,2,True,False,dfe8b7a530913f54e6164d2f20cb5a63e6c95544a680629acde629144cff7caa,f7d4f3c7d50b72880addf25da02f47a077e25e5f288758e484adcbc85a181974,,selected_process_variability
scattering_self_energies,dace_cpu,parallel,fresh_process,observed,7.190640052547678,scattering_self_energies,historical_main,,,,2,2,False,False,dfe8b7a530913f54e6164d2f20cb5a63e6c95544a680629acde629144cff7caa,f7d4f3c7d50b72880addf25da02f47a077e25e5f288758e484adcbc85a181974,,
scattering_self_energies,dace_cpu,auto_opt,fresh_process,observed,7.197699956130236,scattering_self_energies,historical_main,,,,2,2,True,False,dfe8b7a530913f54e6164d2f20cb5a63e6c95544a680629acde629144cff7caa,f7d4f3c7d50b72880addf25da02f47a077e25e5f288758e484adcbc85a181974,,selected_process_variability
scattering_self_energies,dace_gpu,fusion,fresh_process,observed,8.305201302515343,scattering_self_energies,historical_main,,,,2,2,False,False,dfe8b7a530913f54e6164d2f20cb5a63e6c95544a680629acde629144cff7caa,f7d4f3c7d50b72880addf25da02f47a077e25e5f288758e484adcbc85a181974,,
scattering_self_energies,dace_gpu,parallel,fresh_process,observed,8.191349643282592,scattering_self_energies,historical_main,,,,2,2,False,False,dfe8b7a530913f54e6164d2f20cb5a63e6c95544a680629acde629144cff7caa,f7d4f3c7d50b72880addf25da02f47a077e25e5f288758e484adcbc85a181974,,
scattering_self_energies,dace_gpu,auto_opt,fresh_process,observed,7.034236142877489,scattering_self_energies,historical_main,,,,2,2,True,False,dfe8b7a530913f54e6164d2f20cb5a63e6c95544a680629acde629144cff7caa,f7d4f3c7d50b72880addf25da02f47a077e25e5f288758e484adcbc85a181974,,new_sampling_or_resources;selected_process_variability
scattering_self_energies,cupy,default,fresh_process,observed,14.942927783587947,scattering_self_energies,historical_main,,,,2,2,False,False,dfe8b7a530913f54e6164d2f20cb5a63e6c95544a680629acde629144cff7caa,f7d4f3c7d50b72880addf25da02f47a077e25e5f288758e484adcbc85a181974,,
seidel_2d,numpy,default,fresh_process,observed,0.8659303758759052,seidel_2d,historical_main,,,,2,2,True,False,ee1919384d25883ff17bfcdb49d28a5d6dabc6f97d12c672811043a4107874a9,6d10c80c878e92ea3bdd4f0a16c473438b233d1989ed5a8d0f8d1356e6d0b32b,,selected_process_variability
seidel_2d,numba,nopython-mode,fresh_process,observed,0.38532000919803977,seidel_2d,historical_main,,,,2,2,True,False,ee1919384d25883ff17bfcdb49d28a5d6dabc6f97d12c672811043a4107874a9,6d10c80c878e92ea3bdd4f0a16c473438b233d1989ed5a8d0f8d1356e6d0b32b,,historical_disk_cache_hit_not_recorded;new_sampling_or_resources
seidel_2d,numba,nopython-mode-parallel,fresh_process,validation,,seidel_2d,historical_main,,,,0,0,False,False,ee1919384d25883ff17bfcdb49d28a5d6dabc6f97d12c672811043a4107874a9,6d10c80c878e92ea3bdd4f0a16c473438b233d1989ed5a8d0f8d1356e6d0b32b,,
seidel_2d,numba,nopython-mode-parallel-range,fresh_process,N/A,,,,,,,,,False,,,,,
seidel_2d,numba,object-mode,fresh_process,N/A,,,,,,,,,False,,,,,
seidel_2d,numba,object-mode-parallel,fresh_process,N/A,,,,,,,,,False,,,,,
seidel_2d,numba,object-mode-parallel-range,fresh_process,N/A,,,,,,,,,False,,,,,
seidel_2d,dace_cpu,fusion,fresh_process,observed,0.6786881471052766,seidel_2d,historical_main,,,,2,2,True,False,ee1919384d25883ff17bfcdb49d28a5d6dabc6f97d12c672811043a4107874a9,6d10c80c878e92ea3bdd4f0a16c473438b233d1989ed5a8d0f8d1356e6d0b32b,,selected_process_variability
seidel_2d,dace_cpu,parallel,fresh_process,observed,0.8620774189475924,seidel_2d,historical_main,,,,2,2,True,False,ee1919384d25883ff17bfcdb49d28a5d6dabc6f97d12c672811043a4107874a9,6d10c80c878e92ea3bdd4f0a16c473438b233d1989ed5a8d0f8d1356e6d0b32b,,selected_process_variability
seidel_2d,dace_cpu,auto_opt,fresh_process,observed,1.0120595344342291,seidel_2d,historical_main,,,,2,2,True,False,ee1919384d25883ff17bfcdb49d28a5d6dabc6f97d12c672811043a4107874a9,6d10c80c878e92ea3bdd4f0a16c473438b233d1989ed5a8d0f8d1356e6d0b32b,,selected_process_variability
seidel_2d,dace_gpu,fusion,fresh_process,observed,25.262350417207927,seidel_2d,historical_main,,,,2,2,False,False,ee1919384d25883ff17bfcdb49d28a5d6dabc6f97d12c672811043a4107874a9,6d10c80c878e92ea3bdd4f0a16c473438b233d1989ed5a8d0f8d1356e6d0b32b,,
seidel_2d,dace_gpu,parallel,fresh_process,observed,25.193761825328693,seidel_2d,historical_main,,,,2,2,False,False,ee1919384d25883ff17bfcdb49d28a5d6dabc6f97d12c672811043a4107874a9,6d10c80c878e92ea3bdd4f0a16c473438b233d1989ed5a8d0f8d1356e6d0b32b,,
seidel_2d,dace_gpu,auto_opt,fresh_process,observed,24.037017334019765,seidel_2d,historical_main,,,,2,2,False,False,ee1919384d25883ff17bfcdb49d28a5d6dabc6f97d12c672811043a4107874a9,6d10c80c878e92ea3bdd4f0a16c473438b233d1989ed5a8d0f8d1356e6d0b32b,,
seidel_2d,cupy,default,fresh_process,observed,48.019061104161665,seidel_2d,historical_main,,,,2,2,False,False,ee1919384d25883ff17bfcdb49d28a5d6dabc6f97d12c672811043a4107874a9,6d10c80c878e92ea3bdd4f0a16c473438b233d1989ed5a8d0f8d1356e6d0b32b,,
softmax,numpy,default,fresh_process,observed,1.2409008564427495,softmax,historical_main,,,,2,2,True,False,4c2cc8073ef8741ed9febc8a4ff62219351eab9b80f103f3f9ef78cbfb3d3a24,2fcf9437c28756a764115316372f1c170da55c13fa29321255a7dcc2a7583c80,,selected_process_variability
softmax,numba,nopython-mode,fresh_process,observed,4.614631859352812,softmax,historical_main,,,,2,2,True,False,4c2cc8073ef8741ed9febc8a4ff62219351eab9b80f103f3f9ef78cbfb3d3a24,2fcf9437c28756a764115316372f1c170da55c13fa29321255a7dcc2a7583c80,,historical_disk_cache_hit_not_recorded;selected_process_variability
softmax,numba,nopython-mode-parallel,fresh_process,observed,2.8636349115986377,softmax,historical_main,,,,2,2,True,False,4c2cc8073ef8741ed9febc8a4ff62219351eab9b80f103f3f9ef78cbfb3d3a24,2fcf9437c28756a764115316372f1c170da55c13fa29321255a7dcc2a7583c80,,historical_disk_cache_hit_not_recorded;selected_process_variability
softmax,numba,nopython-mode-parallel-range,fresh_process,observed,2.549623488681391,softmax,historical_main,,,,2,2,True,False,4c2cc8073ef8741ed9febc8a4ff62219351eab9b80f103f3f9ef78cbfb3d3a24,2fcf9437c28756a764115316372f1c170da55c13fa29321255a7dcc2a7583c80,,historical_disk_cache_hit_not_recorded
softmax,numba,object-mode,fresh_process,observed,1.3196150565054268,softmax,historical_main,,,,2,2,True,False,4c2cc8073ef8741ed9febc8a4ff62219351eab9b80f103f3f9ef78cbfb3d3a24,2fcf9437c28756a764115316372f1c170da55c13fa29321255a7dcc2a7583c80,,historical_disk_cache_hit_not_recorded;new_variability
softmax,numba,object-mode-parallel,fresh_process,observed,1.491204075049609,softmax,historical_main,,,,2,2,True,False,4c2cc8073ef8741ed9febc8a4ff62219351eab9b80f103f3f9ef78cbfb3d3a24,2fcf9437c28756a764115316372f1c170da55c13fa29321255a7dcc2a7583c80,,historical_disk_cache_hit_not_recorded;new_variability;selected_process_variability
softmax,numba,object-mode-parallel-range,fresh_process,N/A,,,,,,,,,False,,,,,
softmax,dace_cpu,fusion,fresh_process,observed,142.22912638331763,softmax,historical_main,,,,2,2,False,False,4c2cc8073ef8741ed9febc8a4ff62219351eab9b80f103f3f9ef78cbfb3d3a24,2fcf9437c28756a764115316372f1c170da55c13fa29321255a7dcc2a7583c80,,
softmax,dace_cpu,parallel,fresh_process,observed,137.3293159310706,softmax,historical_main,,,,2,2,False,False,4c2cc8073ef8741ed9febc8a4ff62219351eab9b80f103f3f9ef78cbfb3d3a24,2fcf9437c28756a764115316372f1c170da55c13fa29321255a7dcc2a7583c80,,
softmax,dace_cpu,auto_opt,fresh_process,observed,129.7314774559345,softmax,historical_main,,,,2,2,True,False,4c2cc8073ef8741ed9febc8a4ff62219351eab9b80f103f3f9ef78cbfb3d3a24,2fcf9437c28756a764115316372f1c170da55c13fa29321255a7dcc2a7583c80,,selected_process_variability
softmax,dace_gpu,fusion,fresh_process,observed,2.319031174760312,softmax,historical_main,,,,2,2,False,False,4c2cc8073ef8741ed9febc8a4ff62219351eab9b80f103f3f9ef78cbfb3d3a24,2fcf9437c28756a764115316372f1c170da55c13fa29321255a7dcc2a7583c80,,
softmax,dace_gpu,parallel,fresh_process,observed,2.1514157105702907,softmax,historical_main,,,,2,2,False,False,4c2cc8073ef8741ed9febc8a4ff62219351eab9b80f103f3f9ef78cbfb3d3a24,2fcf9437c28756a764115316372f1c170da55c13fa29321255a7dcc2a7583c80,,
softmax,dace_gpu,auto_opt,fresh_process,observed,2.368399287108332,softmax,historical_main,,,,2,2,True,False,4c2cc8073ef8741ed9febc8a4ff62219351eab9b80f103f3f9ef78cbfb3d3a24,2fcf9437c28756a764115316372f1c170da55c13fa29321255a7dcc2a7583c80,,selected_process_variability
softmax,cupy,default,fresh_process,observed,1.4103203704580665,softmax,historical_main,,,,2,2,False,False,4c2cc8073ef8741ed9febc8a4ff62219351eab9b80f103f3f9ef78cbfb3d3a24,2fcf9437c28756a764115316372f1c170da55c13fa29321255a7dcc2a7583c80,,
spmv,numpy,default,fresh_process,observed,1.0020210989750922,spmv,historical_main,,,,2,2,False,False,da225492dbcd662f48fe5c413e0af07e8fbf1265c8b2c20e9564383e2e55d8ad,830b22cd03e41feb9b883b4b8fc754402901ac74dc9f607cfa3a81bdc5787389,,
spmv,numba,nopython-mode,fresh_process,observed,0.44695254834368825,spmv,historical_main,,,,2,2,True,False,da225492dbcd662f48fe5c413e0af07e8fbf1265c8b2c20e9564383e2e55d8ad,830b22cd03e41feb9b883b4b8fc754402901ac74dc9f607cfa3a81bdc5787389,,historical_disk_cache_hit_not_recorded
spmv,numba,nopython-mode-parallel,fresh_process,observed,0.4491193909198046,spmv,historical_main,,,,2,2,True,False,da225492dbcd662f48fe5c413e0af07e8fbf1265c8b2c20e9564383e2e55d8ad,830b22cd03e41feb9b883b4b8fc754402901ac74dc9f607cfa3a81bdc5787389,,historical_disk_cache_hit_not_recorded
spmv,numba,nopython-mode-parallel-range,fresh_process,observed,0.49502430530264974,spmv,step4/confirmation-L,,,,3,3,False,False,da225492dbcd662f48fe5c413e0af07e8fbf1265c8b2c20e9564383e2e55d8ad,830b22cd03e41feb9b883b4b8fc754402901ac74dc9f607cfa3a81bdc5787389,,
spmv,numba,object-mode,fresh_process,N/A,,,,,,,,,False,,,,,
spmv,numba,object-mode-parallel,fresh_process,N/A,,,,,,,,,False,,,,,
spmv,numba,object-mode-parallel-range,fresh_process,N/A,,,,,,,,,False,,,,,
spmv,dace_cpu,fusion,fresh_process,observed,10.897731587290764,spmv,historical_main,,,,2,2,True,False,da225492dbcd662f48fe5c413e0af07e8fbf1265c8b2c20e9564383e2e55d8ad,830b22cd03e41feb9b883b4b8fc754402901ac74dc9f607cfa3a81bdc5787389,,selected_process_variability
spmv,dace_cpu,parallel,fresh_process,observed,0.169465112965554,spmv,step4/confirmation-L,,,,3,3,False,False,da225492dbcd662f48fe5c413e0af07e8fbf1265c8b2c20e9564383e2e55d8ad,830b22cd03e41feb9b883b4b8fc754402901ac74dc9f607cfa3a81bdc5787389,,
spmv,dace_cpu,auto_opt,fresh_process,observed,0.17304516094736755,spmv,historical_main,,,,2,2,False,False,da225492dbcd662f48fe5c413e0af07e8fbf1265c8b2c20e9564383e2e55d8ad,830b22cd03e41feb9b883b4b8fc754402901ac74dc9f607cfa3a81bdc5787389,,
spmv,dace_gpu,fusion,fresh_process,observed,51.487834649626166,spmv,historical_main,,,,2,2,False,False,da225492dbcd662f48fe5c413e0af07e8fbf1265c8b2c20e9564383e2e55d8ad,830b22cd03e41feb9b883b4b8fc754402901ac74dc9f607cfa3a81bdc5787389,,
spmv,dace_gpu,parallel,fresh_process,observed,1.218885692069307,spmv,historical_main,,,,2,2,True,False,da225492dbcd662f48fe5c413e0af07e8fbf1265c8b2c20e9564383e2e55d8ad,830b22cd03e41feb9b883b4b8fc754402901ac74dc9f607cfa3a81bdc5787389,,new_variability
spmv,dace_gpu,auto_opt,fresh_process,observed,1.2605390548706055,spmv,historical_main,,,,2,2,False,False,da225492dbcd662f48fe5c413e0af07e8fbf1265c8b2c20e9564383e2e55d8ad,830b22cd03e41feb9b883b4b8fc754402901ac74dc9f607cfa3a81bdc5787389,,
spmv,cupy,default,fresh_process,observed,48.64895432558842,spmv,historical_main,,,,2,2,False,False,da225492dbcd662f48fe5c413e0af07e8fbf1265c8b2c20e9564383e2e55d8ad,830b22cd03e41feb9b883b4b8fc754402901ac74dc9f607cfa3a81bdc5787389,,
stockham_fft,numpy,default,fresh_process,observed,1.066049661487341,stockham_fft,historical_main,,,,2,2,True,False,6d6ff6409e820c0b1abb2d24a7ede6af7390464b8d347a4cba678562e2b4f111,f6c4acc3fcbed6678c4fad72d834895ca7156ce67f7538ebe2242ed208af3254,,selected_process_variability
stockham_fft,numba,nopython-mode,fresh_process,observed,3.1309677055105567,stockham_fft,historical_main,,,,2,2,True,False,6d6ff6409e820c0b1abb2d24a7ede6af7390464b8d347a4cba678562e2b4f111,f6c4acc3fcbed6678c4fad72d834895ca7156ce67f7538ebe2242ed208af3254,,historical_disk_cache_hit_not_recorded;selected_process_variability
stockham_fft,numba,nopython-mode-parallel,fresh_process,observed,455.47170538664795,stockham_fft,historical_main,,,,2,2,True,False,6d6ff6409e820c0b1abb2d24a7ede6af7390464b8d347a4cba678562e2b4f111,f6c4acc3fcbed6678c4fad72d834895ca7156ce67f7538ebe2242ed208af3254,,historical_disk_cache_hit_not_recorded
stockham_fft,numba,nopython-mode-parallel-range,fresh_process,observed,6.6100824910681695,stockham_fft,historical_main,,,,2,2,True,False,6d6ff6409e820c0b1abb2d24a7ede6af7390464b8d347a4cba678562e2b4f111,f6c4acc3fcbed6678c4fad72d834895ca7156ce67f7538ebe2242ed208af3254,,historical_disk_cache_hit_not_recorded
stockham_fft,numba,object-mode,fresh_process,unsupported,,stockham_fft,historical_main,,,,0,0,False,False,6d6ff6409e820c0b1abb2d24a7ede6af7390464b8d347a4cba678562e2b4f111,f6c4acc3fcbed6678c4fad72d834895ca7156ce67f7538ebe2242ed208af3254,,
stockham_fft,numba,object-mode-parallel,fresh_process,unsupported,,stockham_fft,historical_main,,,,0,0,False,False,6d6ff6409e820c0b1abb2d24a7ede6af7390464b8d347a4cba678562e2b4f111,f6c4acc3fcbed6678c4fad72d834895ca7156ce67f7538ebe2242ed208af3254,,
stockham_fft,numba,object-mode-parallel-range,fresh_process,N/A,,,,,,,,,False,,,,,
stockham_fft,dace_cpu,fusion,fresh_process,error,,stockham_fft,historical_main,,,,0,0,False,False,6d6ff6409e820c0b1abb2d24a7ede6af7390464b8d347a4cba678562e2b4f111,f6c4acc3fcbed6678c4fad72d834895ca7156ce67f7538ebe2242ed208af3254,,
stockham_fft,dace_cpu,parallel,fresh_process,error,,stockham_fft,historical_main,,,,0,0,False,False,6d6ff6409e820c0b1abb2d24a7ede6af7390464b8d347a4cba678562e2b4f111,f6c4acc3fcbed6678c4fad72d834895ca7156ce67f7538ebe2242ed208af3254,,
stockham_fft,dace_cpu,auto_opt,fresh_process,error,,stockham_fft,historical_main,,,,0,0,False,False,6d6ff6409e820c0b1abb2d24a7ede6af7390464b8d347a4cba678562e2b4f111,f6c4acc3fcbed6678c4fad72d834895ca7156ce67f7538ebe2242ed208af3254,,
stockham_fft,dace_gpu,fusion,fresh_process,error,,stockham_fft,historical_main,,,,0,0,False,False,6d6ff6409e820c0b1abb2d24a7ede6af7390464b8d347a4cba678562e2b4f111,f6c4acc3fcbed6678c4fad72d834895ca7156ce67f7538ebe2242ed208af3254,,
stockham_fft,dace_gpu,parallel,fresh_process,error,,stockham_fft,historical_main,,,,0,0,False,False,6d6ff6409e820c0b1abb2d24a7ede6af7390464b8d347a4cba678562e2b4f111,f6c4acc3fcbed6678c4fad72d834895ca7156ce67f7538ebe2242ed208af3254,,
stockham_fft,dace_gpu,auto_opt,fresh_process,error,,stockham_fft,historical_main,,,,0,0,False,False,6d6ff6409e820c0b1abb2d24a7ede6af7390464b8d347a4cba678562e2b4f111,f6c4acc3fcbed6678c4fad72d834895ca7156ce67f7538ebe2242ed208af3254,,
stockham_fft,cupy,default,fresh_process,observed,0.6418123808689415,stockham_fft,historical_main,,,,2,2,False,False,6d6ff6409e820c0b1abb2d24a7ede6af7390464b8d347a4cba678562e2b4f111,f6c4acc3fcbed6678c4fad72d834895ca7156ce67f7538ebe2242ed208af3254,,
symm,numpy,default,fresh_process,observed,1.0862132105976343,symm,historical_main,,,,2,2,False,False,9a79ab11f86fec484ee78c92c02c8f9588bcdd801caf9345beae289adb5ce087,c983fe23aab1369b59df067f61f46c516f426a2b0a1ea8bdc3779352f6c91630,,
symm,numba,nopython-mode,fresh_process,observed,0.5838726405054331,symm,historical_main,,,,2,2,True,False,9a79ab11f86fec484ee78c92c02c8f9588bcdd801caf9345beae289adb5ce087,c983fe23aab1369b59df067f61f46c516f426a2b0a1ea8bdc3779352f6c91630,,historical_disk_cache_hit_not_recorded
symm,numba,nopython-mode-parallel,fresh_process,N/A,,,,,,,,,False,,,,,
symm,numba,nopython-mode-parallel-range,fresh_process,observed,0.5052559680771083,symm,historical_main,,,,2,2,True,False,9a79ab11f86fec484ee78c92c02c8f9588bcdd801caf9345beae289adb5ce087,c983fe23aab1369b59df067f61f46c516f426a2b0a1ea8bdc3779352f6c91630,,historical_disk_cache_hit_not_recorded;new_variability
symm,numba,object-mode,fresh_process,N/A,,,,,,,,,False,,,,,
symm,numba,object-mode-parallel,fresh_process,N/A,,,,,,,,,False,,,,,
symm,numba,object-mode-parallel-range,fresh_process,N/A,,,,,,,,,False,,,,,
symm,dace_cpu,fusion,fresh_process,observed,10.06557415984571,symm,historical_main,,,,2,2,True,False,9a79ab11f86fec484ee78c92c02c8f9588bcdd801caf9345beae289adb5ce087,c983fe23aab1369b59df067f61f46c516f426a2b0a1ea8bdc3779352f6c91630,,selected_process_variability
symm,dace_cpu,parallel,fresh_process,observed,8.260547450045124,symm,historical_main,,,,2,2,True,False,9a79ab11f86fec484ee78c92c02c8f9588bcdd801caf9345beae289adb5ce087,c983fe23aab1369b59df067f61f46c516f426a2b0a1ea8bdc3779352f6c91630,,selected_process_variability
symm,dace_cpu,auto_opt,fresh_process,observed,5.775119072524831,symm,historical_main,,,,2,2,False,False,9a79ab11f86fec484ee78c92c02c8f9588bcdd801caf9345beae289adb5ce087,c983fe23aab1369b59df067f61f46c516f426a2b0a1ea8bdc3779352f6c91630,,
symm,dace_gpu,fusion,fresh_process,observed,7.539232618641108,symm,historical_main,,,,2,2,True,False,9a79ab11f86fec484ee78c92c02c8f9588bcdd801caf9345beae289adb5ce087,c983fe23aab1369b59df067f61f46c516f426a2b0a1ea8bdc3779352f6c91630,,selected_process_variability
symm,dace_gpu,parallel,fresh_process,observed,6.596138948807493,symm,historical_main,,,,2,2,False,False,9a79ab11f86fec484ee78c92c02c8f9588bcdd801caf9345beae289adb5ce087,c983fe23aab1369b59df067f61f46c516f426a2b0a1ea8bdc3779352f6c91630,,
symm,dace_gpu,auto_opt,fresh_process,observed,6.352005960652605,symm,historical_main,,,,2,2,True,False,9a79ab11f86fec484ee78c92c02c8f9588bcdd801caf9345beae289adb5ce087,c983fe23aab1369b59df067f61f46c516f426a2b0a1ea8bdc3779352f6c91630,,new_sampling_or_resources
symm,cupy,default,fresh_process,observed,29.256437418051064,symm,historical_main,,,,2,2,False,False,9a79ab11f86fec484ee78c92c02c8f9588bcdd801caf9345beae289adb5ce087,c983fe23aab1369b59df067f61f46c516f426a2b0a1ea8bdc3779352f6c91630,,
syr2k,numpy,default,fresh_process,observed,1.2800214015878737,syr2k,historical_main,,,,2,2,False,False,e7abbc19895a88befab489211bc20dc301be2dede982f39fba4c4f210583f274,4eed4ab152ea49c0a4cdf942787319238e4b8903146da60692ca376422fc8502,,
syr2k,numba,nopython-mode,fresh_process,observed,0.47323784977197647,syr2k,step4/confirmation-L,,,,3,3,False,False,e7abbc19895a88befab489211bc20dc301be2dede982f39fba4c4f210583f274,4eed4ab152ea49c0a4cdf942787319238e4b8903146da60692ca376422fc8502,,
syr2k,numba,nopython-mode-parallel,fresh_process,N/A,,,,,,,,,False,,,,,
syr2k,numba,nopython-mode-parallel-range,fresh_process,N/A,,,,,,,,,False,,,,,
syr2k,numba,object-mode,fresh_process,N/A,,,,,,,,,False,,,,,
syr2k,numba,object-mode-parallel,fresh_process,N/A,,,,,,,,,False,,,,,
syr2k,numba,object-mode-parallel-range,fresh_process,N/A,,,,,,,,,False,,,,,
syr2k,dace_cpu,fusion,fresh_process,observed,4.78890973306261,syr2k,historical_main,,,,2,2,True,False,e7abbc19895a88befab489211bc20dc301be2dede982f39fba4c4f210583f274,4eed4ab152ea49c0a4cdf942787319238e4b8903146da60692ca376422fc8502,,selected_process_variability
syr2k,dace_cpu,parallel,fresh_process,observed,4.5015582870692015,syr2k,historical_main,,,,2,2,False,False,e7abbc19895a88befab489211bc20dc301be2dede982f39fba4c4f210583f274,4eed4ab152ea49c0a4cdf942787319238e4b8903146da60692ca376422fc8502,,
syr2k,dace_cpu,auto_opt,fresh_process,observed,5.018153309356421,syr2k,historical_main,,,,2,2,False,False,e7abbc19895a88befab489211bc20dc301be2dede982f39fba4c4f210583f274,4eed4ab152ea49c0a4cdf942787319238e4b8903146da60692ca376422fc8502,,
syr2k,dace_gpu,fusion,fresh_process,observed,6.544248347636312,syr2k,historical_main,,,,2,2,False,False,e7abbc19895a88befab489211bc20dc301be2dede982f39fba4c4f210583f274,4eed4ab152ea49c0a4cdf942787319238e4b8903146da60692ca376422fc8502,,
syr2k,dace_gpu,parallel,fresh_process,observed,6.830536323832348,syr2k,historical_main,,,,2,2,False,False,e7abbc19895a88befab489211bc20dc301be2dede982f39fba4c4f210583f274,4eed4ab152ea49c0a4cdf942787319238e4b8903146da60692ca376422fc8502,,
syr2k,dace_gpu,auto_opt,fresh_process,observed,6.526945609599352,syr2k,historical_main,,,,2,2,False,False,e7abbc19895a88befab489211bc20dc301be2dede982f39fba4c4f210583f274,4eed4ab152ea49c0a4cdf942787319238e4b8903146da60692ca376422fc8502,,
syr2k,cupy,default,fresh_process,observed,15.047397871501744,syr2k,historical_main,,,,2,2,False,False,e7abbc19895a88befab489211bc20dc301be2dede982f39fba4c4f210583f274,4eed4ab152ea49c0a4cdf942787319238e4b8903146da60692ca376422fc8502,,
syrk,numpy,default,fresh_process,observed,1.229210434248671,syrk,historical_main,,,,2,2,True,False,92484da5155c3406ad7a24b9d17a47e4e5ea9277c45b375c935d26bea371609c,c9125e156aac0f0083fa4d941c44b5e500809f7d0e4096cfd309983aa1701894,,selected_process_variability
syrk,numba,nopython-mode,fresh_process,observed,0.6510874775703996,syrk,historical_main,,,,2,2,True,False,92484da5155c3406ad7a24b9d17a47e4e5ea9277c45b375c935d26bea371609c,c9125e156aac0f0083fa4d941c44b5e500809f7d0e4096cfd309983aa1701894,,historical_disk_cache_hit_not_recorded;new_sampling_or_resources
syrk,numba,nopython-mode-parallel,fresh_process,N/A,,,,,,,,,False,,,,,
syrk,numba,nopython-mode-parallel-range,fresh_process,N/A,,,,,,,,,False,,,,,
syrk,numba,object-mode,fresh_process,N/A,,,,,,,,,False,,,,,
syrk,numba,object-mode-parallel,fresh_process,N/A,,,,,,,,,False,,,,,
syrk,numba,object-mode-parallel-range,fresh_process,N/A,,,,,,,,,False,,,,,
syrk,dace_cpu,fusion,fresh_process,observed,9.464182910509408,syrk,historical_main,,,,2,2,False,False,92484da5155c3406ad7a24b9d17a47e4e5ea9277c45b375c935d26bea371609c,c9125e156aac0f0083fa4d941c44b5e500809f7d0e4096cfd309983aa1701894,,
syrk,dace_cpu,parallel,fresh_process,observed,9.679564230842516,syrk,historical_main,,,,2,2,False,False,92484da5155c3406ad7a24b9d17a47e4e5ea9277c45b375c935d26bea371609c,c9125e156aac0f0083fa4d941c44b5e500809f7d0e4096cfd309983aa1701894,,
syrk,dace_cpu,auto_opt,fresh_process,observed,9.754695964045823,syrk,historical_main,,,,2,2,False,False,92484da5155c3406ad7a24b9d17a47e4e5ea9277c45b375c935d26bea371609c,c9125e156aac0f0083fa4d941c44b5e500809f7d0e4096cfd309983aa1701894,,
syrk,dace_gpu,fusion,fresh_process,observed,4.041527729481459,syrk,historical_main,,,,2,2,True,False,92484da5155c3406ad7a24b9d17a47e4e5ea9277c45b375c935d26bea371609c,c9125e156aac0f0083fa4d941c44b5e500809f7d0e4096cfd309983aa1701894,,new_variability
syrk,dace_gpu,parallel,fresh_process,observed,4.127045931527391,syrk,historical_main,,,,2,2,False,False,92484da5155c3406ad7a24b9d17a47e4e5ea9277c45b375c935d26bea371609c,c9125e156aac0f0083fa4d941c44b5e500809f7d0e4096cfd309983aa1701894,,
syrk,dace_gpu,auto_opt,fresh_process,observed,4.374573675915599,syrk,historical_main,,,,2,2,False,False,92484da5155c3406ad7a24b9d17a47e4e5ea9277c45b375c935d26bea371609c,c9125e156aac0f0083fa4d941c44b5e500809f7d0e4096cfd309983aa1701894,,
syrk,cupy,default,fresh_process,observed,18.53497647657059,syrk,historical_main,,,,2,2,False,False,92484da5155c3406ad7a24b9d17a47e4e5ea9277c45b375c935d26bea371609c,c9125e156aac0f0083fa4d941c44b5e500809f7d0e4096cfd309983aa1701894,,
trisolv,numpy,default,fresh_process,observed,0.1258380631916225,trisolv,historical_main,,,,2,2,True,False,4f5471ef60c1579f85ae344ab83c59b28f7f210b0a535e59616ed8d3e93dce87,2ef566c3a7e8536e3be1ae3aaac85d9a03f4836c00d28326cc70cf2e8147fdb1,,selected_process_variability
trisolv,numba,nopython-mode,fresh_process,observed,0.3318290370516479,trisolv,historical_main,,,,2,2,True,False,4f5471ef60c1579f85ae344ab83c59b28f7f210b0a535e59616ed8d3e93dce87,2ef566c3a7e8536e3be1ae3aaac85d9a03f4836c00d28326cc70cf2e8147fdb1,,historical_disk_cache_hit_not_recorded;new_variability
trisolv,numba,nopython-mode-parallel,fresh_process,observed,0.35148413851857185,trisolv,historical_main,,,,2,2,True,False,4f5471ef60c1579f85ae344ab83c59b28f7f210b0a535e59616ed8d3e93dce87,2ef566c3a7e8536e3be1ae3aaac85d9a03f4836c00d28326cc70cf2e8147fdb1,,historical_disk_cache_hit_not_recorded;new_reuse_evidence_incomplete;new_sampling_or_resources
trisolv,numba,nopython-mode-parallel-range,fresh_process,N/A,,,,,,,,,False,,,,,
trisolv,numba,object-mode,fresh_process,N/A,,,,,,,,,False,,,,,
trisolv,numba,object-mode-parallel,fresh_process,N/A,,,,,,,,,False,,,,,
trisolv,numba,object-mode-parallel-range,fresh_process,N/A,,,,,,,,,False,,,,,
trisolv,dace_cpu,fusion,fresh_process,observed,0.1527056279592216,trisolv,historical_main,,,,2,2,False,False,4f5471ef60c1579f85ae344ab83c59b28f7f210b0a535e59616ed8d3e93dce87,2ef566c3a7e8536e3be1ae3aaac85d9a03f4836c00d28326cc70cf2e8147fdb1,,
trisolv,dace_cpu,parallel,fresh_process,observed,0.13944565015845,trisolv,historical_main,,,,2,2,True,False,4f5471ef60c1579f85ae344ab83c59b28f7f210b0a535e59616ed8d3e93dce87,2ef566c3a7e8536e3be1ae3aaac85d9a03f4836c00d28326cc70cf2e8147fdb1,,new_variability
trisolv,dace_cpu,auto_opt,fresh_process,observed,0.20315711433067918,trisolv,historical_main,,,,2,2,True,False,4f5471ef60c1579f85ae344ab83c59b28f7f210b0a535e59616ed8d3e93dce87,2ef566c3a7e8536e3be1ae3aaac85d9a03f4836c00d28326cc70cf2e8147fdb1,,selected_process_variability
trisolv,dace_gpu,fusion,fresh_process,observed,3.57215956132859,trisolv,step4/confirmation-L,,,,3,3,False,False,4f5471ef60c1579f85ae344ab83c59b28f7f210b0a535e59616ed8d3e93dce87,2ef566c3a7e8536e3be1ae3aaac85d9a03f4836c00d28326cc70cf2e8147fdb1,,
trisolv,dace_gpu,parallel,fresh_process,observed,3.296557787572965,trisolv,historical_main,,,,2,2,False,False,4f5471ef60c1579f85ae344ab83c59b28f7f210b0a535e59616ed8d3e93dce87,2ef566c3a7e8536e3be1ae3aaac85d9a03f4836c00d28326cc70cf2e8147fdb1,,
trisolv,dace_gpu,auto_opt,fresh_process,observed,3.3670023968443274,trisolv,historical_main,,,,2,2,False,False,4f5471ef60c1579f85ae344ab83c59b28f7f210b0a535e59616ed8d3e93dce87,2ef566c3a7e8536e3be1ae3aaac85d9a03f4836c00d28326cc70cf2e8147fdb1,,
trisolv,cupy,default,fresh_process,observed,3.3600495734717697,trisolv,historical_main,,,,2,2,False,False,4f5471ef60c1579f85ae344ab83c59b28f7f210b0a535e59616ed8d3e93dce87,2ef566c3a7e8536e3be1ae3aaac85d9a03f4836c00d28326cc70cf2e8147fdb1,,
trmm,numpy,default,fresh_process,observed,0.9842940240632743,trmm,historical_main,,,,2,2,False,False,3f94b2a3aeb62dabee33d3188a61d501e42975b8a01970dd7d3717b65c060956,9168af76f7b62c6873ac45e920743c46191f055c32ee6a1f1df2aba5ab399d7e,,
trmm,numba,nopython-mode,fresh_process,observed,0.6818725385237485,trmm,historical_main,,,,2,2,True,False,3f94b2a3aeb62dabee33d3188a61d501e42975b8a01970dd7d3717b65c060956,9168af76f7b62c6873ac45e920743c46191f055c32ee6a1f1df2aba5ab399d7e,,historical_disk_cache_hit_not_recorded
trmm,numba,nopython-mode-parallel,fresh_process,N/A,,,,,,,,,False,,,,,
trmm,numba,nopython-mode-parallel-range,fresh_process,observed,0.48108339053578675,trmm,historical_main,,,,2,2,True,False,3f94b2a3aeb62dabee33d3188a61d501e42975b8a01970dd7d3717b65c060956,9168af76f7b62c6873ac45e920743c46191f055c32ee6a1f1df2aba5ab399d7e,,historical_disk_cache_hit_not_recorded
trmm,numba,object-mode,fresh_process,N/A,,,,,,,,,False,,,,,
trmm,numba,object-mode-parallel,fresh_process,N/A,,,,,,,,,False,,,,,
trmm,numba,object-mode-parallel-range,fresh_process,N/A,,,,,,,,,False,,,,,
trmm,dace_cpu,fusion,fresh_process,observed,0.393180065555498,trmm,historical_main,,,,2,2,False,False,3f94b2a3aeb62dabee33d3188a61d501e42975b8a01970dd7d3717b65c060956,9168af76f7b62c6873ac45e920743c46191f055c32ee6a1f1df2aba5ab399d7e,,
trmm,dace_cpu,parallel,fresh_process,observed,0.7108327669557184,trmm,historical_main,,,,2,2,True,False,3f94b2a3aeb62dabee33d3188a61d501e42975b8a01970dd7d3717b65c060956,9168af76f7b62c6873ac45e920743c46191f055c32ee6a1f1df2aba5ab399d7e,,selected_process_variability
trmm,dace_cpu,auto_opt,fresh_process,observed,0.2345502427779138,trmm,historical_main,,,,2,2,True,False,3f94b2a3aeb62dabee33d3188a61d501e42975b8a01970dd7d3717b65c060956,9168af76f7b62c6873ac45e920743c46191f055c32ee6a1f1df2aba5ab399d7e,,historical_drift_requires_review;new_variability
trmm,dace_gpu,fusion,fresh_process,observed,9.52454808470793,trmm,historical_main,,,,2,2,False,False,3f94b2a3aeb62dabee33d3188a61d501e42975b8a01970dd7d3717b65c060956,9168af76f7b62c6873ac45e920743c46191f055c32ee6a1f1df2aba5ab399d7e,,
trmm,dace_gpu,parallel,fresh_process,observed,1.0712595048826188,trmm,historical_main,,,,2,2,False,False,3f94b2a3aeb62dabee33d3188a61d501e42975b8a01970dd7d3717b65c060956,9168af76f7b62c6873ac45e920743c46191f055c32ee6a1f1df2aba5ab399d7e,,
trmm,dace_gpu,auto_opt,fresh_process,observed,0.9786516937892884,trmm,historical_main,,,,2,2,False,False,3f94b2a3aeb62dabee33d3188a61d501e42975b8a01970dd7d3717b65c060956,9168af76f7b62c6873ac45e920743c46191f055c32ee6a1f1df2aba5ab399d7e,,
trmm,cupy,default,fresh_process,observed,41.62624907982536,trmm,historical_main,,,,2,2,False,False,3f94b2a3aeb62dabee33d3188a61d501e42975b8a01970dd7d3717b65c060956,9168af76f7b62c6873ac45e920743c46191f055c32ee6a1f1df2aba5ab399d7e,,
vadv,numpy,default,fresh_process,observed,0.5336718820035458,vadv,historical_main,,,,2,2,False,False,af48764eed52bcbfa917a57089296ce3be876f060430fae648ab359316609f14,300cff4f4ff45aa053437078a699f7f36c3a42bea19f7d989bd20911ef2050f4,,
vadv,numba,nopython-mode,fresh_process,observed,0.9863045550882816,vadv,historical_main,,,,2,2,True,False,af48764eed52bcbfa917a57089296ce3be876f060430fae648ab359316609f14,300cff4f4ff45aa053437078a699f7f36c3a42bea19f7d989bd20911ef2050f4,,historical_disk_cache_hit_not_recorded
vadv,numba,nopython-mode-parallel,fresh_process,observed,0.9887338769622147,vadv,historical_main,,,,2,2,True,False,af48764eed52bcbfa917a57089296ce3be876f060430fae648ab359316609f14,300cff4f4ff45aa053437078a699f7f36c3a42bea19f7d989bd20911ef2050f4,,historical_disk_cache_hit_not_recorded;new_variability;selected_process_variability
vadv,numba,nopython-mode-parallel-range,fresh_process,N/A,,,,,,,,,False,,,,,
vadv,numba,object-mode,fresh_process,N/A,,,,,,,,,False,,,,,
vadv,numba,object-mode-parallel,fresh_process,N/A,,,,,,,,,False,,,,,
vadv,numba,object-mode-parallel-range,fresh_process,N/A,,,,,,,,,False,,,,,
vadv,dace_cpu,fusion,fresh_process,observed,1.6689188960008323,vadv,historical_main,,,,2,2,True,False,af48764eed52bcbfa917a57089296ce3be876f060430fae648ab359316609f14,300cff4f4ff45aa053437078a699f7f36c3a42bea19f7d989bd20911ef2050f4,,selected_process_variability
vadv,dace_cpu,parallel,fresh_process,observed,1.9038442277815193,vadv,historical_main,,,,2,2,False,False,af48764eed52bcbfa917a57089296ce3be876f060430fae648ab359316609f14,300cff4f4ff45aa053437078a699f7f36c3a42bea19f7d989bd20911ef2050f4,,
vadv,dace_cpu,auto_opt,fresh_process,observed,1.13075587246567,vadv,historical_main,,,,2,2,True,False,af48764eed52bcbfa917a57089296ce3be876f060430fae648ab359316609f14,300cff4f4ff45aa053437078a699f7f36c3a42bea19f7d989bd20911ef2050f4,,selected_process_variability
vadv,dace_gpu,fusion,fresh_process,observed,1.350721751106903,vadv,historical_main,,,,2,2,False,False,af48764eed52bcbfa917a57089296ce3be876f060430fae648ab359316609f14,300cff4f4ff45aa053437078a699f7f36c3a42bea19f7d989bd20911ef2050f4,,
vadv,dace_gpu,parallel,fresh_process,observed,1.4460291375871748,vadv,historical_main,,,,2,2,False,False,af48764eed52bcbfa917a57089296ce3be876f060430fae648ab359316609f14,300cff4f4ff45aa053437078a699f7f36c3a42bea19f7d989bd20911ef2050f4,,
vadv,dace_gpu,auto_opt,fresh_process,observed,1.2930060781072825,vadv,historical_main,,,,2,2,False,False,af48764eed52bcbfa917a57089296ce3be876f060430fae648ab359316609f14,300cff4f4ff45aa053437078a699f7f36c3a42bea19f7d989bd20911ef2050f4,,
vadv,cupy,default,fresh_process,observed,0.6964666780550033,vadv,historical_main,,,,2,2,False,False,af48764eed52bcbfa917a57089296ce3be876f060430fae648ab359316609f14,300cff4f4ff45aa053437078a699f7f36c3a42bea19f7d989bd20911ef2050f4,,
adi_corrected,numpy,default,same_process,observed,1.458284042077139,adi_corrected,workload-repairs/main-L,,,,6,3,True,True,72849b544ae3b8773b18c95384e36f194ea524782f4feabfed03a3b4194872e9,44fae57bf7759f2639279283ba275bd89bd5df1bf8f5d46bee32e1d87e87c452,,within_process_variability
adi_corrected,numba,nopython-mode,same_process,observed,0.43468998349271715,adi_corrected,workload-repairs/main-L,,,,6,3,False,True,72849b544ae3b8773b18c95384e36f194ea524782f4feabfed03a3b4194872e9,44fae57bf7759f2639279283ba275bd89bd5df1bf8f5d46bee32e1d87e87c452,,
adi_corrected,numba,nopython-mode-parallel,same_process,observed,20.889299074187875,adi_corrected,workload-repairs/main-L,,,,6,3,False,True,72849b544ae3b8773b18c95384e36f194ea524782f4feabfed03a3b4194872e9,44fae57bf7759f2639279283ba275bd89bd5df1bf8f5d46bee32e1d87e87c452,,
adi_corrected,numba,nopython-mode-parallel-range,same_process,N/A,,,,,,,,,False,,,,,
adi_corrected,numba,object-mode,same_process,N/A,,,,,,,,,False,,,,,
adi_corrected,numba,object-mode-parallel,same_process,N/A,,,,,,,,,False,,,,,
adi_corrected,numba,object-mode-parallel-range,same_process,N/A,,,,,,,,,False,,,,,
adi_corrected,dace_cpu,fusion,same_process,observed,11.978657625149935,adi_corrected,workload-repairs/main-L,,,,6,3,True,True,72849b544ae3b8773b18c95384e36f194ea524782f4feabfed03a3b4194872e9,44fae57bf7759f2639279283ba275bd89bd5df1bf8f5d46bee32e1d87e87c452,,between_process_variability;within_process_variability
adi_corrected,dace_cpu,parallel,same_process,observed,11.952720863977447,adi_corrected,workload-repairs/main-L,,,,6,3,True,True,72849b544ae3b8773b18c95384e36f194ea524782f4feabfed03a3b4194872e9,44fae57bf7759f2639279283ba275bd89bd5df1bf8f5d46bee32e1d87e87c452,,between_process_variability;within_process_variability
adi_corrected,dace_cpu,auto_opt,same_process,observed,7.046265729703009,adi_corrected,workload-repairs/main-L,,,,6,3,True,True,72849b544ae3b8773b18c95384e36f194ea524782f4feabfed03a3b4194872e9,44fae57bf7759f2639279283ba275bd89bd5df1bf8f5d46bee32e1d87e87c452,,within_process_variability
adi_corrected,dace_gpu,fusion,same_process,observed,2.190986584406346,adi_corrected,workload-repairs/main-L,,,,6,3,True,True,72849b544ae3b8773b18c95384e36f194ea524782f4feabfed03a3b4194872e9,44fae57bf7759f2639279283ba275bd89bd5df1bf8f5d46bee32e1d87e87c452,,within_process_variability
adi_corrected,dace_gpu,parallel,same_process,observed,2.2287025714758784,adi_corrected,workload-repairs/main-L,,,,6,3,True,True,72849b544ae3b8773b18c95384e36f194ea524782f4feabfed03a3b4194872e9,44fae57bf7759f2639279283ba275bd89bd5df1bf8f5d46bee32e1d87e87c452,,within_process_variability
adi_corrected,dace_gpu,auto_opt,same_process,observed,1.806956218322739,adi_corrected,workload-repairs/main-L,,,,6,3,True,True,72849b544ae3b8773b18c95384e36f194ea524782f4feabfed03a3b4194872e9,44fae57bf7759f2639279283ba275bd89bd5df1bf8f5d46bee32e1d87e87c452,,between_process_variability;within_process_variability
adi_corrected,cupy,default,same_process,observed,13.604371078545228,adi_corrected,workload-repairs/main-L,,,,6,3,False,True,72849b544ae3b8773b18c95384e36f194ea524782f4feabfed03a3b4194872e9,44fae57bf7759f2639279283ba275bd89bd5df1bf8f5d46bee32e1d87e87c452,,
arc_distance,numpy,default,same_process,observed,1.0510801384225488,arc_distance,historical_main,,,,6,3,True,False,d2c2cc16a18a69316144dced56e13ec50585fb90292fd8c9251b0cd2d83afd8e,c9a5d51d680eeff18f5d5e1a8bd8a4acc4d771e072238396fee0333ed61696be,,selected_process_variability
arc_distance,numba,nopython-mode,same_process,observed,0.9651417015120387,arc_distance,historical_main,,,,6,3,False,False,d2c2cc16a18a69316144dced56e13ec50585fb90292fd8c9251b0cd2d83afd8e,c9a5d51d680eeff18f5d5e1a8bd8a4acc4d771e072238396fee0333ed61696be,,
arc_distance,numba,nopython-mode-parallel,same_process,observed,0.024825048400089145,arc_distance,historical_main,,,,6,3,True,False,d2c2cc16a18a69316144dced56e13ec50585fb90292fd8c9251b0cd2d83afd8e,c9a5d51d680eeff18f5d5e1a8bd8a4acc4d771e072238396fee0333ed61696be,,new_sampling_or_resources
arc_distance,numba,nopython-mode-parallel-range,same_process,N/A,,,,,,,,,False,,,,,
arc_distance,numba,object-mode,same_process,N/A,,,,,,,,,False,,,,,
arc_distance,numba,object-mode-parallel,same_process,N/A,,,,,,,,,False,,,,,
arc_distance,numba,object-mode-parallel-range,same_process,N/A,,,,,,,,,False,,,,,
arc_distance,dace_cpu,fusion,same_process,observed,0.06322911777533591,arc_distance,historical_main,,,,6,3,False,False,d2c2cc16a18a69316144dced56e13ec50585fb90292fd8c9251b0cd2d83afd8e,c9a5d51d680eeff18f5d5e1a8bd8a4acc4d771e072238396fee0333ed61696be,,
arc_distance,dace_cpu,parallel,same_process,observed,0.03273178869858384,arc_distance,historical_main,,,,6,3,False,False,d2c2cc16a18a69316144dced56e13ec50585fb90292fd8c9251b0cd2d83afd8e,c9a5d51d680eeff18f5d5e1a8bd8a4acc4d771e072238396fee0333ed61696be,,
arc_distance,dace_cpu,auto_opt,same_process,observed,0.02558079012669623,arc_distance,historical_main,,,,6,3,True,False,d2c2cc16a18a69316144dced56e13ec50585fb90292fd8c9251b0cd2d83afd8e,c9a5d51d680eeff18f5d5e1a8bd8a4acc4d771e072238396fee0333ed61696be,,selected_process_variability
arc_distance,dace_gpu,fusion,same_process,observed,0.067253896035254,arc_distance,historical_main,,,,6,3,False,False,d2c2cc16a18a69316144dced56e13ec50585fb90292fd8c9251b0cd2d83afd8e,c9a5d51d680eeff18f5d5e1a8bd8a4acc4d771e072238396fee0333ed61696be,,
arc_distance,dace_gpu,parallel,same_process,observed,0.06633821269497275,arc_distance,historical_main,,,,6,3,False,False,d2c2cc16a18a69316144dced56e13ec50585fb90292fd8c9251b0cd2d83afd8e,c9a5d51d680eeff18f5d5e1a8bd8a4acc4d771e072238396fee0333ed61696be,,
arc_distance,dace_gpu,auto_opt,same_process,observed,0.06681370479054749,arc_distance,historical_main,,,,6,3,True,False,d2c2cc16a18a69316144dced56e13ec50585fb90292fd8c9251b0cd2d83afd8e,c9a5d51d680eeff18f5d5e1a8bd8a4acc4d771e072238396fee0333ed61696be,,selected_process_variability
arc_distance,cupy,default,same_process,observed,0.05203251959756017,arc_distance,historical_main,,,,6,3,False,False,d2c2cc16a18a69316144dced56e13ec50585fb90292fd8c9251b0cd2d83afd8e,c9a5d51d680eeff18f5d5e1a8bd8a4acc4d771e072238396fee0333ed61696be,,
atax,numpy,default,same_process,observed,0.1494451747275889,atax,historical_main,,,,6,3,False,False,68c6513b767fc4fe61dbe15c9629b1ea75eae7d2a20436521c52c551d6698648,30d1cbd8bc811b325570c9fdb182323781764974a74f27916f06ba12e9a7baef,,
atax,numba,nopython-mode,same_process,observed,0.17004491086117923,atax,step4/confirmation-L,,,,6,3,False,False,68c6513b767fc4fe61dbe15c9629b1ea75eae7d2a20436521c52c551d6698648,30d1cbd8bc811b325570c9fdb182323781764974a74f27916f06ba12e9a7baef,,
atax,numba,nopython-mode-parallel,same_process,observed,0.15652874414809048,atax,historical_main,,,,6,3,True,False,68c6513b767fc4fe61dbe15c9629b1ea75eae7d2a20436521c52c551d6698648,30d1cbd8bc811b325570c9fdb182323781764974a74f27916f06ba12e9a7baef,,new_sampling_or_resources
atax,numba,nopython-mode-parallel-range,same_process,N/A,,,,,,,,,False,,,,,
atax,numba,object-mode,same_process,N/A,,,,,,,,,False,,,,,
atax,numba,object-mode-parallel,same_process,N/A,,,,,,,,,False,,,,,
atax,numba,object-mode-parallel-range,same_process,N/A,,,,,,,,,False,,,,,
atax,dace_cpu,fusion,same_process,observed,0.15360833215527236,atax,historical_main,,,,6,3,True,False,68c6513b767fc4fe61dbe15c9629b1ea75eae7d2a20436521c52c551d6698648,30d1cbd8bc811b325570c9fdb182323781764974a74f27916f06ba12e9a7baef,,selected_process_variability
atax,dace_cpu,parallel,same_process,observed,0.16458525974303484,atax,historical_main,,,,6,3,False,False,68c6513b767fc4fe61dbe15c9629b1ea75eae7d2a20436521c52c551d6698648,30d1cbd8bc811b325570c9fdb182323781764974a74f27916f06ba12e9a7baef,,
atax,dace_cpu,auto_opt,same_process,observed,0.16618844657205045,atax,historical_main,,,,6,3,False,False,68c6513b767fc4fe61dbe15c9629b1ea75eae7d2a20436521c52c551d6698648,30d1cbd8bc811b325570c9fdb182323781764974a74f27916f06ba12e9a7baef,,
atax,dace_gpu,fusion,same_process,observed,0.7224379933904856,atax,historical_main,,,,6,3,False,False,68c6513b767fc4fe61dbe15c9629b1ea75eae7d2a20436521c52c551d6698648,30d1cbd8bc811b325570c9fdb182323781764974a74f27916f06ba12e9a7baef,,
atax,dace_gpu,parallel,same_process,observed,0.8444033621344715,atax,historical_main,,,,6,3,True,False,68c6513b767fc4fe61dbe15c9629b1ea75eae7d2a20436521c52c551d6698648,30d1cbd8bc811b325570c9fdb182323781764974a74f27916f06ba12e9a7baef,,selected_process_variability
atax,dace_gpu,auto_opt,same_process,observed,0.6410210044123232,atax,historical_main,,,,6,3,True,False,68c6513b767fc4fe61dbe15c9629b1ea75eae7d2a20436521c52c551d6698648,30d1cbd8bc811b325570c9fdb182323781764974a74f27916f06ba12e9a7baef,,new_sampling_or_resources;selected_process_variability
atax,cupy,default,same_process,observed,0.7361808838322759,atax,historical_main,,,,6,3,True,False,68c6513b767fc4fe61dbe15c9629b1ea75eae7d2a20436521c52c551d6698648,30d1cbd8bc811b325570c9fdb182323781764974a74f27916f06ba12e9a7baef,,selected_process_variability
azimint_hist,numpy,default,same_process,observed,0.8934347296599299,azimint_hist,historical_main,,,,6,3,False,False,f5914dfb9f4cc36109a1c231938d0863c485540d7d58b79bed61050dcb1e083e,d714677a44d27aec51292ca83b9b3ba9c1835b7ac786bbd295a407ecfa03d47f,,
azimint_hist,numba,nopython-mode,same_process,observed,0.4390292807947844,azimint_hist,historical_main,,,,6,3,True,False,f5914dfb9f4cc36109a1c231938d0863c485540d7d58b79bed61050dcb1e083e,d714677a44d27aec51292ca83b9b3ba9c1835b7ac786bbd295a407ecfa03d47f,,selected_process_variability
azimint_hist,numba,nopython-mode-parallel,same_process,observed,0.34147315099835396,azimint_hist,historical_main,,,,6,3,True,False,f5914dfb9f4cc36109a1c231938d0863c485540d7d58b79bed61050dcb1e083e,d714677a44d27aec51292ca83b9b3ba9c1835b7ac786bbd295a407ecfa03d47f,,new_variability;selected_process_variability
azimint_hist,numba,nopython-mode-parallel-range,same_process,observed,0.20821919851005077,azimint_hist_private,workload-repairs/retry-L,,,,6,3,True,True,ee08d8b3d6c42ca8c49f15064988585a960e19f6df094ce2408581b17b4d3570,d714677a44d27aec51292ca83b9b3ba9c1835b7ac786bbd295a407ecfa03d47f,,between_process_variability;within_process_variability
azimint_hist,numba,object-mode,same_process,observed,0.8815285942982882,azimint_hist,historical_main,,,,6,3,True,False,f5914dfb9f4cc36109a1c231938d0863c485540d7d58b79bed61050dcb1e083e,d714677a44d27aec51292ca83b9b3ba9c1835b7ac786bbd295a407ecfa03d47f,,selected_process_variability
azimint_hist,numba,object-mode-parallel,same_process,observed,0.8807986723259091,azimint_hist,historical_main,,,,6,3,False,False,f5914dfb9f4cc36109a1c231938d0863c485540d7d58b79bed61050dcb1e083e,d714677a44d27aec51292ca83b9b3ba9c1835b7ac786bbd295a407ecfa03d47f,,
azimint_hist,numba,object-mode-parallel-range,same_process,N/A,,,,,,,,,False,,,,,
azimint_hist,dace_cpu,fusion,same_process,observed,206.08818334992975,azimint_hist,historical_main,,,,6,3,False,False,f5914dfb9f4cc36109a1c231938d0863c485540d7d58b79bed61050dcb1e083e,d714677a44d27aec51292ca83b9b3ba9c1835b7ac786bbd295a407ecfa03d47f,,
azimint_hist,dace_cpu,parallel,same_process,observed,207.69774318509735,azimint_hist,historical_main,,,,6,3,False,False,f5914dfb9f4cc36109a1c231938d0863c485540d7d58b79bed61050dcb1e083e,d714677a44d27aec51292ca83b9b3ba9c1835b7ac786bbd295a407ecfa03d47f,,
azimint_hist,dace_cpu,auto_opt,same_process,observed,205.1634535123594,azimint_hist,historical_main,,,,6,3,False,False,f5914dfb9f4cc36109a1c231938d0863c485540d7d58b79bed61050dcb1e083e,d714677a44d27aec51292ca83b9b3ba9c1835b7ac786bbd295a407ecfa03d47f,,
azimint_hist,dace_gpu,fusion,same_process,observed,0.1294139523524791,azimint_hist,historical_main,,,,6,3,True,False,f5914dfb9f4cc36109a1c231938d0863c485540d7d58b79bed61050dcb1e083e,d714677a44d27aec51292ca83b9b3ba9c1835b7ac786bbd295a407ecfa03d47f,,selected_process_variability
azimint_hist,dace_gpu,parallel,same_process,observed,0.11311910441145301,azimint_hist,historical_main,,,,6,3,True,False,f5914dfb9f4cc36109a1c231938d0863c485540d7d58b79bed61050dcb1e083e,d714677a44d27aec51292ca83b9b3ba9c1835b7ac786bbd295a407ecfa03d47f,,selected_process_variability
azimint_hist,dace_gpu,auto_opt,same_process,observed,0.10413758712820709,azimint_hist,historical_main,,,,6,3,False,False,f5914dfb9f4cc36109a1c231938d0863c485540d7d58b79bed61050dcb1e083e,d714677a44d27aec51292ca83b9b3ba9c1835b7ac786bbd295a407ecfa03d47f,,
azimint_hist,cupy,default,same_process,observed,0.0896183461882174,azimint_hist,historical_main,,,,6,3,False,False,f5914dfb9f4cc36109a1c231938d0863c485540d7d58b79bed61050dcb1e083e,d714677a44d27aec51292ca83b9b3ba9c1835b7ac786bbd295a407ecfa03d47f,,
azimint_naive,numpy,default,same_process,observed,50.88145265937783,azimint_naive,historical_main,,,,6,3,False,False,7ce93eb427426de57f9dd024b84b3ccd522ed34eea578a05eb7d30f002985156,10e5a4ce8b6fe96db84b8d28fc35df47e5ddd295dfddf44939fc8ac5c8795b6d,,
azimint_naive,numba,nopython-mode,same_process,observed,69.13778434507549,azimint_naive,historical_main,,,,6,3,False,False,7ce93eb427426de57f9dd024b84b3ccd522ed34eea578a05eb7d30f002985156,10e5a4ce8b6fe96db84b8d28fc35df47e5ddd295dfddf44939fc8ac5c8795b6d,,
azimint_naive,numba,nopython-mode-parallel,same_process,observed,50.11639688606374,azimint_naive,historical_main,,,,6,3,False,False,7ce93eb427426de57f9dd024b84b3ccd522ed34eea578a05eb7d30f002985156,10e5a4ce8b6fe96db84b8d28fc35df47e5ddd295dfddf44939fc8ac5c8795b6d,,
azimint_naive,numba,nopython-mode-parallel-range,same_process,observed,4.9999262457713485,azimint_naive,historical_main,,,,6,3,True,False,7ce93eb427426de57f9dd024b84b3ccd522ed34eea578a05eb7d30f002985156,10e5a4ce8b6fe96db84b8d28fc35df47e5ddd295dfddf44939fc8ac5c8795b6d,,new_variability;selected_process_variability
azimint_naive,numba,object-mode,same_process,N/A,,,,,,,,,False,,,,,
azimint_naive,numba,object-mode-parallel,same_process,N/A,,,,,,,,,False,,,,,
azimint_naive,numba,object-mode-parallel-range,same_process,N/A,,,,,,,,,False,,,,,
azimint_naive,dace_cpu,fusion,same_process,observed,77.00971734710038,azimint_naive,historical_main,,,,6,3,False,False,7ce93eb427426de57f9dd024b84b3ccd522ed34eea578a05eb7d30f002985156,10e5a4ce8b6fe96db84b8d28fc35df47e5ddd295dfddf44939fc8ac5c8795b6d,,
azimint_naive,dace_cpu,parallel,same_process,observed,62.27395945042372,azimint_naive,historical_main,,,,6,3,False,False,7ce93eb427426de57f9dd024b84b3ccd522ed34eea578a05eb7d30f002985156,10e5a4ce8b6fe96db84b8d28fc35df47e5ddd295dfddf44939fc8ac5c8795b6d,,
azimint_naive,dace_cpu,auto_opt,same_process,observed,58.98443955439143,azimint_naive,historical_main,,,,6,3,False,False,7ce93eb427426de57f9dd024b84b3ccd522ed34eea578a05eb7d30f002985156,10e5a4ce8b6fe96db84b8d28fc35df47e5ddd295dfddf44939fc8ac5c8795b6d,,
azimint_naive,dace_gpu,fusion,same_process,observed,1.9366249847225845,azimint_naive,historical_main,,,,6,3,False,False,7ce93eb427426de57f9dd024b84b3ccd522ed34eea578a05eb7d30f002985156,10e5a4ce8b6fe96db84b8d28fc35df47e5ddd295dfddf44939fc8ac5c8795b6d,,
azimint_naive,dace_gpu,parallel,same_process,error,,azimint_naive,historical_main,,,,0,0,False,False,7ce93eb427426de57f9dd024b84b3ccd522ed34eea578a05eb7d30f002985156,10e5a4ce8b6fe96db84b8d28fc35df47e5ddd295dfddf44939fc8ac5c8795b6d,,
azimint_naive,dace_gpu,auto_opt,same_process,error,,azimint_naive,historical_main,,,,0,0,False,False,7ce93eb427426de57f9dd024b84b3ccd522ed34eea578a05eb7d30f002985156,10e5a4ce8b6fe96db84b8d28fc35df47e5ddd295dfddf44939fc8ac5c8795b6d,,
azimint_naive,cupy,default,same_process,observed,1.5592211834155023,azimint_naive,historical_main,,,,6,3,False,False,7ce93eb427426de57f9dd024b84b3ccd522ed34eea578a05eb7d30f002985156,10e5a4ce8b6fe96db84b8d28fc35df47e5ddd295dfddf44939fc8ac5c8795b6d,,
bicg,numpy,default,same_process,observed,0.15520893991924822,bicg,historical_main,,,,6,3,False,False,16d618b4e97f8f1b6191fe3f76123e77b6b198e5982ffa6fbd2528fa69701078,77e9adb788612e39af05a751b80c16198c5c53c1997f2c21ca5d1cefa59811c3,,
bicg,numba,nopython-mode,same_process,observed,0.1617144886404276,bicg,historical_main,,,,6,3,True,False,16d618b4e97f8f1b6191fe3f76123e77b6b198e5982ffa6fbd2528fa69701078,77e9adb788612e39af05a751b80c16198c5c53c1997f2c21ca5d1cefa59811c3,,new_sampling_or_resources
bicg,numba,nopython-mode-parallel,same_process,observed,0.1638614444527775,bicg,historical_main,,,,6,3,True,False,16d618b4e97f8f1b6191fe3f76123e77b6b198e5982ffa6fbd2528fa69701078,77e9adb788612e39af05a751b80c16198c5c53c1997f2c21ca5d1cefa59811c3,,new_sampling_or_resources
bicg,numba,nopython-mode-parallel-range,same_process,N/A,,,,,,,,,False,,,,,
bicg,numba,object-mode,same_process,N/A,,,,,,,,,False,,,,,
bicg,numba,object-mode-parallel,same_process,N/A,,,,,,,,,False,,,,,
bicg,numba,object-mode-parallel-range,same_process,N/A,,,,,,,,,False,,,,,
bicg,dace_cpu,fusion,same_process,observed,0.16082521807402372,bicg,historical_main,,,,6,3,False,False,16d618b4e97f8f1b6191fe3f76123e77b6b198e5982ffa6fbd2528fa69701078,77e9adb788612e39af05a751b80c16198c5c53c1997f2c21ca5d1cefa59811c3,,
bicg,dace_cpu,parallel,same_process,observed,0.16303626215085387,bicg,historical_main,,,,6,3,False,False,16d618b4e97f8f1b6191fe3f76123e77b6b198e5982ffa6fbd2528fa69701078,77e9adb788612e39af05a751b80c16198c5c53c1997f2c21ca5d1cefa59811c3,,
bicg,dace_cpu,auto_opt,same_process,observed,0.15883183339610696,bicg,historical_main,,,,6,3,False,False,16d618b4e97f8f1b6191fe3f76123e77b6b198e5982ffa6fbd2528fa69701078,77e9adb788612e39af05a751b80c16198c5c53c1997f2c21ca5d1cefa59811c3,,
bicg,dace_gpu,fusion,same_process,observed,0.6829204261302948,bicg,historical_main,,,,6,3,True,False,16d618b4e97f8f1b6191fe3f76123e77b6b198e5982ffa6fbd2528fa69701078,77e9adb788612e39af05a751b80c16198c5c53c1997f2c21ca5d1cefa59811c3,,selected_process_variability
bicg,dace_gpu,parallel,same_process,observed,0.5129600355867296,bicg,historical_main,,,,6,3,False,False,16d618b4e97f8f1b6191fe3f76123e77b6b198e5982ffa6fbd2528fa69701078,77e9adb788612e39af05a751b80c16198c5c53c1997f2c21ca5d1cefa59811c3,,
bicg,dace_gpu,auto_opt,same_process,observed,0.7175189480185509,bicg,historical_main,,,,6,3,True,False,16d618b4e97f8f1b6191fe3f76123e77b6b198e5982ffa6fbd2528fa69701078,77e9adb788612e39af05a751b80c16198c5c53c1997f2c21ca5d1cefa59811c3,,selected_process_variability
bicg,cupy,default,same_process,observed,0.5371737889945507,bicg,historical_main,,,,6,3,False,False,16d618b4e97f8f1b6191fe3f76123e77b6b198e5982ffa6fbd2528fa69701078,77e9adb788612e39af05a751b80c16198c5c53c1997f2c21ca5d1cefa59811c3,,
cavity_flow,numpy,default,same_process,observed,0.8037164411507547,cavity_flow,historical_main,,,,6,3,True,False,210af7f0234bb993fa8cb9e063c162a3f185d3fc74aad9308835699b7e5a18da,33c1dcf4ea4c8afb398c3db57686f19a59239f440846cca31b92bee224e3c662,,selected_process_variability
cavity_flow,numba,nopython-mode,same_process,observed,0.9125166046433151,cavity_flow,historical_main,,,,6,3,True,False,210af7f0234bb993fa8cb9e063c162a3f185d3fc74aad9308835699b7e5a18da,33c1dcf4ea4c8afb398c3db57686f19a59239f440846cca31b92bee224e3c662,,new_variability
cavity_flow,numba,nopython-mode-parallel,same_process,error,,cavity_flow,historical_main,,,,0,0,False,False,210af7f0234bb993fa8cb9e063c162a3f185d3fc74aad9308835699b7e5a18da,33c1dcf4ea4c8afb398c3db57686f19a59239f440846cca31b92bee224e3c662,,
cavity_flow,numba,nopython-mode-parallel-range,same_process,N/A,,,,,,,,,False,,,,,
cavity_flow,numba,object-mode,same_process,N/A,,,,,,,,,False,,,,,
cavity_flow,numba,object-mode-parallel,same_process,N/A,,,,,,,,,False,,,,,
cavity_flow,numba,object-mode-parallel-range,same_process,N/A,,,,,,,,,False,,,,,
cavity_flow,dace_cpu,fusion,same_process,observed,1.487795248394832,cavity_flow,historical_main,,,,6,3,True,False,210af7f0234bb993fa8cb9e063c162a3f185d3fc74aad9308835699b7e5a18da,33c1dcf4ea4c8afb398c3db57686f19a59239f440846cca31b92bee224e3c662,,selected_process_variability
cavity_flow,dace_cpu,parallel,same_process,observed,1.6304478840902448,cavity_flow,historical_main,,,,6,3,True,False,210af7f0234bb993fa8cb9e063c162a3f185d3fc74aad9308835699b7e5a18da,33c1dcf4ea4c8afb398c3db57686f19a59239f440846cca31b92bee224e3c662,,selected_process_variability
cavity_flow,dace_cpu,auto_opt,same_process,observed,1.3505476645659655,cavity_flow,historical_main,,,,6,3,True,False,210af7f0234bb993fa8cb9e063c162a3f185d3fc74aad9308835699b7e5a18da,33c1dcf4ea4c8afb398c3db57686f19a59239f440846cca31b92bee224e3c662,,selected_process_variability
cavity_flow,dace_gpu,fusion,same_process,observed,0.0935156533960253,cavity_flow,historical_main,,,,6,3,False,False,210af7f0234bb993fa8cb9e063c162a3f185d3fc74aad9308835699b7e5a18da,33c1dcf4ea4c8afb398c3db57686f19a59239f440846cca31b92bee224e3c662,,
cavity_flow,dace_gpu,parallel,same_process,observed,0.09893592400476336,cavity_flow,historical_main,,,,6,3,False,False,210af7f0234bb993fa8cb9e063c162a3f185d3fc74aad9308835699b7e5a18da,33c1dcf4ea4c8afb398c3db57686f19a59239f440846cca31b92bee224e3c662,,
cavity_flow,dace_gpu,auto_opt,same_process,observed,0.09496762650087476,cavity_flow,historical_main,,,,6,3,False,False,210af7f0234bb993fa8cb9e063c162a3f185d3fc74aad9308835699b7e5a18da,33c1dcf4ea4c8afb398c3db57686f19a59239f440846cca31b92bee224e3c662,,
cavity_flow,cupy,default,same_process,observed,1.1785930234473199,cavity_flow,historical_main,,,,6,3,False,False,210af7f0234bb993fa8cb9e063c162a3f185d3fc74aad9308835699b7e5a18da,33c1dcf4ea4c8afb398c3db57686f19a59239f440846cca31b92bee224e3c662,,
channel_flow,numpy,default,same_process,observed,6.160018040100113,channel_flow,historical_main,,,,6,3,False,False,a5826f86fe64a72734a89619a6e971effc8ed8ebe00f99337006d700704bed0f,131f13ee629eff4bbfc04696d2acdcf8be8c111de0037039e4ac5c934e15a280,,
channel_flow,numba,nopython-mode,same_process,observed,5.101512953173369,channel_flow,historical_main,,,,6,3,True,False,a5826f86fe64a72734a89619a6e971effc8ed8ebe00f99337006d700704bed0f,131f13ee629eff4bbfc04696d2acdcf8be8c111de0037039e4ac5c934e15a280,,new_variability
channel_flow,numba,nopython-mode-parallel,same_process,observed,39.62363031692803,channel_flow,historical_main,,,,6,3,True,False,a5826f86fe64a72734a89619a6e971effc8ed8ebe00f99337006d700704bed0f,131f13ee629eff4bbfc04696d2acdcf8be8c111de0037039e4ac5c934e15a280,,selected_process_variability
channel_flow,numba,nopython-mode-parallel-range,same_process,N/A,,,,,,,,,False,,,,,
channel_flow,numba,object-mode,same_process,N/A,,,,,,,,,False,,,,,
channel_flow,numba,object-mode-parallel,same_process,N/A,,,,,,,,,False,,,,,
channel_flow,numba,object-mode-parallel-range,same_process,N/A,,,,,,,,,False,,,,,
channel_flow,dace_cpu,fusion,same_process,observed,67.9188453310635,channel_flow,historical_main,,,,6,3,True,False,a5826f86fe64a72734a89619a6e971effc8ed8ebe00f99337006d700704bed0f,131f13ee629eff4bbfc04696d2acdcf8be8c111de0037039e4ac5c934e15a280,,selected_process_variability
channel_flow,dace_cpu,parallel,same_process,observed,92.7350221965462,channel_flow,historical_main,,,,6,3,True,False,a5826f86fe64a72734a89619a6e971effc8ed8ebe00f99337006d700704bed0f,131f13ee629eff4bbfc04696d2acdcf8be8c111de0037039e4ac5c934e15a280,,selected_process_variability
channel_flow,dace_cpu,auto_opt,same_process,observed,69.32119531696662,channel_flow,historical_main,,,,6,3,False,False,a5826f86fe64a72734a89619a6e971effc8ed8ebe00f99337006d700704bed0f,131f13ee629eff4bbfc04696d2acdcf8be8c111de0037039e4ac5c934e15a280,,
channel_flow,dace_gpu,fusion,same_process,observed,1.0023384348023683,channel_flow,historical_main,,,,6,3,True,False,a5826f86fe64a72734a89619a6e971effc8ed8ebe00f99337006d700704bed0f,131f13ee629eff4bbfc04696d2acdcf8be8c111de0037039e4ac5c934e15a280,,selected_process_variability
channel_flow,dace_gpu,parallel,same_process,observed,0.9665189718361944,channel_flow,historical_main,,,,6,3,True,False,a5826f86fe64a72734a89619a6e971effc8ed8ebe00f99337006d700704bed0f,131f13ee629eff4bbfc04696d2acdcf8be8c111de0037039e4ac5c934e15a280,,selected_process_variability
channel_flow,dace_gpu,auto_opt,same_process,observed,0.9550046629738063,channel_flow,historical_main,,,,6,3,False,False,a5826f86fe64a72734a89619a6e971effc8ed8ebe00f99337006d700704bed0f,131f13ee629eff4bbfc04696d2acdcf8be8c111de0037039e4ac5c934e15a280,,
channel_flow,cupy,default,same_process,observed,14.761373931309208,channel_flow,historical_main,,,,6,3,False,False,a5826f86fe64a72734a89619a6e971effc8ed8ebe00f99337006d700704bed0f,131f13ee629eff4bbfc04696d2acdcf8be8c111de0037039e4ac5c934e15a280,,
cholesky,numpy,default,same_process,observed,1.058578894007951,cholesky,historical_main,,,,6,3,True,False,56dfb1eba239c26e0b2a9d37a7e4204bca4b6420c1c6db5a29f0fa62a44c6bf8,4fbe26b28e30a4b50af30a63a5f1d483d8c2556910e84aba0ab6422938ce8d60,,selected_process_variability
cholesky,numba,nopython-mode,same_process,observed,0.05008461605757475,cholesky,historical_main,,,,6,3,True,False,56dfb1eba239c26e0b2a9d37a7e4204bca4b6420c1c6db5a29f0fa62a44c6bf8,4fbe26b28e30a4b50af30a63a5f1d483d8c2556910e84aba0ab6422938ce8d60,,selected_process_variability
cholesky,numba,nopython-mode-parallel,same_process,observed,31.253249505069107,cholesky,historical_main,,,,6,3,True,False,56dfb1eba239c26e0b2a9d37a7e4204bca4b6420c1c6db5a29f0fa62a44c6bf8,4fbe26b28e30a4b50af30a63a5f1d483d8c2556910e84aba0ab6422938ce8d60,,selected_process_variability
cholesky,numba,nopython-mode-parallel-range,same_process,N/A,,,,,,,,,False,,,,,
cholesky,numba,object-mode,same_process,N/A,,,,,,,,,False,,,,,
cholesky,numba,object-mode-parallel,same_process,N/A,,,,,,,,,False,,,,,
cholesky,numba,object-mode-parallel-range,same_process,N/A,,,,,,,,,False,,,,,
cholesky,dace_cpu,fusion,same_process,observed,0.04706500587053597,cholesky,historical_main,,,,6,3,False,False,56dfb1eba239c26e0b2a9d37a7e4204bca4b6420c1c6db5a29f0fa62a44c6bf8,4fbe26b28e30a4b50af30a63a5f1d483d8c2556910e84aba0ab6422938ce8d60,,
cholesky,dace_cpu,parallel,same_process,observed,0.03599056578241289,cholesky,historical_main,,,,6,3,True,False,56dfb1eba239c26e0b2a9d37a7e4204bca4b6420c1c6db5a29f0fa62a44c6bf8,4fbe26b28e30a4b50af30a63a5f1d483d8c2556910e84aba0ab6422938ce8d60,,new_variability;selected_process_variability
cholesky,dace_cpu,auto_opt,same_process,observed,0.03702618204988539,cholesky,historical_main,,,,6,3,True,False,56dfb1eba239c26e0b2a9d37a7e4204bca4b6420c1c6db5a29f0fa62a44c6bf8,4fbe26b28e30a4b50af30a63a5f1d483d8c2556910e84aba0ab6422938ce8d60,,selected_process_variability
cholesky,dace_gpu,fusion,same_process,observed,9.332791646011174,cholesky,historical_main,,,,6,3,False,False,56dfb1eba239c26e0b2a9d37a7e4204bca4b6420c1c6db5a29f0fa62a44c6bf8,4fbe26b28e30a4b50af30a63a5f1d483d8c2556910e84aba0ab6422938ce8d60,,
cholesky,dace_gpu,parallel,same_process,observed,9.788779673399404,cholesky,historical_main,,,,6,3,False,False,56dfb1eba239c26e0b2a9d37a7e4204bca4b6420c1c6db5a29f0fa62a44c6bf8,4fbe26b28e30a4b50af30a63a5f1d483d8c2556910e84aba0ab6422938ce8d60,,
cholesky,dace_gpu,auto_opt,same_process,observed,5.8121407851576805,cholesky,historical_main,,,,6,3,False,False,56dfb1eba239c26e0b2a9d37a7e4204bca4b6420c1c6db5a29f0fa62a44c6bf8,4fbe26b28e30a4b50af30a63a5f1d483d8c2556910e84aba0ab6422938ce8d60,,
cholesky,cupy,default,same_process,observed,34.01391176995821,cholesky,historical_main,,,,6,3,False,False,56dfb1eba239c26e0b2a9d37a7e4204bca4b6420c1c6db5a29f0fa62a44c6bf8,4fbe26b28e30a4b50af30a63a5f1d483d8c2556910e84aba0ab6422938ce8d60,,
cholesky2,numpy,default,same_process,observed,1.5806561016943306,cholesky2,historical_main,,,,6,3,False,False,d99d5b0becbfb22bf45157e320f447a583444c901fafb55b0e5b1a90147a5923,b9394a55df0718e0c2862384f101bc746b522dc7acfbed649b0716c8d79c2363,,
cholesky2,numba,nopython-mode,same_process,observed,3.069501759018749,cholesky2,historical_main,,,,6,3,True,False,d99d5b0becbfb22bf45157e320f447a583444c901fafb55b0e5b1a90147a5923,b9394a55df0718e0c2862384f101bc746b522dc7acfbed649b0716c8d79c2363,,selected_process_variability
cholesky2,numba,nopython-mode-parallel,same_process,observed,3.082715938333422,cholesky2,historical_main,,,,6,3,False,False,d99d5b0becbfb22bf45157e320f447a583444c901fafb55b0e5b1a90147a5923,b9394a55df0718e0c2862384f101bc746b522dc7acfbed649b0716c8d79c2363,,
cholesky2,numba,nopython-mode-parallel-range,same_process,N/A,,,,,,,,,False,,,,,
cholesky2,numba,object-mode,same_process,N/A,,,,,,,,,False,,,,,
cholesky2,numba,object-mode-parallel,same_process,N/A,,,,,,,,,False,,,,,
cholesky2,numba,object-mode-parallel-range,same_process,N/A,,,,,,,,,False,,,,,
cholesky2,dace_cpu,fusion,same_process,observed,1.5832325329538435,cholesky2,historical_main,,,,6,3,False,False,d99d5b0becbfb22bf45157e320f447a583444c901fafb55b0e5b1a90147a5923,b9394a55df0718e0c2862384f101bc746b522dc7acfbed649b0716c8d79c2363,,
cholesky2,dace_cpu,parallel,same_process,observed,1.7494011404924095,cholesky2,historical_main,,,,6,3,False,False,d99d5b0becbfb22bf45157e320f447a583444c901fafb55b0e5b1a90147a5923,b9394a55df0718e0c2862384f101bc746b522dc7acfbed649b0716c8d79c2363,,
cholesky2,dace_cpu,auto_opt,same_process,observed,1.1732408641837537,cholesky2,historical_main,,,,6,3,False,False,d99d5b0becbfb22bf45157e320f447a583444c901fafb55b0e5b1a90147a5923,b9394a55df0718e0c2862384f101bc746b522dc7acfbed649b0716c8d79c2363,,
cholesky2,dace_gpu,fusion,same_process,observed,0.2374129386153072,cholesky2,historical_main,,,,6,3,False,False,d99d5b0becbfb22bf45157e320f447a583444c901fafb55b0e5b1a90147a5923,b9394a55df0718e0c2862384f101bc746b522dc7acfbed649b0716c8d79c2363,,
cholesky2,dace_gpu,parallel,same_process,observed,0.25219702371396124,cholesky2,historical_main,,,,6,3,False,False,d99d5b0becbfb22bf45157e320f447a583444c901fafb55b0e5b1a90147a5923,b9394a55df0718e0c2862384f101bc746b522dc7acfbed649b0716c8d79c2363,,
cholesky2,dace_gpu,auto_opt,same_process,observed,0.2616209664847702,cholesky2,historical_main,,,,6,3,True,False,d99d5b0becbfb22bf45157e320f447a583444c901fafb55b0e5b1a90147a5923,b9394a55df0718e0c2862384f101bc746b522dc7acfbed649b0716c8d79c2363,,selected_process_variability
cholesky2,cupy,default,same_process,observed,0.2552615695167333,cholesky2,historical_main,,,,6,3,False,False,d99d5b0becbfb22bf45157e320f447a583444c901fafb55b0e5b1a90147a5923,b9394a55df0718e0c2862384f101bc746b522dc7acfbed649b0716c8d79c2363,,
compute,numpy,default,same_process,observed,1.1551719848066568,compute,historical_main,,,,6,3,False,False,edf335f51b0a6a5a63d4d1e8c77cdda9a31939cdf30081571adf738ae28f7732,c95ef8e4674e9795c2c4376c3b88240655d27d77a534d2db1cf991c275146691,,
compute,numba,nopython-mode,same_process,observed,1.3100029181223363,compute,historical_main,,,,6,3,False,False,edf335f51b0a6a5a63d4d1e8c77cdda9a31939cdf30081571adf738ae28f7732,c95ef8e4674e9795c2c4376c3b88240655d27d77a534d2db1cf991c275146691,,
compute,numba,nopython-mode-parallel,same_process,observed,0.10984547948464751,compute,historical_main,,,,6,3,True,False,edf335f51b0a6a5a63d4d1e8c77cdda9a31939cdf30081571adf738ae28f7732,c95ef8e4674e9795c2c4376c3b88240655d27d77a534d2db1cf991c275146691,,new_sampling_or_resources
compute,numba,nopython-mode-parallel-range,same_process,N/A,,,,,,,,,False,,,,,
compute,numba,object-mode,same_process,observed,5.540590897668153,compute,historical_main,,,,6,3,True,False,edf335f51b0a6a5a63d4d1e8c77cdda9a31939cdf30081571adf738ae28f7732,c95ef8e4674e9795c2c4376c3b88240655d27d77a534d2db1cf991c275146691,,selected_process_variability
compute,numba,object-mode-parallel,same_process,observed,1.5780437095090747,compute,historical_main,,,,6,3,True,False,edf335f51b0a6a5a63d4d1e8c77cdda9a31939cdf30081571adf738ae28f7732,c95ef8e4674e9795c2c4376c3b88240655d27d77a534d2db1cf991c275146691,,selected_process_variability
compute,numba,object-mode-parallel-range,same_process,N/A,,,,,,,,,False,,,,,
compute,dace_cpu,fusion,same_process,observed,0.09666985715739429,compute,historical_main,,,,6,3,False,False,edf335f51b0a6a5a63d4d1e8c77cdda9a31939cdf30081571adf738ae28f7732,c95ef8e4674e9795c2c4376c3b88240655d27d77a534d2db1cf991c275146691,,
compute,dace_cpu,parallel,same_process,observed,0.10578517452813685,compute,historical_main,,,,6,3,False,False,edf335f51b0a6a5a63d4d1e8c77cdda9a31939cdf30081571adf738ae28f7732,c95ef8e4674e9795c2c4376c3b88240655d27d77a534d2db1cf991c275146691,,
compute,dace_cpu,auto_opt,same_process,observed,0.10993086383678019,compute,historical_main,,,,6,3,True,False,edf335f51b0a6a5a63d4d1e8c77cdda9a31939cdf30081571adf738ae28f7732,c95ef8e4674e9795c2c4376c3b88240655d27d77a534d2db1cf991c275146691,,selected_process_variability
compute,dace_gpu,fusion,same_process,observed,1.0625894288532436,compute,historical_main,,,,6,3,True,False,edf335f51b0a6a5a63d4d1e8c77cdda9a31939cdf30081571adf738ae28f7732,c95ef8e4674e9795c2c4376c3b88240655d27d77a534d2db1cf991c275146691,,selected_process_variability
compute,dace_gpu,parallel,same_process,observed,0.9263504270929843,compute,historical_main,,,,6,3,False,False,edf335f51b0a6a5a63d4d1e8c77cdda9a31939cdf30081571adf738ae28f7732,c95ef8e4674e9795c2c4376c3b88240655d27d77a534d2db1cf991c275146691,,
compute,dace_gpu,auto_opt,same_process,observed,0.9355083941482008,compute,historical_main,,,,6,3,True,False,edf335f51b0a6a5a63d4d1e8c77cdda9a31939cdf30081571adf738ae28f7732,c95ef8e4674e9795c2c4376c3b88240655d27d77a534d2db1cf991c275146691,,selected_process_variability
compute,cupy,default,same_process,observed,0.9726193840615451,compute,historical_main,,,,6,3,True,False,edf335f51b0a6a5a63d4d1e8c77cdda9a31939cdf30081571adf738ae28f7732,c95ef8e4674e9795c2c4376c3b88240655d27d77a534d2db1cf991c275146691,,selected_process_variability
contour_integral,numpy,default,same_process,observed,1.931109658908099,contour_integral,historical_main,,,,6,3,False,False,b7bd5d51e17faaa7d7b471e2377876f282bd7deed775cb160db56f12df313057,96e60b8e822b16860d5bd015f984ac2828ce239aab0d0628d36a60c7c4be7697,,
contour_integral,numba,nopython-mode,same_process,observed,1.5844547713641077,contour_integral,step4/confirmation-L,,,,6,3,False,False,b7bd5d51e17faaa7d7b471e2377876f282bd7deed775cb160db56f12df313057,96e60b8e822b16860d5bd015f984ac2828ce239aab0d0628d36a60c7c4be7697,,
contour_integral,numba,nopython-mode-parallel,same_process,observed,5.2994347487110645,contour_integral,historical_main,,,,6,3,False,False,b7bd5d51e17faaa7d7b471e2377876f282bd7deed775cb160db56f12df313057,96e60b8e822b16860d5bd015f984ac2828ce239aab0d0628d36a60c7c4be7697,,
contour_integral,numba,nopython-mode-parallel-range,same_process,observed,2.5672220014967024,contour_integral,historical_main,,,,6,3,True,False,b7bd5d51e17faaa7d7b471e2377876f282bd7deed775cb160db56f12df313057,96e60b8e822b16860d5bd015f984ac2828ce239aab0d0628d36a60c7c4be7697,,selected_process_variability
contour_integral,numba,object-mode,same_process,N/A,,,,,,,,,False,,,,,
contour_integral,numba,object-mode-parallel,same_process,N/A,,,,,,,,,False,,,,,
contour_integral,numba,object-mode-parallel-range,same_process,N/A,,,,,,,,,False,,,,,
contour_integral,dace_cpu,fusion,same_process,observed,5.489873724523932,contour_integral,historical_main,,,,6,3,False,False,b7bd5d51e17faaa7d7b471e2377876f282bd7deed775cb160db56f12df313057,96e60b8e822b16860d5bd015f984ac2828ce239aab0d0628d36a60c7c4be7697,,
contour_integral,dace_cpu,parallel,same_process,observed,5.624615268083289,contour_integral,historical_main,,,,6,3,False,False,b7bd5d51e17faaa7d7b471e2377876f282bd7deed775cb160db56f12df313057,96e60b8e822b16860d5bd015f984ac2828ce239aab0d0628d36a60c7c4be7697,,
contour_integral,dace_cpu,auto_opt,same_process,observed,5.329034561524168,contour_integral,historical_main,,,,6,3,False,False,b7bd5d51e17faaa7d7b471e2377876f282bd7deed775cb160db56f12df313057,96e60b8e822b16860d5bd015f984ac2828ce239aab0d0628d36a60c7c4be7697,,
contour_integral,dace_gpu,fusion,same_process,validation,,contour_integral,historical_main,,,,0,0,False,False,b7bd5d51e17faaa7d7b471e2377876f282bd7deed775cb160db56f12df313057,96e60b8e822b16860d5bd015f984ac2828ce239aab0d0628d36a60c7c4be7697,,
contour_integral,dace_gpu,parallel,same_process,validation,,contour_integral,historical_main,,,,0,0,False,False,b7bd5d51e17faaa7d7b471e2377876f282bd7deed775cb160db56f12df313057,96e60b8e822b16860d5bd015f984ac2828ce239aab0d0628d36a60c7c4be7697,,
contour_integral,dace_gpu,auto_opt,same_process,validation,,contour_integral,historical_main,,,,0,0,False,False,b7bd5d51e17faaa7d7b471e2377876f282bd7deed775cb160db56f12df313057,96e60b8e822b16860d5bd015f984ac2828ce239aab0d0628d36a60c7c4be7697,,
contour_integral,cupy,default,same_process,observed,0.14394093584269285,contour_integral,historical_main,,,,6,3,False,False,b7bd5d51e17faaa7d7b471e2377876f282bd7deed775cb160db56f12df313057,96e60b8e822b16860d5bd015f984ac2828ce239aab0d0628d36a60c7c4be7697,,
conv2d_bias,numpy,default,same_process,observed,1.5503567855339497,conv2d_bias,historical_main,,,,6,3,False,False,c47a0f873d63acc5fa1d36e1061d8e90bf59c5186703fc221aaf46384c6dbae8,3652f4ad2c784bef2f715b7aa13d7e3a9d461dbdbed77498119dc3c0f00cc660,,
conv2d_bias,numba,nopython-mode,same_process,observed,1.3890525214374065,conv2d_bias,historical_main,,,,6,3,False,False,c47a0f873d63acc5fa1d36e1061d8e90bf59c5186703fc221aaf46384c6dbae8,3652f4ad2c784bef2f715b7aa13d7e3a9d461dbdbed77498119dc3c0f00cc660,,
conv2d_bias,numba,nopython-mode-parallel,same_process,observed,5.3943648361600935,conv2d_bias,historical_main,,,,6,3,True,False,c47a0f873d63acc5fa1d36e1061d8e90bf59c5186703fc221aaf46384c6dbae8,3652f4ad2c784bef2f715b7aa13d7e3a9d461dbdbed77498119dc3c0f00cc660,,selected_process_variability
conv2d_bias,numba,nopython-mode-parallel-range,same_process,observed,0.03500425047241151,conv2d_bias,step4/confirmation-L,,,,6,3,False,False,c47a0f873d63acc5fa1d36e1061d8e90bf59c5186703fc221aaf46384c6dbae8,3652f4ad2c784bef2f715b7aa13d7e3a9d461dbdbed77498119dc3c0f00cc660,,
conv2d_bias,numba,object-mode,same_process,error,,conv2d_bias,historical_main,,,,0,0,False,False,c47a0f873d63acc5fa1d36e1061d8e90bf59c5186703fc221aaf46384c6dbae8,3652f4ad2c784bef2f715b7aa13d7e3a9d461dbdbed77498119dc3c0f00cc660,,
conv2d_bias,numba,object-mode-parallel,same_process,error,,conv2d_bias,historical_main,,,,0,0,False,False,c47a0f873d63acc5fa1d36e1061d8e90bf59c5186703fc221aaf46384c6dbae8,3652f4ad2c784bef2f715b7aa13d7e3a9d461dbdbed77498119dc3c0f00cc660,,
conv2d_bias,numba,object-mode-parallel-range,same_process,observed,1.5721917084883898,conv2d_bias,historical_main,,,,6,3,False,False,c47a0f873d63acc5fa1d36e1061d8e90bf59c5186703fc221aaf46384c6dbae8,3652f4ad2c784bef2f715b7aa13d7e3a9d461dbdbed77498119dc3c0f00cc660,,
conv2d_bias,dace_cpu,fusion,same_process,observed,1.5552259276155382,conv2d_bias,historical_main,,,,6,3,False,False,c47a0f873d63acc5fa1d36e1061d8e90bf59c5186703fc221aaf46384c6dbae8,3652f4ad2c784bef2f715b7aa13d7e3a9d461dbdbed77498119dc3c0f00cc660,,
conv2d_bias,dace_cpu,parallel,same_process,observed,2.098586641717702,conv2d_bias,historical_main,,,,6,3,True,False,c47a0f873d63acc5fa1d36e1061d8e90bf59c5186703fc221aaf46384c6dbae8,3652f4ad2c784bef2f715b7aa13d7e3a9d461dbdbed77498119dc3c0f00cc660,,selected_process_variability
conv2d_bias,dace_cpu,auto_opt,same_process,observed,1.3739547519944608,conv2d_bias,historical_main,,,,6,3,True,False,c47a0f873d63acc5fa1d36e1061d8e90bf59c5186703fc221aaf46384c6dbae8,3652f4ad2c784bef2f715b7aa13d7e3a9d461dbdbed77498119dc3c0f00cc660,,selected_process_variability
conv2d_bias,dace_gpu,fusion,same_process,validation,,conv2d_bias,historical_main,,,,0,0,False,False,c47a0f873d63acc5fa1d36e1061d8e90bf59c5186703fc221aaf46384c6dbae8,3652f4ad2c784bef2f715b7aa13d7e3a9d461dbdbed77498119dc3c0f00cc660,,
conv2d_bias,dace_gpu,parallel,same_process,validation,,conv2d_bias,historical_main,,,,0,0,False,False,c47a0f873d63acc5fa1d36e1061d8e90bf59c5186703fc221aaf46384c6dbae8,3652f4ad2c784bef2f715b7aa13d7e3a9d461dbdbed77498119dc3c0f00cc660,,
conv2d_bias,dace_gpu,auto_opt,same_process,validation,,conv2d_bias,historical_main,,,,0,0,False,False,c47a0f873d63acc5fa1d36e1061d8e90bf59c5186703fc221aaf46384c6dbae8,3652f4ad2c784bef2f715b7aa13d7e3a9d461dbdbed77498119dc3c0f00cc660,,
conv2d_bias,cupy,default,same_process,observed,1.41621497948654,conv2d_bias,historical_main,,,,6,3,True,False,c47a0f873d63acc5fa1d36e1061d8e90bf59c5186703fc221aaf46384c6dbae8,3652f4ad2c784bef2f715b7aa13d7e3a9d461dbdbed77498119dc3c0f00cc660,,selected_process_variability
correlation,numpy,default,same_process,observed,1.1385203395038843,correlation,historical_main,,,,6,3,False,False,5bed53d94756b29d6c326b3510b9e7380e2b6d4931a68ec824535ca294b9c166,90af084039550dbfa1b2c0aafc8d4694c42209b191fd5b47f0314658efaf5513,,
correlation,numba,nopython-mode,same_process,observed,129.55802419781685,correlation,historical_main,,,,6,3,False,False,5bed53d94756b29d6c326b3510b9e7380e2b6d4931a68ec824535ca294b9c166,90af084039550dbfa1b2c0aafc8d4694c42209b191fd5b47f0314658efaf5513,,
correlation,numba,nopython-mode-parallel,same_process,error,,correlation,historical_main,,,,0,0,False,False,5bed53d94756b29d6c326b3510b9e7380e2b6d4931a68ec824535ca294b9c166,90af084039550dbfa1b2c0aafc8d4694c42209b191fd5b47f0314658efaf5513,,
correlation,numba,nopython-mode-parallel-range,same_process,error,,correlation,historical_main,,,,0,0,False,False,5bed53d94756b29d6c326b3510b9e7380e2b6d4931a68ec824535ca294b9c166,90af084039550dbfa1b2c0aafc8d4694c42209b191fd5b47f0314658efaf5513,,
correlation,numba,object-mode,same_process,observed,142.91911065601744,correlation,historical_main,,,,2,1,True,False,5bed53d94756b29d6c326b3510b9e7380e2b6d4931a68ec824535ca294b9c166,90af084039550dbfa1b2c0aafc8d4694c42209b191fd5b47f0314658efaf5513,,original_process_only
correlation,numba,object-mode-parallel,same_process,observed,264.68816314986907,correlation,historical_main,,,,2,1,True,False,5bed53d94756b29d6c326b3510b9e7380e2b6d4931a68ec824535ca294b9c166,90af084039550dbfa1b2c0aafc8d4694c42209b191fd5b47f0314658efaf5513,,original_process_only
correlation,numba,object-mode-parallel-range,same_process,observed,1.177569132996723,correlation,historical_main,,,,2,1,True,False,5bed53d94756b29d6c326b3510b9e7380e2b6d4931a68ec824535ca294b9c166,90af084039550dbfa1b2c0aafc8d4694c42209b191fd5b47f0314658efaf5513,,original_process_only
correlation,dace_cpu,fusion,same_process,observed,1.0664125273469836,correlation,historical_main,,,,6,3,False,False,5bed53d94756b29d6c326b3510b9e7380e2b6d4931a68ec824535ca294b9c166,90af084039550dbfa1b2c0aafc8d4694c42209b191fd5b47f0314658efaf5513,,
correlation,dace_cpu,parallel,same_process,observed,1.0667160591110587,correlation,historical_main,,,,6,3,False,False,5bed53d94756b29d6c326b3510b9e7380e2b6d4931a68ec824535ca294b9c166,90af084039550dbfa1b2c0aafc8d4694c42209b191fd5b47f0314658efaf5513,,
correlation,dace_cpu,auto_opt,same_process,observed,1.0424840548075736,correlation,historical_main,,,,6,3,False,False,5bed53d94756b29d6c326b3510b9e7380e2b6d4931a68ec824535ca294b9c166,90af084039550dbfa1b2c0aafc8d4694c42209b191fd5b47f0314658efaf5513,,
correlation,dace_gpu,fusion,same_process,observed,0.283395150443539,correlation,historical_main,,,,6,3,False,False,5bed53d94756b29d6c326b3510b9e7380e2b6d4931a68ec824535ca294b9c166,90af084039550dbfa1b2c0aafc8d4694c42209b191fd5b47f0314658efaf5513,,
correlation,dace_gpu,parallel,same_process,observed,0.271758780349046,correlation,historical_main,,,,6,3,False,False,5bed53d94756b29d6c326b3510b9e7380e2b6d4931a68ec824535ca294b9c166,90af084039550dbfa1b2c0aafc8d4694c42209b191fd5b47f0314658efaf5513,,
correlation,dace_gpu,auto_opt,same_process,observed,0.26664564036764205,correlation,historical_main,,,,6,3,False,False,5bed53d94756b29d6c326b3510b9e7380e2b6d4931a68ec824535ca294b9c166,90af084039550dbfa1b2c0aafc8d4694c42209b191fd5b47f0314658efaf5513,,
correlation,cupy,default,same_process,observed,0.6748116491362453,correlation_return,workload-repairs/main-L,,,,6,3,False,True,4708febb51509c27799764226558ac090461d90855debef2b30a03c03ef57f6e,a80325d29cec49a59ec855ace66ce22deb5c4598a5707696210d3afdf6a571ee,,
covariance,numpy,default,same_process,observed,1.0573648714926094,covariance,historical_main,,,,6,3,False,False,58b3a80d268ca9926b9a85556fa505122524ca4c66cc443c90a1e88c8ffec02f,af17a377caed2a970d699d0afa2fcc0382f2e0ec47bdab98c00e9bb2f70fcc48,,
covariance,numba,nopython-mode,same_process,observed,140.9942357945256,covariance,historical_main,,,,6,3,False,False,58b3a80d268ca9926b9a85556fa505122524ca4c66cc443c90a1e88c8ffec02f,af17a377caed2a970d699d0afa2fcc0382f2e0ec47bdab98c00e9bb2f70fcc48,,
covariance,numba,nopython-mode-parallel,same_process,error,,covariance,historical_main,,,,0,0,False,False,58b3a80d268ca9926b9a85556fa505122524ca4c66cc443c90a1e88c8ffec02f,af17a377caed2a970d699d0afa2fcc0382f2e0ec47bdab98c00e9bb2f70fcc48,,
covariance,numba,nopython-mode-parallel-range,same_process,error,,covariance,historical_main,,,,0,0,False,False,58b3a80d268ca9926b9a85556fa505122524ca4c66cc443c90a1e88c8ffec02f,af17a377caed2a970d699d0afa2fcc0382f2e0ec47bdab98c00e9bb2f70fcc48,,
covariance,numba,object-mode,same_process,observed,128.52520835981704,covariance,historical_main,,,,2,1,True,False,58b3a80d268ca9926b9a85556fa505122524ca4c66cc443c90a1e88c8ffec02f,af17a377caed2a970d699d0afa2fcc0382f2e0ec47bdab98c00e9bb2f70fcc48,,original_process_only
covariance,numba,object-mode-parallel,same_process,observed,264.90272490214556,covariance,historical_main,,,,2,1,True,False,58b3a80d268ca9926b9a85556fa505122524ca4c66cc443c90a1e88c8ffec02f,af17a377caed2a970d699d0afa2fcc0382f2e0ec47bdab98c00e9bb2f70fcc48,,original_process_only
covariance,numba,object-mode-parallel-range,same_process,observed,1.1021533955354244,covariance,historical_main,,,,2,1,True,False,58b3a80d268ca9926b9a85556fa505122524ca4c66cc443c90a1e88c8ffec02f,af17a377caed2a970d699d0afa2fcc0382f2e0ec47bdab98c00e9bb2f70fcc48,,original_process_only
covariance,dace_cpu,fusion,same_process,observed,67.46892202831805,covariance,historical_main,,,,6,3,False,False,58b3a80d268ca9926b9a85556fa505122524ca4c66cc443c90a1e88c8ffec02f,af17a377caed2a970d699d0afa2fcc0382f2e0ec47bdab98c00e9bb2f70fcc48,,
covariance,dace_cpu,parallel,same_process,observed,68.59450922580436,covariance,historical_main,,,,6,3,False,False,58b3a80d268ca9926b9a85556fa505122524ca4c66cc443c90a1e88c8ffec02f,af17a377caed2a970d699d0afa2fcc0382f2e0ec47bdab98c00e9bb2f70fcc48,,
covariance,dace_cpu,auto_opt,same_process,observed,66.30823536333628,covariance,historical_main,,,,6,3,False,False,58b3a80d268ca9926b9a85556fa505122524ca4c66cc443c90a1e88c8ffec02f,af17a377caed2a970d699d0afa2fcc0382f2e0ec47bdab98c00e9bb2f70fcc48,,
covariance,dace_gpu,fusion,same_process,observed,0.3092083816882223,covariance,historical_main,,,,6,3,False,False,58b3a80d268ca9926b9a85556fa505122524ca4c66cc443c90a1e88c8ffec02f,af17a377caed2a970d699d0afa2fcc0382f2e0ec47bdab98c00e9bb2f70fcc48,,
covariance,dace_gpu,parallel,same_process,observed,0.3051314549520612,covariance,historical_main,,,,6,3,False,False,58b3a80d268ca9926b9a85556fa505122524ca4c66cc443c90a1e88c8ffec02f,af17a377caed2a970d699d0afa2fcc0382f2e0ec47bdab98c00e9bb2f70fcc48,,
covariance,dace_gpu,auto_opt,same_process,observed,0.30949099035933614,covariance,historical_main,,,,6,3,False,False,58b3a80d268ca9926b9a85556fa505122524ca4c66cc443c90a1e88c8ffec02f,af17a377caed2a970d699d0afa2fcc0382f2e0ec47bdab98c00e9bb2f70fcc48,,
covariance,cupy,default,same_process,observed,0.8645136223640293,covariance,historical_main,,,,6,3,False,False,58b3a80d268ca9926b9a85556fa505122524ca4c66cc443c90a1e88c8ffec02f,af17a377caed2a970d699d0afa2fcc0382f2e0ec47bdab98c00e9bb2f70fcc48,,
covariance2,numpy,default,same_process,observed,0.21784149738959968,covariance2,historical_main,,,,6,3,False,False,b81db17e032d058c24615c34bdcb3c48ed5a23e6cf458082da80be982f4559fa,e1424bc66fff5f5bb8acd9b4f317faa2af4ea1da59094eb63d32d82413d01c9b,,
covariance2,numba,nopython-mode,same_process,observed,0.41528259706683457,covariance2,historical_main,,,,6,3,False,False,b81db17e032d058c24615c34bdcb3c48ed5a23e6cf458082da80be982f4559fa,e1424bc66fff5f5bb8acd9b4f317faa2af4ea1da59094eb63d32d82413d01c9b,,
covariance2,numba,nopython-mode-parallel,same_process,N/A,,,,,,,,,False,,,,,
covariance2,numba,nopython-mode-parallel-range,same_process,N/A,,,,,,,,,False,,,,,
covariance2,numba,object-mode,same_process,N/A,,,,,,,,,False,,,,,
covariance2,numba,object-mode-parallel,same_process,N/A,,,,,,,,,False,,,,,
covariance2,numba,object-mode-parallel-range,same_process,N/A,,,,,,,,,False,,,,,
covariance2,dace_cpu,fusion,same_process,missing,,covariance2,historical_main,,,,0,0,False,False,b81db17e032d058c24615c34bdcb3c48ed5a23e6cf458082da80be982f4559fa,e1424bc66fff5f5bb8acd9b4f317faa2af4ea1da59094eb63d32d82413d01c9b,,
covariance2,dace_cpu,parallel,same_process,missing,,covariance2,historical_main,,,,0,0,False,False,b81db17e032d058c24615c34bdcb3c48ed5a23e6cf458082da80be982f4559fa,e1424bc66fff5f5bb8acd9b4f317faa2af4ea1da59094eb63d32d82413d01c9b,,
covariance2,dace_cpu,auto_opt,same_process,missing,,covariance2,historical_main,,,,0,0,False,False,b81db17e032d058c24615c34bdcb3c48ed5a23e6cf458082da80be982f4559fa,e1424bc66fff5f5bb8acd9b4f317faa2af4ea1da59094eb63d32d82413d01c9b,,
covariance2,dace_gpu,fusion,same_process,missing,,covariance2,historical_main,,,,0,0,False,False,b81db17e032d058c24615c34bdcb3c48ed5a23e6cf458082da80be982f4559fa,e1424bc66fff5f5bb8acd9b4f317faa2af4ea1da59094eb63d32d82413d01c9b,,
covariance2,dace_gpu,parallel,same_process,missing,,covariance2,historical_main,,,,0,0,False,False,b81db17e032d058c24615c34bdcb3c48ed5a23e6cf458082da80be982f4559fa,e1424bc66fff5f5bb8acd9b4f317faa2af4ea1da59094eb63d32d82413d01c9b,,
covariance2,dace_gpu,auto_opt,same_process,missing,,covariance2,historical_main,,,,0,0,False,False,b81db17e032d058c24615c34bdcb3c48ed5a23e6cf458082da80be982f4559fa,e1424bc66fff5f5bb8acd9b4f317faa2af4ea1da59094eb63d32d82413d01c9b,,
covariance2,cupy,default,same_process,missing,,covariance2,historical_main,,,,0,0,False,False,b81db17e032d058c24615c34bdcb3c48ed5a23e6cf458082da80be982f4559fa,e1424bc66fff5f5bb8acd9b4f317faa2af4ea1da59094eb63d32d82413d01c9b,,
crc16,numpy,default,same_process,observed,0.9557864274829626,crc16,historical_main,,,,6,3,False,False,a7203e25a233dc7df7310c8693f87c1b6b61fb79f1dbf0005a64f986bb9b4471,f5e374255acb40d3b61ef049439a216956523578089519cdbac1c787454c279b,,
crc16,numba,nopython-mode,same_process,observed,0.0020530009642243385,crc16,historical_main,,,,6,3,False,False,a7203e25a233dc7df7310c8693f87c1b6b61fb79f1dbf0005a64f986bb9b4471,f5e374255acb40d3b61ef049439a216956523578089519cdbac1c787454c279b,,
crc16,numba,nopython-mode-parallel,same_process,observed,0.0016456348821520805,crc16,step4/confirmation-L,,,,6,3,False,False,a7203e25a233dc7df7310c8693f87c1b6b61fb79f1dbf0005a64f986bb9b4471,f5e374255acb40d3b61ef049439a216956523578089519cdbac1c787454c279b,,
crc16,numba,nopython-mode-parallel-range,same_process,N/A,,,,,,,,,False,,,,,
crc16,numba,object-mode,same_process,N/A,,,,,,,,,False,,,,,
crc16,numba,object-mode-parallel,same_process,N/A,,,,,,,,,False,,,,,
crc16,numba,object-mode-parallel-range,same_process,N/A,,,,,,,,,False,,,,,
crc16,dace_cpu,fusion,same_process,observed,0.0020406232215464115,crc16,historical_main,,,,6,3,True,False,a7203e25a233dc7df7310c8693f87c1b6b61fb79f1dbf0005a64f986bb9b4471,f5e374255acb40d3b61ef049439a216956523578089519cdbac1c787454c279b,,selected_process_variability
crc16,dace_cpu,parallel,same_process,observed,0.0019588349387049675,crc16,historical_main,,,,6,3,True,False,a7203e25a233dc7df7310c8693f87c1b6b61fb79f1dbf0005a64f986bb9b4471,f5e374255acb40d3b61ef049439a216956523578089519cdbac1c787454c279b,,selected_process_variability
crc16,dace_cpu,auto_opt,same_process,observed,0.007341634947806597,crc16,historical_main,,,,6,3,False,False,a7203e25a233dc7df7310c8693f87c1b6b61fb79f1dbf0005a64f986bb9b4471,f5e374255acb40d3b61ef049439a216956523578089519cdbac1c787454c279b,,
crc16,dace_gpu,fusion,same_process,observed,5.195878328988329,crc16,historical_main,,,,6,3,False,False,a7203e25a233dc7df7310c8693f87c1b6b61fb79f1dbf0005a64f986bb9b4471,f5e374255acb40d3b61ef049439a216956523578089519cdbac1c787454c279b,,
crc16,dace_gpu,parallel,same_process,observed,5.170322899939492,crc16,historical_main,,,,6,3,False,False,a7203e25a233dc7df7310c8693f87c1b6b61fb79f1dbf0005a64f986bb9b4471,f5e374255acb40d3b61ef049439a216956523578089519cdbac1c787454c279b,,
crc16,dace_gpu,auto_opt,same_process,observed,5.129670782480389,crc16,historical_main,,,,6,3,False,False,a7203e25a233dc7df7310c8693f87c1b6b61fb79f1dbf0005a64f986bb9b4471,f5e374255acb40d3b61ef049439a216956523578089519cdbac1c787454c279b,,
crc16,cupy,default,same_process,observed,102.20021218457259,crc16,historical_main,,,,6,3,False,False,a7203e25a233dc7df7310c8693f87c1b6b61fb79f1dbf0005a64f986bb9b4471,f5e374255acb40d3b61ef049439a216956523578089519cdbac1c787454c279b,,
deriche,numpy,default,same_process,observed,0.8914826686959714,deriche,historical_main,,,,6,3,False,False,ef9e5773989e084d7d1b667806f77c2b4ac4ac430dad3a2726f189d79dc3abc8,86bedd90fc265ce6365b560b64f12b89d3c2d5bf501294f5352e2a58074f9840,,
deriche,numba,nopython-mode,same_process,observed,1.0704175224527717,deriche,historical_main,,,,6,3,False,False,ef9e5773989e084d7d1b667806f77c2b4ac4ac430dad3a2726f189d79dc3abc8,86bedd90fc265ce6365b560b64f12b89d3c2d5bf501294f5352e2a58074f9840,,
deriche,numba,nopython-mode-parallel,same_process,observed,3.038944523083046,deriche,historical_main,,,,6,3,True,False,ef9e5773989e084d7d1b667806f77c2b4ac4ac430dad3a2726f189d79dc3abc8,86bedd90fc265ce6365b560b64f12b89d3c2d5bf501294f5352e2a58074f9840,,selected_process_variability
deriche,numba,nopython-mode-parallel-range,same_process,N/A,,,,,,,,,False,,,,,
deriche,numba,object-mode,same_process,N/A,,,,,,,,,False,,,,,
deriche,numba,object-mode-parallel,same_process,N/A,,,,,,,,,False,,,,,
deriche,numba,object-mode-parallel-range,same_process,N/A,,,,,,,,,False,,,,,
deriche,dace_cpu,fusion,same_process,observed,2.1948094435501844,deriche,historical_main,,,,6,3,False,False,ef9e5773989e084d7d1b667806f77c2b4ac4ac430dad3a2726f189d79dc3abc8,86bedd90fc265ce6365b560b64f12b89d3c2d5bf501294f5352e2a58074f9840,,
deriche,dace_cpu,parallel,same_process,observed,2.2293529990129173,deriche,historical_main,,,,6,3,True,False,ef9e5773989e084d7d1b667806f77c2b4ac4ac430dad3a2726f189d79dc3abc8,86bedd90fc265ce6365b560b64f12b89d3c2d5bf501294f5352e2a58074f9840,,selected_process_variability
deriche,dace_cpu,auto_opt,same_process,observed,1.5801757730077952,deriche,historical_main,,,,6,3,True,False,ef9e5773989e084d7d1b667806f77c2b4ac4ac430dad3a2726f189d79dc3abc8,86bedd90fc265ce6365b560b64f12b89d3c2d5bf501294f5352e2a58074f9840,,selected_process_variability
deriche,dace_gpu,fusion,same_process,observed,0.667675465811044,deriche,historical_main,,,,6,3,False,False,ef9e5773989e084d7d1b667806f77c2b4ac4ac430dad3a2726f189d79dc3abc8,86bedd90fc265ce6365b560b64f12b89d3c2d5bf501294f5352e2a58074f9840,,
deriche,dace_gpu,parallel,same_process,observed,0.7149740003515035,deriche,historical_main,,,,6,3,True,False,ef9e5773989e084d7d1b667806f77c2b4ac4ac430dad3a2726f189d79dc3abc8,86bedd90fc265ce6365b560b64f12b89d3c2d5bf501294f5352e2a58074f9840,,selected_process_variability
deriche,dace_gpu,auto_opt,same_process,observed,0.19579404219985008,deriche,historical_main,,,,6,3,True,False,ef9e5773989e084d7d1b667806f77c2b4ac4ac430dad3a2726f189d79dc3abc8,86bedd90fc265ce6365b560b64f12b89d3c2d5bf501294f5352e2a58074f9840,,new_variability
deriche,cupy,default,same_process,observed,2.4019219467882067,deriche,historical_main,,,,6,3,False,False,ef9e5773989e084d7d1b667806f77c2b4ac4ac430dad3a2726f189d79dc3abc8,86bedd90fc265ce6365b560b64f12b89d3c2d5bf501294f5352e2a58074f9840,,
doitgen,numpy,default,same_process,observed,1.7532269721850753,doitgen,historical_main,,,,6,3,False,False,0a710e9d831ec217703666c373d0b37a2be01b536d40ad9f598bb77b08a6f7ff,e54ec8efb6b8a7fe086a96f3c0074529002b4a5aad97bbd19161c0a49cf1bb9d,,
doitgen,numba,nopython-mode,same_process,observed,2.079097245587036,doitgen,historical_main,,,,6,3,False,False,0a710e9d831ec217703666c373d0b37a2be01b536d40ad9f598bb77b08a6f7ff,e54ec8efb6b8a7fe086a96f3c0074529002b4a5aad97bbd19161c0a49cf1bb9d,,
doitgen,numba,nopython-mode-parallel,same_process,N/A,,,,,,,,,False,,,,,
doitgen,numba,nopython-mode-parallel-range,same_process,N/A,,,,,,,,,False,,,,,
doitgen,numba,object-mode,same_process,observed,2.1650513825006783,doitgen,historical_main,,,,6,3,False,False,0a710e9d831ec217703666c373d0b37a2be01b536d40ad9f598bb77b08a6f7ff,e54ec8efb6b8a7fe086a96f3c0074529002b4a5aad97bbd19161c0a49cf1bb9d,,
doitgen,numba,object-mode-parallel,same_process,observed,1.989500498631969,doitgen,historical_main,,,,6,3,False,False,0a710e9d831ec217703666c373d0b37a2be01b536d40ad9f598bb77b08a6f7ff,e54ec8efb6b8a7fe086a96f3c0074529002b4a5aad97bbd19161c0a49cf1bb9d,,
doitgen,numba,object-mode-parallel-range,same_process,N/A,,,,,,,,,False,,,,,
doitgen,dace_cpu,fusion,same_process,observed,0.3085375044029206,doitgen,historical_main,,,,6,3,False,False,0a710e9d831ec217703666c373d0b37a2be01b536d40ad9f598bb77b08a6f7ff,e54ec8efb6b8a7fe086a96f3c0074529002b4a5aad97bbd19161c0a49cf1bb9d,,
doitgen,dace_cpu,parallel,same_process,observed,0.28031793842092156,doitgen,historical_main,,,,6,3,True,False,0a710e9d831ec217703666c373d0b37a2be01b536d40ad9f598bb77b08a6f7ff,e54ec8efb6b8a7fe086a96f3c0074529002b4a5aad97bbd19161c0a49cf1bb9d,,new_sampling_or_resources;selected_process_variability
doitgen,dace_cpu,auto_opt,same_process,observed,0.29095402592793107,doitgen,historical_main,,,,6,3,True,False,0a710e9d831ec217703666c373d0b37a2be01b536d40ad9f598bb77b08a6f7ff,e54ec8efb6b8a7fe086a96f3c0074529002b4a5aad97bbd19161c0a49cf1bb9d,,selected_process_variability
doitgen,dace_gpu,fusion,same_process,observed,0.11004126560874283,doitgen,historical_main,,,,6,3,False,False,0a710e9d831ec217703666c373d0b37a2be01b536d40ad9f598bb77b08a6f7ff,e54ec8efb6b8a7fe086a96f3c0074529002b4a5aad97bbd19161c0a49cf1bb9d,,
doitgen,dace_gpu,parallel,same_process,observed,0.10538004711270332,doitgen,historical_main,,,,6,3,False,False,0a710e9d831ec217703666c373d0b37a2be01b536d40ad9f598bb77b08a6f7ff,e54ec8efb6b8a7fe086a96f3c0074529002b4a5aad97bbd19161c0a49cf1bb9d,,
doitgen,dace_gpu,auto_opt,same_process,observed,0.11884870543144643,doitgen,historical_main,,,,6,3,True,False,0a710e9d831ec217703666c373d0b37a2be01b536d40ad9f598bb77b08a6f7ff,e54ec8efb6b8a7fe086a96f3c0074529002b4a5aad97bbd19161c0a49cf1bb9d,,selected_process_variability
doitgen,cupy,default,same_process,observed,0.1348729704041034,doitgen,historical_main,,,,6,3,False,False,0a710e9d831ec217703666c373d0b37a2be01b536d40ad9f598bb77b08a6f7ff,e54ec8efb6b8a7fe086a96f3c0074529002b4a5aad97bbd19161c0a49cf1bb9d,,
durbin,numpy,default,same_process,observed,1.8511984068900347,durbin,historical_main,,,,6,3,True,False,7437c8bf3a6ba1cbc2df811774313bdf292efa8f737e2b875afbdc1c26ff99aa,ce8fe98cca13e7ff78b2059649cf38d58a3f2af294a834c6e4698392b4e95b14,,new_variability;selected_process_variability
durbin,numba,nopython-mode,same_process,observed,1.698292258894071,durbin,historical_main,,,,6,3,True,False,7437c8bf3a6ba1cbc2df811774313bdf292efa8f737e2b875afbdc1c26ff99aa,ce8fe98cca13e7ff78b2059649cf38d58a3f2af294a834c6e4698392b4e95b14,,new_variability;selected_process_variability
durbin,numba,nopython-mode-parallel,same_process,error,,durbin,historical_main,,,,0,0,False,False,7437c8bf3a6ba1cbc2df811774313bdf292efa8f737e2b875afbdc1c26ff99aa,ce8fe98cca13e7ff78b2059649cf38d58a3f2af294a834c6e4698392b4e95b14,,
durbin,numba,nopython-mode-parallel-range,same_process,N/A,,,,,,,,,False,,,,,
durbin,numba,object-mode,same_process,N/A,,,,,,,,,False,,,,,
durbin,numba,object-mode-parallel,same_process,N/A,,,,,,,,,False,,,,,
durbin,numba,object-mode-parallel-range,same_process,N/A,,,,,,,,,False,,,,,
durbin,dace_cpu,fusion,same_process,timeout,,durbin,historical_main,,,,0,0,False,False,7437c8bf3a6ba1cbc2df811774313bdf292efa8f737e2b875afbdc1c26ff99aa,ce8fe98cca13e7ff78b2059649cf38d58a3f2af294a834c6e4698392b4e95b14,,
durbin,dace_cpu,parallel,same_process,timeout,,durbin,historical_main,,,,0,0,False,False,7437c8bf3a6ba1cbc2df811774313bdf292efa8f737e2b875afbdc1c26ff99aa,ce8fe98cca13e7ff78b2059649cf38d58a3f2af294a834c6e4698392b4e95b14,,
durbin,dace_cpu,auto_opt,same_process,timeout,,durbin,historical_main,,,,0,0,False,False,7437c8bf3a6ba1cbc2df811774313bdf292efa8f737e2b875afbdc1c26ff99aa,ce8fe98cca13e7ff78b2059649cf38d58a3f2af294a834c6e4698392b4e95b14,,
durbin,dace_gpu,fusion,same_process,observed,1.1554079020861536,durbin,historical_main,,,,6,3,False,False,7437c8bf3a6ba1cbc2df811774313bdf292efa8f737e2b875afbdc1c26ff99aa,ce8fe98cca13e7ff78b2059649cf38d58a3f2af294a834c6e4698392b4e95b14,,
durbin,dace_gpu,parallel,same_process,observed,1.304891778388992,durbin,historical_main,,,,6,3,True,False,7437c8bf3a6ba1cbc2df811774313bdf292efa8f737e2b875afbdc1c26ff99aa,ce8fe98cca13e7ff78b2059649cf38d58a3f2af294a834c6e4698392b4e95b14,,selected_process_variability
durbin,dace_gpu,auto_opt,same_process,observed,1.1743357272353023,durbin,historical_main,,,,6,3,True,False,7437c8bf3a6ba1cbc2df811774313bdf292efa8f737e2b875afbdc1c26ff99aa,ce8fe98cca13e7ff78b2059649cf38d58a3f2af294a834c6e4698392b4e95b14,,selected_process_variability
durbin,cupy,default,same_process,observed,4.089670399436727,durbin,historical_main,,,,6,3,False,False,7437c8bf3a6ba1cbc2df811774313bdf292efa8f737e2b875afbdc1c26ff99aa,ce8fe98cca13e7ff78b2059649cf38d58a3f2af294a834c6e4698392b4e95b14,,
fdtd_2d,numpy,default,same_process,observed,0.9214490347076207,fdtd_2d,historical_main,,,,6,3,False,False,06e26254e9c8b359ff97a77665932fc3543384ca179dea039154450eff6c94ff,ae503cf8154fbe07791342cfced3146fb8b1e03dbea637ba9add8796956ed94d,,
fdtd_2d,numba,nopython-mode,same_process,observed,1.543296976480633,fdtd_2d,historical_main,,,,6,3,True,False,06e26254e9c8b359ff97a77665932fc3543384ca179dea039154450eff6c94ff,ae503cf8154fbe07791342cfced3146fb8b1e03dbea637ba9add8796956ed94d,,selected_process_variability
fdtd_2d,numba,nopython-mode-parallel,same_process,observed,0.6996350130066276,fdtd_2d,historical_main,,,,6,3,True,False,06e26254e9c8b359ff97a77665932fc3543384ca179dea039154450eff6c94ff,ae503cf8154fbe07791342cfced3146fb8b1e03dbea637ba9add8796956ed94d,,selected_process_variability
fdtd_2d,numba,nopython-mode-parallel-range,same_process,N/A,,,,,,,,,False,,,,,
fdtd_2d,numba,object-mode,same_process,N/A,,,,,,,,,False,,,,,
fdtd_2d,numba,object-mode-parallel,same_process,N/A,,,,,,,,,False,,,,,
fdtd_2d,numba,object-mode-parallel-range,same_process,N/A,,,,,,,,,False,,,,,
fdtd_2d,dace_cpu,fusion,same_process,observed,0.1378003868740052,fdtd_2d,historical_main,,,,6,3,False,False,06e26254e9c8b359ff97a77665932fc3543384ca179dea039154450eff6c94ff,ae503cf8154fbe07791342cfced3146fb8b1e03dbea637ba9add8796956ed94d,,
fdtd_2d,dace_cpu,parallel,same_process,observed,0.11088409158401191,fdtd_2d,historical_main,,,,6,3,True,False,06e26254e9c8b359ff97a77665932fc3543384ca179dea039154450eff6c94ff,ae503cf8154fbe07791342cfced3146fb8b1e03dbea637ba9add8796956ed94d,,historical_drift_requires_review;new_variability;selected_process_variability
fdtd_2d,dace_cpu,auto_opt,same_process,observed,0.0762522870209068,fdtd_2d,historical_main,,,,6,3,True,False,06e26254e9c8b359ff97a77665932fc3543384ca179dea039154450eff6c94ff,ae503cf8154fbe07791342cfced3146fb8b1e03dbea637ba9add8796956ed94d,,new_variability;selected_process_variability
fdtd_2d,dace_gpu,fusion,same_process,observed,0.02990884054452181,fdtd_2d,historical_main,,,,6,3,False,False,06e26254e9c8b359ff97a77665932fc3543384ca179dea039154450eff6c94ff,ae503cf8154fbe07791342cfced3146fb8b1e03dbea637ba9add8796956ed94d,,
fdtd_2d,dace_gpu,parallel,same_process,observed,0.03205440496094525,fdtd_2d,historical_main,,,,6,3,True,False,06e26254e9c8b359ff97a77665932fc3543384ca179dea039154450eff6c94ff,ae503cf8154fbe07791342cfced3146fb8b1e03dbea637ba9add8796956ed94d,,selected_process_variability
fdtd_2d,dace_gpu,auto_opt,same_process,observed,0.02874508104287088,fdtd_2d,historical_main,,,,6,3,False,False,06e26254e9c8b359ff97a77665932fc3543384ca179dea039154450eff6c94ff,ae503cf8154fbe07791342cfced3146fb8b1e03dbea637ba9add8796956ed94d,,
fdtd_2d,cupy,default,same_process,observed,0.0619077708106488,fdtd_2d,historical_main,,,,6,3,False,False,06e26254e9c8b359ff97a77665932fc3543384ca179dea039154450eff6c94ff,ae503cf8154fbe07791342cfced3146fb8b1e03dbea637ba9add8796956ed94d,,
floyd_warshall,numpy,default,same_process,observed,0.8424520744010806,floyd_warshall,historical_main,,,,6,3,False,False,a3edbd966d81083b8e17c12c5e476ba6f92ae518095bf60f44db36d16648859a,d80d0f1e5dc1b065b6ae583f4925157116e2c98d49b252f8e02fa8c4ffe273fe,,
floyd_warshall,numba,nopython-mode,same_process,observed,1.2750969959888607,floyd_warshall,historical_main,,,,6,3,False,False,a3edbd966d81083b8e17c12c5e476ba6f92ae518095bf60f44db36d16648859a,d80d0f1e5dc1b065b6ae583f4925157116e2c98d49b252f8e02fa8c4ffe273fe,,
floyd_warshall,numba,nopython-mode-parallel,same_process,observed,54.914537087548524,floyd_warshall,historical_main,,,,6,3,False,False,a3edbd966d81083b8e17c12c5e476ba6f92ae518095bf60f44db36d16648859a,d80d0f1e5dc1b065b6ae583f4925157116e2c98d49b252f8e02fa8c4ffe273fe,,
floyd_warshall,numba,nopython-mode-parallel-range,same_process,observed,0.16354669514112175,floyd_warshall,historical_main,,,,6,3,True,False,a3edbd966d81083b8e17c12c5e476ba6f92ae518095bf60f44db36d16648859a,d80d0f1e5dc1b065b6ae583f4925157116e2c98d49b252f8e02fa8c4ffe273fe,,new_reuse_evidence_incomplete;new_sampling_or_resources;selected_process_variability
floyd_warshall,numba,object-mode,same_process,observed,0.7265297179110348,floyd_warshall,historical_main,,,,2,1,True,False,a3edbd966d81083b8e17c12c5e476ba6f92ae518095bf60f44db36d16648859a,d80d0f1e5dc1b065b6ae583f4925157116e2c98d49b252f8e02fa8c4ffe273fe,,original_process_only
floyd_warshall,numba,object-mode-parallel,same_process,observed,0.8364987552631646,floyd_warshall,historical_main,,,,2,1,True,False,a3edbd966d81083b8e17c12c5e476ba6f92ae518095bf60f44db36d16648859a,d80d0f1e5dc1b065b6ae583f4925157116e2c98d49b252f8e02fa8c4ffe273fe,,original_process_only
floyd_warshall,numba,object-mode-parallel-range,same_process,N/A,,,,,,,,,False,,,,,
floyd_warshall,dace_cpu,fusion,same_process,observed,1.2175254439935088,floyd_warshall,historical_main,,,,6,3,True,False,a3edbd966d81083b8e17c12c5e476ba6f92ae518095bf60f44db36d16648859a,d80d0f1e5dc1b065b6ae583f4925157116e2c98d49b252f8e02fa8c4ffe273fe,,historical_drift_requires_review;new_variability;selected_process_variability
floyd_warshall,dace_cpu,parallel,same_process,observed,1.60642482037656,floyd_warshall,historical_main,,,,6,3,True,False,a3edbd966d81083b8e17c12c5e476ba6f92ae518095bf60f44db36d16648859a,d80d0f1e5dc1b065b6ae583f4925157116e2c98d49b252f8e02fa8c4ffe273fe,,selected_process_variability
floyd_warshall,dace_cpu,auto_opt,same_process,observed,1.1386950453743339,floyd_warshall,historical_main,,,,6,3,True,False,a3edbd966d81083b8e17c12c5e476ba6f92ae518095bf60f44db36d16648859a,d80d0f1e5dc1b065b6ae583f4925157116e2c98d49b252f8e02fa8c4ffe273fe,,selected_process_variability
floyd_warshall,dace_gpu,fusion,same_process,observed,0.27194924047216773,floyd_warshall,historical_main,,,,6,3,True,False,a3edbd966d81083b8e17c12c5e476ba6f92ae518095bf60f44db36d16648859a,d80d0f1e5dc1b065b6ae583f4925157116e2c98d49b252f8e02fa8c4ffe273fe,,selected_process_variability
floyd_warshall,dace_gpu,parallel,same_process,observed,0.2318952779751271,floyd_warshall,historical_main,,,,6,3,False,False,a3edbd966d81083b8e17c12c5e476ba6f92ae518095bf60f44db36d16648859a,d80d0f1e5dc1b065b6ae583f4925157116e2c98d49b252f8e02fa8c4ffe273fe,,
floyd_warshall,dace_gpu,auto_opt,same_process,observed,0.041893128072842956,floyd_warshall,historical_main,,,,6,3,False,False,a3edbd966d81083b8e17c12c5e476ba6f92ae518095bf60f44db36d16648859a,d80d0f1e5dc1b065b6ae583f4925157116e2c98d49b252f8e02fa8c4ffe273fe,,
floyd_warshall,cupy,default,same_process,observed,27.126964075956494,floyd_warshall,historical_main,,,,6,3,False,False,a3edbd966d81083b8e17c12c5e476ba6f92ae518095bf60f44db36d16648859a,d80d0f1e5dc1b065b6ae583f4925157116e2c98d49b252f8e02fa8c4ffe273fe,,
gemm,numpy,default,same_process,observed,1.6002213060855865,gemm,historical_main,,,,6,3,False,False,0c0d6b6a480e5bce18192950eed6fa367ca1dff111ffe96afd63e44b0357c489,a7cad45e3e7e87c02c7a2df12b4f75774f21a5cca78b504ff8830be9107f34b6,,
gemm,numba,nopython-mode,same_process,observed,1.93670438346453,gemm,historical_main,,,,6,3,False,False,0c0d6b6a480e5bce18192950eed6fa367ca1dff111ffe96afd63e44b0357c489,a7cad45e3e7e87c02c7a2df12b4f75774f21a5cca78b504ff8830be9107f34b6,,
gemm,numba,nopython-mode-parallel,same_process,observed,1.7350574389565736,gemm,historical_main,,,,6,3,False,False,0c0d6b6a480e5bce18192950eed6fa367ca1dff111ffe96afd63e44b0357c489,a7cad45e3e7e87c02c7a2df12b4f75774f21a5cca78b504ff8830be9107f34b6,,
gemm,numba,nopython-mode-parallel-range,same_process,N/A,,,,,,,,,False,,,,,
gemm,numba,object-mode,same_process,N/A,,,,,,,,,False,,,,,
gemm,numba,object-mode-parallel,same_process,N/A,,,,,,,,,False,,,,,
gemm,numba,object-mode-parallel-range,same_process,N/A,,,,,,,,,False,,,,,
gemm,dace_cpu,fusion,same_process,observed,1.7880673233885318,gemm,historical_main,,,,6,3,False,False,0c0d6b6a480e5bce18192950eed6fa367ca1dff111ffe96afd63e44b0357c489,a7cad45e3e7e87c02c7a2df12b4f75774f21a5cca78b504ff8830be9107f34b6,,
gemm,dace_cpu,parallel,same_process,observed,1.749459313461557,gemm,historical_main,,,,6,3,False,False,0c0d6b6a480e5bce18192950eed6fa367ca1dff111ffe96afd63e44b0357c489,a7cad45e3e7e87c02c7a2df12b4f75774f21a5cca78b504ff8830be9107f34b6,,
gemm,dace_cpu,auto_opt,same_process,observed,1.3806745358742774,gemm,historical_main,,,,6,3,False,False,0c0d6b6a480e5bce18192950eed6fa367ca1dff111ffe96afd63e44b0357c489,a7cad45e3e7e87c02c7a2df12b4f75774f21a5cca78b504ff8830be9107f34b6,,
gemm,dace_gpu,fusion,same_process,observed,0.3638619452249259,gemm,historical_main,,,,6,3,True,False,0c0d6b6a480e5bce18192950eed6fa367ca1dff111ffe96afd63e44b0357c489,a7cad45e3e7e87c02c7a2df12b4f75774f21a5cca78b504ff8830be9107f34b6,,new_sampling_or_resources
gemm,dace_gpu,parallel,same_process,observed,0.3731258176267147,gemm,historical_main,,,,6,3,False,False,0c0d6b6a480e5bce18192950eed6fa367ca1dff111ffe96afd63e44b0357c489,a7cad45e3e7e87c02c7a2df12b4f75774f21a5cca78b504ff8830be9107f34b6,,
gemm,dace_gpu,auto_opt,same_process,observed,0.36505951965227723,gemm,historical_main,,,,6,3,False,False,0c0d6b6a480e5bce18192950eed6fa367ca1dff111ffe96afd63e44b0357c489,a7cad45e3e7e87c02c7a2df12b4f75774f21a5cca78b504ff8830be9107f34b6,,
gemm,cupy,default,same_process,observed,0.5652077640406787,gemm,historical_main,,,,6,3,True,False,0c0d6b6a480e5bce18192950eed6fa367ca1dff111ffe96afd63e44b0357c489,a7cad45e3e7e87c02c7a2df12b4f75774f21a5cca78b504ff8830be9107f34b6,,new_variability
gemver,numpy,default,same_process,observed,0.5883583254180849,gemver,historical_main,,,,6,3,True,False,85cc572cc7692fb81b6c77506a30c2af771c098b9e57d5abf57198c996aa6ef6,8f83d1ce5ccca10e01496b8b60f5d329e3f1f9e85ecb87f3b836424334239f88,,selected_process_variability
gemver,numba,nopython-mode,same_process,observed,2.3233632585033774,gemver,historical_main,,,,6,3,False,False,85cc572cc7692fb81b6c77506a30c2af771c098b9e57d5abf57198c996aa6ef6,8f83d1ce5ccca10e01496b8b60f5d329e3f1f9e85ecb87f3b836424334239f88,,
gemver,numba,nopython-mode-parallel,same_process,observed,1.7612820642534643,gemver,historical_main,,,,6,3,False,False,85cc572cc7692fb81b6c77506a30c2af771c098b9e57d5abf57198c996aa6ef6,8f83d1ce5ccca10e01496b8b60f5d329e3f1f9e85ecb87f3b836424334239f88,,
gemver,numba,nopython-mode-parallel-range,same_process,N/A,,,,,,,,,False,,,,,
gemver,numba,object-mode,same_process,N/A,,,,,,,,,False,,,,,
gemver,numba,object-mode-parallel,same_process,N/A,,,,,,,,,False,,,,,
gemver,numba,object-mode-parallel-range,same_process,N/A,,,,,,,,,False,,,,,
gemver,dace_cpu,fusion,same_process,observed,0.34380610357038677,gemver,historical_main,,,,6,3,False,False,85cc572cc7692fb81b6c77506a30c2af771c098b9e57d5abf57198c996aa6ef6,8f83d1ce5ccca10e01496b8b60f5d329e3f1f9e85ecb87f3b836424334239f88,,
gemver,dace_cpu,parallel,same_process,observed,0.37073459569364786,gemver,historical_main,,,,6,3,False,False,85cc572cc7692fb81b6c77506a30c2af771c098b9e57d5abf57198c996aa6ef6,8f83d1ce5ccca10e01496b8b60f5d329e3f1f9e85ecb87f3b836424334239f88,,
gemver,dace_cpu,auto_opt,same_process,observed,0.17954581207595766,gemver,historical_main,,,,6,3,True,False,85cc572cc7692fb81b6c77506a30c2af771c098b9e57d5abf57198c996aa6ef6,8f83d1ce5ccca10e01496b8b60f5d329e3f1f9e85ecb87f3b836424334239f88,,new_variability;selected_process_variability
gemver,dace_gpu,fusion,same_process,observed,0.33601812832057476,gemver,historical_main,,,,6,3,False,False,85cc572cc7692fb81b6c77506a30c2af771c098b9e57d5abf57198c996aa6ef6,8f83d1ce5ccca10e01496b8b60f5d329e3f1f9e85ecb87f3b836424334239f88,,
gemver,dace_gpu,parallel,same_process,observed,0.3322433060966432,gemver,historical_main,,,,6,3,True,False,85cc572cc7692fb81b6c77506a30c2af771c098b9e57d5abf57198c996aa6ef6,8f83d1ce5ccca10e01496b8b60f5d329e3f1f9e85ecb87f3b836424334239f88,,selected_process_variability
gemver,dace_gpu,auto_opt,same_process,observed,0.33730357023887336,gemver,historical_main,,,,6,3,False,False,85cc572cc7692fb81b6c77506a30c2af771c098b9e57d5abf57198c996aa6ef6,8f83d1ce5ccca10e01496b8b60f5d329e3f1f9e85ecb87f3b836424334239f88,,
gemver,cupy,default,same_process,observed,0.3241181015037,gemver,historical_main,,,,6,3,False,False,85cc572cc7692fb81b6c77506a30c2af771c098b9e57d5abf57198c996aa6ef6,8f83d1ce5ccca10e01496b8b60f5d329e3f1f9e85ecb87f3b836424334239f88,,
gesummv,numpy,default,same_process,observed,0.6353807004634291,gesummv,historical_main,,,,6,3,False,False,0e62642787bfd7976dde4296be195e5cc2dd07cdd198d1233ad748fdaaf9fc80,603add7d548bef0a20a6309fbf3785c05014a0b3550717c6d424278bd55d2518,,
gesummv,numba,nopython-mode,same_process,observed,2.089407311519608,gesummv,historical_main,,,,6,3,False,False,0e62642787bfd7976dde4296be195e5cc2dd07cdd198d1233ad748fdaaf9fc80,603add7d548bef0a20a6309fbf3785c05014a0b3550717c6d424278bd55d2518,,
gesummv,numba,nopython-mode-parallel,same_process,observed,0.5979615803807974,gesummv,historical_main,,,,6,3,False,False,0e62642787bfd7976dde4296be195e5cc2dd07cdd198d1233ad748fdaaf9fc80,603add7d548bef0a20a6309fbf3785c05014a0b3550717c6d424278bd55d2518,,
gesummv,numba,nopython-mode-parallel-range,same_process,N/A,,,,,,,,,False,,,,,
gesummv,numba,object-mode,same_process,N/A,,,,,,,,,False,,,,,
gesummv,numba,object-mode-parallel,same_process,N/A,,,,,,,,,False,,,,,
gesummv,numba,object-mode-parallel-range,same_process,N/A,,,,,,,,,False,,,,,
gesummv,dace_cpu,fusion,same_process,observed,0.5999037129804492,gesummv,historical_main,,,,6,3,False,False,0e62642787bfd7976dde4296be195e5cc2dd07cdd198d1233ad748fdaaf9fc80,603add7d548bef0a20a6309fbf3785c05014a0b3550717c6d424278bd55d2518,,
gesummv,dace_cpu,parallel,same_process,observed,0.6344496814999729,gesummv,historical_main,,,,6,3,False,False,0e62642787bfd7976dde4296be195e5cc2dd07cdd198d1233ad748fdaaf9fc80,603add7d548bef0a20a6309fbf3785c05014a0b3550717c6d424278bd55d2518,,
gesummv,dace_cpu,auto_opt,same_process,observed,0.27964783925563097,gesummv,historical_main,,,,6,3,True,False,0e62642787bfd7976dde4296be195e5cc2dd07cdd198d1233ad748fdaaf9fc80,603add7d548bef0a20a6309fbf3785c05014a0b3550717c6d424278bd55d2518,,new_sampling_or_resources;selected_process_variability
gesummv,dace_gpu,fusion,same_process,observed,0.6184362459462136,gesummv,historical_main,,,,6,3,True,False,0e62642787bfd7976dde4296be195e5cc2dd07cdd198d1233ad748fdaaf9fc80,603add7d548bef0a20a6309fbf3785c05014a0b3550717c6d424278bd55d2518,,selected_process_variability
gesummv,dace_gpu,parallel,same_process,observed,0.593438204145059,gesummv,historical_main,,,,6,3,True,False,0e62642787bfd7976dde4296be195e5cc2dd07cdd198d1233ad748fdaaf9fc80,603add7d548bef0a20a6309fbf3785c05014a0b3550717c6d424278bd55d2518,,selected_process_variability
gesummv,dace_gpu,auto_opt,same_process,observed,0.4301165430806577,gesummv,historical_main,,,,6,3,False,False,0e62642787bfd7976dde4296be195e5cc2dd07cdd198d1233ad748fdaaf9fc80,603add7d548bef0a20a6309fbf3785c05014a0b3550717c6d424278bd55d2518,,
gesummv,cupy,default,same_process,observed,0.37579919560812414,gesummv,historical_main,,,,6,3,True,False,0e62642787bfd7976dde4296be195e5cc2dd07cdd198d1233ad748fdaaf9fc80,603add7d548bef0a20a6309fbf3785c05014a0b3550717c6d424278bd55d2518,,selected_process_variability
go_fast,numpy,default,same_process,observed,1.8910328133497387,go_fast,historical_main,,,,6,3,True,False,ae81860b1a6b200efcca939dedfc2ee5e6a861d07af0c13d6e54e4f1ed9dfb3a,27869e2eab641d51a4dcb8b144e082c2564882966a28c404e3c13fdb484f75cf,,selected_process_variability
go_fast,numba,nopython-mode,same_process,observed,1.777317581931129,go_fast,historical_main,,,,6,3,False,False,ae81860b1a6b200efcca939dedfc2ee5e6a861d07af0c13d6e54e4f1ed9dfb3a,27869e2eab641d51a4dcb8b144e082c2564882966a28c404e3c13fdb484f75cf,,
go_fast,numba,nopython-mode-parallel,same_process,observed,0.18497937684878707,go_fast,historical_main,,,,6,3,False,False,ae81860b1a6b200efcca939dedfc2ee5e6a861d07af0c13d6e54e4f1ed9dfb3a,27869e2eab641d51a4dcb8b144e082c2564882966a28c404e3c13fdb484f75cf,,
go_fast,numba,nopython-mode-parallel-range,same_process,observed,0.19141392968595028,go_fast,historical_main,,,,6,3,False,False,ae81860b1a6b200efcca939dedfc2ee5e6a861d07af0c13d6e54e4f1ed9dfb3a,27869e2eab641d51a4dcb8b144e082c2564882966a28c404e3c13fdb484f75cf,,
go_fast,numba,object-mode,same_process,N/A,,,,,,,,,False,,,,,
go_fast,numba,object-mode-parallel,same_process,N/A,,,,,,,,,False,,,,,
go_fast,numba,object-mode-parallel-range,same_process,N/A,,,,,,,,,False,,,,,
go_fast,dace_cpu,fusion,same_process,observed,0.10139065608382225,go_fast,historical_main,,,,6,3,False,False,ae81860b1a6b200efcca939dedfc2ee5e6a861d07af0c13d6e54e4f1ed9dfb3a,27869e2eab641d51a4dcb8b144e082c2564882966a28c404e3c13fdb484f75cf,,
go_fast,dace_cpu,parallel,same_process,observed,0.10089353355579078,go_fast,historical_main,,,,6,3,False,False,ae81860b1a6b200efcca939dedfc2ee5e6a861d07af0c13d6e54e4f1ed9dfb3a,27869e2eab641d51a4dcb8b144e082c2564882966a28c404e3c13fdb484f75cf,,
go_fast,dace_cpu,auto_opt,same_process,observed,0.10152458376251161,go_fast,historical_main,,,,6,3,False,False,ae81860b1a6b200efcca939dedfc2ee5e6a861d07af0c13d6e54e4f1ed9dfb3a,27869e2eab641d51a4dcb8b144e082c2564882966a28c404e3c13fdb484f75cf,,
go_fast,dace_gpu,fusion,same_process,observed,4.557372236158699,go_fast,historical_main,,,,6,3,True,False,ae81860b1a6b200efcca939dedfc2ee5e6a861d07af0c13d6e54e4f1ed9dfb3a,27869e2eab641d51a4dcb8b144e082c2564882966a28c404e3c13fdb484f75cf,,selected_process_variability
go_fast,dace_gpu,parallel,same_process,observed,2.3086955179460347,go_fast,historical_main,,,,6,3,True,False,ae81860b1a6b200efcca939dedfc2ee5e6a861d07af0c13d6e54e4f1ed9dfb3a,27869e2eab641d51a4dcb8b144e082c2564882966a28c404e3c13fdb484f75cf,,selected_process_variability
go_fast,dace_gpu,auto_opt,same_process,observed,1.4667178397066891,go_fast,historical_main,,,,6,3,True,False,ae81860b1a6b200efcca939dedfc2ee5e6a861d07af0c13d6e54e4f1ed9dfb3a,27869e2eab641d51a4dcb8b144e082c2564882966a28c404e3c13fdb484f75cf,,new_sampling_or_resources;selected_process_variability
go_fast,cupy,default,same_process,observed,2.764574703061953,go_fast,historical_main,,,,6,3,True,False,ae81860b1a6b200efcca939dedfc2ee5e6a861d07af0c13d6e54e4f1ed9dfb3a,27869e2eab641d51a4dcb8b144e082c2564882966a28c404e3c13fdb484f75cf,,selected_process_variability
gramschmidt,numpy,default,same_process,observed,1.10854187537916,gramschmidt,historical_main,,,,6,3,True,False,1f3d8680c6c62cb57662259efbd6317e805dc931a93921d1f417b2d9a8b00706,0cd9b7683af012b2f89286b1d7f883de9ac11e0a801ad6a40757c753baba615b,,selected_process_variability
gramschmidt,numba,nopython-mode,same_process,observed,0.7341345613822341,gramschmidt,historical_main,,,,6,3,True,False,1f3d8680c6c62cb57662259efbd6317e805dc931a93921d1f417b2d9a8b00706,0cd9b7683af012b2f89286b1d7f883de9ac11e0a801ad6a40757c753baba615b,,new_sampling_or_resources
gramschmidt,numba,nopython-mode-parallel,same_process,observed,15.611070972401649,gramschmidt,historical_main,,,,6,3,True,False,1f3d8680c6c62cb57662259efbd6317e805dc931a93921d1f417b2d9a8b00706,0cd9b7683af012b2f89286b1d7f883de9ac11e0a801ad6a40757c753baba615b,,selected_process_variability
gramschmidt,numba,nopython-mode-parallel-range,same_process,N/A,,,,,,,,,False,,,,,
gramschmidt,numba,object-mode,same_process,N/A,,,,,,,,,False,,,,,
gramschmidt,numba,object-mode-parallel,same_process,N/A,,,,,,,,,False,,,,,
gramschmidt,numba,object-mode-parallel-range,same_process,N/A,,,,,,,,,False,,,,,
gramschmidt,dace_cpu,fusion,same_process,observed,7.907473184168339,gramschmidt,historical_main,,,,6,3,True,False,1f3d8680c6c62cb57662259efbd6317e805dc931a93921d1f417b2d9a8b00706,0cd9b7683af012b2f89286b1d7f883de9ac11e0a801ad6a40757c753baba615b,,selected_process_variability
gramschmidt,dace_cpu,parallel,same_process,observed,9.249906998127699,gramschmidt,historical_main,,,,6,3,True,False,1f3d8680c6c62cb57662259efbd6317e805dc931a93921d1f417b2d9a8b00706,0cd9b7683af012b2f89286b1d7f883de9ac11e0a801ad6a40757c753baba615b,,selected_process_variability
gramschmidt,dace_cpu,auto_opt,same_process,observed,7.649010805645958,gramschmidt,historical_main,,,,6,3,True,False,1f3d8680c6c62cb57662259efbd6317e805dc931a93921d1f417b2d9a8b00706,0cd9b7683af012b2f89286b1d7f883de9ac11e0a801ad6a40757c753baba615b,,selected_process_variability
gramschmidt,dace_gpu,fusion,same_process,observed,4.96073037199676,gramschmidt,historical_main,,,,6,3,False,False,1f3d8680c6c62cb57662259efbd6317e805dc931a93921d1f417b2d9a8b00706,0cd9b7683af012b2f89286b1d7f883de9ac11e0a801ad6a40757c753baba615b,,
gramschmidt,dace_gpu,parallel,same_process,observed,5.1383538455702364,gramschmidt,historical_main,,,,6,3,False,False,1f3d8680c6c62cb57662259efbd6317e805dc931a93921d1f417b2d9a8b00706,0cd9b7683af012b2f89286b1d7f883de9ac11e0a801ad6a40757c753baba615b,,
gramschmidt,dace_gpu,auto_opt,same_process,observed,4.22075219405815,gramschmidt,historical_main,,,,6,3,False,False,1f3d8680c6c62cb57662259efbd6317e805dc931a93921d1f417b2d9a8b00706,0cd9b7683af012b2f89286b1d7f883de9ac11e0a801ad6a40757c753baba615b,,
gramschmidt,cupy,default,same_process,observed,15.680323245935142,gramschmidt,historical_main,,,,6,3,False,False,1f3d8680c6c62cb57662259efbd6317e805dc931a93921d1f417b2d9a8b00706,0cd9b7683af012b2f89286b1d7f883de9ac11e0a801ad6a40757c753baba615b,,
hdiff,numpy,default,same_process,observed,0.6146578975021839,hdiff,historical_main,,,,6,3,False,False,db572ba94a6764cd4f333fd1c155d8498c95bfc20a8f378ce3588d5b7ef038ef,e800ed3dc8d530d7e84b4a637b91cc6d9bc1280101023ee86a27f69cfa34eec1,,
hdiff,numba,nopython-mode,same_process,observed,1.7501525161787868,hdiff,historical_main,,,,6,3,False,False,db572ba94a6764cd4f333fd1c155d8498c95bfc20a8f378ce3588d5b7ef038ef,e800ed3dc8d530d7e84b4a637b91cc6d9bc1280101023ee86a27f69cfa34eec1,,
hdiff,numba,nopython-mode-parallel,same_process,observed,0.9298878845293075,hdiff,historical_main,,,,6,3,False,False,db572ba94a6764cd4f333fd1c155d8498c95bfc20a8f378ce3588d5b7ef038ef,e800ed3dc8d530d7e84b4a637b91cc6d9bc1280101023ee86a27f69cfa34eec1,,
hdiff,numba,nopython-mode-parallel-range,same_process,N/A,,,,,,,,,False,,,,,
hdiff,numba,object-mode,same_process,N/A,,,,,,,,,False,,,,,
hdiff,numba,object-mode-parallel,same_process,N/A,,,,,,,,,False,,,,,
hdiff,numba,object-mode-parallel-range,same_process,N/A,,,,,,,,,False,,,,,
hdiff,dace_cpu,fusion,same_process,observed,0.22005048813298345,hdiff,historical_main,,,,6,3,False,False,db572ba94a6764cd4f333fd1c155d8498c95bfc20a8f378ce3588d5b7ef038ef,e800ed3dc8d530d7e84b4a637b91cc6d9bc1280101023ee86a27f69cfa34eec1,,
hdiff,dace_cpu,parallel,same_process,observed,0.14505493850447237,hdiff,historical_main,,,,6,3,False,False,db572ba94a6764cd4f333fd1c155d8498c95bfc20a8f378ce3588d5b7ef038ef,e800ed3dc8d530d7e84b4a637b91cc6d9bc1280101023ee86a27f69cfa34eec1,,
hdiff,dace_cpu,auto_opt,same_process,observed,0.058689799858257174,hdiff,historical_main,,,,6,3,True,False,db572ba94a6764cd4f333fd1c155d8498c95bfc20a8f378ce3588d5b7ef038ef,e800ed3dc8d530d7e84b4a637b91cc6d9bc1280101023ee86a27f69cfa34eec1,,new_variability;selected_process_variability
hdiff,dace_gpu,fusion,same_process,observed,0.14289144263602793,hdiff,historical_main,,,,6,3,False,False,db572ba94a6764cd4f333fd1c155d8498c95bfc20a8f378ce3588d5b7ef038ef,e800ed3dc8d530d7e84b4a637b91cc6d9bc1280101023ee86a27f69cfa34eec1,,
hdiff,dace_gpu,parallel,same_process,observed,0.13305062148720026,hdiff,historical_main,,,,6,3,False,False,db572ba94a6764cd4f333fd1c155d8498c95bfc20a8f378ce3588d5b7ef038ef,e800ed3dc8d530d7e84b4a637b91cc6d9bc1280101023ee86a27f69cfa34eec1,,
hdiff,dace_gpu,auto_opt,same_process,observed,0.15528974472545087,hdiff,historical_main,,,,6,3,True,False,db572ba94a6764cd4f333fd1c155d8498c95bfc20a8f378ce3588d5b7ef038ef,e800ed3dc8d530d7e84b4a637b91cc6d9bc1280101023ee86a27f69cfa34eec1,,selected_process_variability
hdiff,cupy,default,same_process,observed,0.2424111282452941,hdiff,historical_main,,,,6,3,True,False,db572ba94a6764cd4f333fd1c155d8498c95bfc20a8f378ce3588d5b7ef038ef,e800ed3dc8d530d7e84b4a637b91cc6d9bc1280101023ee86a27f69cfa34eec1,,selected_process_variability
heat_3d,numpy,default,same_process,observed,0.8782126880250871,heat_3d,historical_main,,,,6,3,True,False,30fe858bb26413e6677f8fa2af4b685936ad2acf33485956268a9184b302da55,a81cc292224c841a9ce27e90c6d26d29c8ea5a75badeca9376911772a40bf22f,,selected_process_variability
heat_3d,numba,nopython-mode,same_process,observed,1.4593154878821224,heat_3d,historical_main,,,,6,3,False,False,30fe858bb26413e6677f8fa2af4b685936ad2acf33485956268a9184b302da55,a81cc292224c841a9ce27e90c6d26d29c8ea5a75badeca9376911772a40bf22f,,
heat_3d,numba,nopython-mode-parallel,same_process,observed,0.18890414549969137,heat_3d,historical_main,,,,6,3,True,False,30fe858bb26413e6677f8fa2af4b685936ad2acf33485956268a9184b302da55,a81cc292224c841a9ce27e90c6d26d29c8ea5a75badeca9376911772a40bf22f,,selected_process_variability
heat_3d,numba,nopython-mode-parallel-range,same_process,N/A,,,,,,,,,False,,,,,
heat_3d,numba,object-mode,same_process,N/A,,,,,,,,,False,,,,,
heat_3d,numba,object-mode-parallel,same_process,N/A,,,,,,,,,False,,,,,
heat_3d,numba,object-mode-parallel-range,same_process,N/A,,,,,,,,,False,,,,,
heat_3d,dace_cpu,fusion,same_process,observed,0.1194505374878645,heat_3d,historical_main,,,,6,3,True,False,30fe858bb26413e6677f8fa2af4b685936ad2acf33485956268a9184b302da55,a81cc292224c841a9ce27e90c6d26d29c8ea5a75badeca9376911772a40bf22f,,new_variability;selected_process_variability
heat_3d,dace_cpu,parallel,same_process,observed,0.13896504370495677,heat_3d,historical_main,,,,6,3,True,False,30fe858bb26413e6677f8fa2af4b685936ad2acf33485956268a9184b302da55,a81cc292224c841a9ce27e90c6d26d29c8ea5a75badeca9376911772a40bf22f,,selected_process_variability
heat_3d,dace_cpu,auto_opt,same_process,observed,0.07449874375015497,heat_3d,historical_main,,,,6,3,True,False,30fe858bb26413e6677f8fa2af4b685936ad2acf33485956268a9184b302da55,a81cc292224c841a9ce27e90c6d26d29c8ea5a75badeca9376911772a40bf22f,,historical_drift_requires_review;new_variability;selected_process_variability
heat_3d,dace_gpu,fusion,same_process,observed,0.009517868980765343,heat_3d,historical_main,,,,6,3,False,False,30fe858bb26413e6677f8fa2af4b685936ad2acf33485956268a9184b302da55,a81cc292224c841a9ce27e90c6d26d29c8ea5a75badeca9376911772a40bf22f,,
heat_3d,dace_gpu,parallel,same_process,observed,0.009074982721358538,heat_3d,historical_main,,,,6,3,False,False,30fe858bb26413e6677f8fa2af4b685936ad2acf33485956268a9184b302da55,a81cc292224c841a9ce27e90c6d26d29c8ea5a75badeca9376911772a40bf22f,,
heat_3d,dace_gpu,auto_opt,same_process,observed,0.009743925416842103,heat_3d,historical_main,,,,6,3,False,False,30fe858bb26413e6677f8fa2af4b685936ad2acf33485956268a9184b302da55,a81cc292224c841a9ce27e90c6d26d29c8ea5a75badeca9376911772a40bf22f,,
heat_3d,cupy,default,same_process,observed,0.09724960220046341,heat_3d,historical_main,,,,6,3,False,False,30fe858bb26413e6677f8fa2af4b685936ad2acf33485956268a9184b302da55,a81cc292224c841a9ce27e90c6d26d29c8ea5a75badeca9376911772a40bf22f,,
jacobi_1d,numpy,default,same_process,observed,1.1216757763177156,jacobi_1d,historical_main,,,,6,3,False,False,dd2d6ec412835edbbe4a018d3544e156d3fdd08552a444b52727b05fa47d8a06,16a5a1662f12689fbf187fbb656ac8e1d9c5d1f78efc866cd0f41cf46b753592,,
jacobi_1d,numba,nopython-mode,same_process,observed,0.9804196804761887,jacobi_1d,historical_main,,,,6,3,False,False,dd2d6ec412835edbbe4a018d3544e156d3fdd08552a444b52727b05fa47d8a06,16a5a1662f12689fbf187fbb656ac8e1d9c5d1f78efc866cd0f41cf46b753592,,
jacobi_1d,numba,nopython-mode-parallel,same_process,observed,2.376702905166894,jacobi_1d,historical_main,,,,6,3,True,False,dd2d6ec412835edbbe4a018d3544e156d3fdd08552a444b52727b05fa47d8a06,16a5a1662f12689fbf187fbb656ac8e1d9c5d1f78efc866cd0f41cf46b753592,,selected_process_variability
jacobi_1d,numba,nopython-mode-parallel-range,same_process,N/A,,,,,,,,,False,,,,,
jacobi_1d,numba,object-mode,same_process,N/A,,,,,,,,,False,,,,,
jacobi_1d,numba,object-mode-parallel,same_process,N/A,,,,,,,,,False,,,,,
jacobi_1d,numba,object-mode-parallel-range,same_process,N/A,,,,,,,,,False,,,,,
jacobi_1d,dace_cpu,fusion,same_process,observed,0.6315957785118371,jacobi_1d,historical_main,,,,6,3,True,False,dd2d6ec412835edbbe4a018d3544e156d3fdd08552a444b52727b05fa47d8a06,16a5a1662f12689fbf187fbb656ac8e1d9c5d1f78efc866cd0f41cf46b753592,,selected_process_variability
jacobi_1d,dace_cpu,parallel,same_process,observed,0.6387734569143504,jacobi_1d,historical_main,,,,6,3,True,False,dd2d6ec412835edbbe4a018d3544e156d3fdd08552a444b52727b05fa47d8a06,16a5a1662f12689fbf187fbb656ac8e1d9c5d1f78efc866cd0f41cf46b753592,,selected_process_variability
jacobi_1d,dace_cpu,auto_opt,same_process,observed,0.6153249740600586,jacobi_1d,historical_main,,,,6,3,True,False,dd2d6ec412835edbbe4a018d3544e156d3fdd08552a444b52727b05fa47d8a06,16a5a1662f12689fbf187fbb656ac8e1d9c5d1f78efc866cd0f41cf46b753592,,new_variability;selected_process_variability
jacobi_1d,dace_gpu,fusion,same_process,observed,0.08053507492877543,jacobi_1d,historical_main,,,,6,3,False,False,dd2d6ec412835edbbe4a018d3544e156d3fdd08552a444b52727b05fa47d8a06,16a5a1662f12689fbf187fbb656ac8e1d9c5d1f78efc866cd0f41cf46b753592,,
jacobi_1d,dace_gpu,parallel,same_process,observed,0.0827586124651134,jacobi_1d,historical_main,,,,6,3,True,False,dd2d6ec412835edbbe4a018d3544e156d3fdd08552a444b52727b05fa47d8a06,16a5a1662f12689fbf187fbb656ac8e1d9c5d1f78efc866cd0f41cf46b753592,,selected_process_variability
jacobi_1d,dace_gpu,auto_opt,same_process,observed,0.09004494827240705,jacobi_1d,historical_main,,,,6,3,False,False,dd2d6ec412835edbbe4a018d3544e156d3fdd08552a444b52727b05fa47d8a06,16a5a1662f12689fbf187fbb656ac8e1d9c5d1f78efc866cd0f41cf46b753592,,
jacobi_1d,cupy,default,same_process,observed,1.3764915780629963,jacobi_1d,historical_main,,,,6,3,False,False,dd2d6ec412835edbbe4a018d3544e156d3fdd08552a444b52727b05fa47d8a06,16a5a1662f12689fbf187fbb656ac8e1d9c5d1f78efc866cd0f41cf46b753592,,
jacobi_2d,numpy,default,same_process,observed,0.8872587350197136,jacobi_2d,historical_main,,,,6,3,True,False,bb0f1b25c2ede622f6875f9761e2dec03fcebb4785d6110e5288554d5cfdd9f9,88fcc37626b242ba2751f475ada3090117847e04203daddbc9456f9d0e7e584d,,selected_process_variability
jacobi_2d,numba,nopython-mode,same_process,observed,1.045855440897867,jacobi_2d,historical_main,,,,6,3,True,False,bb0f1b25c2ede622f6875f9761e2dec03fcebb4785d6110e5288554d5cfdd9f9,88fcc37626b242ba2751f475ada3090117847e04203daddbc9456f9d0e7e584d,,selected_process_variability
jacobi_2d,numba,nopython-mode-parallel,same_process,observed,0.26079966756515205,jacobi_2d,historical_main,,,,6,3,True,False,bb0f1b25c2ede622f6875f9761e2dec03fcebb4785d6110e5288554d5cfdd9f9,88fcc37626b242ba2751f475ada3090117847e04203daddbc9456f9d0e7e584d,,selected_process_variability
jacobi_2d,numba,nopython-mode-parallel-range,same_process,N/A,,,,,,,,,False,,,,,
jacobi_2d,numba,object-mode,same_process,N/A,,,,,,,,,False,,,,,
jacobi_2d,numba,object-mode-parallel,same_process,N/A,,,,,,,,,False,,,,,
jacobi_2d,numba,object-mode-parallel-range,same_process,N/A,,,,,,,,,False,,,,,
jacobi_2d,dace_cpu,fusion,same_process,observed,0.0693710504565388,jacobi_2d,historical_main,,,,6,3,True,False,bb0f1b25c2ede622f6875f9761e2dec03fcebb4785d6110e5288554d5cfdd9f9,88fcc37626b242ba2751f475ada3090117847e04203daddbc9456f9d0e7e584d,,historical_drift_requires_review;new_variability;selected_process_variability
jacobi_2d,dace_cpu,parallel,same_process,observed,0.07860687817446887,jacobi_2d,historical_main,,,,6,3,True,False,bb0f1b25c2ede622f6875f9761e2dec03fcebb4785d6110e5288554d5cfdd9f9,88fcc37626b242ba2751f475ada3090117847e04203daddbc9456f9d0e7e584d,,selected_process_variability
jacobi_2d,dace_cpu,auto_opt,same_process,observed,0.19050053041428328,jacobi_2d,historical_main,,,,6,3,True,False,bb0f1b25c2ede622f6875f9761e2dec03fcebb4785d6110e5288554d5cfdd9f9,88fcc37626b242ba2751f475ada3090117847e04203daddbc9456f9d0e7e584d,,selected_process_variability
jacobi_2d,dace_gpu,fusion,same_process,observed,0.017323338193818927,jacobi_2d,historical_main,,,,6,3,False,False,bb0f1b25c2ede622f6875f9761e2dec03fcebb4785d6110e5288554d5cfdd9f9,88fcc37626b242ba2751f475ada3090117847e04203daddbc9456f9d0e7e584d,,
jacobi_2d,dace_gpu,parallel,same_process,observed,0.01564208813942969,jacobi_2d,historical_main,,,,6,3,False,False,bb0f1b25c2ede622f6875f9761e2dec03fcebb4785d6110e5288554d5cfdd9f9,88fcc37626b242ba2751f475ada3090117847e04203daddbc9456f9d0e7e584d,,
jacobi_2d,dace_gpu,auto_opt,same_process,observed,0.016838960582390428,jacobi_2d,historical_main,,,,6,3,False,False,bb0f1b25c2ede622f6875f9761e2dec03fcebb4785d6110e5288554d5cfdd9f9,88fcc37626b242ba2751f475ada3090117847e04203daddbc9456f9d0e7e584d,,
jacobi_2d,cupy,default,same_process,observed,0.07298464654013515,jacobi_2d,historical_main,,,,6,3,False,False,bb0f1b25c2ede622f6875f9761e2dec03fcebb4785d6110e5288554d5cfdd9f9,88fcc37626b242ba2751f475ada3090117847e04203daddbc9456f9d0e7e584d,,
k2mm,numpy,default,same_process,observed,2.2397228186018765,k2mm,historical_main,,,,6,3,False,False,f489fedc570b7b5da546ee0999db718675f9a6e714d3093820decf3f58d34325,65b07e1d7f5fdc00459ebb8a02ae0881674135e9bd7f454489c2d204e291d7ea,,
k2mm,numba,nopython-mode,same_process,observed,2.2972591924481094,k2mm,historical_main,,,,6,3,False,False,f489fedc570b7b5da546ee0999db718675f9a6e714d3093820decf3f58d34325,65b07e1d7f5fdc00459ebb8a02ae0881674135e9bd7f454489c2d204e291d7ea,,
k2mm,numba,nopython-mode-parallel,same_process,observed,2.096170983975753,k2mm,step4/confirmation-L,,,,6,3,False,False,f489fedc570b7b5da546ee0999db718675f9a6e714d3093820decf3f58d34325,65b07e1d7f5fdc00459ebb8a02ae0881674135e9bd7f454489c2d204e291d7ea,,
k2mm,numba,nopython-mode-parallel-range,same_process,N/A,,,,,,,,,False,,,,,
k2mm,numba,object-mode,same_process,N/A,,,,,,,,,False,,,,,
k2mm,numba,object-mode-parallel,same_process,N/A,,,,,,,,,False,,,,,
k2mm,numba,object-mode-parallel-range,same_process,N/A,,,,,,,,,False,,,,,
k2mm,dace_cpu,fusion,same_process,observed,2.605555043090135,k2mm,historical_main,,,,6,3,False,False,f489fedc570b7b5da546ee0999db718675f9a6e714d3093820decf3f58d34325,65b07e1d7f5fdc00459ebb8a02ae0881674135e9bd7f454489c2d204e291d7ea,,
k2mm,dace_cpu,parallel,same_process,observed,2.736533680697903,k2mm,historical_main,,,,6,3,False,False,f489fedc570b7b5da546ee0999db718675f9a6e714d3093820decf3f58d34325,65b07e1d7f5fdc00459ebb8a02ae0881674135e9bd7f454489c2d204e291d7ea,,
k2mm,dace_cpu,auto_opt,same_process,observed,1.964834839105606,k2mm,historical_main,,,,6,3,False,False,f489fedc570b7b5da546ee0999db718675f9a6e714d3093820decf3f58d34325,65b07e1d7f5fdc00459ebb8a02ae0881674135e9bd7f454489c2d204e291d7ea,,
k2mm,dace_gpu,fusion,same_process,observed,0.3554316242225468,k2mm,historical_main,,,,6,3,False,False,f489fedc570b7b5da546ee0999db718675f9a6e714d3093820decf3f58d34325,65b07e1d7f5fdc00459ebb8a02ae0881674135e9bd7f454489c2d204e291d7ea,,
k2mm,dace_gpu,parallel,same_process,observed,0.3665970009751618,k2mm,historical_main,,,,6,3,False,False,f489fedc570b7b5da546ee0999db718675f9a6e714d3093820decf3f58d34325,65b07e1d7f5fdc00459ebb8a02ae0881674135e9bd7f454489c2d204e291d7ea,,
k2mm,dace_gpu,auto_opt,same_process,observed,0.3574635109398514,k2mm,historical_main,,,,6,3,False,False,f489fedc570b7b5da546ee0999db718675f9a6e714d3093820decf3f58d34325,65b07e1d7f5fdc00459ebb8a02ae0881674135e9bd7f454489c2d204e291d7ea,,
k2mm,cupy,default,same_process,observed,0.2925242769997567,k2mm,historical_main,,,,6,3,True,False,f489fedc570b7b5da546ee0999db718675f9a6e714d3093820decf3f58d34325,65b07e1d7f5fdc00459ebb8a02ae0881674135e9bd7f454489c2d204e291d7ea,,selected_process_variability
k3mm,numpy,default,same_process,observed,2.86692027351819,k3mm,historical_main,,,,6,3,False,False,4e368169475a2a62e9d6b60f9f0f38731e82923b1a6bcbfe2a2be25f4a23617d,aad0bebb7814a2ecba71c57046d8003bc43cb0f8e9f62fa7a3c5da967acf1885,,
k3mm,numba,nopython-mode,same_process,observed,2.1361729183699936,k3mm,historical_main,,,,6,3,True,False,4e368169475a2a62e9d6b60f9f0f38731e82923b1a6bcbfe2a2be25f4a23617d,aad0bebb7814a2ecba71c57046d8003bc43cb0f8e9f62fa7a3c5da967acf1885,,new_variability
k3mm,numba,nopython-mode-parallel,same_process,observed,2.115486938273534,k3mm,historical_main,,,,6,3,True,False,4e368169475a2a62e9d6b60f9f0f38731e82923b1a6bcbfe2a2be25f4a23617d,aad0bebb7814a2ecba71c57046d8003bc43cb0f8e9f62fa7a3c5da967acf1885,,new_sampling_or_resources
k3mm,numba,nopython-mode-parallel-range,same_process,N/A,,,,,,,,,False,,,,,
k3mm,numba,object-mode,same_process,N/A,,,,,,,,,False,,,,,
k3mm,numba,object-mode-parallel,same_process,N/A,,,,,,,,,False,,,,,
k3mm,numba,object-mode-parallel-range,same_process,N/A,,,,,,,,,False,,,,,
k3mm,dace_cpu,fusion,same_process,observed,3.2638201899826527,k3mm,historical_main,,,,6,3,False,False,4e368169475a2a62e9d6b60f9f0f38731e82923b1a6bcbfe2a2be25f4a23617d,aad0bebb7814a2ecba71c57046d8003bc43cb0f8e9f62fa7a3c5da967acf1885,,
k3mm,dace_cpu,parallel,same_process,observed,3.094224663451314,k3mm,historical_main,,,,6,3,False,False,4e368169475a2a62e9d6b60f9f0f38731e82923b1a6bcbfe2a2be25f4a23617d,aad0bebb7814a2ecba71c57046d8003bc43cb0f8e9f62fa7a3c5da967acf1885,,
k3mm,dace_cpu,auto_opt,same_process,observed,2.462292714510113,k3mm,historical_main,,,,6,3,False,False,4e368169475a2a62e9d6b60f9f0f38731e82923b1a6bcbfe2a2be25f4a23617d,aad0bebb7814a2ecba71c57046d8003bc43cb0f8e9f62fa7a3c5da967acf1885,,
k3mm,dace_gpu,fusion,same_process,observed,0.36045919614844024,k3mm,historical_main,,,,6,3,True,False,4e368169475a2a62e9d6b60f9f0f38731e82923b1a6bcbfe2a2be25f4a23617d,aad0bebb7814a2ecba71c57046d8003bc43cb0f8e9f62fa7a3c5da967acf1885,,new_sampling_or_resources
k3mm,dace_gpu,parallel,same_process,observed,0.3800421725027263,k3mm,historical_main,,,,6,3,False,False,4e368169475a2a62e9d6b60f9f0f38731e82923b1a6bcbfe2a2be25f4a23617d,aad0bebb7814a2ecba71c57046d8003bc43cb0f8e9f62fa7a3c5da967acf1885,,
k3mm,dace_gpu,auto_opt,same_process,observed,0.34726193989627063,k3mm,historical_main,,,,6,3,False,False,4e368169475a2a62e9d6b60f9f0f38731e82923b1a6bcbfe2a2be25f4a23617d,aad0bebb7814a2ecba71c57046d8003bc43cb0f8e9f62fa7a3c5da967acf1885,,
k3mm,cupy,default,same_process,observed,0.2829012714792043,k3mm,historical_main,,,,6,3,False,False,4e368169475a2a62e9d6b60f9f0f38731e82923b1a6bcbfe2a2be25f4a23617d,aad0bebb7814a2ecba71c57046d8003bc43cb0f8e9f62fa7a3c5da967acf1885,,
lenet,numpy,default,same_process,observed,1.2182183023542166,lenet,historical_main,,,,6,3,False,False,c03e6ed4aa80ca847e538ab41f9b22060f454237935c67944c81ced7dd93a48b,914661bfde93da5c2e7b1ef256bf97775e395b5980f08a299cd8040e92c0b6ea,,
lenet,numba,nopython-mode,same_process,observed,0.9169190968386829,lenet,historical_main,,,,6,3,True,False,c03e6ed4aa80ca847e538ab41f9b22060f454237935c67944c81ced7dd93a48b,914661bfde93da5c2e7b1ef256bf97775e395b5980f08a299cd8040e92c0b6ea,,selected_process_variability
lenet,numba,nopython-mode-parallel,same_process,observed,101.63346698344685,lenet,historical_main,,,,6,3,False,False,c03e6ed4aa80ca847e538ab41f9b22060f454237935c67944c81ced7dd93a48b,914661bfde93da5c2e7b1ef256bf97775e395b5980f08a299cd8040e92c0b6ea,,
lenet,numba,nopython-mode-parallel-range,same_process,observed,0.15876444638706744,lenet,historical_main,,,,6,3,True,False,c03e6ed4aa80ca847e538ab41f9b22060f454237935c67944c81ced7dd93a48b,914661bfde93da5c2e7b1ef256bf97775e395b5980f08a299cd8040e92c0b6ea,,new_sampling_or_resources;selected_process_variability
lenet,numba,object-mode,same_process,error,,lenet,historical_main,,,,0,0,False,False,c03e6ed4aa80ca847e538ab41f9b22060f454237935c67944c81ced7dd93a48b,914661bfde93da5c2e7b1ef256bf97775e395b5980f08a299cd8040e92c0b6ea,,
lenet,numba,object-mode-parallel,same_process,error,,lenet,historical_main,,,,0,0,False,False,c03e6ed4aa80ca847e538ab41f9b22060f454237935c67944c81ced7dd93a48b,914661bfde93da5c2e7b1ef256bf97775e395b5980f08a299cd8040e92c0b6ea,,
lenet,numba,object-mode-parallel-range,same_process,observed,1.2618085918948054,lenet,historical_main,,,,6,3,True,False,c03e6ed4aa80ca847e538ab41f9b22060f454237935c67944c81ced7dd93a48b,914661bfde93da5c2e7b1ef256bf97775e395b5980f08a299cd8040e92c0b6ea,,selected_process_variability
lenet,dace_cpu,fusion,same_process,observed,3.6376786704640836,lenet,historical_main,,,,6,3,True,False,c03e6ed4aa80ca847e538ab41f9b22060f454237935c67944c81ced7dd93a48b,914661bfde93da5c2e7b1ef256bf97775e395b5980f08a299cd8040e92c0b6ea,,selected_process_variability
lenet,dace_cpu,parallel,same_process,observed,2.859926600707695,lenet,historical_main,,,,6,3,True,False,c03e6ed4aa80ca847e538ab41f9b22060f454237935c67944c81ced7dd93a48b,914661bfde93da5c2e7b1ef256bf97775e395b5980f08a299cd8040e92c0b6ea,,selected_process_variability
lenet,dace_cpu,auto_opt,same_process,observed,2.897839713143185,lenet,historical_main,,,,6,3,True,False,c03e6ed4aa80ca847e538ab41f9b22060f454237935c67944c81ced7dd93a48b,914661bfde93da5c2e7b1ef256bf97775e395b5980f08a299cd8040e92c0b6ea,,selected_process_variability
lenet,dace_gpu,fusion,same_process,error,,lenet,historical_main,,,,0,0,False,False,c03e6ed4aa80ca847e538ab41f9b22060f454237935c67944c81ced7dd93a48b,914661bfde93da5c2e7b1ef256bf97775e395b5980f08a299cd8040e92c0b6ea,,
lenet,dace_gpu,parallel,same_process,terminated,,lenet,historical_main,,,,0,0,False,False,c03e6ed4aa80ca847e538ab41f9b22060f454237935c67944c81ced7dd93a48b,914661bfde93da5c2e7b1ef256bf97775e395b5980f08a299cd8040e92c0b6ea,,
lenet,dace_gpu,auto_opt,same_process,terminated,,lenet,historical_main,,,,0,0,False,False,c03e6ed4aa80ca847e538ab41f9b22060f454237935c67944c81ced7dd93a48b,914661bfde93da5c2e7b1ef256bf97775e395b5980f08a299cd8040e92c0b6ea,,
lenet,cupy,default,same_process,observed,3.2563677108846605,lenet,historical_main,,,,6,3,True,False,c03e6ed4aa80ca847e538ab41f9b22060f454237935c67944c81ced7dd93a48b,914661bfde93da5c2e7b1ef256bf97775e395b5980f08a299cd8040e92c0b6ea,,new_variability
lu,numpy,default,same_process,observed,1.3540685609914362,lu,historical_main,,,,6,3,False,False,a94cc969fb7abca21f73c7702df3d7b5782724193307a4c14a3543791e733d27,9ac2f818703fa8aa1a82579828bb4b9f516a133a9d2de36086ba8af196680084,,
lu,numba,nopython-mode,same_process,observed,0.20153564517386258,lu,historical_main,,,,6,3,True,False,a94cc969fb7abca21f73c7702df3d7b5782724193307a4c14a3543791e733d27,9ac2f818703fa8aa1a82579828bb4b9f516a133a9d2de36086ba8af196680084,,selected_process_variability
lu,numba,nopython-mode-parallel,same_process,observed,1.3518907688558102,lu,historical_main,,,,6,3,False,False,a94cc969fb7abca21f73c7702df3d7b5782724193307a4c14a3543791e733d27,9ac2f818703fa8aa1a82579828bb4b9f516a133a9d2de36086ba8af196680084,,
lu,numba,nopython-mode-parallel-range,same_process,N/A,,,,,,,,,False,,,,,
lu,numba,object-mode,same_process,N/A,,,,,,,,,False,,,,,
lu,numba,object-mode-parallel,same_process,N/A,,,,,,,,,False,,,,,
lu,numba,object-mode-parallel-range,same_process,N/A,,,,,,,,,False,,,,,
lu,dace_cpu,fusion,same_process,observed,0.12584709911607206,lu,historical_main,,,,6,3,True,False,a94cc969fb7abca21f73c7702df3d7b5782724193307a4c14a3543791e733d27,9ac2f818703fa8aa1a82579828bb4b9f516a133a9d2de36086ba8af196680084,,selected_process_variability
lu,dace_cpu,parallel,same_process,observed,0.13520526723004878,lu,step4/confirmation-L,,,,6,3,False,False,a94cc969fb7abca21f73c7702df3d7b5782724193307a4c14a3543791e733d27,9ac2f818703fa8aa1a82579828bb4b9f516a133a9d2de36086ba8af196680084,,
lu,dace_cpu,auto_opt,same_process,observed,0.11736164707690477,lu,historical_main,,,,6,3,False,False,a94cc969fb7abca21f73c7702df3d7b5782724193307a4c14a3543791e733d27,9ac2f818703fa8aa1a82579828bb4b9f516a133a9d2de36086ba8af196680084,,
lu,dace_gpu,fusion,same_process,observed,10.01011735224165,lu,historical_main,,,,6,3,False,False,a94cc969fb7abca21f73c7702df3d7b5782724193307a4c14a3543791e733d27,9ac2f818703fa8aa1a82579828bb4b9f516a133a9d2de36086ba8af196680084,,
lu,dace_gpu,parallel,same_process,observed,10.22869718587026,lu,historical_main,,,,6,3,False,False,a94cc969fb7abca21f73c7702df3d7b5782724193307a4c14a3543791e733d27,9ac2f818703fa8aa1a82579828bb4b9f516a133a9d2de36086ba8af196680084,,
lu,dace_gpu,auto_opt,same_process,observed,5.6734269629232585,lu,historical_main,,,,6,3,False,False,a94cc969fb7abca21f73c7702df3d7b5782724193307a4c14a3543791e733d27,9ac2f818703fa8aa1a82579828bb4b9f516a133a9d2de36086ba8af196680084,,
lu,cupy,default,same_process,observed,42.819278506794944,lu,historical_main,,,,6,3,False,False,a94cc969fb7abca21f73c7702df3d7b5782724193307a4c14a3543791e733d27,9ac2f818703fa8aa1a82579828bb4b9f516a133a9d2de36086ba8af196680084,,
ludcmp,numpy,default,same_process,observed,1.2345590563490987,ludcmp,historical_main,,,,6,3,False,False,08caec57fa049fbfa751e34e1064de164ddf556d58ef07942503bdb64d23c766,55b9887d27df7b3dc3b8b2e1875facca1a285d1891e4df442fdd18cc865cc7b0,,
ludcmp,numba,nopython-mode,same_process,observed,0.15901526738889515,ludcmp,historical_main,,,,6,3,True,False,08caec57fa049fbfa751e34e1064de164ddf556d58ef07942503bdb64d23c766,55b9887d27df7b3dc3b8b2e1875facca1a285d1891e4df442fdd18cc865cc7b0,,selected_process_variability
ludcmp,numba,nopython-mode-parallel,same_process,observed,0.16087987483479083,ludcmp,historical_main,,,,6,3,False,False,08caec57fa049fbfa751e34e1064de164ddf556d58ef07942503bdb64d23c766,55b9887d27df7b3dc3b8b2e1875facca1a285d1891e4df442fdd18cc865cc7b0,,
ludcmp,numba,nopython-mode-parallel-range,same_process,N/A,,,,,,,,,False,,,,,
ludcmp,numba,object-mode,same_process,N/A,,,,,,,,,False,,,,,
ludcmp,numba,object-mode-parallel,same_process,N/A,,,,,,,,,False,,,,,
ludcmp,numba,object-mode-parallel-range,same_process,N/A,,,,,,,,,False,,,,,
ludcmp,dace_cpu,fusion,same_process,observed,0.11045165965333581,ludcmp,historical_main,,,,6,3,True,False,08caec57fa049fbfa751e34e1064de164ddf556d58ef07942503bdb64d23c766,55b9887d27df7b3dc3b8b2e1875facca1a285d1891e4df442fdd18cc865cc7b0,,new_variability;selected_process_variability
ludcmp,dace_cpu,parallel,same_process,observed,0.11980764498002827,ludcmp,historical_main,,,,6,3,False,False,08caec57fa049fbfa751e34e1064de164ddf556d58ef07942503bdb64d23c766,55b9887d27df7b3dc3b8b2e1875facca1a285d1891e4df442fdd18cc865cc7b0,,
ludcmp,dace_cpu,auto_opt,same_process,observed,0.11364304670132697,ludcmp,historical_main,,,,6,3,True,False,08caec57fa049fbfa751e34e1064de164ddf556d58ef07942503bdb64d23c766,55b9887d27df7b3dc3b8b2e1875facca1a285d1891e4df442fdd18cc865cc7b0,,selected_process_variability
ludcmp,dace_gpu,fusion,same_process,observed,9.986627837875858,ludcmp,historical_main,,,,6,3,False,False,08caec57fa049fbfa751e34e1064de164ddf556d58ef07942503bdb64d23c766,55b9887d27df7b3dc3b8b2e1875facca1a285d1891e4df442fdd18cc865cc7b0,,
ludcmp,dace_gpu,parallel,same_process,observed,9.92292849207297,ludcmp,historical_main,,,,6,3,False,False,08caec57fa049fbfa751e34e1064de164ddf556d58ef07942503bdb64d23c766,55b9887d27df7b3dc3b8b2e1875facca1a285d1891e4df442fdd18cc865cc7b0,,
ludcmp,dace_gpu,auto_opt,same_process,observed,7.6369855012744665,ludcmp,historical_main,,,,6,3,False,False,08caec57fa049fbfa751e34e1064de164ddf556d58ef07942503bdb64d23c766,55b9887d27df7b3dc3b8b2e1875facca1a285d1891e4df442fdd18cc865cc7b0,,
ludcmp,cupy,default,same_process,observed,36.87460986850783,ludcmp,historical_main,,,,6,3,False,False,08caec57fa049fbfa751e34e1064de164ddf556d58ef07942503bdb64d23c766,55b9887d27df7b3dc3b8b2e1875facca1a285d1891e4df442fdd18cc865cc7b0,,
mandelbrot1,numpy,default,same_process,observed,0.8551856144331396,mandelbrot1,historical_main,,,,6,3,True,False,7ec93ae18ee3844a817e6cc0a79455bc5862c76f047319aefde16f510ddde641,498529c7a9dcc40ab333461ec82b7c16a88eb9014a98ba9ee2910dd66fb9e062,,selected_process_variability
mandelbrot1,numba,nopython-mode,same_process,validation,,mandelbrot1,historical_main,,,,0,0,False,False,7ec93ae18ee3844a817e6cc0a79455bc5862c76f047319aefde16f510ddde641,498529c7a9dcc40ab333461ec82b7c16a88eb9014a98ba9ee2910dd66fb9e062,,
mandelbrot1,numba,nopython-mode-parallel,same_process,validation,,mandelbrot1,historical_main,,,,0,0,False,False,7ec93ae18ee3844a817e6cc0a79455bc5862c76f047319aefde16f510ddde641,498529c7a9dcc40ab333461ec82b7c16a88eb9014a98ba9ee2910dd66fb9e062,,
mandelbrot1,numba,nopython-mode-parallel-range,same_process,validation,,mandelbrot1,historical_main,,,,0,0,False,False,7ec93ae18ee3844a817e6cc0a79455bc5862c76f047319aefde16f510ddde641,498529c7a9dcc40ab333461ec82b7c16a88eb9014a98ba9ee2910dd66fb9e062,,
mandelbrot1,numba,object-mode,same_process,observed,0.790613641962409,mandelbrot1,historical_main,,,,2,1,True,False,7ec93ae18ee3844a817e6cc0a79455bc5862c76f047319aefde16f510ddde641,498529c7a9dcc40ab333461ec82b7c16a88eb9014a98ba9ee2910dd66fb9e062,,original_process_only
mandelbrot1,numba,object-mode-parallel,same_process,observed,0.7909119287505746,mandelbrot1,historical_main,,,,2,1,True,False,7ec93ae18ee3844a817e6cc0a79455bc5862c76f047319aefde16f510ddde641,498529c7a9dcc40ab333461ec82b7c16a88eb9014a98ba9ee2910dd66fb9e062,,original_process_only
mandelbrot1,numba,object-mode-parallel-range,same_process,N/A,,,,,,,,,False,,,,,
mandelbrot1,dace_cpu,fusion,same_process,validation,,mandelbrot1,historical_main,,,,0,0,False,False,7ec93ae18ee3844a817e6cc0a79455bc5862c76f047319aefde16f510ddde641,498529c7a9dcc40ab333461ec82b7c16a88eb9014a98ba9ee2910dd66fb9e062,,
mandelbrot1,dace_cpu,parallel,same_process,validation,,mandelbrot1,historical_main,,,,0,0,False,False,7ec93ae18ee3844a817e6cc0a79455bc5862c76f047319aefde16f510ddde641,498529c7a9dcc40ab333461ec82b7c16a88eb9014a98ba9ee2910dd66fb9e062,,
mandelbrot1,dace_cpu,auto_opt,same_process,validation,,mandelbrot1,historical_main,,,,0,0,False,False,7ec93ae18ee3844a817e6cc0a79455bc5862c76f047319aefde16f510ddde641,498529c7a9dcc40ab333461ec82b7c16a88eb9014a98ba9ee2910dd66fb9e062,,
mandelbrot1,dace_gpu,fusion,same_process,validation,,mandelbrot1,historical_main,,,,0,0,False,False,7ec93ae18ee3844a817e6cc0a79455bc5862c76f047319aefde16f510ddde641,498529c7a9dcc40ab333461ec82b7c16a88eb9014a98ba9ee2910dd66fb9e062,,
mandelbrot1,dace_gpu,parallel,same_process,validation,,mandelbrot1,historical_main,,,,0,0,False,False,7ec93ae18ee3844a817e6cc0a79455bc5862c76f047319aefde16f510ddde641,498529c7a9dcc40ab333461ec82b7c16a88eb9014a98ba9ee2910dd66fb9e062,,
mandelbrot1,dace_gpu,auto_opt,same_process,validation,,mandelbrot1,historical_main,,,,0,0,False,False,7ec93ae18ee3844a817e6cc0a79455bc5862c76f047319aefde16f510ddde641,498529c7a9dcc40ab333461ec82b7c16a88eb9014a98ba9ee2910dd66fb9e062,,
mandelbrot1,cupy,default,same_process,validation,,mandelbrot1,historical_main,,,,0,0,False,False,7ec93ae18ee3844a817e6cc0a79455bc5862c76f047319aefde16f510ddde641,498529c7a9dcc40ab333461ec82b7c16a88eb9014a98ba9ee2910dd66fb9e062,,
mandelbrot2,numpy,default,same_process,observed,0.38979549845680594,mandelbrot2,historical_main,,,,6,3,False,False,7fb4071f3c8e581537c1201436e2e0f64673e094a239bc776fcd1d6c96095d69,e953c506eaf95aed1da28b70ad9b9cbb5c4d6ed77213ce344c94cdacbc5b6ae1,,
mandelbrot2,numba,nopython-mode,same_process,observed,0.6382031899411231,mandelbrot2,historical_main,,,,6,3,False,False,7fb4071f3c8e581537c1201436e2e0f64673e094a239bc776fcd1d6c96095d69,e953c506eaf95aed1da28b70ad9b9cbb5c4d6ed77213ce344c94cdacbc5b6ae1,,
mandelbrot2,numba,nopython-mode-parallel,same_process,N/A,,,,,,,,,False,,,,,
mandelbrot2,numba,nopython-mode-parallel-range,same_process,N/A,,,,,,,,,False,,,,,
mandelbrot2,numba,object-mode,same_process,observed,0.4049688365776092,mandelbrot2,historical_main,,,,2,1,True,False,7fb4071f3c8e581537c1201436e2e0f64673e094a239bc776fcd1d6c96095d69,e953c506eaf95aed1da28b70ad9b9cbb5c4d6ed77213ce344c94cdacbc5b6ae1,,original_process_only
mandelbrot2,numba,object-mode-parallel,same_process,observed,0.35751354740932584,mandelbrot2,historical_main,,,,2,1,True,False,7fb4071f3c8e581537c1201436e2e0f64673e094a239bc776fcd1d6c96095d69,e953c506eaf95aed1da28b70ad9b9cbb5c4d6ed77213ce344c94cdacbc5b6ae1,,original_process_only
mandelbrot2,numba,object-mode-parallel-range,same_process,N/A,,,,,,,,,False,,,,,
mandelbrot2,dace_cpu,fusion,same_process,error,,mandelbrot2,historical_main,,,,0,0,False,False,7fb4071f3c8e581537c1201436e2e0f64673e094a239bc776fcd1d6c96095d69,e953c506eaf95aed1da28b70ad9b9cbb5c4d6ed77213ce344c94cdacbc5b6ae1,,
mandelbrot2,dace_cpu,parallel,same_process,error,,mandelbrot2,historical_main,,,,0,0,False,False,7fb4071f3c8e581537c1201436e2e0f64673e094a239bc776fcd1d6c96095d69,e953c506eaf95aed1da28b70ad9b9cbb5c4d6ed77213ce344c94cdacbc5b6ae1,,
mandelbrot2,dace_cpu,auto_opt,same_process,error,,mandelbrot2,historical_main,,,,0,0,False,False,7fb4071f3c8e581537c1201436e2e0f64673e094a239bc776fcd1d6c96095d69,e953c506eaf95aed1da28b70ad9b9cbb5c4d6ed77213ce344c94cdacbc5b6ae1,,
mandelbrot2,dace_gpu,fusion,same_process,error,,mandelbrot2,historical_main,,,,0,0,False,False,7fb4071f3c8e581537c1201436e2e0f64673e094a239bc776fcd1d6c96095d69,e953c506eaf95aed1da28b70ad9b9cbb5c4d6ed77213ce344c94cdacbc5b6ae1,,
mandelbrot2,dace_gpu,parallel,same_process,error,,mandelbrot2,historical_main,,,,0,0,False,False,7fb4071f3c8e581537c1201436e2e0f64673e094a239bc776fcd1d6c96095d69,e953c506eaf95aed1da28b70ad9b9cbb5c4d6ed77213ce344c94cdacbc5b6ae1,,
mandelbrot2,dace_gpu,auto_opt,same_process,error,,mandelbrot2,historical_main,,,,0,0,False,False,7fb4071f3c8e581537c1201436e2e0f64673e094a239bc776fcd1d6c96095d69,e953c506eaf95aed1da28b70ad9b9cbb5c4d6ed77213ce344c94cdacbc5b6ae1,,
mandelbrot2,cupy,default,same_process,observed,0.2201357155572623,mandelbrot2,historical_main,,,,6,3,True,False,7fb4071f3c8e581537c1201436e2e0f64673e094a239bc776fcd1d6c96095d69,e953c506eaf95aed1da28b70ad9b9cbb5c4d6ed77213ce344c94cdacbc5b6ae1,,selected_process_variability
mlp,numpy,default,same_process,observed,0.32239801599644125,mlp,historical_main,,,,6,3,False,False,5a57834b626ad11a97469e2ed2472df251c3e8ff143b8d8d463672e399d900be,87c94f9c003ff974cd198163ffe2fd3948bacd6ba11c6c91faa770e7bcee04e9,,
mlp,numba,nopython-mode,same_process,observed,0.2898677203338593,mlp_rowmax,workload-repairs/matched-L,,,,6,3,False,True,5a57834b626ad11a97469e2ed2472df251c3e8ff143b8d8d463672e399d900be,87c94f9c003ff974cd198163ffe2fd3948bacd6ba11c6c91faa770e7bcee04e9,,
mlp,numba,nopython-mode-parallel,same_process,observed,0.6028787628747523,mlp_rowmax,workload-repairs/matched-L,,,,6,3,True,True,5a57834b626ad11a97469e2ed2472df251c3e8ff143b8d8d463672e399d900be,87c94f9c003ff974cd198163ffe2fd3948bacd6ba11c6c91faa770e7bcee04e9,,between_process_variability;within_process_variability
mlp,numba,nopython-mode-parallel-range,same_process,observed,0.5543483160436153,mlp_rowmax,workload-repairs/matched-L,,,,6,3,False,True,5a57834b626ad11a97469e2ed2472df251c3e8ff143b8d8d463672e399d900be,87c94f9c003ff974cd198163ffe2fd3948bacd6ba11c6c91faa770e7bcee04e9,,
mlp,numba,object-mode,same_process,observed,0.30383958411403,mlp,historical_main,,,,6,3,True,False,5a57834b626ad11a97469e2ed2472df251c3e8ff143b8d8d463672e399d900be,87c94f9c003ff974cd198163ffe2fd3948bacd6ba11c6c91faa770e7bcee04e9,,new_sampling_or_resources;selected_process_variability
mlp,numba,object-mode-parallel,same_process,observed,0.3099710780661553,mlp,historical_main,,,,6,3,True,False,5a57834b626ad11a97469e2ed2472df251c3e8ff143b8d8d463672e399d900be,87c94f9c003ff974cd198163ffe2fd3948bacd6ba11c6c91faa770e7bcee04e9,,new_sampling_or_resources;selected_process_variability
mlp,numba,object-mode-parallel-range,same_process,N/A,,,,,,,,,False,,,,,
mlp,dace_cpu,fusion,same_process,observed,0.6509321739431471,mlp,historical_main,,,,6,3,True,False,5a57834b626ad11a97469e2ed2472df251c3e8ff143b8d8d463672e399d900be,87c94f9c003ff974cd198163ffe2fd3948bacd6ba11c6c91faa770e7bcee04e9,,selected_process_variability
mlp,dace_cpu,parallel,same_process,observed,0.6817352951038629,mlp,historical_main,,,,6,3,True,False,5a57834b626ad11a97469e2ed2472df251c3e8ff143b8d8d463672e399d900be,87c94f9c003ff974cd198163ffe2fd3948bacd6ba11c6c91faa770e7bcee04e9,,selected_process_variability
mlp,dace_cpu,auto_opt,same_process,observed,0.798270229017362,mlp,historical_main,,,,6,3,True,False,5a57834b626ad11a97469e2ed2472df251c3e8ff143b8d8d463672e399d900be,87c94f9c003ff974cd198163ffe2fd3948bacd6ba11c6c91faa770e7bcee04e9,,selected_process_variability
mlp,dace_gpu,fusion,same_process,observed,1.1805299909319729,mlp,historical_main,,,,6,3,False,False,5a57834b626ad11a97469e2ed2472df251c3e8ff143b8d8d463672e399d900be,87c94f9c003ff974cd198163ffe2fd3948bacd6ba11c6c91faa770e7bcee04e9,,
mlp,dace_gpu,parallel,same_process,observed,1.3113123662769794,mlp,historical_main,,,,6,3,True,False,5a57834b626ad11a97469e2ed2472df251c3e8ff143b8d8d463672e399d900be,87c94f9c003ff974cd198163ffe2fd3948bacd6ba11c6c91faa770e7bcee04e9,,selected_process_variability
mlp,dace_gpu,auto_opt,same_process,observed,1.104638103628531,mlp,historical_main,,,,6,3,True,False,5a57834b626ad11a97469e2ed2472df251c3e8ff143b8d8d463672e399d900be,87c94f9c003ff974cd198163ffe2fd3948bacd6ba11c6c91faa770e7bcee04e9,,selected_process_variability
mlp,cupy,default,same_process,observed,0.9590089966077358,mlp,historical_main,,,,6,3,True,False,5a57834b626ad11a97469e2ed2472df251c3e8ff143b8d8d463672e399d900be,87c94f9c003ff974cd198163ffe2fd3948bacd6ba11c6c91faa770e7bcee04e9,,selected_process_variability
mvt,numpy,default,same_process,observed,0.15428771008737385,mvt,historical_main,,,,6,3,False,False,6d38d7a7e4ccc0cd21261ff27458bbfec43022e90858441b148c763f459bdc05,31a7a541d3eb3d99e166c80b243812e6678c96f5f504254d1acff781fbc1da55,,
mvt,numba,nopython-mode,same_process,observed,0.1534636728465557,mvt,historical_main,,,,6,3,True,False,6d38d7a7e4ccc0cd21261ff27458bbfec43022e90858441b148c763f459bdc05,31a7a541d3eb3d99e166c80b243812e6678c96f5f504254d1acff781fbc1da55,,new_sampling_or_resources
mvt,numba,nopython-mode-parallel,same_process,observed,0.14309522765688598,mvt,historical_main,,,,6,3,True,False,6d38d7a7e4ccc0cd21261ff27458bbfec43022e90858441b148c763f459bdc05,31a7a541d3eb3d99e166c80b243812e6678c96f5f504254d1acff781fbc1da55,,selected_process_variability
mvt,numba,nopython-mode-parallel-range,same_process,N/A,,,,,,,,,False,,,,,
mvt,numba,object-mode,same_process,N/A,,,,,,,,,False,,,,,
mvt,numba,object-mode-parallel,same_process,N/A,,,,,,,,,False,,,,,
mvt,numba,object-mode-parallel-range,same_process,N/A,,,,,,,,,False,,,,,
mvt,dace_cpu,fusion,same_process,observed,0.22939296253025532,mvt,historical_main,,,,6,3,False,False,6d38d7a7e4ccc0cd21261ff27458bbfec43022e90858441b148c763f459bdc05,31a7a541d3eb3d99e166c80b243812e6678c96f5f504254d1acff781fbc1da55,,
mvt,dace_cpu,parallel,same_process,observed,0.22789105656556785,mvt,historical_main,,,,6,3,False,False,6d38d7a7e4ccc0cd21261ff27458bbfec43022e90858441b148c763f459bdc05,31a7a541d3eb3d99e166c80b243812e6678c96f5f504254d1acff781fbc1da55,,
mvt,dace_cpu,auto_opt,same_process,observed,0.2086546840146184,mvt,historical_main,,,,6,3,False,False,6d38d7a7e4ccc0cd21261ff27458bbfec43022e90858441b148c763f459bdc05,31a7a541d3eb3d99e166c80b243812e6678c96f5f504254d1acff781fbc1da55,,
mvt,dace_gpu,fusion,same_process,observed,0.5395575670991093,mvt,historical_main,,,,6,3,False,False,6d38d7a7e4ccc0cd21261ff27458bbfec43022e90858441b148c763f459bdc05,31a7a541d3eb3d99e166c80b243812e6678c96f5f504254d1acff781fbc1da55,,
mvt,dace_gpu,parallel,same_process,observed,0.539179464103654,mvt,historical_main,,,,6,3,False,False,6d38d7a7e4ccc0cd21261ff27458bbfec43022e90858441b148c763f459bdc05,31a7a541d3eb3d99e166c80b243812e6678c96f5f504254d1acff781fbc1da55,,
mvt,dace_gpu,auto_opt,same_process,observed,0.5443190427031368,mvt,historical_main,,,,6,3,True,False,6d38d7a7e4ccc0cd21261ff27458bbfec43022e90858441b148c763f459bdc05,31a7a541d3eb3d99e166c80b243812e6678c96f5f504254d1acff781fbc1da55,,selected_process_variability
mvt,cupy,default,same_process,observed,0.5285316414665431,mvt,historical_main,,,,6,3,False,False,6d38d7a7e4ccc0cd21261ff27458bbfec43022e90858441b148c763f459bdc05,31a7a541d3eb3d99e166c80b243812e6678c96f5f504254d1acff781fbc1da55,,
nbody,numpy,default,same_process,validation,,nbody,historical_main,,,,0,0,False,False,eb19dd29eced1356f5981ddd1d68235062b1cd0e3e730e4069acc2a4f30a6512,369f565b2cc3f4d1e7431a758f71f09b2fb5270f7b56b9b6b5de37373d88c636,,
nbody,numba,nopython-mode,same_process,validation,,nbody,historical_main,,,,0,0,False,False,eb19dd29eced1356f5981ddd1d68235062b1cd0e3e730e4069acc2a4f30a6512,369f565b2cc3f4d1e7431a758f71f09b2fb5270f7b56b9b6b5de37373d88c636,,
nbody,numba,nopython-mode-parallel,same_process,N/A,,,,,,,,,False,,,,,
nbody,numba,nopython-mode-parallel-range,same_process,N/A,,,,,,,,,False,,,,,
nbody,numba,object-mode,same_process,validation,,nbody,historical_main,,,,0,0,False,False,eb19dd29eced1356f5981ddd1d68235062b1cd0e3e730e4069acc2a4f30a6512,369f565b2cc3f4d1e7431a758f71f09b2fb5270f7b56b9b6b5de37373d88c636,,
nbody,numba,object-mode-parallel,same_process,validation,,nbody,historical_main,,,,0,0,False,False,eb19dd29eced1356f5981ddd1d68235062b1cd0e3e730e4069acc2a4f30a6512,369f565b2cc3f4d1e7431a758f71f09b2fb5270f7b56b9b6b5de37373d88c636,,
nbody,numba,object-mode-parallel-range,same_process,N/A,,,,,,,,,False,,,,,
nbody,dace_cpu,fusion,same_process,validation,,nbody,historical_main,,,,0,0,False,False,eb19dd29eced1356f5981ddd1d68235062b1cd0e3e730e4069acc2a4f30a6512,369f565b2cc3f4d1e7431a758f71f09b2fb5270f7b56b9b6b5de37373d88c636,,
nbody,dace_cpu,parallel,same_process,validation,,nbody,historical_main,,,,0,0,False,False,eb19dd29eced1356f5981ddd1d68235062b1cd0e3e730e4069acc2a4f30a6512,369f565b2cc3f4d1e7431a758f71f09b2fb5270f7b56b9b6b5de37373d88c636,,
nbody,dace_cpu,auto_opt,same_process,validation,,nbody,historical_main,,,,0,0,False,False,eb19dd29eced1356f5981ddd1d68235062b1cd0e3e730e4069acc2a4f30a6512,369f565b2cc3f4d1e7431a758f71f09b2fb5270f7b56b9b6b5de37373d88c636,,
nbody,dace_gpu,fusion,same_process,validation,,nbody,historical_main,,,,0,0,False,False,eb19dd29eced1356f5981ddd1d68235062b1cd0e3e730e4069acc2a4f30a6512,369f565b2cc3f4d1e7431a758f71f09b2fb5270f7b56b9b6b5de37373d88c636,,
nbody,dace_gpu,parallel,same_process,validation,,nbody,historical_main,,,,0,0,False,False,eb19dd29eced1356f5981ddd1d68235062b1cd0e3e730e4069acc2a4f30a6512,369f565b2cc3f4d1e7431a758f71f09b2fb5270f7b56b9b6b5de37373d88c636,,
nbody,dace_gpu,auto_opt,same_process,validation,,nbody,historical_main,,,,0,0,False,False,eb19dd29eced1356f5981ddd1d68235062b1cd0e3e730e4069acc2a4f30a6512,369f565b2cc3f4d1e7431a758f71f09b2fb5270f7b56b9b6b5de37373d88c636,,
nbody,cupy,default,same_process,validation,,nbody,historical_main,,,,0,0,False,False,eb19dd29eced1356f5981ddd1d68235062b1cd0e3e730e4069acc2a4f30a6512,369f565b2cc3f4d1e7431a758f71f09b2fb5270f7b56b9b6b5de37373d88c636,,
nussinov,numpy,default,same_process,observed,1.1728499236050993,nussinov,historical_main,,,,6,3,False,False,7de19d1b6c54c559477765ce530898d3c0e580b07d787f443f19ff85acf43418,05b880e157b9ee387cb9be1fa3b10e2f4efe7bed764c6b129b8b31ad87b8df2a,,
nussinov,numba,nopython-mode,same_process,observed,0.002775998553261161,nussinov,step4/confirmation-L,,,,6,3,False,False,7de19d1b6c54c559477765ce530898d3c0e580b07d787f443f19ff85acf43418,05b880e157b9ee387cb9be1fa3b10e2f4efe7bed764c6b129b8b31ad87b8df2a,,
nussinov,numba,nopython-mode-parallel,same_process,observed,0.005048967199400067,nussinov,historical_main,,,,6,3,True,False,7de19d1b6c54c559477765ce530898d3c0e580b07d787f443f19ff85acf43418,05b880e157b9ee387cb9be1fa3b10e2f4efe7bed764c6b129b8b31ad87b8df2a,,selected_process_variability
nussinov,numba,nopython-mode-parallel-range,same_process,N/A,,,,,,,,,False,,,,,
nussinov,numba,object-mode,same_process,N/A,,,,,,,,,False,,,,,
nussinov,numba,object-mode-parallel,same_process,N/A,,,,,,,,,False,,,,,
nussinov,numba,object-mode-parallel-range,same_process,N/A,,,,,,,,,False,,,,,
nussinov,dace_cpu,fusion,same_process,observed,0.00986722088418901,nussinov,historical_main,,,,6,3,True,False,7de19d1b6c54c559477765ce530898d3c0e580b07d787f443f19ff85acf43418,05b880e157b9ee387cb9be1fa3b10e2f4efe7bed764c6b129b8b31ad87b8df2a,,selected_process_variability
nussinov,dace_cpu,parallel,same_process,observed,0.008881215704604983,nussinov,historical_main,,,,6,3,True,False,7de19d1b6c54c559477765ce530898d3c0e580b07d787f443f19ff85acf43418,05b880e157b9ee387cb9be1fa3b10e2f4efe7bed764c6b129b8b31ad87b8df2a,,selected_process_variability
nussinov,dace_cpu,auto_opt,same_process,observed,0.009372076485306025,nussinov,historical_main,,,,6,3,True,False,7de19d1b6c54c559477765ce530898d3c0e580b07d787f443f19ff85acf43418,05b880e157b9ee387cb9be1fa3b10e2f4efe7bed764c6b129b8b31ad87b8df2a,,selected_process_variability
nussinov,dace_gpu,fusion,same_process,observed,50.56568382168189,nussinov,historical_main,,,,6,3,False,False,7de19d1b6c54c559477765ce530898d3c0e580b07d787f443f19ff85acf43418,05b880e157b9ee387cb9be1fa3b10e2f4efe7bed764c6b129b8b31ad87b8df2a,,
nussinov,dace_gpu,parallel,same_process,observed,50.27788714435883,nussinov,historical_main,,,,6,3,False,False,7de19d1b6c54c559477765ce530898d3c0e580b07d787f443f19ff85acf43418,05b880e157b9ee387cb9be1fa3b10e2f4efe7bed764c6b129b8b31ad87b8df2a,,
nussinov,dace_gpu,auto_opt,same_process,observed,51.777795795118436,nussinov,historical_main,,,,6,3,True,False,7de19d1b6c54c559477765ce530898d3c0e580b07d787f443f19ff85acf43418,05b880e157b9ee387cb9be1fa3b10e2f4efe7bed764c6b129b8b31ad87b8df2a,,selected_process_variability
nussinov,cupy,default,same_process,observed,82.69617036706768,nussinov,historical_main,,,,6,3,False,False,7de19d1b6c54c559477765ce530898d3c0e580b07d787f443f19ff85acf43418,05b880e157b9ee387cb9be1fa3b10e2f4efe7bed764c6b129b8b31ad87b8df2a,,
resnet,numpy,default,same_process,observed,1.1987555546220392,resnet,historical_main,,,,6,3,False,False,9c64e5659fe9a99f38dfdee95f8c4b5ec1e0daa0e4544948c4f88bb50e6edbfa,070b0fcd2b4f101302a58108dce79a6ea1d6fdbdf9be753fec768d1818ea7464,,
resnet,numba,nopython-mode,same_process,validation,,resnet,historical_main,,,,0,0,False,False,9c64e5659fe9a99f38dfdee95f8c4b5ec1e0daa0e4544948c4f88bb50e6edbfa,070b0fcd2b4f101302a58108dce79a6ea1d6fdbdf9be753fec768d1818ea7464,,
resnet,numba,nopython-mode-parallel,same_process,validation,,resnet,historical_main,,,,0,0,False,False,9c64e5659fe9a99f38dfdee95f8c4b5ec1e0daa0e4544948c4f88bb50e6edbfa,070b0fcd2b4f101302a58108dce79a6ea1d6fdbdf9be753fec768d1818ea7464,,
resnet,numba,nopython-mode-parallel-range,same_process,validation,,resnet,historical_main,,,,0,0,False,False,9c64e5659fe9a99f38dfdee95f8c4b5ec1e0daa0e4544948c4f88bb50e6edbfa,070b0fcd2b4f101302a58108dce79a6ea1d6fdbdf9be753fec768d1818ea7464,,
resnet,numba,object-mode,same_process,error,,resnet,historical_main,,,,0,0,False,False,9c64e5659fe9a99f38dfdee95f8c4b5ec1e0daa0e4544948c4f88bb50e6edbfa,070b0fcd2b4f101302a58108dce79a6ea1d6fdbdf9be753fec768d1818ea7464,,
resnet,numba,object-mode-parallel,same_process,error,,resnet,historical_main,,,,0,0,False,False,9c64e5659fe9a99f38dfdee95f8c4b5ec1e0daa0e4544948c4f88bb50e6edbfa,070b0fcd2b4f101302a58108dce79a6ea1d6fdbdf9be753fec768d1818ea7464,,
resnet,numba,object-mode-parallel-range,same_process,observed,1.1909286796581,resnet,historical_main,,,,6,3,False,False,9c64e5659fe9a99f38dfdee95f8c4b5ec1e0daa0e4544948c4f88bb50e6edbfa,070b0fcd2b4f101302a58108dce79a6ea1d6fdbdf9be753fec768d1818ea7464,,
resnet,dace_cpu,fusion,same_process,observed,2.0745546522084624,resnet,historical_main,,,,6,3,True,False,9c64e5659fe9a99f38dfdee95f8c4b5ec1e0daa0e4544948c4f88bb50e6edbfa,070b0fcd2b4f101302a58108dce79a6ea1d6fdbdf9be753fec768d1818ea7464,,selected_process_variability
resnet,dace_cpu,parallel,same_process,observed,0.9158033556304872,resnet,historical_main,,,,6,3,True,False,9c64e5659fe9a99f38dfdee95f8c4b5ec1e0daa0e4544948c4f88bb50e6edbfa,070b0fcd2b4f101302a58108dce79a6ea1d6fdbdf9be753fec768d1818ea7464,,selected_process_variability
resnet,dace_cpu,auto_opt,same_process,observed,0.768561563687399,resnet,historical_main,,,,6,3,True,False,9c64e5659fe9a99f38dfdee95f8c4b5ec1e0daa0e4544948c4f88bb50e6edbfa,070b0fcd2b4f101302a58108dce79a6ea1d6fdbdf9be753fec768d1818ea7464,,new_variability;selected_process_variability
resnet,dace_gpu,fusion,same_process,validation,,resnet,historical_main,,,,0,0,False,False,9c64e5659fe9a99f38dfdee95f8c4b5ec1e0daa0e4544948c4f88bb50e6edbfa,070b0fcd2b4f101302a58108dce79a6ea1d6fdbdf9be753fec768d1818ea7464,,
resnet,dace_gpu,parallel,same_process,error,,resnet,historical_main,,,,0,0,False,False,9c64e5659fe9a99f38dfdee95f8c4b5ec1e0daa0e4544948c4f88bb50e6edbfa,070b0fcd2b4f101302a58108dce79a6ea1d6fdbdf9be753fec768d1818ea7464,,
resnet,dace_gpu,auto_opt,same_process,error,,resnet,historical_main,,,,0,0,False,False,9c64e5659fe9a99f38dfdee95f8c4b5ec1e0daa0e4544948c4f88bb50e6edbfa,070b0fcd2b4f101302a58108dce79a6ea1d6fdbdf9be753fec768d1818ea7464,,
resnet,cupy,default,same_process,observed,1.1502233606297523,resnet,historical_main,,,,6,3,False,False,9c64e5659fe9a99f38dfdee95f8c4b5ec1e0daa0e4544948c4f88bb50e6edbfa,070b0fcd2b4f101302a58108dce79a6ea1d6fdbdf9be753fec768d1818ea7464,,
scattering_self_energies,numpy,default,same_process,observed,1.0273800145369023,scattering_self_energies,historical_main,,,,6,3,True,False,dfe8b7a530913f54e6164d2f20cb5a63e6c95544a680629acde629144cff7caa,f7d4f3c7d50b72880addf25da02f47a077e25e5f288758e484adcbc85a181974,,selected_process_variability
scattering_self_energies,numba,nopython-mode,same_process,observed,0.09325084020383656,scattering_self_energies,step4/confirmation-L,,,,6,3,False,False,dfe8b7a530913f54e6164d2f20cb5a63e6c95544a680629acde629144cff7caa,f7d4f3c7d50b72880addf25da02f47a077e25e5f288758e484adcbc85a181974,,
scattering_self_energies,numba,nopython-mode-parallel,same_process,N/A,,,,,,,,,False,,,,,
scattering_self_energies,numba,nopython-mode-parallel-range,same_process,observed,0.39123467239551246,scattering_self_energies,historical_main,,,,6,3,False,False,dfe8b7a530913f54e6164d2f20cb5a63e6c95544a680629acde629144cff7caa,f7d4f3c7d50b72880addf25da02f47a077e25e5f288758e484adcbc85a181974,,
scattering_self_energies,numba,object-mode,same_process,N/A,,,,,,,,,False,,,,,
scattering_self_energies,numba,object-mode-parallel,same_process,N/A,,,,,,,,,False,,,,,
scattering_self_energies,numba,object-mode-parallel-range,same_process,N/A,,,,,,,,,False,,,,,
scattering_self_energies,dace_cpu,fusion,same_process,observed,7.628670050529763,scattering_self_energies,historical_main,,,,6,3,True,False,dfe8b7a530913f54e6164d2f20cb5a63e6c95544a680629acde629144cff7caa,f7d4f3c7d50b72880addf25da02f47a077e25e5f288758e484adcbc85a181974,,selected_process_variability
scattering_self_energies,dace_cpu,parallel,same_process,observed,9.27697738353163,scattering_self_energies,historical_main,,,,6,3,True,False,dfe8b7a530913f54e6164d2f20cb5a63e6c95544a680629acde629144cff7caa,f7d4f3c7d50b72880addf25da02f47a077e25e5f288758e484adcbc85a181974,,selected_process_variability
scattering_self_energies,dace_cpu,auto_opt,same_process,observed,7.4268509689718485,scattering_self_energies,historical_main,,,,6,3,True,False,dfe8b7a530913f54e6164d2f20cb5a63e6c95544a680629acde629144cff7caa,f7d4f3c7d50b72880addf25da02f47a077e25e5f288758e484adcbc85a181974,,selected_process_variability
scattering_self_energies,dace_gpu,fusion,same_process,observed,6.833423481089994,scattering_self_energies,historical_main,,,,6,3,False,False,dfe8b7a530913f54e6164d2f20cb5a63e6c95544a680629acde629144cff7caa,f7d4f3c7d50b72880addf25da02f47a077e25e5f288758e484adcbc85a181974,,
scattering_self_energies,dace_gpu,parallel,same_process,observed,6.994993430562317,scattering_self_energies,historical_main,,,,6,3,False,False,dfe8b7a530913f54e6164d2f20cb5a63e6c95544a680629acde629144cff7caa,f7d4f3c7d50b72880addf25da02f47a077e25e5f288758e484adcbc85a181974,,
scattering_self_energies,dace_gpu,auto_opt,same_process,observed,5.0471635174471885,scattering_self_energies,historical_main,,,,6,3,True,False,dfe8b7a530913f54e6164d2f20cb5a63e6c95544a680629acde629144cff7caa,f7d4f3c7d50b72880addf25da02f47a077e25e5f288758e484adcbc85a181974,,new_sampling_or_resources
scattering_self_energies,cupy,default,same_process,observed,12.695414496818557,scattering_self_energies,historical_main,,,,6,3,False,False,dfe8b7a530913f54e6164d2f20cb5a63e6c95544a680629acde629144cff7caa,f7d4f3c7d50b72880addf25da02f47a077e25e5f288758e484adcbc85a181974,,
seidel_2d,numpy,default,same_process,observed,1.0670811131130904,seidel_2d,historical_main,,,,6,3,False,False,ee1919384d25883ff17bfcdb49d28a5d6dabc6f97d12c672811043a4107874a9,6d10c80c878e92ea3bdd4f0a16c473438b233d1989ed5a8d0f8d1356e6d0b32b,,
seidel_2d,numba,nopython-mode,same_process,observed,0.012338991044089198,seidel_2d,historical_main,,,,6,3,True,False,ee1919384d25883ff17bfcdb49d28a5d6dabc6f97d12c672811043a4107874a9,6d10c80c878e92ea3bdd4f0a16c473438b233d1989ed5a8d0f8d1356e6d0b32b,,new_sampling_or_resources
seidel_2d,numba,nopython-mode-parallel,same_process,validation,,seidel_2d,historical_main,,,,0,0,False,False,ee1919384d25883ff17bfcdb49d28a5d6dabc6f97d12c672811043a4107874a9,6d10c80c878e92ea3bdd4f0a16c473438b233d1989ed5a8d0f8d1356e6d0b32b,,
seidel_2d,numba,nopython-mode-parallel-range,same_process,N/A,,,,,,,,,False,,,,,
seidel_2d,numba,object-mode,same_process,N/A,,,,,,,,,False,,,,,
seidel_2d,numba,object-mode-parallel,same_process,N/A,,,,,,,,,False,,,,,
seidel_2d,numba,object-mode-parallel-range,same_process,N/A,,,,,,,,,False,,,,,
seidel_2d,dace_cpu,fusion,same_process,observed,0.6185938464477658,seidel_2d,historical_main,,,,6,3,True,False,ee1919384d25883ff17bfcdb49d28a5d6dabc6f97d12c672811043a4107874a9,6d10c80c878e92ea3bdd4f0a16c473438b233d1989ed5a8d0f8d1356e6d0b32b,,selected_process_variability
seidel_2d,dace_cpu,parallel,same_process,observed,0.6193840100895613,seidel_2d,historical_main,,,,6,3,True,False,ee1919384d25883ff17bfcdb49d28a5d6dabc6f97d12c672811043a4107874a9,6d10c80c878e92ea3bdd4f0a16c473438b233d1989ed5a8d0f8d1356e6d0b32b,,selected_process_variability
seidel_2d,dace_cpu,auto_opt,same_process,observed,0.6850007518660277,seidel_2d,historical_main,,,,6,3,True,False,ee1919384d25883ff17bfcdb49d28a5d6dabc6f97d12c672811043a4107874a9,6d10c80c878e92ea3bdd4f0a16c473438b233d1989ed5a8d0f8d1356e6d0b32b,,selected_process_variability
seidel_2d,dace_gpu,fusion,same_process,observed,23.77391218394041,seidel_2d,historical_main,,,,6,3,False,False,ee1919384d25883ff17bfcdb49d28a5d6dabc6f97d12c672811043a4107874a9,6d10c80c878e92ea3bdd4f0a16c473438b233d1989ed5a8d0f8d1356e6d0b32b,,
seidel_2d,dace_gpu,parallel,same_process,observed,23.719966757576913,seidel_2d,historical_main,,,,6,3,False,False,ee1919384d25883ff17bfcdb49d28a5d6dabc6f97d12c672811043a4107874a9,6d10c80c878e92ea3bdd4f0a16c473438b233d1989ed5a8d0f8d1356e6d0b32b,,
seidel_2d,dace_gpu,auto_opt,same_process,observed,24.2586894154083,seidel_2d,historical_main,,,,6,3,False,False,ee1919384d25883ff17bfcdb49d28a5d6dabc6f97d12c672811043a4107874a9,6d10c80c878e92ea3bdd4f0a16c473438b233d1989ed5a8d0f8d1356e6d0b32b,,
seidel_2d,cupy,default,same_process,observed,42.24012964544818,seidel_2d,historical_main,,,,6,3,False,False,ee1919384d25883ff17bfcdb49d28a5d6dabc6f97d12c672811043a4107874a9,6d10c80c878e92ea3bdd4f0a16c473438b233d1989ed5a8d0f8d1356e6d0b32b,,
softmax,numpy,default,same_process,observed,1.2258611128199846,softmax,historical_main,,,,6,3,True,False,4c2cc8073ef8741ed9febc8a4ff62219351eab9b80f103f3f9ef78cbfb3d3a24,2fcf9437c28756a764115316372f1c170da55c13fa29321255a7dcc2a7583c80,,selected_process_variability
softmax,numba,nopython-mode,same_process,observed,4.3915791511535645,softmax,historical_main,,,,6,3,False,False,4c2cc8073ef8741ed9febc8a4ff62219351eab9b80f103f3f9ef78cbfb3d3a24,2fcf9437c28756a764115316372f1c170da55c13fa29321255a7dcc2a7583c80,,
softmax,numba,nopython-mode-parallel,same_process,observed,2.537584192119539,softmax,historical_main,,,,6,3,True,False,4c2cc8073ef8741ed9febc8a4ff62219351eab9b80f103f3f9ef78cbfb3d3a24,2fcf9437c28756a764115316372f1c170da55c13fa29321255a7dcc2a7583c80,,selected_process_variability
softmax,numba,nopython-mode-parallel-range,same_process,observed,2.5392290700692683,softmax,historical_main,,,,6,3,True,False,4c2cc8073ef8741ed9febc8a4ff62219351eab9b80f103f3f9ef78cbfb3d3a24,2fcf9437c28756a764115316372f1c170da55c13fa29321255a7dcc2a7583c80,,selected_process_variability
softmax,numba,object-mode,same_process,observed,1.2231680466793478,softmax,historical_main,,,,6,3,True,False,4c2cc8073ef8741ed9febc8a4ff62219351eab9b80f103f3f9ef78cbfb3d3a24,2fcf9437c28756a764115316372f1c170da55c13fa29321255a7dcc2a7583c80,,new_variability
softmax,numba,object-mode-parallel,same_process,observed,1.0988642694428563,softmax,historical_main,,,,6,3,True,False,4c2cc8073ef8741ed9febc8a4ff62219351eab9b80f103f3f9ef78cbfb3d3a24,2fcf9437c28756a764115316372f1c170da55c13fa29321255a7dcc2a7583c80,,new_variability
softmax,numba,object-mode-parallel-range,same_process,N/A,,,,,,,,,False,,,,,
softmax,dace_cpu,fusion,same_process,observed,131.4248795537278,softmax,historical_main,,,,6,3,False,False,4c2cc8073ef8741ed9febc8a4ff62219351eab9b80f103f3f9ef78cbfb3d3a24,2fcf9437c28756a764115316372f1c170da55c13fa29321255a7dcc2a7583c80,,
softmax,dace_cpu,parallel,same_process,observed,134.46748244250193,softmax,historical_main,,,,6,3,False,False,4c2cc8073ef8741ed9febc8a4ff62219351eab9b80f103f3f9ef78cbfb3d3a24,2fcf9437c28756a764115316372f1c170da55c13fa29321255a7dcc2a7583c80,,
softmax,dace_cpu,auto_opt,same_process,observed,140.1217202055268,softmax,historical_main,,,,6,3,False,False,4c2cc8073ef8741ed9febc8a4ff62219351eab9b80f103f3f9ef78cbfb3d3a24,2fcf9437c28756a764115316372f1c170da55c13fa29321255a7dcc2a7583c80,,
softmax,dace_gpu,fusion,same_process,observed,0.3149720267392695,softmax,historical_main,,,,6,3,False,False,4c2cc8073ef8741ed9febc8a4ff62219351eab9b80f103f3f9ef78cbfb3d3a24,2fcf9437c28756a764115316372f1c170da55c13fa29321255a7dcc2a7583c80,,
softmax,dace_gpu,parallel,same_process,observed,0.29834673181176186,softmax,historical_main,,,,6,3,False,False,4c2cc8073ef8741ed9febc8a4ff62219351eab9b80f103f3f9ef78cbfb3d3a24,2fcf9437c28756a764115316372f1c170da55c13fa29321255a7dcc2a7583c80,,
softmax,dace_gpu,auto_opt,same_process,observed,0.28490055724978447,softmax,historical_main,,,,6,3,False,False,4c2cc8073ef8741ed9febc8a4ff62219351eab9b80f103f3f9ef78cbfb3d3a24,2fcf9437c28756a764115316372f1c170da55c13fa29321255a7dcc2a7583c80,,
softmax,cupy,default,same_process,observed,0.2733467663638294,softmax,historical_main,,,,6,3,False,False,4c2cc8073ef8741ed9febc8a4ff62219351eab9b80f103f3f9ef78cbfb3d3a24,2fcf9437c28756a764115316372f1c170da55c13fa29321255a7dcc2a7583c80,,
spmv,numpy,default,same_process,observed,1.1481759194284678,spmv,historical_main,,,,6,3,False,False,da225492dbcd662f48fe5c413e0af07e8fbf1265c8b2c20e9564383e2e55d8ad,830b22cd03e41feb9b883b4b8fc754402901ac74dc9f607cfa3a81bdc5787389,,
spmv,numba,nopython-mode,same_process,observed,0.024211599491536617,spmv,historical_main,,,,6,3,False,False,da225492dbcd662f48fe5c413e0af07e8fbf1265c8b2c20e9564383e2e55d8ad,830b22cd03e41feb9b883b4b8fc754402901ac74dc9f607cfa3a81bdc5787389,,
spmv,numba,nopython-mode-parallel,same_process,observed,0.018671741941943765,spmv,historical_main,,,,6,3,True,False,da225492dbcd662f48fe5c413e0af07e8fbf1265c8b2c20e9564383e2e55d8ad,830b22cd03e41feb9b883b4b8fc754402901ac74dc9f607cfa3a81bdc5787389,,selected_process_variability
spmv,numba,nopython-mode-parallel-range,same_process,observed,0.003174065612256527,spmv,historical_main,,,,6,3,True,False,da225492dbcd662f48fe5c413e0af07e8fbf1265c8b2c20e9564383e2e55d8ad,830b22cd03e41feb9b883b4b8fc754402901ac74dc9f607cfa3a81bdc5787389,,historical_drift_requires_review;new_variability;selected_process_variability
spmv,numba,object-mode,same_process,N/A,,,,,,,,,False,,,,,
spmv,numba,object-mode-parallel,same_process,N/A,,,,,,,,,False,,,,,
spmv,numba,object-mode-parallel-range,same_process,N/A,,,,,,,,,False,,,,,
spmv,dace_cpu,fusion,same_process,observed,8.457816451089457,spmv,historical_main,,,,6,3,True,False,da225492dbcd662f48fe5c413e0af07e8fbf1265c8b2c20e9564383e2e55d8ad,830b22cd03e41feb9b883b4b8fc754402901ac74dc9f607cfa3a81bdc5787389,,selected_process_variability
spmv,dace_cpu,parallel,same_process,observed,0.006445311242714524,spmv,historical_main,,,,6,3,True,False,da225492dbcd662f48fe5c413e0af07e8fbf1265c8b2c20e9564383e2e55d8ad,830b22cd03e41feb9b883b4b8fc754402901ac74dc9f607cfa3a81bdc5787389,,historical_drift_requires_review;new_variability;selected_process_variability
spmv,dace_cpu,auto_opt,same_process,observed,0.0070749809965491295,spmv,historical_main,,,,6,3,True,False,da225492dbcd662f48fe5c413e0af07e8fbf1265c8b2c20e9564383e2e55d8ad,830b22cd03e41feb9b883b4b8fc754402901ac74dc9f607cfa3a81bdc5787389,,selected_process_variability
spmv,dace_gpu,fusion,same_process,observed,50.423293430591,spmv,historical_main,,,,6,3,False,False,da225492dbcd662f48fe5c413e0af07e8fbf1265c8b2c20e9564383e2e55d8ad,830b22cd03e41feb9b883b4b8fc754402901ac74dc9f607cfa3a81bdc5787389,,
spmv,dace_gpu,parallel,same_process,observed,0.09488612436689436,spmv,historical_main,,,,6,3,True,False,da225492dbcd662f48fe5c413e0af07e8fbf1265c8b2c20e9564383e2e55d8ad,830b22cd03e41feb9b883b4b8fc754402901ac74dc9f607cfa3a81bdc5787389,,new_variability;selected_process_variability
spmv,dace_gpu,auto_opt,same_process,observed,0.09993986994959414,spmv,historical_main,,,,6,3,True,False,da225492dbcd662f48fe5c413e0af07e8fbf1265c8b2c20e9564383e2e55d8ad,830b22cd03e41feb9b883b4b8fc754402901ac74dc9f607cfa3a81bdc5787389,,selected_process_variability
spmv,cupy,default,same_process,observed,44.75408536940813,spmv,historical_main,,,,6,3,False,False,da225492dbcd662f48fe5c413e0af07e8fbf1265c8b2c20e9564383e2e55d8ad,830b22cd03e41feb9b883b4b8fc754402901ac74dc9f607cfa3a81bdc5787389,,
stockham_fft,numpy,default,same_process,observed,1.0013293041847646,stockham_fft,historical_main,,,,6,3,False,False,6d6ff6409e820c0b1abb2d24a7ede6af7390464b8d347a4cba678562e2b4f111,f6c4acc3fcbed6678c4fad72d834895ca7156ce67f7538ebe2242ed208af3254,,
stockham_fft,numba,nopython-mode,same_process,observed,2.2566900392994285,stockham_fft,historical_main,,,,6,3,False,False,6d6ff6409e820c0b1abb2d24a7ede6af7390464b8d347a4cba678562e2b4f111,f6c4acc3fcbed6678c4fad72d834895ca7156ce67f7538ebe2242ed208af3254,,
stockham_fft,numba,nopython-mode-parallel,same_process,observed,464.56499489117414,stockham_fft,historical_main,,,,6,3,False,False,6d6ff6409e820c0b1abb2d24a7ede6af7390464b8d347a4cba678562e2b4f111,f6c4acc3fcbed6678c4fad72d834895ca7156ce67f7538ebe2242ed208af3254,,
stockham_fft,numba,nopython-mode-parallel-range,same_process,observed,5.862875611055642,stockham_fft,historical_main,,,,6,3,False,False,6d6ff6409e820c0b1abb2d24a7ede6af7390464b8d347a4cba678562e2b4f111,f6c4acc3fcbed6678c4fad72d834895ca7156ce67f7538ebe2242ed208af3254,,
stockham_fft,numba,object-mode,same_process,observed,1.1592463171109557,stockham_fft,historical_main,,,,2,1,True,False,6d6ff6409e820c0b1abb2d24a7ede6af7390464b8d347a4cba678562e2b4f111,f6c4acc3fcbed6678c4fad72d834895ca7156ce67f7538ebe2242ed208af3254,,original_process_only
stockham_fft,numba,object-mode-parallel,same_process,observed,0.9817536524496973,stockham_fft,historical_main,,,,2,1,True,False,6d6ff6409e820c0b1abb2d24a7ede6af7390464b8d347a4cba678562e2b4f111,f6c4acc3fcbed6678c4fad72d834895ca7156ce67f7538ebe2242ed208af3254,,original_process_only
stockham_fft,numba,object-mode-parallel-range,same_process,N/A,,,,,,,,,False,,,,,
stockham_fft,dace_cpu,fusion,same_process,error,,stockham_fft,historical_main,,,,0,0,False,False,6d6ff6409e820c0b1abb2d24a7ede6af7390464b8d347a4cba678562e2b4f111,f6c4acc3fcbed6678c4fad72d834895ca7156ce67f7538ebe2242ed208af3254,,
stockham_fft,dace_cpu,parallel,same_process,error,,stockham_fft,historical_main,,,,0,0,False,False,6d6ff6409e820c0b1abb2d24a7ede6af7390464b8d347a4cba678562e2b4f111,f6c4acc3fcbed6678c4fad72d834895ca7156ce67f7538ebe2242ed208af3254,,
stockham_fft,dace_cpu,auto_opt,same_process,error,,stockham_fft,historical_main,,,,0,0,False,False,6d6ff6409e820c0b1abb2d24a7ede6af7390464b8d347a4cba678562e2b4f111,f6c4acc3fcbed6678c4fad72d834895ca7156ce67f7538ebe2242ed208af3254,,
stockham_fft,dace_gpu,fusion,same_process,error,,stockham_fft,historical_main,,,,0,0,False,False,6d6ff6409e820c0b1abb2d24a7ede6af7390464b8d347a4cba678562e2b4f111,f6c4acc3fcbed6678c4fad72d834895ca7156ce67f7538ebe2242ed208af3254,,
stockham_fft,dace_gpu,parallel,same_process,error,,stockham_fft,historical_main,,,,0,0,False,False,6d6ff6409e820c0b1abb2d24a7ede6af7390464b8d347a4cba678562e2b4f111,f6c4acc3fcbed6678c4fad72d834895ca7156ce67f7538ebe2242ed208af3254,,
stockham_fft,dace_gpu,auto_opt,same_process,error,,stockham_fft,historical_main,,,,0,0,False,False,6d6ff6409e820c0b1abb2d24a7ede6af7390464b8d347a4cba678562e2b4f111,f6c4acc3fcbed6678c4fad72d834895ca7156ce67f7538ebe2242ed208af3254,,
stockham_fft,cupy,default,same_process,observed,0.034062273101881146,stockham_fft,historical_main,,,,6,3,False,False,6d6ff6409e820c0b1abb2d24a7ede6af7390464b8d347a4cba678562e2b4f111,f6c4acc3fcbed6678c4fad72d834895ca7156ce67f7538ebe2242ed208af3254,,
symm,numpy,default,same_process,observed,1.2384622981771827,symm,historical_main,,,,6,3,False,False,9a79ab11f86fec484ee78c92c02c8f9588bcdd801caf9345beae289adb5ce087,c983fe23aab1369b59df067f61f46c516f426a2b0a1ea8bdc3779352f6c91630,,
symm,numba,nopython-mode,same_process,observed,0.2340118035208434,symm,historical_main,,,,6,3,True,False,9a79ab11f86fec484ee78c92c02c8f9588bcdd801caf9345beae289adb5ce087,c983fe23aab1369b59df067f61f46c516f426a2b0a1ea8bdc3779352f6c91630,,selected_process_variability
symm,numba,nopython-mode-parallel,same_process,N/A,,,,,,,,,False,,,,,
symm,numba,nopython-mode-parallel-range,same_process,observed,0.1683717193081975,symm,historical_main,,,,6,3,True,False,9a79ab11f86fec484ee78c92c02c8f9588bcdd801caf9345beae289adb5ce087,c983fe23aab1369b59df067f61f46c516f426a2b0a1ea8bdc3779352f6c91630,,new_variability;selected_process_variability
symm,numba,object-mode,same_process,N/A,,,,,,,,,False,,,,,
symm,numba,object-mode-parallel,same_process,N/A,,,,,,,,,False,,,,,
symm,numba,object-mode-parallel-range,same_process,N/A,,,,,,,,,False,,,,,
symm,dace_cpu,fusion,same_process,observed,5.643410010728985,symm,historical_main,,,,6,3,False,False,9a79ab11f86fec484ee78c92c02c8f9588bcdd801caf9345beae289adb5ce087,c983fe23aab1369b59df067f61f46c516f426a2b0a1ea8bdc3779352f6c91630,,
symm,dace_cpu,parallel,same_process,observed,5.812807078007609,symm,historical_main,,,,6,3,True,False,9a79ab11f86fec484ee78c92c02c8f9588bcdd801caf9345beae289adb5ce087,c983fe23aab1369b59df067f61f46c516f426a2b0a1ea8bdc3779352f6c91630,,selected_process_variability
symm,dace_cpu,auto_opt,same_process,observed,6.393750446150079,symm,historical_main,,,,6,3,True,False,9a79ab11f86fec484ee78c92c02c8f9588bcdd801caf9345beae289adb5ce087,c983fe23aab1369b59df067f61f46c516f426a2b0a1ea8bdc3779352f6c91630,,selected_process_variability
symm,dace_gpu,fusion,same_process,observed,5.524578198324889,symm,historical_main,,,,6,3,True,False,9a79ab11f86fec484ee78c92c02c8f9588bcdd801caf9345beae289adb5ce087,c983fe23aab1369b59df067f61f46c516f426a2b0a1ea8bdc3779352f6c91630,,selected_process_variability
symm,dace_gpu,parallel,same_process,observed,5.311629232484847,symm,historical_main,,,,6,3,False,False,9a79ab11f86fec484ee78c92c02c8f9588bcdd801caf9345beae289adb5ce087,c983fe23aab1369b59df067f61f46c516f426a2b0a1ea8bdc3779352f6c91630,,
symm,dace_gpu,auto_opt,same_process,observed,4.9315677979029715,symm,historical_main,,,,6,3,True,False,9a79ab11f86fec484ee78c92c02c8f9588bcdd801caf9345beae289adb5ce087,c983fe23aab1369b59df067f61f46c516f426a2b0a1ea8bdc3779352f6c91630,,new_sampling_or_resources;selected_process_variability
symm,cupy,default,same_process,observed,27.179745747940615,symm,historical_main,,,,6,3,False,False,9a79ab11f86fec484ee78c92c02c8f9588bcdd801caf9345beae289adb5ce087,c983fe23aab1369b59df067f61f46c516f426a2b0a1ea8bdc3779352f6c91630,,
syr2k,numpy,default,same_process,observed,1.3520400472916663,syr2k,historical_main,,,,6,3,False,False,e7abbc19895a88befab489211bc20dc301be2dede982f39fba4c4f210583f274,4eed4ab152ea49c0a4cdf942787319238e4b8903146da60692ca376422fc8502,,
syr2k,numba,nopython-mode,same_process,observed,0.12808901048265398,syr2k,historical_main,,,,6,3,True,False,e7abbc19895a88befab489211bc20dc301be2dede982f39fba4c4f210583f274,4eed4ab152ea49c0a4cdf942787319238e4b8903146da60692ca376422fc8502,,new_variability
syr2k,numba,nopython-mode-parallel,same_process,N/A,,,,,,,,,False,,,,,
syr2k,numba,nopython-mode-parallel-range,same_process,N/A,,,,,,,,,False,,,,,
syr2k,numba,object-mode,same_process,N/A,,,,,,,,,False,,,,,
syr2k,numba,object-mode-parallel,same_process,N/A,,,,,,,,,False,,,,,
syr2k,numba,object-mode-parallel-range,same_process,N/A,,,,,,,,,False,,,,,
syr2k,dace_cpu,fusion,same_process,observed,4.353794454364106,syr2k,historical_main,,,,6,3,False,False,e7abbc19895a88befab489211bc20dc301be2dede982f39fba4c4f210583f274,4eed4ab152ea49c0a4cdf942787319238e4b8903146da60692ca376422fc8502,,
syr2k,dace_cpu,parallel,same_process,observed,4.978939356748015,syr2k,historical_main,,,,6,3,True,False,e7abbc19895a88befab489211bc20dc301be2dede982f39fba4c4f210583f274,4eed4ab152ea49c0a4cdf942787319238e4b8903146da60692ca376422fc8502,,selected_process_variability
syr2k,dace_cpu,auto_opt,same_process,observed,5.131343184970319,syr2k,historical_main,,,,6,3,True,False,e7abbc19895a88befab489211bc20dc301be2dede982f39fba4c4f210583f274,4eed4ab152ea49c0a4cdf942787319238e4b8903146da60692ca376422fc8502,,selected_process_variability
syr2k,dace_gpu,fusion,same_process,observed,5.168913095723838,syr2k,historical_main,,,,6,3,False,False,e7abbc19895a88befab489211bc20dc301be2dede982f39fba4c4f210583f274,4eed4ab152ea49c0a4cdf942787319238e4b8903146da60692ca376422fc8502,,
syr2k,dace_gpu,parallel,same_process,observed,5.574287685798481,syr2k,historical_main,,,,6,3,False,False,e7abbc19895a88befab489211bc20dc301be2dede982f39fba4c4f210583f274,4eed4ab152ea49c0a4cdf942787319238e4b8903146da60692ca376422fc8502,,
syr2k,dace_gpu,auto_opt,same_process,observed,5.193464719457552,syr2k,historical_main,,,,6,3,False,False,e7abbc19895a88befab489211bc20dc301be2dede982f39fba4c4f210583f274,4eed4ab152ea49c0a4cdf942787319238e4b8903146da60692ca376422fc8502,,
syr2k,cupy,default,same_process,observed,14.672014179872349,syr2k,historical_main,,,,6,3,False,False,e7abbc19895a88befab489211bc20dc301be2dede982f39fba4c4f210583f274,4eed4ab152ea49c0a4cdf942787319238e4b8903146da60692ca376422fc8502,,
syrk,numpy,default,same_process,observed,1.2323928298428655,syrk,historical_main,,,,6,3,False,False,92484da5155c3406ad7a24b9d17a47e4e5ea9277c45b375c935d26bea371609c,c9125e156aac0f0083fa4d941c44b5e500809f7d0e4096cfd309983aa1701894,,
syrk,numba,nopython-mode,same_process,observed,0.22308677318505943,syrk,historical_main,,,,6,3,True,False,92484da5155c3406ad7a24b9d17a47e4e5ea9277c45b375c935d26bea371609c,c9125e156aac0f0083fa4d941c44b5e500809f7d0e4096cfd309983aa1701894,,new_sampling_or_resources;selected_process_variability
syrk,numba,nopython-mode-parallel,same_process,N/A,,,,,,,,,False,,,,,
syrk,numba,nopython-mode-parallel-range,same_process,N/A,,,,,,,,,False,,,,,
syrk,numba,object-mode,same_process,N/A,,,,,,,,,False,,,,,
syrk,numba,object-mode-parallel,same_process,N/A,,,,,,,,,False,,,,,
syrk,numba,object-mode-parallel-range,same_process,N/A,,,,,,,,,False,,,,,
syrk,dace_cpu,fusion,same_process,observed,11.603507605846971,syrk,historical_main,,,,6,3,False,False,92484da5155c3406ad7a24b9d17a47e4e5ea9277c45b375c935d26bea371609c,c9125e156aac0f0083fa4d941c44b5e500809f7d0e4096cfd309983aa1701894,,
syrk,dace_cpu,parallel,same_process,observed,14.465555856470019,syrk,historical_main,,,,6,3,True,False,92484da5155c3406ad7a24b9d17a47e4e5ea9277c45b375c935d26bea371609c,c9125e156aac0f0083fa4d941c44b5e500809f7d0e4096cfd309983aa1701894,,selected_process_variability
syrk,dace_cpu,auto_opt,same_process,observed,13.307412914466113,syrk,historical_main,,,,6,3,True,False,92484da5155c3406ad7a24b9d17a47e4e5ea9277c45b375c935d26bea371609c,c9125e156aac0f0083fa4d941c44b5e500809f7d0e4096cfd309983aa1701894,,selected_process_variability
syrk,dace_gpu,fusion,same_process,observed,2.5443521086126566,syrk,historical_main,,,,6,3,True,False,92484da5155c3406ad7a24b9d17a47e4e5ea9277c45b375c935d26bea371609c,c9125e156aac0f0083fa4d941c44b5e500809f7d0e4096cfd309983aa1701894,,new_variability;selected_process_variability
syrk,dace_gpu,parallel,same_process,observed,2.866969668539241,syrk,historical_main,,,,6,3,True,False,92484da5155c3406ad7a24b9d17a47e4e5ea9277c45b375c935d26bea371609c,c9125e156aac0f0083fa4d941c44b5e500809f7d0e4096cfd309983aa1701894,,selected_process_variability
syrk,dace_gpu,auto_opt,same_process,observed,2.657287781359628,syrk,historical_main,,,,6,3,True,False,92484da5155c3406ad7a24b9d17a47e4e5ea9277c45b375c935d26bea371609c,c9125e156aac0f0083fa4d941c44b5e500809f7d0e4096cfd309983aa1701894,,selected_process_variability
syrk,cupy,default,same_process,observed,16.146741533419117,syrk,historical_main,,,,6,3,False,False,92484da5155c3406ad7a24b9d17a47e4e5ea9277c45b375c935d26bea371609c,c9125e156aac0f0083fa4d941c44b5e500809f7d0e4096cfd309983aa1701894,,
trisolv,numpy,default,same_process,observed,0.14812944689765573,trisolv,historical_main,,,,6,3,True,False,4f5471ef60c1579f85ae344ab83c59b28f7f210b0a535e59616ed8d3e93dce87,2ef566c3a7e8536e3be1ae3aaac85d9a03f4836c00d28326cc70cf2e8147fdb1,,selected_process_variability
trisolv,numba,nopython-mode,same_process,observed,0.09425864997319877,trisolv,historical_main,,,,6,3,True,False,4f5471ef60c1579f85ae344ab83c59b28f7f210b0a535e59616ed8d3e93dce87,2ef566c3a7e8536e3be1ae3aaac85d9a03f4836c00d28326cc70cf2e8147fdb1,,new_variability;selected_process_variability
trisolv,numba,nopython-mode-parallel,same_process,observed,0.09365752432495356,trisolv,historical_main,,,,6,3,True,False,4f5471ef60c1579f85ae344ab83c59b28f7f210b0a535e59616ed8d3e93dce87,2ef566c3a7e8536e3be1ae3aaac85d9a03f4836c00d28326cc70cf2e8147fdb1,,new_reuse_evidence_incomplete;new_sampling_or_resources
trisolv,numba,nopython-mode-parallel-range,same_process,N/A,,,,,,,,,False,,,,,
trisolv,numba,object-mode,same_process,N/A,,,,,,,,,False,,,,,
trisolv,numba,object-mode-parallel,same_process,N/A,,,,,,,,,False,,,,,
trisolv,numba,object-mode-parallel-range,same_process,N/A,,,,,,,,,False,,,,,
trisolv,dace_cpu,fusion,same_process,observed,0.09927590400911868,trisolv,historical_main,,,,6,3,True,False,4f5471ef60c1579f85ae344ab83c59b28f7f210b0a535e59616ed8d3e93dce87,2ef566c3a7e8536e3be1ae3aaac85d9a03f4836c00d28326cc70cf2e8147fdb1,,selected_process_variability
trisolv,dace_cpu,parallel,same_process,observed,0.09245527489110827,trisolv,historical_main,,,,6,3,True,False,4f5471ef60c1579f85ae344ab83c59b28f7f210b0a535e59616ed8d3e93dce87,2ef566c3a7e8536e3be1ae3aaac85d9a03f4836c00d28326cc70cf2e8147fdb1,,new_variability;selected_process_variability
trisolv,dace_cpu,auto_opt,same_process,observed,0.09329328848980367,trisolv,historical_main,,,,6,3,True,False,4f5471ef60c1579f85ae344ab83c59b28f7f210b0a535e59616ed8d3e93dce87,2ef566c3a7e8536e3be1ae3aaac85d9a03f4836c00d28326cc70cf2e8147fdb1,,selected_process_variability
trisolv,dace_gpu,fusion,same_process,observed,0.6820751859340817,trisolv,historical_main,,,,6,3,True,False,4f5471ef60c1579f85ae344ab83c59b28f7f210b0a535e59616ed8d3e93dce87,2ef566c3a7e8536e3be1ae3aaac85d9a03f4836c00d28326cc70cf2e8147fdb1,,new_variability
trisolv,dace_gpu,parallel,same_process,observed,0.6918828445486724,trisolv,historical_main,,,,6,3,False,False,4f5471ef60c1579f85ae344ab83c59b28f7f210b0a535e59616ed8d3e93dce87,2ef566c3a7e8536e3be1ae3aaac85d9a03f4836c00d28326cc70cf2e8147fdb1,,
trisolv,dace_gpu,auto_opt,same_process,observed,0.5883478838950396,trisolv,historical_main,,,,6,3,False,False,4f5471ef60c1579f85ae344ab83c59b28f7f210b0a535e59616ed8d3e93dce87,2ef566c3a7e8536e3be1ae3aaac85d9a03f4836c00d28326cc70cf2e8147fdb1,,
trisolv,cupy,default,same_process,observed,1.8243018940556794,trisolv,historical_main,,,,6,3,False,False,4f5471ef60c1579f85ae344ab83c59b28f7f210b0a535e59616ed8d3e93dce87,2ef566c3a7e8536e3be1ae3aaac85d9a03f4836c00d28326cc70cf2e8147fdb1,,
trmm,numpy,default,same_process,observed,1.1537109238561243,trmm,historical_main,,,,6,3,False,False,3f94b2a3aeb62dabee33d3188a61d501e42975b8a01970dd7d3717b65c060956,9168af76f7b62c6873ac45e920743c46191f055c32ee6a1f1df2aba5ab399d7e,,
trmm,numba,nopython-mode,same_process,observed,0.4257913448382169,trmm,historical_main,,,,6,3,False,False,3f94b2a3aeb62dabee33d3188a61d501e42975b8a01970dd7d3717b65c060956,9168af76f7b62c6873ac45e920743c46191f055c32ee6a1f1df2aba5ab399d7e,,
trmm,numba,nopython-mode-parallel,same_process,N/A,,,,,,,,,False,,,,,
trmm,numba,nopython-mode-parallel-range,same_process,observed,0.04531315667554736,trmm,historical_main,,,,6,3,True,False,3f94b2a3aeb62dabee33d3188a61d501e42975b8a01970dd7d3717b65c060956,9168af76f7b62c6873ac45e920743c46191f055c32ee6a1f1df2aba5ab399d7e,,selected_process_variability
trmm,numba,object-mode,same_process,N/A,,,,,,,,,False,,,,,
trmm,numba,object-mode-parallel,same_process,N/A,,,,,,,,,False,,,,,
trmm,numba,object-mode-parallel-range,same_process,N/A,,,,,,,,,False,,,,,
trmm,dace_cpu,fusion,same_process,observed,0.24742476642131805,trmm,historical_main,,,,6,3,False,False,3f94b2a3aeb62dabee33d3188a61d501e42975b8a01970dd7d3717b65c060956,9168af76f7b62c6873ac45e920743c46191f055c32ee6a1f1df2aba5ab399d7e,,
trmm,dace_cpu,parallel,same_process,observed,0.03332373732700944,trmm,historical_main,,,,6,3,True,False,3f94b2a3aeb62dabee33d3188a61d501e42975b8a01970dd7d3717b65c060956,9168af76f7b62c6873ac45e920743c46191f055c32ee6a1f1df2aba5ab399d7e,,selected_process_variability
trmm,dace_cpu,auto_opt,same_process,observed,0.032587198074907064,trmm,historical_main,,,,6,3,True,False,3f94b2a3aeb62dabee33d3188a61d501e42975b8a01970dd7d3717b65c060956,9168af76f7b62c6873ac45e920743c46191f055c32ee6a1f1df2aba5ab399d7e,,historical_drift_requires_review;new_variability;selected_process_variability
trmm,dace_gpu,fusion,same_process,observed,7.92509742686525,trmm,historical_main,,,,6,3,False,False,3f94b2a3aeb62dabee33d3188a61d501e42975b8a01970dd7d3717b65c060956,9168af76f7b62c6873ac45e920743c46191f055c32ee6a1f1df2aba5ab399d7e,,
trmm,dace_gpu,parallel,same_process,observed,0.015171148581430316,trmm,historical_main,,,,6,3,False,False,3f94b2a3aeb62dabee33d3188a61d501e42975b8a01970dd7d3717b65c060956,9168af76f7b62c6873ac45e920743c46191f055c32ee6a1f1df2aba5ab399d7e,,
trmm,dace_gpu,auto_opt,same_process,observed,0.014956988394260406,trmm,historical_main,,,,6,3,False,False,3f94b2a3aeb62dabee33d3188a61d501e42975b8a01970dd7d3717b65c060956,9168af76f7b62c6873ac45e920743c46191f055c32ee6a1f1df2aba5ab399d7e,,
trmm,cupy,default,same_process,observed,39.192514698719606,trmm,historical_main,,,,6,3,False,False,3f94b2a3aeb62dabee33d3188a61d501e42975b8a01970dd7d3717b65c060956,9168af76f7b62c6873ac45e920743c46191f055c32ee6a1f1df2aba5ab399d7e,,
vadv,numpy,default,same_process,observed,0.605131512042135,vadv,historical_main,,,,6,3,False,False,af48764eed52bcbfa917a57089296ce3be876f060430fae648ab359316609f14,300cff4f4ff45aa053437078a699f7f36c3a42bea19f7d989bd20911ef2050f4,,
vadv,numba,nopython-mode,same_process,observed,0.6801864062435925,vadv,historical_main,,,,6,3,False,False,af48764eed52bcbfa917a57089296ce3be876f060430fae648ab359316609f14,300cff4f4ff45aa053437078a699f7f36c3a42bea19f7d989bd20911ef2050f4,,
vadv,numba,nopython-mode-parallel,same_process,observed,0.5591138820163906,vadv,historical_main,,,,6,3,True,False,af48764eed52bcbfa917a57089296ce3be876f060430fae648ab359316609f14,300cff4f4ff45aa053437078a699f7f36c3a42bea19f7d989bd20911ef2050f4,,historical_drift_requires_review;new_variability;selected_process_variability
vadv,numba,nopython-mode-parallel-range,same_process,N/A,,,,,,,,,False,,,,,
vadv,numba,object-mode,same_process,N/A,,,,,,,,,False,,,,,
vadv,numba,object-mode-parallel,same_process,N/A,,,,,,,,,False,,,,,
vadv,numba,object-mode-parallel-range,same_process,N/A,,,,,,,,,False,,,,,
vadv,dace_cpu,fusion,same_process,observed,1.347530854633078,vadv,historical_main,,,,6,3,True,False,af48764eed52bcbfa917a57089296ce3be876f060430fae648ab359316609f14,300cff4f4ff45aa053437078a699f7f36c3a42bea19f7d989bd20911ef2050f4,,selected_process_variability
vadv,dace_cpu,parallel,same_process,observed,1.390384456841275,vadv,historical_main,,,,6,3,True,False,af48764eed52bcbfa917a57089296ce3be876f060430fae648ab359316609f14,300cff4f4ff45aa053437078a699f7f36c3a42bea19f7d989bd20911ef2050f4,,selected_process_variability
vadv,dace_cpu,auto_opt,same_process,observed,1.0088444624561816,vadv,historical_main,,,,6,3,False,False,af48764eed52bcbfa917a57089296ce3be876f060430fae648ab359316609f14,300cff4f4ff45aa053437078a699f7f36c3a42bea19f7d989bd20911ef2050f4,,
vadv,dace_gpu,fusion,same_process,observed,0.09156333771534264,vadv,historical_main,,,,6,3,False,False,af48764eed52bcbfa917a57089296ce3be876f060430fae648ab359316609f14,300cff4f4ff45aa053437078a699f7f36c3a42bea19f7d989bd20911ef2050f4,,
vadv,dace_gpu,parallel,same_process,observed,0.09537861915305257,vadv,historical_main,,,,6,3,False,False,af48764eed52bcbfa917a57089296ce3be876f060430fae648ab359316609f14,300cff4f4ff45aa053437078a699f7f36c3a42bea19f7d989bd20911ef2050f4,,
vadv,dace_gpu,auto_opt,same_process,observed,0.09083227394148707,vadv,historical_main,,,,6,3,False,False,af48764eed52bcbfa917a57089296ce3be876f060430fae648ab359316609f14,300cff4f4ff45aa053437078a699f7f36c3a42bea19f7d989bd20911ef2050f4,,
vadv,cupy,default,same_process,observed,0.24165396764874458,vadv,historical_main,,,,6,3,False,False,af48764eed52bcbfa917a57089296ce3be876f060430fae648ab359316609f14,300cff4f4ff45aa053437078a699f7f36c3a42bea19f7d989bd20911ef2050f4,,
arc_distance,cova_llvm_cpu,default,initialization,observed,2.695396871014964,arc_distance,closure-step6,4ea0edb2+step6-fefd0a9c3c44,True,False,1,1,True,False,d2c2cc16a18a69316144dced56e13ec50585fb90292fd8c9251b0cd2d83afd8e,c9a5d51d680eeff18f5d5e1a8bd8a4acc4d771e072238396fee0333ed61696be,False,"[""historical_build"", ""reference_not_ranking""]"
arc_distance,cova_llvm_cpu,default,fresh_process,observed,0.3530314004892716,arc_distance,closure-step6,4ea0edb2+step6-fefd0a9c3c44,True,False,2,2,True,False,d2c2cc16a18a69316144dced56e13ec50585fb90292fd8c9251b0cd2d83afd8e,c9a5d51d680eeff18f5d5e1a8bd8a4acc4d771e072238396fee0333ed61696be,False,"[""historical_build"", ""reference_not_ranking""]"
arc_distance,cova_llvm_cpu,default,same_process,observed,0.3515962589881383,arc_distance,closure-step6,4ea0edb2+step6-fefd0a9c3c44,True,False,6,3,True,False,d2c2cc16a18a69316144dced56e13ec50585fb90292fd8c9251b0cd2d83afd8e,c9a5d51d680eeff18f5d5e1a8bd8a4acc4d771e072238396fee0333ed61696be,False,"[""historical_build"", ""reference_not_ranking""]"
arc_distance,cova_llvm_cpu_serial,default,initialization,observed,4.144167894992279,arc_distance,2026-09-21-npbench-cova-L,69bc8be83f9f9a380f93f396d5ccb74cb8ac4eec,True,False,1,1,True,False,d2c2cc16a18a69316144dced56e13ec50585fb90292fd8c9251b0cd2d83afd8e,c9a5d51d680eeff18f5d5e1a8bd8a4acc4d771e072238396fee0333ed61696be,False,"[""historical_build"", ""reference_not_ranking""]"
arc_distance,cova_llvm_cpu_serial,default,fresh_process,observed,1.2445274450001307,arc_distance,2026-09-21-npbench-cova-L,69bc8be83f9f9a380f93f396d5ccb74cb8ac4eec,True,False,2,2,True,False,d2c2cc16a18a69316144dced56e13ec50585fb90292fd8c9251b0cd2d83afd8e,c9a5d51d680eeff18f5d5e1a8bd8a4acc4d771e072238396fee0333ed61696be,False,"[""historical_build"", ""reference_not_ranking""]"
arc_distance,cova_llvm_cpu_serial,default,same_process,observed,1.6342238135039224,arc_distance,2026-09-21-npbench-cova-L,69bc8be83f9f9a380f93f396d5ccb74cb8ac4eec,True,False,6,3,True,False,d2c2cc16a18a69316144dced56e13ec50585fb90292fd8c9251b0cd2d83afd8e,c9a5d51d680eeff18f5d5e1a8bd8a4acc4d771e072238396fee0333ed61696be,False,"[""historical_build"", ""reference_not_ranking""]"
arc_distance,cova_llvm_gpu,default,initialization,observed,5.907789752993267,arc_distance,closure-step6,4ea0edb2+step6-fefd0a9c3c44,True,False,1,1,True,False,d2c2cc16a18a69316144dced56e13ec50585fb90292fd8c9251b0cd2d83afd8e,c9a5d51d680eeff18f5d5e1a8bd8a4acc4d771e072238396fee0333ed61696be,True,"[""historical_build"", ""reference_not_ranking""]"
arc_distance,cova_llvm_gpu,default,fresh_process,observed,0.9397574749891646,arc_distance,closure-step6,4ea0edb2+step6-fefd0a9c3c44,True,False,2,2,True,False,d2c2cc16a18a69316144dced56e13ec50585fb90292fd8c9251b0cd2d83afd8e,c9a5d51d680eeff18f5d5e1a8bd8a4acc4d771e072238396fee0333ed61696be,True,"[""historical_build"", ""reference_not_ranking""]"
arc_distance,cova_llvm_gpu,default,same_process,observed,0.6612307174946181,arc_distance,closure-step6,4ea0edb2+step6-fefd0a9c3c44,True,False,6,3,True,False,d2c2cc16a18a69316144dced56e13ec50585fb90292fd8c9251b0cd2d83afd8e,c9a5d51d680eeff18f5d5e1a8bd8a4acc4d771e072238396fee0333ed61696be,True,"[""historical_build"", ""reference_not_ranking""]"
arc_distance,cova_openmp_cpu,default,initialization,observed,3.302861400996335,arc_distance,2026-09-21-npbench-cova-L,69bc8be83f9f9a380f93f396d5ccb74cb8ac4eec,True,False,1,1,True,False,d2c2cc16a18a69316144dced56e13ec50585fb90292fd8c9251b0cd2d83afd8e,c9a5d51d680eeff18f5d5e1a8bd8a4acc4d771e072238396fee0333ed61696be,False,"[""historical_build"", ""reference_not_ranking""]"
arc_distance,cova_openmp_cpu,default,fresh_process,observed,0.3597286620060913,arc_distance,2026-09-21-npbench-cova-L,69bc8be83f9f9a380f93f396d5ccb74cb8ac4eec,True,False,2,2,True,False,d2c2cc16a18a69316144dced56e13ec50585fb90292fd8c9251b0cd2d83afd8e,c9a5d51d680eeff18f5d5e1a8bd8a4acc4d771e072238396fee0333ed61696be,False,"[""historical_build"", ""reference_not_ranking""]"
arc_distance,cova_openmp_cpu,default,same_process,observed,0.33923331649566535,arc_distance,2026-09-21-npbench-cova-L,69bc8be83f9f9a380f93f396d5ccb74cb8ac4eec,True,False,6,3,True,False,d2c2cc16a18a69316144dced56e13ec50585fb90292fd8c9251b0cd2d83afd8e,c9a5d51d680eeff18f5d5e1a8bd8a4acc4d771e072238396fee0333ed61696be,False,"[""historical_build"", ""reference_not_ranking""]"
arc_distance,cova_openmp_gpu,default,initialization,observed,6.682422273006523,arc_distance,2026-09-21-npbench-cova-L,69bc8be83f9f9a380f93f396d5ccb74cb8ac4eec,True,False,1,1,True,False,d2c2cc16a18a69316144dced56e13ec50585fb90292fd8c9251b0cd2d83afd8e,c9a5d51d680eeff18f5d5e1a8bd8a4acc4d771e072238396fee0333ed61696be,False,"[""historical_build"", ""reference_not_ranking"", ""gpu_placement_metadata_only""]"
arc_distance,cova_openmp_gpu,default,fresh_process,observed,0.3227217310050037,arc_distance,2026-09-21-npbench-cova-L,69bc8be83f9f9a380f93f396d5ccb74cb8ac4eec,True,False,2,2,True,False,d2c2cc16a18a69316144dced56e13ec50585fb90292fd8c9251b0cd2d83afd8e,c9a5d51d680eeff18f5d5e1a8bd8a4acc4d771e072238396fee0333ed61696be,False,"[""historical_build"", ""reference_not_ranking"", ""gpu_placement_metadata_only""]"
arc_distance,cova_openmp_gpu,default,same_process,observed,0.08046180800010916,arc_distance,2026-09-21-npbench-cova-L,69bc8be83f9f9a380f93f396d5ccb74cb8ac4eec,True,False,6,3,True,False,d2c2cc16a18a69316144dced56e13ec50585fb90292fd8c9251b0cd2d83afd8e,c9a5d51d680eeff18f5d5e1a8bd8a4acc4d771e072238396fee0333ed61696be,False,"[""historical_build"", ""reference_not_ranking"", ""gpu_placement_metadata_only""]"
arc_distance,cova_serial_cpu,default,initialization,observed,4.148322601002292,arc_distance,2026-09-21-npbench-cova-L,69bc8be83f9f9a380f93f396d5ccb74cb8ac4eec,True,False,1,1,True,False,d2c2cc16a18a69316144dced56e13ec50585fb90292fd8c9251b0cd2d83afd8e,c9a5d51d680eeff18f5d5e1a8bd8a4acc4d771e072238396fee0333ed61696be,False,"[""historical_build"", ""reference_not_ranking""]"
arc_distance,cova_serial_cpu,default,fresh_process,observed,2.220099329992081,arc_distance,2026-09-21-npbench-cova-L,69bc8be83f9f9a380f93f396d5ccb74cb8ac4eec,True,False,2,2,True,False,d2c2cc16a18a69316144dced56e13ec50585fb90292fd8c9251b0cd2d83afd8e,c9a5d51d680eeff18f5d5e1a8bd8a4acc4d771e072238396fee0333ed61696be,False,"[""historical_build"", ""reference_not_ranking""]"
arc_distance,cova_serial_cpu,default,same_process,observed,1.764894871499564,arc_distance,2026-09-21-npbench-cova-L,69bc8be83f9f9a380f93f396d5ccb74cb8ac4eec,True,False,6,3,True,False,d2c2cc16a18a69316144dced56e13ec50585fb90292fd8c9251b0cd2d83afd8e,c9a5d51d680eeff18f5d5e1a8bd8a4acc4d771e072238396fee0333ed61696be,False,"[""historical_build"", ""reference_not_ranking""]"
atax,cova_llvm_cpu,default,initialization,observed,5.380502095998963,atax,closure-step6,4ea0edb2+step6-fefd0a9c3c44,True,False,1,1,True,False,68c6513b767fc4fe61dbe15c9629b1ea75eae7d2a20436521c52c551d6698648,30d1cbd8bc811b325570c9fdb182323781764974a74f27916f06ba12e9a7baef,False,"[""historical_build"", ""reference_not_ranking""]"
atax,cova_llvm_cpu,default,fresh_process,observed,0.12266470899339765,atax,closure-step6,4ea0edb2+step6-fefd0a9c3c44,True,False,2,2,True,False,68c6513b767fc4fe61dbe15c9629b1ea75eae7d2a20436521c52c551d6698648,30d1cbd8bc811b325570c9fdb182323781764974a74f27916f06ba12e9a7baef,False,"[""historical_build"", ""reference_not_ranking""]"
atax,cova_llvm_cpu,default,same_process,observed,0.13072111550718546,atax,closure-step6,4ea0edb2+step6-fefd0a9c3c44,True,False,6,3,True,False,68c6513b767fc4fe61dbe15c9629b1ea75eae7d2a20436521c52c551d6698648,30d1cbd8bc811b325570c9fdb182323781764974a74f27916f06ba12e9a7baef,False,"[""historical_build"", ""reference_not_ranking""]"
atax,cova_llvm_cpu_serial,default,initialization,observed,4.250844952010084,atax,2026-09-21-npbench-cova-L,69bc8be83f9f9a380f93f396d5ccb74cb8ac4eec,True,False,1,1,True,False,68c6513b767fc4fe61dbe15c9629b1ea75eae7d2a20436521c52c551d6698648,30d1cbd8bc811b325570c9fdb182323781764974a74f27916f06ba12e9a7baef,False,"[""historical_build"", ""reference_not_ranking""]"
atax,cova_llvm_cpu_serial,default,fresh_process,observed,0.17909874949691584,atax,2026-09-21-npbench-cova-L,69bc8be83f9f9a380f93f396d5ccb74cb8ac4eec,True,False,2,2,True,False,68c6513b767fc4fe61dbe15c9629b1ea75eae7d2a20436521c52c551d6698648,30d1cbd8bc811b325570c9fdb182323781764974a74f27916f06ba12e9a7baef,False,"[""historical_build"", ""reference_not_ranking""]"
atax,cova_llvm_cpu_serial,default,same_process,observed,0.16418374099885114,atax,2026-09-21-npbench-cova-L,69bc8be83f9f9a380f93f396d5ccb74cb8ac4eec,True,False,6,3,True,False,68c6513b767fc4fe61dbe15c9629b1ea75eae7d2a20436521c52c551d6698648,30d1cbd8bc811b325570c9fdb182323781764974a74f27916f06ba12e9a7baef,False,"[""historical_build"", ""reference_not_ranking""]"
atax,cova_llvm_gpu,default,initialization,observed,6.545561831997475,atax,closure-step6,4ea0edb2+step6-fefd0a9c3c44,True,False,1,1,True,False,68c6513b767fc4fe61dbe15c9629b1ea75eae7d2a20436521c52c551d6698648,30d1cbd8bc811b325570c9fdb182323781764974a74f27916f06ba12e9a7baef,True,"[""historical_build"", ""reference_not_ranking""]"
atax,cova_llvm_gpu,default,fresh_process,observed,0.7461646364972694,atax,closure-step6,4ea0edb2+step6-fefd0a9c3c44,True,False,2,2,True,False,68c6513b767fc4fe61dbe15c9629b1ea75eae7d2a20436521c52c551d6698648,30d1cbd8bc811b325570c9fdb182323781764974a74f27916f06ba12e9a7baef,True,"[""historical_build"", ""reference_not_ranking""]"
atax,cova_llvm_gpu,default,same_process,observed,0.371138593996875,atax,closure-step6,4ea0edb2+step6-fefd0a9c3c44,True,False,6,3,True,False,68c6513b767fc4fe61dbe15c9629b1ea75eae7d2a20436521c52c551d6698648,30d1cbd8bc811b325570c9fdb182323781764974a74f27916f06ba12e9a7baef,True,"[""historical_build"", ""reference_not_ranking""]"
atax,cova_openmp_cpu,default,initialization,observed,3.220488730992656,atax,2026-09-21-npbench-cova-L,69bc8be83f9f9a380f93f396d5ccb74cb8ac4eec,True,False,1,1,True,False,68c6513b767fc4fe61dbe15c9629b1ea75eae7d2a20436521c52c551d6698648,30d1cbd8bc811b325570c9fdb182323781764974a74f27916f06ba12e9a7baef,False,"[""historical_build"", ""reference_not_ranking""]"
atax,cova_openmp_cpu,default,fresh_process,observed,0.3066620774989133,atax,2026-09-21-npbench-cova-L,69bc8be83f9f9a380f93f396d5ccb74cb8ac4eec,True,False,2,2,True,False,68c6513b767fc4fe61dbe15c9629b1ea75eae7d2a20436521c52c551d6698648,30d1cbd8bc811b325570c9fdb182323781764974a74f27916f06ba12e9a7baef,False,"[""historical_build"", ""reference_not_ranking""]"
atax,cova_openmp_cpu,default,same_process,observed,0.3560981990012806,atax,2026-09-21-npbench-cova-L,69bc8be83f9f9a380f93f396d5ccb74cb8ac4eec,True,False,6,3,True,False,68c6513b767fc4fe61dbe15c9629b1ea75eae7d2a20436521c52c551d6698648,30d1cbd8bc811b325570c9fdb182323781764974a74f27916f06ba12e9a7baef,False,"[""historical_build"", ""reference_not_ranking""]"
atax,cova_openmp_gpu,default,initialization,observed,6.65997464901011,atax,2026-09-21-npbench-cova-L,69bc8be83f9f9a380f93f396d5ccb74cb8ac4eec,True,False,1,1,True,False,68c6513b767fc4fe61dbe15c9629b1ea75eae7d2a20436521c52c551d6698648,30d1cbd8bc811b325570c9fdb182323781764974a74f27916f06ba12e9a7baef,False,"[""historical_build"", ""reference_not_ranking"", ""gpu_placement_metadata_only""]"
atax,cova_openmp_gpu,default,fresh_process,observed,0.7641691010067007,atax,2026-09-21-npbench-cova-L,69bc8be83f9f9a380f93f396d5ccb74cb8ac4eec,True,False,2,2,True,False,68c6513b767fc4fe61dbe15c9629b1ea75eae7d2a20436521c52c551d6698648,30d1cbd8bc811b325570c9fdb182323781764974a74f27916f06ba12e9a7baef,False,"[""historical_build"", ""reference_not_ranking"", ""gpu_placement_metadata_only""]"
atax,cova_openmp_gpu,default,same_process,observed,0.3720447630039416,atax,2026-09-21-npbench-cova-L,69bc8be83f9f9a380f93f396d5ccb74cb8ac4eec,True,False,6,3,True,False,68c6513b767fc4fe61dbe15c9629b1ea75eae7d2a20436521c52c551d6698648,30d1cbd8bc811b325570c9fdb182323781764974a74f27916f06ba12e9a7baef,False,"[""historical_build"", ""reference_not_ranking"", ""gpu_placement_metadata_only""]"
atax,cova_serial_cpu,default,initialization,observed,2.518927087992779,atax,2026-09-21-npbench-cova-L,69bc8be83f9f9a380f93f396d5ccb74cb8ac4eec,True,False,1,1,True,False,68c6513b767fc4fe61dbe15c9629b1ea75eae7d2a20436521c52c551d6698648,30d1cbd8bc811b325570c9fdb182323781764974a74f27916f06ba12e9a7baef,False,"[""historical_build"", ""reference_not_ranking""]"
atax,cova_serial_cpu,default,fresh_process,observed,1.2494504119968042,atax,2026-09-21-npbench-cova-L,69bc8be83f9f9a380f93f396d5ccb74cb8ac4eec,True,False,2,2,True,False,68c6513b767fc4fe61dbe15c9629b1ea75eae7d2a20436521c52c551d6698648,30d1cbd8bc811b325570c9fdb182323781764974a74f27916f06ba12e9a7baef,False,"[""historical_build"", ""reference_not_ranking""]"
atax,cova_serial_cpu,default,same_process,observed,1.1636405594981625,atax,2026-09-21-npbench-cova-L,69bc8be83f9f9a380f93f396d5ccb74cb8ac4eec,True,False,6,3,True,False,68c6513b767fc4fe61dbe15c9629b1ea75eae7d2a20436521c52c551d6698648,30d1cbd8bc811b325570c9fdb182323781764974a74f27916f06ba12e9a7baef,False,"[""historical_build"", ""reference_not_ranking""]"
azimint_hist,cova_llvm_cpu,default,initialization,observed,5.955422247003298,azimint_hist_cova_helper,closure-step6,4ea0edb2+step6-fefd0a9c3c44,True,False,1,1,True,True,f5914dfb9f4cc36109a1c231938d0863c485540d7d58b79bed61050dcb1e083e,d714677a44d27aec51292ca83b9b3ba9c1835b7ac786bbd295a407ecfa03d47f,False,"[""historical_build"", ""reference_not_ranking""]"
azimint_hist,cova_llvm_cpu,default,fresh_process,observed,0.27403868800320197,azimint_hist_cova_helper,closure-step6,4ea0edb2+step6-fefd0a9c3c44,True,False,2,2,True,True,f5914dfb9f4cc36109a1c231938d0863c485540d7d58b79bed61050dcb1e083e,d714677a44d27aec51292ca83b9b3ba9c1835b7ac786bbd295a407ecfa03d47f,False,"[""historical_build"", ""reference_not_ranking""]"
azimint_hist,cova_llvm_cpu,default,same_process,observed,0.4528081994940294,azimint_hist_cova_helper,closure-step6,4ea0edb2+step6-fefd0a9c3c44,True,False,6,3,True,True,f5914dfb9f4cc36109a1c231938d0863c485540d7d58b79bed61050dcb1e083e,d714677a44d27aec51292ca83b9b3ba9c1835b7ac786bbd295a407ecfa03d47f,False,"[""historical_build"", ""reference_not_ranking""]"
azimint_hist,cova_llvm_cpu_serial,default,initialization,error,,azimint_hist,2026-09-21-npbench-cova-L,69bc8be83f9f9a380f93f396d5ccb74cb8ac4eec,True,False,0,0,True,False,f5914dfb9f4cc36109a1c231938d0863c485540d7d58b79bed61050dcb1e083e,d714677a44d27aec51292ca83b9b3ba9c1835b7ac786bbd295a407ecfa03d47f,False,"[""historical_build"", ""reference_not_ranking""]"
azimint_hist,cova_llvm_cpu_serial,default,fresh_process,error,,azimint_hist,2026-09-21-npbench-cova-L,69bc8be83f9f9a380f93f396d5ccb74cb8ac4eec,True,False,0,0,True,False,f5914dfb9f4cc36109a1c231938d0863c485540d7d58b79bed61050dcb1e083e,d714677a44d27aec51292ca83b9b3ba9c1835b7ac786bbd295a407ecfa03d47f,False,"[""historical_build"", ""reference_not_ranking""]"
azimint_hist,cova_llvm_cpu_serial,default,same_process,error,,azimint_hist,2026-09-21-npbench-cova-L,69bc8be83f9f9a380f93f396d5ccb74cb8ac4eec,True,False,0,0,True,False,f5914dfb9f4cc36109a1c231938d0863c485540d7d58b79bed61050dcb1e083e,d714677a44d27aec51292ca83b9b3ba9c1835b7ac786bbd295a407ecfa03d47f,False,"[""historical_build"", ""reference_not_ranking""]"
azimint_hist,cova_llvm_gpu,default,initialization,error,,azimint_hist,2026-09-21-npbench-cova-L,69bc8be83f9f9a380f93f396d5ccb74cb8ac4eec,True,False,0,0,True,False,f5914dfb9f4cc36109a1c231938d0863c485540d7d58b79bed61050dcb1e083e,d714677a44d27aec51292ca83b9b3ba9c1835b7ac786bbd295a407ecfa03d47f,False,"[""historical_build"", ""reference_not_ranking"", ""gpu_placement_metadata_only""]"
azimint_hist,cova_llvm_gpu,default,fresh_process,error,,azimint_hist,2026-09-21-npbench-cova-L,69bc8be83f9f9a380f93f396d5ccb74cb8ac4eec,True,False,0,0,True,False,f5914dfb9f4cc36109a1c231938d0863c485540d7d58b79bed61050dcb1e083e,d714677a44d27aec51292ca83b9b3ba9c1835b7ac786bbd295a407ecfa03d47f,False,"[""historical_build"", ""reference_not_ranking"", ""gpu_placement_metadata_only""]"
azimint_hist,cova_llvm_gpu,default,same_process,error,,azimint_hist,2026-09-21-npbench-cova-L,69bc8be83f9f9a380f93f396d5ccb74cb8ac4eec,True,False,0,0,True,False,f5914dfb9f4cc36109a1c231938d0863c485540d7d58b79bed61050dcb1e083e,d714677a44d27aec51292ca83b9b3ba9c1835b7ac786bbd295a407ecfa03d47f,False,"[""historical_build"", ""reference_not_ranking"", ""gpu_placement_metadata_only""]"
azimint_hist,cova_openmp_cpu,default,initialization,error,,azimint_hist,2026-09-21-npbench-cova-L,69bc8be83f9f9a380f93f396d5ccb74cb8ac4eec,True,False,0,0,True,False,f5914dfb9f4cc36109a1c231938d0863c485540d7d58b79bed61050dcb1e083e,d714677a44d27aec51292ca83b9b3ba9c1835b7ac786bbd295a407ecfa03d47f,False,"[""historical_build"", ""reference_not_ranking""]"
azimint_hist,cova_openmp_cpu,default,fresh_process,error,,azimint_hist,2026-09-21-npbench-cova-L,69bc8be83f9f9a380f93f396d5ccb74cb8ac4eec,True,False,0,0,True,False,f5914dfb9f4cc36109a1c231938d0863c485540d7d58b79bed61050dcb1e083e,d714677a44d27aec51292ca83b9b3ba9c1835b7ac786bbd295a407ecfa03d47f,False,"[""historical_build"", ""reference_not_ranking""]"
azimint_hist,cova_openmp_cpu,default,same_process,error,,azimint_hist,2026-09-21-npbench-cova-L,69bc8be83f9f9a380f93f396d5ccb74cb8ac4eec,True,False,0,0,True,False,f5914dfb9f4cc36109a1c231938d0863c485540d7d58b79bed61050dcb1e083e,d714677a44d27aec51292ca83b9b3ba9c1835b7ac786bbd295a407ecfa03d47f,False,"[""historical_build"", ""reference_not_ranking""]"
azimint_hist,cova_openmp_gpu,default,initialization,observed,17.718159134004964,azimint_hist_cova_helper,closure-step6,4ea0edb2+step6-fefd0a9c3c44,True,False,1,1,True,True,f5914dfb9f4cc36109a1c231938d0863c485540d7d58b79bed61050dcb1e083e,d714677a44d27aec51292ca83b9b3ba9c1835b7ac786bbd295a407ecfa03d47f,True,"[""historical_build"", ""reference_not_ranking""]"
azimint_hist,cova_openmp_gpu,default,fresh_process,observed,11.91350995299581,azimint_hist_cova_helper,closure-step6,4ea0edb2+step6-fefd0a9c3c44,True,False,2,2,True,True,f5914dfb9f4cc36109a1c231938d0863c485540d7d58b79bed61050dcb1e083e,d714677a44d27aec51292ca83b9b3ba9c1835b7ac786bbd295a407ecfa03d47f,True,"[""historical_build"", ""reference_not_ranking""]"
azimint_hist,cova_openmp_gpu,default,same_process,observed,11.54659561299195,azimint_hist_cova_helper,closure-step6,4ea0edb2+step6-fefd0a9c3c44,True,False,6,3,True,True,f5914dfb9f4cc36109a1c231938d0863c485540d7d58b79bed61050dcb1e083e,d714677a44d27aec51292ca83b9b3ba9c1835b7ac786bbd295a407ecfa03d47f,True,"[""historical_build"", ""reference_not_ranking""]"
azimint_hist,cova_serial_cpu,default,initialization,error,,azimint_hist,2026-09-21-npbench-cova-L,69bc8be83f9f9a380f93f396d5ccb74cb8ac4eec,True,False,0,0,True,False,f5914dfb9f4cc36109a1c231938d0863c485540d7d58b79bed61050dcb1e083e,d714677a44d27aec51292ca83b9b3ba9c1835b7ac786bbd295a407ecfa03d47f,False,"[""historical_build"", ""reference_not_ranking""]"
azimint_hist,cova_serial_cpu,default,fresh_process,error,,azimint_hist,2026-09-21-npbench-cova-L,69bc8be83f9f9a380f93f396d5ccb74cb8ac4eec,True,False,0,0,True,False,f5914dfb9f4cc36109a1c231938d0863c485540d7d58b79bed61050dcb1e083e,d714677a44d27aec51292ca83b9b3ba9c1835b7ac786bbd295a407ecfa03d47f,False,"[""historical_build"", ""reference_not_ranking""]"
azimint_hist,cova_serial_cpu,default,same_process,error,,azimint_hist,2026-09-21-npbench-cova-L,69bc8be83f9f9a380f93f396d5ccb74cb8ac4eec,True,False,0,0,True,False,f5914dfb9f4cc36109a1c231938d0863c485540d7d58b79bed61050dcb1e083e,d714677a44d27aec51292ca83b9b3ba9c1835b7ac786bbd295a407ecfa03d47f,False,"[""historical_build"", ""reference_not_ranking""]"
azimint_naive,cova_llvm_cpu,default,initialization,observed,41.0266985950002,azimint_naive,final-optimization-candidate,e01a2c3f735d4ed56cd47b76e567f3ecf25ff7af,False,False,1,1,True,False,7ce93eb427426de57f9dd024b84b3ccd522ed34eea578a05eb7d30f002985156,10e5a4ce8b6fe96db84b8d28fc35df47e5ddd295dfddf44939fc8ac5c8795b6d,False,"[""reference_not_ranking"", ""diagnostic_driver"", ""single_initialization_trial""]"
azimint_naive,cova_llvm_cpu,default,fresh_process,observed,36.73870161399827,azimint_naive,final-optimization-candidate,e01a2c3f735d4ed56cd47b76e567f3ecf25ff7af,False,False,1,1,True,False,7ce93eb427426de57f9dd024b84b3ccd522ed34eea578a05eb7d30f002985156,10e5a4ce8b6fe96db84b8d28fc35df47e5ddd295dfddf44939fc8ac5c8795b6d,False,"[""reference_not_ranking"", ""diagnostic_driver"", ""single_initialization_trial""]"
azimint_naive,cova_llvm_cpu,default,same_process,observed,39.62966033151315,azimint_naive,final-optimization-candidate,e01a2c3f735d4ed56cd47b76e567f3ecf25ff7af,False,False,2,1,True,False,7ce93eb427426de57f9dd024b84b3ccd522ed34eea578a05eb7d30f002985156,10e5a4ce8b6fe96db84b8d28fc35df47e5ddd295dfddf44939fc8ac5c8795b6d,False,"[""reference_not_ranking"", ""diagnostic_driver"", ""single_initialization_trial""]"
azimint_naive,cova_llvm_cpu_serial,default,initialization,error,,azimint_naive,2026-09-21-npbench-cova-L,69bc8be83f9f9a380f93f396d5ccb74cb8ac4eec,True,False,0,0,True,False,7ce93eb427426de57f9dd024b84b3ccd522ed34eea578a05eb7d30f002985156,10e5a4ce8b6fe96db84b8d28fc35df47e5ddd295dfddf44939fc8ac5c8795b6d,False,"[""historical_build"", ""reference_not_ranking""]"
azimint_naive,cova_llvm_cpu_serial,default,fresh_process,error,,azimint_naive,2026-09-21-npbench-cova-L,69bc8be83f9f9a380f93f396d5ccb74cb8ac4eec,True,False,0,0,True,False,7ce93eb427426de57f9dd024b84b3ccd522ed34eea578a05eb7d30f002985156,10e5a4ce8b6fe96db84b8d28fc35df47e5ddd295dfddf44939fc8ac5c8795b6d,False,"[""historical_build"", ""reference_not_ranking""]"
azimint_naive,cova_llvm_cpu_serial,default,same_process,error,,azimint_naive,2026-09-21-npbench-cova-L,69bc8be83f9f9a380f93f396d5ccb74cb8ac4eec,True,False,0,0,True,False,7ce93eb427426de57f9dd024b84b3ccd522ed34eea578a05eb7d30f002985156,10e5a4ce8b6fe96db84b8d28fc35df47e5ddd295dfddf44939fc8ac5c8795b6d,False,"[""historical_build"", ""reference_not_ranking""]"
azimint_naive,cova_llvm_gpu,default,initialization,observed,18.74310830401373,azimint_naive,final-optimization-candidate,e01a2c3f735d4ed56cd47b76e567f3ecf25ff7af,False,False,1,1,True,False,7ce93eb427426de57f9dd024b84b3ccd522ed34eea578a05eb7d30f002985156,10e5a4ce8b6fe96db84b8d28fc35df47e5ddd295dfddf44939fc8ac5c8795b6d,True,"[""reference_not_ranking"", ""diagnostic_driver"", ""single_initialization_trial"", ""profiled_restores""]"
azimint_naive,cova_llvm_gpu,default,fresh_process,observed,15.67678696202347,azimint_naive,final-optimization-candidate,e01a2c3f735d4ed56cd47b76e567f3ecf25ff7af,False,True,3,3,True,False,7ce93eb427426de57f9dd024b84b3ccd522ed34eea578a05eb7d30f002985156,10e5a4ce8b6fe96db84b8d28fc35df47e5ddd295dfddf44939fc8ac5c8795b6d,True,"[""reference_not_ranking"", ""diagnostic_driver"", ""single_initialization_trial"", ""profiled_restores""]"
azimint_naive,cova_llvm_gpu,default,same_process,observed,15.002004139998462,azimint_naive,final-optimization-candidate,e01a2c3f735d4ed56cd47b76e567f3ecf25ff7af,False,True,6,3,True,False,7ce93eb427426de57f9dd024b84b3ccd522ed34eea578a05eb7d30f002985156,10e5a4ce8b6fe96db84b8d28fc35df47e5ddd295dfddf44939fc8ac5c8795b6d,True,"[""reference_not_ranking"", ""diagnostic_driver"", ""single_initialization_trial"", ""profiled_restores""]"
azimint_naive,cova_openmp_cpu,default,initialization,error,,azimint_naive,2026-09-21-npbench-cova-L,69bc8be83f9f9a380f93f396d5ccb74cb8ac4eec,True,False,0,0,True,False,7ce93eb427426de57f9dd024b84b3ccd522ed34eea578a05eb7d30f002985156,10e5a4ce8b6fe96db84b8d28fc35df47e5ddd295dfddf44939fc8ac5c8795b6d,False,"[""historical_build"", ""reference_not_ranking""]"
azimint_naive,cova_openmp_cpu,default,fresh_process,error,,azimint_naive,2026-09-21-npbench-cova-L,69bc8be83f9f9a380f93f396d5ccb74cb8ac4eec,True,False,0,0,True,False,7ce93eb427426de57f9dd024b84b3ccd522ed34eea578a05eb7d30f002985156,10e5a4ce8b6fe96db84b8d28fc35df47e5ddd295dfddf44939fc8ac5c8795b6d,False,"[""historical_build"", ""reference_not_ranking""]"
azimint_naive,cova_openmp_cpu,default,same_process,error,,azimint_naive,2026-09-21-npbench-cova-L,69bc8be83f9f9a380f93f396d5ccb74cb8ac4eec,True,False,0,0,True,False,7ce93eb427426de57f9dd024b84b3ccd522ed34eea578a05eb7d30f002985156,10e5a4ce8b6fe96db84b8d28fc35df47e5ddd295dfddf44939fc8ac5c8795b6d,False,"[""historical_build"", ""reference_not_ranking""]"
azimint_naive,cova_openmp_gpu,default,initialization,error,,azimint_naive,2026-09-21-npbench-cova-L,69bc8be83f9f9a380f93f396d5ccb74cb8ac4eec,True,False,0,0,True,False,7ce93eb427426de57f9dd024b84b3ccd522ed34eea578a05eb7d30f002985156,10e5a4ce8b6fe96db84b8d28fc35df47e5ddd295dfddf44939fc8ac5c8795b6d,False,"[""historical_build"", ""reference_not_ranking"", ""gpu_placement_metadata_only""]"
azimint_naive,cova_openmp_gpu,default,fresh_process,error,,azimint_naive,2026-09-21-npbench-cova-L,69bc8be83f9f9a380f93f396d5ccb74cb8ac4eec,True,False,0,0,True,False,7ce93eb427426de57f9dd024b84b3ccd522ed34eea578a05eb7d30f002985156,10e5a4ce8b6fe96db84b8d28fc35df47e5ddd295dfddf44939fc8ac5c8795b6d,False,"[""historical_build"", ""reference_not_ranking"", ""gpu_placement_metadata_only""]"
azimint_naive,cova_openmp_gpu,default,same_process,error,,azimint_naive,2026-09-21-npbench-cova-L,69bc8be83f9f9a380f93f396d5ccb74cb8ac4eec,True,False,0,0,True,False,7ce93eb427426de57f9dd024b84b3ccd522ed34eea578a05eb7d30f002985156,10e5a4ce8b6fe96db84b8d28fc35df47e5ddd295dfddf44939fc8ac5c8795b6d,False,"[""historical_build"", ""reference_not_ranking"", ""gpu_placement_metadata_only""]"
azimint_naive,cova_serial_cpu,default,initialization,error,,azimint_naive,2026-09-21-npbench-cova-L,69bc8be83f9f9a380f93f396d5ccb74cb8ac4eec,True,False,0,0,True,False,7ce93eb427426de57f9dd024b84b3ccd522ed34eea578a05eb7d30f002985156,10e5a4ce8b6fe96db84b8d28fc35df47e5ddd295dfddf44939fc8ac5c8795b6d,False,"[""historical_build"", ""reference_not_ranking""]"
azimint_naive,cova_serial_cpu,default,fresh_process,error,,azimint_naive,2026-09-21-npbench-cova-L,69bc8be83f9f9a380f93f396d5ccb74cb8ac4eec,True,False,0,0,True,False,7ce93eb427426de57f9dd024b84b3ccd522ed34eea578a05eb7d30f002985156,10e5a4ce8b6fe96db84b8d28fc35df47e5ddd295dfddf44939fc8ac5c8795b6d,False,"[""historical_build"", ""reference_not_ranking""]"
azimint_naive,cova_serial_cpu,default,same_process,error,,azimint_naive,2026-09-21-npbench-cova-L,69bc8be83f9f9a380f93f396d5ccb74cb8ac4eec,True,False,0,0,True,False,7ce93eb427426de57f9dd024b84b3ccd522ed34eea578a05eb7d30f002985156,10e5a4ce8b6fe96db84b8d28fc35df47e5ddd295dfddf44939fc8ac5c8795b6d,False,"[""historical_build"", ""reference_not_ranking""]"
bicg,cova_llvm_cpu,default,initialization,observed,5.702882514015073,bicg,closure-step6,4ea0edb2+step6-fefd0a9c3c44,True,False,1,1,True,False,16d618b4e97f8f1b6191fe3f76123e77b6b198e5982ffa6fbd2528fa69701078,77e9adb788612e39af05a751b80c16198c5c53c1997f2c21ca5d1cefa59811c3,False,"[""historical_build"", ""reference_not_ranking""]"
bicg,cova_llvm_cpu,default,fresh_process,observed,0.12470459849282634,bicg,closure-step6,4ea0edb2+step6-fefd0a9c3c44,True,False,2,2,True,False,16d618b4e97f8f1b6191fe3f76123e77b6b198e5982ffa6fbd2528fa69701078,77e9adb788612e39af05a751b80c16198c5c53c1997f2c21ca5d1cefa59811c3,False,"[""historical_build"", ""reference_not_ranking""]"
bicg,cova_llvm_cpu,default,same_process,observed,0.08940134699514601,bicg,closure-step6,4ea0edb2+step6-fefd0a9c3c44,True,False,6,3,True,False,16d618b4e97f8f1b6191fe3f76123e77b6b198e5982ffa6fbd2528fa69701078,77e9adb788612e39af05a751b80c16198c5c53c1997f2c21ca5d1cefa59811c3,False,"[""historical_build"", ""reference_not_ranking""]"
bicg,cova_llvm_cpu_serial,default,initialization,observed,4.094371739003691,bicg,2026-09-21-npbench-cova-L,69bc8be83f9f9a380f93f396d5ccb74cb8ac4eec,True,False,1,1,True,False,16d618b4e97f8f1b6191fe3f76123e77b6b198e5982ffa6fbd2528fa69701078,77e9adb788612e39af05a751b80c16198c5c53c1997f2c21ca5d1cefa59811c3,False,"[""historical_build"", ""reference_not_ranking""]"
bicg,cova_llvm_cpu_serial,default,fresh_process,observed,0.14724652799486648,bicg,2026-09-21-npbench-cova-L,69bc8be83f9f9a380f93f396d5ccb74cb8ac4eec,True,False,2,2,True,False,16d618b4e97f8f1b6191fe3f76123e77b6b198e5982ffa6fbd2528fa69701078,77e9adb788612e39af05a751b80c16198c5c53c1997f2c21ca5d1cefa59811c3,False,"[""historical_build"", ""reference_not_ranking""]"
bicg,cova_llvm_cpu_serial,default,same_process,observed,0.14580436299729627,bicg,2026-09-21-npbench-cova-L,69bc8be83f9f9a380f93f396d5ccb74cb8ac4eec,True,False,6,3,True,False,16d618b4e97f8f1b6191fe3f76123e77b6b198e5982ffa6fbd2528fa69701078,77e9adb788612e39af05a751b80c16198c5c53c1997f2c21ca5d1cefa59811c3,False,"[""historical_build"", ""reference_not_ranking""]"
bicg,cova_llvm_gpu,default,initialization,observed,7.068357237993041,bicg,closure-step6,4ea0edb2+step6-fefd0a9c3c44,True,False,1,1,True,False,16d618b4e97f8f1b6191fe3f76123e77b6b198e5982ffa6fbd2528fa69701078,77e9adb788612e39af05a751b80c16198c5c53c1997f2c21ca5d1cefa59811c3,True,"[""historical_build"", ""reference_not_ranking""]"
bicg,cova_llvm_gpu,default,fresh_process,observed,0.6962704760080669,bicg,closure-step6,4ea0edb2+step6-fefd0a9c3c44,True,False,2,2,True,False,16d618b4e97f8f1b6191fe3f76123e77b6b198e5982ffa6fbd2528fa69701078,77e9adb788612e39af05a751b80c16198c5c53c1997f2c21ca5d1cefa59811c3,True,"[""historical_build"", ""reference_not_ranking""]"
bicg,cova_llvm_gpu,default,same_process,observed,0.3605310614948394,bicg,closure-step6,4ea0edb2+step6-fefd0a9c3c44,True,False,6,3,True,False,16d618b4e97f8f1b6191fe3f76123e77b6b198e5982ffa6fbd2528fa69701078,77e9adb788612e39af05a751b80c16198c5c53c1997f2c21ca5d1cefa59811c3,True,"[""historical_build"", ""reference_not_ranking""]"
bicg,cova_openmp_cpu,default,initialization,observed,3.0684903869987465,bicg,2026-09-21-npbench-cova-L,69bc8be83f9f9a380f93f396d5ccb74cb8ac4eec,True,False,1,1,True,False,16d618b4e97f8f1b6191fe3f76123e77b6b198e5982ffa6fbd2528fa69701078,77e9adb788612e39af05a751b80c16198c5c53c1997f2c21ca5d1cefa59811c3,False,"[""historical_build"", ""reference_not_ranking""]"
bicg,cova_openmp_cpu,default,fresh_process,observed,0.5541531734997989,bicg,2026-09-21-npbench-cova-L,69bc8be83f9f9a380f93f396d5ccb74cb8ac4eec,True,False,2,2,True,False,16d618b4e97f8f1b6191fe3f76123e77b6b198e5982ffa6fbd2528fa69701078,77e9adb788612e39af05a751b80c16198c5c53c1997f2c21ca5d1cefa59811c3,False,"[""historical_build"", ""reference_not_ranking""]"
bicg,cova_openmp_cpu,default,same_process,observed,0.4539214420001372,bicg,2026-09-21-npbench-cova-L,69bc8be83f9f9a380f93f396d5ccb74cb8ac4eec,True,False,6,3,True,False,16d618b4e97f8f1b6191fe3f76123e77b6b198e5982ffa6fbd2528fa69701078,77e9adb788612e39af05a751b80c16198c5c53c1997f2c21ca5d1cefa59811c3,False,"[""historical_build"", ""reference_not_ranking""]"
bicg,cova_openmp_gpu,default,initialization,observed,6.5638991330051795,bicg,2026-09-21-npbench-cova-L,69bc8be83f9f9a380f93f396d5ccb74cb8ac4eec,True,False,1,1,True,False,16d618b4e97f8f1b6191fe3f76123e77b6b198e5982ffa6fbd2528fa69701078,77e9adb788612e39af05a751b80c16198c5c53c1997f2c21ca5d1cefa59811c3,False,"[""historical_build"", ""reference_not_ranking"", ""gpu_placement_metadata_only""]"
bicg,cova_openmp_gpu,default,fresh_process,observed,0.8026238439924782,bicg,2026-09-21-npbench-cova-L,69bc8be83f9f9a380f93f396d5ccb74cb8ac4eec,True,False,2,2,True,False,16d618b4e97f8f1b6191fe3f76123e77b6b198e5982ffa6fbd2528fa69701078,77e9adb788612e39af05a751b80c16198c5c53c1997f2c21ca5d1cefa59811c3,False,"[""historical_build"", ""reference_not_ranking"", ""gpu_placement_metadata_only""]"
bicg,cova_openmp_gpu,default,same_process,observed,0.3790872390018194,bicg,2026-09-21-npbench-cova-L,69bc8be83f9f9a380f93f396d5ccb74cb8ac4eec,True,False,6,3,True,False,16d618b4e97f8f1b6191fe3f76123e77b6b198e5982ffa6fbd2528fa69701078,77e9adb788612e39af05a751b80c16198c5c53c1997f2c21ca5d1cefa59811c3,False,"[""historical_build"", ""reference_not_ranking"", ""gpu_placement_metadata_only""]"
bicg,cova_serial_cpu,default,initialization,observed,3.519090147994575,bicg,2026-09-21-npbench-cova-L,69bc8be83f9f9a380f93f396d5ccb74cb8ac4eec,True,False,1,1,True,False,16d618b4e97f8f1b6191fe3f76123e77b6b198e5982ffa6fbd2528fa69701078,77e9adb788612e39af05a751b80c16198c5c53c1997f2c21ca5d1cefa59811c3,False,"[""historical_build"", ""reference_not_ranking""]"
bicg,cova_serial_cpu,default,fresh_process,observed,1.2375436380025349,bicg,2026-09-21-npbench-cova-L,69bc8be83f9f9a380f93f396d5ccb74cb8ac4eec,True,False,2,2,True,False,16d618b4e97f8f1b6191fe3f76123e77b6b198e5982ffa6fbd2528fa69701078,77e9adb788612e39af05a751b80c16198c5c53c1997f2c21ca5d1cefa59811c3,False,"[""historical_build"", ""reference_not_ranking""]"
bicg,cova_serial_cpu,default,same_process,observed,1.2161827684976743,bicg,2026-09-21-npbench-cova-L,69bc8be83f9f9a380f93f396d5ccb74cb8ac4eec,True,False,6,3,True,False,16d618b4e97f8f1b6191fe3f76123e77b6b198e5982ffa6fbd2528fa69701078,77e9adb788612e39af05a751b80c16198c5c53c1997f2c21ca5d1cefa59811c3,False,"[""historical_build"", ""reference_not_ranking""]"
cavity_flow,cova_llvm_cpu,default,initialization,observed,3.7650144289946184,cavity_flow,closure-step6,4ea0edb2+step6-fefd0a9c3c44,True,False,1,1,True,False,210af7f0234bb993fa8cb9e063c162a3f185d3fc74aad9308835699b7e5a18da,33c1dcf4ea4c8afb398c3db57686f19a59239f440846cca31b92bee224e3c662,False,"[""historical_build"", ""reference_not_ranking""]"
cavity_flow,cova_llvm_cpu,default,fresh_process,observed,0.29783622499962803,cavity_flow,closure-step6,4ea0edb2+step6-fefd0a9c3c44,True,False,2,2,True,False,210af7f0234bb993fa8cb9e063c162a3f185d3fc74aad9308835699b7e5a18da,33c1dcf4ea4c8afb398c3db57686f19a59239f440846cca31b92bee224e3c662,False,"[""historical_build"", ""reference_not_ranking""]"
cavity_flow,cova_llvm_cpu,default,same_process,observed,0.2059616134938551,cavity_flow,closure-step6,4ea0edb2+step6-fefd0a9c3c44,True,False,6,3,True,False,210af7f0234bb993fa8cb9e063c162a3f185d3fc74aad9308835699b7e5a18da,33c1dcf4ea4c8afb398c3db57686f19a59239f440846cca31b92bee224e3c662,False,"[""historical_build"", ""reference_not_ranking""]"
cavity_flow,cova_llvm_cpu_serial,default,initialization,observed,4.188610080003855,cavity_flow,2026-09-21-npbench-cova-L,69bc8be83f9f9a380f93f396d5ccb74cb8ac4eec,True,False,1,1,True,False,210af7f0234bb993fa8cb9e063c162a3f185d3fc74aad9308835699b7e5a18da,33c1dcf4ea4c8afb398c3db57686f19a59239f440846cca31b92bee224e3c662,False,"[""historical_build"", ""reference_not_ranking""]"
cavity_flow,cova_llvm_cpu_serial,default,fresh_process,observed,0.6143712880002568,cavity_flow,2026-09-21-npbench-cova-L,69bc8be83f9f9a380f93f396d5ccb74cb8ac4eec,True,False,2,2,True,False,210af7f0234bb993fa8cb9e063c162a3f185d3fc74aad9308835699b7e5a18da,33c1dcf4ea4c8afb398c3db57686f19a59239f440846cca31b92bee224e3c662,False,"[""historical_build"", ""reference_not_ranking""]"
cavity_flow,cova_llvm_cpu_serial,default,same_process,observed,0.7513458905086736,cavity_flow,2026-09-21-npbench-cova-L,69bc8be83f9f9a380f93f396d5ccb74cb8ac4eec,True,False,6,3,True,False,210af7f0234bb993fa8cb9e063c162a3f185d3fc74aad9308835699b7e5a18da,33c1dcf4ea4c8afb398c3db57686f19a59239f440846cca31b92bee224e3c662,False,"[""historical_build"", ""reference_not_ranking""]"
cavity_flow,cova_llvm_gpu,default,initialization,observed,30.812519357015844,cavity_flow,closure-step6,4ea0edb2+step6-fefd0a9c3c44,True,False,1,1,True,False,210af7f0234bb993fa8cb9e063c162a3f185d3fc74aad9308835699b7e5a18da,33c1dcf4ea4c8afb398c3db57686f19a59239f440846cca31b92bee224e3c662,True,"[""historical_build"", ""reference_not_ranking""]"
cavity_flow,cova_llvm_gpu,default,fresh_process,observed,25.770865354003035,cavity_flow,closure-step6,4ea0edb2+step6-fefd0a9c3c44,True,False,2,2,True,False,210af7f0234bb993fa8cb9e063c162a3f185d3fc74aad9308835699b7e5a18da,33c1dcf4ea4c8afb398c3db57686f19a59239f440846cca31b92bee224e3c662,True,"[""historical_build"", ""reference_not_ranking""]"
cavity_flow,cova_llvm_gpu,default,same_process,observed,25.409036365002976,cavity_flow,closure-step6,4ea0edb2+step6-fefd0a9c3c44,True,False,6,3,True,False,210af7f0234bb993fa8cb9e063c162a3f185d3fc74aad9308835699b7e5a18da,33c1dcf4ea4c8afb398c3db57686f19a59239f440846cca31b92bee224e3c662,True,"[""historical_build"", ""reference_not_ranking""]"
cavity_flow,cova_openmp_cpu,default,initialization,observed,3.591331559990067,cavity_flow,2026-09-21-npbench-cova-L,69bc8be83f9f9a380f93f396d5ccb74cb8ac4eec,True,False,1,1,True,False,210af7f0234bb993fa8cb9e063c162a3f185d3fc74aad9308835699b7e5a18da,33c1dcf4ea4c8afb398c3db57686f19a59239f440846cca31b92bee224e3c662,False,"[""historical_build"", ""reference_not_ranking""]"
cavity_flow,cova_openmp_cpu,default,fresh_process,observed,0.2213486104956246,cavity_flow,2026-09-21-npbench-cova-L,69bc8be83f9f9a380f93f396d5ccb74cb8ac4eec,True,False,2,2,True,False,210af7f0234bb993fa8cb9e063c162a3f185d3fc74aad9308835699b7e5a18da,33c1dcf4ea4c8afb398c3db57686f19a59239f440846cca31b92bee224e3c662,False,"[""historical_build"", ""reference_not_ranking""]"
cavity_flow,cova_openmp_cpu,default,same_process,observed,0.1883167810010491,cavity_flow,2026-09-21-npbench-cova-L,69bc8be83f9f9a380f93f396d5ccb74cb8ac4eec,True,False,6,3,True,False,210af7f0234bb993fa8cb9e063c162a3f185d3fc74aad9308835699b7e5a18da,33c1dcf4ea4c8afb398c3db57686f19a59239f440846cca31b92bee224e3c662,False,"[""historical_build"", ""reference_not_ranking""]"
cavity_flow,cova_openmp_gpu,default,initialization,observed,5.269124857004499,cavity_flow,2026-09-21-npbench-cova-L,69bc8be83f9f9a380f93f396d5ccb74cb8ac4eec,True,False,1,1,True,False,210af7f0234bb993fa8cb9e063c162a3f185d3fc74aad9308835699b7e5a18da,33c1dcf4ea4c8afb398c3db57686f19a59239f440846cca31b92bee224e3c662,False,"[""historical_build"", ""reference_not_ranking"", ""gpu_placement_metadata_only""]"
cavity_flow,cova_openmp_gpu,default,fresh_process,observed,0.19120919150009286,cavity_flow,2026-09-21-npbench-cova-L,69bc8be83f9f9a380f93f396d5ccb74cb8ac4eec,True,False,2,2,True,False,210af7f0234bb993fa8cb9e063c162a3f185d3fc74aad9308835699b7e5a18da,33c1dcf4ea4c8afb398c3db57686f19a59239f440846cca31b92bee224e3c662,False,"[""historical_build"", ""reference_not_ranking"", ""gpu_placement_metadata_only""]"
cavity_flow,cova_openmp_gpu,default,same_process,observed,0.1569228820007993,cavity_flow,2026-09-21-npbench-cova-L,69bc8be83f9f9a380f93f396d5ccb74cb8ac4eec,True,False,6,3,True,False,210af7f0234bb993fa8cb9e063c162a3f185d3fc74aad9308835699b7e5a18da,33c1dcf4ea4c8afb398c3db57686f19a59239f440846cca31b92bee224e3c662,False,"[""historical_build"", ""reference_not_ranking"", ""gpu_placement_metadata_only""]"
cavity_flow,cova_serial_cpu,default,initialization,observed,2.939050834000227,cavity_flow,2026-09-21-npbench-cova-L,69bc8be83f9f9a380f93f396d5ccb74cb8ac4eec,True,False,1,1,True,False,210af7f0234bb993fa8cb9e063c162a3f185d3fc74aad9308835699b7e5a18da,33c1dcf4ea4c8afb398c3db57686f19a59239f440846cca31b92bee224e3c662,False,"[""historical_build"", ""reference_not_ranking""]"
cavity_flow,cova_serial_cpu,default,fresh_process,observed,0.18754919449565932,cavity_flow,2026-09-21-npbench-cova-L,69bc8be83f9f9a380f93f396d5ccb74cb8ac4eec,True,False,2,2,True,False,210af7f0234bb993fa8cb9e063c162a3f185d3fc74aad9308835699b7e5a18da,33c1dcf4ea4c8afb398c3db57686f19a59239f440846cca31b92bee224e3c662,False,"[""historical_build"", ""reference_not_ranking""]"
cavity_flow,cova_serial_cpu,default,same_process,observed,0.20600966299389256,cavity_flow,2026-09-21-npbench-cova-L,69bc8be83f9f9a380f93f396d5ccb74cb8ac4eec,True,False,6,3,True,False,210af7f0234bb993fa8cb9e063c162a3f185d3fc74aad9308835699b7e5a18da,33c1dcf4ea4c8afb398c3db57686f19a59239f440846cca31b92bee224e3c662,False,"[""historical_build"", ""reference_not_ranking""]"
channel_flow,cova_llvm_cpu,default,initialization,observed,13.322860669984948,channel_flow,closure-step6,4ea0edb2+step6-fefd0a9c3c44,True,False,1,1,True,False,a5826f86fe64a72734a89619a6e971effc8ed8ebe00f99337006d700704bed0f,131f13ee629eff4bbfc04696d2acdcf8be8c111de0037039e4ac5c934e15a280,False,"[""historical_build"", ""reference_not_ranking""]"
channel_flow,cova_llvm_cpu,default,fresh_process,observed,2.2128715495055076,channel_flow,closure-step6,4ea0edb2+step6-fefd0a9c3c44,True,False,2,2,True,False,a5826f86fe64a72734a89619a6e971effc8ed8ebe00f99337006d700704bed0f,131f13ee629eff4bbfc04696d2acdcf8be8c111de0037039e4ac5c934e15a280,False,"[""historical_build"", ""reference_not_ranking""]"
channel_flow,cova_llvm_cpu,default,same_process,observed,1.2584502364916261,channel_flow,closure-step6,4ea0edb2+step6-fefd0a9c3c44,True,False,6,3,True,False,a5826f86fe64a72734a89619a6e971effc8ed8ebe00f99337006d700704bed0f,131f13ee629eff4bbfc04696d2acdcf8be8c111de0037039e4ac5c934e15a280,False,"[""historical_build"", ""reference_not_ranking""]"
channel_flow,cova_llvm_cpu_serial,default,initialization,observed,14.09435784300149,channel_flow,2026-09-21-npbench-cova-L,69bc8be83f9f9a380f93f396d5ccb74cb8ac4eec,True,False,1,1,True,False,a5826f86fe64a72734a89619a6e971effc8ed8ebe00f99337006d700704bed0f,131f13ee629eff4bbfc04696d2acdcf8be8c111de0037039e4ac5c934e15a280,False,"[""historical_build"", ""reference_not_ranking""]"
channel_flow,cova_llvm_cpu_serial,default,fresh_process,observed,5.5319155500110355,channel_flow,2026-09-21-npbench-cova-L,69bc8be83f9f9a380f93f396d5ccb74cb8ac4eec,True,False,2,2,True,False,a5826f86fe64a72734a89619a6e971effc8ed8ebe00f99337006d700704bed0f,131f13ee629eff4bbfc04696d2acdcf8be8c111de0037039e4ac5c934e15a280,False,"[""historical_build"", ""reference_not_ranking""]"
channel_flow,cova_llvm_cpu_serial,default,same_process,observed,5.2272047419974115,channel_flow,2026-09-21-npbench-cova-L,69bc8be83f9f9a380f93f396d5ccb74cb8ac4eec,True,False,6,3,True,False,a5826f86fe64a72734a89619a6e971effc8ed8ebe00f99337006d700704bed0f,131f13ee629eff4bbfc04696d2acdcf8be8c111de0037039e4ac5c934e15a280,False,"[""historical_build"", ""reference_not_ranking""]"
channel_flow,cova_llvm_gpu,default,initialization,observed,335.2088017630158,channel_flow,closure-step6,4ea0edb2+step6-fefd0a9c3c44,True,False,1,1,True,False,a5826f86fe64a72734a89619a6e971effc8ed8ebe00f99337006d700704bed0f,131f13ee629eff4bbfc04696d2acdcf8be8c111de0037039e4ac5c934e15a280,True,"[""historical_build"", ""reference_not_ranking""]"
channel_flow,cova_llvm_gpu,default,fresh_process,observed,320.6210888414935,channel_flow,closure-step6,4ea0edb2+step6-fefd0a9c3c44,True,False,2,2,True,False,a5826f86fe64a72734a89619a6e971effc8ed8ebe00f99337006d700704bed0f,131f13ee629eff4bbfc04696d2acdcf8be8c111de0037039e4ac5c934e15a280,True,"[""historical_build"", ""reference_not_ranking""]"
channel_flow,cova_llvm_gpu,default,same_process,observed,318.7366859584872,channel_flow,closure-step6,4ea0edb2+step6-fefd0a9c3c44,True,False,6,3,True,False,a5826f86fe64a72734a89619a6e971effc8ed8ebe00f99337006d700704bed0f,131f13ee629eff4bbfc04696d2acdcf8be8c111de0037039e4ac5c934e15a280,True,"[""historical_build"", ""reference_not_ranking""]"
channel_flow,cova_openmp_cpu,default,initialization,error,,channel_flow,2026-09-21-npbench-cova-L,69bc8be83f9f9a380f93f396d5ccb74cb8ac4eec,True,False,0,0,True,False,a5826f86fe64a72734a89619a6e971effc8ed8ebe00f99337006d700704bed0f,131f13ee629eff4bbfc04696d2acdcf8be8c111de0037039e4ac5c934e15a280,False,"[""historical_build"", ""reference_not_ranking""]"
channel_flow,cova_openmp_cpu,default,fresh_process,error,,channel_flow,2026-09-21-npbench-cova-L,69bc8be83f9f9a380f93f396d5ccb74cb8ac4eec,True,False,0,0,True,False,a5826f86fe64a72734a89619a6e971effc8ed8ebe00f99337006d700704bed0f,131f13ee629eff4bbfc04696d2acdcf8be8c111de0037039e4ac5c934e15a280,False,"[""historical_build"", ""reference_not_ranking""]"
channel_flow,cova_openmp_cpu,default,same_process,error,,channel_flow,2026-09-21-npbench-cova-L,69bc8be83f9f9a380f93f396d5ccb74cb8ac4eec,True,False,0,0,True,False,a5826f86fe64a72734a89619a6e971effc8ed8ebe00f99337006d700704bed0f,131f13ee629eff4bbfc04696d2acdcf8be8c111de0037039e4ac5c934e15a280,False,"[""historical_build"", ""reference_not_ranking""]"
channel_flow,cova_openmp_gpu,default,initialization,error,,channel_flow,2026-09-21-npbench-cova-L,69bc8be83f9f9a380f93f396d5ccb74cb8ac4eec,True,False,0,0,True,False,a5826f86fe64a72734a89619a6e971effc8ed8ebe00f99337006d700704bed0f,131f13ee629eff4bbfc04696d2acdcf8be8c111de0037039e4ac5c934e15a280,False,"[""historical_build"", ""reference_not_ranking"", ""gpu_placement_metadata_only""]"
channel_flow,cova_openmp_gpu,default,fresh_process,error,,channel_flow,2026-09-21-npbench-cova-L,69bc8be83f9f9a380f93f396d5ccb74cb8ac4eec,True,False,0,0,True,False,a5826f86fe64a72734a89619a6e971effc8ed8ebe00f99337006d700704bed0f,131f13ee629eff4bbfc04696d2acdcf8be8c111de0037039e4ac5c934e15a280,False,"[""historical_build"", ""reference_not_ranking"", ""gpu_placement_metadata_only""]"
channel_flow,cova_openmp_gpu,default,same_process,error,,channel_flow,2026-09-21-npbench-cova-L,69bc8be83f9f9a380f93f396d5ccb74cb8ac4eec,True,False,0,0,True,False,a5826f86fe64a72734a89619a6e971effc8ed8ebe00f99337006d700704bed0f,131f13ee629eff4bbfc04696d2acdcf8be8c111de0037039e4ac5c934e15a280,False,"[""historical_build"", ""reference_not_ranking"", ""gpu_placement_metadata_only""]"
channel_flow,cova_serial_cpu,default,initialization,error,,channel_flow,2026-09-21-npbench-cova-L,69bc8be83f9f9a380f93f396d5ccb74cb8ac4eec,True,False,0,0,True,False,a5826f86fe64a72734a89619a6e971effc8ed8ebe00f99337006d700704bed0f,131f13ee629eff4bbfc04696d2acdcf8be8c111de0037039e4ac5c934e15a280,False,"[""historical_build"", ""reference_not_ranking""]"
channel_flow,cova_serial_cpu,default,fresh_process,error,,channel_flow,2026-09-21-npbench-cova-L,69bc8be83f9f9a380f93f396d5ccb74cb8ac4eec,True,False,0,0,True,False,a5826f86fe64a72734a89619a6e971effc8ed8ebe00f99337006d700704bed0f,131f13ee629eff4bbfc04696d2acdcf8be8c111de0037039e4ac5c934e15a280,False,"[""historical_build"", ""reference_not_ranking""]"
channel_flow,cova_serial_cpu,default,same_process,error,,channel_flow,2026-09-21-npbench-cova-L,69bc8be83f9f9a380f93f396d5ccb74cb8ac4eec,True,False,0,0,True,False,a5826f86fe64a72734a89619a6e971effc8ed8ebe00f99337006d700704bed0f,131f13ee629eff4bbfc04696d2acdcf8be8c111de0037039e4ac5c934e15a280,False,"[""historical_build"", ""reference_not_ranking""]"
cholesky,cova_llvm_cpu,default,initialization,observed,2.0128486850007903,cholesky,closure-step6,4ea0edb2+step6-fefd0a9c3c44,True,False,1,1,True,False,56dfb1eba239c26e0b2a9d37a7e4204bca4b6420c1c6db5a29f0fa62a44c6bf8,4fbe26b28e30a4b50af30a63a5f1d483d8c2556910e84aba0ab6422938ce8d60,False,"[""historical_build"", ""reference_not_ranking""]"
cholesky,cova_llvm_cpu,default,fresh_process,observed,0.1593730985041475,cholesky,closure-step6,4ea0edb2+step6-fefd0a9c3c44,True,False,2,2,True,False,56dfb1eba239c26e0b2a9d37a7e4204bca4b6420c1c6db5a29f0fa62a44c6bf8,4fbe26b28e30a4b50af30a63a5f1d483d8c2556910e84aba0ab6422938ce8d60,False,"[""historical_build"", ""reference_not_ranking""]"
cholesky,cova_llvm_cpu,default,same_process,observed,0.20381502048985567,cholesky,closure-step6,4ea0edb2+step6-fefd0a9c3c44,True,False,6,3,True,False,56dfb1eba239c26e0b2a9d37a7e4204bca4b6420c1c6db5a29f0fa62a44c6bf8,4fbe26b28e30a4b50af30a63a5f1d483d8c2556910e84aba0ab6422938ce8d60,False,"[""historical_build"", ""reference_not_ranking""]"
cholesky,cova_llvm_cpu_serial,default,initialization,observed,1.8260338120016968,cholesky,2026-09-21-npbench-cova-L,69bc8be83f9f9a380f93f396d5ccb74cb8ac4eec,True,False,1,1,True,False,56dfb1eba239c26e0b2a9d37a7e4204bca4b6420c1c6db5a29f0fa62a44c6bf8,4fbe26b28e30a4b50af30a63a5f1d483d8c2556910e84aba0ab6422938ce8d60,False,"[""historical_build"", ""reference_not_ranking""]"
cholesky,cova_llvm_cpu_serial,default,fresh_process,observed,0.20190479299344588,cholesky,2026-09-21-npbench-cova-L,69bc8be83f9f9a380f93f396d5ccb74cb8ac4eec,True,False,2,2,True,False,56dfb1eba239c26e0b2a9d37a7e4204bca4b6420c1c6db5a29f0fa62a44c6bf8,4fbe26b28e30a4b50af30a63a5f1d483d8c2556910e84aba0ab6422938ce8d60,False,"[""historical_build"", ""reference_not_ranking""]"
cholesky,cova_llvm_cpu_serial,default,same_process,observed,0.18990356349968351,cholesky,2026-09-21-npbench-cova-L,69bc8be83f9f9a380f93f396d5ccb74cb8ac4eec,True,False,6,3,True,False,56dfb1eba239c26e0b2a9d37a7e4204bca4b6420c1c6db5a29f0fa62a44c6bf8,4fbe26b28e30a4b50af30a63a5f1d483d8c2556910e84aba0ab6422938ce8d60,False,"[""historical_build"", ""reference_not_ranking""]"
cholesky,cova_llvm_gpu,default,initialization,observed,13.653378893999616,cholesky,closure-step6,4ea0edb2+step6-fefd0a9c3c44,True,False,1,1,True,False,56dfb1eba239c26e0b2a9d37a7e4204bca4b6420c1c6db5a29f0fa62a44c6bf8,4fbe26b28e30a4b50af30a63a5f1d483d8c2556910e84aba0ab6422938ce8d60,True,"[""historical_build"", ""reference_not_ranking""]"
cholesky,cova_llvm_gpu,default,fresh_process,observed,9.568179106499883,cholesky,closure-step6,4ea0edb2+step6-fefd0a9c3c44,True,False,2,2,True,False,56dfb1eba239c26e0b2a9d37a7e4204bca4b6420c1c6db5a29f0fa62a44c6bf8,4fbe26b28e30a4b50af30a63a5f1d483d8c2556910e84aba0ab6422938ce8d60,True,"[""historical_build"", ""reference_not_ranking""]"
cholesky,cova_llvm_gpu,default,same_process,observed,9.342812516988488,cholesky,closure-step6,4ea0edb2+step6-fefd0a9c3c44,True,False,6,3,True,False,56dfb1eba239c26e0b2a9d37a7e4204bca4b6420c1c6db5a29f0fa62a44c6bf8,4fbe26b28e30a4b50af30a63a5f1d483d8c2556910e84aba0ab6422938ce8d60,True,"[""historical_build"", ""reference_not_ranking""]"
cholesky,cova_openmp_cpu,default,initialization,observed,2.5539722229877952,cholesky,2026-09-21-npbench-cova-L,69bc8be83f9f9a380f93f396d5ccb74cb8ac4eec,True,False,1,1,True,False,56dfb1eba239c26e0b2a9d37a7e4204bca4b6420c1c6db5a29f0fa62a44c6bf8,4fbe26b28e30a4b50af30a63a5f1d483d8c2556910e84aba0ab6422938ce8d60,False,"[""historical_build"", ""reference_not_ranking""]"
cholesky,cova_openmp_cpu,default,fresh_process,observed,0.19836015249893535,cholesky,2026-09-21-npbench-cova-L,69bc8be83f9f9a380f93f396d5ccb74cb8ac4eec,True,False,2,2,True,False,56dfb1eba239c26e0b2a9d37a7e4204bca4b6420c1c6db5a29f0fa62a44c6bf8,4fbe26b28e30a4b50af30a63a5f1d483d8c2556910e84aba0ab6422938ce8d60,False,"[""historical_build"", ""reference_not_ranking""]"
cholesky,cova_openmp_cpu,default,same_process,observed,0.16284515699226176,cholesky,2026-09-21-npbench-cova-L,69bc8be83f9f9a380f93f396d5ccb74cb8ac4eec,True,False,6,3,True,False,56dfb1eba239c26e0b2a9d37a7e4204bca4b6420c1c6db5a29f0fa62a44c6bf8,4fbe26b28e30a4b50af30a63a5f1d483d8c2556910e84aba0ab6422938ce8d60,False,"[""historical_build"", ""reference_not_ranking""]"
cholesky,cova_openmp_gpu,default,initialization,observed,4.401769372008857,cholesky,2026-09-21-npbench-cova-L,69bc8be83f9f9a380f93f396d5ccb74cb8ac4eec,True,False,1,1,True,False,56dfb1eba239c26e0b2a9d37a7e4204bca4b6420c1c6db5a29f0fa62a44c6bf8,4fbe26b28e30a4b50af30a63a5f1d483d8c2556910e84aba0ab6422938ce8d60,False,"[""historical_build"", ""reference_not_ranking"", ""gpu_placement_metadata_only""]"
cholesky,cova_openmp_gpu,default,fresh_process,observed,0.19055221800226718,cholesky,2026-09-21-npbench-cova-L,69bc8be83f9f9a380f93f396d5ccb74cb8ac4eec,True,False,2,2,True,False,56dfb1eba239c26e0b2a9d37a7e4204bca4b6420c1c6db5a29f0fa62a44c6bf8,4fbe26b28e30a4b50af30a63a5f1d483d8c2556910e84aba0ab6422938ce8d60,False,"[""historical_build"", ""reference_not_ranking"", ""gpu_placement_metadata_only""]"
cholesky,cova_openmp_gpu,default,same_process,observed,0.2301435519984807,cholesky,2026-09-21-npbench-cova-L,69bc8be83f9f9a380f93f396d5ccb74cb8ac4eec,True,False,6,3,True,False,56dfb1eba239c26e0b2a9d37a7e4204bca4b6420c1c6db5a29f0fa62a44c6bf8,4fbe26b28e30a4b50af30a63a5f1d483d8c2556910e84aba0ab6422938ce8d60,False,"[""historical_build"", ""reference_not_ranking"", ""gpu_placement_metadata_only""]"
cholesky,cova_serial_cpu,default,initialization,observed,2.255046181991929,cholesky,2026-09-21-npbench-cova-L,69bc8be83f9f9a380f93f396d5ccb74cb8ac4eec,True,False,1,1,True,False,56dfb1eba239c26e0b2a9d37a7e4204bca4b6420c1c6db5a29f0fa62a44c6bf8,4fbe26b28e30a4b50af30a63a5f1d483d8c2556910e84aba0ab6422938ce8d60,False,"[""historical_build"", ""reference_not_ranking""]"
cholesky,cova_serial_cpu,default,fresh_process,observed,0.16707015249994583,cholesky,2026-09-21-npbench-cova-L,69bc8be83f9f9a380f93f396d5ccb74cb8ac4eec,True,False,2,2,True,False,56dfb1eba239c26e0b2a9d37a7e4204bca4b6420c1c6db5a29f0fa62a44c6bf8,4fbe26b28e30a4b50af30a63a5f1d483d8c2556910e84aba0ab6422938ce8d60,False,"[""historical_build"", ""reference_not_ranking""]"
cholesky,cova_serial_cpu,default,same_process,observed,0.16743444700114196,cholesky,2026-09-21-npbench-cova-L,69bc8be83f9f9a380f93f396d5ccb74cb8ac4eec,True,False,6,3,True,False,56dfb1eba239c26e0b2a9d37a7e4204bca4b6420c1c6db5a29f0fa62a44c6bf8,4fbe26b28e30a4b50af30a63a5f1d483d8c2556910e84aba0ab6422938ce8d60,False,"[""historical_build"", ""reference_not_ranking""]"
cholesky2,cova_llvm_cpu,default,initialization,observed,9.457209457992576,cholesky2,closure-step6,4ea0edb2+step6-fefd0a9c3c44,True,False,1,1,True,False,d99d5b0becbfb22bf45157e320f447a583444c901fafb55b0e5b1a90147a5923,b9394a55df0718e0c2862384f101bc746b522dc7acfbed649b0716c8d79c2363,False,"[""historical_build"", ""reference_not_ranking""]"
cholesky2,cova_llvm_cpu,default,fresh_process,observed,2.7775946615001885,cholesky2,closure-step6,4ea0edb2+step6-fefd0a9c3c44,True,False,2,2,True,False,d99d5b0becbfb22bf45157e320f447a583444c901fafb55b0e5b1a90147a5923,b9394a55df0718e0c2862384f101bc746b522dc7acfbed649b0716c8d79c2363,False,"[""historical_build"", ""reference_not_ranking""]"
cholesky2,cova_llvm_cpu,default,same_process,observed,2.9910292485001264,cholesky2,closure-step6,4ea0edb2+step6-fefd0a9c3c44,True,False,6,3,True,False,d99d5b0becbfb22bf45157e320f447a583444c901fafb55b0e5b1a90147a5923,b9394a55df0718e0c2862384f101bc746b522dc7acfbed649b0716c8d79c2363,False,"[""historical_build"", ""reference_not_ranking""]"
cholesky2,cova_llvm_cpu_serial,default,initialization,observed,8.42836958800035,cholesky2,2026-09-21-npbench-cova-L,69bc8be83f9f9a380f93f396d5ccb74cb8ac4eec,True,False,1,1,True,False,d99d5b0becbfb22bf45157e320f447a583444c901fafb55b0e5b1a90147a5923,b9394a55df0718e0c2862384f101bc746b522dc7acfbed649b0716c8d79c2363,False,"[""historical_build"", ""reference_not_ranking""]"
cholesky2,cova_llvm_cpu_serial,default,fresh_process,observed,2.8902384730026824,cholesky2,2026-09-21-npbench-cova-L,69bc8be83f9f9a380f93f396d5ccb74cb8ac4eec,True,False,2,2,True,False,d99d5b0becbfb22bf45157e320f447a583444c901fafb55b0e5b1a90147a5923,b9394a55df0718e0c2862384f101bc746b522dc7acfbed649b0716c8d79c2363,False,"[""historical_build"", ""reference_not_ranking""]"
cholesky2,cova_llvm_cpu_serial,default,same_process,observed,2.6249775779942865,cholesky2,2026-09-21-npbench-cova-L,69bc8be83f9f9a380f93f396d5ccb74cb8ac4eec,True,False,6,3,True,False,d99d5b0becbfb22bf45157e320f447a583444c901fafb55b0e5b1a90147a5923,b9394a55df0718e0c2862384f101bc746b522dc7acfbed649b0716c8d79c2363,False,"[""historical_build"", ""reference_not_ranking""]"
cholesky2,cova_llvm_gpu,default,initialization,observed,8.721674684027676,cholesky2,closure-step6,4ea0edb2+step6-fefd0a9c3c44,True,False,1,1,True,False,d99d5b0becbfb22bf45157e320f447a583444c901fafb55b0e5b1a90147a5923,b9394a55df0718e0c2862384f101bc746b522dc7acfbed649b0716c8d79c2363,True,"[""historical_build"", ""reference_not_ranking""]"
cholesky2,cova_llvm_gpu,default,fresh_process,observed,2.0496609839901794,cholesky2,closure-step6,4ea0edb2+step6-fefd0a9c3c44,True,False,2,2,True,False,d99d5b0becbfb22bf45157e320f447a583444c901fafb55b0e5b1a90147a5923,b9394a55df0718e0c2862384f101bc746b522dc7acfbed649b0716c8d79c2363,True,"[""historical_build"", ""reference_not_ranking""]"
cholesky2,cova_llvm_gpu,default,same_process,observed,1.8550565109908348,cholesky2,closure-step6,4ea0edb2+step6-fefd0a9c3c44,True,False,6,3,True,False,d99d5b0becbfb22bf45157e320f447a583444c901fafb55b0e5b1a90147a5923,b9394a55df0718e0c2862384f101bc746b522dc7acfbed649b0716c8d79c2363,True,"[""historical_build"", ""reference_not_ranking""]"
cholesky2,cova_openmp_cpu,default,initialization,error,,cholesky2,2026-09-21-npbench-cova-L,69bc8be83f9f9a380f93f396d5ccb74cb8ac4eec,True,False,0,0,True,False,d99d5b0becbfb22bf45157e320f447a583444c901fafb55b0e5b1a90147a5923,b9394a55df0718e0c2862384f101bc746b522dc7acfbed649b0716c8d79c2363,False,"[""historical_build"", ""reference_not_ranking""]"
cholesky2,cova_openmp_cpu,default,fresh_process,error,,cholesky2,2026-09-21-npbench-cova-L,69bc8be83f9f9a380f93f396d5ccb74cb8ac4eec,True,False,0,0,True,False,d99d5b0becbfb22bf45157e320f447a583444c901fafb55b0e5b1a90147a5923,b9394a55df0718e0c2862384f101bc746b522dc7acfbed649b0716c8d79c2363,False,"[""historical_build"", ""reference_not_ranking""]"
cholesky2,cova_openmp_cpu,default,same_process,error,,cholesky2,2026-09-21-npbench-cova-L,69bc8be83f9f9a380f93f396d5ccb74cb8ac4eec,True,False,0,0,True,False,d99d5b0becbfb22bf45157e320f447a583444c901fafb55b0e5b1a90147a5923,b9394a55df0718e0c2862384f101bc746b522dc7acfbed649b0716c8d79c2363,False,"[""historical_build"", ""reference_not_ranking""]"
cholesky2,cova_openmp_gpu,default,initialization,error,,cholesky2,2026-09-21-npbench-cova-L,69bc8be83f9f9a380f93f396d5ccb74cb8ac4eec,True,False,0,0,True,False,d99d5b0becbfb22bf45157e320f447a583444c901fafb55b0e5b1a90147a5923,b9394a55df0718e0c2862384f101bc746b522dc7acfbed649b0716c8d79c2363,False,"[""historical_build"", ""reference_not_ranking"", ""gpu_placement_metadata_only""]"
cholesky2,cova_openmp_gpu,default,fresh_process,error,,cholesky2,2026-09-21-npbench-cova-L,69bc8be83f9f9a380f93f396d5ccb74cb8ac4eec,True,False,0,0,True,False,d99d5b0becbfb22bf45157e320f447a583444c901fafb55b0e5b1a90147a5923,b9394a55df0718e0c2862384f101bc746b522dc7acfbed649b0716c8d79c2363,False,"[""historical_build"", ""reference_not_ranking"", ""gpu_placement_metadata_only""]"
cholesky2,cova_openmp_gpu,default,same_process,error,,cholesky2,2026-09-21-npbench-cova-L,69bc8be83f9f9a380f93f396d5ccb74cb8ac4eec,True,False,0,0,True,False,d99d5b0becbfb22bf45157e320f447a583444c901fafb55b0e5b1a90147a5923,b9394a55df0718e0c2862384f101bc746b522dc7acfbed649b0716c8d79c2363,False,"[""historical_build"", ""reference_not_ranking"", ""gpu_placement_metadata_only""]"
cholesky2,cova_serial_cpu,default,initialization,error,,cholesky2,2026-09-21-npbench-cova-L,69bc8be83f9f9a380f93f396d5ccb74cb8ac4eec,True,False,0,0,True,False,d99d5b0becbfb22bf45157e320f447a583444c901fafb55b0e5b1a90147a5923,b9394a55df0718e0c2862384f101bc746b522dc7acfbed649b0716c8d79c2363,False,"[""historical_build"", ""reference_not_ranking""]"
cholesky2,cova_serial_cpu,default,fresh_process,error,,cholesky2,2026-09-21-npbench-cova-L,69bc8be83f9f9a380f93f396d5ccb74cb8ac4eec,True,False,0,0,True,False,d99d5b0becbfb22bf45157e320f447a583444c901fafb55b0e5b1a90147a5923,b9394a55df0718e0c2862384f101bc746b522dc7acfbed649b0716c8d79c2363,False,"[""historical_build"", ""reference_not_ranking""]"
cholesky2,cova_serial_cpu,default,same_process,error,,cholesky2,2026-09-21-npbench-cova-L,69bc8be83f9f9a380f93f396d5ccb74cb8ac4eec,True,False,0,0,True,False,d99d5b0becbfb22bf45157e320f447a583444c901fafb55b0e5b1a90147a5923,b9394a55df0718e0c2862384f101bc746b522dc7acfbed649b0716c8d79c2363,False,"[""historical_build"", ""reference_not_ranking""]"
compute,cova_llvm_cpu,default,initialization,observed,11.461859126982745,compute,closure-step6,4ea0edb2+step6-fefd0a9c3c44,True,False,1,1,True,False,edf335f51b0a6a5a63d4d1e8c77cdda9a31939cdf30081571adf738ae28f7732,c95ef8e4674e9795c2c4376c3b88240655d27d77a534d2db1cf991c275146691,False,"[""historical_build"", ""reference_not_ranking""]"
compute,cova_llvm_cpu,default,fresh_process,observed,8.795148484001402,compute,closure-step6,4ea0edb2+step6-fefd0a9c3c44,True,False,2,2,True,False,edf335f51b0a6a5a63d4d1e8c77cdda9a31939cdf30081571adf738ae28f7732,c95ef8e4674e9795c2c4376c3b88240655d27d77a534d2db1cf991c275146691,False,"[""historical_build"", ""reference_not_ranking""]"
compute,cova_llvm_cpu,default,same_process,observed,8.801912983995862,compute,closure-step6,4ea0edb2+step6-fefd0a9c3c44,True,False,6,3,True,False,edf335f51b0a6a5a63d4d1e8c77cdda9a31939cdf30081571adf738ae28f7732,c95ef8e4674e9795c2c4376c3b88240655d27d77a534d2db1cf991c275146691,False,"[""historical_build"", ""reference_not_ranking""]"
compute,cova_llvm_cpu_serial,default,initialization,observed,10.287302036012989,compute,2026-09-21-npbench-cova-L,69bc8be83f9f9a380f93f396d5ccb74cb8ac4eec,True,False,1,1,True,False,edf335f51b0a6a5a63d4d1e8c77cdda9a31939cdf30081571adf738ae28f7732,c95ef8e4674e9795c2c4376c3b88240655d27d77a534d2db1cf991c275146691,False,"[""historical_build"", ""reference_not_ranking""]"
compute,cova_llvm_cpu_serial,default,fresh_process,observed,7.449748245497176,compute,2026-09-21-npbench-cova-L,69bc8be83f9f9a380f93f396d5ccb74cb8ac4eec,True,False,2,2,True,False,edf335f51b0a6a5a63d4d1e8c77cdda9a31939cdf30081571adf738ae28f7732,c95ef8e4674e9795c2c4376c3b88240655d27d77a534d2db1cf991c275146691,False,"[""historical_build"", ""reference_not_ranking""]"
compute,cova_llvm_cpu_serial,default,same_process,observed,7.6543402264942415,compute,2026-09-21-npbench-cova-L,69bc8be83f9f9a380f93f396d5ccb74cb8ac4eec,True,False,6,3,True,False,edf335f51b0a6a5a63d4d1e8c77cdda9a31939cdf30081571adf738ae28f7732,c95ef8e4674e9795c2c4376c3b88240655d27d77a534d2db1cf991c275146691,False,"[""historical_build"", ""reference_not_ranking""]"
compute,cova_llvm_gpu,default,initialization,observed,7.900670199014712,compute,closure-step6,4ea0edb2+step6-fefd0a9c3c44,True,False,1,1,True,False,edf335f51b0a6a5a63d4d1e8c77cdda9a31939cdf30081571adf738ae28f7732,c95ef8e4674e9795c2c4376c3b88240655d27d77a534d2db1cf991c275146691,True,"[""historical_build"", ""reference_not_ranking""]"
compute,cova_llvm_gpu,default,fresh_process,observed,3.9698065694974503,compute,closure-step6,4ea0edb2+step6-fefd0a9c3c44,True,False,2,2,True,False,edf335f51b0a6a5a63d4d1e8c77cdda9a31939cdf30081571adf738ae28f7732,c95ef8e4674e9795c2c4376c3b88240655d27d77a534d2db1cf991c275146691,True,"[""historical_build"", ""reference_not_ranking""]"
compute,cova_llvm_gpu,default,same_process,observed,3.8290608474926557,compute,closure-step6,4ea0edb2+step6-fefd0a9c3c44,True,False,6,3,True,False,edf335f51b0a6a5a63d4d1e8c77cdda9a31939cdf30081571adf738ae28f7732,c95ef8e4674e9795c2c4376c3b88240655d27d77a534d2db1cf991c275146691,True,"[""historical_build"", ""reference_not_ranking""]"
compute,cova_openmp_cpu,default,initialization,observed,9.835258545994293,compute,2026-09-21-npbench-cova-L,69bc8be83f9f9a380f93f396d5ccb74cb8ac4eec,True,False,1,1,True,False,edf335f51b0a6a5a63d4d1e8c77cdda9a31939cdf30081571adf738ae28f7732,c95ef8e4674e9795c2c4376c3b88240655d27d77a534d2db1cf991c275146691,False,"[""historical_build"", ""reference_not_ranking""]"
compute,cova_openmp_cpu,default,fresh_process,observed,7.1308899729992845,compute,2026-09-21-npbench-cova-L,69bc8be83f9f9a380f93f396d5ccb74cb8ac4eec,True,False,2,2,True,False,edf335f51b0a6a5a63d4d1e8c77cdda9a31939cdf30081571adf738ae28f7732,c95ef8e4674e9795c2c4376c3b88240655d27d77a534d2db1cf991c275146691,False,"[""historical_build"", ""reference_not_ranking""]"
compute,cova_openmp_cpu,default,same_process,observed,6.992552019000868,compute,2026-09-21-npbench-cova-L,69bc8be83f9f9a380f93f396d5ccb74cb8ac4eec,True,False,6,3,True,False,edf335f51b0a6a5a63d4d1e8c77cdda9a31939cdf30081571adf738ae28f7732,c95ef8e4674e9795c2c4376c3b88240655d27d77a534d2db1cf991c275146691,False,"[""historical_build"", ""reference_not_ranking""]"
compute,cova_openmp_gpu,default,initialization,observed,38.41213561099721,compute,2026-09-21-npbench-cova-L,69bc8be83f9f9a380f93f396d5ccb74cb8ac4eec,True,False,1,1,True,False,edf335f51b0a6a5a63d4d1e8c77cdda9a31939cdf30081571adf738ae28f7732,c95ef8e4674e9795c2c4376c3b88240655d27d77a534d2db1cf991c275146691,False,"[""historical_build"", ""reference_not_ranking"", ""gpu_placement_metadata_only""]"
compute,cova_openmp_gpu,default,fresh_process,observed,176.61694925949996,compute,2026-09-21-npbench-cova-L,69bc8be83f9f9a380f93f396d5ccb74cb8ac4eec,True,False,2,2,True,False,edf335f51b0a6a5a63d4d1e8c77cdda9a31939cdf30081571adf738ae28f7732,c95ef8e4674e9795c2c4376c3b88240655d27d77a534d2db1cf991c275146691,False,"[""historical_build"", ""reference_not_ranking"", ""gpu_placement_metadata_only""]"
compute,cova_openmp_gpu,default,same_process,observed,227.5934012450016,compute,2026-09-21-npbench-cova-L,69bc8be83f9f9a380f93f396d5ccb74cb8ac4eec,True,False,6,3,True,False,edf335f51b0a6a5a63d4d1e8c77cdda9a31939cdf30081571adf738ae28f7732,c95ef8e4674e9795c2c4376c3b88240655d27d77a534d2db1cf991c275146691,False,"[""historical_build"", ""reference_not_ranking"", ""gpu_placement_metadata_only""]"
compute,cova_serial_cpu,default,initialization,observed,11.17589912499534,compute,2026-09-21-npbench-cova-L,69bc8be83f9f9a380f93f396d5ccb74cb8ac4eec,True,False,1,1,True,False,edf335f51b0a6a5a63d4d1e8c77cdda9a31939cdf30081571adf738ae28f7732,c95ef8e4674e9795c2c4376c3b88240655d27d77a534d2db1cf991c275146691,False,"[""historical_build"", ""reference_not_ranking""]"
compute,cova_serial_cpu,default,fresh_process,observed,8.406282428004488,compute,2026-09-21-npbench-cova-L,69bc8be83f9f9a380f93f396d5ccb74cb8ac4eec,True,False,2,2,True,False,edf335f51b0a6a5a63d4d1e8c77cdda9a31939cdf30081571adf738ae28f7732,c95ef8e4674e9795c2c4376c3b88240655d27d77a534d2db1cf991c275146691,False,"[""historical_build"", ""reference_not_ranking""]"
compute,cova_serial_cpu,default,same_process,observed,2.6891954870006884,compute,2026-09-21-npbench-cova-L,69bc8be83f9f9a380f93f396d5ccb74cb8ac4eec,True,False,6,3,True,False,edf335f51b0a6a5a63d4d1e8c77cdda9a31939cdf30081571adf738ae28f7732,c95ef8e4674e9795c2c4376c3b88240655d27d77a534d2db1cf991c275146691,False,"[""historical_build"", ""reference_not_ranking""]"
contour_integral,cova_llvm_cpu,default,initialization,observed,9.102055642026244,contour_integral,closure-step6,4ea0edb2+step6-fefd0a9c3c44,True,False,1,1,True,False,b7bd5d51e17faaa7d7b471e2377876f282bd7deed775cb160db56f12df313057,96e60b8e822b16860d5bd015f984ac2828ce239aab0d0628d36a60c7c4be7697,False,"[""historical_build"", ""reference_not_ranking""]"
contour_integral,cova_llvm_cpu,default,fresh_process,observed,3.4598434365034336,contour_integral,closure-step6,4ea0edb2+step6-fefd0a9c3c44,True,False,2,2,True,False,b7bd5d51e17faaa7d7b471e2377876f282bd7deed775cb160db56f12df313057,96e60b8e822b16860d5bd015f984ac2828ce239aab0d0628d36a60c7c4be7697,False,"[""historical_build"", ""reference_not_ranking""]"
contour_integral,cova_llvm_cpu,default,same_process,observed,3.979803216003347,contour_integral,closure-step6,4ea0edb2+step6-fefd0a9c3c44,True,False,6,3,True,False,b7bd5d51e17faaa7d7b471e2377876f282bd7deed775cb160db56f12df313057,96e60b8e822b16860d5bd015f984ac2828ce239aab0d0628d36a60c7c4be7697,False,"[""historical_build"", ""reference_not_ranking""]"
contour_integral,cova_llvm_cpu_serial,default,initialization,observed,6.632181769993622,contour_integral,2026-09-21-npbench-cova-L,69bc8be83f9f9a380f93f396d5ccb74cb8ac4eec,True,False,1,1,True,False,b7bd5d51e17faaa7d7b471e2377876f282bd7deed775cb160db56f12df313057,96e60b8e822b16860d5bd015f984ac2828ce239aab0d0628d36a60c7c4be7697,False,"[""historical_build"", ""reference_not_ranking""]"
contour_integral,cova_llvm_cpu_serial,default,fresh_process,observed,1.538321478998114,contour_integral,2026-09-21-npbench-cova-L,69bc8be83f9f9a380f93f396d5ccb74cb8ac4eec,True,False,2,2,True,False,b7bd5d51e17faaa7d7b471e2377876f282bd7deed775cb160db56f12df313057,96e60b8e822b16860d5bd015f984ac2828ce239aab0d0628d36a60c7c4be7697,False,"[""historical_build"", ""reference_not_ranking""]"
contour_integral,cova_llvm_cpu_serial,default,same_process,observed,1.3423758189965156,contour_integral,2026-09-21-npbench-cova-L,69bc8be83f9f9a380f93f396d5ccb74cb8ac4eec,True,False,6,3,True,False,b7bd5d51e17faaa7d7b471e2377876f282bd7deed775cb160db56f12df313057,96e60b8e822b16860d5bd015f984ac2828ce239aab0d0628d36a60c7c4be7697,False,"[""historical_build"", ""reference_not_ranking""]"
contour_integral,cova_llvm_gpu,default,initialization,observed,10.370761253027013,contour_integral,closure-step6,4ea0edb2+step6-fefd0a9c3c44,True,False,1,1,True,False,b7bd5d51e17faaa7d7b471e2377876f282bd7deed775cb160db56f12df313057,96e60b8e822b16860d5bd015f984ac2828ce239aab0d0628d36a60c7c4be7697,True,"[""historical_build"", ""reference_not_ranking""]"
contour_integral,cova_llvm_gpu,default,fresh_process,observed,2.9046965750167146,contour_integral,closure-step6,4ea0edb2+step6-fefd0a9c3c44,True,False,2,2,True,False,b7bd5d51e17faaa7d7b471e2377876f282bd7deed775cb160db56f12df313057,96e60b8e822b16860d5bd015f984ac2828ce239aab0d0628d36a60c7c4be7697,True,"[""historical_build"", ""reference_not_ranking""]"
contour_integral,cova_llvm_gpu,default,same_process,observed,2.3265669950051233,contour_integral,closure-step6,4ea0edb2+step6-fefd0a9c3c44,True,False,6,3,True,False,b7bd5d51e17faaa7d7b471e2377876f282bd7deed775cb160db56f12df313057,96e60b8e822b16860d5bd015f984ac2828ce239aab0d0628d36a60c7c4be7697,True,"[""historical_build"", ""reference_not_ranking""]"
contour_integral,cova_openmp_cpu,default,initialization,error,,contour_integral,2026-09-21-npbench-cova-L,69bc8be83f9f9a380f93f396d5ccb74cb8ac4eec,True,False,0,0,True,False,b7bd5d51e17faaa7d7b471e2377876f282bd7deed775cb160db56f12df313057,96e60b8e822b16860d5bd015f984ac2828ce239aab0d0628d36a60c7c4be7697,False,"[""historical_build"", ""reference_not_ranking""]"
contour_integral,cova_openmp_cpu,default,fresh_process,error,,contour_integral,2026-09-21-npbench-cova-L,69bc8be83f9f9a380f93f396d5ccb74cb8ac4eec,True,False,0,0,True,False,b7bd5d51e17faaa7d7b471e2377876f282bd7deed775cb160db56f12df313057,96e60b8e822b16860d5bd015f984ac2828ce239aab0d0628d36a60c7c4be7697,False,"[""historical_build"", ""reference_not_ranking""]"
contour_integral,cova_openmp_cpu,default,same_process,error,,contour_integral,2026-09-21-npbench-cova-L,69bc8be83f9f9a380f93f396d5ccb74cb8ac4eec,True,False,0,0,True,False,b7bd5d51e17faaa7d7b471e2377876f282bd7deed775cb160db56f12df313057,96e60b8e822b16860d5bd015f984ac2828ce239aab0d0628d36a60c7c4be7697,False,"[""historical_build"", ""reference_not_ranking""]"
contour_integral,cova_openmp_gpu,default,initialization,error,,contour_integral,2026-09-21-npbench-cova-L,69bc8be83f9f9a380f93f396d5ccb74cb8ac4eec,True,False,0,0,True,False,b7bd5d51e17faaa7d7b471e2377876f282bd7deed775cb160db56f12df313057,96e60b8e822b16860d5bd015f984ac2828ce239aab0d0628d36a60c7c4be7697,False,"[""historical_build"", ""reference_not_ranking"", ""gpu_placement_metadata_only""]"
contour_integral,cova_openmp_gpu,default,fresh_process,error,,contour_integral,2026-09-21-npbench-cova-L,69bc8be83f9f9a380f93f396d5ccb74cb8ac4eec,True,False,0,0,True,False,b7bd5d51e17faaa7d7b471e2377876f282bd7deed775cb160db56f12df313057,96e60b8e822b16860d5bd015f984ac2828ce239aab0d0628d36a60c7c4be7697,False,"[""historical_build"", ""reference_not_ranking"", ""gpu_placement_metadata_only""]"
contour_integral,cova_openmp_gpu,default,same_process,error,,contour_integral,2026-09-21-npbench-cova-L,69bc8be83f9f9a380f93f396d5ccb74cb8ac4eec,True,False,0,0,True,False,b7bd5d51e17faaa7d7b471e2377876f282bd7deed775cb160db56f12df313057,96e60b8e822b16860d5bd015f984ac2828ce239aab0d0628d36a60c7c4be7697,False,"[""historical_build"", ""reference_not_ranking"", ""gpu_placement_metadata_only""]"
contour_integral,cova_serial_cpu,default,initialization,error,,contour_integral,2026-09-21-npbench-cova-L,69bc8be83f9f9a380f93f396d5ccb74cb8ac4eec,True,False,0,0,True,False,b7bd5d51e17faaa7d7b471e2377876f282bd7deed775cb160db56f12df313057,96e60b8e822b16860d5bd015f984ac2828ce239aab0d0628d36a60c7c4be7697,False,"[""historical_build"", ""reference_not_ranking""]"
contour_integral,cova_serial_cpu,default,fresh_process,error,,contour_integral,2026-09-21-npbench-cova-L,69bc8be83f9f9a380f93f396d5ccb74cb8ac4eec,True,False,0,0,True,False,b7bd5d51e17faaa7d7b471e2377876f282bd7deed775cb160db56f12df313057,96e60b8e822b16860d5bd015f984ac2828ce239aab0d0628d36a60c7c4be7697,False,"[""historical_build"", ""reference_not_ranking""]"
contour_integral,cova_serial_cpu,default,same_process,error,,contour_integral,2026-09-21-npbench-cova-L,69bc8be83f9f9a380f93f396d5ccb74cb8ac4eec,True,False,0,0,True,False,b7bd5d51e17faaa7d7b471e2377876f282bd7deed775cb160db56f12df313057,96e60b8e822b16860d5bd015f984ac2828ce239aab0d0628d36a60c7c4be7697,False,"[""historical_build"", ""reference_not_ranking""]"
conv2d_bias,cova_llvm_cpu,default,initialization,observed,2.309246857999824,conv2d_bias,closure-step6,4ea0edb2+step6-fefd0a9c3c44,True,False,1,1,True,False,c47a0f873d63acc5fa1d36e1061d8e90bf59c5186703fc221aaf46384c6dbae8,3652f4ad2c784bef2f715b7aa13d7e3a9d461dbdbed77498119dc3c0f00cc660,False,"[""historical_build"", ""reference_not_ranking""]"
conv2d_bias,cova_llvm_cpu,default,fresh_process,observed,0.11896286251430865,conv2d_bias,closure-step6,4ea0edb2+step6-fefd0a9c3c44,True,False,2,2,True,False,c47a0f873d63acc5fa1d36e1061d8e90bf59c5186703fc221aaf46384c6dbae8,3652f4ad2c784bef2f715b7aa13d7e3a9d461dbdbed77498119dc3c0f00cc660,False,"[""historical_build"", ""reference_not_ranking""]"
conv2d_bias,cova_llvm_cpu,default,same_process,observed,0.10063120900304057,conv2d_bias,closure-step6,4ea0edb2+step6-fefd0a9c3c44,True,False,6,3,True,False,c47a0f873d63acc5fa1d36e1061d8e90bf59c5186703fc221aaf46384c6dbae8,3652f4ad2c784bef2f715b7aa13d7e3a9d461dbdbed77498119dc3c0f00cc660,False,"[""historical_build"", ""reference_not_ranking""]"
conv2d_bias,cova_llvm_cpu_serial,default,initialization,observed,2.927192848001141,conv2d_bias,2026-09-21-npbench-cova-L,69bc8be83f9f9a380f93f396d5ccb74cb8ac4eec,True,False,1,1,True,False,c47a0f873d63acc5fa1d36e1061d8e90bf59c5186703fc221aaf46384c6dbae8,3652f4ad2c784bef2f715b7aa13d7e3a9d461dbdbed77498119dc3c0f00cc660,False,"[""historical_build"", ""reference_not_ranking""]"
conv2d_bias,cova_llvm_cpu_serial,default,fresh_process,observed,1.0929728015107685,conv2d_bias,2026-09-21-npbench-cova-L,69bc8be83f9f9a380f93f396d5ccb74cb8ac4eec,True,False,2,2,True,False,c47a0f873d63acc5fa1d36e1061d8e90bf59c5186703fc221aaf46384c6dbae8,3652f4ad2c784bef2f715b7aa13d7e3a9d461dbdbed77498119dc3c0f00cc660,False,"[""historical_build"", ""reference_not_ranking""]"
conv2d_bias,cova_llvm_cpu_serial,default,same_process,observed,1.2030654495029012,conv2d_bias,2026-09-21-npbench-cova-L,69bc8be83f9f9a380f93f396d5ccb74cb8ac4eec,True,False,6,3,True,False,c47a0f873d63acc5fa1d36e1061d8e90bf59c5186703fc221aaf46384c6dbae8,3652f4ad2c784bef2f715b7aa13d7e3a9d461dbdbed77498119dc3c0f00cc660,False,"[""historical_build"", ""reference_not_ranking""]"
conv2d_bias,cova_llvm_gpu,default,initialization,observed,19.795025864994386,conv2d_bias,closure-step6,4ea0edb2+step6-fefd0a9c3c44,True,False,1,1,True,False,c47a0f873d63acc5fa1d36e1061d8e90bf59c5186703fc221aaf46384c6dbae8,3652f4ad2c784bef2f715b7aa13d7e3a9d461dbdbed77498119dc3c0f00cc660,True,"[""historical_build"", ""reference_not_ranking""]"
conv2d_bias,cova_llvm_gpu,default,fresh_process,observed,15.492592293521739,conv2d_bias,closure-step6,4ea0edb2+step6-fefd0a9c3c44,True,False,2,2,True,False,c47a0f873d63acc5fa1d36e1061d8e90bf59c5186703fc221aaf46384c6dbae8,3652f4ad2c784bef2f715b7aa13d7e3a9d461dbdbed77498119dc3c0f00cc660,True,"[""historical_build"", ""reference_not_ranking""]"
conv2d_bias,cova_llvm_gpu,default,same_process,observed,13.660916928507504,conv2d_bias,closure-step6,4ea0edb2+step6-fefd0a9c3c44,True,False,6,3,True,False,c47a0f873d63acc5fa1d36e1061d8e90bf59c5186703fc221aaf46384c6dbae8,3652f4ad2c784bef2f715b7aa13d7e3a9d461dbdbed77498119dc3c0f00cc660,True,"[""historical_build"", ""reference_not_ranking""]"
conv2d_bias,cova_openmp_cpu,default,initialization,observed,4.401338547002524,conv2d_bias,2026-09-21-npbench-cova-L,69bc8be83f9f9a380f93f396d5ccb74cb8ac4eec,True,False,1,1,True,False,c47a0f873d63acc5fa1d36e1061d8e90bf59c5186703fc221aaf46384c6dbae8,3652f4ad2c784bef2f715b7aa13d7e3a9d461dbdbed77498119dc3c0f00cc660,False,"[""historical_build"", ""reference_not_ranking""]"
conv2d_bias,cova_openmp_cpu,default,fresh_process,observed,0.10437121998984367,conv2d_bias,2026-09-21-npbench-cova-L,69bc8be83f9f9a380f93f396d5ccb74cb8ac4eec,True,False,2,2,True,False,c47a0f873d63acc5fa1d36e1061d8e90bf59c5186703fc221aaf46384c6dbae8,3652f4ad2c784bef2f715b7aa13d7e3a9d461dbdbed77498119dc3c0f00cc660,False,"[""historical_build"", ""reference_not_ranking""]"
conv2d_bias,cova_openmp_cpu,default,same_process,observed,0.09010699699865654,conv2d_bias,2026-09-21-npbench-cova-L,69bc8be83f9f9a380f93f396d5ccb74cb8ac4eec,True,False,6,3,True,False,c47a0f873d63acc5fa1d36e1061d8e90bf59c5186703fc221aaf46384c6dbae8,3652f4ad2c784bef2f715b7aa13d7e3a9d461dbdbed77498119dc3c0f00cc660,False,"[""historical_build"", ""reference_not_ranking""]"
conv2d_bias,cova_openmp_gpu,default,initialization,observed,30.687676061992534,conv2d_bias,2026-09-21-npbench-cova-L,69bc8be83f9f9a380f93f396d5ccb74cb8ac4eec,True,False,1,1,True,False,c47a0f873d63acc5fa1d36e1061d8e90bf59c5186703fc221aaf46384c6dbae8,3652f4ad2c784bef2f715b7aa13d7e3a9d461dbdbed77498119dc3c0f00cc660,False,"[""historical_build"", ""reference_not_ranking"", ""gpu_placement_metadata_only""]"
conv2d_bias,cova_openmp_gpu,default,fresh_process,observed,22.406612928003597,conv2d_bias,2026-09-21-npbench-cova-L,69bc8be83f9f9a380f93f396d5ccb74cb8ac4eec,True,False,2,2,True,False,c47a0f873d63acc5fa1d36e1061d8e90bf59c5186703fc221aaf46384c6dbae8,3652f4ad2c784bef2f715b7aa13d7e3a9d461dbdbed77498119dc3c0f00cc660,False,"[""historical_build"", ""reference_not_ranking"", ""gpu_placement_metadata_only""]"
conv2d_bias,cova_openmp_gpu,default,same_process,observed,22.105830382999557,conv2d_bias,2026-09-21-npbench-cova-L,69bc8be83f9f9a380f93f396d5ccb74cb8ac4eec,True,False,6,3,True,False,c47a0f873d63acc5fa1d36e1061d8e90bf59c5186703fc221aaf46384c6dbae8,3652f4ad2c784bef2f715b7aa13d7e3a9d461dbdbed77498119dc3c0f00cc660,False,"[""historical_build"", ""reference_not_ranking"", ""gpu_placement_metadata_only""]"
conv2d_bias,cova_serial_cpu,default,initialization,observed,4.241214415000286,conv2d_bias,2026-09-21-npbench-cova-L,69bc8be83f9f9a380f93f396d5ccb74cb8ac4eec,True,False,1,1,True,False,c47a0f873d63acc5fa1d36e1061d8e90bf59c5186703fc221aaf46384c6dbae8,3652f4ad2c784bef2f715b7aa13d7e3a9d461dbdbed77498119dc3c0f00cc660,False,"[""historical_build"", ""reference_not_ranking""]"
conv2d_bias,cova_serial_cpu,default,fresh_process,observed,0.09884109650010942,conv2d_bias,2026-09-21-npbench-cova-L,69bc8be83f9f9a380f93f396d5ccb74cb8ac4eec,True,False,2,2,True,False,c47a0f873d63acc5fa1d36e1061d8e90bf59c5186703fc221aaf46384c6dbae8,3652f4ad2c784bef2f715b7aa13d7e3a9d461dbdbed77498119dc3c0f00cc660,False,"[""historical_build"", ""reference_not_ranking""]"
conv2d_bias,cova_serial_cpu,default,same_process,observed,0.11099706199456705,conv2d_bias,2026-09-21-npbench-cova-L,69bc8be83f9f9a380f93f396d5ccb74cb8ac4eec,True,False,6,3,True,False,c47a0f873d63acc5fa1d36e1061d8e90bf59c5186703fc221aaf46384c6dbae8,3652f4ad2c784bef2f715b7aa13d7e3a9d461dbdbed77498119dc3c0f00cc660,False,"[""historical_build"", ""reference_not_ranking""]"
correlation,cova_llvm_cpu,default,initialization,observed,10.006601389992284,correlation,closure-step6,4ea0edb2+step6-fefd0a9c3c44,True,False,1,1,True,False,5bed53d94756b29d6c326b3510b9e7380e2b6d4931a68ec824535ca294b9c166,90af084039550dbfa1b2c0aafc8d4694c42209b191fd5b47f0314658efaf5513,False,"[""historical_build"", ""reference_not_ranking""]"
correlation,cova_llvm_cpu,default,fresh_process,observed,3.871500184512115,correlation,closure-step6,4ea0edb2+step6-fefd0a9c3c44,True,False,2,2,True,False,5bed53d94756b29d6c326b3510b9e7380e2b6d4931a68ec824535ca294b9c166,90af084039550dbfa1b2c0aafc8d4694c42209b191fd5b47f0314658efaf5513,False,"[""historical_build"", ""reference_not_ranking""]"
correlation,cova_llvm_cpu,default,same_process,observed,3.142673335998552,correlation,closure-step6,4ea0edb2+step6-fefd0a9c3c44,True,False,6,3,True,False,5bed53d94756b29d6c326b3510b9e7380e2b6d4931a68ec824535ca294b9c166,90af084039550dbfa1b2c0aafc8d4694c42209b191fd5b47f0314658efaf5513,False,"[""historical_build"", ""reference_not_ranking""]"
correlation,cova_llvm_cpu_serial,default,initialization,observed,7.83611272899725,correlation,2026-09-21-npbench-cova-L,69bc8be83f9f9a380f93f396d5ccb74cb8ac4eec,True,False,1,1,True,False,5bed53d94756b29d6c326b3510b9e7380e2b6d4931a68ec824535ca294b9c166,90af084039550dbfa1b2c0aafc8d4694c42209b191fd5b47f0314658efaf5513,False,"[""historical_build"", ""reference_not_ranking""]"
correlation,cova_llvm_cpu_serial,default,fresh_process,observed,3.2473917309980607,correlation,2026-09-21-npbench-cova-L,69bc8be83f9f9a380f93f396d5ccb74cb8ac4eec,True,False,2,2,True,False,5bed53d94756b29d6c326b3510b9e7380e2b6d4931a68ec824535ca294b9c166,90af084039550dbfa1b2c0aafc8d4694c42209b191fd5b47f0314658efaf5513,False,"[""historical_build"", ""reference_not_ranking""]"
correlation,cova_llvm_cpu_serial,default,same_process,observed,3.141273358007311,correlation,2026-09-21-npbench-cova-L,69bc8be83f9f9a380f93f396d5ccb74cb8ac4eec,True,False,6,3,True,False,5bed53d94756b29d6c326b3510b9e7380e2b6d4931a68ec824535ca294b9c166,90af084039550dbfa1b2c0aafc8d4694c42209b191fd5b47f0314658efaf5513,False,"[""historical_build"", ""reference_not_ranking""]"
correlation,cova_llvm_gpu,default,initialization,observed,12.677105854992988,correlation,closure-step6,4ea0edb2+step6-fefd0a9c3c44,True,False,1,1,True,False,5bed53d94756b29d6c326b3510b9e7380e2b6d4931a68ec824535ca294b9c166,90af084039550dbfa1b2c0aafc8d4694c42209b191fd5b47f0314658efaf5513,True,"[""historical_build"", ""reference_not_ranking""]"
correlation,cova_llvm_gpu,default,fresh_process,observed,8.227051196998218,correlation,closure-step6,4ea0edb2+step6-fefd0a9c3c44,True,False,2,2,True,False,5bed53d94756b29d6c326b3510b9e7380e2b6d4931a68ec824535ca294b9c166,90af084039550dbfa1b2c0aafc8d4694c42209b191fd5b47f0314658efaf5513,True,"[""historical_build"", ""reference_not_ranking""]"
correlation,cova_llvm_gpu,default,same_process,observed,7.854562215492479,correlation,closure-step6,4ea0edb2+step6-fefd0a9c3c44,True,False,6,3,True,False,5bed53d94756b29d6c326b3510b9e7380e2b6d4931a68ec824535ca294b9c166,90af084039550dbfa1b2c0aafc8d4694c42209b191fd5b47f0314658efaf5513,True,"[""historical_build"", ""reference_not_ranking""]"
correlation,cova_openmp_cpu,default,initialization,observed,60.97329208999872,correlation,2026-09-21-npbench-cova-L,69bc8be83f9f9a380f93f396d5ccb74cb8ac4eec,True,False,1,1,True,False,5bed53d94756b29d6c326b3510b9e7380e2b6d4931a68ec824535ca294b9c166,90af084039550dbfa1b2c0aafc8d4694c42209b191fd5b47f0314658efaf5513,False,"[""historical_build"", ""reference_not_ranking""]"
correlation,cova_openmp_cpu,default,fresh_process,observed,62.83411890350544,correlation,2026-09-21-npbench-cova-L,69bc8be83f9f9a380f93f396d5ccb74cb8ac4eec,True,False,2,2,True,False,5bed53d94756b29d6c326b3510b9e7380e2b6d4931a68ec824535ca294b9c166,90af084039550dbfa1b2c0aafc8d4694c42209b191fd5b47f0314658efaf5513,False,"[""historical_build"", ""reference_not_ranking""]"
correlation,cova_openmp_cpu,default,same_process,observed,62.36158223250095,correlation,2026-09-21-npbench-cova-L,69bc8be83f9f9a380f93f396d5ccb74cb8ac4eec,True,False,6,3,True,False,5bed53d94756b29d6c326b3510b9e7380e2b6d4931a68ec824535ca294b9c166,90af084039550dbfa1b2c0aafc8d4694c42209b191fd5b47f0314658efaf5513,False,"[""historical_build"", ""reference_not_ranking""]"
correlation,cova_openmp_gpu,default,initialization,observed,99.6736158799904,correlation,2026-09-21-npbench-cova-L,69bc8be83f9f9a380f93f396d5ccb74cb8ac4eec,True,False,1,1,True,False,5bed53d94756b29d6c326b3510b9e7380e2b6d4931a68ec824535ca294b9c166,90af084039550dbfa1b2c0aafc8d4694c42209b191fd5b47f0314658efaf5513,False,"[""historical_build"", ""reference_not_ranking"", ""gpu_placement_metadata_only""]"
correlation,cova_openmp_gpu,default,fresh_process,observed,94.119209339995,correlation,2026-09-21-npbench-cova-L,69bc8be83f9f9a380f93f396d5ccb74cb8ac4eec,True,False,2,2,True,False,5bed53d94756b29d6c326b3510b9e7380e2b6d4931a68ec824535ca294b9c166,90af084039550dbfa1b2c0aafc8d4694c42209b191fd5b47f0314658efaf5513,False,"[""historical_build"", ""reference_not_ranking"", ""gpu_placement_metadata_only""]"
correlation,cova_openmp_gpu,default,same_process,observed,93.21625271700032,correlation,2026-09-21-npbench-cova-L,69bc8be83f9f9a380f93f396d5ccb74cb8ac4eec,True,False,6,3,True,False,5bed53d94756b29d6c326b3510b9e7380e2b6d4931a68ec824535ca294b9c166,90af084039550dbfa1b2c0aafc8d4694c42209b191fd5b47f0314658efaf5513,False,"[""historical_build"", ""reference_not_ranking"", ""gpu_placement_metadata_only""]"
correlation,cova_serial_cpu,default,initialization,observed,96.77877945099317,correlation,2026-09-21-npbench-cova-L,69bc8be83f9f9a380f93f396d5ccb74cb8ac4eec,True,False,1,1,True,False,5bed53d94756b29d6c326b3510b9e7380e2b6d4931a68ec824535ca294b9c166,90af084039550dbfa1b2c0aafc8d4694c42209b191fd5b47f0314658efaf5513,False,"[""historical_build"", ""reference_not_ranking""]"
correlation,cova_serial_cpu,default,fresh_process,observed,93.88013996449445,correlation,2026-09-21-npbench-cova-L,69bc8be83f9f9a380f93f396d5ccb74cb8ac4eec,True,False,2,2,True,False,5bed53d94756b29d6c326b3510b9e7380e2b6d4931a68ec824535ca294b9c166,90af084039550dbfa1b2c0aafc8d4694c42209b191fd5b47f0314658efaf5513,False,"[""historical_build"", ""reference_not_ranking""]"
correlation,cova_serial_cpu,default,same_process,observed,91.18120282750169,correlation,2026-09-21-npbench-cova-L,69bc8be83f9f9a380f93f396d5ccb74cb8ac4eec,True,False,6,3,True,False,5bed53d94756b29d6c326b3510b9e7380e2b6d4931a68ec824535ca294b9c166,90af084039550dbfa1b2c0aafc8d4694c42209b191fd5b47f0314658efaf5513,False,"[""historical_build"", ""reference_not_ranking""]"
covariance,cova_llvm_cpu,default,initialization,observed,8.980315859982511,covariance,closure-step6,4ea0edb2+step6-fefd0a9c3c44,True,False,1,1,True,False,58b3a80d268ca9926b9a85556fa505122524ca4c66cc443c90a1e88c8ffec02f,af17a377caed2a970d699d0afa2fcc0382f2e0ec47bdab98c00e9bb2f70fcc48,False,"[""historical_build"", ""reference_not_ranking""]"
covariance,cova_llvm_cpu,default,fresh_process,observed,3.3160118119994877,covariance,closure-step6,4ea0edb2+step6-fefd0a9c3c44,True,False,2,2,True,False,58b3a80d268ca9926b9a85556fa505122524ca4c66cc443c90a1e88c8ffec02f,af17a377caed2a970d699d0afa2fcc0382f2e0ec47bdab98c00e9bb2f70fcc48,False,"[""historical_build"", ""reference_not_ranking""]"
covariance,cova_llvm_cpu,default,same_process,observed,2.5529816360067343,covariance,closure-step6,4ea0edb2+step6-fefd0a9c3c44,True,False,6,3,True,False,58b3a80d268ca9926b9a85556fa505122524ca4c66cc443c90a1e88c8ffec02f,af17a377caed2a970d699d0afa2fcc0382f2e0ec47bdab98c00e9bb2f70fcc48,False,"[""historical_build"", ""reference_not_ranking""]"
covariance,cova_llvm_cpu_serial,default,initialization,observed,7.131328389004921,covariance,2026-09-21-npbench-cova-L,69bc8be83f9f9a380f93f396d5ccb74cb8ac4eec,True,False,1,1,True,False,58b3a80d268ca9926b9a85556fa505122524ca4c66cc443c90a1e88c8ffec02f,af17a377caed2a970d699d0afa2fcc0382f2e0ec47bdab98c00e9bb2f70fcc48,False,"[""historical_build"", ""reference_not_ranking""]"
covariance,cova_llvm_cpu_serial,default,fresh_process,observed,3.1146837239939487,covariance,2026-09-21-npbench-cova-L,69bc8be83f9f9a380f93f396d5ccb74cb8ac4eec,True,False,2,2,True,False,58b3a80d268ca9926b9a85556fa505122524ca4c66cc443c90a1e88c8ffec02f,af17a377caed2a970d699d0afa2fcc0382f2e0ec47bdab98c00e9bb2f70fcc48,False,"[""historical_build"", ""reference_not_ranking""]"
covariance,cova_llvm_cpu_serial,default,same_process,observed,2.6366162314952817,covariance,2026-09-21-npbench-cova-L,69bc8be83f9f9a380f93f396d5ccb74cb8ac4eec,True,False,6,3,True,False,58b3a80d268ca9926b9a85556fa505122524ca4c66cc443c90a1e88c8ffec02f,af17a377caed2a970d699d0afa2fcc0382f2e0ec47bdab98c00e9bb2f70fcc48,False,"[""historical_build"", ""reference_not_ranking""]"
covariance,cova_llvm_gpu,default,initialization,observed,12.479995235975366,covariance,closure-step6,4ea0edb2+step6-fefd0a9c3c44,True,False,1,1,True,False,58b3a80d268ca9926b9a85556fa505122524ca4c66cc443c90a1e88c8ffec02f,af17a377caed2a970d699d0afa2fcc0382f2e0ec47bdab98c00e9bb2f70fcc48,True,"[""historical_build"", ""reference_not_ranking""]"
covariance,cova_llvm_gpu,default,fresh_process,observed,8.299435464985436,covariance,closure-step6,4ea0edb2+step6-fefd0a9c3c44,True,False,2,2,True,False,58b3a80d268ca9926b9a85556fa505122524ca4c66cc443c90a1e88c8ffec02f,af17a377caed2a970d699d0afa2fcc0382f2e0ec47bdab98c00e9bb2f70fcc48,True,"[""historical_build"", ""reference_not_ranking""]"
covariance,cova_llvm_gpu,default,same_process,observed,7.866727706990787,covariance,closure-step6,4ea0edb2+step6-fefd0a9c3c44,True,False,6,3,True,False,58b3a80d268ca9926b9a85556fa505122524ca4c66cc443c90a1e88c8ffec02f,af17a377caed2a970d699d0afa2fcc0382f2e0ec47bdab98c00e9bb2f70fcc48,True,"[""historical_build"", ""reference_not_ranking""]"
covariance,cova_openmp_cpu,default,initialization,observed,63.27202481600398,covariance,2026-09-21-npbench-cova-L,69bc8be83f9f9a380f93f396d5ccb74cb8ac4eec,True,False,1,1,True,False,58b3a80d268ca9926b9a85556fa505122524ca4c66cc443c90a1e88c8ffec02f,af17a377caed2a970d699d0afa2fcc0382f2e0ec47bdab98c00e9bb2f70fcc48,False,"[""historical_build"", ""reference_not_ranking""]"
covariance,cova_openmp_cpu,default,fresh_process,observed,68.26420109999162,covariance,2026-09-21-npbench-cova-L,69bc8be83f9f9a380f93f396d5ccb74cb8ac4eec,True,False,2,2,True,False,58b3a80d268ca9926b9a85556fa505122524ca4c66cc443c90a1e88c8ffec02f,af17a377caed2a970d699d0afa2fcc0382f2e0ec47bdab98c00e9bb2f70fcc48,False,"[""historical_build"", ""reference_not_ranking""]"
covariance,cova_openmp_cpu,default,same_process,observed,66.84274955550063,covariance,2026-09-21-npbench-cova-L,69bc8be83f9f9a380f93f396d5ccb74cb8ac4eec,True,False,6,3,True,False,58b3a80d268ca9926b9a85556fa505122524ca4c66cc443c90a1e88c8ffec02f,af17a377caed2a970d699d0afa2fcc0382f2e0ec47bdab98c00e9bb2f70fcc48,False,"[""historical_build"", ""reference_not_ranking""]"
covariance,cova_openmp_gpu,default,initialization,observed,97.89202742199996,covariance,2026-09-21-npbench-cova-L,69bc8be83f9f9a380f93f396d5ccb74cb8ac4eec,True,False,1,1,True,False,58b3a80d268ca9926b9a85556fa505122524ca4c66cc443c90a1e88c8ffec02f,af17a377caed2a970d699d0afa2fcc0382f2e0ec47bdab98c00e9bb2f70fcc48,False,"[""historical_build"", ""reference_not_ranking"", ""gpu_placement_metadata_only""]"
covariance,cova_openmp_gpu,default,fresh_process,observed,92.74095194250549,covariance,2026-09-21-npbench-cova-L,69bc8be83f9f9a380f93f396d5ccb74cb8ac4eec,True,False,2,2,True,False,58b3a80d268ca9926b9a85556fa505122524ca4c66cc443c90a1e88c8ffec02f,af17a377caed2a970d699d0afa2fcc0382f2e0ec47bdab98c00e9bb2f70fcc48,False,"[""historical_build"", ""reference_not_ranking"", ""gpu_placement_metadata_only""]"
covariance,cova_openmp_gpu,default,same_process,observed,92.94279005499993,covariance,2026-09-21-npbench-cova-L,69bc8be83f9f9a380f93f396d5ccb74cb8ac4eec,True,False,6,3,True,False,58b3a80d268ca9926b9a85556fa505122524ca4c66cc443c90a1e88c8ffec02f,af17a377caed2a970d699d0afa2fcc0382f2e0ec47bdab98c00e9bb2f70fcc48,False,"[""historical_build"", ""reference_not_ranking"", ""gpu_placement_metadata_only""]"
covariance,cova_serial_cpu,default,initialization,observed,96.53178302499873,covariance,2026-09-21-npbench-cova-L,69bc8be83f9f9a380f93f396d5ccb74cb8ac4eec,True,False,1,1,True,False,58b3a80d268ca9926b9a85556fa505122524ca4c66cc443c90a1e88c8ffec02f,af17a377caed2a970d699d0afa2fcc0382f2e0ec47bdab98c00e9bb2f70fcc48,False,"[""historical_build"", ""reference_not_ranking""]"
covariance,cova_serial_cpu,default,fresh_process,observed,95.20975733650266,covariance,2026-09-21-npbench-cova-L,69bc8be83f9f9a380f93f396d5ccb74cb8ac4eec,True,False,2,2,True,False,58b3a80d268ca9926b9a85556fa505122524ca4c66cc443c90a1e88c8ffec02f,af17a377caed2a970d699d0afa2fcc0382f2e0ec47bdab98c00e9bb2f70fcc48,False,"[""historical_build"", ""reference_not_ranking""]"
covariance,cova_serial_cpu,default,same_process,observed,92.54351259599935,covariance,2026-09-21-npbench-cova-L,69bc8be83f9f9a380f93f396d5ccb74cb8ac4eec,True,False,6,3,True,False,58b3a80d268ca9926b9a85556fa505122524ca4c66cc443c90a1e88c8ffec02f,af17a377caed2a970d699d0afa2fcc0382f2e0ec47bdab98c00e9bb2f70fcc48,False,"[""historical_build"", ""reference_not_ranking""]"
covariance2,cova_llvm_cpu,default,initialization,observed,7.705098056991119,covariance2,closure-step6,4ea0edb2+step6-fefd0a9c3c44,True,False,1,1,True,False,b81db17e032d058c24615c34bdcb3c48ed5a23e6cf458082da80be982f4559fa,e1424bc66fff5f5bb8acd9b4f317faa2af4ea1da59094eb63d32d82413d01c9b,False,"[""historical_build"", ""reference_not_ranking""]"
covariance2,cova_llvm_cpu,default,fresh_process,observed,0.901017802010756,covariance2,closure-step6,4ea0edb2+step6-fefd0a9c3c44,True,False,2,2,True,False,b81db17e032d058c24615c34bdcb3c48ed5a23e6cf458082da80be982f4559fa,e1424bc66fff5f5bb8acd9b4f317faa2af4ea1da59094eb63d32d82413d01c9b,False,"[""historical_build"", ""reference_not_ranking""]"
covariance2,cova_llvm_cpu,default,same_process,observed,0.8052692689961987,covariance2,closure-step6,4ea0edb2+step6-fefd0a9c3c44,True,False,6,3,True,False,b81db17e032d058c24615c34bdcb3c48ed5a23e6cf458082da80be982f4559fa,e1424bc66fff5f5bb8acd9b4f317faa2af4ea1da59094eb63d32d82413d01c9b,False,"[""historical_build"", ""reference_not_ranking""]"
covariance2,cova_llvm_cpu_serial,default,initialization,observed,4.400839419991826,covariance2,2026-09-21-npbench-cova-L,69bc8be83f9f9a380f93f396d5ccb74cb8ac4eec,True,False,1,1,True,False,b81db17e032d058c24615c34bdcb3c48ed5a23e6cf458082da80be982f4559fa,e1424bc66fff5f5bb8acd9b4f317faa2af4ea1da59094eb63d32d82413d01c9b,False,"[""historical_build"", ""reference_not_ranking""]"
covariance2,cova_llvm_cpu_serial,default,fresh_process,observed,0.6497948844989878,covariance2,2026-09-21-npbench-cova-L,69bc8be83f9f9a380f93f396d5ccb74cb8ac4eec,True,False,2,2,True,False,b81db17e032d058c24615c34bdcb3c48ed5a23e6cf458082da80be982f4559fa,e1424bc66fff5f5bb8acd9b4f317faa2af4ea1da59094eb63d32d82413d01c9b,False,"[""historical_build"", ""reference_not_ranking""]"
covariance2,cova_llvm_cpu_serial,default,same_process,observed,0.7120319929963443,covariance2,2026-09-21-npbench-cova-L,69bc8be83f9f9a380f93f396d5ccb74cb8ac4eec,True,False,6,3,True,False,b81db17e032d058c24615c34bdcb3c48ed5a23e6cf458082da80be982f4559fa,e1424bc66fff5f5bb8acd9b4f317faa2af4ea1da59094eb63d32d82413d01c9b,False,"[""historical_build"", ""reference_not_ranking""]"
covariance2,cova_llvm_gpu,default,initialization,observed,6.716729077015771,covariance2,closure-step6,4ea0edb2+step6-fefd0a9c3c44,True,False,1,1,True,False,b81db17e032d058c24615c34bdcb3c48ed5a23e6cf458082da80be982f4559fa,e1424bc66fff5f5bb8acd9b4f317faa2af4ea1da59094eb63d32d82413d01c9b,True,"[""historical_build"", ""reference_not_ranking""]"
covariance2,cova_llvm_gpu,default,fresh_process,observed,0.695777265005745,covariance2,closure-step6,4ea0edb2+step6-fefd0a9c3c44,True,False,2,2,True,False,b81db17e032d058c24615c34bdcb3c48ed5a23e6cf458082da80be982f4559fa,e1424bc66fff5f5bb8acd9b4f317faa2af4ea1da59094eb63d32d82413d01c9b,True,"[""historical_build"", ""reference_not_ranking""]"
covariance2,cova_llvm_gpu,default,same_process,observed,0.26587927050422877,covariance2,closure-step6,4ea0edb2+step6-fefd0a9c3c44,True,False,6,3,True,False,b81db17e032d058c24615c34bdcb3c48ed5a23e6cf458082da80be982f4559fa,e1424bc66fff5f5bb8acd9b4f317faa2af4ea1da59094eb63d32d82413d01c9b,True,"[""historical_build"", ""reference_not_ranking""]"
covariance2,cova_openmp_cpu,default,initialization,observed,6.414444381007343,covariance2,2026-09-21-npbench-cova-L,69bc8be83f9f9a380f93f396d5ccb74cb8ac4eec,True,False,1,1,True,False,b81db17e032d058c24615c34bdcb3c48ed5a23e6cf458082da80be982f4559fa,e1424bc66fff5f5bb8acd9b4f317faa2af4ea1da59094eb63d32d82413d01c9b,False,"[""historical_build"", ""reference_not_ranking""]"
covariance2,cova_openmp_cpu,default,fresh_process,observed,4.177772658491449,covariance2,2026-09-21-npbench-cova-L,69bc8be83f9f9a380f93f396d5ccb74cb8ac4eec,True,False,2,2,True,False,b81db17e032d058c24615c34bdcb3c48ed5a23e6cf458082da80be982f4559fa,e1424bc66fff5f5bb8acd9b4f317faa2af4ea1da59094eb63d32d82413d01c9b,False,"[""historical_build"", ""reference_not_ranking""]"
covariance2,cova_openmp_cpu,default,same_process,observed,3.6983202254996286,covariance2,2026-09-21-npbench-cova-L,69bc8be83f9f9a380f93f396d5ccb74cb8ac4eec,True,False,6,3,True,False,b81db17e032d058c24615c34bdcb3c48ed5a23e6cf458082da80be982f4559fa,e1424bc66fff5f5bb8acd9b4f317faa2af4ea1da59094eb63d32d82413d01c9b,False,"[""historical_build"", ""reference_not_ranking""]"
covariance2,cova_openmp_gpu,default,initialization,observed,8.3552420920023,covariance2,2026-09-21-npbench-cova-L,69bc8be83f9f9a380f93f396d5ccb74cb8ac4eec,True,False,1,1,True,False,b81db17e032d058c24615c34bdcb3c48ed5a23e6cf458082da80be982f4559fa,e1424bc66fff5f5bb8acd9b4f317faa2af4ea1da59094eb63d32d82413d01c9b,False,"[""historical_build"", ""reference_not_ranking"", ""gpu_placement_metadata_only""]"
covariance2,cova_openmp_gpu,default,fresh_process,observed,1.6958809574935003,covariance2,2026-09-21-npbench-cova-L,69bc8be83f9f9a380f93f396d5ccb74cb8ac4eec,True,False,2,2,True,False,b81db17e032d058c24615c34bdcb3c48ed5a23e6cf458082da80be982f4559fa,e1424bc66fff5f5bb8acd9b4f317faa2af4ea1da59094eb63d32d82413d01c9b,False,"[""historical_build"", ""reference_not_ranking"", ""gpu_placement_metadata_only""]"
covariance2,cova_openmp_gpu,default,same_process,observed,1.244167823002499,covariance2,2026-09-21-npbench-cova-L,69bc8be83f9f9a380f93f396d5ccb74cb8ac4eec,True,False,6,3,True,False,b81db17e032d058c24615c34bdcb3c48ed5a23e6cf458082da80be982f4559fa,e1424bc66fff5f5bb8acd9b4f317faa2af4ea1da59094eb63d32d82413d01c9b,False,"[""historical_build"", ""reference_not_ranking"", ""gpu_placement_metadata_only""]"
covariance2,cova_serial_cpu,default,initialization,observed,29.87002687600034,covariance2,2026-09-21-npbench-cova-L,69bc8be83f9f9a380f93f396d5ccb74cb8ac4eec,True,False,1,1,True,False,b81db17e032d058c24615c34bdcb3c48ed5a23e6cf458082da80be982f4559fa,e1424bc66fff5f5bb8acd9b4f317faa2af4ea1da59094eb63d32d82413d01c9b,False,"[""historical_build"", ""reference_not_ranking""]"
covariance2,cova_serial_cpu,default,fresh_process,observed,27.78547977450944,covariance2,2026-09-21-npbench-cova-L,69bc8be83f9f9a380f93f396d5ccb74cb8ac4eec,True,False,2,2,True,False,b81db17e032d058c24615c34bdcb3c48ed5a23e6cf458082da80be982f4559fa,e1424bc66fff5f5bb8acd9b4f317faa2af4ea1da59094eb63d32d82413d01c9b,False,"[""historical_build"", ""reference_not_ranking""]"
covariance2,cova_serial_cpu,default,same_process,observed,27.64621651449852,covariance2,2026-09-21-npbench-cova-L,69bc8be83f9f9a380f93f396d5ccb74cb8ac4eec,True,False,6,3,True,False,b81db17e032d058c24615c34bdcb3c48ed5a23e6cf458082da80be982f4559fa,e1424bc66fff5f5bb8acd9b4f317faa2af4ea1da59094eb63d32d82413d01c9b,False,"[""historical_build"", ""reference_not_ranking""]"
crc16,cova_llvm_cpu,default,initialization,observed,1.7638803959998768,crc16,closure-step6,4ea0edb2+step6-fefd0a9c3c44,True,False,1,1,True,False,a7203e25a233dc7df7310c8693f87c1b6b61fb79f1dbf0005a64f986bb9b4471,f5e374255acb40d3b61ef049439a216956523578089519cdbac1c787454c279b,False,"[""historical_build"", ""reference_not_ranking""]"
crc16,cova_llvm_cpu,default,fresh_process,observed,0.010824500510352664,crc16,closure-step6,4ea0edb2+step6-fefd0a9c3c44,True,False,2,2,True,False,a7203e25a233dc7df7310c8693f87c1b6b61fb79f1dbf0005a64f986bb9b4471,f5e374255acb40d3b61ef049439a216956523578089519cdbac1c787454c279b,False,"[""historical_build"", ""reference_not_ranking""]"
crc16,cova_llvm_cpu,default,same_process,observed,0.007986896991496906,crc16,closure-step6,4ea0edb2+step6-fefd0a9c3c44,True,False,6,3,True,False,a7203e25a233dc7df7310c8693f87c1b6b61fb79f1dbf0005a64f986bb9b4471,f5e374255acb40d3b61ef049439a216956523578089519cdbac1c787454c279b,False,"[""historical_build"", ""reference_not_ranking""]"
crc16,cova_llvm_cpu_serial,default,initialization,observed,1.378720662993146,crc16,2026-09-21-npbench-cova-L,69bc8be83f9f9a380f93f396d5ccb74cb8ac4eec,True,False,1,1,True,False,a7203e25a233dc7df7310c8693f87c1b6b61fb79f1dbf0005a64f986bb9b4471,f5e374255acb40d3b61ef049439a216956523578089519cdbac1c787454c279b,False,"[""historical_build"", ""reference_not_ranking""]"
crc16,cova_llvm_cpu_serial,default,fresh_process,observed,0.025863970004138537,crc16,2026-09-21-npbench-cova-L,69bc8be83f9f9a380f93f396d5ccb74cb8ac4eec,True,False,2,2,True,False,a7203e25a233dc7df7310c8693f87c1b6b61fb79f1dbf0005a64f986bb9b4471,f5e374255acb40d3b61ef049439a216956523578089519cdbac1c787454c279b,False,"[""historical_build"", ""reference_not_ranking""]"
crc16,cova_llvm_cpu_serial,default,same_process,observed,0.024811532501189504,crc16,2026-09-21-npbench-cova-L,69bc8be83f9f9a380f93f396d5ccb74cb8ac4eec,True,False,6,3,True,False,a7203e25a233dc7df7310c8693f87c1b6b61fb79f1dbf0005a64f986bb9b4471,f5e374255acb40d3b61ef049439a216956523578089519cdbac1c787454c279b,False,"[""historical_build"", ""reference_not_ranking""]"
crc16,cova_llvm_gpu,default,initialization,observed,3.7897190609946847,crc16,closure-step6,4ea0edb2+step6-fefd0a9c3c44,True,False,1,1,True,False,a7203e25a233dc7df7310c8693f87c1b6b61fb79f1dbf0005a64f986bb9b4471,f5e374255acb40d3b61ef049439a216956523578089519cdbac1c787454c279b,True,"[""historical_build"", ""reference_not_ranking""]"
crc16,cova_llvm_gpu,default,fresh_process,observed,0.3296562014875235,crc16,closure-step6,4ea0edb2+step6-fefd0a9c3c44,True,False,2,2,True,False,a7203e25a233dc7df7310c8693f87c1b6b61fb79f1dbf0005a64f986bb9b4471,f5e374255acb40d3b61ef049439a216956523578089519cdbac1c787454c279b,True,"[""historical_build"", ""reference_not_ranking""]"
crc16,cova_llvm_gpu,default,same_process,observed,0.10001191699120682,crc16,closure-step6,4ea0edb2+step6-fefd0a9c3c44,True,False,6,3,True,False,a7203e25a233dc7df7310c8693f87c1b6b61fb79f1dbf0005a64f986bb9b4471,f5e374255acb40d3b61ef049439a216956523578089519cdbac1c787454c279b,True,"[""historical_build"", ""reference_not_ranking""]"
crc16,cova_openmp_cpu,default,initialization,observed,2.1358337979909265,crc16,2026-09-21-npbench-cova-L,69bc8be83f9f9a380f93f396d5ccb74cb8ac4eec,True,False,1,1,True,False,a7203e25a233dc7df7310c8693f87c1b6b61fb79f1dbf0005a64f986bb9b4471,f5e374255acb40d3b61ef049439a216956523578089519cdbac1c787454c279b,False,"[""historical_build"", ""reference_not_ranking""]"
crc16,cova_openmp_cpu,default,fresh_process,observed,0.024360971998248715,crc16,2026-09-21-npbench-cova-L,69bc8be83f9f9a380f93f396d5ccb74cb8ac4eec,True,False,2,2,True,False,a7203e25a233dc7df7310c8693f87c1b6b61fb79f1dbf0005a64f986bb9b4471,f5e374255acb40d3b61ef049439a216956523578089519cdbac1c787454c279b,False,"[""historical_build"", ""reference_not_ranking""]"
crc16,cova_openmp_cpu,default,same_process,observed,0.02200224199623335,crc16,2026-09-21-npbench-cova-L,69bc8be83f9f9a380f93f396d5ccb74cb8ac4eec,True,False,6,3,True,False,a7203e25a233dc7df7310c8693f87c1b6b61fb79f1dbf0005a64f986bb9b4471,f5e374255acb40d3b61ef049439a216956523578089519cdbac1c787454c279b,False,"[""historical_build"", ""reference_not_ranking""]"
crc16,cova_openmp_gpu,default,initialization,observed,5.176408697996521,crc16,2026-09-21-npbench-cova-L,69bc8be83f9f9a380f93f396d5ccb74cb8ac4eec,True,False,1,1,True,False,a7203e25a233dc7df7310c8693f87c1b6b61fb79f1dbf0005a64f986bb9b4471,f5e374255acb40d3b61ef049439a216956523578089519cdbac1c787454c279b,False,"[""historical_build"", ""reference_not_ranking"", ""gpu_placement_metadata_only""]"
crc16,cova_openmp_gpu,default,fresh_process,observed,0.36919477949413704,crc16,2026-09-21-npbench-cova-L,69bc8be83f9f9a380f93f396d5ccb74cb8ac4eec,True,False,2,2,True,False,a7203e25a233dc7df7310c8693f87c1b6b61fb79f1dbf0005a64f986bb9b4471,f5e374255acb40d3b61ef049439a216956523578089519cdbac1c787454c279b,False,"[""historical_build"", ""reference_not_ranking"", ""gpu_placement_metadata_only""]"
crc16,cova_openmp_gpu,default,same_process,observed,0.09875275399826933,crc16,2026-09-21-npbench-cova-L,69bc8be83f9f9a380f93f396d5ccb74cb8ac4eec,True,False,6,3,True,False,a7203e25a233dc7df7310c8693f87c1b6b61fb79f1dbf0005a64f986bb9b4471,f5e374255acb40d3b61ef049439a216956523578089519cdbac1c787454c279b,False,"[""historical_build"", ""reference_not_ranking"", ""gpu_placement_metadata_only""]"
crc16,cova_serial_cpu,default,initialization,observed,1.9249268410057994,crc16,2026-09-21-npbench-cova-L,69bc8be83f9f9a380f93f396d5ccb74cb8ac4eec,True,False,1,1,True,False,a7203e25a233dc7df7310c8693f87c1b6b61fb79f1dbf0005a64f986bb9b4471,f5e374255acb40d3b61ef049439a216956523578089519cdbac1c787454c279b,False,"[""historical_build"", ""reference_not_ranking""]"
crc16,cova_serial_cpu,default,fresh_process,observed,0.022843631493742578,crc16,2026-09-21-npbench-cova-L,69bc8be83f9f9a380f93f396d5ccb74cb8ac4eec,True,False,2,2,True,False,a7203e25a233dc7df7310c8693f87c1b6b61fb79f1dbf0005a64f986bb9b4471,f5e374255acb40d3b61ef049439a216956523578089519cdbac1c787454c279b,False,"[""historical_build"", ""reference_not_ranking""]"
crc16,cova_serial_cpu,default,same_process,observed,0.019856955004797783,crc16,2026-09-21-npbench-cova-L,69bc8be83f9f9a380f93f396d5ccb74cb8ac4eec,True,False,6,3,True,False,a7203e25a233dc7df7310c8693f87c1b6b61fb79f1dbf0005a64f986bb9b4471,f5e374255acb40d3b61ef049439a216956523578089519cdbac1c787454c279b,False,"[""historical_build"", ""reference_not_ranking""]"
deriche,cova_llvm_cpu,default,initialization,observed,6.287445208989084,deriche,closure-step6,4ea0edb2+step6-fefd0a9c3c44,True,False,1,1,True,False,ef9e5773989e084d7d1b667806f77c2b4ac4ac430dad3a2726f189d79dc3abc8,86bedd90fc265ce6365b560b64f12b89d3c2d5bf501294f5352e2a58074f9840,False,"[""historical_build"", ""reference_not_ranking""]"
deriche,cova_llvm_cpu,default,fresh_process,observed,5.211762395498226,deriche,closure-step6,4ea0edb2+step6-fefd0a9c3c44,True,False,2,2,True,False,ef9e5773989e084d7d1b667806f77c2b4ac4ac430dad3a2726f189d79dc3abc8,86bedd90fc265ce6365b560b64f12b89d3c2d5bf501294f5352e2a58074f9840,False,"[""historical_build"", ""reference_not_ranking""]"
deriche,cova_llvm_cpu,default,same_process,observed,2.783350102006807,deriche,closure-step6,4ea0edb2+step6-fefd0a9c3c44,True,False,6,3,True,False,ef9e5773989e084d7d1b667806f77c2b4ac4ac430dad3a2726f189d79dc3abc8,86bedd90fc265ce6365b560b64f12b89d3c2d5bf501294f5352e2a58074f9840,False,"[""historical_build"", ""reference_not_ranking""]"
deriche,cova_llvm_cpu_serial,default,initialization,observed,5.68980891200772,deriche,2026-09-21-npbench-cova-L,69bc8be83f9f9a380f93f396d5ccb74cb8ac4eec,True,False,1,1,True,False,ef9e5773989e084d7d1b667806f77c2b4ac4ac430dad3a2726f189d79dc3abc8,86bedd90fc265ce6365b560b64f12b89d3c2d5bf501294f5352e2a58074f9840,False,"[""historical_build"", ""reference_not_ranking""]"
deriche,cova_llvm_cpu_serial,default,fresh_process,observed,3.164878661998955,deriche,2026-09-21-npbench-cova-L,69bc8be83f9f9a380f93f396d5ccb74cb8ac4eec,True,False,2,2,True,False,ef9e5773989e084d7d1b667806f77c2b4ac4ac430dad3a2726f189d79dc3abc8,86bedd90fc265ce6365b560b64f12b89d3c2d5bf501294f5352e2a58074f9840,False,"[""historical_build"", ""reference_not_ranking""]"
deriche,cova_llvm_cpu_serial,default,same_process,observed,2.8838730364950607,deriche,2026-09-21-npbench-cova-L,69bc8be83f9f9a380f93f396d5ccb74cb8ac4eec,True,False,6,3,True,False,ef9e5773989e084d7d1b667806f77c2b4ac4ac430dad3a2726f189d79dc3abc8,86bedd90fc265ce6365b560b64f12b89d3c2d5bf501294f5352e2a58074f9840,False,"[""historical_build"", ""reference_not_ranking""]"
deriche,cova_llvm_gpu,default,initialization,observed,11.0474021040136,deriche,2026-09-21-npbench-cova-L,69bc8be83f9f9a380f93f396d5ccb74cb8ac4eec,True,False,1,1,True,False,ef9e5773989e084d7d1b667806f77c2b4ac4ac430dad3a2726f189d79dc3abc8,86bedd90fc265ce6365b560b64f12b89d3c2d5bf501294f5352e2a58074f9840,False,"[""historical_build"", ""reference_not_ranking"", ""gpu_placement_metadata_only""]"
deriche,cova_llvm_gpu,default,fresh_process,observed,5.8360582329987665,deriche,2026-09-21-npbench-cova-L,69bc8be83f9f9a380f93f396d5ccb74cb8ac4eec,True,False,2,2,True,False,ef9e5773989e084d7d1b667806f77c2b4ac4ac430dad3a2726f189d79dc3abc8,86bedd90fc265ce6365b560b64f12b89d3c2d5bf501294f5352e2a58074f9840,False,"[""historical_build"", ""reference_not_ranking"", ""gpu_placement_metadata_only""]"
deriche,cova_llvm_gpu,default,same_process,observed,6.0925676449987805,deriche,2026-09-21-npbench-cova-L,69bc8be83f9f9a380f93f396d5ccb74cb8ac4eec,True,False,6,3,True,False,ef9e5773989e084d7d1b667806f77c2b4ac4ac430dad3a2726f189d79dc3abc8,86bedd90fc265ce6365b560b64f12b89d3c2d5bf501294f5352e2a58074f9840,False,"[""historical_build"", ""reference_not_ranking"", ""gpu_placement_metadata_only""]"
deriche,cova_openmp_cpu,default,initialization,observed,6.482410084005096,deriche,2026-09-21-npbench-cova-L,69bc8be83f9f9a380f93f396d5ccb74cb8ac4eec,True,False,1,1,True,False,ef9e5773989e084d7d1b667806f77c2b4ac4ac430dad3a2726f189d79dc3abc8,86bedd90fc265ce6365b560b64f12b89d3c2d5bf501294f5352e2a58074f9840,False,"[""historical_build"", ""reference_not_ranking""]"
deriche,cova_openmp_cpu,default,fresh_process,observed,3.277345732501999,deriche,2026-09-21-npbench-cova-L,69bc8be83f9f9a380f93f396d5ccb74cb8ac4eec,True,False,2,2,True,False,ef9e5773989e084d7d1b667806f77c2b4ac4ac430dad3a2726f189d79dc3abc8,86bedd90fc265ce6365b560b64f12b89d3c2d5bf501294f5352e2a58074f9840,False,"[""historical_build"", ""reference_not_ranking""]"
deriche,cova_openmp_cpu,default,same_process,observed,3.4428730290019303,deriche,2026-09-21-npbench-cova-L,69bc8be83f9f9a380f93f396d5ccb74cb8ac4eec,True,False,6,3,True,False,ef9e5773989e084d7d1b667806f77c2b4ac4ac430dad3a2726f189d79dc3abc8,86bedd90fc265ce6365b560b64f12b89d3c2d5bf501294f5352e2a58074f9840,False,"[""historical_build"", ""reference_not_ranking""]"
deriche,cova_openmp_gpu,default,initialization,observed,72.64651535500889,deriche,closure-step6,4ea0edb2+step6-fefd0a9c3c44,True,False,1,1,True,False,ef9e5773989e084d7d1b667806f77c2b4ac4ac430dad3a2726f189d79dc3abc8,86bedd90fc265ce6365b560b64f12b89d3c2d5bf501294f5352e2a58074f9840,True,"[""historical_build"", ""reference_not_ranking""]"
deriche,cova_openmp_gpu,default,fresh_process,observed,62.08706896651711,deriche,closure-step6,4ea0edb2+step6-fefd0a9c3c44,True,False,2,2,True,False,ef9e5773989e084d7d1b667806f77c2b4ac4ac430dad3a2726f189d79dc3abc8,86bedd90fc265ce6365b560b64f12b89d3c2d5bf501294f5352e2a58074f9840,True,"[""historical_build"", ""reference_not_ranking""]"
deriche,cova_openmp_gpu,default,same_process,observed,61.71862253348809,deriche,closure-step6,4ea0edb2+step6-fefd0a9c3c44,True,False,6,3,True,False,ef9e5773989e084d7d1b667806f77c2b4ac4ac430dad3a2726f189d79dc3abc8,86bedd90fc265ce6365b560b64f12b89d3c2d5bf501294f5352e2a58074f9840,True,"[""historical_build"", ""reference_not_ranking""]"
deriche,cova_serial_cpu,default,initialization,observed,3.7471732970006997,deriche,2026-09-21-npbench-cova-L,69bc8be83f9f9a380f93f396d5ccb74cb8ac4eec,True,False,1,1,True,False,ef9e5773989e084d7d1b667806f77c2b4ac4ac430dad3a2726f189d79dc3abc8,86bedd90fc265ce6365b560b64f12b89d3c2d5bf501294f5352e2a58074f9840,False,"[""historical_build"", ""reference_not_ranking""]"
deriche,cova_serial_cpu,default,fresh_process,observed,1.1337309654991259,deriche,2026-09-21-npbench-cova-L,69bc8be83f9f9a380f93f396d5ccb74cb8ac4eec,True,False,2,2,True,False,ef9e5773989e084d7d1b667806f77c2b4ac4ac430dad3a2726f189d79dc3abc8,86bedd90fc265ce6365b560b64f12b89d3c2d5bf501294f5352e2a58074f9840,False,"[""historical_build"", ""reference_not_ranking""]"
deriche,cova_serial_cpu,default,same_process,observed,1.0276876769930823,deriche,2026-09-21-npbench-cova-L,69bc8be83f9f9a380f93f396d5ccb74cb8ac4eec,True,False,6,3,True,False,ef9e5773989e084d7d1b667806f77c2b4ac4ac430dad3a2726f189d79dc3abc8,86bedd90fc265ce6365b560b64f12b89d3c2d5bf501294f5352e2a58074f9840,False,"[""historical_build"", ""reference_not_ranking""]"
doitgen,cova_llvm_cpu,default,initialization,observed,6.0256521250121295,doitgen,closure-step6,4ea0edb2+step6-fefd0a9c3c44,True,False,1,1,True,False,0a710e9d831ec217703666c373d0b37a2be01b536d40ad9f598bb77b08a6f7ff,e54ec8efb6b8a7fe086a96f3c0074529002b4a5aad97bbd19161c0a49cf1bb9d,False,"[""historical_build"", ""reference_not_ranking""]"
doitgen,cova_llvm_cpu,default,fresh_process,observed,3.8119138910115,doitgen,closure-step6,4ea0edb2+step6-fefd0a9c3c44,True,False,2,2,True,False,0a710e9d831ec217703666c373d0b37a2be01b536d40ad9f598bb77b08a6f7ff,e54ec8efb6b8a7fe086a96f3c0074529002b4a5aad97bbd19161c0a49cf1bb9d,False,"[""historical_build"", ""reference_not_ranking""]"
doitgen,cova_llvm_cpu,default,same_process,observed,2.2898901470034616,doitgen,closure-step6,4ea0edb2+step6-fefd0a9c3c44,True,False,6,3,True,False,0a710e9d831ec217703666c373d0b37a2be01b536d40ad9f598bb77b08a6f7ff,e54ec8efb6b8a7fe086a96f3c0074529002b4a5aad97bbd19161c0a49cf1bb9d,False,"[""historical_build"", ""reference_not_ranking""]"
doitgen,cova_llvm_cpu_serial,default,initialization,observed,3.7820031970040873,doitgen,2026-09-21-npbench-cova-L,69bc8be83f9f9a380f93f396d5ccb74cb8ac4eec,True,False,1,1,True,False,0a710e9d831ec217703666c373d0b37a2be01b536d40ad9f598bb77b08a6f7ff,e54ec8efb6b8a7fe086a96f3c0074529002b4a5aad97bbd19161c0a49cf1bb9d,False,"[""historical_build"", ""reference_not_ranking""]"
doitgen,cova_llvm_cpu_serial,default,fresh_process,observed,0.5833707685014815,doitgen,2026-09-21-npbench-cova-L,69bc8be83f9f9a380f93f396d5ccb74cb8ac4eec,True,False,2,2,True,False,0a710e9d831ec217703666c373d0b37a2be01b536d40ad9f598bb77b08a6f7ff,e54ec8efb6b8a7fe086a96f3c0074529002b4a5aad97bbd19161c0a49cf1bb9d,False,"[""historical_build"", ""reference_not_ranking""]"
doitgen,cova_llvm_cpu_serial,default,same_process,observed,0.5693615205018432,doitgen,2026-09-21-npbench-cova-L,69bc8be83f9f9a380f93f396d5ccb74cb8ac4eec,True,False,6,3,True,False,0a710e9d831ec217703666c373d0b37a2be01b536d40ad9f598bb77b08a6f7ff,e54ec8efb6b8a7fe086a96f3c0074529002b4a5aad97bbd19161c0a49cf1bb9d,False,"[""historical_build"", ""reference_not_ranking""]"
doitgen,cova_llvm_gpu,default,initialization,observed,5.469035346002784,doitgen,closure-step6,4ea0edb2+step6-fefd0a9c3c44,True,False,1,1,True,False,0a710e9d831ec217703666c373d0b37a2be01b536d40ad9f598bb77b08a6f7ff,e54ec8efb6b8a7fe086a96f3c0074529002b4a5aad97bbd19161c0a49cf1bb9d,True,"[""historical_build"", ""reference_not_ranking""]"
doitgen,cova_llvm_gpu,default,fresh_process,observed,1.3099795339949196,doitgen,closure-step6,4ea0edb2+step6-fefd0a9c3c44,True,False,2,2,True,False,0a710e9d831ec217703666c373d0b37a2be01b536d40ad9f598bb77b08a6f7ff,e54ec8efb6b8a7fe086a96f3c0074529002b4a5aad97bbd19161c0a49cf1bb9d,True,"[""historical_build"", ""reference_not_ranking""]"
doitgen,cova_llvm_gpu,default,same_process,observed,1.0269316534977406,doitgen,closure-step6,4ea0edb2+step6-fefd0a9c3c44,True,False,6,3,True,False,0a710e9d831ec217703666c373d0b37a2be01b536d40ad9f598bb77b08a6f7ff,e54ec8efb6b8a7fe086a96f3c0074529002b4a5aad97bbd19161c0a49cf1bb9d,True,"[""historical_build"", ""reference_not_ranking""]"
doitgen,cova_openmp_cpu,default,initialization,observed,3.855405573005555,doitgen,2026-09-21-npbench-cova-L,69bc8be83f9f9a380f93f396d5ccb74cb8ac4eec,True,False,1,1,True,False,0a710e9d831ec217703666c373d0b37a2be01b536d40ad9f598bb77b08a6f7ff,e54ec8efb6b8a7fe086a96f3c0074529002b4a5aad97bbd19161c0a49cf1bb9d,False,"[""historical_build"", ""reference_not_ranking""]"
doitgen,cova_openmp_cpu,default,fresh_process,observed,1.4442428840047796,doitgen,2026-09-21-npbench-cova-L,69bc8be83f9f9a380f93f396d5ccb74cb8ac4eec,True,False,2,2,True,False,0a710e9d831ec217703666c373d0b37a2be01b536d40ad9f598bb77b08a6f7ff,e54ec8efb6b8a7fe086a96f3c0074529002b4a5aad97bbd19161c0a49cf1bb9d,False,"[""historical_build"", ""reference_not_ranking""]"
doitgen,cova_openmp_cpu,default,same_process,observed,1.4585373954978422,doitgen,2026-09-21-npbench-cova-L,69bc8be83f9f9a380f93f396d5ccb74cb8ac4eec,True,False,6,3,True,False,0a710e9d831ec217703666c373d0b37a2be01b536d40ad9f598bb77b08a6f7ff,e54ec8efb6b8a7fe086a96f3c0074529002b4a5aad97bbd19161c0a49cf1bb9d,False,"[""historical_build"", ""reference_not_ranking""]"
doitgen,cova_openmp_gpu,default,initialization,observed,6.6726041399961105,doitgen,2026-09-21-npbench-cova-L,69bc8be83f9f9a380f93f396d5ccb74cb8ac4eec,True,False,1,1,True,False,0a710e9d831ec217703666c373d0b37a2be01b536d40ad9f598bb77b08a6f7ff,e54ec8efb6b8a7fe086a96f3c0074529002b4a5aad97bbd19161c0a49cf1bb9d,False,"[""historical_build"", ""reference_not_ranking"", ""gpu_placement_metadata_only""]"
doitgen,cova_openmp_gpu,default,fresh_process,observed,0.6677764725027373,doitgen,2026-09-21-npbench-cova-L,69bc8be83f9f9a380f93f396d5ccb74cb8ac4eec,True,False,2,2,True,False,0a710e9d831ec217703666c373d0b37a2be01b536d40ad9f598bb77b08a6f7ff,e54ec8efb6b8a7fe086a96f3c0074529002b4a5aad97bbd19161c0a49cf1bb9d,False,"[""historical_build"", ""reference_not_ranking"", ""gpu_placement_metadata_only""]"
doitgen,cova_openmp_gpu,default,same_process,observed,0.1873082410020288,doitgen,2026-09-21-npbench-cova-L,69bc8be83f9f9a380f93f396d5ccb74cb8ac4eec,True,False,6,3,True,False,0a710e9d831ec217703666c373d0b37a2be01b536d40ad9f598bb77b08a6f7ff,e54ec8efb6b8a7fe086a96f3c0074529002b4a5aad97bbd19161c0a49cf1bb9d,False,"[""historical_build"", ""reference_not_ranking"", ""gpu_placement_metadata_only""]"
doitgen,cova_serial_cpu,default,initialization,observed,21.912731674994575,doitgen,2026-09-21-npbench-cova-L,69bc8be83f9f9a380f93f396d5ccb74cb8ac4eec,True,False,1,1,True,False,0a710e9d831ec217703666c373d0b37a2be01b536d40ad9f598bb77b08a6f7ff,e54ec8efb6b8a7fe086a96f3c0074529002b4a5aad97bbd19161c0a49cf1bb9d,False,"[""historical_build"", ""reference_not_ranking""]"
doitgen,cova_serial_cpu,default,fresh_process,observed,11.569631799997296,doitgen,2026-09-21-npbench-cova-L,69bc8be83f9f9a380f93f396d5ccb74cb8ac4eec,True,False,2,2,True,False,0a710e9d831ec217703666c373d0b37a2be01b536d40ad9f598bb77b08a6f7ff,e54ec8efb6b8a7fe086a96f3c0074529002b4a5aad97bbd19161c0a49cf1bb9d,False,"[""historical_build"", ""reference_not_ranking""]"
doitgen,cova_serial_cpu,default,same_process,observed,11.379028216011648,doitgen,2026-09-21-npbench-cova-L,69bc8be83f9f9a380f93f396d5ccb74cb8ac4eec,True,False,6,3,True,False,0a710e9d831ec217703666c373d0b37a2be01b536d40ad9f598bb77b08a6f7ff,e54ec8efb6b8a7fe086a96f3c0074529002b4a5aad97bbd19161c0a49cf1bb9d,False,"[""historical_build"", ""reference_not_ranking""]"
durbin,cova_llvm_cpu,default,initialization,observed,2.1744962930097245,durbin,closure-step6,4ea0edb2+step6-fefd0a9c3c44,True,False,1,1,True,False,7437c8bf3a6ba1cbc2df811774313bdf292efa8f737e2b875afbdc1c26ff99aa,ce8fe98cca13e7ff78b2059649cf38d58a3f2af294a834c6e4698392b4e95b14,False,"[""historical_build"", ""reference_not_ranking""]"
durbin,cova_llvm_cpu,default,fresh_process,observed,0.5125545365008293,durbin,closure-step6,4ea0edb2+step6-fefd0a9c3c44,True,False,2,2,True,False,7437c8bf3a6ba1cbc2df811774313bdf292efa8f737e2b875afbdc1c26ff99aa,ce8fe98cca13e7ff78b2059649cf38d58a3f2af294a834c6e4698392b4e95b14,False,"[""historical_build"", ""reference_not_ranking""]"
durbin,cova_llvm_cpu,default,same_process,observed,0.6055799320020014,durbin,closure-step6,4ea0edb2+step6-fefd0a9c3c44,True,False,6,3,True,False,7437c8bf3a6ba1cbc2df811774313bdf292efa8f737e2b875afbdc1c26ff99aa,ce8fe98cca13e7ff78b2059649cf38d58a3f2af294a834c6e4698392b4e95b14,False,"[""historical_build"", ""reference_not_ranking""]"
durbin,cova_llvm_cpu_serial,default,initialization,observed,3.91576358700695,durbin,2026-09-21-npbench-cova-L,69bc8be83f9f9a380f93f396d5ccb74cb8ac4eec,True,False,1,1,True,False,7437c8bf3a6ba1cbc2df811774313bdf292efa8f737e2b875afbdc1c26ff99aa,ce8fe98cca13e7ff78b2059649cf38d58a3f2af294a834c6e4698392b4e95b14,False,"[""historical_build"", ""reference_not_ranking""]"
durbin,cova_llvm_cpu_serial,default,fresh_process,observed,2.738924171004328,durbin,2026-09-21-npbench-cova-L,69bc8be83f9f9a380f93f396d5ccb74cb8ac4eec,True,False,2,2,True,False,7437c8bf3a6ba1cbc2df811774313bdf292efa8f737e2b875afbdc1c26ff99aa,ce8fe98cca13e7ff78b2059649cf38d58a3f2af294a834c6e4698392b4e95b14,False,"[""historical_build"", ""reference_not_ranking""]"
durbin,cova_llvm_cpu_serial,default,same_process,observed,2.102770989506098,durbin,2026-09-21-npbench-cova-L,69bc8be83f9f9a380f93f396d5ccb74cb8ac4eec,True,False,6,3,True,False,7437c8bf3a6ba1cbc2df811774313bdf292efa8f737e2b875afbdc1c26ff99aa,ce8fe98cca13e7ff78b2059649cf38d58a3f2af294a834c6e4698392b4e95b14,False,"[""historical_build"", ""reference_not_ranking""]"
durbin,cova_llvm_gpu,default,initialization,observed,68.8598221130087,durbin,closure-step6,4ea0edb2+step6-fefd0a9c3c44,True,False,1,1,True,False,7437c8bf3a6ba1cbc2df811774313bdf292efa8f737e2b875afbdc1c26ff99aa,ce8fe98cca13e7ff78b2059649cf38d58a3f2af294a834c6e4698392b4e95b14,True,"[""historical_build"", ""reference_not_ranking""]"
durbin,cova_llvm_gpu,default,fresh_process,observed,66.0320497645007,durbin,closure-step6,4ea0edb2+step6-fefd0a9c3c44,True,False,2,2,True,False,7437c8bf3a6ba1cbc2df811774313bdf292efa8f737e2b875afbdc1c26ff99aa,ce8fe98cca13e7ff78b2059649cf38d58a3f2af294a834c6e4698392b4e95b14,True,"[""historical_build"", ""reference_not_ranking""]"
durbin,cova_llvm_gpu,default,same_process,observed,46.18333544750931,durbin,closure-step6,4ea0edb2+step6-fefd0a9c3c44,True,False,6,3,True,False,7437c8bf3a6ba1cbc2df811774313bdf292efa8f737e2b875afbdc1c26ff99aa,ce8fe98cca13e7ff78b2059649cf38d58a3f2af294a834c6e4698392b4e95b14,True,"[""historical_build"", ""reference_not_ranking""]"
durbin,cova_openmp_cpu,default,initialization,observed,2.8981967239960795,durbin,2026-09-21-npbench-cova-L,69bc8be83f9f9a380f93f396d5ccb74cb8ac4eec,True,False,1,1,True,False,7437c8bf3a6ba1cbc2df811774313bdf292efa8f737e2b875afbdc1c26ff99aa,ce8fe98cca13e7ff78b2059649cf38d58a3f2af294a834c6e4698392b4e95b14,False,"[""historical_build"", ""reference_not_ranking""]"
durbin,cova_openmp_cpu,default,fresh_process,observed,0.6326870810080436,durbin,2026-09-21-npbench-cova-L,69bc8be83f9f9a380f93f396d5ccb74cb8ac4eec,True,False,2,2,True,False,7437c8bf3a6ba1cbc2df811774313bdf292efa8f737e2b875afbdc1c26ff99aa,ce8fe98cca13e7ff78b2059649cf38d58a3f2af294a834c6e4698392b4e95b14,False,"[""historical_build"", ""reference_not_ranking""]"
durbin,cova_openmp_cpu,default,same_process,observed,0.7068997495080112,durbin,2026-09-21-npbench-cova-L,69bc8be83f9f9a380f93f396d5ccb74cb8ac4eec,True,False,6,3,True,False,7437c8bf3a6ba1cbc2df811774313bdf292efa8f737e2b875afbdc1c26ff99aa,ce8fe98cca13e7ff78b2059649cf38d58a3f2af294a834c6e4698392b4e95b14,False,"[""historical_build"", ""reference_not_ranking""]"
durbin,cova_openmp_gpu,default,initialization,observed,4.713818014002754,durbin,2026-09-21-npbench-cova-L,69bc8be83f9f9a380f93f396d5ccb74cb8ac4eec,True,False,1,1,True,False,7437c8bf3a6ba1cbc2df811774313bdf292efa8f737e2b875afbdc1c26ff99aa,ce8fe98cca13e7ff78b2059649cf38d58a3f2af294a834c6e4698392b4e95b14,False,"[""historical_build"", ""reference_not_ranking"", ""gpu_placement_metadata_only""]"
durbin,cova_openmp_gpu,default,fresh_process,observed,0.5319605669938028,durbin,2026-09-21-npbench-cova-L,69bc8be83f9f9a380f93f396d5ccb74cb8ac4eec,True,False,2,2,True,False,7437c8bf3a6ba1cbc2df811774313bdf292efa8f737e2b875afbdc1c26ff99aa,ce8fe98cca13e7ff78b2059649cf38d58a3f2af294a834c6e4698392b4e95b14,False,"[""historical_build"", ""reference_not_ranking"", ""gpu_placement_metadata_only""]"
durbin,cova_openmp_gpu,default,same_process,observed,0.634092171501834,durbin,2026-09-21-npbench-cova-L,69bc8be83f9f9a380f93f396d5ccb74cb8ac4eec,True,False,6,3,True,False,7437c8bf3a6ba1cbc2df811774313bdf292efa8f737e2b875afbdc1c26ff99aa,ce8fe98cca13e7ff78b2059649cf38d58a3f2af294a834c6e4698392b4e95b14,False,"[""historical_build"", ""reference_not_ranking"", ""gpu_placement_metadata_only""]"
durbin,cova_serial_cpu,default,initialization,observed,2.4702457490056986,durbin,2026-09-21-npbench-cova-L,69bc8be83f9f9a380f93f396d5ccb74cb8ac4eec,True,False,1,1,True,False,7437c8bf3a6ba1cbc2df811774313bdf292efa8f737e2b875afbdc1c26ff99aa,ce8fe98cca13e7ff78b2059649cf38d58a3f2af294a834c6e4698392b4e95b14,False,"[""historical_build"", ""reference_not_ranking""]"
durbin,cova_serial_cpu,default,fresh_process,observed,0.505601591503364,durbin,2026-09-21-npbench-cova-L,69bc8be83f9f9a380f93f396d5ccb74cb8ac4eec,True,False,2,2,True,False,7437c8bf3a6ba1cbc2df811774313bdf292efa8f737e2b875afbdc1c26ff99aa,ce8fe98cca13e7ff78b2059649cf38d58a3f2af294a834c6e4698392b4e95b14,False,"[""historical_build"", ""reference_not_ranking""]"
durbin,cova_serial_cpu,default,same_process,observed,0.6621954064976308,durbin,2026-09-21-npbench-cova-L,69bc8be83f9f9a380f93f396d5ccb74cb8ac4eec,True,False,6,3,True,False,7437c8bf3a6ba1cbc2df811774313bdf292efa8f737e2b875afbdc1c26ff99aa,ce8fe98cca13e7ff78b2059649cf38d58a3f2af294a834c6e4698392b4e95b14,False,"[""historical_build"", ""reference_not_ranking""]"
fdtd_2d,cova_llvm_cpu,default,initialization,observed,2.9437390390085056,fdtd_2d,closure-step6,4ea0edb2+step6-fefd0a9c3c44,True,False,1,1,True,False,06e26254e9c8b359ff97a77665932fc3543384ca179dea039154450eff6c94ff,ae503cf8154fbe07791342cfced3146fb8b1e03dbea637ba9add8796956ed94d,False,"[""historical_build"", ""reference_not_ranking""]"
fdtd_2d,cova_llvm_cpu,default,fresh_process,observed,0.6235015209967969,fdtd_2d,closure-step6,4ea0edb2+step6-fefd0a9c3c44,True,False,2,2,True,False,06e26254e9c8b359ff97a77665932fc3543384ca179dea039154450eff6c94ff,ae503cf8154fbe07791342cfced3146fb8b1e03dbea637ba9add8796956ed94d,False,"[""historical_build"", ""reference_not_ranking""]"
fdtd_2d,cova_llvm_cpu,default,same_process,observed,0.5788328265043674,fdtd_2d,closure-step6,4ea0edb2+step6-fefd0a9c3c44,True,False,6,3,True,False,06e26254e9c8b359ff97a77665932fc3543384ca179dea039154450eff6c94ff,ae503cf8154fbe07791342cfced3146fb8b1e03dbea637ba9add8796956ed94d,False,"[""historical_build"", ""reference_not_ranking""]"
fdtd_2d,cova_llvm_cpu_serial,default,initialization,observed,2.1447569409938296,fdtd_2d,2026-09-21-npbench-cova-L,69bc8be83f9f9a380f93f396d5ccb74cb8ac4eec,True,False,1,1,True,False,06e26254e9c8b359ff97a77665932fc3543384ca179dea039154450eff6c94ff,ae503cf8154fbe07791342cfced3146fb8b1e03dbea637ba9add8796956ed94d,False,"[""historical_build"", ""reference_not_ranking""]"
fdtd_2d,cova_llvm_cpu_serial,default,fresh_process,observed,0.1609085590025643,fdtd_2d,2026-09-21-npbench-cova-L,69bc8be83f9f9a380f93f396d5ccb74cb8ac4eec,True,False,2,2,True,False,06e26254e9c8b359ff97a77665932fc3543384ca179dea039154450eff6c94ff,ae503cf8154fbe07791342cfced3146fb8b1e03dbea637ba9add8796956ed94d,False,"[""historical_build"", ""reference_not_ranking""]"
fdtd_2d,cova_llvm_cpu_serial,default,same_process,observed,0.19811386299988953,fdtd_2d,2026-09-21-npbench-cova-L,69bc8be83f9f9a380f93f396d5ccb74cb8ac4eec,True,False,6,3,True,False,06e26254e9c8b359ff97a77665932fc3543384ca179dea039154450eff6c94ff,ae503cf8154fbe07791342cfced3146fb8b1e03dbea637ba9add8796956ed94d,False,"[""historical_build"", ""reference_not_ranking""]"
fdtd_2d,cova_llvm_gpu,default,initialization,observed,8.495523359015351,fdtd_2d,closure-step6,4ea0edb2+step6-fefd0a9c3c44,True,False,1,1,True,False,06e26254e9c8b359ff97a77665932fc3543384ca179dea039154450eff6c94ff,ae503cf8154fbe07791342cfced3146fb8b1e03dbea637ba9add8796956ed94d,True,"[""historical_build"", ""reference_not_ranking""]"
fdtd_2d,cova_llvm_gpu,default,fresh_process,observed,3.8649258130026283,fdtd_2d,closure-step6,4ea0edb2+step6-fefd0a9c3c44,True,False,2,2,True,False,06e26254e9c8b359ff97a77665932fc3543384ca179dea039154450eff6c94ff,ae503cf8154fbe07791342cfced3146fb8b1e03dbea637ba9add8796956ed94d,True,"[""historical_build"", ""reference_not_ranking""]"
fdtd_2d,cova_llvm_gpu,default,same_process,observed,3.6982444974855753,fdtd_2d,closure-step6,4ea0edb2+step6-fefd0a9c3c44,True,False,6,3,True,False,06e26254e9c8b359ff97a77665932fc3543384ca179dea039154450eff6c94ff,ae503cf8154fbe07791342cfced3146fb8b1e03dbea637ba9add8796956ed94d,True,"[""historical_build"", ""reference_not_ranking""]"
fdtd_2d,cova_openmp_cpu,default,initialization,observed,2.891676120008924,fdtd_2d,2026-09-21-npbench-cova-L,69bc8be83f9f9a380f93f396d5ccb74cb8ac4eec,True,False,1,1,True,False,06e26254e9c8b359ff97a77665932fc3543384ca179dea039154450eff6c94ff,ae503cf8154fbe07791342cfced3146fb8b1e03dbea637ba9add8796956ed94d,False,"[""historical_build"", ""reference_not_ranking""]"
fdtd_2d,cova_openmp_cpu,default,fresh_process,observed,0.18218818499008194,fdtd_2d,2026-09-21-npbench-cova-L,69bc8be83f9f9a380f93f396d5ccb74cb8ac4eec,True,False,2,2,True,False,06e26254e9c8b359ff97a77665932fc3543384ca179dea039154450eff6c94ff,ae503cf8154fbe07791342cfced3146fb8b1e03dbea637ba9add8796956ed94d,False,"[""historical_build"", ""reference_not_ranking""]"
fdtd_2d,cova_openmp_cpu,default,same_process,observed,0.20109057600348024,fdtd_2d,2026-09-21-npbench-cova-L,69bc8be83f9f9a380f93f396d5ccb74cb8ac4eec,True,False,6,3,True,False,06e26254e9c8b359ff97a77665932fc3543384ca179dea039154450eff6c94ff,ae503cf8154fbe07791342cfced3146fb8b1e03dbea637ba9add8796956ed94d,False,"[""historical_build"", ""reference_not_ranking""]"
fdtd_2d,cova_openmp_gpu,default,initialization,observed,4.645837862990447,fdtd_2d,2026-09-21-npbench-cova-L,69bc8be83f9f9a380f93f396d5ccb74cb8ac4eec,True,False,1,1,True,False,06e26254e9c8b359ff97a77665932fc3543384ca179dea039154450eff6c94ff,ae503cf8154fbe07791342cfced3146fb8b1e03dbea637ba9add8796956ed94d,False,"[""historical_build"", ""reference_not_ranking"", ""gpu_placement_metadata_only""]"
fdtd_2d,cova_openmp_gpu,default,fresh_process,observed,0.21100533149729017,fdtd_2d,2026-09-21-npbench-cova-L,69bc8be83f9f9a380f93f396d5ccb74cb8ac4eec,True,False,2,2,True,False,06e26254e9c8b359ff97a77665932fc3543384ca179dea039154450eff6c94ff,ae503cf8154fbe07791342cfced3146fb8b1e03dbea637ba9add8796956ed94d,False,"[""historical_build"", ""reference_not_ranking"", ""gpu_placement_metadata_only""]"
fdtd_2d,cova_openmp_gpu,default,same_process,observed,0.1843492465050076,fdtd_2d,2026-09-21-npbench-cova-L,69bc8be83f9f9a380f93f396d5ccb74cb8ac4eec,True,False,6,3,True,False,06e26254e9c8b359ff97a77665932fc3543384ca179dea039154450eff6c94ff,ae503cf8154fbe07791342cfced3146fb8b1e03dbea637ba9add8796956ed94d,False,"[""historical_build"", ""reference_not_ranking"", ""gpu_placement_metadata_only""]"
fdtd_2d,cova_serial_cpu,default,initialization,observed,2.4423797569907038,fdtd_2d,2026-09-21-npbench-cova-L,69bc8be83f9f9a380f93f396d5ccb74cb8ac4eec,True,False,1,1,True,False,06e26254e9c8b359ff97a77665932fc3543384ca179dea039154450eff6c94ff,ae503cf8154fbe07791342cfced3146fb8b1e03dbea637ba9add8796956ed94d,False,"[""historical_build"", ""reference_not_ranking""]"
fdtd_2d,cova_serial_cpu,default,fresh_process,observed,0.1687698690002435,fdtd_2d,2026-09-21-npbench-cova-L,69bc8be83f9f9a380f93f396d5ccb74cb8ac4eec,True,False,2,2,True,False,06e26254e9c8b359ff97a77665932fc3543384ca179dea039154450eff6c94ff,ae503cf8154fbe07791342cfced3146fb8b1e03dbea637ba9add8796956ed94d,False,"[""historical_build"", ""reference_not_ranking""]"
fdtd_2d,cova_serial_cpu,default,same_process,observed,0.20791759650455788,fdtd_2d,2026-09-21-npbench-cova-L,69bc8be83f9f9a380f93f396d5ccb74cb8ac4eec,True,False,6,3,True,False,06e26254e9c8b359ff97a77665932fc3543384ca179dea039154450eff6c94ff,ae503cf8154fbe07791342cfced3146fb8b1e03dbea637ba9add8796956ed94d,False,"[""historical_build"", ""reference_not_ranking""]"
floyd_warshall,cova_llvm_cpu,default,initialization,observed,2.2270550879766233,floyd_warshall,closure-step6,4ea0edb2+step6-fefd0a9c3c44,True,False,1,1,True,False,a3edbd966d81083b8e17c12c5e476ba6f92ae518095bf60f44db36d16648859a,d80d0f1e5dc1b065b6ae583f4925157116e2c98d49b252f8e02fa8c4ffe273fe,False,"[""historical_build"", ""reference_not_ranking""]"
floyd_warshall,cova_llvm_cpu,default,fresh_process,observed,0.7816172705061035,floyd_warshall,closure-step6,4ea0edb2+step6-fefd0a9c3c44,True,False,2,2,True,False,a3edbd966d81083b8e17c12c5e476ba6f92ae518095bf60f44db36d16648859a,d80d0f1e5dc1b065b6ae583f4925157116e2c98d49b252f8e02fa8c4ffe273fe,False,"[""historical_build"", ""reference_not_ranking""]"
floyd_warshall,cova_llvm_cpu,default,same_process,observed,0.12907766349962912,floyd_warshall,closure-step6,4ea0edb2+step6-fefd0a9c3c44,True,False,6,3,True,False,a3edbd966d81083b8e17c12c5e476ba6f92ae518095bf60f44db36d16648859a,d80d0f1e5dc1b065b6ae583f4925157116e2c98d49b252f8e02fa8c4ffe273fe,False,"[""historical_build"", ""reference_not_ranking""]"
floyd_warshall,cova_llvm_cpu_serial,default,initialization,observed,5.185619559008046,floyd_warshall,2026-09-21-npbench-cova-L,69bc8be83f9f9a380f93f396d5ccb74cb8ac4eec,True,False,1,1,True,False,a3edbd966d81083b8e17c12c5e476ba6f92ae518095bf60f44db36d16648859a,d80d0f1e5dc1b065b6ae583f4925157116e2c98d49b252f8e02fa8c4ffe273fe,False,"[""historical_build"", ""reference_not_ranking""]"
floyd_warshall,cova_llvm_cpu_serial,default,fresh_process,observed,3.438380685496668,floyd_warshall,2026-09-21-npbench-cova-L,69bc8be83f9f9a380f93f396d5ccb74cb8ac4eec,True,False,2,2,True,False,a3edbd966d81083b8e17c12c5e476ba6f92ae518095bf60f44db36d16648859a,d80d0f1e5dc1b065b6ae583f4925157116e2c98d49b252f8e02fa8c4ffe273fe,False,"[""historical_build"", ""reference_not_ranking""]"
floyd_warshall,cova_llvm_cpu_serial,default,same_process,observed,3.247344064999197,floyd_warshall,2026-09-21-npbench-cova-L,69bc8be83f9f9a380f93f396d5ccb74cb8ac4eec,True,False,6,3,True,False,a3edbd966d81083b8e17c12c5e476ba6f92ae518095bf60f44db36d16648859a,d80d0f1e5dc1b065b6ae583f4925157116e2c98d49b252f8e02fa8c4ffe273fe,False,"[""historical_build"", ""reference_not_ranking""]"
floyd_warshall,cova_llvm_gpu,default,initialization,observed,10.26825120599824,floyd_warshall,closure-step6,4ea0edb2+step6-fefd0a9c3c44,True,False,1,1,True,False,a3edbd966d81083b8e17c12c5e476ba6f92ae518095bf60f44db36d16648859a,d80d0f1e5dc1b065b6ae583f4925157116e2c98d49b252f8e02fa8c4ffe273fe,True,"[""historical_build"", ""reference_not_ranking""]"
floyd_warshall,cova_llvm_gpu,default,fresh_process,observed,6.252379737008596,floyd_warshall,closure-step6,4ea0edb2+step6-fefd0a9c3c44,True,False,2,2,True,False,a3edbd966d81083b8e17c12c5e476ba6f92ae518095bf60f44db36d16648859a,d80d0f1e5dc1b065b6ae583f4925157116e2c98d49b252f8e02fa8c4ffe273fe,True,"[""historical_build"", ""reference_not_ranking""]"
floyd_warshall,cova_llvm_gpu,default,same_process,observed,5.810434817991336,floyd_warshall,closure-step6,4ea0edb2+step6-fefd0a9c3c44,True,False,6,3,True,False,a3edbd966d81083b8e17c12c5e476ba6f92ae518095bf60f44db36d16648859a,d80d0f1e5dc1b065b6ae583f4925157116e2c98d49b252f8e02fa8c4ffe273fe,True,"[""historical_build"", ""reference_not_ranking""]"
floyd_warshall,cova_openmp_cpu,default,initialization,observed,6.790112244998454,floyd_warshall,2026-09-21-npbench-cova-L,69bc8be83f9f9a380f93f396d5ccb74cb8ac4eec,True,False,1,1,True,False,a3edbd966d81083b8e17c12c5e476ba6f92ae518095bf60f44db36d16648859a,d80d0f1e5dc1b065b6ae583f4925157116e2c98d49b252f8e02fa8c4ffe273fe,False,"[""historical_build"", ""reference_not_ranking""]"
floyd_warshall,cova_openmp_cpu,default,fresh_process,observed,3.683401612492162,floyd_warshall,2026-09-21-npbench-cova-L,69bc8be83f9f9a380f93f396d5ccb74cb8ac4eec,True,False,2,2,True,False,a3edbd966d81083b8e17c12c5e476ba6f92ae518095bf60f44db36d16648859a,d80d0f1e5dc1b065b6ae583f4925157116e2c98d49b252f8e02fa8c4ffe273fe,False,"[""historical_build"", ""reference_not_ranking""]"
floyd_warshall,cova_openmp_cpu,default,same_process,observed,1.3067928910022601,floyd_warshall,2026-09-21-npbench-cova-L,69bc8be83f9f9a380f93f396d5ccb74cb8ac4eec,True,False,6,3,True,False,a3edbd966d81083b8e17c12c5e476ba6f92ae518095bf60f44db36d16648859a,d80d0f1e5dc1b065b6ae583f4925157116e2c98d49b252f8e02fa8c4ffe273fe,False,"[""historical_build"", ""reference_not_ranking""]"
floyd_warshall,cova_openmp_gpu,default,initialization,observed,7.578677229001187,floyd_warshall,2026-09-21-npbench-cova-L,69bc8be83f9f9a380f93f396d5ccb74cb8ac4eec,True,False,1,1,True,False,a3edbd966d81083b8e17c12c5e476ba6f92ae518095bf60f44db36d16648859a,d80d0f1e5dc1b065b6ae583f4925157116e2c98d49b252f8e02fa8c4ffe273fe,False,"[""historical_build"", ""reference_not_ranking"", ""gpu_placement_metadata_only""]"
floyd_warshall,cova_openmp_gpu,default,fresh_process,observed,2.9438816199981375,floyd_warshall,2026-09-21-npbench-cova-L,69bc8be83f9f9a380f93f396d5ccb74cb8ac4eec,True,False,2,2,True,False,a3edbd966d81083b8e17c12c5e476ba6f92ae518095bf60f44db36d16648859a,d80d0f1e5dc1b065b6ae583f4925157116e2c98d49b252f8e02fa8c4ffe273fe,False,"[""historical_build"", ""reference_not_ranking"", ""gpu_placement_metadata_only""]"
floyd_warshall,cova_openmp_gpu,default,same_process,observed,0.6686388429952785,floyd_warshall,2026-09-21-npbench-cova-L,69bc8be83f9f9a380f93f396d5ccb74cb8ac4eec,True,False,6,3,True,False,a3edbd966d81083b8e17c12c5e476ba6f92ae518095bf60f44db36d16648859a,d80d0f1e5dc1b065b6ae583f4925157116e2c98d49b252f8e02fa8c4ffe273fe,False,"[""historical_build"", ""reference_not_ranking"", ""gpu_placement_metadata_only""]"
floyd_warshall,cova_serial_cpu,default,initialization,observed,3.1428871039970545,floyd_warshall,2026-09-21-npbench-cova-L,69bc8be83f9f9a380f93f396d5ccb74cb8ac4eec,True,False,1,1,True,False,a3edbd966d81083b8e17c12c5e476ba6f92ae518095bf60f44db36d16648859a,d80d0f1e5dc1b065b6ae583f4925157116e2c98d49b252f8e02fa8c4ffe273fe,False,"[""historical_build"", ""reference_not_ranking""]"
floyd_warshall,cova_serial_cpu,default,fresh_process,observed,1.2225313164963154,floyd_warshall,2026-09-21-npbench-cova-L,69bc8be83f9f9a380f93f396d5ccb74cb8ac4eec,True,False,2,2,True,False,a3edbd966d81083b8e17c12c5e476ba6f92ae518095bf60f44db36d16648859a,d80d0f1e5dc1b065b6ae583f4925157116e2c98d49b252f8e02fa8c4ffe273fe,False,"[""historical_build"", ""reference_not_ranking""]"
floyd_warshall,cova_serial_cpu,default,same_process,observed,1.3161162824981147,floyd_warshall,2026-09-21-npbench-cova-L,69bc8be83f9f9a380f93f396d5ccb74cb8ac4eec,True,False,6,3,True,False,a3edbd966d81083b8e17c12c5e476ba6f92ae518095bf60f44db36d16648859a,d80d0f1e5dc1b065b6ae583f4925157116e2c98d49b252f8e02fa8c4ffe273fe,False,"[""historical_build"", ""reference_not_ranking""]"
gemm,cova_llvm_cpu,default,initialization,observed,7.9246200660127215,gemm,closure-step6,4ea0edb2+step6-fefd0a9c3c44,True,False,1,1,True,False,0c0d6b6a480e5bce18192950eed6fa367ca1dff111ffe96afd63e44b0357c489,a7cad45e3e7e87c02c7a2df12b4f75774f21a5cca78b504ff8830be9107f34b6,False,"[""historical_build"", ""reference_not_ranking""]"
gemm,cova_llvm_cpu,default,fresh_process,observed,2.312627497507492,gemm,closure-step6,4ea0edb2+step6-fefd0a9c3c44,True,False,2,2,True,False,0c0d6b6a480e5bce18192950eed6fa367ca1dff111ffe96afd63e44b0357c489,a7cad45e3e7e87c02c7a2df12b4f75774f21a5cca78b504ff8830be9107f34b6,False,"[""historical_build"", ""reference_not_ranking""]"
gemm,cova_llvm_cpu,default,same_process,observed,2.2127802679897286,gemm,closure-step6,4ea0edb2+step6-fefd0a9c3c44,True,False,6,3,True,False,0c0d6b6a480e5bce18192950eed6fa367ca1dff111ffe96afd63e44b0357c489,a7cad45e3e7e87c02c7a2df12b4f75774f21a5cca78b504ff8830be9107f34b6,False,"[""historical_build"", ""reference_not_ranking""]"
gemm,cova_llvm_cpu_serial,default,initialization,observed,6.006663483000011,gemm,2026-09-21-npbench-cova-L,69bc8be83f9f9a380f93f396d5ccb74cb8ac4eec,True,False,1,1,True,False,0c0d6b6a480e5bce18192950eed6fa367ca1dff111ffe96afd63e44b0357c489,a7cad45e3e7e87c02c7a2df12b4f75774f21a5cca78b504ff8830be9107f34b6,False,"[""historical_build"", ""reference_not_ranking""]"
gemm,cova_llvm_cpu_serial,default,fresh_process,observed,2.391686156493961,gemm,2026-09-21-npbench-cova-L,69bc8be83f9f9a380f93f396d5ccb74cb8ac4eec,True,False,2,2,True,False,0c0d6b6a480e5bce18192950eed6fa367ca1dff111ffe96afd63e44b0357c489,a7cad45e3e7e87c02c7a2df12b4f75774f21a5cca78b504ff8830be9107f34b6,False,"[""historical_build"", ""reference_not_ranking""]"
gemm,cova_llvm_cpu_serial,default,same_process,observed,2.271619113002089,gemm,2026-09-21-npbench-cova-L,69bc8be83f9f9a380f93f396d5ccb74cb8ac4eec,True,False,6,3,True,False,0c0d6b6a480e5bce18192950eed6fa367ca1dff111ffe96afd63e44b0357c489,a7cad45e3e7e87c02c7a2df12b4f75774f21a5cca78b504ff8830be9107f34b6,False,"[""historical_build"", ""reference_not_ranking""]"
gemm,cova_llvm_gpu,default,initialization,observed,6.480937707994599,gemm,final-optimization-candidate,e01a2c3f735d4ed56cd47b76e567f3ecf25ff7af,False,False,1,1,True,False,0c0d6b6a480e5bce18192950eed6fa367ca1dff111ffe96afd63e44b0357c489,a7cad45e3e7e87c02c7a2df12b4f75774f21a5cca78b504ff8830be9107f34b6,False,"[""reference_not_ranking"", ""diagnostic_driver"", ""single_initialization_trial""]"
gemm,cova_llvm_gpu,default,fresh_process,observed,0.6584264750126749,gemm,final-optimization-candidate,e01a2c3f735d4ed56cd47b76e567f3ecf25ff7af,False,False,3,3,True,False,0c0d6b6a480e5bce18192950eed6fa367ca1dff111ffe96afd63e44b0357c489,a7cad45e3e7e87c02c7a2df12b4f75774f21a5cca78b504ff8830be9107f34b6,False,"[""reference_not_ranking"", ""diagnostic_driver"", ""single_initialization_trial""]"
gemm,cova_llvm_gpu,default,same_process,observed,0.3194364814989967,gemm,final-optimization-candidate,e01a2c3f735d4ed56cd47b76e567f3ecf25ff7af,False,False,6,3,True,False,0c0d6b6a480e5bce18192950eed6fa367ca1dff111ffe96afd63e44b0357c489,a7cad45e3e7e87c02c7a2df12b4f75774f21a5cca78b504ff8830be9107f34b6,False,"[""reference_not_ranking"", ""diagnostic_driver"", ""single_initialization_trial""]"
gemm,cova_openmp_cpu,default,initialization,observed,28.769576693011913,gemm,2026-09-21-npbench-cova-L,69bc8be83f9f9a380f93f396d5ccb74cb8ac4eec,True,False,1,1,True,False,0c0d6b6a480e5bce18192950eed6fa367ca1dff111ffe96afd63e44b0357c489,a7cad45e3e7e87c02c7a2df12b4f75774f21a5cca78b504ff8830be9107f34b6,False,"[""historical_build"", ""reference_not_ranking""]"
gemm,cova_openmp_cpu,default,fresh_process,observed,28.63534953049384,gemm,2026-09-21-npbench-cova-L,69bc8be83f9f9a380f93f396d5ccb74cb8ac4eec,True,False,2,2,True,False,0c0d6b6a480e5bce18192950eed6fa367ca1dff111ffe96afd63e44b0357c489,a7cad45e3e7e87c02c7a2df12b4f75774f21a5cca78b504ff8830be9107f34b6,False,"[""historical_build"", ""reference_not_ranking""]"
gemm,cova_openmp_cpu,default,same_process,observed,28.242196890998457,gemm,2026-09-21-npbench-cova-L,69bc8be83f9f9a380f93f396d5ccb74cb8ac4eec,True,False,6,3,True,False,0c0d6b6a480e5bce18192950eed6fa367ca1dff111ffe96afd63e44b0357c489,a7cad45e3e7e87c02c7a2df12b4f75774f21a5cca78b504ff8830be9107f34b6,False,"[""historical_build"", ""reference_not_ranking""]"
gemm,cova_openmp_gpu,default,initialization,observed,6.8082978969905525,gemm,closure-step6,4ea0edb2+step6-fefd0a9c3c44,True,False,1,1,True,False,0c0d6b6a480e5bce18192950eed6fa367ca1dff111ffe96afd63e44b0357c489,a7cad45e3e7e87c02c7a2df12b4f75774f21a5cca78b504ff8830be9107f34b6,True,"[""historical_build"", ""reference_not_ranking""]"
gemm,cova_openmp_gpu,default,fresh_process,observed,1.0756720455101458,gemm,closure-step6,4ea0edb2+step6-fefd0a9c3c44,True,False,2,2,True,False,0c0d6b6a480e5bce18192950eed6fa367ca1dff111ffe96afd63e44b0357c489,a7cad45e3e7e87c02c7a2df12b4f75774f21a5cca78b504ff8830be9107f34b6,True,"[""historical_build"", ""reference_not_ranking""]"
gemm,cova_openmp_gpu,default,same_process,observed,0.6700089920050232,gemm,closure-step6,4ea0edb2+step6-fefd0a9c3c44,True,False,6,3,True,False,0c0d6b6a480e5bce18192950eed6fa367ca1dff111ffe96afd63e44b0357c489,a7cad45e3e7e87c02c7a2df12b4f75774f21a5cca78b504ff8830be9107f34b6,True,"[""historical_build"", ""reference_not_ranking""]"
gemm,cova_serial_cpu,default,initialization,observed,127.13981236300606,gemm,2026-09-21-npbench-cova-L,69bc8be83f9f9a380f93f396d5ccb74cb8ac4eec,True,False,1,1,True,False,0c0d6b6a480e5bce18192950eed6fa367ca1dff111ffe96afd63e44b0357c489,a7cad45e3e7e87c02c7a2df12b4f75774f21a5cca78b504ff8830be9107f34b6,False,"[""historical_build"", ""reference_not_ranking""]"
gemm,cova_serial_cpu,default,fresh_process,observed,124.97976131699397,gemm,2026-09-21-npbench-cova-L,69bc8be83f9f9a380f93f396d5ccb74cb8ac4eec,True,False,2,2,True,False,0c0d6b6a480e5bce18192950eed6fa367ca1dff111ffe96afd63e44b0357c489,a7cad45e3e7e87c02c7a2df12b4f75774f21a5cca78b504ff8830be9107f34b6,False,"[""historical_build"", ""reference_not_ranking""]"
gemm,cova_serial_cpu,default,same_process,observed,147.13462772950152,gemm,2026-09-21-npbench-cova-L,69bc8be83f9f9a380f93f396d5ccb74cb8ac4eec,True,False,6,3,True,False,0c0d6b6a480e5bce18192950eed6fa367ca1dff111ffe96afd63e44b0357c489,a7cad45e3e7e87c02c7a2df12b4f75774f21a5cca78b504ff8830be9107f34b6,False,"[""historical_build"", ""reference_not_ranking""]"
gemver,cova_llvm_cpu,default,initialization,observed,4.285255744995084,gemver,closure-step6,4ea0edb2+step6-fefd0a9c3c44,True,False,1,1,True,False,85cc572cc7692fb81b6c77506a30c2af771c098b9e57d5abf57198c996aa6ef6,8f83d1ce5ccca10e01496b8b60f5d329e3f1f9e85ecb87f3b836424334239f88,False,"[""historical_build"", ""reference_not_ranking""]"
gemver,cova_llvm_cpu,default,fresh_process,observed,1.2684608205017867,gemver,closure-step6,4ea0edb2+step6-fefd0a9c3c44,True,False,2,2,True,False,85cc572cc7692fb81b6c77506a30c2af771c098b9e57d5abf57198c996aa6ef6,8f83d1ce5ccca10e01496b8b60f5d329e3f1f9e85ecb87f3b836424334239f88,False,"[""historical_build"", ""reference_not_ranking""]"
gemver,cova_llvm_cpu,default,same_process,observed,1.3390449234866537,gemver,closure-step6,4ea0edb2+step6-fefd0a9c3c44,True,False,6,3,True,False,85cc572cc7692fb81b6c77506a30c2af771c098b9e57d5abf57198c996aa6ef6,8f83d1ce5ccca10e01496b8b60f5d329e3f1f9e85ecb87f3b836424334239f88,False,"[""historical_build"", ""reference_not_ranking""]"
gemver,cova_llvm_cpu_serial,default,initialization,observed,5.189183416005108,gemver,2026-09-21-npbench-cova-L,69bc8be83f9f9a380f93f396d5ccb74cb8ac4eec,True,False,1,1,True,False,85cc572cc7692fb81b6c77506a30c2af771c098b9e57d5abf57198c996aa6ef6,8f83d1ce5ccca10e01496b8b60f5d329e3f1f9e85ecb87f3b836424334239f88,False,"[""historical_build"", ""reference_not_ranking""]"
gemver,cova_llvm_cpu_serial,default,fresh_process,observed,0.4690839945033076,gemver,2026-09-21-npbench-cova-L,69bc8be83f9f9a380f93f396d5ccb74cb8ac4eec,True,False,2,2,True,False,85cc572cc7692fb81b6c77506a30c2af771c098b9e57d5abf57198c996aa6ef6,8f83d1ce5ccca10e01496b8b60f5d329e3f1f9e85ecb87f3b836424334239f88,False,"[""historical_build"", ""reference_not_ranking""]"
gemver,cova_llvm_cpu_serial,default,same_process,observed,0.4687972554966109,gemver,2026-09-21-npbench-cova-L,69bc8be83f9f9a380f93f396d5ccb74cb8ac4eec,True,False,6,3,True,False,85cc572cc7692fb81b6c77506a30c2af771c098b9e57d5abf57198c996aa6ef6,8f83d1ce5ccca10e01496b8b60f5d329e3f1f9e85ecb87f3b836424334239f88,False,"[""historical_build"", ""reference_not_ranking""]"
gemver,cova_llvm_gpu,default,initialization,observed,7.450654501997633,gemver,closure-step6,4ea0edb2+step6-fefd0a9c3c44,True,False,1,1,True,False,85cc572cc7692fb81b6c77506a30c2af771c098b9e57d5abf57198c996aa6ef6,8f83d1ce5ccca10e01496b8b60f5d329e3f1f9e85ecb87f3b836424334239f88,True,"[""historical_build"", ""reference_not_ranking""]"
gemver,cova_llvm_gpu,default,fresh_process,observed,0.8521050635026768,gemver,closure-step6,4ea0edb2+step6-fefd0a9c3c44,True,False,2,2,True,False,85cc572cc7692fb81b6c77506a30c2af771c098b9e57d5abf57198c996aa6ef6,8f83d1ce5ccca10e01496b8b60f5d329e3f1f9e85ecb87f3b836424334239f88,True,"[""historical_build"", ""reference_not_ranking""]"
gemver,cova_llvm_gpu,default,same_process,observed,0.39945440500741825,gemver,closure-step6,4ea0edb2+step6-fefd0a9c3c44,True,False,6,3,True,False,85cc572cc7692fb81b6c77506a30c2af771c098b9e57d5abf57198c996aa6ef6,8f83d1ce5ccca10e01496b8b60f5d329e3f1f9e85ecb87f3b836424334239f88,True,"[""historical_build"", ""reference_not_ranking""]"
gemver,cova_openmp_cpu,default,initialization,observed,4.668434495994006,gemver,2026-09-21-npbench-cova-L,69bc8be83f9f9a380f93f396d5ccb74cb8ac4eec,True,False,1,1,True,False,85cc572cc7692fb81b6c77506a30c2af771c098b9e57d5abf57198c996aa6ef6,8f83d1ce5ccca10e01496b8b60f5d329e3f1f9e85ecb87f3b836424334239f88,False,"[""historical_build"", ""reference_not_ranking""]"
gemver,cova_openmp_cpu,default,fresh_process,observed,1.690945759502938,gemver,2026-09-21-npbench-cova-L,69bc8be83f9f9a380f93f396d5ccb74cb8ac4eec,True,False,2,2,True,False,85cc572cc7692fb81b6c77506a30c2af771c098b9e57d5abf57198c996aa6ef6,8f83d1ce5ccca10e01496b8b60f5d329e3f1f9e85ecb87f3b836424334239f88,False,"[""historical_build"", ""reference_not_ranking""]"
gemver,cova_openmp_cpu,default,same_process,observed,1.4091691615030868,gemver,2026-09-21-npbench-cova-L,69bc8be83f9f9a380f93f396d5ccb74cb8ac4eec,True,False,6,3,True,False,85cc572cc7692fb81b6c77506a30c2af771c098b9e57d5abf57198c996aa6ef6,8f83d1ce5ccca10e01496b8b60f5d329e3f1f9e85ecb87f3b836424334239f88,False,"[""historical_build"", ""reference_not_ranking""]"
gemver,cova_openmp_gpu,default,initialization,observed,7.463509694003733,gemver,2026-09-21-npbench-cova-L,69bc8be83f9f9a380f93f396d5ccb74cb8ac4eec,True,False,1,1,True,False,85cc572cc7692fb81b6c77506a30c2af771c098b9e57d5abf57198c996aa6ef6,8f83d1ce5ccca10e01496b8b60f5d329e3f1f9e85ecb87f3b836424334239f88,False,"[""historical_build"", ""reference_not_ranking"", ""gpu_placement_metadata_only""]"
gemver,cova_openmp_gpu,default,fresh_process,observed,1.0048586940029054,gemver,2026-09-21-npbench-cova-L,69bc8be83f9f9a380f93f396d5ccb74cb8ac4eec,True,False,2,2,True,False,85cc572cc7692fb81b6c77506a30c2af771c098b9e57d5abf57198c996aa6ef6,8f83d1ce5ccca10e01496b8b60f5d329e3f1f9e85ecb87f3b836424334239f88,False,"[""historical_build"", ""reference_not_ranking"", ""gpu_placement_metadata_only""]"
gemver,cova_openmp_gpu,default,same_process,observed,0.6505703235015972,gemver,2026-09-21-npbench-cova-L,69bc8be83f9f9a380f93f396d5ccb74cb8ac4eec,True,False,6,3,True,False,85cc572cc7692fb81b6c77506a30c2af771c098b9e57d5abf57198c996aa6ef6,8f83d1ce5ccca10e01496b8b60f5d329e3f1f9e85ecb87f3b836424334239f88,False,"[""historical_build"", ""reference_not_ranking"", ""gpu_placement_metadata_only""]"
gemver,cova_serial_cpu,default,initialization,observed,4.027616530001978,gemver,2026-09-21-npbench-cova-L,69bc8be83f9f9a380f93f396d5ccb74cb8ac4eec,True,False,1,1,True,False,85cc572cc7692fb81b6c77506a30c2af771c098b9e57d5abf57198c996aa6ef6,8f83d1ce5ccca10e01496b8b60f5d329e3f1f9e85ecb87f3b836424334239f88,False,"[""historical_build"", ""reference_not_ranking""]"
gemver,cova_serial_cpu,default,fresh_process,observed,1.2770635675042286,gemver,2026-09-21-npbench-cova-L,69bc8be83f9f9a380f93f396d5ccb74cb8ac4eec,True,False,2,2,True,False,85cc572cc7692fb81b6c77506a30c2af771c098b9e57d5abf57198c996aa6ef6,8f83d1ce5ccca10e01496b8b60f5d329e3f1f9e85ecb87f3b836424334239f88,False,"[""historical_build"", ""reference_not_ranking""]"
gemver,cova_serial_cpu,default,same_process,observed,0.861411103993305,gemver,2026-09-21-npbench-cova-L,69bc8be83f9f9a380f93f396d5ccb74cb8ac4eec,True,False,6,3,True,False,85cc572cc7692fb81b6c77506a30c2af771c098b9e57d5abf57198c996aa6ef6,8f83d1ce5ccca10e01496b8b60f5d329e3f1f9e85ecb87f3b836424334239f88,False,"[""historical_build"", ""reference_not_ranking""]"
gesummv,cova_llvm_cpu,default,initialization,observed,5.057524806004949,gesummv,closure-step6,4ea0edb2+step6-fefd0a9c3c44,True,False,1,1,True,False,0e62642787bfd7976dde4296be195e5cc2dd07cdd198d1233ad748fdaaf9fc80,603add7d548bef0a20a6309fbf3785c05014a0b3550717c6d424278bd55d2518,False,"[""historical_build"", ""reference_not_ranking""]"
gesummv,cova_llvm_cpu,default,fresh_process,observed,2.380933008491411,gesummv,closure-step6,4ea0edb2+step6-fefd0a9c3c44,True,False,2,2,True,False,0e62642787bfd7976dde4296be195e5cc2dd07cdd198d1233ad748fdaaf9fc80,603add7d548bef0a20a6309fbf3785c05014a0b3550717c6d424278bd55d2518,False,"[""historical_build"", ""reference_not_ranking""]"
gesummv,cova_llvm_cpu,default,same_process,observed,2.4687538974831114,gesummv,closure-step6,4ea0edb2+step6-fefd0a9c3c44,True,False,6,3,True,False,0e62642787bfd7976dde4296be195e5cc2dd07cdd198d1233ad748fdaaf9fc80,603add7d548bef0a20a6309fbf3785c05014a0b3550717c6d424278bd55d2518,False,"[""historical_build"", ""reference_not_ranking""]"
gesummv,cova_llvm_cpu_serial,default,initialization,observed,3.919038449006621,gesummv,2026-09-21-npbench-cova-L,69bc8be83f9f9a380f93f396d5ccb74cb8ac4eec,True,False,1,1,True,False,0e62642787bfd7976dde4296be195e5cc2dd07cdd198d1233ad748fdaaf9fc80,603add7d548bef0a20a6309fbf3785c05014a0b3550717c6d424278bd55d2518,False,"[""historical_build"", ""reference_not_ranking""]"
gesummv,cova_llvm_cpu_serial,default,fresh_process,observed,0.07946555400121724,gesummv,2026-09-21-npbench-cova-L,69bc8be83f9f9a380f93f396d5ccb74cb8ac4eec,True,False,2,2,True,False,0e62642787bfd7976dde4296be195e5cc2dd07cdd198d1233ad748fdaaf9fc80,603add7d548bef0a20a6309fbf3785c05014a0b3550717c6d424278bd55d2518,False,"[""historical_build"", ""reference_not_ranking""]"
gesummv,cova_llvm_cpu_serial,default,same_process,observed,0.07178257199848304,gesummv,2026-09-21-npbench-cova-L,69bc8be83f9f9a380f93f396d5ccb74cb8ac4eec,True,False,6,3,True,False,0e62642787bfd7976dde4296be195e5cc2dd07cdd198d1233ad748fdaaf9fc80,603add7d548bef0a20a6309fbf3785c05014a0b3550717c6d424278bd55d2518,False,"[""historical_build"", ""reference_not_ranking""]"
gesummv,cova_llvm_gpu,default,initialization,observed,6.94383288998506,gesummv,closure-step6,4ea0edb2+step6-fefd0a9c3c44,True,False,1,1,True,False,0e62642787bfd7976dde4296be195e5cc2dd07cdd198d1233ad748fdaaf9fc80,603add7d548bef0a20a6309fbf3785c05014a0b3550717c6d424278bd55d2518,True,"[""historical_build"", ""reference_not_ranking""]"
gesummv,cova_llvm_gpu,default,fresh_process,observed,0.684669768990716,gesummv,closure-step6,4ea0edb2+step6-fefd0a9c3c44,True,False,2,2,True,False,0e62642787bfd7976dde4296be195e5cc2dd07cdd198d1233ad748fdaaf9fc80,603add7d548bef0a20a6309fbf3785c05014a0b3550717c6d424278bd55d2518,True,"[""historical_build"", ""reference_not_ranking""]"
gesummv,cova_llvm_gpu,default,same_process,observed,0.2991255944943987,gesummv,closure-step6,4ea0edb2+step6-fefd0a9c3c44,True,False,6,3,True,False,0e62642787bfd7976dde4296be195e5cc2dd07cdd198d1233ad748fdaaf9fc80,603add7d548bef0a20a6309fbf3785c05014a0b3550717c6d424278bd55d2518,True,"[""historical_build"", ""reference_not_ranking""]"
gesummv,cova_openmp_cpu,default,initialization,observed,5.201008966003428,gesummv,2026-09-21-npbench-cova-L,69bc8be83f9f9a380f93f396d5ccb74cb8ac4eec,True,False,1,1,True,False,0e62642787bfd7976dde4296be195e5cc2dd07cdd198d1233ad748fdaaf9fc80,603add7d548bef0a20a6309fbf3785c05014a0b3550717c6d424278bd55d2518,False,"[""historical_build"", ""reference_not_ranking""]"
gesummv,cova_openmp_cpu,default,fresh_process,observed,3.0459633269929327,gesummv,2026-09-21-npbench-cova-L,69bc8be83f9f9a380f93f396d5ccb74cb8ac4eec,True,False,2,2,True,False,0e62642787bfd7976dde4296be195e5cc2dd07cdd198d1233ad748fdaaf9fc80,603add7d548bef0a20a6309fbf3785c05014a0b3550717c6d424278bd55d2518,False,"[""historical_build"", ""reference_not_ranking""]"
gesummv,cova_openmp_cpu,default,same_process,observed,2.3562869015004253,gesummv,2026-09-21-npbench-cova-L,69bc8be83f9f9a380f93f396d5ccb74cb8ac4eec,True,False,6,3,True,False,0e62642787bfd7976dde4296be195e5cc2dd07cdd198d1233ad748fdaaf9fc80,603add7d548bef0a20a6309fbf3785c05014a0b3550717c6d424278bd55d2518,False,"[""historical_build"", ""reference_not_ranking""]"
gesummv,cova_openmp_gpu,default,initialization,observed,6.757845433996408,gesummv,2026-09-21-npbench-cova-L,69bc8be83f9f9a380f93f396d5ccb74cb8ac4eec,True,False,1,1,True,False,0e62642787bfd7976dde4296be195e5cc2dd07cdd198d1233ad748fdaaf9fc80,603add7d548bef0a20a6309fbf3785c05014a0b3550717c6d424278bd55d2518,False,"[""historical_build"", ""reference_not_ranking"", ""gpu_placement_metadata_only""]"
gesummv,cova_openmp_gpu,default,fresh_process,observed,0.6460934569986421,gesummv,2026-09-21-npbench-cova-L,69bc8be83f9f9a380f93f396d5ccb74cb8ac4eec,True,False,2,2,True,False,0e62642787bfd7976dde4296be195e5cc2dd07cdd198d1233ad748fdaaf9fc80,603add7d548bef0a20a6309fbf3785c05014a0b3550717c6d424278bd55d2518,False,"[""historical_build"", ""reference_not_ranking"", ""gpu_placement_metadata_only""]"
gesummv,cova_openmp_gpu,default,same_process,observed,0.29658566800208064,gesummv,2026-09-21-npbench-cova-L,69bc8be83f9f9a380f93f396d5ccb74cb8ac4eec,True,False,6,3,True,False,0e62642787bfd7976dde4296be195e5cc2dd07cdd198d1233ad748fdaaf9fc80,603add7d548bef0a20a6309fbf3785c05014a0b3550717c6d424278bd55d2518,False,"[""historical_build"", ""reference_not_ranking"", ""gpu_placement_metadata_only""]"
gesummv,cova_serial_cpu,default,initialization,observed,5.185553354007425,gesummv,2026-09-21-npbench-cova-L,69bc8be83f9f9a380f93f396d5ccb74cb8ac4eec,True,False,1,1,True,False,0e62642787bfd7976dde4296be195e5cc2dd07cdd198d1233ad748fdaaf9fc80,603add7d548bef0a20a6309fbf3785c05014a0b3550717c6d424278bd55d2518,False,"[""historical_build"", ""reference_not_ranking""]"
gesummv,cova_serial_cpu,default,fresh_process,observed,2.23394035500678,gesummv,2026-09-21-npbench-cova-L,69bc8be83f9f9a380f93f396d5ccb74cb8ac4eec,True,False,2,2,True,False,0e62642787bfd7976dde4296be195e5cc2dd07cdd198d1233ad748fdaaf9fc80,603add7d548bef0a20a6309fbf3785c05014a0b3550717c6d424278bd55d2518,False,"[""historical_build"", ""reference_not_ranking""]"
gesummv,cova_serial_cpu,default,same_process,observed,0.8902423899999121,gesummv,2026-09-21-npbench-cova-L,69bc8be83f9f9a380f93f396d5ccb74cb8ac4eec,True,False,6,3,True,False,0e62642787bfd7976dde4296be195e5cc2dd07cdd198d1233ad748fdaaf9fc80,603add7d548bef0a20a6309fbf3785c05014a0b3550717c6d424278bd55d2518,False,"[""historical_build"", ""reference_not_ranking""]"
go_fast,cova_llvm_cpu,default,initialization,observed,5.013627106003696,go_fast,closure-step6,4ea0edb2+step6-fefd0a9c3c44,True,False,1,1,True,False,ae81860b1a6b200efcca939dedfc2ee5e6a861d07af0c13d6e54e4f1ed9dfb3a,27869e2eab641d51a4dcb8b144e082c2564882966a28c404e3c13fdb484f75cf,False,"[""historical_build"", ""reference_not_ranking""]"
go_fast,cova_llvm_cpu,default,fresh_process,observed,3.3471715105115436,go_fast,closure-step6,4ea0edb2+step6-fefd0a9c3c44,True,False,2,2,True,False,ae81860b1a6b200efcca939dedfc2ee5e6a861d07af0c13d6e54e4f1ed9dfb3a,27869e2eab641d51a4dcb8b144e082c2564882966a28c404e3c13fdb484f75cf,False,"[""historical_build"", ""reference_not_ranking""]"
go_fast,cova_llvm_cpu,default,same_process,observed,3.0074013979901792,go_fast,closure-step6,4ea0edb2+step6-fefd0a9c3c44,True,False,6,3,True,False,ae81860b1a6b200efcca939dedfc2ee5e6a861d07af0c13d6e54e4f1ed9dfb3a,27869e2eab641d51a4dcb8b144e082c2564882966a28c404e3c13fdb484f75cf,False,"[""historical_build"", ""reference_not_ranking""]"
go_fast,cova_llvm_cpu_serial,default,initialization,observed,5.204169470001943,go_fast,2026-09-21-npbench-cova-L,69bc8be83f9f9a380f93f396d5ccb74cb8ac4eec,True,False,1,1,True,False,ae81860b1a6b200efcca939dedfc2ee5e6a861d07af0c13d6e54e4f1ed9dfb3a,27869e2eab641d51a4dcb8b144e082c2564882966a28c404e3c13fdb484f75cf,False,"[""historical_build"", ""reference_not_ranking""]"
go_fast,cova_llvm_cpu_serial,default,fresh_process,observed,2.5257958854999742,go_fast,2026-09-21-npbench-cova-L,69bc8be83f9f9a380f93f396d5ccb74cb8ac4eec,True,False,2,2,True,False,ae81860b1a6b200efcca939dedfc2ee5e6a861d07af0c13d6e54e4f1ed9dfb3a,27869e2eab641d51a4dcb8b144e082c2564882966a28c404e3c13fdb484f75cf,False,"[""historical_build"", ""reference_not_ranking""]"
go_fast,cova_llvm_cpu_serial,default,same_process,observed,2.833903499500593,go_fast,2026-09-21-npbench-cova-L,69bc8be83f9f9a380f93f396d5ccb74cb8ac4eec,True,False,6,3,True,False,ae81860b1a6b200efcca939dedfc2ee5e6a861d07af0c13d6e54e4f1ed9dfb3a,27869e2eab641d51a4dcb8b144e082c2564882966a28c404e3c13fdb484f75cf,False,"[""historical_build"", ""reference_not_ranking""]"
go_fast,cova_llvm_gpu,default,initialization,observed,10.469536231015809,go_fast,closure-step6,4ea0edb2+step6-fefd0a9c3c44,True,False,1,1,True,False,ae81860b1a6b200efcca939dedfc2ee5e6a861d07af0c13d6e54e4f1ed9dfb3a,27869e2eab641d51a4dcb8b144e082c2564882966a28c404e3c13fdb484f75cf,True,"[""historical_build"", ""reference_not_ranking""]"
go_fast,cova_llvm_gpu,default,fresh_process,observed,6.763237568011391,go_fast,closure-step6,4ea0edb2+step6-fefd0a9c3c44,True,False,2,2,True,False,ae81860b1a6b200efcca939dedfc2ee5e6a861d07af0c13d6e54e4f1ed9dfb3a,27869e2eab641d51a4dcb8b144e082c2564882966a28c404e3c13fdb484f75cf,True,"[""historical_build"", ""reference_not_ranking""]"
go_fast,cova_llvm_gpu,default,same_process,observed,6.322696989504038,go_fast,closure-step6,4ea0edb2+step6-fefd0a9c3c44,True,False,6,3,True,False,ae81860b1a6b200efcca939dedfc2ee5e6a861d07af0c13d6e54e4f1ed9dfb3a,27869e2eab641d51a4dcb8b144e082c2564882966a28c404e3c13fdb484f75cf,True,"[""historical_build"", ""reference_not_ranking""]"
go_fast,cova_openmp_cpu,default,initialization,observed,3.2382216780097224,go_fast,2026-09-21-npbench-cova-L,69bc8be83f9f9a380f93f396d5ccb74cb8ac4eec,True,False,1,1,True,False,ae81860b1a6b200efcca939dedfc2ee5e6a861d07af0c13d6e54e4f1ed9dfb3a,27869e2eab641d51a4dcb8b144e082c2564882966a28c404e3c13fdb484f75cf,False,"[""historical_build"", ""reference_not_ranking""]"
go_fast,cova_openmp_cpu,default,fresh_process,observed,0.7618545489967801,go_fast,2026-09-21-npbench-cova-L,69bc8be83f9f9a380f93f396d5ccb74cb8ac4eec,True,False,2,2,True,False,ae81860b1a6b200efcca939dedfc2ee5e6a861d07af0c13d6e54e4f1ed9dfb3a,27869e2eab641d51a4dcb8b144e082c2564882966a28c404e3c13fdb484f75cf,False,"[""historical_build"", ""reference_not_ranking""]"
go_fast,cova_openmp_cpu,default,same_process,observed,0.8478230845066719,go_fast,2026-09-21-npbench-cova-L,69bc8be83f9f9a380f93f396d5ccb74cb8ac4eec,True,False,6,3,True,False,ae81860b1a6b200efcca939dedfc2ee5e6a861d07af0c13d6e54e4f1ed9dfb3a,27869e2eab641d51a4dcb8b144e082c2564882966a28c404e3c13fdb484f75cf,False,"[""historical_build"", ""reference_not_ranking""]"
go_fast,cova_openmp_gpu,default,initialization,observed,8.028752151993103,go_fast,2026-09-21-npbench-cova-L,69bc8be83f9f9a380f93f396d5ccb74cb8ac4eec,True,False,1,1,True,False,ae81860b1a6b200efcca939dedfc2ee5e6a861d07af0c13d6e54e4f1ed9dfb3a,27869e2eab641d51a4dcb8b144e082c2564882966a28c404e3c13fdb484f75cf,False,"[""historical_build"", ""reference_not_ranking"", ""gpu_placement_metadata_only""]"
go_fast,cova_openmp_gpu,default,fresh_process,observed,3.0164598135015694,go_fast,2026-09-21-npbench-cova-L,69bc8be83f9f9a380f93f396d5ccb74cb8ac4eec,True,False,2,2,True,False,ae81860b1a6b200efcca939dedfc2ee5e6a861d07af0c13d6e54e4f1ed9dfb3a,27869e2eab641d51a4dcb8b144e082c2564882966a28c404e3c13fdb484f75cf,False,"[""historical_build"", ""reference_not_ranking"", ""gpu_placement_metadata_only""]"
go_fast,cova_openmp_gpu,default,same_process,observed,3.296599116511061,go_fast,2026-09-21-npbench-cova-L,69bc8be83f9f9a380f93f396d5ccb74cb8ac4eec,True,False,6,3,True,False,ae81860b1a6b200efcca939dedfc2ee5e6a861d07af0c13d6e54e4f1ed9dfb3a,27869e2eab641d51a4dcb8b144e082c2564882966a28c404e3c13fdb484f75cf,False,"[""historical_build"", ""reference_not_ranking"", ""gpu_placement_metadata_only""]"
go_fast,cova_serial_cpu,default,initialization,observed,5.4810107619996415,go_fast,2026-09-21-npbench-cova-L,69bc8be83f9f9a380f93f396d5ccb74cb8ac4eec,True,False,1,1,True,False,ae81860b1a6b200efcca939dedfc2ee5e6a861d07af0c13d6e54e4f1ed9dfb3a,27869e2eab641d51a4dcb8b144e082c2564882966a28c404e3c13fdb484f75cf,False,"[""historical_build"", ""reference_not_ranking""]"
go_fast,cova_serial_cpu,default,fresh_process,observed,2.954652777501906,go_fast,2026-09-21-npbench-cova-L,69bc8be83f9f9a380f93f396d5ccb74cb8ac4eec,True,False,2,2,True,False,ae81860b1a6b200efcca939dedfc2ee5e6a861d07af0c13d6e54e4f1ed9dfb3a,27869e2eab641d51a4dcb8b144e082c2564882966a28c404e3c13fdb484f75cf,False,"[""historical_build"", ""reference_not_ranking""]"
go_fast,cova_serial_cpu,default,same_process,observed,1.5100638099975185,go_fast,2026-09-21-npbench-cova-L,69bc8be83f9f9a380f93f396d5ccb74cb8ac4eec,True,False,6,3,True,False,ae81860b1a6b200efcca939dedfc2ee5e6a861d07af0c13d6e54e4f1ed9dfb3a,27869e2eab641d51a4dcb8b144e082c2564882966a28c404e3c13fdb484f75cf,False,"[""historical_build"", ""reference_not_ranking""]"
gramschmidt,cova_llvm_cpu,default,initialization,observed,2.4342134640028235,gramschmidt,closure-step6,4ea0edb2+step6-fefd0a9c3c44,True,False,1,1,True,False,1f3d8680c6c62cb57662259efbd6317e805dc931a93921d1f417b2d9a8b00706,0cd9b7683af012b2f89286b1d7f883de9ac11e0a801ad6a40757c753baba615b,False,"[""historical_build"", ""reference_not_ranking""]"
gramschmidt,cova_llvm_cpu,default,fresh_process,observed,0.3945547490147874,gramschmidt,closure-step6,4ea0edb2+step6-fefd0a9c3c44,True,False,2,2,True,False,1f3d8680c6c62cb57662259efbd6317e805dc931a93921d1f417b2d9a8b00706,0cd9b7683af012b2f89286b1d7f883de9ac11e0a801ad6a40757c753baba615b,False,"[""historical_build"", ""reference_not_ranking""]"
gramschmidt,cova_llvm_cpu,default,same_process,observed,0.4301707930135308,gramschmidt,closure-step6,4ea0edb2+step6-fefd0a9c3c44,True,False,6,3,True,False,1f3d8680c6c62cb57662259efbd6317e805dc931a93921d1f417b2d9a8b00706,0cd9b7683af012b2f89286b1d7f883de9ac11e0a801ad6a40757c753baba615b,False,"[""historical_build"", ""reference_not_ranking""]"
gramschmidt,cova_llvm_cpu_serial,default,initialization,observed,2.8828449209977407,gramschmidt,2026-09-21-npbench-cova-L,69bc8be83f9f9a380f93f396d5ccb74cb8ac4eec,True,False,1,1,True,False,1f3d8680c6c62cb57662259efbd6317e805dc931a93921d1f417b2d9a8b00706,0cd9b7683af012b2f89286b1d7f883de9ac11e0a801ad6a40757c753baba615b,False,"[""historical_build"", ""reference_not_ranking""]"
gramschmidt,cova_llvm_cpu_serial,default,fresh_process,observed,1.1436542539959191,gramschmidt,2026-09-21-npbench-cova-L,69bc8be83f9f9a380f93f396d5ccb74cb8ac4eec,True,False,2,2,True,False,1f3d8680c6c62cb57662259efbd6317e805dc931a93921d1f417b2d9a8b00706,0cd9b7683af012b2f89286b1d7f883de9ac11e0a801ad6a40757c753baba615b,False,"[""historical_build"", ""reference_not_ranking""]"
gramschmidt,cova_llvm_cpu_serial,default,same_process,observed,1.226475367504463,gramschmidt,2026-09-21-npbench-cova-L,69bc8be83f9f9a380f93f396d5ccb74cb8ac4eec,True,False,6,3,True,False,1f3d8680c6c62cb57662259efbd6317e805dc931a93921d1f417b2d9a8b00706,0cd9b7683af012b2f89286b1d7f883de9ac11e0a801ad6a40757c753baba615b,False,"[""historical_build"", ""reference_not_ranking""]"
gramschmidt,cova_llvm_gpu,default,initialization,observed,344.0167063240078,gramschmidt,closure-step6,4ea0edb2+step6-fefd0a9c3c44,True,False,1,1,True,False,1f3d8680c6c62cb57662259efbd6317e805dc931a93921d1f417b2d9a8b00706,0cd9b7683af012b2f89286b1d7f883de9ac11e0a801ad6a40757c753baba615b,True,"[""historical_build"", ""reference_not_ranking""]"
gramschmidt,cova_llvm_gpu,default,fresh_process,observed,334.3551601120125,gramschmidt,closure-step6,4ea0edb2+step6-fefd0a9c3c44,True,False,2,2,True,False,1f3d8680c6c62cb57662259efbd6317e805dc931a93921d1f417b2d9a8b00706,0cd9b7683af012b2f89286b1d7f883de9ac11e0a801ad6a40757c753baba615b,True,"[""historical_build"", ""reference_not_ranking""]"
gramschmidt,cova_llvm_gpu,default,same_process,observed,334.86845688099856,gramschmidt,closure-step6,4ea0edb2+step6-fefd0a9c3c44,True,False,6,3,True,False,1f3d8680c6c62cb57662259efbd6317e805dc931a93921d1f417b2d9a8b00706,0cd9b7683af012b2f89286b1d7f883de9ac11e0a801ad6a40757c753baba615b,True,"[""historical_build"", ""reference_not_ranking""]"
gramschmidt,cova_openmp_cpu,default,initialization,observed,2.8887234670110047,gramschmidt,2026-09-21-npbench-cova-L,69bc8be83f9f9a380f93f396d5ccb74cb8ac4eec,True,False,1,1,True,False,1f3d8680c6c62cb57662259efbd6317e805dc931a93921d1f417b2d9a8b00706,0cd9b7683af012b2f89286b1d7f883de9ac11e0a801ad6a40757c753baba615b,False,"[""historical_build"", ""reference_not_ranking""]"
gramschmidt,cova_openmp_cpu,default,fresh_process,observed,0.3295985659933649,gramschmidt,2026-09-21-npbench-cova-L,69bc8be83f9f9a380f93f396d5ccb74cb8ac4eec,True,False,2,2,True,False,1f3d8680c6c62cb57662259efbd6317e805dc931a93921d1f417b2d9a8b00706,0cd9b7683af012b2f89286b1d7f883de9ac11e0a801ad6a40757c753baba615b,False,"[""historical_build"", ""reference_not_ranking""]"
gramschmidt,cova_openmp_cpu,default,same_process,observed,0.41603536550246645,gramschmidt,2026-09-21-npbench-cova-L,69bc8be83f9f9a380f93f396d5ccb74cb8ac4eec,True,False,6,3,True,False,1f3d8680c6c62cb57662259efbd6317e805dc931a93921d1f417b2d9a8b00706,0cd9b7683af012b2f89286b1d7f883de9ac11e0a801ad6a40757c753baba615b,False,"[""historical_build"", ""reference_not_ranking""]"
gramschmidt,cova_openmp_gpu,default,initialization,observed,4.709969510993687,gramschmidt,2026-09-21-npbench-cova-L,69bc8be83f9f9a380f93f396d5ccb74cb8ac4eec,True,False,1,1,True,False,1f3d8680c6c62cb57662259efbd6317e805dc931a93921d1f417b2d9a8b00706,0cd9b7683af012b2f89286b1d7f883de9ac11e0a801ad6a40757c753baba615b,False,"[""historical_build"", ""reference_not_ranking"", ""gpu_placement_metadata_only""]"
gramschmidt,cova_openmp_gpu,default,fresh_process,observed,0.3989468095023767,gramschmidt,2026-09-21-npbench-cova-L,69bc8be83f9f9a380f93f396d5ccb74cb8ac4eec,True,False,2,2,True,False,1f3d8680c6c62cb57662259efbd6317e805dc931a93921d1f417b2d9a8b00706,0cd9b7683af012b2f89286b1d7f883de9ac11e0a801ad6a40757c753baba615b,False,"[""historical_build"", ""reference_not_ranking"", ""gpu_placement_metadata_only""]"
gramschmidt,cova_openmp_gpu,default,same_process,observed,0.42927117500221357,gramschmidt,2026-09-21-npbench-cova-L,69bc8be83f9f9a380f93f396d5ccb74cb8ac4eec,True,False,6,3,True,False,1f3d8680c6c62cb57662259efbd6317e805dc931a93921d1f417b2d9a8b00706,0cd9b7683af012b2f89286b1d7f883de9ac11e0a801ad6a40757c753baba615b,False,"[""historical_build"", ""reference_not_ranking"", ""gpu_placement_metadata_only""]"
gramschmidt,cova_serial_cpu,default,initialization,observed,2.548058814005344,gramschmidt,2026-09-21-npbench-cova-L,69bc8be83f9f9a380f93f396d5ccb74cb8ac4eec,True,False,1,1,True,False,1f3d8680c6c62cb57662259efbd6317e805dc931a93921d1f417b2d9a8b00706,0cd9b7683af012b2f89286b1d7f883de9ac11e0a801ad6a40757c753baba615b,False,"[""historical_build"", ""reference_not_ranking""]"
gramschmidt,cova_serial_cpu,default,fresh_process,observed,0.3337940925048315,gramschmidt,2026-09-21-npbench-cova-L,69bc8be83f9f9a380f93f396d5ccb74cb8ac4eec,True,False,2,2,True,False,1f3d8680c6c62cb57662259efbd6317e805dc931a93921d1f417b2d9a8b00706,0cd9b7683af012b2f89286b1d7f883de9ac11e0a801ad6a40757c753baba615b,False,"[""historical_build"", ""reference_not_ranking""]"
gramschmidt,cova_serial_cpu,default,same_process,observed,0.41935189250216354,gramschmidt,2026-09-21-npbench-cova-L,69bc8be83f9f9a380f93f396d5ccb74cb8ac4eec,True,False,6,3,True,False,1f3d8680c6c62cb57662259efbd6317e805dc931a93921d1f417b2d9a8b00706,0cd9b7683af012b2f89286b1d7f883de9ac11e0a801ad6a40757c753baba615b,False,"[""historical_build"", ""reference_not_ranking""]"
hdiff,cova_llvm_cpu,default,initialization,observed,4.773351579991868,hdiff,closure-step6,4ea0edb2+step6-fefd0a9c3c44,True,False,1,1,True,False,db572ba94a6764cd4f333fd1c155d8498c95bfc20a8f378ce3588d5b7ef038ef,e800ed3dc8d530d7e84b4a637b91cc6d9bc1280101023ee86a27f69cfa34eec1,False,"[""historical_build"", ""reference_not_ranking""]"
hdiff,cova_llvm_cpu,default,fresh_process,observed,2.2042321970075136,hdiff,closure-step6,4ea0edb2+step6-fefd0a9c3c44,True,False,2,2,True,False,db572ba94a6764cd4f333fd1c155d8498c95bfc20a8f378ce3588d5b7ef038ef,e800ed3dc8d530d7e84b4a637b91cc6d9bc1280101023ee86a27f69cfa34eec1,False,"[""historical_build"", ""reference_not_ranking""]"
hdiff,cova_llvm_cpu,default,same_process,observed,1.854750304511981,hdiff,closure-step6,4ea0edb2+step6-fefd0a9c3c44,True,False,6,3,True,False,db572ba94a6764cd4f333fd1c155d8498c95bfc20a8f378ce3588d5b7ef038ef,e800ed3dc8d530d7e84b4a637b91cc6d9bc1280101023ee86a27f69cfa34eec1,False,"[""historical_build"", ""reference_not_ranking""]"
hdiff,cova_llvm_cpu_serial,default,initialization,observed,4.232682981994003,hdiff,2026-09-21-npbench-cova-L,69bc8be83f9f9a380f93f396d5ccb74cb8ac4eec,True,False,1,1,True,False,db572ba94a6764cd4f333fd1c155d8498c95bfc20a8f378ce3588d5b7ef038ef,e800ed3dc8d530d7e84b4a637b91cc6d9bc1280101023ee86a27f69cfa34eec1,False,"[""historical_build"", ""reference_not_ranking""]"
hdiff,cova_llvm_cpu_serial,default,fresh_process,observed,1.454284577004728,hdiff,2026-09-21-npbench-cova-L,69bc8be83f9f9a380f93f396d5ccb74cb8ac4eec,True,False,2,2,True,False,db572ba94a6764cd4f333fd1c155d8498c95bfc20a8f378ce3588d5b7ef038ef,e800ed3dc8d530d7e84b4a637b91cc6d9bc1280101023ee86a27f69cfa34eec1,False,"[""historical_build"", ""reference_not_ranking""]"
hdiff,cova_llvm_cpu_serial,default,same_process,observed,2.1057636099940282,hdiff,2026-09-21-npbench-cova-L,69bc8be83f9f9a380f93f396d5ccb74cb8ac4eec,True,False,6,3,True,False,db572ba94a6764cd4f333fd1c155d8498c95bfc20a8f378ce3588d5b7ef038ef,e800ed3dc8d530d7e84b4a637b91cc6d9bc1280101023ee86a27f69cfa34eec1,False,"[""historical_build"", ""reference_not_ranking""]"
hdiff,cova_llvm_gpu,default,initialization,observed,6.002868398005376,hdiff,closure-step6,4ea0edb2+step6-fefd0a9c3c44,True,False,1,1,True,False,db572ba94a6764cd4f333fd1c155d8498c95bfc20a8f378ce3588d5b7ef038ef,e800ed3dc8d530d7e84b4a637b91cc6d9bc1280101023ee86a27f69cfa34eec1,True,"[""historical_build"", ""reference_not_ranking""]"
hdiff,cova_llvm_gpu,default,fresh_process,observed,1.5788313835073495,hdiff,closure-step6,4ea0edb2+step6-fefd0a9c3c44,True,False,2,2,True,False,db572ba94a6764cd4f333fd1c155d8498c95bfc20a8f378ce3588d5b7ef038ef,e800ed3dc8d530d7e84b4a637b91cc6d9bc1280101023ee86a27f69cfa34eec1,True,"[""historical_build"", ""reference_not_ranking""]"
hdiff,cova_llvm_gpu,default,same_process,observed,1.2423963244946208,hdiff,closure-step6,4ea0edb2+step6-fefd0a9c3c44,True,False,6,3,True,False,db572ba94a6764cd4f333fd1c155d8498c95bfc20a8f378ce3588d5b7ef038ef,e800ed3dc8d530d7e84b4a637b91cc6d9bc1280101023ee86a27f69cfa34eec1,True,"[""historical_build"", ""reference_not_ranking""]"
hdiff,cova_openmp_cpu,default,initialization,observed,5.113918180009932,hdiff,2026-09-21-npbench-cova-L,69bc8be83f9f9a380f93f396d5ccb74cb8ac4eec,True,False,1,1,True,False,db572ba94a6764cd4f333fd1c155d8498c95bfc20a8f378ce3588d5b7ef038ef,e800ed3dc8d530d7e84b4a637b91cc6d9bc1280101023ee86a27f69cfa34eec1,False,"[""historical_build"", ""reference_not_ranking""]"
hdiff,cova_openmp_cpu,default,fresh_process,observed,1.5558095775049878,hdiff,2026-09-21-npbench-cova-L,69bc8be83f9f9a380f93f396d5ccb74cb8ac4eec,True,False,2,2,True,False,db572ba94a6764cd4f333fd1c155d8498c95bfc20a8f378ce3588d5b7ef038ef,e800ed3dc8d530d7e84b4a637b91cc6d9bc1280101023ee86a27f69cfa34eec1,False,"[""historical_build"", ""reference_not_ranking""]"
hdiff,cova_openmp_cpu,default,same_process,observed,2.0205654359961045,hdiff,2026-09-21-npbench-cova-L,69bc8be83f9f9a380f93f396d5ccb74cb8ac4eec,True,False,6,3,True,False,db572ba94a6764cd4f333fd1c155d8498c95bfc20a8f378ce3588d5b7ef038ef,e800ed3dc8d530d7e84b4a637b91cc6d9bc1280101023ee86a27f69cfa34eec1,False,"[""historical_build"", ""reference_not_ranking""]"
hdiff,cova_openmp_gpu,default,initialization,observed,10.053782885996043,hdiff,2026-09-21-npbench-cova-L,69bc8be83f9f9a380f93f396d5ccb74cb8ac4eec,True,False,1,1,True,False,db572ba94a6764cd4f333fd1c155d8498c95bfc20a8f378ce3588d5b7ef038ef,e800ed3dc8d530d7e84b4a637b91cc6d9bc1280101023ee86a27f69cfa34eec1,False,"[""historical_build"", ""reference_not_ranking"", ""gpu_placement_metadata_only""]"
hdiff,cova_openmp_gpu,default,fresh_process,observed,2.695684699509002,hdiff,2026-09-21-npbench-cova-L,69bc8be83f9f9a380f93f396d5ccb74cb8ac4eec,True,False,2,2,True,False,db572ba94a6764cd4f333fd1c155d8498c95bfc20a8f378ce3588d5b7ef038ef,e800ed3dc8d530d7e84b4a637b91cc6d9bc1280101023ee86a27f69cfa34eec1,False,"[""historical_build"", ""reference_not_ranking"", ""gpu_placement_metadata_only""]"
hdiff,cova_openmp_gpu,default,same_process,observed,2.362530545491609,hdiff,2026-09-21-npbench-cova-L,69bc8be83f9f9a380f93f396d5ccb74cb8ac4eec,True,False,6,3,True,False,db572ba94a6764cd4f333fd1c155d8498c95bfc20a8f378ce3588d5b7ef038ef,e800ed3dc8d530d7e84b4a637b91cc6d9bc1280101023ee86a27f69cfa34eec1,False,"[""historical_build"", ""reference_not_ranking"", ""gpu_placement_metadata_only""]"
hdiff,cova_serial_cpu,default,initialization,observed,4.855722945998423,hdiff,2026-09-21-npbench-cova-L,69bc8be83f9f9a380f93f396d5ccb74cb8ac4eec,True,False,1,1,True,False,db572ba94a6764cd4f333fd1c155d8498c95bfc20a8f378ce3588d5b7ef038ef,e800ed3dc8d530d7e84b4a637b91cc6d9bc1280101023ee86a27f69cfa34eec1,False,"[""historical_build"", ""reference_not_ranking""]"
hdiff,cova_serial_cpu,default,fresh_process,observed,2.691434816995752,hdiff,2026-09-21-npbench-cova-L,69bc8be83f9f9a380f93f396d5ccb74cb8ac4eec,True,False,2,2,True,False,db572ba94a6764cd4f333fd1c155d8498c95bfc20a8f378ce3588d5b7ef038ef,e800ed3dc8d530d7e84b4a637b91cc6d9bc1280101023ee86a27f69cfa34eec1,False,"[""historical_build"", ""reference_not_ranking""]"
hdiff,cova_serial_cpu,default,same_process,observed,0.5381453130103182,hdiff,2026-09-21-npbench-cova-L,69bc8be83f9f9a380f93f396d5ccb74cb8ac4eec,True,False,6,3,True,False,db572ba94a6764cd4f333fd1c155d8498c95bfc20a8f378ce3588d5b7ef038ef,e800ed3dc8d530d7e84b4a637b91cc6d9bc1280101023ee86a27f69cfa34eec1,False,"[""historical_build"", ""reference_not_ranking""]"
heat_3d,cova_llvm_cpu,default,initialization,observed,1.9697294860088732,heat_3d,closure-step6,4ea0edb2+step6-fefd0a9c3c44,True,False,1,1,True,False,30fe858bb26413e6677f8fa2af4b685936ad2acf33485956268a9184b302da55,a81cc292224c841a9ce27e90c6d26d29c8ea5a75badeca9376911772a40bf22f,False,"[""historical_build"", ""reference_not_ranking""]"
heat_3d,cova_llvm_cpu,default,fresh_process,observed,0.16542330849915743,heat_3d,closure-step6,4ea0edb2+step6-fefd0a9c3c44,True,False,2,2,True,False,30fe858bb26413e6677f8fa2af4b685936ad2acf33485956268a9184b302da55,a81cc292224c841a9ce27e90c6d26d29c8ea5a75badeca9376911772a40bf22f,False,"[""historical_build"", ""reference_not_ranking""]"
heat_3d,cova_llvm_cpu,default,same_process,observed,0.07307295300415717,heat_3d,closure-step6,4ea0edb2+step6-fefd0a9c3c44,True,False,6,3,True,False,30fe858bb26413e6677f8fa2af4b685936ad2acf33485956268a9184b302da55,a81cc292224c841a9ce27e90c6d26d29c8ea5a75badeca9376911772a40bf22f,False,"[""historical_build"", ""reference_not_ranking""]"
heat_3d,cova_llvm_cpu_serial,default,initialization,observed,1.77240834699478,heat_3d,2026-09-21-npbench-cova-L,69bc8be83f9f9a380f93f396d5ccb74cb8ac4eec,True,False,1,1,True,False,30fe858bb26413e6677f8fa2af4b685936ad2acf33485956268a9184b302da55,a81cc292224c841a9ce27e90c6d26d29c8ea5a75badeca9376911772a40bf22f,False,"[""historical_build"", ""reference_not_ranking""]"
heat_3d,cova_llvm_cpu_serial,default,fresh_process,observed,0.09599222899851156,heat_3d,2026-09-21-npbench-cova-L,69bc8be83f9f9a380f93f396d5ccb74cb8ac4eec,True,False,2,2,True,False,30fe858bb26413e6677f8fa2af4b685936ad2acf33485956268a9184b302da55,a81cc292224c841a9ce27e90c6d26d29c8ea5a75badeca9376911772a40bf22f,False,"[""historical_build"", ""reference_not_ranking""]"
heat_3d,cova_llvm_cpu_serial,default,same_process,observed,0.08209974649798824,heat_3d,2026-09-21-npbench-cova-L,69bc8be83f9f9a380f93f396d5ccb74cb8ac4eec,True,False,6,3,True,False,30fe858bb26413e6677f8fa2af4b685936ad2acf33485956268a9184b302da55,a81cc292224c841a9ce27e90c6d26d29c8ea5a75badeca9376911772a40bf22f,False,"[""historical_build"", ""reference_not_ranking""]"
heat_3d,cova_llvm_gpu,default,initialization,observed,12.70938731599017,heat_3d,closure-step6,4ea0edb2+step6-fefd0a9c3c44,True,False,1,1,True,False,30fe858bb26413e6677f8fa2af4b685936ad2acf33485956268a9184b302da55,a81cc292224c841a9ce27e90c6d26d29c8ea5a75badeca9376911772a40bf22f,True,"[""historical_build"", ""reference_not_ranking""]"
heat_3d,cova_llvm_gpu,default,fresh_process,observed,8.511348445521435,heat_3d,closure-step6,4ea0edb2+step6-fefd0a9c3c44,True,False,2,2,True,False,30fe858bb26413e6677f8fa2af4b685936ad2acf33485956268a9184b302da55,a81cc292224c841a9ce27e90c6d26d29c8ea5a75badeca9376911772a40bf22f,True,"[""historical_build"", ""reference_not_ranking""]"
heat_3d,cova_llvm_gpu,default,same_process,observed,8.267840319487732,heat_3d,closure-step6,4ea0edb2+step6-fefd0a9c3c44,True,False,6,3,True,False,30fe858bb26413e6677f8fa2af4b685936ad2acf33485956268a9184b302da55,a81cc292224c841a9ce27e90c6d26d29c8ea5a75badeca9376911772a40bf22f,True,"[""historical_build"", ""reference_not_ranking""]"
heat_3d,cova_openmp_cpu,default,initialization,observed,2.6437346750026336,heat_3d,2026-09-21-npbench-cova-L,69bc8be83f9f9a380f93f396d5ccb74cb8ac4eec,True,False,1,1,True,False,30fe858bb26413e6677f8fa2af4b685936ad2acf33485956268a9184b302da55,a81cc292224c841a9ce27e90c6d26d29c8ea5a75badeca9376911772a40bf22f,False,"[""historical_build"", ""reference_not_ranking""]"
heat_3d,cova_openmp_cpu,default,fresh_process,observed,0.10945965400605928,heat_3d,2026-09-21-npbench-cova-L,69bc8be83f9f9a380f93f396d5ccb74cb8ac4eec,True,False,2,2,True,False,30fe858bb26413e6677f8fa2af4b685936ad2acf33485956268a9184b302da55,a81cc292224c841a9ce27e90c6d26d29c8ea5a75badeca9376911772a40bf22f,False,"[""historical_build"", ""reference_not_ranking""]"
heat_3d,cova_openmp_cpu,default,same_process,observed,0.09425296950212214,heat_3d,2026-09-21-npbench-cova-L,69bc8be83f9f9a380f93f396d5ccb74cb8ac4eec,True,False,6,3,True,False,30fe858bb26413e6677f8fa2af4b685936ad2acf33485956268a9184b302da55,a81cc292224c841a9ce27e90c6d26d29c8ea5a75badeca9376911772a40bf22f,False,"[""historical_build"", ""reference_not_ranking""]"
heat_3d,cova_openmp_gpu,default,initialization,observed,4.544270261001657,heat_3d,2026-09-21-npbench-cova-L,69bc8be83f9f9a380f93f396d5ccb74cb8ac4eec,True,False,1,1,True,False,30fe858bb26413e6677f8fa2af4b685936ad2acf33485956268a9184b302da55,a81cc292224c841a9ce27e90c6d26d29c8ea5a75badeca9376911772a40bf22f,False,"[""historical_build"", ""reference_not_ranking"", ""gpu_placement_metadata_only""]"
heat_3d,cova_openmp_gpu,default,fresh_process,observed,0.10196411299693864,heat_3d,2026-09-21-npbench-cova-L,69bc8be83f9f9a380f93f396d5ccb74cb8ac4eec,True,False,2,2,True,False,30fe858bb26413e6677f8fa2af4b685936ad2acf33485956268a9184b302da55,a81cc292224c841a9ce27e90c6d26d29c8ea5a75badeca9376911772a40bf22f,False,"[""historical_build"", ""reference_not_ranking"", ""gpu_placement_metadata_only""]"
heat_3d,cova_openmp_gpu,default,same_process,observed,0.1001379419976729,heat_3d,2026-09-21-npbench-cova-L,69bc8be83f9f9a380f93f396d5ccb74cb8ac4eec,True,False,6,3,True,False,30fe858bb26413e6677f8fa2af4b685936ad2acf33485956268a9184b302da55,a81cc292224c841a9ce27e90c6d26d29c8ea5a75badeca9376911772a40bf22f,False,"[""historical_build"", ""reference_not_ranking"", ""gpu_placement_metadata_only""]"
heat_3d,cova_serial_cpu,default,initialization,observed,2.342323919001501,heat_3d,2026-09-21-npbench-cova-L,69bc8be83f9f9a380f93f396d5ccb74cb8ac4eec,True,False,1,1,True,False,30fe858bb26413e6677f8fa2af4b685936ad2acf33485956268a9184b302da55,a81cc292224c841a9ce27e90c6d26d29c8ea5a75badeca9376911772a40bf22f,False,"[""historical_build"", ""reference_not_ranking""]"
heat_3d,cova_serial_cpu,default,fresh_process,observed,0.08977815350226592,heat_3d,2026-09-21-npbench-cova-L,69bc8be83f9f9a380f93f396d5ccb74cb8ac4eec,True,False,2,2,True,False,30fe858bb26413e6677f8fa2af4b685936ad2acf33485956268a9184b302da55,a81cc292224c841a9ce27e90c6d26d29c8ea5a75badeca9376911772a40bf22f,False,"[""historical_build"", ""reference_not_ranking""]"
heat_3d,cova_serial_cpu,default,same_process,observed,0.09180716799892252,heat_3d,2026-09-21-npbench-cova-L,69bc8be83f9f9a380f93f396d5ccb74cb8ac4eec,True,False,6,3,True,False,30fe858bb26413e6677f8fa2af4b685936ad2acf33485956268a9184b302da55,a81cc292224c841a9ce27e90c6d26d29c8ea5a75badeca9376911772a40bf22f,False,"[""historical_build"", ""reference_not_ranking""]"
jacobi_1d,cova_llvm_cpu,default,initialization,observed,2.3667287380085327,jacobi_1d,closure-step6,4ea0edb2+step6-fefd0a9c3c44,True,False,1,1,True,False,dd2d6ec412835edbbe4a018d3544e156d3fdd08552a444b52727b05fa47d8a06,16a5a1662f12689fbf187fbb656ac8e1d9c5d1f78efc866cd0f41cf46b753592,False,"[""historical_build"", ""reference_not_ranking""]"
jacobi_1d,cova_llvm_cpu,default,fresh_process,observed,1.3039551965048304,jacobi_1d,closure-step6,4ea0edb2+step6-fefd0a9c3c44,True,False,2,2,True,False,dd2d6ec412835edbbe4a018d3544e156d3fdd08552a444b52727b05fa47d8a06,16a5a1662f12689fbf187fbb656ac8e1d9c5d1f78efc866cd0f41cf46b753592,False,"[""historical_build"", ""reference_not_ranking""]"
jacobi_1d,cova_llvm_cpu,default,same_process,observed,0.956948631501291,jacobi_1d,closure-step6,4ea0edb2+step6-fefd0a9c3c44,True,False,6,3,True,False,dd2d6ec412835edbbe4a018d3544e156d3fdd08552a444b52727b05fa47d8a06,16a5a1662f12689fbf187fbb656ac8e1d9c5d1f78efc866cd0f41cf46b753592,False,"[""historical_build"", ""reference_not_ranking""]"
jacobi_1d,cova_llvm_cpu_serial,default,initialization,observed,8.825020682008471,jacobi_1d,2026-09-21-npbench-cova-L,69bc8be83f9f9a380f93f396d5ccb74cb8ac4eec,True,False,1,1,True,False,dd2d6ec412835edbbe4a018d3544e156d3fdd08552a444b52727b05fa47d8a06,16a5a1662f12689fbf187fbb656ac8e1d9c5d1f78efc866cd0f41cf46b753592,False,"[""historical_build"", ""reference_not_ranking""]"
jacobi_1d,cova_llvm_cpu_serial,default,fresh_process,observed,6.8001475560013205,jacobi_1d,2026-09-21-npbench-cova-L,69bc8be83f9f9a380f93f396d5ccb74cb8ac4eec,True,False,2,2,True,False,dd2d6ec412835edbbe4a018d3544e156d3fdd08552a444b52727b05fa47d8a06,16a5a1662f12689fbf187fbb656ac8e1d9c5d1f78efc866cd0f41cf46b753592,False,"[""historical_build"", ""reference_not_ranking""]"
jacobi_1d,cova_llvm_cpu_serial,default,same_process,observed,6.589779633497528,jacobi_1d,2026-09-21-npbench-cova-L,69bc8be83f9f9a380f93f396d5ccb74cb8ac4eec,True,False,6,3,True,False,dd2d6ec412835edbbe4a018d3544e156d3fdd08552a444b52727b05fa47d8a06,16a5a1662f12689fbf187fbb656ac8e1d9c5d1f78efc866cd0f41cf46b753592,False,"[""historical_build"", ""reference_not_ranking""]"
jacobi_1d,cova_llvm_gpu,default,initialization,observed,17.357300706004025,jacobi_1d,closure-step6,4ea0edb2+step6-fefd0a9c3c44,True,False,1,1,True,False,dd2d6ec412835edbbe4a018d3544e156d3fdd08552a444b52727b05fa47d8a06,16a5a1662f12689fbf187fbb656ac8e1d9c5d1f78efc866cd0f41cf46b753592,True,"[""historical_build"", ""reference_not_ranking""]"
jacobi_1d,cova_llvm_gpu,default,fresh_process,observed,12.944691899479949,jacobi_1d,closure-step6,4ea0edb2+step6-fefd0a9c3c44,True,False,2,2,True,False,dd2d6ec412835edbbe4a018d3544e156d3fdd08552a444b52727b05fa47d8a06,16a5a1662f12689fbf187fbb656ac8e1d9c5d1f78efc866cd0f41cf46b753592,True,"[""historical_build"", ""reference_not_ranking""]"
jacobi_1d,cova_llvm_gpu,default,same_process,observed,12.49442045399337,jacobi_1d,closure-step6,4ea0edb2+step6-fefd0a9c3c44,True,False,6,3,True,False,dd2d6ec412835edbbe4a018d3544e156d3fdd08552a444b52727b05fa47d8a06,16a5a1662f12689fbf187fbb656ac8e1d9c5d1f78efc866cd0f41cf46b753592,True,"[""historical_build"", ""reference_not_ranking""]"
jacobi_1d,cova_openmp_cpu,default,initialization,observed,3.157998933995259,jacobi_1d,2026-09-21-npbench-cova-L,69bc8be83f9f9a380f93f396d5ccb74cb8ac4eec,True,False,1,1,True,False,dd2d6ec412835edbbe4a018d3544e156d3fdd08552a444b52727b05fa47d8a06,16a5a1662f12689fbf187fbb656ac8e1d9c5d1f78efc866cd0f41cf46b753592,False,"[""historical_build"", ""reference_not_ranking""]"
jacobi_1d,cova_openmp_cpu,default,fresh_process,observed,0.9160687139956281,jacobi_1d,2026-09-21-npbench-cova-L,69bc8be83f9f9a380f93f396d5ccb74cb8ac4eec,True,False,2,2,True,False,dd2d6ec412835edbbe4a018d3544e156d3fdd08552a444b52727b05fa47d8a06,16a5a1662f12689fbf187fbb656ac8e1d9c5d1f78efc866cd0f41cf46b753592,False,"[""historical_build"", ""reference_not_ranking""]"
jacobi_1d,cova_openmp_cpu,default,same_process,observed,0.9686081769978045,jacobi_1d,2026-09-21-npbench-cova-L,69bc8be83f9f9a380f93f396d5ccb74cb8ac4eec,True,False,6,3,True,False,dd2d6ec412835edbbe4a018d3544e156d3fdd08552a444b52727b05fa47d8a06,16a5a1662f12689fbf187fbb656ac8e1d9c5d1f78efc866cd0f41cf46b753592,False,"[""historical_build"", ""reference_not_ranking""]"
jacobi_1d,cova_openmp_gpu,default,initialization,observed,5.090543433994753,jacobi_1d,2026-09-21-npbench-cova-L,69bc8be83f9f9a380f93f396d5ccb74cb8ac4eec,True,False,1,1,True,False,dd2d6ec412835edbbe4a018d3544e156d3fdd08552a444b52727b05fa47d8a06,16a5a1662f12689fbf187fbb656ac8e1d9c5d1f78efc866cd0f41cf46b753592,False,"[""historical_build"", ""reference_not_ranking"", ""gpu_placement_metadata_only""]"
jacobi_1d,cova_openmp_gpu,default,fresh_process,observed,0.8588805879990105,jacobi_1d,2026-09-21-npbench-cova-L,69bc8be83f9f9a380f93f396d5ccb74cb8ac4eec,True,False,2,2,True,False,dd2d6ec412835edbbe4a018d3544e156d3fdd08552a444b52727b05fa47d8a06,16a5a1662f12689fbf187fbb656ac8e1d9c5d1f78efc866cd0f41cf46b753592,False,"[""historical_build"", ""reference_not_ranking"", ""gpu_placement_metadata_only""]"
jacobi_1d,cova_openmp_gpu,default,same_process,observed,0.8254696235017036,jacobi_1d,2026-09-21-npbench-cova-L,69bc8be83f9f9a380f93f396d5ccb74cb8ac4eec,True,False,6,3,True,False,dd2d6ec412835edbbe4a018d3544e156d3fdd08552a444b52727b05fa47d8a06,16a5a1662f12689fbf187fbb656ac8e1d9c5d1f78efc866cd0f41cf46b753592,False,"[""historical_build"", ""reference_not_ranking"", ""gpu_placement_metadata_only""]"
jacobi_1d,cova_serial_cpu,default,initialization,observed,2.8561368369992124,jacobi_1d,2026-09-21-npbench-cova-L,69bc8be83f9f9a380f93f396d5ccb74cb8ac4eec,True,False,1,1,True,False,dd2d6ec412835edbbe4a018d3544e156d3fdd08552a444b52727b05fa47d8a06,16a5a1662f12689fbf187fbb656ac8e1d9c5d1f78efc866cd0f41cf46b753592,False,"[""historical_build"", ""reference_not_ranking""]"
jacobi_1d,cova_serial_cpu,default,fresh_process,observed,0.8618168210014119,jacobi_1d,2026-09-21-npbench-cova-L,69bc8be83f9f9a380f93f396d5ccb74cb8ac4eec,True,False,2,2,True,False,dd2d6ec412835edbbe4a018d3544e156d3fdd08552a444b52727b05fa47d8a06,16a5a1662f12689fbf187fbb656ac8e1d9c5d1f78efc866cd0f41cf46b753592,False,"[""historical_build"", ""reference_not_ranking""]"
jacobi_1d,cova_serial_cpu,default,same_process,observed,0.9618127325011301,jacobi_1d,2026-09-21-npbench-cova-L,69bc8be83f9f9a380f93f396d5ccb74cb8ac4eec,True,False,6,3,True,False,dd2d6ec412835edbbe4a018d3544e156d3fdd08552a444b52727b05fa47d8a06,16a5a1662f12689fbf187fbb656ac8e1d9c5d1f78efc866cd0f41cf46b753592,False,"[""historical_build"", ""reference_not_ranking""]"
jacobi_2d,cova_llvm_cpu,default,initialization,observed,2.207841269002529,jacobi_2d,closure-step6,4ea0edb2+step6-fefd0a9c3c44,True,False,1,1,True,False,bb0f1b25c2ede622f6875f9761e2dec03fcebb4785d6110e5288554d5cfdd9f9,88fcc37626b242ba2751f475ada3090117847e04203daddbc9456f9d0e7e584d,False,"[""historical_build"", ""reference_not_ranking""]"
jacobi_2d,cova_llvm_cpu,default,fresh_process,observed,0.12042854499304667,jacobi_2d,closure-step6,4ea0edb2+step6-fefd0a9c3c44,True,False,2,2,True,False,bb0f1b25c2ede622f6875f9761e2dec03fcebb4785d6110e5288554d5cfdd9f9,88fcc37626b242ba2751f475ada3090117847e04203daddbc9456f9d0e7e584d,False,"[""historical_build"", ""reference_not_ranking""]"
jacobi_2d,cova_llvm_cpu,default,same_process,observed,0.1456482265057275,jacobi_2d,closure-step6,4ea0edb2+step6-fefd0a9c3c44,True,False,6,3,True,False,bb0f1b25c2ede622f6875f9761e2dec03fcebb4785d6110e5288554d5cfdd9f9,88fcc37626b242ba2751f475ada3090117847e04203daddbc9456f9d0e7e584d,False,"[""historical_build"", ""reference_not_ranking""]"
jacobi_2d,cova_llvm_cpu_serial,default,initialization,observed,2.0016869680111995,jacobi_2d,2026-09-21-npbench-cova-L,69bc8be83f9f9a380f93f396d5ccb74cb8ac4eec,True,False,1,1,True,False,bb0f1b25c2ede622f6875f9761e2dec03fcebb4785d6110e5288554d5cfdd9f9,88fcc37626b242ba2751f475ada3090117847e04203daddbc9456f9d0e7e584d,False,"[""historical_build"", ""reference_not_ranking""]"
jacobi_2d,cova_llvm_cpu_serial,default,fresh_process,observed,0.14019291400472866,jacobi_2d,2026-09-21-npbench-cova-L,69bc8be83f9f9a380f93f396d5ccb74cb8ac4eec,True,False,2,2,True,False,bb0f1b25c2ede622f6875f9761e2dec03fcebb4785d6110e5288554d5cfdd9f9,88fcc37626b242ba2751f475ada3090117847e04203daddbc9456f9d0e7e584d,False,"[""historical_build"", ""reference_not_ranking""]"
jacobi_2d,cova_llvm_cpu_serial,default,same_process,observed,0.16202399000758305,jacobi_2d,2026-09-21-npbench-cova-L,69bc8be83f9f9a380f93f396d5ccb74cb8ac4eec,True,False,6,3,True,False,bb0f1b25c2ede622f6875f9761e2dec03fcebb4785d6110e5288554d5cfdd9f9,88fcc37626b242ba2751f475ada3090117847e04203daddbc9456f9d0e7e584d,False,"[""historical_build"", ""reference_not_ranking""]"
jacobi_2d,cova_llvm_gpu,default,initialization,observed,24.95902996600489,jacobi_2d,closure-step6,4ea0edb2+step6-fefd0a9c3c44,True,False,1,1,True,False,bb0f1b25c2ede622f6875f9761e2dec03fcebb4785d6110e5288554d5cfdd9f9,88fcc37626b242ba2751f475ada3090117847e04203daddbc9456f9d0e7e584d,True,"[""historical_build"", ""reference_not_ranking""]"
jacobi_2d,cova_llvm_gpu,default,fresh_process,observed,20.97982087850687,jacobi_2d,closure-step6,4ea0edb2+step6-fefd0a9c3c44,True,False,2,2,True,False,bb0f1b25c2ede622f6875f9761e2dec03fcebb4785d6110e5288554d5cfdd9f9,88fcc37626b242ba2751f475ada3090117847e04203daddbc9456f9d0e7e584d,True,"[""historical_build"", ""reference_not_ranking""]"
jacobi_2d,cova_llvm_gpu,default,same_process,observed,20.714158233982744,jacobi_2d,closure-step6,4ea0edb2+step6-fefd0a9c3c44,True,False,6,3,True,False,bb0f1b25c2ede622f6875f9761e2dec03fcebb4785d6110e5288554d5cfdd9f9,88fcc37626b242ba2751f475ada3090117847e04203daddbc9456f9d0e7e584d,True,"[""historical_build"", ""reference_not_ranking""]"
jacobi_2d,cova_openmp_cpu,default,initialization,observed,2.5571536799980095,jacobi_2d,2026-09-21-npbench-cova-L,69bc8be83f9f9a380f93f396d5ccb74cb8ac4eec,True,False,1,1,True,False,bb0f1b25c2ede622f6875f9761e2dec03fcebb4785d6110e5288554d5cfdd9f9,88fcc37626b242ba2751f475ada3090117847e04203daddbc9456f9d0e7e584d,False,"[""historical_build"", ""reference_not_ranking""]"
jacobi_2d,cova_openmp_cpu,default,fresh_process,observed,0.13891897799476283,jacobi_2d,2026-09-21-npbench-cova-L,69bc8be83f9f9a380f93f396d5ccb74cb8ac4eec,True,False,2,2,True,False,bb0f1b25c2ede622f6875f9761e2dec03fcebb4785d6110e5288554d5cfdd9f9,88fcc37626b242ba2751f475ada3090117847e04203daddbc9456f9d0e7e584d,False,"[""historical_build"", ""reference_not_ranking""]"
jacobi_2d,cova_openmp_cpu,default,same_process,observed,0.15927487700537313,jacobi_2d,2026-09-21-npbench-cova-L,69bc8be83f9f9a380f93f396d5ccb74cb8ac4eec,True,False,6,3,True,False,bb0f1b25c2ede622f6875f9761e2dec03fcebb4785d6110e5288554d5cfdd9f9,88fcc37626b242ba2751f475ada3090117847e04203daddbc9456f9d0e7e584d,False,"[""historical_build"", ""reference_not_ranking""]"
jacobi_2d,cova_openmp_gpu,default,initialization,observed,4.231837648010696,jacobi_2d,2026-09-21-npbench-cova-L,69bc8be83f9f9a380f93f396d5ccb74cb8ac4eec,True,False,1,1,True,False,bb0f1b25c2ede622f6875f9761e2dec03fcebb4785d6110e5288554d5cfdd9f9,88fcc37626b242ba2751f475ada3090117847e04203daddbc9456f9d0e7e584d,False,"[""historical_build"", ""reference_not_ranking"", ""gpu_placement_metadata_only""]"
jacobi_2d,cova_openmp_gpu,default,fresh_process,observed,0.14899534799769754,jacobi_2d,2026-09-21-npbench-cova-L,69bc8be83f9f9a380f93f396d5ccb74cb8ac4eec,True,False,2,2,True,False,bb0f1b25c2ede622f6875f9761e2dec03fcebb4785d6110e5288554d5cfdd9f9,88fcc37626b242ba2751f475ada3090117847e04203daddbc9456f9d0e7e584d,False,"[""historical_build"", ""reference_not_ranking"", ""gpu_placement_metadata_only""]"
jacobi_2d,cova_openmp_gpu,default,same_process,observed,0.17299912599264644,jacobi_2d,2026-09-21-npbench-cova-L,69bc8be83f9f9a380f93f396d5ccb74cb8ac4eec,True,False,6,3,True,False,bb0f1b25c2ede622f6875f9761e2dec03fcebb4785d6110e5288554d5cfdd9f9,88fcc37626b242ba2751f475ada3090117847e04203daddbc9456f9d0e7e584d,False,"[""historical_build"", ""reference_not_ranking"", ""gpu_placement_metadata_only""]"
jacobi_2d,cova_serial_cpu,default,initialization,observed,2.25830414200027,jacobi_2d,2026-09-21-npbench-cova-L,69bc8be83f9f9a380f93f396d5ccb74cb8ac4eec,True,False,1,1,True,False,bb0f1b25c2ede622f6875f9761e2dec03fcebb4785d6110e5288554d5cfdd9f9,88fcc37626b242ba2751f475ada3090117847e04203daddbc9456f9d0e7e584d,False,"[""historical_build"", ""reference_not_ranking""]"
jacobi_2d,cova_serial_cpu,default,fresh_process,observed,0.15856701199663803,jacobi_2d,2026-09-21-npbench-cova-L,69bc8be83f9f9a380f93f396d5ccb74cb8ac4eec,True,False,2,2,True,False,bb0f1b25c2ede622f6875f9761e2dec03fcebb4785d6110e5288554d5cfdd9f9,88fcc37626b242ba2751f475ada3090117847e04203daddbc9456f9d0e7e584d,False,"[""historical_build"", ""reference_not_ranking""]"
jacobi_2d,cova_serial_cpu,default,same_process,observed,0.16593073200056097,jacobi_2d,2026-09-21-npbench-cova-L,69bc8be83f9f9a380f93f396d5ccb74cb8ac4eec,True,False,6,3,True,False,bb0f1b25c2ede622f6875f9761e2dec03fcebb4785d6110e5288554d5cfdd9f9,88fcc37626b242ba2751f475ada3090117847e04203daddbc9456f9d0e7e584d,False,"[""historical_build"", ""reference_not_ranking""]"
k2mm,cova_llvm_cpu,default,initialization,observed,8.475726574019063,k2mm,closure-step6,4ea0edb2+step6-fefd0a9c3c44,True,False,1,1,True,False,f489fedc570b7b5da546ee0999db718675f9a6e714d3093820decf3f58d34325,65b07e1d7f5fdc00459ebb8a02ae0881674135e9bd7f454489c2d204e291d7ea,False,"[""historical_build"", ""reference_not_ranking""]"
k2mm,cova_llvm_cpu,default,fresh_process,observed,3.0810419890040066,k2mm,closure-step6,4ea0edb2+step6-fefd0a9c3c44,True,False,2,2,True,False,f489fedc570b7b5da546ee0999db718675f9a6e714d3093820decf3f58d34325,65b07e1d7f5fdc00459ebb8a02ae0881674135e9bd7f454489c2d204e291d7ea,False,"[""historical_build"", ""reference_not_ranking""]"
k2mm,cova_llvm_cpu,default,same_process,observed,2.737407240012544,k2mm,closure-step6,4ea0edb2+step6-fefd0a9c3c44,True,False,6,3,True,False,f489fedc570b7b5da546ee0999db718675f9a6e714d3093820decf3f58d34325,65b07e1d7f5fdc00459ebb8a02ae0881674135e9bd7f454489c2d204e291d7ea,False,"[""historical_build"", ""reference_not_ranking""]"
k2mm,cova_llvm_cpu_serial,default,initialization,observed,6.8614955700031715,k2mm,2026-09-21-npbench-cova-L,69bc8be83f9f9a380f93f396d5ccb74cb8ac4eec,True,False,1,1,True,False,f489fedc570b7b5da546ee0999db718675f9a6e714d3093820decf3f58d34325,65b07e1d7f5fdc00459ebb8a02ae0881674135e9bd7f454489c2d204e291d7ea,False,"[""historical_build"", ""reference_not_ranking""]"
k2mm,cova_llvm_cpu_serial,default,fresh_process,observed,3.1601935005019186,k2mm,2026-09-21-npbench-cova-L,69bc8be83f9f9a380f93f396d5ccb74cb8ac4eec,True,False,2,2,True,False,f489fedc570b7b5da546ee0999db718675f9a6e714d3093820decf3f58d34325,65b07e1d7f5fdc00459ebb8a02ae0881674135e9bd7f454489c2d204e291d7ea,False,"[""historical_build"", ""reference_not_ranking""]"
k2mm,cova_llvm_cpu_serial,default,same_process,observed,2.808051106003404,k2mm,2026-09-21-npbench-cova-L,69bc8be83f9f9a380f93f396d5ccb74cb8ac4eec,True,False,6,3,True,False,f489fedc570b7b5da546ee0999db718675f9a6e714d3093820decf3f58d34325,65b07e1d7f5fdc00459ebb8a02ae0881674135e9bd7f454489c2d204e291d7ea,False,"[""historical_build"", ""reference_not_ranking""]"
k2mm,cova_llvm_gpu,default,initialization,observed,7.499678122985642,k2mm,closure-step6,4ea0edb2+step6-fefd0a9c3c44,True,False,1,1,True,False,f489fedc570b7b5da546ee0999db718675f9a6e714d3093820decf3f58d34325,65b07e1d7f5fdc00459ebb8a02ae0881674135e9bd7f454489c2d204e291d7ea,True,"[""historical_build"", ""reference_not_ranking""]"
k2mm,cova_llvm_gpu,default,fresh_process,observed,0.7388658529962413,k2mm,closure-step6,4ea0edb2+step6-fefd0a9c3c44,True,False,2,2,True,False,f489fedc570b7b5da546ee0999db718675f9a6e714d3093820decf3f58d34325,65b07e1d7f5fdc00459ebb8a02ae0881674135e9bd7f454489c2d204e291d7ea,True,"[""historical_build"", ""reference_not_ranking""]"
k2mm,cova_llvm_gpu,default,same_process,observed,0.40971789800096303,k2mm,closure-step6,4ea0edb2+step6-fefd0a9c3c44,True,False,6,3,True,False,f489fedc570b7b5da546ee0999db718675f9a6e714d3093820decf3f58d34325,65b07e1d7f5fdc00459ebb8a02ae0881674135e9bd7f454489c2d204e291d7ea,True,"[""historical_build"", ""reference_not_ranking""]"
k2mm,cova_openmp_cpu,default,initialization,observed,32.549788046002504,k2mm,2026-09-21-npbench-cova-L,69bc8be83f9f9a380f93f396d5ccb74cb8ac4eec,True,False,1,1,True,False,f489fedc570b7b5da546ee0999db718675f9a6e714d3093820decf3f58d34325,65b07e1d7f5fdc00459ebb8a02ae0881674135e9bd7f454489c2d204e291d7ea,False,"[""historical_build"", ""reference_not_ranking""]"
k2mm,cova_openmp_cpu,default,fresh_process,observed,29.953532943996834,k2mm,2026-09-21-npbench-cova-L,69bc8be83f9f9a380f93f396d5ccb74cb8ac4eec,True,False,2,2,True,False,f489fedc570b7b5da546ee0999db718675f9a6e714d3093820decf3f58d34325,65b07e1d7f5fdc00459ebb8a02ae0881674135e9bd7f454489c2d204e291d7ea,False,"[""historical_build"", ""reference_not_ranking""]"
k2mm,cova_openmp_cpu,default,same_process,observed,31.110252740501892,k2mm,2026-09-21-npbench-cova-L,69bc8be83f9f9a380f93f396d5ccb74cb8ac4eec,True,False,6,3,True,False,f489fedc570b7b5da546ee0999db718675f9a6e714d3093820decf3f58d34325,65b07e1d7f5fdc00459ebb8a02ae0881674135e9bd7f454489c2d204e291d7ea,False,"[""historical_build"", ""reference_not_ranking""]"
k2mm,cova_openmp_gpu,default,initialization,observed,7.343253283994272,k2mm,2026-09-21-npbench-cova-L,69bc8be83f9f9a380f93f396d5ccb74cb8ac4eec,True,False,1,1,True,False,f489fedc570b7b5da546ee0999db718675f9a6e714d3093820decf3f58d34325,65b07e1d7f5fdc00459ebb8a02ae0881674135e9bd7f454489c2d204e291d7ea,False,"[""historical_build"", ""reference_not_ranking"", ""gpu_placement_metadata_only""]"
k2mm,cova_openmp_gpu,default,fresh_process,observed,0.8867192760008038,k2mm,2026-09-21-npbench-cova-L,69bc8be83f9f9a380f93f396d5ccb74cb8ac4eec,True,False,2,2,True,False,f489fedc570b7b5da546ee0999db718675f9a6e714d3093820decf3f58d34325,65b07e1d7f5fdc00459ebb8a02ae0881674135e9bd7f454489c2d204e291d7ea,False,"[""historical_build"", ""reference_not_ranking"", ""gpu_placement_metadata_only""]"
k2mm,cova_openmp_gpu,default,same_process,observed,0.6114479539974127,k2mm,2026-09-21-npbench-cova-L,69bc8be83f9f9a380f93f396d5ccb74cb8ac4eec,True,False,6,3,True,False,f489fedc570b7b5da546ee0999db718675f9a6e714d3093820decf3f58d34325,65b07e1d7f5fdc00459ebb8a02ae0881674135e9bd7f454489c2d204e291d7ea,False,"[""historical_build"", ""reference_not_ranking"", ""gpu_placement_metadata_only""]"
k2mm,cova_serial_cpu,default,initialization,observed,201.11135122600535,k2mm,2026-09-21-npbench-cova-L,69bc8be83f9f9a380f93f396d5ccb74cb8ac4eec,True,False,1,1,True,False,f489fedc570b7b5da546ee0999db718675f9a6e714d3093820decf3f58d34325,65b07e1d7f5fdc00459ebb8a02ae0881674135e9bd7f454489c2d204e291d7ea,False,"[""historical_build"", ""reference_not_ranking""]"
k2mm,cova_serial_cpu,default,fresh_process,observed,181.634604119492,k2mm,2026-09-21-npbench-cova-L,69bc8be83f9f9a380f93f396d5ccb74cb8ac4eec,True,False,2,2,True,False,f489fedc570b7b5da546ee0999db718675f9a6e714d3093820decf3f58d34325,65b07e1d7f5fdc00459ebb8a02ae0881674135e9bd7f454489c2d204e291d7ea,False,"[""historical_build"", ""reference_not_ranking""]"
k2mm,cova_serial_cpu,default,same_process,observed,166.77559681100684,k2mm,2026-09-21-npbench-cova-L,69bc8be83f9f9a380f93f396d5ccb74cb8ac4eec,True,False,6,3,True,False,f489fedc570b7b5da546ee0999db718675f9a6e714d3093820decf3f58d34325,65b07e1d7f5fdc00459ebb8a02ae0881674135e9bd7f454489c2d204e291d7ea,False,"[""historical_build"", ""reference_not_ranking""]"
k3mm,cova_llvm_cpu,default,initialization,observed,9.46458263398381,k3mm,closure-step6,4ea0edb2+step6-fefd0a9c3c44,True,False,1,1,True,False,4e368169475a2a62e9d6b60f9f0f38731e82923b1a6bcbfe2a2be25f4a23617d,aad0bebb7814a2ecba71c57046d8003bc43cb0f8e9f62fa7a3c5da967acf1885,False,"[""historical_build"", ""reference_not_ranking""]"
k3mm,cova_llvm_cpu,default,fresh_process,observed,3.9947274584992556,k3mm,closure-step6,4ea0edb2+step6-fefd0a9c3c44,True,False,2,2,True,False,4e368169475a2a62e9d6b60f9f0f38731e82923b1a6bcbfe2a2be25f4a23617d,aad0bebb7814a2ecba71c57046d8003bc43cb0f8e9f62fa7a3c5da967acf1885,False,"[""historical_build"", ""reference_not_ranking""]"
k3mm,cova_llvm_cpu,default,same_process,observed,3.4002896365127526,k3mm,closure-step6,4ea0edb2+step6-fefd0a9c3c44,True,False,6,3,True,False,4e368169475a2a62e9d6b60f9f0f38731e82923b1a6bcbfe2a2be25f4a23617d,aad0bebb7814a2ecba71c57046d8003bc43cb0f8e9f62fa7a3c5da967acf1885,False,"[""historical_build"", ""reference_not_ranking""]"
k3mm,cova_llvm_cpu_serial,default,initialization,observed,7.568697088994668,k3mm,2026-09-21-npbench-cova-L,69bc8be83f9f9a380f93f396d5ccb74cb8ac4eec,True,False,1,1,True,False,4e368169475a2a62e9d6b60f9f0f38731e82923b1a6bcbfe2a2be25f4a23617d,aad0bebb7814a2ecba71c57046d8003bc43cb0f8e9f62fa7a3c5da967acf1885,False,"[""historical_build"", ""reference_not_ranking""]"
k3mm,cova_llvm_cpu_serial,default,fresh_process,observed,3.8669145759995445,k3mm,2026-09-21-npbench-cova-L,69bc8be83f9f9a380f93f396d5ccb74cb8ac4eec,True,False,2,2,True,False,4e368169475a2a62e9d6b60f9f0f38731e82923b1a6bcbfe2a2be25f4a23617d,aad0bebb7814a2ecba71c57046d8003bc43cb0f8e9f62fa7a3c5da967acf1885,False,"[""historical_build"", ""reference_not_ranking""]"
k3mm,cova_llvm_cpu_serial,default,same_process,observed,3.4089058765021036,k3mm,2026-09-21-npbench-cova-L,69bc8be83f9f9a380f93f396d5ccb74cb8ac4eec,True,False,6,3,True,False,4e368169475a2a62e9d6b60f9f0f38731e82923b1a6bcbfe2a2be25f4a23617d,aad0bebb7814a2ecba71c57046d8003bc43cb0f8e9f62fa7a3c5da967acf1885,False,"[""historical_build"", ""reference_not_ranking""]"
k3mm,cova_llvm_gpu,default,initialization,observed,7.262988686998142,k3mm,closure-step6,4ea0edb2+step6-fefd0a9c3c44,True,False,1,1,True,False,4e368169475a2a62e9d6b60f9f0f38731e82923b1a6bcbfe2a2be25f4a23617d,aad0bebb7814a2ecba71c57046d8003bc43cb0f8e9f62fa7a3c5da967acf1885,True,"[""historical_build"", ""reference_not_ranking""]"
k3mm,cova_llvm_gpu,default,fresh_process,observed,0.7787238945020363,k3mm,closure-step6,4ea0edb2+step6-fefd0a9c3c44,True,False,2,2,True,False,4e368169475a2a62e9d6b60f9f0f38731e82923b1a6bcbfe2a2be25f4a23617d,aad0bebb7814a2ecba71c57046d8003bc43cb0f8e9f62fa7a3c5da967acf1885,True,"[""historical_build"", ""reference_not_ranking""]"
k3mm,cova_llvm_gpu,default,same_process,observed,0.44012093798664864,k3mm,closure-step6,4ea0edb2+step6-fefd0a9c3c44,True,False,6,3,True,False,4e368169475a2a62e9d6b60f9f0f38731e82923b1a6bcbfe2a2be25f4a23617d,aad0bebb7814a2ecba71c57046d8003bc43cb0f8e9f62fa7a3c5da967acf1885,True,"[""historical_build"", ""reference_not_ranking""]"
k3mm,cova_openmp_cpu,default,initialization,observed,51.029978721999214,k3mm,2026-09-21-npbench-cova-L,69bc8be83f9f9a380f93f396d5ccb74cb8ac4eec,True,False,1,1,True,False,4e368169475a2a62e9d6b60f9f0f38731e82923b1a6bcbfe2a2be25f4a23617d,aad0bebb7814a2ecba71c57046d8003bc43cb0f8e9f62fa7a3c5da967acf1885,False,"[""historical_build"", ""reference_not_ranking""]"
k3mm,cova_openmp_cpu,default,fresh_process,observed,41.78869409250183,k3mm,2026-09-21-npbench-cova-L,69bc8be83f9f9a380f93f396d5ccb74cb8ac4eec,True,False,2,2,True,False,4e368169475a2a62e9d6b60f9f0f38731e82923b1a6bcbfe2a2be25f4a23617d,aad0bebb7814a2ecba71c57046d8003bc43cb0f8e9f62fa7a3c5da967acf1885,False,"[""historical_build"", ""reference_not_ranking""]"
k3mm,cova_openmp_cpu,default,same_process,observed,49.40972964451066,k3mm,2026-09-21-npbench-cova-L,69bc8be83f9f9a380f93f396d5ccb74cb8ac4eec,True,False,6,3,True,False,4e368169475a2a62e9d6b60f9f0f38731e82923b1a6bcbfe2a2be25f4a23617d,aad0bebb7814a2ecba71c57046d8003bc43cb0f8e9f62fa7a3c5da967acf1885,False,"[""historical_build"", ""reference_not_ranking""]"
k3mm,cova_openmp_gpu,default,initialization,observed,6.90823487599846,k3mm,2026-09-21-npbench-cova-L,69bc8be83f9f9a380f93f396d5ccb74cb8ac4eec,True,False,1,1,True,False,4e368169475a2a62e9d6b60f9f0f38731e82923b1a6bcbfe2a2be25f4a23617d,aad0bebb7814a2ecba71c57046d8003bc43cb0f8e9f62fa7a3c5da967acf1885,False,"[""historical_build"", ""reference_not_ranking"", ""gpu_placement_metadata_only""]"
k3mm,cova_openmp_gpu,default,fresh_process,observed,0.7168708415047149,k3mm,2026-09-21-npbench-cova-L,69bc8be83f9f9a380f93f396d5ccb74cb8ac4eec,True,False,2,2,True,False,4e368169475a2a62e9d6b60f9f0f38731e82923b1a6bcbfe2a2be25f4a23617d,aad0bebb7814a2ecba71c57046d8003bc43cb0f8e9f62fa7a3c5da967acf1885,False,"[""historical_build"", ""reference_not_ranking"", ""gpu_placement_metadata_only""]"
k3mm,cova_openmp_gpu,default,same_process,observed,0.32937514850345906,k3mm,2026-09-21-npbench-cova-L,69bc8be83f9f9a380f93f396d5ccb74cb8ac4eec,True,False,6,3,True,False,4e368169475a2a62e9d6b60f9f0f38731e82923b1a6bcbfe2a2be25f4a23617d,aad0bebb7814a2ecba71c57046d8003bc43cb0f8e9f62fa7a3c5da967acf1885,False,"[""historical_build"", ""reference_not_ranking"", ""gpu_placement_metadata_only""]"
k3mm,cova_serial_cpu,default,initialization,observed,253.02816162600357,k3mm,2026-09-21-npbench-cova-L,69bc8be83f9f9a380f93f396d5ccb74cb8ac4eec,True,False,1,1,True,False,4e368169475a2a62e9d6b60f9f0f38731e82923b1a6bcbfe2a2be25f4a23617d,aad0bebb7814a2ecba71c57046d8003bc43cb0f8e9f62fa7a3c5da967acf1885,False,"[""historical_build"", ""reference_not_ranking""]"
k3mm,cova_serial_cpu,default,fresh_process,observed,239.36641758199403,k3mm,2026-09-21-npbench-cova-L,69bc8be83f9f9a380f93f396d5ccb74cb8ac4eec,True,False,2,2,True,False,4e368169475a2a62e9d6b60f9f0f38731e82923b1a6bcbfe2a2be25f4a23617d,aad0bebb7814a2ecba71c57046d8003bc43cb0f8e9f62fa7a3c5da967acf1885,False,"[""historical_build"", ""reference_not_ranking""]"
k3mm,cova_serial_cpu,default,same_process,observed,236.61180720200355,k3mm,2026-09-21-npbench-cova-L,69bc8be83f9f9a380f93f396d5ccb74cb8ac4eec,True,False,6,3,True,False,4e368169475a2a62e9d6b60f9f0f38731e82923b1a6bcbfe2a2be25f4a23617d,aad0bebb7814a2ecba71c57046d8003bc43cb0f8e9f62fa7a3c5da967acf1885,False,"[""historical_build"", ""reference_not_ranking""]"
lenet,cova_llvm_cpu,default,initialization,observed,10.009093400003621,lenet,closure-step6,4ea0edb2+step6-fefd0a9c3c44,True,False,1,1,True,False,c03e6ed4aa80ca847e538ab41f9b22060f454237935c67944c81ced7dd93a48b,914661bfde93da5c2e7b1ef256bf97775e395b5980f08a299cd8040e92c0b6ea,False,"[""historical_build"", ""reference_not_ranking""]"
lenet,cova_llvm_cpu,default,fresh_process,observed,0.39828985098574776,lenet,closure-step6,4ea0edb2+step6-fefd0a9c3c44,True,False,2,2,True,False,c03e6ed4aa80ca847e538ab41f9b22060f454237935c67944c81ced7dd93a48b,914661bfde93da5c2e7b1ef256bf97775e395b5980f08a299cd8040e92c0b6ea,False,"[""historical_build"", ""reference_not_ranking""]"
lenet,cova_llvm_cpu,default,same_process,observed,0.11912047548685223,lenet,closure-step6,4ea0edb2+step6-fefd0a9c3c44,True,False,6,3,True,False,c03e6ed4aa80ca847e538ab41f9b22060f454237935c67944c81ced7dd93a48b,914661bfde93da5c2e7b1ef256bf97775e395b5980f08a299cd8040e92c0b6ea,False,"[""historical_build"", ""reference_not_ranking""]"
lenet,cova_llvm_cpu_serial,default,initialization,observed,7.76113779800653,lenet,2026-09-21-npbench-cova-L,69bc8be83f9f9a380f93f396d5ccb74cb8ac4eec,True,False,1,1,True,False,c03e6ed4aa80ca847e538ab41f9b22060f454237935c67944c81ced7dd93a48b,914661bfde93da5c2e7b1ef256bf97775e395b5980f08a299cd8040e92c0b6ea,False,"[""historical_build"", ""reference_not_ranking""]"
lenet,cova_llvm_cpu_serial,default,fresh_process,observed,0.7739724345010472,lenet,2026-09-21-npbench-cova-L,69bc8be83f9f9a380f93f396d5ccb74cb8ac4eec,True,False,2,2,True,False,c03e6ed4aa80ca847e538ab41f9b22060f454237935c67944c81ced7dd93a48b,914661bfde93da5c2e7b1ef256bf97775e395b5980f08a299cd8040e92c0b6ea,False,"[""historical_build"", ""reference_not_ranking""]"
lenet,cova_llvm_cpu_serial,default,same_process,observed,0.6404830774990842,lenet,2026-09-21-npbench-cova-L,69bc8be83f9f9a380f93f396d5ccb74cb8ac4eec,True,False,6,3,True,False,c03e6ed4aa80ca847e538ab41f9b22060f454237935c67944c81ced7dd93a48b,914661bfde93da5c2e7b1ef256bf97775e395b5980f08a299cd8040e92c0b6ea,False,"[""historical_build"", ""reference_not_ranking""]"
lenet,cova_llvm_gpu,default,initialization,observed,41.92694980298984,lenet,closure-step6,4ea0edb2+step6-fefd0a9c3c44,True,False,1,1,True,False,c03e6ed4aa80ca847e538ab41f9b22060f454237935c67944c81ced7dd93a48b,914661bfde93da5c2e7b1ef256bf97775e395b5980f08a299cd8040e92c0b6ea,True,"[""historical_build"", ""reference_not_ranking""]"
lenet,cova_llvm_gpu,default,fresh_process,observed,21.321772655501263,lenet,closure-step6,4ea0edb2+step6-fefd0a9c3c44,True,False,2,2,True,False,c03e6ed4aa80ca847e538ab41f9b22060f454237935c67944c81ced7dd93a48b,914661bfde93da5c2e7b1ef256bf97775e395b5980f08a299cd8040e92c0b6ea,True,"[""historical_build"", ""reference_not_ranking""]"
lenet,cova_llvm_gpu,default,same_process,observed,21.67619135248242,lenet,closure-step6,4ea0edb2+step6-fefd0a9c3c44,True,False,6,3,True,False,c03e6ed4aa80ca847e538ab41f9b22060f454237935c67944c81ced7dd93a48b,914661bfde93da5c2e7b1ef256bf97775e395b5980f08a299cd8040e92c0b6ea,True,"[""historical_build"", ""reference_not_ranking""]"
lenet,cova_openmp_cpu,default,initialization,observed,7.498672431989689,lenet,2026-09-21-npbench-cova-L,69bc8be83f9f9a380f93f396d5ccb74cb8ac4eec,True,False,1,1,True,False,c03e6ed4aa80ca847e538ab41f9b22060f454237935c67944c81ced7dd93a48b,914661bfde93da5c2e7b1ef256bf97775e395b5980f08a299cd8040e92c0b6ea,False,"[""historical_build"", ""reference_not_ranking""]"
lenet,cova_openmp_cpu,default,fresh_process,observed,0.23320735200832132,lenet,2026-09-21-npbench-cova-L,69bc8be83f9f9a380f93f396d5ccb74cb8ac4eec,True,False,2,2,True,False,c03e6ed4aa80ca847e538ab41f9b22060f454237935c67944c81ced7dd93a48b,914661bfde93da5c2e7b1ef256bf97775e395b5980f08a299cd8040e92c0b6ea,False,"[""historical_build"", ""reference_not_ranking""]"
lenet,cova_openmp_cpu,default,same_process,observed,0.1774049025043496,lenet,2026-09-21-npbench-cova-L,69bc8be83f9f9a380f93f396d5ccb74cb8ac4eec,True,False,6,3,True,False,c03e6ed4aa80ca847e538ab41f9b22060f454237935c67944c81ced7dd93a48b,914661bfde93da5c2e7b1ef256bf97775e395b5980f08a299cd8040e92c0b6ea,False,"[""historical_build"", ""reference_not_ranking""]"
lenet,cova_openmp_gpu,default,initialization,observed,31.157234921003692,lenet,2026-09-21-npbench-cova-L,69bc8be83f9f9a380f93f396d5ccb74cb8ac4eec,True,False,1,1,True,False,c03e6ed4aa80ca847e538ab41f9b22060f454237935c67944c81ced7dd93a48b,914661bfde93da5c2e7b1ef256bf97775e395b5980f08a299cd8040e92c0b6ea,False,"[""historical_build"", ""reference_not_ranking"", ""gpu_placement_metadata_only""]"
lenet,cova_openmp_gpu,default,fresh_process,observed,16.35842060750292,lenet,2026-09-21-npbench-cova-L,69bc8be83f9f9a380f93f396d5ccb74cb8ac4eec,True,False,2,2,True,False,c03e6ed4aa80ca847e538ab41f9b22060f454237935c67944c81ced7dd93a48b,914661bfde93da5c2e7b1ef256bf97775e395b5980f08a299cd8040e92c0b6ea,False,"[""historical_build"", ""reference_not_ranking"", ""gpu_placement_metadata_only""]"
lenet,cova_openmp_gpu,default,same_process,observed,15.82029928349948,lenet,2026-09-21-npbench-cova-L,69bc8be83f9f9a380f93f396d5ccb74cb8ac4eec,True,False,6,3,True,False,c03e6ed4aa80ca847e538ab41f9b22060f454237935c67944c81ced7dd93a48b,914661bfde93da5c2e7b1ef256bf97775e395b5980f08a299cd8040e92c0b6ea,False,"[""historical_build"", ""reference_not_ranking"", ""gpu_placement_metadata_only""]"
lenet,cova_serial_cpu,default,initialization,observed,7.126633684994886,lenet,2026-09-21-npbench-cova-L,69bc8be83f9f9a380f93f396d5ccb74cb8ac4eec,True,False,1,1,True,False,c03e6ed4aa80ca847e538ab41f9b22060f454237935c67944c81ced7dd93a48b,914661bfde93da5c2e7b1ef256bf97775e395b5980f08a299cd8040e92c0b6ea,False,"[""historical_build"", ""reference_not_ranking""]"
lenet,cova_serial_cpu,default,fresh_process,observed,0.1542783844997757,lenet,2026-09-21-npbench-cova-L,69bc8be83f9f9a380f93f396d5ccb74cb8ac4eec,True,False,2,2,True,False,c03e6ed4aa80ca847e538ab41f9b22060f454237935c67944c81ced7dd93a48b,914661bfde93da5c2e7b1ef256bf97775e395b5980f08a299cd8040e92c0b6ea,False,"[""historical_build"", ""reference_not_ranking""]"
lenet,cova_serial_cpu,default,same_process,observed,0.10217346149875084,lenet,2026-09-21-npbench-cova-L,69bc8be83f9f9a380f93f396d5ccb74cb8ac4eec,True,False,6,3,True,False,c03e6ed4aa80ca847e538ab41f9b22060f454237935c67944c81ced7dd93a48b,914661bfde93da5c2e7b1ef256bf97775e395b5980f08a299cd8040e92c0b6ea,False,"[""historical_build"", ""reference_not_ranking""]"
lu,cova_llvm_cpu,default,initialization,observed,2.0661574290134013,lu,closure-step6,4ea0edb2+step6-fefd0a9c3c44,True,False,1,1,True,False,a94cc969fb7abca21f73c7702df3d7b5782724193307a4c14a3543791e733d27,9ac2f818703fa8aa1a82579828bb4b9f516a133a9d2de36086ba8af196680084,False,"[""historical_build"", ""reference_not_ranking""]"
lu,cova_llvm_cpu,default,fresh_process,observed,0.16921595600433648,lu,closure-step6,4ea0edb2+step6-fefd0a9c3c44,True,False,2,2,True,False,a94cc969fb7abca21f73c7702df3d7b5782724193307a4c14a3543791e733d27,9ac2f818703fa8aa1a82579828bb4b9f516a133a9d2de36086ba8af196680084,False,"[""historical_build"", ""reference_not_ranking""]"
lu,cova_llvm_cpu,default,same_process,observed,0.1854422934993636,lu,closure-step6,4ea0edb2+step6-fefd0a9c3c44,True,False,6,3,True,False,a94cc969fb7abca21f73c7702df3d7b5782724193307a4c14a3543791e733d27,9ac2f818703fa8aa1a82579828bb4b9f516a133a9d2de36086ba8af196680084,False,"[""historical_build"", ""reference_not_ranking""]"
lu,cova_llvm_cpu_serial,default,initialization,observed,1.6881700289959554,lu,2026-09-21-npbench-cova-L,69bc8be83f9f9a380f93f396d5ccb74cb8ac4eec,True,False,1,1,True,False,a94cc969fb7abca21f73c7702df3d7b5782724193307a4c14a3543791e733d27,9ac2f818703fa8aa1a82579828bb4b9f516a133a9d2de36086ba8af196680084,False,"[""historical_build"", ""reference_not_ranking""]"
lu,cova_llvm_cpu_serial,default,fresh_process,observed,0.20133093450567685,lu,2026-09-21-npbench-cova-L,69bc8be83f9f9a380f93f396d5ccb74cb8ac4eec,True,False,2,2,True,False,a94cc969fb7abca21f73c7702df3d7b5782724193307a4c14a3543791e733d27,9ac2f818703fa8aa1a82579828bb4b9f516a133a9d2de36086ba8af196680084,False,"[""historical_build"", ""reference_not_ranking""]"
lu,cova_llvm_cpu_serial,default,same_process,observed,0.1927128894967609,lu,2026-09-21-npbench-cova-L,69bc8be83f9f9a380f93f396d5ccb74cb8ac4eec,True,False,6,3,True,False,a94cc969fb7abca21f73c7702df3d7b5782724193307a4c14a3543791e733d27,9ac2f818703fa8aa1a82579828bb4b9f516a133a9d2de36086ba8af196680084,False,"[""historical_build"", ""reference_not_ranking""]"
lu,cova_llvm_gpu,default,initialization,observed,12.558638640010031,lu,closure-step6,4ea0edb2+step6-fefd0a9c3c44,True,False,1,1,True,False,a94cc969fb7abca21f73c7702df3d7b5782724193307a4c14a3543791e733d27,9ac2f818703fa8aa1a82579828bb4b9f516a133a9d2de36086ba8af196680084,True,"[""historical_build"", ""reference_not_ranking""]"
lu,cova_llvm_gpu,default,fresh_process,observed,8.848809091505245,lu,closure-step6,4ea0edb2+step6-fefd0a9c3c44,True,False,2,2,True,False,a94cc969fb7abca21f73c7702df3d7b5782724193307a4c14a3543791e733d27,9ac2f818703fa8aa1a82579828bb4b9f516a133a9d2de36086ba8af196680084,True,"[""historical_build"", ""reference_not_ranking""]"
lu,cova_llvm_gpu,default,same_process,observed,8.611077661000309,lu,closure-step6,4ea0edb2+step6-fefd0a9c3c44,True,False,6,3,True,False,a94cc969fb7abca21f73c7702df3d7b5782724193307a4c14a3543791e733d27,9ac2f818703fa8aa1a82579828bb4b9f516a133a9d2de36086ba8af196680084,True,"[""historical_build"", ""reference_not_ranking""]"
lu,cova_openmp_cpu,default,initialization,observed,2.4792339700070443,lu,2026-09-21-npbench-cova-L,69bc8be83f9f9a380f93f396d5ccb74cb8ac4eec,True,False,1,1,True,False,a94cc969fb7abca21f73c7702df3d7b5782724193307a4c14a3543791e733d27,9ac2f818703fa8aa1a82579828bb4b9f516a133a9d2de36086ba8af196680084,False,"[""historical_build"", ""reference_not_ranking""]"
lu,cova_openmp_cpu,default,fresh_process,observed,0.16555332250572974,lu,2026-09-21-npbench-cova-L,69bc8be83f9f9a380f93f396d5ccb74cb8ac4eec,True,False,2,2,True,False,a94cc969fb7abca21f73c7702df3d7b5782724193307a4c14a3543791e733d27,9ac2f818703fa8aa1a82579828bb4b9f516a133a9d2de36086ba8af196680084,False,"[""historical_build"", ""reference_not_ranking""]"
lu,cova_openmp_cpu,default,same_process,observed,0.18020919100672472,lu,2026-09-21-npbench-cova-L,69bc8be83f9f9a380f93f396d5ccb74cb8ac4eec,True,False,6,3,True,False,a94cc969fb7abca21f73c7702df3d7b5782724193307a4c14a3543791e733d27,9ac2f818703fa8aa1a82579828bb4b9f516a133a9d2de36086ba8af196680084,False,"[""historical_build"", ""reference_not_ranking""]"
lu,cova_openmp_gpu,default,initialization,observed,4.161722069999087,lu,2026-09-21-npbench-cova-L,69bc8be83f9f9a380f93f396d5ccb74cb8ac4eec,True,False,1,1,True,False,a94cc969fb7abca21f73c7702df3d7b5782724193307a4c14a3543791e733d27,9ac2f818703fa8aa1a82579828bb4b9f516a133a9d2de36086ba8af196680084,False,"[""historical_build"", ""reference_not_ranking"", ""gpu_placement_metadata_only""]"
lu,cova_openmp_gpu,default,fresh_process,observed,0.1824366565051605,lu,2026-09-21-npbench-cova-L,69bc8be83f9f9a380f93f396d5ccb74cb8ac4eec,True,False,2,2,True,False,a94cc969fb7abca21f73c7702df3d7b5782724193307a4c14a3543791e733d27,9ac2f818703fa8aa1a82579828bb4b9f516a133a9d2de36086ba8af196680084,False,"[""historical_build"", ""reference_not_ranking"", ""gpu_placement_metadata_only""]"
lu,cova_openmp_gpu,default,same_process,observed,0.18501965849281987,lu,2026-09-21-npbench-cova-L,69bc8be83f9f9a380f93f396d5ccb74cb8ac4eec,True,False,6,3,True,False,a94cc969fb7abca21f73c7702df3d7b5782724193307a4c14a3543791e733d27,9ac2f818703fa8aa1a82579828bb4b9f516a133a9d2de36086ba8af196680084,False,"[""historical_build"", ""reference_not_ranking"", ""gpu_placement_metadata_only""]"
lu,cova_serial_cpu,default,initialization,observed,2.060638998998911,lu,2026-09-21-npbench-cova-L,69bc8be83f9f9a380f93f396d5ccb74cb8ac4eec,True,False,1,1,True,False,a94cc969fb7abca21f73c7702df3d7b5782724193307a4c14a3543791e733d27,9ac2f818703fa8aa1a82579828bb4b9f516a133a9d2de36086ba8af196680084,False,"[""historical_build"", ""reference_not_ranking""]"
lu,cova_serial_cpu,default,fresh_process,observed,0.1630575359959039,lu,2026-09-21-npbench-cova-L,69bc8be83f9f9a380f93f396d5ccb74cb8ac4eec,True,False,2,2,True,False,a94cc969fb7abca21f73c7702df3d7b5782724193307a4c14a3543791e733d27,9ac2f818703fa8aa1a82579828bb4b9f516a133a9d2de36086ba8af196680084,False,"[""historical_build"", ""reference_not_ranking""]"
lu,cova_serial_cpu,default,same_process,observed,0.19928771900595166,lu,2026-09-21-npbench-cova-L,69bc8be83f9f9a380f93f396d5ccb74cb8ac4eec,True,False,6,3,True,False,a94cc969fb7abca21f73c7702df3d7b5782724193307a4c14a3543791e733d27,9ac2f818703fa8aa1a82579828bb4b9f516a133a9d2de36086ba8af196680084,False,"[""historical_build"", ""reference_not_ranking""]"
ludcmp,cova_llvm_cpu,default,initialization,observed,1.7925532899971586,ludcmp,closure-step6,4ea0edb2+step6-fefd0a9c3c44,True,False,1,1,True,False,08caec57fa049fbfa751e34e1064de164ddf556d58ef07942503bdb64d23c766,55b9887d27df7b3dc3b8b2e1875facca1a285d1891e4df442fdd18cc865cc7b0,False,"[""historical_build"", ""reference_not_ranking""]"
ludcmp,cova_llvm_cpu,default,fresh_process,observed,0.1458956034912262,ludcmp,closure-step6,4ea0edb2+step6-fefd0a9c3c44,True,False,2,2,True,False,08caec57fa049fbfa751e34e1064de164ddf556d58ef07942503bdb64d23c766,55b9887d27df7b3dc3b8b2e1875facca1a285d1891e4df442fdd18cc865cc7b0,False,"[""historical_build"", ""reference_not_ranking""]"
ludcmp,cova_llvm_cpu,default,same_process,observed,0.15089668749715202,ludcmp,closure-step6,4ea0edb2+step6-fefd0a9c3c44,True,False,6,3,True,False,08caec57fa049fbfa751e34e1064de164ddf556d58ef07942503bdb64d23c766,55b9887d27df7b3dc3b8b2e1875facca1a285d1891e4df442fdd18cc865cc7b0,False,"[""historical_build"", ""reference_not_ranking""]"
ludcmp,cova_llvm_cpu_serial,default,initialization,observed,1.7773376289987937,ludcmp,2026-09-21-npbench-cova-L,69bc8be83f9f9a380f93f396d5ccb74cb8ac4eec,True,False,1,1,True,False,08caec57fa049fbfa751e34e1064de164ddf556d58ef07942503bdb64d23c766,55b9887d27df7b3dc3b8b2e1875facca1a285d1891e4df442fdd18cc865cc7b0,False,"[""historical_build"", ""reference_not_ranking""]"
ludcmp,cova_llvm_cpu_serial,default,fresh_process,observed,0.15506501249910798,ludcmp,2026-09-21-npbench-cova-L,69bc8be83f9f9a380f93f396d5ccb74cb8ac4eec,True,False,2,2,True,False,08caec57fa049fbfa751e34e1064de164ddf556d58ef07942503bdb64d23c766,55b9887d27df7b3dc3b8b2e1875facca1a285d1891e4df442fdd18cc865cc7b0,False,"[""historical_build"", ""reference_not_ranking""]"
ludcmp,cova_llvm_cpu_serial,default,same_process,observed,0.16477847699570702,ludcmp,2026-09-21-npbench-cova-L,69bc8be83f9f9a380f93f396d5ccb74cb8ac4eec,True,False,6,3,True,False,08caec57fa049fbfa751e34e1064de164ddf556d58ef07942503bdb64d23c766,55b9887d27df7b3dc3b8b2e1875facca1a285d1891e4df442fdd18cc865cc7b0,False,"[""historical_build"", ""reference_not_ranking""]"
ludcmp,cova_llvm_gpu,default,initialization,observed,11.65433620600379,ludcmp,closure-step6,4ea0edb2+step6-fefd0a9c3c44,True,False,1,1,True,False,08caec57fa049fbfa751e34e1064de164ddf556d58ef07942503bdb64d23c766,55b9887d27df7b3dc3b8b2e1875facca1a285d1891e4df442fdd18cc865cc7b0,True,"[""historical_build"", ""reference_not_ranking""]"
ludcmp,cova_llvm_gpu,default,fresh_process,observed,7.36943020299077,ludcmp,closure-step6,4ea0edb2+step6-fefd0a9c3c44,True,False,2,2,True,False,08caec57fa049fbfa751e34e1064de164ddf556d58ef07942503bdb64d23c766,55b9887d27df7b3dc3b8b2e1875facca1a285d1891e4df442fdd18cc865cc7b0,True,"[""historical_build"", ""reference_not_ranking""]"
ludcmp,cova_llvm_gpu,default,same_process,observed,7.156195225019474,ludcmp,closure-step6,4ea0edb2+step6-fefd0a9c3c44,True,False,6,3,True,False,08caec57fa049fbfa751e34e1064de164ddf556d58ef07942503bdb64d23c766,55b9887d27df7b3dc3b8b2e1875facca1a285d1891e4df442fdd18cc865cc7b0,True,"[""historical_build"", ""reference_not_ranking""]"
ludcmp,cova_openmp_cpu,default,initialization,observed,2.636015152995242,ludcmp,2026-09-21-npbench-cova-L,69bc8be83f9f9a380f93f396d5ccb74cb8ac4eec,True,False,1,1,True,False,08caec57fa049fbfa751e34e1064de164ddf556d58ef07942503bdb64d23c766,55b9887d27df7b3dc3b8b2e1875facca1a285d1891e4df442fdd18cc865cc7b0,False,"[""historical_build"", ""reference_not_ranking""]"
ludcmp,cova_openmp_cpu,default,fresh_process,observed,0.14917147650703555,ludcmp,2026-09-21-npbench-cova-L,69bc8be83f9f9a380f93f396d5ccb74cb8ac4eec,True,False,2,2,True,False,08caec57fa049fbfa751e34e1064de164ddf556d58ef07942503bdb64d23c766,55b9887d27df7b3dc3b8b2e1875facca1a285d1891e4df442fdd18cc865cc7b0,False,"[""historical_build"", ""reference_not_ranking""]"
ludcmp,cova_openmp_cpu,default,same_process,observed,0.16911507800250547,ludcmp,2026-09-21-npbench-cova-L,69bc8be83f9f9a380f93f396d5ccb74cb8ac4eec,True,False,6,3,True,False,08caec57fa049fbfa751e34e1064de164ddf556d58ef07942503bdb64d23c766,55b9887d27df7b3dc3b8b2e1875facca1a285d1891e4df442fdd18cc865cc7b0,False,"[""historical_build"", ""reference_not_ranking""]"
ludcmp,cova_openmp_gpu,default,initialization,observed,4.285385540002608,ludcmp,2026-09-21-npbench-cova-L,69bc8be83f9f9a380f93f396d5ccb74cb8ac4eec,True,False,1,1,True,False,08caec57fa049fbfa751e34e1064de164ddf556d58ef07942503bdb64d23c766,55b9887d27df7b3dc3b8b2e1875facca1a285d1891e4df442fdd18cc865cc7b0,False,"[""historical_build"", ""reference_not_ranking"", ""gpu_placement_metadata_only""]"
ludcmp,cova_openmp_gpu,default,fresh_process,observed,0.15156773099442944,ludcmp,2026-09-21-npbench-cova-L,69bc8be83f9f9a380f93f396d5ccb74cb8ac4eec,True,False,2,2,True,False,08caec57fa049fbfa751e34e1064de164ddf556d58ef07942503bdb64d23c766,55b9887d27df7b3dc3b8b2e1875facca1a285d1891e4df442fdd18cc865cc7b0,False,"[""historical_build"", ""reference_not_ranking"", ""gpu_placement_metadata_only""]"
ludcmp,cova_openmp_gpu,default,same_process,observed,0.17544127900328021,ludcmp,2026-09-21-npbench-cova-L,69bc8be83f9f9a380f93f396d5ccb74cb8ac4eec,True,False,6,3,True,False,08caec57fa049fbfa751e34e1064de164ddf556d58ef07942503bdb64d23c766,55b9887d27df7b3dc3b8b2e1875facca1a285d1891e4df442fdd18cc865cc7b0,False,"[""historical_build"", ""reference_not_ranking"", ""gpu_placement_metadata_only""]"
ludcmp,cova_serial_cpu,default,initialization,observed,2.3030404080054723,ludcmp,2026-09-21-npbench-cova-L,69bc8be83f9f9a380f93f396d5ccb74cb8ac4eec,True,False,1,1,True,False,08caec57fa049fbfa751e34e1064de164ddf556d58ef07942503bdb64d23c766,55b9887d27df7b3dc3b8b2e1875facca1a285d1891e4df442fdd18cc865cc7b0,False,"[""historical_build"", ""reference_not_ranking""]"
ludcmp,cova_serial_cpu,default,fresh_process,observed,0.17488464100460988,ludcmp,2026-09-21-npbench-cova-L,69bc8be83f9f9a380f93f396d5ccb74cb8ac4eec,True,False,2,2,True,False,08caec57fa049fbfa751e34e1064de164ddf556d58ef07942503bdb64d23c766,55b9887d27df7b3dc3b8b2e1875facca1a285d1891e4df442fdd18cc865cc7b0,False,"[""historical_build"", ""reference_not_ranking""]"
ludcmp,cova_serial_cpu,default,same_process,observed,0.16780621249927208,ludcmp,2026-09-21-npbench-cova-L,69bc8be83f9f9a380f93f396d5ccb74cb8ac4eec,True,False,6,3,True,False,08caec57fa049fbfa751e34e1064de164ddf556d58ef07942503bdb64d23c766,55b9887d27df7b3dc3b8b2e1875facca1a285d1891e4df442fdd18cc865cc7b0,False,"[""historical_build"", ""reference_not_ranking""]"
mandelbrot1,cova_llvm_cpu,default,initialization,observed,2.8251468499947805,mandelbrot1,closure-step6,4ea0edb2+step6-fefd0a9c3c44,True,False,1,1,True,False,7ec93ae18ee3844a817e6cc0a79455bc5862c76f047319aefde16f510ddde641,498529c7a9dcc40ab333461ec82b7c16a88eb9014a98ba9ee2910dd66fb9e062,False,"[""historical_build"", ""reference_not_ranking""]"
mandelbrot1,cova_llvm_cpu,default,fresh_process,observed,0.34034610498929396,mandelbrot1,closure-step6,4ea0edb2+step6-fefd0a9c3c44,True,False,2,2,True,False,7ec93ae18ee3844a817e6cc0a79455bc5862c76f047319aefde16f510ddde641,498529c7a9dcc40ab333461ec82b7c16a88eb9014a98ba9ee2910dd66fb9e062,False,"[""historical_build"", ""reference_not_ranking""]"
mandelbrot1,cova_llvm_cpu,default,same_process,observed,0.16843870200682431,mandelbrot1,closure-step6,4ea0edb2+step6-fefd0a9c3c44,True,False,6,3,True,False,7ec93ae18ee3844a817e6cc0a79455bc5862c76f047319aefde16f510ddde641,498529c7a9dcc40ab333461ec82b7c16a88eb9014a98ba9ee2910dd66fb9e062,False,"[""historical_build"", ""reference_not_ranking""]"
mandelbrot1,cova_llvm_cpu_serial,default,initialization,error,,mandelbrot1,2026-09-21-npbench-cova-L,69bc8be83f9f9a380f93f396d5ccb74cb8ac4eec,True,False,0,0,True,False,7ec93ae18ee3844a817e6cc0a79455bc5862c76f047319aefde16f510ddde641,498529c7a9dcc40ab333461ec82b7c16a88eb9014a98ba9ee2910dd66fb9e062,False,"[""historical_build"", ""reference_not_ranking""]"
mandelbrot1,cova_llvm_cpu_serial,default,fresh_process,error,,mandelbrot1,2026-09-21-npbench-cova-L,69bc8be83f9f9a380f93f396d5ccb74cb8ac4eec,True,False,0,0,True,False,7ec93ae18ee3844a817e6cc0a79455bc5862c76f047319aefde16f510ddde641,498529c7a9dcc40ab333461ec82b7c16a88eb9014a98ba9ee2910dd66fb9e062,False,"[""historical_build"", ""reference_not_ranking""]"
mandelbrot1,cova_llvm_cpu_serial,default,same_process,error,,mandelbrot1,2026-09-21-npbench-cova-L,69bc8be83f9f9a380f93f396d5ccb74cb8ac4eec,True,False,0,0,True,False,7ec93ae18ee3844a817e6cc0a79455bc5862c76f047319aefde16f510ddde641,498529c7a9dcc40ab333461ec82b7c16a88eb9014a98ba9ee2910dd66fb9e062,False,"[""historical_build"", ""reference_not_ranking""]"
mandelbrot1,cova_llvm_gpu,default,initialization,observed,7.103696865000529,mandelbrot1,final-optimization-candidate,e01a2c3f735d4ed56cd47b76e567f3ecf25ff7af,False,False,1,1,True,False,7ec93ae18ee3844a817e6cc0a79455bc5862c76f047319aefde16f510ddde641,498529c7a9dcc40ab333461ec82b7c16a88eb9014a98ba9ee2910dd66fb9e062,False,"[""reference_not_ranking"", ""diagnostic_driver"", ""single_initialization_trial""]"
mandelbrot1,cova_llvm_gpu,default,fresh_process,observed,3.248614793003071,mandelbrot1,final-optimization-candidate,e01a2c3f735d4ed56cd47b76e567f3ecf25ff7af,False,False,3,3,True,False,7ec93ae18ee3844a817e6cc0a79455bc5862c76f047319aefde16f510ddde641,498529c7a9dcc40ab333461ec82b7c16a88eb9014a98ba9ee2910dd66fb9e062,False,"[""reference_not_ranking"", ""diagnostic_driver"", ""single_initialization_trial""]"
mandelbrot1,cova_llvm_gpu,default,same_process,observed,2.982187932007946,mandelbrot1,final-optimization-candidate,e01a2c3f735d4ed56cd47b76e567f3ecf25ff7af,False,False,6,3,True,False,7ec93ae18ee3844a817e6cc0a79455bc5862c76f047319aefde16f510ddde641,498529c7a9dcc40ab333461ec82b7c16a88eb9014a98ba9ee2910dd66fb9e062,False,"[""reference_not_ranking"", ""diagnostic_driver"", ""single_initialization_trial""]"
mandelbrot1,cova_openmp_cpu,default,initialization,error,,mandelbrot1,2026-09-21-npbench-cova-L,69bc8be83f9f9a380f93f396d5ccb74cb8ac4eec,True,False,0,0,True,False,7ec93ae18ee3844a817e6cc0a79455bc5862c76f047319aefde16f510ddde641,498529c7a9dcc40ab333461ec82b7c16a88eb9014a98ba9ee2910dd66fb9e062,False,"[""historical_build"", ""reference_not_ranking""]"
mandelbrot1,cova_openmp_cpu,default,fresh_process,error,,mandelbrot1,2026-09-21-npbench-cova-L,69bc8be83f9f9a380f93f396d5ccb74cb8ac4eec,True,False,0,0,True,False,7ec93ae18ee3844a817e6cc0a79455bc5862c76f047319aefde16f510ddde641,498529c7a9dcc40ab333461ec82b7c16a88eb9014a98ba9ee2910dd66fb9e062,False,"[""historical_build"", ""reference_not_ranking""]"
mandelbrot1,cova_openmp_cpu,default,same_process,error,,mandelbrot1,2026-09-21-npbench-cova-L,69bc8be83f9f9a380f93f396d5ccb74cb8ac4eec,True,False,0,0,True,False,7ec93ae18ee3844a817e6cc0a79455bc5862c76f047319aefde16f510ddde641,498529c7a9dcc40ab333461ec82b7c16a88eb9014a98ba9ee2910dd66fb9e062,False,"[""historical_build"", ""reference_not_ranking""]"
mandelbrot1,cova_openmp_gpu,default,initialization,error,,mandelbrot1,2026-09-21-npbench-cova-L,69bc8be83f9f9a380f93f396d5ccb74cb8ac4eec,True,False,0,0,True,False,7ec93ae18ee3844a817e6cc0a79455bc5862c76f047319aefde16f510ddde641,498529c7a9dcc40ab333461ec82b7c16a88eb9014a98ba9ee2910dd66fb9e062,False,"[""historical_build"", ""reference_not_ranking"", ""gpu_placement_metadata_only""]"
mandelbrot1,cova_openmp_gpu,default,fresh_process,error,,mandelbrot1,2026-09-21-npbench-cova-L,69bc8be83f9f9a380f93f396d5ccb74cb8ac4eec,True,False,0,0,True,False,7ec93ae18ee3844a817e6cc0a79455bc5862c76f047319aefde16f510ddde641,498529c7a9dcc40ab333461ec82b7c16a88eb9014a98ba9ee2910dd66fb9e062,False,"[""historical_build"", ""reference_not_ranking"", ""gpu_placement_metadata_only""]"
mandelbrot1,cova_openmp_gpu,default,same_process,error,,mandelbrot1,2026-09-21-npbench-cova-L,69bc8be83f9f9a380f93f396d5ccb74cb8ac4eec,True,False,0,0,True,False,7ec93ae18ee3844a817e6cc0a79455bc5862c76f047319aefde16f510ddde641,498529c7a9dcc40ab333461ec82b7c16a88eb9014a98ba9ee2910dd66fb9e062,False,"[""historical_build"", ""reference_not_ranking"", ""gpu_placement_metadata_only""]"
mandelbrot1,cova_serial_cpu,default,initialization,error,,mandelbrot1,2026-09-21-npbench-cova-L,69bc8be83f9f9a380f93f396d5ccb74cb8ac4eec,True,False,0,0,True,False,7ec93ae18ee3844a817e6cc0a79455bc5862c76f047319aefde16f510ddde641,498529c7a9dcc40ab333461ec82b7c16a88eb9014a98ba9ee2910dd66fb9e062,False,"[""historical_build"", ""reference_not_ranking""]"
mandelbrot1,cova_serial_cpu,default,fresh_process,error,,mandelbrot1,2026-09-21-npbench-cova-L,69bc8be83f9f9a380f93f396d5ccb74cb8ac4eec,True,False,0,0,True,False,7ec93ae18ee3844a817e6cc0a79455bc5862c76f047319aefde16f510ddde641,498529c7a9dcc40ab333461ec82b7c16a88eb9014a98ba9ee2910dd66fb9e062,False,"[""historical_build"", ""reference_not_ranking""]"
mandelbrot1,cova_serial_cpu,default,same_process,error,,mandelbrot1,2026-09-21-npbench-cova-L,69bc8be83f9f9a380f93f396d5ccb74cb8ac4eec,True,False,0,0,True,False,7ec93ae18ee3844a817e6cc0a79455bc5862c76f047319aefde16f510ddde641,498529c7a9dcc40ab333461ec82b7c16a88eb9014a98ba9ee2910dd66fb9e062,False,"[""historical_build"", ""reference_not_ranking""]"
mandelbrot2,cova_llvm_cpu,default,initialization,observed,5.329678752983455,mandelbrot2_cova_helper,closure-step6,4ea0edb2+step6-fefd0a9c3c44,True,False,1,1,True,True,7fb4071f3c8e581537c1201436e2e0f64673e094a239bc776fcd1d6c96095d69,e953c506eaf95aed1da28b70ad9b9cbb5c4d6ed77213ce344c94cdacbc5b6ae1,False,"[""historical_build"", ""reference_not_ranking""]"
mandelbrot2,cova_llvm_cpu,default,fresh_process,observed,1.5542170414992142,mandelbrot2_cova_helper,closure-step6,4ea0edb2+step6-fefd0a9c3c44,True,False,2,2,True,True,7fb4071f3c8e581537c1201436e2e0f64673e094a239bc776fcd1d6c96095d69,e953c506eaf95aed1da28b70ad9b9cbb5c4d6ed77213ce344c94cdacbc5b6ae1,False,"[""historical_build"", ""reference_not_ranking""]"
mandelbrot2,cova_llvm_cpu,default,same_process,observed,0.9836391459975857,mandelbrot2_cova_helper,closure-step6,4ea0edb2+step6-fefd0a9c3c44,True,False,6,3,True,True,7fb4071f3c8e581537c1201436e2e0f64673e094a239bc776fcd1d6c96095d69,e953c506eaf95aed1da28b70ad9b9cbb5c4d6ed77213ce344c94cdacbc5b6ae1,False,"[""historical_build"", ""reference_not_ranking""]"
mandelbrot2,cova_llvm_cpu_serial,default,initialization,error,,mandelbrot2,2026-09-21-npbench-cova-L,69bc8be83f9f9a380f93f396d5ccb74cb8ac4eec,True,False,0,0,True,False,7fb4071f3c8e581537c1201436e2e0f64673e094a239bc776fcd1d6c96095d69,e953c506eaf95aed1da28b70ad9b9cbb5c4d6ed77213ce344c94cdacbc5b6ae1,False,"[""historical_build"", ""reference_not_ranking""]"
mandelbrot2,cova_llvm_cpu_serial,default,fresh_process,error,,mandelbrot2,2026-09-21-npbench-cova-L,69bc8be83f9f9a380f93f396d5ccb74cb8ac4eec,True,False,0,0,True,False,7fb4071f3c8e581537c1201436e2e0f64673e094a239bc776fcd1d6c96095d69,e953c506eaf95aed1da28b70ad9b9cbb5c4d6ed77213ce344c94cdacbc5b6ae1,False,"[""historical_build"", ""reference_not_ranking""]"
mandelbrot2,cova_llvm_cpu_serial,default,same_process,error,,mandelbrot2,2026-09-21-npbench-cova-L,69bc8be83f9f9a380f93f396d5ccb74cb8ac4eec,True,False,0,0,True,False,7fb4071f3c8e581537c1201436e2e0f64673e094a239bc776fcd1d6c96095d69,e953c506eaf95aed1da28b70ad9b9cbb5c4d6ed77213ce344c94cdacbc5b6ae1,False,"[""historical_build"", ""reference_not_ranking""]"
mandelbrot2,cova_llvm_gpu,default,initialization,observed,11.474867325014202,mandelbrot2_cova_helper,closure-step6,4ea0edb2+step6-fefd0a9c3c44,True,False,1,1,True,True,7fb4071f3c8e581537c1201436e2e0f64673e094a239bc776fcd1d6c96095d69,e953c506eaf95aed1da28b70ad9b9cbb5c4d6ed77213ce344c94cdacbc5b6ae1,True,"[""historical_build"", ""reference_not_ranking""]"
mandelbrot2,cova_llvm_gpu,default,fresh_process,observed,5.140436686997418,mandelbrot2_cova_helper,closure-step6,4ea0edb2+step6-fefd0a9c3c44,True,False,2,2,True,True,7fb4071f3c8e581537c1201436e2e0f64673e094a239bc776fcd1d6c96095d69,e953c506eaf95aed1da28b70ad9b9cbb5c4d6ed77213ce344c94cdacbc5b6ae1,True,"[""historical_build"", ""reference_not_ranking""]"
mandelbrot2,cova_llvm_gpu,default,same_process,observed,4.868712213006802,mandelbrot2_cova_helper,closure-step6,4ea0edb2+step6-fefd0a9c3c44,True,False,6,3,True,True,7fb4071f3c8e581537c1201436e2e0f64673e094a239bc776fcd1d6c96095d69,e953c506eaf95aed1da28b70ad9b9cbb5c4d6ed77213ce344c94cdacbc5b6ae1,True,"[""historical_build"", ""reference_not_ranking""]"
mandelbrot2,cova_openmp_cpu,default,initialization,error,,mandelbrot2,2026-09-21-npbench-cova-L,69bc8be83f9f9a380f93f396d5ccb74cb8ac4eec,True,False,0,0,True,False,7fb4071f3c8e581537c1201436e2e0f64673e094a239bc776fcd1d6c96095d69,e953c506eaf95aed1da28b70ad9b9cbb5c4d6ed77213ce344c94cdacbc5b6ae1,False,"[""historical_build"", ""reference_not_ranking""]"
mandelbrot2,cova_openmp_cpu,default,fresh_process,error,,mandelbrot2,2026-09-21-npbench-cova-L,69bc8be83f9f9a380f93f396d5ccb74cb8ac4eec,True,False,0,0,True,False,7fb4071f3c8e581537c1201436e2e0f64673e094a239bc776fcd1d6c96095d69,e953c506eaf95aed1da28b70ad9b9cbb5c4d6ed77213ce344c94cdacbc5b6ae1,False,"[""historical_build"", ""reference_not_ranking""]"
mandelbrot2,cova_openmp_cpu,default,same_process,error,,mandelbrot2,2026-09-21-npbench-cova-L,69bc8be83f9f9a380f93f396d5ccb74cb8ac4eec,True,False,0,0,True,False,7fb4071f3c8e581537c1201436e2e0f64673e094a239bc776fcd1d6c96095d69,e953c506eaf95aed1da28b70ad9b9cbb5c4d6ed77213ce344c94cdacbc5b6ae1,False,"[""historical_build"", ""reference_not_ranking""]"
mandelbrot2,cova_openmp_gpu,default,initialization,error,,mandelbrot2,2026-09-21-npbench-cova-L,69bc8be83f9f9a380f93f396d5ccb74cb8ac4eec,True,False,0,0,True,False,7fb4071f3c8e581537c1201436e2e0f64673e094a239bc776fcd1d6c96095d69,e953c506eaf95aed1da28b70ad9b9cbb5c4d6ed77213ce344c94cdacbc5b6ae1,False,"[""historical_build"", ""reference_not_ranking"", ""gpu_placement_metadata_only""]"
mandelbrot2,cova_openmp_gpu,default,fresh_process,error,,mandelbrot2,2026-09-21-npbench-cova-L,69bc8be83f9f9a380f93f396d5ccb74cb8ac4eec,True,False,0,0,True,False,7fb4071f3c8e581537c1201436e2e0f64673e094a239bc776fcd1d6c96095d69,e953c506eaf95aed1da28b70ad9b9cbb5c4d6ed77213ce344c94cdacbc5b6ae1,False,"[""historical_build"", ""reference_not_ranking"", ""gpu_placement_metadata_only""]"
mandelbrot2,cova_openmp_gpu,default,same_process,error,,mandelbrot2,2026-09-21-npbench-cova-L,69bc8be83f9f9a380f93f396d5ccb74cb8ac4eec,True,False,0,0,True,False,7fb4071f3c8e581537c1201436e2e0f64673e094a239bc776fcd1d6c96095d69,e953c506eaf95aed1da28b70ad9b9cbb5c4d6ed77213ce344c94cdacbc5b6ae1,False,"[""historical_build"", ""reference_not_ranking"", ""gpu_placement_metadata_only""]"
mandelbrot2,cova_serial_cpu,default,initialization,error,,mandelbrot2,2026-09-21-npbench-cova-L,69bc8be83f9f9a380f93f396d5ccb74cb8ac4eec,True,False,0,0,True,False,7fb4071f3c8e581537c1201436e2e0f64673e094a239bc776fcd1d6c96095d69,e953c506eaf95aed1da28b70ad9b9cbb5c4d6ed77213ce344c94cdacbc5b6ae1,False,"[""historical_build"", ""reference_not_ranking""]"
mandelbrot2,cova_serial_cpu,default,fresh_process,error,,mandelbrot2,2026-09-21-npbench-cova-L,69bc8be83f9f9a380f93f396d5ccb74cb8ac4eec,True,False,0,0,True,False,7fb4071f3c8e581537c1201436e2e0f64673e094a239bc776fcd1d6c96095d69,e953c506eaf95aed1da28b70ad9b9cbb5c4d6ed77213ce344c94cdacbc5b6ae1,False,"[""historical_build"", ""reference_not_ranking""]"
mandelbrot2,cova_serial_cpu,default,same_process,error,,mandelbrot2,2026-09-21-npbench-cova-L,69bc8be83f9f9a380f93f396d5ccb74cb8ac4eec,True,False,0,0,True,False,7fb4071f3c8e581537c1201436e2e0f64673e094a239bc776fcd1d6c96095d69,e953c506eaf95aed1da28b70ad9b9cbb5c4d6ed77213ce344c94cdacbc5b6ae1,False,"[""historical_build"", ""reference_not_ranking""]"
mlp,cova_llvm_cpu,default,initialization,observed,6.806742881017271,mlp,closure-step6,4ea0edb2+step6-fefd0a9c3c44,True,False,1,1,True,False,5a57834b626ad11a97469e2ed2472df251c3e8ff143b8d8d463672e399d900be,87c94f9c003ff974cd198163ffe2fd3948bacd6ba11c6c91faa770e7bcee04e9,False,"[""historical_build"", ""reference_not_ranking""]"
mlp,cova_llvm_cpu,default,fresh_process,observed,0.4908498244913062,mlp,closure-step6,4ea0edb2+step6-fefd0a9c3c44,True,False,2,2,True,False,5a57834b626ad11a97469e2ed2472df251c3e8ff143b8d8d463672e399d900be,87c94f9c003ff974cd198163ffe2fd3948bacd6ba11c6c91faa770e7bcee04e9,False,"[""historical_build"", ""reference_not_ranking""]"
mlp,cova_llvm_cpu,default,same_process,observed,0.5781750555033796,mlp,closure-step6,4ea0edb2+step6-fefd0a9c3c44,True,False,6,3,True,False,5a57834b626ad11a97469e2ed2472df251c3e8ff143b8d8d463672e399d900be,87c94f9c003ff974cd198163ffe2fd3948bacd6ba11c6c91faa770e7bcee04e9,False,"[""historical_build"", ""reference_not_ranking""]"
mlp,cova_llvm_cpu_serial,default,initialization,observed,5.004781534997164,mlp,2026-09-21-npbench-cova-L,69bc8be83f9f9a380f93f396d5ccb74cb8ac4eec,True,False,1,1,True,False,5a57834b626ad11a97469e2ed2472df251c3e8ff143b8d8d463672e399d900be,87c94f9c003ff974cd198163ffe2fd3948bacd6ba11c6c91faa770e7bcee04e9,False,"[""historical_build"", ""reference_not_ranking""]"
mlp,cova_llvm_cpu_serial,default,fresh_process,observed,0.21813290550198872,mlp,2026-09-21-npbench-cova-L,69bc8be83f9f9a380f93f396d5ccb74cb8ac4eec,True,False,2,2,True,False,5a57834b626ad11a97469e2ed2472df251c3e8ff143b8d8d463672e399d900be,87c94f9c003ff974cd198163ffe2fd3948bacd6ba11c6c91faa770e7bcee04e9,False,"[""historical_build"", ""reference_not_ranking""]"
mlp,cova_llvm_cpu_serial,default,same_process,observed,0.20176893499592552,mlp,2026-09-21-npbench-cova-L,69bc8be83f9f9a380f93f396d5ccb74cb8ac4eec,True,False,6,3,True,False,5a57834b626ad11a97469e2ed2472df251c3e8ff143b8d8d463672e399d900be,87c94f9c003ff974cd198163ffe2fd3948bacd6ba11c6c91faa770e7bcee04e9,False,"[""historical_build"", ""reference_not_ranking""]"
mlp,cova_llvm_gpu,default,initialization,observed,7.823958630004199,mlp,closure-step6,4ea0edb2+step6-fefd0a9c3c44,True,False,1,1,True,False,5a57834b626ad11a97469e2ed2472df251c3e8ff143b8d8d463672e399d900be,87c94f9c003ff974cd198163ffe2fd3948bacd6ba11c6c91faa770e7bcee04e9,True,"[""historical_build"", ""reference_not_ranking""]"
mlp,cova_llvm_gpu,default,fresh_process,observed,1.0258274319930933,mlp,closure-step6,4ea0edb2+step6-fefd0a9c3c44,True,False,2,2,True,False,5a57834b626ad11a97469e2ed2472df251c3e8ff143b8d8d463672e399d900be,87c94f9c003ff974cd198163ffe2fd3948bacd6ba11c6c91faa770e7bcee04e9,True,"[""historical_build"", ""reference_not_ranking""]"
mlp,cova_llvm_gpu,default,same_process,observed,0.6477787799958605,mlp,closure-step6,4ea0edb2+step6-fefd0a9c3c44,True,False,6,3,True,False,5a57834b626ad11a97469e2ed2472df251c3e8ff143b8d8d463672e399d900be,87c94f9c003ff974cd198163ffe2fd3948bacd6ba11c6c91faa770e7bcee04e9,True,"[""historical_build"", ""reference_not_ranking""]"
mlp,cova_openmp_cpu,default,initialization,observed,7.546286637996673,mlp,2026-09-21-npbench-cova-L,69bc8be83f9f9a380f93f396d5ccb74cb8ac4eec,True,False,1,1,True,False,5a57834b626ad11a97469e2ed2472df251c3e8ff143b8d8d463672e399d900be,87c94f9c003ff974cd198163ffe2fd3948bacd6ba11c6c91faa770e7bcee04e9,False,"[""historical_build"", ""reference_not_ranking""]"
mlp,cova_openmp_cpu,default,fresh_process,observed,4.1535879309958545,mlp,2026-09-21-npbench-cova-L,69bc8be83f9f9a380f93f396d5ccb74cb8ac4eec,True,False,2,2,True,False,5a57834b626ad11a97469e2ed2472df251c3e8ff143b8d8d463672e399d900be,87c94f9c003ff974cd198163ffe2fd3948bacd6ba11c6c91faa770e7bcee04e9,False,"[""historical_build"", ""reference_not_ranking""]"
mlp,cova_openmp_cpu,default,same_process,observed,3.7836226069994154,mlp,2026-09-21-npbench-cova-L,69bc8be83f9f9a380f93f396d5ccb74cb8ac4eec,True,False,6,3,True,False,5a57834b626ad11a97469e2ed2472df251c3e8ff143b8d8d463672e399d900be,87c94f9c003ff974cd198163ffe2fd3948bacd6ba11c6c91faa770e7bcee04e9,False,"[""historical_build"", ""reference_not_ranking""]"
mlp,cova_openmp_gpu,default,initialization,observed,8.838329038000666,mlp,2026-09-21-npbench-cova-L,69bc8be83f9f9a380f93f396d5ccb74cb8ac4eec,True,False,1,1,True,False,5a57834b626ad11a97469e2ed2472df251c3e8ff143b8d8d463672e399d900be,87c94f9c003ff974cd198163ffe2fd3948bacd6ba11c6c91faa770e7bcee04e9,False,"[""historical_build"", ""reference_not_ranking"", ""gpu_placement_metadata_only""]"
mlp,cova_openmp_gpu,default,fresh_process,observed,0.9992131725084619,mlp,2026-09-21-npbench-cova-L,69bc8be83f9f9a380f93f396d5ccb74cb8ac4eec,True,False,2,2,True,False,5a57834b626ad11a97469e2ed2472df251c3e8ff143b8d8d463672e399d900be,87c94f9c003ff974cd198163ffe2fd3948bacd6ba11c6c91faa770e7bcee04e9,False,"[""historical_build"", ""reference_not_ranking"", ""gpu_placement_metadata_only""]"
mlp,cova_openmp_gpu,default,same_process,observed,0.6391971944976831,mlp,2026-09-21-npbench-cova-L,69bc8be83f9f9a380f93f396d5ccb74cb8ac4eec,True,False,6,3,True,False,5a57834b626ad11a97469e2ed2472df251c3e8ff143b8d8d463672e399d900be,87c94f9c003ff974cd198163ffe2fd3948bacd6ba11c6c91faa770e7bcee04e9,False,"[""historical_build"", ""reference_not_ranking"", ""gpu_placement_metadata_only""]"
mlp,cova_serial_cpu,default,initialization,observed,11.59451241401257,mlp,2026-09-21-npbench-cova-L,69bc8be83f9f9a380f93f396d5ccb74cb8ac4eec,True,False,1,1,True,False,5a57834b626ad11a97469e2ed2472df251c3e8ff143b8d8d463672e399d900be,87c94f9c003ff974cd198163ffe2fd3948bacd6ba11c6c91faa770e7bcee04e9,False,"[""historical_build"", ""reference_not_ranking""]"
mlp,cova_serial_cpu,default,fresh_process,observed,8.418361777497921,mlp,2026-09-21-npbench-cova-L,69bc8be83f9f9a380f93f396d5ccb74cb8ac4eec,True,False,2,2,True,False,5a57834b626ad11a97469e2ed2472df251c3e8ff143b8d8d463672e399d900be,87c94f9c003ff974cd198163ffe2fd3948bacd6ba11c6c91faa770e7bcee04e9,False,"[""historical_build"", ""reference_not_ranking""]"
mlp,cova_serial_cpu,default,same_process,observed,8.483315727993613,mlp,2026-09-21-npbench-cova-L,69bc8be83f9f9a380f93f396d5ccb74cb8ac4eec,True,False,6,3,True,False,5a57834b626ad11a97469e2ed2472df251c3e8ff143b8d8d463672e399d900be,87c94f9c003ff974cd198163ffe2fd3948bacd6ba11c6c91faa770e7bcee04e9,False,"[""historical_build"", ""reference_not_ranking""]"
mvt,cova_llvm_cpu,default,initialization,observed,5.857448424008908,mvt,closure-step6,4ea0edb2+step6-fefd0a9c3c44,True,False,1,1,True,False,6d38d7a7e4ccc0cd21261ff27458bbfec43022e90858441b148c763f459bdc05,31a7a541d3eb3d99e166c80b243812e6678c96f5f504254d1acff781fbc1da55,False,"[""historical_build"", ""reference_not_ranking""]"
mvt,cova_llvm_cpu,default,fresh_process,observed,0.11709266649268102,mvt,closure-step6,4ea0edb2+step6-fefd0a9c3c44,True,False,2,2,True,False,6d38d7a7e4ccc0cd21261ff27458bbfec43022e90858441b148c763f459bdc05,31a7a541d3eb3d99e166c80b243812e6678c96f5f504254d1acff781fbc1da55,False,"[""historical_build"", ""reference_not_ranking""]"
mvt,cova_llvm_cpu,default,same_process,observed,0.08751805948850233,mvt,closure-step6,4ea0edb2+step6-fefd0a9c3c44,True,False,6,3,True,False,6d38d7a7e4ccc0cd21261ff27458bbfec43022e90858441b148c763f459bdc05,31a7a541d3eb3d99e166c80b243812e6678c96f5f504254d1acff781fbc1da55,False,"[""historical_build"", ""reference_not_ranking""]"
mvt,cova_llvm_cpu_serial,default,initialization,observed,4.260819126997376,mvt,2026-09-21-npbench-cova-L,69bc8be83f9f9a380f93f396d5ccb74cb8ac4eec,True,False,1,1,True,False,6d38d7a7e4ccc0cd21261ff27458bbfec43022e90858441b148c763f459bdc05,31a7a541d3eb3d99e166c80b243812e6678c96f5f504254d1acff781fbc1da55,False,"[""historical_build"", ""reference_not_ranking""]"
mvt,cova_llvm_cpu_serial,default,fresh_process,observed,0.15153038350399584,mvt,2026-09-21-npbench-cova-L,69bc8be83f9f9a380f93f396d5ccb74cb8ac4eec,True,False,2,2,True,False,6d38d7a7e4ccc0cd21261ff27458bbfec43022e90858441b148c763f459bdc05,31a7a541d3eb3d99e166c80b243812e6678c96f5f504254d1acff781fbc1da55,False,"[""historical_build"", ""reference_not_ranking""]"
mvt,cova_llvm_cpu_serial,default,same_process,observed,0.1378064765012823,mvt,2026-09-21-npbench-cova-L,69bc8be83f9f9a380f93f396d5ccb74cb8ac4eec,True,False,6,3,True,False,6d38d7a7e4ccc0cd21261ff27458bbfec43022e90858441b148c763f459bdc05,31a7a541d3eb3d99e166c80b243812e6678c96f5f504254d1acff781fbc1da55,False,"[""historical_build"", ""reference_not_ranking""]"
mvt,cova_llvm_gpu,default,initialization,observed,7.07362480199663,mvt,closure-step6,4ea0edb2+step6-fefd0a9c3c44,True,False,1,1,True,False,6d38d7a7e4ccc0cd21261ff27458bbfec43022e90858441b148c763f459bdc05,31a7a541d3eb3d99e166c80b243812e6678c96f5f504254d1acff781fbc1da55,True,"[""historical_build"", ""reference_not_ranking""]"
mvt,cova_llvm_gpu,default,fresh_process,observed,0.7212823369918624,mvt,closure-step6,4ea0edb2+step6-fefd0a9c3c44,True,False,2,2,True,False,6d38d7a7e4ccc0cd21261ff27458bbfec43022e90858441b148c763f459bdc05,31a7a541d3eb3d99e166c80b243812e6678c96f5f504254d1acff781fbc1da55,True,"[""historical_build"", ""reference_not_ranking""]"
mvt,cova_llvm_gpu,default,same_process,observed,0.3556632955005625,mvt,closure-step6,4ea0edb2+step6-fefd0a9c3c44,True,False,6,3,True,False,6d38d7a7e4ccc0cd21261ff27458bbfec43022e90858441b148c763f459bdc05,31a7a541d3eb3d99e166c80b243812e6678c96f5f504254d1acff781fbc1da55,True,"[""historical_build"", ""reference_not_ranking""]"
mvt,cova_openmp_cpu,default,initialization,observed,3.0422023909923155,mvt,2026-09-21-npbench-cova-L,69bc8be83f9f9a380f93f396d5ccb74cb8ac4eec,True,False,1,1,True,False,6d38d7a7e4ccc0cd21261ff27458bbfec43022e90858441b148c763f459bdc05,31a7a541d3eb3d99e166c80b243812e6678c96f5f504254d1acff781fbc1da55,False,"[""historical_build"", ""reference_not_ranking""]"
mvt,cova_openmp_cpu,default,fresh_process,observed,0.4434972259987262,mvt,2026-09-21-npbench-cova-L,69bc8be83f9f9a380f93f396d5ccb74cb8ac4eec,True,False,2,2,True,False,6d38d7a7e4ccc0cd21261ff27458bbfec43022e90858441b148c763f459bdc05,31a7a541d3eb3d99e166c80b243812e6678c96f5f504254d1acff781fbc1da55,False,"[""historical_build"", ""reference_not_ranking""]"
mvt,cova_openmp_cpu,default,same_process,observed,0.395057244997588,mvt,2026-09-21-npbench-cova-L,69bc8be83f9f9a380f93f396d5ccb74cb8ac4eec,True,False,6,3,True,False,6d38d7a7e4ccc0cd21261ff27458bbfec43022e90858441b148c763f459bdc05,31a7a541d3eb3d99e166c80b243812e6678c96f5f504254d1acff781fbc1da55,False,"[""historical_build"", ""reference_not_ranking""]"
mvt,cova_openmp_gpu,default,initialization,observed,6.870239787007449,mvt,2026-09-21-npbench-cova-L,69bc8be83f9f9a380f93f396d5ccb74cb8ac4eec,True,False,1,1,True,False,6d38d7a7e4ccc0cd21261ff27458bbfec43022e90858441b148c763f459bdc05,31a7a541d3eb3d99e166c80b243812e6678c96f5f504254d1acff781fbc1da55,False,"[""historical_build"", ""reference_not_ranking"", ""gpu_placement_metadata_only""]"
mvt,cova_openmp_gpu,default,fresh_process,observed,0.7398103280065698,mvt,2026-09-21-npbench-cova-L,69bc8be83f9f9a380f93f396d5ccb74cb8ac4eec,True,False,2,2,True,False,6d38d7a7e4ccc0cd21261ff27458bbfec43022e90858441b148c763f459bdc05,31a7a541d3eb3d99e166c80b243812e6678c96f5f504254d1acff781fbc1da55,False,"[""historical_build"", ""reference_not_ranking"", ""gpu_placement_metadata_only""]"
mvt,cova_openmp_gpu,default,same_process,observed,0.36006196499511134,mvt,2026-09-21-npbench-cova-L,69bc8be83f9f9a380f93f396d5ccb74cb8ac4eec,True,False,6,3,True,False,6d38d7a7e4ccc0cd21261ff27458bbfec43022e90858441b148c763f459bdc05,31a7a541d3eb3d99e166c80b243812e6678c96f5f504254d1acff781fbc1da55,False,"[""historical_build"", ""reference_not_ranking"", ""gpu_placement_metadata_only""]"
mvt,cova_serial_cpu,default,initialization,observed,3.539371292004944,mvt,2026-09-21-npbench-cova-L,69bc8be83f9f9a380f93f396d5ccb74cb8ac4eec,True,False,1,1,True,False,6d38d7a7e4ccc0cd21261ff27458bbfec43022e90858441b148c763f459bdc05,31a7a541d3eb3d99e166c80b243812e6678c96f5f504254d1acff781fbc1da55,False,"[""historical_build"", ""reference_not_ranking""]"
mvt,cova_serial_cpu,default,fresh_process,observed,0.9610019669999019,mvt,2026-09-21-npbench-cova-L,69bc8be83f9f9a380f93f396d5ccb74cb8ac4eec,True,False,2,2,True,False,6d38d7a7e4ccc0cd21261ff27458bbfec43022e90858441b148c763f459bdc05,31a7a541d3eb3d99e166c80b243812e6678c96f5f504254d1acff781fbc1da55,False,"[""historical_build"", ""reference_not_ranking""]"
mvt,cova_serial_cpu,default,same_process,observed,1.2352807904971996,mvt,2026-09-21-npbench-cova-L,69bc8be83f9f9a380f93f396d5ccb74cb8ac4eec,True,False,6,3,True,False,6d38d7a7e4ccc0cd21261ff27458bbfec43022e90858441b148c763f459bdc05,31a7a541d3eb3d99e166c80b243812e6678c96f5f504254d1acff781fbc1da55,False,"[""historical_build"", ""reference_not_ranking""]"
nbody,cova_llvm_cpu,default,initialization,validation,,nbody,closure-step6,4ea0edb2+step6-fefd0a9c3c44,True,False,0,0,True,False,eb19dd29eced1356f5981ddd1d68235062b1cd0e3e730e4069acc2a4f30a6512,369f565b2cc3f4d1e7431a758f71f09b2fb5270f7b56b9b6b5de37373d88c636,False,"[""historical_build"", ""reference_not_ranking""]"
nbody,cova_llvm_cpu,default,fresh_process,validation,,nbody,closure-step6,4ea0edb2+step6-fefd0a9c3c44,True,False,0,0,True,False,eb19dd29eced1356f5981ddd1d68235062b1cd0e3e730e4069acc2a4f30a6512,369f565b2cc3f4d1e7431a758f71f09b2fb5270f7b56b9b6b5de37373d88c636,False,"[""historical_build"", ""reference_not_ranking""]"
nbody,cova_llvm_cpu,default,same_process,validation,,nbody,closure-step6,4ea0edb2+step6-fefd0a9c3c44,True,False,0,0,True,False,eb19dd29eced1356f5981ddd1d68235062b1cd0e3e730e4069acc2a4f30a6512,369f565b2cc3f4d1e7431a758f71f09b2fb5270f7b56b9b6b5de37373d88c636,False,"[""historical_build"", ""reference_not_ranking""]"
nbody,cova_llvm_cpu_serial,default,initialization,error,,nbody,2026-09-21-npbench-cova-L,69bc8be83f9f9a380f93f396d5ccb74cb8ac4eec,True,False,0,0,True,False,eb19dd29eced1356f5981ddd1d68235062b1cd0e3e730e4069acc2a4f30a6512,369f565b2cc3f4d1e7431a758f71f09b2fb5270f7b56b9b6b5de37373d88c636,False,"[""historical_build"", ""reference_not_ranking""]"
nbody,cova_llvm_cpu_serial,default,fresh_process,error,,nbody,2026-09-21-npbench-cova-L,69bc8be83f9f9a380f93f396d5ccb74cb8ac4eec,True,False,0,0,True,False,eb19dd29eced1356f5981ddd1d68235062b1cd0e3e730e4069acc2a4f30a6512,369f565b2cc3f4d1e7431a758f71f09b2fb5270f7b56b9b6b5de37373d88c636,False,"[""historical_build"", ""reference_not_ranking""]"
nbody,cova_llvm_cpu_serial,default,same_process,error,,nbody,2026-09-21-npbench-cova-L,69bc8be83f9f9a380f93f396d5ccb74cb8ac4eec,True,False,0,0,True,False,eb19dd29eced1356f5981ddd1d68235062b1cd0e3e730e4069acc2a4f30a6512,369f565b2cc3f4d1e7431a758f71f09b2fb5270f7b56b9b6b5de37373d88c636,False,"[""historical_build"", ""reference_not_ranking""]"
nbody,cova_llvm_gpu,default,initialization,validation,,nbody,closure-step6,4ea0edb2+step6-fefd0a9c3c44,True,False,0,0,True,False,eb19dd29eced1356f5981ddd1d68235062b1cd0e3e730e4069acc2a4f30a6512,369f565b2cc3f4d1e7431a758f71f09b2fb5270f7b56b9b6b5de37373d88c636,False,"[""historical_build"", ""reference_not_ranking""]"
nbody,cova_llvm_gpu,default,fresh_process,validation,,nbody,closure-step6,4ea0edb2+step6-fefd0a9c3c44,True,False,0,0,True,False,eb19dd29eced1356f5981ddd1d68235062b1cd0e3e730e4069acc2a4f30a6512,369f565b2cc3f4d1e7431a758f71f09b2fb5270f7b56b9b6b5de37373d88c636,False,"[""historical_build"", ""reference_not_ranking""]"
nbody,cova_llvm_gpu,default,same_process,validation,,nbody,closure-step6,4ea0edb2+step6-fefd0a9c3c44,True,False,0,0,True,False,eb19dd29eced1356f5981ddd1d68235062b1cd0e3e730e4069acc2a4f30a6512,369f565b2cc3f4d1e7431a758f71f09b2fb5270f7b56b9b6b5de37373d88c636,False,"[""historical_build"", ""reference_not_ranking""]"
nbody,cova_openmp_cpu,default,initialization,error,,nbody,2026-09-21-npbench-cova-L,69bc8be83f9f9a380f93f396d5ccb74cb8ac4eec,True,False,0,0,True,False,eb19dd29eced1356f5981ddd1d68235062b1cd0e3e730e4069acc2a4f30a6512,369f565b2cc3f4d1e7431a758f71f09b2fb5270f7b56b9b6b5de37373d88c636,False,"[""historical_build"", ""reference_not_ranking""]"
nbody,cova_openmp_cpu,default,fresh_process,error,,nbody,2026-09-21-npbench-cova-L,69bc8be83f9f9a380f93f396d5ccb74cb8ac4eec,True,False,0,0,True,False,eb19dd29eced1356f5981ddd1d68235062b1cd0e3e730e4069acc2a4f30a6512,369f565b2cc3f4d1e7431a758f71f09b2fb5270f7b56b9b6b5de37373d88c636,False,"[""historical_build"", ""reference_not_ranking""]"
nbody,cova_openmp_cpu,default,same_process,error,,nbody,2026-09-21-npbench-cova-L,69bc8be83f9f9a380f93f396d5ccb74cb8ac4eec,True,False,0,0,True,False,eb19dd29eced1356f5981ddd1d68235062b1cd0e3e730e4069acc2a4f30a6512,369f565b2cc3f4d1e7431a758f71f09b2fb5270f7b56b9b6b5de37373d88c636,False,"[""historical_build"", ""reference_not_ranking""]"
nbody,cova_openmp_gpu,default,initialization,error,,nbody,2026-09-21-npbench-cova-L,69bc8be83f9f9a380f93f396d5ccb74cb8ac4eec,True,False,0,0,True,False,eb19dd29eced1356f5981ddd1d68235062b1cd0e3e730e4069acc2a4f30a6512,369f565b2cc3f4d1e7431a758f71f09b2fb5270f7b56b9b6b5de37373d88c636,False,"[""historical_build"", ""reference_not_ranking"", ""gpu_placement_metadata_only""]"
nbody,cova_openmp_gpu,default,fresh_process,error,,nbody,2026-09-21-npbench-cova-L,69bc8be83f9f9a380f93f396d5ccb74cb8ac4eec,True,False,0,0,True,False,eb19dd29eced1356f5981ddd1d68235062b1cd0e3e730e4069acc2a4f30a6512,369f565b2cc3f4d1e7431a758f71f09b2fb5270f7b56b9b6b5de37373d88c636,False,"[""historical_build"", ""reference_not_ranking"", ""gpu_placement_metadata_only""]"
nbody,cova_openmp_gpu,default,same_process,error,,nbody,2026-09-21-npbench-cova-L,69bc8be83f9f9a380f93f396d5ccb74cb8ac4eec,True,False,0,0,True,False,eb19dd29eced1356f5981ddd1d68235062b1cd0e3e730e4069acc2a4f30a6512,369f565b2cc3f4d1e7431a758f71f09b2fb5270f7b56b9b6b5de37373d88c636,False,"[""historical_build"", ""reference_not_ranking"", ""gpu_placement_metadata_only""]"
nbody,cova_serial_cpu,default,initialization,error,,nbody,2026-09-21-npbench-cova-L,69bc8be83f9f9a380f93f396d5ccb74cb8ac4eec,True,False,0,0,True,False,eb19dd29eced1356f5981ddd1d68235062b1cd0e3e730e4069acc2a4f30a6512,369f565b2cc3f4d1e7431a758f71f09b2fb5270f7b56b9b6b5de37373d88c636,False,"[""historical_build"", ""reference_not_ranking""]"
nbody,cova_serial_cpu,default,fresh_process,error,,nbody,2026-09-21-npbench-cova-L,69bc8be83f9f9a380f93f396d5ccb74cb8ac4eec,True,False,0,0,True,False,eb19dd29eced1356f5981ddd1d68235062b1cd0e3e730e4069acc2a4f30a6512,369f565b2cc3f4d1e7431a758f71f09b2fb5270f7b56b9b6b5de37373d88c636,False,"[""historical_build"", ""reference_not_ranking""]"
nbody,cova_serial_cpu,default,same_process,error,,nbody,2026-09-21-npbench-cova-L,69bc8be83f9f9a380f93f396d5ccb74cb8ac4eec,True,False,0,0,True,False,eb19dd29eced1356f5981ddd1d68235062b1cd0e3e730e4069acc2a4f30a6512,369f565b2cc3f4d1e7431a758f71f09b2fb5270f7b56b9b6b5de37373d88c636,False,"[""historical_build"", ""reference_not_ranking""]"
nussinov,cova_llvm_cpu,default,initialization,observed,1.7479731630010065,nussinov,closure-step6,4ea0edb2+step6-fefd0a9c3c44,True,False,1,1,True,False,7de19d1b6c54c559477765ce530898d3c0e580b07d787f443f19ff85acf43418,05b880e157b9ee387cb9be1fa3b10e2f4efe7bed764c6b129b8b31ad87b8df2a,False,"[""historical_build"", ""reference_not_ranking""]"
nussinov,cova_llvm_cpu,default,fresh_process,observed,0.01241518699680455,nussinov,closure-step6,4ea0edb2+step6-fefd0a9c3c44,True,False,2,2,True,False,7de19d1b6c54c559477765ce530898d3c0e580b07d787f443f19ff85acf43418,05b880e157b9ee387cb9be1fa3b10e2f4efe7bed764c6b129b8b31ad87b8df2a,False,"[""historical_build"", ""reference_not_ranking""]"
nussinov,cova_llvm_cpu,default,same_process,observed,0.0057846569834509864,nussinov,closure-step6,4ea0edb2+step6-fefd0a9c3c44,True,False,6,3,True,False,7de19d1b6c54c559477765ce530898d3c0e580b07d787f443f19ff85acf43418,05b880e157b9ee387cb9be1fa3b10e2f4efe7bed764c6b129b8b31ad87b8df2a,False,"[""historical_build"", ""reference_not_ranking""]"
nussinov,cova_llvm_cpu_serial,default,initialization,observed,1.6847906689945376,nussinov,2026-09-21-npbench-cova-L,69bc8be83f9f9a380f93f396d5ccb74cb8ac4eec,True,False,1,1,True,False,7de19d1b6c54c559477765ce530898d3c0e580b07d787f443f19ff85acf43418,05b880e157b9ee387cb9be1fa3b10e2f4efe7bed764c6b129b8b31ad87b8df2a,False,"[""historical_build"", ""reference_not_ranking""]"
nussinov,cova_llvm_cpu_serial,default,fresh_process,observed,0.025515783003356773,nussinov,2026-09-21-npbench-cova-L,69bc8be83f9f9a380f93f396d5ccb74cb8ac4eec,True,False,2,2,True,False,7de19d1b6c54c559477765ce530898d3c0e580b07d787f443f19ff85acf43418,05b880e157b9ee387cb9be1fa3b10e2f4efe7bed764c6b129b8b31ad87b8df2a,False,"[""historical_build"", ""reference_not_ranking""]"
nussinov,cova_llvm_cpu_serial,default,same_process,observed,0.0190285514909192,nussinov,2026-09-21-npbench-cova-L,69bc8be83f9f9a380f93f396d5ccb74cb8ac4eec,True,False,6,3,True,False,7de19d1b6c54c559477765ce530898d3c0e580b07d787f443f19ff85acf43418,05b880e157b9ee387cb9be1fa3b10e2f4efe7bed764c6b129b8b31ad87b8df2a,False,"[""historical_build"", ""reference_not_ranking""]"
nussinov,cova_llvm_gpu,default,initialization,observed,4.224514114990598,nussinov,closure-step6,4ea0edb2+step6-fefd0a9c3c44,True,False,1,1,True,False,7de19d1b6c54c559477765ce530898d3c0e580b07d787f443f19ff85acf43418,05b880e157b9ee387cb9be1fa3b10e2f4efe7bed764c6b129b8b31ad87b8df2a,True,"[""historical_build"", ""reference_not_ranking""]"
nussinov,cova_llvm_gpu,default,fresh_process,observed,0.32469035699614324,nussinov,closure-step6,4ea0edb2+step6-fefd0a9c3c44,True,False,2,2,True,False,7de19d1b6c54c559477765ce530898d3c0e580b07d787f443f19ff85acf43418,05b880e157b9ee387cb9be1fa3b10e2f4efe7bed764c6b129b8b31ad87b8df2a,True,"[""historical_build"", ""reference_not_ranking""]"
nussinov,cova_llvm_gpu,default,same_process,observed,0.11657639550685417,nussinov,closure-step6,4ea0edb2+step6-fefd0a9c3c44,True,False,6,3,True,False,7de19d1b6c54c559477765ce530898d3c0e580b07d787f443f19ff85acf43418,05b880e157b9ee387cb9be1fa3b10e2f4efe7bed764c6b129b8b31ad87b8df2a,True,"[""historical_build"", ""reference_not_ranking""]"
nussinov,cova_openmp_cpu,default,initialization,observed,5.2799601839942625,nussinov,closure-step1,69bc8be8+step1-a17be401ded3,True,False,1,1,True,False,7de19d1b6c54c559477765ce530898d3c0e580b07d787f443f19ff85acf43418,05b880e157b9ee387cb9be1fa3b10e2f4efe7bed764c6b129b8b31ad87b8df2a,False,"[""historical_build"", ""reference_not_ranking""]"
nussinov,cova_openmp_cpu,default,fresh_process,observed,3.2081623894991935,nussinov,closure-step1,69bc8be8+step1-a17be401ded3,True,False,2,2,True,False,7de19d1b6c54c559477765ce530898d3c0e580b07d787f443f19ff85acf43418,05b880e157b9ee387cb9be1fa3b10e2f4efe7bed764c6b129b8b31ad87b8df2a,False,"[""historical_build"", ""reference_not_ranking""]"
nussinov,cova_openmp_cpu,default,same_process,observed,2.4212600640021265,nussinov,closure-step1,69bc8be8+step1-a17be401ded3,True,False,6,3,True,False,7de19d1b6c54c559477765ce530898d3c0e580b07d787f443f19ff85acf43418,05b880e157b9ee387cb9be1fa3b10e2f4efe7bed764c6b129b8b31ad87b8df2a,False,"[""historical_build"", ""reference_not_ranking""]"
nussinov,cova_openmp_gpu,default,initialization,error,,nussinov,2026-09-21-npbench-cova-L,69bc8be83f9f9a380f93f396d5ccb74cb8ac4eec,True,False,0,0,True,False,7de19d1b6c54c559477765ce530898d3c0e580b07d787f443f19ff85acf43418,05b880e157b9ee387cb9be1fa3b10e2f4efe7bed764c6b129b8b31ad87b8df2a,False,"[""historical_build"", ""reference_not_ranking"", ""gpu_placement_metadata_only""]"
nussinov,cova_openmp_gpu,default,fresh_process,error,,nussinov,2026-09-21-npbench-cova-L,69bc8be83f9f9a380f93f396d5ccb74cb8ac4eec,True,False,0,0,True,False,7de19d1b6c54c559477765ce530898d3c0e580b07d787f443f19ff85acf43418,05b880e157b9ee387cb9be1fa3b10e2f4efe7bed764c6b129b8b31ad87b8df2a,False,"[""historical_build"", ""reference_not_ranking"", ""gpu_placement_metadata_only""]"
nussinov,cova_openmp_gpu,default,same_process,error,,nussinov,2026-09-21-npbench-cova-L,69bc8be83f9f9a380f93f396d5ccb74cb8ac4eec,True,False,0,0,True,False,7de19d1b6c54c559477765ce530898d3c0e580b07d787f443f19ff85acf43418,05b880e157b9ee387cb9be1fa3b10e2f4efe7bed764c6b129b8b31ad87b8df2a,False,"[""historical_build"", ""reference_not_ranking"", ""gpu_placement_metadata_only""]"
nussinov,cova_serial_cpu,default,initialization,observed,2.140134361994569,nussinov,2026-09-21-npbench-cova-L,69bc8be83f9f9a380f93f396d5ccb74cb8ac4eec,True,False,1,1,True,False,7de19d1b6c54c559477765ce530898d3c0e580b07d787f443f19ff85acf43418,05b880e157b9ee387cb9be1fa3b10e2f4efe7bed764c6b129b8b31ad87b8df2a,False,"[""historical_build"", ""reference_not_ranking""]"
nussinov,cova_serial_cpu,default,fresh_process,observed,0.023607988499861676,nussinov,2026-09-21-npbench-cova-L,69bc8be83f9f9a380f93f396d5ccb74cb8ac4eec,True,False,2,2,True,False,7de19d1b6c54c559477765ce530898d3c0e580b07d787f443f19ff85acf43418,05b880e157b9ee387cb9be1fa3b10e2f4efe7bed764c6b129b8b31ad87b8df2a,False,"[""historical_build"", ""reference_not_ranking""]"
nussinov,cova_serial_cpu,default,same_process,observed,0.01701858200249262,nussinov,2026-09-21-npbench-cova-L,69bc8be83f9f9a380f93f396d5ccb74cb8ac4eec,True,False,6,3,True,False,7de19d1b6c54c559477765ce530898d3c0e580b07d787f443f19ff85acf43418,05b880e157b9ee387cb9be1fa3b10e2f4efe7bed764c6b129b8b31ad87b8df2a,False,"[""historical_build"", ""reference_not_ranking""]"
resnet,cova_llvm_cpu,default,initialization,observed,7.325238230987452,resnet,closure-step6,4ea0edb2+step6-fefd0a9c3c44,True,False,1,1,True,False,9c64e5659fe9a99f38dfdee95f8c4b5ec1e0daa0e4544948c4f88bb50e6edbfa,070b0fcd2b4f101302a58108dce79a6ea1d6fdbdf9be753fec768d1818ea7464,False,"[""historical_build"", ""reference_not_ranking""]"
resnet,cova_llvm_cpu,default,fresh_process,observed,0.713575749003212,resnet,closure-step6,4ea0edb2+step6-fefd0a9c3c44,True,False,2,2,True,False,9c64e5659fe9a99f38dfdee95f8c4b5ec1e0daa0e4544948c4f88bb50e6edbfa,070b0fcd2b4f101302a58108dce79a6ea1d6fdbdf9be753fec768d1818ea7464,False,"[""historical_build"", ""reference_not_ranking""]"
resnet,cova_llvm_cpu,default,same_process,observed,0.5342813320021378,resnet,closure-step6,4ea0edb2+step6-fefd0a9c3c44,True,False,6,3,True,False,9c64e5659fe9a99f38dfdee95f8c4b5ec1e0daa0e4544948c4f88bb50e6edbfa,070b0fcd2b4f101302a58108dce79a6ea1d6fdbdf9be753fec768d1818ea7464,False,"[""historical_build"", ""reference_not_ranking""]"
resnet,cova_llvm_cpu_serial,default,initialization,observed,9.099856760993134,resnet,2026-09-21-npbench-cova-L,69bc8be83f9f9a380f93f396d5ccb74cb8ac4eec,True,False,1,1,True,False,9c64e5659fe9a99f38dfdee95f8c4b5ec1e0daa0e4544948c4f88bb50e6edbfa,070b0fcd2b4f101302a58108dce79a6ea1d6fdbdf9be753fec768d1818ea7464,False,"[""historical_build"", ""reference_not_ranking""]"
resnet,cova_llvm_cpu_serial,default,fresh_process,observed,3.416355338493304,resnet,2026-09-21-npbench-cova-L,69bc8be83f9f9a380f93f396d5ccb74cb8ac4eec,True,False,2,2,True,False,9c64e5659fe9a99f38dfdee95f8c4b5ec1e0daa0e4544948c4f88bb50e6edbfa,070b0fcd2b4f101302a58108dce79a6ea1d6fdbdf9be753fec768d1818ea7464,False,"[""historical_build"", ""reference_not_ranking""]"
resnet,cova_llvm_cpu_serial,default,same_process,observed,3.241573029998108,resnet,2026-09-21-npbench-cova-L,69bc8be83f9f9a380f93f396d5ccb74cb8ac4eec,True,False,6,3,True,False,9c64e5659fe9a99f38dfdee95f8c4b5ec1e0daa0e4544948c4f88bb50e6edbfa,070b0fcd2b4f101302a58108dce79a6ea1d6fdbdf9be753fec768d1818ea7464,False,"[""historical_build"", ""reference_not_ranking""]"
resnet,cova_llvm_gpu,default,initialization,observed,43.971310327993706,resnet,closure-step6,4ea0edb2+step6-fefd0a9c3c44,True,False,1,1,True,False,9c64e5659fe9a99f38dfdee95f8c4b5ec1e0daa0e4544948c4f88bb50e6edbfa,070b0fcd2b4f101302a58108dce79a6ea1d6fdbdf9be753fec768d1818ea7464,True,"[""historical_build"", ""reference_not_ranking""]"
resnet,cova_llvm_gpu,default,fresh_process,observed,37.38158233850845,resnet,closure-step6,4ea0edb2+step6-fefd0a9c3c44,True,False,2,2,True,False,9c64e5659fe9a99f38dfdee95f8c4b5ec1e0daa0e4544948c4f88bb50e6edbfa,070b0fcd2b4f101302a58108dce79a6ea1d6fdbdf9be753fec768d1818ea7464,True,"[""historical_build"", ""reference_not_ranking""]"
resnet,cova_llvm_gpu,default,same_process,observed,36.41836440701445,resnet,closure-step6,4ea0edb2+step6-fefd0a9c3c44,True,False,6,3,True,False,9c64e5659fe9a99f38dfdee95f8c4b5ec1e0daa0e4544948c4f88bb50e6edbfa,070b0fcd2b4f101302a58108dce79a6ea1d6fdbdf9be753fec768d1818ea7464,True,"[""historical_build"", ""reference_not_ranking""]"
resnet,cova_openmp_cpu,default,initialization,observed,5.870106640009908,resnet,2026-09-21-npbench-cova-L,69bc8be83f9f9a380f93f396d5ccb74cb8ac4eec,True,False,1,1,True,False,9c64e5659fe9a99f38dfdee95f8c4b5ec1e0daa0e4544948c4f88bb50e6edbfa,070b0fcd2b4f101302a58108dce79a6ea1d6fdbdf9be753fec768d1818ea7464,False,"[""historical_build"", ""reference_not_ranking""]"
resnet,cova_openmp_cpu,default,fresh_process,observed,0.4523062745065545,resnet,2026-09-21-npbench-cova-L,69bc8be83f9f9a380f93f396d5ccb74cb8ac4eec,True,False,2,2,True,False,9c64e5659fe9a99f38dfdee95f8c4b5ec1e0daa0e4544948c4f88bb50e6edbfa,070b0fcd2b4f101302a58108dce79a6ea1d6fdbdf9be753fec768d1818ea7464,False,"[""historical_build"", ""reference_not_ranking""]"
resnet,cova_openmp_cpu,default,same_process,observed,0.5871772929967847,resnet,2026-09-21-npbench-cova-L,69bc8be83f9f9a380f93f396d5ccb74cb8ac4eec,True,False,6,3,True,False,9c64e5659fe9a99f38dfdee95f8c4b5ec1e0daa0e4544948c4f88bb50e6edbfa,070b0fcd2b4f101302a58108dce79a6ea1d6fdbdf9be753fec768d1818ea7464,False,"[""historical_build"", ""reference_not_ranking""]"
resnet,cova_openmp_gpu,default,initialization,error,,resnet,2026-09-21-npbench-cova-L,69bc8be83f9f9a380f93f396d5ccb74cb8ac4eec,True,False,0,0,True,False,9c64e5659fe9a99f38dfdee95f8c4b5ec1e0daa0e4544948c4f88bb50e6edbfa,070b0fcd2b4f101302a58108dce79a6ea1d6fdbdf9be753fec768d1818ea7464,False,"[""historical_build"", ""reference_not_ranking"", ""gpu_placement_metadata_only""]"
resnet,cova_openmp_gpu,default,fresh_process,error,,resnet,2026-09-21-npbench-cova-L,69bc8be83f9f9a380f93f396d5ccb74cb8ac4eec,True,False,0,0,True,False,9c64e5659fe9a99f38dfdee95f8c4b5ec1e0daa0e4544948c4f88bb50e6edbfa,070b0fcd2b4f101302a58108dce79a6ea1d6fdbdf9be753fec768d1818ea7464,False,"[""historical_build"", ""reference_not_ranking"", ""gpu_placement_metadata_only""]"
resnet,cova_openmp_gpu,default,same_process,error,,resnet,2026-09-21-npbench-cova-L,69bc8be83f9f9a380f93f396d5ccb74cb8ac4eec,True,False,0,0,True,False,9c64e5659fe9a99f38dfdee95f8c4b5ec1e0daa0e4544948c4f88bb50e6edbfa,070b0fcd2b4f101302a58108dce79a6ea1d6fdbdf9be753fec768d1818ea7464,False,"[""historical_build"", ""reference_not_ranking"", ""gpu_placement_metadata_only""]"
resnet,cova_serial_cpu,default,initialization,observed,4.744417773996247,resnet,2026-09-21-npbench-cova-L,69bc8be83f9f9a380f93f396d5ccb74cb8ac4eec,True,False,1,1,True,False,9c64e5659fe9a99f38dfdee95f8c4b5ec1e0daa0e4544948c4f88bb50e6edbfa,070b0fcd2b4f101302a58108dce79a6ea1d6fdbdf9be753fec768d1818ea7464,False,"[""historical_build"", ""reference_not_ranking""]"
resnet,cova_serial_cpu,default,fresh_process,observed,0.44229454950254876,resnet,2026-09-21-npbench-cova-L,69bc8be83f9f9a380f93f396d5ccb74cb8ac4eec,True,False,2,2,True,False,9c64e5659fe9a99f38dfdee95f8c4b5ec1e0daa0e4544948c4f88bb50e6edbfa,070b0fcd2b4f101302a58108dce79a6ea1d6fdbdf9be753fec768d1818ea7464,False,"[""historical_build"", ""reference_not_ranking""]"
resnet,cova_serial_cpu,default,same_process,observed,0.4212972640088992,resnet,2026-09-21-npbench-cova-L,69bc8be83f9f9a380f93f396d5ccb74cb8ac4eec,True,False,6,3,True,False,9c64e5659fe9a99f38dfdee95f8c4b5ec1e0daa0e4544948c4f88bb50e6edbfa,070b0fcd2b4f101302a58108dce79a6ea1d6fdbdf9be753fec768d1818ea7464,False,"[""historical_build"", ""reference_not_ranking""]"
scattering_self_energies,cova_llvm_cpu,default,initialization,observed,2.0847920730011538,scattering_self_energies,closure-step6,4ea0edb2+step6-fefd0a9c3c44,True,False,1,1,True,False,dfe8b7a530913f54e6164d2f20cb5a63e6c95544a680629acde629144cff7caa,f7d4f3c7d50b72880addf25da02f47a077e25e5f288758e484adcbc85a181974,False,"[""historical_build"", ""reference_not_ranking""]"
scattering_self_energies,cova_llvm_cpu,default,fresh_process,observed,0.08249809748667758,scattering_self_energies,closure-step6,4ea0edb2+step6-fefd0a9c3c44,True,False,2,2,True,False,dfe8b7a530913f54e6164d2f20cb5a63e6c95544a680629acde629144cff7caa,f7d4f3c7d50b72880addf25da02f47a077e25e5f288758e484adcbc85a181974,False,"[""historical_build"", ""reference_not_ranking""]"
scattering_self_energies,cova_llvm_cpu,default,same_process,observed,0.0321803309925599,scattering_self_energies,closure-step6,4ea0edb2+step6-fefd0a9c3c44,True,False,6,3,True,False,dfe8b7a530913f54e6164d2f20cb5a63e6c95544a680629acde629144cff7caa,f7d4f3c7d50b72880addf25da02f47a077e25e5f288758e484adcbc85a181974,False,"[""historical_build"", ""reference_not_ranking""]"
scattering_self_energies,cova_llvm_cpu_serial,default,initialization,observed,2.2889700420055306,scattering_self_energies,2026-09-21-npbench-cova-L,69bc8be83f9f9a380f93f396d5ccb74cb8ac4eec,True,False,1,1,True,False,dfe8b7a530913f54e6164d2f20cb5a63e6c95544a680629acde629144cff7caa,f7d4f3c7d50b72880addf25da02f47a077e25e5f288758e484adcbc85a181974,False,"[""historical_build"", ""reference_not_ranking""]"
scattering_self_energies,cova_llvm_cpu_serial,default,fresh_process,observed,0.12335974099551095,scattering_self_energies,2026-09-21-npbench-cova-L,69bc8be83f9f9a380f93f396d5ccb74cb8ac4eec,True,False,2,2,True,False,dfe8b7a530913f54e6164d2f20cb5a63e6c95544a680629acde629144cff7caa,f7d4f3c7d50b72880addf25da02f47a077e25e5f288758e484adcbc85a181974,False,"[""historical_build"", ""reference_not_ranking""]"
scattering_self_energies,cova_llvm_cpu_serial,default,same_process,observed,0.14704386499943212,scattering_self_energies,2026-09-21-npbench-cova-L,69bc8be83f9f9a380f93f396d5ccb74cb8ac4eec,True,False,6,3,True,False,dfe8b7a530913f54e6164d2f20cb5a63e6c95544a680629acde629144cff7caa,f7d4f3c7d50b72880addf25da02f47a077e25e5f288758e484adcbc85a181974,False,"[""historical_build"", ""reference_not_ranking""]"
scattering_self_energies,cova_llvm_gpu,default,initialization,observed,35.53494144900469,scattering_self_energies,closure-step6,4ea0edb2+step6-fefd0a9c3c44,True,False,1,1,True,False,dfe8b7a530913f54e6164d2f20cb5a63e6c95544a680629acde629144cff7caa,f7d4f3c7d50b72880addf25da02f47a077e25e5f288758e484adcbc85a181974,True,"[""historical_build"", ""reference_not_ranking""]"
scattering_self_energies,cova_llvm_gpu,default,fresh_process,observed,26.479542367495014,scattering_self_energies,closure-step6,4ea0edb2+step6-fefd0a9c3c44,True,False,2,2,True,False,dfe8b7a530913f54e6164d2f20cb5a63e6c95544a680629acde629144cff7caa,f7d4f3c7d50b72880addf25da02f47a077e25e5f288758e484adcbc85a181974,True,"[""historical_build"", ""reference_not_ranking""]"
scattering_self_energies,cova_llvm_gpu,default,same_process,observed,27.421311477504787,scattering_self_energies,closure-step6,4ea0edb2+step6-fefd0a9c3c44,True,False,6,3,True,False,dfe8b7a530913f54e6164d2f20cb5a63e6c95544a680629acde629144cff7caa,f7d4f3c7d50b72880addf25da02f47a077e25e5f288758e484adcbc85a181974,True,"[""historical_build"", ""reference_not_ranking""]"
scattering_self_energies,cova_openmp_cpu,default,initialization,error,,scattering_self_energies,2026-09-21-npbench-cova-L,69bc8be83f9f9a380f93f396d5ccb74cb8ac4eec,True,False,0,0,True,False,dfe8b7a530913f54e6164d2f20cb5a63e6c95544a680629acde629144cff7caa,f7d4f3c7d50b72880addf25da02f47a077e25e5f288758e484adcbc85a181974,False,"[""historical_build"", ""reference_not_ranking""]"
scattering_self_energies,cova_openmp_cpu,default,fresh_process,error,,scattering_self_energies,2026-09-21-npbench-cova-L,69bc8be83f9f9a380f93f396d5ccb74cb8ac4eec,True,False,0,0,True,False,dfe8b7a530913f54e6164d2f20cb5a63e6c95544a680629acde629144cff7caa,f7d4f3c7d50b72880addf25da02f47a077e25e5f288758e484adcbc85a181974,False,"[""historical_build"", ""reference_not_ranking""]"
scattering_self_energies,cova_openmp_cpu,default,same_process,error,,scattering_self_energies,2026-09-21-npbench-cova-L,69bc8be83f9f9a380f93f396d5ccb74cb8ac4eec,True,False,0,0,True,False,dfe8b7a530913f54e6164d2f20cb5a63e6c95544a680629acde629144cff7caa,f7d4f3c7d50b72880addf25da02f47a077e25e5f288758e484adcbc85a181974,False,"[""historical_build"", ""reference_not_ranking""]"
scattering_self_energies,cova_openmp_gpu,default,initialization,error,,scattering_self_energies,2026-09-21-npbench-cova-L,69bc8be83f9f9a380f93f396d5ccb74cb8ac4eec,True,False,0,0,True,False,dfe8b7a530913f54e6164d2f20cb5a63e6c95544a680629acde629144cff7caa,f7d4f3c7d50b72880addf25da02f47a077e25e5f288758e484adcbc85a181974,False,"[""historical_build"", ""reference_not_ranking"", ""gpu_placement_metadata_only""]"
scattering_self_energies,cova_openmp_gpu,default,fresh_process,error,,scattering_self_energies,2026-09-21-npbench-cova-L,69bc8be83f9f9a380f93f396d5ccb74cb8ac4eec,True,False,0,0,True,False,dfe8b7a530913f54e6164d2f20cb5a63e6c95544a680629acde629144cff7caa,f7d4f3c7d50b72880addf25da02f47a077e25e5f288758e484adcbc85a181974,False,"[""historical_build"", ""reference_not_ranking"", ""gpu_placement_metadata_only""]"
scattering_self_energies,cova_openmp_gpu,default,same_process,error,,scattering_self_energies,2026-09-21-npbench-cova-L,69bc8be83f9f9a380f93f396d5ccb74cb8ac4eec,True,False,0,0,True,False,dfe8b7a530913f54e6164d2f20cb5a63e6c95544a680629acde629144cff7caa,f7d4f3c7d50b72880addf25da02f47a077e25e5f288758e484adcbc85a181974,False,"[""historical_build"", ""reference_not_ranking"", ""gpu_placement_metadata_only""]"
scattering_self_energies,cova_serial_cpu,default,initialization,error,,scattering_self_energies,2026-09-21-npbench-cova-L,69bc8be83f9f9a380f93f396d5ccb74cb8ac4eec,True,False,0,0,True,False,dfe8b7a530913f54e6164d2f20cb5a63e6c95544a680629acde629144cff7caa,f7d4f3c7d50b72880addf25da02f47a077e25e5f288758e484adcbc85a181974,False,"[""historical_build"", ""reference_not_ranking""]"
scattering_self_energies,cova_serial_cpu,default,fresh_process,error,,scattering_self_energies,2026-09-21-npbench-cova-L,69bc8be83f9f9a380f93f396d5ccb74cb8ac4eec,True,False,0,0,True,False,dfe8b7a530913f54e6164d2f20cb5a63e6c95544a680629acde629144cff7caa,f7d4f3c7d50b72880addf25da02f47a077e25e5f288758e484adcbc85a181974,False,"[""historical_build"", ""reference_not_ranking""]"
scattering_self_energies,cova_serial_cpu,default,same_process,error,,scattering_self_energies,2026-09-21-npbench-cova-L,69bc8be83f9f9a380f93f396d5ccb74cb8ac4eec,True,False,0,0,True,False,dfe8b7a530913f54e6164d2f20cb5a63e6c95544a680629acde629144cff7caa,f7d4f3c7d50b72880addf25da02f47a077e25e5f288758e484adcbc85a181974,False,"[""historical_build"", ""reference_not_ranking""]"
seidel_2d,cova_llvm_cpu,default,initialization,observed,1.9653775019978639,seidel_2d,closure-step6,4ea0edb2+step6-fefd0a9c3c44,True,False,1,1,True,False,ee1919384d25883ff17bfcdb49d28a5d6dabc6f97d12c672811043a4107874a9,6d10c80c878e92ea3bdd4f0a16c473438b233d1989ed5a8d0f8d1356e6d0b32b,False,"[""historical_build"", ""reference_not_ranking""]"
seidel_2d,cova_llvm_cpu,default,fresh_process,observed,0.028473227997892536,seidel_2d,closure-step6,4ea0edb2+step6-fefd0a9c3c44,True,False,2,2,True,False,ee1919384d25883ff17bfcdb49d28a5d6dabc6f97d12c672811043a4107874a9,6d10c80c878e92ea3bdd4f0a16c473438b233d1989ed5a8d0f8d1356e6d0b32b,False,"[""historical_build"", ""reference_not_ranking""]"
seidel_2d,cova_llvm_cpu,default,same_process,observed,0.028402350508258678,seidel_2d,closure-step6,4ea0edb2+step6-fefd0a9c3c44,True,False,6,3,True,False,ee1919384d25883ff17bfcdb49d28a5d6dabc6f97d12c672811043a4107874a9,6d10c80c878e92ea3bdd4f0a16c473438b233d1989ed5a8d0f8d1356e6d0b32b,False,"[""historical_build"", ""reference_not_ranking""]"
seidel_2d,cova_llvm_cpu_serial,default,initialization,observed,1.9022082349983975,seidel_2d,2026-09-21-npbench-cova-L,69bc8be83f9f9a380f93f396d5ccb74cb8ac4eec,True,False,1,1,True,False,ee1919384d25883ff17bfcdb49d28a5d6dabc6f97d12c672811043a4107874a9,6d10c80c878e92ea3bdd4f0a16c473438b233d1989ed5a8d0f8d1356e6d0b32b,False,"[""historical_build"", ""reference_not_ranking""]"
seidel_2d,cova_llvm_cpu_serial,default,fresh_process,observed,0.09492385550402105,seidel_2d,2026-09-21-npbench-cova-L,69bc8be83f9f9a380f93f396d5ccb74cb8ac4eec,True,False,2,2,True,False,ee1919384d25883ff17bfcdb49d28a5d6dabc6f97d12c672811043a4107874a9,6d10c80c878e92ea3bdd4f0a16c473438b233d1989ed5a8d0f8d1356e6d0b32b,False,"[""historical_build"", ""reference_not_ranking""]"
seidel_2d,cova_llvm_cpu_serial,default,same_process,observed,0.1077049120067386,seidel_2d,2026-09-21-npbench-cova-L,69bc8be83f9f9a380f93f396d5ccb74cb8ac4eec,True,False,6,3,True,False,ee1919384d25883ff17bfcdb49d28a5d6dabc6f97d12c672811043a4107874a9,6d10c80c878e92ea3bdd4f0a16c473438b233d1989ed5a8d0f8d1356e6d0b32b,False,"[""historical_build"", ""reference_not_ranking""]"
seidel_2d,cova_llvm_gpu,default,initialization,observed,8.584028976998525,seidel_2d,closure-step6,4ea0edb2+step6-fefd0a9c3c44,True,False,1,1,True,False,ee1919384d25883ff17bfcdb49d28a5d6dabc6f97d12c672811043a4107874a9,6d10c80c878e92ea3bdd4f0a16c473438b233d1989ed5a8d0f8d1356e6d0b32b,True,"[""historical_build"", ""reference_not_ranking""]"
seidel_2d,cova_llvm_gpu,default,fresh_process,observed,3.328382914987742,seidel_2d,closure-step6,4ea0edb2+step6-fefd0a9c3c44,True,False,2,2,True,False,ee1919384d25883ff17bfcdb49d28a5d6dabc6f97d12c672811043a4107874a9,6d10c80c878e92ea3bdd4f0a16c473438b233d1989ed5a8d0f8d1356e6d0b32b,True,"[""historical_build"", ""reference_not_ranking""]"
seidel_2d,cova_llvm_gpu,default,same_process,observed,3.1061459365009796,seidel_2d,closure-step6,4ea0edb2+step6-fefd0a9c3c44,True,False,6,3,True,False,ee1919384d25883ff17bfcdb49d28a5d6dabc6f97d12c672811043a4107874a9,6d10c80c878e92ea3bdd4f0a16c473438b233d1989ed5a8d0f8d1356e6d0b32b,True,"[""historical_build"", ""reference_not_ranking""]"
seidel_2d,cova_openmp_cpu,default,initialization,observed,2.239322073990479,seidel_2d,2026-09-21-npbench-cova-L,69bc8be83f9f9a380f93f396d5ccb74cb8ac4eec,True,False,1,1,True,False,ee1919384d25883ff17bfcdb49d28a5d6dabc6f97d12c672811043a4107874a9,6d10c80c878e92ea3bdd4f0a16c473438b233d1989ed5a8d0f8d1356e6d0b32b,False,"[""historical_build"", ""reference_not_ranking""]"
seidel_2d,cova_openmp_cpu,default,fresh_process,observed,0.040351516501687,seidel_2d,2026-09-21-npbench-cova-L,69bc8be83f9f9a380f93f396d5ccb74cb8ac4eec,True,False,2,2,True,False,ee1919384d25883ff17bfcdb49d28a5d6dabc6f97d12c672811043a4107874a9,6d10c80c878e92ea3bdd4f0a16c473438b233d1989ed5a8d0f8d1356e6d0b32b,False,"[""historical_build"", ""reference_not_ranking""]"
seidel_2d,cova_openmp_cpu,default,same_process,observed,0.04405347700230777,seidel_2d,2026-09-21-npbench-cova-L,69bc8be83f9f9a380f93f396d5ccb74cb8ac4eec,True,False,6,3,True,False,ee1919384d25883ff17bfcdb49d28a5d6dabc6f97d12c672811043a4107874a9,6d10c80c878e92ea3bdd4f0a16c473438b233d1989ed5a8d0f8d1356e6d0b32b,False,"[""historical_build"", ""reference_not_ranking""]"
seidel_2d,cova_openmp_gpu,default,initialization,observed,4.032670202999725,seidel_2d,2026-09-21-npbench-cova-L,69bc8be83f9f9a380f93f396d5ccb74cb8ac4eec,True,False,1,1,True,False,ee1919384d25883ff17bfcdb49d28a5d6dabc6f97d12c672811043a4107874a9,6d10c80c878e92ea3bdd4f0a16c473438b233d1989ed5a8d0f8d1356e6d0b32b,False,"[""historical_build"", ""reference_not_ranking"", ""gpu_placement_metadata_only""]"
seidel_2d,cova_openmp_gpu,default,fresh_process,observed,0.044637501501711085,seidel_2d,2026-09-21-npbench-cova-L,69bc8be83f9f9a380f93f396d5ccb74cb8ac4eec,True,False,2,2,True,False,ee1919384d25883ff17bfcdb49d28a5d6dabc6f97d12c672811043a4107874a9,6d10c80c878e92ea3bdd4f0a16c473438b233d1989ed5a8d0f8d1356e6d0b32b,False,"[""historical_build"", ""reference_not_ranking"", ""gpu_placement_metadata_only""]"
seidel_2d,cova_openmp_gpu,default,same_process,observed,0.03687671400984982,seidel_2d,2026-09-21-npbench-cova-L,69bc8be83f9f9a380f93f396d5ccb74cb8ac4eec,True,False,6,3,True,False,ee1919384d25883ff17bfcdb49d28a5d6dabc6f97d12c672811043a4107874a9,6d10c80c878e92ea3bdd4f0a16c473438b233d1989ed5a8d0f8d1356e6d0b32b,False,"[""historical_build"", ""reference_not_ranking"", ""gpu_placement_metadata_only""]"
seidel_2d,cova_serial_cpu,default,initialization,observed,2.084137464000378,seidel_2d,2026-09-21-npbench-cova-L,69bc8be83f9f9a380f93f396d5ccb74cb8ac4eec,True,False,1,1,True,False,ee1919384d25883ff17bfcdb49d28a5d6dabc6f97d12c672811043a4107874a9,6d10c80c878e92ea3bdd4f0a16c473438b233d1989ed5a8d0f8d1356e6d0b32b,False,"[""historical_build"", ""reference_not_ranking""]"
seidel_2d,cova_serial_cpu,default,fresh_process,observed,0.04214379500626819,seidel_2d,2026-09-21-npbench-cova-L,69bc8be83f9f9a380f93f396d5ccb74cb8ac4eec,True,False,2,2,True,False,ee1919384d25883ff17bfcdb49d28a5d6dabc6f97d12c672811043a4107874a9,6d10c80c878e92ea3bdd4f0a16c473438b233d1989ed5a8d0f8d1356e6d0b32b,False,"[""historical_build"", ""reference_not_ranking""]"
seidel_2d,cova_serial_cpu,default,same_process,observed,0.038166220001585316,seidel_2d,2026-09-21-npbench-cova-L,69bc8be83f9f9a380f93f396d5ccb74cb8ac4eec,True,False,6,3,True,False,ee1919384d25883ff17bfcdb49d28a5d6dabc6f97d12c672811043a4107874a9,6d10c80c878e92ea3bdd4f0a16c473438b233d1989ed5a8d0f8d1356e6d0b32b,False,"[""historical_build"", ""reference_not_ranking""]"
softmax,cova_llvm_cpu,default,initialization,observed,4.162149012990994,softmax,closure-step6,4ea0edb2+step6-fefd0a9c3c44,True,False,1,1,True,False,4c2cc8073ef8741ed9febc8a4ff62219351eab9b80f103f3f9ef78cbfb3d3a24,2fcf9437c28756a764115316372f1c170da55c13fa29321255a7dcc2a7583c80,False,"[""historical_build"", ""reference_not_ranking""]"
softmax,cova_llvm_cpu,default,fresh_process,observed,0.46979315399948973,softmax,closure-step6,4ea0edb2+step6-fefd0a9c3c44,True,False,2,2,True,False,4c2cc8073ef8741ed9febc8a4ff62219351eab9b80f103f3f9ef78cbfb3d3a24,2fcf9437c28756a764115316372f1c170da55c13fa29321255a7dcc2a7583c80,False,"[""historical_build"", ""reference_not_ranking""]"
softmax,cova_llvm_cpu,default,same_process,observed,0.35770861599303316,softmax,closure-step6,4ea0edb2+step6-fefd0a9c3c44,True,False,6,3,True,False,4c2cc8073ef8741ed9febc8a4ff62219351eab9b80f103f3f9ef78cbfb3d3a24,2fcf9437c28756a764115316372f1c170da55c13fa29321255a7dcc2a7583c80,False,"[""historical_build"", ""reference_not_ranking""]"
softmax,cova_llvm_cpu_serial,default,initialization,observed,4.6867341690085595,softmax,2026-09-21-npbench-cova-L,69bc8be83f9f9a380f93f396d5ccb74cb8ac4eec,True,False,1,1,True,False,4c2cc8073ef8741ed9febc8a4ff62219351eab9b80f103f3f9ef78cbfb3d3a24,2fcf9437c28756a764115316372f1c170da55c13fa29321255a7dcc2a7583c80,False,"[""historical_build"", ""reference_not_ranking""]"
softmax,cova_llvm_cpu_serial,default,fresh_process,observed,2.1310932244959986,softmax,2026-09-21-npbench-cova-L,69bc8be83f9f9a380f93f396d5ccb74cb8ac4eec,True,False,2,2,True,False,4c2cc8073ef8741ed9febc8a4ff62219351eab9b80f103f3f9ef78cbfb3d3a24,2fcf9437c28756a764115316372f1c170da55c13fa29321255a7dcc2a7583c80,False,"[""historical_build"", ""reference_not_ranking""]"
softmax,cova_llvm_cpu_serial,default,same_process,observed,1.964675253497262,softmax,2026-09-21-npbench-cova-L,69bc8be83f9f9a380f93f396d5ccb74cb8ac4eec,True,False,6,3,True,False,4c2cc8073ef8741ed9febc8a4ff62219351eab9b80f103f3f9ef78cbfb3d3a24,2fcf9437c28756a764115316372f1c170da55c13fa29321255a7dcc2a7583c80,False,"[""historical_build"", ""reference_not_ranking""]"
softmax,cova_llvm_gpu,default,initialization,observed,4.892441606003558,softmax,closure-step6,4ea0edb2+step6-fefd0a9c3c44,True,False,1,1,True,False,4c2cc8073ef8741ed9febc8a4ff62219351eab9b80f103f3f9ef78cbfb3d3a24,2fcf9437c28756a764115316372f1c170da55c13fa29321255a7dcc2a7583c80,True,"[""historical_build"", ""reference_not_ranking""]"
softmax,cova_llvm_gpu,default,fresh_process,observed,0.9423880105023272,softmax,closure-step6,4ea0edb2+step6-fefd0a9c3c44,True,False,2,2,True,False,4c2cc8073ef8741ed9febc8a4ff62219351eab9b80f103f3f9ef78cbfb3d3a24,2fcf9437c28756a764115316372f1c170da55c13fa29321255a7dcc2a7583c80,True,"[""historical_build"", ""reference_not_ranking""]"
softmax,cova_llvm_gpu,default,same_process,observed,0.6834302685019793,softmax,closure-step6,4ea0edb2+step6-fefd0a9c3c44,True,False,6,3,True,False,4c2cc8073ef8741ed9febc8a4ff62219351eab9b80f103f3f9ef78cbfb3d3a24,2fcf9437c28756a764115316372f1c170da55c13fa29321255a7dcc2a7583c80,True,"[""historical_build"", ""reference_not_ranking""]"
softmax,cova_openmp_cpu,default,initialization,observed,2.7688704329921165,softmax,2026-09-21-npbench-cova-L,69bc8be83f9f9a380f93f396d5ccb74cb8ac4eec,True,False,1,1,True,False,4c2cc8073ef8741ed9febc8a4ff62219351eab9b80f103f3f9ef78cbfb3d3a24,2fcf9437c28756a764115316372f1c170da55c13fa29321255a7dcc2a7583c80,False,"[""historical_build"", ""reference_not_ranking""]"
softmax,cova_openmp_cpu,default,fresh_process,observed,0.379005517999758,softmax,2026-09-21-npbench-cova-L,69bc8be83f9f9a380f93f396d5ccb74cb8ac4eec,True,False,2,2,True,False,4c2cc8073ef8741ed9febc8a4ff62219351eab9b80f103f3f9ef78cbfb3d3a24,2fcf9437c28756a764115316372f1c170da55c13fa29321255a7dcc2a7583c80,False,"[""historical_build"", ""reference_not_ranking""]"
softmax,cova_openmp_cpu,default,same_process,observed,0.360536370499176,softmax,2026-09-21-npbench-cova-L,69bc8be83f9f9a380f93f396d5ccb74cb8ac4eec,True,False,6,3,True,False,4c2cc8073ef8741ed9febc8a4ff62219351eab9b80f103f3f9ef78cbfb3d3a24,2fcf9437c28756a764115316372f1c170da55c13fa29321255a7dcc2a7583c80,False,"[""historical_build"", ""reference_not_ranking""]"
softmax,cova_openmp_gpu,default,initialization,observed,6.329799554994679,softmax,2026-09-21-npbench-cova-L,69bc8be83f9f9a380f93f396d5ccb74cb8ac4eec,True,False,1,1,True,False,4c2cc8073ef8741ed9febc8a4ff62219351eab9b80f103f3f9ef78cbfb3d3a24,2fcf9437c28756a764115316372f1c170da55c13fa29321255a7dcc2a7583c80,False,"[""historical_build"", ""reference_not_ranking"", ""gpu_placement_metadata_only""]"
softmax,cova_openmp_gpu,default,fresh_process,observed,0.580131655005971,softmax,2026-09-21-npbench-cova-L,69bc8be83f9f9a380f93f396d5ccb74cb8ac4eec,True,False,2,2,True,False,4c2cc8073ef8741ed9febc8a4ff62219351eab9b80f103f3f9ef78cbfb3d3a24,2fcf9437c28756a764115316372f1c170da55c13fa29321255a7dcc2a7583c80,False,"[""historical_build"", ""reference_not_ranking"", ""gpu_placement_metadata_only""]"
softmax,cova_openmp_gpu,default,same_process,observed,0.3317992629890796,softmax,2026-09-21-npbench-cova-L,69bc8be83f9f9a380f93f396d5ccb74cb8ac4eec,True,False,6,3,True,False,4c2cc8073ef8741ed9febc8a4ff62219351eab9b80f103f3f9ef78cbfb3d3a24,2fcf9437c28756a764115316372f1c170da55c13fa29321255a7dcc2a7583c80,False,"[""historical_build"", ""reference_not_ranking"", ""gpu_placement_metadata_only""]"
softmax,cova_serial_cpu,default,initialization,observed,5.028887255000882,softmax,2026-09-21-npbench-cova-L,69bc8be83f9f9a380f93f396d5ccb74cb8ac4eec,True,False,1,1,True,False,4c2cc8073ef8741ed9febc8a4ff62219351eab9b80f103f3f9ef78cbfb3d3a24,2fcf9437c28756a764115316372f1c170da55c13fa29321255a7dcc2a7583c80,False,"[""historical_build"", ""reference_not_ranking""]"
softmax,cova_serial_cpu,default,fresh_process,observed,2.2577146224939497,softmax,2026-09-21-npbench-cova-L,69bc8be83f9f9a380f93f396d5ccb74cb8ac4eec,True,False,2,2,True,False,4c2cc8073ef8741ed9febc8a4ff62219351eab9b80f103f3f9ef78cbfb3d3a24,2fcf9437c28756a764115316372f1c170da55c13fa29321255a7dcc2a7583c80,False,"[""historical_build"", ""reference_not_ranking""]"
softmax,cova_serial_cpu,default,same_process,observed,1.4440427695008111,softmax,2026-09-21-npbench-cova-L,69bc8be83f9f9a380f93f396d5ccb74cb8ac4eec,True,False,6,3,True,False,4c2cc8073ef8741ed9febc8a4ff62219351eab9b80f103f3f9ef78cbfb3d3a24,2fcf9437c28756a764115316372f1c170da55c13fa29321255a7dcc2a7583c80,False,"[""historical_build"", ""reference_not_ranking""]"
spmv,cova_llvm_cpu,default,initialization,observed,1.5767780060123187,spmv,closure-step6,4ea0edb2+step6-fefd0a9c3c44,True,False,1,1,True,False,da225492dbcd662f48fe5c413e0af07e8fbf1265c8b2c20e9564383e2e55d8ad,830b22cd03e41feb9b883b4b8fc754402901ac74dc9f607cfa3a81bdc5787389,False,"[""historical_build"", ""reference_not_ranking""]"
spmv,cova_llvm_cpu,default,fresh_process,observed,0.05152438598452136,spmv,closure-step6,4ea0edb2+step6-fefd0a9c3c44,True,False,2,2,True,False,da225492dbcd662f48fe5c413e0af07e8fbf1265c8b2c20e9564383e2e55d8ad,830b22cd03e41feb9b883b4b8fc754402901ac74dc9f607cfa3a81bdc5787389,False,"[""historical_build"", ""reference_not_ranking""]"
spmv,cova_llvm_cpu,default,same_process,observed,0.007393200998194516,spmv,closure-step6,4ea0edb2+step6-fefd0a9c3c44,True,False,6,3,True,False,da225492dbcd662f48fe5c413e0af07e8fbf1265c8b2c20e9564383e2e55d8ad,830b22cd03e41feb9b883b4b8fc754402901ac74dc9f607cfa3a81bdc5787389,False,"[""historical_build"", ""reference_not_ranking""]"
spmv,cova_llvm_cpu_serial,default,initialization,observed,1.5991390720009804,spmv,2026-09-21-npbench-cova-L,69bc8be83f9f9a380f93f396d5ccb74cb8ac4eec,True,False,1,1,True,False,da225492dbcd662f48fe5c413e0af07e8fbf1265c8b2c20e9564383e2e55d8ad,830b22cd03e41feb9b883b4b8fc754402901ac74dc9f607cfa3a81bdc5787389,False,"[""historical_build"", ""reference_not_ranking""]"
spmv,cova_llvm_cpu_serial,default,fresh_process,observed,0.03297498299070867,spmv,2026-09-21-npbench-cova-L,69bc8be83f9f9a380f93f396d5ccb74cb8ac4eec,True,False,2,2,True,False,da225492dbcd662f48fe5c413e0af07e8fbf1265c8b2c20e9564383e2e55d8ad,830b22cd03e41feb9b883b4b8fc754402901ac74dc9f607cfa3a81bdc5787389,False,"[""historical_build"", ""reference_not_ranking""]"
spmv,cova_llvm_cpu_serial,default,same_process,observed,0.02245311000297079,spmv,2026-09-21-npbench-cova-L,69bc8be83f9f9a380f93f396d5ccb74cb8ac4eec,True,False,6,3,True,False,da225492dbcd662f48fe5c413e0af07e8fbf1265c8b2c20e9564383e2e55d8ad,830b22cd03e41feb9b883b4b8fc754402901ac74dc9f607cfa3a81bdc5787389,False,"[""historical_build"", ""reference_not_ranking""]"
spmv,cova_llvm_gpu,default,initialization,observed,4.2936942520027515,spmv,closure-step6,4ea0edb2+step6-fefd0a9c3c44,True,False,1,1,True,False,da225492dbcd662f48fe5c413e0af07e8fbf1265c8b2c20e9564383e2e55d8ad,830b22cd03e41feb9b883b4b8fc754402901ac74dc9f607cfa3a81bdc5787389,True,"[""historical_build"", ""reference_not_ranking""]"
spmv,cova_llvm_gpu,default,fresh_process,observed,0.2923494349961402,spmv,closure-step6,4ea0edb2+step6-fefd0a9c3c44,True,False,2,2,True,False,da225492dbcd662f48fe5c413e0af07e8fbf1265c8b2c20e9564383e2e55d8ad,830b22cd03e41feb9b883b4b8fc754402901ac74dc9f607cfa3a81bdc5787389,True,"[""historical_build"", ""reference_not_ranking""]"
spmv,cova_llvm_gpu,default,same_process,observed,0.020052049498190172,spmv,closure-step6,4ea0edb2+step6-fefd0a9c3c44,True,False,6,3,True,False,da225492dbcd662f48fe5c413e0af07e8fbf1265c8b2c20e9564383e2e55d8ad,830b22cd03e41feb9b883b4b8fc754402901ac74dc9f607cfa3a81bdc5787389,True,"[""historical_build"", ""reference_not_ranking""]"
spmv,cova_openmp_cpu,default,initialization,observed,2.4846359939983813,spmv,2026-09-21-npbench-cova-L,69bc8be83f9f9a380f93f396d5ccb74cb8ac4eec,True,False,1,1,True,False,da225492dbcd662f48fe5c413e0af07e8fbf1265c8b2c20e9564383e2e55d8ad,830b22cd03e41feb9b883b4b8fc754402901ac74dc9f607cfa3a81bdc5787389,False,"[""historical_build"", ""reference_not_ranking""]"
spmv,cova_openmp_cpu,default,fresh_process,observed,0.036045385495526716,spmv,2026-09-21-npbench-cova-L,69bc8be83f9f9a380f93f396d5ccb74cb8ac4eec,True,False,2,2,True,False,da225492dbcd662f48fe5c413e0af07e8fbf1265c8b2c20e9564383e2e55d8ad,830b22cd03e41feb9b883b4b8fc754402901ac74dc9f607cfa3a81bdc5787389,False,"[""historical_build"", ""reference_not_ranking""]"
spmv,cova_openmp_cpu,default,same_process,observed,0.02329551099683158,spmv,2026-09-21-npbench-cova-L,69bc8be83f9f9a380f93f396d5ccb74cb8ac4eec,True,False,6,3,True,False,da225492dbcd662f48fe5c413e0af07e8fbf1265c8b2c20e9564383e2e55d8ad,830b22cd03e41feb9b883b4b8fc754402901ac74dc9f607cfa3a81bdc5787389,False,"[""historical_build"", ""reference_not_ranking""]"
spmv,cova_openmp_gpu,default,initialization,observed,4.8873133979941485,spmv,2026-09-21-npbench-cova-L,69bc8be83f9f9a380f93f396d5ccb74cb8ac4eec,True,False,1,1,True,False,da225492dbcd662f48fe5c413e0af07e8fbf1265c8b2c20e9564383e2e55d8ad,830b22cd03e41feb9b883b4b8fc754402901ac74dc9f607cfa3a81bdc5787389,False,"[""historical_build"", ""reference_not_ranking"", ""gpu_placement_metadata_only""]"
spmv,cova_openmp_gpu,default,fresh_process,observed,0.30758876449544914,spmv,2026-09-21-npbench-cova-L,69bc8be83f9f9a380f93f396d5ccb74cb8ac4eec,True,False,2,2,True,False,da225492dbcd662f48fe5c413e0af07e8fbf1265c8b2c20e9564383e2e55d8ad,830b22cd03e41feb9b883b4b8fc754402901ac74dc9f607cfa3a81bdc5787389,False,"[""historical_build"", ""reference_not_ranking"", ""gpu_placement_metadata_only""]"
spmv,cova_openmp_gpu,default,same_process,observed,0.032858066508197226,spmv,2026-09-21-npbench-cova-L,69bc8be83f9f9a380f93f396d5ccb74cb8ac4eec,True,False,6,3,True,False,da225492dbcd662f48fe5c413e0af07e8fbf1265c8b2c20e9564383e2e55d8ad,830b22cd03e41feb9b883b4b8fc754402901ac74dc9f607cfa3a81bdc5787389,False,"[""historical_build"", ""reference_not_ranking"", ""gpu_placement_metadata_only""]"
spmv,cova_serial_cpu,default,initialization,observed,2.2785783860017546,spmv,2026-09-21-npbench-cova-L,69bc8be83f9f9a380f93f396d5ccb74cb8ac4eec,True,False,1,1,True,False,da225492dbcd662f48fe5c413e0af07e8fbf1265c8b2c20e9564383e2e55d8ad,830b22cd03e41feb9b883b4b8fc754402901ac74dc9f607cfa3a81bdc5787389,False,"[""historical_build"", ""reference_not_ranking""]"
spmv,cova_serial_cpu,default,fresh_process,observed,0.03124676200968679,spmv,2026-09-21-npbench-cova-L,69bc8be83f9f9a380f93f396d5ccb74cb8ac4eec,True,False,2,2,True,False,da225492dbcd662f48fe5c413e0af07e8fbf1265c8b2c20e9564383e2e55d8ad,830b22cd03e41feb9b883b4b8fc754402901ac74dc9f607cfa3a81bdc5787389,False,"[""historical_build"", ""reference_not_ranking""]"
spmv,cova_serial_cpu,default,same_process,observed,0.021082102495711297,spmv,2026-09-21-npbench-cova-L,69bc8be83f9f9a380f93f396d5ccb74cb8ac4eec,True,False,6,3,True,False,da225492dbcd662f48fe5c413e0af07e8fbf1265c8b2c20e9564383e2e55d8ad,830b22cd03e41feb9b883b4b8fc754402901ac74dc9f607cfa3a81bdc5787389,False,"[""historical_build"", ""reference_not_ranking""]"
stockham_fft,cova_llvm_cpu,default,initialization,observed,7.588485216983827,stockham_fft_cova_helper,closure-step6,4ea0edb2+step6-fefd0a9c3c44,True,False,1,1,True,True,6d6ff6409e820c0b1abb2d24a7ede6af7390464b8d347a4cba678562e2b4f111,f6c4acc3fcbed6678c4fad72d834895ca7156ce67f7538ebe2242ed208af3254,False,"[""historical_build"", ""reference_not_ranking""]"
stockham_fft,cova_llvm_cpu,default,fresh_process,observed,4.679873827495612,stockham_fft_cova_helper,closure-step6,4ea0edb2+step6-fefd0a9c3c44,True,False,2,2,True,True,6d6ff6409e820c0b1abb2d24a7ede6af7390464b8d347a4cba678562e2b4f111,f6c4acc3fcbed6678c4fad72d834895ca7156ce67f7538ebe2242ed208af3254,False,"[""historical_build"", ""reference_not_ranking""]"
stockham_fft,cova_llvm_cpu,default,same_process,observed,4.132165719507611,stockham_fft_cova_helper,closure-step6,4ea0edb2+step6-fefd0a9c3c44,True,False,6,3,True,True,6d6ff6409e820c0b1abb2d24a7ede6af7390464b8d347a4cba678562e2b4f111,f6c4acc3fcbed6678c4fad72d834895ca7156ce67f7538ebe2242ed208af3254,False,"[""historical_build"", ""reference_not_ranking""]"
stockham_fft,cova_llvm_cpu_serial,default,initialization,error,,stockham_fft,2026-09-21-npbench-cova-L,69bc8be83f9f9a380f93f396d5ccb74cb8ac4eec,True,False,0,0,True,False,6d6ff6409e820c0b1abb2d24a7ede6af7390464b8d347a4cba678562e2b4f111,f6c4acc3fcbed6678c4fad72d834895ca7156ce67f7538ebe2242ed208af3254,False,"[""historical_build"", ""reference_not_ranking""]"
stockham_fft,cova_llvm_cpu_serial,default,fresh_process,error,,stockham_fft,2026-09-21-npbench-cova-L,69bc8be83f9f9a380f93f396d5ccb74cb8ac4eec,True,False,0,0,True,False,6d6ff6409e820c0b1abb2d24a7ede6af7390464b8d347a4cba678562e2b4f111,f6c4acc3fcbed6678c4fad72d834895ca7156ce67f7538ebe2242ed208af3254,False,"[""historical_build"", ""reference_not_ranking""]"
stockham_fft,cova_llvm_cpu_serial,default,same_process,error,,stockham_fft,2026-09-21-npbench-cova-L,69bc8be83f9f9a380f93f396d5ccb74cb8ac4eec,True,False,0,0,True,False,6d6ff6409e820c0b1abb2d24a7ede6af7390464b8d347a4cba678562e2b4f111,f6c4acc3fcbed6678c4fad72d834895ca7156ce67f7538ebe2242ed208af3254,False,"[""historical_build"", ""reference_not_ranking""]"
stockham_fft,cova_llvm_gpu,default,initialization,observed,83.50687082801596,stockham_fft_cova_helper,closure-step6,4ea0edb2+step6-fefd0a9c3c44,True,False,1,1,True,True,6d6ff6409e820c0b1abb2d24a7ede6af7390464b8d347a4cba678562e2b4f111,f6c4acc3fcbed6678c4fad72d834895ca7156ce67f7538ebe2242ed208af3254,True,"[""historical_build"", ""reference_not_ranking""]"
stockham_fft,cova_llvm_gpu,default,fresh_process,observed,77.2591612894903,stockham_fft_cova_helper,closure-step6,4ea0edb2+step6-fefd0a9c3c44,True,False,2,2,True,True,6d6ff6409e820c0b1abb2d24a7ede6af7390464b8d347a4cba678562e2b4f111,f6c4acc3fcbed6678c4fad72d834895ca7156ce67f7538ebe2242ed208af3254,True,"[""historical_build"", ""reference_not_ranking""]"
stockham_fft,cova_llvm_gpu,default,same_process,observed,76.27342917100759,stockham_fft_cova_helper,closure-step6,4ea0edb2+step6-fefd0a9c3c44,True,False,6,3,True,True,6d6ff6409e820c0b1abb2d24a7ede6af7390464b8d347a4cba678562e2b4f111,f6c4acc3fcbed6678c4fad72d834895ca7156ce67f7538ebe2242ed208af3254,True,"[""historical_build"", ""reference_not_ranking""]"
stockham_fft,cova_openmp_cpu,default,initialization,error,,stockham_fft,2026-09-21-npbench-cova-L,69bc8be83f9f9a380f93f396d5ccb74cb8ac4eec,True,False,0,0,True,False,6d6ff6409e820c0b1abb2d24a7ede6af7390464b8d347a4cba678562e2b4f111,f6c4acc3fcbed6678c4fad72d834895ca7156ce67f7538ebe2242ed208af3254,False,"[""historical_build"", ""reference_not_ranking""]"
stockham_fft,cova_openmp_cpu,default,fresh_process,error,,stockham_fft,2026-09-21-npbench-cova-L,69bc8be83f9f9a380f93f396d5ccb74cb8ac4eec,True,False,0,0,True,False,6d6ff6409e820c0b1abb2d24a7ede6af7390464b8d347a4cba678562e2b4f111,f6c4acc3fcbed6678c4fad72d834895ca7156ce67f7538ebe2242ed208af3254,False,"[""historical_build"", ""reference_not_ranking""]"
stockham_fft,cova_openmp_cpu,default,same_process,error,,stockham_fft,2026-09-21-npbench-cova-L,69bc8be83f9f9a380f93f396d5ccb74cb8ac4eec,True,False,0,0,True,False,6d6ff6409e820c0b1abb2d24a7ede6af7390464b8d347a4cba678562e2b4f111,f6c4acc3fcbed6678c4fad72d834895ca7156ce67f7538ebe2242ed208af3254,False,"[""historical_build"", ""reference_not_ranking""]"
stockham_fft,cova_openmp_gpu,default,initialization,error,,stockham_fft,2026-09-21-npbench-cova-L,69bc8be83f9f9a380f93f396d5ccb74cb8ac4eec,True,False,0,0,True,False,6d6ff6409e820c0b1abb2d24a7ede6af7390464b8d347a4cba678562e2b4f111,f6c4acc3fcbed6678c4fad72d834895ca7156ce67f7538ebe2242ed208af3254,False,"[""historical_build"", ""reference_not_ranking"", ""gpu_placement_metadata_only""]"
stockham_fft,cova_openmp_gpu,default,fresh_process,error,,stockham_fft,2026-09-21-npbench-cova-L,69bc8be83f9f9a380f93f396d5ccb74cb8ac4eec,True,False,0,0,True,False,6d6ff6409e820c0b1abb2d24a7ede6af7390464b8d347a4cba678562e2b4f111,f6c4acc3fcbed6678c4fad72d834895ca7156ce67f7538ebe2242ed208af3254,False,"[""historical_build"", ""reference_not_ranking"", ""gpu_placement_metadata_only""]"
stockham_fft,cova_openmp_gpu,default,same_process,error,,stockham_fft,2026-09-21-npbench-cova-L,69bc8be83f9f9a380f93f396d5ccb74cb8ac4eec,True,False,0,0,True,False,6d6ff6409e820c0b1abb2d24a7ede6af7390464b8d347a4cba678562e2b4f111,f6c4acc3fcbed6678c4fad72d834895ca7156ce67f7538ebe2242ed208af3254,False,"[""historical_build"", ""reference_not_ranking"", ""gpu_placement_metadata_only""]"
stockham_fft,cova_serial_cpu,default,initialization,error,,stockham_fft,2026-09-21-npbench-cova-L,69bc8be83f9f9a380f93f396d5ccb74cb8ac4eec,True,False,0,0,True,False,6d6ff6409e820c0b1abb2d24a7ede6af7390464b8d347a4cba678562e2b4f111,f6c4acc3fcbed6678c4fad72d834895ca7156ce67f7538ebe2242ed208af3254,False,"[""historical_build"", ""reference_not_ranking""]"
stockham_fft,cova_serial_cpu,default,fresh_process,error,,stockham_fft,2026-09-21-npbench-cova-L,69bc8be83f9f9a380f93f396d5ccb74cb8ac4eec,True,False,0,0,True,False,6d6ff6409e820c0b1abb2d24a7ede6af7390464b8d347a4cba678562e2b4f111,f6c4acc3fcbed6678c4fad72d834895ca7156ce67f7538ebe2242ed208af3254,False,"[""historical_build"", ""reference_not_ranking""]"
stockham_fft,cova_serial_cpu,default,same_process,error,,stockham_fft,2026-09-21-npbench-cova-L,69bc8be83f9f9a380f93f396d5ccb74cb8ac4eec,True,False,0,0,True,False,6d6ff6409e820c0b1abb2d24a7ede6af7390464b8d347a4cba678562e2b4f111,f6c4acc3fcbed6678c4fad72d834895ca7156ce67f7538ebe2242ed208af3254,False,"[""historical_build"", ""reference_not_ranking""]"
symm,cova_llvm_cpu,default,initialization,observed,1.8585719749971759,symm,closure-step6,4ea0edb2+step6-fefd0a9c3c44,True,False,1,1,True,False,9a79ab11f86fec484ee78c92c02c8f9588bcdd801caf9345beae289adb5ce087,c983fe23aab1369b59df067f61f46c516f426a2b0a1ea8bdc3779352f6c91630,False,"[""historical_build"", ""reference_not_ranking""]"
symm,cova_llvm_cpu,default,fresh_process,observed,0.07722309599921573,symm,closure-step6,4ea0edb2+step6-fefd0a9c3c44,True,False,2,2,True,False,9a79ab11f86fec484ee78c92c02c8f9588bcdd801caf9345beae289adb5ce087,c983fe23aab1369b59df067f61f46c516f426a2b0a1ea8bdc3779352f6c91630,False,"[""historical_build"", ""reference_not_ranking""]"
symm,cova_llvm_cpu,default,same_process,observed,0.0995326929987641,symm,closure-step6,4ea0edb2+step6-fefd0a9c3c44,True,False,6,3,True,False,9a79ab11f86fec484ee78c92c02c8f9588bcdd801caf9345beae289adb5ce087,c983fe23aab1369b59df067f61f46c516f426a2b0a1ea8bdc3779352f6c91630,False,"[""historical_build"", ""reference_not_ranking""]"
symm,cova_llvm_cpu_serial,default,initialization,observed,1.9081891920068301,symm,2026-09-21-npbench-cova-L,69bc8be83f9f9a380f93f396d5ccb74cb8ac4eec,True,False,1,1,True,False,9a79ab11f86fec484ee78c92c02c8f9588bcdd801caf9345beae289adb5ce087,c983fe23aab1369b59df067f61f46c516f426a2b0a1ea8bdc3779352f6c91630,False,"[""historical_build"", ""reference_not_ranking""]"
symm,cova_llvm_cpu_serial,default,fresh_process,observed,0.11515501950634643,symm,2026-09-21-npbench-cova-L,69bc8be83f9f9a380f93f396d5ccb74cb8ac4eec,True,False,2,2,True,False,9a79ab11f86fec484ee78c92c02c8f9588bcdd801caf9345beae289adb5ce087,c983fe23aab1369b59df067f61f46c516f426a2b0a1ea8bdc3779352f6c91630,False,"[""historical_build"", ""reference_not_ranking""]"
symm,cova_llvm_cpu_serial,default,same_process,observed,0.11745135200908408,symm,2026-09-21-npbench-cova-L,69bc8be83f9f9a380f93f396d5ccb74cb8ac4eec,True,False,6,3,True,False,9a79ab11f86fec484ee78c92c02c8f9588bcdd801caf9345beae289adb5ce087,c983fe23aab1369b59df067f61f46c516f426a2b0a1ea8bdc3779352f6c91630,False,"[""historical_build"", ""reference_not_ranking""]"
symm,cova_llvm_gpu,default,initialization,observed,5.300538184994366,symm,closure-step6,4ea0edb2+step6-fefd0a9c3c44,True,False,1,1,True,False,9a79ab11f86fec484ee78c92c02c8f9588bcdd801caf9345beae289adb5ce087,c983fe23aab1369b59df067f61f46c516f426a2b0a1ea8bdc3779352f6c91630,True,"[""historical_build"", ""reference_not_ranking""]"
symm,cova_llvm_gpu,default,fresh_process,observed,0.7588238440075656,symm,closure-step6,4ea0edb2+step6-fefd0a9c3c44,True,False,2,2,True,False,9a79ab11f86fec484ee78c92c02c8f9588bcdd801caf9345beae289adb5ce087,c983fe23aab1369b59df067f61f46c516f426a2b0a1ea8bdc3779352f6c91630,True,"[""historical_build"", ""reference_not_ranking""]"
symm,cova_llvm_gpu,default,same_process,observed,0.5240570280147949,symm,closure-step6,4ea0edb2+step6-fefd0a9c3c44,True,False,6,3,True,False,9a79ab11f86fec484ee78c92c02c8f9588bcdd801caf9345beae289adb5ce087,c983fe23aab1369b59df067f61f46c516f426a2b0a1ea8bdc3779352f6c91630,True,"[""historical_build"", ""reference_not_ranking""]"
symm,cova_openmp_cpu,default,initialization,observed,2.4719903560035164,symm,2026-09-21-npbench-cova-L,69bc8be83f9f9a380f93f396d5ccb74cb8ac4eec,True,False,1,1,True,False,9a79ab11f86fec484ee78c92c02c8f9588bcdd801caf9345beae289adb5ce087,c983fe23aab1369b59df067f61f46c516f426a2b0a1ea8bdc3779352f6c91630,False,"[""historical_build"", ""reference_not_ranking""]"
symm,cova_openmp_cpu,default,fresh_process,observed,0.09834864500589902,symm,2026-09-21-npbench-cova-L,69bc8be83f9f9a380f93f396d5ccb74cb8ac4eec,True,False,2,2,True,False,9a79ab11f86fec484ee78c92c02c8f9588bcdd801caf9345beae289adb5ce087,c983fe23aab1369b59df067f61f46c516f426a2b0a1ea8bdc3779352f6c91630,False,"[""historical_build"", ""reference_not_ranking""]"
symm,cova_openmp_cpu,default,same_process,observed,0.11291763249755604,symm,2026-09-21-npbench-cova-L,69bc8be83f9f9a380f93f396d5ccb74cb8ac4eec,True,False,6,3,True,False,9a79ab11f86fec484ee78c92c02c8f9588bcdd801caf9345beae289adb5ce087,c983fe23aab1369b59df067f61f46c516f426a2b0a1ea8bdc3779352f6c91630,False,"[""historical_build"", ""reference_not_ranking""]"
symm,cova_openmp_gpu,default,initialization,observed,4.63368908999837,symm,2026-09-21-npbench-cova-L,69bc8be83f9f9a380f93f396d5ccb74cb8ac4eec,True,False,1,1,True,False,9a79ab11f86fec484ee78c92c02c8f9588bcdd801caf9345beae289adb5ce087,c983fe23aab1369b59df067f61f46c516f426a2b0a1ea8bdc3779352f6c91630,False,"[""historical_build"", ""reference_not_ranking"", ""gpu_placement_metadata_only""]"
symm,cova_openmp_gpu,default,fresh_process,observed,0.12594237049779622,symm,2026-09-21-npbench-cova-L,69bc8be83f9f9a380f93f396d5ccb74cb8ac4eec,True,False,2,2,True,False,9a79ab11f86fec484ee78c92c02c8f9588bcdd801caf9345beae289adb5ce087,c983fe23aab1369b59df067f61f46c516f426a2b0a1ea8bdc3779352f6c91630,False,"[""historical_build"", ""reference_not_ranking"", ""gpu_placement_metadata_only""]"
symm,cova_openmp_gpu,default,same_process,observed,0.123148715501884,symm,2026-09-21-npbench-cova-L,69bc8be83f9f9a380f93f396d5ccb74cb8ac4eec,True,False,6,3,True,False,9a79ab11f86fec484ee78c92c02c8f9588bcdd801caf9345beae289adb5ce087,c983fe23aab1369b59df067f61f46c516f426a2b0a1ea8bdc3779352f6c91630,False,"[""historical_build"", ""reference_not_ranking"", ""gpu_placement_metadata_only""]"
symm,cova_serial_cpu,default,initialization,observed,2.3701243929972406,symm,2026-09-21-npbench-cova-L,69bc8be83f9f9a380f93f396d5ccb74cb8ac4eec,True,False,1,1,True,False,9a79ab11f86fec484ee78c92c02c8f9588bcdd801caf9345beae289adb5ce087,c983fe23aab1369b59df067f61f46c516f426a2b0a1ea8bdc3779352f6c91630,False,"[""historical_build"", ""reference_not_ranking""]"
symm,cova_serial_cpu,default,fresh_process,observed,0.10898369099595584,symm,2026-09-21-npbench-cova-L,69bc8be83f9f9a380f93f396d5ccb74cb8ac4eec,True,False,2,2,True,False,9a79ab11f86fec484ee78c92c02c8f9588bcdd801caf9345beae289adb5ce087,c983fe23aab1369b59df067f61f46c516f426a2b0a1ea8bdc3779352f6c91630,False,"[""historical_build"", ""reference_not_ranking""]"
symm,cova_serial_cpu,default,same_process,observed,0.10931523049657699,symm,2026-09-21-npbench-cova-L,69bc8be83f9f9a380f93f396d5ccb74cb8ac4eec,True,False,6,3,True,False,9a79ab11f86fec484ee78c92c02c8f9588bcdd801caf9345beae289adb5ce087,c983fe23aab1369b59df067f61f46c516f426a2b0a1ea8bdc3779352f6c91630,False,"[""historical_build"", ""reference_not_ranking""]"
syr2k,cova_llvm_cpu,default,initialization,observed,2.153378713002894,syr2k,closure-step6,4ea0edb2+step6-fefd0a9c3c44,True,False,1,1,True,False,e7abbc19895a88befab489211bc20dc301be2dede982f39fba4c4f210583f274,4eed4ab152ea49c0a4cdf942787319238e4b8903146da60692ca376422fc8502,False,"[""historical_build"", ""reference_not_ranking""]"
syr2k,cova_llvm_cpu,default,fresh_process,observed,0.051623511491925456,syr2k,closure-step6,4ea0edb2+step6-fefd0a9c3c44,True,False,2,2,True,False,e7abbc19895a88befab489211bc20dc301be2dede982f39fba4c4f210583f274,4eed4ab152ea49c0a4cdf942787319238e4b8903146da60692ca376422fc8502,False,"[""historical_build"", ""reference_not_ranking""]"
syr2k,cova_llvm_cpu,default,same_process,observed,0.061736365998513065,syr2k,closure-step6,4ea0edb2+step6-fefd0a9c3c44,True,False,6,3,True,False,e7abbc19895a88befab489211bc20dc301be2dede982f39fba4c4f210583f274,4eed4ab152ea49c0a4cdf942787319238e4b8903146da60692ca376422fc8502,False,"[""historical_build"", ""reference_not_ranking""]"
syr2k,cova_llvm_cpu_serial,default,initialization,observed,1.8948356420005439,syr2k,2026-09-21-npbench-cova-L,69bc8be83f9f9a380f93f396d5ccb74cb8ac4eec,True,False,1,1,True,False,e7abbc19895a88befab489211bc20dc301be2dede982f39fba4c4f210583f274,4eed4ab152ea49c0a4cdf942787319238e4b8903146da60692ca376422fc8502,False,"[""historical_build"", ""reference_not_ranking""]"
syr2k,cova_llvm_cpu_serial,default,fresh_process,observed,0.07346389600570546,syr2k,2026-09-21-npbench-cova-L,69bc8be83f9f9a380f93f396d5ccb74cb8ac4eec,True,False,2,2,True,False,e7abbc19895a88befab489211bc20dc301be2dede982f39fba4c4f210583f274,4eed4ab152ea49c0a4cdf942787319238e4b8903146da60692ca376422fc8502,False,"[""historical_build"", ""reference_not_ranking""]"
syr2k,cova_llvm_cpu_serial,default,same_process,observed,0.07008623249566881,syr2k,2026-09-21-npbench-cova-L,69bc8be83f9f9a380f93f396d5ccb74cb8ac4eec,True,False,6,3,True,False,e7abbc19895a88befab489211bc20dc301be2dede982f39fba4c4f210583f274,4eed4ab152ea49c0a4cdf942787319238e4b8903146da60692ca376422fc8502,False,"[""historical_build"", ""reference_not_ranking""]"
syr2k,cova_llvm_gpu,default,initialization,observed,4.403857772005722,syr2k,closure-step6,4ea0edb2+step6-fefd0a9c3c44,True,False,1,1,True,False,e7abbc19895a88befab489211bc20dc301be2dede982f39fba4c4f210583f274,4eed4ab152ea49c0a4cdf942787319238e4b8903146da60692ca376422fc8502,True,"[""historical_build"", ""reference_not_ranking""]"
syr2k,cova_llvm_gpu,default,fresh_process,observed,0.3524766280024778,syr2k,closure-step6,4ea0edb2+step6-fefd0a9c3c44,True,False,2,2,True,False,e7abbc19895a88befab489211bc20dc301be2dede982f39fba4c4f210583f274,4eed4ab152ea49c0a4cdf942787319238e4b8903146da60692ca376422fc8502,True,"[""historical_build"", ""reference_not_ranking""]"
syr2k,cova_llvm_gpu,default,same_process,observed,0.07025615900056437,syr2k,closure-step6,4ea0edb2+step6-fefd0a9c3c44,True,False,6,3,True,False,e7abbc19895a88befab489211bc20dc301be2dede982f39fba4c4f210583f274,4eed4ab152ea49c0a4cdf942787319238e4b8903146da60692ca376422fc8502,True,"[""historical_build"", ""reference_not_ranking""]"
syr2k,cova_openmp_cpu,default,initialization,observed,2.5041636820096755,syr2k,2026-09-21-npbench-cova-L,69bc8be83f9f9a380f93f396d5ccb74cb8ac4eec,True,False,1,1,True,False,e7abbc19895a88befab489211bc20dc301be2dede982f39fba4c4f210583f274,4eed4ab152ea49c0a4cdf942787319238e4b8903146da60692ca376422fc8502,False,"[""historical_build"", ""reference_not_ranking""]"
syr2k,cova_openmp_cpu,default,fresh_process,observed,0.06485697150492342,syr2k,2026-09-21-npbench-cova-L,69bc8be83f9f9a380f93f396d5ccb74cb8ac4eec,True,False,2,2,True,False,e7abbc19895a88befab489211bc20dc301be2dede982f39fba4c4f210583f274,4eed4ab152ea49c0a4cdf942787319238e4b8903146da60692ca376422fc8502,False,"[""historical_build"", ""reference_not_ranking""]"
syr2k,cova_openmp_cpu,default,same_process,observed,0.077862918995379,syr2k,2026-09-21-npbench-cova-L,69bc8be83f9f9a380f93f396d5ccb74cb8ac4eec,True,False,6,3,True,False,e7abbc19895a88befab489211bc20dc301be2dede982f39fba4c4f210583f274,4eed4ab152ea49c0a4cdf942787319238e4b8903146da60692ca376422fc8502,False,"[""historical_build"", ""reference_not_ranking""]"
syr2k,cova_openmp_gpu,default,initialization,observed,5.327547187989694,syr2k,2026-09-21-npbench-cova-L,69bc8be83f9f9a380f93f396d5ccb74cb8ac4eec,True,False,1,1,True,False,e7abbc19895a88befab489211bc20dc301be2dede982f39fba4c4f210583f274,4eed4ab152ea49c0a4cdf942787319238e4b8903146da60692ca376422fc8502,False,"[""historical_build"", ""reference_not_ranking"", ""gpu_placement_metadata_only""]"
syr2k,cova_openmp_gpu,default,fresh_process,observed,0.3534193059967947,syr2k,2026-09-21-npbench-cova-L,69bc8be83f9f9a380f93f396d5ccb74cb8ac4eec,True,False,2,2,True,False,e7abbc19895a88befab489211bc20dc301be2dede982f39fba4c4f210583f274,4eed4ab152ea49c0a4cdf942787319238e4b8903146da60692ca376422fc8502,False,"[""historical_build"", ""reference_not_ranking"", ""gpu_placement_metadata_only""]"
syr2k,cova_openmp_gpu,default,same_process,observed,0.12506881800072733,syr2k,2026-09-21-npbench-cova-L,69bc8be83f9f9a380f93f396d5ccb74cb8ac4eec,True,False,6,3,True,False,e7abbc19895a88befab489211bc20dc301be2dede982f39fba4c4f210583f274,4eed4ab152ea49c0a4cdf942787319238e4b8903146da60692ca376422fc8502,False,"[""historical_build"", ""reference_not_ranking"", ""gpu_placement_metadata_only""]"
syr2k,cova_serial_cpu,default,initialization,observed,2.2488389229984023,syr2k,2026-09-21-npbench-cova-L,69bc8be83f9f9a380f93f396d5ccb74cb8ac4eec,True,False,1,1,True,False,e7abbc19895a88befab489211bc20dc301be2dede982f39fba4c4f210583f274,4eed4ab152ea49c0a4cdf942787319238e4b8903146da60692ca376422fc8502,False,"[""historical_build"", ""reference_not_ranking""]"
syr2k,cova_serial_cpu,default,fresh_process,observed,0.06383517799986294,syr2k,2026-09-21-npbench-cova-L,69bc8be83f9f9a380f93f396d5ccb74cb8ac4eec,True,False,2,2,True,False,e7abbc19895a88befab489211bc20dc301be2dede982f39fba4c4f210583f274,4eed4ab152ea49c0a4cdf942787319238e4b8903146da60692ca376422fc8502,False,"[""historical_build"", ""reference_not_ranking""]"
syr2k,cova_serial_cpu,default,same_process,observed,0.07123277150822105,syr2k,2026-09-21-npbench-cova-L,69bc8be83f9f9a380f93f396d5ccb74cb8ac4eec,True,False,6,3,True,False,e7abbc19895a88befab489211bc20dc301be2dede982f39fba4c4f210583f274,4eed4ab152ea49c0a4cdf942787319238e4b8903146da60692ca376422fc8502,False,"[""historical_build"", ""reference_not_ranking""]"
syrk,cova_llvm_cpu,default,initialization,observed,1.7195124159916304,syrk,closure-step6,4ea0edb2+step6-fefd0a9c3c44,True,False,1,1,True,False,92484da5155c3406ad7a24b9d17a47e4e5ea9277c45b375c935d26bea371609c,c9125e156aac0f0083fa4d941c44b5e500809f7d0e4096cfd309983aa1701894,False,"[""historical_build"", ""reference_not_ranking""]"
syrk,cova_llvm_cpu,default,fresh_process,observed,0.08714856099686585,syrk,closure-step6,4ea0edb2+step6-fefd0a9c3c44,True,False,2,2,True,False,92484da5155c3406ad7a24b9d17a47e4e5ea9277c45b375c935d26bea371609c,c9125e156aac0f0083fa4d941c44b5e500809f7d0e4096cfd309983aa1701894,False,"[""historical_build"", ""reference_not_ranking""]"
syrk,cova_llvm_cpu,default,same_process,observed,0.0987441724864766,syrk,closure-step6,4ea0edb2+step6-fefd0a9c3c44,True,False,6,3,True,False,92484da5155c3406ad7a24b9d17a47e4e5ea9277c45b375c935d26bea371609c,c9125e156aac0f0083fa4d941c44b5e500809f7d0e4096cfd309983aa1701894,False,"[""historical_build"", ""reference_not_ranking""]"
syrk,cova_llvm_cpu_serial,default,initialization,observed,1.7655440270027611,syrk,2026-09-21-npbench-cova-L,69bc8be83f9f9a380f93f396d5ccb74cb8ac4eec,True,False,1,1,True,False,92484da5155c3406ad7a24b9d17a47e4e5ea9277c45b375c935d26bea371609c,c9125e156aac0f0083fa4d941c44b5e500809f7d0e4096cfd309983aa1701894,False,"[""historical_build"", ""reference_not_ranking""]"
syrk,cova_llvm_cpu_serial,default,fresh_process,observed,0.09055173950036988,syrk,2026-09-21-npbench-cova-L,69bc8be83f9f9a380f93f396d5ccb74cb8ac4eec,True,False,2,2,True,False,92484da5155c3406ad7a24b9d17a47e4e5ea9277c45b375c935d26bea371609c,c9125e156aac0f0083fa4d941c44b5e500809f7d0e4096cfd309983aa1701894,False,"[""historical_build"", ""reference_not_ranking""]"
syrk,cova_llvm_cpu_serial,default,same_process,observed,0.09678265800175723,syrk,2026-09-21-npbench-cova-L,69bc8be83f9f9a380f93f396d5ccb74cb8ac4eec,True,False,6,3,True,False,92484da5155c3406ad7a24b9d17a47e4e5ea9277c45b375c935d26bea371609c,c9125e156aac0f0083fa4d941c44b5e500809f7d0e4096cfd309983aa1701894,False,"[""historical_build"", ""reference_not_ranking""]"
syrk,cova_llvm_gpu,default,initialization,observed,4.374718993989518,syrk,closure-step6,4ea0edb2+step6-fefd0a9c3c44,True,False,1,1,True,False,92484da5155c3406ad7a24b9d17a47e4e5ea9277c45b375c935d26bea371609c,c9125e156aac0f0083fa4d941c44b5e500809f7d0e4096cfd309983aa1701894,True,"[""historical_build"", ""reference_not_ranking""]"
syrk,cova_llvm_gpu,default,fresh_process,observed,0.334394366494962,syrk,closure-step6,4ea0edb2+step6-fefd0a9c3c44,True,False,2,2,True,False,92484da5155c3406ad7a24b9d17a47e4e5ea9277c45b375c935d26bea371609c,c9125e156aac0f0083fa4d941c44b5e500809f7d0e4096cfd309983aa1701894,True,"[""historical_build"", ""reference_not_ranking""]"
syrk,cova_llvm_gpu,default,same_process,observed,0.08587468499899842,syrk,closure-step6,4ea0edb2+step6-fefd0a9c3c44,True,False,6,3,True,False,92484da5155c3406ad7a24b9d17a47e4e5ea9277c45b375c935d26bea371609c,c9125e156aac0f0083fa4d941c44b5e500809f7d0e4096cfd309983aa1701894,True,"[""historical_build"", ""reference_not_ranking""]"
syrk,cova_openmp_cpu,default,initialization,observed,2.436953911994351,syrk,2026-09-21-npbench-cova-L,69bc8be83f9f9a380f93f396d5ccb74cb8ac4eec,True,False,1,1,True,False,92484da5155c3406ad7a24b9d17a47e4e5ea9277c45b375c935d26bea371609c,c9125e156aac0f0083fa4d941c44b5e500809f7d0e4096cfd309983aa1701894,False,"[""historical_build"", ""reference_not_ranking""]"
syrk,cova_openmp_cpu,default,fresh_process,observed,0.09541331299260492,syrk,2026-09-21-npbench-cova-L,69bc8be83f9f9a380f93f396d5ccb74cb8ac4eec,True,False,2,2,True,False,92484da5155c3406ad7a24b9d17a47e4e5ea9277c45b375c935d26bea371609c,c9125e156aac0f0083fa4d941c44b5e500809f7d0e4096cfd309983aa1701894,False,"[""historical_build"", ""reference_not_ranking""]"
syrk,cova_openmp_cpu,default,same_process,observed,0.10854254500736715,syrk,2026-09-21-npbench-cova-L,69bc8be83f9f9a380f93f396d5ccb74cb8ac4eec,True,False,6,3,True,False,92484da5155c3406ad7a24b9d17a47e4e5ea9277c45b375c935d26bea371609c,c9125e156aac0f0083fa4d941c44b5e500809f7d0e4096cfd309983aa1701894,False,"[""historical_build"", ""reference_not_ranking""]"
syrk,cova_openmp_gpu,default,initialization,observed,5.42427187100111,syrk,2026-09-21-npbench-cova-L,69bc8be83f9f9a380f93f396d5ccb74cb8ac4eec,True,False,1,1,True,False,92484da5155c3406ad7a24b9d17a47e4e5ea9277c45b375c935d26bea371609c,c9125e156aac0f0083fa4d941c44b5e500809f7d0e4096cfd309983aa1701894,False,"[""historical_build"", ""reference_not_ranking"", ""gpu_placement_metadata_only""]"
syrk,cova_openmp_gpu,default,fresh_process,observed,0.35829467549774563,syrk,2026-09-21-npbench-cova-L,69bc8be83f9f9a380f93f396d5ccb74cb8ac4eec,True,False,2,2,True,False,92484da5155c3406ad7a24b9d17a47e4e5ea9277c45b375c935d26bea371609c,c9125e156aac0f0083fa4d941c44b5e500809f7d0e4096cfd309983aa1701894,False,"[""historical_build"", ""reference_not_ranking"", ""gpu_placement_metadata_only""]"
syrk,cova_openmp_gpu,default,same_process,observed,0.13332884550618473,syrk,2026-09-21-npbench-cova-L,69bc8be83f9f9a380f93f396d5ccb74cb8ac4eec,True,False,6,3,True,False,92484da5155c3406ad7a24b9d17a47e4e5ea9277c45b375c935d26bea371609c,c9125e156aac0f0083fa4d941c44b5e500809f7d0e4096cfd309983aa1701894,False,"[""historical_build"", ""reference_not_ranking"", ""gpu_placement_metadata_only""]"
syrk,cova_serial_cpu,default,initialization,observed,2.050325005999184,syrk,2026-09-21-npbench-cova-L,69bc8be83f9f9a380f93f396d5ccb74cb8ac4eec,True,False,1,1,True,False,92484da5155c3406ad7a24b9d17a47e4e5ea9277c45b375c935d26bea371609c,c9125e156aac0f0083fa4d941c44b5e500809f7d0e4096cfd309983aa1701894,False,"[""historical_build"", ""reference_not_ranking""]"
syrk,cova_serial_cpu,default,fresh_process,observed,0.10801778550376184,syrk,2026-09-21-npbench-cova-L,69bc8be83f9f9a380f93f396d5ccb74cb8ac4eec,True,False,2,2,True,False,92484da5155c3406ad7a24b9d17a47e4e5ea9277c45b375c935d26bea371609c,c9125e156aac0f0083fa4d941c44b5e500809f7d0e4096cfd309983aa1701894,False,"[""historical_build"", ""reference_not_ranking""]"
syrk,cova_serial_cpu,default,same_process,observed,0.1077368620026391,syrk,2026-09-21-npbench-cova-L,69bc8be83f9f9a380f93f396d5ccb74cb8ac4eec,True,False,6,3,True,False,92484da5155c3406ad7a24b9d17a47e4e5ea9277c45b375c935d26bea371609c,c9125e156aac0f0083fa4d941c44b5e500809f7d0e4096cfd309983aa1701894,False,"[""historical_build"", ""reference_not_ranking""]"
trisolv,cova_llvm_cpu,default,initialization,observed,1.8162900999886915,trisolv,closure-step6,4ea0edb2+step6-fefd0a9c3c44,True,False,1,1,True,False,4f5471ef60c1579f85ae344ab83c59b28f7f210b0a535e59616ed8d3e93dce87,2ef566c3a7e8536e3be1ae3aaac85d9a03f4836c00d28326cc70cf2e8147fdb1,False,"[""historical_build"", ""reference_not_ranking""]"
trisolv,cova_llvm_cpu,default,fresh_process,observed,0.11101013400184456,trisolv,closure-step6,4ea0edb2+step6-fefd0a9c3c44,True,False,2,2,True,False,4f5471ef60c1579f85ae344ab83c59b28f7f210b0a535e59616ed8d3e93dce87,2ef566c3a7e8536e3be1ae3aaac85d9a03f4836c00d28326cc70cf2e8147fdb1,False,"[""historical_build"", ""reference_not_ranking""]"
trisolv,cova_llvm_cpu,default,same_process,observed,0.12902196899813134,trisolv,closure-step6,4ea0edb2+step6-fefd0a9c3c44,True,False,6,3,True,False,4f5471ef60c1579f85ae344ab83c59b28f7f210b0a535e59616ed8d3e93dce87,2ef566c3a7e8536e3be1ae3aaac85d9a03f4836c00d28326cc70cf2e8147fdb1,False,"[""historical_build"", ""reference_not_ranking""]"
trisolv,cova_llvm_cpu_serial,default,initialization,observed,1.7263653929985594,trisolv,2026-09-21-npbench-cova-L,69bc8be83f9f9a380f93f396d5ccb74cb8ac4eec,True,False,1,1,True,False,4f5471ef60c1579f85ae344ab83c59b28f7f210b0a535e59616ed8d3e93dce87,2ef566c3a7e8536e3be1ae3aaac85d9a03f4836c00d28326cc70cf2e8147fdb1,False,"[""historical_build"", ""reference_not_ranking""]"
trisolv,cova_llvm_cpu_serial,default,fresh_process,observed,0.09874760700040497,trisolv,2026-09-21-npbench-cova-L,69bc8be83f9f9a380f93f396d5ccb74cb8ac4eec,True,False,2,2,True,False,4f5471ef60c1579f85ae344ab83c59b28f7f210b0a535e59616ed8d3e93dce87,2ef566c3a7e8536e3be1ae3aaac85d9a03f4836c00d28326cc70cf2e8147fdb1,False,"[""historical_build"", ""reference_not_ranking""]"
trisolv,cova_llvm_cpu_serial,default,same_process,observed,0.1507024270031252,trisolv,2026-09-21-npbench-cova-L,69bc8be83f9f9a380f93f396d5ccb74cb8ac4eec,True,False,6,3,True,False,4f5471ef60c1579f85ae344ab83c59b28f7f210b0a535e59616ed8d3e93dce87,2ef566c3a7e8536e3be1ae3aaac85d9a03f4836c00d28326cc70cf2e8147fdb1,False,"[""historical_build"", ""reference_not_ranking""]"
trisolv,cova_llvm_gpu,default,initialization,observed,15.38660779298516,trisolv,closure-step6,4ea0edb2+step6-fefd0a9c3c44,True,False,1,1,True,False,4f5471ef60c1579f85ae344ab83c59b28f7f210b0a535e59616ed8d3e93dce87,2ef566c3a7e8536e3be1ae3aaac85d9a03f4836c00d28326cc70cf2e8147fdb1,True,"[""historical_build"", ""reference_not_ranking""]"
trisolv,cova_llvm_gpu,default,fresh_process,observed,10.914342704010778,trisolv,closure-step6,4ea0edb2+step6-fefd0a9c3c44,True,False,2,2,True,False,4f5471ef60c1579f85ae344ab83c59b28f7f210b0a535e59616ed8d3e93dce87,2ef566c3a7e8536e3be1ae3aaac85d9a03f4836c00d28326cc70cf2e8147fdb1,True,"[""historical_build"", ""reference_not_ranking""]"
trisolv,cova_llvm_gpu,default,same_process,observed,10.685506811001687,trisolv,closure-step6,4ea0edb2+step6-fefd0a9c3c44,True,False,6,3,True,False,4f5471ef60c1579f85ae344ab83c59b28f7f210b0a535e59616ed8d3e93dce87,2ef566c3a7e8536e3be1ae3aaac85d9a03f4836c00d28326cc70cf2e8147fdb1,True,"[""historical_build"", ""reference_not_ranking""]"
trisolv,cova_openmp_cpu,default,initialization,observed,2.2925222930061864,trisolv,2026-09-21-npbench-cova-L,69bc8be83f9f9a380f93f396d5ccb74cb8ac4eec,True,False,1,1,True,False,4f5471ef60c1579f85ae344ab83c59b28f7f210b0a535e59616ed8d3e93dce87,2ef566c3a7e8536e3be1ae3aaac85d9a03f4836c00d28326cc70cf2e8147fdb1,False,"[""historical_build"", ""reference_not_ranking""]"
trisolv,cova_openmp_cpu,default,fresh_process,observed,0.12589189800200984,trisolv,2026-09-21-npbench-cova-L,69bc8be83f9f9a380f93f396d5ccb74cb8ac4eec,True,False,2,2,True,False,4f5471ef60c1579f85ae344ab83c59b28f7f210b0a535e59616ed8d3e93dce87,2ef566c3a7e8536e3be1ae3aaac85d9a03f4836c00d28326cc70cf2e8147fdb1,False,"[""historical_build"", ""reference_not_ranking""]"
trisolv,cova_openmp_cpu,default,same_process,observed,0.14878150449658278,trisolv,2026-09-21-npbench-cova-L,69bc8be83f9f9a380f93f396d5ccb74cb8ac4eec,True,False,6,3,True,False,4f5471ef60c1579f85ae344ab83c59b28f7f210b0a535e59616ed8d3e93dce87,2ef566c3a7e8536e3be1ae3aaac85d9a03f4836c00d28326cc70cf2e8147fdb1,False,"[""historical_build"", ""reference_not_ranking""]"
trisolv,cova_openmp_gpu,default,initialization,observed,3.8360229010140756,trisolv,2026-09-21-npbench-cova-L,69bc8be83f9f9a380f93f396d5ccb74cb8ac4eec,True,False,1,1,True,False,4f5471ef60c1579f85ae344ab83c59b28f7f210b0a535e59616ed8d3e93dce87,2ef566c3a7e8536e3be1ae3aaac85d9a03f4836c00d28326cc70cf2e8147fdb1,False,"[""historical_build"", ""reference_not_ranking"", ""gpu_placement_metadata_only""]"
trisolv,cova_openmp_gpu,default,fresh_process,observed,0.19053359800454928,trisolv,2026-09-21-npbench-cova-L,69bc8be83f9f9a380f93f396d5ccb74cb8ac4eec,True,False,2,2,True,False,4f5471ef60c1579f85ae344ab83c59b28f7f210b0a535e59616ed8d3e93dce87,2ef566c3a7e8536e3be1ae3aaac85d9a03f4836c00d28326cc70cf2e8147fdb1,False,"[""historical_build"", ""reference_not_ranking"", ""gpu_placement_metadata_only""]"
trisolv,cova_openmp_gpu,default,same_process,observed,0.140905197506072,trisolv,2026-09-21-npbench-cova-L,69bc8be83f9f9a380f93f396d5ccb74cb8ac4eec,True,False,6,3,True,False,4f5471ef60c1579f85ae344ab83c59b28f7f210b0a535e59616ed8d3e93dce87,2ef566c3a7e8536e3be1ae3aaac85d9a03f4836c00d28326cc70cf2e8147fdb1,False,"[""historical_build"", ""reference_not_ranking"", ""gpu_placement_metadata_only""]"
trisolv,cova_serial_cpu,default,initialization,observed,2.185563245002413,trisolv,2026-09-21-npbench-cova-L,69bc8be83f9f9a380f93f396d5ccb74cb8ac4eec,True,False,1,1,True,False,4f5471ef60c1579f85ae344ab83c59b28f7f210b0a535e59616ed8d3e93dce87,2ef566c3a7e8536e3be1ae3aaac85d9a03f4836c00d28326cc70cf2e8147fdb1,False,"[""historical_build"", ""reference_not_ranking""]"
trisolv,cova_serial_cpu,default,fresh_process,observed,0.09673669100448024,trisolv,2026-09-21-npbench-cova-L,69bc8be83f9f9a380f93f396d5ccb74cb8ac4eec,True,False,2,2,True,False,4f5471ef60c1579f85ae344ab83c59b28f7f210b0a535e59616ed8d3e93dce87,2ef566c3a7e8536e3be1ae3aaac85d9a03f4836c00d28326cc70cf2e8147fdb1,False,"[""historical_build"", ""reference_not_ranking""]"
trisolv,cova_serial_cpu,default,same_process,observed,0.14257536749937572,trisolv,2026-09-21-npbench-cova-L,69bc8be83f9f9a380f93f396d5ccb74cb8ac4eec,True,False,6,3,True,False,4f5471ef60c1579f85ae344ab83c59b28f7f210b0a535e59616ed8d3e93dce87,2ef566c3a7e8536e3be1ae3aaac85d9a03f4836c00d28326cc70cf2e8147fdb1,False,"[""historical_build"", ""reference_not_ranking""]"
trmm,cova_llvm_cpu,default,initialization,observed,1.9565772270143498,trmm,closure-step6,4ea0edb2+step6-fefd0a9c3c44,True,False,1,1,True,False,3f94b2a3aeb62dabee33d3188a61d501e42975b8a01970dd7d3717b65c060956,9168af76f7b62c6873ac45e920743c46191f055c32ee6a1f1df2aba5ab399d7e,False,"[""historical_build"", ""reference_not_ranking""]"
trmm,cova_llvm_cpu,default,fresh_process,observed,0.2530562190077035,trmm,closure-step6,4ea0edb2+step6-fefd0a9c3c44,True,False,2,2,True,False,3f94b2a3aeb62dabee33d3188a61d501e42975b8a01970dd7d3717b65c060956,9168af76f7b62c6873ac45e920743c46191f055c32ee6a1f1df2aba5ab399d7e,False,"[""historical_build"", ""reference_not_ranking""]"
trmm,cova_llvm_cpu,default,same_process,observed,0.28698380950663704,trmm,closure-step6,4ea0edb2+step6-fefd0a9c3c44,True,False,6,3,True,False,3f94b2a3aeb62dabee33d3188a61d501e42975b8a01970dd7d3717b65c060956,9168af76f7b62c6873ac45e920743c46191f055c32ee6a1f1df2aba5ab399d7e,False,"[""historical_build"", ""reference_not_ranking""]"
trmm,cova_llvm_cpu_serial,default,initialization,observed,1.9424140930059366,trmm,2026-09-21-npbench-cova-L,69bc8be83f9f9a380f93f396d5ccb74cb8ac4eec,True,False,1,1,True,False,3f94b2a3aeb62dabee33d3188a61d501e42975b8a01970dd7d3717b65c060956,9168af76f7b62c6873ac45e920743c46191f055c32ee6a1f1df2aba5ab399d7e,False,"[""historical_build"", ""reference_not_ranking""]"
trmm,cova_llvm_cpu_serial,default,fresh_process,observed,0.2784161740055424,trmm,2026-09-21-npbench-cova-L,69bc8be83f9f9a380f93f396d5ccb74cb8ac4eec,True,False,2,2,True,False,3f94b2a3aeb62dabee33d3188a61d501e42975b8a01970dd7d3717b65c060956,9168af76f7b62c6873ac45e920743c46191f055c32ee6a1f1df2aba5ab399d7e,False,"[""historical_build"", ""reference_not_ranking""]"
trmm,cova_llvm_cpu_serial,default,same_process,observed,0.2959426300076302,trmm,2026-09-21-npbench-cova-L,69bc8be83f9f9a380f93f396d5ccb74cb8ac4eec,True,False,6,3,True,False,3f94b2a3aeb62dabee33d3188a61d501e42975b8a01970dd7d3717b65c060956,9168af76f7b62c6873ac45e920743c46191f055c32ee6a1f1df2aba5ab399d7e,False,"[""historical_build"", ""reference_not_ranking""]"
trmm,cova_llvm_gpu,default,initialization,observed,4.103701433981769,trmm,closure-step6,4ea0edb2+step6-fefd0a9c3c44,True,False,1,1,True,False,3f94b2a3aeb62dabee33d3188a61d501e42975b8a01970dd7d3717b65c060956,9168af76f7b62c6873ac45e920743c46191f055c32ee6a1f1df2aba5ab399d7e,True,"[""historical_build"", ""reference_not_ranking""]"
trmm,cova_llvm_gpu,default,fresh_process,observed,0.40093632151547354,trmm,closure-step6,4ea0edb2+step6-fefd0a9c3c44,True,False,2,2,True,False,3f94b2a3aeb62dabee33d3188a61d501e42975b8a01970dd7d3717b65c060956,9168af76f7b62c6873ac45e920743c46191f055c32ee6a1f1df2aba5ab399d7e,True,"[""historical_build"", ""reference_not_ranking""]"
trmm,cova_llvm_gpu,default,same_process,observed,0.11965226901520509,trmm,closure-step6,4ea0edb2+step6-fefd0a9c3c44,True,False,6,3,True,False,3f94b2a3aeb62dabee33d3188a61d501e42975b8a01970dd7d3717b65c060956,9168af76f7b62c6873ac45e920743c46191f055c32ee6a1f1df2aba5ab399d7e,True,"[""historical_build"", ""reference_not_ranking""]"
trmm,cova_openmp_cpu,default,initialization,observed,2.599611380006536,trmm,2026-09-21-npbench-cova-L,69bc8be83f9f9a380f93f396d5ccb74cb8ac4eec,True,False,1,1,True,False,3f94b2a3aeb62dabee33d3188a61d501e42975b8a01970dd7d3717b65c060956,9168af76f7b62c6873ac45e920743c46191f055c32ee6a1f1df2aba5ab399d7e,False,"[""historical_build"", ""reference_not_ranking""]"
trmm,cova_openmp_cpu,default,fresh_process,observed,0.23769472699495964,trmm,2026-09-21-npbench-cova-L,69bc8be83f9f9a380f93f396d5ccb74cb8ac4eec,True,False,2,2,True,False,3f94b2a3aeb62dabee33d3188a61d501e42975b8a01970dd7d3717b65c060956,9168af76f7b62c6873ac45e920743c46191f055c32ee6a1f1df2aba5ab399d7e,False,"[""historical_build"", ""reference_not_ranking""]"
trmm,cova_openmp_cpu,default,same_process,observed,0.29837233800208196,trmm,2026-09-21-npbench-cova-L,69bc8be83f9f9a380f93f396d5ccb74cb8ac4eec,True,False,6,3,True,False,3f94b2a3aeb62dabee33d3188a61d501e42975b8a01970dd7d3717b65c060956,9168af76f7b62c6873ac45e920743c46191f055c32ee6a1f1df2aba5ab399d7e,False,"[""historical_build"", ""reference_not_ranking""]"
trmm,cova_openmp_gpu,default,initialization,observed,4.18829693000589,trmm,2026-09-21-npbench-cova-L,69bc8be83f9f9a380f93f396d5ccb74cb8ac4eec,True,False,1,1,True,False,3f94b2a3aeb62dabee33d3188a61d501e42975b8a01970dd7d3717b65c060956,9168af76f7b62c6873ac45e920743c46191f055c32ee6a1f1df2aba5ab399d7e,False,"[""historical_build"", ""reference_not_ranking"", ""gpu_placement_metadata_only""]"
trmm,cova_openmp_gpu,default,fresh_process,observed,0.2794564444993739,trmm,2026-09-21-npbench-cova-L,69bc8be83f9f9a380f93f396d5ccb74cb8ac4eec,True,False,2,2,True,False,3f94b2a3aeb62dabee33d3188a61d501e42975b8a01970dd7d3717b65c060956,9168af76f7b62c6873ac45e920743c46191f055c32ee6a1f1df2aba5ab399d7e,False,"[""historical_build"", ""reference_not_ranking"", ""gpu_placement_metadata_only""]"
trmm,cova_openmp_gpu,default,same_process,observed,0.34414676450251136,trmm,2026-09-21-npbench-cova-L,69bc8be83f9f9a380f93f396d5ccb74cb8ac4eec,True,False,6,3,True,False,3f94b2a3aeb62dabee33d3188a61d501e42975b8a01970dd7d3717b65c060956,9168af76f7b62c6873ac45e920743c46191f055c32ee6a1f1df2aba5ab399d7e,False,"[""historical_build"", ""reference_not_ranking"", ""gpu_placement_metadata_only""]"
trmm,cova_serial_cpu,default,initialization,observed,2.294203286000993,trmm,2026-09-21-npbench-cova-L,69bc8be83f9f9a380f93f396d5ccb74cb8ac4eec,True,False,1,1,True,False,3f94b2a3aeb62dabee33d3188a61d501e42975b8a01970dd7d3717b65c060956,9168af76f7b62c6873ac45e920743c46191f055c32ee6a1f1df2aba5ab399d7e,False,"[""historical_build"", ""reference_not_ranking""]"
trmm,cova_serial_cpu,default,fresh_process,observed,0.2429519734942005,trmm,2026-09-21-npbench-cova-L,69bc8be83f9f9a380f93f396d5ccb74cb8ac4eec,True,False,2,2,True,False,3f94b2a3aeb62dabee33d3188a61d501e42975b8a01970dd7d3717b65c060956,9168af76f7b62c6873ac45e920743c46191f055c32ee6a1f1df2aba5ab399d7e,False,"[""historical_build"", ""reference_not_ranking""]"
trmm,cova_serial_cpu,default,same_process,observed,0.29735267600335646,trmm,2026-09-21-npbench-cova-L,69bc8be83f9f9a380f93f396d5ccb74cb8ac4eec,True,False,6,3,True,False,3f94b2a3aeb62dabee33d3188a61d501e42975b8a01970dd7d3717b65c060956,9168af76f7b62c6873ac45e920743c46191f055c32ee6a1f1df2aba5ab399d7e,False,"[""historical_build"", ""reference_not_ranking""]"
vadv,cova_llvm_cpu,default,initialization,observed,9.66998369898647,vadv,closure-step6,4ea0edb2+step6-fefd0a9c3c44,True,False,1,1,True,False,af48764eed52bcbfa917a57089296ce3be876f060430fae648ab359316609f14,300cff4f4ff45aa053437078a699f7f36c3a42bea19f7d989bd20911ef2050f4,False,"[""historical_build"", ""reference_not_ranking""]"
vadv,cova_llvm_cpu,default,fresh_process,observed,3.8409095559909474,vadv,closure-step6,4ea0edb2+step6-fefd0a9c3c44,True,False,2,2,True,False,af48764eed52bcbfa917a57089296ce3be876f060430fae648ab359316609f14,300cff4f4ff45aa053437078a699f7f36c3a42bea19f7d989bd20911ef2050f4,False,"[""historical_build"", ""reference_not_ranking""]"
vadv,cova_llvm_cpu,default,same_process,observed,3.2924562790140044,vadv,closure-step6,4ea0edb2+step6-fefd0a9c3c44,True,False,6,3,True,False,af48764eed52bcbfa917a57089296ce3be876f060430fae648ab359316609f14,300cff4f4ff45aa053437078a699f7f36c3a42bea19f7d989bd20911ef2050f4,False,"[""historical_build"", ""reference_not_ranking""]"
vadv,cova_llvm_cpu_serial,default,initialization,error,,vadv,2026-09-21-npbench-cova-L,69bc8be83f9f9a380f93f396d5ccb74cb8ac4eec,True,False,0,0,True,False,af48764eed52bcbfa917a57089296ce3be876f060430fae648ab359316609f14,300cff4f4ff45aa053437078a699f7f36c3a42bea19f7d989bd20911ef2050f4,False,"[""historical_build"", ""reference_not_ranking""]"
vadv,cova_llvm_cpu_serial,default,fresh_process,error,,vadv,2026-09-21-npbench-cova-L,69bc8be83f9f9a380f93f396d5ccb74cb8ac4eec,True,False,0,0,True,False,af48764eed52bcbfa917a57089296ce3be876f060430fae648ab359316609f14,300cff4f4ff45aa053437078a699f7f36c3a42bea19f7d989bd20911ef2050f4,False,"[""historical_build"", ""reference_not_ranking""]"
vadv,cova_llvm_cpu_serial,default,same_process,error,,vadv,2026-09-21-npbench-cova-L,69bc8be83f9f9a380f93f396d5ccb74cb8ac4eec,True,False,0,0,True,False,af48764eed52bcbfa917a57089296ce3be876f060430fae648ab359316609f14,300cff4f4ff45aa053437078a699f7f36c3a42bea19f7d989bd20911ef2050f4,False,"[""historical_build"", ""reference_not_ranking""]"
vadv,cova_llvm_gpu,default,initialization,observed,14.234146014990984,vadv,closure-step6,4ea0edb2+step6-fefd0a9c3c44,True,False,1,1,True,False,af48764eed52bcbfa917a57089296ce3be876f060430fae648ab359316609f14,300cff4f4ff45aa053437078a699f7f36c3a42bea19f7d989bd20911ef2050f4,True,"[""historical_build"", ""reference_not_ranking""]"
vadv,cova_llvm_gpu,default,fresh_process,observed,8.874066935008159,vadv,closure-step6,4ea0edb2+step6-fefd0a9c3c44,True,False,2,2,True,False,af48764eed52bcbfa917a57089296ce3be876f060430fae648ab359316609f14,300cff4f4ff45aa053437078a699f7f36c3a42bea19f7d989bd20911ef2050f4,True,"[""historical_build"", ""reference_not_ranking""]"
vadv,cova_llvm_gpu,default,same_process,observed,8.494809491501655,vadv,closure-step6,4ea0edb2+step6-fefd0a9c3c44,True,False,6,3,True,False,af48764eed52bcbfa917a57089296ce3be876f060430fae648ab359316609f14,300cff4f4ff45aa053437078a699f7f36c3a42bea19f7d989bd20911ef2050f4,True,"[""historical_build"", ""reference_not_ranking""]"
vadv,cova_openmp_cpu,default,initialization,error,,vadv,2026-09-21-npbench-cova-L,69bc8be83f9f9a380f93f396d5ccb74cb8ac4eec,True,False,0,0,True,False,af48764eed52bcbfa917a57089296ce3be876f060430fae648ab359316609f14,300cff4f4ff45aa053437078a699f7f36c3a42bea19f7d989bd20911ef2050f4,False,"[""historical_build"", ""reference_not_ranking""]"
vadv,cova_openmp_cpu,default,fresh_process,error,,vadv,2026-09-21-npbench-cova-L,69bc8be83f9f9a380f93f396d5ccb74cb8ac4eec,True,False,0,0,True,False,af48764eed52bcbfa917a57089296ce3be876f060430fae648ab359316609f14,300cff4f4ff45aa053437078a699f7f36c3a42bea19f7d989bd20911ef2050f4,False,"[""historical_build"", ""reference_not_ranking""]"
vadv,cova_openmp_cpu,default,same_process,error,,vadv,2026-09-21-npbench-cova-L,69bc8be83f9f9a380f93f396d5ccb74cb8ac4eec,True,False,0,0,True,False,af48764eed52bcbfa917a57089296ce3be876f060430fae648ab359316609f14,300cff4f4ff45aa053437078a699f7f36c3a42bea19f7d989bd20911ef2050f4,False,"[""historical_build"", ""reference_not_ranking""]"
vadv,cova_openmp_gpu,default,initialization,error,,vadv,2026-09-21-npbench-cova-L,69bc8be83f9f9a380f93f396d5ccb74cb8ac4eec,True,False,0,0,True,False,af48764eed52bcbfa917a57089296ce3be876f060430fae648ab359316609f14,300cff4f4ff45aa053437078a699f7f36c3a42bea19f7d989bd20911ef2050f4,False,"[""historical_build"", ""reference_not_ranking"", ""gpu_placement_metadata_only""]"
vadv,cova_openmp_gpu,default,fresh_process,error,,vadv,2026-09-21-npbench-cova-L,69bc8be83f9f9a380f93f396d5ccb74cb8ac4eec,True,False,0,0,True,False,af48764eed52bcbfa917a57089296ce3be876f060430fae648ab359316609f14,300cff4f4ff45aa053437078a699f7f36c3a42bea19f7d989bd20911ef2050f4,False,"[""historical_build"", ""reference_not_ranking"", ""gpu_placement_metadata_only""]"
vadv,cova_openmp_gpu,default,same_process,error,,vadv,2026-09-21-npbench-cova-L,69bc8be83f9f9a380f93f396d5ccb74cb8ac4eec,True,False,0,0,True,False,af48764eed52bcbfa917a57089296ce3be876f060430fae648ab359316609f14,300cff4f4ff45aa053437078a699f7f36c3a42bea19f7d989bd20911ef2050f4,False,"[""historical_build"", ""reference_not_ranking"", ""gpu_placement_metadata_only""]"
vadv,cova_serial_cpu,default,initialization,error,,vadv,2026-09-21-npbench-cova-L,69bc8be83f9f9a380f93f396d5ccb74cb8ac4eec,True,False,0,0,True,False,af48764eed52bcbfa917a57089296ce3be876f060430fae648ab359316609f14,300cff4f4ff45aa053437078a699f7f36c3a42bea19f7d989bd20911ef2050f4,False,"[""historical_build"", ""reference_not_ranking""]"
vadv,cova_serial_cpu,default,fresh_process,error,,vadv,2026-09-21-npbench-cova-L,69bc8be83f9f9a380f93f396d5ccb74cb8ac4eec,True,False,0,0,True,False,af48764eed52bcbfa917a57089296ce3be876f060430fae648ab359316609f14,300cff4f4ff45aa053437078a699f7f36c3a42bea19f7d989bd20911ef2050f4,False,"[""historical_build"", ""reference_not_ranking""]"
vadv,cova_serial_cpu,default,same_process,error,,vadv,2026-09-21-npbench-cova-L,69bc8be83f9f9a380f93f396d5ccb74cb8ac4eec,True,False,0,0,True,False,af48764eed52bcbfa917a57089296ce3be876f060430fae648ab359316609f14,300cff4f4ff45aa053437078a699f7f36c3a42bea19f7d989bd20911ef2050f4,False,"[""historical_build"", ""reference_not_ranking""]"
adi_corrected,cova_llvm_cpu,default,initialization,observed,2.929343825991964,adi_corrected,closure-step6,4ea0edb2+step6-fefd0a9c3c44,True,False,1,1,True,True,72849b544ae3b8773b18c95384e36f194ea524782f4feabfed03a3b4194872e9,44fae57bf7759f2639279283ba275bd89bd5df1bf8f5d46bee32e1d87e87c452,False,"[""historical_build"", ""reference_not_ranking""]"
adi_corrected,cova_llvm_cpu,default,fresh_process,observed,0.37541564348794054,adi_corrected,closure-step6,4ea0edb2+step6-fefd0a9c3c44,True,False,2,2,True,True,72849b544ae3b8773b18c95384e36f194ea524782f4feabfed03a3b4194872e9,44fae57bf7759f2639279283ba275bd89bd5df1bf8f5d46bee32e1d87e87c452,False,"[""historical_build"", ""reference_not_ranking""]"
adi_corrected,cova_llvm_cpu,default,same_process,observed,0.4859579189942451,adi_corrected,closure-step6,4ea0edb2+step6-fefd0a9c3c44,True,False,6,3,True,True,72849b544ae3b8773b18c95384e36f194ea524782f4feabfed03a3b4194872e9,44fae57bf7759f2639279283ba275bd89bd5df1bf8f5d46bee32e1d87e87c452,False,"[""historical_build"", ""reference_not_ranking""]"
adi_corrected,cova_llvm_gpu,default,initialization,observed,34.47568870300893,adi_corrected,closure-step6,4ea0edb2+step6-fefd0a9c3c44,True,False,1,1,True,True,72849b544ae3b8773b18c95384e36f194ea524782f4feabfed03a3b4194872e9,44fae57bf7759f2639279283ba275bd89bd5df1bf8f5d46bee32e1d87e87c452,True,"[""historical_build"", ""reference_not_ranking""]"
adi_corrected,cova_llvm_gpu,default,fresh_process,observed,34.00736943951051,adi_corrected,closure-step6,4ea0edb2+step6-fefd0a9c3c44,True,False,2,2,True,True,72849b544ae3b8773b18c95384e36f194ea524782f4feabfed03a3b4194872e9,44fae57bf7759f2639279283ba275bd89bd5df1bf8f5d46bee32e1d87e87c452,True,"[""historical_build"", ""reference_not_ranking""]"
adi_corrected,cova_llvm_gpu,default,same_process,observed,29.600765960494755,adi_corrected,closure-step6,4ea0edb2+step6-fefd0a9c3c44,True,False,6,3,True,True,72849b544ae3b8773b18c95384e36f194ea524782f4feabfed03a3b4194872e9,44fae57bf7759f2639279283ba275bd89bd5df1bf8f5d46bee32e1d87e87c452,True,"[""historical_build"", ""reference_not_ranking""]"
adi_corrected,cova_serial_cpu,default,initialization,missing,,adi_corrected,,,,,0,0,False,,,,,"[""no_matching_L_evidence""]"
adi_corrected,cova_serial_cpu,default,fresh_process,missing,,adi_corrected,,,,,0,0,False,,,,,"[""no_matching_L_evidence""]"
adi_corrected,cova_serial_cpu,default,same_process,missing,,adi_corrected,,,,,0,0,False,,,,,"[""no_matching_L_evidence""]"
adi_corrected,cova_openmp_cpu,default,initialization,missing,,adi_corrected,,,,,0,0,False,,,,,"[""no_matching_L_evidence""]"
adi_corrected,cova_openmp_cpu,default,fresh_process,missing,,adi_corrected,,,,,0,0,False,,,,,"[""no_matching_L_evidence""]"
adi_corrected,cova_openmp_cpu,default,same_process,missing,,adi_corrected,,,,,0,0,False,,,,,"[""no_matching_L_evidence""]"
adi_corrected,cova_llvm_cpu_serial,default,initialization,missing,,adi_corrected,,,,,0,0,False,,,,,"[""no_matching_L_evidence""]"
adi_corrected,cova_llvm_cpu_serial,default,fresh_process,missing,,adi_corrected,,,,,0,0,False,,,,,"[""no_matching_L_evidence""]"
adi_corrected,cova_llvm_cpu_serial,default,same_process,missing,,adi_corrected,,,,,0,0,False,,,,,"[""no_matching_L_evidence""]"
adi_corrected,cova_openmp_gpu,default,initialization,missing,,adi_corrected,,,,,0,0,False,,,,,"[""no_matching_L_evidence""]"
adi_corrected,cova_openmp_gpu,default,fresh_process,missing,,adi_corrected,,,,,0,0,False,,,,,"[""no_matching_L_evidence""]"
adi_corrected,cova_openmp_gpu,default,same_process,missing,,adi_corrected,,,,,0,0,False,,,,,"[""no_matching_L_evidence""]"
