benchmark,framework,implementation,phase,state,seconds,source_benchmark,source_version,samples,processes,golden_key,golden_sha256,reported_devices,restriction_reasons
adi_corrected,numpy,default,initialization,observed,1.523410082794726,adi_corrected,,3,3,72849b544ae3b8773b18c95384e36f194ea524782f4feabfed03a3b4194872e9,44fae57bf7759f2639279283ba275bd89bd5df1bf8f5d46bee32e1d87e87c452,,between_process_variability
adi_corrected,numba,nopython-mode,initialization,observed,4.630719186738133,adi_corrected,,3,3,72849b544ae3b8773b18c95384e36f194ea524782f4feabfed03a3b4194872e9,44fae57bf7759f2639279283ba275bd89bd5df1bf8f5d46bee32e1d87e87c452,,
adi_corrected,numba,nopython-mode-parallel,initialization,observed,31.77548001939431,adi_corrected,,3,3,72849b544ae3b8773b18c95384e36f194ea524782f4feabfed03a3b4194872e9,44fae57bf7759f2639279283ba275bd89bd5df1bf8f5d46bee32e1d87e87c452,,between_process_variability
adi_corrected,numba,nopython-mode-parallel-range,initialization,N/A,,,,,,,,,
adi_corrected,numba,object-mode,initialization,N/A,,,,,,,,,
adi_corrected,numba,object-mode-parallel,initialization,N/A,,,,,,,,,
adi_corrected,numba,object-mode-parallel-range,initialization,N/A,,,,,,,,,
adi_corrected,dace_cpu,fusion,initialization,observed,22.62076201895252,adi_corrected,,3,3,72849b544ae3b8773b18c95384e36f194ea524782f4feabfed03a3b4194872e9,44fae57bf7759f2639279283ba275bd89bd5df1bf8f5d46bee32e1d87e87c452,,between_process_variability
adi_corrected,dace_cpu,parallel,initialization,observed,23.499315812252462,adi_corrected,,3,3,72849b544ae3b8773b18c95384e36f194ea524782f4feabfed03a3b4194872e9,44fae57bf7759f2639279283ba275bd89bd5df1bf8f5d46bee32e1d87e87c452,,between_process_variability
adi_corrected,dace_cpu,auto_opt,initialization,observed,23.016679828986526,adi_corrected,,3,3,72849b544ae3b8773b18c95384e36f194ea524782f4feabfed03a3b4194872e9,44fae57bf7759f2639279283ba275bd89bd5df1bf8f5d46bee32e1d87e87c452,,
adi_corrected,dace_gpu,fusion,initialization,observed,31.46354488423094,adi_corrected,,3,3,72849b544ae3b8773b18c95384e36f194ea524782f4feabfed03a3b4194872e9,44fae57bf7759f2639279283ba275bd89bd5df1bf8f5d46bee32e1d87e87c452,,
adi_corrected,dace_gpu,parallel,initialization,observed,31.093344418797642,adi_corrected,,3,3,72849b544ae3b8773b18c95384e36f194ea524782f4feabfed03a3b4194872e9,44fae57bf7759f2639279283ba275bd89bd5df1bf8f5d46bee32e1d87e87c452,,
adi_corrected,dace_gpu,auto_opt,initialization,observed,34.26996370591223,adi_corrected,,3,3,72849b544ae3b8773b18c95384e36f194ea524782f4feabfed03a3b4194872e9,44fae57bf7759f2639279283ba275bd89bd5df1bf8f5d46bee32e1d87e87c452,,
adi_corrected,cupy,default,initialization,observed,15.462024519685656,adi_corrected,,3,3,72849b544ae3b8773b18c95384e36f194ea524782f4feabfed03a3b4194872e9,44fae57bf7759f2639279283ba275bd89bd5df1bf8f5d46bee32e1d87e87c452,,between_process_variability
arc_distance,numpy,default,initialization,observed,1.0591460932046175,arc_distance,,1,1,d2c2cc16a18a69316144dced56e13ec50585fb90292fd8c9251b0cd2d83afd8e,c9a5d51d680eeff18f5d5e1a8bd8a4acc4d771e072238396fee0333ed61696be,,
arc_distance,numba,nopython-mode,initialization,observed,2.4792272113263607,arc_distance,,1,1,d2c2cc16a18a69316144dced56e13ec50585fb90292fd8c9251b0cd2d83afd8e,c9a5d51d680eeff18f5d5e1a8bd8a4acc4d771e072238396fee0333ed61696be,,
arc_distance,numba,nopython-mode-parallel,initialization,observed,1.5481611918658018,arc_distance,,1,1,d2c2cc16a18a69316144dced56e13ec50585fb90292fd8c9251b0cd2d83afd8e,c9a5d51d680eeff18f5d5e1a8bd8a4acc4d771e072238396fee0333ed61696be,,
arc_distance,numba,nopython-mode-parallel-range,initialization,N/A,,,,,,,,,
arc_distance,numba,object-mode,initialization,N/A,,,,,,,,,
arc_distance,numba,object-mode-parallel,initialization,N/A,,,,,,,,,
arc_distance,numba,object-mode-parallel-range,initialization,N/A,,,,,,,,,
arc_distance,dace_cpu,fusion,initialization,observed,6.692087715957314,arc_distance,,1,1,d2c2cc16a18a69316144dced56e13ec50585fb90292fd8c9251b0cd2d83afd8e,c9a5d51d680eeff18f5d5e1a8bd8a4acc4d771e072238396fee0333ed61696be,,
arc_distance,dace_cpu,parallel,initialization,observed,6.617998419795185,arc_distance,,1,1,d2c2cc16a18a69316144dced56e13ec50585fb90292fd8c9251b0cd2d83afd8e,c9a5d51d680eeff18f5d5e1a8bd8a4acc4d771e072238396fee0333ed61696be,,
arc_distance,dace_cpu,auto_opt,initialization,observed,6.82259490294382,arc_distance,,1,1,d2c2cc16a18a69316144dced56e13ec50585fb90292fd8c9251b0cd2d83afd8e,c9a5d51d680eeff18f5d5e1a8bd8a4acc4d771e072238396fee0333ed61696be,,
arc_distance,dace_gpu,fusion,initialization,observed,25.697793082799762,arc_distance,,1,1,d2c2cc16a18a69316144dced56e13ec50585fb90292fd8c9251b0cd2d83afd8e,c9a5d51d680eeff18f5d5e1a8bd8a4acc4d771e072238396fee0333ed61696be,,
arc_distance,dace_gpu,parallel,initialization,observed,23.85904806992039,arc_distance,,1,1,d2c2cc16a18a69316144dced56e13ec50585fb90292fd8c9251b0cd2d83afd8e,c9a5d51d680eeff18f5d5e1a8bd8a4acc4d771e072238396fee0333ed61696be,,
arc_distance,dace_gpu,auto_opt,initialization,observed,25.08999514626339,arc_distance,,1,1,d2c2cc16a18a69316144dced56e13ec50585fb90292fd8c9251b0cd2d83afd8e,c9a5d51d680eeff18f5d5e1a8bd8a4acc4d771e072238396fee0333ed61696be,,
arc_distance,cupy,default,initialization,observed,1.655647800769657,arc_distance,,1,1,d2c2cc16a18a69316144dced56e13ec50585fb90292fd8c9251b0cd2d83afd8e,c9a5d51d680eeff18f5d5e1a8bd8a4acc4d771e072238396fee0333ed61696be,,
atax,numpy,default,initialization,observed,0.14480328187346458,atax,,1,1,68c6513b767fc4fe61dbe15c9629b1ea75eae7d2a20436521c52c551d6698648,30d1cbd8bc811b325570c9fdb182323781764974a74f27916f06ba12e9a7baef,,
atax,numba,nopython-mode,initialization,observed,1.5100604458712041,atax,,1,1,68c6513b767fc4fe61dbe15c9629b1ea75eae7d2a20436521c52c551d6698648,30d1cbd8bc811b325570c9fdb182323781764974a74f27916f06ba12e9a7baef,,
atax,numba,nopython-mode-parallel,initialization,observed,1.6111895120702684,atax,,1,1,68c6513b767fc4fe61dbe15c9629b1ea75eae7d2a20436521c52c551d6698648,30d1cbd8bc811b325570c9fdb182323781764974a74f27916f06ba12e9a7baef,,
atax,numba,nopython-mode-parallel-range,initialization,N/A,,,,,,,,,
atax,numba,object-mode,initialization,N/A,,,,,,,,,
atax,numba,object-mode-parallel,initialization,N/A,,,,,,,,,
atax,numba,object-mode-parallel-range,initialization,N/A,,,,,,,,,
atax,dace_cpu,fusion,initialization,observed,7.468842007685453,atax,,1,1,68c6513b767fc4fe61dbe15c9629b1ea75eae7d2a20436521c52c551d6698648,30d1cbd8bc811b325570c9fdb182323781764974a74f27916f06ba12e9a7baef,,
atax,dace_cpu,parallel,initialization,observed,7.207164629828185,atax,,1,1,68c6513b767fc4fe61dbe15c9629b1ea75eae7d2a20436521c52c551d6698648,30d1cbd8bc811b325570c9fdb182323781764974a74f27916f06ba12e9a7baef,,
atax,dace_cpu,auto_opt,initialization,observed,7.436477560084313,atax,,1,1,68c6513b767fc4fe61dbe15c9629b1ea75eae7d2a20436521c52c551d6698648,30d1cbd8bc811b325570c9fdb182323781764974a74f27916f06ba12e9a7baef,,
atax,dace_gpu,fusion,initialization,observed,30.9332552771084,atax,,1,1,68c6513b767fc4fe61dbe15c9629b1ea75eae7d2a20436521c52c551d6698648,30d1cbd8bc811b325570c9fdb182323781764974a74f27916f06ba12e9a7baef,,
atax,dace_gpu,parallel,initialization,observed,28.363382969982922,atax,,1,1,68c6513b767fc4fe61dbe15c9629b1ea75eae7d2a20436521c52c551d6698648,30d1cbd8bc811b325570c9fdb182323781764974a74f27916f06ba12e9a7baef,,
atax,dace_gpu,auto_opt,initialization,observed,28.862349746748805,atax,,1,1,68c6513b767fc4fe61dbe15c9629b1ea75eae7d2a20436521c52c551d6698648,30d1cbd8bc811b325570c9fdb182323781764974a74f27916f06ba12e9a7baef,,
atax,cupy,default,initialization,observed,3.31989177595824,atax,,1,1,68c6513b767fc4fe61dbe15c9629b1ea75eae7d2a20436521c52c551d6698648,30d1cbd8bc811b325570c9fdb182323781764974a74f27916f06ba12e9a7baef,,
azimint_hist,numpy,default,initialization,observed,0.5724683250300586,azimint_hist,,1,1,f5914dfb9f4cc36109a1c231938d0863c485540d7d58b79bed61050dcb1e083e,d714677a44d27aec51292ca83b9b3ba9c1835b7ac786bbd295a407ecfa03d47f,,
azimint_hist,numba,nopython-mode,initialization,observed,2.015096148941666,azimint_hist,,1,1,f5914dfb9f4cc36109a1c231938d0863c485540d7d58b79bed61050dcb1e083e,d714677a44d27aec51292ca83b9b3ba9c1835b7ac786bbd295a407ecfa03d47f,,
azimint_hist,numba,nopython-mode-parallel,initialization,observed,3.2756062117405236,azimint_hist,,1,1,f5914dfb9f4cc36109a1c231938d0863c485540d7d58b79bed61050dcb1e083e,d714677a44d27aec51292ca83b9b3ba9c1835b7ac786bbd295a407ecfa03d47f,,
azimint_hist,numba,nopython-mode-parallel-range,initialization,observed,5.709220761898905,azimint_hist_private,,3,3,ee08d8b3d6c42ca8c49f15064988585a960e19f6df094ce2408581b17b4d3570,d714677a44d27aec51292ca83b9b3ba9c1835b7ac786bbd295a407ecfa03d47f,,
azimint_hist,numba,object-mode,initialization,observed,1.6050016479566693,azimint_hist,,1,1,f5914dfb9f4cc36109a1c231938d0863c485540d7d58b79bed61050dcb1e083e,d714677a44d27aec51292ca83b9b3ba9c1835b7ac786bbd295a407ecfa03d47f,,
azimint_hist,numba,object-mode-parallel,initialization,observed,1.7339732651598752,azimint_hist,,1,1,f5914dfb9f4cc36109a1c231938d0863c485540d7d58b79bed61050dcb1e083e,d714677a44d27aec51292ca83b9b3ba9c1835b7ac786bbd295a407ecfa03d47f,,
azimint_hist,numba,object-mode-parallel-range,initialization,N/A,,,,,,,,,
azimint_hist,dace_cpu,fusion,initialization,observed,224.5468876049854,azimint_hist,,1,1,f5914dfb9f4cc36109a1c231938d0863c485540d7d58b79bed61050dcb1e083e,d714677a44d27aec51292ca83b9b3ba9c1835b7ac786bbd295a407ecfa03d47f,,
azimint_hist,dace_cpu,parallel,initialization,observed,217.06198547920212,azimint_hist,,1,1,f5914dfb9f4cc36109a1c231938d0863c485540d7d58b79bed61050dcb1e083e,d714677a44d27aec51292ca83b9b3ba9c1835b7ac786bbd295a407ecfa03d47f,,
azimint_hist,dace_cpu,auto_opt,initialization,observed,215.74654809897766,azimint_hist,,1,1,f5914dfb9f4cc36109a1c231938d0863c485540d7d58b79bed61050dcb1e083e,d714677a44d27aec51292ca83b9b3ba9c1835b7ac786bbd295a407ecfa03d47f,,
azimint_hist,dace_gpu,fusion,initialization,observed,24.531392528209835,azimint_hist,,1,1,f5914dfb9f4cc36109a1c231938d0863c485540d7d58b79bed61050dcb1e083e,d714677a44d27aec51292ca83b9b3ba9c1835b7ac786bbd295a407ecfa03d47f,,
azimint_hist,dace_gpu,parallel,initialization,observed,26.742535097058862,azimint_hist,,1,1,f5914dfb9f4cc36109a1c231938d0863c485540d7d58b79bed61050dcb1e083e,d714677a44d27aec51292ca83b9b3ba9c1835b7ac786bbd295a407ecfa03d47f,,
azimint_hist,dace_gpu,auto_opt,initialization,observed,27.821278055664152,azimint_hist,,1,1,f5914dfb9f4cc36109a1c231938d0863c485540d7d58b79bed61050dcb1e083e,d714677a44d27aec51292ca83b9b3ba9c1835b7ac786bbd295a407ecfa03d47f,,
azimint_hist,cupy,default,initialization,observed,1.963979098945856,azimint_hist,,1,1,f5914dfb9f4cc36109a1c231938d0863c485540d7d58b79bed61050dcb1e083e,d714677a44d27aec51292ca83b9b3ba9c1835b7ac786bbd295a407ecfa03d47f,,
azimint_naive,numpy,default,initialization,observed,49.487638163845986,azimint_naive,,1,1,7ce93eb427426de57f9dd024b84b3ccd522ed34eea578a05eb7d30f002985156,10e5a4ce8b6fe96db84b8d28fc35df47e5ddd295dfddf44939fc8ac5c8795b6d,,
azimint_naive,numba,nopython-mode,initialization,observed,70.13723061187193,azimint_naive,,1,1,7ce93eb427426de57f9dd024b84b3ccd522ed34eea578a05eb7d30f002985156,10e5a4ce8b6fe96db84b8d28fc35df47e5ddd295dfddf44939fc8ac5c8795b6d,,
azimint_naive,numba,nopython-mode-parallel,initialization,observed,50.68507061479613,azimint_naive,,1,1,7ce93eb427426de57f9dd024b84b3ccd522ed34eea578a05eb7d30f002985156,10e5a4ce8b6fe96db84b8d28fc35df47e5ddd295dfddf44939fc8ac5c8795b6d,,
azimint_naive,numba,nopython-mode-parallel-range,initialization,observed,6.615525438915938,azimint_naive,,1,1,7ce93eb427426de57f9dd024b84b3ccd522ed34eea578a05eb7d30f002985156,10e5a4ce8b6fe96db84b8d28fc35df47e5ddd295dfddf44939fc8ac5c8795b6d,,
azimint_naive,numba,object-mode,initialization,N/A,,,,,,,,,
azimint_naive,numba,object-mode-parallel,initialization,N/A,,,,,,,,,
azimint_naive,numba,object-mode-parallel-range,initialization,N/A,,,,,,,,,
azimint_naive,dace_cpu,fusion,initialization,observed,80.51875601895154,azimint_naive,,1,1,7ce93eb427426de57f9dd024b84b3ccd522ed34eea578a05eb7d30f002985156,10e5a4ce8b6fe96db84b8d28fc35df47e5ddd295dfddf44939fc8ac5c8795b6d,,
azimint_naive,dace_cpu,parallel,initialization,observed,66.99361746991053,azimint_naive,,1,1,7ce93eb427426de57f9dd024b84b3ccd522ed34eea578a05eb7d30f002985156,10e5a4ce8b6fe96db84b8d28fc35df47e5ddd295dfddf44939fc8ac5c8795b6d,,
azimint_naive,dace_cpu,auto_opt,initialization,observed,73.463956059888,azimint_naive,,1,1,7ce93eb427426de57f9dd024b84b3ccd522ed34eea578a05eb7d30f002985156,10e5a4ce8b6fe96db84b8d28fc35df47e5ddd295dfddf44939fc8ac5c8795b6d,,
azimint_naive,dace_gpu,fusion,initialization,observed,27.694643353112042,azimint_naive,,1,1,7ce93eb427426de57f9dd024b84b3ccd522ed34eea578a05eb7d30f002985156,10e5a4ce8b6fe96db84b8d28fc35df47e5ddd295dfddf44939fc8ac5c8795b6d,,
azimint_naive,dace_gpu,parallel,initialization,error,,azimint_naive,,0,0,7ce93eb427426de57f9dd024b84b3ccd522ed34eea578a05eb7d30f002985156,10e5a4ce8b6fe96db84b8d28fc35df47e5ddd295dfddf44939fc8ac5c8795b6d,,
azimint_naive,dace_gpu,auto_opt,initialization,error,,azimint_naive,,0,0,7ce93eb427426de57f9dd024b84b3ccd522ed34eea578a05eb7d30f002985156,10e5a4ce8b6fe96db84b8d28fc35df47e5ddd295dfddf44939fc8ac5c8795b6d,,
azimint_naive,cupy,default,initialization,observed,4.114629360381514,azimint_naive,,1,1,7ce93eb427426de57f9dd024b84b3ccd522ed34eea578a05eb7d30f002985156,10e5a4ce8b6fe96db84b8d28fc35df47e5ddd295dfddf44939fc8ac5c8795b6d,,
bicg,numpy,default,initialization,observed,0.14816331584006548,bicg,,1,1,16d618b4e97f8f1b6191fe3f76123e77b6b198e5982ffa6fbd2528fa69701078,77e9adb788612e39af05a751b80c16198c5c53c1997f2c21ca5d1cefa59811c3,,
bicg,numba,nopython-mode,initialization,observed,1.6311889942735434,bicg,,1,1,16d618b4e97f8f1b6191fe3f76123e77b6b198e5982ffa6fbd2528fa69701078,77e9adb788612e39af05a751b80c16198c5c53c1997f2c21ca5d1cefa59811c3,,
bicg,numba,nopython-mode-parallel,initialization,observed,1.0399853847920895,bicg,,1,1,16d618b4e97f8f1b6191fe3f76123e77b6b198e5982ffa6fbd2528fa69701078,77e9adb788612e39af05a751b80c16198c5c53c1997f2c21ca5d1cefa59811c3,,
bicg,numba,nopython-mode-parallel-range,initialization,N/A,,,,,,,,,
bicg,numba,object-mode,initialization,N/A,,,,,,,,,
bicg,numba,object-mode-parallel,initialization,N/A,,,,,,,,,
bicg,numba,object-mode-parallel-range,initialization,N/A,,,,,,,,,
bicg,dace_cpu,fusion,initialization,observed,7.409877752885222,bicg,,1,1,16d618b4e97f8f1b6191fe3f76123e77b6b198e5982ffa6fbd2528fa69701078,77e9adb788612e39af05a751b80c16198c5c53c1997f2c21ca5d1cefa59811c3,,
bicg,dace_cpu,parallel,initialization,observed,7.216289222706109,bicg,,1,1,16d618b4e97f8f1b6191fe3f76123e77b6b198e5982ffa6fbd2528fa69701078,77e9adb788612e39af05a751b80c16198c5c53c1997f2c21ca5d1cefa59811c3,,
bicg,dace_cpu,auto_opt,initialization,observed,7.393626807723194,bicg,,1,1,16d618b4e97f8f1b6191fe3f76123e77b6b198e5982ffa6fbd2528fa69701078,77e9adb788612e39af05a751b80c16198c5c53c1997f2c21ca5d1cefa59811c3,,
bicg,dace_gpu,fusion,initialization,observed,28.238394767045975,bicg,,1,1,16d618b4e97f8f1b6191fe3f76123e77b6b198e5982ffa6fbd2528fa69701078,77e9adb788612e39af05a751b80c16198c5c53c1997f2c21ca5d1cefa59811c3,,
bicg,dace_gpu,parallel,initialization,observed,27.36415921896696,bicg,,1,1,16d618b4e97f8f1b6191fe3f76123e77b6b198e5982ffa6fbd2528fa69701078,77e9adb788612e39af05a751b80c16198c5c53c1997f2c21ca5d1cefa59811c3,,
bicg,dace_gpu,auto_opt,initialization,observed,26.339258632156998,bicg,,1,1,16d618b4e97f8f1b6191fe3f76123e77b6b198e5982ffa6fbd2528fa69701078,77e9adb788612e39af05a751b80c16198c5c53c1997f2c21ca5d1cefa59811c3,,
bicg,cupy,default,initialization,observed,3.217120140325278,bicg,,1,1,16d618b4e97f8f1b6191fe3f76123e77b6b198e5982ffa6fbd2528fa69701078,77e9adb788612e39af05a751b80c16198c5c53c1997f2c21ca5d1cefa59811c3,,
cavity_flow,numpy,default,initialization,observed,0.7528192489407957,cavity_flow,,1,1,210af7f0234bb993fa8cb9e063c162a3f185d3fc74aad9308835699b7e5a18da,33c1dcf4ea4c8afb398c3db57686f19a59239f440846cca31b92bee224e3c662,,
cavity_flow,numba,nopython-mode,initialization,observed,9.045360945165157,cavity_flow,,1,1,210af7f0234bb993fa8cb9e063c162a3f185d3fc74aad9308835699b7e5a18da,33c1dcf4ea4c8afb398c3db57686f19a59239f440846cca31b92bee224e3c662,,
cavity_flow,numba,nopython-mode-parallel,initialization,error,,cavity_flow,,0,0,210af7f0234bb993fa8cb9e063c162a3f185d3fc74aad9308835699b7e5a18da,33c1dcf4ea4c8afb398c3db57686f19a59239f440846cca31b92bee224e3c662,,
cavity_flow,numba,nopython-mode-parallel-range,initialization,N/A,,,,,,,,,
cavity_flow,numba,object-mode,initialization,N/A,,,,,,,,,
cavity_flow,numba,object-mode-parallel,initialization,N/A,,,,,,,,,
cavity_flow,numba,object-mode-parallel-range,initialization,N/A,,,,,,,,,
cavity_flow,dace_cpu,fusion,initialization,observed,15.789043120108545,cavity_flow,,1,1,210af7f0234bb993fa8cb9e063c162a3f185d3fc74aad9308835699b7e5a18da,33c1dcf4ea4c8afb398c3db57686f19a59239f440846cca31b92bee224e3c662,,
cavity_flow,dace_cpu,parallel,initialization,observed,14.250274941790849,cavity_flow,,1,1,210af7f0234bb993fa8cb9e063c162a3f185d3fc74aad9308835699b7e5a18da,33c1dcf4ea4c8afb398c3db57686f19a59239f440846cca31b92bee224e3c662,,
cavity_flow,dace_cpu,auto_opt,initialization,observed,19.076331539079547,cavity_flow,,1,1,210af7f0234bb993fa8cb9e063c162a3f185d3fc74aad9308835699b7e5a18da,33c1dcf4ea4c8afb398c3db57686f19a59239f440846cca31b92bee224e3c662,,
cavity_flow,dace_gpu,fusion,initialization,observed,29.77706649992615,cavity_flow,,1,1,210af7f0234bb993fa8cb9e063c162a3f185d3fc74aad9308835699b7e5a18da,33c1dcf4ea4c8afb398c3db57686f19a59239f440846cca31b92bee224e3c662,,
cavity_flow,dace_gpu,parallel,initialization,observed,30.18305176589638,cavity_flow,,1,1,210af7f0234bb993fa8cb9e063c162a3f185d3fc74aad9308835699b7e5a18da,33c1dcf4ea4c8afb398c3db57686f19a59239f440846cca31b92bee224e3c662,,
cavity_flow,dace_gpu,auto_opt,initialization,observed,34.42104831384495,cavity_flow,,1,1,210af7f0234bb993fa8cb9e063c162a3f185d3fc74aad9308835699b7e5a18da,33c1dcf4ea4c8afb398c3db57686f19a59239f440846cca31b92bee224e3c662,,
cavity_flow,cupy,default,initialization,observed,4.077347380109131,cavity_flow,,1,1,210af7f0234bb993fa8cb9e063c162a3f185d3fc74aad9308835699b7e5a18da,33c1dcf4ea4c8afb398c3db57686f19a59239f440846cca31b92bee224e3c662,,
channel_flow,numpy,default,initialization,observed,5.99419139418751,channel_flow,,1,1,a5826f86fe64a72734a89619a6e971effc8ed8ebe00f99337006d700704bed0f,131f13ee629eff4bbfc04696d2acdcf8be8c111de0037039e4ac5c934e15a280,,
channel_flow,numba,nopython-mode,initialization,observed,19.47094691777602,channel_flow,,1,1,a5826f86fe64a72734a89619a6e971effc8ed8ebe00f99337006d700704bed0f,131f13ee629eff4bbfc04696d2acdcf8be8c111de0037039e4ac5c934e15a280,,
channel_flow,numba,nopython-mode-parallel,initialization,observed,53.71464171027765,channel_flow,,1,1,a5826f86fe64a72734a89619a6e971effc8ed8ebe00f99337006d700704bed0f,131f13ee629eff4bbfc04696d2acdcf8be8c111de0037039e4ac5c934e15a280,,
channel_flow,numba,nopython-mode-parallel-range,initialization,N/A,,,,,,,,,
channel_flow,numba,object-mode,initialization,N/A,,,,,,,,,
channel_flow,numba,object-mode-parallel,initialization,N/A,,,,,,,,,
channel_flow,numba,object-mode-parallel-range,initialization,N/A,,,,,,,,,
channel_flow,dace_cpu,fusion,initialization,observed,132.92077636811882,channel_flow,,1,1,a5826f86fe64a72734a89619a6e971effc8ed8ebe00f99337006d700704bed0f,131f13ee629eff4bbfc04696d2acdcf8be8c111de0037039e4ac5c934e15a280,,
channel_flow,dace_cpu,parallel,initialization,observed,126.79350018221885,channel_flow,,1,1,a5826f86fe64a72734a89619a6e971effc8ed8ebe00f99337006d700704bed0f,131f13ee629eff4bbfc04696d2acdcf8be8c111de0037039e4ac5c934e15a280,,
channel_flow,dace_cpu,auto_opt,initialization,observed,100.3632717630826,channel_flow,,1,1,a5826f86fe64a72734a89619a6e971effc8ed8ebe00f99337006d700704bed0f,131f13ee629eff4bbfc04696d2acdcf8be8c111de0037039e4ac5c934e15a280,,
channel_flow,dace_gpu,fusion,initialization,observed,44.14638776099309,channel_flow,,1,1,a5826f86fe64a72734a89619a6e971effc8ed8ebe00f99337006d700704bed0f,131f13ee629eff4bbfc04696d2acdcf8be8c111de0037039e4ac5c934e15a280,,
channel_flow,dace_gpu,parallel,initialization,observed,46.02949420362711,channel_flow,,1,1,a5826f86fe64a72734a89619a6e971effc8ed8ebe00f99337006d700704bed0f,131f13ee629eff4bbfc04696d2acdcf8be8c111de0037039e4ac5c934e15a280,,
channel_flow,dace_gpu,auto_opt,initialization,observed,51.42089199088514,channel_flow,,1,1,a5826f86fe64a72734a89619a6e971effc8ed8ebe00f99337006d700704bed0f,131f13ee629eff4bbfc04696d2acdcf8be8c111de0037039e4ac5c934e15a280,,
channel_flow,cupy,default,initialization,observed,18.45487123169005,channel_flow,,1,1,a5826f86fe64a72734a89619a6e971effc8ed8ebe00f99337006d700704bed0f,131f13ee629eff4bbfc04696d2acdcf8be8c111de0037039e4ac5c934e15a280,,
cholesky,numpy,default,initialization,observed,1.0605820999480784,cholesky,,1,1,56dfb1eba239c26e0b2a9d37a7e4204bca4b6420c1c6db5a29f0fa62a44c6bf8,4fbe26b28e30a4b50af30a63a5f1d483d8c2556910e84aba0ab6422938ce8d60,,
cholesky,numba,nopython-mode,initialization,observed,0.8830124549567699,cholesky,,1,1,56dfb1eba239c26e0b2a9d37a7e4204bca4b6420c1c6db5a29f0fa62a44c6bf8,4fbe26b28e30a4b50af30a63a5f1d483d8c2556910e84aba0ab6422938ce8d60,,
cholesky,numba,nopython-mode-parallel,initialization,observed,27.392068014945835,cholesky,,1,1,56dfb1eba239c26e0b2a9d37a7e4204bca4b6420c1c6db5a29f0fa62a44c6bf8,4fbe26b28e30a4b50af30a63a5f1d483d8c2556910e84aba0ab6422938ce8d60,,
cholesky,numba,nopython-mode-parallel-range,initialization,N/A,,,,,,,,,
cholesky,numba,object-mode,initialization,N/A,,,,,,,,,
cholesky,numba,object-mode-parallel,initialization,N/A,,,,,,,,,
cholesky,numba,object-mode-parallel-range,initialization,N/A,,,,,,,,,
cholesky,dace_cpu,fusion,initialization,observed,7.9123483300209045,cholesky,,1,1,56dfb1eba239c26e0b2a9d37a7e4204bca4b6420c1c6db5a29f0fa62a44c6bf8,4fbe26b28e30a4b50af30a63a5f1d483d8c2556910e84aba0ab6422938ce8d60,,
cholesky,dace_cpu,parallel,initialization,observed,8.3633100730367,cholesky,,1,1,56dfb1eba239c26e0b2a9d37a7e4204bca4b6420c1c6db5a29f0fa62a44c6bf8,4fbe26b28e30a4b50af30a63a5f1d483d8c2556910e84aba0ab6422938ce8d60,,
cholesky,dace_cpu,auto_opt,initialization,observed,8.609443576075137,cholesky,,1,1,56dfb1eba239c26e0b2a9d37a7e4204bca4b6420c1c6db5a29f0fa62a44c6bf8,4fbe26b28e30a4b50af30a63a5f1d483d8c2556910e84aba0ab6422938ce8d60,,
cholesky,dace_gpu,fusion,initialization,observed,35.547578083816916,cholesky,,1,1,56dfb1eba239c26e0b2a9d37a7e4204bca4b6420c1c6db5a29f0fa62a44c6bf8,4fbe26b28e30a4b50af30a63a5f1d483d8c2556910e84aba0ab6422938ce8d60,,
cholesky,dace_gpu,parallel,initialization,observed,36.35151871712878,cholesky,,1,1,56dfb1eba239c26e0b2a9d37a7e4204bca4b6420c1c6db5a29f0fa62a44c6bf8,4fbe26b28e30a4b50af30a63a5f1d483d8c2556910e84aba0ab6422938ce8d60,,
cholesky,dace_gpu,auto_opt,initialization,observed,31.984843814279884,cholesky,,1,1,56dfb1eba239c26e0b2a9d37a7e4204bca4b6420c1c6db5a29f0fa62a44c6bf8,4fbe26b28e30a4b50af30a63a5f1d483d8c2556910e84aba0ab6422938ce8d60,,
cholesky,cupy,default,initialization,observed,37.63448516605422,cholesky,,1,1,56dfb1eba239c26e0b2a9d37a7e4204bca4b6420c1c6db5a29f0fa62a44c6bf8,4fbe26b28e30a4b50af30a63a5f1d483d8c2556910e84aba0ab6422938ce8d60,,
cholesky2,numpy,default,initialization,observed,1.3711764090694487,cholesky2,,1,1,d99d5b0becbfb22bf45157e320f447a583444c901fafb55b0e5b1a90147a5923,b9394a55df0718e0c2862384f101bc746b522dc7acfbed649b0716c8d79c2363,,
cholesky2,numba,nopython-mode,initialization,observed,9.993163611274213,cholesky2,,1,1,d99d5b0becbfb22bf45157e320f447a583444c901fafb55b0e5b1a90147a5923,b9394a55df0718e0c2862384f101bc746b522dc7acfbed649b0716c8d79c2363,,
cholesky2,numba,nopython-mode-parallel,initialization,observed,8.03618407389149,cholesky2,,1,1,d99d5b0becbfb22bf45157e320f447a583444c901fafb55b0e5b1a90147a5923,b9394a55df0718e0c2862384f101bc746b522dc7acfbed649b0716c8d79c2363,,
cholesky2,numba,nopython-mode-parallel-range,initialization,N/A,,,,,,,,,
cholesky2,numba,object-mode,initialization,N/A,,,,,,,,,
cholesky2,numba,object-mode-parallel,initialization,N/A,,,,,,,,,
cholesky2,numba,object-mode-parallel-range,initialization,N/A,,,,,,,,,
cholesky2,dace_cpu,fusion,initialization,observed,10.224742176942527,cholesky2,,1,1,d99d5b0becbfb22bf45157e320f447a583444c901fafb55b0e5b1a90147a5923,b9394a55df0718e0c2862384f101bc746b522dc7acfbed649b0716c8d79c2363,,
cholesky2,dace_cpu,parallel,initialization,observed,9.698891278821975,cholesky2,,1,1,d99d5b0becbfb22bf45157e320f447a583444c901fafb55b0e5b1a90147a5923,b9394a55df0718e0c2862384f101bc746b522dc7acfbed649b0716c8d79c2363,,
cholesky2,dace_cpu,auto_opt,initialization,observed,9.714175839908421,cholesky2,,1,1,d99d5b0becbfb22bf45157e320f447a583444c901fafb55b0e5b1a90147a5923,b9394a55df0718e0c2862384f101bc746b522dc7acfbed649b0716c8d79c2363,,
cholesky2,dace_gpu,fusion,initialization,observed,25.9224493089132,cholesky2,,1,1,d99d5b0becbfb22bf45157e320f447a583444c901fafb55b0e5b1a90147a5923,b9394a55df0718e0c2862384f101bc746b522dc7acfbed649b0716c8d79c2363,,
cholesky2,dace_gpu,parallel,initialization,observed,24.49498424399644,cholesky2,,1,1,d99d5b0becbfb22bf45157e320f447a583444c901fafb55b0e5b1a90147a5923,b9394a55df0718e0c2862384f101bc746b522dc7acfbed649b0716c8d79c2363,,
cholesky2,dace_gpu,auto_opt,initialization,observed,26.144051112700254,cholesky2,,1,1,d99d5b0becbfb22bf45157e320f447a583444c901fafb55b0e5b1a90147a5923,b9394a55df0718e0c2862384f101bc746b522dc7acfbed649b0716c8d79c2363,,
cholesky2,cupy,default,initialization,observed,1.928509792778641,cholesky2,,1,1,d99d5b0becbfb22bf45157e320f447a583444c901fafb55b0e5b1a90147a5923,b9394a55df0718e0c2862384f101bc746b522dc7acfbed649b0716c8d79c2363,,
compute,numpy,default,initialization,observed,0.9323477079160511,compute,,1,1,edf335f51b0a6a5a63d4d1e8c77cdda9a31939cdf30081571adf738ae28f7732,c95ef8e4674e9795c2c4376c3b88240655d27d77a534d2db1cf991c275146691,,
compute,numba,nopython-mode,initialization,observed,3.0755125461146235,compute,,1,1,edf335f51b0a6a5a63d4d1e8c77cdda9a31939cdf30081571adf738ae28f7732,c95ef8e4674e9795c2c4376c3b88240655d27d77a534d2db1cf991c275146691,,
compute,numba,nopython-mode-parallel,initialization,observed,1.2519607902504504,compute,,1,1,edf335f51b0a6a5a63d4d1e8c77cdda9a31939cdf30081571adf738ae28f7732,c95ef8e4674e9795c2c4376c3b88240655d27d77a534d2db1cf991c275146691,,
compute,numba,nopython-mode-parallel-range,initialization,N/A,,,,,,,,,
compute,numba,object-mode,initialization,observed,6.708856028970331,compute,,1,1,edf335f51b0a6a5a63d4d1e8c77cdda9a31939cdf30081571adf738ae28f7732,c95ef8e4674e9795c2c4376c3b88240655d27d77a534d2db1cf991c275146691,,
compute,numba,object-mode-parallel,initialization,observed,7.773639142978936,compute,,1,1,edf335f51b0a6a5a63d4d1e8c77cdda9a31939cdf30081571adf738ae28f7732,c95ef8e4674e9795c2c4376c3b88240655d27d77a534d2db1cf991c275146691,,
compute,numba,object-mode-parallel-range,initialization,N/A,,,,,,,,,
compute,dace_cpu,fusion,initialization,observed,6.489122825209051,compute,,1,1,edf335f51b0a6a5a63d4d1e8c77cdda9a31939cdf30081571adf738ae28f7732,c95ef8e4674e9795c2c4376c3b88240655d27d77a534d2db1cf991c275146691,,
compute,dace_cpu,parallel,initialization,observed,6.442659340798855,compute,,1,1,edf335f51b0a6a5a63d4d1e8c77cdda9a31939cdf30081571adf738ae28f7732,c95ef8e4674e9795c2c4376c3b88240655d27d77a534d2db1cf991c275146691,,
compute,dace_cpu,auto_opt,initialization,observed,7.039985387120396,compute,,1,1,edf335f51b0a6a5a63d4d1e8c77cdda9a31939cdf30081571adf738ae28f7732,c95ef8e4674e9795c2c4376c3b88240655d27d77a534d2db1cf991c275146691,,
compute,dace_gpu,fusion,initialization,observed,26.187216436024755,compute,,1,1,edf335f51b0a6a5a63d4d1e8c77cdda9a31939cdf30081571adf738ae28f7732,c95ef8e4674e9795c2c4376c3b88240655d27d77a534d2db1cf991c275146691,,
compute,dace_gpu,parallel,initialization,observed,27.641239306889474,compute,,1,1,edf335f51b0a6a5a63d4d1e8c77cdda9a31939cdf30081571adf738ae28f7732,c95ef8e4674e9795c2c4376c3b88240655d27d77a534d2db1cf991c275146691,,
compute,dace_gpu,auto_opt,initialization,observed,27.88517654221505,compute,,1,1,edf335f51b0a6a5a63d4d1e8c77cdda9a31939cdf30081571adf738ae28f7732,c95ef8e4674e9795c2c4376c3b88240655d27d77a534d2db1cf991c275146691,,
compute,cupy,default,initialization,observed,5.895034016110003,compute,,1,1,edf335f51b0a6a5a63d4d1e8c77cdda9a31939cdf30081571adf738ae28f7732,c95ef8e4674e9795c2c4376c3b88240655d27d77a534d2db1cf991c275146691,,
contour_integral,numpy,default,initialization,observed,2.2635715110227466,contour_integral,,1,1,b7bd5d51e17faaa7d7b471e2377876f282bd7deed775cb160db56f12df313057,96e60b8e822b16860d5bd015f984ac2828ce239aab0d0628d36a60c7c4be7697,,
contour_integral,numba,nopython-mode,initialization,observed,8.163138031959534,contour_integral,,1,1,b7bd5d51e17faaa7d7b471e2377876f282bd7deed775cb160db56f12df313057,96e60b8e822b16860d5bd015f984ac2828ce239aab0d0628d36a60c7c4be7697,,
contour_integral,numba,nopython-mode-parallel,initialization,observed,12.412202365230769,contour_integral,,1,1,b7bd5d51e17faaa7d7b471e2377876f282bd7deed775cb160db56f12df313057,96e60b8e822b16860d5bd015f984ac2828ce239aab0d0628d36a60c7c4be7697,,
contour_integral,numba,nopython-mode-parallel-range,initialization,observed,17.237144980113953,contour_integral,,1,1,b7bd5d51e17faaa7d7b471e2377876f282bd7deed775cb160db56f12df313057,96e60b8e822b16860d5bd015f984ac2828ce239aab0d0628d36a60c7c4be7697,,
contour_integral,numba,object-mode,initialization,N/A,,,,,,,,,
contour_integral,numba,object-mode-parallel,initialization,N/A,,,,,,,,,
contour_integral,numba,object-mode-parallel-range,initialization,N/A,,,,,,,,,
contour_integral,dace_cpu,fusion,initialization,observed,14.761631520930678,contour_integral,,1,1,b7bd5d51e17faaa7d7b471e2377876f282bd7deed775cb160db56f12df313057,96e60b8e822b16860d5bd015f984ac2828ce239aab0d0628d36a60c7c4be7697,,
contour_integral,dace_cpu,parallel,initialization,observed,15.144992767367512,contour_integral,,1,1,b7bd5d51e17faaa7d7b471e2377876f282bd7deed775cb160db56f12df313057,96e60b8e822b16860d5bd015f984ac2828ce239aab0d0628d36a60c7c4be7697,,
contour_integral,dace_cpu,auto_opt,initialization,observed,15.273606209084392,contour_integral,,1,1,b7bd5d51e17faaa7d7b471e2377876f282bd7deed775cb160db56f12df313057,96e60b8e822b16860d5bd015f984ac2828ce239aab0d0628d36a60c7c4be7697,,
contour_integral,dace_gpu,fusion,initialization,validation,,contour_integral,,0,0,b7bd5d51e17faaa7d7b471e2377876f282bd7deed775cb160db56f12df313057,96e60b8e822b16860d5bd015f984ac2828ce239aab0d0628d36a60c7c4be7697,,
contour_integral,dace_gpu,parallel,initialization,validation,,contour_integral,,0,0,b7bd5d51e17faaa7d7b471e2377876f282bd7deed775cb160db56f12df313057,96e60b8e822b16860d5bd015f984ac2828ce239aab0d0628d36a60c7c4be7697,,
contour_integral,dace_gpu,auto_opt,initialization,validation,,contour_integral,,0,0,b7bd5d51e17faaa7d7b471e2377876f282bd7deed775cb160db56f12df313057,96e60b8e822b16860d5bd015f984ac2828ce239aab0d0628d36a60c7c4be7697,,
contour_integral,cupy,default,initialization,observed,2.150626828894019,contour_integral,,1,1,b7bd5d51e17faaa7d7b471e2377876f282bd7deed775cb160db56f12df313057,96e60b8e822b16860d5bd015f984ac2828ce239aab0d0628d36a60c7c4be7697,,
conv2d_bias,numpy,default,initialization,observed,1.616322009358555,conv2d_bias,,1,1,c47a0f873d63acc5fa1d36e1061d8e90bf59c5186703fc221aaf46384c6dbae8,3652f4ad2c784bef2f715b7aa13d7e3a9d461dbdbed77498119dc3c0f00cc660,,
conv2d_bias,numba,nopython-mode,initialization,observed,31.725043590180576,conv2d_bias,,1,1,c47a0f873d63acc5fa1d36e1061d8e90bf59c5186703fc221aaf46384c6dbae8,3652f4ad2c784bef2f715b7aa13d7e3a9d461dbdbed77498119dc3c0f00cc660,,
conv2d_bias,numba,nopython-mode-parallel,initialization,observed,33.64510569628328,conv2d_bias,,1,1,c47a0f873d63acc5fa1d36e1061d8e90bf59c5186703fc221aaf46384c6dbae8,3652f4ad2c784bef2f715b7aa13d7e3a9d461dbdbed77498119dc3c0f00cc660,,
conv2d_bias,numba,nopython-mode-parallel-range,initialization,observed,47.05568096367642,conv2d_bias,,1,1,c47a0f873d63acc5fa1d36e1061d8e90bf59c5186703fc221aaf46384c6dbae8,3652f4ad2c784bef2f715b7aa13d7e3a9d461dbdbed77498119dc3c0f00cc660,,
conv2d_bias,numba,object-mode,initialization,error,,conv2d_bias,,0,0,c47a0f873d63acc5fa1d36e1061d8e90bf59c5186703fc221aaf46384c6dbae8,3652f4ad2c784bef2f715b7aa13d7e3a9d461dbdbed77498119dc3c0f00cc660,,
conv2d_bias,numba,object-mode-parallel,initialization,error,,conv2d_bias,,0,0,c47a0f873d63acc5fa1d36e1061d8e90bf59c5186703fc221aaf46384c6dbae8,3652f4ad2c784bef2f715b7aa13d7e3a9d461dbdbed77498119dc3c0f00cc660,,
conv2d_bias,numba,object-mode-parallel-range,initialization,observed,3.2542546880431473,conv2d_bias,,1,1,c47a0f873d63acc5fa1d36e1061d8e90bf59c5186703fc221aaf46384c6dbae8,3652f4ad2c784bef2f715b7aa13d7e3a9d461dbdbed77498119dc3c0f00cc660,,
conv2d_bias,dace_cpu,fusion,initialization,observed,10.763654218055308,conv2d_bias,,1,1,c47a0f873d63acc5fa1d36e1061d8e90bf59c5186703fc221aaf46384c6dbae8,3652f4ad2c784bef2f715b7aa13d7e3a9d461dbdbed77498119dc3c0f00cc660,,
conv2d_bias,dace_cpu,parallel,initialization,observed,11.61171009298414,conv2d_bias,,1,1,c47a0f873d63acc5fa1d36e1061d8e90bf59c5186703fc221aaf46384c6dbae8,3652f4ad2c784bef2f715b7aa13d7e3a9d461dbdbed77498119dc3c0f00cc660,,
conv2d_bias,dace_cpu,auto_opt,initialization,observed,11.540937293786556,conv2d_bias,,1,1,c47a0f873d63acc5fa1d36e1061d8e90bf59c5186703fc221aaf46384c6dbae8,3652f4ad2c784bef2f715b7aa13d7e3a9d461dbdbed77498119dc3c0f00cc660,,
conv2d_bias,dace_gpu,fusion,initialization,validation,,conv2d_bias,,0,0,c47a0f873d63acc5fa1d36e1061d8e90bf59c5186703fc221aaf46384c6dbae8,3652f4ad2c784bef2f715b7aa13d7e3a9d461dbdbed77498119dc3c0f00cc660,,
conv2d_bias,dace_gpu,parallel,initialization,validation,,conv2d_bias,,0,0,c47a0f873d63acc5fa1d36e1061d8e90bf59c5186703fc221aaf46384c6dbae8,3652f4ad2c784bef2f715b7aa13d7e3a9d461dbdbed77498119dc3c0f00cc660,,
conv2d_bias,dace_gpu,auto_opt,initialization,validation,,conv2d_bias,,0,0,c47a0f873d63acc5fa1d36e1061d8e90bf59c5186703fc221aaf46384c6dbae8,3652f4ad2c784bef2f715b7aa13d7e3a9d461dbdbed77498119dc3c0f00cc660,,
conv2d_bias,cupy,default,initialization,observed,2.37950681662187,conv2d_bias,,1,1,c47a0f873d63acc5fa1d36e1061d8e90bf59c5186703fc221aaf46384c6dbae8,3652f4ad2c784bef2f715b7aa13d7e3a9d461dbdbed77498119dc3c0f00cc660,,
correlation,numpy,default,initialization,observed,1.3548629749566317,correlation,,1,1,5bed53d94756b29d6c326b3510b9e7380e2b6d4931a68ec824535ca294b9c166,90af084039550dbfa1b2c0aafc8d4694c42209b191fd5b47f0314658efaf5513,,
correlation,numba,nopython-mode,initialization,observed,154.1558623528108,correlation,,1,1,5bed53d94756b29d6c326b3510b9e7380e2b6d4931a68ec824535ca294b9c166,90af084039550dbfa1b2c0aafc8d4694c42209b191fd5b47f0314658efaf5513,,
correlation,numba,nopython-mode-parallel,initialization,error,,correlation,,0,0,5bed53d94756b29d6c326b3510b9e7380e2b6d4931a68ec824535ca294b9c166,90af084039550dbfa1b2c0aafc8d4694c42209b191fd5b47f0314658efaf5513,,
correlation,numba,nopython-mode-parallel-range,initialization,error,,correlation,,0,0,5bed53d94756b29d6c326b3510b9e7380e2b6d4931a68ec824535ca294b9c166,90af084039550dbfa1b2c0aafc8d4694c42209b191fd5b47f0314658efaf5513,,
correlation,numba,object-mode,initialization,observed,154.2142096296884,correlation,,1,1,5bed53d94756b29d6c326b3510b9e7380e2b6d4931a68ec824535ca294b9c166,90af084039550dbfa1b2c0aafc8d4694c42209b191fd5b47f0314658efaf5513,,
correlation,numba,object-mode-parallel,initialization,observed,269.79632226517424,correlation,,1,1,5bed53d94756b29d6c326b3510b9e7380e2b6d4931a68ec824535ca294b9c166,90af084039550dbfa1b2c0aafc8d4694c42209b191fd5b47f0314658efaf5513,,
correlation,numba,object-mode-parallel-range,initialization,observed,2.8347903341054916,correlation,,1,1,5bed53d94756b29d6c326b3510b9e7380e2b6d4931a68ec824535ca294b9c166,90af084039550dbfa1b2c0aafc8d4694c42209b191fd5b47f0314658efaf5513,,
correlation,dace_cpu,fusion,initialization,observed,10.811444736085832,correlation,,1,1,5bed53d94756b29d6c326b3510b9e7380e2b6d4931a68ec824535ca294b9c166,90af084039550dbfa1b2c0aafc8d4694c42209b191fd5b47f0314658efaf5513,,
correlation,dace_cpu,parallel,initialization,observed,10.597626477014273,correlation,,1,1,5bed53d94756b29d6c326b3510b9e7380e2b6d4931a68ec824535ca294b9c166,90af084039550dbfa1b2c0aafc8d4694c42209b191fd5b47f0314658efaf5513,,
correlation,dace_cpu,auto_opt,initialization,observed,10.668187091127038,correlation,,1,1,5bed53d94756b29d6c326b3510b9e7380e2b6d4931a68ec824535ca294b9c166,90af084039550dbfa1b2c0aafc8d4694c42209b191fd5b47f0314658efaf5513,,
correlation,dace_gpu,fusion,initialization,observed,27.07021830789745,correlation,,1,1,5bed53d94756b29d6c326b3510b9e7380e2b6d4931a68ec824535ca294b9c166,90af084039550dbfa1b2c0aafc8d4694c42209b191fd5b47f0314658efaf5513,,
correlation,dace_gpu,parallel,initialization,observed,26.95434442674741,correlation,,1,1,5bed53d94756b29d6c326b3510b9e7380e2b6d4931a68ec824535ca294b9c166,90af084039550dbfa1b2c0aafc8d4694c42209b191fd5b47f0314658efaf5513,,
correlation,dace_gpu,auto_opt,initialization,observed,26.93333340389654,correlation,,1,1,5bed53d94756b29d6c326b3510b9e7380e2b6d4931a68ec824535ca294b9c166,90af084039550dbfa1b2c0aafc8d4694c42209b191fd5b47f0314658efaf5513,,
correlation,cupy,default,initialization,observed,3.107904550153762,correlation_return,,3,3,4708febb51509c27799764226558ac090461d90855debef2b30a03c03ef57f6e,a80325d29cec49a59ec855ace66ce22deb5c4598a5707696210d3afdf6a571ee,,
covariance,numpy,default,initialization,observed,1.2904733791947365,covariance,,1,1,58b3a80d268ca9926b9a85556fa505122524ca4c66cc443c90a1e88c8ffec02f,af17a377caed2a970d699d0afa2fcc0382f2e0ec47bdab98c00e9bb2f70fcc48,,
covariance,numba,nopython-mode,initialization,observed,157.044028126169,covariance,,1,1,58b3a80d268ca9926b9a85556fa505122524ca4c66cc443c90a1e88c8ffec02f,af17a377caed2a970d699d0afa2fcc0382f2e0ec47bdab98c00e9bb2f70fcc48,,
covariance,numba,nopython-mode-parallel,initialization,error,,covariance,,0,0,58b3a80d268ca9926b9a85556fa505122524ca4c66cc443c90a1e88c8ffec02f,af17a377caed2a970d699d0afa2fcc0382f2e0ec47bdab98c00e9bb2f70fcc48,,
covariance,numba,nopython-mode-parallel-range,initialization,error,,covariance,,0,0,58b3a80d268ca9926b9a85556fa505122524ca4c66cc443c90a1e88c8ffec02f,af17a377caed2a970d699d0afa2fcc0382f2e0ec47bdab98c00e9bb2f70fcc48,,
covariance,numba,object-mode,initialization,observed,146.2564051663503,covariance,,1,1,58b3a80d268ca9926b9a85556fa505122524ca4c66cc443c90a1e88c8ffec02f,af17a377caed2a970d699d0afa2fcc0382f2e0ec47bdab98c00e9bb2f70fcc48,,
covariance,numba,object-mode-parallel,initialization,observed,287.0829481589608,covariance,,1,1,58b3a80d268ca9926b9a85556fa505122524ca4c66cc443c90a1e88c8ffec02f,af17a377caed2a970d699d0afa2fcc0382f2e0ec47bdab98c00e9bb2f70fcc48,,
covariance,numba,object-mode-parallel-range,initialization,observed,2.710553392767906,covariance,,1,1,58b3a80d268ca9926b9a85556fa505122524ca4c66cc443c90a1e88c8ffec02f,af17a377caed2a970d699d0afa2fcc0382f2e0ec47bdab98c00e9bb2f70fcc48,,
covariance,dace_cpu,fusion,initialization,observed,75.4776813313365,covariance,,1,1,58b3a80d268ca9926b9a85556fa505122524ca4c66cc443c90a1e88c8ffec02f,af17a377caed2a970d699d0afa2fcc0382f2e0ec47bdab98c00e9bb2f70fcc48,,
covariance,dace_cpu,parallel,initialization,observed,75.83774845674634,covariance,,1,1,58b3a80d268ca9926b9a85556fa505122524ca4c66cc443c90a1e88c8ffec02f,af17a377caed2a970d699d0afa2fcc0382f2e0ec47bdab98c00e9bb2f70fcc48,,
covariance,dace_cpu,auto_opt,initialization,observed,77.29270648676902,covariance,,1,1,58b3a80d268ca9926b9a85556fa505122524ca4c66cc443c90a1e88c8ffec02f,af17a377caed2a970d699d0afa2fcc0382f2e0ec47bdab98c00e9bb2f70fcc48,,
covariance,dace_gpu,fusion,initialization,observed,26.987462419085205,covariance,,1,1,58b3a80d268ca9926b9a85556fa505122524ca4c66cc443c90a1e88c8ffec02f,af17a377caed2a970d699d0afa2fcc0382f2e0ec47bdab98c00e9bb2f70fcc48,,
covariance,dace_gpu,parallel,initialization,observed,26.614316229708493,covariance,,1,1,58b3a80d268ca9926b9a85556fa505122524ca4c66cc443c90a1e88c8ffec02f,af17a377caed2a970d699d0afa2fcc0382f2e0ec47bdab98c00e9bb2f70fcc48,,
covariance,dace_gpu,auto_opt,initialization,observed,26.717754100915045,covariance,,1,1,58b3a80d268ca9926b9a85556fa505122524ca4c66cc443c90a1e88c8ffec02f,af17a377caed2a970d699d0afa2fcc0382f2e0ec47bdab98c00e9bb2f70fcc48,,
covariance,cupy,default,initialization,observed,2.374072381760925,covariance,,1,1,58b3a80d268ca9926b9a85556fa505122524ca4c66cc443c90a1e88c8ffec02f,af17a377caed2a970d699d0afa2fcc0382f2e0ec47bdab98c00e9bb2f70fcc48,,
covariance2,numpy,default,initialization,observed,0.1929613151587546,covariance2,,1,1,b81db17e032d058c24615c34bdcb3c48ed5a23e6cf458082da80be982f4559fa,e1424bc66fff5f5bb8acd9b4f317faa2af4ea1da59094eb63d32d82413d01c9b,,
covariance2,numba,nopython-mode,initialization,observed,4.487876869738102,covariance2,,1,1,b81db17e032d058c24615c34bdcb3c48ed5a23e6cf458082da80be982f4559fa,e1424bc66fff5f5bb8acd9b4f317faa2af4ea1da59094eb63d32d82413d01c9b,,
covariance2,numba,nopython-mode-parallel,initialization,N/A,,,,,,,,,
covariance2,numba,nopython-mode-parallel-range,initialization,N/A,,,,,,,,,
covariance2,numba,object-mode,initialization,N/A,,,,,,,,,
covariance2,numba,object-mode-parallel,initialization,N/A,,,,,,,,,
covariance2,numba,object-mode-parallel-range,initialization,N/A,,,,,,,,,
covariance2,dace_cpu,fusion,initialization,missing,,covariance2,,0,0,b81db17e032d058c24615c34bdcb3c48ed5a23e6cf458082da80be982f4559fa,e1424bc66fff5f5bb8acd9b4f317faa2af4ea1da59094eb63d32d82413d01c9b,,
covariance2,dace_cpu,parallel,initialization,missing,,covariance2,,0,0,b81db17e032d058c24615c34bdcb3c48ed5a23e6cf458082da80be982f4559fa,e1424bc66fff5f5bb8acd9b4f317faa2af4ea1da59094eb63d32d82413d01c9b,,
covariance2,dace_cpu,auto_opt,initialization,missing,,covariance2,,0,0,b81db17e032d058c24615c34bdcb3c48ed5a23e6cf458082da80be982f4559fa,e1424bc66fff5f5bb8acd9b4f317faa2af4ea1da59094eb63d32d82413d01c9b,,
covariance2,dace_gpu,fusion,initialization,missing,,covariance2,,0,0,b81db17e032d058c24615c34bdcb3c48ed5a23e6cf458082da80be982f4559fa,e1424bc66fff5f5bb8acd9b4f317faa2af4ea1da59094eb63d32d82413d01c9b,,
covariance2,dace_gpu,parallel,initialization,missing,,covariance2,,0,0,b81db17e032d058c24615c34bdcb3c48ed5a23e6cf458082da80be982f4559fa,e1424bc66fff5f5bb8acd9b4f317faa2af4ea1da59094eb63d32d82413d01c9b,,
covariance2,dace_gpu,auto_opt,initialization,missing,,covariance2,,0,0,b81db17e032d058c24615c34bdcb3c48ed5a23e6cf458082da80be982f4559fa,e1424bc66fff5f5bb8acd9b4f317faa2af4ea1da59094eb63d32d82413d01c9b,,
covariance2,cupy,default,initialization,missing,,covariance2,,0,0,b81db17e032d058c24615c34bdcb3c48ed5a23e6cf458082da80be982f4559fa,e1424bc66fff5f5bb8acd9b4f317faa2af4ea1da59094eb63d32d82413d01c9b,,
crc16,numpy,default,initialization,observed,0.7487953980453312,crc16,,1,1,a7203e25a233dc7df7310c8693f87c1b6b61fb79f1dbf0005a64f986bb9b4471,f5e374255acb40d3b61ef049439a216956523578089519cdbac1c787454c279b,,
crc16,numba,nopython-mode,initialization,observed,0.6362396730110049,crc16,,1,1,a7203e25a233dc7df7310c8693f87c1b6b61fb79f1dbf0005a64f986bb9b4471,f5e374255acb40d3b61ef049439a216956523578089519cdbac1c787454c279b,,
crc16,numba,nopython-mode-parallel,initialization,observed,0.5408185129053891,crc16,,1,1,a7203e25a233dc7df7310c8693f87c1b6b61fb79f1dbf0005a64f986bb9b4471,f5e374255acb40d3b61ef049439a216956523578089519cdbac1c787454c279b,,
crc16,numba,nopython-mode-parallel-range,initialization,N/A,,,,,,,,,
crc16,numba,object-mode,initialization,N/A,,,,,,,,,
crc16,numba,object-mode-parallel,initialization,N/A,,,,,,,,,
crc16,numba,object-mode-parallel-range,initialization,N/A,,,,,,,,,
crc16,dace_cpu,fusion,initialization,observed,6.165899017825723,crc16,,1,1,a7203e25a233dc7df7310c8693f87c1b6b61fb79f1dbf0005a64f986bb9b4471,f5e374255acb40d3b61ef049439a216956523578089519cdbac1c787454c279b,,
crc16,dace_cpu,parallel,initialization,observed,6.765040454920381,crc16,,1,1,a7203e25a233dc7df7310c8693f87c1b6b61fb79f1dbf0005a64f986bb9b4471,f5e374255acb40d3b61ef049439a216956523578089519cdbac1c787454c279b,,
crc16,dace_cpu,auto_opt,initialization,observed,7.355117025785148,crc16,,1,1,a7203e25a233dc7df7310c8693f87c1b6b61fb79f1dbf0005a64f986bb9b4471,f5e374255acb40d3b61ef049439a216956523578089519cdbac1c787454c279b,,
crc16,dace_gpu,fusion,initialization,observed,28.98808261891827,crc16,,1,1,a7203e25a233dc7df7310c8693f87c1b6b61fb79f1dbf0005a64f986bb9b4471,f5e374255acb40d3b61ef049439a216956523578089519cdbac1c787454c279b,,
crc16,dace_gpu,parallel,initialization,observed,30.63403259124607,crc16,,1,1,a7203e25a233dc7df7310c8693f87c1b6b61fb79f1dbf0005a64f986bb9b4471,f5e374255acb40d3b61ef049439a216956523578089519cdbac1c787454c279b,,
crc16,dace_gpu,auto_opt,initialization,observed,28.87912840396166,crc16,,1,1,a7203e25a233dc7df7310c8693f87c1b6b61fb79f1dbf0005a64f986bb9b4471,f5e374255acb40d3b61ef049439a216956523578089519cdbac1c787454c279b,,
crc16,cupy,default,initialization,observed,103.98502915818244,crc16,,1,1,a7203e25a233dc7df7310c8693f87c1b6b61fb79f1dbf0005a64f986bb9b4471,f5e374255acb40d3b61ef049439a216956523578089519cdbac1c787454c279b,,
deriche,numpy,default,initialization,observed,0.7217139629647136,deriche,,1,1,ef9e5773989e084d7d1b667806f77c2b4ac4ac430dad3a2726f189d79dc3abc8,86bedd90fc265ce6365b560b64f12b89d3c2d5bf501294f5352e2a58074f9840,,
deriche,numba,nopython-mode,initialization,observed,7.380466990172863,deriche,,1,1,ef9e5773989e084d7d1b667806f77c2b4ac4ac430dad3a2726f189d79dc3abc8,86bedd90fc265ce6365b560b64f12b89d3c2d5bf501294f5352e2a58074f9840,,
deriche,numba,nopython-mode-parallel,initialization,observed,8.507665740791708,deriche,,1,1,ef9e5773989e084d7d1b667806f77c2b4ac4ac430dad3a2726f189d79dc3abc8,86bedd90fc265ce6365b560b64f12b89d3c2d5bf501294f5352e2a58074f9840,,
deriche,numba,nopython-mode-parallel-range,initialization,N/A,,,,,,,,,
deriche,numba,object-mode,initialization,N/A,,,,,,,,,
deriche,numba,object-mode-parallel,initialization,N/A,,,,,,,,,
deriche,numba,object-mode-parallel-range,initialization,N/A,,,,,,,,,
deriche,dace_cpu,fusion,initialization,observed,13.876569213811308,deriche,,1,1,ef9e5773989e084d7d1b667806f77c2b4ac4ac430dad3a2726f189d79dc3abc8,86bedd90fc265ce6365b560b64f12b89d3c2d5bf501294f5352e2a58074f9840,,
deriche,dace_cpu,parallel,initialization,observed,16.45218941476196,deriche,,1,1,ef9e5773989e084d7d1b667806f77c2b4ac4ac430dad3a2726f189d79dc3abc8,86bedd90fc265ce6365b560b64f12b89d3c2d5bf501294f5352e2a58074f9840,,
deriche,dace_cpu,auto_opt,initialization,observed,25.22158470796421,deriche,,1,1,ef9e5773989e084d7d1b667806f77c2b4ac4ac430dad3a2726f189d79dc3abc8,86bedd90fc265ce6365b560b64f12b89d3c2d5bf501294f5352e2a58074f9840,,
deriche,dace_gpu,fusion,initialization,observed,29.751087272074074,deriche,,1,1,ef9e5773989e084d7d1b667806f77c2b4ac4ac430dad3a2726f189d79dc3abc8,86bedd90fc265ce6365b560b64f12b89d3c2d5bf501294f5352e2a58074f9840,,
deriche,dace_gpu,parallel,initialization,observed,29.05145581299439,deriche,,1,1,ef9e5773989e084d7d1b667806f77c2b4ac4ac430dad3a2726f189d79dc3abc8,86bedd90fc265ce6365b560b64f12b89d3c2d5bf501294f5352e2a58074f9840,,
deriche,dace_gpu,auto_opt,initialization,observed,32.36977037321776,deriche,,1,1,ef9e5773989e084d7d1b667806f77c2b4ac4ac430dad3a2726f189d79dc3abc8,86bedd90fc265ce6365b560b64f12b89d3c2d5bf501294f5352e2a58074f9840,,
deriche,cupy,default,initialization,observed,5.046684381086379,deriche,,1,1,ef9e5773989e084d7d1b667806f77c2b4ac4ac430dad3a2726f189d79dc3abc8,86bedd90fc265ce6365b560b64f12b89d3c2d5bf501294f5352e2a58074f9840,,
doitgen,numpy,default,initialization,observed,2.4251418919302523,doitgen,,1,1,0a710e9d831ec217703666c373d0b37a2be01b536d40ad9f598bb77b08a6f7ff,e54ec8efb6b8a7fe086a96f3c0074529002b4a5aad97bbd19161c0a49cf1bb9d,,
doitgen,numba,nopython-mode,initialization,observed,3.9598200088366866,doitgen,,1,1,0a710e9d831ec217703666c373d0b37a2be01b536d40ad9f598bb77b08a6f7ff,e54ec8efb6b8a7fe086a96f3c0074529002b4a5aad97bbd19161c0a49cf1bb9d,,
doitgen,numba,nopython-mode-parallel,initialization,N/A,,,,,,,,,
doitgen,numba,nopython-mode-parallel-range,initialization,N/A,,,,,,,,,
doitgen,numba,object-mode,initialization,observed,3.4359586592763662,doitgen,,1,1,0a710e9d831ec217703666c373d0b37a2be01b536d40ad9f598bb77b08a6f7ff,e54ec8efb6b8a7fe086a96f3c0074529002b4a5aad97bbd19161c0a49cf1bb9d,,
doitgen,numba,object-mode-parallel,initialization,observed,3.3497588629834354,doitgen,,1,1,0a710e9d831ec217703666c373d0b37a2be01b536d40ad9f598bb77b08a6f7ff,e54ec8efb6b8a7fe086a96f3c0074529002b4a5aad97bbd19161c0a49cf1bb9d,,
doitgen,numba,object-mode-parallel-range,initialization,N/A,,,,,,,,,
doitgen,dace_cpu,fusion,initialization,observed,9.239840122871101,doitgen,,1,1,0a710e9d831ec217703666c373d0b37a2be01b536d40ad9f598bb77b08a6f7ff,e54ec8efb6b8a7fe086a96f3c0074529002b4a5aad97bbd19161c0a49cf1bb9d,,
doitgen,dace_cpu,parallel,initialization,observed,8.135546861216426,doitgen,,1,1,0a710e9d831ec217703666c373d0b37a2be01b536d40ad9f598bb77b08a6f7ff,e54ec8efb6b8a7fe086a96f3c0074529002b4a5aad97bbd19161c0a49cf1bb9d,,
doitgen,dace_cpu,auto_opt,initialization,observed,8.391144447028637,doitgen,,1,1,0a710e9d831ec217703666c373d0b37a2be01b536d40ad9f598bb77b08a6f7ff,e54ec8efb6b8a7fe086a96f3c0074529002b4a5aad97bbd19161c0a49cf1bb9d,,
doitgen,dace_gpu,fusion,initialization,observed,24.87409816775471,doitgen,,1,1,0a710e9d831ec217703666c373d0b37a2be01b536d40ad9f598bb77b08a6f7ff,e54ec8efb6b8a7fe086a96f3c0074529002b4a5aad97bbd19161c0a49cf1bb9d,,
doitgen,dace_gpu,parallel,initialization,observed,25.530400487128645,doitgen,,1,1,0a710e9d831ec217703666c373d0b37a2be01b536d40ad9f598bb77b08a6f7ff,e54ec8efb6b8a7fe086a96f3c0074529002b4a5aad97bbd19161c0a49cf1bb9d,,
doitgen,dace_gpu,auto_opt,initialization,observed,25.741328636184335,doitgen,,1,1,0a710e9d831ec217703666c373d0b37a2be01b536d40ad9f598bb77b08a6f7ff,e54ec8efb6b8a7fe086a96f3c0074529002b4a5aad97bbd19161c0a49cf1bb9d,,
doitgen,cupy,default,initialization,observed,1.0572994258254766,doitgen,,1,1,0a710e9d831ec217703666c373d0b37a2be01b536d40ad9f598bb77b08a6f7ff,e54ec8efb6b8a7fe086a96f3c0074529002b4a5aad97bbd19161c0a49cf1bb9d,,
durbin,numpy,default,initialization,observed,2.146892559248954,durbin,,1,1,7437c8bf3a6ba1cbc2df811774313bdf292efa8f737e2b875afbdc1c26ff99aa,ce8fe98cca13e7ff78b2059649cf38d58a3f2af294a834c6e4698392b4e95b14,,
durbin,numba,nopython-mode,initialization,observed,4.959580887109041,durbin,,1,1,7437c8bf3a6ba1cbc2df811774313bdf292efa8f737e2b875afbdc1c26ff99aa,ce8fe98cca13e7ff78b2059649cf38d58a3f2af294a834c6e4698392b4e95b14,,
durbin,numba,nopython-mode-parallel,initialization,error,,durbin,,0,0,7437c8bf3a6ba1cbc2df811774313bdf292efa8f737e2b875afbdc1c26ff99aa,ce8fe98cca13e7ff78b2059649cf38d58a3f2af294a834c6e4698392b4e95b14,,
durbin,numba,nopython-mode-parallel-range,initialization,N/A,,,,,,,,,
durbin,numba,object-mode,initialization,N/A,,,,,,,,,
durbin,numba,object-mode-parallel,initialization,N/A,,,,,,,,,
durbin,numba,object-mode-parallel-range,initialization,N/A,,,,,,,,,
durbin,dace_cpu,fusion,initialization,timeout,,durbin,,0,0,7437c8bf3a6ba1cbc2df811774313bdf292efa8f737e2b875afbdc1c26ff99aa,ce8fe98cca13e7ff78b2059649cf38d58a3f2af294a834c6e4698392b4e95b14,,
durbin,dace_cpu,parallel,initialization,timeout,,durbin,,0,0,7437c8bf3a6ba1cbc2df811774313bdf292efa8f737e2b875afbdc1c26ff99aa,ce8fe98cca13e7ff78b2059649cf38d58a3f2af294a834c6e4698392b4e95b14,,
durbin,dace_cpu,auto_opt,initialization,timeout,,durbin,,0,0,7437c8bf3a6ba1cbc2df811774313bdf292efa8f737e2b875afbdc1c26ff99aa,ce8fe98cca13e7ff78b2059649cf38d58a3f2af294a834c6e4698392b4e95b14,,
durbin,dace_gpu,fusion,initialization,observed,27.575484881177545,durbin,,1,1,7437c8bf3a6ba1cbc2df811774313bdf292efa8f737e2b875afbdc1c26ff99aa,ce8fe98cca13e7ff78b2059649cf38d58a3f2af294a834c6e4698392b4e95b14,,
durbin,dace_gpu,parallel,initialization,observed,26.616175407078117,durbin,,1,1,7437c8bf3a6ba1cbc2df811774313bdf292efa8f737e2b875afbdc1c26ff99aa,ce8fe98cca13e7ff78b2059649cf38d58a3f2af294a834c6e4698392b4e95b14,,
durbin,dace_gpu,auto_opt,initialization,observed,28.43076949985698,durbin,,1,1,7437c8bf3a6ba1cbc2df811774313bdf292efa8f737e2b875afbdc1c26ff99aa,ce8fe98cca13e7ff78b2059649cf38d58a3f2af294a834c6e4698392b4e95b14,,
durbin,cupy,default,initialization,observed,7.614144416060299,durbin,,1,1,7437c8bf3a6ba1cbc2df811774313bdf292efa8f737e2b875afbdc1c26ff99aa,ce8fe98cca13e7ff78b2059649cf38d58a3f2af294a834c6e4698392b4e95b14,,
fdtd_2d,numpy,default,initialization,observed,0.9280092613771558,fdtd_2d,,1,1,06e26254e9c8b359ff97a77665932fc3543384ca179dea039154450eff6c94ff,ae503cf8154fbe07791342cfced3146fb8b1e03dbea637ba9add8796956ed94d,,
fdtd_2d,numba,nopython-mode,initialization,observed,5.39118787040934,fdtd_2d,,1,1,06e26254e9c8b359ff97a77665932fc3543384ca179dea039154450eff6c94ff,ae503cf8154fbe07791342cfced3146fb8b1e03dbea637ba9add8796956ed94d,,
fdtd_2d,numba,nopython-mode-parallel,initialization,observed,4.865152378100902,fdtd_2d,,1,1,06e26254e9c8b359ff97a77665932fc3543384ca179dea039154450eff6c94ff,ae503cf8154fbe07791342cfced3146fb8b1e03dbea637ba9add8796956ed94d,,
fdtd_2d,numba,nopython-mode-parallel-range,initialization,N/A,,,,,,,,,
fdtd_2d,numba,object-mode,initialization,N/A,,,,,,,,,
fdtd_2d,numba,object-mode-parallel,initialization,N/A,,,,,,,,,
fdtd_2d,numba,object-mode-parallel-range,initialization,N/A,,,,,,,,,
fdtd_2d,dace_cpu,fusion,initialization,observed,9.468729082029313,fdtd_2d,,1,1,06e26254e9c8b359ff97a77665932fc3543384ca179dea039154450eff6c94ff,ae503cf8154fbe07791342cfced3146fb8b1e03dbea637ba9add8796956ed94d,,
fdtd_2d,dace_cpu,parallel,initialization,observed,8.051801183726639,fdtd_2d,,1,1,06e26254e9c8b359ff97a77665932fc3543384ca179dea039154450eff6c94ff,ae503cf8154fbe07791342cfced3146fb8b1e03dbea637ba9add8796956ed94d,,
fdtd_2d,dace_cpu,auto_opt,initialization,observed,8.663285209797323,fdtd_2d,,1,1,06e26254e9c8b359ff97a77665932fc3543384ca179dea039154450eff6c94ff,ae503cf8154fbe07791342cfced3146fb8b1e03dbea637ba9add8796956ed94d,,
fdtd_2d,dace_gpu,fusion,initialization,observed,24.331480995286256,fdtd_2d,,1,1,06e26254e9c8b359ff97a77665932fc3543384ca179dea039154450eff6c94ff,ae503cf8154fbe07791342cfced3146fb8b1e03dbea637ba9add8796956ed94d,,
fdtd_2d,dace_gpu,parallel,initialization,observed,23.837761318776757,fdtd_2d,,1,1,06e26254e9c8b359ff97a77665932fc3543384ca179dea039154450eff6c94ff,ae503cf8154fbe07791342cfced3146fb8b1e03dbea637ba9add8796956ed94d,,
fdtd_2d,dace_gpu,auto_opt,initialization,observed,24.41831828095019,fdtd_2d,,1,1,06e26254e9c8b359ff97a77665932fc3543384ca179dea039154450eff6c94ff,ae503cf8154fbe07791342cfced3146fb8b1e03dbea637ba9add8796956ed94d,,
fdtd_2d,cupy,default,initialization,observed,1.2440094677731395,fdtd_2d,,1,1,06e26254e9c8b359ff97a77665932fc3543384ca179dea039154450eff6c94ff,ae503cf8154fbe07791342cfced3146fb8b1e03dbea637ba9add8796956ed94d,,
floyd_warshall,numpy,default,initialization,observed,3.189187823794782,floyd_warshall,,1,1,a3edbd966d81083b8e17c12c5e476ba6f92ae518095bf60f44db36d16648859a,d80d0f1e5dc1b065b6ae583f4925157116e2c98d49b252f8e02fa8c4ffe273fe,,
floyd_warshall,numba,nopython-mode,initialization,observed,3.3609989802353084,floyd_warshall,,1,1,a3edbd966d81083b8e17c12c5e476ba6f92ae518095bf60f44db36d16648859a,d80d0f1e5dc1b065b6ae583f4925157116e2c98d49b252f8e02fa8c4ffe273fe,,
floyd_warshall,numba,nopython-mode-parallel,initialization,observed,42.60169953061268,floyd_warshall,,1,1,a3edbd966d81083b8e17c12c5e476ba6f92ae518095bf60f44db36d16648859a,d80d0f1e5dc1b065b6ae583f4925157116e2c98d49b252f8e02fa8c4ffe273fe,,
floyd_warshall,numba,nopython-mode-parallel-range,initialization,observed,1.9268981241621077,floyd_warshall,,1,1,a3edbd966d81083b8e17c12c5e476ba6f92ae518095bf60f44db36d16648859a,d80d0f1e5dc1b065b6ae583f4925157116e2c98d49b252f8e02fa8c4ffe273fe,,
floyd_warshall,numba,object-mode,initialization,observed,6.165036448277533,floyd_warshall,,1,1,a3edbd966d81083b8e17c12c5e476ba6f92ae518095bf60f44db36d16648859a,d80d0f1e5dc1b065b6ae583f4925157116e2c98d49b252f8e02fa8c4ffe273fe,,
floyd_warshall,numba,object-mode-parallel,initialization,observed,3.9040585700422525,floyd_warshall,,1,1,a3edbd966d81083b8e17c12c5e476ba6f92ae518095bf60f44db36d16648859a,d80d0f1e5dc1b065b6ae583f4925157116e2c98d49b252f8e02fa8c4ffe273fe,,
floyd_warshall,numba,object-mode-parallel-range,initialization,N/A,,,,,,,,,
floyd_warshall,dace_cpu,fusion,initialization,observed,9.391505000181496,floyd_warshall,,1,1,a3edbd966d81083b8e17c12c5e476ba6f92ae518095bf60f44db36d16648859a,d80d0f1e5dc1b065b6ae583f4925157116e2c98d49b252f8e02fa8c4ffe273fe,,
floyd_warshall,dace_cpu,parallel,initialization,observed,8.150915299076587,floyd_warshall,,1,1,a3edbd966d81083b8e17c12c5e476ba6f92ae518095bf60f44db36d16648859a,d80d0f1e5dc1b065b6ae583f4925157116e2c98d49b252f8e02fa8c4ffe273fe,,
floyd_warshall,dace_cpu,auto_opt,initialization,observed,13.2313291891478,floyd_warshall,,1,1,a3edbd966d81083b8e17c12c5e476ba6f92ae518095bf60f44db36d16648859a,d80d0f1e5dc1b065b6ae583f4925157116e2c98d49b252f8e02fa8c4ffe273fe,,
floyd_warshall,dace_gpu,fusion,initialization,observed,24.777229404076934,floyd_warshall,,1,1,a3edbd966d81083b8e17c12c5e476ba6f92ae518095bf60f44db36d16648859a,d80d0f1e5dc1b065b6ae583f4925157116e2c98d49b252f8e02fa8c4ffe273fe,,
floyd_warshall,dace_gpu,parallel,initialization,observed,23.562041949946433,floyd_warshall,,1,1,a3edbd966d81083b8e17c12c5e476ba6f92ae518095bf60f44db36d16648859a,d80d0f1e5dc1b065b6ae583f4925157116e2c98d49b252f8e02fa8c4ffe273fe,,
floyd_warshall,dace_gpu,auto_opt,initialization,observed,24.492629836313426,floyd_warshall,,1,1,a3edbd966d81083b8e17c12c5e476ba6f92ae518095bf60f44db36d16648859a,d80d0f1e5dc1b065b6ae583f4925157116e2c98d49b252f8e02fa8c4ffe273fe,,
floyd_warshall,cupy,default,initialization,observed,30.896165271755308,floyd_warshall,,1,1,a3edbd966d81083b8e17c12c5e476ba6f92ae518095bf60f44db36d16648859a,d80d0f1e5dc1b065b6ae583f4925157116e2c98d49b252f8e02fa8c4ffe273fe,,
gemm,numpy,default,initialization,observed,1.5086175869219005,gemm,,3,3,0c0d6b6a480e5bce18192950eed6fa367ca1dff111ffe96afd63e44b0357c489,a7cad45e3e7e87c02c7a2df12b4f75774f21a5cca78b504ff8830be9107f34b6,,
gemm,numba,nopython-mode,initialization,observed,6.391301319934428,gemm,,3,3,0c0d6b6a480e5bce18192950eed6fa367ca1dff111ffe96afd63e44b0357c489,a7cad45e3e7e87c02c7a2df12b4f75774f21a5cca78b504ff8830be9107f34b6,,
gemm,numba,nopython-mode-parallel,initialization,observed,5.302855405956507,gemm,,1,1,0c0d6b6a480e5bce18192950eed6fa367ca1dff111ffe96afd63e44b0357c489,a7cad45e3e7e87c02c7a2df12b4f75774f21a5cca78b504ff8830be9107f34b6,,
gemm,numba,nopython-mode-parallel-range,initialization,N/A,,,,,,,,,
gemm,numba,object-mode,initialization,N/A,,,,,,,,,
gemm,numba,object-mode-parallel,initialization,N/A,,,,,,,,,
gemm,numba,object-mode-parallel-range,initialization,N/A,,,,,,,,,
gemm,dace_cpu,fusion,initialization,observed,9.77202535001561,gemm,,1,1,0c0d6b6a480e5bce18192950eed6fa367ca1dff111ffe96afd63e44b0357c489,a7cad45e3e7e87c02c7a2df12b4f75774f21a5cca78b504ff8830be9107f34b6,,
gemm,dace_cpu,parallel,initialization,observed,9.345642597880214,gemm,,1,1,0c0d6b6a480e5bce18192950eed6fa367ca1dff111ffe96afd63e44b0357c489,a7cad45e3e7e87c02c7a2df12b4f75774f21a5cca78b504ff8830be9107f34b6,,
gemm,dace_cpu,auto_opt,initialization,observed,8.862731767818332,gemm,,3,3,0c0d6b6a480e5bce18192950eed6fa367ca1dff111ffe96afd63e44b0357c489,a7cad45e3e7e87c02c7a2df12b4f75774f21a5cca78b504ff8830be9107f34b6,,
gemm,dace_gpu,fusion,initialization,observed,25.930840488988906,gemm,,1,1,0c0d6b6a480e5bce18192950eed6fa367ca1dff111ffe96afd63e44b0357c489,a7cad45e3e7e87c02c7a2df12b4f75774f21a5cca78b504ff8830be9107f34b6,,
gemm,dace_gpu,parallel,initialization,observed,25.907588075846434,gemm,,1,1,0c0d6b6a480e5bce18192950eed6fa367ca1dff111ffe96afd63e44b0357c489,a7cad45e3e7e87c02c7a2df12b4f75774f21a5cca78b504ff8830be9107f34b6,,
gemm,dace_gpu,auto_opt,initialization,observed,24.66880088299513,gemm,,3,3,0c0d6b6a480e5bce18192950eed6fa367ca1dff111ffe96afd63e44b0357c489,a7cad45e3e7e87c02c7a2df12b4f75774f21a5cca78b504ff8830be9107f34b6,,
gemm,cupy,default,initialization,observed,1.7203475679270923,gemm,,3,3,0c0d6b6a480e5bce18192950eed6fa367ca1dff111ffe96afd63e44b0357c489,a7cad45e3e7e87c02c7a2df12b4f75774f21a5cca78b504ff8830be9107f34b6,,
gemver,numpy,default,initialization,observed,0.4990034499205649,gemver,,1,1,85cc572cc7692fb81b6c77506a30c2af771c098b9e57d5abf57198c996aa6ef6,8f83d1ce5ccca10e01496b8b60f5d329e3f1f9e85ecb87f3b836424334239f88,,
gemver,numba,nopython-mode,initialization,observed,5.576162105891854,gemver,,1,1,85cc572cc7692fb81b6c77506a30c2af771c098b9e57d5abf57198c996aa6ef6,8f83d1ce5ccca10e01496b8b60f5d329e3f1f9e85ecb87f3b836424334239f88,,
gemver,numba,nopython-mode-parallel,initialization,observed,5.889352237805724,gemver,,1,1,85cc572cc7692fb81b6c77506a30c2af771c098b9e57d5abf57198c996aa6ef6,8f83d1ce5ccca10e01496b8b60f5d329e3f1f9e85ecb87f3b836424334239f88,,
gemver,numba,nopython-mode-parallel-range,initialization,N/A,,,,,,,,,
gemver,numba,object-mode,initialization,N/A,,,,,,,,,
gemver,numba,object-mode-parallel,initialization,N/A,,,,,,,,,
gemver,numba,object-mode-parallel-range,initialization,N/A,,,,,,,,,
gemver,dace_cpu,fusion,initialization,observed,8.837276265025139,gemver,,1,1,85cc572cc7692fb81b6c77506a30c2af771c098b9e57d5abf57198c996aa6ef6,8f83d1ce5ccca10e01496b8b60f5d329e3f1f9e85ecb87f3b836424334239f88,,
gemver,dace_cpu,parallel,initialization,observed,7.856259983032942,gemver,,1,1,85cc572cc7692fb81b6c77506a30c2af771c098b9e57d5abf57198c996aa6ef6,8f83d1ce5ccca10e01496b8b60f5d329e3f1f9e85ecb87f3b836424334239f88,,
gemver,dace_cpu,auto_opt,initialization,observed,8.641155363060534,gemver,,1,1,85cc572cc7692fb81b6c77506a30c2af771c098b9e57d5abf57198c996aa6ef6,8f83d1ce5ccca10e01496b8b60f5d329e3f1f9e85ecb87f3b836424334239f88,,
gemver,dace_gpu,fusion,initialization,observed,26.323128167074174,gemver,,1,1,85cc572cc7692fb81b6c77506a30c2af771c098b9e57d5abf57198c996aa6ef6,8f83d1ce5ccca10e01496b8b60f5d329e3f1f9e85ecb87f3b836424334239f88,,
gemver,dace_gpu,parallel,initialization,observed,27.553270027972758,gemver,,1,1,85cc572cc7692fb81b6c77506a30c2af771c098b9e57d5abf57198c996aa6ef6,8f83d1ce5ccca10e01496b8b60f5d329e3f1f9e85ecb87f3b836424334239f88,,
gemver,dace_gpu,auto_opt,initialization,observed,27.34596169507131,gemver,,1,1,85cc572cc7692fb81b6c77506a30c2af771c098b9e57d5abf57198c996aa6ef6,8f83d1ce5ccca10e01496b8b60f5d329e3f1f9e85ecb87f3b836424334239f88,,
gemver,cupy,default,initialization,observed,1.9394895089790225,gemver,,1,1,85cc572cc7692fb81b6c77506a30c2af771c098b9e57d5abf57198c996aa6ef6,8f83d1ce5ccca10e01496b8b60f5d329e3f1f9e85ecb87f3b836424334239f88,,
gesummv,numpy,default,initialization,observed,0.5083143329247832,gesummv,,1,1,0e62642787bfd7976dde4296be195e5cc2dd07cdd198d1233ad748fdaaf9fc80,603add7d548bef0a20a6309fbf3785c05014a0b3550717c6d424278bd55d2518,,
gesummv,numba,nopython-mode,initialization,observed,3.3640420236624777,gesummv,,1,1,0e62642787bfd7976dde4296be195e5cc2dd07cdd198d1233ad748fdaaf9fc80,603add7d548bef0a20a6309fbf3785c05014a0b3550717c6d424278bd55d2518,,
gesummv,numba,nopython-mode-parallel,initialization,observed,3.4151016790419817,gesummv,,1,1,0e62642787bfd7976dde4296be195e5cc2dd07cdd198d1233ad748fdaaf9fc80,603add7d548bef0a20a6309fbf3785c05014a0b3550717c6d424278bd55d2518,,
gesummv,numba,nopython-mode-parallel-range,initialization,N/A,,,,,,,,,
gesummv,numba,object-mode,initialization,N/A,,,,,,,,,
gesummv,numba,object-mode-parallel,initialization,N/A,,,,,,,,,
gesummv,numba,object-mode-parallel-range,initialization,N/A,,,,,,,,,
gesummv,dace_cpu,fusion,initialization,observed,8.324008306022733,gesummv,,1,1,0e62642787bfd7976dde4296be195e5cc2dd07cdd198d1233ad748fdaaf9fc80,603add7d548bef0a20a6309fbf3785c05014a0b3550717c6d424278bd55d2518,,
gesummv,dace_cpu,parallel,initialization,observed,8.345491072162986,gesummv,,1,1,0e62642787bfd7976dde4296be195e5cc2dd07cdd198d1233ad748fdaaf9fc80,603add7d548bef0a20a6309fbf3785c05014a0b3550717c6d424278bd55d2518,,
gesummv,dace_cpu,auto_opt,initialization,observed,7.841965825296938,gesummv,,1,1,0e62642787bfd7976dde4296be195e5cc2dd07cdd198d1233ad748fdaaf9fc80,603add7d548bef0a20a6309fbf3785c05014a0b3550717c6d424278bd55d2518,,
gesummv,dace_gpu,fusion,initialization,observed,27.18543485691771,gesummv,,1,1,0e62642787bfd7976dde4296be195e5cc2dd07cdd198d1233ad748fdaaf9fc80,603add7d548bef0a20a6309fbf3785c05014a0b3550717c6d424278bd55d2518,,
gesummv,dace_gpu,parallel,initialization,observed,26.138695780653507,gesummv,,1,1,0e62642787bfd7976dde4296be195e5cc2dd07cdd198d1233ad748fdaaf9fc80,603add7d548bef0a20a6309fbf3785c05014a0b3550717c6d424278bd55d2518,,
gesummv,dace_gpu,auto_opt,initialization,observed,26.86468879831955,gesummv,,1,1,0e62642787bfd7976dde4296be195e5cc2dd07cdd198d1233ad748fdaaf9fc80,603add7d548bef0a20a6309fbf3785c05014a0b3550717c6d424278bd55d2518,,
gesummv,cupy,default,initialization,observed,3.483096824027598,gesummv,,1,1,0e62642787bfd7976dde4296be195e5cc2dd07cdd198d1233ad748fdaaf9fc80,603add7d548bef0a20a6309fbf3785c05014a0b3550717c6d424278bd55d2518,,
go_fast,numpy,default,initialization,observed,2.4479173170402646,go_fast,,1,1,ae81860b1a6b200efcca939dedfc2ee5e6a861d07af0c13d6e54e4f1ed9dfb3a,27869e2eab641d51a4dcb8b144e082c2564882966a28c404e3c13fdb484f75cf,,
go_fast,numba,nopython-mode,initialization,observed,2.265467449091375,go_fast,,1,1,ae81860b1a6b200efcca939dedfc2ee5e6a861d07af0c13d6e54e4f1ed9dfb3a,27869e2eab641d51a4dcb8b144e082c2564882966a28c404e3c13fdb484f75cf,,
go_fast,numba,nopython-mode-parallel,initialization,observed,1.098809420131147,go_fast,,1,1,ae81860b1a6b200efcca939dedfc2ee5e6a861d07af0c13d6e54e4f1ed9dfb3a,27869e2eab641d51a4dcb8b144e082c2564882966a28c404e3c13fdb484f75cf,,
go_fast,numba,nopython-mode-parallel-range,initialization,observed,1.6884049661457539,go_fast,,1,1,ae81860b1a6b200efcca939dedfc2ee5e6a861d07af0c13d6e54e4f1ed9dfb3a,27869e2eab641d51a4dcb8b144e082c2564882966a28c404e3c13fdb484f75cf,,
go_fast,numba,object-mode,initialization,N/A,,,,,,,,,
go_fast,numba,object-mode-parallel,initialization,N/A,,,,,,,,,
go_fast,numba,object-mode-parallel-range,initialization,N/A,,,,,,,,,
go_fast,dace_cpu,fusion,initialization,observed,6.548822151031345,go_fast,,1,1,ae81860b1a6b200efcca939dedfc2ee5e6a861d07af0c13d6e54e4f1ed9dfb3a,27869e2eab641d51a4dcb8b144e082c2564882966a28c404e3c13fdb484f75cf,,
go_fast,dace_cpu,parallel,initialization,observed,6.679475946817547,go_fast,,1,1,ae81860b1a6b200efcca939dedfc2ee5e6a861d07af0c13d6e54e4f1ed9dfb3a,27869e2eab641d51a4dcb8b144e082c2564882966a28c404e3c13fdb484f75cf,,
go_fast,dace_cpu,auto_opt,initialization,observed,6.59930736804381,go_fast,,1,1,ae81860b1a6b200efcca939dedfc2ee5e6a861d07af0c13d6e54e4f1ed9dfb3a,27869e2eab641d51a4dcb8b144e082c2564882966a28c404e3c13fdb484f75cf,,
go_fast,dace_gpu,fusion,initialization,observed,30.00197203690186,go_fast,,1,1,ae81860b1a6b200efcca939dedfc2ee5e6a861d07af0c13d6e54e4f1ed9dfb3a,27869e2eab641d51a4dcb8b144e082c2564882966a28c404e3c13fdb484f75cf,,
go_fast,dace_gpu,parallel,initialization,observed,29.766241437755525,go_fast,,1,1,ae81860b1a6b200efcca939dedfc2ee5e6a861d07af0c13d6e54e4f1ed9dfb3a,27869e2eab641d51a4dcb8b144e082c2564882966a28c404e3c13fdb484f75cf,,
go_fast,dace_gpu,auto_opt,initialization,observed,30.058872350025922,go_fast,,1,1,ae81860b1a6b200efcca939dedfc2ee5e6a861d07af0c13d6e54e4f1ed9dfb3a,27869e2eab641d51a4dcb8b144e082c2564882966a28c404e3c13fdb484f75cf,,
go_fast,cupy,default,initialization,observed,6.051337908022106,go_fast,,1,1,ae81860b1a6b200efcca939dedfc2ee5e6a861d07af0c13d6e54e4f1ed9dfb3a,27869e2eab641d51a4dcb8b144e082c2564882966a28c404e3c13fdb484f75cf,,
gramschmidt,numpy,default,initialization,observed,1.0729618319310248,gramschmidt,,1,1,1f3d8680c6c62cb57662259efbd6317e805dc931a93921d1f417b2d9a8b00706,0cd9b7683af012b2f89286b1d7f883de9ac11e0a801ad6a40757c753baba615b,,
gramschmidt,numba,nopython-mode,initialization,observed,3.8238882031291723,gramschmidt,,1,1,1f3d8680c6c62cb57662259efbd6317e805dc931a93921d1f417b2d9a8b00706,0cd9b7683af012b2f89286b1d7f883de9ac11e0a801ad6a40757c753baba615b,,
gramschmidt,numba,nopython-mode-parallel,initialization,observed,22.822883512824774,gramschmidt,,1,1,1f3d8680c6c62cb57662259efbd6317e805dc931a93921d1f417b2d9a8b00706,0cd9b7683af012b2f89286b1d7f883de9ac11e0a801ad6a40757c753baba615b,,
gramschmidt,numba,nopython-mode-parallel-range,initialization,N/A,,,,,,,,,
gramschmidt,numba,object-mode,initialization,N/A,,,,,,,,,
gramschmidt,numba,object-mode-parallel,initialization,N/A,,,,,,,,,
gramschmidt,numba,object-mode-parallel-range,initialization,N/A,,,,,,,,,
gramschmidt,dace_cpu,fusion,initialization,observed,13.734198743011802,gramschmidt,,1,1,1f3d8680c6c62cb57662259efbd6317e805dc931a93921d1f417b2d9a8b00706,0cd9b7683af012b2f89286b1d7f883de9ac11e0a801ad6a40757c753baba615b,,
gramschmidt,dace_cpu,parallel,initialization,observed,20.02870833594352,gramschmidt,,1,1,1f3d8680c6c62cb57662259efbd6317e805dc931a93921d1f417b2d9a8b00706,0cd9b7683af012b2f89286b1d7f883de9ac11e0a801ad6a40757c753baba615b,,
gramschmidt,dace_cpu,auto_opt,initialization,observed,15.353186623193324,gramschmidt,,1,1,1f3d8680c6c62cb57662259efbd6317e805dc931a93921d1f417b2d9a8b00706,0cd9b7683af012b2f89286b1d7f883de9ac11e0a801ad6a40757c753baba615b,,
gramschmidt,dace_gpu,fusion,initialization,observed,33.466076088137925,gramschmidt,,1,1,1f3d8680c6c62cb57662259efbd6317e805dc931a93921d1f417b2d9a8b00706,0cd9b7683af012b2f89286b1d7f883de9ac11e0a801ad6a40757c753baba615b,,
gramschmidt,dace_gpu,parallel,initialization,observed,32.47456274507567,gramschmidt,,1,1,1f3d8680c6c62cb57662259efbd6317e805dc931a93921d1f417b2d9a8b00706,0cd9b7683af012b2f89286b1d7f883de9ac11e0a801ad6a40757c753baba615b,,
gramschmidt,dace_gpu,auto_opt,initialization,observed,30.827379394788295,gramschmidt,,1,1,1f3d8680c6c62cb57662259efbd6317e805dc931a93921d1f417b2d9a8b00706,0cd9b7683af012b2f89286b1d7f883de9ac11e0a801ad6a40757c753baba615b,,
gramschmidt,cupy,default,initialization,observed,16.19159107422456,gramschmidt,,1,1,1f3d8680c6c62cb57662259efbd6317e805dc931a93921d1f417b2d9a8b00706,0cd9b7683af012b2f89286b1d7f883de9ac11e0a801ad6a40757c753baba615b,,
hdiff,numpy,default,initialization,observed,0.4068624279461801,hdiff,,1,1,db572ba94a6764cd4f333fd1c155d8498c95bfc20a8f378ce3588d5b7ef038ef,e800ed3dc8d530d7e84b4a637b91cc6d9bc1280101023ee86a27f69cfa34eec1,,
hdiff,numba,nopython-mode,initialization,observed,10.247378773987293,hdiff,,1,1,db572ba94a6764cd4f333fd1c155d8498c95bfc20a8f378ce3588d5b7ef038ef,e800ed3dc8d530d7e84b4a637b91cc6d9bc1280101023ee86a27f69cfa34eec1,,
hdiff,numba,nopython-mode-parallel,initialization,observed,6.053360493853688,hdiff,,1,1,db572ba94a6764cd4f333fd1c155d8498c95bfc20a8f378ce3588d5b7ef038ef,e800ed3dc8d530d7e84b4a637b91cc6d9bc1280101023ee86a27f69cfa34eec1,,
hdiff,numba,nopython-mode-parallel-range,initialization,N/A,,,,,,,,,
hdiff,numba,object-mode,initialization,N/A,,,,,,,,,
hdiff,numba,object-mode-parallel,initialization,N/A,,,,,,,,,
hdiff,numba,object-mode-parallel-range,initialization,N/A,,,,,,,,,
hdiff,dace_cpu,fusion,initialization,observed,8.95725152688101,hdiff,,1,1,db572ba94a6764cd4f333fd1c155d8498c95bfc20a8f378ce3588d5b7ef038ef,e800ed3dc8d530d7e84b4a637b91cc6d9bc1280101023ee86a27f69cfa34eec1,,
hdiff,dace_cpu,parallel,initialization,observed,9.408354936167598,hdiff,,1,1,db572ba94a6764cd4f333fd1c155d8498c95bfc20a8f378ce3588d5b7ef038ef,e800ed3dc8d530d7e84b4a637b91cc6d9bc1280101023ee86a27f69cfa34eec1,,
hdiff,dace_cpu,auto_opt,initialization,observed,8.824895591009408,hdiff,,1,1,db572ba94a6764cd4f333fd1c155d8498c95bfc20a8f378ce3588d5b7ef038ef,e800ed3dc8d530d7e84b4a637b91cc6d9bc1280101023ee86a27f69cfa34eec1,,
hdiff,dace_gpu,fusion,initialization,observed,26.581071421969682,hdiff,,1,1,db572ba94a6764cd4f333fd1c155d8498c95bfc20a8f378ce3588d5b7ef038ef,e800ed3dc8d530d7e84b4a637b91cc6d9bc1280101023ee86a27f69cfa34eec1,,
hdiff,dace_gpu,parallel,initialization,observed,26.69005433190614,hdiff,,1,1,db572ba94a6764cd4f333fd1c155d8498c95bfc20a8f378ce3588d5b7ef038ef,e800ed3dc8d530d7e84b4a637b91cc6d9bc1280101023ee86a27f69cfa34eec1,,
hdiff,dace_gpu,auto_opt,initialization,observed,26.593160702846944,hdiff,,1,1,db572ba94a6764cd4f333fd1c155d8498c95bfc20a8f378ce3588d5b7ef038ef,e800ed3dc8d530d7e84b4a637b91cc6d9bc1280101023ee86a27f69cfa34eec1,,
hdiff,cupy,default,initialization,observed,2.0447673848830163,hdiff,,1,1,db572ba94a6764cd4f333fd1c155d8498c95bfc20a8f378ce3588d5b7ef038ef,e800ed3dc8d530d7e84b4a637b91cc6d9bc1280101023ee86a27f69cfa34eec1,,
heat_3d,numpy,default,initialization,observed,0.7158247376792133,heat_3d,,1,1,30fe858bb26413e6677f8fa2af4b685936ad2acf33485956268a9184b302da55,a81cc292224c841a9ce27e90c6d26d29c8ea5a75badeca9376911772a40bf22f,,
heat_3d,numba,nopython-mode,initialization,observed,6.458601436112076,heat_3d,,1,1,30fe858bb26413e6677f8fa2af4b685936ad2acf33485956268a9184b302da55,a81cc292224c841a9ce27e90c6d26d29c8ea5a75badeca9376911772a40bf22f,,
heat_3d,numba,nopython-mode-parallel,initialization,observed,4.626929311081767,heat_3d,,1,1,30fe858bb26413e6677f8fa2af4b685936ad2acf33485956268a9184b302da55,a81cc292224c841a9ce27e90c6d26d29c8ea5a75badeca9376911772a40bf22f,,
heat_3d,numba,nopython-mode-parallel-range,initialization,N/A,,,,,,,,,
heat_3d,numba,object-mode,initialization,N/A,,,,,,,,,
heat_3d,numba,object-mode-parallel,initialization,N/A,,,,,,,,,
heat_3d,numba,object-mode-parallel-range,initialization,N/A,,,,,,,,,
heat_3d,dace_cpu,fusion,initialization,observed,12.053856790997088,heat_3d,,1,1,30fe858bb26413e6677f8fa2af4b685936ad2acf33485956268a9184b302da55,a81cc292224c841a9ce27e90c6d26d29c8ea5a75badeca9376911772a40bf22f,,
heat_3d,dace_cpu,parallel,initialization,observed,8.946702999994159,heat_3d,,1,1,30fe858bb26413e6677f8fa2af4b685936ad2acf33485956268a9184b302da55,a81cc292224c841a9ce27e90c6d26d29c8ea5a75badeca9376911772a40bf22f,,
heat_3d,dace_cpu,auto_opt,initialization,observed,10.290463716723025,heat_3d,,1,1,30fe858bb26413e6677f8fa2af4b685936ad2acf33485956268a9184b302da55,a81cc292224c841a9ce27e90c6d26d29c8ea5a75badeca9376911772a40bf22f,,
heat_3d,dace_gpu,fusion,initialization,observed,26.635221369098872,heat_3d,,1,1,30fe858bb26413e6677f8fa2af4b685936ad2acf33485956268a9184b302da55,a81cc292224c841a9ce27e90c6d26d29c8ea5a75badeca9376911772a40bf22f,,
heat_3d,dace_gpu,parallel,initialization,observed,26.688231648877263,heat_3d,,1,1,30fe858bb26413e6677f8fa2af4b685936ad2acf33485956268a9184b302da55,a81cc292224c841a9ce27e90c6d26d29c8ea5a75badeca9376911772a40bf22f,,
heat_3d,dace_gpu,auto_opt,initialization,observed,27.322003464680165,heat_3d,,1,1,30fe858bb26413e6677f8fa2af4b685936ad2acf33485956268a9184b302da55,a81cc292224c841a9ce27e90c6d26d29c8ea5a75badeca9376911772a40bf22f,,
heat_3d,cupy,default,initialization,observed,1.1857709158211946,heat_3d,,1,1,30fe858bb26413e6677f8fa2af4b685936ad2acf33485956268a9184b302da55,a81cc292224c841a9ce27e90c6d26d29c8ea5a75badeca9376911772a40bf22f,,
jacobi_1d,numpy,default,initialization,observed,0.9330027452670038,jacobi_1d,,1,1,dd2d6ec412835edbbe4a018d3544e156d3fdd08552a444b52727b05fa47d8a06,16a5a1662f12689fbf187fbb656ac8e1d9c5d1f78efc866cd0f41cf46b753592,,
jacobi_1d,numba,nopython-mode,initialization,observed,3.663746506907046,jacobi_1d,,1,1,dd2d6ec412835edbbe4a018d3544e156d3fdd08552a444b52727b05fa47d8a06,16a5a1662f12689fbf187fbb656ac8e1d9c5d1f78efc866cd0f41cf46b753592,,
jacobi_1d,numba,nopython-mode-parallel,initialization,observed,11.914910160005093,jacobi_1d,,1,1,dd2d6ec412835edbbe4a018d3544e156d3fdd08552a444b52727b05fa47d8a06,16a5a1662f12689fbf187fbb656ac8e1d9c5d1f78efc866cd0f41cf46b753592,,
jacobi_1d,numba,nopython-mode-parallel-range,initialization,N/A,,,,,,,,,
jacobi_1d,numba,object-mode,initialization,N/A,,,,,,,,,
jacobi_1d,numba,object-mode-parallel,initialization,N/A,,,,,,,,,
jacobi_1d,numba,object-mode-parallel-range,initialization,N/A,,,,,,,,,
jacobi_1d,dace_cpu,fusion,initialization,observed,11.500665922183543,jacobi_1d,,1,1,dd2d6ec412835edbbe4a018d3544e156d3fdd08552a444b52727b05fa47d8a06,16a5a1662f12689fbf187fbb656ac8e1d9c5d1f78efc866cd0f41cf46b753592,,
jacobi_1d,dace_cpu,parallel,initialization,observed,12.888628751039505,jacobi_1d,,1,1,dd2d6ec412835edbbe4a018d3544e156d3fdd08552a444b52727b05fa47d8a06,16a5a1662f12689fbf187fbb656ac8e1d9c5d1f78efc866cd0f41cf46b753592,,
jacobi_1d,dace_cpu,auto_opt,initialization,observed,7.756553470157087,jacobi_1d,,1,1,dd2d6ec412835edbbe4a018d3544e156d3fdd08552a444b52727b05fa47d8a06,16a5a1662f12689fbf187fbb656ac8e1d9c5d1f78efc866cd0f41cf46b753592,,
jacobi_1d,dace_gpu,fusion,initialization,observed,23.443071306683123,jacobi_1d,,1,1,dd2d6ec412835edbbe4a018d3544e156d3fdd08552a444b52727b05fa47d8a06,16a5a1662f12689fbf187fbb656ac8e1d9c5d1f78efc866cd0f41cf46b753592,,
jacobi_1d,dace_gpu,parallel,initialization,observed,23.066507272887975,jacobi_1d,,1,1,dd2d6ec412835edbbe4a018d3544e156d3fdd08552a444b52727b05fa47d8a06,16a5a1662f12689fbf187fbb656ac8e1d9c5d1f78efc866cd0f41cf46b753592,,
jacobi_1d,dace_gpu,auto_opt,initialization,observed,24.265657715965062,jacobi_1d,,1,1,dd2d6ec412835edbbe4a018d3544e156d3fdd08552a444b52727b05fa47d8a06,16a5a1662f12689fbf187fbb656ac8e1d9c5d1f78efc866cd0f41cf46b753592,,
jacobi_1d,cupy,default,initialization,observed,2.1545063527300954,jacobi_1d,,1,1,dd2d6ec412835edbbe4a018d3544e156d3fdd08552a444b52727b05fa47d8a06,16a5a1662f12689fbf187fbb656ac8e1d9c5d1f78efc866cd0f41cf46b753592,,
jacobi_2d,numpy,default,initialization,observed,0.7418692582286894,jacobi_2d,,1,1,bb0f1b25c2ede622f6875f9761e2dec03fcebb4785d6110e5288554d5cfdd9f9,88fcc37626b242ba2751f475ada3090117847e04203daddbc9456f9d0e7e584d,,
jacobi_2d,numba,nopython-mode,initialization,observed,4.825022734235972,jacobi_2d,,1,1,bb0f1b25c2ede622f6875f9761e2dec03fcebb4785d6110e5288554d5cfdd9f9,88fcc37626b242ba2751f475ada3090117847e04203daddbc9456f9d0e7e584d,,
jacobi_2d,numba,nopython-mode-parallel,initialization,observed,5.954851483926177,jacobi_2d,,1,1,bb0f1b25c2ede622f6875f9761e2dec03fcebb4785d6110e5288554d5cfdd9f9,88fcc37626b242ba2751f475ada3090117847e04203daddbc9456f9d0e7e584d,,
jacobi_2d,numba,nopython-mode-parallel-range,initialization,N/A,,,,,,,,,
jacobi_2d,numba,object-mode,initialization,N/A,,,,,,,,,
jacobi_2d,numba,object-mode-parallel,initialization,N/A,,,,,,,,,
jacobi_2d,numba,object-mode-parallel-range,initialization,N/A,,,,,,,,,
jacobi_2d,dace_cpu,fusion,initialization,observed,7.72362027131021,jacobi_2d,,1,1,bb0f1b25c2ede622f6875f9761e2dec03fcebb4785d6110e5288554d5cfdd9f9,88fcc37626b242ba2751f475ada3090117847e04203daddbc9456f9d0e7e584d,,
jacobi_2d,dace_cpu,parallel,initialization,observed,7.524194007273763,jacobi_2d,,1,1,bb0f1b25c2ede622f6875f9761e2dec03fcebb4785d6110e5288554d5cfdd9f9,88fcc37626b242ba2751f475ada3090117847e04203daddbc9456f9d0e7e584d,,
jacobi_2d,dace_cpu,auto_opt,initialization,observed,7.602765464223921,jacobi_2d,,1,1,bb0f1b25c2ede622f6875f9761e2dec03fcebb4785d6110e5288554d5cfdd9f9,88fcc37626b242ba2751f475ada3090117847e04203daddbc9456f9d0e7e584d,,
jacobi_2d,dace_gpu,fusion,initialization,observed,24.085311328992248,jacobi_2d,,1,1,bb0f1b25c2ede622f6875f9761e2dec03fcebb4785d6110e5288554d5cfdd9f9,88fcc37626b242ba2751f475ada3090117847e04203daddbc9456f9d0e7e584d,,
jacobi_2d,dace_gpu,parallel,initialization,observed,23.516354208812118,jacobi_2d,,1,1,bb0f1b25c2ede622f6875f9761e2dec03fcebb4785d6110e5288554d5cfdd9f9,88fcc37626b242ba2751f475ada3090117847e04203daddbc9456f9d0e7e584d,,
jacobi_2d,dace_gpu,auto_opt,initialization,observed,25.21518014697358,jacobi_2d,,1,1,bb0f1b25c2ede622f6875f9761e2dec03fcebb4785d6110e5288554d5cfdd9f9,88fcc37626b242ba2751f475ada3090117847e04203daddbc9456f9d0e7e584d,,
jacobi_2d,cupy,default,initialization,observed,0.8972387351095676,jacobi_2d,,1,1,bb0f1b25c2ede622f6875f9761e2dec03fcebb4785d6110e5288554d5cfdd9f9,88fcc37626b242ba2751f475ada3090117847e04203daddbc9456f9d0e7e584d,,
k2mm,numpy,default,initialization,observed,2.2109293341636658,k2mm,,1,1,f489fedc570b7b5da546ee0999db718675f9a6e714d3093820decf3f58d34325,65b07e1d7f5fdc00459ebb8a02ae0881674135e9bd7f454489c2d204e291d7ea,,
k2mm,numba,nopython-mode,initialization,observed,6.442804472986609,k2mm,,1,1,f489fedc570b7b5da546ee0999db718675f9a6e714d3093820decf3f58d34325,65b07e1d7f5fdc00459ebb8a02ae0881674135e9bd7f454489c2d204e291d7ea,,
k2mm,numba,nopython-mode-parallel,initialization,observed,6.76964684901759,k2mm,,1,1,f489fedc570b7b5da546ee0999db718675f9a6e714d3093820decf3f58d34325,65b07e1d7f5fdc00459ebb8a02ae0881674135e9bd7f454489c2d204e291d7ea,,
k2mm,numba,nopython-mode-parallel-range,initialization,N/A,,,,,,,,,
k2mm,numba,object-mode,initialization,N/A,,,,,,,,,
k2mm,numba,object-mode-parallel,initialization,N/A,,,,,,,,,
k2mm,numba,object-mode-parallel-range,initialization,N/A,,,,,,,,,
k2mm,dace_cpu,fusion,initialization,observed,10.452783833723515,k2mm,,1,1,f489fedc570b7b5da546ee0999db718675f9a6e714d3093820decf3f58d34325,65b07e1d7f5fdc00459ebb8a02ae0881674135e9bd7f454489c2d204e291d7ea,,
k2mm,dace_cpu,parallel,initialization,observed,9.944604415912181,k2mm,,1,1,f489fedc570b7b5da546ee0999db718675f9a6e714d3093820decf3f58d34325,65b07e1d7f5fdc00459ebb8a02ae0881674135e9bd7f454489c2d204e291d7ea,,
k2mm,dace_cpu,auto_opt,initialization,observed,10.596097548957914,k2mm,,1,1,f489fedc570b7b5da546ee0999db718675f9a6e714d3093820decf3f58d34325,65b07e1d7f5fdc00459ebb8a02ae0881674135e9bd7f454489c2d204e291d7ea,,
k2mm,dace_gpu,fusion,initialization,observed,25.912629330996424,k2mm,,1,1,f489fedc570b7b5da546ee0999db718675f9a6e714d3093820decf3f58d34325,65b07e1d7f5fdc00459ebb8a02ae0881674135e9bd7f454489c2d204e291d7ea,,
k2mm,dace_gpu,parallel,initialization,observed,25.265068490989506,k2mm,,1,1,f489fedc570b7b5da546ee0999db718675f9a6e714d3093820decf3f58d34325,65b07e1d7f5fdc00459ebb8a02ae0881674135e9bd7f454489c2d204e291d7ea,,
k2mm,dace_gpu,auto_opt,initialization,observed,26.40856627514586,k2mm,,1,1,f489fedc570b7b5da546ee0999db718675f9a6e714d3093820decf3f58d34325,65b07e1d7f5fdc00459ebb8a02ae0881674135e9bd7f454489c2d204e291d7ea,,
k2mm,cupy,default,initialization,observed,2.0978481923229992,k2mm,,1,1,f489fedc570b7b5da546ee0999db718675f9a6e714d3093820decf3f58d34325,65b07e1d7f5fdc00459ebb8a02ae0881674135e9bd7f454489c2d204e291d7ea,,
k3mm,numpy,default,initialization,observed,2.910554438829422,k3mm,,1,1,4e368169475a2a62e9d6b60f9f0f38731e82923b1a6bcbfe2a2be25f4a23617d,aad0bebb7814a2ecba71c57046d8003bc43cb0f8e9f62fa7a3c5da967acf1885,,
k3mm,numba,nopython-mode,initialization,observed,3.3014389341697097,k3mm,,1,1,4e368169475a2a62e9d6b60f9f0f38731e82923b1a6bcbfe2a2be25f4a23617d,aad0bebb7814a2ecba71c57046d8003bc43cb0f8e9f62fa7a3c5da967acf1885,,
k3mm,numba,nopython-mode-parallel,initialization,observed,2.9166546193882823,k3mm,,1,1,4e368169475a2a62e9d6b60f9f0f38731e82923b1a6bcbfe2a2be25f4a23617d,aad0bebb7814a2ecba71c57046d8003bc43cb0f8e9f62fa7a3c5da967acf1885,,
k3mm,numba,nopython-mode-parallel-range,initialization,N/A,,,,,,,,,
k3mm,numba,object-mode,initialization,N/A,,,,,,,,,
k3mm,numba,object-mode-parallel,initialization,N/A,,,,,,,,,
k3mm,numba,object-mode-parallel-range,initialization,N/A,,,,,,,,,
k3mm,dace_cpu,fusion,initialization,observed,10.327534917276353,k3mm,,1,1,4e368169475a2a62e9d6b60f9f0f38731e82923b1a6bcbfe2a2be25f4a23617d,aad0bebb7814a2ecba71c57046d8003bc43cb0f8e9f62fa7a3c5da967acf1885,,
k3mm,dace_cpu,parallel,initialization,observed,10.645838209893554,k3mm,,1,1,4e368169475a2a62e9d6b60f9f0f38731e82923b1a6bcbfe2a2be25f4a23617d,aad0bebb7814a2ecba71c57046d8003bc43cb0f8e9f62fa7a3c5da967acf1885,,
k3mm,dace_cpu,auto_opt,initialization,observed,10.340289637912065,k3mm,,1,1,4e368169475a2a62e9d6b60f9f0f38731e82923b1a6bcbfe2a2be25f4a23617d,aad0bebb7814a2ecba71c57046d8003bc43cb0f8e9f62fa7a3c5da967acf1885,,
k3mm,dace_gpu,fusion,initialization,observed,25.39816907607019,k3mm,,1,1,4e368169475a2a62e9d6b60f9f0f38731e82923b1a6bcbfe2a2be25f4a23617d,aad0bebb7814a2ecba71c57046d8003bc43cb0f8e9f62fa7a3c5da967acf1885,,
k3mm,dace_gpu,parallel,initialization,observed,25.95840795431286,k3mm,,1,1,4e368169475a2a62e9d6b60f9f0f38731e82923b1a6bcbfe2a2be25f4a23617d,aad0bebb7814a2ecba71c57046d8003bc43cb0f8e9f62fa7a3c5da967acf1885,,
k3mm,dace_gpu,auto_opt,initialization,observed,25.277339932043105,k3mm,,1,1,4e368169475a2a62e9d6b60f9f0f38731e82923b1a6bcbfe2a2be25f4a23617d,aad0bebb7814a2ecba71c57046d8003bc43cb0f8e9f62fa7a3c5da967acf1885,,
k3mm,cupy,default,initialization,observed,1.9112180839292705,k3mm,,1,1,4e368169475a2a62e9d6b60f9f0f38731e82923b1a6bcbfe2a2be25f4a23617d,aad0bebb7814a2ecba71c57046d8003bc43cb0f8e9f62fa7a3c5da967acf1885,,
lenet,numpy,default,initialization,observed,1.1061678072437644,lenet,,1,1,c03e6ed4aa80ca847e538ab41f9b22060f454237935c67944c81ced7dd93a48b,914661bfde93da5c2e7b1ef256bf97775e395b5980f08a299cd8040e92c0b6ea,,
lenet,numba,nopython-mode,initialization,observed,34.97239969717339,lenet,,1,1,c03e6ed4aa80ca847e538ab41f9b22060f454237935c67944c81ced7dd93a48b,914661bfde93da5c2e7b1ef256bf97775e395b5980f08a299cd8040e92c0b6ea,,
lenet,numba,nopython-mode-parallel,initialization,observed,135.4249222362414,lenet,,1,1,c03e6ed4aa80ca847e538ab41f9b22060f454237935c67944c81ced7dd93a48b,914661bfde93da5c2e7b1ef256bf97775e395b5980f08a299cd8040e92c0b6ea,,
lenet,numba,nopython-mode-parallel-range,initialization,observed,53.57194124208763,lenet,,1,1,c03e6ed4aa80ca847e538ab41f9b22060f454237935c67944c81ced7dd93a48b,914661bfde93da5c2e7b1ef256bf97775e395b5980f08a299cd8040e92c0b6ea,,
lenet,numba,object-mode,initialization,error,,lenet,,0,0,c03e6ed4aa80ca847e538ab41f9b22060f454237935c67944c81ced7dd93a48b,914661bfde93da5c2e7b1ef256bf97775e395b5980f08a299cd8040e92c0b6ea,,
lenet,numba,object-mode-parallel,initialization,error,,lenet,,0,0,c03e6ed4aa80ca847e538ab41f9b22060f454237935c67944c81ced7dd93a48b,914661bfde93da5c2e7b1ef256bf97775e395b5980f08a299cd8040e92c0b6ea,,
lenet,numba,object-mode-parallel-range,initialization,observed,5.323483441956341,lenet,,1,1,c03e6ed4aa80ca847e538ab41f9b22060f454237935c67944c81ced7dd93a48b,914661bfde93da5c2e7b1ef256bf97775e395b5980f08a299cd8040e92c0b6ea,,
lenet,dace_cpu,fusion,initialization,observed,22.215500634163618,lenet,,1,1,c03e6ed4aa80ca847e538ab41f9b22060f454237935c67944c81ced7dd93a48b,914661bfde93da5c2e7b1ef256bf97775e395b5980f08a299cd8040e92c0b6ea,,
lenet,dace_cpu,parallel,initialization,observed,22.742724264971912,lenet,,1,1,c03e6ed4aa80ca847e538ab41f9b22060f454237935c67944c81ced7dd93a48b,914661bfde93da5c2e7b1ef256bf97775e395b5980f08a299cd8040e92c0b6ea,,
lenet,dace_cpu,auto_opt,initialization,observed,18.374189427122474,lenet,,1,1,c03e6ed4aa80ca847e538ab41f9b22060f454237935c67944c81ced7dd93a48b,914661bfde93da5c2e7b1ef256bf97775e395b5980f08a299cd8040e92c0b6ea,,
lenet,dace_gpu,fusion,initialization,error,,lenet,,0,0,c03e6ed4aa80ca847e538ab41f9b22060f454237935c67944c81ced7dd93a48b,914661bfde93da5c2e7b1ef256bf97775e395b5980f08a299cd8040e92c0b6ea,,
lenet,dace_gpu,parallel,initialization,terminated,,lenet,,0,0,c03e6ed4aa80ca847e538ab41f9b22060f454237935c67944c81ced7dd93a48b,914661bfde93da5c2e7b1ef256bf97775e395b5980f08a299cd8040e92c0b6ea,,
lenet,dace_gpu,auto_opt,initialization,terminated,,lenet,,0,0,c03e6ed4aa80ca847e538ab41f9b22060f454237935c67944c81ced7dd93a48b,914661bfde93da5c2e7b1ef256bf97775e395b5980f08a299cd8040e92c0b6ea,,
lenet,cupy,default,initialization,observed,5.393859545700252,lenet,,1,1,c03e6ed4aa80ca847e538ab41f9b22060f454237935c67944c81ced7dd93a48b,914661bfde93da5c2e7b1ef256bf97775e395b5980f08a299cd8040e92c0b6ea,,
lu,numpy,default,initialization,observed,1.3111815750598907,lu,,1,1,a94cc969fb7abca21f73c7702df3d7b5782724193307a4c14a3543791e733d27,9ac2f818703fa8aa1a82579828bb4b9f516a133a9d2de36086ba8af196680084,,
lu,numba,nopython-mode,initialization,observed,1.0699980007484555,lu,,1,1,a94cc969fb7abca21f73c7702df3d7b5782724193307a4c14a3543791e733d27,9ac2f818703fa8aa1a82579828bb4b9f516a133a9d2de36086ba8af196680084,,
lu,numba,nopython-mode-parallel,initialization,observed,1.2985168537124991,lu,,1,1,a94cc969fb7abca21f73c7702df3d7b5782724193307a4c14a3543791e733d27,9ac2f818703fa8aa1a82579828bb4b9f516a133a9d2de36086ba8af196680084,,
lu,numba,nopython-mode-parallel-range,initialization,N/A,,,,,,,,,
lu,numba,object-mode,initialization,N/A,,,,,,,,,
lu,numba,object-mode-parallel,initialization,N/A,,,,,,,,,
lu,numba,object-mode-parallel-range,initialization,N/A,,,,,,,,,
lu,dace_cpu,fusion,initialization,observed,7.42715958179906,lu,,1,1,a94cc969fb7abca21f73c7702df3d7b5782724193307a4c14a3543791e733d27,9ac2f818703fa8aa1a82579828bb4b9f516a133a9d2de36086ba8af196680084,,
lu,dace_cpu,parallel,initialization,observed,8.078511223662645,lu,,1,1,a94cc969fb7abca21f73c7702df3d7b5782724193307a4c14a3543791e733d27,9ac2f818703fa8aa1a82579828bb4b9f516a133a9d2de36086ba8af196680084,,
lu,dace_cpu,auto_opt,initialization,observed,8.091028229799122,lu,,1,1,a94cc969fb7abca21f73c7702df3d7b5782724193307a4c14a3543791e733d27,9ac2f818703fa8aa1a82579828bb4b9f516a133a9d2de36086ba8af196680084,,
lu,dace_gpu,fusion,initialization,observed,37.711796834133565,lu,,1,1,a94cc969fb7abca21f73c7702df3d7b5782724193307a4c14a3543791e733d27,9ac2f818703fa8aa1a82579828bb4b9f516a133a9d2de36086ba8af196680084,,
lu,dace_gpu,parallel,initialization,observed,35.61761504318565,lu,,1,1,a94cc969fb7abca21f73c7702df3d7b5782724193307a4c14a3543791e733d27,9ac2f818703fa8aa1a82579828bb4b9f516a133a9d2de36086ba8af196680084,,
lu,dace_gpu,auto_opt,initialization,observed,32.7889325148426,lu,,1,1,a94cc969fb7abca21f73c7702df3d7b5782724193307a4c14a3543791e733d27,9ac2f818703fa8aa1a82579828bb4b9f516a133a9d2de36086ba8af196680084,,
lu,cupy,default,initialization,observed,44.36192465014756,lu,,1,1,a94cc969fb7abca21f73c7702df3d7b5782724193307a4c14a3543791e733d27,9ac2f818703fa8aa1a82579828bb4b9f516a133a9d2de36086ba8af196680084,,
ludcmp,numpy,default,initialization,observed,1.3158224578946829,ludcmp,,1,1,08caec57fa049fbfa751e34e1064de164ddf556d58ef07942503bdb64d23c766,55b9887d27df7b3dc3b8b2e1875facca1a285d1891e4df442fdd18cc865cc7b0,,
ludcmp,numba,nopython-mode,initialization,observed,1.8598755989223719,ludcmp,,1,1,08caec57fa049fbfa751e34e1064de164ddf556d58ef07942503bdb64d23c766,55b9887d27df7b3dc3b8b2e1875facca1a285d1891e4df442fdd18cc865cc7b0,,
ludcmp,numba,nopython-mode-parallel,initialization,observed,1.5263622258789837,ludcmp,,1,1,08caec57fa049fbfa751e34e1064de164ddf556d58ef07942503bdb64d23c766,55b9887d27df7b3dc3b8b2e1875facca1a285d1891e4df442fdd18cc865cc7b0,,
ludcmp,numba,nopython-mode-parallel-range,initialization,N/A,,,,,,,,,
ludcmp,numba,object-mode,initialization,N/A,,,,,,,,,
ludcmp,numba,object-mode-parallel,initialization,N/A,,,,,,,,,
ludcmp,numba,object-mode-parallel-range,initialization,N/A,,,,,,,,,
ludcmp,dace_cpu,fusion,initialization,observed,9.113136226776987,ludcmp,,1,1,08caec57fa049fbfa751e34e1064de164ddf556d58ef07942503bdb64d23c766,55b9887d27df7b3dc3b8b2e1875facca1a285d1891e4df442fdd18cc865cc7b0,,
ludcmp,dace_cpu,parallel,initialization,observed,9.484173050150275,ludcmp,,1,1,08caec57fa049fbfa751e34e1064de164ddf556d58ef07942503bdb64d23c766,55b9887d27df7b3dc3b8b2e1875facca1a285d1891e4df442fdd18cc865cc7b0,,
ludcmp,dace_cpu,auto_opt,initialization,observed,9.39109695982188,ludcmp,,1,1,08caec57fa049fbfa751e34e1064de164ddf556d58ef07942503bdb64d23c766,55b9887d27df7b3dc3b8b2e1875facca1a285d1891e4df442fdd18cc865cc7b0,,
ludcmp,dace_gpu,fusion,initialization,observed,37.8421868882142,ludcmp,,1,1,08caec57fa049fbfa751e34e1064de164ddf556d58ef07942503bdb64d23c766,55b9887d27df7b3dc3b8b2e1875facca1a285d1891e4df442fdd18cc865cc7b0,,
ludcmp,dace_gpu,parallel,initialization,observed,38.13815686292946,ludcmp,,1,1,08caec57fa049fbfa751e34e1064de164ddf556d58ef07942503bdb64d23c766,55b9887d27df7b3dc3b8b2e1875facca1a285d1891e4df442fdd18cc865cc7b0,,
ludcmp,dace_gpu,auto_opt,initialization,observed,36.01309609087184,ludcmp,,1,1,08caec57fa049fbfa751e34e1064de164ddf556d58ef07942503bdb64d23c766,55b9887d27df7b3dc3b8b2e1875facca1a285d1891e4df442fdd18cc865cc7b0,,
ludcmp,cupy,default,initialization,observed,40.9051949349232,ludcmp,,1,1,08caec57fa049fbfa751e34e1064de164ddf556d58ef07942503bdb64d23c766,55b9887d27df7b3dc3b8b2e1875facca1a285d1891e4df442fdd18cc865cc7b0,,
mandelbrot1,numpy,default,initialization,observed,0.7361361598595977,mandelbrot1,,1,1,7ec93ae18ee3844a817e6cc0a79455bc5862c76f047319aefde16f510ddde641,498529c7a9dcc40ab333461ec82b7c16a88eb9014a98ba9ee2910dd66fb9e062,,
mandelbrot1,numba,nopython-mode,initialization,validation,,mandelbrot1,,0,0,7ec93ae18ee3844a817e6cc0a79455bc5862c76f047319aefde16f510ddde641,498529c7a9dcc40ab333461ec82b7c16a88eb9014a98ba9ee2910dd66fb9e062,,
mandelbrot1,numba,nopython-mode-parallel,initialization,validation,,mandelbrot1,,0,0,7ec93ae18ee3844a817e6cc0a79455bc5862c76f047319aefde16f510ddde641,498529c7a9dcc40ab333461ec82b7c16a88eb9014a98ba9ee2910dd66fb9e062,,
mandelbrot1,numba,nopython-mode-parallel-range,initialization,validation,,mandelbrot1,,0,0,7ec93ae18ee3844a817e6cc0a79455bc5862c76f047319aefde16f510ddde641,498529c7a9dcc40ab333461ec82b7c16a88eb9014a98ba9ee2910dd66fb9e062,,
mandelbrot1,numba,object-mode,initialization,observed,2.4166291560977697,mandelbrot1,,1,1,7ec93ae18ee3844a817e6cc0a79455bc5862c76f047319aefde16f510ddde641,498529c7a9dcc40ab333461ec82b7c16a88eb9014a98ba9ee2910dd66fb9e062,,
mandelbrot1,numba,object-mode-parallel,initialization,observed,2.1899723508395255,mandelbrot1,,1,1,7ec93ae18ee3844a817e6cc0a79455bc5862c76f047319aefde16f510ddde641,498529c7a9dcc40ab333461ec82b7c16a88eb9014a98ba9ee2910dd66fb9e062,,
mandelbrot1,numba,object-mode-parallel-range,initialization,N/A,,,,,,,,,
mandelbrot1,dace_cpu,fusion,initialization,validation,,mandelbrot1,,0,0,7ec93ae18ee3844a817e6cc0a79455bc5862c76f047319aefde16f510ddde641,498529c7a9dcc40ab333461ec82b7c16a88eb9014a98ba9ee2910dd66fb9e062,,
mandelbrot1,dace_cpu,parallel,initialization,validation,,mandelbrot1,,0,0,7ec93ae18ee3844a817e6cc0a79455bc5862c76f047319aefde16f510ddde641,498529c7a9dcc40ab333461ec82b7c16a88eb9014a98ba9ee2910dd66fb9e062,,
mandelbrot1,dace_cpu,auto_opt,initialization,validation,,mandelbrot1,,0,0,7ec93ae18ee3844a817e6cc0a79455bc5862c76f047319aefde16f510ddde641,498529c7a9dcc40ab333461ec82b7c16a88eb9014a98ba9ee2910dd66fb9e062,,
mandelbrot1,dace_gpu,fusion,initialization,validation,,mandelbrot1,,0,0,7ec93ae18ee3844a817e6cc0a79455bc5862c76f047319aefde16f510ddde641,498529c7a9dcc40ab333461ec82b7c16a88eb9014a98ba9ee2910dd66fb9e062,,
mandelbrot1,dace_gpu,parallel,initialization,validation,,mandelbrot1,,0,0,7ec93ae18ee3844a817e6cc0a79455bc5862c76f047319aefde16f510ddde641,498529c7a9dcc40ab333461ec82b7c16a88eb9014a98ba9ee2910dd66fb9e062,,
mandelbrot1,dace_gpu,auto_opt,initialization,validation,,mandelbrot1,,0,0,7ec93ae18ee3844a817e6cc0a79455bc5862c76f047319aefde16f510ddde641,498529c7a9dcc40ab333461ec82b7c16a88eb9014a98ba9ee2910dd66fb9e062,,
mandelbrot1,cupy,default,initialization,validation,,mandelbrot1,,0,0,7ec93ae18ee3844a817e6cc0a79455bc5862c76f047319aefde16f510ddde641,498529c7a9dcc40ab333461ec82b7c16a88eb9014a98ba9ee2910dd66fb9e062,,
mandelbrot2,numpy,default,initialization,observed,0.393826347310096,mandelbrot2,,1,1,7fb4071f3c8e581537c1201436e2e0f64673e094a239bc776fcd1d6c96095d69,e953c506eaf95aed1da28b70ad9b9cbb5c4d6ed77213ce344c94cdacbc5b6ae1,,
mandelbrot2,numba,nopython-mode,initialization,observed,2.9376358329318464,mandelbrot2,,1,1,7fb4071f3c8e581537c1201436e2e0f64673e094a239bc776fcd1d6c96095d69,e953c506eaf95aed1da28b70ad9b9cbb5c4d6ed77213ce344c94cdacbc5b6ae1,,
mandelbrot2,numba,nopython-mode-parallel,initialization,N/A,,,,,,,,,
mandelbrot2,numba,nopython-mode-parallel-range,initialization,N/A,,,,,,,,,
mandelbrot2,numba,object-mode,initialization,observed,2.3408714840188622,mandelbrot2,,1,1,7fb4071f3c8e581537c1201436e2e0f64673e094a239bc776fcd1d6c96095d69,e953c506eaf95aed1da28b70ad9b9cbb5c4d6ed77213ce344c94cdacbc5b6ae1,,
mandelbrot2,numba,object-mode-parallel,initialization,observed,2.11795953521505,mandelbrot2,,1,1,7fb4071f3c8e581537c1201436e2e0f64673e094a239bc776fcd1d6c96095d69,e953c506eaf95aed1da28b70ad9b9cbb5c4d6ed77213ce344c94cdacbc5b6ae1,,
mandelbrot2,numba,object-mode-parallel-range,initialization,N/A,,,,,,,,,
mandelbrot2,dace_cpu,fusion,initialization,error,,mandelbrot2,,0,0,7fb4071f3c8e581537c1201436e2e0f64673e094a239bc776fcd1d6c96095d69,e953c506eaf95aed1da28b70ad9b9cbb5c4d6ed77213ce344c94cdacbc5b6ae1,,
mandelbrot2,dace_cpu,parallel,initialization,error,,mandelbrot2,,0,0,7fb4071f3c8e581537c1201436e2e0f64673e094a239bc776fcd1d6c96095d69,e953c506eaf95aed1da28b70ad9b9cbb5c4d6ed77213ce344c94cdacbc5b6ae1,,
mandelbrot2,dace_cpu,auto_opt,initialization,error,,mandelbrot2,,0,0,7fb4071f3c8e581537c1201436e2e0f64673e094a239bc776fcd1d6c96095d69,e953c506eaf95aed1da28b70ad9b9cbb5c4d6ed77213ce344c94cdacbc5b6ae1,,
mandelbrot2,dace_gpu,fusion,initialization,error,,mandelbrot2,,0,0,7fb4071f3c8e581537c1201436e2e0f64673e094a239bc776fcd1d6c96095d69,e953c506eaf95aed1da28b70ad9b9cbb5c4d6ed77213ce344c94cdacbc5b6ae1,,
mandelbrot2,dace_gpu,parallel,initialization,error,,mandelbrot2,,0,0,7fb4071f3c8e581537c1201436e2e0f64673e094a239bc776fcd1d6c96095d69,e953c506eaf95aed1da28b70ad9b9cbb5c4d6ed77213ce344c94cdacbc5b6ae1,,
mandelbrot2,dace_gpu,auto_opt,initialization,error,,mandelbrot2,,0,0,7fb4071f3c8e581537c1201436e2e0f64673e094a239bc776fcd1d6c96095d69,e953c506eaf95aed1da28b70ad9b9cbb5c4d6ed77213ce344c94cdacbc5b6ae1,,
mandelbrot2,cupy,default,initialization,observed,3.266545271035284,mandelbrot2,,1,1,7fb4071f3c8e581537c1201436e2e0f64673e094a239bc776fcd1d6c96095d69,e953c506eaf95aed1da28b70ad9b9cbb5c4d6ed77213ce344c94cdacbc5b6ae1,,
mlp,numpy,default,initialization,observed,0.30217056116089225,mlp,,1,1,5a57834b626ad11a97469e2ed2472df251c3e8ff143b8d8d463672e399d900be,87c94f9c003ff974cd198163ffe2fd3948bacd6ba11c6c91faa770e7bcee04e9,,
mlp,numba,nopython-mode,initialization,observed,4.686780816875398,mlp_rowmax,,3,3,5a57834b626ad11a97469e2ed2472df251c3e8ff143b8d8d463672e399d900be,87c94f9c003ff974cd198163ffe2fd3948bacd6ba11c6c91faa770e7bcee04e9,,between_process_variability
mlp,numba,nopython-mode-parallel,initialization,observed,5.5300102713517845,mlp_rowmax,,3,3,5a57834b626ad11a97469e2ed2472df251c3e8ff143b8d8d463672e399d900be,87c94f9c003ff974cd198163ffe2fd3948bacd6ba11c6c91faa770e7bcee04e9,,
mlp,numba,nopython-mode-parallel-range,initialization,observed,5.666933577042073,mlp_rowmax,,3,3,5a57834b626ad11a97469e2ed2472df251c3e8ff143b8d8d463672e399d900be,87c94f9c003ff974cd198163ffe2fd3948bacd6ba11c6c91faa770e7bcee04e9,,
mlp,numba,object-mode,initialization,observed,2.0170405018143356,mlp,,1,1,5a57834b626ad11a97469e2ed2472df251c3e8ff143b8d8d463672e399d900be,87c94f9c003ff974cd198163ffe2fd3948bacd6ba11c6c91faa770e7bcee04e9,,
mlp,numba,object-mode-parallel,initialization,observed,0.72721943911165,mlp,,1,1,5a57834b626ad11a97469e2ed2472df251c3e8ff143b8d8d463672e399d900be,87c94f9c003ff974cd198163ffe2fd3948bacd6ba11c6c91faa770e7bcee04e9,,
mlp,numba,object-mode-parallel-range,initialization,N/A,,,,,,,,,
mlp,dace_cpu,fusion,initialization,observed,10.06669110013172,mlp,,1,1,5a57834b626ad11a97469e2ed2472df251c3e8ff143b8d8d463672e399d900be,87c94f9c003ff974cd198163ffe2fd3948bacd6ba11c6c91faa770e7bcee04e9,,
mlp,dace_cpu,parallel,initialization,observed,9.617677529808134,mlp,,1,1,5a57834b626ad11a97469e2ed2472df251c3e8ff143b8d8d463672e399d900be,87c94f9c003ff974cd198163ffe2fd3948bacd6ba11c6c91faa770e7bcee04e9,,
mlp,dace_cpu,auto_opt,initialization,observed,9.813369386829436,mlp,,1,1,5a57834b626ad11a97469e2ed2472df251c3e8ff143b8d8d463672e399d900be,87c94f9c003ff974cd198163ffe2fd3948bacd6ba11c6c91faa770e7bcee04e9,,
mlp,dace_gpu,fusion,initialization,observed,32.05190148204565,mlp,,1,1,5a57834b626ad11a97469e2ed2472df251c3e8ff143b8d8d463672e399d900be,87c94f9c003ff974cd198163ffe2fd3948bacd6ba11c6c91faa770e7bcee04e9,,
mlp,dace_gpu,parallel,initialization,observed,33.066156620159745,mlp,,1,1,5a57834b626ad11a97469e2ed2472df251c3e8ff143b8d8d463672e399d900be,87c94f9c003ff974cd198163ffe2fd3948bacd6ba11c6c91faa770e7bcee04e9,,
mlp,dace_gpu,auto_opt,initialization,observed,34.572569899261,mlp,,1,1,5a57834b626ad11a97469e2ed2472df251c3e8ff143b8d8d463672e399d900be,87c94f9c003ff974cd198163ffe2fd3948bacd6ba11c6c91faa770e7bcee04e9,,
mlp,cupy,default,initialization,observed,6.754996418021619,mlp,,1,1,5a57834b626ad11a97469e2ed2472df251c3e8ff143b8d8d463672e399d900be,87c94f9c003ff974cd198163ffe2fd3948bacd6ba11c6c91faa770e7bcee04e9,,
mvt,numpy,default,initialization,observed,0.14880966627970338,mvt,,1,1,6d38d7a7e4ccc0cd21261ff27458bbfec43022e90858441b148c763f459bdc05,31a7a541d3eb3d99e166c80b243812e6678c96f5f504254d1acff781fbc1da55,,
mvt,numba,nopython-mode,initialization,observed,2.142551082652062,mvt,,1,1,6d38d7a7e4ccc0cd21261ff27458bbfec43022e90858441b148c763f459bdc05,31a7a541d3eb3d99e166c80b243812e6678c96f5f504254d1acff781fbc1da55,,
mvt,numba,nopython-mode-parallel,initialization,observed,0.13332420634105802,mvt,,1,1,6d38d7a7e4ccc0cd21261ff27458bbfec43022e90858441b148c763f459bdc05,31a7a541d3eb3d99e166c80b243812e6678c96f5f504254d1acff781fbc1da55,,
mvt,numba,nopython-mode-parallel-range,initialization,N/A,,,,,,,,,
mvt,numba,object-mode,initialization,N/A,,,,,,,,,
mvt,numba,object-mode-parallel,initialization,N/A,,,,,,,,,
mvt,numba,object-mode-parallel-range,initialization,N/A,,,,,,,,,
mvt,dace_cpu,fusion,initialization,observed,8.019035278819501,mvt,,1,1,6d38d7a7e4ccc0cd21261ff27458bbfec43022e90858441b148c763f459bdc05,31a7a541d3eb3d99e166c80b243812e6678c96f5f504254d1acff781fbc1da55,,
mvt,dace_cpu,parallel,initialization,observed,8.117608161177486,mvt,,1,1,6d38d7a7e4ccc0cd21261ff27458bbfec43022e90858441b148c763f459bdc05,31a7a541d3eb3d99e166c80b243812e6678c96f5f504254d1acff781fbc1da55,,
mvt,dace_cpu,auto_opt,initialization,observed,7.8437756188213825,mvt,,1,1,6d38d7a7e4ccc0cd21261ff27458bbfec43022e90858441b148c763f459bdc05,31a7a541d3eb3d99e166c80b243812e6678c96f5f504254d1acff781fbc1da55,,
mvt,dace_gpu,fusion,initialization,observed,29.35436182981357,mvt,,1,1,6d38d7a7e4ccc0cd21261ff27458bbfec43022e90858441b148c763f459bdc05,31a7a541d3eb3d99e166c80b243812e6678c96f5f504254d1acff781fbc1da55,,
mvt,dace_gpu,parallel,initialization,observed,28.301522678229958,mvt,,1,1,6d38d7a7e4ccc0cd21261ff27458bbfec43022e90858441b148c763f459bdc05,31a7a541d3eb3d99e166c80b243812e6678c96f5f504254d1acff781fbc1da55,,
mvt,dace_gpu,auto_opt,initialization,observed,27.448345596902072,mvt,,1,1,6d38d7a7e4ccc0cd21261ff27458bbfec43022e90858441b148c763f459bdc05,31a7a541d3eb3d99e166c80b243812e6678c96f5f504254d1acff781fbc1da55,,
mvt,cupy,default,initialization,observed,3.424843600951135,mvt,,1,1,6d38d7a7e4ccc0cd21261ff27458bbfec43022e90858441b148c763f459bdc05,31a7a541d3eb3d99e166c80b243812e6678c96f5f504254d1acff781fbc1da55,,
nbody,numpy,default,initialization,validation,,nbody,,0,0,eb19dd29eced1356f5981ddd1d68235062b1cd0e3e730e4069acc2a4f30a6512,369f565b2cc3f4d1e7431a758f71f09b2fb5270f7b56b9b6b5de37373d88c636,,
nbody,numba,nopython-mode,initialization,validation,,nbody,,0,0,eb19dd29eced1356f5981ddd1d68235062b1cd0e3e730e4069acc2a4f30a6512,369f565b2cc3f4d1e7431a758f71f09b2fb5270f7b56b9b6b5de37373d88c636,,
nbody,numba,nopython-mode-parallel,initialization,N/A,,,,,,,,,
nbody,numba,nopython-mode-parallel-range,initialization,N/A,,,,,,,,,
nbody,numba,object-mode,initialization,validation,,nbody,,0,0,eb19dd29eced1356f5981ddd1d68235062b1cd0e3e730e4069acc2a4f30a6512,369f565b2cc3f4d1e7431a758f71f09b2fb5270f7b56b9b6b5de37373d88c636,,
nbody,numba,object-mode-parallel,initialization,validation,,nbody,,0,0,eb19dd29eced1356f5981ddd1d68235062b1cd0e3e730e4069acc2a4f30a6512,369f565b2cc3f4d1e7431a758f71f09b2fb5270f7b56b9b6b5de37373d88c636,,
nbody,numba,object-mode-parallel-range,initialization,N/A,,,,,,,,,
nbody,dace_cpu,fusion,initialization,validation,,nbody,,0,0,eb19dd29eced1356f5981ddd1d68235062b1cd0e3e730e4069acc2a4f30a6512,369f565b2cc3f4d1e7431a758f71f09b2fb5270f7b56b9b6b5de37373d88c636,,
nbody,dace_cpu,parallel,initialization,validation,,nbody,,0,0,eb19dd29eced1356f5981ddd1d68235062b1cd0e3e730e4069acc2a4f30a6512,369f565b2cc3f4d1e7431a758f71f09b2fb5270f7b56b9b6b5de37373d88c636,,
nbody,dace_cpu,auto_opt,initialization,validation,,nbody,,0,0,eb19dd29eced1356f5981ddd1d68235062b1cd0e3e730e4069acc2a4f30a6512,369f565b2cc3f4d1e7431a758f71f09b2fb5270f7b56b9b6b5de37373d88c636,,
nbody,dace_gpu,fusion,initialization,validation,,nbody,,0,0,eb19dd29eced1356f5981ddd1d68235062b1cd0e3e730e4069acc2a4f30a6512,369f565b2cc3f4d1e7431a758f71f09b2fb5270f7b56b9b6b5de37373d88c636,,
nbody,dace_gpu,parallel,initialization,validation,,nbody,,0,0,eb19dd29eced1356f5981ddd1d68235062b1cd0e3e730e4069acc2a4f30a6512,369f565b2cc3f4d1e7431a758f71f09b2fb5270f7b56b9b6b5de37373d88c636,,
nbody,dace_gpu,auto_opt,initialization,validation,,nbody,,0,0,eb19dd29eced1356f5981ddd1d68235062b1cd0e3e730e4069acc2a4f30a6512,369f565b2cc3f4d1e7431a758f71f09b2fb5270f7b56b9b6b5de37373d88c636,,
nbody,cupy,default,initialization,validation,,nbody,,0,0,eb19dd29eced1356f5981ddd1d68235062b1cd0e3e730e4069acc2a4f30a6512,369f565b2cc3f4d1e7431a758f71f09b2fb5270f7b56b9b6b5de37373d88c636,,
nussinov,numpy,default,initialization,observed,1.037553166039288,nussinov,,1,1,7de19d1b6c54c559477765ce530898d3c0e580b07d787f443f19ff85acf43418,05b880e157b9ee387cb9be1fa3b10e2f4efe7bed764c6b129b8b31ad87b8df2a,,
nussinov,numba,nopython-mode,initialization,observed,1.0347153428010643,nussinov,,1,1,7de19d1b6c54c559477765ce530898d3c0e580b07d787f443f19ff85acf43418,05b880e157b9ee387cb9be1fa3b10e2f4efe7bed764c6b129b8b31ad87b8df2a,,
nussinov,numba,nopython-mode-parallel,initialization,observed,1.883261158131063,nussinov,,1,1,7de19d1b6c54c559477765ce530898d3c0e580b07d787f443f19ff85acf43418,05b880e157b9ee387cb9be1fa3b10e2f4efe7bed764c6b129b8b31ad87b8df2a,,
nussinov,numba,nopython-mode-parallel-range,initialization,N/A,,,,,,,,,
nussinov,numba,object-mode,initialization,N/A,,,,,,,,,
nussinov,numba,object-mode-parallel,initialization,N/A,,,,,,,,,
nussinov,numba,object-mode-parallel-range,initialization,N/A,,,,,,,,,
nussinov,dace_cpu,fusion,initialization,observed,7.602158050052822,nussinov,,1,1,7de19d1b6c54c559477765ce530898d3c0e580b07d787f443f19ff85acf43418,05b880e157b9ee387cb9be1fa3b10e2f4efe7bed764c6b129b8b31ad87b8df2a,,
nussinov,dace_cpu,parallel,initialization,observed,7.553409188985825,nussinov,,1,1,7de19d1b6c54c559477765ce530898d3c0e580b07d787f443f19ff85acf43418,05b880e157b9ee387cb9be1fa3b10e2f4efe7bed764c6b129b8b31ad87b8df2a,,
nussinov,dace_cpu,auto_opt,initialization,observed,8.416657428722829,nussinov,,1,1,7de19d1b6c54c559477765ce530898d3c0e580b07d787f443f19ff85acf43418,05b880e157b9ee387cb9be1fa3b10e2f4efe7bed764c6b129b8b31ad87b8df2a,,
nussinov,dace_gpu,fusion,initialization,observed,74.79433048935607,nussinov,,1,1,7de19d1b6c54c559477765ce530898d3c0e580b07d787f443f19ff85acf43418,05b880e157b9ee387cb9be1fa3b10e2f4efe7bed764c6b129b8b31ad87b8df2a,,
nussinov,dace_gpu,parallel,initialization,observed,76.98463614610955,nussinov,,1,1,7de19d1b6c54c559477765ce530898d3c0e580b07d787f443f19ff85acf43418,05b880e157b9ee387cb9be1fa3b10e2f4efe7bed764c6b129b8b31ad87b8df2a,,
nussinov,dace_gpu,auto_opt,initialization,observed,80.35382881201804,nussinov,,1,1,7de19d1b6c54c559477765ce530898d3c0e580b07d787f443f19ff85acf43418,05b880e157b9ee387cb9be1fa3b10e2f4efe7bed764c6b129b8b31ad87b8df2a,,
nussinov,cupy,default,initialization,observed,83.5971072530374,nussinov,,1,1,7de19d1b6c54c559477765ce530898d3c0e580b07d787f443f19ff85acf43418,05b880e157b9ee387cb9be1fa3b10e2f4efe7bed764c6b129b8b31ad87b8df2a,,
resnet,numpy,default,initialization,observed,1.0153009011410177,resnet,,1,1,9c64e5659fe9a99f38dfdee95f8c4b5ec1e0daa0e4544948c4f88bb50e6edbfa,070b0fcd2b4f101302a58108dce79a6ea1d6fdbdf9be753fec768d1818ea7464,,
resnet,numba,nopython-mode,initialization,validation,,resnet,,0,0,9c64e5659fe9a99f38dfdee95f8c4b5ec1e0daa0e4544948c4f88bb50e6edbfa,070b0fcd2b4f101302a58108dce79a6ea1d6fdbdf9be753fec768d1818ea7464,,
resnet,numba,nopython-mode-parallel,initialization,validation,,resnet,,0,0,9c64e5659fe9a99f38dfdee95f8c4b5ec1e0daa0e4544948c4f88bb50e6edbfa,070b0fcd2b4f101302a58108dce79a6ea1d6fdbdf9be753fec768d1818ea7464,,
resnet,numba,nopython-mode-parallel-range,initialization,validation,,resnet,,0,0,9c64e5659fe9a99f38dfdee95f8c4b5ec1e0daa0e4544948c4f88bb50e6edbfa,070b0fcd2b4f101302a58108dce79a6ea1d6fdbdf9be753fec768d1818ea7464,,
resnet,numba,object-mode,initialization,error,,resnet,,0,0,9c64e5659fe9a99f38dfdee95f8c4b5ec1e0daa0e4544948c4f88bb50e6edbfa,070b0fcd2b4f101302a58108dce79a6ea1d6fdbdf9be753fec768d1818ea7464,,
resnet,numba,object-mode-parallel,initialization,error,,resnet,,0,0,9c64e5659fe9a99f38dfdee95f8c4b5ec1e0daa0e4544948c4f88bb50e6edbfa,070b0fcd2b4f101302a58108dce79a6ea1d6fdbdf9be753fec768d1818ea7464,,
resnet,numba,object-mode-parallel-range,initialization,observed,4.701267703436315,resnet,,1,1,9c64e5659fe9a99f38dfdee95f8c4b5ec1e0daa0e4544948c4f88bb50e6edbfa,070b0fcd2b4f101302a58108dce79a6ea1d6fdbdf9be753fec768d1818ea7464,,
resnet,dace_cpu,fusion,initialization,observed,19.134284674189985,resnet,,1,1,9c64e5659fe9a99f38dfdee95f8c4b5ec1e0daa0e4544948c4f88bb50e6edbfa,070b0fcd2b4f101302a58108dce79a6ea1d6fdbdf9be753fec768d1818ea7464,,
resnet,dace_cpu,parallel,initialization,observed,18.256665990687907,resnet,,1,1,9c64e5659fe9a99f38dfdee95f8c4b5ec1e0daa0e4544948c4f88bb50e6edbfa,070b0fcd2b4f101302a58108dce79a6ea1d6fdbdf9be753fec768d1818ea7464,,
resnet,dace_cpu,auto_opt,initialization,observed,17.649635599926114,resnet,,1,1,9c64e5659fe9a99f38dfdee95f8c4b5ec1e0daa0e4544948c4f88bb50e6edbfa,070b0fcd2b4f101302a58108dce79a6ea1d6fdbdf9be753fec768d1818ea7464,,
resnet,dace_gpu,fusion,initialization,validation,,resnet,,0,0,9c64e5659fe9a99f38dfdee95f8c4b5ec1e0daa0e4544948c4f88bb50e6edbfa,070b0fcd2b4f101302a58108dce79a6ea1d6fdbdf9be753fec768d1818ea7464,,
resnet,dace_gpu,parallel,initialization,error,,resnet,,0,0,9c64e5659fe9a99f38dfdee95f8c4b5ec1e0daa0e4544948c4f88bb50e6edbfa,070b0fcd2b4f101302a58108dce79a6ea1d6fdbdf9be753fec768d1818ea7464,,
resnet,dace_gpu,auto_opt,initialization,error,,resnet,,0,0,9c64e5659fe9a99f38dfdee95f8c4b5ec1e0daa0e4544948c4f88bb50e6edbfa,070b0fcd2b4f101302a58108dce79a6ea1d6fdbdf9be753fec768d1818ea7464,,
resnet,cupy,default,initialization,observed,4.610798355191946,resnet,,1,1,9c64e5659fe9a99f38dfdee95f8c4b5ec1e0daa0e4544948c4f88bb50e6edbfa,070b0fcd2b4f101302a58108dce79a6ea1d6fdbdf9be753fec768d1818ea7464,,
scattering_self_energies,numpy,default,initialization,observed,1.1205472480505705,scattering_self_energies,,1,1,dfe8b7a530913f54e6164d2f20cb5a63e6c95544a680629acde629144cff7caa,f7d4f3c7d50b72880addf25da02f47a077e25e5f288758e484adcbc85a181974,,
scattering_self_energies,numba,nopython-mode,initialization,observed,6.811039125081152,scattering_self_energies,,1,1,dfe8b7a530913f54e6164d2f20cb5a63e6c95544a680629acde629144cff7caa,f7d4f3c7d50b72880addf25da02f47a077e25e5f288758e484adcbc85a181974,,
scattering_self_energies,numba,nopython-mode-parallel,initialization,N/A,,,,,,,,,
scattering_self_energies,numba,nopython-mode-parallel-range,initialization,observed,6.814131252933294,scattering_self_energies,,1,1,dfe8b7a530913f54e6164d2f20cb5a63e6c95544a680629acde629144cff7caa,f7d4f3c7d50b72880addf25da02f47a077e25e5f288758e484adcbc85a181974,,
scattering_self_energies,numba,object-mode,initialization,N/A,,,,,,,,,
scattering_self_energies,numba,object-mode-parallel,initialization,N/A,,,,,,,,,
scattering_self_energies,numba,object-mode-parallel-range,initialization,N/A,,,,,,,,,
scattering_self_energies,dace_cpu,fusion,initialization,observed,16.625836399383843,scattering_self_energies,,1,1,dfe8b7a530913f54e6164d2f20cb5a63e6c95544a680629acde629144cff7caa,f7d4f3c7d50b72880addf25da02f47a077e25e5f288758e484adcbc85a181974,,
scattering_self_energies,dace_cpu,parallel,initialization,observed,16.56544102076441,scattering_self_energies,,1,1,dfe8b7a530913f54e6164d2f20cb5a63e6c95544a680629acde629144cff7caa,f7d4f3c7d50b72880addf25da02f47a077e25e5f288758e484adcbc85a181974,,
scattering_self_energies,dace_cpu,auto_opt,initialization,observed,18.969248744193465,scattering_self_energies,,1,1,dfe8b7a530913f54e6164d2f20cb5a63e6c95544a680629acde629144cff7caa,f7d4f3c7d50b72880addf25da02f47a077e25e5f288758e484adcbc85a181974,,
scattering_self_energies,dace_gpu,fusion,initialization,observed,34.81004026532173,scattering_self_energies,,1,1,dfe8b7a530913f54e6164d2f20cb5a63e6c95544a680629acde629144cff7caa,f7d4f3c7d50b72880addf25da02f47a077e25e5f288758e484adcbc85a181974,,
scattering_self_energies,dace_gpu,parallel,initialization,observed,34.21574733313173,scattering_self_energies,,1,1,dfe8b7a530913f54e6164d2f20cb5a63e6c95544a680629acde629144cff7caa,f7d4f3c7d50b72880addf25da02f47a077e25e5f288758e484adcbc85a181974,,
scattering_self_energies,dace_gpu,auto_opt,initialization,observed,33.709098272025585,scattering_self_energies,,1,1,dfe8b7a530913f54e6164d2f20cb5a63e6c95544a680629acde629144cff7caa,f7d4f3c7d50b72880addf25da02f47a077e25e5f288758e484adcbc85a181974,,
scattering_self_energies,cupy,default,initialization,observed,13.473704956006259,scattering_self_energies,,1,1,dfe8b7a530913f54e6164d2f20cb5a63e6c95544a680629acde629144cff7caa,f7d4f3c7d50b72880addf25da02f47a077e25e5f288758e484adcbc85a181974,,
seidel_2d,numpy,default,initialization,observed,1.0712013537995517,seidel_2d,,1,1,ee1919384d25883ff17bfcdb49d28a5d6dabc6f97d12c672811043a4107874a9,6d10c80c878e92ea3bdd4f0a16c473438b233d1989ed5a8d0f8d1356e6d0b32b,,
seidel_2d,numba,nopython-mode,initialization,observed,3.192523478064686,seidel_2d,,1,1,ee1919384d25883ff17bfcdb49d28a5d6dabc6f97d12c672811043a4107874a9,6d10c80c878e92ea3bdd4f0a16c473438b233d1989ed5a8d0f8d1356e6d0b32b,,
seidel_2d,numba,nopython-mode-parallel,initialization,validation,,seidel_2d,,0,0,ee1919384d25883ff17bfcdb49d28a5d6dabc6f97d12c672811043a4107874a9,6d10c80c878e92ea3bdd4f0a16c473438b233d1989ed5a8d0f8d1356e6d0b32b,,
seidel_2d,numba,nopython-mode-parallel-range,initialization,N/A,,,,,,,,,
seidel_2d,numba,object-mode,initialization,N/A,,,,,,,,,
seidel_2d,numba,object-mode-parallel,initialization,N/A,,,,,,,,,
seidel_2d,numba,object-mode-parallel-range,initialization,N/A,,,,,,,,,
seidel_2d,dace_cpu,fusion,initialization,observed,12.104492409154773,seidel_2d,,1,1,ee1919384d25883ff17bfcdb49d28a5d6dabc6f97d12c672811043a4107874a9,6d10c80c878e92ea3bdd4f0a16c473438b233d1989ed5a8d0f8d1356e6d0b32b,,
seidel_2d,dace_cpu,parallel,initialization,observed,8.09411391057074,seidel_2d,,1,1,ee1919384d25883ff17bfcdb49d28a5d6dabc6f97d12c672811043a4107874a9,6d10c80c878e92ea3bdd4f0a16c473438b233d1989ed5a8d0f8d1356e6d0b32b,,
seidel_2d,dace_cpu,auto_opt,initialization,observed,9.444131677038968,seidel_2d,,1,1,ee1919384d25883ff17bfcdb49d28a5d6dabc6f97d12c672811043a4107874a9,6d10c80c878e92ea3bdd4f0a16c473438b233d1989ed5a8d0f8d1356e6d0b32b,,
seidel_2d,dace_gpu,fusion,initialization,observed,47.393972070887685,seidel_2d,,1,1,ee1919384d25883ff17bfcdb49d28a5d6dabc6f97d12c672811043a4107874a9,6d10c80c878e92ea3bdd4f0a16c473438b233d1989ed5a8d0f8d1356e6d0b32b,,
seidel_2d,dace_gpu,parallel,initialization,observed,49.76919958461076,seidel_2d,,1,1,ee1919384d25883ff17bfcdb49d28a5d6dabc6f97d12c672811043a4107874a9,6d10c80c878e92ea3bdd4f0a16c473438b233d1989ed5a8d0f8d1356e6d0b32b,,
seidel_2d,dace_gpu,auto_opt,initialization,observed,48.88607633206993,seidel_2d,,1,1,ee1919384d25883ff17bfcdb49d28a5d6dabc6f97d12c672811043a4107874a9,6d10c80c878e92ea3bdd4f0a16c473438b233d1989ed5a8d0f8d1356e6d0b32b,,
seidel_2d,cupy,default,initialization,observed,43.65656332205981,seidel_2d,,1,1,ee1919384d25883ff17bfcdb49d28a5d6dabc6f97d12c672811043a4107874a9,6d10c80c878e92ea3bdd4f0a16c473438b233d1989ed5a8d0f8d1356e6d0b32b,,
softmax,numpy,default,initialization,observed,0.9853595881722867,softmax,,1,1,4c2cc8073ef8741ed9febc8a4ff62219351eab9b80f103f3f9ef78cbfb3d3a24,2fcf9437c28756a764115316372f1c170da55c13fa29321255a7dcc2a7583c80,,
softmax,numba,nopython-mode,initialization,observed,17.431252031587064,softmax,,1,1,4c2cc8073ef8741ed9febc8a4ff62219351eab9b80f103f3f9ef78cbfb3d3a24,2fcf9437c28756a764115316372f1c170da55c13fa29321255a7dcc2a7583c80,,
softmax,numba,nopython-mode-parallel,initialization,observed,10.118999214842916,softmax,,1,1,4c2cc8073ef8741ed9febc8a4ff62219351eab9b80f103f3f9ef78cbfb3d3a24,2fcf9437c28756a764115316372f1c170da55c13fa29321255a7dcc2a7583c80,,
softmax,numba,nopython-mode-parallel-range,initialization,observed,9.117478166241199,softmax,,1,1,4c2cc8073ef8741ed9febc8a4ff62219351eab9b80f103f3f9ef78cbfb3d3a24,2fcf9437c28756a764115316372f1c170da55c13fa29321255a7dcc2a7583c80,,
softmax,numba,object-mode,initialization,observed,2.0915191122330725,softmax,,1,1,4c2cc8073ef8741ed9febc8a4ff62219351eab9b80f103f3f9ef78cbfb3d3a24,2fcf9437c28756a764115316372f1c170da55c13fa29321255a7dcc2a7583c80,,
softmax,numba,object-mode-parallel,initialization,observed,1.9232904752716422,softmax,,1,1,4c2cc8073ef8741ed9febc8a4ff62219351eab9b80f103f3f9ef78cbfb3d3a24,2fcf9437c28756a764115316372f1c170da55c13fa29321255a7dcc2a7583c80,,
softmax,numba,object-mode-parallel-range,initialization,N/A,,,,,,,,,
softmax,dace_cpu,fusion,initialization,observed,132.58057712996379,softmax,,1,1,4c2cc8073ef8741ed9febc8a4ff62219351eab9b80f103f3f9ef78cbfb3d3a24,2fcf9437c28756a764115316372f1c170da55c13fa29321255a7dcc2a7583c80,,
softmax,dace_cpu,parallel,initialization,observed,132.69706842303276,softmax,,1,1,4c2cc8073ef8741ed9febc8a4ff62219351eab9b80f103f3f9ef78cbfb3d3a24,2fcf9437c28756a764115316372f1c170da55c13fa29321255a7dcc2a7583c80,,
softmax,dace_cpu,auto_opt,initialization,observed,129.03222173498943,softmax,,1,1,4c2cc8073ef8741ed9febc8a4ff62219351eab9b80f103f3f9ef78cbfb3d3a24,2fcf9437c28756a764115316372f1c170da55c13fa29321255a7dcc2a7583c80,,
softmax,dace_gpu,fusion,initialization,observed,25.266033546067774,softmax,,1,1,4c2cc8073ef8741ed9febc8a4ff62219351eab9b80f103f3f9ef78cbfb3d3a24,2fcf9437c28756a764115316372f1c170da55c13fa29321255a7dcc2a7583c80,,
softmax,dace_gpu,parallel,initialization,observed,25.639057566877455,softmax,,1,1,4c2cc8073ef8741ed9febc8a4ff62219351eab9b80f103f3f9ef78cbfb3d3a24,2fcf9437c28756a764115316372f1c170da55c13fa29321255a7dcc2a7583c80,,
softmax,dace_gpu,auto_opt,initialization,observed,25.71525832777843,softmax,,1,1,4c2cc8073ef8741ed9febc8a4ff62219351eab9b80f103f3f9ef78cbfb3d3a24,2fcf9437c28756a764115316372f1c170da55c13fa29321255a7dcc2a7583c80,,
softmax,cupy,default,initialization,observed,2.007953512016684,softmax,,1,1,4c2cc8073ef8741ed9febc8a4ff62219351eab9b80f103f3f9ef78cbfb3d3a24,2fcf9437c28756a764115316372f1c170da55c13fa29321255a7dcc2a7583c80,,
spmv,numpy,default,initialization,observed,1.0353514971211553,spmv,,1,1,da225492dbcd662f48fe5c413e0af07e8fbf1265c8b2c20e9564383e2e55d8ad,830b22cd03e41feb9b883b4b8fc754402901ac74dc9f607cfa3a81bdc5787389,,
spmv,numba,nopython-mode,initialization,observed,0.901435995940119,spmv,,1,1,da225492dbcd662f48fe5c413e0af07e8fbf1265c8b2c20e9564383e2e55d8ad,830b22cd03e41feb9b883b4b8fc754402901ac74dc9f607cfa3a81bdc5787389,,
spmv,numba,nopython-mode-parallel,initialization,observed,0.9047066648490727,spmv,,1,1,da225492dbcd662f48fe5c413e0af07e8fbf1265c8b2c20e9564383e2e55d8ad,830b22cd03e41feb9b883b4b8fc754402901ac74dc9f607cfa3a81bdc5787389,,
spmv,numba,nopython-mode-parallel-range,initialization,observed,1.5283950609155,spmv,,1,1,da225492dbcd662f48fe5c413e0af07e8fbf1265c8b2c20e9564383e2e55d8ad,830b22cd03e41feb9b883b4b8fc754402901ac74dc9f607cfa3a81bdc5787389,,
spmv,numba,object-mode,initialization,N/A,,,,,,,,,
spmv,numba,object-mode-parallel,initialization,N/A,,,,,,,,,
spmv,numba,object-mode-parallel-range,initialization,N/A,,,,,,,,,
spmv,dace_cpu,fusion,initialization,observed,18.95263891434297,spmv,,1,1,da225492dbcd662f48fe5c413e0af07e8fbf1265c8b2c20e9564383e2e55d8ad,830b22cd03e41feb9b883b4b8fc754402901ac74dc9f607cfa3a81bdc5787389,,
spmv,dace_cpu,parallel,initialization,observed,8.365361483767629,spmv,,1,1,da225492dbcd662f48fe5c413e0af07e8fbf1265c8b2c20e9564383e2e55d8ad,830b22cd03e41feb9b883b4b8fc754402901ac74dc9f607cfa3a81bdc5787389,,
spmv,dace_cpu,auto_opt,initialization,observed,8.119165342766792,spmv,,1,1,da225492dbcd662f48fe5c413e0af07e8fbf1265c8b2c20e9564383e2e55d8ad,830b22cd03e41feb9b883b4b8fc754402901ac74dc9f607cfa3a81bdc5787389,,
spmv,dace_gpu,fusion,initialization,observed,76.37172489007935,spmv,,1,1,da225492dbcd662f48fe5c413e0af07e8fbf1265c8b2c20e9564383e2e55d8ad,830b22cd03e41feb9b883b4b8fc754402901ac74dc9f607cfa3a81bdc5787389,,
spmv,dace_gpu,parallel,initialization,observed,24.482417160179466,spmv,,1,1,da225492dbcd662f48fe5c413e0af07e8fbf1265c8b2c20e9564383e2e55d8ad,830b22cd03e41feb9b883b4b8fc754402901ac74dc9f607cfa3a81bdc5787389,,
spmv,dace_gpu,auto_opt,initialization,observed,24.261024232953787,spmv,,1,1,da225492dbcd662f48fe5c413e0af07e8fbf1265c8b2c20e9564383e2e55d8ad,830b22cd03e41feb9b883b4b8fc754402901ac74dc9f607cfa3a81bdc5787389,,
spmv,cupy,default,initialization,observed,49.15039758896455,spmv,,1,1,da225492dbcd662f48fe5c413e0af07e8fbf1265c8b2c20e9564383e2e55d8ad,830b22cd03e41feb9b883b4b8fc754402901ac74dc9f607cfa3a81bdc5787389,,
stockham_fft,numpy,default,initialization,observed,0.9943697666749358,stockham_fft,,1,1,6d6ff6409e820c0b1abb2d24a7ede6af7390464b8d347a4cba678562e2b4f111,f6c4acc3fcbed6678c4fad72d834895ca7156ce67f7538ebe2242ed208af3254,,
stockham_fft,numba,nopython-mode,initialization,observed,10.626992653589696,stockham_fft,,1,1,6d6ff6409e820c0b1abb2d24a7ede6af7390464b8d347a4cba678562e2b4f111,f6c4acc3fcbed6678c4fad72d834895ca7156ce67f7538ebe2242ed208af3254,,
stockham_fft,numba,nopython-mode-parallel,initialization,observed,495.4024904877879,stockham_fft,,1,1,6d6ff6409e820c0b1abb2d24a7ede6af7390464b8d347a4cba678562e2b4f111,f6c4acc3fcbed6678c4fad72d834895ca7156ce67f7538ebe2242ed208af3254,,
stockham_fft,numba,nopython-mode-parallel-range,initialization,observed,15.765964715275913,stockham_fft,,1,1,6d6ff6409e820c0b1abb2d24a7ede6af7390464b8d347a4cba678562e2b4f111,f6c4acc3fcbed6678c4fad72d834895ca7156ce67f7538ebe2242ed208af3254,,
stockham_fft,numba,object-mode,initialization,observed,7.512921472080052,stockham_fft,,1,1,6d6ff6409e820c0b1abb2d24a7ede6af7390464b8d347a4cba678562e2b4f111,f6c4acc3fcbed6678c4fad72d834895ca7156ce67f7538ebe2242ed208af3254,,
stockham_fft,numba,object-mode-parallel,initialization,observed,8.430784314870834,stockham_fft,,1,1,6d6ff6409e820c0b1abb2d24a7ede6af7390464b8d347a4cba678562e2b4f111,f6c4acc3fcbed6678c4fad72d834895ca7156ce67f7538ebe2242ed208af3254,,
stockham_fft,numba,object-mode-parallel-range,initialization,N/A,,,,,,,,,
stockham_fft,dace_cpu,fusion,initialization,error,,stockham_fft,,0,0,6d6ff6409e820c0b1abb2d24a7ede6af7390464b8d347a4cba678562e2b4f111,f6c4acc3fcbed6678c4fad72d834895ca7156ce67f7538ebe2242ed208af3254,,
stockham_fft,dace_cpu,parallel,initialization,error,,stockham_fft,,0,0,6d6ff6409e820c0b1abb2d24a7ede6af7390464b8d347a4cba678562e2b4f111,f6c4acc3fcbed6678c4fad72d834895ca7156ce67f7538ebe2242ed208af3254,,
stockham_fft,dace_cpu,auto_opt,initialization,error,,stockham_fft,,0,0,6d6ff6409e820c0b1abb2d24a7ede6af7390464b8d347a4cba678562e2b4f111,f6c4acc3fcbed6678c4fad72d834895ca7156ce67f7538ebe2242ed208af3254,,
stockham_fft,dace_gpu,fusion,initialization,error,,stockham_fft,,0,0,6d6ff6409e820c0b1abb2d24a7ede6af7390464b8d347a4cba678562e2b4f111,f6c4acc3fcbed6678c4fad72d834895ca7156ce67f7538ebe2242ed208af3254,,
stockham_fft,dace_gpu,parallel,initialization,error,,stockham_fft,,0,0,6d6ff6409e820c0b1abb2d24a7ede6af7390464b8d347a4cba678562e2b4f111,f6c4acc3fcbed6678c4fad72d834895ca7156ce67f7538ebe2242ed208af3254,,
stockham_fft,dace_gpu,auto_opt,initialization,error,,stockham_fft,,0,0,6d6ff6409e820c0b1abb2d24a7ede6af7390464b8d347a4cba678562e2b4f111,f6c4acc3fcbed6678c4fad72d834895ca7156ce67f7538ebe2242ed208af3254,,
stockham_fft,cupy,default,initialization,observed,2.556117749772966,stockham_fft,,1,1,6d6ff6409e820c0b1abb2d24a7ede6af7390464b8d347a4cba678562e2b4f111,f6c4acc3fcbed6678c4fad72d834895ca7156ce67f7538ebe2242ed208af3254,,
symm,numpy,default,initialization,observed,1.0982685312628746,symm,,1,1,9a79ab11f86fec484ee78c92c02c8f9588bcdd801caf9345beae289adb5ce087,c983fe23aab1369b59df067f61f46c516f426a2b0a1ea8bdc3779352f6c91630,,
symm,numba,nopython-mode,initialization,observed,3.4068369367159903,symm,,1,1,9a79ab11f86fec484ee78c92c02c8f9588bcdd801caf9345beae289adb5ce087,c983fe23aab1369b59df067f61f46c516f426a2b0a1ea8bdc3779352f6c91630,,
symm,numba,nopython-mode-parallel,initialization,N/A,,,,,,,,,
symm,numba,nopython-mode-parallel-range,initialization,observed,4.893575239926577,symm,,1,1,9a79ab11f86fec484ee78c92c02c8f9588bcdd801caf9345beae289adb5ce087,c983fe23aab1369b59df067f61f46c516f426a2b0a1ea8bdc3779352f6c91630,,
symm,numba,object-mode,initialization,N/A,,,,,,,,,
symm,numba,object-mode-parallel,initialization,N/A,,,,,,,,,
symm,numba,object-mode-parallel-range,initialization,N/A,,,,,,,,,
symm,dace_cpu,fusion,initialization,observed,13.852508843876421,symm,,1,1,9a79ab11f86fec484ee78c92c02c8f9588bcdd801caf9345beae289adb5ce087,c983fe23aab1369b59df067f61f46c516f426a2b0a1ea8bdc3779352f6c91630,,
symm,dace_cpu,parallel,initialization,observed,15.264435464981943,symm,,1,1,9a79ab11f86fec484ee78c92c02c8f9588bcdd801caf9345beae289adb5ce087,c983fe23aab1369b59df067f61f46c516f426a2b0a1ea8bdc3779352f6c91630,,
symm,dace_cpu,auto_opt,initialization,observed,16.55990988900885,symm,,1,1,9a79ab11f86fec484ee78c92c02c8f9588bcdd801caf9345beae289adb5ce087,c983fe23aab1369b59df067f61f46c516f426a2b0a1ea8bdc3779352f6c91630,,
symm,dace_gpu,fusion,initialization,observed,31.0815694979392,symm,,1,1,9a79ab11f86fec484ee78c92c02c8f9588bcdd801caf9345beae289adb5ce087,c983fe23aab1369b59df067f61f46c516f426a2b0a1ea8bdc3779352f6c91630,,
symm,dace_gpu,parallel,initialization,observed,31.084322485607117,symm,,1,1,9a79ab11f86fec484ee78c92c02c8f9588bcdd801caf9345beae289adb5ce087,c983fe23aab1369b59df067f61f46c516f426a2b0a1ea8bdc3779352f6c91630,,
symm,dace_gpu,auto_opt,initialization,observed,31.00928775407374,symm,,1,1,9a79ab11f86fec484ee78c92c02c8f9588bcdd801caf9345beae289adb5ce087,c983fe23aab1369b59df067f61f46c516f426a2b0a1ea8bdc3779352f6c91630,,
symm,cupy,default,initialization,observed,27.33446105895564,symm,,1,1,9a79ab11f86fec484ee78c92c02c8f9588bcdd801caf9345beae289adb5ce087,c983fe23aab1369b59df067f61f46c516f426a2b0a1ea8bdc3779352f6c91630,,
syr2k,numpy,default,initialization,observed,1.2871588137932122,syr2k,,1,1,e7abbc19895a88befab489211bc20dc301be2dede982f39fba4c4f210583f274,4eed4ab152ea49c0a4cdf942787319238e4b8903146da60692ca376422fc8502,,
syr2k,numba,nopython-mode,initialization,observed,3.2902804533950984,syr2k,,1,1,e7abbc19895a88befab489211bc20dc301be2dede982f39fba4c4f210583f274,4eed4ab152ea49c0a4cdf942787319238e4b8903146da60692ca376422fc8502,,
syr2k,numba,nopython-mode-parallel,initialization,N/A,,,,,,,,,
syr2k,numba,nopython-mode-parallel-range,initialization,N/A,,,,,,,,,
syr2k,numba,object-mode,initialization,N/A,,,,,,,,,
syr2k,numba,object-mode-parallel,initialization,N/A,,,,,,,,,
syr2k,numba,object-mode-parallel-range,initialization,N/A,,,,,,,,,
syr2k,dace_cpu,fusion,initialization,observed,19.57628774829209,syr2k,,1,1,e7abbc19895a88befab489211bc20dc301be2dede982f39fba4c4f210583f274,4eed4ab152ea49c0a4cdf942787319238e4b8903146da60692ca376422fc8502,,
syr2k,dace_cpu,parallel,initialization,observed,12.258277501910925,syr2k,,1,1,e7abbc19895a88befab489211bc20dc301be2dede982f39fba4c4f210583f274,4eed4ab152ea49c0a4cdf942787319238e4b8903146da60692ca376422fc8502,,
syr2k,dace_cpu,auto_opt,initialization,observed,12.340764577966183,syr2k,,1,1,e7abbc19895a88befab489211bc20dc301be2dede982f39fba4c4f210583f274,4eed4ab152ea49c0a4cdf942787319238e4b8903146da60692ca376422fc8502,,
syr2k,dace_gpu,fusion,initialization,observed,29.85969970189035,syr2k,,1,1,e7abbc19895a88befab489211bc20dc301be2dede982f39fba4c4f210583f274,4eed4ab152ea49c0a4cdf942787319238e4b8903146da60692ca376422fc8502,,
syr2k,dace_gpu,parallel,initialization,observed,29.329762999899685,syr2k,,1,1,e7abbc19895a88befab489211bc20dc301be2dede982f39fba4c4f210583f274,4eed4ab152ea49c0a4cdf942787319238e4b8903146da60692ca376422fc8502,,
syr2k,dace_gpu,auto_opt,initialization,observed,30.728303954936564,syr2k,,1,1,e7abbc19895a88befab489211bc20dc301be2dede982f39fba4c4f210583f274,4eed4ab152ea49c0a4cdf942787319238e4b8903146da60692ca376422fc8502,,
syr2k,cupy,default,initialization,observed,15.769932680297643,syr2k,,1,1,e7abbc19895a88befab489211bc20dc301be2dede982f39fba4c4f210583f274,4eed4ab152ea49c0a4cdf942787319238e4b8903146da60692ca376422fc8502,,
syrk,numpy,default,initialization,observed,1.1201689317822456,syrk,,1,1,92484da5155c3406ad7a24b9d17a47e4e5ea9277c45b375c935d26bea371609c,c9125e156aac0f0083fa4d941c44b5e500809f7d0e4096cfd309983aa1701894,,
syrk,numba,nopython-mode,initialization,observed,3.484825688879937,syrk,,1,1,92484da5155c3406ad7a24b9d17a47e4e5ea9277c45b375c935d26bea371609c,c9125e156aac0f0083fa4d941c44b5e500809f7d0e4096cfd309983aa1701894,,
syrk,numba,nopython-mode-parallel,initialization,N/A,,,,,,,,,
syrk,numba,nopython-mode-parallel-range,initialization,N/A,,,,,,,,,
syrk,numba,object-mode,initialization,N/A,,,,,,,,,
syrk,numba,object-mode-parallel,initialization,N/A,,,,,,,,,
syrk,numba,object-mode-parallel-range,initialization,N/A,,,,,,,,,
syrk,dace_cpu,fusion,initialization,observed,18.342617716174573,syrk,,1,1,92484da5155c3406ad7a24b9d17a47e4e5ea9277c45b375c935d26bea371609c,c9125e156aac0f0083fa4d941c44b5e500809f7d0e4096cfd309983aa1701894,,
syrk,dace_cpu,parallel,initialization,observed,15.515250287950039,syrk,,1,1,92484da5155c3406ad7a24b9d17a47e4e5ea9277c45b375c935d26bea371609c,c9125e156aac0f0083fa4d941c44b5e500809f7d0e4096cfd309983aa1701894,,
syrk,dace_cpu,auto_opt,initialization,observed,25.357539963908494,syrk,,1,1,92484da5155c3406ad7a24b9d17a47e4e5ea9277c45b375c935d26bea371609c,c9125e156aac0f0083fa4d941c44b5e500809f7d0e4096cfd309983aa1701894,,
syrk,dace_gpu,fusion,initialization,observed,27.86460325308144,syrk,,1,1,92484da5155c3406ad7a24b9d17a47e4e5ea9277c45b375c935d26bea371609c,c9125e156aac0f0083fa4d941c44b5e500809f7d0e4096cfd309983aa1701894,,
syrk,dace_gpu,parallel,initialization,observed,26.860819813329726,syrk,,1,1,92484da5155c3406ad7a24b9d17a47e4e5ea9277c45b375c935d26bea371609c,c9125e156aac0f0083fa4d941c44b5e500809f7d0e4096cfd309983aa1701894,,
syrk,dace_gpu,auto_opt,initialization,observed,27.349548561964184,syrk,,1,1,92484da5155c3406ad7a24b9d17a47e4e5ea9277c45b375c935d26bea371609c,c9125e156aac0f0083fa4d941c44b5e500809f7d0e4096cfd309983aa1701894,,
syrk,cupy,default,initialization,observed,17.87904472509399,syrk,,1,1,92484da5155c3406ad7a24b9d17a47e4e5ea9277c45b375c935d26bea371609c,c9125e156aac0f0083fa4d941c44b5e500809f7d0e4096cfd309983aa1701894,,
trisolv,numpy,default,initialization,observed,0.1254898183979094,trisolv,,1,1,4f5471ef60c1579f85ae344ab83c59b28f7f210b0a535e59616ed8d3e93dce87,2ef566c3a7e8536e3be1ae3aaac85d9a03f4836c00d28326cc70cf2e8147fdb1,,
trisolv,numba,nopython-mode,initialization,observed,0.9728491599671543,trisolv,,1,1,4f5471ef60c1579f85ae344ab83c59b28f7f210b0a535e59616ed8d3e93dce87,2ef566c3a7e8536e3be1ae3aaac85d9a03f4836c00d28326cc70cf2e8147fdb1,,
trisolv,numba,nopython-mode-parallel,initialization,observed,0.5424559023231268,trisolv,,1,1,4f5471ef60c1579f85ae344ab83c59b28f7f210b0a535e59616ed8d3e93dce87,2ef566c3a7e8536e3be1ae3aaac85d9a03f4836c00d28326cc70cf2e8147fdb1,,
trisolv,numba,nopython-mode-parallel-range,initialization,N/A,,,,,,,,,
trisolv,numba,object-mode,initialization,N/A,,,,,,,,,
trisolv,numba,object-mode-parallel,initialization,N/A,,,,,,,,,
trisolv,numba,object-mode-parallel-range,initialization,N/A,,,,,,,,,
trisolv,dace_cpu,fusion,initialization,observed,7.99218431301415,trisolv,,1,1,4f5471ef60c1579f85ae344ab83c59b28f7f210b0a535e59616ed8d3e93dce87,2ef566c3a7e8536e3be1ae3aaac85d9a03f4836c00d28326cc70cf2e8147fdb1,,
trisolv,dace_cpu,parallel,initialization,observed,7.415661205071956,trisolv,,1,1,4f5471ef60c1579f85ae344ab83c59b28f7f210b0a535e59616ed8d3e93dce87,2ef566c3a7e8536e3be1ae3aaac85d9a03f4836c00d28326cc70cf2e8147fdb1,,
trisolv,dace_cpu,auto_opt,initialization,observed,7.926291062962264,trisolv,,1,1,4f5471ef60c1579f85ae344ab83c59b28f7f210b0a535e59616ed8d3e93dce87,2ef566c3a7e8536e3be1ae3aaac85d9a03f4836c00d28326cc70cf2e8147fdb1,,
trisolv,dace_gpu,fusion,initialization,observed,25.902279714122415,trisolv,,1,1,4f5471ef60c1579f85ae344ab83c59b28f7f210b0a535e59616ed8d3e93dce87,2ef566c3a7e8536e3be1ae3aaac85d9a03f4836c00d28326cc70cf2e8147fdb1,,
trisolv,dace_gpu,parallel,initialization,observed,28.50410772766918,trisolv,,1,1,4f5471ef60c1579f85ae344ab83c59b28f7f210b0a535e59616ed8d3e93dce87,2ef566c3a7e8536e3be1ae3aaac85d9a03f4836c00d28326cc70cf2e8147fdb1,,
trisolv,dace_gpu,auto_opt,initialization,observed,27.254752072971314,trisolv,,1,1,4f5471ef60c1579f85ae344ab83c59b28f7f210b0a535e59616ed8d3e93dce87,2ef566c3a7e8536e3be1ae3aaac85d9a03f4836c00d28326cc70cf2e8147fdb1,,
trisolv,cupy,default,initialization,observed,2.9954309170134366,trisolv,,1,1,4f5471ef60c1579f85ae344ab83c59b28f7f210b0a535e59616ed8d3e93dce87,2ef566c3a7e8536e3be1ae3aaac85d9a03f4836c00d28326cc70cf2e8147fdb1,,
trmm,numpy,default,initialization,observed,1.1364069366827607,trmm,,1,1,3f94b2a3aeb62dabee33d3188a61d501e42975b8a01970dd7d3717b65c060956,9168af76f7b62c6873ac45e920743c46191f055c32ee6a1f1df2aba5ab399d7e,,
trmm,numba,nopython-mode,initialization,observed,1.3523548902012408,trmm,,1,1,3f94b2a3aeb62dabee33d3188a61d501e42975b8a01970dd7d3717b65c060956,9168af76f7b62c6873ac45e920743c46191f055c32ee6a1f1df2aba5ab399d7e,,
trmm,numba,nopython-mode-parallel,initialization,N/A,,,,,,,,,
trmm,numba,nopython-mode-parallel-range,initialization,observed,2.045079145114869,trmm,,1,1,3f94b2a3aeb62dabee33d3188a61d501e42975b8a01970dd7d3717b65c060956,9168af76f7b62c6873ac45e920743c46191f055c32ee6a1f1df2aba5ab399d7e,,
trmm,numba,object-mode,initialization,N/A,,,,,,,,,
trmm,numba,object-mode-parallel,initialization,N/A,,,,,,,,,
trmm,numba,object-mode-parallel-range,initialization,N/A,,,,,,,,,
trmm,dace_cpu,fusion,initialization,observed,8.06083415215835,trmm,,1,1,3f94b2a3aeb62dabee33d3188a61d501e42975b8a01970dd7d3717b65c060956,9168af76f7b62c6873ac45e920743c46191f055c32ee6a1f1df2aba5ab399d7e,,
trmm,dace_cpu,parallel,initialization,observed,8.091374730225652,trmm,,1,1,3f94b2a3aeb62dabee33d3188a61d501e42975b8a01970dd7d3717b65c060956,9168af76f7b62c6873ac45e920743c46191f055c32ee6a1f1df2aba5ab399d7e,,
trmm,dace_cpu,auto_opt,initialization,observed,8.5166468010284,trmm,,1,1,3f94b2a3aeb62dabee33d3188a61d501e42975b8a01970dd7d3717b65c060956,9168af76f7b62c6873ac45e920743c46191f055c32ee6a1f1df2aba5ab399d7e,,
trmm,dace_gpu,fusion,initialization,observed,33.48553410731256,trmm,,1,1,3f94b2a3aeb62dabee33d3188a61d501e42975b8a01970dd7d3717b65c060956,9168af76f7b62c6873ac45e920743c46191f055c32ee6a1f1df2aba5ab399d7e,,
trmm,dace_gpu,parallel,initialization,observed,24.965527827851474,trmm,,1,1,3f94b2a3aeb62dabee33d3188a61d501e42975b8a01970dd7d3717b65c060956,9168af76f7b62c6873ac45e920743c46191f055c32ee6a1f1df2aba5ab399d7e,,
trmm,dace_gpu,auto_opt,initialization,observed,24.321132538840175,trmm,,1,1,3f94b2a3aeb62dabee33d3188a61d501e42975b8a01970dd7d3717b65c060956,9168af76f7b62c6873ac45e920743c46191f055c32ee6a1f1df2aba5ab399d7e,,
trmm,cupy,default,initialization,observed,38.920332147274166,trmm,,1,1,3f94b2a3aeb62dabee33d3188a61d501e42975b8a01970dd7d3717b65c060956,9168af76f7b62c6873ac45e920743c46191f055c32ee6a1f1df2aba5ab399d7e,,
vadv,numpy,default,initialization,observed,0.6227978481911123,vadv,,1,1,af48764eed52bcbfa917a57089296ce3be876f060430fae648ab359316609f14,300cff4f4ff45aa053437078a699f7f36c3a42bea19f7d989bd20911ef2050f4,,
vadv,numba,nopython-mode,initialization,observed,12.066285389941186,vadv,,1,1,af48764eed52bcbfa917a57089296ce3be876f060430fae648ab359316609f14,300cff4f4ff45aa053437078a699f7f36c3a42bea19f7d989bd20911ef2050f4,,
vadv,numba,nopython-mode-parallel,initialization,observed,14.237118144985288,vadv,,1,1,af48764eed52bcbfa917a57089296ce3be876f060430fae648ab359316609f14,300cff4f4ff45aa053437078a699f7f36c3a42bea19f7d989bd20911ef2050f4,,
vadv,numba,nopython-mode-parallel-range,initialization,N/A,,,,,,,,,
vadv,numba,object-mode,initialization,N/A,,,,,,,,,
vadv,numba,object-mode-parallel,initialization,N/A,,,,,,,,,
vadv,numba,object-mode-parallel-range,initialization,N/A,,,,,,,,,
vadv,dace_cpu,fusion,initialization,observed,17.944832335226238,vadv,,1,1,af48764eed52bcbfa917a57089296ce3be876f060430fae648ab359316609f14,300cff4f4ff45aa053437078a699f7f36c3a42bea19f7d989bd20911ef2050f4,,
vadv,dace_cpu,parallel,initialization,observed,14.889657327905297,vadv,,1,1,af48764eed52bcbfa917a57089296ce3be876f060430fae648ab359316609f14,300cff4f4ff45aa053437078a699f7f36c3a42bea19f7d989bd20911ef2050f4,,
vadv,dace_cpu,auto_opt,initialization,observed,18.838356964755803,vadv,,1,1,af48764eed52bcbfa917a57089296ce3be876f060430fae648ab359316609f14,300cff4f4ff45aa053437078a699f7f36c3a42bea19f7d989bd20911ef2050f4,,
vadv,dace_gpu,fusion,initialization,observed,31.07827088283375,vadv,,1,1,af48764eed52bcbfa917a57089296ce3be876f060430fae648ab359316609f14,300cff4f4ff45aa053437078a699f7f36c3a42bea19f7d989bd20911ef2050f4,,
vadv,dace_gpu,parallel,initialization,observed,32.037406301125884,vadv,,1,1,af48764eed52bcbfa917a57089296ce3be876f060430fae648ab359316609f14,300cff4f4ff45aa053437078a699f7f36c3a42bea19f7d989bd20911ef2050f4,,
vadv,dace_gpu,auto_opt,initialization,observed,35.85156685858965,vadv,,1,1,af48764eed52bcbfa917a57089296ce3be876f060430fae648ab359316609f14,300cff4f4ff45aa053437078a699f7f36c3a42bea19f7d989bd20911ef2050f4,,
vadv,cupy,default,initialization,observed,3.4180203108116984,vadv,,1,1,af48764eed52bcbfa917a57089296ce3be876f060430fae648ab359316609f14,300cff4f4ff45aa053437078a699f7f36c3a42bea19f7d989bd20911ef2050f4,,
adi_corrected,numpy,default,fresh_process,observed,1.5164293255656958,adi_corrected,,2,2,72849b544ae3b8773b18c95384e36f194ea524782f4feabfed03a3b4194872e9,44fae57bf7759f2639279283ba275bd89bd5df1bf8f5d46bee32e1d87e87c452,,two_later_processes_only
adi_corrected,numba,nopython-mode,fresh_process,observed,0.7577252851333469,adi_corrected,,2,2,72849b544ae3b8773b18c95384e36f194ea524782f4feabfed03a3b4194872e9,44fae57bf7759f2639279283ba275bd89bd5df1bf8f5d46bee32e1d87e87c452,,two_later_processes_only
adi_corrected,numba,nopython-mode-parallel,fresh_process,observed,22.90513593587093,adi_corrected,,2,2,72849b544ae3b8773b18c95384e36f194ea524782f4feabfed03a3b4194872e9,44fae57bf7759f2639279283ba275bd89bd5df1bf8f5d46bee32e1d87e87c452,,two_later_processes_only
adi_corrected,numba,nopython-mode-parallel-range,fresh_process,N/A,,,,,,,,,
adi_corrected,numba,object-mode,fresh_process,N/A,,,,,,,,,
adi_corrected,numba,object-mode-parallel,fresh_process,N/A,,,,,,,,,
adi_corrected,numba,object-mode-parallel-range,fresh_process,N/A,,,,,,,,,
adi_corrected,dace_cpu,fusion,fresh_process,observed,10.098866401938722,adi_corrected,,2,2,72849b544ae3b8773b18c95384e36f194ea524782f4feabfed03a3b4194872e9,44fae57bf7759f2639279283ba275bd89bd5df1bf8f5d46bee32e1d87e87c452,,two_later_processes_only
adi_corrected,dace_cpu,parallel,fresh_process,observed,15.06541076186113,adi_corrected,,2,2,72849b544ae3b8773b18c95384e36f194ea524782f4feabfed03a3b4194872e9,44fae57bf7759f2639279283ba275bd89bd5df1bf8f5d46bee32e1d87e87c452,,between_process_variability;two_later_processes_only
adi_corrected,dace_cpu,auto_opt,fresh_process,observed,10.875353836454451,adi_corrected,,2,2,72849b544ae3b8773b18c95384e36f194ea524782f4feabfed03a3b4194872e9,44fae57bf7759f2639279283ba275bd89bd5df1bf8f5d46bee32e1d87e87c452,,between_process_variability;two_later_processes_only
adi_corrected,dace_gpu,fusion,fresh_process,observed,3.7989869902376086,adi_corrected,,2,2,72849b544ae3b8773b18c95384e36f194ea524782f4feabfed03a3b4194872e9,44fae57bf7759f2639279283ba275bd89bd5df1bf8f5d46bee32e1d87e87c452,,two_later_processes_only
adi_corrected,dace_gpu,parallel,fresh_process,observed,3.8573342571035028,adi_corrected,,2,2,72849b544ae3b8773b18c95384e36f194ea524782f4feabfed03a3b4194872e9,44fae57bf7759f2639279283ba275bd89bd5df1bf8f5d46bee32e1d87e87c452,,two_later_processes_only
adi_corrected,dace_gpu,auto_opt,fresh_process,observed,2.8108490293379873,adi_corrected,,2,2,72849b544ae3b8773b18c95384e36f194ea524782f4feabfed03a3b4194872e9,44fae57bf7759f2639279283ba275bd89bd5df1bf8f5d46bee32e1d87e87c452,,two_later_processes_only
adi_corrected,cupy,default,fresh_process,observed,15.057022232329473,adi_corrected,,2,2,72849b544ae3b8773b18c95384e36f194ea524782f4feabfed03a3b4194872e9,44fae57bf7759f2639279283ba275bd89bd5df1bf8f5d46bee32e1d87e87c452,,between_process_variability;two_later_processes_only
arc_distance,numpy,default,fresh_process,observed,0.8117980558890849,arc_distance,,2,2,d2c2cc16a18a69316144dced56e13ec50585fb90292fd8c9251b0cd2d83afd8e,c9a5d51d680eeff18f5d5e1a8bd8a4acc4d771e072238396fee0333ed61696be,,
arc_distance,numba,nopython-mode,fresh_process,observed,1.0321764044929296,arc_distance,,2,2,d2c2cc16a18a69316144dced56e13ec50585fb90292fd8c9251b0cd2d83afd8e,c9a5d51d680eeff18f5d5e1a8bd8a4acc4d771e072238396fee0333ed61696be,,historical_disk_cache_hit_not_recorded;selected_process_variability
arc_distance,numba,nopython-mode-parallel,fresh_process,observed,0.4440649109892547,arc_distance,,2,2,d2c2cc16a18a69316144dced56e13ec50585fb90292fd8c9251b0cd2d83afd8e,c9a5d51d680eeff18f5d5e1a8bd8a4acc4d771e072238396fee0333ed61696be,,historical_disk_cache_hit_not_recorded;new_sampling_or_resources
arc_distance,numba,nopython-mode-parallel-range,fresh_process,N/A,,,,,,,,,
arc_distance,numba,object-mode,fresh_process,N/A,,,,,,,,,
arc_distance,numba,object-mode-parallel,fresh_process,N/A,,,,,,,,,
arc_distance,numba,object-mode-parallel-range,fresh_process,N/A,,,,,,,,,
arc_distance,dace_cpu,fusion,fresh_process,observed,0.18789491639472544,arc_distance,,2,2,d2c2cc16a18a69316144dced56e13ec50585fb90292fd8c9251b0cd2d83afd8e,c9a5d51d680eeff18f5d5e1a8bd8a4acc4d771e072238396fee0333ed61696be,,selected_process_variability
arc_distance,dace_cpu,parallel,fresh_process,observed,0.09064533584751189,arc_distance,,2,2,d2c2cc16a18a69316144dced56e13ec50585fb90292fd8c9251b0cd2d83afd8e,c9a5d51d680eeff18f5d5e1a8bd8a4acc4d771e072238396fee0333ed61696be,,
arc_distance,dace_cpu,auto_opt,fresh_process,observed,0.1180240549147129,arc_distance,,2,2,d2c2cc16a18a69316144dced56e13ec50585fb90292fd8c9251b0cd2d83afd8e,c9a5d51d680eeff18f5d5e1a8bd8a4acc4d771e072238396fee0333ed61696be,,
arc_distance,dace_gpu,fusion,fresh_process,observed,1.2293855850584805,arc_distance,,2,2,d2c2cc16a18a69316144dced56e13ec50585fb90292fd8c9251b0cd2d83afd8e,c9a5d51d680eeff18f5d5e1a8bd8a4acc4d771e072238396fee0333ed61696be,,
arc_distance,dace_gpu,parallel,fresh_process,observed,1.2894859723746777,arc_distance,,2,2,d2c2cc16a18a69316144dced56e13ec50585fb90292fd8c9251b0cd2d83afd8e,c9a5d51d680eeff18f5d5e1a8bd8a4acc4d771e072238396fee0333ed61696be,,selected_process_variability
arc_distance,dace_gpu,auto_opt,fresh_process,observed,1.0195952674839646,arc_distance,,2,2,d2c2cc16a18a69316144dced56e13ec50585fb90292fd8c9251b0cd2d83afd8e,c9a5d51d680eeff18f5d5e1a8bd8a4acc4d771e072238396fee0333ed61696be,,selected_process_variability
arc_distance,cupy,default,fresh_process,observed,0.679697688203305,arc_distance,,2,2,d2c2cc16a18a69316144dced56e13ec50585fb90292fd8c9251b0cd2d83afd8e,c9a5d51d680eeff18f5d5e1a8bd8a4acc4d771e072238396fee0333ed61696be,,
atax,numpy,default,fresh_process,observed,0.1465723409783095,atax,,2,2,68c6513b767fc4fe61dbe15c9629b1ea75eae7d2a20436521c52c551d6698648,30d1cbd8bc811b325570c9fdb182323781764974a74f27916f06ba12e9a7baef,,
atax,numba,nopython-mode,fresh_process,observed,0.5088877864181995,atax,,2,2,68c6513b767fc4fe61dbe15c9629b1ea75eae7d2a20436521c52c551d6698648,30d1cbd8bc811b325570c9fdb182323781764974a74f27916f06ba12e9a7baef,,historical_disk_cache_hit_not_recorded;new_variability;selected_process_variability
atax,numba,nopython-mode-parallel,fresh_process,observed,0.49195505189709365,atax,,2,2,68c6513b767fc4fe61dbe15c9629b1ea75eae7d2a20436521c52c551d6698648,30d1cbd8bc811b325570c9fdb182323781764974a74f27916f06ba12e9a7baef,,historical_disk_cache_hit_not_recorded;new_sampling_or_resources;selected_process_variability
atax,numba,nopython-mode-parallel-range,fresh_process,N/A,,,,,,,,,
atax,numba,object-mode,fresh_process,N/A,,,,,,,,,
atax,numba,object-mode-parallel,fresh_process,N/A,,,,,,,,,
atax,numba,object-mode-parallel-range,fresh_process,N/A,,,,,,,,,
atax,dace_cpu,fusion,fresh_process,observed,0.25688714860007167,atax,,2,2,68c6513b767fc4fe61dbe15c9629b1ea75eae7d2a20436521c52c551d6698648,30d1cbd8bc811b325570c9fdb182323781764974a74f27916f06ba12e9a7baef,,selected_process_variability
atax,dace_cpu,parallel,fresh_process,observed,0.2721983448136598,atax,,2,2,68c6513b767fc4fe61dbe15c9629b1ea75eae7d2a20436521c52c551d6698648,30d1cbd8bc811b325570c9fdb182323781764974a74f27916f06ba12e9a7baef,,
atax,dace_cpu,auto_opt,fresh_process,observed,0.2210165646392852,atax,,2,2,68c6513b767fc4fe61dbe15c9629b1ea75eae7d2a20436521c52c551d6698648,30d1cbd8bc811b325570c9fdb182323781764974a74f27916f06ba12e9a7baef,,
atax,dace_gpu,fusion,fresh_process,observed,4.220081411069259,atax,,2,2,68c6513b767fc4fe61dbe15c9629b1ea75eae7d2a20436521c52c551d6698648,30d1cbd8bc811b325570c9fdb182323781764974a74f27916f06ba12e9a7baef,,
atax,dace_gpu,parallel,fresh_process,observed,4.732696828432381,atax,,2,2,68c6513b767fc4fe61dbe15c9629b1ea75eae7d2a20436521c52c551d6698648,30d1cbd8bc811b325570c9fdb182323781764974a74f27916f06ba12e9a7baef,,
atax,dace_gpu,auto_opt,fresh_process,observed,4.904325125971809,atax,,2,2,68c6513b767fc4fe61dbe15c9629b1ea75eae7d2a20436521c52c551d6698648,30d1cbd8bc811b325570c9fdb182323781764974a74f27916f06ba12e9a7baef,,new_sampling_or_resources
atax,cupy,default,fresh_process,observed,3.2517523909918964,atax,,2,2,68c6513b767fc4fe61dbe15c9629b1ea75eae7d2a20436521c52c551d6698648,30d1cbd8bc811b325570c9fdb182323781764974a74f27916f06ba12e9a7baef,,
azimint_hist,numpy,default,fresh_process,observed,0.5683719590306282,azimint_hist,,2,2,f5914dfb9f4cc36109a1c231938d0863c485540d7d58b79bed61050dcb1e083e,d714677a44d27aec51292ca83b9b3ba9c1835b7ac786bbd295a407ecfa03d47f,,
azimint_hist,numba,nopython-mode,fresh_process,observed,0.7414346649311483,azimint_hist,,2,2,f5914dfb9f4cc36109a1c231938d0863c485540d7d58b79bed61050dcb1e083e,d714677a44d27aec51292ca83b9b3ba9c1835b7ac786bbd295a407ecfa03d47f,,historical_disk_cache_hit_not_recorded;selected_process_variability
azimint_hist,numba,nopython-mode-parallel,fresh_process,observed,0.5893898657523096,azimint_hist,,3,3,f5914dfb9f4cc36109a1c231938d0863c485540d7d58b79bed61050dcb1e083e,d714677a44d27aec51292ca83b9b3ba9c1835b7ac786bbd295a407ecfa03d47f,,
azimint_hist,numba,nopython-mode-parallel-range,fresh_process,observed,0.5617487819399685,azimint_hist_private,,2,2,ee08d8b3d6c42ca8c49f15064988585a960e19f6df094ce2408581b17b4d3570,d714677a44d27aec51292ca83b9b3ba9c1835b7ac786bbd295a407ecfa03d47f,,two_later_processes_only
azimint_hist,numba,object-mode,fresh_process,observed,1.195653245318681,azimint_hist,,2,2,f5914dfb9f4cc36109a1c231938d0863c485540d7d58b79bed61050dcb1e083e,d714677a44d27aec51292ca83b9b3ba9c1835b7ac786bbd295a407ecfa03d47f,,historical_disk_cache_hit_not_recorded
azimint_hist,numba,object-mode-parallel,fresh_process,observed,1.0695663094520569,azimint_hist,,2,2,f5914dfb9f4cc36109a1c231938d0863c485540d7d58b79bed61050dcb1e083e,d714677a44d27aec51292ca83b9b3ba9c1835b7ac786bbd295a407ecfa03d47f,,historical_disk_cache_hit_not_recorded;selected_process_variability
azimint_hist,numba,object-mode-parallel-range,fresh_process,N/A,,,,,,,,,
azimint_hist,dace_cpu,fusion,fresh_process,observed,203.721938429866,azimint_hist,,2,2,f5914dfb9f4cc36109a1c231938d0863c485540d7d58b79bed61050dcb1e083e,d714677a44d27aec51292ca83b9b3ba9c1835b7ac786bbd295a407ecfa03d47f,,
azimint_hist,dace_cpu,parallel,fresh_process,observed,210.1493331922684,azimint_hist,,2,2,f5914dfb9f4cc36109a1c231938d0863c485540d7d58b79bed61050dcb1e083e,d714677a44d27aec51292ca83b9b3ba9c1835b7ac786bbd295a407ecfa03d47f,,
azimint_hist,dace_cpu,auto_opt,fresh_process,observed,211.76648022443987,azimint_hist,,2,2,f5914dfb9f4cc36109a1c231938d0863c485540d7d58b79bed61050dcb1e083e,d714677a44d27aec51292ca83b9b3ba9c1835b7ac786bbd295a407ecfa03d47f,,
azimint_hist,dace_gpu,fusion,fresh_process,observed,1.913728392450139,azimint_hist,,2,2,f5914dfb9f4cc36109a1c231938d0863c485540d7d58b79bed61050dcb1e083e,d714677a44d27aec51292ca83b9b3ba9c1835b7ac786bbd295a407ecfa03d47f,,
azimint_hist,dace_gpu,parallel,fresh_process,observed,1.78567876922898,azimint_hist,,2,2,f5914dfb9f4cc36109a1c231938d0863c485540d7d58b79bed61050dcb1e083e,d714677a44d27aec51292ca83b9b3ba9c1835b7ac786bbd295a407ecfa03d47f,,
azimint_hist,dace_gpu,auto_opt,fresh_process,observed,1.7349061777349561,azimint_hist,,2,2,f5914dfb9f4cc36109a1c231938d0863c485540d7d58b79bed61050dcb1e083e,d714677a44d27aec51292ca83b9b3ba9c1835b7ac786bbd295a407ecfa03d47f,,
azimint_hist,cupy,default,fresh_process,observed,1.2280330143403262,azimint_hist,,2,2,f5914dfb9f4cc36109a1c231938d0863c485540d7d58b79bed61050dcb1e083e,d714677a44d27aec51292ca83b9b3ba9c1835b7ac786bbd295a407ecfa03d47f,,
azimint_naive,numpy,default,fresh_process,observed,50.28241103910841,azimint_naive,,2,2,7ce93eb427426de57f9dd024b84b3ccd522ed34eea578a05eb7d30f002985156,10e5a4ce8b6fe96db84b8d28fc35df47e5ddd295dfddf44939fc8ac5c8795b6d,,
azimint_naive,numba,nopython-mode,fresh_process,observed,69.91668749344535,azimint_naive,,2,2,7ce93eb427426de57f9dd024b84b3ccd522ed34eea578a05eb7d30f002985156,10e5a4ce8b6fe96db84b8d28fc35df47e5ddd295dfddf44939fc8ac5c8795b6d,,historical_disk_cache_hit_not_recorded
azimint_naive,numba,nopython-mode-parallel,fresh_process,observed,47.32269604946487,azimint_naive,,2,2,7ce93eb427426de57f9dd024b84b3ccd522ed34eea578a05eb7d30f002985156,10e5a4ce8b6fe96db84b8d28fc35df47e5ddd295dfddf44939fc8ac5c8795b6d,,historical_disk_cache_hit_not_recorded
azimint_naive,numba,nopython-mode-parallel-range,fresh_process,observed,5.051992319058627,azimint_naive,,3,3,7ce93eb427426de57f9dd024b84b3ccd522ed34eea578a05eb7d30f002985156,10e5a4ce8b6fe96db84b8d28fc35df47e5ddd295dfddf44939fc8ac5c8795b6d,,
azimint_naive,numba,object-mode,fresh_process,N/A,,,,,,,,,
azimint_naive,numba,object-mode-parallel,fresh_process,N/A,,,,,,,,,
azimint_naive,numba,object-mode-parallel-range,fresh_process,N/A,,,,,,,,,
azimint_naive,dace_cpu,fusion,fresh_process,observed,78.85715127387084,azimint_naive,,2,2,7ce93eb427426de57f9dd024b84b3ccd522ed34eea578a05eb7d30f002985156,10e5a4ce8b6fe96db84b8d28fc35df47e5ddd295dfddf44939fc8ac5c8795b6d,,
azimint_naive,dace_cpu,parallel,fresh_process,observed,61.480623566312715,azimint_naive,,2,2,7ce93eb427426de57f9dd024b84b3ccd522ed34eea578a05eb7d30f002985156,10e5a4ce8b6fe96db84b8d28fc35df47e5ddd295dfddf44939fc8ac5c8795b6d,,
azimint_naive,dace_cpu,auto_opt,fresh_process,observed,65.3069911992643,azimint_naive,,2,2,7ce93eb427426de57f9dd024b84b3ccd522ed34eea578a05eb7d30f002985156,10e5a4ce8b6fe96db84b8d28fc35df47e5ddd295dfddf44939fc8ac5c8795b6d,,
azimint_naive,dace_gpu,fusion,fresh_process,observed,3.6203142371959984,azimint_naive,,2,2,7ce93eb427426de57f9dd024b84b3ccd522ed34eea578a05eb7d30f002985156,10e5a4ce8b6fe96db84b8d28fc35df47e5ddd295dfddf44939fc8ac5c8795b6d,,
azimint_naive,dace_gpu,parallel,fresh_process,error,,azimint_naive,,0,0,7ce93eb427426de57f9dd024b84b3ccd522ed34eea578a05eb7d30f002985156,10e5a4ce8b6fe96db84b8d28fc35df47e5ddd295dfddf44939fc8ac5c8795b6d,,
azimint_naive,dace_gpu,auto_opt,fresh_process,error,,azimint_naive,,0,0,7ce93eb427426de57f9dd024b84b3ccd522ed34eea578a05eb7d30f002985156,10e5a4ce8b6fe96db84b8d28fc35df47e5ddd295dfddf44939fc8ac5c8795b6d,,
azimint_naive,cupy,default,fresh_process,observed,2.7803389406763017,azimint_naive,,2,2,7ce93eb427426de57f9dd024b84b3ccd522ed34eea578a05eb7d30f002985156,10e5a4ce8b6fe96db84b8d28fc35df47e5ddd295dfddf44939fc8ac5c8795b6d,,
bicg,numpy,default,fresh_process,observed,0.15100386342965066,bicg,,2,2,16d618b4e97f8f1b6191fe3f76123e77b6b198e5982ffa6fbd2528fa69701078,77e9adb788612e39af05a751b80c16198c5c53c1997f2c21ca5d1cefa59811c3,,
bicg,numba,nopython-mode,fresh_process,observed,0.4465670573990792,bicg,,2,2,16d618b4e97f8f1b6191fe3f76123e77b6b198e5982ffa6fbd2528fa69701078,77e9adb788612e39af05a751b80c16198c5c53c1997f2c21ca5d1cefa59811c3,,historical_disk_cache_hit_not_recorded;new_sampling_or_resources;selected_process_variability
bicg,numba,nopython-mode-parallel,fresh_process,observed,0.5278241948690265,bicg,,2,2,16d618b4e97f8f1b6191fe3f76123e77b6b198e5982ffa6fbd2528fa69701078,77e9adb788612e39af05a751b80c16198c5c53c1997f2c21ca5d1cefa59811c3,,historical_disk_cache_hit_not_recorded;new_sampling_or_resources
bicg,numba,nopython-mode-parallel-range,fresh_process,N/A,,,,,,,,,
bicg,numba,object-mode,fresh_process,N/A,,,,,,,,,
bicg,numba,object-mode-parallel,fresh_process,N/A,,,,,,,,,
bicg,numba,object-mode-parallel-range,fresh_process,N/A,,,,,,,,,
bicg,dace_cpu,fusion,fresh_process,observed,0.24033312988467515,bicg,,2,2,16d618b4e97f8f1b6191fe3f76123e77b6b198e5982ffa6fbd2528fa69701078,77e9adb788612e39af05a751b80c16198c5c53c1997f2c21ca5d1cefa59811c3,,
bicg,dace_cpu,parallel,fresh_process,observed,0.266887697391212,bicg,,2,2,16d618b4e97f8f1b6191fe3f76123e77b6b198e5982ffa6fbd2528fa69701078,77e9adb788612e39af05a751b80c16198c5c53c1997f2c21ca5d1cefa59811c3,,
bicg,dace_cpu,auto_opt,fresh_process,observed,0.2665499341674149,bicg,,2,2,16d618b4e97f8f1b6191fe3f76123e77b6b198e5982ffa6fbd2528fa69701078,77e9adb788612e39af05a751b80c16198c5c53c1997f2c21ca5d1cefa59811c3,,
bicg,dace_gpu,fusion,fresh_process,observed,4.659672528970987,bicg,,2,2,16d618b4e97f8f1b6191fe3f76123e77b6b198e5982ffa6fbd2528fa69701078,77e9adb788612e39af05a751b80c16198c5c53c1997f2c21ca5d1cefa59811c3,,
bicg,dace_gpu,parallel,fresh_process,observed,4.266141481464729,bicg,,2,2,16d618b4e97f8f1b6191fe3f76123e77b6b198e5982ffa6fbd2528fa69701078,77e9adb788612e39af05a751b80c16198c5c53c1997f2c21ca5d1cefa59811c3,,
bicg,dace_gpu,auto_opt,fresh_process,observed,4.916640255367383,bicg,,2,2,16d618b4e97f8f1b6191fe3f76123e77b6b198e5982ffa6fbd2528fa69701078,77e9adb788612e39af05a751b80c16198c5c53c1997f2c21ca5d1cefa59811c3,,
bicg,cupy,default,fresh_process,observed,3.238005718914792,bicg,,2,2,16d618b4e97f8f1b6191fe3f76123e77b6b198e5982ffa6fbd2528fa69701078,77e9adb788612e39af05a751b80c16198c5c53c1997f2c21ca5d1cefa59811c3,,
cavity_flow,numpy,default,fresh_process,observed,0.8752484156284481,cavity_flow,,2,2,210af7f0234bb993fa8cb9e063c162a3f185d3fc74aad9308835699b7e5a18da,33c1dcf4ea4c8afb398c3db57686f19a59239f440846cca31b92bee224e3c662,,selected_process_variability
cavity_flow,numba,nopython-mode,fresh_process,observed,1.2211127157788724,cavity_flow,,2,2,210af7f0234bb993fa8cb9e063c162a3f185d3fc74aad9308835699b7e5a18da,33c1dcf4ea4c8afb398c3db57686f19a59239f440846cca31b92bee224e3c662,,historical_disk_cache_hit_not_recorded;new_variability;selected_process_variability
cavity_flow,numba,nopython-mode-parallel,fresh_process,error,,cavity_flow,,0,0,210af7f0234bb993fa8cb9e063c162a3f185d3fc74aad9308835699b7e5a18da,33c1dcf4ea4c8afb398c3db57686f19a59239f440846cca31b92bee224e3c662,,
cavity_flow,numba,nopython-mode-parallel-range,fresh_process,N/A,,,,,,,,,
cavity_flow,numba,object-mode,fresh_process,N/A,,,,,,,,,
cavity_flow,numba,object-mode-parallel,fresh_process,N/A,,,,,,,,,
cavity_flow,numba,object-mode-parallel-range,fresh_process,N/A,,,,,,,,,
cavity_flow,dace_cpu,fusion,fresh_process,observed,2.4380389130674303,cavity_flow,,2,2,210af7f0234bb993fa8cb9e063c162a3f185d3fc74aad9308835699b7e5a18da,33c1dcf4ea4c8afb398c3db57686f19a59239f440846cca31b92bee224e3c662,,selected_process_variability
cavity_flow,dace_cpu,parallel,fresh_process,observed,3.138917423086241,cavity_flow,,2,2,210af7f0234bb993fa8cb9e063c162a3f185d3fc74aad9308835699b7e5a18da,33c1dcf4ea4c8afb398c3db57686f19a59239f440846cca31b92bee224e3c662,,
cavity_flow,dace_cpu,auto_opt,fresh_process,observed,3.273331986507401,cavity_flow,,2,2,210af7f0234bb993fa8cb9e063c162a3f185d3fc74aad9308835699b7e5a18da,33c1dcf4ea4c8afb398c3db57686f19a59239f440846cca31b92bee224e3c662,,selected_process_variability
cavity_flow,dace_gpu,fusion,fresh_process,observed,1.3207676568999887,cavity_flow,,2,2,210af7f0234bb993fa8cb9e063c162a3f185d3fc74aad9308835699b7e5a18da,33c1dcf4ea4c8afb398c3db57686f19a59239f440846cca31b92bee224e3c662,,
cavity_flow,dace_gpu,parallel,fresh_process,observed,1.5216455729678273,cavity_flow,,2,2,210af7f0234bb993fa8cb9e063c162a3f185d3fc74aad9308835699b7e5a18da,33c1dcf4ea4c8afb398c3db57686f19a59239f440846cca31b92bee224e3c662,,
cavity_flow,dace_gpu,auto_opt,fresh_process,observed,1.2927306855563074,cavity_flow,,2,2,210af7f0234bb993fa8cb9e063c162a3f185d3fc74aad9308835699b7e5a18da,33c1dcf4ea4c8afb398c3db57686f19a59239f440846cca31b92bee224e3c662,,
cavity_flow,cupy,default,fresh_process,observed,1.455444363411516,cavity_flow,,2,2,210af7f0234bb993fa8cb9e063c162a3f185d3fc74aad9308835699b7e5a18da,33c1dcf4ea4c8afb398c3db57686f19a59239f440846cca31b92bee224e3c662,,
channel_flow,numpy,default,fresh_process,observed,6.0521047580987215,channel_flow,,2,2,a5826f86fe64a72734a89619a6e971effc8ed8ebe00f99337006d700704bed0f,131f13ee629eff4bbfc04696d2acdcf8be8c111de0037039e4ac5c934e15a280,,
channel_flow,numba,nopython-mode,fresh_process,observed,5.568120387848467,channel_flow,,3,3,a5826f86fe64a72734a89619a6e971effc8ed8ebe00f99337006d700704bed0f,131f13ee629eff4bbfc04696d2acdcf8be8c111de0037039e4ac5c934e15a280,,
channel_flow,numba,nopython-mode-parallel,fresh_process,observed,37.06304540974088,channel_flow,,2,2,a5826f86fe64a72734a89619a6e971effc8ed8ebe00f99337006d700704bed0f,131f13ee629eff4bbfc04696d2acdcf8be8c111de0037039e4ac5c934e15a280,,historical_disk_cache_hit_not_recorded;selected_process_variability
channel_flow,numba,nopython-mode-parallel-range,fresh_process,N/A,,,,,,,,,
channel_flow,numba,object-mode,fresh_process,N/A,,,,,,,,,
channel_flow,numba,object-mode-parallel,fresh_process,N/A,,,,,,,,,
channel_flow,numba,object-mode-parallel-range,fresh_process,N/A,,,,,,,,,
channel_flow,dace_cpu,fusion,fresh_process,observed,65.2761451692786,channel_flow,,2,2,a5826f86fe64a72734a89619a6e971effc8ed8ebe00f99337006d700704bed0f,131f13ee629eff4bbfc04696d2acdcf8be8c111de0037039e4ac5c934e15a280,,
channel_flow,dace_cpu,parallel,fresh_process,observed,86.19857327337377,channel_flow,,2,2,a5826f86fe64a72734a89619a6e971effc8ed8ebe00f99337006d700704bed0f,131f13ee629eff4bbfc04696d2acdcf8be8c111de0037039e4ac5c934e15a280,,selected_process_variability
channel_flow,dace_cpu,auto_opt,fresh_process,observed,74.22929596924223,channel_flow,,2,2,a5826f86fe64a72734a89619a6e971effc8ed8ebe00f99337006d700704bed0f,131f13ee629eff4bbfc04696d2acdcf8be8c111de0037039e4ac5c934e15a280,,
channel_flow,dace_gpu,fusion,fresh_process,observed,4.2982027374673635,channel_flow,,2,2,a5826f86fe64a72734a89619a6e971effc8ed8ebe00f99337006d700704bed0f,131f13ee629eff4bbfc04696d2acdcf8be8c111de0037039e4ac5c934e15a280,,
channel_flow,dace_gpu,parallel,fresh_process,observed,4.752133580390364,channel_flow,,2,2,a5826f86fe64a72734a89619a6e971effc8ed8ebe00f99337006d700704bed0f,131f13ee629eff4bbfc04696d2acdcf8be8c111de0037039e4ac5c934e15a280,,
channel_flow,dace_gpu,auto_opt,fresh_process,observed,4.157260471954942,channel_flow,,2,2,a5826f86fe64a72734a89619a6e971effc8ed8ebe00f99337006d700704bed0f,131f13ee629eff4bbfc04696d2acdcf8be8c111de0037039e4ac5c934e15a280,,
channel_flow,cupy,default,fresh_process,observed,16.067436214070767,channel_flow,,2,2,a5826f86fe64a72734a89619a6e971effc8ed8ebe00f99337006d700704bed0f,131f13ee629eff4bbfc04696d2acdcf8be8c111de0037039e4ac5c934e15a280,,
cholesky,numpy,default,fresh_process,observed,0.900651439325884,cholesky,,2,2,56dfb1eba239c26e0b2a9d37a7e4204bca4b6420c1c6db5a29f0fa62a44c6bf8,4fbe26b28e30a4b50af30a63a5f1d483d8c2556910e84aba0ab6422938ce8d60,,
cholesky,numba,nopython-mode,fresh_process,observed,0.41100653097964823,cholesky,,2,2,56dfb1eba239c26e0b2a9d37a7e4204bca4b6420c1c6db5a29f0fa62a44c6bf8,4fbe26b28e30a4b50af30a63a5f1d483d8c2556910e84aba0ab6422938ce8d60,,historical_disk_cache_hit_not_recorded
cholesky,numba,nopython-mode-parallel,fresh_process,observed,31.421136639313772,cholesky,,2,2,56dfb1eba239c26e0b2a9d37a7e4204bca4b6420c1c6db5a29f0fa62a44c6bf8,4fbe26b28e30a4b50af30a63a5f1d483d8c2556910e84aba0ab6422938ce8d60,,historical_disk_cache_hit_not_recorded;selected_process_variability
cholesky,numba,nopython-mode-parallel-range,fresh_process,N/A,,,,,,,,,
cholesky,numba,object-mode,fresh_process,N/A,,,,,,,,,
cholesky,numba,object-mode-parallel,fresh_process,N/A,,,,,,,,,
cholesky,numba,object-mode-parallel-range,fresh_process,N/A,,,,,,,,,
cholesky,dace_cpu,fusion,fresh_process,observed,0.13287807744927704,cholesky,,2,2,56dfb1eba239c26e0b2a9d37a7e4204bca4b6420c1c6db5a29f0fa62a44c6bf8,4fbe26b28e30a4b50af30a63a5f1d483d8c2556910e84aba0ab6422938ce8d60,,
cholesky,dace_cpu,parallel,fresh_process,observed,0.1442104745656252,cholesky,,2,2,56dfb1eba239c26e0b2a9d37a7e4204bca4b6420c1c6db5a29f0fa62a44c6bf8,4fbe26b28e30a4b50af30a63a5f1d483d8c2556910e84aba0ab6422938ce8d60,,new_variability
cholesky,dace_cpu,auto_opt,fresh_process,observed,0.1345283049158752,cholesky,,2,2,56dfb1eba239c26e0b2a9d37a7e4204bca4b6420c1c6db5a29f0fa62a44c6bf8,4fbe26b28e30a4b50af30a63a5f1d483d8c2556910e84aba0ab6422938ce8d60,,
cholesky,dace_gpu,fusion,fresh_process,observed,10.738129266770557,cholesky,,2,2,56dfb1eba239c26e0b2a9d37a7e4204bca4b6420c1c6db5a29f0fa62a44c6bf8,4fbe26b28e30a4b50af30a63a5f1d483d8c2556910e84aba0ab6422938ce8d60,,
cholesky,dace_gpu,parallel,fresh_process,observed,11.171732318587601,cholesky,,2,2,56dfb1eba239c26e0b2a9d37a7e4204bca4b6420c1c6db5a29f0fa62a44c6bf8,4fbe26b28e30a4b50af30a63a5f1d483d8c2556910e84aba0ab6422938ce8d60,,
cholesky,dace_gpu,auto_opt,fresh_process,observed,7.174501878442243,cholesky,,2,2,56dfb1eba239c26e0b2a9d37a7e4204bca4b6420c1c6db5a29f0fa62a44c6bf8,4fbe26b28e30a4b50af30a63a5f1d483d8c2556910e84aba0ab6422938ce8d60,,
cholesky,cupy,default,fresh_process,observed,33.674924639519304,cholesky,,2,2,56dfb1eba239c26e0b2a9d37a7e4204bca4b6420c1c6db5a29f0fa62a44c6bf8,4fbe26b28e30a4b50af30a63a5f1d483d8c2556910e84aba0ab6422938ce8d60,,
cholesky2,numpy,default,fresh_process,observed,1.3846663804724813,cholesky2,,2,2,d99d5b0becbfb22bf45157e320f447a583444c901fafb55b0e5b1a90147a5923,b9394a55df0718e0c2862384f101bc746b522dc7acfbed649b0716c8d79c2363,,
cholesky2,numba,nopython-mode,fresh_process,observed,3.2693611006252468,cholesky2,,2,2,d99d5b0becbfb22bf45157e320f447a583444c901fafb55b0e5b1a90147a5923,b9394a55df0718e0c2862384f101bc746b522dc7acfbed649b0716c8d79c2363,,historical_disk_cache_hit_not_recorded
cholesky2,numba,nopython-mode-parallel,fresh_process,observed,3.2853615330532193,cholesky2,,2,2,d99d5b0becbfb22bf45157e320f447a583444c901fafb55b0e5b1a90147a5923,b9394a55df0718e0c2862384f101bc746b522dc7acfbed649b0716c8d79c2363,,historical_disk_cache_hit_not_recorded;selected_process_variability
cholesky2,numba,nopython-mode-parallel-range,fresh_process,N/A,,,,,,,,,
cholesky2,numba,object-mode,fresh_process,N/A,,,,,,,,,
cholesky2,numba,object-mode-parallel,fresh_process,N/A,,,,,,,,,
cholesky2,numba,object-mode-parallel-range,fresh_process,N/A,,,,,,,,,
cholesky2,dace_cpu,fusion,fresh_process,observed,1.4776654115412384,cholesky2,,2,2,d99d5b0becbfb22bf45157e320f447a583444c901fafb55b0e5b1a90147a5923,b9394a55df0718e0c2862384f101bc746b522dc7acfbed649b0716c8d79c2363,,
cholesky2,dace_cpu,parallel,fresh_process,observed,1.5782965084072202,cholesky2,,2,2,d99d5b0becbfb22bf45157e320f447a583444c901fafb55b0e5b1a90147a5923,b9394a55df0718e0c2862384f101bc746b522dc7acfbed649b0716c8d79c2363,,
cholesky2,dace_cpu,auto_opt,fresh_process,observed,1.798612975049764,cholesky2,,2,2,d99d5b0becbfb22bf45157e320f447a583444c901fafb55b0e5b1a90147a5923,b9394a55df0718e0c2862384f101bc746b522dc7acfbed649b0716c8d79c2363,,
cholesky2,dace_gpu,fusion,fresh_process,observed,1.838538309559226,cholesky2,,2,2,d99d5b0becbfb22bf45157e320f447a583444c901fafb55b0e5b1a90147a5923,b9394a55df0718e0c2862384f101bc746b522dc7acfbed649b0716c8d79c2363,,
cholesky2,dace_gpu,parallel,fresh_process,observed,1.8257392689120024,cholesky2,,2,2,d99d5b0becbfb22bf45157e320f447a583444c901fafb55b0e5b1a90147a5923,b9394a55df0718e0c2862384f101bc746b522dc7acfbed649b0716c8d79c2363,,
cholesky2,dace_gpu,auto_opt,fresh_process,observed,1.8864347590133548,cholesky2,,2,2,d99d5b0becbfb22bf45157e320f447a583444c901fafb55b0e5b1a90147a5923,b9394a55df0718e0c2862384f101bc746b522dc7acfbed649b0716c8d79c2363,,
cholesky2,cupy,default,fresh_process,observed,1.0982298112940043,cholesky2,,2,2,d99d5b0becbfb22bf45157e320f447a583444c901fafb55b0e5b1a90147a5923,b9394a55df0718e0c2862384f101bc746b522dc7acfbed649b0716c8d79c2363,,selected_process_variability
compute,numpy,default,fresh_process,observed,0.930502540897578,compute,,2,2,edf335f51b0a6a5a63d4d1e8c77cdda9a31939cdf30081571adf738ae28f7732,c95ef8e4674e9795c2c4376c3b88240655d27d77a534d2db1cf991c275146691,,
compute,numba,nopython-mode,fresh_process,observed,1.6656409914139658,compute,,2,2,edf335f51b0a6a5a63d4d1e8c77cdda9a31939cdf30081571adf738ae28f7732,c95ef8e4674e9795c2c4376c3b88240655d27d77a534d2db1cf991c275146691,,historical_disk_cache_hit_not_recorded;selected_process_variability
compute,numba,nopython-mode-parallel,fresh_process,observed,0.620152433635667,compute,,2,2,edf335f51b0a6a5a63d4d1e8c77cdda9a31939cdf30081571adf738ae28f7732,c95ef8e4674e9795c2c4376c3b88240655d27d77a534d2db1cf991c275146691,,historical_disk_cache_hit_not_recorded;new_sampling_or_resources
compute,numba,nopython-mode-parallel-range,fresh_process,N/A,,,,,,,,,
compute,numba,object-mode,fresh_process,observed,8.939881059341133,compute,,2,2,edf335f51b0a6a5a63d4d1e8c77cdda9a31939cdf30081571adf738ae28f7732,c95ef8e4674e9795c2c4376c3b88240655d27d77a534d2db1cf991c275146691,,historical_disk_cache_hit_not_recorded;selected_process_variability
compute,numba,object-mode-parallel,fresh_process,observed,6.6840949659235775,compute,,2,2,edf335f51b0a6a5a63d4d1e8c77cdda9a31939cdf30081571adf738ae28f7732,c95ef8e4674e9795c2c4376c3b88240655d27d77a534d2db1cf991c275146691,,historical_disk_cache_hit_not_recorded
compute,numba,object-mode-parallel-range,fresh_process,N/A,,,,,,,,,
compute,dace_cpu,fusion,fresh_process,observed,0.22619228181429207,compute,,2,2,edf335f51b0a6a5a63d4d1e8c77cdda9a31939cdf30081571adf738ae28f7732,c95ef8e4674e9795c2c4376c3b88240655d27d77a534d2db1cf991c275146691,,
compute,dace_cpu,parallel,fresh_process,observed,0.23364514554850757,compute,,2,2,edf335f51b0a6a5a63d4d1e8c77cdda9a31939cdf30081571adf738ae28f7732,c95ef8e4674e9795c2c4376c3b88240655d27d77a534d2db1cf991c275146691,,selected_process_variability
compute,dace_cpu,auto_opt,fresh_process,observed,0.20753429410979152,compute,,2,2,edf335f51b0a6a5a63d4d1e8c77cdda9a31939cdf30081571adf738ae28f7732,c95ef8e4674e9795c2c4376c3b88240655d27d77a534d2db1cf991c275146691,,
compute,dace_gpu,fusion,fresh_process,observed,3.867477460997179,compute,,2,2,edf335f51b0a6a5a63d4d1e8c77cdda9a31939cdf30081571adf738ae28f7732,c95ef8e4674e9795c2c4376c3b88240655d27d77a534d2db1cf991c275146691,,
compute,dace_gpu,parallel,fresh_process,observed,3.6504466531332582,compute,,2,2,edf335f51b0a6a5a63d4d1e8c77cdda9a31939cdf30081571adf738ae28f7732,c95ef8e4674e9795c2c4376c3b88240655d27d77a534d2db1cf991c275146691,,
compute,dace_gpu,auto_opt,fresh_process,observed,3.8334494319278747,compute,,2,2,edf335f51b0a6a5a63d4d1e8c77cdda9a31939cdf30081571adf738ae28f7732,c95ef8e4674e9795c2c4376c3b88240655d27d77a534d2db1cf991c275146691,,
compute,cupy,default,fresh_process,observed,7.170667099999264,compute,,2,2,edf335f51b0a6a5a63d4d1e8c77cdda9a31939cdf30081571adf738ae28f7732,c95ef8e4674e9795c2c4376c3b88240655d27d77a534d2db1cf991c275146691,,selected_process_variability
contour_integral,numpy,default,fresh_process,observed,2.0966431507840753,contour_integral,,2,2,b7bd5d51e17faaa7d7b471e2377876f282bd7deed775cb160db56f12df313057,96e60b8e822b16860d5bd015f984ac2828ce239aab0d0628d36a60c7c4be7697,,
contour_integral,numba,nopython-mode,fresh_process,observed,2.421845736913383,contour_integral,,3,3,b7bd5d51e17faaa7d7b471e2377876f282bd7deed775cb160db56f12df313057,96e60b8e822b16860d5bd015f984ac2828ce239aab0d0628d36a60c7c4be7697,,
contour_integral,numba,nopython-mode-parallel,fresh_process,observed,5.912880250019953,contour_integral,,2,2,b7bd5d51e17faaa7d7b471e2377876f282bd7deed775cb160db56f12df313057,96e60b8e822b16860d5bd015f984ac2828ce239aab0d0628d36a60c7c4be7697,,historical_disk_cache_hit_not_recorded
contour_integral,numba,nopython-mode-parallel-range,fresh_process,observed,3.0286486851982772,contour_integral,,2,2,b7bd5d51e17faaa7d7b471e2377876f282bd7deed775cb160db56f12df313057,96e60b8e822b16860d5bd015f984ac2828ce239aab0d0628d36a60c7c4be7697,,historical_disk_cache_hit_not_recorded
contour_integral,numba,object-mode,fresh_process,N/A,,,,,,,,,
contour_integral,numba,object-mode-parallel,fresh_process,N/A,,,,,,,,,
contour_integral,numba,object-mode-parallel-range,fresh_process,N/A,,,,,,,,,
contour_integral,dace_cpu,fusion,fresh_process,observed,6.139534032670781,contour_integral,,2,2,b7bd5d51e17faaa7d7b471e2377876f282bd7deed775cb160db56f12df313057,96e60b8e822b16860d5bd015f984ac2828ce239aab0d0628d36a60c7c4be7697,,
contour_integral,dace_cpu,parallel,fresh_process,observed,6.278572529554367,contour_integral,,2,2,b7bd5d51e17faaa7d7b471e2377876f282bd7deed775cb160db56f12df313057,96e60b8e822b16860d5bd015f984ac2828ce239aab0d0628d36a60c7c4be7697,,
contour_integral,dace_cpu,auto_opt,fresh_process,observed,5.838365772971883,contour_integral,,2,2,b7bd5d51e17faaa7d7b471e2377876f282bd7deed775cb160db56f12df313057,96e60b8e822b16860d5bd015f984ac2828ce239aab0d0628d36a60c7c4be7697,,
contour_integral,dace_gpu,fusion,fresh_process,validation,,contour_integral,,0,0,b7bd5d51e17faaa7d7b471e2377876f282bd7deed775cb160db56f12df313057,96e60b8e822b16860d5bd015f984ac2828ce239aab0d0628d36a60c7c4be7697,,
contour_integral,dace_gpu,parallel,fresh_process,validation,,contour_integral,,0,0,b7bd5d51e17faaa7d7b471e2377876f282bd7deed775cb160db56f12df313057,96e60b8e822b16860d5bd015f984ac2828ce239aab0d0628d36a60c7c4be7697,,
contour_integral,dace_gpu,auto_opt,fresh_process,validation,,contour_integral,,0,0,b7bd5d51e17faaa7d7b471e2377876f282bd7deed775cb160db56f12df313057,96e60b8e822b16860d5bd015f984ac2828ce239aab0d0628d36a60c7c4be7697,,
contour_integral,cupy,default,fresh_process,observed,0.8410511242691427,contour_integral,,2,2,b7bd5d51e17faaa7d7b471e2377876f282bd7deed775cb160db56f12df313057,96e60b8e822b16860d5bd015f984ac2828ce239aab0d0628d36a60c7c4be7697,,
conv2d_bias,numpy,default,fresh_process,observed,1.8212799390312284,conv2d_bias,,2,2,c47a0f873d63acc5fa1d36e1061d8e90bf59c5186703fc221aaf46384c6dbae8,3652f4ad2c784bef2f715b7aa13d7e3a9d461dbdbed77498119dc3c0f00cc660,,selected_process_variability
conv2d_bias,numba,nopython-mode,fresh_process,observed,1.8158268425613642,conv2d_bias,,2,2,c47a0f873d63acc5fa1d36e1061d8e90bf59c5186703fc221aaf46384c6dbae8,3652f4ad2c784bef2f715b7aa13d7e3a9d461dbdbed77498119dc3c0f00cc660,,historical_disk_cache_hit_not_recorded
conv2d_bias,numba,nopython-mode-parallel,fresh_process,observed,5.48130616126582,conv2d_bias,,2,2,c47a0f873d63acc5fa1d36e1061d8e90bf59c5186703fc221aaf46384c6dbae8,3652f4ad2c784bef2f715b7aa13d7e3a9d461dbdbed77498119dc3c0f00cc660,,historical_disk_cache_hit_not_recorded
conv2d_bias,numba,nopython-mode-parallel-range,fresh_process,observed,0.5734574808739126,conv2d_bias,,2,2,c47a0f873d63acc5fa1d36e1061d8e90bf59c5186703fc221aaf46384c6dbae8,3652f4ad2c784bef2f715b7aa13d7e3a9d461dbdbed77498119dc3c0f00cc660,,historical_disk_cache_hit_not_recorded;new_variability;selected_process_variability
conv2d_bias,numba,object-mode,fresh_process,error,,conv2d_bias,,0,0,c47a0f873d63acc5fa1d36e1061d8e90bf59c5186703fc221aaf46384c6dbae8,3652f4ad2c784bef2f715b7aa13d7e3a9d461dbdbed77498119dc3c0f00cc660,,
conv2d_bias,numba,object-mode-parallel,fresh_process,error,,conv2d_bias,,0,0,c47a0f873d63acc5fa1d36e1061d8e90bf59c5186703fc221aaf46384c6dbae8,3652f4ad2c784bef2f715b7aa13d7e3a9d461dbdbed77498119dc3c0f00cc660,,
conv2d_bias,numba,object-mode-parallel-range,fresh_process,observed,3.2497348724864423,conv2d_bias,,2,2,c47a0f873d63acc5fa1d36e1061d8e90bf59c5186703fc221aaf46384c6dbae8,3652f4ad2c784bef2f715b7aa13d7e3a9d461dbdbed77498119dc3c0f00cc660,,historical_disk_cache_hit_not_recorded
conv2d_bias,dace_cpu,fusion,fresh_process,observed,2.888467335840687,conv2d_bias,,2,2,c47a0f873d63acc5fa1d36e1061d8e90bf59c5186703fc221aaf46384c6dbae8,3652f4ad2c784bef2f715b7aa13d7e3a9d461dbdbed77498119dc3c0f00cc660,,
conv2d_bias,dace_cpu,parallel,fresh_process,observed,2.681452530901879,conv2d_bias,,2,2,c47a0f873d63acc5fa1d36e1061d8e90bf59c5186703fc221aaf46384c6dbae8,3652f4ad2c784bef2f715b7aa13d7e3a9d461dbdbed77498119dc3c0f00cc660,,selected_process_variability
conv2d_bias,dace_cpu,auto_opt,fresh_process,observed,2.6508522289805114,conv2d_bias,,2,2,c47a0f873d63acc5fa1d36e1061d8e90bf59c5186703fc221aaf46384c6dbae8,3652f4ad2c784bef2f715b7aa13d7e3a9d461dbdbed77498119dc3c0f00cc660,,selected_process_variability
conv2d_bias,dace_gpu,fusion,fresh_process,validation,,conv2d_bias,,0,0,c47a0f873d63acc5fa1d36e1061d8e90bf59c5186703fc221aaf46384c6dbae8,3652f4ad2c784bef2f715b7aa13d7e3a9d461dbdbed77498119dc3c0f00cc660,,
conv2d_bias,dace_gpu,parallel,fresh_process,validation,,conv2d_bias,,0,0,c47a0f873d63acc5fa1d36e1061d8e90bf59c5186703fc221aaf46384c6dbae8,3652f4ad2c784bef2f715b7aa13d7e3a9d461dbdbed77498119dc3c0f00cc660,,
conv2d_bias,dace_gpu,auto_opt,fresh_process,validation,,conv2d_bias,,0,0,c47a0f873d63acc5fa1d36e1061d8e90bf59c5186703fc221aaf46384c6dbae8,3652f4ad2c784bef2f715b7aa13d7e3a9d461dbdbed77498119dc3c0f00cc660,,
conv2d_bias,cupy,default,fresh_process,observed,1.9604354004841298,conv2d_bias,,2,2,c47a0f873d63acc5fa1d36e1061d8e90bf59c5186703fc221aaf46384c6dbae8,3652f4ad2c784bef2f715b7aa13d7e3a9d461dbdbed77498119dc3c0f00cc660,,selected_process_variability
correlation,numpy,default,fresh_process,observed,1.2518357958178967,correlation,,2,2,5bed53d94756b29d6c326b3510b9e7380e2b6d4931a68ec824535ca294b9c166,90af084039550dbfa1b2c0aafc8d4694c42209b191fd5b47f0314658efaf5513,,
correlation,numba,nopython-mode,fresh_process,observed,155.50382782053202,correlation,,2,2,5bed53d94756b29d6c326b3510b9e7380e2b6d4931a68ec824535ca294b9c166,90af084039550dbfa1b2c0aafc8d4694c42209b191fd5b47f0314658efaf5513,,historical_disk_cache_hit_not_recorded
correlation,numba,nopython-mode-parallel,fresh_process,error,,correlation,,0,0,5bed53d94756b29d6c326b3510b9e7380e2b6d4931a68ec824535ca294b9c166,90af084039550dbfa1b2c0aafc8d4694c42209b191fd5b47f0314658efaf5513,,
correlation,numba,nopython-mode-parallel-range,fresh_process,error,,correlation,,0,0,5bed53d94756b29d6c326b3510b9e7380e2b6d4931a68ec824535ca294b9c166,90af084039550dbfa1b2c0aafc8d4694c42209b191fd5b47f0314658efaf5513,,
correlation,numba,object-mode,fresh_process,unsupported,,correlation,,0,0,5bed53d94756b29d6c326b3510b9e7380e2b6d4931a68ec824535ca294b9c166,90af084039550dbfa1b2c0aafc8d4694c42209b191fd5b47f0314658efaf5513,,
correlation,numba,object-mode-parallel,fresh_process,unsupported,,correlation,,0,0,5bed53d94756b29d6c326b3510b9e7380e2b6d4931a68ec824535ca294b9c166,90af084039550dbfa1b2c0aafc8d4694c42209b191fd5b47f0314658efaf5513,,
correlation,numba,object-mode-parallel-range,fresh_process,unsupported,,correlation,,0,0,5bed53d94756b29d6c326b3510b9e7380e2b6d4931a68ec824535ca294b9c166,90af084039550dbfa1b2c0aafc8d4694c42209b191fd5b47f0314658efaf5513,,
correlation,dace_cpu,fusion,fresh_process,observed,1.361503324471414,correlation,,2,2,5bed53d94756b29d6c326b3510b9e7380e2b6d4931a68ec824535ca294b9c166,90af084039550dbfa1b2c0aafc8d4694c42209b191fd5b47f0314658efaf5513,,
correlation,dace_cpu,parallel,fresh_process,observed,1.4941546393092722,correlation,,2,2,5bed53d94756b29d6c326b3510b9e7380e2b6d4931a68ec824535ca294b9c166,90af084039550dbfa1b2c0aafc8d4694c42209b191fd5b47f0314658efaf5513,,
correlation,dace_cpu,auto_opt,fresh_process,observed,1.3967713550664485,correlation,,2,2,5bed53d94756b29d6c326b3510b9e7380e2b6d4931a68ec824535ca294b9c166,90af084039550dbfa1b2c0aafc8d4694c42209b191fd5b47f0314658efaf5513,,
correlation,dace_gpu,fusion,fresh_process,observed,1.848588825436309,correlation,,2,2,5bed53d94756b29d6c326b3510b9e7380e2b6d4931a68ec824535ca294b9c166,90af084039550dbfa1b2c0aafc8d4694c42209b191fd5b47f0314658efaf5513,,
correlation,dace_gpu,parallel,fresh_process,observed,1.9672994611319155,correlation,,2,2,5bed53d94756b29d6c326b3510b9e7380e2b6d4931a68ec824535ca294b9c166,90af084039550dbfa1b2c0aafc8d4694c42209b191fd5b47f0314658efaf5513,,
correlation,dace_gpu,auto_opt,fresh_process,observed,1.834411138901487,correlation,,2,2,5bed53d94756b29d6c326b3510b9e7380e2b6d4931a68ec824535ca294b9c166,90af084039550dbfa1b2c0aafc8d4694c42209b191fd5b47f0314658efaf5513,,
correlation,cupy,default,fresh_process,observed,1.364117636345327,correlation_return,,2,2,4708febb51509c27799764226558ac090461d90855debef2b30a03c03ef57f6e,a80325d29cec49a59ec855ace66ce22deb5c4598a5707696210d3afdf6a571ee,,between_process_variability;two_later_processes_only
covariance,numpy,default,fresh_process,observed,1.2197463980410248,covariance,,2,2,58b3a80d268ca9926b9a85556fa505122524ca4c66cc443c90a1e88c8ffec02f,af17a377caed2a970d699d0afa2fcc0382f2e0ec47bdab98c00e9bb2f70fcc48,,
covariance,numba,nopython-mode,fresh_process,observed,141.6968495505862,covariance,,2,2,58b3a80d268ca9926b9a85556fa505122524ca4c66cc443c90a1e88c8ffec02f,af17a377caed2a970d699d0afa2fcc0382f2e0ec47bdab98c00e9bb2f70fcc48,,historical_disk_cache_hit_not_recorded
covariance,numba,nopython-mode-parallel,fresh_process,error,,covariance,,0,0,58b3a80d268ca9926b9a85556fa505122524ca4c66cc443c90a1e88c8ffec02f,af17a377caed2a970d699d0afa2fcc0382f2e0ec47bdab98c00e9bb2f70fcc48,,
covariance,numba,nopython-mode-parallel-range,fresh_process,error,,covariance,,0,0,58b3a80d268ca9926b9a85556fa505122524ca4c66cc443c90a1e88c8ffec02f,af17a377caed2a970d699d0afa2fcc0382f2e0ec47bdab98c00e9bb2f70fcc48,,
covariance,numba,object-mode,fresh_process,unsupported,,covariance,,0,0,58b3a80d268ca9926b9a85556fa505122524ca4c66cc443c90a1e88c8ffec02f,af17a377caed2a970d699d0afa2fcc0382f2e0ec47bdab98c00e9bb2f70fcc48,,
covariance,numba,object-mode-parallel,fresh_process,unsupported,,covariance,,0,0,58b3a80d268ca9926b9a85556fa505122524ca4c66cc443c90a1e88c8ffec02f,af17a377caed2a970d699d0afa2fcc0382f2e0ec47bdab98c00e9bb2f70fcc48,,
covariance,numba,object-mode-parallel-range,fresh_process,unsupported,,covariance,,0,0,58b3a80d268ca9926b9a85556fa505122524ca4c66cc443c90a1e88c8ffec02f,af17a377caed2a970d699d0afa2fcc0382f2e0ec47bdab98c00e9bb2f70fcc48,,
covariance,dace_cpu,fusion,fresh_process,observed,68.64072177442722,covariance,,2,2,58b3a80d268ca9926b9a85556fa505122524ca4c66cc443c90a1e88c8ffec02f,af17a377caed2a970d699d0afa2fcc0382f2e0ec47bdab98c00e9bb2f70fcc48,,
covariance,dace_cpu,parallel,fresh_process,observed,67.8752073738724,covariance,,2,2,58b3a80d268ca9926b9a85556fa505122524ca4c66cc443c90a1e88c8ffec02f,af17a377caed2a970d699d0afa2fcc0382f2e0ec47bdab98c00e9bb2f70fcc48,,
covariance,dace_cpu,auto_opt,fresh_process,observed,69.27061506686732,covariance,,2,2,58b3a80d268ca9926b9a85556fa505122524ca4c66cc443c90a1e88c8ffec02f,af17a377caed2a970d699d0afa2fcc0382f2e0ec47bdab98c00e9bb2f70fcc48,,
covariance,dace_gpu,fusion,fresh_process,observed,1.9386972507927567,covariance,,2,2,58b3a80d268ca9926b9a85556fa505122524ca4c66cc443c90a1e88c8ffec02f,af17a377caed2a970d699d0afa2fcc0382f2e0ec47bdab98c00e9bb2f70fcc48,,
covariance,dace_gpu,parallel,fresh_process,observed,1.8819544911384583,covariance,,2,2,58b3a80d268ca9926b9a85556fa505122524ca4c66cc443c90a1e88c8ffec02f,af17a377caed2a970d699d0afa2fcc0382f2e0ec47bdab98c00e9bb2f70fcc48,,
covariance,dace_gpu,auto_opt,fresh_process,observed,1.780530338641256,covariance,,2,2,58b3a80d268ca9926b9a85556fa505122524ca4c66cc443c90a1e88c8ffec02f,af17a377caed2a970d699d0afa2fcc0382f2e0ec47bdab98c00e9bb2f70fcc48,,
covariance,cupy,default,fresh_process,observed,1.6382684307172894,covariance,,2,2,58b3a80d268ca9926b9a85556fa505122524ca4c66cc443c90a1e88c8ffec02f,af17a377caed2a970d699d0afa2fcc0382f2e0ec47bdab98c00e9bb2f70fcc48,,
covariance2,numpy,default,fresh_process,observed,0.20067922258749604,covariance2,,2,2,b81db17e032d058c24615c34bdcb3c48ed5a23e6cf458082da80be982f4559fa,e1424bc66fff5f5bb8acd9b4f317faa2af4ea1da59094eb63d32d82413d01c9b,,
covariance2,numba,nopython-mode,fresh_process,observed,0.8093745766673237,covariance2,,2,2,b81db17e032d058c24615c34bdcb3c48ed5a23e6cf458082da80be982f4559fa,e1424bc66fff5f5bb8acd9b4f317faa2af4ea1da59094eb63d32d82413d01c9b,,historical_disk_cache_hit_not_recorded
covariance2,numba,nopython-mode-parallel,fresh_process,N/A,,,,,,,,,
covariance2,numba,nopython-mode-parallel-range,fresh_process,N/A,,,,,,,,,
covariance2,numba,object-mode,fresh_process,N/A,,,,,,,,,
covariance2,numba,object-mode-parallel,fresh_process,N/A,,,,,,,,,
covariance2,numba,object-mode-parallel-range,fresh_process,N/A,,,,,,,,,
covariance2,dace_cpu,fusion,fresh_process,missing,,covariance2,,0,0,b81db17e032d058c24615c34bdcb3c48ed5a23e6cf458082da80be982f4559fa,e1424bc66fff5f5bb8acd9b4f317faa2af4ea1da59094eb63d32d82413d01c9b,,
covariance2,dace_cpu,parallel,fresh_process,missing,,covariance2,,0,0,b81db17e032d058c24615c34bdcb3c48ed5a23e6cf458082da80be982f4559fa,e1424bc66fff5f5bb8acd9b4f317faa2af4ea1da59094eb63d32d82413d01c9b,,
covariance2,dace_cpu,auto_opt,fresh_process,missing,,covariance2,,0,0,b81db17e032d058c24615c34bdcb3c48ed5a23e6cf458082da80be982f4559fa,e1424bc66fff5f5bb8acd9b4f317faa2af4ea1da59094eb63d32d82413d01c9b,,
covariance2,dace_gpu,fusion,fresh_process,missing,,covariance2,,0,0,b81db17e032d058c24615c34bdcb3c48ed5a23e6cf458082da80be982f4559fa,e1424bc66fff5f5bb8acd9b4f317faa2af4ea1da59094eb63d32d82413d01c9b,,
covariance2,dace_gpu,parallel,fresh_process,missing,,covariance2,,0,0,b81db17e032d058c24615c34bdcb3c48ed5a23e6cf458082da80be982f4559fa,e1424bc66fff5f5bb8acd9b4f317faa2af4ea1da59094eb63d32d82413d01c9b,,
covariance2,dace_gpu,auto_opt,fresh_process,missing,,covariance2,,0,0,b81db17e032d058c24615c34bdcb3c48ed5a23e6cf458082da80be982f4559fa,e1424bc66fff5f5bb8acd9b4f317faa2af4ea1da59094eb63d32d82413d01c9b,,
covariance2,cupy,default,fresh_process,missing,,covariance2,,0,0,b81db17e032d058c24615c34bdcb3c48ed5a23e6cf458082da80be982f4559fa,e1424bc66fff5f5bb8acd9b4f317faa2af4ea1da59094eb63d32d82413d01c9b,,
crc16,numpy,default,fresh_process,observed,0.7455242641735822,crc16,,2,2,a7203e25a233dc7df7310c8693f87c1b6b61fb79f1dbf0005a64f986bb9b4471,f5e374255acb40d3b61ef049439a216956523578089519cdbac1c787454c279b,,
crc16,numba,nopython-mode,fresh_process,observed,0.37726258486509323,crc16,,2,2,a7203e25a233dc7df7310c8693f87c1b6b61fb79f1dbf0005a64f986bb9b4471,f5e374255acb40d3b61ef049439a216956523578089519cdbac1c787454c279b,,historical_disk_cache_hit_not_recorded
crc16,numba,nopython-mode-parallel,fresh_process,observed,0.38756797881796956,crc16,,3,3,a7203e25a233dc7df7310c8693f87c1b6b61fb79f1dbf0005a64f986bb9b4471,f5e374255acb40d3b61ef049439a216956523578089519cdbac1c787454c279b,,
crc16,numba,nopython-mode-parallel-range,fresh_process,N/A,,,,,,,,,
crc16,numba,object-mode,fresh_process,N/A,,,,,,,,,
crc16,numba,object-mode-parallel,fresh_process,N/A,,,,,,,,,
crc16,numba,object-mode-parallel-range,fresh_process,N/A,,,,,,,,,
crc16,dace_cpu,fusion,fresh_process,observed,0.03434290084987879,crc16,,2,2,a7203e25a233dc7df7310c8693f87c1b6b61fb79f1dbf0005a64f986bb9b4471,f5e374255acb40d3b61ef049439a216956523578089519cdbac1c787454c279b,,
crc16,dace_cpu,parallel,fresh_process,observed,0.0808100055437535,crc16,,2,2,a7203e25a233dc7df7310c8693f87c1b6b61fb79f1dbf0005a64f986bb9b4471,f5e374255acb40d3b61ef049439a216956523578089519cdbac1c787454c279b,,
crc16,dace_cpu,auto_opt,fresh_process,observed,0.041475013829767704,crc16,,2,2,a7203e25a233dc7df7310c8693f87c1b6b61fb79f1dbf0005a64f986bb9b4471,f5e374255acb40d3b61ef049439a216956523578089519cdbac1c787454c279b,,
crc16,dace_gpu,fusion,fresh_process,observed,6.585593188647181,crc16,,2,2,a7203e25a233dc7df7310c8693f87c1b6b61fb79f1dbf0005a64f986bb9b4471,f5e374255acb40d3b61ef049439a216956523578089519cdbac1c787454c279b,,
crc16,dace_gpu,parallel,fresh_process,observed,6.670509045943618,crc16,,2,2,a7203e25a233dc7df7310c8693f87c1b6b61fb79f1dbf0005a64f986bb9b4471,f5e374255acb40d3b61ef049439a216956523578089519cdbac1c787454c279b,,
crc16,dace_gpu,auto_opt,fresh_process,observed,6.66623241500929,crc16,,2,2,a7203e25a233dc7df7310c8693f87c1b6b61fb79f1dbf0005a64f986bb9b4471,f5e374255acb40d3b61ef049439a216956523578089519cdbac1c787454c279b,,
crc16,cupy,default,fresh_process,observed,101.84519536118023,crc16,,2,2,a7203e25a233dc7df7310c8693f87c1b6b61fb79f1dbf0005a64f986bb9b4471,f5e374255acb40d3b61ef049439a216956523578089519cdbac1c787454c279b,,
deriche,numpy,default,fresh_process,observed,0.7761478875763714,deriche,,2,2,ef9e5773989e084d7d1b667806f77c2b4ac4ac430dad3a2726f189d79dc3abc8,86bedd90fc265ce6365b560b64f12b89d3c2d5bf501294f5352e2a58074f9840,,
deriche,numba,nopython-mode,fresh_process,observed,1.3075762679800391,deriche,,2,2,ef9e5773989e084d7d1b667806f77c2b4ac4ac430dad3a2726f189d79dc3abc8,86bedd90fc265ce6365b560b64f12b89d3c2d5bf501294f5352e2a58074f9840,,historical_disk_cache_hit_not_recorded
deriche,numba,nopython-mode-parallel,fresh_process,observed,3.0416816528886557,deriche,,2,2,ef9e5773989e084d7d1b667806f77c2b4ac4ac430dad3a2726f189d79dc3abc8,86bedd90fc265ce6365b560b64f12b89d3c2d5bf501294f5352e2a58074f9840,,historical_disk_cache_hit_not_recorded
deriche,numba,nopython-mode-parallel-range,fresh_process,N/A,,,,,,,,,
deriche,numba,object-mode,fresh_process,N/A,,,,,,,,,
deriche,numba,object-mode-parallel,fresh_process,N/A,,,,,,,,,
deriche,numba,object-mode-parallel-range,fresh_process,N/A,,,,,,,,,
deriche,dace_cpu,fusion,fresh_process,observed,2.4205315546132624,deriche,,2,2,ef9e5773989e084d7d1b667806f77c2b4ac4ac430dad3a2726f189d79dc3abc8,86bedd90fc265ce6365b560b64f12b89d3c2d5bf501294f5352e2a58074f9840,,
deriche,dace_cpu,parallel,fresh_process,observed,2.49813388613984,deriche,,2,2,ef9e5773989e084d7d1b667806f77c2b4ac4ac430dad3a2726f189d79dc3abc8,86bedd90fc265ce6365b560b64f12b89d3c2d5bf501294f5352e2a58074f9840,,selected_process_variability
deriche,dace_cpu,auto_opt,fresh_process,observed,2.1355449955444783,deriche,,2,2,ef9e5773989e084d7d1b667806f77c2b4ac4ac430dad3a2726f189d79dc3abc8,86bedd90fc265ce6365b560b64f12b89d3c2d5bf501294f5352e2a58074f9840,,selected_process_variability
deriche,dace_gpu,fusion,fresh_process,observed,2.0043478768784553,deriche,,2,2,ef9e5773989e084d7d1b667806f77c2b4ac4ac430dad3a2726f189d79dc3abc8,86bedd90fc265ce6365b560b64f12b89d3c2d5bf501294f5352e2a58074f9840,,
deriche,dace_gpu,parallel,fresh_process,observed,2.097470312844962,deriche,,2,2,ef9e5773989e084d7d1b667806f77c2b4ac4ac430dad3a2726f189d79dc3abc8,86bedd90fc265ce6365b560b64f12b89d3c2d5bf501294f5352e2a58074f9840,,
deriche,dace_gpu,auto_opt,fresh_process,observed,1.9319251929409802,deriche,,3,3,ef9e5773989e084d7d1b667806f77c2b4ac4ac430dad3a2726f189d79dc3abc8,86bedd90fc265ce6365b560b64f12b89d3c2d5bf501294f5352e2a58074f9840,,
deriche,cupy,default,fresh_process,observed,2.913272342644632,deriche,,2,2,ef9e5773989e084d7d1b667806f77c2b4ac4ac430dad3a2726f189d79dc3abc8,86bedd90fc265ce6365b560b64f12b89d3c2d5bf501294f5352e2a58074f9840,,
doitgen,numpy,default,fresh_process,observed,2.3344925926066935,doitgen,,2,2,0a710e9d831ec217703666c373d0b37a2be01b536d40ad9f598bb77b08a6f7ff,e54ec8efb6b8a7fe086a96f3c0074529002b4a5aad97bbd19161c0a49cf1bb9d,,
doitgen,numba,nopython-mode,fresh_process,observed,2.312975214328617,doitgen,,2,2,0a710e9d831ec217703666c373d0b37a2be01b536d40ad9f598bb77b08a6f7ff,e54ec8efb6b8a7fe086a96f3c0074529002b4a5aad97bbd19161c0a49cf1bb9d,,historical_disk_cache_hit_not_recorded;selected_process_variability
doitgen,numba,nopython-mode-parallel,fresh_process,N/A,,,,,,,,,
doitgen,numba,nopython-mode-parallel-range,fresh_process,N/A,,,,,,,,,
doitgen,numba,object-mode,fresh_process,observed,2.7369218131061643,doitgen,,2,2,0a710e9d831ec217703666c373d0b37a2be01b536d40ad9f598bb77b08a6f7ff,e54ec8efb6b8a7fe086a96f3c0074529002b4a5aad97bbd19161c0a49cf1bb9d,,historical_disk_cache_hit_not_recorded
doitgen,numba,object-mode-parallel,fresh_process,observed,2.5652546985074878,doitgen,,2,2,0a710e9d831ec217703666c373d0b37a2be01b536d40ad9f598bb77b08a6f7ff,e54ec8efb6b8a7fe086a96f3c0074529002b4a5aad97bbd19161c0a49cf1bb9d,,historical_disk_cache_hit_not_recorded;selected_process_variability
doitgen,numba,object-mode-parallel-range,fresh_process,N/A,,,,,,,,,
doitgen,dace_cpu,fusion,fresh_process,observed,0.41451522149145603,doitgen,,2,2,0a710e9d831ec217703666c373d0b37a2be01b536d40ad9f598bb77b08a6f7ff,e54ec8efb6b8a7fe086a96f3c0074529002b4a5aad97bbd19161c0a49cf1bb9d,,selected_process_variability
doitgen,dace_cpu,parallel,fresh_process,observed,0.33624730398878455,doitgen,,2,2,0a710e9d831ec217703666c373d0b37a2be01b536d40ad9f598bb77b08a6f7ff,e54ec8efb6b8a7fe086a96f3c0074529002b4a5aad97bbd19161c0a49cf1bb9d,,new_sampling_or_resources;selected_process_variability
doitgen,dace_cpu,auto_opt,fresh_process,observed,0.4118162146769464,doitgen,,2,2,0a710e9d831ec217703666c373d0b37a2be01b536d40ad9f598bb77b08a6f7ff,e54ec8efb6b8a7fe086a96f3c0074529002b4a5aad97bbd19161c0a49cf1bb9d,,
doitgen,dace_gpu,fusion,fresh_process,observed,1.40497175604105,doitgen,,2,2,0a710e9d831ec217703666c373d0b37a2be01b536d40ad9f598bb77b08a6f7ff,e54ec8efb6b8a7fe086a96f3c0074529002b4a5aad97bbd19161c0a49cf1bb9d,,
doitgen,dace_gpu,parallel,fresh_process,observed,1.407622690545395,doitgen,,2,2,0a710e9d831ec217703666c373d0b37a2be01b536d40ad9f598bb77b08a6f7ff,e54ec8efb6b8a7fe086a96f3c0074529002b4a5aad97bbd19161c0a49cf1bb9d,,
doitgen,dace_gpu,auto_opt,fresh_process,observed,1.4745149943046272,doitgen,,2,2,0a710e9d831ec217703666c373d0b37a2be01b536d40ad9f598bb77b08a6f7ff,e54ec8efb6b8a7fe086a96f3c0074529002b4a5aad97bbd19161c0a49cf1bb9d,,
doitgen,cupy,default,fresh_process,observed,0.8623226569034159,doitgen,,2,2,0a710e9d831ec217703666c373d0b37a2be01b536d40ad9f598bb77b08a6f7ff,e54ec8efb6b8a7fe086a96f3c0074529002b4a5aad97bbd19161c0a49cf1bb9d,,
durbin,numpy,default,fresh_process,observed,2.2192536680959165,durbin,,3,3,7437c8bf3a6ba1cbc2df811774313bdf292efa8f737e2b875afbdc1c26ff99aa,ce8fe98cca13e7ff78b2059649cf38d58a3f2af294a834c6e4698392b4e95b14,,
durbin,numba,nopython-mode,fresh_process,observed,2.4587439647875726,durbin,,2,2,7437c8bf3a6ba1cbc2df811774313bdf292efa8f737e2b875afbdc1c26ff99aa,ce8fe98cca13e7ff78b2059649cf38d58a3f2af294a834c6e4698392b4e95b14,,historical_disk_cache_hit_not_recorded;new_variability;selected_process_variability
durbin,numba,nopython-mode-parallel,fresh_process,error,,durbin,,0,0,7437c8bf3a6ba1cbc2df811774313bdf292efa8f737e2b875afbdc1c26ff99aa,ce8fe98cca13e7ff78b2059649cf38d58a3f2af294a834c6e4698392b4e95b14,,
durbin,numba,nopython-mode-parallel-range,fresh_process,N/A,,,,,,,,,
durbin,numba,object-mode,fresh_process,N/A,,,,,,,,,
durbin,numba,object-mode-parallel,fresh_process,N/A,,,,,,,,,
durbin,numba,object-mode-parallel-range,fresh_process,N/A,,,,,,,,,
durbin,dace_cpu,fusion,fresh_process,timeout,,durbin,,0,0,7437c8bf3a6ba1cbc2df811774313bdf292efa8f737e2b875afbdc1c26ff99aa,ce8fe98cca13e7ff78b2059649cf38d58a3f2af294a834c6e4698392b4e95b14,,
durbin,dace_cpu,parallel,fresh_process,timeout,,durbin,,0,0,7437c8bf3a6ba1cbc2df811774313bdf292efa8f737e2b875afbdc1c26ff99aa,ce8fe98cca13e7ff78b2059649cf38d58a3f2af294a834c6e4698392b4e95b14,,
durbin,dace_cpu,auto_opt,fresh_process,timeout,,durbin,,0,0,7437c8bf3a6ba1cbc2df811774313bdf292efa8f737e2b875afbdc1c26ff99aa,ce8fe98cca13e7ff78b2059649cf38d58a3f2af294a834c6e4698392b4e95b14,,
durbin,dace_gpu,fusion,fresh_process,observed,2.660711203934625,durbin,,2,2,7437c8bf3a6ba1cbc2df811774313bdf292efa8f737e2b875afbdc1c26ff99aa,ce8fe98cca13e7ff78b2059649cf38d58a3f2af294a834c6e4698392b4e95b14,,
durbin,dace_gpu,parallel,fresh_process,observed,2.651708386838436,durbin,,2,2,7437c8bf3a6ba1cbc2df811774313bdf292efa8f737e2b875afbdc1c26ff99aa,ce8fe98cca13e7ff78b2059649cf38d58a3f2af294a834c6e4698392b4e95b14,,
durbin,dace_gpu,auto_opt,fresh_process,observed,2.643585845362395,durbin,,2,2,7437c8bf3a6ba1cbc2df811774313bdf292efa8f737e2b875afbdc1c26ff99aa,ce8fe98cca13e7ff78b2059649cf38d58a3f2af294a834c6e4698392b4e95b14,,
durbin,cupy,default,fresh_process,observed,4.654028359102085,durbin,,2,2,7437c8bf3a6ba1cbc2df811774313bdf292efa8f737e2b875afbdc1c26ff99aa,ce8fe98cca13e7ff78b2059649cf38d58a3f2af294a834c6e4698392b4e95b14,,
fdtd_2d,numpy,default,fresh_process,observed,0.8279869044199586,fdtd_2d,,2,2,06e26254e9c8b359ff97a77665932fc3543384ca179dea039154450eff6c94ff,ae503cf8154fbe07791342cfced3146fb8b1e03dbea637ba9add8796956ed94d,,
fdtd_2d,numba,nopython-mode,fresh_process,observed,1.937805100576952,fdtd_2d,,2,2,06e26254e9c8b359ff97a77665932fc3543384ca179dea039154450eff6c94ff,ae503cf8154fbe07791342cfced3146fb8b1e03dbea637ba9add8796956ed94d,,historical_disk_cache_hit_not_recorded;selected_process_variability
fdtd_2d,numba,nopython-mode-parallel,fresh_process,observed,1.2545836050994694,fdtd_2d,,2,2,06e26254e9c8b359ff97a77665932fc3543384ca179dea039154450eff6c94ff,ae503cf8154fbe07791342cfced3146fb8b1e03dbea637ba9add8796956ed94d,,historical_disk_cache_hit_not_recorded
fdtd_2d,numba,nopython-mode-parallel-range,fresh_process,N/A,,,,,,,,,
fdtd_2d,numba,object-mode,fresh_process,N/A,,,,,,,,,
fdtd_2d,numba,object-mode-parallel,fresh_process,N/A,,,,,,,,,
fdtd_2d,numba,object-mode-parallel-range,fresh_process,N/A,,,,,,,,,
fdtd_2d,dace_cpu,fusion,fresh_process,observed,0.6757033632602543,fdtd_2d,,2,2,06e26254e9c8b359ff97a77665932fc3543384ca179dea039154450eff6c94ff,ae503cf8154fbe07791342cfced3146fb8b1e03dbea637ba9add8796956ed94d,,selected_process_variability
fdtd_2d,dace_cpu,parallel,fresh_process,observed,0.18274329393170774,fdtd_2d,,2,2,06e26254e9c8b359ff97a77665932fc3543384ca179dea039154450eff6c94ff,ae503cf8154fbe07791342cfced3146fb8b1e03dbea637ba9add8796956ed94d,,historical_drift_requires_review;new_variability
fdtd_2d,dace_cpu,auto_opt,fresh_process,observed,0.21423389692790806,fdtd_2d,,2,2,06e26254e9c8b359ff97a77665932fc3543384ca179dea039154450eff6c94ff,ae503cf8154fbe07791342cfced3146fb8b1e03dbea637ba9add8796956ed94d,,new_variability
fdtd_2d,dace_gpu,fusion,fresh_process,observed,1.0829361046198756,fdtd_2d,,2,2,06e26254e9c8b359ff97a77665932fc3543384ca179dea039154450eff6c94ff,ae503cf8154fbe07791342cfced3146fb8b1e03dbea637ba9add8796956ed94d,,
fdtd_2d,dace_gpu,parallel,fresh_process,observed,1.1272427036892623,fdtd_2d,,2,2,06e26254e9c8b359ff97a77665932fc3543384ca179dea039154450eff6c94ff,ae503cf8154fbe07791342cfced3146fb8b1e03dbea637ba9add8796956ed94d,,
fdtd_2d,dace_gpu,auto_opt,fresh_process,observed,1.0833789275493473,fdtd_2d,,2,2,06e26254e9c8b359ff97a77665932fc3543384ca179dea039154450eff6c94ff,ae503cf8154fbe07791342cfced3146fb8b1e03dbea637ba9add8796956ed94d,,
fdtd_2d,cupy,default,fresh_process,observed,0.36578590143471956,fdtd_2d,,2,2,06e26254e9c8b359ff97a77665932fc3543384ca179dea039154450eff6c94ff,ae503cf8154fbe07791342cfced3146fb8b1e03dbea637ba9add8796956ed94d,,
floyd_warshall,numpy,default,fresh_process,observed,3.943877471378073,floyd_warshall,,2,2,a3edbd966d81083b8e17c12c5e476ba6f92ae518095bf60f44db36d16648859a,d80d0f1e5dc1b065b6ae583f4925157116e2c98d49b252f8e02fa8c4ffe273fe,,selected_process_variability
floyd_warshall,numba,nopython-mode,fresh_process,observed,1.748187678400427,floyd_warshall,,2,2,a3edbd966d81083b8e17c12c5e476ba6f92ae518095bf60f44db36d16648859a,d80d0f1e5dc1b065b6ae583f4925157116e2c98d49b252f8e02fa8c4ffe273fe,,historical_disk_cache_hit_not_recorded;selected_process_variability
floyd_warshall,numba,nopython-mode-parallel,fresh_process,observed,60.35854955133982,floyd_warshall,,2,2,a3edbd966d81083b8e17c12c5e476ba6f92ae518095bf60f44db36d16648859a,d80d0f1e5dc1b065b6ae583f4925157116e2c98d49b252f8e02fa8c4ffe273fe,,historical_disk_cache_hit_not_recorded;selected_process_variability
floyd_warshall,numba,nopython-mode-parallel-range,fresh_process,observed,1.2170568408910185,floyd_warshall,,2,2,a3edbd966d81083b8e17c12c5e476ba6f92ae518095bf60f44db36d16648859a,d80d0f1e5dc1b065b6ae583f4925157116e2c98d49b252f8e02fa8c4ffe273fe,,historical_disk_cache_hit_not_recorded;historical_drift_requires_review;new_reuse_evidence_incomplete;new_sampling_or_resources;selected_process_variability
floyd_warshall,numba,object-mode,fresh_process,unsupported,,floyd_warshall,,0,0,a3edbd966d81083b8e17c12c5e476ba6f92ae518095bf60f44db36d16648859a,d80d0f1e5dc1b065b6ae583f4925157116e2c98d49b252f8e02fa8c4ffe273fe,,
floyd_warshall,numba,object-mode-parallel,fresh_process,unsupported,,floyd_warshall,,0,0,a3edbd966d81083b8e17c12c5e476ba6f92ae518095bf60f44db36d16648859a,d80d0f1e5dc1b065b6ae583f4925157116e2c98d49b252f8e02fa8c4ffe273fe,,
floyd_warshall,numba,object-mode-parallel-range,fresh_process,N/A,,,,,,,,,
floyd_warshall,dace_cpu,fusion,fresh_process,observed,1.0561244895216078,floyd_warshall,,2,2,a3edbd966d81083b8e17c12c5e476ba6f92ae518095bf60f44db36d16648859a,d80d0f1e5dc1b065b6ae583f4925157116e2c98d49b252f8e02fa8c4ffe273fe,,historical_drift_requires_review;new_variability;selected_process_variability
floyd_warshall,dace_cpu,parallel,fresh_process,observed,1.691643798025325,floyd_warshall,,2,2,a3edbd966d81083b8e17c12c5e476ba6f92ae518095bf60f44db36d16648859a,d80d0f1e5dc1b065b6ae583f4925157116e2c98d49b252f8e02fa8c4ffe273fe,,selected_process_variability
floyd_warshall,dace_cpu,auto_opt,fresh_process,observed,1.2187602913472801,floyd_warshall,,2,2,a3edbd966d81083b8e17c12c5e476ba6f92ae518095bf60f44db36d16648859a,d80d0f1e5dc1b065b6ae583f4925157116e2c98d49b252f8e02fa8c4ffe273fe,,
floyd_warshall,dace_gpu,fusion,fresh_process,observed,1.3010784585494548,floyd_warshall,,2,2,a3edbd966d81083b8e17c12c5e476ba6f92ae518095bf60f44db36d16648859a,d80d0f1e5dc1b065b6ae583f4925157116e2c98d49b252f8e02fa8c4ffe273fe,,
floyd_warshall,dace_gpu,parallel,fresh_process,observed,1.3643564728554338,floyd_warshall,,2,2,a3edbd966d81083b8e17c12c5e476ba6f92ae518095bf60f44db36d16648859a,d80d0f1e5dc1b065b6ae583f4925157116e2c98d49b252f8e02fa8c4ffe273fe,,
floyd_warshall,dace_gpu,auto_opt,fresh_process,observed,1.0705181690864265,floyd_warshall,,2,2,a3edbd966d81083b8e17c12c5e476ba6f92ae518095bf60f44db36d16648859a,d80d0f1e5dc1b065b6ae583f4925157116e2c98d49b252f8e02fa8c4ffe273fe,,
floyd_warshall,cupy,default,fresh_process,observed,27.16406354843639,floyd_warshall,,2,2,a3edbd966d81083b8e17c12c5e476ba6f92ae518095bf60f44db36d16648859a,d80d0f1e5dc1b065b6ae583f4925157116e2c98d49b252f8e02fa8c4ffe273fe,,
gemm,numpy,default,fresh_process,observed,1.575534057803452,gemm,,2,2,0c0d6b6a480e5bce18192950eed6fa367ca1dff111ffe96afd63e44b0357c489,a7cad45e3e7e87c02c7a2df12b4f75774f21a5cca78b504ff8830be9107f34b6,,
gemm,numba,nopython-mode,fresh_process,observed,2.513459076639265,gemm,,2,2,0c0d6b6a480e5bce18192950eed6fa367ca1dff111ffe96afd63e44b0357c489,a7cad45e3e7e87c02c7a2df12b4f75774f21a5cca78b504ff8830be9107f34b6,,historical_disk_cache_hit_not_recorded;selected_process_variability
gemm,numba,nopython-mode-parallel,fresh_process,observed,2.11255634855479,gemm,,2,2,0c0d6b6a480e5bce18192950eed6fa367ca1dff111ffe96afd63e44b0357c489,a7cad45e3e7e87c02c7a2df12b4f75774f21a5cca78b504ff8830be9107f34b6,,historical_disk_cache_hit_not_recorded
gemm,numba,nopython-mode-parallel-range,fresh_process,N/A,,,,,,,,,
gemm,numba,object-mode,fresh_process,N/A,,,,,,,,,
gemm,numba,object-mode-parallel,fresh_process,N/A,,,,,,,,,
gemm,numba,object-mode-parallel-range,fresh_process,N/A,,,,,,,,,
gemm,dace_cpu,fusion,fresh_process,observed,1.9782636186573654,gemm,,2,2,0c0d6b6a480e5bce18192950eed6fa367ca1dff111ffe96afd63e44b0357c489,a7cad45e3e7e87c02c7a2df12b4f75774f21a5cca78b504ff8830be9107f34b6,,
gemm,dace_cpu,parallel,fresh_process,observed,1.9538516530301422,gemm,,2,2,0c0d6b6a480e5bce18192950eed6fa367ca1dff111ffe96afd63e44b0357c489,a7cad45e3e7e87c02c7a2df12b4f75774f21a5cca78b504ff8830be9107f34b6,,
gemm,dace_cpu,auto_opt,fresh_process,observed,1.840387946460396,gemm,,2,2,0c0d6b6a480e5bce18192950eed6fa367ca1dff111ffe96afd63e44b0357c489,a7cad45e3e7e87c02c7a2df12b4f75774f21a5cca78b504ff8830be9107f34b6,,
gemm,dace_gpu,fusion,fresh_process,observed,1.8363502162974328,gemm,,2,2,0c0d6b6a480e5bce18192950eed6fa367ca1dff111ffe96afd63e44b0357c489,a7cad45e3e7e87c02c7a2df12b4f75774f21a5cca78b504ff8830be9107f34b6,,new_sampling_or_resources
gemm,dace_gpu,parallel,fresh_process,observed,2.076354480115697,gemm,,2,2,0c0d6b6a480e5bce18192950eed6fa367ca1dff111ffe96afd63e44b0357c489,a7cad45e3e7e87c02c7a2df12b4f75774f21a5cca78b504ff8830be9107f34b6,,
gemm,dace_gpu,auto_opt,fresh_process,observed,1.8803998206276447,gemm,,2,2,0c0d6b6a480e5bce18192950eed6fa367ca1dff111ffe96afd63e44b0357c489,a7cad45e3e7e87c02c7a2df12b4f75774f21a5cca78b504ff8830be9107f34b6,,
gemm,cupy,default,fresh_process,observed,1.5735979247838259,gemm,,3,3,0c0d6b6a480e5bce18192950eed6fa367ca1dff111ffe96afd63e44b0357c489,a7cad45e3e7e87c02c7a2df12b4f75774f21a5cca78b504ff8830be9107f34b6,,
gemver,numpy,default,fresh_process,observed,0.6026282894890755,gemver,,2,2,85cc572cc7692fb81b6c77506a30c2af771c098b9e57d5abf57198c996aa6ef6,8f83d1ce5ccca10e01496b8b60f5d329e3f1f9e85ecb87f3b836424334239f88,,selected_process_variability
gemver,numba,nopython-mode,fresh_process,observed,2.804091793950647,gemver,,2,2,85cc572cc7692fb81b6c77506a30c2af771c098b9e57d5abf57198c996aa6ef6,8f83d1ce5ccca10e01496b8b60f5d329e3f1f9e85ecb87f3b836424334239f88,,historical_disk_cache_hit_not_recorded;selected_process_variability
gemver,numba,nopython-mode-parallel,fresh_process,observed,1.7750503465067595,gemver,,2,2,85cc572cc7692fb81b6c77506a30c2af771c098b9e57d5abf57198c996aa6ef6,8f83d1ce5ccca10e01496b8b60f5d329e3f1f9e85ecb87f3b836424334239f88,,historical_disk_cache_hit_not_recorded;selected_process_variability
gemver,numba,nopython-mode-parallel-range,fresh_process,N/A,,,,,,,,,
gemver,numba,object-mode,fresh_process,N/A,,,,,,,,,
gemver,numba,object-mode-parallel,fresh_process,N/A,,,,,,,,,
gemver,numba,object-mode-parallel-range,fresh_process,N/A,,,,,,,,,
gemver,dace_cpu,fusion,fresh_process,observed,0.4604000239633024,gemver,,2,2,85cc572cc7692fb81b6c77506a30c2af771c098b9e57d5abf57198c996aa6ef6,8f83d1ce5ccca10e01496b8b60f5d329e3f1f9e85ecb87f3b836424334239f88,,
gemver,dace_cpu,parallel,fresh_process,observed,0.5419858074747026,gemver,,2,2,85cc572cc7692fb81b6c77506a30c2af771c098b9e57d5abf57198c996aa6ef6,8f83d1ce5ccca10e01496b8b60f5d329e3f1f9e85ecb87f3b836424334239f88,,
gemver,dace_cpu,auto_opt,fresh_process,observed,0.34501629532314837,gemver,,2,2,85cc572cc7692fb81b6c77506a30c2af771c098b9e57d5abf57198c996aa6ef6,8f83d1ce5ccca10e01496b8b60f5d329e3f1f9e85ecb87f3b836424334239f88,,new_variability;selected_process_variability
gemver,dace_gpu,fusion,fresh_process,observed,2.0221829847432673,gemver,,2,2,85cc572cc7692fb81b6c77506a30c2af771c098b9e57d5abf57198c996aa6ef6,8f83d1ce5ccca10e01496b8b60f5d329e3f1f9e85ecb87f3b836424334239f88,,selected_process_variability
gemver,dace_gpu,parallel,fresh_process,observed,2.4321597970556468,gemver,,2,2,85cc572cc7692fb81b6c77506a30c2af771c098b9e57d5abf57198c996aa6ef6,8f83d1ce5ccca10e01496b8b60f5d329e3f1f9e85ecb87f3b836424334239f88,,selected_process_variability
gemver,dace_gpu,auto_opt,fresh_process,observed,2.290662037441507,gemver,,2,2,85cc572cc7692fb81b6c77506a30c2af771c098b9e57d5abf57198c996aa6ef6,8f83d1ce5ccca10e01496b8b60f5d329e3f1f9e85ecb87f3b836424334239f88,,
gemver,cupy,default,fresh_process,observed,1.5661897496320307,gemver,,2,2,85cc572cc7692fb81b6c77506a30c2af771c098b9e57d5abf57198c996aa6ef6,8f83d1ce5ccca10e01496b8b60f5d329e3f1f9e85ecb87f3b836424334239f88,,
gesummv,numpy,default,fresh_process,observed,0.5368479494936764,gesummv,,2,2,0e62642787bfd7976dde4296be195e5cc2dd07cdd198d1233ad748fdaaf9fc80,603add7d548bef0a20a6309fbf3785c05014a0b3550717c6d424278bd55d2518,,
gesummv,numba,nopython-mode,fresh_process,observed,2.3739106664434075,gesummv,,2,2,0e62642787bfd7976dde4296be195e5cc2dd07cdd198d1233ad748fdaaf9fc80,603add7d548bef0a20a6309fbf3785c05014a0b3550717c6d424278bd55d2518,,historical_disk_cache_hit_not_recorded;selected_process_variability
gesummv,numba,nopython-mode-parallel,fresh_process,observed,0.8868005406111479,gesummv,,2,2,0e62642787bfd7976dde4296be195e5cc2dd07cdd198d1233ad748fdaaf9fc80,603add7d548bef0a20a6309fbf3785c05014a0b3550717c6d424278bd55d2518,,historical_disk_cache_hit_not_recorded
gesummv,numba,nopython-mode-parallel-range,fresh_process,N/A,,,,,,,,,
gesummv,numba,object-mode,fresh_process,N/A,,,,,,,,,
gesummv,numba,object-mode-parallel,fresh_process,N/A,,,,,,,,,
gesummv,numba,object-mode-parallel-range,fresh_process,N/A,,,,,,,,,
gesummv,dace_cpu,fusion,fresh_process,observed,0.7188429513480514,gesummv,,2,2,0e62642787bfd7976dde4296be195e5cc2dd07cdd198d1233ad748fdaaf9fc80,603add7d548bef0a20a6309fbf3785c05014a0b3550717c6d424278bd55d2518,,
gesummv,dace_cpu,parallel,fresh_process,observed,0.6782295929733664,gesummv,,2,2,0e62642787bfd7976dde4296be195e5cc2dd07cdd198d1233ad748fdaaf9fc80,603add7d548bef0a20a6309fbf3785c05014a0b3550717c6d424278bd55d2518,,selected_process_variability
gesummv,dace_cpu,auto_opt,fresh_process,observed,0.40323270997032523,gesummv,,2,2,0e62642787bfd7976dde4296be195e5cc2dd07cdd198d1233ad748fdaaf9fc80,603add7d548bef0a20a6309fbf3785c05014a0b3550717c6d424278bd55d2518,,new_sampling_or_resources
gesummv,dace_gpu,fusion,fresh_process,observed,3.1756253479979932,gesummv,,2,2,0e62642787bfd7976dde4296be195e5cc2dd07cdd198d1233ad748fdaaf9fc80,603add7d548bef0a20a6309fbf3785c05014a0b3550717c6d424278bd55d2518,,
gesummv,dace_gpu,parallel,fresh_process,observed,3.1248196801170707,gesummv,,2,2,0e62642787bfd7976dde4296be195e5cc2dd07cdd198d1233ad748fdaaf9fc80,603add7d548bef0a20a6309fbf3785c05014a0b3550717c6d424278bd55d2518,,
gesummv,dace_gpu,auto_opt,fresh_process,observed,3.2714439153205603,gesummv,,2,2,0e62642787bfd7976dde4296be195e5cc2dd07cdd198d1233ad748fdaaf9fc80,603add7d548bef0a20a6309fbf3785c05014a0b3550717c6d424278bd55d2518,,
gesummv,cupy,default,fresh_process,observed,3.1301723700016737,gesummv,,2,2,0e62642787bfd7976dde4296be195e5cc2dd07cdd198d1233ad748fdaaf9fc80,603add7d548bef0a20a6309fbf3785c05014a0b3550717c6d424278bd55d2518,,
go_fast,numpy,default,fresh_process,observed,1.508423276245594,go_fast,,2,2,ae81860b1a6b200efcca939dedfc2ee5e6a861d07af0c13d6e54e4f1ed9dfb3a,27869e2eab641d51a4dcb8b144e082c2564882966a28c404e3c13fdb484f75cf,,
go_fast,numba,nopython-mode,fresh_process,observed,2.3616835079155862,go_fast,,2,2,ae81860b1a6b200efcca939dedfc2ee5e6a861d07af0c13d6e54e4f1ed9dfb3a,27869e2eab641d51a4dcb8b144e082c2564882966a28c404e3c13fdb484f75cf,,historical_disk_cache_hit_not_recorded;selected_process_variability
go_fast,numba,nopython-mode-parallel,fresh_process,observed,0.48070120182819664,go_fast,,2,2,ae81860b1a6b200efcca939dedfc2ee5e6a861d07af0c13d6e54e4f1ed9dfb3a,27869e2eab641d51a4dcb8b144e082c2564882966a28c404e3c13fdb484f75cf,,historical_disk_cache_hit_not_recorded;selected_process_variability
go_fast,numba,nopython-mode-parallel-range,fresh_process,observed,0.5665151679422706,go_fast,,2,2,ae81860b1a6b200efcca939dedfc2ee5e6a861d07af0c13d6e54e4f1ed9dfb3a,27869e2eab641d51a4dcb8b144e082c2564882966a28c404e3c13fdb484f75cf,,historical_disk_cache_hit_not_recorded;selected_process_variability
go_fast,numba,object-mode,fresh_process,N/A,,,,,,,,,
go_fast,numba,object-mode-parallel,fresh_process,N/A,,,,,,,,,
go_fast,numba,object-mode-parallel-range,fresh_process,N/A,,,,,,,,,
go_fast,dace_cpu,fusion,fresh_process,observed,0.17427136562764645,go_fast,,2,2,ae81860b1a6b200efcca939dedfc2ee5e6a861d07af0c13d6e54e4f1ed9dfb3a,27869e2eab641d51a4dcb8b144e082c2564882966a28c404e3c13fdb484f75cf,,
go_fast,dace_cpu,parallel,fresh_process,observed,0.1755939326249063,go_fast,,2,2,ae81860b1a6b200efcca939dedfc2ee5e6a861d07af0c13d6e54e4f1ed9dfb3a,27869e2eab641d51a4dcb8b144e082c2564882966a28c404e3c13fdb484f75cf,,
go_fast,dace_cpu,auto_opt,fresh_process,observed,0.16769443452358246,go_fast,,2,2,ae81860b1a6b200efcca939dedfc2ee5e6a861d07af0c13d6e54e4f1ed9dfb3a,27869e2eab641d51a4dcb8b144e082c2564882966a28c404e3c13fdb484f75cf,,
go_fast,dace_gpu,fusion,fresh_process,observed,8.061225130688399,go_fast,,2,2,ae81860b1a6b200efcca939dedfc2ee5e6a861d07af0c13d6e54e4f1ed9dfb3a,27869e2eab641d51a4dcb8b144e082c2564882966a28c404e3c13fdb484f75cf,,
go_fast,dace_gpu,parallel,fresh_process,observed,7.894141655648127,go_fast,,2,2,ae81860b1a6b200efcca939dedfc2ee5e6a861d07af0c13d6e54e4f1ed9dfb3a,27869e2eab641d51a4dcb8b144e082c2564882966a28c404e3c13fdb484f75cf,,
go_fast,dace_gpu,auto_opt,fresh_process,observed,7.694712881930172,go_fast,,2,2,ae81860b1a6b200efcca939dedfc2ee5e6a861d07af0c13d6e54e4f1ed9dfb3a,27869e2eab641d51a4dcb8b144e082c2564882966a28c404e3c13fdb484f75cf,,new_sampling_or_resources
go_fast,cupy,default,fresh_process,observed,6.074419156415388,go_fast,,2,2,ae81860b1a6b200efcca939dedfc2ee5e6a861d07af0c13d6e54e4f1ed9dfb3a,27869e2eab641d51a4dcb8b144e082c2564882966a28c404e3c13fdb484f75cf,,selected_process_variability
gramschmidt,numpy,default,fresh_process,observed,1.0858090061228722,gramschmidt,,2,2,1f3d8680c6c62cb57662259efbd6317e805dc931a93921d1f417b2d9a8b00706,0cd9b7683af012b2f89286b1d7f883de9ac11e0a801ad6a40757c753baba615b,,selected_process_variability
gramschmidt,numba,nopython-mode,fresh_process,observed,1.147527648601681,gramschmidt,,2,2,1f3d8680c6c62cb57662259efbd6317e805dc931a93921d1f417b2d9a8b00706,0cd9b7683af012b2f89286b1d7f883de9ac11e0a801ad6a40757c753baba615b,,historical_disk_cache_hit_not_recorded;new_sampling_or_resources
gramschmidt,numba,nopython-mode-parallel,fresh_process,observed,18.20342695270665,gramschmidt,,2,2,1f3d8680c6c62cb57662259efbd6317e805dc931a93921d1f417b2d9a8b00706,0cd9b7683af012b2f89286b1d7f883de9ac11e0a801ad6a40757c753baba615b,,historical_disk_cache_hit_not_recorded;selected_process_variability
gramschmidt,numba,nopython-mode-parallel-range,fresh_process,N/A,,,,,,,,,
gramschmidt,numba,object-mode,fresh_process,N/A,,,,,,,,,
gramschmidt,numba,object-mode-parallel,fresh_process,N/A,,,,,,,,,
gramschmidt,numba,object-mode-parallel-range,fresh_process,N/A,,,,,,,,,
gramschmidt,dace_cpu,fusion,fresh_process,observed,9.61729541560635,gramschmidt,,2,2,1f3d8680c6c62cb57662259efbd6317e805dc931a93921d1f417b2d9a8b00706,0cd9b7683af012b2f89286b1d7f883de9ac11e0a801ad6a40757c753baba615b,,selected_process_variability
gramschmidt,dace_cpu,parallel,fresh_process,observed,6.612586978357285,gramschmidt,,2,2,1f3d8680c6c62cb57662259efbd6317e805dc931a93921d1f417b2d9a8b00706,0cd9b7683af012b2f89286b1d7f883de9ac11e0a801ad6a40757c753baba615b,,selected_process_variability
gramschmidt,dace_cpu,auto_opt,fresh_process,observed,7.274100935086608,gramschmidt,,2,2,1f3d8680c6c62cb57662259efbd6317e805dc931a93921d1f417b2d9a8b00706,0cd9b7683af012b2f89286b1d7f883de9ac11e0a801ad6a40757c753baba615b,,selected_process_variability
gramschmidt,dace_gpu,fusion,fresh_process,observed,7.374871401581913,gramschmidt,,2,2,1f3d8680c6c62cb57662259efbd6317e805dc931a93921d1f417b2d9a8b00706,0cd9b7683af012b2f89286b1d7f883de9ac11e0a801ad6a40757c753baba615b,,
gramschmidt,dace_gpu,parallel,fresh_process,observed,6.865608723601326,gramschmidt,,2,2,1f3d8680c6c62cb57662259efbd6317e805dc931a93921d1f417b2d9a8b00706,0cd9b7683af012b2f89286b1d7f883de9ac11e0a801ad6a40757c753baba615b,,
gramschmidt,dace_gpu,auto_opt,fresh_process,observed,5.668603061931208,gramschmidt,,2,2,1f3d8680c6c62cb57662259efbd6317e805dc931a93921d1f417b2d9a8b00706,0cd9b7683af012b2f89286b1d7f883de9ac11e0a801ad6a40757c753baba615b,,
gramschmidt,cupy,default,fresh_process,observed,15.848903930746019,gramschmidt,,2,2,1f3d8680c6c62cb57662259efbd6317e805dc931a93921d1f417b2d9a8b00706,0cd9b7683af012b2f89286b1d7f883de9ac11e0a801ad6a40757c753baba615b,,
hdiff,numpy,default,fresh_process,observed,0.40804213332012296,hdiff,,2,2,db572ba94a6764cd4f333fd1c155d8498c95bfc20a8f378ce3588d5b7ef038ef,e800ed3dc8d530d7e84b4a637b91cc6d9bc1280101023ee86a27f69cfa34eec1,,
hdiff,numba,nopython-mode,fresh_process,observed,1.9846440160181373,hdiff,,2,2,db572ba94a6764cd4f333fd1c155d8498c95bfc20a8f378ce3588d5b7ef038ef,e800ed3dc8d530d7e84b4a637b91cc6d9bc1280101023ee86a27f69cfa34eec1,,historical_disk_cache_hit_not_recorded;selected_process_variability
hdiff,numba,nopython-mode-parallel,fresh_process,observed,1.2316251290030777,hdiff,,2,2,db572ba94a6764cd4f333fd1c155d8498c95bfc20a8f378ce3588d5b7ef038ef,e800ed3dc8d530d7e84b4a637b91cc6d9bc1280101023ee86a27f69cfa34eec1,,historical_disk_cache_hit_not_recorded
hdiff,numba,nopython-mode-parallel-range,fresh_process,N/A,,,,,,,,,
hdiff,numba,object-mode,fresh_process,N/A,,,,,,,,,
hdiff,numba,object-mode-parallel,fresh_process,N/A,,,,,,,,,
hdiff,numba,object-mode-parallel-range,fresh_process,N/A,,,,,,,,,
hdiff,dace_cpu,fusion,fresh_process,observed,0.354211249621585,hdiff,,2,2,db572ba94a6764cd4f333fd1c155d8498c95bfc20a8f378ce3588d5b7ef038ef,e800ed3dc8d530d7e84b4a637b91cc6d9bc1280101023ee86a27f69cfa34eec1,,
hdiff,dace_cpu,parallel,fresh_process,observed,0.2670638137497008,hdiff,,2,2,db572ba94a6764cd4f333fd1c155d8498c95bfc20a8f378ce3588d5b7ef038ef,e800ed3dc8d530d7e84b4a637b91cc6d9bc1280101023ee86a27f69cfa34eec1,,selected_process_variability
hdiff,dace_cpu,auto_opt,fresh_process,observed,0.1666844084393233,hdiff,,2,2,db572ba94a6764cd4f333fd1c155d8498c95bfc20a8f378ce3588d5b7ef038ef,e800ed3dc8d530d7e84b4a637b91cc6d9bc1280101023ee86a27f69cfa34eec1,,new_variability;selected_process_variability
hdiff,dace_gpu,fusion,fresh_process,observed,1.3204149245284498,hdiff,,2,2,db572ba94a6764cd4f333fd1c155d8498c95bfc20a8f378ce3588d5b7ef038ef,e800ed3dc8d530d7e84b4a637b91cc6d9bc1280101023ee86a27f69cfa34eec1,,
hdiff,dace_gpu,parallel,fresh_process,observed,1.3692541101481766,hdiff,,2,2,db572ba94a6764cd4f333fd1c155d8498c95bfc20a8f378ce3588d5b7ef038ef,e800ed3dc8d530d7e84b4a637b91cc6d9bc1280101023ee86a27f69cfa34eec1,,
hdiff,dace_gpu,auto_opt,fresh_process,observed,1.2749485459644347,hdiff,,2,2,db572ba94a6764cd4f333fd1c155d8498c95bfc20a8f378ce3588d5b7ef038ef,e800ed3dc8d530d7e84b4a637b91cc6d9bc1280101023ee86a27f69cfa34eec1,,
hdiff,cupy,default,fresh_process,observed,0.7989566912874579,hdiff,,2,2,db572ba94a6764cd4f333fd1c155d8498c95bfc20a8f378ce3588d5b7ef038ef,e800ed3dc8d530d7e84b4a637b91cc6d9bc1280101023ee86a27f69cfa34eec1,,
heat_3d,numpy,default,fresh_process,observed,0.7097185191232711,heat_3d,,2,2,30fe858bb26413e6677f8fa2af4b685936ad2acf33485956268a9184b302da55,a81cc292224c841a9ce27e90c6d26d29c8ea5a75badeca9376911772a40bf22f,,
heat_3d,numba,nopython-mode,fresh_process,observed,1.8416414218954742,heat_3d,,2,2,30fe858bb26413e6677f8fa2af4b685936ad2acf33485956268a9184b302da55,a81cc292224c841a9ce27e90c6d26d29c8ea5a75badeca9376911772a40bf22f,,historical_disk_cache_hit_not_recorded
heat_3d,numba,nopython-mode-parallel,fresh_process,observed,0.8782040076330304,heat_3d,,2,2,30fe858bb26413e6677f8fa2af4b685936ad2acf33485956268a9184b302da55,a81cc292224c841a9ce27e90c6d26d29c8ea5a75badeca9376911772a40bf22f,,historical_disk_cache_hit_not_recorded
heat_3d,numba,nopython-mode-parallel-range,fresh_process,N/A,,,,,,,,,
heat_3d,numba,object-mode,fresh_process,N/A,,,,,,,,,
heat_3d,numba,object-mode-parallel,fresh_process,N/A,,,,,,,,,
heat_3d,numba,object-mode-parallel-range,fresh_process,N/A,,,,,,,,,
heat_3d,dace_cpu,fusion,fresh_process,observed,0.22353142639622092,heat_3d,,2,2,30fe858bb26413e6677f8fa2af4b685936ad2acf33485956268a9184b302da55,a81cc292224c841a9ce27e90c6d26d29c8ea5a75badeca9376911772a40bf22f,,new_variability;selected_process_variability
heat_3d,dace_cpu,parallel,fresh_process,observed,0.2816667470615357,heat_3d,,2,2,30fe858bb26413e6677f8fa2af4b685936ad2acf33485956268a9184b302da55,a81cc292224c841a9ce27e90c6d26d29c8ea5a75badeca9376911772a40bf22f,,selected_process_variability
heat_3d,dace_cpu,auto_opt,fresh_process,observed,0.6356667336076498,heat_3d,,2,2,30fe858bb26413e6677f8fa2af4b685936ad2acf33485956268a9184b302da55,a81cc292224c841a9ce27e90c6d26d29c8ea5a75badeca9376911772a40bf22f,,historical_drift_requires_review;new_variability;selected_process_variability
heat_3d,dace_gpu,fusion,fresh_process,observed,1.0731062716804445,heat_3d,,2,2,30fe858bb26413e6677f8fa2af4b685936ad2acf33485956268a9184b302da55,a81cc292224c841a9ce27e90c6d26d29c8ea5a75badeca9376911772a40bf22f,,
heat_3d,dace_gpu,parallel,fresh_process,observed,1.076761010568589,heat_3d,,2,2,30fe858bb26413e6677f8fa2af4b685936ad2acf33485956268a9184b302da55,a81cc292224c841a9ce27e90c6d26d29c8ea5a75badeca9376911772a40bf22f,,
heat_3d,dace_gpu,auto_opt,fresh_process,observed,0.9441868409048766,heat_3d,,2,2,30fe858bb26413e6677f8fa2af4b685936ad2acf33485956268a9184b302da55,a81cc292224c841a9ce27e90c6d26d29c8ea5a75badeca9376911772a40bf22f,,
heat_3d,cupy,default,fresh_process,observed,0.384562193416059,heat_3d,,2,2,30fe858bb26413e6677f8fa2af4b685936ad2acf33485956268a9184b302da55,a81cc292224c841a9ce27e90c6d26d29c8ea5a75badeca9376911772a40bf22f,,
jacobi_1d,numpy,default,fresh_process,observed,0.9518350919242948,jacobi_1d,,2,2,dd2d6ec412835edbbe4a018d3544e156d3fdd08552a444b52727b05fa47d8a06,16a5a1662f12689fbf187fbb656ac8e1d9c5d1f78efc866cd0f41cf46b753592,,
jacobi_1d,numba,nopython-mode,fresh_process,observed,1.4569375815335661,jacobi_1d,,2,2,dd2d6ec412835edbbe4a018d3544e156d3fdd08552a444b52727b05fa47d8a06,16a5a1662f12689fbf187fbb656ac8e1d9c5d1f78efc866cd0f41cf46b753592,,historical_disk_cache_hit_not_recorded;selected_process_variability
jacobi_1d,numba,nopython-mode-parallel,fresh_process,observed,2.6565264265518636,jacobi_1d,,2,2,dd2d6ec412835edbbe4a018d3544e156d3fdd08552a444b52727b05fa47d8a06,16a5a1662f12689fbf187fbb656ac8e1d9c5d1f78efc866cd0f41cf46b753592,,historical_disk_cache_hit_not_recorded
jacobi_1d,numba,nopython-mode-parallel-range,fresh_process,N/A,,,,,,,,,
jacobi_1d,numba,object-mode,fresh_process,N/A,,,,,,,,,
jacobi_1d,numba,object-mode-parallel,fresh_process,N/A,,,,,,,,,
jacobi_1d,numba,object-mode-parallel-range,fresh_process,N/A,,,,,,,,,
jacobi_1d,dace_cpu,fusion,fresh_process,observed,1.6315719166304916,jacobi_1d,,2,2,dd2d6ec412835edbbe4a018d3544e156d3fdd08552a444b52727b05fa47d8a06,16a5a1662f12689fbf187fbb656ac8e1d9c5d1f78efc866cd0f41cf46b753592,,selected_process_variability
jacobi_1d,dace_cpu,parallel,fresh_process,observed,0.7957123655360192,jacobi_1d,,2,2,dd2d6ec412835edbbe4a018d3544e156d3fdd08552a444b52727b05fa47d8a06,16a5a1662f12689fbf187fbb656ac8e1d9c5d1f78efc866cd0f41cf46b753592,,selected_process_variability
jacobi_1d,dace_cpu,auto_opt,fresh_process,observed,0.7417174358852208,jacobi_1d,,2,2,dd2d6ec412835edbbe4a018d3544e156d3fdd08552a444b52727b05fa47d8a06,16a5a1662f12689fbf187fbb656ac8e1d9c5d1f78efc866cd0f41cf46b753592,,historical_drift_requires_review;new_variability
jacobi_1d,dace_gpu,fusion,fresh_process,observed,1.0436423022765666,jacobi_1d,,2,2,dd2d6ec412835edbbe4a018d3544e156d3fdd08552a444b52727b05fa47d8a06,16a5a1662f12689fbf187fbb656ac8e1d9c5d1f78efc866cd0f41cf46b753592,,
jacobi_1d,dace_gpu,parallel,fresh_process,observed,1.1943461468908936,jacobi_1d,,2,2,dd2d6ec412835edbbe4a018d3544e156d3fdd08552a444b52727b05fa47d8a06,16a5a1662f12689fbf187fbb656ac8e1d9c5d1f78efc866cd0f41cf46b753592,,
jacobi_1d,dace_gpu,auto_opt,fresh_process,observed,1.122632726561278,jacobi_1d,,2,2,dd2d6ec412835edbbe4a018d3544e156d3fdd08552a444b52727b05fa47d8a06,16a5a1662f12689fbf187fbb656ac8e1d9c5d1f78efc866cd0f41cf46b753592,,
jacobi_1d,cupy,default,fresh_process,observed,1.8643087500240654,jacobi_1d,,2,2,dd2d6ec412835edbbe4a018d3544e156d3fdd08552a444b52727b05fa47d8a06,16a5a1662f12689fbf187fbb656ac8e1d9c5d1f78efc866cd0f41cf46b753592,,selected_process_variability
jacobi_2d,numpy,default,fresh_process,observed,0.8285560689400882,jacobi_2d,,2,2,bb0f1b25c2ede622f6875f9761e2dec03fcebb4785d6110e5288554d5cfdd9f9,88fcc37626b242ba2751f475ada3090117847e04203daddbc9456f9d0e7e584d,,selected_process_variability
jacobi_2d,numba,nopython-mode,fresh_process,observed,1.5769779649563134,jacobi_2d,,2,2,bb0f1b25c2ede622f6875f9761e2dec03fcebb4785d6110e5288554d5cfdd9f9,88fcc37626b242ba2751f475ada3090117847e04203daddbc9456f9d0e7e584d,,historical_disk_cache_hit_not_recorded;selected_process_variability
jacobi_2d,numba,nopython-mode-parallel,fresh_process,observed,0.6172126750461757,jacobi_2d,,2,2,bb0f1b25c2ede622f6875f9761e2dec03fcebb4785d6110e5288554d5cfdd9f9,88fcc37626b242ba2751f475ada3090117847e04203daddbc9456f9d0e7e584d,,historical_disk_cache_hit_not_recorded
jacobi_2d,numba,nopython-mode-parallel-range,fresh_process,N/A,,,,,,,,,
jacobi_2d,numba,object-mode,fresh_process,N/A,,,,,,,,,
jacobi_2d,numba,object-mode-parallel,fresh_process,N/A,,,,,,,,,
jacobi_2d,numba,object-mode-parallel-range,fresh_process,N/A,,,,,,,,,
jacobi_2d,dace_cpu,fusion,fresh_process,observed,0.14847016194835305,jacobi_2d,,2,2,bb0f1b25c2ede622f6875f9761e2dec03fcebb4785d6110e5288554d5cfdd9f9,88fcc37626b242ba2751f475ada3090117847e04203daddbc9456f9d0e7e584d,,new_variability;selected_process_variability
jacobi_2d,dace_cpu,parallel,fresh_process,observed,0.15400996594689786,jacobi_2d,,2,2,bb0f1b25c2ede622f6875f9761e2dec03fcebb4785d6110e5288554d5cfdd9f9,88fcc37626b242ba2751f475ada3090117847e04203daddbc9456f9d0e7e584d,,selected_process_variability
jacobi_2d,dace_cpu,auto_opt,fresh_process,observed,0.18344702338799834,jacobi_2d,,2,2,bb0f1b25c2ede622f6875f9761e2dec03fcebb4785d6110e5288554d5cfdd9f9,88fcc37626b242ba2751f475ada3090117847e04203daddbc9456f9d0e7e584d,,selected_process_variability
jacobi_2d,dace_gpu,fusion,fresh_process,observed,1.0284559184219688,jacobi_2d,,2,2,bb0f1b25c2ede622f6875f9761e2dec03fcebb4785d6110e5288554d5cfdd9f9,88fcc37626b242ba2751f475ada3090117847e04203daddbc9456f9d0e7e584d,,
jacobi_2d,dace_gpu,parallel,fresh_process,observed,1.0472056299913675,jacobi_2d,,2,2,bb0f1b25c2ede622f6875f9761e2dec03fcebb4785d6110e5288554d5cfdd9f9,88fcc37626b242ba2751f475ada3090117847e04203daddbc9456f9d0e7e584d,,
jacobi_2d,dace_gpu,auto_opt,fresh_process,observed,1.0420634325128049,jacobi_2d,,2,2,bb0f1b25c2ede622f6875f9761e2dec03fcebb4785d6110e5288554d5cfdd9f9,88fcc37626b242ba2751f475ada3090117847e04203daddbc9456f9d0e7e584d,,
jacobi_2d,cupy,default,fresh_process,observed,0.3909181661438197,jacobi_2d,,2,2,bb0f1b25c2ede622f6875f9761e2dec03fcebb4785d6110e5288554d5cfdd9f9,88fcc37626b242ba2751f475ada3090117847e04203daddbc9456f9d0e7e584d,,selected_process_variability
k2mm,numpy,default,fresh_process,observed,2.0532683965284377,k2mm,,2,2,f489fedc570b7b5da546ee0999db718675f9a6e714d3093820decf3f58d34325,65b07e1d7f5fdc00459ebb8a02ae0881674135e9bd7f454489c2d204e291d7ea,,
k2mm,numba,nopython-mode,fresh_process,observed,2.967376737156883,k2mm,,2,2,f489fedc570b7b5da546ee0999db718675f9a6e714d3093820decf3f58d34325,65b07e1d7f5fdc00459ebb8a02ae0881674135e9bd7f454489c2d204e291d7ea,,historical_disk_cache_hit_not_recorded;selected_process_variability
k2mm,numba,nopython-mode-parallel,fresh_process,observed,2.3301752966362983,k2mm,,2,2,f489fedc570b7b5da546ee0999db718675f9a6e714d3093820decf3f58d34325,65b07e1d7f5fdc00459ebb8a02ae0881674135e9bd7f454489c2d204e291d7ea,,historical_disk_cache_hit_not_recorded;new_variability
k2mm,numba,nopython-mode-parallel-range,fresh_process,N/A,,,,,,,,,
k2mm,numba,object-mode,fresh_process,N/A,,,,,,,,,
k2mm,numba,object-mode-parallel,fresh_process,N/A,,,,,,,,,
k2mm,numba,object-mode-parallel-range,fresh_process,N/A,,,,,,,,,
k2mm,dace_cpu,fusion,fresh_process,observed,2.692401094129309,k2mm,,2,2,f489fedc570b7b5da546ee0999db718675f9a6e714d3093820decf3f58d34325,65b07e1d7f5fdc00459ebb8a02ae0881674135e9bd7f454489c2d204e291d7ea,,
k2mm,dace_cpu,parallel,fresh_process,observed,2.696388622513041,k2mm,,2,2,f489fedc570b7b5da546ee0999db718675f9a6e714d3093820decf3f58d34325,65b07e1d7f5fdc00459ebb8a02ae0881674135e9bd7f454489c2d204e291d7ea,,
k2mm,dace_cpu,auto_opt,fresh_process,observed,2.7566758170723915,k2mm,,2,2,f489fedc570b7b5da546ee0999db718675f9a6e714d3093820decf3f58d34325,65b07e1d7f5fdc00459ebb8a02ae0881674135e9bd7f454489c2d204e291d7ea,,
k2mm,dace_gpu,fusion,fresh_process,observed,1.9594754062127322,k2mm,,2,2,f489fedc570b7b5da546ee0999db718675f9a6e714d3093820decf3f58d34325,65b07e1d7f5fdc00459ebb8a02ae0881674135e9bd7f454489c2d204e291d7ea,,
k2mm,dace_gpu,parallel,fresh_process,observed,1.9290667253080755,k2mm,,2,2,f489fedc570b7b5da546ee0999db718675f9a6e714d3093820decf3f58d34325,65b07e1d7f5fdc00459ebb8a02ae0881674135e9bd7f454489c2d204e291d7ea,,
k2mm,dace_gpu,auto_opt,fresh_process,observed,1.864347881404683,k2mm,,2,2,f489fedc570b7b5da546ee0999db718675f9a6e714d3093820decf3f58d34325,65b07e1d7f5fdc00459ebb8a02ae0881674135e9bd7f454489c2d204e291d7ea,,
k2mm,cupy,default,fresh_process,observed,1.9692345985677093,k2mm,,2,2,f489fedc570b7b5da546ee0999db718675f9a6e714d3093820decf3f58d34325,65b07e1d7f5fdc00459ebb8a02ae0881674135e9bd7f454489c2d204e291d7ea,,
k3mm,numpy,default,fresh_process,observed,2.820507371565327,k3mm,,2,2,4e368169475a2a62e9d6b60f9f0f38731e82923b1a6bcbfe2a2be25f4a23617d,aad0bebb7814a2ecba71c57046d8003bc43cb0f8e9f62fa7a3c5da967acf1885,,
k3mm,numba,nopython-mode,fresh_process,observed,2.337248228956014,k3mm,,3,3,4e368169475a2a62e9d6b60f9f0f38731e82923b1a6bcbfe2a2be25f4a23617d,aad0bebb7814a2ecba71c57046d8003bc43cb0f8e9f62fa7a3c5da967acf1885,,
k3mm,numba,nopython-mode-parallel,fresh_process,observed,2.6329376441426575,k3mm,,2,2,4e368169475a2a62e9d6b60f9f0f38731e82923b1a6bcbfe2a2be25f4a23617d,aad0bebb7814a2ecba71c57046d8003bc43cb0f8e9f62fa7a3c5da967acf1885,,historical_disk_cache_hit_not_recorded;new_sampling_or_resources;selected_process_variability
k3mm,numba,nopython-mode-parallel-range,fresh_process,N/A,,,,,,,,,
k3mm,numba,object-mode,fresh_process,N/A,,,,,,,,,
k3mm,numba,object-mode-parallel,fresh_process,N/A,,,,,,,,,
k3mm,numba,object-mode-parallel-range,fresh_process,N/A,,,,,,,,,
k3mm,dace_cpu,fusion,fresh_process,observed,3.15106938383542,k3mm,,2,2,4e368169475a2a62e9d6b60f9f0f38731e82923b1a6bcbfe2a2be25f4a23617d,aad0bebb7814a2ecba71c57046d8003bc43cb0f8e9f62fa7a3c5da967acf1885,,
k3mm,dace_cpu,parallel,fresh_process,observed,3.188647888135165,k3mm,,2,2,4e368169475a2a62e9d6b60f9f0f38731e82923b1a6bcbfe2a2be25f4a23617d,aad0bebb7814a2ecba71c57046d8003bc43cb0f8e9f62fa7a3c5da967acf1885,,
k3mm,dace_cpu,auto_opt,fresh_process,observed,3.0691593042574823,k3mm,,2,2,4e368169475a2a62e9d6b60f9f0f38731e82923b1a6bcbfe2a2be25f4a23617d,aad0bebb7814a2ecba71c57046d8003bc43cb0f8e9f62fa7a3c5da967acf1885,,
k3mm,dace_gpu,fusion,fresh_process,observed,1.6184567175805569,k3mm,,2,2,4e368169475a2a62e9d6b60f9f0f38731e82923b1a6bcbfe2a2be25f4a23617d,aad0bebb7814a2ecba71c57046d8003bc43cb0f8e9f62fa7a3c5da967acf1885,,new_sampling_or_resources;selected_process_variability
k3mm,dace_gpu,parallel,fresh_process,observed,1.8610814560670406,k3mm,,2,2,4e368169475a2a62e9d6b60f9f0f38731e82923b1a6bcbfe2a2be25f4a23617d,aad0bebb7814a2ecba71c57046d8003bc43cb0f8e9f62fa7a3c5da967acf1885,,
k3mm,dace_gpu,auto_opt,fresh_process,observed,1.835048909066245,k3mm,,2,2,4e368169475a2a62e9d6b60f9f0f38731e82923b1a6bcbfe2a2be25f4a23617d,aad0bebb7814a2ecba71c57046d8003bc43cb0f8e9f62fa7a3c5da967acf1885,,
k3mm,cupy,default,fresh_process,observed,2.018368734046817,k3mm,,2,2,4e368169475a2a62e9d6b60f9f0f38731e82923b1a6bcbfe2a2be25f4a23617d,aad0bebb7814a2ecba71c57046d8003bc43cb0f8e9f62fa7a3c5da967acf1885,,
lenet,numpy,default,fresh_process,observed,1.1066677293274552,lenet,,2,2,c03e6ed4aa80ca847e538ab41f9b22060f454237935c67944c81ced7dd93a48b,914661bfde93da5c2e7b1ef256bf97775e395b5980f08a299cd8040e92c0b6ea,,
lenet,numba,nopython-mode,fresh_process,observed,1.5900505029130727,lenet,,2,2,c03e6ed4aa80ca847e538ab41f9b22060f454237935c67944c81ced7dd93a48b,914661bfde93da5c2e7b1ef256bf97775e395b5980f08a299cd8040e92c0b6ea,,historical_disk_cache_hit_not_recorded;selected_process_variability
lenet,numba,nopython-mode-parallel,fresh_process,observed,101.45742868748493,lenet,,2,2,c03e6ed4aa80ca847e538ab41f9b22060f454237935c67944c81ced7dd93a48b,914661bfde93da5c2e7b1ef256bf97775e395b5980f08a299cd8040e92c0b6ea,,historical_disk_cache_hit_not_recorded
lenet,numba,nopython-mode-parallel-range,fresh_process,observed,0.6386903726961464,lenet,,2,2,c03e6ed4aa80ca847e538ab41f9b22060f454237935c67944c81ced7dd93a48b,914661bfde93da5c2e7b1ef256bf97775e395b5980f08a299cd8040e92c0b6ea,,historical_disk_cache_hit_not_recorded;new_sampling_or_resources
lenet,numba,object-mode,fresh_process,error,,lenet,,0,0,c03e6ed4aa80ca847e538ab41f9b22060f454237935c67944c81ced7dd93a48b,914661bfde93da5c2e7b1ef256bf97775e395b5980f08a299cd8040e92c0b6ea,,
lenet,numba,object-mode-parallel,fresh_process,error,,lenet,,0,0,c03e6ed4aa80ca847e538ab41f9b22060f454237935c67944c81ced7dd93a48b,914661bfde93da5c2e7b1ef256bf97775e395b5980f08a299cd8040e92c0b6ea,,
lenet,numba,object-mode-parallel-range,fresh_process,observed,4.7676549886818975,lenet,,2,2,c03e6ed4aa80ca847e538ab41f9b22060f454237935c67944c81ced7dd93a48b,914661bfde93da5c2e7b1ef256bf97775e395b5980f08a299cd8040e92c0b6ea,,historical_disk_cache_hit_not_recorded
lenet,dace_cpu,fusion,fresh_process,observed,6.0293601078446954,lenet,,2,2,c03e6ed4aa80ca847e538ab41f9b22060f454237935c67944c81ced7dd93a48b,914661bfde93da5c2e7b1ef256bf97775e395b5980f08a299cd8040e92c0b6ea,,selected_process_variability
lenet,dace_cpu,parallel,fresh_process,observed,3.8597676414065063,lenet,,2,2,c03e6ed4aa80ca847e538ab41f9b22060f454237935c67944c81ced7dd93a48b,914661bfde93da5c2e7b1ef256bf97775e395b5980f08a299cd8040e92c0b6ea,,
lenet,dace_cpu,auto_opt,fresh_process,observed,5.709929041564465,lenet,,2,2,c03e6ed4aa80ca847e538ab41f9b22060f454237935c67944c81ced7dd93a48b,914661bfde93da5c2e7b1ef256bf97775e395b5980f08a299cd8040e92c0b6ea,,selected_process_variability
lenet,dace_gpu,fusion,fresh_process,error,,lenet,,0,0,c03e6ed4aa80ca847e538ab41f9b22060f454237935c67944c81ced7dd93a48b,914661bfde93da5c2e7b1ef256bf97775e395b5980f08a299cd8040e92c0b6ea,,
lenet,dace_gpu,parallel,fresh_process,terminated,,lenet,,0,0,c03e6ed4aa80ca847e538ab41f9b22060f454237935c67944c81ced7dd93a48b,914661bfde93da5c2e7b1ef256bf97775e395b5980f08a299cd8040e92c0b6ea,,
lenet,dace_gpu,auto_opt,fresh_process,terminated,,lenet,,0,0,c03e6ed4aa80ca847e538ab41f9b22060f454237935c67944c81ced7dd93a48b,914661bfde93da5c2e7b1ef256bf97775e395b5980f08a299cd8040e92c0b6ea,,
lenet,cupy,default,fresh_process,observed,3.887651725206524,lenet,,3,3,c03e6ed4aa80ca847e538ab41f9b22060f454237935c67944c81ced7dd93a48b,914661bfde93da5c2e7b1ef256bf97775e395b5980f08a299cd8040e92c0b6ea,,
lu,numpy,default,fresh_process,observed,1.4885260344017297,lu,,2,2,a94cc969fb7abca21f73c7702df3d7b5782724193307a4c14a3543791e733d27,9ac2f818703fa8aa1a82579828bb4b9f516a133a9d2de36086ba8af196680084,,selected_process_variability
lu,numba,nopython-mode,fresh_process,observed,0.5321924705058336,lu,,2,2,a94cc969fb7abca21f73c7702df3d7b5782724193307a4c14a3543791e733d27,9ac2f818703fa8aa1a82579828bb4b9f516a133a9d2de36086ba8af196680084,,historical_disk_cache_hit_not_recorded
lu,numba,nopython-mode-parallel,fresh_process,observed,1.2961092831101269,lu,,2,2,a94cc969fb7abca21f73c7702df3d7b5782724193307a4c14a3543791e733d27,9ac2f818703fa8aa1a82579828bb4b9f516a133a9d2de36086ba8af196680084,,
lu,numba,nopython-mode-parallel-range,fresh_process,N/A,,,,,,,,,
lu,numba,object-mode,fresh_process,N/A,,,,,,,,,
lu,numba,object-mode-parallel,fresh_process,N/A,,,,,,,,,
lu,numba,object-mode-parallel-range,fresh_process,N/A,,,,,,,,,
lu,dace_cpu,fusion,fresh_process,observed,0.23565210681408644,lu,,2,2,a94cc969fb7abca21f73c7702df3d7b5782724193307a4c14a3543791e733d27,9ac2f818703fa8aa1a82579828bb4b9f516a133a9d2de36086ba8af196680084,,selected_process_variability
lu,dace_cpu,parallel,fresh_process,observed,0.21672979602590203,lu,,3,3,a94cc969fb7abca21f73c7702df3d7b5782724193307a4c14a3543791e733d27,9ac2f818703fa8aa1a82579828bb4b9f516a133a9d2de36086ba8af196680084,,
lu,dace_cpu,auto_opt,fresh_process,observed,0.19312061462551355,lu,,2,2,a94cc969fb7abca21f73c7702df3d7b5782724193307a4c14a3543791e733d27,9ac2f818703fa8aa1a82579828bb4b9f516a133a9d2de36086ba8af196680084,,
lu,dace_gpu,fusion,fresh_process,observed,11.570990483276546,lu,,2,2,a94cc969fb7abca21f73c7702df3d7b5782724193307a4c14a3543791e733d27,9ac2f818703fa8aa1a82579828bb4b9f516a133a9d2de36086ba8af196680084,,
lu,dace_gpu,parallel,fresh_process,observed,11.642245190450922,lu,,2,2,a94cc969fb7abca21f73c7702df3d7b5782724193307a4c14a3543791e733d27,9ac2f818703fa8aa1a82579828bb4b9f516a133a9d2de36086ba8af196680084,,
lu,dace_gpu,auto_opt,fresh_process,observed,7.362898249644786,lu,,2,2,a94cc969fb7abca21f73c7702df3d7b5782724193307a4c14a3543791e733d27,9ac2f818703fa8aa1a82579828bb4b9f516a133a9d2de36086ba8af196680084,,
lu,cupy,default,fresh_process,observed,44.45577939786017,lu,,2,2,a94cc969fb7abca21f73c7702df3d7b5782724193307a4c14a3543791e733d27,9ac2f818703fa8aa1a82579828bb4b9f516a133a9d2de36086ba8af196680084,,
ludcmp,numpy,default,fresh_process,observed,1.1596099834423512,ludcmp,,2,2,08caec57fa049fbfa751e34e1064de164ddf556d58ef07942503bdb64d23c766,55b9887d27df7b3dc3b8b2e1875facca1a285d1891e4df442fdd18cc865cc7b0,,
ludcmp,numba,nopython-mode,fresh_process,observed,0.48121073958463967,ludcmp,,2,2,08caec57fa049fbfa751e34e1064de164ddf556d58ef07942503bdb64d23c766,55b9887d27df7b3dc3b8b2e1875facca1a285d1891e4df442fdd18cc865cc7b0,,historical_disk_cache_hit_not_recorded
ludcmp,numba,nopython-mode-parallel,fresh_process,observed,0.5347837109584361,ludcmp,,2,2,08caec57fa049fbfa751e34e1064de164ddf556d58ef07942503bdb64d23c766,55b9887d27df7b3dc3b8b2e1875facca1a285d1891e4df442fdd18cc865cc7b0,,historical_disk_cache_hit_not_recorded
ludcmp,numba,nopython-mode-parallel-range,fresh_process,N/A,,,,,,,,,
ludcmp,numba,object-mode,fresh_process,N/A,,,,,,,,,
ludcmp,numba,object-mode-parallel,fresh_process,N/A,,,,,,,,,
ludcmp,numba,object-mode-parallel-range,fresh_process,N/A,,,,,,,,,
ludcmp,dace_cpu,fusion,fresh_process,observed,0.3113857372663915,ludcmp,,3,3,08caec57fa049fbfa751e34e1064de164ddf556d58ef07942503bdb64d23c766,55b9887d27df7b3dc3b8b2e1875facca1a285d1891e4df442fdd18cc865cc7b0,,
ludcmp,dace_cpu,parallel,fresh_process,observed,0.3049129818100482,ludcmp,,2,2,08caec57fa049fbfa751e34e1064de164ddf556d58ef07942503bdb64d23c766,55b9887d27df7b3dc3b8b2e1875facca1a285d1891e4df442fdd18cc865cc7b0,,
ludcmp,dace_cpu,auto_opt,fresh_process,observed,0.3189949281513691,ludcmp,,2,2,08caec57fa049fbfa751e34e1064de164ddf556d58ef07942503bdb64d23c766,55b9887d27df7b3dc3b8b2e1875facca1a285d1891e4df442fdd18cc865cc7b0,,
ludcmp,dace_gpu,fusion,fresh_process,observed,11.113047736464068,ludcmp,,2,2,08caec57fa049fbfa751e34e1064de164ddf556d58ef07942503bdb64d23c766,55b9887d27df7b3dc3b8b2e1875facca1a285d1891e4df442fdd18cc865cc7b0,,
ludcmp,dace_gpu,parallel,fresh_process,observed,11.60524599486962,ludcmp,,2,2,08caec57fa049fbfa751e34e1064de164ddf556d58ef07942503bdb64d23c766,55b9887d27df7b3dc3b8b2e1875facca1a285d1891e4df442fdd18cc865cc7b0,,
ludcmp,dace_gpu,auto_opt,fresh_process,observed,8.97995548369363,ludcmp,,2,2,08caec57fa049fbfa751e34e1064de164ddf556d58ef07942503bdb64d23c766,55b9887d27df7b3dc3b8b2e1875facca1a285d1891e4df442fdd18cc865cc7b0,,
ludcmp,cupy,default,fresh_process,observed,39.04078080691397,ludcmp,,2,2,08caec57fa049fbfa751e34e1064de164ddf556d58ef07942503bdb64d23c766,55b9887d27df7b3dc3b8b2e1875facca1a285d1891e4df442fdd18cc865cc7b0,,
mandelbrot1,numpy,default,fresh_process,observed,0.7565514408051968,mandelbrot1,,2,2,7ec93ae18ee3844a817e6cc0a79455bc5862c76f047319aefde16f510ddde641,498529c7a9dcc40ab333461ec82b7c16a88eb9014a98ba9ee2910dd66fb9e062,,
mandelbrot1,numba,nopython-mode,fresh_process,validation,,mandelbrot1,,0,0,7ec93ae18ee3844a817e6cc0a79455bc5862c76f047319aefde16f510ddde641,498529c7a9dcc40ab333461ec82b7c16a88eb9014a98ba9ee2910dd66fb9e062,,
mandelbrot1,numba,nopython-mode-parallel,fresh_process,validation,,mandelbrot1,,0,0,7ec93ae18ee3844a817e6cc0a79455bc5862c76f047319aefde16f510ddde641,498529c7a9dcc40ab333461ec82b7c16a88eb9014a98ba9ee2910dd66fb9e062,,
mandelbrot1,numba,nopython-mode-parallel-range,fresh_process,validation,,mandelbrot1,,0,0,7ec93ae18ee3844a817e6cc0a79455bc5862c76f047319aefde16f510ddde641,498529c7a9dcc40ab333461ec82b7c16a88eb9014a98ba9ee2910dd66fb9e062,,
mandelbrot1,numba,object-mode,fresh_process,unsupported,,mandelbrot1,,0,0,7ec93ae18ee3844a817e6cc0a79455bc5862c76f047319aefde16f510ddde641,498529c7a9dcc40ab333461ec82b7c16a88eb9014a98ba9ee2910dd66fb9e062,,
mandelbrot1,numba,object-mode-parallel,fresh_process,unsupported,,mandelbrot1,,0,0,7ec93ae18ee3844a817e6cc0a79455bc5862c76f047319aefde16f510ddde641,498529c7a9dcc40ab333461ec82b7c16a88eb9014a98ba9ee2910dd66fb9e062,,
mandelbrot1,numba,object-mode-parallel-range,fresh_process,N/A,,,,,,,,,
mandelbrot1,dace_cpu,fusion,fresh_process,validation,,mandelbrot1,,0,0,7ec93ae18ee3844a817e6cc0a79455bc5862c76f047319aefde16f510ddde641,498529c7a9dcc40ab333461ec82b7c16a88eb9014a98ba9ee2910dd66fb9e062,,
mandelbrot1,dace_cpu,parallel,fresh_process,validation,,mandelbrot1,,0,0,7ec93ae18ee3844a817e6cc0a79455bc5862c76f047319aefde16f510ddde641,498529c7a9dcc40ab333461ec82b7c16a88eb9014a98ba9ee2910dd66fb9e062,,
mandelbrot1,dace_cpu,auto_opt,fresh_process,validation,,mandelbrot1,,0,0,7ec93ae18ee3844a817e6cc0a79455bc5862c76f047319aefde16f510ddde641,498529c7a9dcc40ab333461ec82b7c16a88eb9014a98ba9ee2910dd66fb9e062,,
mandelbrot1,dace_gpu,fusion,fresh_process,validation,,mandelbrot1,,0,0,7ec93ae18ee3844a817e6cc0a79455bc5862c76f047319aefde16f510ddde641,498529c7a9dcc40ab333461ec82b7c16a88eb9014a98ba9ee2910dd66fb9e062,,
mandelbrot1,dace_gpu,parallel,fresh_process,validation,,mandelbrot1,,0,0,7ec93ae18ee3844a817e6cc0a79455bc5862c76f047319aefde16f510ddde641,498529c7a9dcc40ab333461ec82b7c16a88eb9014a98ba9ee2910dd66fb9e062,,
mandelbrot1,dace_gpu,auto_opt,fresh_process,validation,,mandelbrot1,,0,0,7ec93ae18ee3844a817e6cc0a79455bc5862c76f047319aefde16f510ddde641,498529c7a9dcc40ab333461ec82b7c16a88eb9014a98ba9ee2910dd66fb9e062,,
mandelbrot1,cupy,default,fresh_process,validation,,mandelbrot1,,0,0,7ec93ae18ee3844a817e6cc0a79455bc5862c76f047319aefde16f510ddde641,498529c7a9dcc40ab333461ec82b7c16a88eb9014a98ba9ee2910dd66fb9e062,,
mandelbrot2,numpy,default,fresh_process,observed,0.2979930283036083,mandelbrot2,,2,2,7fb4071f3c8e581537c1201436e2e0f64673e094a239bc776fcd1d6c96095d69,e953c506eaf95aed1da28b70ad9b9cbb5c4d6ed77213ce344c94cdacbc5b6ae1,,
mandelbrot2,numba,nopython-mode,fresh_process,observed,0.8560407843906432,mandelbrot2,,2,2,7fb4071f3c8e581537c1201436e2e0f64673e094a239bc776fcd1d6c96095d69,e953c506eaf95aed1da28b70ad9b9cbb5c4d6ed77213ce344c94cdacbc5b6ae1,,historical_disk_cache_hit_not_recorded
mandelbrot2,numba,nopython-mode-parallel,fresh_process,N/A,,,,,,,,,
mandelbrot2,numba,nopython-mode-parallel-range,fresh_process,N/A,,,,,,,,,
mandelbrot2,numba,object-mode,fresh_process,unsupported,,mandelbrot2,,0,0,7fb4071f3c8e581537c1201436e2e0f64673e094a239bc776fcd1d6c96095d69,e953c506eaf95aed1da28b70ad9b9cbb5c4d6ed77213ce344c94cdacbc5b6ae1,,
mandelbrot2,numba,object-mode-parallel,fresh_process,unsupported,,mandelbrot2,,0,0,7fb4071f3c8e581537c1201436e2e0f64673e094a239bc776fcd1d6c96095d69,e953c506eaf95aed1da28b70ad9b9cbb5c4d6ed77213ce344c94cdacbc5b6ae1,,
mandelbrot2,numba,object-mode-parallel-range,fresh_process,N/A,,,,,,,,,
mandelbrot2,dace_cpu,fusion,fresh_process,error,,mandelbrot2,,0,0,7fb4071f3c8e581537c1201436e2e0f64673e094a239bc776fcd1d6c96095d69,e953c506eaf95aed1da28b70ad9b9cbb5c4d6ed77213ce344c94cdacbc5b6ae1,,
mandelbrot2,dace_cpu,parallel,fresh_process,error,,mandelbrot2,,0,0,7fb4071f3c8e581537c1201436e2e0f64673e094a239bc776fcd1d6c96095d69,e953c506eaf95aed1da28b70ad9b9cbb5c4d6ed77213ce344c94cdacbc5b6ae1,,
mandelbrot2,dace_cpu,auto_opt,fresh_process,error,,mandelbrot2,,0,0,7fb4071f3c8e581537c1201436e2e0f64673e094a239bc776fcd1d6c96095d69,e953c506eaf95aed1da28b70ad9b9cbb5c4d6ed77213ce344c94cdacbc5b6ae1,,
mandelbrot2,dace_gpu,fusion,fresh_process,error,,mandelbrot2,,0,0,7fb4071f3c8e581537c1201436e2e0f64673e094a239bc776fcd1d6c96095d69,e953c506eaf95aed1da28b70ad9b9cbb5c4d6ed77213ce344c94cdacbc5b6ae1,,
mandelbrot2,dace_gpu,parallel,fresh_process,error,,mandelbrot2,,0,0,7fb4071f3c8e581537c1201436e2e0f64673e094a239bc776fcd1d6c96095d69,e953c506eaf95aed1da28b70ad9b9cbb5c4d6ed77213ce344c94cdacbc5b6ae1,,
mandelbrot2,dace_gpu,auto_opt,fresh_process,error,,mandelbrot2,,0,0,7fb4071f3c8e581537c1201436e2e0f64673e094a239bc776fcd1d6c96095d69,e953c506eaf95aed1da28b70ad9b9cbb5c4d6ed77213ce344c94cdacbc5b6ae1,,
mandelbrot2,cupy,default,fresh_process,observed,0.5327554929535836,mandelbrot2,,2,2,7fb4071f3c8e581537c1201436e2e0f64673e094a239bc776fcd1d6c96095d69,e953c506eaf95aed1da28b70ad9b9cbb5c4d6ed77213ce344c94cdacbc5b6ae1,,
mlp,numpy,default,fresh_process,observed,0.5649673414882272,mlp,,2,2,5a57834b626ad11a97469e2ed2472df251c3e8ff143b8d8d463672e399d900be,87c94f9c003ff974cd198163ffe2fd3948bacd6ba11c6c91faa770e7bcee04e9,,selected_process_variability
mlp,numba,nopython-mode,fresh_process,observed,0.758670290466398,mlp_rowmax,,2,2,5a57834b626ad11a97469e2ed2472df251c3e8ff143b8d8d463672e399d900be,87c94f9c003ff974cd198163ffe2fd3948bacd6ba11c6c91faa770e7bcee04e9,,two_later_processes_only
mlp,numba,nopython-mode-parallel,fresh_process,observed,0.9395491669420153,mlp_rowmax,,2,2,5a57834b626ad11a97469e2ed2472df251c3e8ff143b8d8d463672e399d900be,87c94f9c003ff974cd198163ffe2fd3948bacd6ba11c6c91faa770e7bcee04e9,,two_later_processes_only
mlp,numba,nopython-mode-parallel-range,fresh_process,observed,1.0149530954658985,mlp_rowmax,,2,2,5a57834b626ad11a97469e2ed2472df251c3e8ff143b8d8d463672e399d900be,87c94f9c003ff974cd198163ffe2fd3948bacd6ba11c6c91faa770e7bcee04e9,,between_process_variability;two_later_processes_only
mlp,numba,object-mode,fresh_process,observed,0.8198036691173911,mlp,,2,2,5a57834b626ad11a97469e2ed2472df251c3e8ff143b8d8d463672e399d900be,87c94f9c003ff974cd198163ffe2fd3948bacd6ba11c6c91faa770e7bcee04e9,,historical_disk_cache_hit_not_recorded;new_sampling_or_resources;selected_process_variability
mlp,numba,object-mode-parallel,fresh_process,observed,0.8296504004392773,mlp,,2,2,5a57834b626ad11a97469e2ed2472df251c3e8ff143b8d8d463672e399d900be,87c94f9c003ff974cd198163ffe2fd3948bacd6ba11c6c91faa770e7bcee04e9,,historical_disk_cache_hit_not_recorded;new_sampling_or_resources
mlp,numba,object-mode-parallel-range,fresh_process,N/A,,,,,,,,,
mlp,dace_cpu,fusion,fresh_process,observed,0.774975640932098,mlp,,2,2,5a57834b626ad11a97469e2ed2472df251c3e8ff143b8d8d463672e399d900be,87c94f9c003ff974cd198163ffe2fd3948bacd6ba11c6c91faa770e7bcee04e9,,
mlp,dace_cpu,parallel,fresh_process,observed,0.9877401064150035,mlp,,2,2,5a57834b626ad11a97469e2ed2472df251c3e8ff143b8d8d463672e399d900be,87c94f9c003ff974cd198163ffe2fd3948bacd6ba11c6c91faa770e7bcee04e9,,
mlp,dace_cpu,auto_opt,fresh_process,observed,0.8195928109344095,mlp,,2,2,5a57834b626ad11a97469e2ed2472df251c3e8ff143b8d8d463672e399d900be,87c94f9c003ff974cd198163ffe2fd3948bacd6ba11c6c91faa770e7bcee04e9,,
mlp,dace_gpu,fusion,fresh_process,observed,5.832735071191564,mlp,,2,2,5a57834b626ad11a97469e2ed2472df251c3e8ff143b8d8d463672e399d900be,87c94f9c003ff974cd198163ffe2fd3948bacd6ba11c6c91faa770e7bcee04e9,,
mlp,dace_gpu,parallel,fresh_process,observed,5.209098531398922,mlp,,2,2,5a57834b626ad11a97469e2ed2472df251c3e8ff143b8d8d463672e399d900be,87c94f9c003ff974cd198163ffe2fd3948bacd6ba11c6c91faa770e7bcee04e9,,
mlp,dace_gpu,auto_opt,fresh_process,observed,5.073441692860797,mlp,,2,2,5a57834b626ad11a97469e2ed2472df251c3e8ff143b8d8d463672e399d900be,87c94f9c003ff974cd198163ffe2fd3948bacd6ba11c6c91faa770e7bcee04e9,,
mlp,cupy,default,fresh_process,observed,8.155428058933467,mlp,,2,2,5a57834b626ad11a97469e2ed2472df251c3e8ff143b8d8d463672e399d900be,87c94f9c003ff974cd198163ffe2fd3948bacd6ba11c6c91faa770e7bcee04e9,,
mvt,numpy,default,fresh_process,observed,0.1557039914187044,mvt,,2,2,6d38d7a7e4ccc0cd21261ff27458bbfec43022e90858441b148c763f459bdc05,31a7a541d3eb3d99e166c80b243812e6678c96f5f504254d1acff781fbc1da55,,
mvt,numba,nopython-mode,fresh_process,observed,0.39663036284036934,mvt,,2,2,6d38d7a7e4ccc0cd21261ff27458bbfec43022e90858441b148c763f459bdc05,31a7a541d3eb3d99e166c80b243812e6678c96f5f504254d1acff781fbc1da55,,historical_disk_cache_hit_not_recorded;new_sampling_or_resources
mvt,numba,nopython-mode-parallel,fresh_process,observed,0.1516732075251639,mvt,,2,2,6d38d7a7e4ccc0cd21261ff27458bbfec43022e90858441b148c763f459bdc05,31a7a541d3eb3d99e166c80b243812e6678c96f5f504254d1acff781fbc1da55,,
mvt,numba,nopython-mode-parallel-range,fresh_process,N/A,,,,,,,,,
mvt,numba,object-mode,fresh_process,N/A,,,,,,,,,
mvt,numba,object-mode-parallel,fresh_process,N/A,,,,,,,,,
mvt,numba,object-mode-parallel-range,fresh_process,N/A,,,,,,,,,
mvt,dace_cpu,fusion,fresh_process,observed,0.2878661707509309,mvt,,2,2,6d38d7a7e4ccc0cd21261ff27458bbfec43022e90858441b148c763f459bdc05,31a7a541d3eb3d99e166c80b243812e6678c96f5f504254d1acff781fbc1da55,,
mvt,dace_cpu,parallel,fresh_process,observed,0.3301446344703436,mvt,,2,2,6d38d7a7e4ccc0cd21261ff27458bbfec43022e90858441b148c763f459bdc05,31a7a541d3eb3d99e166c80b243812e6678c96f5f504254d1acff781fbc1da55,,selected_process_variability
mvt,dace_cpu,auto_opt,fresh_process,observed,0.3197173494845629,mvt,,2,2,6d38d7a7e4ccc0cd21261ff27458bbfec43022e90858441b148c763f459bdc05,31a7a541d3eb3d99e166c80b243812e6678c96f5f504254d1acff781fbc1da55,,
mvt,dace_gpu,fusion,fresh_process,observed,4.591378204524517,mvt,,2,2,6d38d7a7e4ccc0cd21261ff27458bbfec43022e90858441b148c763f459bdc05,31a7a541d3eb3d99e166c80b243812e6678c96f5f504254d1acff781fbc1da55,,
mvt,dace_gpu,parallel,fresh_process,observed,4.53271124092862,mvt,,2,2,6d38d7a7e4ccc0cd21261ff27458bbfec43022e90858441b148c763f459bdc05,31a7a541d3eb3d99e166c80b243812e6678c96f5f504254d1acff781fbc1da55,,
mvt,dace_gpu,auto_opt,fresh_process,observed,4.553059909958392,mvt,,2,2,6d38d7a7e4ccc0cd21261ff27458bbfec43022e90858441b148c763f459bdc05,31a7a541d3eb3d99e166c80b243812e6678c96f5f504254d1acff781fbc1da55,,
mvt,cupy,default,fresh_process,observed,3.366375411627814,mvt,,2,2,6d38d7a7e4ccc0cd21261ff27458bbfec43022e90858441b148c763f459bdc05,31a7a541d3eb3d99e166c80b243812e6678c96f5f504254d1acff781fbc1da55,,
nbody,numpy,default,fresh_process,validation,,nbody,,0,0,eb19dd29eced1356f5981ddd1d68235062b1cd0e3e730e4069acc2a4f30a6512,369f565b2cc3f4d1e7431a758f71f09b2fb5270f7b56b9b6b5de37373d88c636,,
nbody,numba,nopython-mode,fresh_process,validation,,nbody,,0,0,eb19dd29eced1356f5981ddd1d68235062b1cd0e3e730e4069acc2a4f30a6512,369f565b2cc3f4d1e7431a758f71f09b2fb5270f7b56b9b6b5de37373d88c636,,
nbody,numba,nopython-mode-parallel,fresh_process,N/A,,,,,,,,,
nbody,numba,nopython-mode-parallel-range,fresh_process,N/A,,,,,,,,,
nbody,numba,object-mode,fresh_process,validation,,nbody,,0,0,eb19dd29eced1356f5981ddd1d68235062b1cd0e3e730e4069acc2a4f30a6512,369f565b2cc3f4d1e7431a758f71f09b2fb5270f7b56b9b6b5de37373d88c636,,
nbody,numba,object-mode-parallel,fresh_process,validation,,nbody,,0,0,eb19dd29eced1356f5981ddd1d68235062b1cd0e3e730e4069acc2a4f30a6512,369f565b2cc3f4d1e7431a758f71f09b2fb5270f7b56b9b6b5de37373d88c636,,
nbody,numba,object-mode-parallel-range,fresh_process,N/A,,,,,,,,,
nbody,dace_cpu,fusion,fresh_process,validation,,nbody,,0,0,eb19dd29eced1356f5981ddd1d68235062b1cd0e3e730e4069acc2a4f30a6512,369f565b2cc3f4d1e7431a758f71f09b2fb5270f7b56b9b6b5de37373d88c636,,
nbody,dace_cpu,parallel,fresh_process,validation,,nbody,,0,0,eb19dd29eced1356f5981ddd1d68235062b1cd0e3e730e4069acc2a4f30a6512,369f565b2cc3f4d1e7431a758f71f09b2fb5270f7b56b9b6b5de37373d88c636,,
nbody,dace_cpu,auto_opt,fresh_process,validation,,nbody,,0,0,eb19dd29eced1356f5981ddd1d68235062b1cd0e3e730e4069acc2a4f30a6512,369f565b2cc3f4d1e7431a758f71f09b2fb5270f7b56b9b6b5de37373d88c636,,
nbody,dace_gpu,fusion,fresh_process,validation,,nbody,,0,0,eb19dd29eced1356f5981ddd1d68235062b1cd0e3e730e4069acc2a4f30a6512,369f565b2cc3f4d1e7431a758f71f09b2fb5270f7b56b9b6b5de37373d88c636,,
nbody,dace_gpu,parallel,fresh_process,validation,,nbody,,0,0,eb19dd29eced1356f5981ddd1d68235062b1cd0e3e730e4069acc2a4f30a6512,369f565b2cc3f4d1e7431a758f71f09b2fb5270f7b56b9b6b5de37373d88c636,,
nbody,dace_gpu,auto_opt,fresh_process,validation,,nbody,,0,0,eb19dd29eced1356f5981ddd1d68235062b1cd0e3e730e4069acc2a4f30a6512,369f565b2cc3f4d1e7431a758f71f09b2fb5270f7b56b9b6b5de37373d88c636,,
nbody,cupy,default,fresh_process,validation,,nbody,,0,0,eb19dd29eced1356f5981ddd1d68235062b1cd0e3e730e4069acc2a4f30a6512,369f565b2cc3f4d1e7431a758f71f09b2fb5270f7b56b9b6b5de37373d88c636,,
nussinov,numpy,default,fresh_process,observed,1.1818466545082629,nussinov,,2,2,7de19d1b6c54c559477765ce530898d3c0e580b07d787f443f19ff85acf43418,05b880e157b9ee387cb9be1fa3b10e2f4efe7bed764c6b129b8b31ad87b8df2a,,selected_process_variability
nussinov,numba,nopython-mode,fresh_process,observed,0.3827205812558532,nussinov,,3,3,7de19d1b6c54c559477765ce530898d3c0e580b07d787f443f19ff85acf43418,05b880e157b9ee387cb9be1fa3b10e2f4efe7bed764c6b129b8b31ad87b8df2a,,
nussinov,numba,nopython-mode-parallel,fresh_process,observed,0.4268762734718621,nussinov,,2,2,7de19d1b6c54c559477765ce530898d3c0e580b07d787f443f19ff85acf43418,05b880e157b9ee387cb9be1fa3b10e2f4efe7bed764c6b129b8b31ad87b8df2a,,historical_disk_cache_hit_not_recorded
nussinov,numba,nopython-mode-parallel-range,fresh_process,N/A,,,,,,,,,
nussinov,numba,object-mode,fresh_process,N/A,,,,,,,,,
nussinov,numba,object-mode-parallel,fresh_process,N/A,,,,,,,,,
nussinov,numba,object-mode-parallel-range,fresh_process,N/A,,,,,,,,,
nussinov,dace_cpu,fusion,fresh_process,observed,0.11886003683321178,nussinov,,2,2,7de19d1b6c54c559477765ce530898d3c0e580b07d787f443f19ff85acf43418,05b880e157b9ee387cb9be1fa3b10e2f4efe7bed764c6b129b8b31ad87b8df2a,,
nussinov,dace_cpu,parallel,fresh_process,observed,0.14606020343489945,nussinov,,2,2,7de19d1b6c54c559477765ce530898d3c0e580b07d787f443f19ff85acf43418,05b880e157b9ee387cb9be1fa3b10e2f4efe7bed764c6b129b8b31ad87b8df2a,,selected_process_variability
nussinov,dace_cpu,auto_opt,fresh_process,observed,0.11915854411199689,nussinov,,2,2,7de19d1b6c54c559477765ce530898d3c0e580b07d787f443f19ff85acf43418,05b880e157b9ee387cb9be1fa3b10e2f4efe7bed764c6b129b8b31ad87b8df2a,,
nussinov,dace_gpu,fusion,fresh_process,observed,54.63294255663641,nussinov,,2,2,7de19d1b6c54c559477765ce530898d3c0e580b07d787f443f19ff85acf43418,05b880e157b9ee387cb9be1fa3b10e2f4efe7bed764c6b129b8b31ad87b8df2a,,
nussinov,dace_gpu,parallel,fresh_process,observed,50.56861848710105,nussinov,,2,2,7de19d1b6c54c559477765ce530898d3c0e580b07d787f443f19ff85acf43418,05b880e157b9ee387cb9be1fa3b10e2f4efe7bed764c6b129b8b31ad87b8df2a,,
nussinov,dace_gpu,auto_opt,fresh_process,observed,59.8618344378192,nussinov,,2,2,7de19d1b6c54c559477765ce530898d3c0e580b07d787f443f19ff85acf43418,05b880e157b9ee387cb9be1fa3b10e2f4efe7bed764c6b129b8b31ad87b8df2a,,
nussinov,cupy,default,fresh_process,observed,82.82467692997307,nussinov,,2,2,7de19d1b6c54c559477765ce530898d3c0e580b07d787f443f19ff85acf43418,05b880e157b9ee387cb9be1fa3b10e2f4efe7bed764c6b129b8b31ad87b8df2a,,
resnet,numpy,default,fresh_process,observed,1.177767850458622,resnet,,2,2,9c64e5659fe9a99f38dfdee95f8c4b5ec1e0daa0e4544948c4f88bb50e6edbfa,070b0fcd2b4f101302a58108dce79a6ea1d6fdbdf9be753fec768d1818ea7464,,selected_process_variability
resnet,numba,nopython-mode,fresh_process,validation,,resnet,,0,0,9c64e5659fe9a99f38dfdee95f8c4b5ec1e0daa0e4544948c4f88bb50e6edbfa,070b0fcd2b4f101302a58108dce79a6ea1d6fdbdf9be753fec768d1818ea7464,,
resnet,numba,nopython-mode-parallel,fresh_process,validation,,resnet,,0,0,9c64e5659fe9a99f38dfdee95f8c4b5ec1e0daa0e4544948c4f88bb50e6edbfa,070b0fcd2b4f101302a58108dce79a6ea1d6fdbdf9be753fec768d1818ea7464,,
resnet,numba,nopython-mode-parallel-range,fresh_process,validation,,resnet,,0,0,9c64e5659fe9a99f38dfdee95f8c4b5ec1e0daa0e4544948c4f88bb50e6edbfa,070b0fcd2b4f101302a58108dce79a6ea1d6fdbdf9be753fec768d1818ea7464,,
resnet,numba,object-mode,fresh_process,error,,resnet,,0,0,9c64e5659fe9a99f38dfdee95f8c4b5ec1e0daa0e4544948c4f88bb50e6edbfa,070b0fcd2b4f101302a58108dce79a6ea1d6fdbdf9be753fec768d1818ea7464,,
resnet,numba,object-mode-parallel,fresh_process,error,,resnet,,0,0,9c64e5659fe9a99f38dfdee95f8c4b5ec1e0daa0e4544948c4f88bb50e6edbfa,070b0fcd2b4f101302a58108dce79a6ea1d6fdbdf9be753fec768d1818ea7464,,
resnet,numba,object-mode-parallel-range,fresh_process,observed,5.666075829416513,resnet,,2,2,9c64e5659fe9a99f38dfdee95f8c4b5ec1e0daa0e4544948c4f88bb50e6edbfa,070b0fcd2b4f101302a58108dce79a6ea1d6fdbdf9be753fec768d1818ea7464,,historical_disk_cache_hit_not_recorded
resnet,dace_cpu,fusion,fresh_process,observed,4.652916104067117,resnet,,2,2,9c64e5659fe9a99f38dfdee95f8c4b5ec1e0daa0e4544948c4f88bb50e6edbfa,070b0fcd2b4f101302a58108dce79a6ea1d6fdbdf9be753fec768d1818ea7464,,selected_process_variability
resnet,dace_cpu,parallel,fresh_process,observed,1.2810171248856932,resnet,,2,2,9c64e5659fe9a99f38dfdee95f8c4b5ec1e0daa0e4544948c4f88bb50e6edbfa,070b0fcd2b4f101302a58108dce79a6ea1d6fdbdf9be753fec768d1818ea7464,,selected_process_variability
resnet,dace_cpu,auto_opt,fresh_process,observed,1.8515615987125784,resnet,,2,2,9c64e5659fe9a99f38dfdee95f8c4b5ec1e0daa0e4544948c4f88bb50e6edbfa,070b0fcd2b4f101302a58108dce79a6ea1d6fdbdf9be753fec768d1818ea7464,,new_variability;selected_process_variability
resnet,dace_gpu,fusion,fresh_process,validation,,resnet,,0,0,9c64e5659fe9a99f38dfdee95f8c4b5ec1e0daa0e4544948c4f88bb50e6edbfa,070b0fcd2b4f101302a58108dce79a6ea1d6fdbdf9be753fec768d1818ea7464,,
resnet,dace_gpu,parallel,fresh_process,error,,resnet,,0,0,9c64e5659fe9a99f38dfdee95f8c4b5ec1e0daa0e4544948c4f88bb50e6edbfa,070b0fcd2b4f101302a58108dce79a6ea1d6fdbdf9be753fec768d1818ea7464,,
resnet,dace_gpu,auto_opt,fresh_process,error,,resnet,,0,0,9c64e5659fe9a99f38dfdee95f8c4b5ec1e0daa0e4544948c4f88bb50e6edbfa,070b0fcd2b4f101302a58108dce79a6ea1d6fdbdf9be753fec768d1818ea7464,,
resnet,cupy,default,fresh_process,observed,1.4851903992239386,resnet,,2,2,9c64e5659fe9a99f38dfdee95f8c4b5ec1e0daa0e4544948c4f88bb50e6edbfa,070b0fcd2b4f101302a58108dce79a6ea1d6fdbdf9be753fec768d1818ea7464,,selected_process_variability
scattering_self_energies,numpy,default,fresh_process,observed,0.9706076644361019,scattering_self_energies,,2,2,dfe8b7a530913f54e6164d2f20cb5a63e6c95544a680629acde629144cff7caa,f7d4f3c7d50b72880addf25da02f47a077e25e5f288758e484adcbc85a181974,,selected_process_variability
scattering_self_energies,numba,nopython-mode,fresh_process,observed,0.47250950848683715,scattering_self_energies,,2,2,dfe8b7a530913f54e6164d2f20cb5a63e6c95544a680629acde629144cff7caa,f7d4f3c7d50b72880addf25da02f47a077e25e5f288758e484adcbc85a181974,,historical_disk_cache_hit_not_recorded;new_variability
scattering_self_energies,numba,nopython-mode-parallel,fresh_process,N/A,,,,,,,,,
scattering_self_energies,numba,nopython-mode-parallel-range,fresh_process,observed,0.7956447023898363,scattering_self_energies,,2,2,dfe8b7a530913f54e6164d2f20cb5a63e6c95544a680629acde629144cff7caa,f7d4f3c7d50b72880addf25da02f47a077e25e5f288758e484adcbc85a181974,,historical_disk_cache_hit_not_recorded
scattering_self_energies,numba,object-mode,fresh_process,N/A,,,,,,,,,
scattering_self_energies,numba,object-mode-parallel,fresh_process,N/A,,,,,,,,,
scattering_self_energies,numba,object-mode-parallel-range,fresh_process,N/A,,,,,,,,,
scattering_self_energies,dace_cpu,fusion,fresh_process,observed,12.634935783455148,scattering_self_energies,,2,2,dfe8b7a530913f54e6164d2f20cb5a63e6c95544a680629acde629144cff7caa,f7d4f3c7d50b72880addf25da02f47a077e25e5f288758e484adcbc85a181974,,selected_process_variability
scattering_self_energies,dace_cpu,parallel,fresh_process,observed,7.190640052547678,scattering_self_energies,,2,2,dfe8b7a530913f54e6164d2f20cb5a63e6c95544a680629acde629144cff7caa,f7d4f3c7d50b72880addf25da02f47a077e25e5f288758e484adcbc85a181974,,
scattering_self_energies,dace_cpu,auto_opt,fresh_process,observed,7.197699956130236,scattering_self_energies,,2,2,dfe8b7a530913f54e6164d2f20cb5a63e6c95544a680629acde629144cff7caa,f7d4f3c7d50b72880addf25da02f47a077e25e5f288758e484adcbc85a181974,,selected_process_variability
scattering_self_energies,dace_gpu,fusion,fresh_process,observed,8.305201302515343,scattering_self_energies,,2,2,dfe8b7a530913f54e6164d2f20cb5a63e6c95544a680629acde629144cff7caa,f7d4f3c7d50b72880addf25da02f47a077e25e5f288758e484adcbc85a181974,,
scattering_self_energies,dace_gpu,parallel,fresh_process,observed,8.191349643282592,scattering_self_energies,,2,2,dfe8b7a530913f54e6164d2f20cb5a63e6c95544a680629acde629144cff7caa,f7d4f3c7d50b72880addf25da02f47a077e25e5f288758e484adcbc85a181974,,
scattering_self_energies,dace_gpu,auto_opt,fresh_process,observed,7.034236142877489,scattering_self_energies,,2,2,dfe8b7a530913f54e6164d2f20cb5a63e6c95544a680629acde629144cff7caa,f7d4f3c7d50b72880addf25da02f47a077e25e5f288758e484adcbc85a181974,,new_sampling_or_resources;selected_process_variability
scattering_self_energies,cupy,default,fresh_process,observed,14.942927783587947,scattering_self_energies,,2,2,dfe8b7a530913f54e6164d2f20cb5a63e6c95544a680629acde629144cff7caa,f7d4f3c7d50b72880addf25da02f47a077e25e5f288758e484adcbc85a181974,,
seidel_2d,numpy,default,fresh_process,observed,0.8659303758759052,seidel_2d,,2,2,ee1919384d25883ff17bfcdb49d28a5d6dabc6f97d12c672811043a4107874a9,6d10c80c878e92ea3bdd4f0a16c473438b233d1989ed5a8d0f8d1356e6d0b32b,,selected_process_variability
seidel_2d,numba,nopython-mode,fresh_process,observed,0.38532000919803977,seidel_2d,,2,2,ee1919384d25883ff17bfcdb49d28a5d6dabc6f97d12c672811043a4107874a9,6d10c80c878e92ea3bdd4f0a16c473438b233d1989ed5a8d0f8d1356e6d0b32b,,historical_disk_cache_hit_not_recorded;new_sampling_or_resources
seidel_2d,numba,nopython-mode-parallel,fresh_process,validation,,seidel_2d,,0,0,ee1919384d25883ff17bfcdb49d28a5d6dabc6f97d12c672811043a4107874a9,6d10c80c878e92ea3bdd4f0a16c473438b233d1989ed5a8d0f8d1356e6d0b32b,,
seidel_2d,numba,nopython-mode-parallel-range,fresh_process,N/A,,,,,,,,,
seidel_2d,numba,object-mode,fresh_process,N/A,,,,,,,,,
seidel_2d,numba,object-mode-parallel,fresh_process,N/A,,,,,,,,,
seidel_2d,numba,object-mode-parallel-range,fresh_process,N/A,,,,,,,,,
seidel_2d,dace_cpu,fusion,fresh_process,observed,0.6786881471052766,seidel_2d,,2,2,ee1919384d25883ff17bfcdb49d28a5d6dabc6f97d12c672811043a4107874a9,6d10c80c878e92ea3bdd4f0a16c473438b233d1989ed5a8d0f8d1356e6d0b32b,,selected_process_variability
seidel_2d,dace_cpu,parallel,fresh_process,observed,0.8620774189475924,seidel_2d,,2,2,ee1919384d25883ff17bfcdb49d28a5d6dabc6f97d12c672811043a4107874a9,6d10c80c878e92ea3bdd4f0a16c473438b233d1989ed5a8d0f8d1356e6d0b32b,,selected_process_variability
seidel_2d,dace_cpu,auto_opt,fresh_process,observed,1.0120595344342291,seidel_2d,,2,2,ee1919384d25883ff17bfcdb49d28a5d6dabc6f97d12c672811043a4107874a9,6d10c80c878e92ea3bdd4f0a16c473438b233d1989ed5a8d0f8d1356e6d0b32b,,selected_process_variability
seidel_2d,dace_gpu,fusion,fresh_process,observed,25.262350417207927,seidel_2d,,2,2,ee1919384d25883ff17bfcdb49d28a5d6dabc6f97d12c672811043a4107874a9,6d10c80c878e92ea3bdd4f0a16c473438b233d1989ed5a8d0f8d1356e6d0b32b,,
seidel_2d,dace_gpu,parallel,fresh_process,observed,25.193761825328693,seidel_2d,,2,2,ee1919384d25883ff17bfcdb49d28a5d6dabc6f97d12c672811043a4107874a9,6d10c80c878e92ea3bdd4f0a16c473438b233d1989ed5a8d0f8d1356e6d0b32b,,
seidel_2d,dace_gpu,auto_opt,fresh_process,observed,24.037017334019765,seidel_2d,,2,2,ee1919384d25883ff17bfcdb49d28a5d6dabc6f97d12c672811043a4107874a9,6d10c80c878e92ea3bdd4f0a16c473438b233d1989ed5a8d0f8d1356e6d0b32b,,
seidel_2d,cupy,default,fresh_process,observed,48.019061104161665,seidel_2d,,2,2,ee1919384d25883ff17bfcdb49d28a5d6dabc6f97d12c672811043a4107874a9,6d10c80c878e92ea3bdd4f0a16c473438b233d1989ed5a8d0f8d1356e6d0b32b,,
softmax,numpy,default,fresh_process,observed,1.2409008564427495,softmax,,2,2,4c2cc8073ef8741ed9febc8a4ff62219351eab9b80f103f3f9ef78cbfb3d3a24,2fcf9437c28756a764115316372f1c170da55c13fa29321255a7dcc2a7583c80,,selected_process_variability
softmax,numba,nopython-mode,fresh_process,observed,4.614631859352812,softmax,,2,2,4c2cc8073ef8741ed9febc8a4ff62219351eab9b80f103f3f9ef78cbfb3d3a24,2fcf9437c28756a764115316372f1c170da55c13fa29321255a7dcc2a7583c80,,historical_disk_cache_hit_not_recorded;selected_process_variability
softmax,numba,nopython-mode-parallel,fresh_process,observed,2.8636349115986377,softmax,,2,2,4c2cc8073ef8741ed9febc8a4ff62219351eab9b80f103f3f9ef78cbfb3d3a24,2fcf9437c28756a764115316372f1c170da55c13fa29321255a7dcc2a7583c80,,historical_disk_cache_hit_not_recorded;selected_process_variability
softmax,numba,nopython-mode-parallel-range,fresh_process,observed,2.549623488681391,softmax,,2,2,4c2cc8073ef8741ed9febc8a4ff62219351eab9b80f103f3f9ef78cbfb3d3a24,2fcf9437c28756a764115316372f1c170da55c13fa29321255a7dcc2a7583c80,,historical_disk_cache_hit_not_recorded
softmax,numba,object-mode,fresh_process,observed,1.3196150565054268,softmax,,2,2,4c2cc8073ef8741ed9febc8a4ff62219351eab9b80f103f3f9ef78cbfb3d3a24,2fcf9437c28756a764115316372f1c170da55c13fa29321255a7dcc2a7583c80,,historical_disk_cache_hit_not_recorded;new_variability
softmax,numba,object-mode-parallel,fresh_process,observed,1.491204075049609,softmax,,2,2,4c2cc8073ef8741ed9febc8a4ff62219351eab9b80f103f3f9ef78cbfb3d3a24,2fcf9437c28756a764115316372f1c170da55c13fa29321255a7dcc2a7583c80,,historical_disk_cache_hit_not_recorded;new_variability;selected_process_variability
softmax,numba,object-mode-parallel-range,fresh_process,N/A,,,,,,,,,
softmax,dace_cpu,fusion,fresh_process,observed,142.22912638331763,softmax,,2,2,4c2cc8073ef8741ed9febc8a4ff62219351eab9b80f103f3f9ef78cbfb3d3a24,2fcf9437c28756a764115316372f1c170da55c13fa29321255a7dcc2a7583c80,,
softmax,dace_cpu,parallel,fresh_process,observed,137.3293159310706,softmax,,2,2,4c2cc8073ef8741ed9febc8a4ff62219351eab9b80f103f3f9ef78cbfb3d3a24,2fcf9437c28756a764115316372f1c170da55c13fa29321255a7dcc2a7583c80,,
softmax,dace_cpu,auto_opt,fresh_process,observed,129.7314774559345,softmax,,2,2,4c2cc8073ef8741ed9febc8a4ff62219351eab9b80f103f3f9ef78cbfb3d3a24,2fcf9437c28756a764115316372f1c170da55c13fa29321255a7dcc2a7583c80,,selected_process_variability
softmax,dace_gpu,fusion,fresh_process,observed,2.319031174760312,softmax,,2,2,4c2cc8073ef8741ed9febc8a4ff62219351eab9b80f103f3f9ef78cbfb3d3a24,2fcf9437c28756a764115316372f1c170da55c13fa29321255a7dcc2a7583c80,,
softmax,dace_gpu,parallel,fresh_process,observed,2.1514157105702907,softmax,,2,2,4c2cc8073ef8741ed9febc8a4ff62219351eab9b80f103f3f9ef78cbfb3d3a24,2fcf9437c28756a764115316372f1c170da55c13fa29321255a7dcc2a7583c80,,
softmax,dace_gpu,auto_opt,fresh_process,observed,2.368399287108332,softmax,,2,2,4c2cc8073ef8741ed9febc8a4ff62219351eab9b80f103f3f9ef78cbfb3d3a24,2fcf9437c28756a764115316372f1c170da55c13fa29321255a7dcc2a7583c80,,selected_process_variability
softmax,cupy,default,fresh_process,observed,1.4103203704580665,softmax,,2,2,4c2cc8073ef8741ed9febc8a4ff62219351eab9b80f103f3f9ef78cbfb3d3a24,2fcf9437c28756a764115316372f1c170da55c13fa29321255a7dcc2a7583c80,,
spmv,numpy,default,fresh_process,observed,1.0020210989750922,spmv,,2,2,da225492dbcd662f48fe5c413e0af07e8fbf1265c8b2c20e9564383e2e55d8ad,830b22cd03e41feb9b883b4b8fc754402901ac74dc9f607cfa3a81bdc5787389,,
spmv,numba,nopython-mode,fresh_process,observed,0.44695254834368825,spmv,,2,2,da225492dbcd662f48fe5c413e0af07e8fbf1265c8b2c20e9564383e2e55d8ad,830b22cd03e41feb9b883b4b8fc754402901ac74dc9f607cfa3a81bdc5787389,,historical_disk_cache_hit_not_recorded
spmv,numba,nopython-mode-parallel,fresh_process,observed,0.4491193909198046,spmv,,2,2,da225492dbcd662f48fe5c413e0af07e8fbf1265c8b2c20e9564383e2e55d8ad,830b22cd03e41feb9b883b4b8fc754402901ac74dc9f607cfa3a81bdc5787389,,historical_disk_cache_hit_not_recorded
spmv,numba,nopython-mode-parallel-range,fresh_process,observed,0.49502430530264974,spmv,,3,3,da225492dbcd662f48fe5c413e0af07e8fbf1265c8b2c20e9564383e2e55d8ad,830b22cd03e41feb9b883b4b8fc754402901ac74dc9f607cfa3a81bdc5787389,,
spmv,numba,object-mode,fresh_process,N/A,,,,,,,,,
spmv,numba,object-mode-parallel,fresh_process,N/A,,,,,,,,,
spmv,numba,object-mode-parallel-range,fresh_process,N/A,,,,,,,,,
spmv,dace_cpu,fusion,fresh_process,observed,10.897731587290764,spmv,,2,2,da225492dbcd662f48fe5c413e0af07e8fbf1265c8b2c20e9564383e2e55d8ad,830b22cd03e41feb9b883b4b8fc754402901ac74dc9f607cfa3a81bdc5787389,,selected_process_variability
spmv,dace_cpu,parallel,fresh_process,observed,0.169465112965554,spmv,,3,3,da225492dbcd662f48fe5c413e0af07e8fbf1265c8b2c20e9564383e2e55d8ad,830b22cd03e41feb9b883b4b8fc754402901ac74dc9f607cfa3a81bdc5787389,,
spmv,dace_cpu,auto_opt,fresh_process,observed,0.17304516094736755,spmv,,2,2,da225492dbcd662f48fe5c413e0af07e8fbf1265c8b2c20e9564383e2e55d8ad,830b22cd03e41feb9b883b4b8fc754402901ac74dc9f607cfa3a81bdc5787389,,
spmv,dace_gpu,fusion,fresh_process,observed,51.487834649626166,spmv,,2,2,da225492dbcd662f48fe5c413e0af07e8fbf1265c8b2c20e9564383e2e55d8ad,830b22cd03e41feb9b883b4b8fc754402901ac74dc9f607cfa3a81bdc5787389,,
spmv,dace_gpu,parallel,fresh_process,observed,1.218885692069307,spmv,,2,2,da225492dbcd662f48fe5c413e0af07e8fbf1265c8b2c20e9564383e2e55d8ad,830b22cd03e41feb9b883b4b8fc754402901ac74dc9f607cfa3a81bdc5787389,,new_variability
spmv,dace_gpu,auto_opt,fresh_process,observed,1.2605390548706055,spmv,,2,2,da225492dbcd662f48fe5c413e0af07e8fbf1265c8b2c20e9564383e2e55d8ad,830b22cd03e41feb9b883b4b8fc754402901ac74dc9f607cfa3a81bdc5787389,,
spmv,cupy,default,fresh_process,observed,48.64895432558842,spmv,,2,2,da225492dbcd662f48fe5c413e0af07e8fbf1265c8b2c20e9564383e2e55d8ad,830b22cd03e41feb9b883b4b8fc754402901ac74dc9f607cfa3a81bdc5787389,,
stockham_fft,numpy,default,fresh_process,observed,1.066049661487341,stockham_fft,,2,2,6d6ff6409e820c0b1abb2d24a7ede6af7390464b8d347a4cba678562e2b4f111,f6c4acc3fcbed6678c4fad72d834895ca7156ce67f7538ebe2242ed208af3254,,selected_process_variability
stockham_fft,numba,nopython-mode,fresh_process,observed,3.1309677055105567,stockham_fft,,2,2,6d6ff6409e820c0b1abb2d24a7ede6af7390464b8d347a4cba678562e2b4f111,f6c4acc3fcbed6678c4fad72d834895ca7156ce67f7538ebe2242ed208af3254,,historical_disk_cache_hit_not_recorded;selected_process_variability
stockham_fft,numba,nopython-mode-parallel,fresh_process,observed,455.47170538664795,stockham_fft,,2,2,6d6ff6409e820c0b1abb2d24a7ede6af7390464b8d347a4cba678562e2b4f111,f6c4acc3fcbed6678c4fad72d834895ca7156ce67f7538ebe2242ed208af3254,,historical_disk_cache_hit_not_recorded
stockham_fft,numba,nopython-mode-parallel-range,fresh_process,observed,6.6100824910681695,stockham_fft,,2,2,6d6ff6409e820c0b1abb2d24a7ede6af7390464b8d347a4cba678562e2b4f111,f6c4acc3fcbed6678c4fad72d834895ca7156ce67f7538ebe2242ed208af3254,,historical_disk_cache_hit_not_recorded
stockham_fft,numba,object-mode,fresh_process,unsupported,,stockham_fft,,0,0,6d6ff6409e820c0b1abb2d24a7ede6af7390464b8d347a4cba678562e2b4f111,f6c4acc3fcbed6678c4fad72d834895ca7156ce67f7538ebe2242ed208af3254,,
stockham_fft,numba,object-mode-parallel,fresh_process,unsupported,,stockham_fft,,0,0,6d6ff6409e820c0b1abb2d24a7ede6af7390464b8d347a4cba678562e2b4f111,f6c4acc3fcbed6678c4fad72d834895ca7156ce67f7538ebe2242ed208af3254,,
stockham_fft,numba,object-mode-parallel-range,fresh_process,N/A,,,,,,,,,
stockham_fft,dace_cpu,fusion,fresh_process,error,,stockham_fft,,0,0,6d6ff6409e820c0b1abb2d24a7ede6af7390464b8d347a4cba678562e2b4f111,f6c4acc3fcbed6678c4fad72d834895ca7156ce67f7538ebe2242ed208af3254,,
stockham_fft,dace_cpu,parallel,fresh_process,error,,stockham_fft,,0,0,6d6ff6409e820c0b1abb2d24a7ede6af7390464b8d347a4cba678562e2b4f111,f6c4acc3fcbed6678c4fad72d834895ca7156ce67f7538ebe2242ed208af3254,,
stockham_fft,dace_cpu,auto_opt,fresh_process,error,,stockham_fft,,0,0,6d6ff6409e820c0b1abb2d24a7ede6af7390464b8d347a4cba678562e2b4f111,f6c4acc3fcbed6678c4fad72d834895ca7156ce67f7538ebe2242ed208af3254,,
stockham_fft,dace_gpu,fusion,fresh_process,error,,stockham_fft,,0,0,6d6ff6409e820c0b1abb2d24a7ede6af7390464b8d347a4cba678562e2b4f111,f6c4acc3fcbed6678c4fad72d834895ca7156ce67f7538ebe2242ed208af3254,,
stockham_fft,dace_gpu,parallel,fresh_process,error,,stockham_fft,,0,0,6d6ff6409e820c0b1abb2d24a7ede6af7390464b8d347a4cba678562e2b4f111,f6c4acc3fcbed6678c4fad72d834895ca7156ce67f7538ebe2242ed208af3254,,
stockham_fft,dace_gpu,auto_opt,fresh_process,error,,stockham_fft,,0,0,6d6ff6409e820c0b1abb2d24a7ede6af7390464b8d347a4cba678562e2b4f111,f6c4acc3fcbed6678c4fad72d834895ca7156ce67f7538ebe2242ed208af3254,,
stockham_fft,cupy,default,fresh_process,observed,0.6418123808689415,stockham_fft,,2,2,6d6ff6409e820c0b1abb2d24a7ede6af7390464b8d347a4cba678562e2b4f111,f6c4acc3fcbed6678c4fad72d834895ca7156ce67f7538ebe2242ed208af3254,,
symm,numpy,default,fresh_process,observed,1.0862132105976343,symm,,2,2,9a79ab11f86fec484ee78c92c02c8f9588bcdd801caf9345beae289adb5ce087,c983fe23aab1369b59df067f61f46c516f426a2b0a1ea8bdc3779352f6c91630,,
symm,numba,nopython-mode,fresh_process,observed,0.5838726405054331,symm,,2,2,9a79ab11f86fec484ee78c92c02c8f9588bcdd801caf9345beae289adb5ce087,c983fe23aab1369b59df067f61f46c516f426a2b0a1ea8bdc3779352f6c91630,,historical_disk_cache_hit_not_recorded
symm,numba,nopython-mode-parallel,fresh_process,N/A,,,,,,,,,
symm,numba,nopython-mode-parallel-range,fresh_process,observed,0.5052559680771083,symm,,2,2,9a79ab11f86fec484ee78c92c02c8f9588bcdd801caf9345beae289adb5ce087,c983fe23aab1369b59df067f61f46c516f426a2b0a1ea8bdc3779352f6c91630,,historical_disk_cache_hit_not_recorded;new_variability
symm,numba,object-mode,fresh_process,N/A,,,,,,,,,
symm,numba,object-mode-parallel,fresh_process,N/A,,,,,,,,,
symm,numba,object-mode-parallel-range,fresh_process,N/A,,,,,,,,,
symm,dace_cpu,fusion,fresh_process,observed,10.06557415984571,symm,,2,2,9a79ab11f86fec484ee78c92c02c8f9588bcdd801caf9345beae289adb5ce087,c983fe23aab1369b59df067f61f46c516f426a2b0a1ea8bdc3779352f6c91630,,selected_process_variability
symm,dace_cpu,parallel,fresh_process,observed,8.260547450045124,symm,,2,2,9a79ab11f86fec484ee78c92c02c8f9588bcdd801caf9345beae289adb5ce087,c983fe23aab1369b59df067f61f46c516f426a2b0a1ea8bdc3779352f6c91630,,selected_process_variability
symm,dace_cpu,auto_opt,fresh_process,observed,5.775119072524831,symm,,2,2,9a79ab11f86fec484ee78c92c02c8f9588bcdd801caf9345beae289adb5ce087,c983fe23aab1369b59df067f61f46c516f426a2b0a1ea8bdc3779352f6c91630,,
symm,dace_gpu,fusion,fresh_process,observed,7.539232618641108,symm,,2,2,9a79ab11f86fec484ee78c92c02c8f9588bcdd801caf9345beae289adb5ce087,c983fe23aab1369b59df067f61f46c516f426a2b0a1ea8bdc3779352f6c91630,,selected_process_variability
symm,dace_gpu,parallel,fresh_process,observed,6.596138948807493,symm,,2,2,9a79ab11f86fec484ee78c92c02c8f9588bcdd801caf9345beae289adb5ce087,c983fe23aab1369b59df067f61f46c516f426a2b0a1ea8bdc3779352f6c91630,,
symm,dace_gpu,auto_opt,fresh_process,observed,6.352005960652605,symm,,2,2,9a79ab11f86fec484ee78c92c02c8f9588bcdd801caf9345beae289adb5ce087,c983fe23aab1369b59df067f61f46c516f426a2b0a1ea8bdc3779352f6c91630,,new_sampling_or_resources
symm,cupy,default,fresh_process,observed,29.256437418051064,symm,,2,2,9a79ab11f86fec484ee78c92c02c8f9588bcdd801caf9345beae289adb5ce087,c983fe23aab1369b59df067f61f46c516f426a2b0a1ea8bdc3779352f6c91630,,
syr2k,numpy,default,fresh_process,observed,1.2800214015878737,syr2k,,2,2,e7abbc19895a88befab489211bc20dc301be2dede982f39fba4c4f210583f274,4eed4ab152ea49c0a4cdf942787319238e4b8903146da60692ca376422fc8502,,
syr2k,numba,nopython-mode,fresh_process,observed,0.47323784977197647,syr2k,,3,3,e7abbc19895a88befab489211bc20dc301be2dede982f39fba4c4f210583f274,4eed4ab152ea49c0a4cdf942787319238e4b8903146da60692ca376422fc8502,,
syr2k,numba,nopython-mode-parallel,fresh_process,N/A,,,,,,,,,
syr2k,numba,nopython-mode-parallel-range,fresh_process,N/A,,,,,,,,,
syr2k,numba,object-mode,fresh_process,N/A,,,,,,,,,
syr2k,numba,object-mode-parallel,fresh_process,N/A,,,,,,,,,
syr2k,numba,object-mode-parallel-range,fresh_process,N/A,,,,,,,,,
syr2k,dace_cpu,fusion,fresh_process,observed,4.78890973306261,syr2k,,2,2,e7abbc19895a88befab489211bc20dc301be2dede982f39fba4c4f210583f274,4eed4ab152ea49c0a4cdf942787319238e4b8903146da60692ca376422fc8502,,selected_process_variability
syr2k,dace_cpu,parallel,fresh_process,observed,4.5015582870692015,syr2k,,2,2,e7abbc19895a88befab489211bc20dc301be2dede982f39fba4c4f210583f274,4eed4ab152ea49c0a4cdf942787319238e4b8903146da60692ca376422fc8502,,
syr2k,dace_cpu,auto_opt,fresh_process,observed,5.018153309356421,syr2k,,2,2,e7abbc19895a88befab489211bc20dc301be2dede982f39fba4c4f210583f274,4eed4ab152ea49c0a4cdf942787319238e4b8903146da60692ca376422fc8502,,
syr2k,dace_gpu,fusion,fresh_process,observed,6.544248347636312,syr2k,,2,2,e7abbc19895a88befab489211bc20dc301be2dede982f39fba4c4f210583f274,4eed4ab152ea49c0a4cdf942787319238e4b8903146da60692ca376422fc8502,,
syr2k,dace_gpu,parallel,fresh_process,observed,6.830536323832348,syr2k,,2,2,e7abbc19895a88befab489211bc20dc301be2dede982f39fba4c4f210583f274,4eed4ab152ea49c0a4cdf942787319238e4b8903146da60692ca376422fc8502,,
syr2k,dace_gpu,auto_opt,fresh_process,observed,6.526945609599352,syr2k,,2,2,e7abbc19895a88befab489211bc20dc301be2dede982f39fba4c4f210583f274,4eed4ab152ea49c0a4cdf942787319238e4b8903146da60692ca376422fc8502,,
syr2k,cupy,default,fresh_process,observed,15.047397871501744,syr2k,,2,2,e7abbc19895a88befab489211bc20dc301be2dede982f39fba4c4f210583f274,4eed4ab152ea49c0a4cdf942787319238e4b8903146da60692ca376422fc8502,,
syrk,numpy,default,fresh_process,observed,1.229210434248671,syrk,,2,2,92484da5155c3406ad7a24b9d17a47e4e5ea9277c45b375c935d26bea371609c,c9125e156aac0f0083fa4d941c44b5e500809f7d0e4096cfd309983aa1701894,,selected_process_variability
syrk,numba,nopython-mode,fresh_process,observed,0.6510874775703996,syrk,,2,2,92484da5155c3406ad7a24b9d17a47e4e5ea9277c45b375c935d26bea371609c,c9125e156aac0f0083fa4d941c44b5e500809f7d0e4096cfd309983aa1701894,,historical_disk_cache_hit_not_recorded;new_sampling_or_resources
syrk,numba,nopython-mode-parallel,fresh_process,N/A,,,,,,,,,
syrk,numba,nopython-mode-parallel-range,fresh_process,N/A,,,,,,,,,
syrk,numba,object-mode,fresh_process,N/A,,,,,,,,,
syrk,numba,object-mode-parallel,fresh_process,N/A,,,,,,,,,
syrk,numba,object-mode-parallel-range,fresh_process,N/A,,,,,,,,,
syrk,dace_cpu,fusion,fresh_process,observed,9.464182910509408,syrk,,2,2,92484da5155c3406ad7a24b9d17a47e4e5ea9277c45b375c935d26bea371609c,c9125e156aac0f0083fa4d941c44b5e500809f7d0e4096cfd309983aa1701894,,
syrk,dace_cpu,parallel,fresh_process,observed,9.679564230842516,syrk,,2,2,92484da5155c3406ad7a24b9d17a47e4e5ea9277c45b375c935d26bea371609c,c9125e156aac0f0083fa4d941c44b5e500809f7d0e4096cfd309983aa1701894,,
syrk,dace_cpu,auto_opt,fresh_process,observed,9.754695964045823,syrk,,2,2,92484da5155c3406ad7a24b9d17a47e4e5ea9277c45b375c935d26bea371609c,c9125e156aac0f0083fa4d941c44b5e500809f7d0e4096cfd309983aa1701894,,
syrk,dace_gpu,fusion,fresh_process,observed,4.041527729481459,syrk,,2,2,92484da5155c3406ad7a24b9d17a47e4e5ea9277c45b375c935d26bea371609c,c9125e156aac0f0083fa4d941c44b5e500809f7d0e4096cfd309983aa1701894,,new_variability
syrk,dace_gpu,parallel,fresh_process,observed,4.127045931527391,syrk,,2,2,92484da5155c3406ad7a24b9d17a47e4e5ea9277c45b375c935d26bea371609c,c9125e156aac0f0083fa4d941c44b5e500809f7d0e4096cfd309983aa1701894,,
syrk,dace_gpu,auto_opt,fresh_process,observed,4.374573675915599,syrk,,2,2,92484da5155c3406ad7a24b9d17a47e4e5ea9277c45b375c935d26bea371609c,c9125e156aac0f0083fa4d941c44b5e500809f7d0e4096cfd309983aa1701894,,
syrk,cupy,default,fresh_process,observed,18.53497647657059,syrk,,2,2,92484da5155c3406ad7a24b9d17a47e4e5ea9277c45b375c935d26bea371609c,c9125e156aac0f0083fa4d941c44b5e500809f7d0e4096cfd309983aa1701894,,
trisolv,numpy,default,fresh_process,observed,0.1258380631916225,trisolv,,2,2,4f5471ef60c1579f85ae344ab83c59b28f7f210b0a535e59616ed8d3e93dce87,2ef566c3a7e8536e3be1ae3aaac85d9a03f4836c00d28326cc70cf2e8147fdb1,,selected_process_variability
trisolv,numba,nopython-mode,fresh_process,observed,0.3318290370516479,trisolv,,2,2,4f5471ef60c1579f85ae344ab83c59b28f7f210b0a535e59616ed8d3e93dce87,2ef566c3a7e8536e3be1ae3aaac85d9a03f4836c00d28326cc70cf2e8147fdb1,,historical_disk_cache_hit_not_recorded;new_variability
trisolv,numba,nopython-mode-parallel,fresh_process,observed,0.35148413851857185,trisolv,,2,2,4f5471ef60c1579f85ae344ab83c59b28f7f210b0a535e59616ed8d3e93dce87,2ef566c3a7e8536e3be1ae3aaac85d9a03f4836c00d28326cc70cf2e8147fdb1,,historical_disk_cache_hit_not_recorded;new_reuse_evidence_incomplete;new_sampling_or_resources
trisolv,numba,nopython-mode-parallel-range,fresh_process,N/A,,,,,,,,,
trisolv,numba,object-mode,fresh_process,N/A,,,,,,,,,
trisolv,numba,object-mode-parallel,fresh_process,N/A,,,,,,,,,
trisolv,numba,object-mode-parallel-range,fresh_process,N/A,,,,,,,,,
trisolv,dace_cpu,fusion,fresh_process,observed,0.1527056279592216,trisolv,,2,2,4f5471ef60c1579f85ae344ab83c59b28f7f210b0a535e59616ed8d3e93dce87,2ef566c3a7e8536e3be1ae3aaac85d9a03f4836c00d28326cc70cf2e8147fdb1,,
trisolv,dace_cpu,parallel,fresh_process,observed,0.13944565015845,trisolv,,2,2,4f5471ef60c1579f85ae344ab83c59b28f7f210b0a535e59616ed8d3e93dce87,2ef566c3a7e8536e3be1ae3aaac85d9a03f4836c00d28326cc70cf2e8147fdb1,,new_variability
trisolv,dace_cpu,auto_opt,fresh_process,observed,0.20315711433067918,trisolv,,2,2,4f5471ef60c1579f85ae344ab83c59b28f7f210b0a535e59616ed8d3e93dce87,2ef566c3a7e8536e3be1ae3aaac85d9a03f4836c00d28326cc70cf2e8147fdb1,,selected_process_variability
trisolv,dace_gpu,fusion,fresh_process,observed,3.57215956132859,trisolv,,3,3,4f5471ef60c1579f85ae344ab83c59b28f7f210b0a535e59616ed8d3e93dce87,2ef566c3a7e8536e3be1ae3aaac85d9a03f4836c00d28326cc70cf2e8147fdb1,,
trisolv,dace_gpu,parallel,fresh_process,observed,3.296557787572965,trisolv,,2,2,4f5471ef60c1579f85ae344ab83c59b28f7f210b0a535e59616ed8d3e93dce87,2ef566c3a7e8536e3be1ae3aaac85d9a03f4836c00d28326cc70cf2e8147fdb1,,
trisolv,dace_gpu,auto_opt,fresh_process,observed,3.3670023968443274,trisolv,,2,2,4f5471ef60c1579f85ae344ab83c59b28f7f210b0a535e59616ed8d3e93dce87,2ef566c3a7e8536e3be1ae3aaac85d9a03f4836c00d28326cc70cf2e8147fdb1,,
trisolv,cupy,default,fresh_process,observed,3.3600495734717697,trisolv,,2,2,4f5471ef60c1579f85ae344ab83c59b28f7f210b0a535e59616ed8d3e93dce87,2ef566c3a7e8536e3be1ae3aaac85d9a03f4836c00d28326cc70cf2e8147fdb1,,
trmm,numpy,default,fresh_process,observed,0.9842940240632743,trmm,,2,2,3f94b2a3aeb62dabee33d3188a61d501e42975b8a01970dd7d3717b65c060956,9168af76f7b62c6873ac45e920743c46191f055c32ee6a1f1df2aba5ab399d7e,,
trmm,numba,nopython-mode,fresh_process,observed,0.6818725385237485,trmm,,2,2,3f94b2a3aeb62dabee33d3188a61d501e42975b8a01970dd7d3717b65c060956,9168af76f7b62c6873ac45e920743c46191f055c32ee6a1f1df2aba5ab399d7e,,historical_disk_cache_hit_not_recorded
trmm,numba,nopython-mode-parallel,fresh_process,N/A,,,,,,,,,
trmm,numba,nopython-mode-parallel-range,fresh_process,observed,0.48108339053578675,trmm,,2,2,3f94b2a3aeb62dabee33d3188a61d501e42975b8a01970dd7d3717b65c060956,9168af76f7b62c6873ac45e920743c46191f055c32ee6a1f1df2aba5ab399d7e,,historical_disk_cache_hit_not_recorded
trmm,numba,object-mode,fresh_process,N/A,,,,,,,,,
trmm,numba,object-mode-parallel,fresh_process,N/A,,,,,,,,,
trmm,numba,object-mode-parallel-range,fresh_process,N/A,,,,,,,,,
trmm,dace_cpu,fusion,fresh_process,observed,0.393180065555498,trmm,,2,2,3f94b2a3aeb62dabee33d3188a61d501e42975b8a01970dd7d3717b65c060956,9168af76f7b62c6873ac45e920743c46191f055c32ee6a1f1df2aba5ab399d7e,,
trmm,dace_cpu,parallel,fresh_process,observed,0.7108327669557184,trmm,,2,2,3f94b2a3aeb62dabee33d3188a61d501e42975b8a01970dd7d3717b65c060956,9168af76f7b62c6873ac45e920743c46191f055c32ee6a1f1df2aba5ab399d7e,,selected_process_variability
trmm,dace_cpu,auto_opt,fresh_process,observed,0.2345502427779138,trmm,,2,2,3f94b2a3aeb62dabee33d3188a61d501e42975b8a01970dd7d3717b65c060956,9168af76f7b62c6873ac45e920743c46191f055c32ee6a1f1df2aba5ab399d7e,,historical_drift_requires_review;new_variability
trmm,dace_gpu,fusion,fresh_process,observed,9.52454808470793,trmm,,2,2,3f94b2a3aeb62dabee33d3188a61d501e42975b8a01970dd7d3717b65c060956,9168af76f7b62c6873ac45e920743c46191f055c32ee6a1f1df2aba5ab399d7e,,
trmm,dace_gpu,parallel,fresh_process,observed,1.0712595048826188,trmm,,2,2,3f94b2a3aeb62dabee33d3188a61d501e42975b8a01970dd7d3717b65c060956,9168af76f7b62c6873ac45e920743c46191f055c32ee6a1f1df2aba5ab399d7e,,
trmm,dace_gpu,auto_opt,fresh_process,observed,0.9786516937892884,trmm,,2,2,3f94b2a3aeb62dabee33d3188a61d501e42975b8a01970dd7d3717b65c060956,9168af76f7b62c6873ac45e920743c46191f055c32ee6a1f1df2aba5ab399d7e,,
trmm,cupy,default,fresh_process,observed,41.62624907982536,trmm,,2,2,3f94b2a3aeb62dabee33d3188a61d501e42975b8a01970dd7d3717b65c060956,9168af76f7b62c6873ac45e920743c46191f055c32ee6a1f1df2aba5ab399d7e,,
vadv,numpy,default,fresh_process,observed,0.5336718820035458,vadv,,2,2,af48764eed52bcbfa917a57089296ce3be876f060430fae648ab359316609f14,300cff4f4ff45aa053437078a699f7f36c3a42bea19f7d989bd20911ef2050f4,,
vadv,numba,nopython-mode,fresh_process,observed,0.9863045550882816,vadv,,2,2,af48764eed52bcbfa917a57089296ce3be876f060430fae648ab359316609f14,300cff4f4ff45aa053437078a699f7f36c3a42bea19f7d989bd20911ef2050f4,,historical_disk_cache_hit_not_recorded
vadv,numba,nopython-mode-parallel,fresh_process,observed,0.9887338769622147,vadv,,2,2,af48764eed52bcbfa917a57089296ce3be876f060430fae648ab359316609f14,300cff4f4ff45aa053437078a699f7f36c3a42bea19f7d989bd20911ef2050f4,,historical_disk_cache_hit_not_recorded;new_variability;selected_process_variability
vadv,numba,nopython-mode-parallel-range,fresh_process,N/A,,,,,,,,,
vadv,numba,object-mode,fresh_process,N/A,,,,,,,,,
vadv,numba,object-mode-parallel,fresh_process,N/A,,,,,,,,,
vadv,numba,object-mode-parallel-range,fresh_process,N/A,,,,,,,,,
vadv,dace_cpu,fusion,fresh_process,observed,1.6689188960008323,vadv,,2,2,af48764eed52bcbfa917a57089296ce3be876f060430fae648ab359316609f14,300cff4f4ff45aa053437078a699f7f36c3a42bea19f7d989bd20911ef2050f4,,selected_process_variability
vadv,dace_cpu,parallel,fresh_process,observed,1.9038442277815193,vadv,,2,2,af48764eed52bcbfa917a57089296ce3be876f060430fae648ab359316609f14,300cff4f4ff45aa053437078a699f7f36c3a42bea19f7d989bd20911ef2050f4,,
vadv,dace_cpu,auto_opt,fresh_process,observed,1.13075587246567,vadv,,2,2,af48764eed52bcbfa917a57089296ce3be876f060430fae648ab359316609f14,300cff4f4ff45aa053437078a699f7f36c3a42bea19f7d989bd20911ef2050f4,,selected_process_variability
vadv,dace_gpu,fusion,fresh_process,observed,1.350721751106903,vadv,,2,2,af48764eed52bcbfa917a57089296ce3be876f060430fae648ab359316609f14,300cff4f4ff45aa053437078a699f7f36c3a42bea19f7d989bd20911ef2050f4,,
vadv,dace_gpu,parallel,fresh_process,observed,1.4460291375871748,vadv,,2,2,af48764eed52bcbfa917a57089296ce3be876f060430fae648ab359316609f14,300cff4f4ff45aa053437078a699f7f36c3a42bea19f7d989bd20911ef2050f4,,
vadv,dace_gpu,auto_opt,fresh_process,observed,1.2930060781072825,vadv,,2,2,af48764eed52bcbfa917a57089296ce3be876f060430fae648ab359316609f14,300cff4f4ff45aa053437078a699f7f36c3a42bea19f7d989bd20911ef2050f4,,
vadv,cupy,default,fresh_process,observed,0.6964666780550033,vadv,,2,2,af48764eed52bcbfa917a57089296ce3be876f060430fae648ab359316609f14,300cff4f4ff45aa053437078a699f7f36c3a42bea19f7d989bd20911ef2050f4,,
adi_corrected,numpy,default,same_process,observed,1.458284042077139,adi_corrected,,6,3,72849b544ae3b8773b18c95384e36f194ea524782f4feabfed03a3b4194872e9,44fae57bf7759f2639279283ba275bd89bd5df1bf8f5d46bee32e1d87e87c452,,within_process_variability
adi_corrected,numba,nopython-mode,same_process,observed,0.43468998349271715,adi_corrected,,6,3,72849b544ae3b8773b18c95384e36f194ea524782f4feabfed03a3b4194872e9,44fae57bf7759f2639279283ba275bd89bd5df1bf8f5d46bee32e1d87e87c452,,
adi_corrected,numba,nopython-mode-parallel,same_process,observed,20.889299074187875,adi_corrected,,6,3,72849b544ae3b8773b18c95384e36f194ea524782f4feabfed03a3b4194872e9,44fae57bf7759f2639279283ba275bd89bd5df1bf8f5d46bee32e1d87e87c452,,
adi_corrected,numba,nopython-mode-parallel-range,same_process,N/A,,,,,,,,,
adi_corrected,numba,object-mode,same_process,N/A,,,,,,,,,
adi_corrected,numba,object-mode-parallel,same_process,N/A,,,,,,,,,
adi_corrected,numba,object-mode-parallel-range,same_process,N/A,,,,,,,,,
adi_corrected,dace_cpu,fusion,same_process,observed,11.978657625149935,adi_corrected,,6,3,72849b544ae3b8773b18c95384e36f194ea524782f4feabfed03a3b4194872e9,44fae57bf7759f2639279283ba275bd89bd5df1bf8f5d46bee32e1d87e87c452,,between_process_variability;within_process_variability
adi_corrected,dace_cpu,parallel,same_process,observed,11.952720863977447,adi_corrected,,6,3,72849b544ae3b8773b18c95384e36f194ea524782f4feabfed03a3b4194872e9,44fae57bf7759f2639279283ba275bd89bd5df1bf8f5d46bee32e1d87e87c452,,between_process_variability;within_process_variability
adi_corrected,dace_cpu,auto_opt,same_process,observed,7.046265729703009,adi_corrected,,6,3,72849b544ae3b8773b18c95384e36f194ea524782f4feabfed03a3b4194872e9,44fae57bf7759f2639279283ba275bd89bd5df1bf8f5d46bee32e1d87e87c452,,within_process_variability
adi_corrected,dace_gpu,fusion,same_process,observed,2.190986584406346,adi_corrected,,6,3,72849b544ae3b8773b18c95384e36f194ea524782f4feabfed03a3b4194872e9,44fae57bf7759f2639279283ba275bd89bd5df1bf8f5d46bee32e1d87e87c452,,within_process_variability
adi_corrected,dace_gpu,parallel,same_process,observed,2.2287025714758784,adi_corrected,,6,3,72849b544ae3b8773b18c95384e36f194ea524782f4feabfed03a3b4194872e9,44fae57bf7759f2639279283ba275bd89bd5df1bf8f5d46bee32e1d87e87c452,,within_process_variability
adi_corrected,dace_gpu,auto_opt,same_process,observed,1.806956218322739,adi_corrected,,6,3,72849b544ae3b8773b18c95384e36f194ea524782f4feabfed03a3b4194872e9,44fae57bf7759f2639279283ba275bd89bd5df1bf8f5d46bee32e1d87e87c452,,between_process_variability;within_process_variability
adi_corrected,cupy,default,same_process,observed,13.604371078545228,adi_corrected,,6,3,72849b544ae3b8773b18c95384e36f194ea524782f4feabfed03a3b4194872e9,44fae57bf7759f2639279283ba275bd89bd5df1bf8f5d46bee32e1d87e87c452,,
arc_distance,numpy,default,same_process,observed,1.0510801384225488,arc_distance,,6,3,d2c2cc16a18a69316144dced56e13ec50585fb90292fd8c9251b0cd2d83afd8e,c9a5d51d680eeff18f5d5e1a8bd8a4acc4d771e072238396fee0333ed61696be,,selected_process_variability
arc_distance,numba,nopython-mode,same_process,observed,0.9651417015120387,arc_distance,,6,3,d2c2cc16a18a69316144dced56e13ec50585fb90292fd8c9251b0cd2d83afd8e,c9a5d51d680eeff18f5d5e1a8bd8a4acc4d771e072238396fee0333ed61696be,,
arc_distance,numba,nopython-mode-parallel,same_process,observed,0.024825048400089145,arc_distance,,6,3,d2c2cc16a18a69316144dced56e13ec50585fb90292fd8c9251b0cd2d83afd8e,c9a5d51d680eeff18f5d5e1a8bd8a4acc4d771e072238396fee0333ed61696be,,new_sampling_or_resources
arc_distance,numba,nopython-mode-parallel-range,same_process,N/A,,,,,,,,,
arc_distance,numba,object-mode,same_process,N/A,,,,,,,,,
arc_distance,numba,object-mode-parallel,same_process,N/A,,,,,,,,,
arc_distance,numba,object-mode-parallel-range,same_process,N/A,,,,,,,,,
arc_distance,dace_cpu,fusion,same_process,observed,0.06322911777533591,arc_distance,,6,3,d2c2cc16a18a69316144dced56e13ec50585fb90292fd8c9251b0cd2d83afd8e,c9a5d51d680eeff18f5d5e1a8bd8a4acc4d771e072238396fee0333ed61696be,,
arc_distance,dace_cpu,parallel,same_process,observed,0.03273178869858384,arc_distance,,6,3,d2c2cc16a18a69316144dced56e13ec50585fb90292fd8c9251b0cd2d83afd8e,c9a5d51d680eeff18f5d5e1a8bd8a4acc4d771e072238396fee0333ed61696be,,
arc_distance,dace_cpu,auto_opt,same_process,observed,0.02558079012669623,arc_distance,,6,3,d2c2cc16a18a69316144dced56e13ec50585fb90292fd8c9251b0cd2d83afd8e,c9a5d51d680eeff18f5d5e1a8bd8a4acc4d771e072238396fee0333ed61696be,,selected_process_variability
arc_distance,dace_gpu,fusion,same_process,observed,0.067253896035254,arc_distance,,6,3,d2c2cc16a18a69316144dced56e13ec50585fb90292fd8c9251b0cd2d83afd8e,c9a5d51d680eeff18f5d5e1a8bd8a4acc4d771e072238396fee0333ed61696be,,
arc_distance,dace_gpu,parallel,same_process,observed,0.06633821269497275,arc_distance,,6,3,d2c2cc16a18a69316144dced56e13ec50585fb90292fd8c9251b0cd2d83afd8e,c9a5d51d680eeff18f5d5e1a8bd8a4acc4d771e072238396fee0333ed61696be,,
arc_distance,dace_gpu,auto_opt,same_process,observed,0.06681370479054749,arc_distance,,6,3,d2c2cc16a18a69316144dced56e13ec50585fb90292fd8c9251b0cd2d83afd8e,c9a5d51d680eeff18f5d5e1a8bd8a4acc4d771e072238396fee0333ed61696be,,selected_process_variability
arc_distance,cupy,default,same_process,observed,0.05203251959756017,arc_distance,,6,3,d2c2cc16a18a69316144dced56e13ec50585fb90292fd8c9251b0cd2d83afd8e,c9a5d51d680eeff18f5d5e1a8bd8a4acc4d771e072238396fee0333ed61696be,,
atax,numpy,default,same_process,observed,0.1494451747275889,atax,,6,3,68c6513b767fc4fe61dbe15c9629b1ea75eae7d2a20436521c52c551d6698648,30d1cbd8bc811b325570c9fdb182323781764974a74f27916f06ba12e9a7baef,,
atax,numba,nopython-mode,same_process,observed,0.17004491086117923,atax,,6,3,68c6513b767fc4fe61dbe15c9629b1ea75eae7d2a20436521c52c551d6698648,30d1cbd8bc811b325570c9fdb182323781764974a74f27916f06ba12e9a7baef,,
atax,numba,nopython-mode-parallel,same_process,observed,0.15652874414809048,atax,,6,3,68c6513b767fc4fe61dbe15c9629b1ea75eae7d2a20436521c52c551d6698648,30d1cbd8bc811b325570c9fdb182323781764974a74f27916f06ba12e9a7baef,,new_sampling_or_resources
atax,numba,nopython-mode-parallel-range,same_process,N/A,,,,,,,,,
atax,numba,object-mode,same_process,N/A,,,,,,,,,
atax,numba,object-mode-parallel,same_process,N/A,,,,,,,,,
atax,numba,object-mode-parallel-range,same_process,N/A,,,,,,,,,
atax,dace_cpu,fusion,same_process,observed,0.15360833215527236,atax,,6,3,68c6513b767fc4fe61dbe15c9629b1ea75eae7d2a20436521c52c551d6698648,30d1cbd8bc811b325570c9fdb182323781764974a74f27916f06ba12e9a7baef,,selected_process_variability
atax,dace_cpu,parallel,same_process,observed,0.16458525974303484,atax,,6,3,68c6513b767fc4fe61dbe15c9629b1ea75eae7d2a20436521c52c551d6698648,30d1cbd8bc811b325570c9fdb182323781764974a74f27916f06ba12e9a7baef,,
atax,dace_cpu,auto_opt,same_process,observed,0.16618844657205045,atax,,6,3,68c6513b767fc4fe61dbe15c9629b1ea75eae7d2a20436521c52c551d6698648,30d1cbd8bc811b325570c9fdb182323781764974a74f27916f06ba12e9a7baef,,
atax,dace_gpu,fusion,same_process,observed,0.7224379933904856,atax,,6,3,68c6513b767fc4fe61dbe15c9629b1ea75eae7d2a20436521c52c551d6698648,30d1cbd8bc811b325570c9fdb182323781764974a74f27916f06ba12e9a7baef,,
atax,dace_gpu,parallel,same_process,observed,0.8444033621344715,atax,,6,3,68c6513b767fc4fe61dbe15c9629b1ea75eae7d2a20436521c52c551d6698648,30d1cbd8bc811b325570c9fdb182323781764974a74f27916f06ba12e9a7baef,,selected_process_variability
atax,dace_gpu,auto_opt,same_process,observed,0.6410210044123232,atax,,6,3,68c6513b767fc4fe61dbe15c9629b1ea75eae7d2a20436521c52c551d6698648,30d1cbd8bc811b325570c9fdb182323781764974a74f27916f06ba12e9a7baef,,new_sampling_or_resources;selected_process_variability
atax,cupy,default,same_process,observed,0.7361808838322759,atax,,6,3,68c6513b767fc4fe61dbe15c9629b1ea75eae7d2a20436521c52c551d6698648,30d1cbd8bc811b325570c9fdb182323781764974a74f27916f06ba12e9a7baef,,selected_process_variability
azimint_hist,numpy,default,same_process,observed,0.8934347296599299,azimint_hist,,6,3,f5914dfb9f4cc36109a1c231938d0863c485540d7d58b79bed61050dcb1e083e,d714677a44d27aec51292ca83b9b3ba9c1835b7ac786bbd295a407ecfa03d47f,,
azimint_hist,numba,nopython-mode,same_process,observed,0.4390292807947844,azimint_hist,,6,3,f5914dfb9f4cc36109a1c231938d0863c485540d7d58b79bed61050dcb1e083e,d714677a44d27aec51292ca83b9b3ba9c1835b7ac786bbd295a407ecfa03d47f,,selected_process_variability
azimint_hist,numba,nopython-mode-parallel,same_process,observed,0.34147315099835396,azimint_hist,,6,3,f5914dfb9f4cc36109a1c231938d0863c485540d7d58b79bed61050dcb1e083e,d714677a44d27aec51292ca83b9b3ba9c1835b7ac786bbd295a407ecfa03d47f,,new_variability;selected_process_variability
azimint_hist,numba,nopython-mode-parallel-range,same_process,observed,0.20821919851005077,azimint_hist_private,,6,3,ee08d8b3d6c42ca8c49f15064988585a960e19f6df094ce2408581b17b4d3570,d714677a44d27aec51292ca83b9b3ba9c1835b7ac786bbd295a407ecfa03d47f,,between_process_variability;within_process_variability
azimint_hist,numba,object-mode,same_process,observed,0.8815285942982882,azimint_hist,,6,3,f5914dfb9f4cc36109a1c231938d0863c485540d7d58b79bed61050dcb1e083e,d714677a44d27aec51292ca83b9b3ba9c1835b7ac786bbd295a407ecfa03d47f,,selected_process_variability
azimint_hist,numba,object-mode-parallel,same_process,observed,0.8807986723259091,azimint_hist,,6,3,f5914dfb9f4cc36109a1c231938d0863c485540d7d58b79bed61050dcb1e083e,d714677a44d27aec51292ca83b9b3ba9c1835b7ac786bbd295a407ecfa03d47f,,
azimint_hist,numba,object-mode-parallel-range,same_process,N/A,,,,,,,,,
azimint_hist,dace_cpu,fusion,same_process,observed,206.08818334992975,azimint_hist,,6,3,f5914dfb9f4cc36109a1c231938d0863c485540d7d58b79bed61050dcb1e083e,d714677a44d27aec51292ca83b9b3ba9c1835b7ac786bbd295a407ecfa03d47f,,
azimint_hist,dace_cpu,parallel,same_process,observed,207.69774318509735,azimint_hist,,6,3,f5914dfb9f4cc36109a1c231938d0863c485540d7d58b79bed61050dcb1e083e,d714677a44d27aec51292ca83b9b3ba9c1835b7ac786bbd295a407ecfa03d47f,,
azimint_hist,dace_cpu,auto_opt,same_process,observed,205.1634535123594,azimint_hist,,6,3,f5914dfb9f4cc36109a1c231938d0863c485540d7d58b79bed61050dcb1e083e,d714677a44d27aec51292ca83b9b3ba9c1835b7ac786bbd295a407ecfa03d47f,,
azimint_hist,dace_gpu,fusion,same_process,observed,0.1294139523524791,azimint_hist,,6,3,f5914dfb9f4cc36109a1c231938d0863c485540d7d58b79bed61050dcb1e083e,d714677a44d27aec51292ca83b9b3ba9c1835b7ac786bbd295a407ecfa03d47f,,selected_process_variability
azimint_hist,dace_gpu,parallel,same_process,observed,0.11311910441145301,azimint_hist,,6,3,f5914dfb9f4cc36109a1c231938d0863c485540d7d58b79bed61050dcb1e083e,d714677a44d27aec51292ca83b9b3ba9c1835b7ac786bbd295a407ecfa03d47f,,selected_process_variability
azimint_hist,dace_gpu,auto_opt,same_process,observed,0.10413758712820709,azimint_hist,,6,3,f5914dfb9f4cc36109a1c231938d0863c485540d7d58b79bed61050dcb1e083e,d714677a44d27aec51292ca83b9b3ba9c1835b7ac786bbd295a407ecfa03d47f,,
azimint_hist,cupy,default,same_process,observed,0.0896183461882174,azimint_hist,,6,3,f5914dfb9f4cc36109a1c231938d0863c485540d7d58b79bed61050dcb1e083e,d714677a44d27aec51292ca83b9b3ba9c1835b7ac786bbd295a407ecfa03d47f,,
azimint_naive,numpy,default,same_process,observed,50.88145265937783,azimint_naive,,6,3,7ce93eb427426de57f9dd024b84b3ccd522ed34eea578a05eb7d30f002985156,10e5a4ce8b6fe96db84b8d28fc35df47e5ddd295dfddf44939fc8ac5c8795b6d,,
azimint_naive,numba,nopython-mode,same_process,observed,69.13778434507549,azimint_naive,,6,3,7ce93eb427426de57f9dd024b84b3ccd522ed34eea578a05eb7d30f002985156,10e5a4ce8b6fe96db84b8d28fc35df47e5ddd295dfddf44939fc8ac5c8795b6d,,
azimint_naive,numba,nopython-mode-parallel,same_process,observed,50.11639688606374,azimint_naive,,6,3,7ce93eb427426de57f9dd024b84b3ccd522ed34eea578a05eb7d30f002985156,10e5a4ce8b6fe96db84b8d28fc35df47e5ddd295dfddf44939fc8ac5c8795b6d,,
azimint_naive,numba,nopython-mode-parallel-range,same_process,observed,4.9999262457713485,azimint_naive,,6,3,7ce93eb427426de57f9dd024b84b3ccd522ed34eea578a05eb7d30f002985156,10e5a4ce8b6fe96db84b8d28fc35df47e5ddd295dfddf44939fc8ac5c8795b6d,,new_variability;selected_process_variability
azimint_naive,numba,object-mode,same_process,N/A,,,,,,,,,
azimint_naive,numba,object-mode-parallel,same_process,N/A,,,,,,,,,
azimint_naive,numba,object-mode-parallel-range,same_process,N/A,,,,,,,,,
azimint_naive,dace_cpu,fusion,same_process,observed,77.00971734710038,azimint_naive,,6,3,7ce93eb427426de57f9dd024b84b3ccd522ed34eea578a05eb7d30f002985156,10e5a4ce8b6fe96db84b8d28fc35df47e5ddd295dfddf44939fc8ac5c8795b6d,,
azimint_naive,dace_cpu,parallel,same_process,observed,62.27395945042372,azimint_naive,,6,3,7ce93eb427426de57f9dd024b84b3ccd522ed34eea578a05eb7d30f002985156,10e5a4ce8b6fe96db84b8d28fc35df47e5ddd295dfddf44939fc8ac5c8795b6d,,
azimint_naive,dace_cpu,auto_opt,same_process,observed,58.98443955439143,azimint_naive,,6,3,7ce93eb427426de57f9dd024b84b3ccd522ed34eea578a05eb7d30f002985156,10e5a4ce8b6fe96db84b8d28fc35df47e5ddd295dfddf44939fc8ac5c8795b6d,,
azimint_naive,dace_gpu,fusion,same_process,observed,1.9366249847225845,azimint_naive,,6,3,7ce93eb427426de57f9dd024b84b3ccd522ed34eea578a05eb7d30f002985156,10e5a4ce8b6fe96db84b8d28fc35df47e5ddd295dfddf44939fc8ac5c8795b6d,,
azimint_naive,dace_gpu,parallel,same_process,error,,azimint_naive,,0,0,7ce93eb427426de57f9dd024b84b3ccd522ed34eea578a05eb7d30f002985156,10e5a4ce8b6fe96db84b8d28fc35df47e5ddd295dfddf44939fc8ac5c8795b6d,,
azimint_naive,dace_gpu,auto_opt,same_process,error,,azimint_naive,,0,0,7ce93eb427426de57f9dd024b84b3ccd522ed34eea578a05eb7d30f002985156,10e5a4ce8b6fe96db84b8d28fc35df47e5ddd295dfddf44939fc8ac5c8795b6d,,
azimint_naive,cupy,default,same_process,observed,1.5592211834155023,azimint_naive,,6,3,7ce93eb427426de57f9dd024b84b3ccd522ed34eea578a05eb7d30f002985156,10e5a4ce8b6fe96db84b8d28fc35df47e5ddd295dfddf44939fc8ac5c8795b6d,,
bicg,numpy,default,same_process,observed,0.15520893991924822,bicg,,6,3,16d618b4e97f8f1b6191fe3f76123e77b6b198e5982ffa6fbd2528fa69701078,77e9adb788612e39af05a751b80c16198c5c53c1997f2c21ca5d1cefa59811c3,,
bicg,numba,nopython-mode,same_process,observed,0.1617144886404276,bicg,,6,3,16d618b4e97f8f1b6191fe3f76123e77b6b198e5982ffa6fbd2528fa69701078,77e9adb788612e39af05a751b80c16198c5c53c1997f2c21ca5d1cefa59811c3,,new_sampling_or_resources
bicg,numba,nopython-mode-parallel,same_process,observed,0.1638614444527775,bicg,,6,3,16d618b4e97f8f1b6191fe3f76123e77b6b198e5982ffa6fbd2528fa69701078,77e9adb788612e39af05a751b80c16198c5c53c1997f2c21ca5d1cefa59811c3,,new_sampling_or_resources
bicg,numba,nopython-mode-parallel-range,same_process,N/A,,,,,,,,,
bicg,numba,object-mode,same_process,N/A,,,,,,,,,
bicg,numba,object-mode-parallel,same_process,N/A,,,,,,,,,
bicg,numba,object-mode-parallel-range,same_process,N/A,,,,,,,,,
bicg,dace_cpu,fusion,same_process,observed,0.16082521807402372,bicg,,6,3,16d618b4e97f8f1b6191fe3f76123e77b6b198e5982ffa6fbd2528fa69701078,77e9adb788612e39af05a751b80c16198c5c53c1997f2c21ca5d1cefa59811c3,,
bicg,dace_cpu,parallel,same_process,observed,0.16303626215085387,bicg,,6,3,16d618b4e97f8f1b6191fe3f76123e77b6b198e5982ffa6fbd2528fa69701078,77e9adb788612e39af05a751b80c16198c5c53c1997f2c21ca5d1cefa59811c3,,
bicg,dace_cpu,auto_opt,same_process,observed,0.15883183339610696,bicg,,6,3,16d618b4e97f8f1b6191fe3f76123e77b6b198e5982ffa6fbd2528fa69701078,77e9adb788612e39af05a751b80c16198c5c53c1997f2c21ca5d1cefa59811c3,,
bicg,dace_gpu,fusion,same_process,observed,0.6829204261302948,bicg,,6,3,16d618b4e97f8f1b6191fe3f76123e77b6b198e5982ffa6fbd2528fa69701078,77e9adb788612e39af05a751b80c16198c5c53c1997f2c21ca5d1cefa59811c3,,selected_process_variability
bicg,dace_gpu,parallel,same_process,observed,0.5129600355867296,bicg,,6,3,16d618b4e97f8f1b6191fe3f76123e77b6b198e5982ffa6fbd2528fa69701078,77e9adb788612e39af05a751b80c16198c5c53c1997f2c21ca5d1cefa59811c3,,
bicg,dace_gpu,auto_opt,same_process,observed,0.7175189480185509,bicg,,6,3,16d618b4e97f8f1b6191fe3f76123e77b6b198e5982ffa6fbd2528fa69701078,77e9adb788612e39af05a751b80c16198c5c53c1997f2c21ca5d1cefa59811c3,,selected_process_variability
bicg,cupy,default,same_process,observed,0.5371737889945507,bicg,,6,3,16d618b4e97f8f1b6191fe3f76123e77b6b198e5982ffa6fbd2528fa69701078,77e9adb788612e39af05a751b80c16198c5c53c1997f2c21ca5d1cefa59811c3,,
cavity_flow,numpy,default,same_process,observed,0.8037164411507547,cavity_flow,,6,3,210af7f0234bb993fa8cb9e063c162a3f185d3fc74aad9308835699b7e5a18da,33c1dcf4ea4c8afb398c3db57686f19a59239f440846cca31b92bee224e3c662,,selected_process_variability
cavity_flow,numba,nopython-mode,same_process,observed,0.9125166046433151,cavity_flow,,6,3,210af7f0234bb993fa8cb9e063c162a3f185d3fc74aad9308835699b7e5a18da,33c1dcf4ea4c8afb398c3db57686f19a59239f440846cca31b92bee224e3c662,,new_variability
cavity_flow,numba,nopython-mode-parallel,same_process,error,,cavity_flow,,0,0,210af7f0234bb993fa8cb9e063c162a3f185d3fc74aad9308835699b7e5a18da,33c1dcf4ea4c8afb398c3db57686f19a59239f440846cca31b92bee224e3c662,,
cavity_flow,numba,nopython-mode-parallel-range,same_process,N/A,,,,,,,,,
cavity_flow,numba,object-mode,same_process,N/A,,,,,,,,,
cavity_flow,numba,object-mode-parallel,same_process,N/A,,,,,,,,,
cavity_flow,numba,object-mode-parallel-range,same_process,N/A,,,,,,,,,
cavity_flow,dace_cpu,fusion,same_process,observed,1.487795248394832,cavity_flow,,6,3,210af7f0234bb993fa8cb9e063c162a3f185d3fc74aad9308835699b7e5a18da,33c1dcf4ea4c8afb398c3db57686f19a59239f440846cca31b92bee224e3c662,,selected_process_variability
cavity_flow,dace_cpu,parallel,same_process,observed,1.6304478840902448,cavity_flow,,6,3,210af7f0234bb993fa8cb9e063c162a3f185d3fc74aad9308835699b7e5a18da,33c1dcf4ea4c8afb398c3db57686f19a59239f440846cca31b92bee224e3c662,,selected_process_variability
cavity_flow,dace_cpu,auto_opt,same_process,observed,1.3505476645659655,cavity_flow,,6,3,210af7f0234bb993fa8cb9e063c162a3f185d3fc74aad9308835699b7e5a18da,33c1dcf4ea4c8afb398c3db57686f19a59239f440846cca31b92bee224e3c662,,selected_process_variability
cavity_flow,dace_gpu,fusion,same_process,observed,0.0935156533960253,cavity_flow,,6,3,210af7f0234bb993fa8cb9e063c162a3f185d3fc74aad9308835699b7e5a18da,33c1dcf4ea4c8afb398c3db57686f19a59239f440846cca31b92bee224e3c662,,
cavity_flow,dace_gpu,parallel,same_process,observed,0.09893592400476336,cavity_flow,,6,3,210af7f0234bb993fa8cb9e063c162a3f185d3fc74aad9308835699b7e5a18da,33c1dcf4ea4c8afb398c3db57686f19a59239f440846cca31b92bee224e3c662,,
cavity_flow,dace_gpu,auto_opt,same_process,observed,0.09496762650087476,cavity_flow,,6,3,210af7f0234bb993fa8cb9e063c162a3f185d3fc74aad9308835699b7e5a18da,33c1dcf4ea4c8afb398c3db57686f19a59239f440846cca31b92bee224e3c662,,
cavity_flow,cupy,default,same_process,observed,1.1785930234473199,cavity_flow,,6,3,210af7f0234bb993fa8cb9e063c162a3f185d3fc74aad9308835699b7e5a18da,33c1dcf4ea4c8afb398c3db57686f19a59239f440846cca31b92bee224e3c662,,
channel_flow,numpy,default,same_process,observed,6.160018040100113,channel_flow,,6,3,a5826f86fe64a72734a89619a6e971effc8ed8ebe00f99337006d700704bed0f,131f13ee629eff4bbfc04696d2acdcf8be8c111de0037039e4ac5c934e15a280,,
channel_flow,numba,nopython-mode,same_process,observed,5.101512953173369,channel_flow,,6,3,a5826f86fe64a72734a89619a6e971effc8ed8ebe00f99337006d700704bed0f,131f13ee629eff4bbfc04696d2acdcf8be8c111de0037039e4ac5c934e15a280,,new_variability
channel_flow,numba,nopython-mode-parallel,same_process,observed,39.62363031692803,channel_flow,,6,3,a5826f86fe64a72734a89619a6e971effc8ed8ebe00f99337006d700704bed0f,131f13ee629eff4bbfc04696d2acdcf8be8c111de0037039e4ac5c934e15a280,,selected_process_variability
channel_flow,numba,nopython-mode-parallel-range,same_process,N/A,,,,,,,,,
channel_flow,numba,object-mode,same_process,N/A,,,,,,,,,
channel_flow,numba,object-mode-parallel,same_process,N/A,,,,,,,,,
channel_flow,numba,object-mode-parallel-range,same_process,N/A,,,,,,,,,
channel_flow,dace_cpu,fusion,same_process,observed,67.9188453310635,channel_flow,,6,3,a5826f86fe64a72734a89619a6e971effc8ed8ebe00f99337006d700704bed0f,131f13ee629eff4bbfc04696d2acdcf8be8c111de0037039e4ac5c934e15a280,,selected_process_variability
channel_flow,dace_cpu,parallel,same_process,observed,92.7350221965462,channel_flow,,6,3,a5826f86fe64a72734a89619a6e971effc8ed8ebe00f99337006d700704bed0f,131f13ee629eff4bbfc04696d2acdcf8be8c111de0037039e4ac5c934e15a280,,selected_process_variability
channel_flow,dace_cpu,auto_opt,same_process,observed,69.32119531696662,channel_flow,,6,3,a5826f86fe64a72734a89619a6e971effc8ed8ebe00f99337006d700704bed0f,131f13ee629eff4bbfc04696d2acdcf8be8c111de0037039e4ac5c934e15a280,,
channel_flow,dace_gpu,fusion,same_process,observed,1.0023384348023683,channel_flow,,6,3,a5826f86fe64a72734a89619a6e971effc8ed8ebe00f99337006d700704bed0f,131f13ee629eff4bbfc04696d2acdcf8be8c111de0037039e4ac5c934e15a280,,selected_process_variability
channel_flow,dace_gpu,parallel,same_process,observed,0.9665189718361944,channel_flow,,6,3,a5826f86fe64a72734a89619a6e971effc8ed8ebe00f99337006d700704bed0f,131f13ee629eff4bbfc04696d2acdcf8be8c111de0037039e4ac5c934e15a280,,selected_process_variability
channel_flow,dace_gpu,auto_opt,same_process,observed,0.9550046629738063,channel_flow,,6,3,a5826f86fe64a72734a89619a6e971effc8ed8ebe00f99337006d700704bed0f,131f13ee629eff4bbfc04696d2acdcf8be8c111de0037039e4ac5c934e15a280,,
channel_flow,cupy,default,same_process,observed,14.761373931309208,channel_flow,,6,3,a5826f86fe64a72734a89619a6e971effc8ed8ebe00f99337006d700704bed0f,131f13ee629eff4bbfc04696d2acdcf8be8c111de0037039e4ac5c934e15a280,,
cholesky,numpy,default,same_process,observed,1.058578894007951,cholesky,,6,3,56dfb1eba239c26e0b2a9d37a7e4204bca4b6420c1c6db5a29f0fa62a44c6bf8,4fbe26b28e30a4b50af30a63a5f1d483d8c2556910e84aba0ab6422938ce8d60,,selected_process_variability
cholesky,numba,nopython-mode,same_process,observed,0.05008461605757475,cholesky,,6,3,56dfb1eba239c26e0b2a9d37a7e4204bca4b6420c1c6db5a29f0fa62a44c6bf8,4fbe26b28e30a4b50af30a63a5f1d483d8c2556910e84aba0ab6422938ce8d60,,selected_process_variability
cholesky,numba,nopython-mode-parallel,same_process,observed,31.253249505069107,cholesky,,6,3,56dfb1eba239c26e0b2a9d37a7e4204bca4b6420c1c6db5a29f0fa62a44c6bf8,4fbe26b28e30a4b50af30a63a5f1d483d8c2556910e84aba0ab6422938ce8d60,,selected_process_variability
cholesky,numba,nopython-mode-parallel-range,same_process,N/A,,,,,,,,,
cholesky,numba,object-mode,same_process,N/A,,,,,,,,,
cholesky,numba,object-mode-parallel,same_process,N/A,,,,,,,,,
cholesky,numba,object-mode-parallel-range,same_process,N/A,,,,,,,,,
cholesky,dace_cpu,fusion,same_process,observed,0.04706500587053597,cholesky,,6,3,56dfb1eba239c26e0b2a9d37a7e4204bca4b6420c1c6db5a29f0fa62a44c6bf8,4fbe26b28e30a4b50af30a63a5f1d483d8c2556910e84aba0ab6422938ce8d60,,
cholesky,dace_cpu,parallel,same_process,observed,0.03599056578241289,cholesky,,6,3,56dfb1eba239c26e0b2a9d37a7e4204bca4b6420c1c6db5a29f0fa62a44c6bf8,4fbe26b28e30a4b50af30a63a5f1d483d8c2556910e84aba0ab6422938ce8d60,,new_variability;selected_process_variability
cholesky,dace_cpu,auto_opt,same_process,observed,0.03702618204988539,cholesky,,6,3,56dfb1eba239c26e0b2a9d37a7e4204bca4b6420c1c6db5a29f0fa62a44c6bf8,4fbe26b28e30a4b50af30a63a5f1d483d8c2556910e84aba0ab6422938ce8d60,,selected_process_variability
cholesky,dace_gpu,fusion,same_process,observed,9.332791646011174,cholesky,,6,3,56dfb1eba239c26e0b2a9d37a7e4204bca4b6420c1c6db5a29f0fa62a44c6bf8,4fbe26b28e30a4b50af30a63a5f1d483d8c2556910e84aba0ab6422938ce8d60,,
cholesky,dace_gpu,parallel,same_process,observed,9.788779673399404,cholesky,,6,3,56dfb1eba239c26e0b2a9d37a7e4204bca4b6420c1c6db5a29f0fa62a44c6bf8,4fbe26b28e30a4b50af30a63a5f1d483d8c2556910e84aba0ab6422938ce8d60,,
cholesky,dace_gpu,auto_opt,same_process,observed,5.8121407851576805,cholesky,,6,3,56dfb1eba239c26e0b2a9d37a7e4204bca4b6420c1c6db5a29f0fa62a44c6bf8,4fbe26b28e30a4b50af30a63a5f1d483d8c2556910e84aba0ab6422938ce8d60,,
cholesky,cupy,default,same_process,observed,34.01391176995821,cholesky,,6,3,56dfb1eba239c26e0b2a9d37a7e4204bca4b6420c1c6db5a29f0fa62a44c6bf8,4fbe26b28e30a4b50af30a63a5f1d483d8c2556910e84aba0ab6422938ce8d60,,
cholesky2,numpy,default,same_process,observed,1.5806561016943306,cholesky2,,6,3,d99d5b0becbfb22bf45157e320f447a583444c901fafb55b0e5b1a90147a5923,b9394a55df0718e0c2862384f101bc746b522dc7acfbed649b0716c8d79c2363,,
cholesky2,numba,nopython-mode,same_process,observed,3.069501759018749,cholesky2,,6,3,d99d5b0becbfb22bf45157e320f447a583444c901fafb55b0e5b1a90147a5923,b9394a55df0718e0c2862384f101bc746b522dc7acfbed649b0716c8d79c2363,,selected_process_variability
cholesky2,numba,nopython-mode-parallel,same_process,observed,3.082715938333422,cholesky2,,6,3,d99d5b0becbfb22bf45157e320f447a583444c901fafb55b0e5b1a90147a5923,b9394a55df0718e0c2862384f101bc746b522dc7acfbed649b0716c8d79c2363,,
cholesky2,numba,nopython-mode-parallel-range,same_process,N/A,,,,,,,,,
cholesky2,numba,object-mode,same_process,N/A,,,,,,,,,
cholesky2,numba,object-mode-parallel,same_process,N/A,,,,,,,,,
cholesky2,numba,object-mode-parallel-range,same_process,N/A,,,,,,,,,
cholesky2,dace_cpu,fusion,same_process,observed,1.5832325329538435,cholesky2,,6,3,d99d5b0becbfb22bf45157e320f447a583444c901fafb55b0e5b1a90147a5923,b9394a55df0718e0c2862384f101bc746b522dc7acfbed649b0716c8d79c2363,,
cholesky2,dace_cpu,parallel,same_process,observed,1.7494011404924095,cholesky2,,6,3,d99d5b0becbfb22bf45157e320f447a583444c901fafb55b0e5b1a90147a5923,b9394a55df0718e0c2862384f101bc746b522dc7acfbed649b0716c8d79c2363,,
cholesky2,dace_cpu,auto_opt,same_process,observed,1.1732408641837537,cholesky2,,6,3,d99d5b0becbfb22bf45157e320f447a583444c901fafb55b0e5b1a90147a5923,b9394a55df0718e0c2862384f101bc746b522dc7acfbed649b0716c8d79c2363,,
cholesky2,dace_gpu,fusion,same_process,observed,0.2374129386153072,cholesky2,,6,3,d99d5b0becbfb22bf45157e320f447a583444c901fafb55b0e5b1a90147a5923,b9394a55df0718e0c2862384f101bc746b522dc7acfbed649b0716c8d79c2363,,
cholesky2,dace_gpu,parallel,same_process,observed,0.25219702371396124,cholesky2,,6,3,d99d5b0becbfb22bf45157e320f447a583444c901fafb55b0e5b1a90147a5923,b9394a55df0718e0c2862384f101bc746b522dc7acfbed649b0716c8d79c2363,,
cholesky2,dace_gpu,auto_opt,same_process,observed,0.2616209664847702,cholesky2,,6,3,d99d5b0becbfb22bf45157e320f447a583444c901fafb55b0e5b1a90147a5923,b9394a55df0718e0c2862384f101bc746b522dc7acfbed649b0716c8d79c2363,,selected_process_variability
cholesky2,cupy,default,same_process,observed,0.2552615695167333,cholesky2,,6,3,d99d5b0becbfb22bf45157e320f447a583444c901fafb55b0e5b1a90147a5923,b9394a55df0718e0c2862384f101bc746b522dc7acfbed649b0716c8d79c2363,,
compute,numpy,default,same_process,observed,1.1551719848066568,compute,,6,3,edf335f51b0a6a5a63d4d1e8c77cdda9a31939cdf30081571adf738ae28f7732,c95ef8e4674e9795c2c4376c3b88240655d27d77a534d2db1cf991c275146691,,
compute,numba,nopython-mode,same_process,observed,1.3100029181223363,compute,,6,3,edf335f51b0a6a5a63d4d1e8c77cdda9a31939cdf30081571adf738ae28f7732,c95ef8e4674e9795c2c4376c3b88240655d27d77a534d2db1cf991c275146691,,
compute,numba,nopython-mode-parallel,same_process,observed,0.10984547948464751,compute,,6,3,edf335f51b0a6a5a63d4d1e8c77cdda9a31939cdf30081571adf738ae28f7732,c95ef8e4674e9795c2c4376c3b88240655d27d77a534d2db1cf991c275146691,,new_sampling_or_resources
compute,numba,nopython-mode-parallel-range,same_process,N/A,,,,,,,,,
compute,numba,object-mode,same_process,observed,5.540590897668153,compute,,6,3,edf335f51b0a6a5a63d4d1e8c77cdda9a31939cdf30081571adf738ae28f7732,c95ef8e4674e9795c2c4376c3b88240655d27d77a534d2db1cf991c275146691,,selected_process_variability
compute,numba,object-mode-parallel,same_process,observed,1.5780437095090747,compute,,6,3,edf335f51b0a6a5a63d4d1e8c77cdda9a31939cdf30081571adf738ae28f7732,c95ef8e4674e9795c2c4376c3b88240655d27d77a534d2db1cf991c275146691,,selected_process_variability
compute,numba,object-mode-parallel-range,same_process,N/A,,,,,,,,,
compute,dace_cpu,fusion,same_process,observed,0.09666985715739429,compute,,6,3,edf335f51b0a6a5a63d4d1e8c77cdda9a31939cdf30081571adf738ae28f7732,c95ef8e4674e9795c2c4376c3b88240655d27d77a534d2db1cf991c275146691,,
compute,dace_cpu,parallel,same_process,observed,0.10578517452813685,compute,,6,3,edf335f51b0a6a5a63d4d1e8c77cdda9a31939cdf30081571adf738ae28f7732,c95ef8e4674e9795c2c4376c3b88240655d27d77a534d2db1cf991c275146691,,
compute,dace_cpu,auto_opt,same_process,observed,0.10993086383678019,compute,,6,3,edf335f51b0a6a5a63d4d1e8c77cdda9a31939cdf30081571adf738ae28f7732,c95ef8e4674e9795c2c4376c3b88240655d27d77a534d2db1cf991c275146691,,selected_process_variability
compute,dace_gpu,fusion,same_process,observed,1.0625894288532436,compute,,6,3,edf335f51b0a6a5a63d4d1e8c77cdda9a31939cdf30081571adf738ae28f7732,c95ef8e4674e9795c2c4376c3b88240655d27d77a534d2db1cf991c275146691,,selected_process_variability
compute,dace_gpu,parallel,same_process,observed,0.9263504270929843,compute,,6,3,edf335f51b0a6a5a63d4d1e8c77cdda9a31939cdf30081571adf738ae28f7732,c95ef8e4674e9795c2c4376c3b88240655d27d77a534d2db1cf991c275146691,,
compute,dace_gpu,auto_opt,same_process,observed,0.9355083941482008,compute,,6,3,edf335f51b0a6a5a63d4d1e8c77cdda9a31939cdf30081571adf738ae28f7732,c95ef8e4674e9795c2c4376c3b88240655d27d77a534d2db1cf991c275146691,,selected_process_variability
compute,cupy,default,same_process,observed,0.9726193840615451,compute,,6,3,edf335f51b0a6a5a63d4d1e8c77cdda9a31939cdf30081571adf738ae28f7732,c95ef8e4674e9795c2c4376c3b88240655d27d77a534d2db1cf991c275146691,,selected_process_variability
contour_integral,numpy,default,same_process,observed,1.931109658908099,contour_integral,,6,3,b7bd5d51e17faaa7d7b471e2377876f282bd7deed775cb160db56f12df313057,96e60b8e822b16860d5bd015f984ac2828ce239aab0d0628d36a60c7c4be7697,,
contour_integral,numba,nopython-mode,same_process,observed,1.5844547713641077,contour_integral,,6,3,b7bd5d51e17faaa7d7b471e2377876f282bd7deed775cb160db56f12df313057,96e60b8e822b16860d5bd015f984ac2828ce239aab0d0628d36a60c7c4be7697,,
contour_integral,numba,nopython-mode-parallel,same_process,observed,5.2994347487110645,contour_integral,,6,3,b7bd5d51e17faaa7d7b471e2377876f282bd7deed775cb160db56f12df313057,96e60b8e822b16860d5bd015f984ac2828ce239aab0d0628d36a60c7c4be7697,,
contour_integral,numba,nopython-mode-parallel-range,same_process,observed,2.5672220014967024,contour_integral,,6,3,b7bd5d51e17faaa7d7b471e2377876f282bd7deed775cb160db56f12df313057,96e60b8e822b16860d5bd015f984ac2828ce239aab0d0628d36a60c7c4be7697,,selected_process_variability
contour_integral,numba,object-mode,same_process,N/A,,,,,,,,,
contour_integral,numba,object-mode-parallel,same_process,N/A,,,,,,,,,
contour_integral,numba,object-mode-parallel-range,same_process,N/A,,,,,,,,,
contour_integral,dace_cpu,fusion,same_process,observed,5.489873724523932,contour_integral,,6,3,b7bd5d51e17faaa7d7b471e2377876f282bd7deed775cb160db56f12df313057,96e60b8e822b16860d5bd015f984ac2828ce239aab0d0628d36a60c7c4be7697,,
contour_integral,dace_cpu,parallel,same_process,observed,5.624615268083289,contour_integral,,6,3,b7bd5d51e17faaa7d7b471e2377876f282bd7deed775cb160db56f12df313057,96e60b8e822b16860d5bd015f984ac2828ce239aab0d0628d36a60c7c4be7697,,
contour_integral,dace_cpu,auto_opt,same_process,observed,5.329034561524168,contour_integral,,6,3,b7bd5d51e17faaa7d7b471e2377876f282bd7deed775cb160db56f12df313057,96e60b8e822b16860d5bd015f984ac2828ce239aab0d0628d36a60c7c4be7697,,
contour_integral,dace_gpu,fusion,same_process,validation,,contour_integral,,0,0,b7bd5d51e17faaa7d7b471e2377876f282bd7deed775cb160db56f12df313057,96e60b8e822b16860d5bd015f984ac2828ce239aab0d0628d36a60c7c4be7697,,
contour_integral,dace_gpu,parallel,same_process,validation,,contour_integral,,0,0,b7bd5d51e17faaa7d7b471e2377876f282bd7deed775cb160db56f12df313057,96e60b8e822b16860d5bd015f984ac2828ce239aab0d0628d36a60c7c4be7697,,
contour_integral,dace_gpu,auto_opt,same_process,validation,,contour_integral,,0,0,b7bd5d51e17faaa7d7b471e2377876f282bd7deed775cb160db56f12df313057,96e60b8e822b16860d5bd015f984ac2828ce239aab0d0628d36a60c7c4be7697,,
contour_integral,cupy,default,same_process,observed,0.14394093584269285,contour_integral,,6,3,b7bd5d51e17faaa7d7b471e2377876f282bd7deed775cb160db56f12df313057,96e60b8e822b16860d5bd015f984ac2828ce239aab0d0628d36a60c7c4be7697,,
conv2d_bias,numpy,default,same_process,observed,1.5503567855339497,conv2d_bias,,6,3,c47a0f873d63acc5fa1d36e1061d8e90bf59c5186703fc221aaf46384c6dbae8,3652f4ad2c784bef2f715b7aa13d7e3a9d461dbdbed77498119dc3c0f00cc660,,
conv2d_bias,numba,nopython-mode,same_process,observed,1.3890525214374065,conv2d_bias,,6,3,c47a0f873d63acc5fa1d36e1061d8e90bf59c5186703fc221aaf46384c6dbae8,3652f4ad2c784bef2f715b7aa13d7e3a9d461dbdbed77498119dc3c0f00cc660,,
conv2d_bias,numba,nopython-mode-parallel,same_process,observed,5.3943648361600935,conv2d_bias,,6,3,c47a0f873d63acc5fa1d36e1061d8e90bf59c5186703fc221aaf46384c6dbae8,3652f4ad2c784bef2f715b7aa13d7e3a9d461dbdbed77498119dc3c0f00cc660,,selected_process_variability
conv2d_bias,numba,nopython-mode-parallel-range,same_process,observed,0.03500425047241151,conv2d_bias,,6,3,c47a0f873d63acc5fa1d36e1061d8e90bf59c5186703fc221aaf46384c6dbae8,3652f4ad2c784bef2f715b7aa13d7e3a9d461dbdbed77498119dc3c0f00cc660,,
conv2d_bias,numba,object-mode,same_process,error,,conv2d_bias,,0,0,c47a0f873d63acc5fa1d36e1061d8e90bf59c5186703fc221aaf46384c6dbae8,3652f4ad2c784bef2f715b7aa13d7e3a9d461dbdbed77498119dc3c0f00cc660,,
conv2d_bias,numba,object-mode-parallel,same_process,error,,conv2d_bias,,0,0,c47a0f873d63acc5fa1d36e1061d8e90bf59c5186703fc221aaf46384c6dbae8,3652f4ad2c784bef2f715b7aa13d7e3a9d461dbdbed77498119dc3c0f00cc660,,
conv2d_bias,numba,object-mode-parallel-range,same_process,observed,1.5721917084883898,conv2d_bias,,6,3,c47a0f873d63acc5fa1d36e1061d8e90bf59c5186703fc221aaf46384c6dbae8,3652f4ad2c784bef2f715b7aa13d7e3a9d461dbdbed77498119dc3c0f00cc660,,
conv2d_bias,dace_cpu,fusion,same_process,observed,1.5552259276155382,conv2d_bias,,6,3,c47a0f873d63acc5fa1d36e1061d8e90bf59c5186703fc221aaf46384c6dbae8,3652f4ad2c784bef2f715b7aa13d7e3a9d461dbdbed77498119dc3c0f00cc660,,
conv2d_bias,dace_cpu,parallel,same_process,observed,2.098586641717702,conv2d_bias,,6,3,c47a0f873d63acc5fa1d36e1061d8e90bf59c5186703fc221aaf46384c6dbae8,3652f4ad2c784bef2f715b7aa13d7e3a9d461dbdbed77498119dc3c0f00cc660,,selected_process_variability
conv2d_bias,dace_cpu,auto_opt,same_process,observed,1.3739547519944608,conv2d_bias,,6,3,c47a0f873d63acc5fa1d36e1061d8e90bf59c5186703fc221aaf46384c6dbae8,3652f4ad2c784bef2f715b7aa13d7e3a9d461dbdbed77498119dc3c0f00cc660,,selected_process_variability
conv2d_bias,dace_gpu,fusion,same_process,validation,,conv2d_bias,,0,0,c47a0f873d63acc5fa1d36e1061d8e90bf59c5186703fc221aaf46384c6dbae8,3652f4ad2c784bef2f715b7aa13d7e3a9d461dbdbed77498119dc3c0f00cc660,,
conv2d_bias,dace_gpu,parallel,same_process,validation,,conv2d_bias,,0,0,c47a0f873d63acc5fa1d36e1061d8e90bf59c5186703fc221aaf46384c6dbae8,3652f4ad2c784bef2f715b7aa13d7e3a9d461dbdbed77498119dc3c0f00cc660,,
conv2d_bias,dace_gpu,auto_opt,same_process,validation,,conv2d_bias,,0,0,c47a0f873d63acc5fa1d36e1061d8e90bf59c5186703fc221aaf46384c6dbae8,3652f4ad2c784bef2f715b7aa13d7e3a9d461dbdbed77498119dc3c0f00cc660,,
conv2d_bias,cupy,default,same_process,observed,1.41621497948654,conv2d_bias,,6,3,c47a0f873d63acc5fa1d36e1061d8e90bf59c5186703fc221aaf46384c6dbae8,3652f4ad2c784bef2f715b7aa13d7e3a9d461dbdbed77498119dc3c0f00cc660,,selected_process_variability
correlation,numpy,default,same_process,observed,1.1385203395038843,correlation,,6,3,5bed53d94756b29d6c326b3510b9e7380e2b6d4931a68ec824535ca294b9c166,90af084039550dbfa1b2c0aafc8d4694c42209b191fd5b47f0314658efaf5513,,
correlation,numba,nopython-mode,same_process,observed,129.55802419781685,correlation,,6,3,5bed53d94756b29d6c326b3510b9e7380e2b6d4931a68ec824535ca294b9c166,90af084039550dbfa1b2c0aafc8d4694c42209b191fd5b47f0314658efaf5513,,
correlation,numba,nopython-mode-parallel,same_process,error,,correlation,,0,0,5bed53d94756b29d6c326b3510b9e7380e2b6d4931a68ec824535ca294b9c166,90af084039550dbfa1b2c0aafc8d4694c42209b191fd5b47f0314658efaf5513,,
correlation,numba,nopython-mode-parallel-range,same_process,error,,correlation,,0,0,5bed53d94756b29d6c326b3510b9e7380e2b6d4931a68ec824535ca294b9c166,90af084039550dbfa1b2c0aafc8d4694c42209b191fd5b47f0314658efaf5513,,
correlation,numba,object-mode,same_process,observed,142.91911065601744,correlation,,2,1,5bed53d94756b29d6c326b3510b9e7380e2b6d4931a68ec824535ca294b9c166,90af084039550dbfa1b2c0aafc8d4694c42209b191fd5b47f0314658efaf5513,,original_process_only
correlation,numba,object-mode-parallel,same_process,observed,264.68816314986907,correlation,,2,1,5bed53d94756b29d6c326b3510b9e7380e2b6d4931a68ec824535ca294b9c166,90af084039550dbfa1b2c0aafc8d4694c42209b191fd5b47f0314658efaf5513,,original_process_only
correlation,numba,object-mode-parallel-range,same_process,observed,1.177569132996723,correlation,,2,1,5bed53d94756b29d6c326b3510b9e7380e2b6d4931a68ec824535ca294b9c166,90af084039550dbfa1b2c0aafc8d4694c42209b191fd5b47f0314658efaf5513,,original_process_only
correlation,dace_cpu,fusion,same_process,observed,1.0664125273469836,correlation,,6,3,5bed53d94756b29d6c326b3510b9e7380e2b6d4931a68ec824535ca294b9c166,90af084039550dbfa1b2c0aafc8d4694c42209b191fd5b47f0314658efaf5513,,
correlation,dace_cpu,parallel,same_process,observed,1.0667160591110587,correlation,,6,3,5bed53d94756b29d6c326b3510b9e7380e2b6d4931a68ec824535ca294b9c166,90af084039550dbfa1b2c0aafc8d4694c42209b191fd5b47f0314658efaf5513,,
correlation,dace_cpu,auto_opt,same_process,observed,1.0424840548075736,correlation,,6,3,5bed53d94756b29d6c326b3510b9e7380e2b6d4931a68ec824535ca294b9c166,90af084039550dbfa1b2c0aafc8d4694c42209b191fd5b47f0314658efaf5513,,
correlation,dace_gpu,fusion,same_process,observed,0.283395150443539,correlation,,6,3,5bed53d94756b29d6c326b3510b9e7380e2b6d4931a68ec824535ca294b9c166,90af084039550dbfa1b2c0aafc8d4694c42209b191fd5b47f0314658efaf5513,,
correlation,dace_gpu,parallel,same_process,observed,0.271758780349046,correlation,,6,3,5bed53d94756b29d6c326b3510b9e7380e2b6d4931a68ec824535ca294b9c166,90af084039550dbfa1b2c0aafc8d4694c42209b191fd5b47f0314658efaf5513,,
correlation,dace_gpu,auto_opt,same_process,observed,0.26664564036764205,correlation,,6,3,5bed53d94756b29d6c326b3510b9e7380e2b6d4931a68ec824535ca294b9c166,90af084039550dbfa1b2c0aafc8d4694c42209b191fd5b47f0314658efaf5513,,
correlation,cupy,default,same_process,observed,0.6748116491362453,correlation_return,,6,3,4708febb51509c27799764226558ac090461d90855debef2b30a03c03ef57f6e,a80325d29cec49a59ec855ace66ce22deb5c4598a5707696210d3afdf6a571ee,,
covariance,numpy,default,same_process,observed,1.0573648714926094,covariance,,6,3,58b3a80d268ca9926b9a85556fa505122524ca4c66cc443c90a1e88c8ffec02f,af17a377caed2a970d699d0afa2fcc0382f2e0ec47bdab98c00e9bb2f70fcc48,,
covariance,numba,nopython-mode,same_process,observed,140.9942357945256,covariance,,6,3,58b3a80d268ca9926b9a85556fa505122524ca4c66cc443c90a1e88c8ffec02f,af17a377caed2a970d699d0afa2fcc0382f2e0ec47bdab98c00e9bb2f70fcc48,,
covariance,numba,nopython-mode-parallel,same_process,error,,covariance,,0,0,58b3a80d268ca9926b9a85556fa505122524ca4c66cc443c90a1e88c8ffec02f,af17a377caed2a970d699d0afa2fcc0382f2e0ec47bdab98c00e9bb2f70fcc48,,
covariance,numba,nopython-mode-parallel-range,same_process,error,,covariance,,0,0,58b3a80d268ca9926b9a85556fa505122524ca4c66cc443c90a1e88c8ffec02f,af17a377caed2a970d699d0afa2fcc0382f2e0ec47bdab98c00e9bb2f70fcc48,,
covariance,numba,object-mode,same_process,observed,128.52520835981704,covariance,,2,1,58b3a80d268ca9926b9a85556fa505122524ca4c66cc443c90a1e88c8ffec02f,af17a377caed2a970d699d0afa2fcc0382f2e0ec47bdab98c00e9bb2f70fcc48,,original_process_only
covariance,numba,object-mode-parallel,same_process,observed,264.90272490214556,covariance,,2,1,58b3a80d268ca9926b9a85556fa505122524ca4c66cc443c90a1e88c8ffec02f,af17a377caed2a970d699d0afa2fcc0382f2e0ec47bdab98c00e9bb2f70fcc48,,original_process_only
covariance,numba,object-mode-parallel-range,same_process,observed,1.1021533955354244,covariance,,2,1,58b3a80d268ca9926b9a85556fa505122524ca4c66cc443c90a1e88c8ffec02f,af17a377caed2a970d699d0afa2fcc0382f2e0ec47bdab98c00e9bb2f70fcc48,,original_process_only
covariance,dace_cpu,fusion,same_process,observed,67.46892202831805,covariance,,6,3,58b3a80d268ca9926b9a85556fa505122524ca4c66cc443c90a1e88c8ffec02f,af17a377caed2a970d699d0afa2fcc0382f2e0ec47bdab98c00e9bb2f70fcc48,,
covariance,dace_cpu,parallel,same_process,observed,68.59450922580436,covariance,,6,3,58b3a80d268ca9926b9a85556fa505122524ca4c66cc443c90a1e88c8ffec02f,af17a377caed2a970d699d0afa2fcc0382f2e0ec47bdab98c00e9bb2f70fcc48,,
covariance,dace_cpu,auto_opt,same_process,observed,66.30823536333628,covariance,,6,3,58b3a80d268ca9926b9a85556fa505122524ca4c66cc443c90a1e88c8ffec02f,af17a377caed2a970d699d0afa2fcc0382f2e0ec47bdab98c00e9bb2f70fcc48,,
covariance,dace_gpu,fusion,same_process,observed,0.3092083816882223,covariance,,6,3,58b3a80d268ca9926b9a85556fa505122524ca4c66cc443c90a1e88c8ffec02f,af17a377caed2a970d699d0afa2fcc0382f2e0ec47bdab98c00e9bb2f70fcc48,,
covariance,dace_gpu,parallel,same_process,observed,0.3051314549520612,covariance,,6,3,58b3a80d268ca9926b9a85556fa505122524ca4c66cc443c90a1e88c8ffec02f,af17a377caed2a970d699d0afa2fcc0382f2e0ec47bdab98c00e9bb2f70fcc48,,
covariance,dace_gpu,auto_opt,same_process,observed,0.30949099035933614,covariance,,6,3,58b3a80d268ca9926b9a85556fa505122524ca4c66cc443c90a1e88c8ffec02f,af17a377caed2a970d699d0afa2fcc0382f2e0ec47bdab98c00e9bb2f70fcc48,,
covariance,cupy,default,same_process,observed,0.8645136223640293,covariance,,6,3,58b3a80d268ca9926b9a85556fa505122524ca4c66cc443c90a1e88c8ffec02f,af17a377caed2a970d699d0afa2fcc0382f2e0ec47bdab98c00e9bb2f70fcc48,,
covariance2,numpy,default,same_process,observed,0.21784149738959968,covariance2,,6,3,b81db17e032d058c24615c34bdcb3c48ed5a23e6cf458082da80be982f4559fa,e1424bc66fff5f5bb8acd9b4f317faa2af4ea1da59094eb63d32d82413d01c9b,,
covariance2,numba,nopython-mode,same_process,observed,0.41528259706683457,covariance2,,6,3,b81db17e032d058c24615c34bdcb3c48ed5a23e6cf458082da80be982f4559fa,e1424bc66fff5f5bb8acd9b4f317faa2af4ea1da59094eb63d32d82413d01c9b,,
covariance2,numba,nopython-mode-parallel,same_process,N/A,,,,,,,,,
covariance2,numba,nopython-mode-parallel-range,same_process,N/A,,,,,,,,,
covariance2,numba,object-mode,same_process,N/A,,,,,,,,,
covariance2,numba,object-mode-parallel,same_process,N/A,,,,,,,,,
covariance2,numba,object-mode-parallel-range,same_process,N/A,,,,,,,,,
covariance2,dace_cpu,fusion,same_process,missing,,covariance2,,0,0,b81db17e032d058c24615c34bdcb3c48ed5a23e6cf458082da80be982f4559fa,e1424bc66fff5f5bb8acd9b4f317faa2af4ea1da59094eb63d32d82413d01c9b,,
covariance2,dace_cpu,parallel,same_process,missing,,covariance2,,0,0,b81db17e032d058c24615c34bdcb3c48ed5a23e6cf458082da80be982f4559fa,e1424bc66fff5f5bb8acd9b4f317faa2af4ea1da59094eb63d32d82413d01c9b,,
covariance2,dace_cpu,auto_opt,same_process,missing,,covariance2,,0,0,b81db17e032d058c24615c34bdcb3c48ed5a23e6cf458082da80be982f4559fa,e1424bc66fff5f5bb8acd9b4f317faa2af4ea1da59094eb63d32d82413d01c9b,,
covariance2,dace_gpu,fusion,same_process,missing,,covariance2,,0,0,b81db17e032d058c24615c34bdcb3c48ed5a23e6cf458082da80be982f4559fa,e1424bc66fff5f5bb8acd9b4f317faa2af4ea1da59094eb63d32d82413d01c9b,,
covariance2,dace_gpu,parallel,same_process,missing,,covariance2,,0,0,b81db17e032d058c24615c34bdcb3c48ed5a23e6cf458082da80be982f4559fa,e1424bc66fff5f5bb8acd9b4f317faa2af4ea1da59094eb63d32d82413d01c9b,,
covariance2,dace_gpu,auto_opt,same_process,missing,,covariance2,,0,0,b81db17e032d058c24615c34bdcb3c48ed5a23e6cf458082da80be982f4559fa,e1424bc66fff5f5bb8acd9b4f317faa2af4ea1da59094eb63d32d82413d01c9b,,
covariance2,cupy,default,same_process,missing,,covariance2,,0,0,b81db17e032d058c24615c34bdcb3c48ed5a23e6cf458082da80be982f4559fa,e1424bc66fff5f5bb8acd9b4f317faa2af4ea1da59094eb63d32d82413d01c9b,,
crc16,numpy,default,same_process,observed,0.9557864274829626,crc16,,6,3,a7203e25a233dc7df7310c8693f87c1b6b61fb79f1dbf0005a64f986bb9b4471,f5e374255acb40d3b61ef049439a216956523578089519cdbac1c787454c279b,,
crc16,numba,nopython-mode,same_process,observed,0.0020530009642243385,crc16,,6,3,a7203e25a233dc7df7310c8693f87c1b6b61fb79f1dbf0005a64f986bb9b4471,f5e374255acb40d3b61ef049439a216956523578089519cdbac1c787454c279b,,
crc16,numba,nopython-mode-parallel,same_process,observed,0.0016456348821520805,crc16,,6,3,a7203e25a233dc7df7310c8693f87c1b6b61fb79f1dbf0005a64f986bb9b4471,f5e374255acb40d3b61ef049439a216956523578089519cdbac1c787454c279b,,
crc16,numba,nopython-mode-parallel-range,same_process,N/A,,,,,,,,,
crc16,numba,object-mode,same_process,N/A,,,,,,,,,
crc16,numba,object-mode-parallel,same_process,N/A,,,,,,,,,
crc16,numba,object-mode-parallel-range,same_process,N/A,,,,,,,,,
crc16,dace_cpu,fusion,same_process,observed,0.0020406232215464115,crc16,,6,3,a7203e25a233dc7df7310c8693f87c1b6b61fb79f1dbf0005a64f986bb9b4471,f5e374255acb40d3b61ef049439a216956523578089519cdbac1c787454c279b,,selected_process_variability
crc16,dace_cpu,parallel,same_process,observed,0.0019588349387049675,crc16,,6,3,a7203e25a233dc7df7310c8693f87c1b6b61fb79f1dbf0005a64f986bb9b4471,f5e374255acb40d3b61ef049439a216956523578089519cdbac1c787454c279b,,selected_process_variability
crc16,dace_cpu,auto_opt,same_process,observed,0.007341634947806597,crc16,,6,3,a7203e25a233dc7df7310c8693f87c1b6b61fb79f1dbf0005a64f986bb9b4471,f5e374255acb40d3b61ef049439a216956523578089519cdbac1c787454c279b,,
crc16,dace_gpu,fusion,same_process,observed,5.195878328988329,crc16,,6,3,a7203e25a233dc7df7310c8693f87c1b6b61fb79f1dbf0005a64f986bb9b4471,f5e374255acb40d3b61ef049439a216956523578089519cdbac1c787454c279b,,
crc16,dace_gpu,parallel,same_process,observed,5.170322899939492,crc16,,6,3,a7203e25a233dc7df7310c8693f87c1b6b61fb79f1dbf0005a64f986bb9b4471,f5e374255acb40d3b61ef049439a216956523578089519cdbac1c787454c279b,,
crc16,dace_gpu,auto_opt,same_process,observed,5.129670782480389,crc16,,6,3,a7203e25a233dc7df7310c8693f87c1b6b61fb79f1dbf0005a64f986bb9b4471,f5e374255acb40d3b61ef049439a216956523578089519cdbac1c787454c279b,,
crc16,cupy,default,same_process,observed,102.20021218457259,crc16,,6,3,a7203e25a233dc7df7310c8693f87c1b6b61fb79f1dbf0005a64f986bb9b4471,f5e374255acb40d3b61ef049439a216956523578089519cdbac1c787454c279b,,
deriche,numpy,default,same_process,observed,0.8914826686959714,deriche,,6,3,ef9e5773989e084d7d1b667806f77c2b4ac4ac430dad3a2726f189d79dc3abc8,86bedd90fc265ce6365b560b64f12b89d3c2d5bf501294f5352e2a58074f9840,,
deriche,numba,nopython-mode,same_process,observed,1.0704175224527717,deriche,,6,3,ef9e5773989e084d7d1b667806f77c2b4ac4ac430dad3a2726f189d79dc3abc8,86bedd90fc265ce6365b560b64f12b89d3c2d5bf501294f5352e2a58074f9840,,
deriche,numba,nopython-mode-parallel,same_process,observed,3.038944523083046,deriche,,6,3,ef9e5773989e084d7d1b667806f77c2b4ac4ac430dad3a2726f189d79dc3abc8,86bedd90fc265ce6365b560b64f12b89d3c2d5bf501294f5352e2a58074f9840,,selected_process_variability
deriche,numba,nopython-mode-parallel-range,same_process,N/A,,,,,,,,,
deriche,numba,object-mode,same_process,N/A,,,,,,,,,
deriche,numba,object-mode-parallel,same_process,N/A,,,,,,,,,
deriche,numba,object-mode-parallel-range,same_process,N/A,,,,,,,,,
deriche,dace_cpu,fusion,same_process,observed,2.1948094435501844,deriche,,6,3,ef9e5773989e084d7d1b667806f77c2b4ac4ac430dad3a2726f189d79dc3abc8,86bedd90fc265ce6365b560b64f12b89d3c2d5bf501294f5352e2a58074f9840,,
deriche,dace_cpu,parallel,same_process,observed,2.2293529990129173,deriche,,6,3,ef9e5773989e084d7d1b667806f77c2b4ac4ac430dad3a2726f189d79dc3abc8,86bedd90fc265ce6365b560b64f12b89d3c2d5bf501294f5352e2a58074f9840,,selected_process_variability
deriche,dace_cpu,auto_opt,same_process,observed,1.5801757730077952,deriche,,6,3,ef9e5773989e084d7d1b667806f77c2b4ac4ac430dad3a2726f189d79dc3abc8,86bedd90fc265ce6365b560b64f12b89d3c2d5bf501294f5352e2a58074f9840,,selected_process_variability
deriche,dace_gpu,fusion,same_process,observed,0.667675465811044,deriche,,6,3,ef9e5773989e084d7d1b667806f77c2b4ac4ac430dad3a2726f189d79dc3abc8,86bedd90fc265ce6365b560b64f12b89d3c2d5bf501294f5352e2a58074f9840,,
deriche,dace_gpu,parallel,same_process,observed,0.7149740003515035,deriche,,6,3,ef9e5773989e084d7d1b667806f77c2b4ac4ac430dad3a2726f189d79dc3abc8,86bedd90fc265ce6365b560b64f12b89d3c2d5bf501294f5352e2a58074f9840,,selected_process_variability
deriche,dace_gpu,auto_opt,same_process,observed,0.19579404219985008,deriche,,6,3,ef9e5773989e084d7d1b667806f77c2b4ac4ac430dad3a2726f189d79dc3abc8,86bedd90fc265ce6365b560b64f12b89d3c2d5bf501294f5352e2a58074f9840,,new_variability
deriche,cupy,default,same_process,observed,2.4019219467882067,deriche,,6,3,ef9e5773989e084d7d1b667806f77c2b4ac4ac430dad3a2726f189d79dc3abc8,86bedd90fc265ce6365b560b64f12b89d3c2d5bf501294f5352e2a58074f9840,,
doitgen,numpy,default,same_process,observed,1.7532269721850753,doitgen,,6,3,0a710e9d831ec217703666c373d0b37a2be01b536d40ad9f598bb77b08a6f7ff,e54ec8efb6b8a7fe086a96f3c0074529002b4a5aad97bbd19161c0a49cf1bb9d,,
doitgen,numba,nopython-mode,same_process,observed,2.079097245587036,doitgen,,6,3,0a710e9d831ec217703666c373d0b37a2be01b536d40ad9f598bb77b08a6f7ff,e54ec8efb6b8a7fe086a96f3c0074529002b4a5aad97bbd19161c0a49cf1bb9d,,
doitgen,numba,nopython-mode-parallel,same_process,N/A,,,,,,,,,
doitgen,numba,nopython-mode-parallel-range,same_process,N/A,,,,,,,,,
doitgen,numba,object-mode,same_process,observed,2.1650513825006783,doitgen,,6,3,0a710e9d831ec217703666c373d0b37a2be01b536d40ad9f598bb77b08a6f7ff,e54ec8efb6b8a7fe086a96f3c0074529002b4a5aad97bbd19161c0a49cf1bb9d,,
doitgen,numba,object-mode-parallel,same_process,observed,1.989500498631969,doitgen,,6,3,0a710e9d831ec217703666c373d0b37a2be01b536d40ad9f598bb77b08a6f7ff,e54ec8efb6b8a7fe086a96f3c0074529002b4a5aad97bbd19161c0a49cf1bb9d,,
doitgen,numba,object-mode-parallel-range,same_process,N/A,,,,,,,,,
doitgen,dace_cpu,fusion,same_process,observed,0.3085375044029206,doitgen,,6,3,0a710e9d831ec217703666c373d0b37a2be01b536d40ad9f598bb77b08a6f7ff,e54ec8efb6b8a7fe086a96f3c0074529002b4a5aad97bbd19161c0a49cf1bb9d,,
doitgen,dace_cpu,parallel,same_process,observed,0.28031793842092156,doitgen,,6,3,0a710e9d831ec217703666c373d0b37a2be01b536d40ad9f598bb77b08a6f7ff,e54ec8efb6b8a7fe086a96f3c0074529002b4a5aad97bbd19161c0a49cf1bb9d,,new_sampling_or_resources;selected_process_variability
doitgen,dace_cpu,auto_opt,same_process,observed,0.29095402592793107,doitgen,,6,3,0a710e9d831ec217703666c373d0b37a2be01b536d40ad9f598bb77b08a6f7ff,e54ec8efb6b8a7fe086a96f3c0074529002b4a5aad97bbd19161c0a49cf1bb9d,,selected_process_variability
doitgen,dace_gpu,fusion,same_process,observed,0.11004126560874283,doitgen,,6,3,0a710e9d831ec217703666c373d0b37a2be01b536d40ad9f598bb77b08a6f7ff,e54ec8efb6b8a7fe086a96f3c0074529002b4a5aad97bbd19161c0a49cf1bb9d,,
doitgen,dace_gpu,parallel,same_process,observed,0.10538004711270332,doitgen,,6,3,0a710e9d831ec217703666c373d0b37a2be01b536d40ad9f598bb77b08a6f7ff,e54ec8efb6b8a7fe086a96f3c0074529002b4a5aad97bbd19161c0a49cf1bb9d,,
doitgen,dace_gpu,auto_opt,same_process,observed,0.11884870543144643,doitgen,,6,3,0a710e9d831ec217703666c373d0b37a2be01b536d40ad9f598bb77b08a6f7ff,e54ec8efb6b8a7fe086a96f3c0074529002b4a5aad97bbd19161c0a49cf1bb9d,,selected_process_variability
doitgen,cupy,default,same_process,observed,0.1348729704041034,doitgen,,6,3,0a710e9d831ec217703666c373d0b37a2be01b536d40ad9f598bb77b08a6f7ff,e54ec8efb6b8a7fe086a96f3c0074529002b4a5aad97bbd19161c0a49cf1bb9d,,
durbin,numpy,default,same_process,observed,1.8511984068900347,durbin,,6,3,7437c8bf3a6ba1cbc2df811774313bdf292efa8f737e2b875afbdc1c26ff99aa,ce8fe98cca13e7ff78b2059649cf38d58a3f2af294a834c6e4698392b4e95b14,,new_variability;selected_process_variability
durbin,numba,nopython-mode,same_process,observed,1.698292258894071,durbin,,6,3,7437c8bf3a6ba1cbc2df811774313bdf292efa8f737e2b875afbdc1c26ff99aa,ce8fe98cca13e7ff78b2059649cf38d58a3f2af294a834c6e4698392b4e95b14,,new_variability;selected_process_variability
durbin,numba,nopython-mode-parallel,same_process,error,,durbin,,0,0,7437c8bf3a6ba1cbc2df811774313bdf292efa8f737e2b875afbdc1c26ff99aa,ce8fe98cca13e7ff78b2059649cf38d58a3f2af294a834c6e4698392b4e95b14,,
durbin,numba,nopython-mode-parallel-range,same_process,N/A,,,,,,,,,
durbin,numba,object-mode,same_process,N/A,,,,,,,,,
durbin,numba,object-mode-parallel,same_process,N/A,,,,,,,,,
durbin,numba,object-mode-parallel-range,same_process,N/A,,,,,,,,,
durbin,dace_cpu,fusion,same_process,timeout,,durbin,,0,0,7437c8bf3a6ba1cbc2df811774313bdf292efa8f737e2b875afbdc1c26ff99aa,ce8fe98cca13e7ff78b2059649cf38d58a3f2af294a834c6e4698392b4e95b14,,
durbin,dace_cpu,parallel,same_process,timeout,,durbin,,0,0,7437c8bf3a6ba1cbc2df811774313bdf292efa8f737e2b875afbdc1c26ff99aa,ce8fe98cca13e7ff78b2059649cf38d58a3f2af294a834c6e4698392b4e95b14,,
durbin,dace_cpu,auto_opt,same_process,timeout,,durbin,,0,0,7437c8bf3a6ba1cbc2df811774313bdf292efa8f737e2b875afbdc1c26ff99aa,ce8fe98cca13e7ff78b2059649cf38d58a3f2af294a834c6e4698392b4e95b14,,
durbin,dace_gpu,fusion,same_process,observed,1.1554079020861536,durbin,,6,3,7437c8bf3a6ba1cbc2df811774313bdf292efa8f737e2b875afbdc1c26ff99aa,ce8fe98cca13e7ff78b2059649cf38d58a3f2af294a834c6e4698392b4e95b14,,
durbin,dace_gpu,parallel,same_process,observed,1.304891778388992,durbin,,6,3,7437c8bf3a6ba1cbc2df811774313bdf292efa8f737e2b875afbdc1c26ff99aa,ce8fe98cca13e7ff78b2059649cf38d58a3f2af294a834c6e4698392b4e95b14,,selected_process_variability
durbin,dace_gpu,auto_opt,same_process,observed,1.1743357272353023,durbin,,6,3,7437c8bf3a6ba1cbc2df811774313bdf292efa8f737e2b875afbdc1c26ff99aa,ce8fe98cca13e7ff78b2059649cf38d58a3f2af294a834c6e4698392b4e95b14,,selected_process_variability
durbin,cupy,default,same_process,observed,4.089670399436727,durbin,,6,3,7437c8bf3a6ba1cbc2df811774313bdf292efa8f737e2b875afbdc1c26ff99aa,ce8fe98cca13e7ff78b2059649cf38d58a3f2af294a834c6e4698392b4e95b14,,
fdtd_2d,numpy,default,same_process,observed,0.9214490347076207,fdtd_2d,,6,3,06e26254e9c8b359ff97a77665932fc3543384ca179dea039154450eff6c94ff,ae503cf8154fbe07791342cfced3146fb8b1e03dbea637ba9add8796956ed94d,,
fdtd_2d,numba,nopython-mode,same_process,observed,1.543296976480633,fdtd_2d,,6,3,06e26254e9c8b359ff97a77665932fc3543384ca179dea039154450eff6c94ff,ae503cf8154fbe07791342cfced3146fb8b1e03dbea637ba9add8796956ed94d,,selected_process_variability
fdtd_2d,numba,nopython-mode-parallel,same_process,observed,0.6996350130066276,fdtd_2d,,6,3,06e26254e9c8b359ff97a77665932fc3543384ca179dea039154450eff6c94ff,ae503cf8154fbe07791342cfced3146fb8b1e03dbea637ba9add8796956ed94d,,selected_process_variability
fdtd_2d,numba,nopython-mode-parallel-range,same_process,N/A,,,,,,,,,
fdtd_2d,numba,object-mode,same_process,N/A,,,,,,,,,
fdtd_2d,numba,object-mode-parallel,same_process,N/A,,,,,,,,,
fdtd_2d,numba,object-mode-parallel-range,same_process,N/A,,,,,,,,,
fdtd_2d,dace_cpu,fusion,same_process,observed,0.1378003868740052,fdtd_2d,,6,3,06e26254e9c8b359ff97a77665932fc3543384ca179dea039154450eff6c94ff,ae503cf8154fbe07791342cfced3146fb8b1e03dbea637ba9add8796956ed94d,,
fdtd_2d,dace_cpu,parallel,same_process,observed,0.11088409158401191,fdtd_2d,,6,3,06e26254e9c8b359ff97a77665932fc3543384ca179dea039154450eff6c94ff,ae503cf8154fbe07791342cfced3146fb8b1e03dbea637ba9add8796956ed94d,,historical_drift_requires_review;new_variability;selected_process_variability
fdtd_2d,dace_cpu,auto_opt,same_process,observed,0.0762522870209068,fdtd_2d,,6,3,06e26254e9c8b359ff97a77665932fc3543384ca179dea039154450eff6c94ff,ae503cf8154fbe07791342cfced3146fb8b1e03dbea637ba9add8796956ed94d,,new_variability;selected_process_variability
fdtd_2d,dace_gpu,fusion,same_process,observed,0.02990884054452181,fdtd_2d,,6,3,06e26254e9c8b359ff97a77665932fc3543384ca179dea039154450eff6c94ff,ae503cf8154fbe07791342cfced3146fb8b1e03dbea637ba9add8796956ed94d,,
fdtd_2d,dace_gpu,parallel,same_process,observed,0.03205440496094525,fdtd_2d,,6,3,06e26254e9c8b359ff97a77665932fc3543384ca179dea039154450eff6c94ff,ae503cf8154fbe07791342cfced3146fb8b1e03dbea637ba9add8796956ed94d,,selected_process_variability
fdtd_2d,dace_gpu,auto_opt,same_process,observed,0.02874508104287088,fdtd_2d,,6,3,06e26254e9c8b359ff97a77665932fc3543384ca179dea039154450eff6c94ff,ae503cf8154fbe07791342cfced3146fb8b1e03dbea637ba9add8796956ed94d,,
fdtd_2d,cupy,default,same_process,observed,0.0619077708106488,fdtd_2d,,6,3,06e26254e9c8b359ff97a77665932fc3543384ca179dea039154450eff6c94ff,ae503cf8154fbe07791342cfced3146fb8b1e03dbea637ba9add8796956ed94d,,
floyd_warshall,numpy,default,same_process,observed,0.8424520744010806,floyd_warshall,,6,3,a3edbd966d81083b8e17c12c5e476ba6f92ae518095bf60f44db36d16648859a,d80d0f1e5dc1b065b6ae583f4925157116e2c98d49b252f8e02fa8c4ffe273fe,,
floyd_warshall,numba,nopython-mode,same_process,observed,1.2750969959888607,floyd_warshall,,6,3,a3edbd966d81083b8e17c12c5e476ba6f92ae518095bf60f44db36d16648859a,d80d0f1e5dc1b065b6ae583f4925157116e2c98d49b252f8e02fa8c4ffe273fe,,
floyd_warshall,numba,nopython-mode-parallel,same_process,observed,54.914537087548524,floyd_warshall,,6,3,a3edbd966d81083b8e17c12c5e476ba6f92ae518095bf60f44db36d16648859a,d80d0f1e5dc1b065b6ae583f4925157116e2c98d49b252f8e02fa8c4ffe273fe,,
floyd_warshall,numba,nopython-mode-parallel-range,same_process,observed,0.16354669514112175,floyd_warshall,,6,3,a3edbd966d81083b8e17c12c5e476ba6f92ae518095bf60f44db36d16648859a,d80d0f1e5dc1b065b6ae583f4925157116e2c98d49b252f8e02fa8c4ffe273fe,,new_reuse_evidence_incomplete;new_sampling_or_resources;selected_process_variability
floyd_warshall,numba,object-mode,same_process,observed,0.7265297179110348,floyd_warshall,,2,1,a3edbd966d81083b8e17c12c5e476ba6f92ae518095bf60f44db36d16648859a,d80d0f1e5dc1b065b6ae583f4925157116e2c98d49b252f8e02fa8c4ffe273fe,,original_process_only
floyd_warshall,numba,object-mode-parallel,same_process,observed,0.8364987552631646,floyd_warshall,,2,1,a3edbd966d81083b8e17c12c5e476ba6f92ae518095bf60f44db36d16648859a,d80d0f1e5dc1b065b6ae583f4925157116e2c98d49b252f8e02fa8c4ffe273fe,,original_process_only
floyd_warshall,numba,object-mode-parallel-range,same_process,N/A,,,,,,,,,
floyd_warshall,dace_cpu,fusion,same_process,observed,1.2175254439935088,floyd_warshall,,6,3,a3edbd966d81083b8e17c12c5e476ba6f92ae518095bf60f44db36d16648859a,d80d0f1e5dc1b065b6ae583f4925157116e2c98d49b252f8e02fa8c4ffe273fe,,historical_drift_requires_review;new_variability;selected_process_variability
floyd_warshall,dace_cpu,parallel,same_process,observed,1.60642482037656,floyd_warshall,,6,3,a3edbd966d81083b8e17c12c5e476ba6f92ae518095bf60f44db36d16648859a,d80d0f1e5dc1b065b6ae583f4925157116e2c98d49b252f8e02fa8c4ffe273fe,,selected_process_variability
floyd_warshall,dace_cpu,auto_opt,same_process,observed,1.1386950453743339,floyd_warshall,,6,3,a3edbd966d81083b8e17c12c5e476ba6f92ae518095bf60f44db36d16648859a,d80d0f1e5dc1b065b6ae583f4925157116e2c98d49b252f8e02fa8c4ffe273fe,,selected_process_variability
floyd_warshall,dace_gpu,fusion,same_process,observed,0.27194924047216773,floyd_warshall,,6,3,a3edbd966d81083b8e17c12c5e476ba6f92ae518095bf60f44db36d16648859a,d80d0f1e5dc1b065b6ae583f4925157116e2c98d49b252f8e02fa8c4ffe273fe,,selected_process_variability
floyd_warshall,dace_gpu,parallel,same_process,observed,0.2318952779751271,floyd_warshall,,6,3,a3edbd966d81083b8e17c12c5e476ba6f92ae518095bf60f44db36d16648859a,d80d0f1e5dc1b065b6ae583f4925157116e2c98d49b252f8e02fa8c4ffe273fe,,
floyd_warshall,dace_gpu,auto_opt,same_process,observed,0.041893128072842956,floyd_warshall,,6,3,a3edbd966d81083b8e17c12c5e476ba6f92ae518095bf60f44db36d16648859a,d80d0f1e5dc1b065b6ae583f4925157116e2c98d49b252f8e02fa8c4ffe273fe,,
floyd_warshall,cupy,default,same_process,observed,27.126964075956494,floyd_warshall,,6,3,a3edbd966d81083b8e17c12c5e476ba6f92ae518095bf60f44db36d16648859a,d80d0f1e5dc1b065b6ae583f4925157116e2c98d49b252f8e02fa8c4ffe273fe,,
gemm,numpy,default,same_process,observed,1.6002213060855865,gemm,,6,3,0c0d6b6a480e5bce18192950eed6fa367ca1dff111ffe96afd63e44b0357c489,a7cad45e3e7e87c02c7a2df12b4f75774f21a5cca78b504ff8830be9107f34b6,,
gemm,numba,nopython-mode,same_process,observed,1.93670438346453,gemm,,6,3,0c0d6b6a480e5bce18192950eed6fa367ca1dff111ffe96afd63e44b0357c489,a7cad45e3e7e87c02c7a2df12b4f75774f21a5cca78b504ff8830be9107f34b6,,
gemm,numba,nopython-mode-parallel,same_process,observed,1.7350574389565736,gemm,,6,3,0c0d6b6a480e5bce18192950eed6fa367ca1dff111ffe96afd63e44b0357c489,a7cad45e3e7e87c02c7a2df12b4f75774f21a5cca78b504ff8830be9107f34b6,,
gemm,numba,nopython-mode-parallel-range,same_process,N/A,,,,,,,,,
gemm,numba,object-mode,same_process,N/A,,,,,,,,,
gemm,numba,object-mode-parallel,same_process,N/A,,,,,,,,,
gemm,numba,object-mode-parallel-range,same_process,N/A,,,,,,,,,
gemm,dace_cpu,fusion,same_process,observed,1.7880673233885318,gemm,,6,3,0c0d6b6a480e5bce18192950eed6fa367ca1dff111ffe96afd63e44b0357c489,a7cad45e3e7e87c02c7a2df12b4f75774f21a5cca78b504ff8830be9107f34b6,,
gemm,dace_cpu,parallel,same_process,observed,1.749459313461557,gemm,,6,3,0c0d6b6a480e5bce18192950eed6fa367ca1dff111ffe96afd63e44b0357c489,a7cad45e3e7e87c02c7a2df12b4f75774f21a5cca78b504ff8830be9107f34b6,,
gemm,dace_cpu,auto_opt,same_process,observed,1.3806745358742774,gemm,,6,3,0c0d6b6a480e5bce18192950eed6fa367ca1dff111ffe96afd63e44b0357c489,a7cad45e3e7e87c02c7a2df12b4f75774f21a5cca78b504ff8830be9107f34b6,,
gemm,dace_gpu,fusion,same_process,observed,0.3638619452249259,gemm,,6,3,0c0d6b6a480e5bce18192950eed6fa367ca1dff111ffe96afd63e44b0357c489,a7cad45e3e7e87c02c7a2df12b4f75774f21a5cca78b504ff8830be9107f34b6,,new_sampling_or_resources
gemm,dace_gpu,parallel,same_process,observed,0.3731258176267147,gemm,,6,3,0c0d6b6a480e5bce18192950eed6fa367ca1dff111ffe96afd63e44b0357c489,a7cad45e3e7e87c02c7a2df12b4f75774f21a5cca78b504ff8830be9107f34b6,,
gemm,dace_gpu,auto_opt,same_process,observed,0.36505951965227723,gemm,,6,3,0c0d6b6a480e5bce18192950eed6fa367ca1dff111ffe96afd63e44b0357c489,a7cad45e3e7e87c02c7a2df12b4f75774f21a5cca78b504ff8830be9107f34b6,,
gemm,cupy,default,same_process,observed,0.5652077640406787,gemm,,6,3,0c0d6b6a480e5bce18192950eed6fa367ca1dff111ffe96afd63e44b0357c489,a7cad45e3e7e87c02c7a2df12b4f75774f21a5cca78b504ff8830be9107f34b6,,new_variability
gemver,numpy,default,same_process,observed,0.5883583254180849,gemver,,6,3,85cc572cc7692fb81b6c77506a30c2af771c098b9e57d5abf57198c996aa6ef6,8f83d1ce5ccca10e01496b8b60f5d329e3f1f9e85ecb87f3b836424334239f88,,selected_process_variability
gemver,numba,nopython-mode,same_process,observed,2.3233632585033774,gemver,,6,3,85cc572cc7692fb81b6c77506a30c2af771c098b9e57d5abf57198c996aa6ef6,8f83d1ce5ccca10e01496b8b60f5d329e3f1f9e85ecb87f3b836424334239f88,,
gemver,numba,nopython-mode-parallel,same_process,observed,1.7612820642534643,gemver,,6,3,85cc572cc7692fb81b6c77506a30c2af771c098b9e57d5abf57198c996aa6ef6,8f83d1ce5ccca10e01496b8b60f5d329e3f1f9e85ecb87f3b836424334239f88,,
gemver,numba,nopython-mode-parallel-range,same_process,N/A,,,,,,,,,
gemver,numba,object-mode,same_process,N/A,,,,,,,,,
gemver,numba,object-mode-parallel,same_process,N/A,,,,,,,,,
gemver,numba,object-mode-parallel-range,same_process,N/A,,,,,,,,,
gemver,dace_cpu,fusion,same_process,observed,0.34380610357038677,gemver,,6,3,85cc572cc7692fb81b6c77506a30c2af771c098b9e57d5abf57198c996aa6ef6,8f83d1ce5ccca10e01496b8b60f5d329e3f1f9e85ecb87f3b836424334239f88,,
gemver,dace_cpu,parallel,same_process,observed,0.37073459569364786,gemver,,6,3,85cc572cc7692fb81b6c77506a30c2af771c098b9e57d5abf57198c996aa6ef6,8f83d1ce5ccca10e01496b8b60f5d329e3f1f9e85ecb87f3b836424334239f88,,
gemver,dace_cpu,auto_opt,same_process,observed,0.17954581207595766,gemver,,6,3,85cc572cc7692fb81b6c77506a30c2af771c098b9e57d5abf57198c996aa6ef6,8f83d1ce5ccca10e01496b8b60f5d329e3f1f9e85ecb87f3b836424334239f88,,new_variability;selected_process_variability
gemver,dace_gpu,fusion,same_process,observed,0.33601812832057476,gemver,,6,3,85cc572cc7692fb81b6c77506a30c2af771c098b9e57d5abf57198c996aa6ef6,8f83d1ce5ccca10e01496b8b60f5d329e3f1f9e85ecb87f3b836424334239f88,,
gemver,dace_gpu,parallel,same_process,observed,0.3322433060966432,gemver,,6,3,85cc572cc7692fb81b6c77506a30c2af771c098b9e57d5abf57198c996aa6ef6,8f83d1ce5ccca10e01496b8b60f5d329e3f1f9e85ecb87f3b836424334239f88,,selected_process_variability
gemver,dace_gpu,auto_opt,same_process,observed,0.33730357023887336,gemver,,6,3,85cc572cc7692fb81b6c77506a30c2af771c098b9e57d5abf57198c996aa6ef6,8f83d1ce5ccca10e01496b8b60f5d329e3f1f9e85ecb87f3b836424334239f88,,
gemver,cupy,default,same_process,observed,0.3241181015037,gemver,,6,3,85cc572cc7692fb81b6c77506a30c2af771c098b9e57d5abf57198c996aa6ef6,8f83d1ce5ccca10e01496b8b60f5d329e3f1f9e85ecb87f3b836424334239f88,,
gesummv,numpy,default,same_process,observed,0.6353807004634291,gesummv,,6,3,0e62642787bfd7976dde4296be195e5cc2dd07cdd198d1233ad748fdaaf9fc80,603add7d548bef0a20a6309fbf3785c05014a0b3550717c6d424278bd55d2518,,
gesummv,numba,nopython-mode,same_process,observed,2.089407311519608,gesummv,,6,3,0e62642787bfd7976dde4296be195e5cc2dd07cdd198d1233ad748fdaaf9fc80,603add7d548bef0a20a6309fbf3785c05014a0b3550717c6d424278bd55d2518,,
gesummv,numba,nopython-mode-parallel,same_process,observed,0.5979615803807974,gesummv,,6,3,0e62642787bfd7976dde4296be195e5cc2dd07cdd198d1233ad748fdaaf9fc80,603add7d548bef0a20a6309fbf3785c05014a0b3550717c6d424278bd55d2518,,
gesummv,numba,nopython-mode-parallel-range,same_process,N/A,,,,,,,,,
gesummv,numba,object-mode,same_process,N/A,,,,,,,,,
gesummv,numba,object-mode-parallel,same_process,N/A,,,,,,,,,
gesummv,numba,object-mode-parallel-range,same_process,N/A,,,,,,,,,
gesummv,dace_cpu,fusion,same_process,observed,0.5999037129804492,gesummv,,6,3,0e62642787bfd7976dde4296be195e5cc2dd07cdd198d1233ad748fdaaf9fc80,603add7d548bef0a20a6309fbf3785c05014a0b3550717c6d424278bd55d2518,,
gesummv,dace_cpu,parallel,same_process,observed,0.6344496814999729,gesummv,,6,3,0e62642787bfd7976dde4296be195e5cc2dd07cdd198d1233ad748fdaaf9fc80,603add7d548bef0a20a6309fbf3785c05014a0b3550717c6d424278bd55d2518,,
gesummv,dace_cpu,auto_opt,same_process,observed,0.27964783925563097,gesummv,,6,3,0e62642787bfd7976dde4296be195e5cc2dd07cdd198d1233ad748fdaaf9fc80,603add7d548bef0a20a6309fbf3785c05014a0b3550717c6d424278bd55d2518,,new_sampling_or_resources;selected_process_variability
gesummv,dace_gpu,fusion,same_process,observed,0.6184362459462136,gesummv,,6,3,0e62642787bfd7976dde4296be195e5cc2dd07cdd198d1233ad748fdaaf9fc80,603add7d548bef0a20a6309fbf3785c05014a0b3550717c6d424278bd55d2518,,selected_process_variability
gesummv,dace_gpu,parallel,same_process,observed,0.593438204145059,gesummv,,6,3,0e62642787bfd7976dde4296be195e5cc2dd07cdd198d1233ad748fdaaf9fc80,603add7d548bef0a20a6309fbf3785c05014a0b3550717c6d424278bd55d2518,,selected_process_variability
gesummv,dace_gpu,auto_opt,same_process,observed,0.4301165430806577,gesummv,,6,3,0e62642787bfd7976dde4296be195e5cc2dd07cdd198d1233ad748fdaaf9fc80,603add7d548bef0a20a6309fbf3785c05014a0b3550717c6d424278bd55d2518,,
gesummv,cupy,default,same_process,observed,0.37579919560812414,gesummv,,6,3,0e62642787bfd7976dde4296be195e5cc2dd07cdd198d1233ad748fdaaf9fc80,603add7d548bef0a20a6309fbf3785c05014a0b3550717c6d424278bd55d2518,,selected_process_variability
go_fast,numpy,default,same_process,observed,1.8910328133497387,go_fast,,6,3,ae81860b1a6b200efcca939dedfc2ee5e6a861d07af0c13d6e54e4f1ed9dfb3a,27869e2eab641d51a4dcb8b144e082c2564882966a28c404e3c13fdb484f75cf,,selected_process_variability
go_fast,numba,nopython-mode,same_process,observed,1.777317581931129,go_fast,,6,3,ae81860b1a6b200efcca939dedfc2ee5e6a861d07af0c13d6e54e4f1ed9dfb3a,27869e2eab641d51a4dcb8b144e082c2564882966a28c404e3c13fdb484f75cf,,
go_fast,numba,nopython-mode-parallel,same_process,observed,0.18497937684878707,go_fast,,6,3,ae81860b1a6b200efcca939dedfc2ee5e6a861d07af0c13d6e54e4f1ed9dfb3a,27869e2eab641d51a4dcb8b144e082c2564882966a28c404e3c13fdb484f75cf,,
go_fast,numba,nopython-mode-parallel-range,same_process,observed,0.19141392968595028,go_fast,,6,3,ae81860b1a6b200efcca939dedfc2ee5e6a861d07af0c13d6e54e4f1ed9dfb3a,27869e2eab641d51a4dcb8b144e082c2564882966a28c404e3c13fdb484f75cf,,
go_fast,numba,object-mode,same_process,N/A,,,,,,,,,
go_fast,numba,object-mode-parallel,same_process,N/A,,,,,,,,,
go_fast,numba,object-mode-parallel-range,same_process,N/A,,,,,,,,,
go_fast,dace_cpu,fusion,same_process,observed,0.10139065608382225,go_fast,,6,3,ae81860b1a6b200efcca939dedfc2ee5e6a861d07af0c13d6e54e4f1ed9dfb3a,27869e2eab641d51a4dcb8b144e082c2564882966a28c404e3c13fdb484f75cf,,
go_fast,dace_cpu,parallel,same_process,observed,0.10089353355579078,go_fast,,6,3,ae81860b1a6b200efcca939dedfc2ee5e6a861d07af0c13d6e54e4f1ed9dfb3a,27869e2eab641d51a4dcb8b144e082c2564882966a28c404e3c13fdb484f75cf,,
go_fast,dace_cpu,auto_opt,same_process,observed,0.10152458376251161,go_fast,,6,3,ae81860b1a6b200efcca939dedfc2ee5e6a861d07af0c13d6e54e4f1ed9dfb3a,27869e2eab641d51a4dcb8b144e082c2564882966a28c404e3c13fdb484f75cf,,
go_fast,dace_gpu,fusion,same_process,observed,4.557372236158699,go_fast,,6,3,ae81860b1a6b200efcca939dedfc2ee5e6a861d07af0c13d6e54e4f1ed9dfb3a,27869e2eab641d51a4dcb8b144e082c2564882966a28c404e3c13fdb484f75cf,,selected_process_variability
go_fast,dace_gpu,parallel,same_process,observed,2.3086955179460347,go_fast,,6,3,ae81860b1a6b200efcca939dedfc2ee5e6a861d07af0c13d6e54e4f1ed9dfb3a,27869e2eab641d51a4dcb8b144e082c2564882966a28c404e3c13fdb484f75cf,,selected_process_variability
go_fast,dace_gpu,auto_opt,same_process,observed,1.4667178397066891,go_fast,,6,3,ae81860b1a6b200efcca939dedfc2ee5e6a861d07af0c13d6e54e4f1ed9dfb3a,27869e2eab641d51a4dcb8b144e082c2564882966a28c404e3c13fdb484f75cf,,new_sampling_or_resources;selected_process_variability
go_fast,cupy,default,same_process,observed,2.764574703061953,go_fast,,6,3,ae81860b1a6b200efcca939dedfc2ee5e6a861d07af0c13d6e54e4f1ed9dfb3a,27869e2eab641d51a4dcb8b144e082c2564882966a28c404e3c13fdb484f75cf,,selected_process_variability
gramschmidt,numpy,default,same_process,observed,1.10854187537916,gramschmidt,,6,3,1f3d8680c6c62cb57662259efbd6317e805dc931a93921d1f417b2d9a8b00706,0cd9b7683af012b2f89286b1d7f883de9ac11e0a801ad6a40757c753baba615b,,selected_process_variability
gramschmidt,numba,nopython-mode,same_process,observed,0.7341345613822341,gramschmidt,,6,3,1f3d8680c6c62cb57662259efbd6317e805dc931a93921d1f417b2d9a8b00706,0cd9b7683af012b2f89286b1d7f883de9ac11e0a801ad6a40757c753baba615b,,new_sampling_or_resources
gramschmidt,numba,nopython-mode-parallel,same_process,observed,15.611070972401649,gramschmidt,,6,3,1f3d8680c6c62cb57662259efbd6317e805dc931a93921d1f417b2d9a8b00706,0cd9b7683af012b2f89286b1d7f883de9ac11e0a801ad6a40757c753baba615b,,selected_process_variability
gramschmidt,numba,nopython-mode-parallel-range,same_process,N/A,,,,,,,,,
gramschmidt,numba,object-mode,same_process,N/A,,,,,,,,,
gramschmidt,numba,object-mode-parallel,same_process,N/A,,,,,,,,,
gramschmidt,numba,object-mode-parallel-range,same_process,N/A,,,,,,,,,
gramschmidt,dace_cpu,fusion,same_process,observed,7.907473184168339,gramschmidt,,6,3,1f3d8680c6c62cb57662259efbd6317e805dc931a93921d1f417b2d9a8b00706,0cd9b7683af012b2f89286b1d7f883de9ac11e0a801ad6a40757c753baba615b,,selected_process_variability
gramschmidt,dace_cpu,parallel,same_process,observed,9.249906998127699,gramschmidt,,6,3,1f3d8680c6c62cb57662259efbd6317e805dc931a93921d1f417b2d9a8b00706,0cd9b7683af012b2f89286b1d7f883de9ac11e0a801ad6a40757c753baba615b,,selected_process_variability
gramschmidt,dace_cpu,auto_opt,same_process,observed,7.649010805645958,gramschmidt,,6,3,1f3d8680c6c62cb57662259efbd6317e805dc931a93921d1f417b2d9a8b00706,0cd9b7683af012b2f89286b1d7f883de9ac11e0a801ad6a40757c753baba615b,,selected_process_variability
gramschmidt,dace_gpu,fusion,same_process,observed,4.96073037199676,gramschmidt,,6,3,1f3d8680c6c62cb57662259efbd6317e805dc931a93921d1f417b2d9a8b00706,0cd9b7683af012b2f89286b1d7f883de9ac11e0a801ad6a40757c753baba615b,,
gramschmidt,dace_gpu,parallel,same_process,observed,5.1383538455702364,gramschmidt,,6,3,1f3d8680c6c62cb57662259efbd6317e805dc931a93921d1f417b2d9a8b00706,0cd9b7683af012b2f89286b1d7f883de9ac11e0a801ad6a40757c753baba615b,,
gramschmidt,dace_gpu,auto_opt,same_process,observed,4.22075219405815,gramschmidt,,6,3,1f3d8680c6c62cb57662259efbd6317e805dc931a93921d1f417b2d9a8b00706,0cd9b7683af012b2f89286b1d7f883de9ac11e0a801ad6a40757c753baba615b,,
gramschmidt,cupy,default,same_process,observed,15.680323245935142,gramschmidt,,6,3,1f3d8680c6c62cb57662259efbd6317e805dc931a93921d1f417b2d9a8b00706,0cd9b7683af012b2f89286b1d7f883de9ac11e0a801ad6a40757c753baba615b,,
hdiff,numpy,default,same_process,observed,0.6146578975021839,hdiff,,6,3,db572ba94a6764cd4f333fd1c155d8498c95bfc20a8f378ce3588d5b7ef038ef,e800ed3dc8d530d7e84b4a637b91cc6d9bc1280101023ee86a27f69cfa34eec1,,
hdiff,numba,nopython-mode,same_process,observed,1.7501525161787868,hdiff,,6,3,db572ba94a6764cd4f333fd1c155d8498c95bfc20a8f378ce3588d5b7ef038ef,e800ed3dc8d530d7e84b4a637b91cc6d9bc1280101023ee86a27f69cfa34eec1,,
hdiff,numba,nopython-mode-parallel,same_process,observed,0.9298878845293075,hdiff,,6,3,db572ba94a6764cd4f333fd1c155d8498c95bfc20a8f378ce3588d5b7ef038ef,e800ed3dc8d530d7e84b4a637b91cc6d9bc1280101023ee86a27f69cfa34eec1,,
hdiff,numba,nopython-mode-parallel-range,same_process,N/A,,,,,,,,,
hdiff,numba,object-mode,same_process,N/A,,,,,,,,,
hdiff,numba,object-mode-parallel,same_process,N/A,,,,,,,,,
hdiff,numba,object-mode-parallel-range,same_process,N/A,,,,,,,,,
hdiff,dace_cpu,fusion,same_process,observed,0.22005048813298345,hdiff,,6,3,db572ba94a6764cd4f333fd1c155d8498c95bfc20a8f378ce3588d5b7ef038ef,e800ed3dc8d530d7e84b4a637b91cc6d9bc1280101023ee86a27f69cfa34eec1,,
hdiff,dace_cpu,parallel,same_process,observed,0.14505493850447237,hdiff,,6,3,db572ba94a6764cd4f333fd1c155d8498c95bfc20a8f378ce3588d5b7ef038ef,e800ed3dc8d530d7e84b4a637b91cc6d9bc1280101023ee86a27f69cfa34eec1,,
hdiff,dace_cpu,auto_opt,same_process,observed,0.058689799858257174,hdiff,,6,3,db572ba94a6764cd4f333fd1c155d8498c95bfc20a8f378ce3588d5b7ef038ef,e800ed3dc8d530d7e84b4a637b91cc6d9bc1280101023ee86a27f69cfa34eec1,,new_variability;selected_process_variability
hdiff,dace_gpu,fusion,same_process,observed,0.14289144263602793,hdiff,,6,3,db572ba94a6764cd4f333fd1c155d8498c95bfc20a8f378ce3588d5b7ef038ef,e800ed3dc8d530d7e84b4a637b91cc6d9bc1280101023ee86a27f69cfa34eec1,,
hdiff,dace_gpu,parallel,same_process,observed,0.13305062148720026,hdiff,,6,3,db572ba94a6764cd4f333fd1c155d8498c95bfc20a8f378ce3588d5b7ef038ef,e800ed3dc8d530d7e84b4a637b91cc6d9bc1280101023ee86a27f69cfa34eec1,,
hdiff,dace_gpu,auto_opt,same_process,observed,0.15528974472545087,hdiff,,6,3,db572ba94a6764cd4f333fd1c155d8498c95bfc20a8f378ce3588d5b7ef038ef,e800ed3dc8d530d7e84b4a637b91cc6d9bc1280101023ee86a27f69cfa34eec1,,selected_process_variability
hdiff,cupy,default,same_process,observed,0.2424111282452941,hdiff,,6,3,db572ba94a6764cd4f333fd1c155d8498c95bfc20a8f378ce3588d5b7ef038ef,e800ed3dc8d530d7e84b4a637b91cc6d9bc1280101023ee86a27f69cfa34eec1,,selected_process_variability
heat_3d,numpy,default,same_process,observed,0.8782126880250871,heat_3d,,6,3,30fe858bb26413e6677f8fa2af4b685936ad2acf33485956268a9184b302da55,a81cc292224c841a9ce27e90c6d26d29c8ea5a75badeca9376911772a40bf22f,,selected_process_variability
heat_3d,numba,nopython-mode,same_process,observed,1.4593154878821224,heat_3d,,6,3,30fe858bb26413e6677f8fa2af4b685936ad2acf33485956268a9184b302da55,a81cc292224c841a9ce27e90c6d26d29c8ea5a75badeca9376911772a40bf22f,,
heat_3d,numba,nopython-mode-parallel,same_process,observed,0.18890414549969137,heat_3d,,6,3,30fe858bb26413e6677f8fa2af4b685936ad2acf33485956268a9184b302da55,a81cc292224c841a9ce27e90c6d26d29c8ea5a75badeca9376911772a40bf22f,,selected_process_variability
heat_3d,numba,nopython-mode-parallel-range,same_process,N/A,,,,,,,,,
heat_3d,numba,object-mode,same_process,N/A,,,,,,,,,
heat_3d,numba,object-mode-parallel,same_process,N/A,,,,,,,,,
heat_3d,numba,object-mode-parallel-range,same_process,N/A,,,,,,,,,
heat_3d,dace_cpu,fusion,same_process,observed,0.1194505374878645,heat_3d,,6,3,30fe858bb26413e6677f8fa2af4b685936ad2acf33485956268a9184b302da55,a81cc292224c841a9ce27e90c6d26d29c8ea5a75badeca9376911772a40bf22f,,new_variability;selected_process_variability
heat_3d,dace_cpu,parallel,same_process,observed,0.13896504370495677,heat_3d,,6,3,30fe858bb26413e6677f8fa2af4b685936ad2acf33485956268a9184b302da55,a81cc292224c841a9ce27e90c6d26d29c8ea5a75badeca9376911772a40bf22f,,selected_process_variability
heat_3d,dace_cpu,auto_opt,same_process,observed,0.07449874375015497,heat_3d,,6,3,30fe858bb26413e6677f8fa2af4b685936ad2acf33485956268a9184b302da55,a81cc292224c841a9ce27e90c6d26d29c8ea5a75badeca9376911772a40bf22f,,historical_drift_requires_review;new_variability;selected_process_variability
heat_3d,dace_gpu,fusion,same_process,observed,0.009517868980765343,heat_3d,,6,3,30fe858bb26413e6677f8fa2af4b685936ad2acf33485956268a9184b302da55,a81cc292224c841a9ce27e90c6d26d29c8ea5a75badeca9376911772a40bf22f,,
heat_3d,dace_gpu,parallel,same_process,observed,0.009074982721358538,heat_3d,,6,3,30fe858bb26413e6677f8fa2af4b685936ad2acf33485956268a9184b302da55,a81cc292224c841a9ce27e90c6d26d29c8ea5a75badeca9376911772a40bf22f,,
heat_3d,dace_gpu,auto_opt,same_process,observed,0.009743925416842103,heat_3d,,6,3,30fe858bb26413e6677f8fa2af4b685936ad2acf33485956268a9184b302da55,a81cc292224c841a9ce27e90c6d26d29c8ea5a75badeca9376911772a40bf22f,,
heat_3d,cupy,default,same_process,observed,0.09724960220046341,heat_3d,,6,3,30fe858bb26413e6677f8fa2af4b685936ad2acf33485956268a9184b302da55,a81cc292224c841a9ce27e90c6d26d29c8ea5a75badeca9376911772a40bf22f,,
jacobi_1d,numpy,default,same_process,observed,1.1216757763177156,jacobi_1d,,6,3,dd2d6ec412835edbbe4a018d3544e156d3fdd08552a444b52727b05fa47d8a06,16a5a1662f12689fbf187fbb656ac8e1d9c5d1f78efc866cd0f41cf46b753592,,
jacobi_1d,numba,nopython-mode,same_process,observed,0.9804196804761887,jacobi_1d,,6,3,dd2d6ec412835edbbe4a018d3544e156d3fdd08552a444b52727b05fa47d8a06,16a5a1662f12689fbf187fbb656ac8e1d9c5d1f78efc866cd0f41cf46b753592,,
jacobi_1d,numba,nopython-mode-parallel,same_process,observed,2.376702905166894,jacobi_1d,,6,3,dd2d6ec412835edbbe4a018d3544e156d3fdd08552a444b52727b05fa47d8a06,16a5a1662f12689fbf187fbb656ac8e1d9c5d1f78efc866cd0f41cf46b753592,,selected_process_variability
jacobi_1d,numba,nopython-mode-parallel-range,same_process,N/A,,,,,,,,,
jacobi_1d,numba,object-mode,same_process,N/A,,,,,,,,,
jacobi_1d,numba,object-mode-parallel,same_process,N/A,,,,,,,,,
jacobi_1d,numba,object-mode-parallel-range,same_process,N/A,,,,,,,,,
jacobi_1d,dace_cpu,fusion,same_process,observed,0.6315957785118371,jacobi_1d,,6,3,dd2d6ec412835edbbe4a018d3544e156d3fdd08552a444b52727b05fa47d8a06,16a5a1662f12689fbf187fbb656ac8e1d9c5d1f78efc866cd0f41cf46b753592,,selected_process_variability
jacobi_1d,dace_cpu,parallel,same_process,observed,0.6387734569143504,jacobi_1d,,6,3,dd2d6ec412835edbbe4a018d3544e156d3fdd08552a444b52727b05fa47d8a06,16a5a1662f12689fbf187fbb656ac8e1d9c5d1f78efc866cd0f41cf46b753592,,selected_process_variability
jacobi_1d,dace_cpu,auto_opt,same_process,observed,0.6153249740600586,jacobi_1d,,6,3,dd2d6ec412835edbbe4a018d3544e156d3fdd08552a444b52727b05fa47d8a06,16a5a1662f12689fbf187fbb656ac8e1d9c5d1f78efc866cd0f41cf46b753592,,new_variability;selected_process_variability
jacobi_1d,dace_gpu,fusion,same_process,observed,0.08053507492877543,jacobi_1d,,6,3,dd2d6ec412835edbbe4a018d3544e156d3fdd08552a444b52727b05fa47d8a06,16a5a1662f12689fbf187fbb656ac8e1d9c5d1f78efc866cd0f41cf46b753592,,
jacobi_1d,dace_gpu,parallel,same_process,observed,0.0827586124651134,jacobi_1d,,6,3,dd2d6ec412835edbbe4a018d3544e156d3fdd08552a444b52727b05fa47d8a06,16a5a1662f12689fbf187fbb656ac8e1d9c5d1f78efc866cd0f41cf46b753592,,selected_process_variability
jacobi_1d,dace_gpu,auto_opt,same_process,observed,0.09004494827240705,jacobi_1d,,6,3,dd2d6ec412835edbbe4a018d3544e156d3fdd08552a444b52727b05fa47d8a06,16a5a1662f12689fbf187fbb656ac8e1d9c5d1f78efc866cd0f41cf46b753592,,
jacobi_1d,cupy,default,same_process,observed,1.3764915780629963,jacobi_1d,,6,3,dd2d6ec412835edbbe4a018d3544e156d3fdd08552a444b52727b05fa47d8a06,16a5a1662f12689fbf187fbb656ac8e1d9c5d1f78efc866cd0f41cf46b753592,,
jacobi_2d,numpy,default,same_process,observed,0.8872587350197136,jacobi_2d,,6,3,bb0f1b25c2ede622f6875f9761e2dec03fcebb4785d6110e5288554d5cfdd9f9,88fcc37626b242ba2751f475ada3090117847e04203daddbc9456f9d0e7e584d,,selected_process_variability
jacobi_2d,numba,nopython-mode,same_process,observed,1.045855440897867,jacobi_2d,,6,3,bb0f1b25c2ede622f6875f9761e2dec03fcebb4785d6110e5288554d5cfdd9f9,88fcc37626b242ba2751f475ada3090117847e04203daddbc9456f9d0e7e584d,,selected_process_variability
jacobi_2d,numba,nopython-mode-parallel,same_process,observed,0.26079966756515205,jacobi_2d,,6,3,bb0f1b25c2ede622f6875f9761e2dec03fcebb4785d6110e5288554d5cfdd9f9,88fcc37626b242ba2751f475ada3090117847e04203daddbc9456f9d0e7e584d,,selected_process_variability
jacobi_2d,numba,nopython-mode-parallel-range,same_process,N/A,,,,,,,,,
jacobi_2d,numba,object-mode,same_process,N/A,,,,,,,,,
jacobi_2d,numba,object-mode-parallel,same_process,N/A,,,,,,,,,
jacobi_2d,numba,object-mode-parallel-range,same_process,N/A,,,,,,,,,
jacobi_2d,dace_cpu,fusion,same_process,observed,0.0693710504565388,jacobi_2d,,6,3,bb0f1b25c2ede622f6875f9761e2dec03fcebb4785d6110e5288554d5cfdd9f9,88fcc37626b242ba2751f475ada3090117847e04203daddbc9456f9d0e7e584d,,historical_drift_requires_review;new_variability;selected_process_variability
jacobi_2d,dace_cpu,parallel,same_process,observed,0.07860687817446887,jacobi_2d,,6,3,bb0f1b25c2ede622f6875f9761e2dec03fcebb4785d6110e5288554d5cfdd9f9,88fcc37626b242ba2751f475ada3090117847e04203daddbc9456f9d0e7e584d,,selected_process_variability
jacobi_2d,dace_cpu,auto_opt,same_process,observed,0.19050053041428328,jacobi_2d,,6,3,bb0f1b25c2ede622f6875f9761e2dec03fcebb4785d6110e5288554d5cfdd9f9,88fcc37626b242ba2751f475ada3090117847e04203daddbc9456f9d0e7e584d,,selected_process_variability
jacobi_2d,dace_gpu,fusion,same_process,observed,0.017323338193818927,jacobi_2d,,6,3,bb0f1b25c2ede622f6875f9761e2dec03fcebb4785d6110e5288554d5cfdd9f9,88fcc37626b242ba2751f475ada3090117847e04203daddbc9456f9d0e7e584d,,
jacobi_2d,dace_gpu,parallel,same_process,observed,0.01564208813942969,jacobi_2d,,6,3,bb0f1b25c2ede622f6875f9761e2dec03fcebb4785d6110e5288554d5cfdd9f9,88fcc37626b242ba2751f475ada3090117847e04203daddbc9456f9d0e7e584d,,
jacobi_2d,dace_gpu,auto_opt,same_process,observed,0.016838960582390428,jacobi_2d,,6,3,bb0f1b25c2ede622f6875f9761e2dec03fcebb4785d6110e5288554d5cfdd9f9,88fcc37626b242ba2751f475ada3090117847e04203daddbc9456f9d0e7e584d,,
jacobi_2d,cupy,default,same_process,observed,0.07298464654013515,jacobi_2d,,6,3,bb0f1b25c2ede622f6875f9761e2dec03fcebb4785d6110e5288554d5cfdd9f9,88fcc37626b242ba2751f475ada3090117847e04203daddbc9456f9d0e7e584d,,
k2mm,numpy,default,same_process,observed,2.2397228186018765,k2mm,,6,3,f489fedc570b7b5da546ee0999db718675f9a6e714d3093820decf3f58d34325,65b07e1d7f5fdc00459ebb8a02ae0881674135e9bd7f454489c2d204e291d7ea,,
k2mm,numba,nopython-mode,same_process,observed,2.2972591924481094,k2mm,,6,3,f489fedc570b7b5da546ee0999db718675f9a6e714d3093820decf3f58d34325,65b07e1d7f5fdc00459ebb8a02ae0881674135e9bd7f454489c2d204e291d7ea,,
k2mm,numba,nopython-mode-parallel,same_process,observed,2.096170983975753,k2mm,,6,3,f489fedc570b7b5da546ee0999db718675f9a6e714d3093820decf3f58d34325,65b07e1d7f5fdc00459ebb8a02ae0881674135e9bd7f454489c2d204e291d7ea,,
k2mm,numba,nopython-mode-parallel-range,same_process,N/A,,,,,,,,,
k2mm,numba,object-mode,same_process,N/A,,,,,,,,,
k2mm,numba,object-mode-parallel,same_process,N/A,,,,,,,,,
k2mm,numba,object-mode-parallel-range,same_process,N/A,,,,,,,,,
k2mm,dace_cpu,fusion,same_process,observed,2.605555043090135,k2mm,,6,3,f489fedc570b7b5da546ee0999db718675f9a6e714d3093820decf3f58d34325,65b07e1d7f5fdc00459ebb8a02ae0881674135e9bd7f454489c2d204e291d7ea,,
k2mm,dace_cpu,parallel,same_process,observed,2.736533680697903,k2mm,,6,3,f489fedc570b7b5da546ee0999db718675f9a6e714d3093820decf3f58d34325,65b07e1d7f5fdc00459ebb8a02ae0881674135e9bd7f454489c2d204e291d7ea,,
k2mm,dace_cpu,auto_opt,same_process,observed,1.964834839105606,k2mm,,6,3,f489fedc570b7b5da546ee0999db718675f9a6e714d3093820decf3f58d34325,65b07e1d7f5fdc00459ebb8a02ae0881674135e9bd7f454489c2d204e291d7ea,,
k2mm,dace_gpu,fusion,same_process,observed,0.3554316242225468,k2mm,,6,3,f489fedc570b7b5da546ee0999db718675f9a6e714d3093820decf3f58d34325,65b07e1d7f5fdc00459ebb8a02ae0881674135e9bd7f454489c2d204e291d7ea,,
k2mm,dace_gpu,parallel,same_process,observed,0.3665970009751618,k2mm,,6,3,f489fedc570b7b5da546ee0999db718675f9a6e714d3093820decf3f58d34325,65b07e1d7f5fdc00459ebb8a02ae0881674135e9bd7f454489c2d204e291d7ea,,
k2mm,dace_gpu,auto_opt,same_process,observed,0.3574635109398514,k2mm,,6,3,f489fedc570b7b5da546ee0999db718675f9a6e714d3093820decf3f58d34325,65b07e1d7f5fdc00459ebb8a02ae0881674135e9bd7f454489c2d204e291d7ea,,
k2mm,cupy,default,same_process,observed,0.2925242769997567,k2mm,,6,3,f489fedc570b7b5da546ee0999db718675f9a6e714d3093820decf3f58d34325,65b07e1d7f5fdc00459ebb8a02ae0881674135e9bd7f454489c2d204e291d7ea,,selected_process_variability
k3mm,numpy,default,same_process,observed,2.86692027351819,k3mm,,6,3,4e368169475a2a62e9d6b60f9f0f38731e82923b1a6bcbfe2a2be25f4a23617d,aad0bebb7814a2ecba71c57046d8003bc43cb0f8e9f62fa7a3c5da967acf1885,,
k3mm,numba,nopython-mode,same_process,observed,2.1361729183699936,k3mm,,6,3,4e368169475a2a62e9d6b60f9f0f38731e82923b1a6bcbfe2a2be25f4a23617d,aad0bebb7814a2ecba71c57046d8003bc43cb0f8e9f62fa7a3c5da967acf1885,,new_variability
k3mm,numba,nopython-mode-parallel,same_process,observed,2.115486938273534,k3mm,,6,3,4e368169475a2a62e9d6b60f9f0f38731e82923b1a6bcbfe2a2be25f4a23617d,aad0bebb7814a2ecba71c57046d8003bc43cb0f8e9f62fa7a3c5da967acf1885,,new_sampling_or_resources
k3mm,numba,nopython-mode-parallel-range,same_process,N/A,,,,,,,,,
k3mm,numba,object-mode,same_process,N/A,,,,,,,,,
k3mm,numba,object-mode-parallel,same_process,N/A,,,,,,,,,
k3mm,numba,object-mode-parallel-range,same_process,N/A,,,,,,,,,
k3mm,dace_cpu,fusion,same_process,observed,3.2638201899826527,k3mm,,6,3,4e368169475a2a62e9d6b60f9f0f38731e82923b1a6bcbfe2a2be25f4a23617d,aad0bebb7814a2ecba71c57046d8003bc43cb0f8e9f62fa7a3c5da967acf1885,,
k3mm,dace_cpu,parallel,same_process,observed,3.094224663451314,k3mm,,6,3,4e368169475a2a62e9d6b60f9f0f38731e82923b1a6bcbfe2a2be25f4a23617d,aad0bebb7814a2ecba71c57046d8003bc43cb0f8e9f62fa7a3c5da967acf1885,,
k3mm,dace_cpu,auto_opt,same_process,observed,2.462292714510113,k3mm,,6,3,4e368169475a2a62e9d6b60f9f0f38731e82923b1a6bcbfe2a2be25f4a23617d,aad0bebb7814a2ecba71c57046d8003bc43cb0f8e9f62fa7a3c5da967acf1885,,
k3mm,dace_gpu,fusion,same_process,observed,0.36045919614844024,k3mm,,6,3,4e368169475a2a62e9d6b60f9f0f38731e82923b1a6bcbfe2a2be25f4a23617d,aad0bebb7814a2ecba71c57046d8003bc43cb0f8e9f62fa7a3c5da967acf1885,,new_sampling_or_resources
k3mm,dace_gpu,parallel,same_process,observed,0.3800421725027263,k3mm,,6,3,4e368169475a2a62e9d6b60f9f0f38731e82923b1a6bcbfe2a2be25f4a23617d,aad0bebb7814a2ecba71c57046d8003bc43cb0f8e9f62fa7a3c5da967acf1885,,
k3mm,dace_gpu,auto_opt,same_process,observed,0.34726193989627063,k3mm,,6,3,4e368169475a2a62e9d6b60f9f0f38731e82923b1a6bcbfe2a2be25f4a23617d,aad0bebb7814a2ecba71c57046d8003bc43cb0f8e9f62fa7a3c5da967acf1885,,
k3mm,cupy,default,same_process,observed,0.2829012714792043,k3mm,,6,3,4e368169475a2a62e9d6b60f9f0f38731e82923b1a6bcbfe2a2be25f4a23617d,aad0bebb7814a2ecba71c57046d8003bc43cb0f8e9f62fa7a3c5da967acf1885,,
lenet,numpy,default,same_process,observed,1.2182183023542166,lenet,,6,3,c03e6ed4aa80ca847e538ab41f9b22060f454237935c67944c81ced7dd93a48b,914661bfde93da5c2e7b1ef256bf97775e395b5980f08a299cd8040e92c0b6ea,,
lenet,numba,nopython-mode,same_process,observed,0.9169190968386829,lenet,,6,3,c03e6ed4aa80ca847e538ab41f9b22060f454237935c67944c81ced7dd93a48b,914661bfde93da5c2e7b1ef256bf97775e395b5980f08a299cd8040e92c0b6ea,,selected_process_variability
lenet,numba,nopython-mode-parallel,same_process,observed,101.63346698344685,lenet,,6,3,c03e6ed4aa80ca847e538ab41f9b22060f454237935c67944c81ced7dd93a48b,914661bfde93da5c2e7b1ef256bf97775e395b5980f08a299cd8040e92c0b6ea,,
lenet,numba,nopython-mode-parallel-range,same_process,observed,0.15876444638706744,lenet,,6,3,c03e6ed4aa80ca847e538ab41f9b22060f454237935c67944c81ced7dd93a48b,914661bfde93da5c2e7b1ef256bf97775e395b5980f08a299cd8040e92c0b6ea,,new_sampling_or_resources;selected_process_variability
lenet,numba,object-mode,same_process,error,,lenet,,0,0,c03e6ed4aa80ca847e538ab41f9b22060f454237935c67944c81ced7dd93a48b,914661bfde93da5c2e7b1ef256bf97775e395b5980f08a299cd8040e92c0b6ea,,
lenet,numba,object-mode-parallel,same_process,error,,lenet,,0,0,c03e6ed4aa80ca847e538ab41f9b22060f454237935c67944c81ced7dd93a48b,914661bfde93da5c2e7b1ef256bf97775e395b5980f08a299cd8040e92c0b6ea,,
lenet,numba,object-mode-parallel-range,same_process,observed,1.2618085918948054,lenet,,6,3,c03e6ed4aa80ca847e538ab41f9b22060f454237935c67944c81ced7dd93a48b,914661bfde93da5c2e7b1ef256bf97775e395b5980f08a299cd8040e92c0b6ea,,selected_process_variability
lenet,dace_cpu,fusion,same_process,observed,3.6376786704640836,lenet,,6,3,c03e6ed4aa80ca847e538ab41f9b22060f454237935c67944c81ced7dd93a48b,914661bfde93da5c2e7b1ef256bf97775e395b5980f08a299cd8040e92c0b6ea,,selected_process_variability
lenet,dace_cpu,parallel,same_process,observed,2.859926600707695,lenet,,6,3,c03e6ed4aa80ca847e538ab41f9b22060f454237935c67944c81ced7dd93a48b,914661bfde93da5c2e7b1ef256bf97775e395b5980f08a299cd8040e92c0b6ea,,selected_process_variability
lenet,dace_cpu,auto_opt,same_process,observed,2.897839713143185,lenet,,6,3,c03e6ed4aa80ca847e538ab41f9b22060f454237935c67944c81ced7dd93a48b,914661bfde93da5c2e7b1ef256bf97775e395b5980f08a299cd8040e92c0b6ea,,selected_process_variability
lenet,dace_gpu,fusion,same_process,error,,lenet,,0,0,c03e6ed4aa80ca847e538ab41f9b22060f454237935c67944c81ced7dd93a48b,914661bfde93da5c2e7b1ef256bf97775e395b5980f08a299cd8040e92c0b6ea,,
lenet,dace_gpu,parallel,same_process,terminated,,lenet,,0,0,c03e6ed4aa80ca847e538ab41f9b22060f454237935c67944c81ced7dd93a48b,914661bfde93da5c2e7b1ef256bf97775e395b5980f08a299cd8040e92c0b6ea,,
lenet,dace_gpu,auto_opt,same_process,terminated,,lenet,,0,0,c03e6ed4aa80ca847e538ab41f9b22060f454237935c67944c81ced7dd93a48b,914661bfde93da5c2e7b1ef256bf97775e395b5980f08a299cd8040e92c0b6ea,,
lenet,cupy,default,same_process,observed,3.2563677108846605,lenet,,6,3,c03e6ed4aa80ca847e538ab41f9b22060f454237935c67944c81ced7dd93a48b,914661bfde93da5c2e7b1ef256bf97775e395b5980f08a299cd8040e92c0b6ea,,new_variability
lu,numpy,default,same_process,observed,1.3540685609914362,lu,,6,3,a94cc969fb7abca21f73c7702df3d7b5782724193307a4c14a3543791e733d27,9ac2f818703fa8aa1a82579828bb4b9f516a133a9d2de36086ba8af196680084,,
lu,numba,nopython-mode,same_process,observed,0.20153564517386258,lu,,6,3,a94cc969fb7abca21f73c7702df3d7b5782724193307a4c14a3543791e733d27,9ac2f818703fa8aa1a82579828bb4b9f516a133a9d2de36086ba8af196680084,,selected_process_variability
lu,numba,nopython-mode-parallel,same_process,observed,1.3518907688558102,lu,,6,3,a94cc969fb7abca21f73c7702df3d7b5782724193307a4c14a3543791e733d27,9ac2f818703fa8aa1a82579828bb4b9f516a133a9d2de36086ba8af196680084,,
lu,numba,nopython-mode-parallel-range,same_process,N/A,,,,,,,,,
lu,numba,object-mode,same_process,N/A,,,,,,,,,
lu,numba,object-mode-parallel,same_process,N/A,,,,,,,,,
lu,numba,object-mode-parallel-range,same_process,N/A,,,,,,,,,
lu,dace_cpu,fusion,same_process,observed,0.12584709911607206,lu,,6,3,a94cc969fb7abca21f73c7702df3d7b5782724193307a4c14a3543791e733d27,9ac2f818703fa8aa1a82579828bb4b9f516a133a9d2de36086ba8af196680084,,selected_process_variability
lu,dace_cpu,parallel,same_process,observed,0.13520526723004878,lu,,6,3,a94cc969fb7abca21f73c7702df3d7b5782724193307a4c14a3543791e733d27,9ac2f818703fa8aa1a82579828bb4b9f516a133a9d2de36086ba8af196680084,,
lu,dace_cpu,auto_opt,same_process,observed,0.11736164707690477,lu,,6,3,a94cc969fb7abca21f73c7702df3d7b5782724193307a4c14a3543791e733d27,9ac2f818703fa8aa1a82579828bb4b9f516a133a9d2de36086ba8af196680084,,
lu,dace_gpu,fusion,same_process,observed,10.01011735224165,lu,,6,3,a94cc969fb7abca21f73c7702df3d7b5782724193307a4c14a3543791e733d27,9ac2f818703fa8aa1a82579828bb4b9f516a133a9d2de36086ba8af196680084,,
lu,dace_gpu,parallel,same_process,observed,10.22869718587026,lu,,6,3,a94cc969fb7abca21f73c7702df3d7b5782724193307a4c14a3543791e733d27,9ac2f818703fa8aa1a82579828bb4b9f516a133a9d2de36086ba8af196680084,,
lu,dace_gpu,auto_opt,same_process,observed,5.6734269629232585,lu,,6,3,a94cc969fb7abca21f73c7702df3d7b5782724193307a4c14a3543791e733d27,9ac2f818703fa8aa1a82579828bb4b9f516a133a9d2de36086ba8af196680084,,
lu,cupy,default,same_process,observed,42.819278506794944,lu,,6,3,a94cc969fb7abca21f73c7702df3d7b5782724193307a4c14a3543791e733d27,9ac2f818703fa8aa1a82579828bb4b9f516a133a9d2de36086ba8af196680084,,
ludcmp,numpy,default,same_process,observed,1.2345590563490987,ludcmp,,6,3,08caec57fa049fbfa751e34e1064de164ddf556d58ef07942503bdb64d23c766,55b9887d27df7b3dc3b8b2e1875facca1a285d1891e4df442fdd18cc865cc7b0,,
ludcmp,numba,nopython-mode,same_process,observed,0.15901526738889515,ludcmp,,6,3,08caec57fa049fbfa751e34e1064de164ddf556d58ef07942503bdb64d23c766,55b9887d27df7b3dc3b8b2e1875facca1a285d1891e4df442fdd18cc865cc7b0,,selected_process_variability
ludcmp,numba,nopython-mode-parallel,same_process,observed,0.16087987483479083,ludcmp,,6,3,08caec57fa049fbfa751e34e1064de164ddf556d58ef07942503bdb64d23c766,55b9887d27df7b3dc3b8b2e1875facca1a285d1891e4df442fdd18cc865cc7b0,,
ludcmp,numba,nopython-mode-parallel-range,same_process,N/A,,,,,,,,,
ludcmp,numba,object-mode,same_process,N/A,,,,,,,,,
ludcmp,numba,object-mode-parallel,same_process,N/A,,,,,,,,,
ludcmp,numba,object-mode-parallel-range,same_process,N/A,,,,,,,,,
ludcmp,dace_cpu,fusion,same_process,observed,0.11045165965333581,ludcmp,,6,3,08caec57fa049fbfa751e34e1064de164ddf556d58ef07942503bdb64d23c766,55b9887d27df7b3dc3b8b2e1875facca1a285d1891e4df442fdd18cc865cc7b0,,new_variability;selected_process_variability
ludcmp,dace_cpu,parallel,same_process,observed,0.11980764498002827,ludcmp,,6,3,08caec57fa049fbfa751e34e1064de164ddf556d58ef07942503bdb64d23c766,55b9887d27df7b3dc3b8b2e1875facca1a285d1891e4df442fdd18cc865cc7b0,,
ludcmp,dace_cpu,auto_opt,same_process,observed,0.11364304670132697,ludcmp,,6,3,08caec57fa049fbfa751e34e1064de164ddf556d58ef07942503bdb64d23c766,55b9887d27df7b3dc3b8b2e1875facca1a285d1891e4df442fdd18cc865cc7b0,,selected_process_variability
ludcmp,dace_gpu,fusion,same_process,observed,9.986627837875858,ludcmp,,6,3,08caec57fa049fbfa751e34e1064de164ddf556d58ef07942503bdb64d23c766,55b9887d27df7b3dc3b8b2e1875facca1a285d1891e4df442fdd18cc865cc7b0,,
ludcmp,dace_gpu,parallel,same_process,observed,9.92292849207297,ludcmp,,6,3,08caec57fa049fbfa751e34e1064de164ddf556d58ef07942503bdb64d23c766,55b9887d27df7b3dc3b8b2e1875facca1a285d1891e4df442fdd18cc865cc7b0,,
ludcmp,dace_gpu,auto_opt,same_process,observed,7.6369855012744665,ludcmp,,6,3,08caec57fa049fbfa751e34e1064de164ddf556d58ef07942503bdb64d23c766,55b9887d27df7b3dc3b8b2e1875facca1a285d1891e4df442fdd18cc865cc7b0,,
ludcmp,cupy,default,same_process,observed,36.87460986850783,ludcmp,,6,3,08caec57fa049fbfa751e34e1064de164ddf556d58ef07942503bdb64d23c766,55b9887d27df7b3dc3b8b2e1875facca1a285d1891e4df442fdd18cc865cc7b0,,
mandelbrot1,numpy,default,same_process,observed,0.8551856144331396,mandelbrot1,,6,3,7ec93ae18ee3844a817e6cc0a79455bc5862c76f047319aefde16f510ddde641,498529c7a9dcc40ab333461ec82b7c16a88eb9014a98ba9ee2910dd66fb9e062,,selected_process_variability
mandelbrot1,numba,nopython-mode,same_process,validation,,mandelbrot1,,0,0,7ec93ae18ee3844a817e6cc0a79455bc5862c76f047319aefde16f510ddde641,498529c7a9dcc40ab333461ec82b7c16a88eb9014a98ba9ee2910dd66fb9e062,,
mandelbrot1,numba,nopython-mode-parallel,same_process,validation,,mandelbrot1,,0,0,7ec93ae18ee3844a817e6cc0a79455bc5862c76f047319aefde16f510ddde641,498529c7a9dcc40ab333461ec82b7c16a88eb9014a98ba9ee2910dd66fb9e062,,
mandelbrot1,numba,nopython-mode-parallel-range,same_process,validation,,mandelbrot1,,0,0,7ec93ae18ee3844a817e6cc0a79455bc5862c76f047319aefde16f510ddde641,498529c7a9dcc40ab333461ec82b7c16a88eb9014a98ba9ee2910dd66fb9e062,,
mandelbrot1,numba,object-mode,same_process,observed,0.790613641962409,mandelbrot1,,2,1,7ec93ae18ee3844a817e6cc0a79455bc5862c76f047319aefde16f510ddde641,498529c7a9dcc40ab333461ec82b7c16a88eb9014a98ba9ee2910dd66fb9e062,,original_process_only
mandelbrot1,numba,object-mode-parallel,same_process,observed,0.7909119287505746,mandelbrot1,,2,1,7ec93ae18ee3844a817e6cc0a79455bc5862c76f047319aefde16f510ddde641,498529c7a9dcc40ab333461ec82b7c16a88eb9014a98ba9ee2910dd66fb9e062,,original_process_only
mandelbrot1,numba,object-mode-parallel-range,same_process,N/A,,,,,,,,,
mandelbrot1,dace_cpu,fusion,same_process,validation,,mandelbrot1,,0,0,7ec93ae18ee3844a817e6cc0a79455bc5862c76f047319aefde16f510ddde641,498529c7a9dcc40ab333461ec82b7c16a88eb9014a98ba9ee2910dd66fb9e062,,
mandelbrot1,dace_cpu,parallel,same_process,validation,,mandelbrot1,,0,0,7ec93ae18ee3844a817e6cc0a79455bc5862c76f047319aefde16f510ddde641,498529c7a9dcc40ab333461ec82b7c16a88eb9014a98ba9ee2910dd66fb9e062,,
mandelbrot1,dace_cpu,auto_opt,same_process,validation,,mandelbrot1,,0,0,7ec93ae18ee3844a817e6cc0a79455bc5862c76f047319aefde16f510ddde641,498529c7a9dcc40ab333461ec82b7c16a88eb9014a98ba9ee2910dd66fb9e062,,
mandelbrot1,dace_gpu,fusion,same_process,validation,,mandelbrot1,,0,0,7ec93ae18ee3844a817e6cc0a79455bc5862c76f047319aefde16f510ddde641,498529c7a9dcc40ab333461ec82b7c16a88eb9014a98ba9ee2910dd66fb9e062,,
mandelbrot1,dace_gpu,parallel,same_process,validation,,mandelbrot1,,0,0,7ec93ae18ee3844a817e6cc0a79455bc5862c76f047319aefde16f510ddde641,498529c7a9dcc40ab333461ec82b7c16a88eb9014a98ba9ee2910dd66fb9e062,,
mandelbrot1,dace_gpu,auto_opt,same_process,validation,,mandelbrot1,,0,0,7ec93ae18ee3844a817e6cc0a79455bc5862c76f047319aefde16f510ddde641,498529c7a9dcc40ab333461ec82b7c16a88eb9014a98ba9ee2910dd66fb9e062,,
mandelbrot1,cupy,default,same_process,validation,,mandelbrot1,,0,0,7ec93ae18ee3844a817e6cc0a79455bc5862c76f047319aefde16f510ddde641,498529c7a9dcc40ab333461ec82b7c16a88eb9014a98ba9ee2910dd66fb9e062,,
mandelbrot2,numpy,default,same_process,observed,0.38979549845680594,mandelbrot2,,6,3,7fb4071f3c8e581537c1201436e2e0f64673e094a239bc776fcd1d6c96095d69,e953c506eaf95aed1da28b70ad9b9cbb5c4d6ed77213ce344c94cdacbc5b6ae1,,
mandelbrot2,numba,nopython-mode,same_process,observed,0.6382031899411231,mandelbrot2,,6,3,7fb4071f3c8e581537c1201436e2e0f64673e094a239bc776fcd1d6c96095d69,e953c506eaf95aed1da28b70ad9b9cbb5c4d6ed77213ce344c94cdacbc5b6ae1,,
mandelbrot2,numba,nopython-mode-parallel,same_process,N/A,,,,,,,,,
mandelbrot2,numba,nopython-mode-parallel-range,same_process,N/A,,,,,,,,,
mandelbrot2,numba,object-mode,same_process,observed,0.4049688365776092,mandelbrot2,,2,1,7fb4071f3c8e581537c1201436e2e0f64673e094a239bc776fcd1d6c96095d69,e953c506eaf95aed1da28b70ad9b9cbb5c4d6ed77213ce344c94cdacbc5b6ae1,,original_process_only
mandelbrot2,numba,object-mode-parallel,same_process,observed,0.35751354740932584,mandelbrot2,,2,1,7fb4071f3c8e581537c1201436e2e0f64673e094a239bc776fcd1d6c96095d69,e953c506eaf95aed1da28b70ad9b9cbb5c4d6ed77213ce344c94cdacbc5b6ae1,,original_process_only
mandelbrot2,numba,object-mode-parallel-range,same_process,N/A,,,,,,,,,
mandelbrot2,dace_cpu,fusion,same_process,error,,mandelbrot2,,0,0,7fb4071f3c8e581537c1201436e2e0f64673e094a239bc776fcd1d6c96095d69,e953c506eaf95aed1da28b70ad9b9cbb5c4d6ed77213ce344c94cdacbc5b6ae1,,
mandelbrot2,dace_cpu,parallel,same_process,error,,mandelbrot2,,0,0,7fb4071f3c8e581537c1201436e2e0f64673e094a239bc776fcd1d6c96095d69,e953c506eaf95aed1da28b70ad9b9cbb5c4d6ed77213ce344c94cdacbc5b6ae1,,
mandelbrot2,dace_cpu,auto_opt,same_process,error,,mandelbrot2,,0,0,7fb4071f3c8e581537c1201436e2e0f64673e094a239bc776fcd1d6c96095d69,e953c506eaf95aed1da28b70ad9b9cbb5c4d6ed77213ce344c94cdacbc5b6ae1,,
mandelbrot2,dace_gpu,fusion,same_process,error,,mandelbrot2,,0,0,7fb4071f3c8e581537c1201436e2e0f64673e094a239bc776fcd1d6c96095d69,e953c506eaf95aed1da28b70ad9b9cbb5c4d6ed77213ce344c94cdacbc5b6ae1,,
mandelbrot2,dace_gpu,parallel,same_process,error,,mandelbrot2,,0,0,7fb4071f3c8e581537c1201436e2e0f64673e094a239bc776fcd1d6c96095d69,e953c506eaf95aed1da28b70ad9b9cbb5c4d6ed77213ce344c94cdacbc5b6ae1,,
mandelbrot2,dace_gpu,auto_opt,same_process,error,,mandelbrot2,,0,0,7fb4071f3c8e581537c1201436e2e0f64673e094a239bc776fcd1d6c96095d69,e953c506eaf95aed1da28b70ad9b9cbb5c4d6ed77213ce344c94cdacbc5b6ae1,,
mandelbrot2,cupy,default,same_process,observed,0.2201357155572623,mandelbrot2,,6,3,7fb4071f3c8e581537c1201436e2e0f64673e094a239bc776fcd1d6c96095d69,e953c506eaf95aed1da28b70ad9b9cbb5c4d6ed77213ce344c94cdacbc5b6ae1,,selected_process_variability
mlp,numpy,default,same_process,observed,0.32239801599644125,mlp,,6,3,5a57834b626ad11a97469e2ed2472df251c3e8ff143b8d8d463672e399d900be,87c94f9c003ff974cd198163ffe2fd3948bacd6ba11c6c91faa770e7bcee04e9,,
mlp,numba,nopython-mode,same_process,observed,0.2898677203338593,mlp_rowmax,,6,3,5a57834b626ad11a97469e2ed2472df251c3e8ff143b8d8d463672e399d900be,87c94f9c003ff974cd198163ffe2fd3948bacd6ba11c6c91faa770e7bcee04e9,,
mlp,numba,nopython-mode-parallel,same_process,observed,0.6028787628747523,mlp_rowmax,,6,3,5a57834b626ad11a97469e2ed2472df251c3e8ff143b8d8d463672e399d900be,87c94f9c003ff974cd198163ffe2fd3948bacd6ba11c6c91faa770e7bcee04e9,,between_process_variability;within_process_variability
mlp,numba,nopython-mode-parallel-range,same_process,observed,0.5543483160436153,mlp_rowmax,,6,3,5a57834b626ad11a97469e2ed2472df251c3e8ff143b8d8d463672e399d900be,87c94f9c003ff974cd198163ffe2fd3948bacd6ba11c6c91faa770e7bcee04e9,,
mlp,numba,object-mode,same_process,observed,0.30383958411403,mlp,,6,3,5a57834b626ad11a97469e2ed2472df251c3e8ff143b8d8d463672e399d900be,87c94f9c003ff974cd198163ffe2fd3948bacd6ba11c6c91faa770e7bcee04e9,,new_sampling_or_resources;selected_process_variability
mlp,numba,object-mode-parallel,same_process,observed,0.3099710780661553,mlp,,6,3,5a57834b626ad11a97469e2ed2472df251c3e8ff143b8d8d463672e399d900be,87c94f9c003ff974cd198163ffe2fd3948bacd6ba11c6c91faa770e7bcee04e9,,new_sampling_or_resources;selected_process_variability
mlp,numba,object-mode-parallel-range,same_process,N/A,,,,,,,,,
mlp,dace_cpu,fusion,same_process,observed,0.6509321739431471,mlp,,6,3,5a57834b626ad11a97469e2ed2472df251c3e8ff143b8d8d463672e399d900be,87c94f9c003ff974cd198163ffe2fd3948bacd6ba11c6c91faa770e7bcee04e9,,selected_process_variability
mlp,dace_cpu,parallel,same_process,observed,0.6817352951038629,mlp,,6,3,5a57834b626ad11a97469e2ed2472df251c3e8ff143b8d8d463672e399d900be,87c94f9c003ff974cd198163ffe2fd3948bacd6ba11c6c91faa770e7bcee04e9,,selected_process_variability
mlp,dace_cpu,auto_opt,same_process,observed,0.798270229017362,mlp,,6,3,5a57834b626ad11a97469e2ed2472df251c3e8ff143b8d8d463672e399d900be,87c94f9c003ff974cd198163ffe2fd3948bacd6ba11c6c91faa770e7bcee04e9,,selected_process_variability
mlp,dace_gpu,fusion,same_process,observed,1.1805299909319729,mlp,,6,3,5a57834b626ad11a97469e2ed2472df251c3e8ff143b8d8d463672e399d900be,87c94f9c003ff974cd198163ffe2fd3948bacd6ba11c6c91faa770e7bcee04e9,,
mlp,dace_gpu,parallel,same_process,observed,1.3113123662769794,mlp,,6,3,5a57834b626ad11a97469e2ed2472df251c3e8ff143b8d8d463672e399d900be,87c94f9c003ff974cd198163ffe2fd3948bacd6ba11c6c91faa770e7bcee04e9,,selected_process_variability
mlp,dace_gpu,auto_opt,same_process,observed,1.104638103628531,mlp,,6,3,5a57834b626ad11a97469e2ed2472df251c3e8ff143b8d8d463672e399d900be,87c94f9c003ff974cd198163ffe2fd3948bacd6ba11c6c91faa770e7bcee04e9,,selected_process_variability
mlp,cupy,default,same_process,observed,0.9590089966077358,mlp,,6,3,5a57834b626ad11a97469e2ed2472df251c3e8ff143b8d8d463672e399d900be,87c94f9c003ff974cd198163ffe2fd3948bacd6ba11c6c91faa770e7bcee04e9,,selected_process_variability
mvt,numpy,default,same_process,observed,0.15428771008737385,mvt,,6,3,6d38d7a7e4ccc0cd21261ff27458bbfec43022e90858441b148c763f459bdc05,31a7a541d3eb3d99e166c80b243812e6678c96f5f504254d1acff781fbc1da55,,
mvt,numba,nopython-mode,same_process,observed,0.1534636728465557,mvt,,6,3,6d38d7a7e4ccc0cd21261ff27458bbfec43022e90858441b148c763f459bdc05,31a7a541d3eb3d99e166c80b243812e6678c96f5f504254d1acff781fbc1da55,,new_sampling_or_resources
mvt,numba,nopython-mode-parallel,same_process,observed,0.14309522765688598,mvt,,6,3,6d38d7a7e4ccc0cd21261ff27458bbfec43022e90858441b148c763f459bdc05,31a7a541d3eb3d99e166c80b243812e6678c96f5f504254d1acff781fbc1da55,,selected_process_variability
mvt,numba,nopython-mode-parallel-range,same_process,N/A,,,,,,,,,
mvt,numba,object-mode,same_process,N/A,,,,,,,,,
mvt,numba,object-mode-parallel,same_process,N/A,,,,,,,,,
mvt,numba,object-mode-parallel-range,same_process,N/A,,,,,,,,,
mvt,dace_cpu,fusion,same_process,observed,0.22939296253025532,mvt,,6,3,6d38d7a7e4ccc0cd21261ff27458bbfec43022e90858441b148c763f459bdc05,31a7a541d3eb3d99e166c80b243812e6678c96f5f504254d1acff781fbc1da55,,
mvt,dace_cpu,parallel,same_process,observed,0.22789105656556785,mvt,,6,3,6d38d7a7e4ccc0cd21261ff27458bbfec43022e90858441b148c763f459bdc05,31a7a541d3eb3d99e166c80b243812e6678c96f5f504254d1acff781fbc1da55,,
mvt,dace_cpu,auto_opt,same_process,observed,0.2086546840146184,mvt,,6,3,6d38d7a7e4ccc0cd21261ff27458bbfec43022e90858441b148c763f459bdc05,31a7a541d3eb3d99e166c80b243812e6678c96f5f504254d1acff781fbc1da55,,
mvt,dace_gpu,fusion,same_process,observed,0.5395575670991093,mvt,,6,3,6d38d7a7e4ccc0cd21261ff27458bbfec43022e90858441b148c763f459bdc05,31a7a541d3eb3d99e166c80b243812e6678c96f5f504254d1acff781fbc1da55,,
mvt,dace_gpu,parallel,same_process,observed,0.539179464103654,mvt,,6,3,6d38d7a7e4ccc0cd21261ff27458bbfec43022e90858441b148c763f459bdc05,31a7a541d3eb3d99e166c80b243812e6678c96f5f504254d1acff781fbc1da55,,
mvt,dace_gpu,auto_opt,same_process,observed,0.5443190427031368,mvt,,6,3,6d38d7a7e4ccc0cd21261ff27458bbfec43022e90858441b148c763f459bdc05,31a7a541d3eb3d99e166c80b243812e6678c96f5f504254d1acff781fbc1da55,,selected_process_variability
mvt,cupy,default,same_process,observed,0.5285316414665431,mvt,,6,3,6d38d7a7e4ccc0cd21261ff27458bbfec43022e90858441b148c763f459bdc05,31a7a541d3eb3d99e166c80b243812e6678c96f5f504254d1acff781fbc1da55,,
nbody,numpy,default,same_process,validation,,nbody,,0,0,eb19dd29eced1356f5981ddd1d68235062b1cd0e3e730e4069acc2a4f30a6512,369f565b2cc3f4d1e7431a758f71f09b2fb5270f7b56b9b6b5de37373d88c636,,
nbody,numba,nopython-mode,same_process,validation,,nbody,,0,0,eb19dd29eced1356f5981ddd1d68235062b1cd0e3e730e4069acc2a4f30a6512,369f565b2cc3f4d1e7431a758f71f09b2fb5270f7b56b9b6b5de37373d88c636,,
nbody,numba,nopython-mode-parallel,same_process,N/A,,,,,,,,,
nbody,numba,nopython-mode-parallel-range,same_process,N/A,,,,,,,,,
nbody,numba,object-mode,same_process,validation,,nbody,,0,0,eb19dd29eced1356f5981ddd1d68235062b1cd0e3e730e4069acc2a4f30a6512,369f565b2cc3f4d1e7431a758f71f09b2fb5270f7b56b9b6b5de37373d88c636,,
nbody,numba,object-mode-parallel,same_process,validation,,nbody,,0,0,eb19dd29eced1356f5981ddd1d68235062b1cd0e3e730e4069acc2a4f30a6512,369f565b2cc3f4d1e7431a758f71f09b2fb5270f7b56b9b6b5de37373d88c636,,
nbody,numba,object-mode-parallel-range,same_process,N/A,,,,,,,,,
nbody,dace_cpu,fusion,same_process,validation,,nbody,,0,0,eb19dd29eced1356f5981ddd1d68235062b1cd0e3e730e4069acc2a4f30a6512,369f565b2cc3f4d1e7431a758f71f09b2fb5270f7b56b9b6b5de37373d88c636,,
nbody,dace_cpu,parallel,same_process,validation,,nbody,,0,0,eb19dd29eced1356f5981ddd1d68235062b1cd0e3e730e4069acc2a4f30a6512,369f565b2cc3f4d1e7431a758f71f09b2fb5270f7b56b9b6b5de37373d88c636,,
nbody,dace_cpu,auto_opt,same_process,validation,,nbody,,0,0,eb19dd29eced1356f5981ddd1d68235062b1cd0e3e730e4069acc2a4f30a6512,369f565b2cc3f4d1e7431a758f71f09b2fb5270f7b56b9b6b5de37373d88c636,,
nbody,dace_gpu,fusion,same_process,validation,,nbody,,0,0,eb19dd29eced1356f5981ddd1d68235062b1cd0e3e730e4069acc2a4f30a6512,369f565b2cc3f4d1e7431a758f71f09b2fb5270f7b56b9b6b5de37373d88c636,,
nbody,dace_gpu,parallel,same_process,validation,,nbody,,0,0,eb19dd29eced1356f5981ddd1d68235062b1cd0e3e730e4069acc2a4f30a6512,369f565b2cc3f4d1e7431a758f71f09b2fb5270f7b56b9b6b5de37373d88c636,,
nbody,dace_gpu,auto_opt,same_process,validation,,nbody,,0,0,eb19dd29eced1356f5981ddd1d68235062b1cd0e3e730e4069acc2a4f30a6512,369f565b2cc3f4d1e7431a758f71f09b2fb5270f7b56b9b6b5de37373d88c636,,
nbody,cupy,default,same_process,validation,,nbody,,0,0,eb19dd29eced1356f5981ddd1d68235062b1cd0e3e730e4069acc2a4f30a6512,369f565b2cc3f4d1e7431a758f71f09b2fb5270f7b56b9b6b5de37373d88c636,,
nussinov,numpy,default,same_process,observed,1.1728499236050993,nussinov,,6,3,7de19d1b6c54c559477765ce530898d3c0e580b07d787f443f19ff85acf43418,05b880e157b9ee387cb9be1fa3b10e2f4efe7bed764c6b129b8b31ad87b8df2a,,
nussinov,numba,nopython-mode,same_process,observed,0.002775998553261161,nussinov,,6,3,7de19d1b6c54c559477765ce530898d3c0e580b07d787f443f19ff85acf43418,05b880e157b9ee387cb9be1fa3b10e2f4efe7bed764c6b129b8b31ad87b8df2a,,
nussinov,numba,nopython-mode-parallel,same_process,observed,0.005048967199400067,nussinov,,6,3,7de19d1b6c54c559477765ce530898d3c0e580b07d787f443f19ff85acf43418,05b880e157b9ee387cb9be1fa3b10e2f4efe7bed764c6b129b8b31ad87b8df2a,,selected_process_variability
nussinov,numba,nopython-mode-parallel-range,same_process,N/A,,,,,,,,,
nussinov,numba,object-mode,same_process,N/A,,,,,,,,,
nussinov,numba,object-mode-parallel,same_process,N/A,,,,,,,,,
nussinov,numba,object-mode-parallel-range,same_process,N/A,,,,,,,,,
nussinov,dace_cpu,fusion,same_process,observed,0.00986722088418901,nussinov,,6,3,7de19d1b6c54c559477765ce530898d3c0e580b07d787f443f19ff85acf43418,05b880e157b9ee387cb9be1fa3b10e2f4efe7bed764c6b129b8b31ad87b8df2a,,selected_process_variability
nussinov,dace_cpu,parallel,same_process,observed,0.008881215704604983,nussinov,,6,3,7de19d1b6c54c559477765ce530898d3c0e580b07d787f443f19ff85acf43418,05b880e157b9ee387cb9be1fa3b10e2f4efe7bed764c6b129b8b31ad87b8df2a,,selected_process_variability
nussinov,dace_cpu,auto_opt,same_process,observed,0.009372076485306025,nussinov,,6,3,7de19d1b6c54c559477765ce530898d3c0e580b07d787f443f19ff85acf43418,05b880e157b9ee387cb9be1fa3b10e2f4efe7bed764c6b129b8b31ad87b8df2a,,selected_process_variability
nussinov,dace_gpu,fusion,same_process,observed,50.56568382168189,nussinov,,6,3,7de19d1b6c54c559477765ce530898d3c0e580b07d787f443f19ff85acf43418,05b880e157b9ee387cb9be1fa3b10e2f4efe7bed764c6b129b8b31ad87b8df2a,,
nussinov,dace_gpu,parallel,same_process,observed,50.27788714435883,nussinov,,6,3,7de19d1b6c54c559477765ce530898d3c0e580b07d787f443f19ff85acf43418,05b880e157b9ee387cb9be1fa3b10e2f4efe7bed764c6b129b8b31ad87b8df2a,,
nussinov,dace_gpu,auto_opt,same_process,observed,51.777795795118436,nussinov,,6,3,7de19d1b6c54c559477765ce530898d3c0e580b07d787f443f19ff85acf43418,05b880e157b9ee387cb9be1fa3b10e2f4efe7bed764c6b129b8b31ad87b8df2a,,selected_process_variability
nussinov,cupy,default,same_process,observed,82.69617036706768,nussinov,,6,3,7de19d1b6c54c559477765ce530898d3c0e580b07d787f443f19ff85acf43418,05b880e157b9ee387cb9be1fa3b10e2f4efe7bed764c6b129b8b31ad87b8df2a,,
resnet,numpy,default,same_process,observed,1.1987555546220392,resnet,,6,3,9c64e5659fe9a99f38dfdee95f8c4b5ec1e0daa0e4544948c4f88bb50e6edbfa,070b0fcd2b4f101302a58108dce79a6ea1d6fdbdf9be753fec768d1818ea7464,,
resnet,numba,nopython-mode,same_process,validation,,resnet,,0,0,9c64e5659fe9a99f38dfdee95f8c4b5ec1e0daa0e4544948c4f88bb50e6edbfa,070b0fcd2b4f101302a58108dce79a6ea1d6fdbdf9be753fec768d1818ea7464,,
resnet,numba,nopython-mode-parallel,same_process,validation,,resnet,,0,0,9c64e5659fe9a99f38dfdee95f8c4b5ec1e0daa0e4544948c4f88bb50e6edbfa,070b0fcd2b4f101302a58108dce79a6ea1d6fdbdf9be753fec768d1818ea7464,,
resnet,numba,nopython-mode-parallel-range,same_process,validation,,resnet,,0,0,9c64e5659fe9a99f38dfdee95f8c4b5ec1e0daa0e4544948c4f88bb50e6edbfa,070b0fcd2b4f101302a58108dce79a6ea1d6fdbdf9be753fec768d1818ea7464,,
resnet,numba,object-mode,same_process,error,,resnet,,0,0,9c64e5659fe9a99f38dfdee95f8c4b5ec1e0daa0e4544948c4f88bb50e6edbfa,070b0fcd2b4f101302a58108dce79a6ea1d6fdbdf9be753fec768d1818ea7464,,
resnet,numba,object-mode-parallel,same_process,error,,resnet,,0,0,9c64e5659fe9a99f38dfdee95f8c4b5ec1e0daa0e4544948c4f88bb50e6edbfa,070b0fcd2b4f101302a58108dce79a6ea1d6fdbdf9be753fec768d1818ea7464,,
resnet,numba,object-mode-parallel-range,same_process,observed,1.1909286796581,resnet,,6,3,9c64e5659fe9a99f38dfdee95f8c4b5ec1e0daa0e4544948c4f88bb50e6edbfa,070b0fcd2b4f101302a58108dce79a6ea1d6fdbdf9be753fec768d1818ea7464,,
resnet,dace_cpu,fusion,same_process,observed,2.0745546522084624,resnet,,6,3,9c64e5659fe9a99f38dfdee95f8c4b5ec1e0daa0e4544948c4f88bb50e6edbfa,070b0fcd2b4f101302a58108dce79a6ea1d6fdbdf9be753fec768d1818ea7464,,selected_process_variability
resnet,dace_cpu,parallel,same_process,observed,0.9158033556304872,resnet,,6,3,9c64e5659fe9a99f38dfdee95f8c4b5ec1e0daa0e4544948c4f88bb50e6edbfa,070b0fcd2b4f101302a58108dce79a6ea1d6fdbdf9be753fec768d1818ea7464,,selected_process_variability
resnet,dace_cpu,auto_opt,same_process,observed,0.768561563687399,resnet,,6,3,9c64e5659fe9a99f38dfdee95f8c4b5ec1e0daa0e4544948c4f88bb50e6edbfa,070b0fcd2b4f101302a58108dce79a6ea1d6fdbdf9be753fec768d1818ea7464,,new_variability;selected_process_variability
resnet,dace_gpu,fusion,same_process,validation,,resnet,,0,0,9c64e5659fe9a99f38dfdee95f8c4b5ec1e0daa0e4544948c4f88bb50e6edbfa,070b0fcd2b4f101302a58108dce79a6ea1d6fdbdf9be753fec768d1818ea7464,,
resnet,dace_gpu,parallel,same_process,error,,resnet,,0,0,9c64e5659fe9a99f38dfdee95f8c4b5ec1e0daa0e4544948c4f88bb50e6edbfa,070b0fcd2b4f101302a58108dce79a6ea1d6fdbdf9be753fec768d1818ea7464,,
resnet,dace_gpu,auto_opt,same_process,error,,resnet,,0,0,9c64e5659fe9a99f38dfdee95f8c4b5ec1e0daa0e4544948c4f88bb50e6edbfa,070b0fcd2b4f101302a58108dce79a6ea1d6fdbdf9be753fec768d1818ea7464,,
resnet,cupy,default,same_process,observed,1.1502233606297523,resnet,,6,3,9c64e5659fe9a99f38dfdee95f8c4b5ec1e0daa0e4544948c4f88bb50e6edbfa,070b0fcd2b4f101302a58108dce79a6ea1d6fdbdf9be753fec768d1818ea7464,,
scattering_self_energies,numpy,default,same_process,observed,1.0273800145369023,scattering_self_energies,,6,3,dfe8b7a530913f54e6164d2f20cb5a63e6c95544a680629acde629144cff7caa,f7d4f3c7d50b72880addf25da02f47a077e25e5f288758e484adcbc85a181974,,selected_process_variability
scattering_self_energies,numba,nopython-mode,same_process,observed,0.09325084020383656,scattering_self_energies,,6,3,dfe8b7a530913f54e6164d2f20cb5a63e6c95544a680629acde629144cff7caa,f7d4f3c7d50b72880addf25da02f47a077e25e5f288758e484adcbc85a181974,,
scattering_self_energies,numba,nopython-mode-parallel,same_process,N/A,,,,,,,,,
scattering_self_energies,numba,nopython-mode-parallel-range,same_process,observed,0.39123467239551246,scattering_self_energies,,6,3,dfe8b7a530913f54e6164d2f20cb5a63e6c95544a680629acde629144cff7caa,f7d4f3c7d50b72880addf25da02f47a077e25e5f288758e484adcbc85a181974,,
scattering_self_energies,numba,object-mode,same_process,N/A,,,,,,,,,
scattering_self_energies,numba,object-mode-parallel,same_process,N/A,,,,,,,,,
scattering_self_energies,numba,object-mode-parallel-range,same_process,N/A,,,,,,,,,
scattering_self_energies,dace_cpu,fusion,same_process,observed,7.628670050529763,scattering_self_energies,,6,3,dfe8b7a530913f54e6164d2f20cb5a63e6c95544a680629acde629144cff7caa,f7d4f3c7d50b72880addf25da02f47a077e25e5f288758e484adcbc85a181974,,selected_process_variability
scattering_self_energies,dace_cpu,parallel,same_process,observed,9.27697738353163,scattering_self_energies,,6,3,dfe8b7a530913f54e6164d2f20cb5a63e6c95544a680629acde629144cff7caa,f7d4f3c7d50b72880addf25da02f47a077e25e5f288758e484adcbc85a181974,,selected_process_variability
scattering_self_energies,dace_cpu,auto_opt,same_process,observed,7.4268509689718485,scattering_self_energies,,6,3,dfe8b7a530913f54e6164d2f20cb5a63e6c95544a680629acde629144cff7caa,f7d4f3c7d50b72880addf25da02f47a077e25e5f288758e484adcbc85a181974,,selected_process_variability
scattering_self_energies,dace_gpu,fusion,same_process,observed,6.833423481089994,scattering_self_energies,,6,3,dfe8b7a530913f54e6164d2f20cb5a63e6c95544a680629acde629144cff7caa,f7d4f3c7d50b72880addf25da02f47a077e25e5f288758e484adcbc85a181974,,
scattering_self_energies,dace_gpu,parallel,same_process,observed,6.994993430562317,scattering_self_energies,,6,3,dfe8b7a530913f54e6164d2f20cb5a63e6c95544a680629acde629144cff7caa,f7d4f3c7d50b72880addf25da02f47a077e25e5f288758e484adcbc85a181974,,
scattering_self_energies,dace_gpu,auto_opt,same_process,observed,5.0471635174471885,scattering_self_energies,,6,3,dfe8b7a530913f54e6164d2f20cb5a63e6c95544a680629acde629144cff7caa,f7d4f3c7d50b72880addf25da02f47a077e25e5f288758e484adcbc85a181974,,new_sampling_or_resources
scattering_self_energies,cupy,default,same_process,observed,12.695414496818557,scattering_self_energies,,6,3,dfe8b7a530913f54e6164d2f20cb5a63e6c95544a680629acde629144cff7caa,f7d4f3c7d50b72880addf25da02f47a077e25e5f288758e484adcbc85a181974,,
seidel_2d,numpy,default,same_process,observed,1.0670811131130904,seidel_2d,,6,3,ee1919384d25883ff17bfcdb49d28a5d6dabc6f97d12c672811043a4107874a9,6d10c80c878e92ea3bdd4f0a16c473438b233d1989ed5a8d0f8d1356e6d0b32b,,
seidel_2d,numba,nopython-mode,same_process,observed,0.012338991044089198,seidel_2d,,6,3,ee1919384d25883ff17bfcdb49d28a5d6dabc6f97d12c672811043a4107874a9,6d10c80c878e92ea3bdd4f0a16c473438b233d1989ed5a8d0f8d1356e6d0b32b,,new_sampling_or_resources
seidel_2d,numba,nopython-mode-parallel,same_process,validation,,seidel_2d,,0,0,ee1919384d25883ff17bfcdb49d28a5d6dabc6f97d12c672811043a4107874a9,6d10c80c878e92ea3bdd4f0a16c473438b233d1989ed5a8d0f8d1356e6d0b32b,,
seidel_2d,numba,nopython-mode-parallel-range,same_process,N/A,,,,,,,,,
seidel_2d,numba,object-mode,same_process,N/A,,,,,,,,,
seidel_2d,numba,object-mode-parallel,same_process,N/A,,,,,,,,,
seidel_2d,numba,object-mode-parallel-range,same_process,N/A,,,,,,,,,
seidel_2d,dace_cpu,fusion,same_process,observed,0.6185938464477658,seidel_2d,,6,3,ee1919384d25883ff17bfcdb49d28a5d6dabc6f97d12c672811043a4107874a9,6d10c80c878e92ea3bdd4f0a16c473438b233d1989ed5a8d0f8d1356e6d0b32b,,selected_process_variability
seidel_2d,dace_cpu,parallel,same_process,observed,0.6193840100895613,seidel_2d,,6,3,ee1919384d25883ff17bfcdb49d28a5d6dabc6f97d12c672811043a4107874a9,6d10c80c878e92ea3bdd4f0a16c473438b233d1989ed5a8d0f8d1356e6d0b32b,,selected_process_variability
seidel_2d,dace_cpu,auto_opt,same_process,observed,0.6850007518660277,seidel_2d,,6,3,ee1919384d25883ff17bfcdb49d28a5d6dabc6f97d12c672811043a4107874a9,6d10c80c878e92ea3bdd4f0a16c473438b233d1989ed5a8d0f8d1356e6d0b32b,,selected_process_variability
seidel_2d,dace_gpu,fusion,same_process,observed,23.77391218394041,seidel_2d,,6,3,ee1919384d25883ff17bfcdb49d28a5d6dabc6f97d12c672811043a4107874a9,6d10c80c878e92ea3bdd4f0a16c473438b233d1989ed5a8d0f8d1356e6d0b32b,,
seidel_2d,dace_gpu,parallel,same_process,observed,23.719966757576913,seidel_2d,,6,3,ee1919384d25883ff17bfcdb49d28a5d6dabc6f97d12c672811043a4107874a9,6d10c80c878e92ea3bdd4f0a16c473438b233d1989ed5a8d0f8d1356e6d0b32b,,
seidel_2d,dace_gpu,auto_opt,same_process,observed,24.2586894154083,seidel_2d,,6,3,ee1919384d25883ff17bfcdb49d28a5d6dabc6f97d12c672811043a4107874a9,6d10c80c878e92ea3bdd4f0a16c473438b233d1989ed5a8d0f8d1356e6d0b32b,,
seidel_2d,cupy,default,same_process,observed,42.24012964544818,seidel_2d,,6,3,ee1919384d25883ff17bfcdb49d28a5d6dabc6f97d12c672811043a4107874a9,6d10c80c878e92ea3bdd4f0a16c473438b233d1989ed5a8d0f8d1356e6d0b32b,,
softmax,numpy,default,same_process,observed,1.2258611128199846,softmax,,6,3,4c2cc8073ef8741ed9febc8a4ff62219351eab9b80f103f3f9ef78cbfb3d3a24,2fcf9437c28756a764115316372f1c170da55c13fa29321255a7dcc2a7583c80,,selected_process_variability
softmax,numba,nopython-mode,same_process,observed,4.3915791511535645,softmax,,6,3,4c2cc8073ef8741ed9febc8a4ff62219351eab9b80f103f3f9ef78cbfb3d3a24,2fcf9437c28756a764115316372f1c170da55c13fa29321255a7dcc2a7583c80,,
softmax,numba,nopython-mode-parallel,same_process,observed,2.537584192119539,softmax,,6,3,4c2cc8073ef8741ed9febc8a4ff62219351eab9b80f103f3f9ef78cbfb3d3a24,2fcf9437c28756a764115316372f1c170da55c13fa29321255a7dcc2a7583c80,,selected_process_variability
softmax,numba,nopython-mode-parallel-range,same_process,observed,2.5392290700692683,softmax,,6,3,4c2cc8073ef8741ed9febc8a4ff62219351eab9b80f103f3f9ef78cbfb3d3a24,2fcf9437c28756a764115316372f1c170da55c13fa29321255a7dcc2a7583c80,,selected_process_variability
softmax,numba,object-mode,same_process,observed,1.2231680466793478,softmax,,6,3,4c2cc8073ef8741ed9febc8a4ff62219351eab9b80f103f3f9ef78cbfb3d3a24,2fcf9437c28756a764115316372f1c170da55c13fa29321255a7dcc2a7583c80,,new_variability
softmax,numba,object-mode-parallel,same_process,observed,1.0988642694428563,softmax,,6,3,4c2cc8073ef8741ed9febc8a4ff62219351eab9b80f103f3f9ef78cbfb3d3a24,2fcf9437c28756a764115316372f1c170da55c13fa29321255a7dcc2a7583c80,,new_variability
softmax,numba,object-mode-parallel-range,same_process,N/A,,,,,,,,,
softmax,dace_cpu,fusion,same_process,observed,131.4248795537278,softmax,,6,3,4c2cc8073ef8741ed9febc8a4ff62219351eab9b80f103f3f9ef78cbfb3d3a24,2fcf9437c28756a764115316372f1c170da55c13fa29321255a7dcc2a7583c80,,
softmax,dace_cpu,parallel,same_process,observed,134.46748244250193,softmax,,6,3,4c2cc8073ef8741ed9febc8a4ff62219351eab9b80f103f3f9ef78cbfb3d3a24,2fcf9437c28756a764115316372f1c170da55c13fa29321255a7dcc2a7583c80,,
softmax,dace_cpu,auto_opt,same_process,observed,140.1217202055268,softmax,,6,3,4c2cc8073ef8741ed9febc8a4ff62219351eab9b80f103f3f9ef78cbfb3d3a24,2fcf9437c28756a764115316372f1c170da55c13fa29321255a7dcc2a7583c80,,
softmax,dace_gpu,fusion,same_process,observed,0.3149720267392695,softmax,,6,3,4c2cc8073ef8741ed9febc8a4ff62219351eab9b80f103f3f9ef78cbfb3d3a24,2fcf9437c28756a764115316372f1c170da55c13fa29321255a7dcc2a7583c80,,
softmax,dace_gpu,parallel,same_process,observed,0.29834673181176186,softmax,,6,3,4c2cc8073ef8741ed9febc8a4ff62219351eab9b80f103f3f9ef78cbfb3d3a24,2fcf9437c28756a764115316372f1c170da55c13fa29321255a7dcc2a7583c80,,
softmax,dace_gpu,auto_opt,same_process,observed,0.28490055724978447,softmax,,6,3,4c2cc8073ef8741ed9febc8a4ff62219351eab9b80f103f3f9ef78cbfb3d3a24,2fcf9437c28756a764115316372f1c170da55c13fa29321255a7dcc2a7583c80,,
softmax,cupy,default,same_process,observed,0.2733467663638294,softmax,,6,3,4c2cc8073ef8741ed9febc8a4ff62219351eab9b80f103f3f9ef78cbfb3d3a24,2fcf9437c28756a764115316372f1c170da55c13fa29321255a7dcc2a7583c80,,
spmv,numpy,default,same_process,observed,1.1481759194284678,spmv,,6,3,da225492dbcd662f48fe5c413e0af07e8fbf1265c8b2c20e9564383e2e55d8ad,830b22cd03e41feb9b883b4b8fc754402901ac74dc9f607cfa3a81bdc5787389,,
spmv,numba,nopython-mode,same_process,observed,0.024211599491536617,spmv,,6,3,da225492dbcd662f48fe5c413e0af07e8fbf1265c8b2c20e9564383e2e55d8ad,830b22cd03e41feb9b883b4b8fc754402901ac74dc9f607cfa3a81bdc5787389,,
spmv,numba,nopython-mode-parallel,same_process,observed,0.018671741941943765,spmv,,6,3,da225492dbcd662f48fe5c413e0af07e8fbf1265c8b2c20e9564383e2e55d8ad,830b22cd03e41feb9b883b4b8fc754402901ac74dc9f607cfa3a81bdc5787389,,selected_process_variability
spmv,numba,nopython-mode-parallel-range,same_process,observed,0.003174065612256527,spmv,,6,3,da225492dbcd662f48fe5c413e0af07e8fbf1265c8b2c20e9564383e2e55d8ad,830b22cd03e41feb9b883b4b8fc754402901ac74dc9f607cfa3a81bdc5787389,,historical_drift_requires_review;new_variability;selected_process_variability
spmv,numba,object-mode,same_process,N/A,,,,,,,,,
spmv,numba,object-mode-parallel,same_process,N/A,,,,,,,,,
spmv,numba,object-mode-parallel-range,same_process,N/A,,,,,,,,,
spmv,dace_cpu,fusion,same_process,observed,8.457816451089457,spmv,,6,3,da225492dbcd662f48fe5c413e0af07e8fbf1265c8b2c20e9564383e2e55d8ad,830b22cd03e41feb9b883b4b8fc754402901ac74dc9f607cfa3a81bdc5787389,,selected_process_variability
spmv,dace_cpu,parallel,same_process,observed,0.006445311242714524,spmv,,6,3,da225492dbcd662f48fe5c413e0af07e8fbf1265c8b2c20e9564383e2e55d8ad,830b22cd03e41feb9b883b4b8fc754402901ac74dc9f607cfa3a81bdc5787389,,historical_drift_requires_review;new_variability;selected_process_variability
spmv,dace_cpu,auto_opt,same_process,observed,0.0070749809965491295,spmv,,6,3,da225492dbcd662f48fe5c413e0af07e8fbf1265c8b2c20e9564383e2e55d8ad,830b22cd03e41feb9b883b4b8fc754402901ac74dc9f607cfa3a81bdc5787389,,selected_process_variability
spmv,dace_gpu,fusion,same_process,observed,50.423293430591,spmv,,6,3,da225492dbcd662f48fe5c413e0af07e8fbf1265c8b2c20e9564383e2e55d8ad,830b22cd03e41feb9b883b4b8fc754402901ac74dc9f607cfa3a81bdc5787389,,
spmv,dace_gpu,parallel,same_process,observed,0.09488612436689436,spmv,,6,3,da225492dbcd662f48fe5c413e0af07e8fbf1265c8b2c20e9564383e2e55d8ad,830b22cd03e41feb9b883b4b8fc754402901ac74dc9f607cfa3a81bdc5787389,,new_variability;selected_process_variability
spmv,dace_gpu,auto_opt,same_process,observed,0.09993986994959414,spmv,,6,3,da225492dbcd662f48fe5c413e0af07e8fbf1265c8b2c20e9564383e2e55d8ad,830b22cd03e41feb9b883b4b8fc754402901ac74dc9f607cfa3a81bdc5787389,,selected_process_variability
spmv,cupy,default,same_process,observed,44.75408536940813,spmv,,6,3,da225492dbcd662f48fe5c413e0af07e8fbf1265c8b2c20e9564383e2e55d8ad,830b22cd03e41feb9b883b4b8fc754402901ac74dc9f607cfa3a81bdc5787389,,
stockham_fft,numpy,default,same_process,observed,1.0013293041847646,stockham_fft,,6,3,6d6ff6409e820c0b1abb2d24a7ede6af7390464b8d347a4cba678562e2b4f111,f6c4acc3fcbed6678c4fad72d834895ca7156ce67f7538ebe2242ed208af3254,,
stockham_fft,numba,nopython-mode,same_process,observed,2.2566900392994285,stockham_fft,,6,3,6d6ff6409e820c0b1abb2d24a7ede6af7390464b8d347a4cba678562e2b4f111,f6c4acc3fcbed6678c4fad72d834895ca7156ce67f7538ebe2242ed208af3254,,
stockham_fft,numba,nopython-mode-parallel,same_process,observed,464.56499489117414,stockham_fft,,6,3,6d6ff6409e820c0b1abb2d24a7ede6af7390464b8d347a4cba678562e2b4f111,f6c4acc3fcbed6678c4fad72d834895ca7156ce67f7538ebe2242ed208af3254,,
stockham_fft,numba,nopython-mode-parallel-range,same_process,observed,5.862875611055642,stockham_fft,,6,3,6d6ff6409e820c0b1abb2d24a7ede6af7390464b8d347a4cba678562e2b4f111,f6c4acc3fcbed6678c4fad72d834895ca7156ce67f7538ebe2242ed208af3254,,
stockham_fft,numba,object-mode,same_process,observed,1.1592463171109557,stockham_fft,,2,1,6d6ff6409e820c0b1abb2d24a7ede6af7390464b8d347a4cba678562e2b4f111,f6c4acc3fcbed6678c4fad72d834895ca7156ce67f7538ebe2242ed208af3254,,original_process_only
stockham_fft,numba,object-mode-parallel,same_process,observed,0.9817536524496973,stockham_fft,,2,1,6d6ff6409e820c0b1abb2d24a7ede6af7390464b8d347a4cba678562e2b4f111,f6c4acc3fcbed6678c4fad72d834895ca7156ce67f7538ebe2242ed208af3254,,original_process_only
stockham_fft,numba,object-mode-parallel-range,same_process,N/A,,,,,,,,,
stockham_fft,dace_cpu,fusion,same_process,error,,stockham_fft,,0,0,6d6ff6409e820c0b1abb2d24a7ede6af7390464b8d347a4cba678562e2b4f111,f6c4acc3fcbed6678c4fad72d834895ca7156ce67f7538ebe2242ed208af3254,,
stockham_fft,dace_cpu,parallel,same_process,error,,stockham_fft,,0,0,6d6ff6409e820c0b1abb2d24a7ede6af7390464b8d347a4cba678562e2b4f111,f6c4acc3fcbed6678c4fad72d834895ca7156ce67f7538ebe2242ed208af3254,,
stockham_fft,dace_cpu,auto_opt,same_process,error,,stockham_fft,,0,0,6d6ff6409e820c0b1abb2d24a7ede6af7390464b8d347a4cba678562e2b4f111,f6c4acc3fcbed6678c4fad72d834895ca7156ce67f7538ebe2242ed208af3254,,
stockham_fft,dace_gpu,fusion,same_process,error,,stockham_fft,,0,0,6d6ff6409e820c0b1abb2d24a7ede6af7390464b8d347a4cba678562e2b4f111,f6c4acc3fcbed6678c4fad72d834895ca7156ce67f7538ebe2242ed208af3254,,
stockham_fft,dace_gpu,parallel,same_process,error,,stockham_fft,,0,0,6d6ff6409e820c0b1abb2d24a7ede6af7390464b8d347a4cba678562e2b4f111,f6c4acc3fcbed6678c4fad72d834895ca7156ce67f7538ebe2242ed208af3254,,
stockham_fft,dace_gpu,auto_opt,same_process,error,,stockham_fft,,0,0,6d6ff6409e820c0b1abb2d24a7ede6af7390464b8d347a4cba678562e2b4f111,f6c4acc3fcbed6678c4fad72d834895ca7156ce67f7538ebe2242ed208af3254,,
stockham_fft,cupy,default,same_process,observed,0.034062273101881146,stockham_fft,,6,3,6d6ff6409e820c0b1abb2d24a7ede6af7390464b8d347a4cba678562e2b4f111,f6c4acc3fcbed6678c4fad72d834895ca7156ce67f7538ebe2242ed208af3254,,
symm,numpy,default,same_process,observed,1.2384622981771827,symm,,6,3,9a79ab11f86fec484ee78c92c02c8f9588bcdd801caf9345beae289adb5ce087,c983fe23aab1369b59df067f61f46c516f426a2b0a1ea8bdc3779352f6c91630,,
symm,numba,nopython-mode,same_process,observed,0.2340118035208434,symm,,6,3,9a79ab11f86fec484ee78c92c02c8f9588bcdd801caf9345beae289adb5ce087,c983fe23aab1369b59df067f61f46c516f426a2b0a1ea8bdc3779352f6c91630,,selected_process_variability
symm,numba,nopython-mode-parallel,same_process,N/A,,,,,,,,,
symm,numba,nopython-mode-parallel-range,same_process,observed,0.1683717193081975,symm,,6,3,9a79ab11f86fec484ee78c92c02c8f9588bcdd801caf9345beae289adb5ce087,c983fe23aab1369b59df067f61f46c516f426a2b0a1ea8bdc3779352f6c91630,,new_variability;selected_process_variability
symm,numba,object-mode,same_process,N/A,,,,,,,,,
symm,numba,object-mode-parallel,same_process,N/A,,,,,,,,,
symm,numba,object-mode-parallel-range,same_process,N/A,,,,,,,,,
symm,dace_cpu,fusion,same_process,observed,5.643410010728985,symm,,6,3,9a79ab11f86fec484ee78c92c02c8f9588bcdd801caf9345beae289adb5ce087,c983fe23aab1369b59df067f61f46c516f426a2b0a1ea8bdc3779352f6c91630,,
symm,dace_cpu,parallel,same_process,observed,5.812807078007609,symm,,6,3,9a79ab11f86fec484ee78c92c02c8f9588bcdd801caf9345beae289adb5ce087,c983fe23aab1369b59df067f61f46c516f426a2b0a1ea8bdc3779352f6c91630,,selected_process_variability
symm,dace_cpu,auto_opt,same_process,observed,6.393750446150079,symm,,6,3,9a79ab11f86fec484ee78c92c02c8f9588bcdd801caf9345beae289adb5ce087,c983fe23aab1369b59df067f61f46c516f426a2b0a1ea8bdc3779352f6c91630,,selected_process_variability
symm,dace_gpu,fusion,same_process,observed,5.524578198324889,symm,,6,3,9a79ab11f86fec484ee78c92c02c8f9588bcdd801caf9345beae289adb5ce087,c983fe23aab1369b59df067f61f46c516f426a2b0a1ea8bdc3779352f6c91630,,selected_process_variability
symm,dace_gpu,parallel,same_process,observed,5.311629232484847,symm,,6,3,9a79ab11f86fec484ee78c92c02c8f9588bcdd801caf9345beae289adb5ce087,c983fe23aab1369b59df067f61f46c516f426a2b0a1ea8bdc3779352f6c91630,,
symm,dace_gpu,auto_opt,same_process,observed,4.9315677979029715,symm,,6,3,9a79ab11f86fec484ee78c92c02c8f9588bcdd801caf9345beae289adb5ce087,c983fe23aab1369b59df067f61f46c516f426a2b0a1ea8bdc3779352f6c91630,,new_sampling_or_resources;selected_process_variability
symm,cupy,default,same_process,observed,27.179745747940615,symm,,6,3,9a79ab11f86fec484ee78c92c02c8f9588bcdd801caf9345beae289adb5ce087,c983fe23aab1369b59df067f61f46c516f426a2b0a1ea8bdc3779352f6c91630,,
syr2k,numpy,default,same_process,observed,1.3520400472916663,syr2k,,6,3,e7abbc19895a88befab489211bc20dc301be2dede982f39fba4c4f210583f274,4eed4ab152ea49c0a4cdf942787319238e4b8903146da60692ca376422fc8502,,
syr2k,numba,nopython-mode,same_process,observed,0.12808901048265398,syr2k,,6,3,e7abbc19895a88befab489211bc20dc301be2dede982f39fba4c4f210583f274,4eed4ab152ea49c0a4cdf942787319238e4b8903146da60692ca376422fc8502,,new_variability
syr2k,numba,nopython-mode-parallel,same_process,N/A,,,,,,,,,
syr2k,numba,nopython-mode-parallel-range,same_process,N/A,,,,,,,,,
syr2k,numba,object-mode,same_process,N/A,,,,,,,,,
syr2k,numba,object-mode-parallel,same_process,N/A,,,,,,,,,
syr2k,numba,object-mode-parallel-range,same_process,N/A,,,,,,,,,
syr2k,dace_cpu,fusion,same_process,observed,4.353794454364106,syr2k,,6,3,e7abbc19895a88befab489211bc20dc301be2dede982f39fba4c4f210583f274,4eed4ab152ea49c0a4cdf942787319238e4b8903146da60692ca376422fc8502,,
syr2k,dace_cpu,parallel,same_process,observed,4.978939356748015,syr2k,,6,3,e7abbc19895a88befab489211bc20dc301be2dede982f39fba4c4f210583f274,4eed4ab152ea49c0a4cdf942787319238e4b8903146da60692ca376422fc8502,,selected_process_variability
syr2k,dace_cpu,auto_opt,same_process,observed,5.131343184970319,syr2k,,6,3,e7abbc19895a88befab489211bc20dc301be2dede982f39fba4c4f210583f274,4eed4ab152ea49c0a4cdf942787319238e4b8903146da60692ca376422fc8502,,selected_process_variability
syr2k,dace_gpu,fusion,same_process,observed,5.168913095723838,syr2k,,6,3,e7abbc19895a88befab489211bc20dc301be2dede982f39fba4c4f210583f274,4eed4ab152ea49c0a4cdf942787319238e4b8903146da60692ca376422fc8502,,
syr2k,dace_gpu,parallel,same_process,observed,5.574287685798481,syr2k,,6,3,e7abbc19895a88befab489211bc20dc301be2dede982f39fba4c4f210583f274,4eed4ab152ea49c0a4cdf942787319238e4b8903146da60692ca376422fc8502,,
syr2k,dace_gpu,auto_opt,same_process,observed,5.193464719457552,syr2k,,6,3,e7abbc19895a88befab489211bc20dc301be2dede982f39fba4c4f210583f274,4eed4ab152ea49c0a4cdf942787319238e4b8903146da60692ca376422fc8502,,
syr2k,cupy,default,same_process,observed,14.672014179872349,syr2k,,6,3,e7abbc19895a88befab489211bc20dc301be2dede982f39fba4c4f210583f274,4eed4ab152ea49c0a4cdf942787319238e4b8903146da60692ca376422fc8502,,
syrk,numpy,default,same_process,observed,1.2323928298428655,syrk,,6,3,92484da5155c3406ad7a24b9d17a47e4e5ea9277c45b375c935d26bea371609c,c9125e156aac0f0083fa4d941c44b5e500809f7d0e4096cfd309983aa1701894,,
syrk,numba,nopython-mode,same_process,observed,0.22308677318505943,syrk,,6,3,92484da5155c3406ad7a24b9d17a47e4e5ea9277c45b375c935d26bea371609c,c9125e156aac0f0083fa4d941c44b5e500809f7d0e4096cfd309983aa1701894,,new_sampling_or_resources;selected_process_variability
syrk,numba,nopython-mode-parallel,same_process,N/A,,,,,,,,,
syrk,numba,nopython-mode-parallel-range,same_process,N/A,,,,,,,,,
syrk,numba,object-mode,same_process,N/A,,,,,,,,,
syrk,numba,object-mode-parallel,same_process,N/A,,,,,,,,,
syrk,numba,object-mode-parallel-range,same_process,N/A,,,,,,,,,
syrk,dace_cpu,fusion,same_process,observed,11.603507605846971,syrk,,6,3,92484da5155c3406ad7a24b9d17a47e4e5ea9277c45b375c935d26bea371609c,c9125e156aac0f0083fa4d941c44b5e500809f7d0e4096cfd309983aa1701894,,
syrk,dace_cpu,parallel,same_process,observed,14.465555856470019,syrk,,6,3,92484da5155c3406ad7a24b9d17a47e4e5ea9277c45b375c935d26bea371609c,c9125e156aac0f0083fa4d941c44b5e500809f7d0e4096cfd309983aa1701894,,selected_process_variability
syrk,dace_cpu,auto_opt,same_process,observed,13.307412914466113,syrk,,6,3,92484da5155c3406ad7a24b9d17a47e4e5ea9277c45b375c935d26bea371609c,c9125e156aac0f0083fa4d941c44b5e500809f7d0e4096cfd309983aa1701894,,selected_process_variability
syrk,dace_gpu,fusion,same_process,observed,2.5443521086126566,syrk,,6,3,92484da5155c3406ad7a24b9d17a47e4e5ea9277c45b375c935d26bea371609c,c9125e156aac0f0083fa4d941c44b5e500809f7d0e4096cfd309983aa1701894,,new_variability;selected_process_variability
syrk,dace_gpu,parallel,same_process,observed,2.866969668539241,syrk,,6,3,92484da5155c3406ad7a24b9d17a47e4e5ea9277c45b375c935d26bea371609c,c9125e156aac0f0083fa4d941c44b5e500809f7d0e4096cfd309983aa1701894,,selected_process_variability
syrk,dace_gpu,auto_opt,same_process,observed,2.657287781359628,syrk,,6,3,92484da5155c3406ad7a24b9d17a47e4e5ea9277c45b375c935d26bea371609c,c9125e156aac0f0083fa4d941c44b5e500809f7d0e4096cfd309983aa1701894,,selected_process_variability
syrk,cupy,default,same_process,observed,16.146741533419117,syrk,,6,3,92484da5155c3406ad7a24b9d17a47e4e5ea9277c45b375c935d26bea371609c,c9125e156aac0f0083fa4d941c44b5e500809f7d0e4096cfd309983aa1701894,,
trisolv,numpy,default,same_process,observed,0.14812944689765573,trisolv,,6,3,4f5471ef60c1579f85ae344ab83c59b28f7f210b0a535e59616ed8d3e93dce87,2ef566c3a7e8536e3be1ae3aaac85d9a03f4836c00d28326cc70cf2e8147fdb1,,selected_process_variability
trisolv,numba,nopython-mode,same_process,observed,0.09425864997319877,trisolv,,6,3,4f5471ef60c1579f85ae344ab83c59b28f7f210b0a535e59616ed8d3e93dce87,2ef566c3a7e8536e3be1ae3aaac85d9a03f4836c00d28326cc70cf2e8147fdb1,,new_variability;selected_process_variability
trisolv,numba,nopython-mode-parallel,same_process,observed,0.09365752432495356,trisolv,,6,3,4f5471ef60c1579f85ae344ab83c59b28f7f210b0a535e59616ed8d3e93dce87,2ef566c3a7e8536e3be1ae3aaac85d9a03f4836c00d28326cc70cf2e8147fdb1,,new_reuse_evidence_incomplete;new_sampling_or_resources
trisolv,numba,nopython-mode-parallel-range,same_process,N/A,,,,,,,,,
trisolv,numba,object-mode,same_process,N/A,,,,,,,,,
trisolv,numba,object-mode-parallel,same_process,N/A,,,,,,,,,
trisolv,numba,object-mode-parallel-range,same_process,N/A,,,,,,,,,
trisolv,dace_cpu,fusion,same_process,observed,0.09927590400911868,trisolv,,6,3,4f5471ef60c1579f85ae344ab83c59b28f7f210b0a535e59616ed8d3e93dce87,2ef566c3a7e8536e3be1ae3aaac85d9a03f4836c00d28326cc70cf2e8147fdb1,,selected_process_variability
trisolv,dace_cpu,parallel,same_process,observed,0.09245527489110827,trisolv,,6,3,4f5471ef60c1579f85ae344ab83c59b28f7f210b0a535e59616ed8d3e93dce87,2ef566c3a7e8536e3be1ae3aaac85d9a03f4836c00d28326cc70cf2e8147fdb1,,new_variability;selected_process_variability
trisolv,dace_cpu,auto_opt,same_process,observed,0.09329328848980367,trisolv,,6,3,4f5471ef60c1579f85ae344ab83c59b28f7f210b0a535e59616ed8d3e93dce87,2ef566c3a7e8536e3be1ae3aaac85d9a03f4836c00d28326cc70cf2e8147fdb1,,selected_process_variability
trisolv,dace_gpu,fusion,same_process,observed,0.6820751859340817,trisolv,,6,3,4f5471ef60c1579f85ae344ab83c59b28f7f210b0a535e59616ed8d3e93dce87,2ef566c3a7e8536e3be1ae3aaac85d9a03f4836c00d28326cc70cf2e8147fdb1,,new_variability
trisolv,dace_gpu,parallel,same_process,observed,0.6918828445486724,trisolv,,6,3,4f5471ef60c1579f85ae344ab83c59b28f7f210b0a535e59616ed8d3e93dce87,2ef566c3a7e8536e3be1ae3aaac85d9a03f4836c00d28326cc70cf2e8147fdb1,,
trisolv,dace_gpu,auto_opt,same_process,observed,0.5883478838950396,trisolv,,6,3,4f5471ef60c1579f85ae344ab83c59b28f7f210b0a535e59616ed8d3e93dce87,2ef566c3a7e8536e3be1ae3aaac85d9a03f4836c00d28326cc70cf2e8147fdb1,,
trisolv,cupy,default,same_process,observed,1.8243018940556794,trisolv,,6,3,4f5471ef60c1579f85ae344ab83c59b28f7f210b0a535e59616ed8d3e93dce87,2ef566c3a7e8536e3be1ae3aaac85d9a03f4836c00d28326cc70cf2e8147fdb1,,
trmm,numpy,default,same_process,observed,1.1537109238561243,trmm,,6,3,3f94b2a3aeb62dabee33d3188a61d501e42975b8a01970dd7d3717b65c060956,9168af76f7b62c6873ac45e920743c46191f055c32ee6a1f1df2aba5ab399d7e,,
trmm,numba,nopython-mode,same_process,observed,0.4257913448382169,trmm,,6,3,3f94b2a3aeb62dabee33d3188a61d501e42975b8a01970dd7d3717b65c060956,9168af76f7b62c6873ac45e920743c46191f055c32ee6a1f1df2aba5ab399d7e,,
trmm,numba,nopython-mode-parallel,same_process,N/A,,,,,,,,,
trmm,numba,nopython-mode-parallel-range,same_process,observed,0.04531315667554736,trmm,,6,3,3f94b2a3aeb62dabee33d3188a61d501e42975b8a01970dd7d3717b65c060956,9168af76f7b62c6873ac45e920743c46191f055c32ee6a1f1df2aba5ab399d7e,,selected_process_variability
trmm,numba,object-mode,same_process,N/A,,,,,,,,,
trmm,numba,object-mode-parallel,same_process,N/A,,,,,,,,,
trmm,numba,object-mode-parallel-range,same_process,N/A,,,,,,,,,
trmm,dace_cpu,fusion,same_process,observed,0.24742476642131805,trmm,,6,3,3f94b2a3aeb62dabee33d3188a61d501e42975b8a01970dd7d3717b65c060956,9168af76f7b62c6873ac45e920743c46191f055c32ee6a1f1df2aba5ab399d7e,,
trmm,dace_cpu,parallel,same_process,observed,0.03332373732700944,trmm,,6,3,3f94b2a3aeb62dabee33d3188a61d501e42975b8a01970dd7d3717b65c060956,9168af76f7b62c6873ac45e920743c46191f055c32ee6a1f1df2aba5ab399d7e,,selected_process_variability
trmm,dace_cpu,auto_opt,same_process,observed,0.032587198074907064,trmm,,6,3,3f94b2a3aeb62dabee33d3188a61d501e42975b8a01970dd7d3717b65c060956,9168af76f7b62c6873ac45e920743c46191f055c32ee6a1f1df2aba5ab399d7e,,historical_drift_requires_review;new_variability;selected_process_variability
trmm,dace_gpu,fusion,same_process,observed,7.92509742686525,trmm,,6,3,3f94b2a3aeb62dabee33d3188a61d501e42975b8a01970dd7d3717b65c060956,9168af76f7b62c6873ac45e920743c46191f055c32ee6a1f1df2aba5ab399d7e,,
trmm,dace_gpu,parallel,same_process,observed,0.015171148581430316,trmm,,6,3,3f94b2a3aeb62dabee33d3188a61d501e42975b8a01970dd7d3717b65c060956,9168af76f7b62c6873ac45e920743c46191f055c32ee6a1f1df2aba5ab399d7e,,
trmm,dace_gpu,auto_opt,same_process,observed,0.014956988394260406,trmm,,6,3,3f94b2a3aeb62dabee33d3188a61d501e42975b8a01970dd7d3717b65c060956,9168af76f7b62c6873ac45e920743c46191f055c32ee6a1f1df2aba5ab399d7e,,
trmm,cupy,default,same_process,observed,39.192514698719606,trmm,,6,3,3f94b2a3aeb62dabee33d3188a61d501e42975b8a01970dd7d3717b65c060956,9168af76f7b62c6873ac45e920743c46191f055c32ee6a1f1df2aba5ab399d7e,,
vadv,numpy,default,same_process,observed,0.605131512042135,vadv,,6,3,af48764eed52bcbfa917a57089296ce3be876f060430fae648ab359316609f14,300cff4f4ff45aa053437078a699f7f36c3a42bea19f7d989bd20911ef2050f4,,
vadv,numba,nopython-mode,same_process,observed,0.6801864062435925,vadv,,6,3,af48764eed52bcbfa917a57089296ce3be876f060430fae648ab359316609f14,300cff4f4ff45aa053437078a699f7f36c3a42bea19f7d989bd20911ef2050f4,,
vadv,numba,nopython-mode-parallel,same_process,observed,0.5591138820163906,vadv,,6,3,af48764eed52bcbfa917a57089296ce3be876f060430fae648ab359316609f14,300cff4f4ff45aa053437078a699f7f36c3a42bea19f7d989bd20911ef2050f4,,historical_drift_requires_review;new_variability;selected_process_variability
vadv,numba,nopython-mode-parallel-range,same_process,N/A,,,,,,,,,
vadv,numba,object-mode,same_process,N/A,,,,,,,,,
vadv,numba,object-mode-parallel,same_process,N/A,,,,,,,,,
vadv,numba,object-mode-parallel-range,same_process,N/A,,,,,,,,,
vadv,dace_cpu,fusion,same_process,observed,1.347530854633078,vadv,,6,3,af48764eed52bcbfa917a57089296ce3be876f060430fae648ab359316609f14,300cff4f4ff45aa053437078a699f7f36c3a42bea19f7d989bd20911ef2050f4,,selected_process_variability
vadv,dace_cpu,parallel,same_process,observed,1.390384456841275,vadv,,6,3,af48764eed52bcbfa917a57089296ce3be876f060430fae648ab359316609f14,300cff4f4ff45aa053437078a699f7f36c3a42bea19f7d989bd20911ef2050f4,,selected_process_variability
vadv,dace_cpu,auto_opt,same_process,observed,1.0088444624561816,vadv,,6,3,af48764eed52bcbfa917a57089296ce3be876f060430fae648ab359316609f14,300cff4f4ff45aa053437078a699f7f36c3a42bea19f7d989bd20911ef2050f4,,
vadv,dace_gpu,fusion,same_process,observed,0.09156333771534264,vadv,,6,3,af48764eed52bcbfa917a57089296ce3be876f060430fae648ab359316609f14,300cff4f4ff45aa053437078a699f7f36c3a42bea19f7d989bd20911ef2050f4,,
vadv,dace_gpu,parallel,same_process,observed,0.09537861915305257,vadv,,6,3,af48764eed52bcbfa917a57089296ce3be876f060430fae648ab359316609f14,300cff4f4ff45aa053437078a699f7f36c3a42bea19f7d989bd20911ef2050f4,,
vadv,dace_gpu,auto_opt,same_process,observed,0.09083227394148707,vadv,,6,3,af48764eed52bcbfa917a57089296ce3be876f060430fae648ab359316609f14,300cff4f4ff45aa053437078a699f7f36c3a42bea19f7d989bd20911ef2050f4,,
vadv,cupy,default,same_process,observed,0.24165396764874458,vadv,,6,3,af48764eed52bcbfa917a57089296ce3be876f060430fae648ab359316609f14,300cff4f4ff45aa053437078a699f7f36c3a42bea19f7d989bd20911ef2050f4,,
adi_corrected,cova_serial_cpu,default,initialization,missing,,adi_corrected,316658e292d02e63abcfdf443be60bbb58c10d82,0,0,,,[],"['reference_not_ranking', 'historical_competitors_not_rerun', 'system_resources_not_exclusive']"
adi_corrected,cova_serial_cpu,default,fresh_process,missing,,adi_corrected,316658e292d02e63abcfdf443be60bbb58c10d82,0,0,,,[],"['reference_not_ranking', 'historical_competitors_not_rerun', 'system_resources_not_exclusive']"
adi_corrected,cova_serial_cpu,default,same_process,missing,,adi_corrected,316658e292d02e63abcfdf443be60bbb58c10d82,0,0,,,[],"['reference_not_ranking', 'historical_competitors_not_rerun', 'system_resources_not_exclusive']"
adi_corrected,cova_openmp_cpu,default,initialization,missing,,adi_corrected,316658e292d02e63abcfdf443be60bbb58c10d82,0,0,,,[],"['reference_not_ranking', 'historical_competitors_not_rerun', 'system_resources_not_exclusive']"
adi_corrected,cova_openmp_cpu,default,fresh_process,missing,,adi_corrected,316658e292d02e63abcfdf443be60bbb58c10d82,0,0,,,[],"['reference_not_ranking', 'historical_competitors_not_rerun', 'system_resources_not_exclusive']"
adi_corrected,cova_openmp_cpu,default,same_process,missing,,adi_corrected,316658e292d02e63abcfdf443be60bbb58c10d82,0,0,,,[],"['reference_not_ranking', 'historical_competitors_not_rerun', 'system_resources_not_exclusive']"
adi_corrected,cova_llvm_cpu_serial,default,initialization,missing,,adi_corrected,316658e292d02e63abcfdf443be60bbb58c10d82,0,0,,,[],"['reference_not_ranking', 'historical_competitors_not_rerun', 'system_resources_not_exclusive']"
adi_corrected,cova_llvm_cpu_serial,default,fresh_process,missing,,adi_corrected,316658e292d02e63abcfdf443be60bbb58c10d82,0,0,,,[],"['reference_not_ranking', 'historical_competitors_not_rerun', 'system_resources_not_exclusive']"
adi_corrected,cova_llvm_cpu_serial,default,same_process,missing,,adi_corrected,316658e292d02e63abcfdf443be60bbb58c10d82,0,0,,,[],"['reference_not_ranking', 'historical_competitors_not_rerun', 'system_resources_not_exclusive']"
adi_corrected,cova_llvm_cpu,default,initialization,observed,3.1340592639753595,adi_corrected,316658e292d02e63abcfdf443be60bbb58c10d82,1,1,72849b544ae3b8773b18c95384e36f194ea524782f4feabfed03a3b4194872e9,44fae57bf7759f2639279283ba275bd89bd5df1bf8f5d46bee32e1d87e87c452,['cpu'],"['reference_not_ranking', 'historical_competitors_not_rerun', 'system_resources_not_exclusive']"
adi_corrected,cova_llvm_cpu,default,fresh_process,observed,0.4569834694848396,adi_corrected,316658e292d02e63abcfdf443be60bbb58c10d82,2,2,72849b544ae3b8773b18c95384e36f194ea524782f4feabfed03a3b4194872e9,44fae57bf7759f2639279283ba275bd89bd5df1bf8f5d46bee32e1d87e87c452,['cpu'],"['reference_not_ranking', 'historical_competitors_not_rerun', 'system_resources_not_exclusive']"
adi_corrected,cova_llvm_cpu,default,same_process,observed,0.49377009898307733,adi_corrected,316658e292d02e63abcfdf443be60bbb58c10d82,6,3,72849b544ae3b8773b18c95384e36f194ea524782f4feabfed03a3b4194872e9,44fae57bf7759f2639279283ba275bd89bd5df1bf8f5d46bee32e1d87e87c452,['cpu'],"['reference_not_ranking', 'historical_competitors_not_rerun', 'system_resources_not_exclusive']"
adi_corrected,cova_openmp_gpu,default,initialization,missing,,adi_corrected,316658e292d02e63abcfdf443be60bbb58c10d82,0,0,,,[],"['reference_not_ranking', 'historical_competitors_not_rerun', 'system_resources_not_exclusive', 'gpu_placement_metadata_only']"
adi_corrected,cova_openmp_gpu,default,fresh_process,missing,,adi_corrected,316658e292d02e63abcfdf443be60bbb58c10d82,0,0,,,[],"['reference_not_ranking', 'historical_competitors_not_rerun', 'system_resources_not_exclusive', 'gpu_placement_metadata_only']"
adi_corrected,cova_openmp_gpu,default,same_process,missing,,adi_corrected,316658e292d02e63abcfdf443be60bbb58c10d82,0,0,,,[],"['reference_not_ranking', 'historical_competitors_not_rerun', 'system_resources_not_exclusive', 'gpu_placement_metadata_only']"
adi_corrected,cova_llvm_gpu,default,initialization,observed,33.59361918101786,adi_corrected,316658e292d02e63abcfdf443be60bbb58c10d82,1,1,72849b544ae3b8773b18c95384e36f194ea524782f4feabfed03a3b4194872e9,44fae57bf7759f2639279283ba275bd89bd5df1bf8f5d46bee32e1d87e87c452,['mixed'],"['reference_not_ranking', 'historical_competitors_not_rerun', 'system_resources_not_exclusive', 'gpu_placement_metadata_only']"
adi_corrected,cova_llvm_gpu,default,fresh_process,observed,29.510288467485225,adi_corrected,316658e292d02e63abcfdf443be60bbb58c10d82,2,2,72849b544ae3b8773b18c95384e36f194ea524782f4feabfed03a3b4194872e9,44fae57bf7759f2639279283ba275bd89bd5df1bf8f5d46bee32e1d87e87c452,['mixed'],"['reference_not_ranking', 'historical_competitors_not_rerun', 'system_resources_not_exclusive', 'gpu_placement_metadata_only']"
adi_corrected,cova_llvm_gpu,default,same_process,observed,28.434993570990628,adi_corrected,316658e292d02e63abcfdf443be60bbb58c10d82,6,3,72849b544ae3b8773b18c95384e36f194ea524782f4feabfed03a3b4194872e9,44fae57bf7759f2639279283ba275bd89bd5df1bf8f5d46bee32e1d87e87c452,['mixed'],"['reference_not_ranking', 'historical_competitors_not_rerun', 'system_resources_not_exclusive', 'gpu_placement_metadata_only']"
arc_distance,cova_serial_cpu,default,initialization,observed,4.138706078985706,arc_distance,316658e292d02e63abcfdf443be60bbb58c10d82,1,1,d2c2cc16a18a69316144dced56e13ec50585fb90292fd8c9251b0cd2d83afd8e,c9a5d51d680eeff18f5d5e1a8bd8a4acc4d771e072238396fee0333ed61696be,['cpu'],"['reference_not_ranking', 'historical_competitors_not_rerun', 'system_resources_not_exclusive']"
arc_distance,cova_serial_cpu,default,fresh_process,observed,1.5130941689712927,arc_distance,316658e292d02e63abcfdf443be60bbb58c10d82,2,2,d2c2cc16a18a69316144dced56e13ec50585fb90292fd8c9251b0cd2d83afd8e,c9a5d51d680eeff18f5d5e1a8bd8a4acc4d771e072238396fee0333ed61696be,['cpu'],"['reference_not_ranking', 'historical_competitors_not_rerun', 'system_resources_not_exclusive']"
arc_distance,cova_serial_cpu,default,same_process,observed,1.0292595115024596,arc_distance,316658e292d02e63abcfdf443be60bbb58c10d82,6,3,d2c2cc16a18a69316144dced56e13ec50585fb90292fd8c9251b0cd2d83afd8e,c9a5d51d680eeff18f5d5e1a8bd8a4acc4d771e072238396fee0333ed61696be,['cpu'],"['reference_not_ranking', 'historical_competitors_not_rerun', 'system_resources_not_exclusive']"
arc_distance,cova_openmp_cpu,default,initialization,observed,3.0107225539977662,arc_distance,316658e292d02e63abcfdf443be60bbb58c10d82,1,1,d2c2cc16a18a69316144dced56e13ec50585fb90292fd8c9251b0cd2d83afd8e,c9a5d51d680eeff18f5d5e1a8bd8a4acc4d771e072238396fee0333ed61696be,['cpu'],"['reference_not_ranking', 'historical_competitors_not_rerun', 'system_resources_not_exclusive']"
arc_distance,cova_openmp_cpu,default,fresh_process,observed,0.2520518655073829,arc_distance,316658e292d02e63abcfdf443be60bbb58c10d82,2,2,d2c2cc16a18a69316144dced56e13ec50585fb90292fd8c9251b0cd2d83afd8e,c9a5d51d680eeff18f5d5e1a8bd8a4acc4d771e072238396fee0333ed61696be,['cpu'],"['reference_not_ranking', 'historical_competitors_not_rerun', 'system_resources_not_exclusive']"
arc_distance,cova_openmp_cpu,default,same_process,observed,0.2732727449911181,arc_distance,316658e292d02e63abcfdf443be60bbb58c10d82,6,3,d2c2cc16a18a69316144dced56e13ec50585fb90292fd8c9251b0cd2d83afd8e,c9a5d51d680eeff18f5d5e1a8bd8a4acc4d771e072238396fee0333ed61696be,['cpu'],"['reference_not_ranking', 'historical_competitors_not_rerun', 'system_resources_not_exclusive']"
arc_distance,cova_llvm_cpu_serial,default,initialization,observed,3.384960443014279,arc_distance,316658e292d02e63abcfdf443be60bbb58c10d82,1,1,d2c2cc16a18a69316144dced56e13ec50585fb90292fd8c9251b0cd2d83afd8e,c9a5d51d680eeff18f5d5e1a8bd8a4acc4d771e072238396fee0333ed61696be,['cpu'],"['reference_not_ranking', 'historical_competitors_not_rerun', 'system_resources_not_exclusive']"
arc_distance,cova_llvm_cpu_serial,default,fresh_process,observed,1.1354327150038444,arc_distance,316658e292d02e63abcfdf443be60bbb58c10d82,2,2,d2c2cc16a18a69316144dced56e13ec50585fb90292fd8c9251b0cd2d83afd8e,c9a5d51d680eeff18f5d5e1a8bd8a4acc4d771e072238396fee0333ed61696be,['cpu'],"['reference_not_ranking', 'historical_competitors_not_rerun', 'system_resources_not_exclusive']"
arc_distance,cova_llvm_cpu_serial,default,same_process,observed,1.6021585229900666,arc_distance,316658e292d02e63abcfdf443be60bbb58c10d82,6,3,d2c2cc16a18a69316144dced56e13ec50585fb90292fd8c9251b0cd2d83afd8e,c9a5d51d680eeff18f5d5e1a8bd8a4acc4d771e072238396fee0333ed61696be,['cpu'],"['reference_not_ranking', 'historical_competitors_not_rerun', 'system_resources_not_exclusive']"
arc_distance,cova_llvm_cpu,default,initialization,observed,2.6833748380304314,arc_distance,316658e292d02e63abcfdf443be60bbb58c10d82,1,1,d2c2cc16a18a69316144dced56e13ec50585fb90292fd8c9251b0cd2d83afd8e,c9a5d51d680eeff18f5d5e1a8bd8a4acc4d771e072238396fee0333ed61696be,['cpu'],"['reference_not_ranking', 'historical_competitors_not_rerun', 'system_resources_not_exclusive']"
arc_distance,cova_llvm_cpu,default,fresh_process,observed,0.35406961900298484,arc_distance,316658e292d02e63abcfdf443be60bbb58c10d82,2,2,d2c2cc16a18a69316144dced56e13ec50585fb90292fd8c9251b0cd2d83afd8e,c9a5d51d680eeff18f5d5e1a8bd8a4acc4d771e072238396fee0333ed61696be,['cpu'],"['reference_not_ranking', 'historical_competitors_not_rerun', 'system_resources_not_exclusive']"
arc_distance,cova_llvm_cpu,default,same_process,observed,0.32370249097584747,arc_distance,316658e292d02e63abcfdf443be60bbb58c10d82,6,3,d2c2cc16a18a69316144dced56e13ec50585fb90292fd8c9251b0cd2d83afd8e,c9a5d51d680eeff18f5d5e1a8bd8a4acc4d771e072238396fee0333ed61696be,['cpu'],"['reference_not_ranking', 'historical_competitors_not_rerun', 'system_resources_not_exclusive']"
arc_distance,cova_openmp_gpu,default,initialization,observed,6.4685957040055655,arc_distance,316658e292d02e63abcfdf443be60bbb58c10d82,1,1,d2c2cc16a18a69316144dced56e13ec50585fb90292fd8c9251b0cd2d83afd8e,c9a5d51d680eeff18f5d5e1a8bd8a4acc4d771e072238396fee0333ed61696be,['gpu'],"['reference_not_ranking', 'historical_competitors_not_rerun', 'system_resources_not_exclusive', 'gpu_placement_metadata_only']"
arc_distance,cova_openmp_gpu,default,fresh_process,observed,0.3553383445250802,arc_distance,316658e292d02e63abcfdf443be60bbb58c10d82,2,2,d2c2cc16a18a69316144dced56e13ec50585fb90292fd8c9251b0cd2d83afd8e,c9a5d51d680eeff18f5d5e1a8bd8a4acc4d771e072238396fee0333ed61696be,['gpu'],"['reference_not_ranking', 'historical_competitors_not_rerun', 'system_resources_not_exclusive', 'gpu_placement_metadata_only']"
arc_distance,cova_openmp_gpu,default,same_process,observed,0.07637740048812702,arc_distance,316658e292d02e63abcfdf443be60bbb58c10d82,6,3,d2c2cc16a18a69316144dced56e13ec50585fb90292fd8c9251b0cd2d83afd8e,c9a5d51d680eeff18f5d5e1a8bd8a4acc4d771e072238396fee0333ed61696be,['gpu'],"['reference_not_ranking', 'historical_competitors_not_rerun', 'system_resources_not_exclusive', 'gpu_placement_metadata_only']"
arc_distance,cova_llvm_gpu,default,initialization,observed,5.234754995035473,arc_distance,316658e292d02e63abcfdf443be60bbb58c10d82,1,1,d2c2cc16a18a69316144dced56e13ec50585fb90292fd8c9251b0cd2d83afd8e,c9a5d51d680eeff18f5d5e1a8bd8a4acc4d771e072238396fee0333ed61696be,['gpu'],"['reference_not_ranking', 'historical_competitors_not_rerun', 'system_resources_not_exclusive', 'gpu_placement_metadata_only']"
arc_distance,cova_llvm_gpu,default,fresh_process,observed,0.7676005785178859,arc_distance,316658e292d02e63abcfdf443be60bbb58c10d82,2,2,d2c2cc16a18a69316144dced56e13ec50585fb90292fd8c9251b0cd2d83afd8e,c9a5d51d680eeff18f5d5e1a8bd8a4acc4d771e072238396fee0333ed61696be,['gpu'],"['reference_not_ranking', 'historical_competitors_not_rerun', 'system_resources_not_exclusive', 'gpu_placement_metadata_only']"
arc_distance,cova_llvm_gpu,default,same_process,observed,0.5643220144847874,arc_distance,316658e292d02e63abcfdf443be60bbb58c10d82,6,3,d2c2cc16a18a69316144dced56e13ec50585fb90292fd8c9251b0cd2d83afd8e,c9a5d51d680eeff18f5d5e1a8bd8a4acc4d771e072238396fee0333ed61696be,['gpu'],"['reference_not_ranking', 'historical_competitors_not_rerun', 'system_resources_not_exclusive', 'gpu_placement_metadata_only']"
atax,cova_serial_cpu,default,initialization,observed,3.4464227649732493,atax,316658e292d02e63abcfdf443be60bbb58c10d82,1,1,68c6513b767fc4fe61dbe15c9629b1ea75eae7d2a20436521c52c551d6698648,30d1cbd8bc811b325570c9fdb182323781764974a74f27916f06ba12e9a7baef,['cpu'],"['reference_not_ranking', 'historical_competitors_not_rerun', 'system_resources_not_exclusive']"
atax,cova_serial_cpu,default,fresh_process,observed,1.1192769430053886,atax,316658e292d02e63abcfdf443be60bbb58c10d82,2,2,68c6513b767fc4fe61dbe15c9629b1ea75eae7d2a20436521c52c551d6698648,30d1cbd8bc811b325570c9fdb182323781764974a74f27916f06ba12e9a7baef,['cpu'],"['reference_not_ranking', 'historical_competitors_not_rerun', 'system_resources_not_exclusive']"
atax,cova_serial_cpu,default,same_process,observed,1.193332006019773,atax,316658e292d02e63abcfdf443be60bbb58c10d82,6,3,68c6513b767fc4fe61dbe15c9629b1ea75eae7d2a20436521c52c551d6698648,30d1cbd8bc811b325570c9fdb182323781764974a74f27916f06ba12e9a7baef,['cpu'],"['reference_not_ranking', 'historical_competitors_not_rerun', 'system_resources_not_exclusive']"
atax,cova_openmp_cpu,default,initialization,observed,2.734181375009939,atax,316658e292d02e63abcfdf443be60bbb58c10d82,1,1,68c6513b767fc4fe61dbe15c9629b1ea75eae7d2a20436521c52c551d6698648,30d1cbd8bc811b325570c9fdb182323781764974a74f27916f06ba12e9a7baef,['cpu'],"['reference_not_ranking', 'historical_competitors_not_rerun', 'system_resources_not_exclusive']"
atax,cova_openmp_cpu,default,fresh_process,observed,0.32232855301117525,atax,316658e292d02e63abcfdf443be60bbb58c10d82,2,2,68c6513b767fc4fe61dbe15c9629b1ea75eae7d2a20436521c52c551d6698648,30d1cbd8bc811b325570c9fdb182323781764974a74f27916f06ba12e9a7baef,['cpu'],"['reference_not_ranking', 'historical_competitors_not_rerun', 'system_resources_not_exclusive']"
atax,cova_openmp_cpu,default,same_process,observed,0.29501949850236997,atax,316658e292d02e63abcfdf443be60bbb58c10d82,6,3,68c6513b767fc4fe61dbe15c9629b1ea75eae7d2a20436521c52c551d6698648,30d1cbd8bc811b325570c9fdb182323781764974a74f27916f06ba12e9a7baef,['cpu'],"['reference_not_ranking', 'historical_competitors_not_rerun', 'system_resources_not_exclusive']"
atax,cova_llvm_cpu_serial,default,initialization,observed,4.101171685033478,atax,316658e292d02e63abcfdf443be60bbb58c10d82,1,1,68c6513b767fc4fe61dbe15c9629b1ea75eae7d2a20436521c52c551d6698648,30d1cbd8bc811b325570c9fdb182323781764974a74f27916f06ba12e9a7baef,['cpu'],"['reference_not_ranking', 'historical_competitors_not_rerun', 'system_resources_not_exclusive']"
atax,cova_llvm_cpu_serial,default,fresh_process,observed,0.16109525653882883,atax,316658e292d02e63abcfdf443be60bbb58c10d82,2,2,68c6513b767fc4fe61dbe15c9629b1ea75eae7d2a20436521c52c551d6698648,30d1cbd8bc811b325570c9fdb182323781764974a74f27916f06ba12e9a7baef,['cpu'],"['reference_not_ranking', 'historical_competitors_not_rerun', 'system_resources_not_exclusive']"
atax,cova_llvm_cpu_serial,default,same_process,observed,0.1444530185253825,atax,316658e292d02e63abcfdf443be60bbb58c10d82,6,3,68c6513b767fc4fe61dbe15c9629b1ea75eae7d2a20436521c52c551d6698648,30d1cbd8bc811b325570c9fdb182323781764974a74f27916f06ba12e9a7baef,['cpu'],"['reference_not_ranking', 'historical_competitors_not_rerun', 'system_resources_not_exclusive']"
atax,cova_llvm_cpu,default,initialization,observed,5.594216474040877,atax,316658e292d02e63abcfdf443be60bbb58c10d82,1,1,68c6513b767fc4fe61dbe15c9629b1ea75eae7d2a20436521c52c551d6698648,30d1cbd8bc811b325570c9fdb182323781764974a74f27916f06ba12e9a7baef,['cpu'],"['reference_not_ranking', 'historical_competitors_not_rerun', 'system_resources_not_exclusive']"
atax,cova_llvm_cpu,default,fresh_process,observed,0.14603918700595386,atax,316658e292d02e63abcfdf443be60bbb58c10d82,2,2,68c6513b767fc4fe61dbe15c9629b1ea75eae7d2a20436521c52c551d6698648,30d1cbd8bc811b325570c9fdb182323781764974a74f27916f06ba12e9a7baef,['cpu'],"['reference_not_ranking', 'historical_competitors_not_rerun', 'system_resources_not_exclusive']"
atax,cova_llvm_cpu,default,same_process,observed,0.16769991148612462,atax,316658e292d02e63abcfdf443be60bbb58c10d82,6,3,68c6513b767fc4fe61dbe15c9629b1ea75eae7d2a20436521c52c551d6698648,30d1cbd8bc811b325570c9fdb182323781764974a74f27916f06ba12e9a7baef,['cpu'],"['reference_not_ranking', 'historical_competitors_not_rerun', 'system_resources_not_exclusive']"
atax,cova_openmp_gpu,default,initialization,observed,6.675423911015969,atax,316658e292d02e63abcfdf443be60bbb58c10d82,1,1,68c6513b767fc4fe61dbe15c9629b1ea75eae7d2a20436521c52c551d6698648,30d1cbd8bc811b325570c9fdb182323781764974a74f27916f06ba12e9a7baef,['gpu'],"['reference_not_ranking', 'historical_competitors_not_rerun', 'system_resources_not_exclusive', 'gpu_placement_metadata_only']"
atax,cova_openmp_gpu,default,fresh_process,observed,0.7845542480354197,atax,316658e292d02e63abcfdf443be60bbb58c10d82,2,2,68c6513b767fc4fe61dbe15c9629b1ea75eae7d2a20436521c52c551d6698648,30d1cbd8bc811b325570c9fdb182323781764974a74f27916f06ba12e9a7baef,['gpu'],"['reference_not_ranking', 'historical_competitors_not_rerun', 'system_resources_not_exclusive', 'gpu_placement_metadata_only']"
atax,cova_openmp_gpu,default,same_process,observed,0.36997530597727746,atax,316658e292d02e63abcfdf443be60bbb58c10d82,6,3,68c6513b767fc4fe61dbe15c9629b1ea75eae7d2a20436521c52c551d6698648,30d1cbd8bc811b325570c9fdb182323781764974a74f27916f06ba12e9a7baef,['gpu'],"['reference_not_ranking', 'historical_competitors_not_rerun', 'system_resources_not_exclusive', 'gpu_placement_metadata_only']"
atax,cova_llvm_gpu,default,initialization,observed,6.940337017993443,atax,316658e292d02e63abcfdf443be60bbb58c10d82,1,1,68c6513b767fc4fe61dbe15c9629b1ea75eae7d2a20436521c52c551d6698648,30d1cbd8bc811b325570c9fdb182323781764974a74f27916f06ba12e9a7baef,['gpu'],"['reference_not_ranking', 'historical_competitors_not_rerun', 'system_resources_not_exclusive', 'gpu_placement_metadata_only']"
atax,cova_llvm_gpu,default,fresh_process,observed,0.7186225469631609,atax,316658e292d02e63abcfdf443be60bbb58c10d82,2,2,68c6513b767fc4fe61dbe15c9629b1ea75eae7d2a20436521c52c551d6698648,30d1cbd8bc811b325570c9fdb182323781764974a74f27916f06ba12e9a7baef,['gpu'],"['reference_not_ranking', 'historical_competitors_not_rerun', 'system_resources_not_exclusive', 'gpu_placement_metadata_only']"
atax,cova_llvm_gpu,default,same_process,observed,0.3714694480295293,atax,316658e292d02e63abcfdf443be60bbb58c10d82,6,3,68c6513b767fc4fe61dbe15c9629b1ea75eae7d2a20436521c52c551d6698648,30d1cbd8bc811b325570c9fdb182323781764974a74f27916f06ba12e9a7baef,['gpu'],"['reference_not_ranking', 'historical_competitors_not_rerun', 'system_resources_not_exclusive', 'gpu_placement_metadata_only']"
azimint_hist,cova_serial_cpu,default,initialization,error,,azimint_hist,316658e292d02e63abcfdf443be60bbb58c10d82,0,0,f5914dfb9f4cc36109a1c231938d0863c485540d7d58b79bed61050dcb1e083e,d714677a44d27aec51292ca83b9b3ba9c1835b7ac786bbd295a407ecfa03d47f,[],"['reference_not_ranking', 'historical_competitors_not_rerun', 'system_resources_not_exclusive']"
azimint_hist,cova_serial_cpu,default,fresh_process,error,,azimint_hist,316658e292d02e63abcfdf443be60bbb58c10d82,0,0,f5914dfb9f4cc36109a1c231938d0863c485540d7d58b79bed61050dcb1e083e,d714677a44d27aec51292ca83b9b3ba9c1835b7ac786bbd295a407ecfa03d47f,[],"['reference_not_ranking', 'historical_competitors_not_rerun', 'system_resources_not_exclusive']"
azimint_hist,cova_serial_cpu,default,same_process,error,,azimint_hist,316658e292d02e63abcfdf443be60bbb58c10d82,0,0,f5914dfb9f4cc36109a1c231938d0863c485540d7d58b79bed61050dcb1e083e,d714677a44d27aec51292ca83b9b3ba9c1835b7ac786bbd295a407ecfa03d47f,[],"['reference_not_ranking', 'historical_competitors_not_rerun', 'system_resources_not_exclusive']"
azimint_hist,cova_openmp_cpu,default,initialization,error,,azimint_hist,316658e292d02e63abcfdf443be60bbb58c10d82,0,0,f5914dfb9f4cc36109a1c231938d0863c485540d7d58b79bed61050dcb1e083e,d714677a44d27aec51292ca83b9b3ba9c1835b7ac786bbd295a407ecfa03d47f,[],"['reference_not_ranking', 'historical_competitors_not_rerun', 'system_resources_not_exclusive']"
azimint_hist,cova_openmp_cpu,default,fresh_process,error,,azimint_hist,316658e292d02e63abcfdf443be60bbb58c10d82,0,0,f5914dfb9f4cc36109a1c231938d0863c485540d7d58b79bed61050dcb1e083e,d714677a44d27aec51292ca83b9b3ba9c1835b7ac786bbd295a407ecfa03d47f,[],"['reference_not_ranking', 'historical_competitors_not_rerun', 'system_resources_not_exclusive']"
azimint_hist,cova_openmp_cpu,default,same_process,error,,azimint_hist,316658e292d02e63abcfdf443be60bbb58c10d82,0,0,f5914dfb9f4cc36109a1c231938d0863c485540d7d58b79bed61050dcb1e083e,d714677a44d27aec51292ca83b9b3ba9c1835b7ac786bbd295a407ecfa03d47f,[],"['reference_not_ranking', 'historical_competitors_not_rerun', 'system_resources_not_exclusive']"
azimint_hist,cova_llvm_cpu_serial,default,initialization,error,,azimint_hist,316658e292d02e63abcfdf443be60bbb58c10d82,0,0,f5914dfb9f4cc36109a1c231938d0863c485540d7d58b79bed61050dcb1e083e,d714677a44d27aec51292ca83b9b3ba9c1835b7ac786bbd295a407ecfa03d47f,[],"['reference_not_ranking', 'historical_competitors_not_rerun', 'system_resources_not_exclusive']"
azimint_hist,cova_llvm_cpu_serial,default,fresh_process,error,,azimint_hist,316658e292d02e63abcfdf443be60bbb58c10d82,0,0,f5914dfb9f4cc36109a1c231938d0863c485540d7d58b79bed61050dcb1e083e,d714677a44d27aec51292ca83b9b3ba9c1835b7ac786bbd295a407ecfa03d47f,[],"['reference_not_ranking', 'historical_competitors_not_rerun', 'system_resources_not_exclusive']"
azimint_hist,cova_llvm_cpu_serial,default,same_process,error,,azimint_hist,316658e292d02e63abcfdf443be60bbb58c10d82,0,0,f5914dfb9f4cc36109a1c231938d0863c485540d7d58b79bed61050dcb1e083e,d714677a44d27aec51292ca83b9b3ba9c1835b7ac786bbd295a407ecfa03d47f,[],"['reference_not_ranking', 'historical_competitors_not_rerun', 'system_resources_not_exclusive']"
azimint_hist,cova_llvm_cpu,default,initialization,observed,6.789281874021981,azimint_hist_cova_helper,316658e292d02e63abcfdf443be60bbb58c10d82,1,1,f5914dfb9f4cc36109a1c231938d0863c485540d7d58b79bed61050dcb1e083e,d714677a44d27aec51292ca83b9b3ba9c1835b7ac786bbd295a407ecfa03d47f,['cpu'],"['reference_not_ranking', 'historical_competitors_not_rerun', 'system_resources_not_exclusive']"
azimint_hist,cova_llvm_cpu,default,fresh_process,observed,0.16683223750442266,azimint_hist_cova_helper,316658e292d02e63abcfdf443be60bbb58c10d82,2,2,f5914dfb9f4cc36109a1c231938d0863c485540d7d58b79bed61050dcb1e083e,d714677a44d27aec51292ca83b9b3ba9c1835b7ac786bbd295a407ecfa03d47f,['cpu'],"['reference_not_ranking', 'historical_competitors_not_rerun', 'system_resources_not_exclusive']"
azimint_hist,cova_llvm_cpu,default,same_process,observed,0.11307335150195286,azimint_hist_cova_helper,316658e292d02e63abcfdf443be60bbb58c10d82,6,3,f5914dfb9f4cc36109a1c231938d0863c485540d7d58b79bed61050dcb1e083e,d714677a44d27aec51292ca83b9b3ba9c1835b7ac786bbd295a407ecfa03d47f,['cpu'],"['reference_not_ranking', 'historical_competitors_not_rerun', 'system_resources_not_exclusive']"
azimint_hist,cova_openmp_gpu,default,initialization,error,,azimint_hist_cova_helper,316658e292d02e63abcfdf443be60bbb58c10d82,0,0,f5914dfb9f4cc36109a1c231938d0863c485540d7d58b79bed61050dcb1e083e,d714677a44d27aec51292ca83b9b3ba9c1835b7ac786bbd295a407ecfa03d47f,[],"['reference_not_ranking', 'historical_competitors_not_rerun', 'system_resources_not_exclusive', 'gpu_placement_metadata_only']"
azimint_hist,cova_openmp_gpu,default,fresh_process,error,,azimint_hist_cova_helper,316658e292d02e63abcfdf443be60bbb58c10d82,0,0,f5914dfb9f4cc36109a1c231938d0863c485540d7d58b79bed61050dcb1e083e,d714677a44d27aec51292ca83b9b3ba9c1835b7ac786bbd295a407ecfa03d47f,[],"['reference_not_ranking', 'historical_competitors_not_rerun', 'system_resources_not_exclusive', 'gpu_placement_metadata_only']"
azimint_hist,cova_openmp_gpu,default,same_process,error,,azimint_hist_cova_helper,316658e292d02e63abcfdf443be60bbb58c10d82,0,0,f5914dfb9f4cc36109a1c231938d0863c485540d7d58b79bed61050dcb1e083e,d714677a44d27aec51292ca83b9b3ba9c1835b7ac786bbd295a407ecfa03d47f,[],"['reference_not_ranking', 'historical_competitors_not_rerun', 'system_resources_not_exclusive', 'gpu_placement_metadata_only']"
azimint_hist,cova_llvm_gpu,default,initialization,observed,12.006593966973014,azimint_hist_cova_helper,316658e292d02e63abcfdf443be60bbb58c10d82,1,1,f5914dfb9f4cc36109a1c231938d0863c485540d7d58b79bed61050dcb1e083e,d714677a44d27aec51292ca83b9b3ba9c1835b7ac786bbd295a407ecfa03d47f,['mixed'],"['reference_not_ranking', 'historical_competitors_not_rerun', 'system_resources_not_exclusive', 'gpu_placement_metadata_only']"
azimint_hist,cova_llvm_gpu,default,fresh_process,observed,7.2874145204841625,azimint_hist_cova_helper,316658e292d02e63abcfdf443be60bbb58c10d82,2,2,f5914dfb9f4cc36109a1c231938d0863c485540d7d58b79bed61050dcb1e083e,d714677a44d27aec51292ca83b9b3ba9c1835b7ac786bbd295a407ecfa03d47f,['mixed'],"['reference_not_ranking', 'historical_competitors_not_rerun', 'system_resources_not_exclusive', 'gpu_placement_metadata_only']"
azimint_hist,cova_llvm_gpu,default,same_process,observed,7.176397184986854,azimint_hist_cova_helper,316658e292d02e63abcfdf443be60bbb58c10d82,6,3,f5914dfb9f4cc36109a1c231938d0863c485540d7d58b79bed61050dcb1e083e,d714677a44d27aec51292ca83b9b3ba9c1835b7ac786bbd295a407ecfa03d47f,['mixed'],"['reference_not_ranking', 'historical_competitors_not_rerun', 'system_resources_not_exclusive', 'gpu_placement_metadata_only']"
azimint_naive,cova_serial_cpu,default,initialization,observed,33.95800611900631,azimint_naive,316658e292d02e63abcfdf443be60bbb58c10d82,1,1,7ce93eb427426de57f9dd024b84b3ccd522ed34eea578a05eb7d30f002985156,10e5a4ce8b6fe96db84b8d28fc35df47e5ddd295dfddf44939fc8ac5c8795b6d,['cpu'],"['reference_not_ranking', 'historical_competitors_not_rerun', 'system_resources_not_exclusive']"
azimint_naive,cova_serial_cpu,default,fresh_process,observed,31.092209062480833,azimint_naive,316658e292d02e63abcfdf443be60bbb58c10d82,2,2,7ce93eb427426de57f9dd024b84b3ccd522ed34eea578a05eb7d30f002985156,10e5a4ce8b6fe96db84b8d28fc35df47e5ddd295dfddf44939fc8ac5c8795b6d,['cpu'],"['reference_not_ranking', 'historical_competitors_not_rerun', 'system_resources_not_exclusive']"
azimint_naive,cova_serial_cpu,default,same_process,observed,31.831282000464853,azimint_naive,316658e292d02e63abcfdf443be60bbb58c10d82,6,3,7ce93eb427426de57f9dd024b84b3ccd522ed34eea578a05eb7d30f002985156,10e5a4ce8b6fe96db84b8d28fc35df47e5ddd295dfddf44939fc8ac5c8795b6d,['cpu'],"['reference_not_ranking', 'historical_competitors_not_rerun', 'system_resources_not_exclusive']"
azimint_naive,cova_openmp_cpu,default,initialization,observed,8.397972969978582,azimint_naive,316658e292d02e63abcfdf443be60bbb58c10d82,1,1,7ce93eb427426de57f9dd024b84b3ccd522ed34eea578a05eb7d30f002985156,10e5a4ce8b6fe96db84b8d28fc35df47e5ddd295dfddf44939fc8ac5c8795b6d,['cpu'],"['reference_not_ranking', 'historical_competitors_not_rerun', 'system_resources_not_exclusive']"
azimint_naive,cova_openmp_cpu,default,fresh_process,observed,5.2527075725083705,azimint_naive,316658e292d02e63abcfdf443be60bbb58c10d82,2,2,7ce93eb427426de57f9dd024b84b3ccd522ed34eea578a05eb7d30f002985156,10e5a4ce8b6fe96db84b8d28fc35df47e5ddd295dfddf44939fc8ac5c8795b6d,['cpu'],"['reference_not_ranking', 'historical_competitors_not_rerun', 'system_resources_not_exclusive']"
azimint_naive,cova_openmp_cpu,default,same_process,observed,5.718911547504831,azimint_naive,316658e292d02e63abcfdf443be60bbb58c10d82,6,3,7ce93eb427426de57f9dd024b84b3ccd522ed34eea578a05eb7d30f002985156,10e5a4ce8b6fe96db84b8d28fc35df47e5ddd295dfddf44939fc8ac5c8795b6d,['cpu'],"['reference_not_ranking', 'historical_competitors_not_rerun', 'system_resources_not_exclusive']"
azimint_naive,cova_llvm_cpu_serial,default,initialization,observed,38.90352227300173,azimint_naive,316658e292d02e63abcfdf443be60bbb58c10d82,1,1,7ce93eb427426de57f9dd024b84b3ccd522ed34eea578a05eb7d30f002985156,10e5a4ce8b6fe96db84b8d28fc35df47e5ddd295dfddf44939fc8ac5c8795b6d,['cpu'],"['reference_not_ranking', 'historical_competitors_not_rerun', 'system_resources_not_exclusive']"
azimint_naive,cova_llvm_cpu_serial,default,fresh_process,observed,37.09098870350863,azimint_naive,316658e292d02e63abcfdf443be60bbb58c10d82,2,2,7ce93eb427426de57f9dd024b84b3ccd522ed34eea578a05eb7d30f002985156,10e5a4ce8b6fe96db84b8d28fc35df47e5ddd295dfddf44939fc8ac5c8795b6d,['cpu'],"['reference_not_ranking', 'historical_competitors_not_rerun', 'system_resources_not_exclusive']"
azimint_naive,cova_llvm_cpu_serial,default,same_process,observed,37.332453258975875,azimint_naive,316658e292d02e63abcfdf443be60bbb58c10d82,6,3,7ce93eb427426de57f9dd024b84b3ccd522ed34eea578a05eb7d30f002985156,10e5a4ce8b6fe96db84b8d28fc35df47e5ddd295dfddf44939fc8ac5c8795b6d,['cpu'],"['reference_not_ranking', 'historical_competitors_not_rerun', 'system_resources_not_exclusive']"
azimint_naive,cova_llvm_cpu,default,initialization,observed,3.5809898209990934,azimint_naive,316658e292d02e63abcfdf443be60bbb58c10d82,1,1,7ce93eb427426de57f9dd024b84b3ccd522ed34eea578a05eb7d30f002985156,10e5a4ce8b6fe96db84b8d28fc35df47e5ddd295dfddf44939fc8ac5c8795b6d,['cpu'],"['reference_not_ranking', 'historical_competitors_not_rerun', 'system_resources_not_exclusive']"
azimint_naive,cova_llvm_cpu,default,fresh_process,observed,2.688692768017063,azimint_naive,316658e292d02e63abcfdf443be60bbb58c10d82,2,2,7ce93eb427426de57f9dd024b84b3ccd522ed34eea578a05eb7d30f002985156,10e5a4ce8b6fe96db84b8d28fc35df47e5ddd295dfddf44939fc8ac5c8795b6d,['cpu'],"['reference_not_ranking', 'historical_competitors_not_rerun', 'system_resources_not_exclusive']"
azimint_naive,cova_llvm_cpu,default,same_process,observed,1.8109837459924165,azimint_naive,316658e292d02e63abcfdf443be60bbb58c10d82,6,3,7ce93eb427426de57f9dd024b84b3ccd522ed34eea578a05eb7d30f002985156,10e5a4ce8b6fe96db84b8d28fc35df47e5ddd295dfddf44939fc8ac5c8795b6d,['cpu'],"['reference_not_ranking', 'historical_competitors_not_rerun', 'system_resources_not_exclusive']"
azimint_naive,cova_openmp_gpu,default,initialization,error,,azimint_naive,316658e292d02e63abcfdf443be60bbb58c10d82,0,0,7ce93eb427426de57f9dd024b84b3ccd522ed34eea578a05eb7d30f002985156,10e5a4ce8b6fe96db84b8d28fc35df47e5ddd295dfddf44939fc8ac5c8795b6d,[],"['reference_not_ranking', 'historical_competitors_not_rerun', 'system_resources_not_exclusive', 'gpu_placement_metadata_only']"
azimint_naive,cova_openmp_gpu,default,fresh_process,error,,azimint_naive,316658e292d02e63abcfdf443be60bbb58c10d82,0,0,7ce93eb427426de57f9dd024b84b3ccd522ed34eea578a05eb7d30f002985156,10e5a4ce8b6fe96db84b8d28fc35df47e5ddd295dfddf44939fc8ac5c8795b6d,[],"['reference_not_ranking', 'historical_competitors_not_rerun', 'system_resources_not_exclusive', 'gpu_placement_metadata_only']"
azimint_naive,cova_openmp_gpu,default,same_process,error,,azimint_naive,316658e292d02e63abcfdf443be60bbb58c10d82,0,0,7ce93eb427426de57f9dd024b84b3ccd522ed34eea578a05eb7d30f002985156,10e5a4ce8b6fe96db84b8d28fc35df47e5ddd295dfddf44939fc8ac5c8795b6d,[],"['reference_not_ranking', 'historical_competitors_not_rerun', 'system_resources_not_exclusive', 'gpu_placement_metadata_only']"
azimint_naive,cova_llvm_gpu,default,initialization,observed,14.717292464978527,azimint_naive,316658e292d02e63abcfdf443be60bbb58c10d82,1,1,7ce93eb427426de57f9dd024b84b3ccd522ed34eea578a05eb7d30f002985156,10e5a4ce8b6fe96db84b8d28fc35df47e5ddd295dfddf44939fc8ac5c8795b6d,['mixed'],"['reference_not_ranking', 'historical_competitors_not_rerun', 'system_resources_not_exclusive', 'gpu_placement_metadata_only']"
azimint_naive,cova_llvm_gpu,default,fresh_process,observed,10.41139439350809,azimint_naive,316658e292d02e63abcfdf443be60bbb58c10d82,2,2,7ce93eb427426de57f9dd024b84b3ccd522ed34eea578a05eb7d30f002985156,10e5a4ce8b6fe96db84b8d28fc35df47e5ddd295dfddf44939fc8ac5c8795b6d,['mixed'],"['reference_not_ranking', 'historical_competitors_not_rerun', 'system_resources_not_exclusive', 'gpu_placement_metadata_only']"
azimint_naive,cova_llvm_gpu,default,same_process,observed,10.25920056598261,azimint_naive,316658e292d02e63abcfdf443be60bbb58c10d82,6,3,7ce93eb427426de57f9dd024b84b3ccd522ed34eea578a05eb7d30f002985156,10e5a4ce8b6fe96db84b8d28fc35df47e5ddd295dfddf44939fc8ac5c8795b6d,['mixed'],"['reference_not_ranking', 'historical_competitors_not_rerun', 'system_resources_not_exclusive', 'gpu_placement_metadata_only']"
bicg,cova_serial_cpu,default,initialization,observed,3.710977967013605,bicg,316658e292d02e63abcfdf443be60bbb58c10d82,1,1,16d618b4e97f8f1b6191fe3f76123e77b6b198e5982ffa6fbd2528fa69701078,77e9adb788612e39af05a751b80c16198c5c53c1997f2c21ca5d1cefa59811c3,['cpu'],"['reference_not_ranking', 'historical_competitors_not_rerun', 'system_resources_not_exclusive']"
bicg,cova_serial_cpu,default,fresh_process,observed,1.1348942180047743,bicg,316658e292d02e63abcfdf443be60bbb58c10d82,2,2,16d618b4e97f8f1b6191fe3f76123e77b6b198e5982ffa6fbd2528fa69701078,77e9adb788612e39af05a751b80c16198c5c53c1997f2c21ca5d1cefa59811c3,['cpu'],"['reference_not_ranking', 'historical_competitors_not_rerun', 'system_resources_not_exclusive']"
bicg,cova_serial_cpu,default,same_process,observed,1.2679506700078491,bicg,316658e292d02e63abcfdf443be60bbb58c10d82,6,3,16d618b4e97f8f1b6191fe3f76123e77b6b198e5982ffa6fbd2528fa69701078,77e9adb788612e39af05a751b80c16198c5c53c1997f2c21ca5d1cefa59811c3,['cpu'],"['reference_not_ranking', 'historical_competitors_not_rerun', 'system_resources_not_exclusive']"
bicg,cova_openmp_cpu,default,initialization,observed,2.8653749839868397,bicg,316658e292d02e63abcfdf443be60bbb58c10d82,1,1,16d618b4e97f8f1b6191fe3f76123e77b6b198e5982ffa6fbd2528fa69701078,77e9adb788612e39af05a751b80c16198c5c53c1997f2c21ca5d1cefa59811c3,['cpu'],"['reference_not_ranking', 'historical_competitors_not_rerun', 'system_resources_not_exclusive']"
bicg,cova_openmp_cpu,default,fresh_process,observed,0.4831516164995264,bicg,316658e292d02e63abcfdf443be60bbb58c10d82,2,2,16d618b4e97f8f1b6191fe3f76123e77b6b198e5982ffa6fbd2528fa69701078,77e9adb788612e39af05a751b80c16198c5c53c1997f2c21ca5d1cefa59811c3,['cpu'],"['reference_not_ranking', 'historical_competitors_not_rerun', 'system_resources_not_exclusive']"
bicg,cova_openmp_cpu,default,same_process,observed,0.4960555509896949,bicg,316658e292d02e63abcfdf443be60bbb58c10d82,6,3,16d618b4e97f8f1b6191fe3f76123e77b6b198e5982ffa6fbd2528fa69701078,77e9adb788612e39af05a751b80c16198c5c53c1997f2c21ca5d1cefa59811c3,['cpu'],"['reference_not_ranking', 'historical_competitors_not_rerun', 'system_resources_not_exclusive']"
bicg,cova_llvm_cpu_serial,default,initialization,observed,4.110611686017364,bicg,316658e292d02e63abcfdf443be60bbb58c10d82,1,1,16d618b4e97f8f1b6191fe3f76123e77b6b198e5982ffa6fbd2528fa69701078,77e9adb788612e39af05a751b80c16198c5c53c1997f2c21ca5d1cefa59811c3,['cpu'],"['reference_not_ranking', 'historical_competitors_not_rerun', 'system_resources_not_exclusive']"
bicg,cova_llvm_cpu_serial,default,fresh_process,observed,0.14241730599314906,bicg,316658e292d02e63abcfdf443be60bbb58c10d82,2,2,16d618b4e97f8f1b6191fe3f76123e77b6b198e5982ffa6fbd2528fa69701078,77e9adb788612e39af05a751b80c16198c5c53c1997f2c21ca5d1cefa59811c3,['cpu'],"['reference_not_ranking', 'historical_competitors_not_rerun', 'system_resources_not_exclusive']"
bicg,cova_llvm_cpu_serial,default,same_process,observed,0.14755362598225474,bicg,316658e292d02e63abcfdf443be60bbb58c10d82,6,3,16d618b4e97f8f1b6191fe3f76123e77b6b198e5982ffa6fbd2528fa69701078,77e9adb788612e39af05a751b80c16198c5c53c1997f2c21ca5d1cefa59811c3,['cpu'],"['reference_not_ranking', 'historical_competitors_not_rerun', 'system_resources_not_exclusive']"
bicg,cova_llvm_cpu,default,initialization,observed,5.6113934309687465,bicg,316658e292d02e63abcfdf443be60bbb58c10d82,1,1,16d618b4e97f8f1b6191fe3f76123e77b6b198e5982ffa6fbd2528fa69701078,77e9adb788612e39af05a751b80c16198c5c53c1997f2c21ca5d1cefa59811c3,['cpu'],"['reference_not_ranking', 'historical_competitors_not_rerun', 'system_resources_not_exclusive']"
bicg,cova_llvm_cpu,default,fresh_process,observed,0.13915863251895644,bicg,316658e292d02e63abcfdf443be60bbb58c10d82,2,2,16d618b4e97f8f1b6191fe3f76123e77b6b198e5982ffa6fbd2528fa69701078,77e9adb788612e39af05a751b80c16198c5c53c1997f2c21ca5d1cefa59811c3,['cpu'],"['reference_not_ranking', 'historical_competitors_not_rerun', 'system_resources_not_exclusive']"
bicg,cova_llvm_cpu,default,same_process,observed,0.10211586602963507,bicg,316658e292d02e63abcfdf443be60bbb58c10d82,6,3,16d618b4e97f8f1b6191fe3f76123e77b6b198e5982ffa6fbd2528fa69701078,77e9adb788612e39af05a751b80c16198c5c53c1997f2c21ca5d1cefa59811c3,['cpu'],"['reference_not_ranking', 'historical_competitors_not_rerun', 'system_resources_not_exclusive']"
bicg,cova_openmp_gpu,default,initialization,observed,6.86120700702304,bicg,316658e292d02e63abcfdf443be60bbb58c10d82,1,1,16d618b4e97f8f1b6191fe3f76123e77b6b198e5982ffa6fbd2528fa69701078,77e9adb788612e39af05a751b80c16198c5c53c1997f2c21ca5d1cefa59811c3,['gpu'],"['reference_not_ranking', 'historical_competitors_not_rerun', 'system_resources_not_exclusive', 'gpu_placement_metadata_only']"
bicg,cova_openmp_gpu,default,fresh_process,observed,0.7292243624688126,bicg,316658e292d02e63abcfdf443be60bbb58c10d82,2,2,16d618b4e97f8f1b6191fe3f76123e77b6b198e5982ffa6fbd2528fa69701078,77e9adb788612e39af05a751b80c16198c5c53c1997f2c21ca5d1cefa59811c3,['gpu'],"['reference_not_ranking', 'historical_competitors_not_rerun', 'system_resources_not_exclusive', 'gpu_placement_metadata_only']"
bicg,cova_openmp_gpu,default,same_process,observed,0.36756096448516473,bicg,316658e292d02e63abcfdf443be60bbb58c10d82,6,3,16d618b4e97f8f1b6191fe3f76123e77b6b198e5982ffa6fbd2528fa69701078,77e9adb788612e39af05a751b80c16198c5c53c1997f2c21ca5d1cefa59811c3,['gpu'],"['reference_not_ranking', 'historical_competitors_not_rerun', 'system_resources_not_exclusive', 'gpu_placement_metadata_only']"
bicg,cova_llvm_gpu,default,initialization,observed,7.801636177056935,bicg,316658e292d02e63abcfdf443be60bbb58c10d82,1,1,16d618b4e97f8f1b6191fe3f76123e77b6b198e5982ffa6fbd2528fa69701078,77e9adb788612e39af05a751b80c16198c5c53c1997f2c21ca5d1cefa59811c3,['gpu'],"['reference_not_ranking', 'historical_competitors_not_rerun', 'system_resources_not_exclusive', 'gpu_placement_metadata_only']"
bicg,cova_llvm_gpu,default,fresh_process,observed,0.7194688679883257,bicg,316658e292d02e63abcfdf443be60bbb58c10d82,2,2,16d618b4e97f8f1b6191fe3f76123e77b6b198e5982ffa6fbd2528fa69701078,77e9adb788612e39af05a751b80c16198c5c53c1997f2c21ca5d1cefa59811c3,['gpu'],"['reference_not_ranking', 'historical_competitors_not_rerun', 'system_resources_not_exclusive', 'gpu_placement_metadata_only']"
bicg,cova_llvm_gpu,default,same_process,observed,0.3764613620005548,bicg,316658e292d02e63abcfdf443be60bbb58c10d82,6,3,16d618b4e97f8f1b6191fe3f76123e77b6b198e5982ffa6fbd2528fa69701078,77e9adb788612e39af05a751b80c16198c5c53c1997f2c21ca5d1cefa59811c3,['gpu'],"['reference_not_ranking', 'historical_competitors_not_rerun', 'system_resources_not_exclusive', 'gpu_placement_metadata_only']"
cavity_flow,cova_serial_cpu,default,initialization,observed,4.6087869930197485,cavity_flow,316658e292d02e63abcfdf443be60bbb58c10d82,1,1,210af7f0234bb993fa8cb9e063c162a3f185d3fc74aad9308835699b7e5a18da,33c1dcf4ea4c8afb398c3db57686f19a59239f440846cca31b92bee224e3c662,['cpu'],"['reference_not_ranking', 'historical_competitors_not_rerun', 'system_resources_not_exclusive']"
cavity_flow,cova_serial_cpu,default,fresh_process,observed,1.1120307920209598,cavity_flow,316658e292d02e63abcfdf443be60bbb58c10d82,2,2,210af7f0234bb993fa8cb9e063c162a3f185d3fc74aad9308835699b7e5a18da,33c1dcf4ea4c8afb398c3db57686f19a59239f440846cca31b92bee224e3c662,['cpu'],"['reference_not_ranking', 'historical_competitors_not_rerun', 'system_resources_not_exclusive']"
cavity_flow,cova_serial_cpu,default,same_process,observed,0.9007033210073132,cavity_flow,316658e292d02e63abcfdf443be60bbb58c10d82,6,3,210af7f0234bb993fa8cb9e063c162a3f185d3fc74aad9308835699b7e5a18da,33c1dcf4ea4c8afb398c3db57686f19a59239f440846cca31b92bee224e3c662,['cpu'],"['reference_not_ranking', 'historical_competitors_not_rerun', 'system_resources_not_exclusive']"
cavity_flow,cova_openmp_cpu,default,initialization,observed,4.815303580020554,cavity_flow,316658e292d02e63abcfdf443be60bbb58c10d82,1,1,210af7f0234bb993fa8cb9e063c162a3f185d3fc74aad9308835699b7e5a18da,33c1dcf4ea4c8afb398c3db57686f19a59239f440846cca31b92bee224e3c662,['cpu'],"['reference_not_ranking', 'historical_competitors_not_rerun', 'system_resources_not_exclusive']"
cavity_flow,cova_openmp_cpu,default,fresh_process,observed,0.6452562790072989,cavity_flow,316658e292d02e63abcfdf443be60bbb58c10d82,2,2,210af7f0234bb993fa8cb9e063c162a3f185d3fc74aad9308835699b7e5a18da,33c1dcf4ea4c8afb398c3db57686f19a59239f440846cca31b92bee224e3c662,['cpu'],"['reference_not_ranking', 'historical_competitors_not_rerun', 'system_resources_not_exclusive']"
cavity_flow,cova_openmp_cpu,default,same_process,observed,0.7775821800169069,cavity_flow,316658e292d02e63abcfdf443be60bbb58c10d82,6,3,210af7f0234bb993fa8cb9e063c162a3f185d3fc74aad9308835699b7e5a18da,33c1dcf4ea4c8afb398c3db57686f19a59239f440846cca31b92bee224e3c662,['cpu'],"['reference_not_ranking', 'historical_competitors_not_rerun', 'system_resources_not_exclusive']"
cavity_flow,cova_llvm_cpu_serial,default,initialization,observed,3.5056774569675326,cavity_flow,316658e292d02e63abcfdf443be60bbb58c10d82,1,1,210af7f0234bb993fa8cb9e063c162a3f185d3fc74aad9308835699b7e5a18da,33c1dcf4ea4c8afb398c3db57686f19a59239f440846cca31b92bee224e3c662,['cpu'],"['reference_not_ranking', 'historical_competitors_not_rerun', 'system_resources_not_exclusive']"
cavity_flow,cova_llvm_cpu_serial,default,fresh_process,observed,0.16382526900270022,cavity_flow,316658e292d02e63abcfdf443be60bbb58c10d82,2,2,210af7f0234bb993fa8cb9e063c162a3f185d3fc74aad9308835699b7e5a18da,33c1dcf4ea4c8afb398c3db57686f19a59239f440846cca31b92bee224e3c662,['cpu'],"['reference_not_ranking', 'historical_competitors_not_rerun', 'system_resources_not_exclusive']"
cavity_flow,cova_llvm_cpu_serial,default,same_process,observed,0.1388878399739042,cavity_flow,316658e292d02e63abcfdf443be60bbb58c10d82,6,3,210af7f0234bb993fa8cb9e063c162a3f185d3fc74aad9308835699b7e5a18da,33c1dcf4ea4c8afb398c3db57686f19a59239f440846cca31b92bee224e3c662,['cpu'],"['reference_not_ranking', 'historical_competitors_not_rerun', 'system_resources_not_exclusive']"
cavity_flow,cova_llvm_cpu,default,initialization,observed,4.605870341008995,cavity_flow,316658e292d02e63abcfdf443be60bbb58c10d82,1,1,210af7f0234bb993fa8cb9e063c162a3f185d3fc74aad9308835699b7e5a18da,33c1dcf4ea4c8afb398c3db57686f19a59239f440846cca31b92bee224e3c662,['cpu'],"['reference_not_ranking', 'historical_competitors_not_rerun', 'system_resources_not_exclusive']"
cavity_flow,cova_llvm_cpu,default,fresh_process,observed,0.3167816224740818,cavity_flow,316658e292d02e63abcfdf443be60bbb58c10d82,2,2,210af7f0234bb993fa8cb9e063c162a3f185d3fc74aad9308835699b7e5a18da,33c1dcf4ea4c8afb398c3db57686f19a59239f440846cca31b92bee224e3c662,['cpu'],"['reference_not_ranking', 'historical_competitors_not_rerun', 'system_resources_not_exclusive']"
cavity_flow,cova_llvm_cpu,default,same_process,observed,0.19602418949943967,cavity_flow,316658e292d02e63abcfdf443be60bbb58c10d82,6,3,210af7f0234bb993fa8cb9e063c162a3f185d3fc74aad9308835699b7e5a18da,33c1dcf4ea4c8afb398c3db57686f19a59239f440846cca31b92bee224e3c662,['cpu'],"['reference_not_ranking', 'historical_competitors_not_rerun', 'system_resources_not_exclusive']"
cavity_flow,cova_openmp_gpu,default,initialization,observed,6.9170449080411345,cavity_flow,316658e292d02e63abcfdf443be60bbb58c10d82,1,1,210af7f0234bb993fa8cb9e063c162a3f185d3fc74aad9308835699b7e5a18da,33c1dcf4ea4c8afb398c3db57686f19a59239f440846cca31b92bee224e3c662,['cpu'],"['reference_not_ranking', 'historical_competitors_not_rerun', 'system_resources_not_exclusive', 'gpu_placement_metadata_only']"
cavity_flow,cova_openmp_gpu,default,fresh_process,observed,0.6687126900069416,cavity_flow,316658e292d02e63abcfdf443be60bbb58c10d82,2,2,210af7f0234bb993fa8cb9e063c162a3f185d3fc74aad9308835699b7e5a18da,33c1dcf4ea4c8afb398c3db57686f19a59239f440846cca31b92bee224e3c662,['cpu'],"['reference_not_ranking', 'historical_competitors_not_rerun', 'system_resources_not_exclusive', 'gpu_placement_metadata_only']"
cavity_flow,cova_openmp_gpu,default,same_process,observed,0.6288747704820707,cavity_flow,316658e292d02e63abcfdf443be60bbb58c10d82,6,3,210af7f0234bb993fa8cb9e063c162a3f185d3fc74aad9308835699b7e5a18da,33c1dcf4ea4c8afb398c3db57686f19a59239f440846cca31b92bee224e3c662,['cpu'],"['reference_not_ranking', 'historical_competitors_not_rerun', 'system_resources_not_exclusive', 'gpu_placement_metadata_only']"
cavity_flow,cova_llvm_gpu,default,initialization,observed,31.30361433199141,cavity_flow,316658e292d02e63abcfdf443be60bbb58c10d82,1,1,210af7f0234bb993fa8cb9e063c162a3f185d3fc74aad9308835699b7e5a18da,33c1dcf4ea4c8afb398c3db57686f19a59239f440846cca31b92bee224e3c662,['mixed'],"['reference_not_ranking', 'historical_competitors_not_rerun', 'system_resources_not_exclusive', 'gpu_placement_metadata_only']"
cavity_flow,cova_llvm_gpu,default,fresh_process,observed,25.79709014398395,cavity_flow,316658e292d02e63abcfdf443be60bbb58c10d82,2,2,210af7f0234bb993fa8cb9e063c162a3f185d3fc74aad9308835699b7e5a18da,33c1dcf4ea4c8afb398c3db57686f19a59239f440846cca31b92bee224e3c662,['mixed'],"['reference_not_ranking', 'historical_competitors_not_rerun', 'system_resources_not_exclusive', 'gpu_placement_metadata_only']"
cavity_flow,cova_llvm_gpu,default,same_process,observed,25.365837457502494,cavity_flow,316658e292d02e63abcfdf443be60bbb58c10d82,6,3,210af7f0234bb993fa8cb9e063c162a3f185d3fc74aad9308835699b7e5a18da,33c1dcf4ea4c8afb398c3db57686f19a59239f440846cca31b92bee224e3c662,['mixed'],"['reference_not_ranking', 'historical_competitors_not_rerun', 'system_resources_not_exclusive', 'gpu_placement_metadata_only']"
channel_flow,cova_serial_cpu,default,initialization,observed,17.30399905698141,channel_flow,316658e292d02e63abcfdf443be60bbb58c10d82,1,1,a5826f86fe64a72734a89619a6e971effc8ed8ebe00f99337006d700704bed0f,131f13ee629eff4bbfc04696d2acdcf8be8c111de0037039e4ac5c934e15a280,['cpu'],"['reference_not_ranking', 'historical_competitors_not_rerun', 'system_resources_not_exclusive']"
channel_flow,cova_serial_cpu,default,fresh_process,observed,14.120281287527177,channel_flow,316658e292d02e63abcfdf443be60bbb58c10d82,2,2,a5826f86fe64a72734a89619a6e971effc8ed8ebe00f99337006d700704bed0f,131f13ee629eff4bbfc04696d2acdcf8be8c111de0037039e4ac5c934e15a280,['cpu'],"['reference_not_ranking', 'historical_competitors_not_rerun', 'system_resources_not_exclusive']"
channel_flow,cova_serial_cpu,default,same_process,observed,11.384409802005393,channel_flow,316658e292d02e63abcfdf443be60bbb58c10d82,6,3,a5826f86fe64a72734a89619a6e971effc8ed8ebe00f99337006d700704bed0f,131f13ee629eff4bbfc04696d2acdcf8be8c111de0037039e4ac5c934e15a280,['cpu'],"['reference_not_ranking', 'historical_competitors_not_rerun', 'system_resources_not_exclusive']"
channel_flow,cova_openmp_cpu,default,initialization,observed,12.84711489599431,channel_flow,316658e292d02e63abcfdf443be60bbb58c10d82,1,1,a5826f86fe64a72734a89619a6e971effc8ed8ebe00f99337006d700704bed0f,131f13ee629eff4bbfc04696d2acdcf8be8c111de0037039e4ac5c934e15a280,['cpu'],"['reference_not_ranking', 'historical_competitors_not_rerun', 'system_resources_not_exclusive']"
channel_flow,cova_openmp_cpu,default,fresh_process,observed,5.38391344549018,channel_flow,316658e292d02e63abcfdf443be60bbb58c10d82,2,2,a5826f86fe64a72734a89619a6e971effc8ed8ebe00f99337006d700704bed0f,131f13ee629eff4bbfc04696d2acdcf8be8c111de0037039e4ac5c934e15a280,['cpu'],"['reference_not_ranking', 'historical_competitors_not_rerun', 'system_resources_not_exclusive']"
channel_flow,cova_openmp_cpu,default,same_process,observed,4.037706638482632,channel_flow,316658e292d02e63abcfdf443be60bbb58c10d82,6,3,a5826f86fe64a72734a89619a6e971effc8ed8ebe00f99337006d700704bed0f,131f13ee629eff4bbfc04696d2acdcf8be8c111de0037039e4ac5c934e15a280,['cpu'],"['reference_not_ranking', 'historical_competitors_not_rerun', 'system_resources_not_exclusive']"
channel_flow,cova_llvm_cpu_serial,default,initialization,observed,10.442489973967895,channel_flow,316658e292d02e63abcfdf443be60bbb58c10d82,1,1,a5826f86fe64a72734a89619a6e971effc8ed8ebe00f99337006d700704bed0f,131f13ee629eff4bbfc04696d2acdcf8be8c111de0037039e4ac5c934e15a280,['cpu'],"['reference_not_ranking', 'historical_competitors_not_rerun', 'system_resources_not_exclusive']"
channel_flow,cova_llvm_cpu_serial,default,fresh_process,observed,1.5648477930226363,channel_flow,316658e292d02e63abcfdf443be60bbb58c10d82,2,2,a5826f86fe64a72734a89619a6e971effc8ed8ebe00f99337006d700704bed0f,131f13ee629eff4bbfc04696d2acdcf8be8c111de0037039e4ac5c934e15a280,['cpu'],"['reference_not_ranking', 'historical_competitors_not_rerun', 'system_resources_not_exclusive']"
channel_flow,cova_llvm_cpu_serial,default,same_process,observed,1.472992577997502,channel_flow,316658e292d02e63abcfdf443be60bbb58c10d82,6,3,a5826f86fe64a72734a89619a6e971effc8ed8ebe00f99337006d700704bed0f,131f13ee629eff4bbfc04696d2acdcf8be8c111de0037039e4ac5c934e15a280,['cpu'],"['reference_not_ranking', 'historical_competitors_not_rerun', 'system_resources_not_exclusive']"
channel_flow,cova_llvm_cpu,default,initialization,observed,14.573256350995507,channel_flow,316658e292d02e63abcfdf443be60bbb58c10d82,1,1,a5826f86fe64a72734a89619a6e971effc8ed8ebe00f99337006d700704bed0f,131f13ee629eff4bbfc04696d2acdcf8be8c111de0037039e4ac5c934e15a280,['cpu'],"['reference_not_ranking', 'historical_competitors_not_rerun', 'system_resources_not_exclusive']"
channel_flow,cova_llvm_cpu,default,fresh_process,observed,2.339502258982975,channel_flow,316658e292d02e63abcfdf443be60bbb58c10d82,2,2,a5826f86fe64a72734a89619a6e971effc8ed8ebe00f99337006d700704bed0f,131f13ee629eff4bbfc04696d2acdcf8be8c111de0037039e4ac5c934e15a280,['cpu'],"['reference_not_ranking', 'historical_competitors_not_rerun', 'system_resources_not_exclusive']"
channel_flow,cova_llvm_cpu,default,same_process,observed,1.6955694115313236,channel_flow,316658e292d02e63abcfdf443be60bbb58c10d82,6,3,a5826f86fe64a72734a89619a6e971effc8ed8ebe00f99337006d700704bed0f,131f13ee629eff4bbfc04696d2acdcf8be8c111de0037039e4ac5c934e15a280,['cpu'],"['reference_not_ranking', 'historical_competitors_not_rerun', 'system_resources_not_exclusive']"
channel_flow,cova_openmp_gpu,default,initialization,observed,14.841508847952355,channel_flow,316658e292d02e63abcfdf443be60bbb58c10d82,1,1,a5826f86fe64a72734a89619a6e971effc8ed8ebe00f99337006d700704bed0f,131f13ee629eff4bbfc04696d2acdcf8be8c111de0037039e4ac5c934e15a280,['cpu'],"['reference_not_ranking', 'historical_competitors_not_rerun', 'system_resources_not_exclusive', 'gpu_placement_metadata_only']"
channel_flow,cova_openmp_gpu,default,fresh_process,observed,5.33763176453067,channel_flow,316658e292d02e63abcfdf443be60bbb58c10d82,2,2,a5826f86fe64a72734a89619a6e971effc8ed8ebe00f99337006d700704bed0f,131f13ee629eff4bbfc04696d2acdcf8be8c111de0037039e4ac5c934e15a280,['cpu'],"['reference_not_ranking', 'historical_competitors_not_rerun', 'system_resources_not_exclusive', 'gpu_placement_metadata_only']"
channel_flow,cova_openmp_gpu,default,same_process,observed,4.707531997002661,channel_flow,316658e292d02e63abcfdf443be60bbb58c10d82,6,3,a5826f86fe64a72734a89619a6e971effc8ed8ebe00f99337006d700704bed0f,131f13ee629eff4bbfc04696d2acdcf8be8c111de0037039e4ac5c934e15a280,['cpu'],"['reference_not_ranking', 'historical_competitors_not_rerun', 'system_resources_not_exclusive', 'gpu_placement_metadata_only']"
channel_flow,cova_llvm_gpu,default,initialization,observed,336.36411629000213,channel_flow,316658e292d02e63abcfdf443be60bbb58c10d82,1,1,a5826f86fe64a72734a89619a6e971effc8ed8ebe00f99337006d700704bed0f,131f13ee629eff4bbfc04696d2acdcf8be8c111de0037039e4ac5c934e15a280,['mixed'],"['reference_not_ranking', 'historical_competitors_not_rerun', 'system_resources_not_exclusive', 'gpu_placement_metadata_only']"
channel_flow,cova_llvm_gpu,default,fresh_process,observed,327.0983605774818,channel_flow,316658e292d02e63abcfdf443be60bbb58c10d82,2,2,a5826f86fe64a72734a89619a6e971effc8ed8ebe00f99337006d700704bed0f,131f13ee629eff4bbfc04696d2acdcf8be8c111de0037039e4ac5c934e15a280,['mixed'],"['reference_not_ranking', 'historical_competitors_not_rerun', 'system_resources_not_exclusive', 'gpu_placement_metadata_only']"
channel_flow,cova_llvm_gpu,default,same_process,observed,326.905804150505,channel_flow,316658e292d02e63abcfdf443be60bbb58c10d82,6,3,a5826f86fe64a72734a89619a6e971effc8ed8ebe00f99337006d700704bed0f,131f13ee629eff4bbfc04696d2acdcf8be8c111de0037039e4ac5c934e15a280,['mixed'],"['reference_not_ranking', 'historical_competitors_not_rerun', 'system_resources_not_exclusive', 'gpu_placement_metadata_only']"
cholesky,cova_serial_cpu,default,initialization,observed,2.3112684299703687,cholesky,316658e292d02e63abcfdf443be60bbb58c10d82,1,1,56dfb1eba239c26e0b2a9d37a7e4204bca4b6420c1c6db5a29f0fa62a44c6bf8,4fbe26b28e30a4b50af30a63a5f1d483d8c2556910e84aba0ab6422938ce8d60,['cpu'],"['reference_not_ranking', 'historical_competitors_not_rerun', 'system_resources_not_exclusive']"
cholesky,cova_serial_cpu,default,fresh_process,observed,0.16650250300881453,cholesky,316658e292d02e63abcfdf443be60bbb58c10d82,2,2,56dfb1eba239c26e0b2a9d37a7e4204bca4b6420c1c6db5a29f0fa62a44c6bf8,4fbe26b28e30a4b50af30a63a5f1d483d8c2556910e84aba0ab6422938ce8d60,['cpu'],"['reference_not_ranking', 'historical_competitors_not_rerun', 'system_resources_not_exclusive']"
cholesky,cova_serial_cpu,default,same_process,observed,0.20967114699305966,cholesky,316658e292d02e63abcfdf443be60bbb58c10d82,6,3,56dfb1eba239c26e0b2a9d37a7e4204bca4b6420c1c6db5a29f0fa62a44c6bf8,4fbe26b28e30a4b50af30a63a5f1d483d8c2556910e84aba0ab6422938ce8d60,['cpu'],"['reference_not_ranking', 'historical_competitors_not_rerun', 'system_resources_not_exclusive']"
cholesky,cova_openmp_cpu,default,initialization,observed,2.5653253300115466,cholesky,316658e292d02e63abcfdf443be60bbb58c10d82,1,1,56dfb1eba239c26e0b2a9d37a7e4204bca4b6420c1c6db5a29f0fa62a44c6bf8,4fbe26b28e30a4b50af30a63a5f1d483d8c2556910e84aba0ab6422938ce8d60,['cpu'],"['reference_not_ranking', 'historical_competitors_not_rerun', 'system_resources_not_exclusive']"
cholesky,cova_openmp_cpu,default,fresh_process,observed,0.1659645939944312,cholesky,316658e292d02e63abcfdf443be60bbb58c10d82,2,2,56dfb1eba239c26e0b2a9d37a7e4204bca4b6420c1c6db5a29f0fa62a44c6bf8,4fbe26b28e30a4b50af30a63a5f1d483d8c2556910e84aba0ab6422938ce8d60,['cpu'],"['reference_not_ranking', 'historical_competitors_not_rerun', 'system_resources_not_exclusive']"
cholesky,cova_openmp_cpu,default,same_process,observed,0.20970846648560837,cholesky,316658e292d02e63abcfdf443be60bbb58c10d82,6,3,56dfb1eba239c26e0b2a9d37a7e4204bca4b6420c1c6db5a29f0fa62a44c6bf8,4fbe26b28e30a4b50af30a63a5f1d483d8c2556910e84aba0ab6422938ce8d60,['cpu'],"['reference_not_ranking', 'historical_competitors_not_rerun', 'system_resources_not_exclusive']"
cholesky,cova_llvm_cpu_serial,default,initialization,observed,1.9310878759715706,cholesky,316658e292d02e63abcfdf443be60bbb58c10d82,1,1,56dfb1eba239c26e0b2a9d37a7e4204bca4b6420c1c6db5a29f0fa62a44c6bf8,4fbe26b28e30a4b50af30a63a5f1d483d8c2556910e84aba0ab6422938ce8d60,['cpu'],"['reference_not_ranking', 'historical_competitors_not_rerun', 'system_resources_not_exclusive']"
cholesky,cova_llvm_cpu_serial,default,fresh_process,observed,0.1737878280109726,cholesky,316658e292d02e63abcfdf443be60bbb58c10d82,2,2,56dfb1eba239c26e0b2a9d37a7e4204bca4b6420c1c6db5a29f0fa62a44c6bf8,4fbe26b28e30a4b50af30a63a5f1d483d8c2556910e84aba0ab6422938ce8d60,['cpu'],"['reference_not_ranking', 'historical_competitors_not_rerun', 'system_resources_not_exclusive']"
cholesky,cova_llvm_cpu_serial,default,same_process,observed,0.2180386194959283,cholesky,316658e292d02e63abcfdf443be60bbb58c10d82,6,3,56dfb1eba239c26e0b2a9d37a7e4204bca4b6420c1c6db5a29f0fa62a44c6bf8,4fbe26b28e30a4b50af30a63a5f1d483d8c2556910e84aba0ab6422938ce8d60,['cpu'],"['reference_not_ranking', 'historical_competitors_not_rerun', 'system_resources_not_exclusive']"
cholesky,cova_llvm_cpu,default,initialization,observed,2.049466399999801,cholesky,316658e292d02e63abcfdf443be60bbb58c10d82,1,1,56dfb1eba239c26e0b2a9d37a7e4204bca4b6420c1c6db5a29f0fa62a44c6bf8,4fbe26b28e30a4b50af30a63a5f1d483d8c2556910e84aba0ab6422938ce8d60,['cpu'],"['reference_not_ranking', 'historical_competitors_not_rerun', 'system_resources_not_exclusive']"
cholesky,cova_llvm_cpu,default,fresh_process,observed,0.17487836701911874,cholesky,316658e292d02e63abcfdf443be60bbb58c10d82,2,2,56dfb1eba239c26e0b2a9d37a7e4204bca4b6420c1c6db5a29f0fa62a44c6bf8,4fbe26b28e30a4b50af30a63a5f1d483d8c2556910e84aba0ab6422938ce8d60,['cpu'],"['reference_not_ranking', 'historical_competitors_not_rerun', 'system_resources_not_exclusive']"
cholesky,cova_llvm_cpu,default,same_process,observed,0.21657321651582606,cholesky,316658e292d02e63abcfdf443be60bbb58c10d82,6,3,56dfb1eba239c26e0b2a9d37a7e4204bca4b6420c1c6db5a29f0fa62a44c6bf8,4fbe26b28e30a4b50af30a63a5f1d483d8c2556910e84aba0ab6422938ce8d60,['cpu'],"['reference_not_ranking', 'historical_competitors_not_rerun', 'system_resources_not_exclusive']"
cholesky,cova_openmp_gpu,default,initialization,observed,4.441374027985148,cholesky,316658e292d02e63abcfdf443be60bbb58c10d82,1,1,56dfb1eba239c26e0b2a9d37a7e4204bca4b6420c1c6db5a29f0fa62a44c6bf8,4fbe26b28e30a4b50af30a63a5f1d483d8c2556910e84aba0ab6422938ce8d60,['cpu'],"['reference_not_ranking', 'historical_competitors_not_rerun', 'system_resources_not_exclusive', 'gpu_placement_metadata_only']"
cholesky,cova_openmp_gpu,default,fresh_process,observed,0.21013171653612517,cholesky,316658e292d02e63abcfdf443be60bbb58c10d82,2,2,56dfb1eba239c26e0b2a9d37a7e4204bca4b6420c1c6db5a29f0fa62a44c6bf8,4fbe26b28e30a4b50af30a63a5f1d483d8c2556910e84aba0ab6422938ce8d60,['cpu'],"['reference_not_ranking', 'historical_competitors_not_rerun', 'system_resources_not_exclusive', 'gpu_placement_metadata_only']"
cholesky,cova_openmp_gpu,default,same_process,observed,0.17742371000349522,cholesky,316658e292d02e63abcfdf443be60bbb58c10d82,6,3,56dfb1eba239c26e0b2a9d37a7e4204bca4b6420c1c6db5a29f0fa62a44c6bf8,4fbe26b28e30a4b50af30a63a5f1d483d8c2556910e84aba0ab6422938ce8d60,['cpu'],"['reference_not_ranking', 'historical_competitors_not_rerun', 'system_resources_not_exclusive', 'gpu_placement_metadata_only']"
cholesky,cova_llvm_gpu,default,initialization,observed,13.774557988042943,cholesky,316658e292d02e63abcfdf443be60bbb58c10d82,1,1,56dfb1eba239c26e0b2a9d37a7e4204bca4b6420c1c6db5a29f0fa62a44c6bf8,4fbe26b28e30a4b50af30a63a5f1d483d8c2556910e84aba0ab6422938ce8d60,['mixed'],"['reference_not_ranking', 'historical_competitors_not_rerun', 'system_resources_not_exclusive', 'gpu_placement_metadata_only']"
cholesky,cova_llvm_gpu,default,fresh_process,observed,9.58430724349455,cholesky,316658e292d02e63abcfdf443be60bbb58c10d82,2,2,56dfb1eba239c26e0b2a9d37a7e4204bca4b6420c1c6db5a29f0fa62a44c6bf8,4fbe26b28e30a4b50af30a63a5f1d483d8c2556910e84aba0ab6422938ce8d60,['mixed'],"['reference_not_ranking', 'historical_competitors_not_rerun', 'system_resources_not_exclusive', 'gpu_placement_metadata_only']"
cholesky,cova_llvm_gpu,default,same_process,observed,9.358870558993658,cholesky,316658e292d02e63abcfdf443be60bbb58c10d82,6,3,56dfb1eba239c26e0b2a9d37a7e4204bca4b6420c1c6db5a29f0fa62a44c6bf8,4fbe26b28e30a4b50af30a63a5f1d483d8c2556910e84aba0ab6422938ce8d60,['mixed'],"['reference_not_ranking', 'historical_competitors_not_rerun', 'system_resources_not_exclusive', 'gpu_placement_metadata_only']"
cholesky2,cova_serial_cpu,default,initialization,error,,cholesky2,316658e292d02e63abcfdf443be60bbb58c10d82,0,0,d99d5b0becbfb22bf45157e320f447a583444c901fafb55b0e5b1a90147a5923,b9394a55df0718e0c2862384f101bc746b522dc7acfbed649b0716c8d79c2363,[],"['reference_not_ranking', 'historical_competitors_not_rerun', 'system_resources_not_exclusive']"
cholesky2,cova_serial_cpu,default,fresh_process,error,,cholesky2,316658e292d02e63abcfdf443be60bbb58c10d82,0,0,d99d5b0becbfb22bf45157e320f447a583444c901fafb55b0e5b1a90147a5923,b9394a55df0718e0c2862384f101bc746b522dc7acfbed649b0716c8d79c2363,[],"['reference_not_ranking', 'historical_competitors_not_rerun', 'system_resources_not_exclusive']"
cholesky2,cova_serial_cpu,default,same_process,error,,cholesky2,316658e292d02e63abcfdf443be60bbb58c10d82,0,0,d99d5b0becbfb22bf45157e320f447a583444c901fafb55b0e5b1a90147a5923,b9394a55df0718e0c2862384f101bc746b522dc7acfbed649b0716c8d79c2363,[],"['reference_not_ranking', 'historical_competitors_not_rerun', 'system_resources_not_exclusive']"
cholesky2,cova_openmp_cpu,default,initialization,error,,cholesky2,316658e292d02e63abcfdf443be60bbb58c10d82,0,0,d99d5b0becbfb22bf45157e320f447a583444c901fafb55b0e5b1a90147a5923,b9394a55df0718e0c2862384f101bc746b522dc7acfbed649b0716c8d79c2363,[],"['reference_not_ranking', 'historical_competitors_not_rerun', 'system_resources_not_exclusive']"
cholesky2,cova_openmp_cpu,default,fresh_process,error,,cholesky2,316658e292d02e63abcfdf443be60bbb58c10d82,0,0,d99d5b0becbfb22bf45157e320f447a583444c901fafb55b0e5b1a90147a5923,b9394a55df0718e0c2862384f101bc746b522dc7acfbed649b0716c8d79c2363,[],"['reference_not_ranking', 'historical_competitors_not_rerun', 'system_resources_not_exclusive']"
cholesky2,cova_openmp_cpu,default,same_process,error,,cholesky2,316658e292d02e63abcfdf443be60bbb58c10d82,0,0,d99d5b0becbfb22bf45157e320f447a583444c901fafb55b0e5b1a90147a5923,b9394a55df0718e0c2862384f101bc746b522dc7acfbed649b0716c8d79c2363,[],"['reference_not_ranking', 'historical_competitors_not_rerun', 'system_resources_not_exclusive']"
cholesky2,cova_llvm_cpu_serial,default,initialization,observed,7.828760172007605,cholesky2,316658e292d02e63abcfdf443be60bbb58c10d82,1,1,d99d5b0becbfb22bf45157e320f447a583444c901fafb55b0e5b1a90147a5923,b9394a55df0718e0c2862384f101bc746b522dc7acfbed649b0716c8d79c2363,['cpu'],"['reference_not_ranking', 'historical_competitors_not_rerun', 'system_resources_not_exclusive']"
cholesky2,cova_llvm_cpu_serial,default,fresh_process,observed,3.14949880700442,cholesky2,316658e292d02e63abcfdf443be60bbb58c10d82,2,2,d99d5b0becbfb22bf45157e320f447a583444c901fafb55b0e5b1a90147a5923,b9394a55df0718e0c2862384f101bc746b522dc7acfbed649b0716c8d79c2363,['cpu'],"['reference_not_ranking', 'historical_competitors_not_rerun', 'system_resources_not_exclusive']"
cholesky2,cova_llvm_cpu_serial,default,same_process,observed,3.1365473180194385,cholesky2,316658e292d02e63abcfdf443be60bbb58c10d82,6,3,d99d5b0becbfb22bf45157e320f447a583444c901fafb55b0e5b1a90147a5923,b9394a55df0718e0c2862384f101bc746b522dc7acfbed649b0716c8d79c2363,['cpu'],"['reference_not_ranking', 'historical_competitors_not_rerun', 'system_resources_not_exclusive']"
cholesky2,cova_llvm_cpu,default,initialization,observed,9.608855868049432,cholesky2,316658e292d02e63abcfdf443be60bbb58c10d82,1,1,d99d5b0becbfb22bf45157e320f447a583444c901fafb55b0e5b1a90147a5923,b9394a55df0718e0c2862384f101bc746b522dc7acfbed649b0716c8d79c2363,['cpu'],"['reference_not_ranking', 'historical_competitors_not_rerun', 'system_resources_not_exclusive']"
cholesky2,cova_llvm_cpu,default,fresh_process,observed,2.465233160997741,cholesky2,316658e292d02e63abcfdf443be60bbb58c10d82,2,2,d99d5b0becbfb22bf45157e320f447a583444c901fafb55b0e5b1a90147a5923,b9394a55df0718e0c2862384f101bc746b522dc7acfbed649b0716c8d79c2363,['cpu'],"['reference_not_ranking', 'historical_competitors_not_rerun', 'system_resources_not_exclusive']"
cholesky2,cova_llvm_cpu,default,same_process,observed,2.641565014491789,cholesky2,316658e292d02e63abcfdf443be60bbb58c10d82,6,3,d99d5b0becbfb22bf45157e320f447a583444c901fafb55b0e5b1a90147a5923,b9394a55df0718e0c2862384f101bc746b522dc7acfbed649b0716c8d79c2363,['cpu'],"['reference_not_ranking', 'historical_competitors_not_rerun', 'system_resources_not_exclusive']"
cholesky2,cova_openmp_gpu,default,initialization,error,,cholesky2,316658e292d02e63abcfdf443be60bbb58c10d82,0,0,d99d5b0becbfb22bf45157e320f447a583444c901fafb55b0e5b1a90147a5923,b9394a55df0718e0c2862384f101bc746b522dc7acfbed649b0716c8d79c2363,[],"['reference_not_ranking', 'historical_competitors_not_rerun', 'system_resources_not_exclusive', 'gpu_placement_metadata_only']"
cholesky2,cova_openmp_gpu,default,fresh_process,error,,cholesky2,316658e292d02e63abcfdf443be60bbb58c10d82,0,0,d99d5b0becbfb22bf45157e320f447a583444c901fafb55b0e5b1a90147a5923,b9394a55df0718e0c2862384f101bc746b522dc7acfbed649b0716c8d79c2363,[],"['reference_not_ranking', 'historical_competitors_not_rerun', 'system_resources_not_exclusive', 'gpu_placement_metadata_only']"
cholesky2,cova_openmp_gpu,default,same_process,error,,cholesky2,316658e292d02e63abcfdf443be60bbb58c10d82,0,0,d99d5b0becbfb22bf45157e320f447a583444c901fafb55b0e5b1a90147a5923,b9394a55df0718e0c2862384f101bc746b522dc7acfbed649b0716c8d79c2363,[],"['reference_not_ranking', 'historical_competitors_not_rerun', 'system_resources_not_exclusive', 'gpu_placement_metadata_only']"
cholesky2,cova_llvm_gpu,default,initialization,observed,8.778738741006237,cholesky2,316658e292d02e63abcfdf443be60bbb58c10d82,1,1,d99d5b0becbfb22bf45157e320f447a583444c901fafb55b0e5b1a90147a5923,b9394a55df0718e0c2862384f101bc746b522dc7acfbed649b0716c8d79c2363,['gpu'],"['reference_not_ranking', 'historical_competitors_not_rerun', 'system_resources_not_exclusive', 'gpu_placement_metadata_only']"
cholesky2,cova_llvm_gpu,default,fresh_process,observed,2.498668569489382,cholesky2,316658e292d02e63abcfdf443be60bbb58c10d82,2,2,d99d5b0becbfb22bf45157e320f447a583444c901fafb55b0e5b1a90147a5923,b9394a55df0718e0c2862384f101bc746b522dc7acfbed649b0716c8d79c2363,['gpu'],"['reference_not_ranking', 'historical_competitors_not_rerun', 'system_resources_not_exclusive', 'gpu_placement_metadata_only']"
cholesky2,cova_llvm_gpu,default,same_process,observed,1.9411257155006751,cholesky2,316658e292d02e63abcfdf443be60bbb58c10d82,6,3,d99d5b0becbfb22bf45157e320f447a583444c901fafb55b0e5b1a90147a5923,b9394a55df0718e0c2862384f101bc746b522dc7acfbed649b0716c8d79c2363,['gpu'],"['reference_not_ranking', 'historical_competitors_not_rerun', 'system_resources_not_exclusive', 'gpu_placement_metadata_only']"
compute,cova_serial_cpu,default,initialization,observed,12.119642113044392,compute,316658e292d02e63abcfdf443be60bbb58c10d82,1,1,edf335f51b0a6a5a63d4d1e8c77cdda9a31939cdf30081571adf738ae28f7732,c95ef8e4674e9795c2c4376c3b88240655d27d77a534d2db1cf991c275146691,['cpu'],"['reference_not_ranking', 'historical_competitors_not_rerun', 'system_resources_not_exclusive']"
compute,cova_serial_cpu,default,fresh_process,observed,9.202646627498325,compute,316658e292d02e63abcfdf443be60bbb58c10d82,2,2,edf335f51b0a6a5a63d4d1e8c77cdda9a31939cdf30081571adf738ae28f7732,c95ef8e4674e9795c2c4376c3b88240655d27d77a534d2db1cf991c275146691,['cpu'],"['reference_not_ranking', 'historical_competitors_not_rerun', 'system_resources_not_exclusive']"
compute,cova_serial_cpu,default,same_process,observed,2.97093873549602,compute,316658e292d02e63abcfdf443be60bbb58c10d82,6,3,edf335f51b0a6a5a63d4d1e8c77cdda9a31939cdf30081571adf738ae28f7732,c95ef8e4674e9795c2c4376c3b88240655d27d77a534d2db1cf991c275146691,['cpu'],"['reference_not_ranking', 'historical_competitors_not_rerun', 'system_resources_not_exclusive']"
compute,cova_openmp_cpu,default,initialization,observed,10.389759363024496,compute,316658e292d02e63abcfdf443be60bbb58c10d82,1,1,edf335f51b0a6a5a63d4d1e8c77cdda9a31939cdf30081571adf738ae28f7732,c95ef8e4674e9795c2c4376c3b88240655d27d77a534d2db1cf991c275146691,['cpu'],"['reference_not_ranking', 'historical_competitors_not_rerun', 'system_resources_not_exclusive']"
compute,cova_openmp_cpu,default,fresh_process,observed,7.409840510983486,compute,316658e292d02e63abcfdf443be60bbb58c10d82,2,2,edf335f51b0a6a5a63d4d1e8c77cdda9a31939cdf30081571adf738ae28f7732,c95ef8e4674e9795c2c4376c3b88240655d27d77a534d2db1cf991c275146691,['cpu'],"['reference_not_ranking', 'historical_competitors_not_rerun', 'system_resources_not_exclusive']"
compute,cova_openmp_cpu,default,same_process,observed,7.426268049515784,compute,316658e292d02e63abcfdf443be60bbb58c10d82,6,3,edf335f51b0a6a5a63d4d1e8c77cdda9a31939cdf30081571adf738ae28f7732,c95ef8e4674e9795c2c4376c3b88240655d27d77a534d2db1cf991c275146691,['cpu'],"['reference_not_ranking', 'historical_competitors_not_rerun', 'system_resources_not_exclusive']"
compute,cova_llvm_cpu_serial,default,initialization,observed,12.145466206013225,compute,316658e292d02e63abcfdf443be60bbb58c10d82,1,1,edf335f51b0a6a5a63d4d1e8c77cdda9a31939cdf30081571adf738ae28f7732,c95ef8e4674e9795c2c4376c3b88240655d27d77a534d2db1cf991c275146691,['cpu'],"['reference_not_ranking', 'historical_competitors_not_rerun', 'system_resources_not_exclusive']"
compute,cova_llvm_cpu_serial,default,fresh_process,observed,9.10307313350495,compute,316658e292d02e63abcfdf443be60bbb58c10d82,2,2,edf335f51b0a6a5a63d4d1e8c77cdda9a31939cdf30081571adf738ae28f7732,c95ef8e4674e9795c2c4376c3b88240655d27d77a534d2db1cf991c275146691,['cpu'],"['reference_not_ranking', 'historical_competitors_not_rerun', 'system_resources_not_exclusive']"
compute,cova_llvm_cpu_serial,default,same_process,observed,9.451133397466037,compute,316658e292d02e63abcfdf443be60bbb58c10d82,6,3,edf335f51b0a6a5a63d4d1e8c77cdda9a31939cdf30081571adf738ae28f7732,c95ef8e4674e9795c2c4376c3b88240655d27d77a534d2db1cf991c275146691,['cpu'],"['reference_not_ranking', 'historical_competitors_not_rerun', 'system_resources_not_exclusive']"
compute,cova_llvm_cpu,default,initialization,observed,13.74166439200053,compute,316658e292d02e63abcfdf443be60bbb58c10d82,1,1,edf335f51b0a6a5a63d4d1e8c77cdda9a31939cdf30081571adf738ae28f7732,c95ef8e4674e9795c2c4376c3b88240655d27d77a534d2db1cf991c275146691,['cpu'],"['reference_not_ranking', 'historical_competitors_not_rerun', 'system_resources_not_exclusive']"
compute,cova_llvm_cpu,default,fresh_process,observed,9.732245926483301,compute,316658e292d02e63abcfdf443be60bbb58c10d82,2,2,edf335f51b0a6a5a63d4d1e8c77cdda9a31939cdf30081571adf738ae28f7732,c95ef8e4674e9795c2c4376c3b88240655d27d77a534d2db1cf991c275146691,['cpu'],"['reference_not_ranking', 'historical_competitors_not_rerun', 'system_resources_not_exclusive']"
compute,cova_llvm_cpu,default,same_process,observed,9.863757560495287,compute,316658e292d02e63abcfdf443be60bbb58c10d82,6,3,edf335f51b0a6a5a63d4d1e8c77cdda9a31939cdf30081571adf738ae28f7732,c95ef8e4674e9795c2c4376c3b88240655d27d77a534d2db1cf991c275146691,['cpu'],"['reference_not_ranking', 'historical_competitors_not_rerun', 'system_resources_not_exclusive']"
compute,cova_openmp_gpu,default,initialization,observed,40.357755548960995,compute,316658e292d02e63abcfdf443be60bbb58c10d82,1,1,edf335f51b0a6a5a63d4d1e8c77cdda9a31939cdf30081571adf738ae28f7732,c95ef8e4674e9795c2c4376c3b88240655d27d77a534d2db1cf991c275146691,['gpu'],"['reference_not_ranking', 'historical_competitors_not_rerun', 'system_resources_not_exclusive', 'gpu_placement_metadata_only']"
compute,cova_openmp_gpu,default,fresh_process,observed,33.89807266849675,compute,316658e292d02e63abcfdf443be60bbb58c10d82,2,2,edf335f51b0a6a5a63d4d1e8c77cdda9a31939cdf30081571adf738ae28f7732,c95ef8e4674e9795c2c4376c3b88240655d27d77a534d2db1cf991c275146691,['gpu'],"['reference_not_ranking', 'historical_competitors_not_rerun', 'system_resources_not_exclusive', 'gpu_placement_metadata_only']"
compute,cova_openmp_gpu,default,same_process,observed,33.50937567502842,compute,316658e292d02e63abcfdf443be60bbb58c10d82,6,3,edf335f51b0a6a5a63d4d1e8c77cdda9a31939cdf30081571adf738ae28f7732,c95ef8e4674e9795c2c4376c3b88240655d27d77a534d2db1cf991c275146691,['gpu'],"['reference_not_ranking', 'historical_competitors_not_rerun', 'system_resources_not_exclusive', 'gpu_placement_metadata_only']"
compute,cova_llvm_gpu,default,initialization,observed,8.237526861019433,compute,316658e292d02e63abcfdf443be60bbb58c10d82,1,1,edf335f51b0a6a5a63d4d1e8c77cdda9a31939cdf30081571adf738ae28f7732,c95ef8e4674e9795c2c4376c3b88240655d27d77a534d2db1cf991c275146691,['gpu'],"['reference_not_ranking', 'historical_competitors_not_rerun', 'system_resources_not_exclusive', 'gpu_placement_metadata_only']"
compute,cova_llvm_gpu,default,fresh_process,observed,3.9715324460121337,compute,316658e292d02e63abcfdf443be60bbb58c10d82,2,2,edf335f51b0a6a5a63d4d1e8c77cdda9a31939cdf30081571adf738ae28f7732,c95ef8e4674e9795c2c4376c3b88240655d27d77a534d2db1cf991c275146691,['gpu'],"['reference_not_ranking', 'historical_competitors_not_rerun', 'system_resources_not_exclusive', 'gpu_placement_metadata_only']"
compute,cova_llvm_gpu,default,same_process,observed,3.649338261486264,compute,316658e292d02e63abcfdf443be60bbb58c10d82,6,3,edf335f51b0a6a5a63d4d1e8c77cdda9a31939cdf30081571adf738ae28f7732,c95ef8e4674e9795c2c4376c3b88240655d27d77a534d2db1cf991c275146691,['gpu'],"['reference_not_ranking', 'historical_competitors_not_rerun', 'system_resources_not_exclusive', 'gpu_placement_metadata_only']"
contour_integral,cova_serial_cpu,default,initialization,error,,contour_integral,316658e292d02e63abcfdf443be60bbb58c10d82,0,0,b7bd5d51e17faaa7d7b471e2377876f282bd7deed775cb160db56f12df313057,96e60b8e822b16860d5bd015f984ac2828ce239aab0d0628d36a60c7c4be7697,[],"['reference_not_ranking', 'historical_competitors_not_rerun', 'system_resources_not_exclusive']"
contour_integral,cova_serial_cpu,default,fresh_process,error,,contour_integral,316658e292d02e63abcfdf443be60bbb58c10d82,0,0,b7bd5d51e17faaa7d7b471e2377876f282bd7deed775cb160db56f12df313057,96e60b8e822b16860d5bd015f984ac2828ce239aab0d0628d36a60c7c4be7697,[],"['reference_not_ranking', 'historical_competitors_not_rerun', 'system_resources_not_exclusive']"
contour_integral,cova_serial_cpu,default,same_process,error,,contour_integral,316658e292d02e63abcfdf443be60bbb58c10d82,0,0,b7bd5d51e17faaa7d7b471e2377876f282bd7deed775cb160db56f12df313057,96e60b8e822b16860d5bd015f984ac2828ce239aab0d0628d36a60c7c4be7697,[],"['reference_not_ranking', 'historical_competitors_not_rerun', 'system_resources_not_exclusive']"
contour_integral,cova_openmp_cpu,default,initialization,error,,contour_integral,316658e292d02e63abcfdf443be60bbb58c10d82,0,0,b7bd5d51e17faaa7d7b471e2377876f282bd7deed775cb160db56f12df313057,96e60b8e822b16860d5bd015f984ac2828ce239aab0d0628d36a60c7c4be7697,[],"['reference_not_ranking', 'historical_competitors_not_rerun', 'system_resources_not_exclusive']"
contour_integral,cova_openmp_cpu,default,fresh_process,error,,contour_integral,316658e292d02e63abcfdf443be60bbb58c10d82,0,0,b7bd5d51e17faaa7d7b471e2377876f282bd7deed775cb160db56f12df313057,96e60b8e822b16860d5bd015f984ac2828ce239aab0d0628d36a60c7c4be7697,[],"['reference_not_ranking', 'historical_competitors_not_rerun', 'system_resources_not_exclusive']"
contour_integral,cova_openmp_cpu,default,same_process,error,,contour_integral,316658e292d02e63abcfdf443be60bbb58c10d82,0,0,b7bd5d51e17faaa7d7b471e2377876f282bd7deed775cb160db56f12df313057,96e60b8e822b16860d5bd015f984ac2828ce239aab0d0628d36a60c7c4be7697,[],"['reference_not_ranking', 'historical_competitors_not_rerun', 'system_resources_not_exclusive']"
contour_integral,cova_llvm_cpu_serial,default,initialization,observed,6.149953564046882,contour_integral,316658e292d02e63abcfdf443be60bbb58c10d82,1,1,b7bd5d51e17faaa7d7b471e2377876f282bd7deed775cb160db56f12df313057,96e60b8e822b16860d5bd015f984ac2828ce239aab0d0628d36a60c7c4be7697,['cpu'],"['reference_not_ranking', 'historical_competitors_not_rerun', 'system_resources_not_exclusive']"
contour_integral,cova_llvm_cpu_serial,default,fresh_process,observed,1.0914356995199341,contour_integral,316658e292d02e63abcfdf443be60bbb58c10d82,2,2,b7bd5d51e17faaa7d7b471e2377876f282bd7deed775cb160db56f12df313057,96e60b8e822b16860d5bd015f984ac2828ce239aab0d0628d36a60c7c4be7697,['cpu'],"['reference_not_ranking', 'historical_competitors_not_rerun', 'system_resources_not_exclusive']"
contour_integral,cova_llvm_cpu_serial,default,same_process,observed,0.9640861325024161,contour_integral,316658e292d02e63abcfdf443be60bbb58c10d82,6,3,b7bd5d51e17faaa7d7b471e2377876f282bd7deed775cb160db56f12df313057,96e60b8e822b16860d5bd015f984ac2828ce239aab0d0628d36a60c7c4be7697,['cpu'],"['reference_not_ranking', 'historical_competitors_not_rerun', 'system_resources_not_exclusive']"
contour_integral,cova_llvm_cpu,default,initialization,observed,11.724238055991009,contour_integral,316658e292d02e63abcfdf443be60bbb58c10d82,1,1,b7bd5d51e17faaa7d7b471e2377876f282bd7deed775cb160db56f12df313057,96e60b8e822b16860d5bd015f984ac2828ce239aab0d0628d36a60c7c4be7697,['cpu'],"['reference_not_ranking', 'historical_competitors_not_rerun', 'system_resources_not_exclusive']"
contour_integral,cova_llvm_cpu,default,fresh_process,observed,4.561188263993245,contour_integral,316658e292d02e63abcfdf443be60bbb58c10d82,2,2,b7bd5d51e17faaa7d7b471e2377876f282bd7deed775cb160db56f12df313057,96e60b8e822b16860d5bd015f984ac2828ce239aab0d0628d36a60c7c4be7697,['cpu'],"['reference_not_ranking', 'historical_competitors_not_rerun', 'system_resources_not_exclusive']"
contour_integral,cova_llvm_cpu,default,same_process,observed,4.174057433003327,contour_integral,316658e292d02e63abcfdf443be60bbb58c10d82,6,3,b7bd5d51e17faaa7d7b471e2377876f282bd7deed775cb160db56f12df313057,96e60b8e822b16860d5bd015f984ac2828ce239aab0d0628d36a60c7c4be7697,['cpu'],"['reference_not_ranking', 'historical_competitors_not_rerun', 'system_resources_not_exclusive']"
contour_integral,cova_openmp_gpu,default,initialization,error,,contour_integral,316658e292d02e63abcfdf443be60bbb58c10d82,0,0,b7bd5d51e17faaa7d7b471e2377876f282bd7deed775cb160db56f12df313057,96e60b8e822b16860d5bd015f984ac2828ce239aab0d0628d36a60c7c4be7697,[],"['reference_not_ranking', 'historical_competitors_not_rerun', 'system_resources_not_exclusive', 'gpu_placement_metadata_only']"
contour_integral,cova_openmp_gpu,default,fresh_process,error,,contour_integral,316658e292d02e63abcfdf443be60bbb58c10d82,0,0,b7bd5d51e17faaa7d7b471e2377876f282bd7deed775cb160db56f12df313057,96e60b8e822b16860d5bd015f984ac2828ce239aab0d0628d36a60c7c4be7697,[],"['reference_not_ranking', 'historical_competitors_not_rerun', 'system_resources_not_exclusive', 'gpu_placement_metadata_only']"
contour_integral,cova_openmp_gpu,default,same_process,error,,contour_integral,316658e292d02e63abcfdf443be60bbb58c10d82,0,0,b7bd5d51e17faaa7d7b471e2377876f282bd7deed775cb160db56f12df313057,96e60b8e822b16860d5bd015f984ac2828ce239aab0d0628d36a60c7c4be7697,[],"['reference_not_ranking', 'historical_competitors_not_rerun', 'system_resources_not_exclusive', 'gpu_placement_metadata_only']"
contour_integral,cova_llvm_gpu,default,initialization,observed,10.17889894999098,contour_integral,316658e292d02e63abcfdf443be60bbb58c10d82,1,1,b7bd5d51e17faaa7d7b471e2377876f282bd7deed775cb160db56f12df313057,96e60b8e822b16860d5bd015f984ac2828ce239aab0d0628d36a60c7c4be7697,['mixed'],"['reference_not_ranking', 'historical_competitors_not_rerun', 'system_resources_not_exclusive', 'gpu_placement_metadata_only']"
contour_integral,cova_llvm_gpu,default,fresh_process,observed,2.8505940665199887,contour_integral,316658e292d02e63abcfdf443be60bbb58c10d82,2,2,b7bd5d51e17faaa7d7b471e2377876f282bd7deed775cb160db56f12df313057,96e60b8e822b16860d5bd015f984ac2828ce239aab0d0628d36a60c7c4be7697,['mixed'],"['reference_not_ranking', 'historical_competitors_not_rerun', 'system_resources_not_exclusive', 'gpu_placement_metadata_only']"
contour_integral,cova_llvm_gpu,default,same_process,observed,2.275198258983437,contour_integral,316658e292d02e63abcfdf443be60bbb58c10d82,6,3,b7bd5d51e17faaa7d7b471e2377876f282bd7deed775cb160db56f12df313057,96e60b8e822b16860d5bd015f984ac2828ce239aab0d0628d36a60c7c4be7697,['mixed'],"['reference_not_ranking', 'historical_competitors_not_rerun', 'system_resources_not_exclusive', 'gpu_placement_metadata_only']"
conv2d_bias,cova_serial_cpu,default,initialization,observed,3.980737528996542,conv2d_bias,316658e292d02e63abcfdf443be60bbb58c10d82,1,1,c47a0f873d63acc5fa1d36e1061d8e90bf59c5186703fc221aaf46384c6dbae8,3652f4ad2c784bef2f715b7aa13d7e3a9d461dbdbed77498119dc3c0f00cc660,['cpu'],"['reference_not_ranking', 'historical_competitors_not_rerun', 'system_resources_not_exclusive']"
conv2d_bias,cova_serial_cpu,default,fresh_process,observed,0.10137631100951694,conv2d_bias,316658e292d02e63abcfdf443be60bbb58c10d82,2,2,c47a0f873d63acc5fa1d36e1061d8e90bf59c5186703fc221aaf46384c6dbae8,3652f4ad2c784bef2f715b7aa13d7e3a9d461dbdbed77498119dc3c0f00cc660,['cpu'],"['reference_not_ranking', 'historical_competitors_not_rerun', 'system_resources_not_exclusive']"
conv2d_bias,cova_serial_cpu,default,same_process,observed,0.1017744634882547,conv2d_bias,316658e292d02e63abcfdf443be60bbb58c10d82,6,3,c47a0f873d63acc5fa1d36e1061d8e90bf59c5186703fc221aaf46384c6dbae8,3652f4ad2c784bef2f715b7aa13d7e3a9d461dbdbed77498119dc3c0f00cc660,['cpu'],"['reference_not_ranking', 'historical_competitors_not_rerun', 'system_resources_not_exclusive']"
conv2d_bias,cova_openmp_cpu,default,initialization,observed,4.11174966202816,conv2d_bias,316658e292d02e63abcfdf443be60bbb58c10d82,1,1,c47a0f873d63acc5fa1d36e1061d8e90bf59c5186703fc221aaf46384c6dbae8,3652f4ad2c784bef2f715b7aa13d7e3a9d461dbdbed77498119dc3c0f00cc660,['cpu'],"['reference_not_ranking', 'historical_competitors_not_rerun', 'system_resources_not_exclusive']"
conv2d_bias,cova_openmp_cpu,default,fresh_process,observed,0.11291563100530766,conv2d_bias,316658e292d02e63abcfdf443be60bbb58c10d82,2,2,c47a0f873d63acc5fa1d36e1061d8e90bf59c5186703fc221aaf46384c6dbae8,3652f4ad2c784bef2f715b7aa13d7e3a9d461dbdbed77498119dc3c0f00cc660,['cpu'],"['reference_not_ranking', 'historical_competitors_not_rerun', 'system_resources_not_exclusive']"
conv2d_bias,cova_openmp_cpu,default,same_process,observed,0.10609827502048574,conv2d_bias,316658e292d02e63abcfdf443be60bbb58c10d82,6,3,c47a0f873d63acc5fa1d36e1061d8e90bf59c5186703fc221aaf46384c6dbae8,3652f4ad2c784bef2f715b7aa13d7e3a9d461dbdbed77498119dc3c0f00cc660,['cpu'],"['reference_not_ranking', 'historical_competitors_not_rerun', 'system_resources_not_exclusive']"
conv2d_bias,cova_llvm_cpu_serial,default,initialization,observed,2.2483936870121397,conv2d_bias,316658e292d02e63abcfdf443be60bbb58c10d82,1,1,c47a0f873d63acc5fa1d36e1061d8e90bf59c5186703fc221aaf46384c6dbae8,3652f4ad2c784bef2f715b7aa13d7e3a9d461dbdbed77498119dc3c0f00cc660,['cpu'],"['reference_not_ranking', 'historical_competitors_not_rerun', 'system_resources_not_exclusive']"
conv2d_bias,cova_llvm_cpu_serial,default,fresh_process,observed,0.10454054799629375,conv2d_bias,316658e292d02e63abcfdf443be60bbb58c10d82,2,2,c47a0f873d63acc5fa1d36e1061d8e90bf59c5186703fc221aaf46384c6dbae8,3652f4ad2c784bef2f715b7aa13d7e3a9d461dbdbed77498119dc3c0f00cc660,['cpu'],"['reference_not_ranking', 'historical_competitors_not_rerun', 'system_resources_not_exclusive']"
conv2d_bias,cova_llvm_cpu_serial,default,same_process,observed,0.12423701549414545,conv2d_bias,316658e292d02e63abcfdf443be60bbb58c10d82,6,3,c47a0f873d63acc5fa1d36e1061d8e90bf59c5186703fc221aaf46384c6dbae8,3652f4ad2c784bef2f715b7aa13d7e3a9d461dbdbed77498119dc3c0f00cc660,['cpu'],"['reference_not_ranking', 'historical_competitors_not_rerun', 'system_resources_not_exclusive']"
conv2d_bias,cova_llvm_cpu,default,initialization,observed,2.2315642729518004,conv2d_bias,316658e292d02e63abcfdf443be60bbb58c10d82,1,1,c47a0f873d63acc5fa1d36e1061d8e90bf59c5186703fc221aaf46384c6dbae8,3652f4ad2c784bef2f715b7aa13d7e3a9d461dbdbed77498119dc3c0f00cc660,['cpu'],"['reference_not_ranking', 'historical_competitors_not_rerun', 'system_resources_not_exclusive']"
conv2d_bias,cova_llvm_cpu,default,fresh_process,observed,0.137900288507808,conv2d_bias,316658e292d02e63abcfdf443be60bbb58c10d82,2,2,c47a0f873d63acc5fa1d36e1061d8e90bf59c5186703fc221aaf46384c6dbae8,3652f4ad2c784bef2f715b7aa13d7e3a9d461dbdbed77498119dc3c0f00cc660,['cpu'],"['reference_not_ranking', 'historical_competitors_not_rerun', 'system_resources_not_exclusive']"
conv2d_bias,cova_llvm_cpu,default,same_process,observed,0.11938872700557113,conv2d_bias,316658e292d02e63abcfdf443be60bbb58c10d82,6,3,c47a0f873d63acc5fa1d36e1061d8e90bf59c5186703fc221aaf46384c6dbae8,3652f4ad2c784bef2f715b7aa13d7e3a9d461dbdbed77498119dc3c0f00cc660,['cpu'],"['reference_not_ranking', 'historical_competitors_not_rerun', 'system_resources_not_exclusive']"
conv2d_bias,cova_openmp_gpu,default,initialization,observed,7.276531649986282,conv2d_bias,316658e292d02e63abcfdf443be60bbb58c10d82,1,1,c47a0f873d63acc5fa1d36e1061d8e90bf59c5186703fc221aaf46384c6dbae8,3652f4ad2c784bef2f715b7aa13d7e3a9d461dbdbed77498119dc3c0f00cc660,['gpu'],"['reference_not_ranking', 'historical_competitors_not_rerun', 'system_resources_not_exclusive', 'gpu_placement_metadata_only']"
conv2d_bias,cova_openmp_gpu,default,fresh_process,observed,0.2683588405197952,conv2d_bias,316658e292d02e63abcfdf443be60bbb58c10d82,2,2,c47a0f873d63acc5fa1d36e1061d8e90bf59c5186703fc221aaf46384c6dbae8,3652f4ad2c784bef2f715b7aa13d7e3a9d461dbdbed77498119dc3c0f00cc660,['gpu'],"['reference_not_ranking', 'historical_competitors_not_rerun', 'system_resources_not_exclusive', 'gpu_placement_metadata_only']"
conv2d_bias,cova_openmp_gpu,default,same_process,observed,0.040939034515758976,conv2d_bias,316658e292d02e63abcfdf443be60bbb58c10d82,6,3,c47a0f873d63acc5fa1d36e1061d8e90bf59c5186703fc221aaf46384c6dbae8,3652f4ad2c784bef2f715b7aa13d7e3a9d461dbdbed77498119dc3c0f00cc660,['gpu'],"['reference_not_ranking', 'historical_competitors_not_rerun', 'system_resources_not_exclusive', 'gpu_placement_metadata_only']"
conv2d_bias,cova_llvm_gpu,default,initialization,observed,19.486852500995155,conv2d_bias,316658e292d02e63abcfdf443be60bbb58c10d82,1,1,c47a0f873d63acc5fa1d36e1061d8e90bf59c5186703fc221aaf46384c6dbae8,3652f4ad2c784bef2f715b7aa13d7e3a9d461dbdbed77498119dc3c0f00cc660,['mixed'],"['reference_not_ranking', 'historical_competitors_not_rerun', 'system_resources_not_exclusive', 'gpu_placement_metadata_only']"
conv2d_bias,cova_llvm_gpu,default,fresh_process,observed,16.151489486015635,conv2d_bias,316658e292d02e63abcfdf443be60bbb58c10d82,2,2,c47a0f873d63acc5fa1d36e1061d8e90bf59c5186703fc221aaf46384c6dbae8,3652f4ad2c784bef2f715b7aa13d7e3a9d461dbdbed77498119dc3c0f00cc660,['mixed'],"['reference_not_ranking', 'historical_competitors_not_rerun', 'system_resources_not_exclusive', 'gpu_placement_metadata_only']"
conv2d_bias,cova_llvm_gpu,default,same_process,observed,14.685792842501542,conv2d_bias,316658e292d02e63abcfdf443be60bbb58c10d82,6,3,c47a0f873d63acc5fa1d36e1061d8e90bf59c5186703fc221aaf46384c6dbae8,3652f4ad2c784bef2f715b7aa13d7e3a9d461dbdbed77498119dc3c0f00cc660,['mixed'],"['reference_not_ranking', 'historical_competitors_not_rerun', 'system_resources_not_exclusive', 'gpu_placement_metadata_only']"
correlation,cova_serial_cpu,default,initialization,observed,99.9905506039504,correlation,316658e292d02e63abcfdf443be60bbb58c10d82,1,1,5bed53d94756b29d6c326b3510b9e7380e2b6d4931a68ec824535ca294b9c166,90af084039550dbfa1b2c0aafc8d4694c42209b191fd5b47f0314658efaf5513,['cpu'],"['reference_not_ranking', 'historical_competitors_not_rerun', 'system_resources_not_exclusive']"
correlation,cova_serial_cpu,default,fresh_process,observed,98.33256652450655,correlation,316658e292d02e63abcfdf443be60bbb58c10d82,2,2,5bed53d94756b29d6c326b3510b9e7380e2b6d4931a68ec824535ca294b9c166,90af084039550dbfa1b2c0aafc8d4694c42209b191fd5b47f0314658efaf5513,['cpu'],"['reference_not_ranking', 'historical_competitors_not_rerun', 'system_resources_not_exclusive']"
correlation,cova_serial_cpu,default,same_process,observed,89.87649568699999,correlation,316658e292d02e63abcfdf443be60bbb58c10d82,6,3,5bed53d94756b29d6c326b3510b9e7380e2b6d4931a68ec824535ca294b9c166,90af084039550dbfa1b2c0aafc8d4694c42209b191fd5b47f0314658efaf5513,['cpu'],"['reference_not_ranking', 'historical_competitors_not_rerun', 'system_resources_not_exclusive']"
correlation,cova_openmp_cpu,default,initialization,observed,68.36467212799471,correlation,316658e292d02e63abcfdf443be60bbb58c10d82,1,1,5bed53d94756b29d6c326b3510b9e7380e2b6d4931a68ec824535ca294b9c166,90af084039550dbfa1b2c0aafc8d4694c42209b191fd5b47f0314658efaf5513,['cpu'],"['reference_not_ranking', 'historical_competitors_not_rerun', 'system_resources_not_exclusive']"
correlation,cova_openmp_cpu,default,fresh_process,observed,66.75781227400876,correlation,316658e292d02e63abcfdf443be60bbb58c10d82,2,2,5bed53d94756b29d6c326b3510b9e7380e2b6d4931a68ec824535ca294b9c166,90af084039550dbfa1b2c0aafc8d4694c42209b191fd5b47f0314658efaf5513,['cpu'],"['reference_not_ranking', 'historical_competitors_not_rerun', 'system_resources_not_exclusive']"
correlation,cova_openmp_cpu,default,same_process,observed,65.32997752449592,correlation,316658e292d02e63abcfdf443be60bbb58c10d82,6,3,5bed53d94756b29d6c326b3510b9e7380e2b6d4931a68ec824535ca294b9c166,90af084039550dbfa1b2c0aafc8d4694c42209b191fd5b47f0314658efaf5513,['cpu'],"['reference_not_ranking', 'historical_competitors_not_rerun', 'system_resources_not_exclusive']"
correlation,cova_llvm_cpu_serial,default,initialization,observed,7.730196190997958,correlation,316658e292d02e63abcfdf443be60bbb58c10d82,1,1,5bed53d94756b29d6c326b3510b9e7380e2b6d4931a68ec824535ca294b9c166,90af084039550dbfa1b2c0aafc8d4694c42209b191fd5b47f0314658efaf5513,['cpu'],"['reference_not_ranking', 'historical_competitors_not_rerun', 'system_resources_not_exclusive']"
correlation,cova_llvm_cpu_serial,default,fresh_process,observed,3.1520599805226084,correlation,316658e292d02e63abcfdf443be60bbb58c10d82,2,2,5bed53d94756b29d6c326b3510b9e7380e2b6d4931a68ec824535ca294b9c166,90af084039550dbfa1b2c0aafc8d4694c42209b191fd5b47f0314658efaf5513,['cpu'],"['reference_not_ranking', 'historical_competitors_not_rerun', 'system_resources_not_exclusive']"
correlation,cova_llvm_cpu_serial,default,same_process,observed,2.9639283739961684,correlation,316658e292d02e63abcfdf443be60bbb58c10d82,6,3,5bed53d94756b29d6c326b3510b9e7380e2b6d4931a68ec824535ca294b9c166,90af084039550dbfa1b2c0aafc8d4694c42209b191fd5b47f0314658efaf5513,['cpu'],"['reference_not_ranking', 'historical_competitors_not_rerun', 'system_resources_not_exclusive']"
correlation,cova_llvm_cpu,default,initialization,observed,9.908532920992002,correlation,316658e292d02e63abcfdf443be60bbb58c10d82,1,1,5bed53d94756b29d6c326b3510b9e7380e2b6d4931a68ec824535ca294b9c166,90af084039550dbfa1b2c0aafc8d4694c42209b191fd5b47f0314658efaf5513,['cpu'],"['reference_not_ranking', 'historical_competitors_not_rerun', 'system_resources_not_exclusive']"
correlation,cova_llvm_cpu,default,fresh_process,observed,3.8485155015077908,correlation,316658e292d02e63abcfdf443be60bbb58c10d82,2,2,5bed53d94756b29d6c326b3510b9e7380e2b6d4931a68ec824535ca294b9c166,90af084039550dbfa1b2c0aafc8d4694c42209b191fd5b47f0314658efaf5513,['cpu'],"['reference_not_ranking', 'historical_competitors_not_rerun', 'system_resources_not_exclusive']"
correlation,cova_llvm_cpu,default,same_process,observed,3.0458979875256773,correlation,316658e292d02e63abcfdf443be60bbb58c10d82,6,3,5bed53d94756b29d6c326b3510b9e7380e2b6d4931a68ec824535ca294b9c166,90af084039550dbfa1b2c0aafc8d4694c42209b191fd5b47f0314658efaf5513,['cpu'],"['reference_not_ranking', 'historical_competitors_not_rerun', 'system_resources_not_exclusive']"
correlation,cova_openmp_gpu,default,initialization,observed,100.29281911603175,correlation,316658e292d02e63abcfdf443be60bbb58c10d82,1,1,5bed53d94756b29d6c326b3510b9e7380e2b6d4931a68ec824535ca294b9c166,90af084039550dbfa1b2c0aafc8d4694c42209b191fd5b47f0314658efaf5513,['cpu'],"['reference_not_ranking', 'historical_competitors_not_rerun', 'system_resources_not_exclusive', 'gpu_placement_metadata_only']"
correlation,cova_openmp_gpu,default,fresh_process,observed,93.15731737547321,correlation,316658e292d02e63abcfdf443be60bbb58c10d82,2,2,5bed53d94756b29d6c326b3510b9e7380e2b6d4931a68ec824535ca294b9c166,90af084039550dbfa1b2c0aafc8d4694c42209b191fd5b47f0314658efaf5513,['cpu'],"['reference_not_ranking', 'historical_competitors_not_rerun', 'system_resources_not_exclusive', 'gpu_placement_metadata_only']"
correlation,cova_openmp_gpu,default,same_process,observed,93.14307485101745,correlation,316658e292d02e63abcfdf443be60bbb58c10d82,6,3,5bed53d94756b29d6c326b3510b9e7380e2b6d4931a68ec824535ca294b9c166,90af084039550dbfa1b2c0aafc8d4694c42209b191fd5b47f0314658efaf5513,['cpu'],"['reference_not_ranking', 'historical_competitors_not_rerun', 'system_resources_not_exclusive', 'gpu_placement_metadata_only']"
correlation,cova_llvm_gpu,default,initialization,observed,13.141427457972895,correlation,316658e292d02e63abcfdf443be60bbb58c10d82,1,1,5bed53d94756b29d6c326b3510b9e7380e2b6d4931a68ec824535ca294b9c166,90af084039550dbfa1b2c0aafc8d4694c42209b191fd5b47f0314658efaf5513,['mixed'],"['reference_not_ranking', 'historical_competitors_not_rerun', 'system_resources_not_exclusive', 'gpu_placement_metadata_only']"
correlation,cova_llvm_gpu,default,fresh_process,observed,8.526156661479035,correlation,316658e292d02e63abcfdf443be60bbb58c10d82,2,2,5bed53d94756b29d6c326b3510b9e7380e2b6d4931a68ec824535ca294b9c166,90af084039550dbfa1b2c0aafc8d4694c42209b191fd5b47f0314658efaf5513,['mixed'],"['reference_not_ranking', 'historical_competitors_not_rerun', 'system_resources_not_exclusive', 'gpu_placement_metadata_only']"
correlation,cova_llvm_gpu,default,same_process,observed,8.098290911497315,correlation,316658e292d02e63abcfdf443be60bbb58c10d82,6,3,5bed53d94756b29d6c326b3510b9e7380e2b6d4931a68ec824535ca294b9c166,90af084039550dbfa1b2c0aafc8d4694c42209b191fd5b47f0314658efaf5513,['mixed'],"['reference_not_ranking', 'historical_competitors_not_rerun', 'system_resources_not_exclusive', 'gpu_placement_metadata_only']"
covariance,cova_serial_cpu,default,initialization,observed,94.85653421201278,covariance,316658e292d02e63abcfdf443be60bbb58c10d82,1,1,58b3a80d268ca9926b9a85556fa505122524ca4c66cc443c90a1e88c8ffec02f,af17a377caed2a970d699d0afa2fcc0382f2e0ec47bdab98c00e9bb2f70fcc48,['cpu'],"['reference_not_ranking', 'historical_competitors_not_rerun', 'system_resources_not_exclusive']"
covariance,cova_serial_cpu,default,fresh_process,observed,91.8067776504904,covariance,316658e292d02e63abcfdf443be60bbb58c10d82,2,2,58b3a80d268ca9926b9a85556fa505122524ca4c66cc443c90a1e88c8ffec02f,af17a377caed2a970d699d0afa2fcc0382f2e0ec47bdab98c00e9bb2f70fcc48,['cpu'],"['reference_not_ranking', 'historical_competitors_not_rerun', 'system_resources_not_exclusive']"
covariance,cova_serial_cpu,default,same_process,observed,90.68275031499797,covariance,316658e292d02e63abcfdf443be60bbb58c10d82,6,3,58b3a80d268ca9926b9a85556fa505122524ca4c66cc443c90a1e88c8ffec02f,af17a377caed2a970d699d0afa2fcc0382f2e0ec47bdab98c00e9bb2f70fcc48,['cpu'],"['reference_not_ranking', 'historical_competitors_not_rerun', 'system_resources_not_exclusive']"
covariance,cova_openmp_cpu,default,initialization,observed,59.77529336896259,covariance,316658e292d02e63abcfdf443be60bbb58c10d82,1,1,58b3a80d268ca9926b9a85556fa505122524ca4c66cc443c90a1e88c8ffec02f,af17a377caed2a970d699d0afa2fcc0382f2e0ec47bdab98c00e9bb2f70fcc48,['cpu'],"['reference_not_ranking', 'historical_competitors_not_rerun', 'system_resources_not_exclusive']"
covariance,cova_openmp_cpu,default,fresh_process,observed,58.04344443051377,covariance,316658e292d02e63abcfdf443be60bbb58c10d82,2,2,58b3a80d268ca9926b9a85556fa505122524ca4c66cc443c90a1e88c8ffec02f,af17a377caed2a970d699d0afa2fcc0382f2e0ec47bdab98c00e9bb2f70fcc48,['cpu'],"['reference_not_ranking', 'historical_competitors_not_rerun', 'system_resources_not_exclusive']"
covariance,cova_openmp_cpu,default,same_process,observed,57.892929992987774,covariance,316658e292d02e63abcfdf443be60bbb58c10d82,6,3,58b3a80d268ca9926b9a85556fa505122524ca4c66cc443c90a1e88c8ffec02f,af17a377caed2a970d699d0afa2fcc0382f2e0ec47bdab98c00e9bb2f70fcc48,['cpu'],"['reference_not_ranking', 'historical_competitors_not_rerun', 'system_resources_not_exclusive']"
covariance,cova_llvm_cpu_serial,default,initialization,observed,6.575244630977977,covariance,316658e292d02e63abcfdf443be60bbb58c10d82,1,1,58b3a80d268ca9926b9a85556fa505122524ca4c66cc443c90a1e88c8ffec02f,af17a377caed2a970d699d0afa2fcc0382f2e0ec47bdab98c00e9bb2f70fcc48,['cpu'],"['reference_not_ranking', 'historical_competitors_not_rerun', 'system_resources_not_exclusive']"
covariance,cova_llvm_cpu_serial,default,fresh_process,observed,2.7584270624793135,covariance,316658e292d02e63abcfdf443be60bbb58c10d82,2,2,58b3a80d268ca9926b9a85556fa505122524ca4c66cc443c90a1e88c8ffec02f,af17a377caed2a970d699d0afa2fcc0382f2e0ec47bdab98c00e9bb2f70fcc48,['cpu'],"['reference_not_ranking', 'historical_competitors_not_rerun', 'system_resources_not_exclusive']"
covariance,cova_llvm_cpu_serial,default,same_process,observed,2.7959720800281502,covariance,316658e292d02e63abcfdf443be60bbb58c10d82,6,3,58b3a80d268ca9926b9a85556fa505122524ca4c66cc443c90a1e88c8ffec02f,af17a377caed2a970d699d0afa2fcc0382f2e0ec47bdab98c00e9bb2f70fcc48,['cpu'],"['reference_not_ranking', 'historical_competitors_not_rerun', 'system_resources_not_exclusive']"
covariance,cova_llvm_cpu,default,initialization,observed,8.682615384983364,covariance,316658e292d02e63abcfdf443be60bbb58c10d82,1,1,58b3a80d268ca9926b9a85556fa505122524ca4c66cc443c90a1e88c8ffec02f,af17a377caed2a970d699d0afa2fcc0382f2e0ec47bdab98c00e9bb2f70fcc48,['cpu'],"['reference_not_ranking', 'historical_competitors_not_rerun', 'system_resources_not_exclusive']"
covariance,cova_llvm_cpu,default,fresh_process,observed,3.1816850255127065,covariance,316658e292d02e63abcfdf443be60bbb58c10d82,2,2,58b3a80d268ca9926b9a85556fa505122524ca4c66cc443c90a1e88c8ffec02f,af17a377caed2a970d699d0afa2fcc0382f2e0ec47bdab98c00e9bb2f70fcc48,['cpu'],"['reference_not_ranking', 'historical_competitors_not_rerun', 'system_resources_not_exclusive']"
covariance,cova_llvm_cpu,default,same_process,observed,2.670646011509234,covariance,316658e292d02e63abcfdf443be60bbb58c10d82,6,3,58b3a80d268ca9926b9a85556fa505122524ca4c66cc443c90a1e88c8ffec02f,af17a377caed2a970d699d0afa2fcc0382f2e0ec47bdab98c00e9bb2f70fcc48,['cpu'],"['reference_not_ranking', 'historical_competitors_not_rerun', 'system_resources_not_exclusive']"
covariance,cova_openmp_gpu,default,initialization,observed,95.03532053303206,covariance,316658e292d02e63abcfdf443be60bbb58c10d82,1,1,58b3a80d268ca9926b9a85556fa505122524ca4c66cc443c90a1e88c8ffec02f,af17a377caed2a970d699d0afa2fcc0382f2e0ec47bdab98c00e9bb2f70fcc48,['cpu'],"['reference_not_ranking', 'historical_competitors_not_rerun', 'system_resources_not_exclusive', 'gpu_placement_metadata_only']"
covariance,cova_openmp_gpu,default,fresh_process,observed,93.71560782601591,covariance,316658e292d02e63abcfdf443be60bbb58c10d82,2,2,58b3a80d268ca9926b9a85556fa505122524ca4c66cc443c90a1e88c8ffec02f,af17a377caed2a970d699d0afa2fcc0382f2e0ec47bdab98c00e9bb2f70fcc48,['cpu'],"['reference_not_ranking', 'historical_competitors_not_rerun', 'system_resources_not_exclusive', 'gpu_placement_metadata_only']"
covariance,cova_openmp_gpu,default,same_process,observed,92.14192832252593,covariance,316658e292d02e63abcfdf443be60bbb58c10d82,6,3,58b3a80d268ca9926b9a85556fa505122524ca4c66cc443c90a1e88c8ffec02f,af17a377caed2a970d699d0afa2fcc0382f2e0ec47bdab98c00e9bb2f70fcc48,['cpu'],"['reference_not_ranking', 'historical_competitors_not_rerun', 'system_resources_not_exclusive', 'gpu_placement_metadata_only']"
covariance,cova_llvm_gpu,default,initialization,observed,12.509848034998868,covariance,316658e292d02e63abcfdf443be60bbb58c10d82,1,1,58b3a80d268ca9926b9a85556fa505122524ca4c66cc443c90a1e88c8ffec02f,af17a377caed2a970d699d0afa2fcc0382f2e0ec47bdab98c00e9bb2f70fcc48,['mixed'],"['reference_not_ranking', 'historical_competitors_not_rerun', 'system_resources_not_exclusive', 'gpu_placement_metadata_only']"
covariance,cova_llvm_gpu,default,fresh_process,observed,8.459179864032194,covariance,316658e292d02e63abcfdf443be60bbb58c10d82,2,2,58b3a80d268ca9926b9a85556fa505122524ca4c66cc443c90a1e88c8ffec02f,af17a377caed2a970d699d0afa2fcc0382f2e0ec47bdab98c00e9bb2f70fcc48,['mixed'],"['reference_not_ranking', 'historical_competitors_not_rerun', 'system_resources_not_exclusive', 'gpu_placement_metadata_only']"
covariance,cova_llvm_gpu,default,same_process,observed,8.077308039501077,covariance,316658e292d02e63abcfdf443be60bbb58c10d82,6,3,58b3a80d268ca9926b9a85556fa505122524ca4c66cc443c90a1e88c8ffec02f,af17a377caed2a970d699d0afa2fcc0382f2e0ec47bdab98c00e9bb2f70fcc48,['mixed'],"['reference_not_ranking', 'historical_competitors_not_rerun', 'system_resources_not_exclusive', 'gpu_placement_metadata_only']"
covariance2,cova_serial_cpu,default,initialization,observed,29.631543856987264,covariance2,316658e292d02e63abcfdf443be60bbb58c10d82,1,1,b81db17e032d058c24615c34bdcb3c48ed5a23e6cf458082da80be982f4559fa,e1424bc66fff5f5bb8acd9b4f317faa2af4ea1da59094eb63d32d82413d01c9b,['cpu'],"['reference_not_ranking', 'historical_competitors_not_rerun', 'system_resources_not_exclusive']"
covariance2,cova_serial_cpu,default,fresh_process,observed,27.69695461000083,covariance2,316658e292d02e63abcfdf443be60bbb58c10d82,2,2,b81db17e032d058c24615c34bdcb3c48ed5a23e6cf458082da80be982f4559fa,e1424bc66fff5f5bb8acd9b4f317faa2af4ea1da59094eb63d32d82413d01c9b,['cpu'],"['reference_not_ranking', 'historical_competitors_not_rerun', 'system_resources_not_exclusive']"
covariance2,cova_serial_cpu,default,same_process,observed,26.493177227006527,covariance2,316658e292d02e63abcfdf443be60bbb58c10d82,6,3,b81db17e032d058c24615c34bdcb3c48ed5a23e6cf458082da80be982f4559fa,e1424bc66fff5f5bb8acd9b4f317faa2af4ea1da59094eb63d32d82413d01c9b,['cpu'],"['reference_not_ranking', 'historical_competitors_not_rerun', 'system_resources_not_exclusive']"
covariance2,cova_openmp_cpu,default,initialization,observed,6.647195794037543,covariance2,316658e292d02e63abcfdf443be60bbb58c10d82,1,1,b81db17e032d058c24615c34bdcb3c48ed5a23e6cf458082da80be982f4559fa,e1424bc66fff5f5bb8acd9b4f317faa2af4ea1da59094eb63d32d82413d01c9b,['cpu'],"['reference_not_ranking', 'historical_competitors_not_rerun', 'system_resources_not_exclusive']"
covariance2,cova_openmp_cpu,default,fresh_process,observed,4.218619165505515,covariance2,316658e292d02e63abcfdf443be60bbb58c10d82,2,2,b81db17e032d058c24615c34bdcb3c48ed5a23e6cf458082da80be982f4559fa,e1424bc66fff5f5bb8acd9b4f317faa2af4ea1da59094eb63d32d82413d01c9b,['cpu'],"['reference_not_ranking', 'historical_competitors_not_rerun', 'system_resources_not_exclusive']"
covariance2,cova_openmp_cpu,default,same_process,observed,4.15022129350109,covariance2,316658e292d02e63abcfdf443be60bbb58c10d82,6,3,b81db17e032d058c24615c34bdcb3c48ed5a23e6cf458082da80be982f4559fa,e1424bc66fff5f5bb8acd9b4f317faa2af4ea1da59094eb63d32d82413d01c9b,['cpu'],"['reference_not_ranking', 'historical_competitors_not_rerun', 'system_resources_not_exclusive']"
covariance2,cova_llvm_cpu_serial,default,initialization,observed,4.839736377005465,covariance2,316658e292d02e63abcfdf443be60bbb58c10d82,1,1,b81db17e032d058c24615c34bdcb3c48ed5a23e6cf458082da80be982f4559fa,e1424bc66fff5f5bb8acd9b4f317faa2af4ea1da59094eb63d32d82413d01c9b,['cpu'],"['reference_not_ranking', 'historical_competitors_not_rerun', 'system_resources_not_exclusive']"
covariance2,cova_llvm_cpu_serial,default,fresh_process,observed,0.8242087530088611,covariance2,316658e292d02e63abcfdf443be60bbb58c10d82,2,2,b81db17e032d058c24615c34bdcb3c48ed5a23e6cf458082da80be982f4559fa,e1424bc66fff5f5bb8acd9b4f317faa2af4ea1da59094eb63d32d82413d01c9b,['cpu'],"['reference_not_ranking', 'historical_competitors_not_rerun', 'system_resources_not_exclusive']"
covariance2,cova_llvm_cpu_serial,default,same_process,observed,0.7142258509993553,covariance2,316658e292d02e63abcfdf443be60bbb58c10d82,6,3,b81db17e032d058c24615c34bdcb3c48ed5a23e6cf458082da80be982f4559fa,e1424bc66fff5f5bb8acd9b4f317faa2af4ea1da59094eb63d32d82413d01c9b,['cpu'],"['reference_not_ranking', 'historical_competitors_not_rerun', 'system_resources_not_exclusive']"
covariance2,cova_llvm_cpu,default,initialization,observed,6.527843664051034,covariance2,316658e292d02e63abcfdf443be60bbb58c10d82,1,1,b81db17e032d058c24615c34bdcb3c48ed5a23e6cf458082da80be982f4559fa,e1424bc66fff5f5bb8acd9b4f317faa2af4ea1da59094eb63d32d82413d01c9b,['cpu'],"['reference_not_ranking', 'historical_competitors_not_rerun', 'system_resources_not_exclusive']"
covariance2,cova_llvm_cpu,default,fresh_process,observed,0.9385665289883036,covariance2,316658e292d02e63abcfdf443be60bbb58c10d82,2,2,b81db17e032d058c24615c34bdcb3c48ed5a23e6cf458082da80be982f4559fa,e1424bc66fff5f5bb8acd9b4f317faa2af4ea1da59094eb63d32d82413d01c9b,['cpu'],"['reference_not_ranking', 'historical_competitors_not_rerun', 'system_resources_not_exclusive']"
covariance2,cova_llvm_cpu,default,same_process,observed,0.8527774924878031,covariance2,316658e292d02e63abcfdf443be60bbb58c10d82,6,3,b81db17e032d058c24615c34bdcb3c48ed5a23e6cf458082da80be982f4559fa,e1424bc66fff5f5bb8acd9b4f317faa2af4ea1da59094eb63d32d82413d01c9b,['cpu'],"['reference_not_ranking', 'historical_competitors_not_rerun', 'system_resources_not_exclusive']"
covariance2,cova_openmp_gpu,default,initialization,observed,8.023190347012132,covariance2,316658e292d02e63abcfdf443be60bbb58c10d82,1,1,b81db17e032d058c24615c34bdcb3c48ed5a23e6cf458082da80be982f4559fa,e1424bc66fff5f5bb8acd9b4f317faa2af4ea1da59094eb63d32d82413d01c9b,['gpu'],"['reference_not_ranking', 'historical_competitors_not_rerun', 'system_resources_not_exclusive', 'gpu_placement_metadata_only']"
covariance2,cova_openmp_gpu,default,fresh_process,observed,1.7557242745242547,covariance2,316658e292d02e63abcfdf443be60bbb58c10d82,2,2,b81db17e032d058c24615c34bdcb3c48ed5a23e6cf458082da80be982f4559fa,e1424bc66fff5f5bb8acd9b4f317faa2af4ea1da59094eb63d32d82413d01c9b,['gpu'],"['reference_not_ranking', 'historical_competitors_not_rerun', 'system_resources_not_exclusive', 'gpu_placement_metadata_only']"
covariance2,cova_openmp_gpu,default,same_process,observed,1.178197918983642,covariance2,316658e292d02e63abcfdf443be60bbb58c10d82,6,3,b81db17e032d058c24615c34bdcb3c48ed5a23e6cf458082da80be982f4559fa,e1424bc66fff5f5bb8acd9b4f317faa2af4ea1da59094eb63d32d82413d01c9b,['gpu'],"['reference_not_ranking', 'historical_competitors_not_rerun', 'system_resources_not_exclusive', 'gpu_placement_metadata_only']"
covariance2,cova_llvm_gpu,default,initialization,observed,6.904563031042926,covariance2,316658e292d02e63abcfdf443be60bbb58c10d82,1,1,b81db17e032d058c24615c34bdcb3c48ed5a23e6cf458082da80be982f4559fa,e1424bc66fff5f5bb8acd9b4f317faa2af4ea1da59094eb63d32d82413d01c9b,['gpu'],"['reference_not_ranking', 'historical_competitors_not_rerun', 'system_resources_not_exclusive', 'gpu_placement_metadata_only']"
covariance2,cova_llvm_gpu,default,fresh_process,observed,0.7200730830081739,covariance2,316658e292d02e63abcfdf443be60bbb58c10d82,2,2,b81db17e032d058c24615c34bdcb3c48ed5a23e6cf458082da80be982f4559fa,e1424bc66fff5f5bb8acd9b4f317faa2af4ea1da59094eb63d32d82413d01c9b,['gpu'],"['reference_not_ranking', 'historical_competitors_not_rerun', 'system_resources_not_exclusive', 'gpu_placement_metadata_only']"
covariance2,cova_llvm_gpu,default,same_process,observed,0.2689420579990838,covariance2,316658e292d02e63abcfdf443be60bbb58c10d82,6,3,b81db17e032d058c24615c34bdcb3c48ed5a23e6cf458082da80be982f4559fa,e1424bc66fff5f5bb8acd9b4f317faa2af4ea1da59094eb63d32d82413d01c9b,['gpu'],"['reference_not_ranking', 'historical_competitors_not_rerun', 'system_resources_not_exclusive', 'gpu_placement_metadata_only']"
crc16,cova_serial_cpu,default,initialization,observed,1.9156735080177896,crc16,316658e292d02e63abcfdf443be60bbb58c10d82,1,1,a7203e25a233dc7df7310c8693f87c1b6b61fb79f1dbf0005a64f986bb9b4471,f5e374255acb40d3b61ef049439a216956523578089519cdbac1c787454c279b,['cpu'],"['reference_not_ranking', 'historical_competitors_not_rerun', 'system_resources_not_exclusive']"
crc16,cova_serial_cpu,default,fresh_process,observed,0.02033533697249368,crc16,316658e292d02e63abcfdf443be60bbb58c10d82,2,2,a7203e25a233dc7df7310c8693f87c1b6b61fb79f1dbf0005a64f986bb9b4471,f5e374255acb40d3b61ef049439a216956523578089519cdbac1c787454c279b,['cpu'],"['reference_not_ranking', 'historical_competitors_not_rerun', 'system_resources_not_exclusive']"
crc16,cova_serial_cpu,default,same_process,observed,0.017782224022084847,crc16,316658e292d02e63abcfdf443be60bbb58c10d82,6,3,a7203e25a233dc7df7310c8693f87c1b6b61fb79f1dbf0005a64f986bb9b4471,f5e374255acb40d3b61ef049439a216956523578089519cdbac1c787454c279b,['cpu'],"['reference_not_ranking', 'historical_competitors_not_rerun', 'system_resources_not_exclusive']"
crc16,cova_openmp_cpu,default,initialization,observed,2.2567286569974385,crc16,316658e292d02e63abcfdf443be60bbb58c10d82,1,1,a7203e25a233dc7df7310c8693f87c1b6b61fb79f1dbf0005a64f986bb9b4471,f5e374255acb40d3b61ef049439a216956523578089519cdbac1c787454c279b,['cpu'],"['reference_not_ranking', 'historical_competitors_not_rerun', 'system_resources_not_exclusive']"
crc16,cova_openmp_cpu,default,fresh_process,observed,0.024223002983490005,crc16,316658e292d02e63abcfdf443be60bbb58c10d82,2,2,a7203e25a233dc7df7310c8693f87c1b6b61fb79f1dbf0005a64f986bb9b4471,f5e374255acb40d3b61ef049439a216956523578089519cdbac1c787454c279b,['cpu'],"['reference_not_ranking', 'historical_competitors_not_rerun', 'system_resources_not_exclusive']"
crc16,cova_openmp_cpu,default,same_process,observed,0.021825662028277293,crc16,316658e292d02e63abcfdf443be60bbb58c10d82,6,3,a7203e25a233dc7df7310c8693f87c1b6b61fb79f1dbf0005a64f986bb9b4471,f5e374255acb40d3b61ef049439a216956523578089519cdbac1c787454c279b,['cpu'],"['reference_not_ranking', 'historical_competitors_not_rerun', 'system_resources_not_exclusive']"
crc16,cova_llvm_cpu_serial,default,initialization,observed,1.4155114750028588,crc16,316658e292d02e63abcfdf443be60bbb58c10d82,1,1,a7203e25a233dc7df7310c8693f87c1b6b61fb79f1dbf0005a64f986bb9b4471,f5e374255acb40d3b61ef049439a216956523578089519cdbac1c787454c279b,['cpu'],"['reference_not_ranking', 'historical_competitors_not_rerun', 'system_resources_not_exclusive']"
crc16,cova_llvm_cpu_serial,default,fresh_process,observed,0.025591410492779687,crc16,316658e292d02e63abcfdf443be60bbb58c10d82,2,2,a7203e25a233dc7df7310c8693f87c1b6b61fb79f1dbf0005a64f986bb9b4471,f5e374255acb40d3b61ef049439a216956523578089519cdbac1c787454c279b,['cpu'],"['reference_not_ranking', 'historical_competitors_not_rerun', 'system_resources_not_exclusive']"
crc16,cova_llvm_cpu_serial,default,same_process,observed,0.023128100991016254,crc16,316658e292d02e63abcfdf443be60bbb58c10d82,6,3,a7203e25a233dc7df7310c8693f87c1b6b61fb79f1dbf0005a64f986bb9b4471,f5e374255acb40d3b61ef049439a216956523578089519cdbac1c787454c279b,['cpu'],"['reference_not_ranking', 'historical_competitors_not_rerun', 'system_resources_not_exclusive']"
crc16,cova_llvm_cpu,default,initialization,observed,1.6941492590121925,crc16,316658e292d02e63abcfdf443be60bbb58c10d82,1,1,a7203e25a233dc7df7310c8693f87c1b6b61fb79f1dbf0005a64f986bb9b4471,f5e374255acb40d3b61ef049439a216956523578089519cdbac1c787454c279b,['cpu'],"['reference_not_ranking', 'historical_competitors_not_rerun', 'system_resources_not_exclusive']"
crc16,cova_llvm_cpu,default,fresh_process,observed,0.02479111749562435,crc16,316658e292d02e63abcfdf443be60bbb58c10d82,2,2,a7203e25a233dc7df7310c8693f87c1b6b61fb79f1dbf0005a64f986bb9b4471,f5e374255acb40d3b61ef049439a216956523578089519cdbac1c787454c279b,['cpu'],"['reference_not_ranking', 'historical_competitors_not_rerun', 'system_resources_not_exclusive']"
crc16,cova_llvm_cpu,default,same_process,observed,0.02208565699402243,crc16,316658e292d02e63abcfdf443be60bbb58c10d82,6,3,a7203e25a233dc7df7310c8693f87c1b6b61fb79f1dbf0005a64f986bb9b4471,f5e374255acb40d3b61ef049439a216956523578089519cdbac1c787454c279b,['cpu'],"['reference_not_ranking', 'historical_competitors_not_rerun', 'system_resources_not_exclusive']"
crc16,cova_openmp_gpu,default,initialization,observed,4.659065681044012,crc16,316658e292d02e63abcfdf443be60bbb58c10d82,1,1,a7203e25a233dc7df7310c8693f87c1b6b61fb79f1dbf0005a64f986bb9b4471,f5e374255acb40d3b61ef049439a216956523578089519cdbac1c787454c279b,['gpu'],"['reference_not_ranking', 'historical_competitors_not_rerun', 'system_resources_not_exclusive', 'gpu_placement_metadata_only']"
crc16,cova_openmp_gpu,default,fresh_process,observed,0.3316208074975293,crc16,316658e292d02e63abcfdf443be60bbb58c10d82,2,2,a7203e25a233dc7df7310c8693f87c1b6b61fb79f1dbf0005a64f986bb9b4471,f5e374255acb40d3b61ef049439a216956523578089519cdbac1c787454c279b,['gpu'],"['reference_not_ranking', 'historical_competitors_not_rerun', 'system_resources_not_exclusive', 'gpu_placement_metadata_only']"
crc16,cova_openmp_gpu,default,same_process,observed,0.0624595254776068,crc16,316658e292d02e63abcfdf443be60bbb58c10d82,6,3,a7203e25a233dc7df7310c8693f87c1b6b61fb79f1dbf0005a64f986bb9b4471,f5e374255acb40d3b61ef049439a216956523578089519cdbac1c787454c279b,['gpu'],"['reference_not_ranking', 'historical_competitors_not_rerun', 'system_resources_not_exclusive', 'gpu_placement_metadata_only']"
crc16,cova_llvm_gpu,default,initialization,observed,4.000494527979754,crc16,316658e292d02e63abcfdf443be60bbb58c10d82,1,1,a7203e25a233dc7df7310c8693f87c1b6b61fb79f1dbf0005a64f986bb9b4471,f5e374255acb40d3b61ef049439a216956523578089519cdbac1c787454c279b,['gpu'],"['reference_not_ranking', 'historical_competitors_not_rerun', 'system_resources_not_exclusive', 'gpu_placement_metadata_only']"
crc16,cova_llvm_gpu,default,fresh_process,observed,0.34308598400093615,crc16,316658e292d02e63abcfdf443be60bbb58c10d82,2,2,a7203e25a233dc7df7310c8693f87c1b6b61fb79f1dbf0005a64f986bb9b4471,f5e374255acb40d3b61ef049439a216956523578089519cdbac1c787454c279b,['gpu'],"['reference_not_ranking', 'historical_competitors_not_rerun', 'system_resources_not_exclusive', 'gpu_placement_metadata_only']"
crc16,cova_llvm_gpu,default,same_process,observed,0.11014885600889102,crc16,316658e292d02e63abcfdf443be60bbb58c10d82,6,3,a7203e25a233dc7df7310c8693f87c1b6b61fb79f1dbf0005a64f986bb9b4471,f5e374255acb40d3b61ef049439a216956523578089519cdbac1c787454c279b,['gpu'],"['reference_not_ranking', 'historical_competitors_not_rerun', 'system_resources_not_exclusive', 'gpu_placement_metadata_only']"
deriche,cova_serial_cpu,default,initialization,observed,4.024690268037375,deriche,316658e292d02e63abcfdf443be60bbb58c10d82,1,1,ef9e5773989e084d7d1b667806f77c2b4ac4ac430dad3a2726f189d79dc3abc8,86bedd90fc265ce6365b560b64f12b89d3c2d5bf501294f5352e2a58074f9840,['cpu'],"['reference_not_ranking', 'historical_competitors_not_rerun', 'system_resources_not_exclusive']"
deriche,cova_serial_cpu,default,fresh_process,observed,1.1201487005164381,deriche,316658e292d02e63abcfdf443be60bbb58c10d82,2,2,ef9e5773989e084d7d1b667806f77c2b4ac4ac430dad3a2726f189d79dc3abc8,86bedd90fc265ce6365b560b64f12b89d3c2d5bf501294f5352e2a58074f9840,['cpu'],"['reference_not_ranking', 'historical_competitors_not_rerun', 'system_resources_not_exclusive']"
deriche,cova_serial_cpu,default,same_process,observed,0.9165836360189132,deriche,316658e292d02e63abcfdf443be60bbb58c10d82,6,3,ef9e5773989e084d7d1b667806f77c2b4ac4ac430dad3a2726f189d79dc3abc8,86bedd90fc265ce6365b560b64f12b89d3c2d5bf501294f5352e2a58074f9840,['cpu'],"['reference_not_ranking', 'historical_competitors_not_rerun', 'system_resources_not_exclusive']"
deriche,cova_openmp_cpu,default,initialization,observed,8.467421902052592,deriche,316658e292d02e63abcfdf443be60bbb58c10d82,1,1,ef9e5773989e084d7d1b667806f77c2b4ac4ac430dad3a2726f189d79dc3abc8,86bedd90fc265ce6365b560b64f12b89d3c2d5bf501294f5352e2a58074f9840,['cpu'],"['reference_not_ranking', 'historical_competitors_not_rerun', 'system_resources_not_exclusive']"
deriche,cova_openmp_cpu,default,fresh_process,observed,4.517146051482996,deriche,316658e292d02e63abcfdf443be60bbb58c10d82,2,2,ef9e5773989e084d7d1b667806f77c2b4ac4ac430dad3a2726f189d79dc3abc8,86bedd90fc265ce6365b560b64f12b89d3c2d5bf501294f5352e2a58074f9840,['cpu'],"['reference_not_ranking', 'historical_competitors_not_rerun', 'system_resources_not_exclusive']"
deriche,cova_openmp_cpu,default,same_process,observed,4.197215280495584,deriche,316658e292d02e63abcfdf443be60bbb58c10d82,6,3,ef9e5773989e084d7d1b667806f77c2b4ac4ac430dad3a2726f189d79dc3abc8,86bedd90fc265ce6365b560b64f12b89d3c2d5bf501294f5352e2a58074f9840,['cpu'],"['reference_not_ranking', 'historical_competitors_not_rerun', 'system_resources_not_exclusive']"
deriche,cova_llvm_cpu_serial,default,initialization,observed,3.816067630017642,deriche,316658e292d02e63abcfdf443be60bbb58c10d82,1,1,ef9e5773989e084d7d1b667806f77c2b4ac4ac430dad3a2726f189d79dc3abc8,86bedd90fc265ce6365b560b64f12b89d3c2d5bf501294f5352e2a58074f9840,['cpu'],"['reference_not_ranking', 'historical_competitors_not_rerun', 'system_resources_not_exclusive']"
deriche,cova_llvm_cpu_serial,default,fresh_process,observed,1.9564676440204494,deriche,316658e292d02e63abcfdf443be60bbb58c10d82,2,2,ef9e5773989e084d7d1b667806f77c2b4ac4ac430dad3a2726f189d79dc3abc8,86bedd90fc265ce6365b560b64f12b89d3c2d5bf501294f5352e2a58074f9840,['cpu'],"['reference_not_ranking', 'historical_competitors_not_rerun', 'system_resources_not_exclusive']"
deriche,cova_llvm_cpu_serial,default,same_process,observed,1.563853588013444,deriche,316658e292d02e63abcfdf443be60bbb58c10d82,6,3,ef9e5773989e084d7d1b667806f77c2b4ac4ac430dad3a2726f189d79dc3abc8,86bedd90fc265ce6365b560b64f12b89d3c2d5bf501294f5352e2a58074f9840,['cpu'],"['reference_not_ranking', 'historical_competitors_not_rerun', 'system_resources_not_exclusive']"
deriche,cova_llvm_cpu,default,initialization,observed,9.662138458981644,deriche,316658e292d02e63abcfdf443be60bbb58c10d82,1,1,ef9e5773989e084d7d1b667806f77c2b4ac4ac430dad3a2726f189d79dc3abc8,86bedd90fc265ce6365b560b64f12b89d3c2d5bf501294f5352e2a58074f9840,['cpu'],"['reference_not_ranking', 'historical_competitors_not_rerun', 'system_resources_not_exclusive']"
deriche,cova_llvm_cpu,default,fresh_process,observed,14.169249668979319,deriche,316658e292d02e63abcfdf443be60bbb58c10d82,2,2,ef9e5773989e084d7d1b667806f77c2b4ac4ac430dad3a2726f189d79dc3abc8,86bedd90fc265ce6365b560b64f12b89d3c2d5bf501294f5352e2a58074f9840,['cpu'],"['reference_not_ranking', 'historical_competitors_not_rerun', 'system_resources_not_exclusive']"
deriche,cova_llvm_cpu,default,same_process,observed,10.380337854963727,deriche,316658e292d02e63abcfdf443be60bbb58c10d82,6,3,ef9e5773989e084d7d1b667806f77c2b4ac4ac430dad3a2726f189d79dc3abc8,86bedd90fc265ce6365b560b64f12b89d3c2d5bf501294f5352e2a58074f9840,['cpu'],"['reference_not_ranking', 'historical_competitors_not_rerun', 'system_resources_not_exclusive']"
deriche,cova_openmp_gpu,default,initialization,observed,72.501587123028,deriche,316658e292d02e63abcfdf443be60bbb58c10d82,1,1,ef9e5773989e084d7d1b667806f77c2b4ac4ac430dad3a2726f189d79dc3abc8,86bedd90fc265ce6365b560b64f12b89d3c2d5bf501294f5352e2a58074f9840,['gpu'],"['reference_not_ranking', 'historical_competitors_not_rerun', 'system_resources_not_exclusive', 'gpu_placement_metadata_only']"
deriche,cova_openmp_gpu,default,fresh_process,observed,63.39872137751081,deriche,316658e292d02e63abcfdf443be60bbb58c10d82,2,2,ef9e5773989e084d7d1b667806f77c2b4ac4ac430dad3a2726f189d79dc3abc8,86bedd90fc265ce6365b560b64f12b89d3c2d5bf501294f5352e2a58074f9840,['gpu'],"['reference_not_ranking', 'historical_competitors_not_rerun', 'system_resources_not_exclusive', 'gpu_placement_metadata_only']"
deriche,cova_openmp_gpu,default,same_process,observed,63.04123577399878,deriche,316658e292d02e63abcfdf443be60bbb58c10d82,6,3,ef9e5773989e084d7d1b667806f77c2b4ac4ac430dad3a2726f189d79dc3abc8,86bedd90fc265ce6365b560b64f12b89d3c2d5bf501294f5352e2a58074f9840,['gpu'],"['reference_not_ranking', 'historical_competitors_not_rerun', 'system_resources_not_exclusive', 'gpu_placement_metadata_only']"
deriche,cova_llvm_gpu,default,initialization,observed,287.50076440599514,deriche,316658e292d02e63abcfdf443be60bbb58c10d82,1,1,ef9e5773989e084d7d1b667806f77c2b4ac4ac430dad3a2726f189d79dc3abc8,86bedd90fc265ce6365b560b64f12b89d3c2d5bf501294f5352e2a58074f9840,['mixed'],"['reference_not_ranking', 'historical_competitors_not_rerun', 'system_resources_not_exclusive', 'gpu_placement_metadata_only']"
deriche,cova_llvm_gpu,default,fresh_process,observed,297.5948627440084,deriche,316658e292d02e63abcfdf443be60bbb58c10d82,2,2,ef9e5773989e084d7d1b667806f77c2b4ac4ac430dad3a2726f189d79dc3abc8,86bedd90fc265ce6365b560b64f12b89d3c2d5bf501294f5352e2a58074f9840,['mixed'],"['reference_not_ranking', 'historical_competitors_not_rerun', 'system_resources_not_exclusive', 'gpu_placement_metadata_only']"
deriche,cova_llvm_gpu,default,same_process,observed,294.1735795784916,deriche,316658e292d02e63abcfdf443be60bbb58c10d82,6,3,ef9e5773989e084d7d1b667806f77c2b4ac4ac430dad3a2726f189d79dc3abc8,86bedd90fc265ce6365b560b64f12b89d3c2d5bf501294f5352e2a58074f9840,['mixed'],"['reference_not_ranking', 'historical_competitors_not_rerun', 'system_resources_not_exclusive', 'gpu_placement_metadata_only']"
doitgen,cova_serial_cpu,default,initialization,observed,21.90997645200696,doitgen,316658e292d02e63abcfdf443be60bbb58c10d82,1,1,0a710e9d831ec217703666c373d0b37a2be01b536d40ad9f598bb77b08a6f7ff,e54ec8efb6b8a7fe086a96f3c0074529002b4a5aad97bbd19161c0a49cf1bb9d,['cpu'],"['reference_not_ranking', 'historical_competitors_not_rerun', 'system_resources_not_exclusive']"
doitgen,cova_serial_cpu,default,fresh_process,observed,12.886573493975447,doitgen,316658e292d02e63abcfdf443be60bbb58c10d82,2,2,0a710e9d831ec217703666c373d0b37a2be01b536d40ad9f598bb77b08a6f7ff,e54ec8efb6b8a7fe086a96f3c0074529002b4a5aad97bbd19161c0a49cf1bb9d,['cpu'],"['reference_not_ranking', 'historical_competitors_not_rerun', 'system_resources_not_exclusive']"
doitgen,cova_serial_cpu,default,same_process,observed,11.105497437005397,doitgen,316658e292d02e63abcfdf443be60bbb58c10d82,6,3,0a710e9d831ec217703666c373d0b37a2be01b536d40ad9f598bb77b08a6f7ff,e54ec8efb6b8a7fe086a96f3c0074529002b4a5aad97bbd19161c0a49cf1bb9d,['cpu'],"['reference_not_ranking', 'historical_competitors_not_rerun', 'system_resources_not_exclusive']"
doitgen,cova_openmp_cpu,default,initialization,observed,12.573895701032598,doitgen,316658e292d02e63abcfdf443be60bbb58c10d82,1,1,0a710e9d831ec217703666c373d0b37a2be01b536d40ad9f598bb77b08a6f7ff,e54ec8efb6b8a7fe086a96f3c0074529002b4a5aad97bbd19161c0a49cf1bb9d,['cpu'],"['reference_not_ranking', 'historical_competitors_not_rerun', 'system_resources_not_exclusive']"
doitgen,cova_openmp_cpu,default,fresh_process,observed,13.624047154473374,doitgen,316658e292d02e63abcfdf443be60bbb58c10d82,2,2,0a710e9d831ec217703666c373d0b37a2be01b536d40ad9f598bb77b08a6f7ff,e54ec8efb6b8a7fe086a96f3c0074529002b4a5aad97bbd19161c0a49cf1bb9d,['cpu'],"['reference_not_ranking', 'historical_competitors_not_rerun', 'system_resources_not_exclusive']"
doitgen,cova_openmp_cpu,default,same_process,observed,11.163007093506167,doitgen,316658e292d02e63abcfdf443be60bbb58c10d82,6,3,0a710e9d831ec217703666c373d0b37a2be01b536d40ad9f598bb77b08a6f7ff,e54ec8efb6b8a7fe086a96f3c0074529002b4a5aad97bbd19161c0a49cf1bb9d,['cpu'],"['reference_not_ranking', 'historical_competitors_not_rerun', 'system_resources_not_exclusive']"
doitgen,cova_llvm_cpu_serial,default,initialization,observed,43.00593010202283,doitgen,316658e292d02e63abcfdf443be60bbb58c10d82,1,1,0a710e9d831ec217703666c373d0b37a2be01b536d40ad9f598bb77b08a6f7ff,e54ec8efb6b8a7fe086a96f3c0074529002b4a5aad97bbd19161c0a49cf1bb9d,['cpu'],"['reference_not_ranking', 'historical_competitors_not_rerun', 'system_resources_not_exclusive']"
doitgen,cova_llvm_cpu_serial,default,fresh_process,observed,41.95559134345967,doitgen,316658e292d02e63abcfdf443be60bbb58c10d82,2,2,0a710e9d831ec217703666c373d0b37a2be01b536d40ad9f598bb77b08a6f7ff,e54ec8efb6b8a7fe086a96f3c0074529002b4a5aad97bbd19161c0a49cf1bb9d,['cpu'],"['reference_not_ranking', 'historical_competitors_not_rerun', 'system_resources_not_exclusive']"
doitgen,cova_llvm_cpu_serial,default,same_process,observed,42.5709283874894,doitgen,316658e292d02e63abcfdf443be60bbb58c10d82,6,3,0a710e9d831ec217703666c373d0b37a2be01b536d40ad9f598bb77b08a6f7ff,e54ec8efb6b8a7fe086a96f3c0074529002b4a5aad97bbd19161c0a49cf1bb9d,['cpu'],"['reference_not_ranking', 'historical_competitors_not_rerun', 'system_resources_not_exclusive']"
doitgen,cova_llvm_cpu,default,initialization,observed,5.315044773975387,doitgen,316658e292d02e63abcfdf443be60bbb58c10d82,1,1,0a710e9d831ec217703666c373d0b37a2be01b536d40ad9f598bb77b08a6f7ff,e54ec8efb6b8a7fe086a96f3c0074529002b4a5aad97bbd19161c0a49cf1bb9d,['cpu'],"['reference_not_ranking', 'historical_competitors_not_rerun', 'system_resources_not_exclusive']"
doitgen,cova_llvm_cpu,default,fresh_process,observed,4.017549668991705,doitgen,316658e292d02e63abcfdf443be60bbb58c10d82,2,2,0a710e9d831ec217703666c373d0b37a2be01b536d40ad9f598bb77b08a6f7ff,e54ec8efb6b8a7fe086a96f3c0074529002b4a5aad97bbd19161c0a49cf1bb9d,['cpu'],"['reference_not_ranking', 'historical_competitors_not_rerun', 'system_resources_not_exclusive']"
doitgen,cova_llvm_cpu,default,same_process,observed,2.7471658475114964,doitgen,316658e292d02e63abcfdf443be60bbb58c10d82,6,3,0a710e9d831ec217703666c373d0b37a2be01b536d40ad9f598bb77b08a6f7ff,e54ec8efb6b8a7fe086a96f3c0074529002b4a5aad97bbd19161c0a49cf1bb9d,['cpu'],"['reference_not_ranking', 'historical_competitors_not_rerun', 'system_resources_not_exclusive']"
doitgen,cova_openmp_gpu,default,initialization,observed,119.89830078103114,doitgen,316658e292d02e63abcfdf443be60bbb58c10d82,1,1,0a710e9d831ec217703666c373d0b37a2be01b536d40ad9f598bb77b08a6f7ff,e54ec8efb6b8a7fe086a96f3c0074529002b4a5aad97bbd19161c0a49cf1bb9d,['gpu'],"['reference_not_ranking', 'historical_competitors_not_rerun', 'system_resources_not_exclusive', 'gpu_placement_metadata_only']"
doitgen,cova_openmp_gpu,default,fresh_process,observed,113.77720444599981,doitgen,316658e292d02e63abcfdf443be60bbb58c10d82,2,2,0a710e9d831ec217703666c373d0b37a2be01b536d40ad9f598bb77b08a6f7ff,e54ec8efb6b8a7fe086a96f3c0074529002b4a5aad97bbd19161c0a49cf1bb9d,['gpu'],"['reference_not_ranking', 'historical_competitors_not_rerun', 'system_resources_not_exclusive', 'gpu_placement_metadata_only']"
doitgen,cova_openmp_gpu,default,same_process,observed,113.39684494849644,doitgen,316658e292d02e63abcfdf443be60bbb58c10d82,6,3,0a710e9d831ec217703666c373d0b37a2be01b536d40ad9f598bb77b08a6f7ff,e54ec8efb6b8a7fe086a96f3c0074529002b4a5aad97bbd19161c0a49cf1bb9d,['gpu'],"['reference_not_ranking', 'historical_competitors_not_rerun', 'system_resources_not_exclusive', 'gpu_placement_metadata_only']"
doitgen,cova_llvm_gpu,default,initialization,observed,5.747935930965468,doitgen,316658e292d02e63abcfdf443be60bbb58c10d82,1,1,0a710e9d831ec217703666c373d0b37a2be01b536d40ad9f598bb77b08a6f7ff,e54ec8efb6b8a7fe086a96f3c0074529002b4a5aad97bbd19161c0a49cf1bb9d,['gpu'],"['reference_not_ranking', 'historical_competitors_not_rerun', 'system_resources_not_exclusive', 'gpu_placement_metadata_only']"
doitgen,cova_llvm_gpu,default,fresh_process,observed,1.3505898029834498,doitgen,316658e292d02e63abcfdf443be60bbb58c10d82,2,2,0a710e9d831ec217703666c373d0b37a2be01b536d40ad9f598bb77b08a6f7ff,e54ec8efb6b8a7fe086a96f3c0074529002b4a5aad97bbd19161c0a49cf1bb9d,['gpu'],"['reference_not_ranking', 'historical_competitors_not_rerun', 'system_resources_not_exclusive', 'gpu_placement_metadata_only']"
doitgen,cova_llvm_gpu,default,same_process,observed,1.064714174484834,doitgen,316658e292d02e63abcfdf443be60bbb58c10d82,6,3,0a710e9d831ec217703666c373d0b37a2be01b536d40ad9f598bb77b08a6f7ff,e54ec8efb6b8a7fe086a96f3c0074529002b4a5aad97bbd19161c0a49cf1bb9d,['gpu'],"['reference_not_ranking', 'historical_competitors_not_rerun', 'system_resources_not_exclusive', 'gpu_placement_metadata_only']"
durbin,cova_serial_cpu,default,initialization,observed,5.408439549035393,durbin,316658e292d02e63abcfdf443be60bbb58c10d82,1,1,7437c8bf3a6ba1cbc2df811774313bdf292efa8f737e2b875afbdc1c26ff99aa,ce8fe98cca13e7ff78b2059649cf38d58a3f2af294a834c6e4698392b4e95b14,['cpu'],"['reference_not_ranking', 'historical_competitors_not_rerun', 'system_resources_not_exclusive']"
durbin,cova_serial_cpu,default,fresh_process,observed,2.241464686987456,durbin,316658e292d02e63abcfdf443be60bbb58c10d82,2,2,7437c8bf3a6ba1cbc2df811774313bdf292efa8f737e2b875afbdc1c26ff99aa,ce8fe98cca13e7ff78b2059649cf38d58a3f2af294a834c6e4698392b4e95b14,['cpu'],"['reference_not_ranking', 'historical_competitors_not_rerun', 'system_resources_not_exclusive']"
durbin,cova_serial_cpu,default,same_process,observed,0.8739903919922654,durbin,316658e292d02e63abcfdf443be60bbb58c10d82,6,3,7437c8bf3a6ba1cbc2df811774313bdf292efa8f737e2b875afbdc1c26ff99aa,ce8fe98cca13e7ff78b2059649cf38d58a3f2af294a834c6e4698392b4e95b14,['cpu'],"['reference_not_ranking', 'historical_competitors_not_rerun', 'system_resources_not_exclusive']"
durbin,cova_openmp_cpu,default,initialization,observed,6.09397931501735,durbin,316658e292d02e63abcfdf443be60bbb58c10d82,1,1,7437c8bf3a6ba1cbc2df811774313bdf292efa8f737e2b875afbdc1c26ff99aa,ce8fe98cca13e7ff78b2059649cf38d58a3f2af294a834c6e4698392b4e95b14,['cpu'],"['reference_not_ranking', 'historical_competitors_not_rerun', 'system_resources_not_exclusive']"
durbin,cova_openmp_cpu,default,fresh_process,observed,2.152041883993661,durbin,316658e292d02e63abcfdf443be60bbb58c10d82,2,2,7437c8bf3a6ba1cbc2df811774313bdf292efa8f737e2b875afbdc1c26ff99aa,ce8fe98cca13e7ff78b2059649cf38d58a3f2af294a834c6e4698392b4e95b14,['cpu'],"['reference_not_ranking', 'historical_competitors_not_rerun', 'system_resources_not_exclusive']"
durbin,cova_openmp_cpu,default,same_process,observed,2.3616685085289646,durbin,316658e292d02e63abcfdf443be60bbb58c10d82,6,3,7437c8bf3a6ba1cbc2df811774313bdf292efa8f737e2b875afbdc1c26ff99aa,ce8fe98cca13e7ff78b2059649cf38d58a3f2af294a834c6e4698392b4e95b14,['cpu'],"['reference_not_ranking', 'historical_competitors_not_rerun', 'system_resources_not_exclusive']"
durbin,cova_llvm_cpu_serial,default,initialization,observed,2.0204248870140873,durbin,316658e292d02e63abcfdf443be60bbb58c10d82,1,1,7437c8bf3a6ba1cbc2df811774313bdf292efa8f737e2b875afbdc1c26ff99aa,ce8fe98cca13e7ff78b2059649cf38d58a3f2af294a834c6e4698392b4e95b14,['cpu'],"['reference_not_ranking', 'historical_competitors_not_rerun', 'system_resources_not_exclusive']"
durbin,cova_llvm_cpu_serial,default,fresh_process,observed,0.5410955314873718,durbin,316658e292d02e63abcfdf443be60bbb58c10d82,2,2,7437c8bf3a6ba1cbc2df811774313bdf292efa8f737e2b875afbdc1c26ff99aa,ce8fe98cca13e7ff78b2059649cf38d58a3f2af294a834c6e4698392b4e95b14,['cpu'],"['reference_not_ranking', 'historical_competitors_not_rerun', 'system_resources_not_exclusive']"
durbin,cova_llvm_cpu_serial,default,same_process,observed,0.607157289981842,durbin,316658e292d02e63abcfdf443be60bbb58c10d82,6,3,7437c8bf3a6ba1cbc2df811774313bdf292efa8f737e2b875afbdc1c26ff99aa,ce8fe98cca13e7ff78b2059649cf38d58a3f2af294a834c6e4698392b4e95b14,['cpu'],"['reference_not_ranking', 'historical_competitors_not_rerun', 'system_resources_not_exclusive']"
durbin,cova_llvm_cpu,default,initialization,observed,2.3617604169994593,durbin,316658e292d02e63abcfdf443be60bbb58c10d82,1,1,7437c8bf3a6ba1cbc2df811774313bdf292efa8f737e2b875afbdc1c26ff99aa,ce8fe98cca13e7ff78b2059649cf38d58a3f2af294a834c6e4698392b4e95b14,['cpu'],"['reference_not_ranking', 'historical_competitors_not_rerun', 'system_resources_not_exclusive']"
durbin,cova_llvm_cpu,default,fresh_process,observed,0.616287219512742,durbin,316658e292d02e63abcfdf443be60bbb58c10d82,2,2,7437c8bf3a6ba1cbc2df811774313bdf292efa8f737e2b875afbdc1c26ff99aa,ce8fe98cca13e7ff78b2059649cf38d58a3f2af294a834c6e4698392b4e95b14,['cpu'],"['reference_not_ranking', 'historical_competitors_not_rerun', 'system_resources_not_exclusive']"
durbin,cova_llvm_cpu,default,same_process,observed,0.46280572048272006,durbin,316658e292d02e63abcfdf443be60bbb58c10d82,6,3,7437c8bf3a6ba1cbc2df811774313bdf292efa8f737e2b875afbdc1c26ff99aa,ce8fe98cca13e7ff78b2059649cf38d58a3f2af294a834c6e4698392b4e95b14,['cpu'],"['reference_not_ranking', 'historical_competitors_not_rerun', 'system_resources_not_exclusive']"
durbin,cova_openmp_gpu,default,initialization,observed,7.1377473850152455,durbin,316658e292d02e63abcfdf443be60bbb58c10d82,1,1,7437c8bf3a6ba1cbc2df811774313bdf292efa8f737e2b875afbdc1c26ff99aa,ce8fe98cca13e7ff78b2059649cf38d58a3f2af294a834c6e4698392b4e95b14,['cpu'],"['reference_not_ranking', 'historical_competitors_not_rerun', 'system_resources_not_exclusive', 'gpu_placement_metadata_only']"
durbin,cova_openmp_gpu,default,fresh_process,observed,2.4816092984983698,durbin,316658e292d02e63abcfdf443be60bbb58c10d82,2,2,7437c8bf3a6ba1cbc2df811774313bdf292efa8f737e2b875afbdc1c26ff99aa,ce8fe98cca13e7ff78b2059649cf38d58a3f2af294a834c6e4698392b4e95b14,['cpu'],"['reference_not_ranking', 'historical_competitors_not_rerun', 'system_resources_not_exclusive', 'gpu_placement_metadata_only']"
durbin,cova_openmp_gpu,default,same_process,observed,2.2856602919928264,durbin,316658e292d02e63abcfdf443be60bbb58c10d82,6,3,7437c8bf3a6ba1cbc2df811774313bdf292efa8f737e2b875afbdc1c26ff99aa,ce8fe98cca13e7ff78b2059649cf38d58a3f2af294a834c6e4698392b4e95b14,['cpu'],"['reference_not_ranking', 'historical_competitors_not_rerun', 'system_resources_not_exclusive', 'gpu_placement_metadata_only']"
durbin,cova_llvm_gpu,default,initialization,observed,80.6335189169622,durbin,316658e292d02e63abcfdf443be60bbb58c10d82,1,1,7437c8bf3a6ba1cbc2df811774313bdf292efa8f737e2b875afbdc1c26ff99aa,ce8fe98cca13e7ff78b2059649cf38d58a3f2af294a834c6e4698392b4e95b14,['mixed'],"['reference_not_ranking', 'historical_competitors_not_rerun', 'system_resources_not_exclusive', 'gpu_placement_metadata_only']"
durbin,cova_llvm_gpu,default,fresh_process,observed,74.88219451447367,durbin,316658e292d02e63abcfdf443be60bbb58c10d82,2,2,7437c8bf3a6ba1cbc2df811774313bdf292efa8f737e2b875afbdc1c26ff99aa,ce8fe98cca13e7ff78b2059649cf38d58a3f2af294a834c6e4698392b4e95b14,['mixed'],"['reference_not_ranking', 'historical_competitors_not_rerun', 'system_resources_not_exclusive', 'gpu_placement_metadata_only']"
durbin,cova_llvm_gpu,default,same_process,observed,61.42277366350754,durbin,316658e292d02e63abcfdf443be60bbb58c10d82,6,3,7437c8bf3a6ba1cbc2df811774313bdf292efa8f737e2b875afbdc1c26ff99aa,ce8fe98cca13e7ff78b2059649cf38d58a3f2af294a834c6e4698392b4e95b14,['mixed'],"['reference_not_ranking', 'historical_competitors_not_rerun', 'system_resources_not_exclusive', 'gpu_placement_metadata_only']"
fdtd_2d,cova_serial_cpu,default,initialization,observed,2.4766362120280974,fdtd_2d,316658e292d02e63abcfdf443be60bbb58c10d82,1,1,06e26254e9c8b359ff97a77665932fc3543384ca179dea039154450eff6c94ff,ae503cf8154fbe07791342cfced3146fb8b1e03dbea637ba9add8796956ed94d,['cpu'],"['reference_not_ranking', 'historical_competitors_not_rerun', 'system_resources_not_exclusive']"
fdtd_2d,cova_serial_cpu,default,fresh_process,observed,0.14920971801620908,fdtd_2d,316658e292d02e63abcfdf443be60bbb58c10d82,2,2,06e26254e9c8b359ff97a77665932fc3543384ca179dea039154450eff6c94ff,ae503cf8154fbe07791342cfced3146fb8b1e03dbea637ba9add8796956ed94d,['cpu'],"['reference_not_ranking', 'historical_competitors_not_rerun', 'system_resources_not_exclusive']"
fdtd_2d,cova_serial_cpu,default,same_process,observed,0.1805059265170712,fdtd_2d,316658e292d02e63abcfdf443be60bbb58c10d82,6,3,06e26254e9c8b359ff97a77665932fc3543384ca179dea039154450eff6c94ff,ae503cf8154fbe07791342cfced3146fb8b1e03dbea637ba9add8796956ed94d,['cpu'],"['reference_not_ranking', 'historical_competitors_not_rerun', 'system_resources_not_exclusive']"
fdtd_2d,cova_openmp_cpu,default,initialization,observed,2.8026698540197685,fdtd_2d,316658e292d02e63abcfdf443be60bbb58c10d82,1,1,06e26254e9c8b359ff97a77665932fc3543384ca179dea039154450eff6c94ff,ae503cf8154fbe07791342cfced3146fb8b1e03dbea637ba9add8796956ed94d,['cpu'],"['reference_not_ranking', 'historical_competitors_not_rerun', 'system_resources_not_exclusive']"
fdtd_2d,cova_openmp_cpu,default,fresh_process,observed,0.16132509050657973,fdtd_2d,316658e292d02e63abcfdf443be60bbb58c10d82,2,2,06e26254e9c8b359ff97a77665932fc3543384ca179dea039154450eff6c94ff,ae503cf8154fbe07791342cfced3146fb8b1e03dbea637ba9add8796956ed94d,['cpu'],"['reference_not_ranking', 'historical_competitors_not_rerun', 'system_resources_not_exclusive']"
fdtd_2d,cova_openmp_cpu,default,same_process,observed,0.1782926884770859,fdtd_2d,316658e292d02e63abcfdf443be60bbb58c10d82,6,3,06e26254e9c8b359ff97a77665932fc3543384ca179dea039154450eff6c94ff,ae503cf8154fbe07791342cfced3146fb8b1e03dbea637ba9add8796956ed94d,['cpu'],"['reference_not_ranking', 'historical_competitors_not_rerun', 'system_resources_not_exclusive']"
fdtd_2d,cova_llvm_cpu_serial,default,initialization,observed,2.3070985379745252,fdtd_2d,316658e292d02e63abcfdf443be60bbb58c10d82,1,1,06e26254e9c8b359ff97a77665932fc3543384ca179dea039154450eff6c94ff,ae503cf8154fbe07791342cfced3146fb8b1e03dbea637ba9add8796956ed94d,['cpu'],"['reference_not_ranking', 'historical_competitors_not_rerun', 'system_resources_not_exclusive']"
fdtd_2d,cova_llvm_cpu_serial,default,fresh_process,observed,0.14511256050900556,fdtd_2d,316658e292d02e63abcfdf443be60bbb58c10d82,2,2,06e26254e9c8b359ff97a77665932fc3543384ca179dea039154450eff6c94ff,ae503cf8154fbe07791342cfced3146fb8b1e03dbea637ba9add8796956ed94d,['cpu'],"['reference_not_ranking', 'historical_competitors_not_rerun', 'system_resources_not_exclusive']"
fdtd_2d,cova_llvm_cpu_serial,default,same_process,observed,0.1859466650057584,fdtd_2d,316658e292d02e63abcfdf443be60bbb58c10d82,6,3,06e26254e9c8b359ff97a77665932fc3543384ca179dea039154450eff6c94ff,ae503cf8154fbe07791342cfced3146fb8b1e03dbea637ba9add8796956ed94d,['cpu'],"['reference_not_ranking', 'historical_competitors_not_rerun', 'system_resources_not_exclusive']"
fdtd_2d,cova_llvm_cpu,default,initialization,observed,3.3334149770089425,fdtd_2d,316658e292d02e63abcfdf443be60bbb58c10d82,1,1,06e26254e9c8b359ff97a77665932fc3543384ca179dea039154450eff6c94ff,ae503cf8154fbe07791342cfced3146fb8b1e03dbea637ba9add8796956ed94d,['cpu'],"['reference_not_ranking', 'historical_competitors_not_rerun', 'system_resources_not_exclusive']"
fdtd_2d,cova_llvm_cpu,default,fresh_process,observed,0.7735706134990323,fdtd_2d,316658e292d02e63abcfdf443be60bbb58c10d82,2,2,06e26254e9c8b359ff97a77665932fc3543384ca179dea039154450eff6c94ff,ae503cf8154fbe07791342cfced3146fb8b1e03dbea637ba9add8796956ed94d,['cpu'],"['reference_not_ranking', 'historical_competitors_not_rerun', 'system_resources_not_exclusive']"
fdtd_2d,cova_llvm_cpu,default,same_process,observed,0.5397948019963223,fdtd_2d,316658e292d02e63abcfdf443be60bbb58c10d82,6,3,06e26254e9c8b359ff97a77665932fc3543384ca179dea039154450eff6c94ff,ae503cf8154fbe07791342cfced3146fb8b1e03dbea637ba9add8796956ed94d,['cpu'],"['reference_not_ranking', 'historical_competitors_not_rerun', 'system_resources_not_exclusive']"
fdtd_2d,cova_openmp_gpu,default,initialization,observed,4.709289484017063,fdtd_2d,316658e292d02e63abcfdf443be60bbb58c10d82,1,1,06e26254e9c8b359ff97a77665932fc3543384ca179dea039154450eff6c94ff,ae503cf8154fbe07791342cfced3146fb8b1e03dbea637ba9add8796956ed94d,['cpu'],"['reference_not_ranking', 'historical_competitors_not_rerun', 'system_resources_not_exclusive', 'gpu_placement_metadata_only']"
fdtd_2d,cova_openmp_gpu,default,fresh_process,observed,0.18251672200858593,fdtd_2d,316658e292d02e63abcfdf443be60bbb58c10d82,2,2,06e26254e9c8b359ff97a77665932fc3543384ca179dea039154450eff6c94ff,ae503cf8154fbe07791342cfced3146fb8b1e03dbea637ba9add8796956ed94d,['cpu'],"['reference_not_ranking', 'historical_competitors_not_rerun', 'system_resources_not_exclusive', 'gpu_placement_metadata_only']"
fdtd_2d,cova_openmp_gpu,default,same_process,observed,0.19116721249883994,fdtd_2d,316658e292d02e63abcfdf443be60bbb58c10d82,6,3,06e26254e9c8b359ff97a77665932fc3543384ca179dea039154450eff6c94ff,ae503cf8154fbe07791342cfced3146fb8b1e03dbea637ba9add8796956ed94d,['cpu'],"['reference_not_ranking', 'historical_competitors_not_rerun', 'system_resources_not_exclusive', 'gpu_placement_metadata_only']"
fdtd_2d,cova_llvm_gpu,default,initialization,observed,8.16510856099194,fdtd_2d,316658e292d02e63abcfdf443be60bbb58c10d82,1,1,06e26254e9c8b359ff97a77665932fc3543384ca179dea039154450eff6c94ff,ae503cf8154fbe07791342cfced3146fb8b1e03dbea637ba9add8796956ed94d,['mixed'],"['reference_not_ranking', 'historical_competitors_not_rerun', 'system_resources_not_exclusive', 'gpu_placement_metadata_only']"
fdtd_2d,cova_llvm_gpu,default,fresh_process,observed,3.8597889810043853,fdtd_2d,316658e292d02e63abcfdf443be60bbb58c10d82,2,2,06e26254e9c8b359ff97a77665932fc3543384ca179dea039154450eff6c94ff,ae503cf8154fbe07791342cfced3146fb8b1e03dbea637ba9add8796956ed94d,['mixed'],"['reference_not_ranking', 'historical_competitors_not_rerun', 'system_resources_not_exclusive', 'gpu_placement_metadata_only']"
fdtd_2d,cova_llvm_gpu,default,same_process,observed,3.6341190334933344,fdtd_2d,316658e292d02e63abcfdf443be60bbb58c10d82,6,3,06e26254e9c8b359ff97a77665932fc3543384ca179dea039154450eff6c94ff,ae503cf8154fbe07791342cfced3146fb8b1e03dbea637ba9add8796956ed94d,['mixed'],"['reference_not_ranking', 'historical_competitors_not_rerun', 'system_resources_not_exclusive', 'gpu_placement_metadata_only']"
floyd_warshall,cova_serial_cpu,default,initialization,observed,5.597521696006879,floyd_warshall,316658e292d02e63abcfdf443be60bbb58c10d82,1,1,a3edbd966d81083b8e17c12c5e476ba6f92ae518095bf60f44db36d16648859a,d80d0f1e5dc1b065b6ae583f4925157116e2c98d49b252f8e02fa8c4ffe273fe,['cpu'],"['reference_not_ranking', 'historical_competitors_not_rerun', 'system_resources_not_exclusive']"
floyd_warshall,cova_serial_cpu,default,fresh_process,observed,2.3544518220005557,floyd_warshall,316658e292d02e63abcfdf443be60bbb58c10d82,2,2,a3edbd966d81083b8e17c12c5e476ba6f92ae518095bf60f44db36d16648859a,d80d0f1e5dc1b065b6ae583f4925157116e2c98d49b252f8e02fa8c4ffe273fe,['cpu'],"['reference_not_ranking', 'historical_competitors_not_rerun', 'system_resources_not_exclusive']"
floyd_warshall,cova_serial_cpu,default,same_process,observed,1.4623071734968107,floyd_warshall,316658e292d02e63abcfdf443be60bbb58c10d82,6,3,a3edbd966d81083b8e17c12c5e476ba6f92ae518095bf60f44db36d16648859a,d80d0f1e5dc1b065b6ae583f4925157116e2c98d49b252f8e02fa8c4ffe273fe,['cpu'],"['reference_not_ranking', 'historical_competitors_not_rerun', 'system_resources_not_exclusive']"
floyd_warshall,cova_openmp_cpu,default,initialization,observed,4.765189671015833,floyd_warshall,316658e292d02e63abcfdf443be60bbb58c10d82,1,1,a3edbd966d81083b8e17c12c5e476ba6f92ae518095bf60f44db36d16648859a,d80d0f1e5dc1b065b6ae583f4925157116e2c98d49b252f8e02fa8c4ffe273fe,['cpu'],"['reference_not_ranking', 'historical_competitors_not_rerun', 'system_resources_not_exclusive']"
floyd_warshall,cova_openmp_cpu,default,fresh_process,observed,2.605644494993612,floyd_warshall,316658e292d02e63abcfdf443be60bbb58c10d82,2,2,a3edbd966d81083b8e17c12c5e476ba6f92ae518095bf60f44db36d16648859a,d80d0f1e5dc1b065b6ae583f4925157116e2c98d49b252f8e02fa8c4ffe273fe,['cpu'],"['reference_not_ranking', 'historical_competitors_not_rerun', 'system_resources_not_exclusive']"
floyd_warshall,cova_openmp_cpu,default,same_process,observed,2.2267183880030643,floyd_warshall,316658e292d02e63abcfdf443be60bbb58c10d82,6,3,a3edbd966d81083b8e17c12c5e476ba6f92ae518095bf60f44db36d16648859a,d80d0f1e5dc1b065b6ae583f4925157116e2c98d49b252f8e02fa8c4ffe273fe,['cpu'],"['reference_not_ranking', 'historical_competitors_not_rerun', 'system_resources_not_exclusive']"
floyd_warshall,cova_llvm_cpu_serial,default,initialization,observed,2.523855005041696,floyd_warshall,316658e292d02e63abcfdf443be60bbb58c10d82,1,1,a3edbd966d81083b8e17c12c5e476ba6f92ae518095bf60f44db36d16648859a,d80d0f1e5dc1b065b6ae583f4925157116e2c98d49b252f8e02fa8c4ffe273fe,['cpu'],"['reference_not_ranking', 'historical_competitors_not_rerun', 'system_resources_not_exclusive']"
floyd_warshall,cova_llvm_cpu_serial,default,fresh_process,observed,0.7538846599927638,floyd_warshall,316658e292d02e63abcfdf443be60bbb58c10d82,2,2,a3edbd966d81083b8e17c12c5e476ba6f92ae518095bf60f44db36d16648859a,d80d0f1e5dc1b065b6ae583f4925157116e2c98d49b252f8e02fa8c4ffe273fe,['cpu'],"['reference_not_ranking', 'historical_competitors_not_rerun', 'system_resources_not_exclusive']"
floyd_warshall,cova_llvm_cpu_serial,default,same_process,observed,0.9472172659880016,floyd_warshall,316658e292d02e63abcfdf443be60bbb58c10d82,6,3,a3edbd966d81083b8e17c12c5e476ba6f92ae518095bf60f44db36d16648859a,d80d0f1e5dc1b065b6ae583f4925157116e2c98d49b252f8e02fa8c4ffe273fe,['cpu'],"['reference_not_ranking', 'historical_competitors_not_rerun', 'system_resources_not_exclusive']"
floyd_warshall,cova_llvm_cpu,default,initialization,observed,2.575745642010588,floyd_warshall,316658e292d02e63abcfdf443be60bbb58c10d82,1,1,a3edbd966d81083b8e17c12c5e476ba6f92ae518095bf60f44db36d16648859a,d80d0f1e5dc1b065b6ae583f4925157116e2c98d49b252f8e02fa8c4ffe273fe,['cpu'],"['reference_not_ranking', 'historical_competitors_not_rerun', 'system_resources_not_exclusive']"
floyd_warshall,cova_llvm_cpu,default,fresh_process,observed,0.5458036345080473,floyd_warshall,316658e292d02e63abcfdf443be60bbb58c10d82,2,2,a3edbd966d81083b8e17c12c5e476ba6f92ae518095bf60f44db36d16648859a,d80d0f1e5dc1b065b6ae583f4925157116e2c98d49b252f8e02fa8c4ffe273fe,['cpu'],"['reference_not_ranking', 'historical_competitors_not_rerun', 'system_resources_not_exclusive']"
floyd_warshall,cova_llvm_cpu,default,same_process,observed,0.3178748294885736,floyd_warshall,316658e292d02e63abcfdf443be60bbb58c10d82,6,3,a3edbd966d81083b8e17c12c5e476ba6f92ae518095bf60f44db36d16648859a,d80d0f1e5dc1b065b6ae583f4925157116e2c98d49b252f8e02fa8c4ffe273fe,['cpu'],"['reference_not_ranking', 'historical_competitors_not_rerun', 'system_resources_not_exclusive']"
floyd_warshall,cova_openmp_gpu,default,initialization,observed,7.271225839969702,floyd_warshall,316658e292d02e63abcfdf443be60bbb58c10d82,1,1,a3edbd966d81083b8e17c12c5e476ba6f92ae518095bf60f44db36d16648859a,d80d0f1e5dc1b065b6ae583f4925157116e2c98d49b252f8e02fa8c4ffe273fe,['cpu'],"['reference_not_ranking', 'historical_competitors_not_rerun', 'system_resources_not_exclusive', 'gpu_placement_metadata_only']"
floyd_warshall,cova_openmp_gpu,default,fresh_process,observed,2.123029720503837,floyd_warshall,316658e292d02e63abcfdf443be60bbb58c10d82,2,2,a3edbd966d81083b8e17c12c5e476ba6f92ae518095bf60f44db36d16648859a,d80d0f1e5dc1b065b6ae583f4925157116e2c98d49b252f8e02fa8c4ffe273fe,['cpu'],"['reference_not_ranking', 'historical_competitors_not_rerun', 'system_resources_not_exclusive', 'gpu_placement_metadata_only']"
floyd_warshall,cova_openmp_gpu,default,same_process,observed,1.9850054215057753,floyd_warshall,316658e292d02e63abcfdf443be60bbb58c10d82,6,3,a3edbd966d81083b8e17c12c5e476ba6f92ae518095bf60f44db36d16648859a,d80d0f1e5dc1b065b6ae583f4925157116e2c98d49b252f8e02fa8c4ffe273fe,['cpu'],"['reference_not_ranking', 'historical_competitors_not_rerun', 'system_resources_not_exclusive', 'gpu_placement_metadata_only']"
floyd_warshall,cova_llvm_gpu,default,initialization,observed,10.620431398972869,floyd_warshall,316658e292d02e63abcfdf443be60bbb58c10d82,1,1,a3edbd966d81083b8e17c12c5e476ba6f92ae518095bf60f44db36d16648859a,d80d0f1e5dc1b065b6ae583f4925157116e2c98d49b252f8e02fa8c4ffe273fe,['gpu'],"['reference_not_ranking', 'historical_competitors_not_rerun', 'system_resources_not_exclusive', 'gpu_placement_metadata_only']"
floyd_warshall,cova_llvm_gpu,default,fresh_process,observed,6.807970424502855,floyd_warshall,316658e292d02e63abcfdf443be60bbb58c10d82,2,2,a3edbd966d81083b8e17c12c5e476ba6f92ae518095bf60f44db36d16648859a,d80d0f1e5dc1b065b6ae583f4925157116e2c98d49b252f8e02fa8c4ffe273fe,['gpu'],"['reference_not_ranking', 'historical_competitors_not_rerun', 'system_resources_not_exclusive', 'gpu_placement_metadata_only']"
floyd_warshall,cova_llvm_gpu,default,same_process,observed,6.110531718994025,floyd_warshall,316658e292d02e63abcfdf443be60bbb58c10d82,6,3,a3edbd966d81083b8e17c12c5e476ba6f92ae518095bf60f44db36d16648859a,d80d0f1e5dc1b065b6ae583f4925157116e2c98d49b252f8e02fa8c4ffe273fe,['gpu'],"['reference_not_ranking', 'historical_competitors_not_rerun', 'system_resources_not_exclusive', 'gpu_placement_metadata_only']"
gemm,cova_serial_cpu,default,initialization,observed,131.79876311600674,gemm,316658e292d02e63abcfdf443be60bbb58c10d82,1,1,0c0d6b6a480e5bce18192950eed6fa367ca1dff111ffe96afd63e44b0357c489,a7cad45e3e7e87c02c7a2df12b4f75774f21a5cca78b504ff8830be9107f34b6,['cpu'],"['reference_not_ranking', 'historical_competitors_not_rerun', 'system_resources_not_exclusive']"
gemm,cova_serial_cpu,default,fresh_process,observed,128.2616762474936,gemm,316658e292d02e63abcfdf443be60bbb58c10d82,2,2,0c0d6b6a480e5bce18192950eed6fa367ca1dff111ffe96afd63e44b0357c489,a7cad45e3e7e87c02c7a2df12b4f75774f21a5cca78b504ff8830be9107f34b6,['cpu'],"['reference_not_ranking', 'historical_competitors_not_rerun', 'system_resources_not_exclusive']"
gemm,cova_serial_cpu,default,same_process,observed,124.06925040099304,gemm,316658e292d02e63abcfdf443be60bbb58c10d82,6,3,0c0d6b6a480e5bce18192950eed6fa367ca1dff111ffe96afd63e44b0357c489,a7cad45e3e7e87c02c7a2df12b4f75774f21a5cca78b504ff8830be9107f34b6,['cpu'],"['reference_not_ranking', 'historical_competitors_not_rerun', 'system_resources_not_exclusive']"
gemm,cova_openmp_cpu,default,initialization,observed,33.03470192605164,gemm,316658e292d02e63abcfdf443be60bbb58c10d82,1,1,0c0d6b6a480e5bce18192950eed6fa367ca1dff111ffe96afd63e44b0357c489,a7cad45e3e7e87c02c7a2df12b4f75774f21a5cca78b504ff8830be9107f34b6,['cpu'],"['reference_not_ranking', 'historical_competitors_not_rerun', 'system_resources_not_exclusive']"
gemm,cova_openmp_cpu,default,fresh_process,observed,33.03728697751649,gemm,316658e292d02e63abcfdf443be60bbb58c10d82,2,2,0c0d6b6a480e5bce18192950eed6fa367ca1dff111ffe96afd63e44b0357c489,a7cad45e3e7e87c02c7a2df12b4f75774f21a5cca78b504ff8830be9107f34b6,['cpu'],"['reference_not_ranking', 'historical_competitors_not_rerun', 'system_resources_not_exclusive']"
gemm,cova_openmp_cpu,default,same_process,observed,31.8907805349736,gemm,316658e292d02e63abcfdf443be60bbb58c10d82,6,3,0c0d6b6a480e5bce18192950eed6fa367ca1dff111ffe96afd63e44b0357c489,a7cad45e3e7e87c02c7a2df12b4f75774f21a5cca78b504ff8830be9107f34b6,['cpu'],"['reference_not_ranking', 'historical_competitors_not_rerun', 'system_resources_not_exclusive']"
gemm,cova_llvm_cpu_serial,default,initialization,observed,6.2798563779797405,gemm,316658e292d02e63abcfdf443be60bbb58c10d82,1,1,0c0d6b6a480e5bce18192950eed6fa367ca1dff111ffe96afd63e44b0357c489,a7cad45e3e7e87c02c7a2df12b4f75774f21a5cca78b504ff8830be9107f34b6,['cpu'],"['reference_not_ranking', 'historical_competitors_not_rerun', 'system_resources_not_exclusive']"
gemm,cova_llvm_cpu_serial,default,fresh_process,observed,2.3655700999952387,gemm,316658e292d02e63abcfdf443be60bbb58c10d82,2,2,0c0d6b6a480e5bce18192950eed6fa367ca1dff111ffe96afd63e44b0357c489,a7cad45e3e7e87c02c7a2df12b4f75774f21a5cca78b504ff8830be9107f34b6,['cpu'],"['reference_not_ranking', 'historical_competitors_not_rerun', 'system_resources_not_exclusive']"
gemm,cova_llvm_cpu_serial,default,same_process,observed,2.2651901729987003,gemm,316658e292d02e63abcfdf443be60bbb58c10d82,6,3,0c0d6b6a480e5bce18192950eed6fa367ca1dff111ffe96afd63e44b0357c489,a7cad45e3e7e87c02c7a2df12b4f75774f21a5cca78b504ff8830be9107f34b6,['cpu'],"['reference_not_ranking', 'historical_competitors_not_rerun', 'system_resources_not_exclusive']"
gemm,cova_llvm_cpu,default,initialization,observed,8.521233007952105,gemm,316658e292d02e63abcfdf443be60bbb58c10d82,1,1,0c0d6b6a480e5bce18192950eed6fa367ca1dff111ffe96afd63e44b0357c489,a7cad45e3e7e87c02c7a2df12b4f75774f21a5cca78b504ff8830be9107f34b6,['cpu'],"['reference_not_ranking', 'historical_competitors_not_rerun', 'system_resources_not_exclusive']"
gemm,cova_llvm_cpu,default,fresh_process,observed,3.0979306090448517,gemm,316658e292d02e63abcfdf443be60bbb58c10d82,2,2,0c0d6b6a480e5bce18192950eed6fa367ca1dff111ffe96afd63e44b0357c489,a7cad45e3e7e87c02c7a2df12b4f75774f21a5cca78b504ff8830be9107f34b6,['cpu'],"['reference_not_ranking', 'historical_competitors_not_rerun', 'system_resources_not_exclusive']"
gemm,cova_llvm_cpu,default,same_process,observed,2.2541886774997693,gemm,316658e292d02e63abcfdf443be60bbb58c10d82,6,3,0c0d6b6a480e5bce18192950eed6fa367ca1dff111ffe96afd63e44b0357c489,a7cad45e3e7e87c02c7a2df12b4f75774f21a5cca78b504ff8830be9107f34b6,['cpu'],"['reference_not_ranking', 'historical_competitors_not_rerun', 'system_resources_not_exclusive']"
gemm,cova_openmp_gpu,default,initialization,observed,7.117369630024768,gemm,316658e292d02e63abcfdf443be60bbb58c10d82,1,1,0c0d6b6a480e5bce18192950eed6fa367ca1dff111ffe96afd63e44b0357c489,a7cad45e3e7e87c02c7a2df12b4f75774f21a5cca78b504ff8830be9107f34b6,['gpu'],"['reference_not_ranking', 'historical_competitors_not_rerun', 'system_resources_not_exclusive', 'gpu_placement_metadata_only']"
gemm,cova_openmp_gpu,default,fresh_process,observed,1.1266416785074398,gemm,316658e292d02e63abcfdf443be60bbb58c10d82,2,2,0c0d6b6a480e5bce18192950eed6fa367ca1dff111ffe96afd63e44b0357c489,a7cad45e3e7e87c02c7a2df12b4f75774f21a5cca78b504ff8830be9107f34b6,['gpu'],"['reference_not_ranking', 'historical_competitors_not_rerun', 'system_resources_not_exclusive', 'gpu_placement_metadata_only']"
gemm,cova_openmp_gpu,default,same_process,observed,0.7172261764935683,gemm,316658e292d02e63abcfdf443be60bbb58c10d82,6,3,0c0d6b6a480e5bce18192950eed6fa367ca1dff111ffe96afd63e44b0357c489,a7cad45e3e7e87c02c7a2df12b4f75774f21a5cca78b504ff8830be9107f34b6,['gpu'],"['reference_not_ranking', 'historical_competitors_not_rerun', 'system_resources_not_exclusive', 'gpu_placement_metadata_only']"
gemm,cova_llvm_gpu,default,initialization,observed,6.874284001998603,gemm,316658e292d02e63abcfdf443be60bbb58c10d82,1,1,0c0d6b6a480e5bce18192950eed6fa367ca1dff111ffe96afd63e44b0357c489,a7cad45e3e7e87c02c7a2df12b4f75774f21a5cca78b504ff8830be9107f34b6,['gpu'],"['reference_not_ranking', 'historical_competitors_not_rerun', 'system_resources_not_exclusive', 'gpu_placement_metadata_only']"
gemm,cova_llvm_gpu,default,fresh_process,observed,0.7913135504932143,gemm,316658e292d02e63abcfdf443be60bbb58c10d82,2,2,0c0d6b6a480e5bce18192950eed6fa367ca1dff111ffe96afd63e44b0357c489,a7cad45e3e7e87c02c7a2df12b4f75774f21a5cca78b504ff8830be9107f34b6,['gpu'],"['reference_not_ranking', 'historical_competitors_not_rerun', 'system_resources_not_exclusive', 'gpu_placement_metadata_only']"
gemm,cova_llvm_gpu,default,same_process,observed,0.3354660910263192,gemm,316658e292d02e63abcfdf443be60bbb58c10d82,6,3,0c0d6b6a480e5bce18192950eed6fa367ca1dff111ffe96afd63e44b0357c489,a7cad45e3e7e87c02c7a2df12b4f75774f21a5cca78b504ff8830be9107f34b6,['gpu'],"['reference_not_ranking', 'historical_competitors_not_rerun', 'system_resources_not_exclusive', 'gpu_placement_metadata_only']"
gemver,cova_serial_cpu,default,initialization,observed,4.748278693994507,gemver,316658e292d02e63abcfdf443be60bbb58c10d82,1,1,85cc572cc7692fb81b6c77506a30c2af771c098b9e57d5abf57198c996aa6ef6,8f83d1ce5ccca10e01496b8b60f5d329e3f1f9e85ecb87f3b836424334239f88,['cpu'],"['reference_not_ranking', 'historical_competitors_not_rerun', 'system_resources_not_exclusive']"
gemver,cova_serial_cpu,default,fresh_process,observed,1.3145044609846082,gemver,316658e292d02e63abcfdf443be60bbb58c10d82,2,2,85cc572cc7692fb81b6c77506a30c2af771c098b9e57d5abf57198c996aa6ef6,8f83d1ce5ccca10e01496b8b60f5d329e3f1f9e85ecb87f3b836424334239f88,['cpu'],"['reference_not_ranking', 'historical_competitors_not_rerun', 'system_resources_not_exclusive']"
gemver,cova_serial_cpu,default,same_process,observed,0.8802074534760322,gemver,316658e292d02e63abcfdf443be60bbb58c10d82,6,3,85cc572cc7692fb81b6c77506a30c2af771c098b9e57d5abf57198c996aa6ef6,8f83d1ce5ccca10e01496b8b60f5d329e3f1f9e85ecb87f3b836424334239f88,['cpu'],"['reference_not_ranking', 'historical_competitors_not_rerun', 'system_resources_not_exclusive']"
gemver,cova_openmp_cpu,default,initialization,observed,4.7458053909940645,gemver,316658e292d02e63abcfdf443be60bbb58c10d82,1,1,85cc572cc7692fb81b6c77506a30c2af771c098b9e57d5abf57198c996aa6ef6,8f83d1ce5ccca10e01496b8b60f5d329e3f1f9e85ecb87f3b836424334239f88,['cpu'],"['reference_not_ranking', 'historical_competitors_not_rerun', 'system_resources_not_exclusive']"
gemver,cova_openmp_cpu,default,fresh_process,observed,1.6511255109799094,gemver,316658e292d02e63abcfdf443be60bbb58c10d82,2,2,85cc572cc7692fb81b6c77506a30c2af771c098b9e57d5abf57198c996aa6ef6,8f83d1ce5ccca10e01496b8b60f5d329e3f1f9e85ecb87f3b836424334239f88,['cpu'],"['reference_not_ranking', 'historical_competitors_not_rerun', 'system_resources_not_exclusive']"
gemver,cova_openmp_cpu,default,same_process,observed,1.452366006502416,gemver,316658e292d02e63abcfdf443be60bbb58c10d82,6,3,85cc572cc7692fb81b6c77506a30c2af771c098b9e57d5abf57198c996aa6ef6,8f83d1ce5ccca10e01496b8b60f5d329e3f1f9e85ecb87f3b836424334239f88,['cpu'],"['reference_not_ranking', 'historical_competitors_not_rerun', 'system_resources_not_exclusive']"
gemver,cova_llvm_cpu_serial,default,initialization,observed,5.502911095973104,gemver,316658e292d02e63abcfdf443be60bbb58c10d82,1,1,85cc572cc7692fb81b6c77506a30c2af771c098b9e57d5abf57198c996aa6ef6,8f83d1ce5ccca10e01496b8b60f5d329e3f1f9e85ecb87f3b836424334239f88,['cpu'],"['reference_not_ranking', 'historical_competitors_not_rerun', 'system_resources_not_exclusive']"
gemver,cova_llvm_cpu_serial,default,fresh_process,observed,0.45634997499291785,gemver,316658e292d02e63abcfdf443be60bbb58c10d82,2,2,85cc572cc7692fb81b6c77506a30c2af771c098b9e57d5abf57198c996aa6ef6,8f83d1ce5ccca10e01496b8b60f5d329e3f1f9e85ecb87f3b836424334239f88,['cpu'],"['reference_not_ranking', 'historical_competitors_not_rerun', 'system_resources_not_exclusive']"
gemver,cova_llvm_cpu_serial,default,same_process,observed,0.47180082701379433,gemver,316658e292d02e63abcfdf443be60bbb58c10d82,6,3,85cc572cc7692fb81b6c77506a30c2af771c098b9e57d5abf57198c996aa6ef6,8f83d1ce5ccca10e01496b8b60f5d329e3f1f9e85ecb87f3b836424334239f88,['cpu'],"['reference_not_ranking', 'historical_competitors_not_rerun', 'system_resources_not_exclusive']"
gemver,cova_llvm_cpu,default,initialization,observed,4.314479049993679,gemver,316658e292d02e63abcfdf443be60bbb58c10d82,1,1,85cc572cc7692fb81b6c77506a30c2af771c098b9e57d5abf57198c996aa6ef6,8f83d1ce5ccca10e01496b8b60f5d329e3f1f9e85ecb87f3b836424334239f88,['cpu'],"['reference_not_ranking', 'historical_competitors_not_rerun', 'system_resources_not_exclusive']"
gemver,cova_llvm_cpu,default,fresh_process,observed,1.6208724314928986,gemver,316658e292d02e63abcfdf443be60bbb58c10d82,2,2,85cc572cc7692fb81b6c77506a30c2af771c098b9e57d5abf57198c996aa6ef6,8f83d1ce5ccca10e01496b8b60f5d329e3f1f9e85ecb87f3b836424334239f88,['cpu'],"['reference_not_ranking', 'historical_competitors_not_rerun', 'system_resources_not_exclusive']"
gemver,cova_llvm_cpu,default,same_process,observed,1.415251549507957,gemver,316658e292d02e63abcfdf443be60bbb58c10d82,6,3,85cc572cc7692fb81b6c77506a30c2af771c098b9e57d5abf57198c996aa6ef6,8f83d1ce5ccca10e01496b8b60f5d329e3f1f9e85ecb87f3b836424334239f88,['cpu'],"['reference_not_ranking', 'historical_competitors_not_rerun', 'system_resources_not_exclusive']"
gemver,cova_openmp_gpu,default,initialization,observed,8.431053810985759,gemver,316658e292d02e63abcfdf443be60bbb58c10d82,1,1,85cc572cc7692fb81b6c77506a30c2af771c098b9e57d5abf57198c996aa6ef6,8f83d1ce5ccca10e01496b8b60f5d329e3f1f9e85ecb87f3b836424334239f88,['mixed'],"['reference_not_ranking', 'historical_competitors_not_rerun', 'system_resources_not_exclusive', 'gpu_placement_metadata_only']"
gemver,cova_openmp_gpu,default,fresh_process,observed,1.729356971976813,gemver,316658e292d02e63abcfdf443be60bbb58c10d82,2,2,85cc572cc7692fb81b6c77506a30c2af771c098b9e57d5abf57198c996aa6ef6,8f83d1ce5ccca10e01496b8b60f5d329e3f1f9e85ecb87f3b836424334239f88,['mixed'],"['reference_not_ranking', 'historical_competitors_not_rerun', 'system_resources_not_exclusive', 'gpu_placement_metadata_only']"
gemver,cova_openmp_gpu,default,same_process,observed,1.2461817174917087,gemver,316658e292d02e63abcfdf443be60bbb58c10d82,6,3,85cc572cc7692fb81b6c77506a30c2af771c098b9e57d5abf57198c996aa6ef6,8f83d1ce5ccca10e01496b8b60f5d329e3f1f9e85ecb87f3b836424334239f88,['mixed'],"['reference_not_ranking', 'historical_competitors_not_rerun', 'system_resources_not_exclusive', 'gpu_placement_metadata_only']"
gemver,cova_llvm_gpu,default,initialization,observed,8.044732681009918,gemver,316658e292d02e63abcfdf443be60bbb58c10d82,1,1,85cc572cc7692fb81b6c77506a30c2af771c098b9e57d5abf57198c996aa6ef6,8f83d1ce5ccca10e01496b8b60f5d329e3f1f9e85ecb87f3b836424334239f88,['gpu'],"['reference_not_ranking', 'historical_competitors_not_rerun', 'system_resources_not_exclusive', 'gpu_placement_metadata_only']"
gemver,cova_llvm_gpu,default,fresh_process,observed,0.8476446010172367,gemver,316658e292d02e63abcfdf443be60bbb58c10d82,2,2,85cc572cc7692fb81b6c77506a30c2af771c098b9e57d5abf57198c996aa6ef6,8f83d1ce5ccca10e01496b8b60f5d329e3f1f9e85ecb87f3b836424334239f88,['gpu'],"['reference_not_ranking', 'historical_competitors_not_rerun', 'system_resources_not_exclusive', 'gpu_placement_metadata_only']"
gemver,cova_llvm_gpu,default,same_process,observed,0.4015691069944296,gemver,316658e292d02e63abcfdf443be60bbb58c10d82,6,3,85cc572cc7692fb81b6c77506a30c2af771c098b9e57d5abf57198c996aa6ef6,8f83d1ce5ccca10e01496b8b60f5d329e3f1f9e85ecb87f3b836424334239f88,['gpu'],"['reference_not_ranking', 'historical_competitors_not_rerun', 'system_resources_not_exclusive', 'gpu_placement_metadata_only']"
gesummv,cova_serial_cpu,default,initialization,observed,5.104299806000199,gesummv,316658e292d02e63abcfdf443be60bbb58c10d82,1,1,0e62642787bfd7976dde4296be195e5cc2dd07cdd198d1233ad748fdaaf9fc80,603add7d548bef0a20a6309fbf3785c05014a0b3550717c6d424278bd55d2518,['cpu'],"['reference_not_ranking', 'historical_competitors_not_rerun', 'system_resources_not_exclusive']"
gesummv,cova_serial_cpu,default,fresh_process,observed,2.2686278434994165,gesummv,316658e292d02e63abcfdf443be60bbb58c10d82,2,2,0e62642787bfd7976dde4296be195e5cc2dd07cdd198d1233ad748fdaaf9fc80,603add7d548bef0a20a6309fbf3785c05014a0b3550717c6d424278bd55d2518,['cpu'],"['reference_not_ranking', 'historical_competitors_not_rerun', 'system_resources_not_exclusive']"
gesummv,cova_serial_cpu,default,same_process,observed,0.8827195929770824,gesummv,316658e292d02e63abcfdf443be60bbb58c10d82,6,3,0e62642787bfd7976dde4296be195e5cc2dd07cdd198d1233ad748fdaaf9fc80,603add7d548bef0a20a6309fbf3785c05014a0b3550717c6d424278bd55d2518,['cpu'],"['reference_not_ranking', 'historical_competitors_not_rerun', 'system_resources_not_exclusive']"
gesummv,cova_openmp_cpu,default,initialization,observed,5.0647869140375406,gesummv,316658e292d02e63abcfdf443be60bbb58c10d82,1,1,0e62642787bfd7976dde4296be195e5cc2dd07cdd198d1233ad748fdaaf9fc80,603add7d548bef0a20a6309fbf3785c05014a0b3550717c6d424278bd55d2518,['cpu'],"['reference_not_ranking', 'historical_competitors_not_rerun', 'system_resources_not_exclusive']"
gesummv,cova_openmp_cpu,default,fresh_process,observed,2.921859415509971,gesummv,316658e292d02e63abcfdf443be60bbb58c10d82,2,2,0e62642787bfd7976dde4296be195e5cc2dd07cdd198d1233ad748fdaaf9fc80,603add7d548bef0a20a6309fbf3785c05014a0b3550717c6d424278bd55d2518,['cpu'],"['reference_not_ranking', 'historical_competitors_not_rerun', 'system_resources_not_exclusive']"
gesummv,cova_openmp_cpu,default,same_process,observed,2.545895015995484,gesummv,316658e292d02e63abcfdf443be60bbb58c10d82,6,3,0e62642787bfd7976dde4296be195e5cc2dd07cdd198d1233ad748fdaaf9fc80,603add7d548bef0a20a6309fbf3785c05014a0b3550717c6d424278bd55d2518,['cpu'],"['reference_not_ranking', 'historical_competitors_not_rerun', 'system_resources_not_exclusive']"
gesummv,cova_llvm_cpu_serial,default,initialization,observed,3.7650178669719025,gesummv,316658e292d02e63abcfdf443be60bbb58c10d82,1,1,0e62642787bfd7976dde4296be195e5cc2dd07cdd198d1233ad748fdaaf9fc80,603add7d548bef0a20a6309fbf3785c05014a0b3550717c6d424278bd55d2518,['cpu'],"['reference_not_ranking', 'historical_competitors_not_rerun', 'system_resources_not_exclusive']"
gesummv,cova_llvm_cpu_serial,default,fresh_process,observed,0.08341247201315127,gesummv,316658e292d02e63abcfdf443be60bbb58c10d82,2,2,0e62642787bfd7976dde4296be195e5cc2dd07cdd198d1233ad748fdaaf9fc80,603add7d548bef0a20a6309fbf3785c05014a0b3550717c6d424278bd55d2518,['cpu'],"['reference_not_ranking', 'historical_competitors_not_rerun', 'system_resources_not_exclusive']"
gesummv,cova_llvm_cpu_serial,default,same_process,observed,0.07353629998397082,gesummv,316658e292d02e63abcfdf443be60bbb58c10d82,6,3,0e62642787bfd7976dde4296be195e5cc2dd07cdd198d1233ad748fdaaf9fc80,603add7d548bef0a20a6309fbf3785c05014a0b3550717c6d424278bd55d2518,['cpu'],"['reference_not_ranking', 'historical_competitors_not_rerun', 'system_resources_not_exclusive']"
gesummv,cova_llvm_cpu,default,initialization,observed,4.822419896023348,gesummv,316658e292d02e63abcfdf443be60bbb58c10d82,1,1,0e62642787bfd7976dde4296be195e5cc2dd07cdd198d1233ad748fdaaf9fc80,603add7d548bef0a20a6309fbf3785c05014a0b3550717c6d424278bd55d2518,['cpu'],"['reference_not_ranking', 'historical_competitors_not_rerun', 'system_resources_not_exclusive']"
gesummv,cova_llvm_cpu,default,fresh_process,observed,2.641948385484284,gesummv,316658e292d02e63abcfdf443be60bbb58c10d82,2,2,0e62642787bfd7976dde4296be195e5cc2dd07cdd198d1233ad748fdaaf9fc80,603add7d548bef0a20a6309fbf3785c05014a0b3550717c6d424278bd55d2518,['cpu'],"['reference_not_ranking', 'historical_competitors_not_rerun', 'system_resources_not_exclusive']"
gesummv,cova_llvm_cpu,default,same_process,observed,2.4641997895087115,gesummv,316658e292d02e63abcfdf443be60bbb58c10d82,6,3,0e62642787bfd7976dde4296be195e5cc2dd07cdd198d1233ad748fdaaf9fc80,603add7d548bef0a20a6309fbf3785c05014a0b3550717c6d424278bd55d2518,['cpu'],"['reference_not_ranking', 'historical_competitors_not_rerun', 'system_resources_not_exclusive']"
gesummv,cova_openmp_gpu,default,initialization,observed,7.237497321970295,gesummv,316658e292d02e63abcfdf443be60bbb58c10d82,1,1,0e62642787bfd7976dde4296be195e5cc2dd07cdd198d1233ad748fdaaf9fc80,603add7d548bef0a20a6309fbf3785c05014a0b3550717c6d424278bd55d2518,['gpu'],"['reference_not_ranking', 'historical_competitors_not_rerun', 'system_resources_not_exclusive', 'gpu_placement_metadata_only']"
gesummv,cova_openmp_gpu,default,fresh_process,observed,0.7078146484855097,gesummv,316658e292d02e63abcfdf443be60bbb58c10d82,2,2,0e62642787bfd7976dde4296be195e5cc2dd07cdd198d1233ad748fdaaf9fc80,603add7d548bef0a20a6309fbf3785c05014a0b3550717c6d424278bd55d2518,['gpu'],"['reference_not_ranking', 'historical_competitors_not_rerun', 'system_resources_not_exclusive', 'gpu_placement_metadata_only']"
gesummv,cova_openmp_gpu,default,same_process,observed,0.29592745398986153,gesummv,316658e292d02e63abcfdf443be60bbb58c10d82,6,3,0e62642787bfd7976dde4296be195e5cc2dd07cdd198d1233ad748fdaaf9fc80,603add7d548bef0a20a6309fbf3785c05014a0b3550717c6d424278bd55d2518,['gpu'],"['reference_not_ranking', 'historical_competitors_not_rerun', 'system_resources_not_exclusive', 'gpu_placement_metadata_only']"
gesummv,cova_llvm_gpu,default,initialization,observed,6.81498017400736,gesummv,316658e292d02e63abcfdf443be60bbb58c10d82,1,1,0e62642787bfd7976dde4296be195e5cc2dd07cdd198d1233ad748fdaaf9fc80,603add7d548bef0a20a6309fbf3785c05014a0b3550717c6d424278bd55d2518,['gpu'],"['reference_not_ranking', 'historical_competitors_not_rerun', 'system_resources_not_exclusive', 'gpu_placement_metadata_only']"
gesummv,cova_llvm_gpu,default,fresh_process,observed,0.6475243610038888,gesummv,316658e292d02e63abcfdf443be60bbb58c10d82,2,2,0e62642787bfd7976dde4296be195e5cc2dd07cdd198d1233ad748fdaaf9fc80,603add7d548bef0a20a6309fbf3785c05014a0b3550717c6d424278bd55d2518,['gpu'],"['reference_not_ranking', 'historical_competitors_not_rerun', 'system_resources_not_exclusive', 'gpu_placement_metadata_only']"
gesummv,cova_llvm_gpu,default,same_process,observed,0.30056055102613755,gesummv,316658e292d02e63abcfdf443be60bbb58c10d82,6,3,0e62642787bfd7976dde4296be195e5cc2dd07cdd198d1233ad748fdaaf9fc80,603add7d548bef0a20a6309fbf3785c05014a0b3550717c6d424278bd55d2518,['gpu'],"['reference_not_ranking', 'historical_competitors_not_rerun', 'system_resources_not_exclusive', 'gpu_placement_metadata_only']"
go_fast,cova_serial_cpu,default,initialization,observed,5.548478000971954,go_fast,316658e292d02e63abcfdf443be60bbb58c10d82,1,1,ae81860b1a6b200efcca939dedfc2ee5e6a861d07af0c13d6e54e4f1ed9dfb3a,27869e2eab641d51a4dcb8b144e082c2564882966a28c404e3c13fdb484f75cf,['cpu'],"['reference_not_ranking', 'historical_competitors_not_rerun', 'system_resources_not_exclusive']"
go_fast,cova_serial_cpu,default,fresh_process,observed,2.7198983389826026,go_fast,316658e292d02e63abcfdf443be60bbb58c10d82,2,2,ae81860b1a6b200efcca939dedfc2ee5e6a861d07af0c13d6e54e4f1ed9dfb3a,27869e2eab641d51a4dcb8b144e082c2564882966a28c404e3c13fdb484f75cf,['cpu'],"['reference_not_ranking', 'historical_competitors_not_rerun', 'system_resources_not_exclusive']"
go_fast,cova_serial_cpu,default,same_process,observed,1.3780743755050935,go_fast,316658e292d02e63abcfdf443be60bbb58c10d82,6,3,ae81860b1a6b200efcca939dedfc2ee5e6a861d07af0c13d6e54e4f1ed9dfb3a,27869e2eab641d51a4dcb8b144e082c2564882966a28c404e3c13fdb484f75cf,['cpu'],"['reference_not_ranking', 'historical_competitors_not_rerun', 'system_resources_not_exclusive']"
go_fast,cova_openmp_cpu,default,initialization,observed,3.208914491988253,go_fast,316658e292d02e63abcfdf443be60bbb58c10d82,1,1,ae81860b1a6b200efcca939dedfc2ee5e6a861d07af0c13d6e54e4f1ed9dfb3a,27869e2eab641d51a4dcb8b144e082c2564882966a28c404e3c13fdb484f75cf,['cpu'],"['reference_not_ranking', 'historical_competitors_not_rerun', 'system_resources_not_exclusive']"
go_fast,cova_openmp_cpu,default,fresh_process,observed,0.821377042477252,go_fast,316658e292d02e63abcfdf443be60bbb58c10d82,2,2,ae81860b1a6b200efcca939dedfc2ee5e6a861d07af0c13d6e54e4f1ed9dfb3a,27869e2eab641d51a4dcb8b144e082c2564882966a28c404e3c13fdb484f75cf,['cpu'],"['reference_not_ranking', 'historical_competitors_not_rerun', 'system_resources_not_exclusive']"
go_fast,cova_openmp_cpu,default,same_process,observed,0.8531498484953772,go_fast,316658e292d02e63abcfdf443be60bbb58c10d82,6,3,ae81860b1a6b200efcca939dedfc2ee5e6a861d07af0c13d6e54e4f1ed9dfb3a,27869e2eab641d51a4dcb8b144e082c2564882966a28c404e3c13fdb484f75cf,['cpu'],"['reference_not_ranking', 'historical_competitors_not_rerun', 'system_resources_not_exclusive']"
go_fast,cova_llvm_cpu_serial,default,initialization,observed,7.127607628004625,go_fast,316658e292d02e63abcfdf443be60bbb58c10d82,1,1,ae81860b1a6b200efcca939dedfc2ee5e6a861d07af0c13d6e54e4f1ed9dfb3a,27869e2eab641d51a4dcb8b144e082c2564882966a28c404e3c13fdb484f75cf,['cpu'],"['reference_not_ranking', 'historical_competitors_not_rerun', 'system_resources_not_exclusive']"
go_fast,cova_llvm_cpu_serial,default,fresh_process,observed,4.503318776463857,go_fast,316658e292d02e63abcfdf443be60bbb58c10d82,2,2,ae81860b1a6b200efcca939dedfc2ee5e6a861d07af0c13d6e54e4f1ed9dfb3a,27869e2eab641d51a4dcb8b144e082c2564882966a28c404e3c13fdb484f75cf,['cpu'],"['reference_not_ranking', 'historical_competitors_not_rerun', 'system_resources_not_exclusive']"
go_fast,cova_llvm_cpu_serial,default,same_process,observed,4.868369469535537,go_fast,316658e292d02e63abcfdf443be60bbb58c10d82,6,3,ae81860b1a6b200efcca939dedfc2ee5e6a861d07af0c13d6e54e4f1ed9dfb3a,27869e2eab641d51a4dcb8b144e082c2564882966a28c404e3c13fdb484f75cf,['cpu'],"['reference_not_ranking', 'historical_competitors_not_rerun', 'system_resources_not_exclusive']"
go_fast,cova_llvm_cpu,default,initialization,observed,8.484866889950354,go_fast,316658e292d02e63abcfdf443be60bbb58c10d82,1,1,ae81860b1a6b200efcca939dedfc2ee5e6a861d07af0c13d6e54e4f1ed9dfb3a,27869e2eab641d51a4dcb8b144e082c2564882966a28c404e3c13fdb484f75cf,['cpu'],"['reference_not_ranking', 'historical_competitors_not_rerun', 'system_resources_not_exclusive']"
go_fast,cova_llvm_cpu,default,fresh_process,observed,4.7540868264914025,go_fast,316658e292d02e63abcfdf443be60bbb58c10d82,2,2,ae81860b1a6b200efcca939dedfc2ee5e6a861d07af0c13d6e54e4f1ed9dfb3a,27869e2eab641d51a4dcb8b144e082c2564882966a28c404e3c13fdb484f75cf,['cpu'],"['reference_not_ranking', 'historical_competitors_not_rerun', 'system_resources_not_exclusive']"
go_fast,cova_llvm_cpu,default,same_process,observed,4.413115436502267,go_fast,316658e292d02e63abcfdf443be60bbb58c10d82,6,3,ae81860b1a6b200efcca939dedfc2ee5e6a861d07af0c13d6e54e4f1ed9dfb3a,27869e2eab641d51a4dcb8b144e082c2564882966a28c404e3c13fdb484f75cf,['cpu'],"['reference_not_ranking', 'historical_competitors_not_rerun', 'system_resources_not_exclusive']"
go_fast,cova_openmp_gpu,default,initialization,observed,8.071315127017442,go_fast,316658e292d02e63abcfdf443be60bbb58c10d82,1,1,ae81860b1a6b200efcca939dedfc2ee5e6a861d07af0c13d6e54e4f1ed9dfb3a,27869e2eab641d51a4dcb8b144e082c2564882966a28c404e3c13fdb484f75cf,['cpu'],"['reference_not_ranking', 'historical_competitors_not_rerun', 'system_resources_not_exclusive', 'gpu_placement_metadata_only']"
go_fast,cova_openmp_gpu,default,fresh_process,observed,3.152378861530451,go_fast,316658e292d02e63abcfdf443be60bbb58c10d82,2,2,ae81860b1a6b200efcca939dedfc2ee5e6a861d07af0c13d6e54e4f1ed9dfb3a,27869e2eab641d51a4dcb8b144e082c2564882966a28c404e3c13fdb484f75cf,['cpu'],"['reference_not_ranking', 'historical_competitors_not_rerun', 'system_resources_not_exclusive', 'gpu_placement_metadata_only']"
go_fast,cova_openmp_gpu,default,same_process,observed,3.329781042994,go_fast,316658e292d02e63abcfdf443be60bbb58c10d82,6,3,ae81860b1a6b200efcca939dedfc2ee5e6a861d07af0c13d6e54e4f1ed9dfb3a,27869e2eab641d51a4dcb8b144e082c2564882966a28c404e3c13fdb484f75cf,['cpu'],"['reference_not_ranking', 'historical_competitors_not_rerun', 'system_resources_not_exclusive', 'gpu_placement_metadata_only']"
go_fast,cova_llvm_gpu,default,initialization,observed,33.68448550597532,go_fast,316658e292d02e63abcfdf443be60bbb58c10d82,1,1,ae81860b1a6b200efcca939dedfc2ee5e6a861d07af0c13d6e54e4f1ed9dfb3a,27869e2eab641d51a4dcb8b144e082c2564882966a28c404e3c13fdb484f75cf,['gpu'],"['reference_not_ranking', 'historical_competitors_not_rerun', 'system_resources_not_exclusive', 'gpu_placement_metadata_only']"
go_fast,cova_llvm_gpu,default,fresh_process,observed,7.258939039020333,go_fast,316658e292d02e63abcfdf443be60bbb58c10d82,2,2,ae81860b1a6b200efcca939dedfc2ee5e6a861d07af0c13d6e54e4f1ed9dfb3a,27869e2eab641d51a4dcb8b144e082c2564882966a28c404e3c13fdb484f75cf,['gpu'],"['reference_not_ranking', 'historical_competitors_not_rerun', 'system_resources_not_exclusive', 'gpu_placement_metadata_only']"
go_fast,cova_llvm_gpu,default,same_process,observed,6.496058283519233,go_fast,316658e292d02e63abcfdf443be60bbb58c10d82,6,3,ae81860b1a6b200efcca939dedfc2ee5e6a861d07af0c13d6e54e4f1ed9dfb3a,27869e2eab641d51a4dcb8b144e082c2564882966a28c404e3c13fdb484f75cf,['gpu'],"['reference_not_ranking', 'historical_competitors_not_rerun', 'system_resources_not_exclusive', 'gpu_placement_metadata_only']"
gramschmidt,cova_serial_cpu,default,initialization,observed,2.4875639109523036,gramschmidt,316658e292d02e63abcfdf443be60bbb58c10d82,1,1,1f3d8680c6c62cb57662259efbd6317e805dc931a93921d1f417b2d9a8b00706,0cd9b7683af012b2f89286b1d7f883de9ac11e0a801ad6a40757c753baba615b,['cpu'],"['reference_not_ranking', 'historical_competitors_not_rerun', 'system_resources_not_exclusive']"
gramschmidt,cova_serial_cpu,default,fresh_process,observed,0.3360051065101288,gramschmidt,316658e292d02e63abcfdf443be60bbb58c10d82,2,2,1f3d8680c6c62cb57662259efbd6317e805dc931a93921d1f417b2d9a8b00706,0cd9b7683af012b2f89286b1d7f883de9ac11e0a801ad6a40757c753baba615b,['cpu'],"['reference_not_ranking', 'historical_competitors_not_rerun', 'system_resources_not_exclusive']"
gramschmidt,cova_serial_cpu,default,same_process,observed,0.41875481998431496,gramschmidt,316658e292d02e63abcfdf443be60bbb58c10d82,6,3,1f3d8680c6c62cb57662259efbd6317e805dc931a93921d1f417b2d9a8b00706,0cd9b7683af012b2f89286b1d7f883de9ac11e0a801ad6a40757c753baba615b,['cpu'],"['reference_not_ranking', 'historical_competitors_not_rerun', 'system_resources_not_exclusive']"
gramschmidt,cova_openmp_cpu,default,initialization,observed,2.915964834042825,gramschmidt,316658e292d02e63abcfdf443be60bbb58c10d82,1,1,1f3d8680c6c62cb57662259efbd6317e805dc931a93921d1f417b2d9a8b00706,0cd9b7683af012b2f89286b1d7f883de9ac11e0a801ad6a40757c753baba615b,['cpu'],"['reference_not_ranking', 'historical_competitors_not_rerun', 'system_resources_not_exclusive']"
gramschmidt,cova_openmp_cpu,default,fresh_process,observed,0.3800426025118213,gramschmidt,316658e292d02e63abcfdf443be60bbb58c10d82,2,2,1f3d8680c6c62cb57662259efbd6317e805dc931a93921d1f417b2d9a8b00706,0cd9b7683af012b2f89286b1d7f883de9ac11e0a801ad6a40757c753baba615b,['cpu'],"['reference_not_ranking', 'historical_competitors_not_rerun', 'system_resources_not_exclusive']"
gramschmidt,cova_openmp_cpu,default,same_process,observed,0.41472337499726564,gramschmidt,316658e292d02e63abcfdf443be60bbb58c10d82,6,3,1f3d8680c6c62cb57662259efbd6317e805dc931a93921d1f417b2d9a8b00706,0cd9b7683af012b2f89286b1d7f883de9ac11e0a801ad6a40757c753baba615b,['cpu'],"['reference_not_ranking', 'historical_competitors_not_rerun', 'system_resources_not_exclusive']"
gramschmidt,cova_llvm_cpu_serial,default,initialization,observed,2.0903236599988304,gramschmidt,316658e292d02e63abcfdf443be60bbb58c10d82,1,1,1f3d8680c6c62cb57662259efbd6317e805dc931a93921d1f417b2d9a8b00706,0cd9b7683af012b2f89286b1d7f883de9ac11e0a801ad6a40757c753baba615b,['cpu'],"['reference_not_ranking', 'historical_competitors_not_rerun', 'system_resources_not_exclusive']"
gramschmidt,cova_llvm_cpu_serial,default,fresh_process,observed,0.44961488599074073,gramschmidt,316658e292d02e63abcfdf443be60bbb58c10d82,2,2,1f3d8680c6c62cb57662259efbd6317e805dc931a93921d1f417b2d9a8b00706,0cd9b7683af012b2f89286b1d7f883de9ac11e0a801ad6a40757c753baba615b,['cpu'],"['reference_not_ranking', 'historical_competitors_not_rerun', 'system_resources_not_exclusive']"
gramschmidt,cova_llvm_cpu_serial,default,same_process,observed,0.4444238839787431,gramschmidt,316658e292d02e63abcfdf443be60bbb58c10d82,6,3,1f3d8680c6c62cb57662259efbd6317e805dc931a93921d1f417b2d9a8b00706,0cd9b7683af012b2f89286b1d7f883de9ac11e0a801ad6a40757c753baba615b,['cpu'],"['reference_not_ranking', 'historical_competitors_not_rerun', 'system_resources_not_exclusive']"
gramschmidt,cova_llvm_cpu,default,initialization,observed,2.2619490469805896,gramschmidt,316658e292d02e63abcfdf443be60bbb58c10d82,1,1,1f3d8680c6c62cb57662259efbd6317e805dc931a93921d1f417b2d9a8b00706,0cd9b7683af012b2f89286b1d7f883de9ac11e0a801ad6a40757c753baba615b,['cpu'],"['reference_not_ranking', 'historical_competitors_not_rerun', 'system_resources_not_exclusive']"
gramschmidt,cova_llvm_cpu,default,fresh_process,observed,0.3494856840115972,gramschmidt,316658e292d02e63abcfdf443be60bbb58c10d82,2,2,1f3d8680c6c62cb57662259efbd6317e805dc931a93921d1f417b2d9a8b00706,0cd9b7683af012b2f89286b1d7f883de9ac11e0a801ad6a40757c753baba615b,['cpu'],"['reference_not_ranking', 'historical_competitors_not_rerun', 'system_resources_not_exclusive']"
gramschmidt,cova_llvm_cpu,default,same_process,observed,0.4437887189851608,gramschmidt,316658e292d02e63abcfdf443be60bbb58c10d82,6,3,1f3d8680c6c62cb57662259efbd6317e805dc931a93921d1f417b2d9a8b00706,0cd9b7683af012b2f89286b1d7f883de9ac11e0a801ad6a40757c753baba615b,['cpu'],"['reference_not_ranking', 'historical_competitors_not_rerun', 'system_resources_not_exclusive']"
gramschmidt,cova_openmp_gpu,default,initialization,observed,4.807633323944174,gramschmidt,316658e292d02e63abcfdf443be60bbb58c10d82,1,1,1f3d8680c6c62cb57662259efbd6317e805dc931a93921d1f417b2d9a8b00706,0cd9b7683af012b2f89286b1d7f883de9ac11e0a801ad6a40757c753baba615b,['cpu'],"['reference_not_ranking', 'historical_competitors_not_rerun', 'system_resources_not_exclusive', 'gpu_placement_metadata_only']"
gramschmidt,cova_openmp_gpu,default,fresh_process,observed,0.3678277525177691,gramschmidt,316658e292d02e63abcfdf443be60bbb58c10d82,2,2,1f3d8680c6c62cb57662259efbd6317e805dc931a93921d1f417b2d9a8b00706,0cd9b7683af012b2f89286b1d7f883de9ac11e0a801ad6a40757c753baba615b,['cpu'],"['reference_not_ranking', 'historical_competitors_not_rerun', 'system_resources_not_exclusive', 'gpu_placement_metadata_only']"
gramschmidt,cova_openmp_gpu,default,same_process,observed,0.4037148649804294,gramschmidt,316658e292d02e63abcfdf443be60bbb58c10d82,6,3,1f3d8680c6c62cb57662259efbd6317e805dc931a93921d1f417b2d9a8b00706,0cd9b7683af012b2f89286b1d7f883de9ac11e0a801ad6a40757c753baba615b,['cpu'],"['reference_not_ranking', 'historical_competitors_not_rerun', 'system_resources_not_exclusive', 'gpu_placement_metadata_only']"
gramschmidt,cova_llvm_gpu,default,initialization,observed,341.5214651369606,gramschmidt,316658e292d02e63abcfdf443be60bbb58c10d82,1,1,1f3d8680c6c62cb57662259efbd6317e805dc931a93921d1f417b2d9a8b00706,0cd9b7683af012b2f89286b1d7f883de9ac11e0a801ad6a40757c753baba615b,['mixed'],"['reference_not_ranking', 'historical_competitors_not_rerun', 'system_resources_not_exclusive', 'gpu_placement_metadata_only']"
gramschmidt,cova_llvm_gpu,default,fresh_process,observed,334.90790085098706,gramschmidt,316658e292d02e63abcfdf443be60bbb58c10d82,2,2,1f3d8680c6c62cb57662259efbd6317e805dc931a93921d1f417b2d9a8b00706,0cd9b7683af012b2f89286b1d7f883de9ac11e0a801ad6a40757c753baba615b,['mixed'],"['reference_not_ranking', 'historical_competitors_not_rerun', 'system_resources_not_exclusive', 'gpu_placement_metadata_only']"
gramschmidt,cova_llvm_gpu,default,same_process,observed,335.56728243199177,gramschmidt,316658e292d02e63abcfdf443be60bbb58c10d82,6,3,1f3d8680c6c62cb57662259efbd6317e805dc931a93921d1f417b2d9a8b00706,0cd9b7683af012b2f89286b1d7f883de9ac11e0a801ad6a40757c753baba615b,['mixed'],"['reference_not_ranking', 'historical_competitors_not_rerun', 'system_resources_not_exclusive', 'gpu_placement_metadata_only']"
hdiff,cova_serial_cpu,default,initialization,observed,4.9385437780292705,hdiff,316658e292d02e63abcfdf443be60bbb58c10d82,1,1,db572ba94a6764cd4f333fd1c155d8498c95bfc20a8f378ce3588d5b7ef038ef,e800ed3dc8d530d7e84b4a637b91cc6d9bc1280101023ee86a27f69cfa34eec1,['cpu'],"['reference_not_ranking', 'historical_competitors_not_rerun', 'system_resources_not_exclusive']"
hdiff,cova_serial_cpu,default,fresh_process,observed,2.5173432999872603,hdiff,316658e292d02e63abcfdf443be60bbb58c10d82,2,2,db572ba94a6764cd4f333fd1c155d8498c95bfc20a8f378ce3588d5b7ef038ef,e800ed3dc8d530d7e84b4a637b91cc6d9bc1280101023ee86a27f69cfa34eec1,['cpu'],"['reference_not_ranking', 'historical_competitors_not_rerun', 'system_resources_not_exclusive']"
hdiff,cova_serial_cpu,default,same_process,observed,0.5606965214828961,hdiff,316658e292d02e63abcfdf443be60bbb58c10d82,6,3,db572ba94a6764cd4f333fd1c155d8498c95bfc20a8f378ce3588d5b7ef038ef,e800ed3dc8d530d7e84b4a637b91cc6d9bc1280101023ee86a27f69cfa34eec1,['cpu'],"['reference_not_ranking', 'historical_competitors_not_rerun', 'system_resources_not_exclusive']"
hdiff,cova_openmp_cpu,default,initialization,observed,4.241160597011913,hdiff,316658e292d02e63abcfdf443be60bbb58c10d82,1,1,db572ba94a6764cd4f333fd1c155d8498c95bfc20a8f378ce3588d5b7ef038ef,e800ed3dc8d530d7e84b4a637b91cc6d9bc1280101023ee86a27f69cfa34eec1,['cpu'],"['reference_not_ranking', 'historical_competitors_not_rerun', 'system_resources_not_exclusive']"
hdiff,cova_openmp_cpu,default,fresh_process,observed,1.7154025804775301,hdiff,316658e292d02e63abcfdf443be60bbb58c10d82,2,2,db572ba94a6764cd4f333fd1c155d8498c95bfc20a8f378ce3588d5b7ef038ef,e800ed3dc8d530d7e84b4a637b91cc6d9bc1280101023ee86a27f69cfa34eec1,['cpu'],"['reference_not_ranking', 'historical_competitors_not_rerun', 'system_resources_not_exclusive']"
hdiff,cova_openmp_cpu,default,same_process,observed,1.370373280980857,hdiff,316658e292d02e63abcfdf443be60bbb58c10d82,6,3,db572ba94a6764cd4f333fd1c155d8498c95bfc20a8f378ce3588d5b7ef038ef,e800ed3dc8d530d7e84b4a637b91cc6d9bc1280101023ee86a27f69cfa34eec1,['cpu'],"['reference_not_ranking', 'historical_competitors_not_rerun', 'system_resources_not_exclusive']"
hdiff,cova_llvm_cpu_serial,default,initialization,observed,4.291074904962443,hdiff,316658e292d02e63abcfdf443be60bbb58c10d82,1,1,db572ba94a6764cd4f333fd1c155d8498c95bfc20a8f378ce3588d5b7ef038ef,e800ed3dc8d530d7e84b4a637b91cc6d9bc1280101023ee86a27f69cfa34eec1,['cpu'],"['reference_not_ranking', 'historical_competitors_not_rerun', 'system_resources_not_exclusive']"
hdiff,cova_llvm_cpu_serial,default,fresh_process,observed,1.5918299984768964,hdiff,316658e292d02e63abcfdf443be60bbb58c10d82,2,2,db572ba94a6764cd4f333fd1c155d8498c95bfc20a8f378ce3588d5b7ef038ef,e800ed3dc8d530d7e84b4a637b91cc6d9bc1280101023ee86a27f69cfa34eec1,['cpu'],"['reference_not_ranking', 'historical_competitors_not_rerun', 'system_resources_not_exclusive']"
hdiff,cova_llvm_cpu_serial,default,same_process,observed,2.0001806349901017,hdiff,316658e292d02e63abcfdf443be60bbb58c10d82,6,3,db572ba94a6764cd4f333fd1c155d8498c95bfc20a8f378ce3588d5b7ef038ef,e800ed3dc8d530d7e84b4a637b91cc6d9bc1280101023ee86a27f69cfa34eec1,['cpu'],"['reference_not_ranking', 'historical_competitors_not_rerun', 'system_resources_not_exclusive']"
hdiff,cova_llvm_cpu,default,initialization,observed,3.2817989379982464,hdiff,316658e292d02e63abcfdf443be60bbb58c10d82,1,1,db572ba94a6764cd4f333fd1c155d8498c95bfc20a8f378ce3588d5b7ef038ef,e800ed3dc8d530d7e84b4a637b91cc6d9bc1280101023ee86a27f69cfa34eec1,['cpu'],"['reference_not_ranking', 'historical_competitors_not_rerun', 'system_resources_not_exclusive']"
hdiff,cova_llvm_cpu,default,fresh_process,observed,0.8496051905094646,hdiff,316658e292d02e63abcfdf443be60bbb58c10d82,2,2,db572ba94a6764cd4f333fd1c155d8498c95bfc20a8f378ce3588d5b7ef038ef,e800ed3dc8d530d7e84b4a637b91cc6d9bc1280101023ee86a27f69cfa34eec1,['cpu'],"['reference_not_ranking', 'historical_competitors_not_rerun', 'system_resources_not_exclusive']"
hdiff,cova_llvm_cpu,default,same_process,observed,0.6960148695216049,hdiff,316658e292d02e63abcfdf443be60bbb58c10d82,6,3,db572ba94a6764cd4f333fd1c155d8498c95bfc20a8f378ce3588d5b7ef038ef,e800ed3dc8d530d7e84b4a637b91cc6d9bc1280101023ee86a27f69cfa34eec1,['cpu'],"['reference_not_ranking', 'historical_competitors_not_rerun', 'system_resources_not_exclusive']"
hdiff,cova_openmp_gpu,default,initialization,observed,10.74814980395604,hdiff,316658e292d02e63abcfdf443be60bbb58c10d82,1,1,db572ba94a6764cd4f333fd1c155d8498c95bfc20a8f378ce3588d5b7ef038ef,e800ed3dc8d530d7e84b4a637b91cc6d9bc1280101023ee86a27f69cfa34eec1,['gpu'],"['reference_not_ranking', 'historical_competitors_not_rerun', 'system_resources_not_exclusive', 'gpu_placement_metadata_only']"
hdiff,cova_openmp_gpu,default,fresh_process,observed,2.7046858514950145,hdiff,316658e292d02e63abcfdf443be60bbb58c10d82,2,2,db572ba94a6764cd4f333fd1c155d8498c95bfc20a8f378ce3588d5b7ef038ef,e800ed3dc8d530d7e84b4a637b91cc6d9bc1280101023ee86a27f69cfa34eec1,['gpu'],"['reference_not_ranking', 'historical_competitors_not_rerun', 'system_resources_not_exclusive', 'gpu_placement_metadata_only']"
hdiff,cova_openmp_gpu,default,same_process,observed,2.3752227335062344,hdiff,316658e292d02e63abcfdf443be60bbb58c10d82,6,3,db572ba94a6764cd4f333fd1c155d8498c95bfc20a8f378ce3588d5b7ef038ef,e800ed3dc8d530d7e84b4a637b91cc6d9bc1280101023ee86a27f69cfa34eec1,['gpu'],"['reference_not_ranking', 'historical_competitors_not_rerun', 'system_resources_not_exclusive', 'gpu_placement_metadata_only']"
hdiff,cova_llvm_gpu,default,initialization,observed,6.5235808360157534,hdiff,316658e292d02e63abcfdf443be60bbb58c10d82,1,1,db572ba94a6764cd4f333fd1c155d8498c95bfc20a8f378ce3588d5b7ef038ef,e800ed3dc8d530d7e84b4a637b91cc6d9bc1280101023ee86a27f69cfa34eec1,['gpu'],"['reference_not_ranking', 'historical_competitors_not_rerun', 'system_resources_not_exclusive', 'gpu_placement_metadata_only']"
hdiff,cova_llvm_gpu,default,fresh_process,observed,1.6139810180175118,hdiff,316658e292d02e63abcfdf443be60bbb58c10d82,2,2,db572ba94a6764cd4f333fd1c155d8498c95bfc20a8f378ce3588d5b7ef038ef,e800ed3dc8d530d7e84b4a637b91cc6d9bc1280101023ee86a27f69cfa34eec1,['gpu'],"['reference_not_ranking', 'historical_competitors_not_rerun', 'system_resources_not_exclusive', 'gpu_placement_metadata_only']"
hdiff,cova_llvm_gpu,default,same_process,observed,1.2171340149943717,hdiff,316658e292d02e63abcfdf443be60bbb58c10d82,6,3,db572ba94a6764cd4f333fd1c155d8498c95bfc20a8f378ce3588d5b7ef038ef,e800ed3dc8d530d7e84b4a637b91cc6d9bc1280101023ee86a27f69cfa34eec1,['gpu'],"['reference_not_ranking', 'historical_competitors_not_rerun', 'system_resources_not_exclusive', 'gpu_placement_metadata_only']"
heat_3d,cova_serial_cpu,default,initialization,observed,2.3370660829823464,heat_3d,316658e292d02e63abcfdf443be60bbb58c10d82,1,1,30fe858bb26413e6677f8fa2af4b685936ad2acf33485956268a9184b302da55,a81cc292224c841a9ce27e90c6d26d29c8ea5a75badeca9376911772a40bf22f,['cpu'],"['reference_not_ranking', 'historical_competitors_not_rerun', 'system_resources_not_exclusive']"
heat_3d,cova_serial_cpu,default,fresh_process,observed,0.10961987101472914,heat_3d,316658e292d02e63abcfdf443be60bbb58c10d82,2,2,30fe858bb26413e6677f8fa2af4b685936ad2acf33485956268a9184b302da55,a81cc292224c841a9ce27e90c6d26d29c8ea5a75badeca9376911772a40bf22f,['cpu'],"['reference_not_ranking', 'historical_competitors_not_rerun', 'system_resources_not_exclusive']"
heat_3d,cova_serial_cpu,default,same_process,observed,0.07750135299284011,heat_3d,316658e292d02e63abcfdf443be60bbb58c10d82,6,3,30fe858bb26413e6677f8fa2af4b685936ad2acf33485956268a9184b302da55,a81cc292224c841a9ce27e90c6d26d29c8ea5a75badeca9376911772a40bf22f,['cpu'],"['reference_not_ranking', 'historical_competitors_not_rerun', 'system_resources_not_exclusive']"
heat_3d,cova_openmp_cpu,default,initialization,observed,2.6995937789906748,heat_3d,316658e292d02e63abcfdf443be60bbb58c10d82,1,1,30fe858bb26413e6677f8fa2af4b685936ad2acf33485956268a9184b302da55,a81cc292224c841a9ce27e90c6d26d29c8ea5a75badeca9376911772a40bf22f,['cpu'],"['reference_not_ranking', 'historical_competitors_not_rerun', 'system_resources_not_exclusive']"
heat_3d,cova_openmp_cpu,default,fresh_process,observed,0.09252360998652875,heat_3d,316658e292d02e63abcfdf443be60bbb58c10d82,2,2,30fe858bb26413e6677f8fa2af4b685936ad2acf33485956268a9184b302da55,a81cc292224c841a9ce27e90c6d26d29c8ea5a75badeca9376911772a40bf22f,['cpu'],"['reference_not_ranking', 'historical_competitors_not_rerun', 'system_resources_not_exclusive']"
heat_3d,cova_openmp_cpu,default,same_process,observed,0.09367918653879315,heat_3d,316658e292d02e63abcfdf443be60bbb58c10d82,6,3,30fe858bb26413e6677f8fa2af4b685936ad2acf33485956268a9184b302da55,a81cc292224c841a9ce27e90c6d26d29c8ea5a75badeca9376911772a40bf22f,['cpu'],"['reference_not_ranking', 'historical_competitors_not_rerun', 'system_resources_not_exclusive']"
heat_3d,cova_llvm_cpu_serial,default,initialization,observed,1.7743089370196685,heat_3d,316658e292d02e63abcfdf443be60bbb58c10d82,1,1,30fe858bb26413e6677f8fa2af4b685936ad2acf33485956268a9184b302da55,a81cc292224c841a9ce27e90c6d26d29c8ea5a75badeca9376911772a40bf22f,['cpu'],"['reference_not_ranking', 'historical_competitors_not_rerun', 'system_resources_not_exclusive']"
heat_3d,cova_llvm_cpu_serial,default,fresh_process,observed,0.08585878246231005,heat_3d,316658e292d02e63abcfdf443be60bbb58c10d82,2,2,30fe858bb26413e6677f8fa2af4b685936ad2acf33485956268a9184b302da55,a81cc292224c841a9ce27e90c6d26d29c8ea5a75badeca9376911772a40bf22f,['cpu'],"['reference_not_ranking', 'historical_competitors_not_rerun', 'system_resources_not_exclusive']"
heat_3d,cova_llvm_cpu_serial,default,same_process,observed,0.08005446000606753,heat_3d,316658e292d02e63abcfdf443be60bbb58c10d82,6,3,30fe858bb26413e6677f8fa2af4b685936ad2acf33485956268a9184b302da55,a81cc292224c841a9ce27e90c6d26d29c8ea5a75badeca9376911772a40bf22f,['cpu'],"['reference_not_ranking', 'historical_competitors_not_rerun', 'system_resources_not_exclusive']"
heat_3d,cova_llvm_cpu,default,initialization,observed,2.1636736930231564,heat_3d,316658e292d02e63abcfdf443be60bbb58c10d82,1,1,30fe858bb26413e6677f8fa2af4b685936ad2acf33485956268a9184b302da55,a81cc292224c841a9ce27e90c6d26d29c8ea5a75badeca9376911772a40bf22f,['cpu'],"['reference_not_ranking', 'historical_competitors_not_rerun', 'system_resources_not_exclusive']"
heat_3d,cova_llvm_cpu,default,fresh_process,observed,0.1420480209926609,heat_3d,316658e292d02e63abcfdf443be60bbb58c10d82,2,2,30fe858bb26413e6677f8fa2af4b685936ad2acf33485956268a9184b302da55,a81cc292224c841a9ce27e90c6d26d29c8ea5a75badeca9376911772a40bf22f,['cpu'],"['reference_not_ranking', 'historical_competitors_not_rerun', 'system_resources_not_exclusive']"
heat_3d,cova_llvm_cpu,default,same_process,observed,0.08196109251002781,heat_3d,316658e292d02e63abcfdf443be60bbb58c10d82,6,3,30fe858bb26413e6677f8fa2af4b685936ad2acf33485956268a9184b302da55,a81cc292224c841a9ce27e90c6d26d29c8ea5a75badeca9376911772a40bf22f,['cpu'],"['reference_not_ranking', 'historical_competitors_not_rerun', 'system_resources_not_exclusive']"
heat_3d,cova_openmp_gpu,default,initialization,observed,4.658063362003304,heat_3d,316658e292d02e63abcfdf443be60bbb58c10d82,1,1,30fe858bb26413e6677f8fa2af4b685936ad2acf33485956268a9184b302da55,a81cc292224c841a9ce27e90c6d26d29c8ea5a75badeca9376911772a40bf22f,['cpu'],"['reference_not_ranking', 'historical_competitors_not_rerun', 'system_resources_not_exclusive', 'gpu_placement_metadata_only']"
heat_3d,cova_openmp_gpu,default,fresh_process,observed,0.11288210097700357,heat_3d,316658e292d02e63abcfdf443be60bbb58c10d82,2,2,30fe858bb26413e6677f8fa2af4b685936ad2acf33485956268a9184b302da55,a81cc292224c841a9ce27e90c6d26d29c8ea5a75badeca9376911772a40bf22f,['cpu'],"['reference_not_ranking', 'historical_competitors_not_rerun', 'system_resources_not_exclusive', 'gpu_placement_metadata_only']"
heat_3d,cova_openmp_gpu,default,same_process,observed,0.09911628797999583,heat_3d,316658e292d02e63abcfdf443be60bbb58c10d82,6,3,30fe858bb26413e6677f8fa2af4b685936ad2acf33485956268a9184b302da55,a81cc292224c841a9ce27e90c6d26d29c8ea5a75badeca9376911772a40bf22f,['cpu'],"['reference_not_ranking', 'historical_competitors_not_rerun', 'system_resources_not_exclusive', 'gpu_placement_metadata_only']"
heat_3d,cova_llvm_gpu,default,initialization,observed,12.978127318026964,heat_3d,316658e292d02e63abcfdf443be60bbb58c10d82,1,1,30fe858bb26413e6677f8fa2af4b685936ad2acf33485956268a9184b302da55,a81cc292224c841a9ce27e90c6d26d29c8ea5a75badeca9376911772a40bf22f,['gpu'],"['reference_not_ranking', 'historical_competitors_not_rerun', 'system_resources_not_exclusive', 'gpu_placement_metadata_only']"
heat_3d,cova_llvm_gpu,default,fresh_process,observed,8.530946492479416,heat_3d,316658e292d02e63abcfdf443be60bbb58c10d82,2,2,30fe858bb26413e6677f8fa2af4b685936ad2acf33485956268a9184b302da55,a81cc292224c841a9ce27e90c6d26d29c8ea5a75badeca9376911772a40bf22f,['gpu'],"['reference_not_ranking', 'historical_competitors_not_rerun', 'system_resources_not_exclusive', 'gpu_placement_metadata_only']"
heat_3d,cova_llvm_gpu,default,same_process,observed,8.28173455299111,heat_3d,316658e292d02e63abcfdf443be60bbb58c10d82,6,3,30fe858bb26413e6677f8fa2af4b685936ad2acf33485956268a9184b302da55,a81cc292224c841a9ce27e90c6d26d29c8ea5a75badeca9376911772a40bf22f,['gpu'],"['reference_not_ranking', 'historical_competitors_not_rerun', 'system_resources_not_exclusive', 'gpu_placement_metadata_only']"
jacobi_1d,cova_serial_cpu,default,initialization,observed,2.789273956033867,jacobi_1d,316658e292d02e63abcfdf443be60bbb58c10d82,1,1,dd2d6ec412835edbbe4a018d3544e156d3fdd08552a444b52727b05fa47d8a06,16a5a1662f12689fbf187fbb656ac8e1d9c5d1f78efc866cd0f41cf46b753592,['cpu'],"['reference_not_ranking', 'historical_competitors_not_rerun', 'system_resources_not_exclusive']"
jacobi_1d,cova_serial_cpu,default,fresh_process,observed,0.7516301900031976,jacobi_1d,316658e292d02e63abcfdf443be60bbb58c10d82,2,2,dd2d6ec412835edbbe4a018d3544e156d3fdd08552a444b52727b05fa47d8a06,16a5a1662f12689fbf187fbb656ac8e1d9c5d1f78efc866cd0f41cf46b753592,['cpu'],"['reference_not_ranking', 'historical_competitors_not_rerun', 'system_resources_not_exclusive']"
jacobi_1d,cova_serial_cpu,default,same_process,observed,0.9553239995148033,jacobi_1d,316658e292d02e63abcfdf443be60bbb58c10d82,6,3,dd2d6ec412835edbbe4a018d3544e156d3fdd08552a444b52727b05fa47d8a06,16a5a1662f12689fbf187fbb656ac8e1d9c5d1f78efc866cd0f41cf46b753592,['cpu'],"['reference_not_ranking', 'historical_competitors_not_rerun', 'system_resources_not_exclusive']"
jacobi_1d,cova_openmp_cpu,default,initialization,observed,3.198082849965431,jacobi_1d,316658e292d02e63abcfdf443be60bbb58c10d82,1,1,dd2d6ec412835edbbe4a018d3544e156d3fdd08552a444b52727b05fa47d8a06,16a5a1662f12689fbf187fbb656ac8e1d9c5d1f78efc866cd0f41cf46b753592,['cpu'],"['reference_not_ranking', 'historical_competitors_not_rerun', 'system_resources_not_exclusive']"
jacobi_1d,cova_openmp_cpu,default,fresh_process,observed,0.8572445359895937,jacobi_1d,316658e292d02e63abcfdf443be60bbb58c10d82,2,2,dd2d6ec412835edbbe4a018d3544e156d3fdd08552a444b52727b05fa47d8a06,16a5a1662f12689fbf187fbb656ac8e1d9c5d1f78efc866cd0f41cf46b753592,['cpu'],"['reference_not_ranking', 'historical_competitors_not_rerun', 'system_resources_not_exclusive']"
jacobi_1d,cova_openmp_cpu,default,same_process,observed,0.9384406659810338,jacobi_1d,316658e292d02e63abcfdf443be60bbb58c10d82,6,3,dd2d6ec412835edbbe4a018d3544e156d3fdd08552a444b52727b05fa47d8a06,16a5a1662f12689fbf187fbb656ac8e1d9c5d1f78efc866cd0f41cf46b753592,['cpu'],"['reference_not_ranking', 'historical_competitors_not_rerun', 'system_resources_not_exclusive']"
jacobi_1d,cova_llvm_cpu_serial,default,initialization,observed,2.5211733800242655,jacobi_1d,316658e292d02e63abcfdf443be60bbb58c10d82,1,1,dd2d6ec412835edbbe4a018d3544e156d3fdd08552a444b52727b05fa47d8a06,16a5a1662f12689fbf187fbb656ac8e1d9c5d1f78efc866cd0f41cf46b753592,['cpu'],"['reference_not_ranking', 'historical_competitors_not_rerun', 'system_resources_not_exclusive']"
jacobi_1d,cova_llvm_cpu_serial,default,fresh_process,observed,0.8787006089987699,jacobi_1d,316658e292d02e63abcfdf443be60bbb58c10d82,2,2,dd2d6ec412835edbbe4a018d3544e156d3fdd08552a444b52727b05fa47d8a06,16a5a1662f12689fbf187fbb656ac8e1d9c5d1f78efc866cd0f41cf46b753592,['cpu'],"['reference_not_ranking', 'historical_competitors_not_rerun', 'system_resources_not_exclusive']"
jacobi_1d,cova_llvm_cpu_serial,default,same_process,observed,0.9716313884709962,jacobi_1d,316658e292d02e63abcfdf443be60bbb58c10d82,6,3,dd2d6ec412835edbbe4a018d3544e156d3fdd08552a444b52727b05fa47d8a06,16a5a1662f12689fbf187fbb656ac8e1d9c5d1f78efc866cd0f41cf46b753592,['cpu'],"['reference_not_ranking', 'historical_competitors_not_rerun', 'system_resources_not_exclusive']"
jacobi_1d,cova_llvm_cpu,default,initialization,observed,2.566412387008313,jacobi_1d,316658e292d02e63abcfdf443be60bbb58c10d82,1,1,dd2d6ec412835edbbe4a018d3544e156d3fdd08552a444b52727b05fa47d8a06,16a5a1662f12689fbf187fbb656ac8e1d9c5d1f78efc866cd0f41cf46b753592,['cpu'],"['reference_not_ranking', 'historical_competitors_not_rerun', 'system_resources_not_exclusive']"
jacobi_1d,cova_llvm_cpu,default,fresh_process,observed,0.7738185560156126,jacobi_1d,316658e292d02e63abcfdf443be60bbb58c10d82,2,2,dd2d6ec412835edbbe4a018d3544e156d3fdd08552a444b52727b05fa47d8a06,16a5a1662f12689fbf187fbb656ac8e1d9c5d1f78efc866cd0f41cf46b753592,['cpu'],"['reference_not_ranking', 'historical_competitors_not_rerun', 'system_resources_not_exclusive']"
jacobi_1d,cova_llvm_cpu,default,same_process,observed,0.9561730235000141,jacobi_1d,316658e292d02e63abcfdf443be60bbb58c10d82,6,3,dd2d6ec412835edbbe4a018d3544e156d3fdd08552a444b52727b05fa47d8a06,16a5a1662f12689fbf187fbb656ac8e1d9c5d1f78efc866cd0f41cf46b753592,['cpu'],"['reference_not_ranking', 'historical_competitors_not_rerun', 'system_resources_not_exclusive']"
jacobi_1d,cova_openmp_gpu,default,initialization,observed,5.268746517016552,jacobi_1d,316658e292d02e63abcfdf443be60bbb58c10d82,1,1,dd2d6ec412835edbbe4a018d3544e156d3fdd08552a444b52727b05fa47d8a06,16a5a1662f12689fbf187fbb656ac8e1d9c5d1f78efc866cd0f41cf46b753592,['cpu'],"['reference_not_ranking', 'historical_competitors_not_rerun', 'system_resources_not_exclusive', 'gpu_placement_metadata_only']"
jacobi_1d,cova_openmp_gpu,default,fresh_process,observed,0.7671811725012958,jacobi_1d,316658e292d02e63abcfdf443be60bbb58c10d82,2,2,dd2d6ec412835edbbe4a018d3544e156d3fdd08552a444b52727b05fa47d8a06,16a5a1662f12689fbf187fbb656ac8e1d9c5d1f78efc866cd0f41cf46b753592,['cpu'],"['reference_not_ranking', 'historical_competitors_not_rerun', 'system_resources_not_exclusive', 'gpu_placement_metadata_only']"
jacobi_1d,cova_openmp_gpu,default,same_process,observed,0.9478635285049677,jacobi_1d,316658e292d02e63abcfdf443be60bbb58c10d82,6,3,dd2d6ec412835edbbe4a018d3544e156d3fdd08552a444b52727b05fa47d8a06,16a5a1662f12689fbf187fbb656ac8e1d9c5d1f78efc866cd0f41cf46b753592,['cpu'],"['reference_not_ranking', 'historical_competitors_not_rerun', 'system_resources_not_exclusive', 'gpu_placement_metadata_only']"
jacobi_1d,cova_llvm_gpu,default,initialization,observed,17.1634188190219,jacobi_1d,316658e292d02e63abcfdf443be60bbb58c10d82,1,1,dd2d6ec412835edbbe4a018d3544e156d3fdd08552a444b52727b05fa47d8a06,16a5a1662f12689fbf187fbb656ac8e1d9c5d1f78efc866cd0f41cf46b753592,['gpu'],"['reference_not_ranking', 'historical_competitors_not_rerun', 'system_resources_not_exclusive', 'gpu_placement_metadata_only']"
jacobi_1d,cova_llvm_gpu,default,fresh_process,observed,12.899655414483277,jacobi_1d,316658e292d02e63abcfdf443be60bbb58c10d82,2,2,dd2d6ec412835edbbe4a018d3544e156d3fdd08552a444b52727b05fa47d8a06,16a5a1662f12689fbf187fbb656ac8e1d9c5d1f78efc866cd0f41cf46b753592,['gpu'],"['reference_not_ranking', 'historical_competitors_not_rerun', 'system_resources_not_exclusive', 'gpu_placement_metadata_only']"
jacobi_1d,cova_llvm_gpu,default,same_process,observed,12.67423382648849,jacobi_1d,316658e292d02e63abcfdf443be60bbb58c10d82,6,3,dd2d6ec412835edbbe4a018d3544e156d3fdd08552a444b52727b05fa47d8a06,16a5a1662f12689fbf187fbb656ac8e1d9c5d1f78efc866cd0f41cf46b753592,['gpu'],"['reference_not_ranking', 'historical_competitors_not_rerun', 'system_resources_not_exclusive', 'gpu_placement_metadata_only']"
jacobi_2d,cova_serial_cpu,default,initialization,observed,2.2266113669611514,jacobi_2d,316658e292d02e63abcfdf443be60bbb58c10d82,1,1,bb0f1b25c2ede622f6875f9761e2dec03fcebb4785d6110e5288554d5cfdd9f9,88fcc37626b242ba2751f475ada3090117847e04203daddbc9456f9d0e7e584d,['cpu'],"['reference_not_ranking', 'historical_competitors_not_rerun', 'system_resources_not_exclusive']"
jacobi_2d,cova_serial_cpu,default,fresh_process,observed,0.13366752199362963,jacobi_2d,316658e292d02e63abcfdf443be60bbb58c10d82,2,2,bb0f1b25c2ede622f6875f9761e2dec03fcebb4785d6110e5288554d5cfdd9f9,88fcc37626b242ba2751f475ada3090117847e04203daddbc9456f9d0e7e584d,['cpu'],"['reference_not_ranking', 'historical_competitors_not_rerun', 'system_resources_not_exclusive']"
jacobi_2d,cova_serial_cpu,default,same_process,observed,0.12749023849028163,jacobi_2d,316658e292d02e63abcfdf443be60bbb58c10d82,6,3,bb0f1b25c2ede622f6875f9761e2dec03fcebb4785d6110e5288554d5cfdd9f9,88fcc37626b242ba2751f475ada3090117847e04203daddbc9456f9d0e7e584d,['cpu'],"['reference_not_ranking', 'historical_competitors_not_rerun', 'system_resources_not_exclusive']"
jacobi_2d,cova_openmp_cpu,default,initialization,observed,2.6174981869990006,jacobi_2d,316658e292d02e63abcfdf443be60bbb58c10d82,1,1,bb0f1b25c2ede622f6875f9761e2dec03fcebb4785d6110e5288554d5cfdd9f9,88fcc37626b242ba2751f475ada3090117847e04203daddbc9456f9d0e7e584d,['cpu'],"['reference_not_ranking', 'historical_competitors_not_rerun', 'system_resources_not_exclusive']"
jacobi_2d,cova_openmp_cpu,default,fresh_process,observed,0.14073341101175174,jacobi_2d,316658e292d02e63abcfdf443be60bbb58c10d82,2,2,bb0f1b25c2ede622f6875f9761e2dec03fcebb4785d6110e5288554d5cfdd9f9,88fcc37626b242ba2751f475ada3090117847e04203daddbc9456f9d0e7e584d,['cpu'],"['reference_not_ranking', 'historical_competitors_not_rerun', 'system_resources_not_exclusive']"
jacobi_2d,cova_openmp_cpu,default,same_process,observed,0.16281867198995315,jacobi_2d,316658e292d02e63abcfdf443be60bbb58c10d82,6,3,bb0f1b25c2ede622f6875f9761e2dec03fcebb4785d6110e5288554d5cfdd9f9,88fcc37626b242ba2751f475ada3090117847e04203daddbc9456f9d0e7e584d,['cpu'],"['reference_not_ranking', 'historical_competitors_not_rerun', 'system_resources_not_exclusive']"
jacobi_2d,cova_llvm_cpu_serial,default,initialization,observed,1.9204823430045508,jacobi_2d,316658e292d02e63abcfdf443be60bbb58c10d82,1,1,bb0f1b25c2ede622f6875f9761e2dec03fcebb4785d6110e5288554d5cfdd9f9,88fcc37626b242ba2751f475ada3090117847e04203daddbc9456f9d0e7e584d,['cpu'],"['reference_not_ranking', 'historical_competitors_not_rerun', 'system_resources_not_exclusive']"
jacobi_2d,cova_llvm_cpu_serial,default,fresh_process,observed,0.1589679179887753,jacobi_2d,316658e292d02e63abcfdf443be60bbb58c10d82,2,2,bb0f1b25c2ede622f6875f9761e2dec03fcebb4785d6110e5288554d5cfdd9f9,88fcc37626b242ba2751f475ada3090117847e04203daddbc9456f9d0e7e584d,['cpu'],"['reference_not_ranking', 'historical_competitors_not_rerun', 'system_resources_not_exclusive']"
jacobi_2d,cova_llvm_cpu_serial,default,same_process,observed,0.159823519497877,jacobi_2d,316658e292d02e63abcfdf443be60bbb58c10d82,6,3,bb0f1b25c2ede622f6875f9761e2dec03fcebb4785d6110e5288554d5cfdd9f9,88fcc37626b242ba2751f475ada3090117847e04203daddbc9456f9d0e7e584d,['cpu'],"['reference_not_ranking', 'historical_competitors_not_rerun', 'system_resources_not_exclusive']"
jacobi_2d,cova_llvm_cpu,default,initialization,observed,1.9610679969773628,jacobi_2d,316658e292d02e63abcfdf443be60bbb58c10d82,1,1,bb0f1b25c2ede622f6875f9761e2dec03fcebb4785d6110e5288554d5cfdd9f9,88fcc37626b242ba2751f475ada3090117847e04203daddbc9456f9d0e7e584d,['cpu'],"['reference_not_ranking', 'historical_competitors_not_rerun', 'system_resources_not_exclusive']"
jacobi_2d,cova_llvm_cpu,default,fresh_process,observed,0.1359256535070017,jacobi_2d,316658e292d02e63abcfdf443be60bbb58c10d82,2,2,bb0f1b25c2ede622f6875f9761e2dec03fcebb4785d6110e5288554d5cfdd9f9,88fcc37626b242ba2751f475ada3090117847e04203daddbc9456f9d0e7e584d,['cpu'],"['reference_not_ranking', 'historical_competitors_not_rerun', 'system_resources_not_exclusive']"
jacobi_2d,cova_llvm_cpu,default,same_process,observed,0.13896489751641639,jacobi_2d,316658e292d02e63abcfdf443be60bbb58c10d82,6,3,bb0f1b25c2ede622f6875f9761e2dec03fcebb4785d6110e5288554d5cfdd9f9,88fcc37626b242ba2751f475ada3090117847e04203daddbc9456f9d0e7e584d,['cpu'],"['reference_not_ranking', 'historical_competitors_not_rerun', 'system_resources_not_exclusive']"
jacobi_2d,cova_openmp_gpu,default,initialization,observed,4.465102972986642,jacobi_2d,316658e292d02e63abcfdf443be60bbb58c10d82,1,1,bb0f1b25c2ede622f6875f9761e2dec03fcebb4785d6110e5288554d5cfdd9f9,88fcc37626b242ba2751f475ada3090117847e04203daddbc9456f9d0e7e584d,['cpu'],"['reference_not_ranking', 'historical_competitors_not_rerun', 'system_resources_not_exclusive', 'gpu_placement_metadata_only']"
jacobi_2d,cova_openmp_gpu,default,fresh_process,observed,0.15109127649338916,jacobi_2d,316658e292d02e63abcfdf443be60bbb58c10d82,2,2,bb0f1b25c2ede622f6875f9761e2dec03fcebb4785d6110e5288554d5cfdd9f9,88fcc37626b242ba2751f475ada3090117847e04203daddbc9456f9d0e7e584d,['cpu'],"['reference_not_ranking', 'historical_competitors_not_rerun', 'system_resources_not_exclusive', 'gpu_placement_metadata_only']"
jacobi_2d,cova_openmp_gpu,default,same_process,observed,0.1735275510000065,jacobi_2d,316658e292d02e63abcfdf443be60bbb58c10d82,6,3,bb0f1b25c2ede622f6875f9761e2dec03fcebb4785d6110e5288554d5cfdd9f9,88fcc37626b242ba2751f475ada3090117847e04203daddbc9456f9d0e7e584d,['cpu'],"['reference_not_ranking', 'historical_competitors_not_rerun', 'system_resources_not_exclusive', 'gpu_placement_metadata_only']"
jacobi_2d,cova_llvm_gpu,default,initialization,observed,25.41840298002353,jacobi_2d,316658e292d02e63abcfdf443be60bbb58c10d82,1,1,bb0f1b25c2ede622f6875f9761e2dec03fcebb4785d6110e5288554d5cfdd9f9,88fcc37626b242ba2751f475ada3090117847e04203daddbc9456f9d0e7e584d,['gpu'],"['reference_not_ranking', 'historical_competitors_not_rerun', 'system_resources_not_exclusive', 'gpu_placement_metadata_only']"
jacobi_2d,cova_llvm_gpu,default,fresh_process,observed,21.07333359948825,jacobi_2d,316658e292d02e63abcfdf443be60bbb58c10d82,2,2,bb0f1b25c2ede622f6875f9761e2dec03fcebb4785d6110e5288554d5cfdd9f9,88fcc37626b242ba2751f475ada3090117847e04203daddbc9456f9d0e7e584d,['gpu'],"['reference_not_ranking', 'historical_competitors_not_rerun', 'system_resources_not_exclusive', 'gpu_placement_metadata_only']"
jacobi_2d,cova_llvm_gpu,default,same_process,observed,20.729006169975037,jacobi_2d,316658e292d02e63abcfdf443be60bbb58c10d82,6,3,bb0f1b25c2ede622f6875f9761e2dec03fcebb4785d6110e5288554d5cfdd9f9,88fcc37626b242ba2751f475ada3090117847e04203daddbc9456f9d0e7e584d,['gpu'],"['reference_not_ranking', 'historical_competitors_not_rerun', 'system_resources_not_exclusive', 'gpu_placement_metadata_only']"
k2mm,cova_serial_cpu,default,initialization,observed,194.04890674800845,k2mm,316658e292d02e63abcfdf443be60bbb58c10d82,1,1,f489fedc570b7b5da546ee0999db718675f9a6e714d3093820decf3f58d34325,65b07e1d7f5fdc00459ebb8a02ae0881674135e9bd7f454489c2d204e291d7ea,['cpu'],"['reference_not_ranking', 'historical_competitors_not_rerun', 'system_resources_not_exclusive']"
k2mm,cova_serial_cpu,default,fresh_process,observed,176.33224760048324,k2mm,316658e292d02e63abcfdf443be60bbb58c10d82,2,2,f489fedc570b7b5da546ee0999db718675f9a6e714d3093820decf3f58d34325,65b07e1d7f5fdc00459ebb8a02ae0881674135e9bd7f454489c2d204e291d7ea,['cpu'],"['reference_not_ranking', 'historical_competitors_not_rerun', 'system_resources_not_exclusive']"
k2mm,cova_serial_cpu,default,same_process,observed,176.15687888202956,k2mm,316658e292d02e63abcfdf443be60bbb58c10d82,6,3,f489fedc570b7b5da546ee0999db718675f9a6e714d3093820decf3f58d34325,65b07e1d7f5fdc00459ebb8a02ae0881674135e9bd7f454489c2d204e291d7ea,['cpu'],"['reference_not_ranking', 'historical_competitors_not_rerun', 'system_resources_not_exclusive']"
k2mm,cova_openmp_cpu,default,initialization,observed,35.49942035600543,k2mm,316658e292d02e63abcfdf443be60bbb58c10d82,1,1,f489fedc570b7b5da546ee0999db718675f9a6e714d3093820decf3f58d34325,65b07e1d7f5fdc00459ebb8a02ae0881674135e9bd7f454489c2d204e291d7ea,['cpu'],"['reference_not_ranking', 'historical_competitors_not_rerun', 'system_resources_not_exclusive']"
k2mm,cova_openmp_cpu,default,fresh_process,observed,31.941315106028924,k2mm,316658e292d02e63abcfdf443be60bbb58c10d82,2,2,f489fedc570b7b5da546ee0999db718675f9a6e714d3093820decf3f58d34325,65b07e1d7f5fdc00459ebb8a02ae0881674135e9bd7f454489c2d204e291d7ea,['cpu'],"['reference_not_ranking', 'historical_competitors_not_rerun', 'system_resources_not_exclusive']"
k2mm,cova_openmp_cpu,default,same_process,observed,29.478262921998976,k2mm,316658e292d02e63abcfdf443be60bbb58c10d82,6,3,f489fedc570b7b5da546ee0999db718675f9a6e714d3093820decf3f58d34325,65b07e1d7f5fdc00459ebb8a02ae0881674135e9bd7f454489c2d204e291d7ea,['cpu'],"['reference_not_ranking', 'historical_competitors_not_rerun', 'system_resources_not_exclusive']"
k2mm,cova_llvm_cpu_serial,default,initialization,observed,6.914981455018278,k2mm,316658e292d02e63abcfdf443be60bbb58c10d82,1,1,f489fedc570b7b5da546ee0999db718675f9a6e714d3093820decf3f58d34325,65b07e1d7f5fdc00459ebb8a02ae0881674135e9bd7f454489c2d204e291d7ea,['cpu'],"['reference_not_ranking', 'historical_competitors_not_rerun', 'system_resources_not_exclusive']"
k2mm,cova_llvm_cpu_serial,default,fresh_process,observed,3.1119912914873566,k2mm,316658e292d02e63abcfdf443be60bbb58c10d82,2,2,f489fedc570b7b5da546ee0999db718675f9a6e714d3093820decf3f58d34325,65b07e1d7f5fdc00459ebb8a02ae0881674135e9bd7f454489c2d204e291d7ea,['cpu'],"['reference_not_ranking', 'historical_competitors_not_rerun', 'system_resources_not_exclusive']"
k2mm,cova_llvm_cpu_serial,default,same_process,observed,2.871919742494356,k2mm,316658e292d02e63abcfdf443be60bbb58c10d82,6,3,f489fedc570b7b5da546ee0999db718675f9a6e714d3093820decf3f58d34325,65b07e1d7f5fdc00459ebb8a02ae0881674135e9bd7f454489c2d204e291d7ea,['cpu'],"['reference_not_ranking', 'historical_competitors_not_rerun', 'system_resources_not_exclusive']"
k2mm,cova_llvm_cpu,default,initialization,observed,8.719038833980449,k2mm,316658e292d02e63abcfdf443be60bbb58c10d82,1,1,f489fedc570b7b5da546ee0999db718675f9a6e714d3093820decf3f58d34325,65b07e1d7f5fdc00459ebb8a02ae0881674135e9bd7f454489c2d204e291d7ea,['cpu'],"['reference_not_ranking', 'historical_competitors_not_rerun', 'system_resources_not_exclusive']"
k2mm,cova_llvm_cpu,default,fresh_process,observed,3.1002491195104085,k2mm,316658e292d02e63abcfdf443be60bbb58c10d82,2,2,f489fedc570b7b5da546ee0999db718675f9a6e714d3093820decf3f58d34325,65b07e1d7f5fdc00459ebb8a02ae0881674135e9bd7f454489c2d204e291d7ea,['cpu'],"['reference_not_ranking', 'historical_competitors_not_rerun', 'system_resources_not_exclusive']"
k2mm,cova_llvm_cpu,default,same_process,observed,2.976661299006082,k2mm,316658e292d02e63abcfdf443be60bbb58c10d82,6,3,f489fedc570b7b5da546ee0999db718675f9a6e714d3093820decf3f58d34325,65b07e1d7f5fdc00459ebb8a02ae0881674135e9bd7f454489c2d204e291d7ea,['cpu'],"['reference_not_ranking', 'historical_competitors_not_rerun', 'system_resources_not_exclusive']"
k2mm,cova_openmp_gpu,default,initialization,observed,7.520546286017634,k2mm,316658e292d02e63abcfdf443be60bbb58c10d82,1,1,f489fedc570b7b5da546ee0999db718675f9a6e714d3093820decf3f58d34325,65b07e1d7f5fdc00459ebb8a02ae0881674135e9bd7f454489c2d204e291d7ea,['gpu'],"['reference_not_ranking', 'historical_competitors_not_rerun', 'system_resources_not_exclusive', 'gpu_placement_metadata_only']"
k2mm,cova_openmp_gpu,default,fresh_process,observed,0.8736597315000836,k2mm,316658e292d02e63abcfdf443be60bbb58c10d82,2,2,f489fedc570b7b5da546ee0999db718675f9a6e714d3093820decf3f58d34325,65b07e1d7f5fdc00459ebb8a02ae0881674135e9bd7f454489c2d204e291d7ea,['gpu'],"['reference_not_ranking', 'historical_competitors_not_rerun', 'system_resources_not_exclusive', 'gpu_placement_metadata_only']"
k2mm,cova_openmp_gpu,default,same_process,observed,0.7052503559971228,k2mm,316658e292d02e63abcfdf443be60bbb58c10d82,6,3,f489fedc570b7b5da546ee0999db718675f9a6e714d3093820decf3f58d34325,65b07e1d7f5fdc00459ebb8a02ae0881674135e9bd7f454489c2d204e291d7ea,['gpu'],"['reference_not_ranking', 'historical_competitors_not_rerun', 'system_resources_not_exclusive', 'gpu_placement_metadata_only']"
k2mm,cova_llvm_gpu,default,initialization,observed,6.8886527009890415,k2mm,316658e292d02e63abcfdf443be60bbb58c10d82,1,1,f489fedc570b7b5da546ee0999db718675f9a6e714d3093820decf3f58d34325,65b07e1d7f5fdc00459ebb8a02ae0881674135e9bd7f454489c2d204e291d7ea,['gpu'],"['reference_not_ranking', 'historical_competitors_not_rerun', 'system_resources_not_exclusive', 'gpu_placement_metadata_only']"
k2mm,cova_llvm_gpu,default,fresh_process,observed,0.7496452730265446,k2mm,316658e292d02e63abcfdf443be60bbb58c10d82,2,2,f489fedc570b7b5da546ee0999db718675f9a6e714d3093820decf3f58d34325,65b07e1d7f5fdc00459ebb8a02ae0881674135e9bd7f454489c2d204e291d7ea,['gpu'],"['reference_not_ranking', 'historical_competitors_not_rerun', 'system_resources_not_exclusive', 'gpu_placement_metadata_only']"
k2mm,cova_llvm_gpu,default,same_process,observed,0.4188401825085748,k2mm,316658e292d02e63abcfdf443be60bbb58c10d82,6,3,f489fedc570b7b5da546ee0999db718675f9a6e714d3093820decf3f58d34325,65b07e1d7f5fdc00459ebb8a02ae0881674135e9bd7f454489c2d204e291d7ea,['gpu'],"['reference_not_ranking', 'historical_competitors_not_rerun', 'system_resources_not_exclusive', 'gpu_placement_metadata_only']"
k3mm,cova_serial_cpu,default,initialization,observed,238.80976618203567,k3mm,316658e292d02e63abcfdf443be60bbb58c10d82,1,1,4e368169475a2a62e9d6b60f9f0f38731e82923b1a6bcbfe2a2be25f4a23617d,aad0bebb7814a2ecba71c57046d8003bc43cb0f8e9f62fa7a3c5da967acf1885,['cpu'],"['reference_not_ranking', 'historical_competitors_not_rerun', 'system_resources_not_exclusive']"
k3mm,cova_serial_cpu,default,fresh_process,observed,253.48178906846442,k3mm,316658e292d02e63abcfdf443be60bbb58c10d82,2,2,4e368169475a2a62e9d6b60f9f0f38731e82923b1a6bcbfe2a2be25f4a23617d,aad0bebb7814a2ecba71c57046d8003bc43cb0f8e9f62fa7a3c5da967acf1885,['cpu'],"['reference_not_ranking', 'historical_competitors_not_rerun', 'system_resources_not_exclusive']"
k3mm,cova_serial_cpu,default,same_process,observed,243.11466867901618,k3mm,316658e292d02e63abcfdf443be60bbb58c10d82,6,3,4e368169475a2a62e9d6b60f9f0f38731e82923b1a6bcbfe2a2be25f4a23617d,aad0bebb7814a2ecba71c57046d8003bc43cb0f8e9f62fa7a3c5da967acf1885,['cpu'],"['reference_not_ranking', 'historical_competitors_not_rerun', 'system_resources_not_exclusive']"
k3mm,cova_openmp_cpu,default,initialization,observed,49.52737766702194,k3mm,316658e292d02e63abcfdf443be60bbb58c10d82,1,1,4e368169475a2a62e9d6b60f9f0f38731e82923b1a6bcbfe2a2be25f4a23617d,aad0bebb7814a2ecba71c57046d8003bc43cb0f8e9f62fa7a3c5da967acf1885,['cpu'],"['reference_not_ranking', 'historical_competitors_not_rerun', 'system_resources_not_exclusive']"
k3mm,cova_openmp_cpu,default,fresh_process,observed,47.92532238300191,k3mm,316658e292d02e63abcfdf443be60bbb58c10d82,2,2,4e368169475a2a62e9d6b60f9f0f38731e82923b1a6bcbfe2a2be25f4a23617d,aad0bebb7814a2ecba71c57046d8003bc43cb0f8e9f62fa7a3c5da967acf1885,['cpu'],"['reference_not_ranking', 'historical_competitors_not_rerun', 'system_resources_not_exclusive']"
k3mm,cova_openmp_cpu,default,same_process,observed,57.89447437500348,k3mm,316658e292d02e63abcfdf443be60bbb58c10d82,6,3,4e368169475a2a62e9d6b60f9f0f38731e82923b1a6bcbfe2a2be25f4a23617d,aad0bebb7814a2ecba71c57046d8003bc43cb0f8e9f62fa7a3c5da967acf1885,['cpu'],"['reference_not_ranking', 'historical_competitors_not_rerun', 'system_resources_not_exclusive']"
k3mm,cova_llvm_cpu_serial,default,initialization,observed,7.714157503040042,k3mm,316658e292d02e63abcfdf443be60bbb58c10d82,1,1,4e368169475a2a62e9d6b60f9f0f38731e82923b1a6bcbfe2a2be25f4a23617d,aad0bebb7814a2ecba71c57046d8003bc43cb0f8e9f62fa7a3c5da967acf1885,['cpu'],"['reference_not_ranking', 'historical_competitors_not_rerun', 'system_resources_not_exclusive']"
k3mm,cova_llvm_cpu_serial,default,fresh_process,observed,3.982977939536795,k3mm,316658e292d02e63abcfdf443be60bbb58c10d82,2,2,4e368169475a2a62e9d6b60f9f0f38731e82923b1a6bcbfe2a2be25f4a23617d,aad0bebb7814a2ecba71c57046d8003bc43cb0f8e9f62fa7a3c5da967acf1885,['cpu'],"['reference_not_ranking', 'historical_competitors_not_rerun', 'system_resources_not_exclusive']"
k3mm,cova_llvm_cpu_serial,default,same_process,observed,3.2131311090197414,k3mm,316658e292d02e63abcfdf443be60bbb58c10d82,6,3,4e368169475a2a62e9d6b60f9f0f38731e82923b1a6bcbfe2a2be25f4a23617d,aad0bebb7814a2ecba71c57046d8003bc43cb0f8e9f62fa7a3c5da967acf1885,['cpu'],"['reference_not_ranking', 'historical_competitors_not_rerun', 'system_resources_not_exclusive']"
k3mm,cova_llvm_cpu,default,initialization,observed,9.597631639975589,k3mm,316658e292d02e63abcfdf443be60bbb58c10d82,1,1,4e368169475a2a62e9d6b60f9f0f38731e82923b1a6bcbfe2a2be25f4a23617d,aad0bebb7814a2ecba71c57046d8003bc43cb0f8e9f62fa7a3c5da967acf1885,['cpu'],"['reference_not_ranking', 'historical_competitors_not_rerun', 'system_resources_not_exclusive']"
k3mm,cova_llvm_cpu,default,fresh_process,observed,3.888499947497621,k3mm,316658e292d02e63abcfdf443be60bbb58c10d82,2,2,4e368169475a2a62e9d6b60f9f0f38731e82923b1a6bcbfe2a2be25f4a23617d,aad0bebb7814a2ecba71c57046d8003bc43cb0f8e9f62fa7a3c5da967acf1885,['cpu'],"['reference_not_ranking', 'historical_competitors_not_rerun', 'system_resources_not_exclusive']"
k3mm,cova_llvm_cpu,default,same_process,observed,3.365709126490401,k3mm,316658e292d02e63abcfdf443be60bbb58c10d82,6,3,4e368169475a2a62e9d6b60f9f0f38731e82923b1a6bcbfe2a2be25f4a23617d,aad0bebb7814a2ecba71c57046d8003bc43cb0f8e9f62fa7a3c5da967acf1885,['cpu'],"['reference_not_ranking', 'historical_competitors_not_rerun', 'system_resources_not_exclusive']"
k3mm,cova_openmp_gpu,default,initialization,observed,6.796594723011367,k3mm,316658e292d02e63abcfdf443be60bbb58c10d82,1,1,4e368169475a2a62e9d6b60f9f0f38731e82923b1a6bcbfe2a2be25f4a23617d,aad0bebb7814a2ecba71c57046d8003bc43cb0f8e9f62fa7a3c5da967acf1885,['gpu'],"['reference_not_ranking', 'historical_competitors_not_rerun', 'system_resources_not_exclusive', 'gpu_placement_metadata_only']"
k3mm,cova_openmp_gpu,default,fresh_process,observed,0.6860277559899259,k3mm,316658e292d02e63abcfdf443be60bbb58c10d82,2,2,4e368169475a2a62e9d6b60f9f0f38731e82923b1a6bcbfe2a2be25f4a23617d,aad0bebb7814a2ecba71c57046d8003bc43cb0f8e9f62fa7a3c5da967acf1885,['gpu'],"['reference_not_ranking', 'historical_competitors_not_rerun', 'system_resources_not_exclusive', 'gpu_placement_metadata_only']"
k3mm,cova_openmp_gpu,default,same_process,observed,0.33433052949840203,k3mm,316658e292d02e63abcfdf443be60bbb58c10d82,6,3,4e368169475a2a62e9d6b60f9f0f38731e82923b1a6bcbfe2a2be25f4a23617d,aad0bebb7814a2ecba71c57046d8003bc43cb0f8e9f62fa7a3c5da967acf1885,['gpu'],"['reference_not_ranking', 'historical_competitors_not_rerun', 'system_resources_not_exclusive', 'gpu_placement_metadata_only']"
k3mm,cova_llvm_gpu,default,initialization,observed,7.426137271977495,k3mm,316658e292d02e63abcfdf443be60bbb58c10d82,1,1,4e368169475a2a62e9d6b60f9f0f38731e82923b1a6bcbfe2a2be25f4a23617d,aad0bebb7814a2ecba71c57046d8003bc43cb0f8e9f62fa7a3c5da967acf1885,['gpu'],"['reference_not_ranking', 'historical_competitors_not_rerun', 'system_resources_not_exclusive', 'gpu_placement_metadata_only']"
k3mm,cova_llvm_gpu,default,fresh_process,observed,0.8120966880233027,k3mm,316658e292d02e63abcfdf443be60bbb58c10d82,2,2,4e368169475a2a62e9d6b60f9f0f38731e82923b1a6bcbfe2a2be25f4a23617d,aad0bebb7814a2ecba71c57046d8003bc43cb0f8e9f62fa7a3c5da967acf1885,['gpu'],"['reference_not_ranking', 'historical_competitors_not_rerun', 'system_resources_not_exclusive', 'gpu_placement_metadata_only']"
k3mm,cova_llvm_gpu,default,same_process,observed,0.44799799696193077,k3mm,316658e292d02e63abcfdf443be60bbb58c10d82,6,3,4e368169475a2a62e9d6b60f9f0f38731e82923b1a6bcbfe2a2be25f4a23617d,aad0bebb7814a2ecba71c57046d8003bc43cb0f8e9f62fa7a3c5da967acf1885,['gpu'],"['reference_not_ranking', 'historical_competitors_not_rerun', 'system_resources_not_exclusive', 'gpu_placement_metadata_only']"
lenet,cova_serial_cpu,default,initialization,observed,7.228425053996034,lenet,316658e292d02e63abcfdf443be60bbb58c10d82,1,1,c03e6ed4aa80ca847e538ab41f9b22060f454237935c67944c81ced7dd93a48b,914661bfde93da5c2e7b1ef256bf97775e395b5980f08a299cd8040e92c0b6ea,['cpu'],"['reference_not_ranking', 'historical_competitors_not_rerun', 'system_resources_not_exclusive']"
lenet,cova_serial_cpu,default,fresh_process,observed,0.12361425952985883,lenet,316658e292d02e63abcfdf443be60bbb58c10d82,2,2,c03e6ed4aa80ca847e538ab41f9b22060f454237935c67944c81ced7dd93a48b,914661bfde93da5c2e7b1ef256bf97775e395b5980f08a299cd8040e92c0b6ea,['cpu'],"['reference_not_ranking', 'historical_competitors_not_rerun', 'system_resources_not_exclusive']"
lenet,cova_serial_cpu,default,same_process,observed,0.10210314751020633,lenet,316658e292d02e63abcfdf443be60bbb58c10d82,6,3,c03e6ed4aa80ca847e538ab41f9b22060f454237935c67944c81ced7dd93a48b,914661bfde93da5c2e7b1ef256bf97775e395b5980f08a299cd8040e92c0b6ea,['cpu'],"['reference_not_ranking', 'historical_competitors_not_rerun', 'system_resources_not_exclusive']"
lenet,cova_openmp_cpu,default,initialization,observed,7.8575332190375775,lenet,316658e292d02e63abcfdf443be60bbb58c10d82,1,1,c03e6ed4aa80ca847e538ab41f9b22060f454237935c67944c81ced7dd93a48b,914661bfde93da5c2e7b1ef256bf97775e395b5980f08a299cd8040e92c0b6ea,['cpu'],"['reference_not_ranking', 'historical_competitors_not_rerun', 'system_resources_not_exclusive']"
lenet,cova_openmp_cpu,default,fresh_process,observed,0.1633363490109332,lenet,316658e292d02e63abcfdf443be60bbb58c10d82,2,2,c03e6ed4aa80ca847e538ab41f9b22060f454237935c67944c81ced7dd93a48b,914661bfde93da5c2e7b1ef256bf97775e395b5980f08a299cd8040e92c0b6ea,['cpu'],"['reference_not_ranking', 'historical_competitors_not_rerun', 'system_resources_not_exclusive']"
lenet,cova_openmp_cpu,default,same_process,observed,0.1330569485144224,lenet,316658e292d02e63abcfdf443be60bbb58c10d82,6,3,c03e6ed4aa80ca847e538ab41f9b22060f454237935c67944c81ced7dd93a48b,914661bfde93da5c2e7b1ef256bf97775e395b5980f08a299cd8040e92c0b6ea,['cpu'],"['reference_not_ranking', 'historical_competitors_not_rerun', 'system_resources_not_exclusive']"
lenet,cova_llvm_cpu_serial,default,initialization,observed,7.778964863042347,lenet,316658e292d02e63abcfdf443be60bbb58c10d82,1,1,c03e6ed4aa80ca847e538ab41f9b22060f454237935c67944c81ced7dd93a48b,914661bfde93da5c2e7b1ef256bf97775e395b5980f08a299cd8040e92c0b6ea,['cpu'],"['reference_not_ranking', 'historical_competitors_not_rerun', 'system_resources_not_exclusive']"
lenet,cova_llvm_cpu_serial,default,fresh_process,observed,0.14406061902991496,lenet,316658e292d02e63abcfdf443be60bbb58c10d82,2,2,c03e6ed4aa80ca847e538ab41f9b22060f454237935c67944c81ced7dd93a48b,914661bfde93da5c2e7b1ef256bf97775e395b5980f08a299cd8040e92c0b6ea,['cpu'],"['reference_not_ranking', 'historical_competitors_not_rerun', 'system_resources_not_exclusive']"
lenet,cova_llvm_cpu_serial,default,same_process,observed,0.09231894349795766,lenet,316658e292d02e63abcfdf443be60bbb58c10d82,6,3,c03e6ed4aa80ca847e538ab41f9b22060f454237935c67944c81ced7dd93a48b,914661bfde93da5c2e7b1ef256bf97775e395b5980f08a299cd8040e92c0b6ea,['cpu'],"['reference_not_ranking', 'historical_competitors_not_rerun', 'system_resources_not_exclusive']"
lenet,cova_llvm_cpu,default,initialization,observed,9.338677089021076,lenet,316658e292d02e63abcfdf443be60bbb58c10d82,1,1,c03e6ed4aa80ca847e538ab41f9b22060f454237935c67944c81ced7dd93a48b,914661bfde93da5c2e7b1ef256bf97775e395b5980f08a299cd8040e92c0b6ea,['cpu'],"['reference_not_ranking', 'historical_competitors_not_rerun', 'system_resources_not_exclusive']"
lenet,cova_llvm_cpu,default,fresh_process,observed,0.2511558355181478,lenet,316658e292d02e63abcfdf443be60bbb58c10d82,2,2,c03e6ed4aa80ca847e538ab41f9b22060f454237935c67944c81ced7dd93a48b,914661bfde93da5c2e7b1ef256bf97775e395b5980f08a299cd8040e92c0b6ea,['cpu'],"['reference_not_ranking', 'historical_competitors_not_rerun', 'system_resources_not_exclusive']"
lenet,cova_llvm_cpu,default,same_process,observed,0.10400533798383549,lenet,316658e292d02e63abcfdf443be60bbb58c10d82,6,3,c03e6ed4aa80ca847e538ab41f9b22060f454237935c67944c81ced7dd93a48b,914661bfde93da5c2e7b1ef256bf97775e395b5980f08a299cd8040e92c0b6ea,['cpu'],"['reference_not_ranking', 'historical_competitors_not_rerun', 'system_resources_not_exclusive']"
lenet,cova_openmp_gpu,default,initialization,observed,13.28584977297578,lenet,316658e292d02e63abcfdf443be60bbb58c10d82,1,1,c03e6ed4aa80ca847e538ab41f9b22060f454237935c67944c81ced7dd93a48b,914661bfde93da5c2e7b1ef256bf97775e395b5980f08a299cd8040e92c0b6ea,['gpu'],"['reference_not_ranking', 'historical_competitors_not_rerun', 'system_resources_not_exclusive', 'gpu_placement_metadata_only']"
lenet,cova_openmp_gpu,default,fresh_process,observed,0.8821795390103944,lenet,316658e292d02e63abcfdf443be60bbb58c10d82,2,2,c03e6ed4aa80ca847e538ab41f9b22060f454237935c67944c81ced7dd93a48b,914661bfde93da5c2e7b1ef256bf97775e395b5980f08a299cd8040e92c0b6ea,['gpu'],"['reference_not_ranking', 'historical_competitors_not_rerun', 'system_resources_not_exclusive', 'gpu_placement_metadata_only']"
lenet,cova_openmp_gpu,default,same_process,observed,0.26482503846636973,lenet,316658e292d02e63abcfdf443be60bbb58c10d82,6,3,c03e6ed4aa80ca847e538ab41f9b22060f454237935c67944c81ced7dd93a48b,914661bfde93da5c2e7b1ef256bf97775e395b5980f08a299cd8040e92c0b6ea,['gpu'],"['reference_not_ranking', 'historical_competitors_not_rerun', 'system_resources_not_exclusive', 'gpu_placement_metadata_only']"
lenet,cova_llvm_gpu,default,initialization,observed,41.84834953898098,lenet,316658e292d02e63abcfdf443be60bbb58c10d82,1,1,c03e6ed4aa80ca847e538ab41f9b22060f454237935c67944c81ced7dd93a48b,914661bfde93da5c2e7b1ef256bf97775e395b5980f08a299cd8040e92c0b6ea,['mixed'],"['reference_not_ranking', 'historical_competitors_not_rerun', 'system_resources_not_exclusive', 'gpu_placement_metadata_only']"
lenet,cova_llvm_gpu,default,fresh_process,observed,33.75116212051944,lenet,316658e292d02e63abcfdf443be60bbb58c10d82,2,2,c03e6ed4aa80ca847e538ab41f9b22060f454237935c67944c81ced7dd93a48b,914661bfde93da5c2e7b1ef256bf97775e395b5980f08a299cd8040e92c0b6ea,['mixed'],"['reference_not_ranking', 'historical_competitors_not_rerun', 'system_resources_not_exclusive', 'gpu_placement_metadata_only']"
lenet,cova_llvm_gpu,default,same_process,observed,34.265151731466176,lenet,316658e292d02e63abcfdf443be60bbb58c10d82,6,3,c03e6ed4aa80ca847e538ab41f9b22060f454237935c67944c81ced7dd93a48b,914661bfde93da5c2e7b1ef256bf97775e395b5980f08a299cd8040e92c0b6ea,['mixed'],"['reference_not_ranking', 'historical_competitors_not_rerun', 'system_resources_not_exclusive', 'gpu_placement_metadata_only']"
lu,cova_serial_cpu,default,initialization,observed,2.203442075988278,lu,316658e292d02e63abcfdf443be60bbb58c10d82,1,1,a94cc969fb7abca21f73c7702df3d7b5782724193307a4c14a3543791e733d27,9ac2f818703fa8aa1a82579828bb4b9f516a133a9d2de36086ba8af196680084,['cpu'],"['reference_not_ranking', 'historical_competitors_not_rerun', 'system_resources_not_exclusive']"
lu,cova_serial_cpu,default,fresh_process,observed,0.16374772749259137,lu,316658e292d02e63abcfdf443be60bbb58c10d82,2,2,a94cc969fb7abca21f73c7702df3d7b5782724193307a4c14a3543791e733d27,9ac2f818703fa8aa1a82579828bb4b9f516a133a9d2de36086ba8af196680084,['cpu'],"['reference_not_ranking', 'historical_competitors_not_rerun', 'system_resources_not_exclusive']"
lu,cova_serial_cpu,default,same_process,observed,0.2025634909805376,lu,316658e292d02e63abcfdf443be60bbb58c10d82,6,3,a94cc969fb7abca21f73c7702df3d7b5782724193307a4c14a3543791e733d27,9ac2f818703fa8aa1a82579828bb4b9f516a133a9d2de36086ba8af196680084,['cpu'],"['reference_not_ranking', 'historical_competitors_not_rerun', 'system_resources_not_exclusive']"
lu,cova_openmp_cpu,default,initialization,observed,2.5978697210084647,lu,316658e292d02e63abcfdf443be60bbb58c10d82,1,1,a94cc969fb7abca21f73c7702df3d7b5782724193307a4c14a3543791e733d27,9ac2f818703fa8aa1a82579828bb4b9f516a133a9d2de36086ba8af196680084,['cpu'],"['reference_not_ranking', 'historical_competitors_not_rerun', 'system_resources_not_exclusive']"
lu,cova_openmp_cpu,default,fresh_process,observed,0.1636014755058568,lu,316658e292d02e63abcfdf443be60bbb58c10d82,2,2,a94cc969fb7abca21f73c7702df3d7b5782724193307a4c14a3543791e733d27,9ac2f818703fa8aa1a82579828bb4b9f516a133a9d2de36086ba8af196680084,['cpu'],"['reference_not_ranking', 'historical_competitors_not_rerun', 'system_resources_not_exclusive']"
lu,cova_openmp_cpu,default,same_process,observed,0.2020338079892099,lu,316658e292d02e63abcfdf443be60bbb58c10d82,6,3,a94cc969fb7abca21f73c7702df3d7b5782724193307a4c14a3543791e733d27,9ac2f818703fa8aa1a82579828bb4b9f516a133a9d2de36086ba8af196680084,['cpu'],"['reference_not_ranking', 'historical_competitors_not_rerun', 'system_resources_not_exclusive']"
lu,cova_llvm_cpu_serial,default,initialization,observed,1.99018458701903,lu,316658e292d02e63abcfdf443be60bbb58c10d82,1,1,a94cc969fb7abca21f73c7702df3d7b5782724193307a4c14a3543791e733d27,9ac2f818703fa8aa1a82579828bb4b9f516a133a9d2de36086ba8af196680084,['cpu'],"['reference_not_ranking', 'historical_competitors_not_rerun', 'system_resources_not_exclusive']"
lu,cova_llvm_cpu_serial,default,fresh_process,observed,0.16010942347929813,lu,316658e292d02e63abcfdf443be60bbb58c10d82,2,2,a94cc969fb7abca21f73c7702df3d7b5782724193307a4c14a3543791e733d27,9ac2f818703fa8aa1a82579828bb4b9f516a133a9d2de36086ba8af196680084,['cpu'],"['reference_not_ranking', 'historical_competitors_not_rerun', 'system_resources_not_exclusive']"
lu,cova_llvm_cpu_serial,default,same_process,observed,0.17934138950658962,lu,316658e292d02e63abcfdf443be60bbb58c10d82,6,3,a94cc969fb7abca21f73c7702df3d7b5782724193307a4c14a3543791e733d27,9ac2f818703fa8aa1a82579828bb4b9f516a133a9d2de36086ba8af196680084,['cpu'],"['reference_not_ranking', 'historical_competitors_not_rerun', 'system_resources_not_exclusive']"
lu,cova_llvm_cpu,default,initialization,observed,1.9282097949762829,lu,316658e292d02e63abcfdf443be60bbb58c10d82,1,1,a94cc969fb7abca21f73c7702df3d7b5782724193307a4c14a3543791e733d27,9ac2f818703fa8aa1a82579828bb4b9f516a133a9d2de36086ba8af196680084,['cpu'],"['reference_not_ranking', 'historical_competitors_not_rerun', 'system_resources_not_exclusive']"
lu,cova_llvm_cpu,default,fresh_process,observed,0.1620484149607364,lu,316658e292d02e63abcfdf443be60bbb58c10d82,2,2,a94cc969fb7abca21f73c7702df3d7b5782724193307a4c14a3543791e733d27,9ac2f818703fa8aa1a82579828bb4b9f516a133a9d2de36086ba8af196680084,['cpu'],"['reference_not_ranking', 'historical_competitors_not_rerun', 'system_resources_not_exclusive']"
lu,cova_llvm_cpu,default,same_process,observed,0.19810983049683273,lu,316658e292d02e63abcfdf443be60bbb58c10d82,6,3,a94cc969fb7abca21f73c7702df3d7b5782724193307a4c14a3543791e733d27,9ac2f818703fa8aa1a82579828bb4b9f516a133a9d2de36086ba8af196680084,['cpu'],"['reference_not_ranking', 'historical_competitors_not_rerun', 'system_resources_not_exclusive']"
lu,cova_openmp_gpu,default,initialization,observed,4.4898603680194356,lu,316658e292d02e63abcfdf443be60bbb58c10d82,1,1,a94cc969fb7abca21f73c7702df3d7b5782724193307a4c14a3543791e733d27,9ac2f818703fa8aa1a82579828bb4b9f516a133a9d2de36086ba8af196680084,['cpu'],"['reference_not_ranking', 'historical_competitors_not_rerun', 'system_resources_not_exclusive', 'gpu_placement_metadata_only']"
lu,cova_openmp_gpu,default,fresh_process,observed,0.17981459249858744,lu,316658e292d02e63abcfdf443be60bbb58c10d82,2,2,a94cc969fb7abca21f73c7702df3d7b5782724193307a4c14a3543791e733d27,9ac2f818703fa8aa1a82579828bb4b9f516a133a9d2de36086ba8af196680084,['cpu'],"['reference_not_ranking', 'historical_competitors_not_rerun', 'system_resources_not_exclusive', 'gpu_placement_metadata_only']"
lu,cova_openmp_gpu,default,same_process,observed,0.2084353590325918,lu,316658e292d02e63abcfdf443be60bbb58c10d82,6,3,a94cc969fb7abca21f73c7702df3d7b5782724193307a4c14a3543791e733d27,9ac2f818703fa8aa1a82579828bb4b9f516a133a9d2de36086ba8af196680084,['cpu'],"['reference_not_ranking', 'historical_competitors_not_rerun', 'system_resources_not_exclusive', 'gpu_placement_metadata_only']"
lu,cova_llvm_gpu,default,initialization,observed,12.772060758958105,lu,316658e292d02e63abcfdf443be60bbb58c10d82,1,1,a94cc969fb7abca21f73c7702df3d7b5782724193307a4c14a3543791e733d27,9ac2f818703fa8aa1a82579828bb4b9f516a133a9d2de36086ba8af196680084,['gpu'],"['reference_not_ranking', 'historical_competitors_not_rerun', 'system_resources_not_exclusive', 'gpu_placement_metadata_only']"
lu,cova_llvm_gpu,default,fresh_process,observed,8.896167536993744,lu,316658e292d02e63abcfdf443be60bbb58c10d82,2,2,a94cc969fb7abca21f73c7702df3d7b5782724193307a4c14a3543791e733d27,9ac2f818703fa8aa1a82579828bb4b9f516a133a9d2de36086ba8af196680084,['gpu'],"['reference_not_ranking', 'historical_competitors_not_rerun', 'system_resources_not_exclusive', 'gpu_placement_metadata_only']"
lu,cova_llvm_gpu,default,same_process,observed,8.62618695650599,lu,316658e292d02e63abcfdf443be60bbb58c10d82,6,3,a94cc969fb7abca21f73c7702df3d7b5782724193307a4c14a3543791e733d27,9ac2f818703fa8aa1a82579828bb4b9f516a133a9d2de36086ba8af196680084,['gpu'],"['reference_not_ranking', 'historical_competitors_not_rerun', 'system_resources_not_exclusive', 'gpu_placement_metadata_only']"
ludcmp,cova_serial_cpu,default,initialization,observed,2.3941182749695145,ludcmp,316658e292d02e63abcfdf443be60bbb58c10d82,1,1,08caec57fa049fbfa751e34e1064de164ddf556d58ef07942503bdb64d23c766,55b9887d27df7b3dc3b8b2e1875facca1a285d1891e4df442fdd18cc865cc7b0,['cpu'],"['reference_not_ranking', 'historical_competitors_not_rerun', 'system_resources_not_exclusive']"
ludcmp,cova_serial_cpu,default,fresh_process,observed,0.1395684664894361,ludcmp,316658e292d02e63abcfdf443be60bbb58c10d82,2,2,08caec57fa049fbfa751e34e1064de164ddf556d58ef07942503bdb64d23c766,55b9887d27df7b3dc3b8b2e1875facca1a285d1891e4df442fdd18cc865cc7b0,['cpu'],"['reference_not_ranking', 'historical_competitors_not_rerun', 'system_resources_not_exclusive']"
ludcmp,cova_serial_cpu,default,same_process,observed,0.1653198259882629,ludcmp,316658e292d02e63abcfdf443be60bbb58c10d82,6,3,08caec57fa049fbfa751e34e1064de164ddf556d58ef07942503bdb64d23c766,55b9887d27df7b3dc3b8b2e1875facca1a285d1891e4df442fdd18cc865cc7b0,['cpu'],"['reference_not_ranking', 'historical_competitors_not_rerun', 'system_resources_not_exclusive']"
ludcmp,cova_openmp_cpu,default,initialization,observed,2.6278875439893454,ludcmp,316658e292d02e63abcfdf443be60bbb58c10d82,1,1,08caec57fa049fbfa751e34e1064de164ddf556d58ef07942503bdb64d23c766,55b9887d27df7b3dc3b8b2e1875facca1a285d1891e4df442fdd18cc865cc7b0,['cpu'],"['reference_not_ranking', 'historical_competitors_not_rerun', 'system_resources_not_exclusive']"
ludcmp,cova_openmp_cpu,default,fresh_process,observed,0.16162995802005753,ludcmp,316658e292d02e63abcfdf443be60bbb58c10d82,2,2,08caec57fa049fbfa751e34e1064de164ddf556d58ef07942503bdb64d23c766,55b9887d27df7b3dc3b8b2e1875facca1a285d1891e4df442fdd18cc865cc7b0,['cpu'],"['reference_not_ranking', 'historical_competitors_not_rerun', 'system_resources_not_exclusive']"
ludcmp,cova_openmp_cpu,default,same_process,observed,0.13165816199034452,ludcmp,316658e292d02e63abcfdf443be60bbb58c10d82,6,3,08caec57fa049fbfa751e34e1064de164ddf556d58ef07942503bdb64d23c766,55b9887d27df7b3dc3b8b2e1875facca1a285d1891e4df442fdd18cc865cc7b0,['cpu'],"['reference_not_ranking', 'historical_competitors_not_rerun', 'system_resources_not_exclusive']"
ludcmp,cova_llvm_cpu_serial,default,initialization,observed,1.8706361940130591,ludcmp,316658e292d02e63abcfdf443be60bbb58c10d82,1,1,08caec57fa049fbfa751e34e1064de164ddf556d58ef07942503bdb64d23c766,55b9887d27df7b3dc3b8b2e1875facca1a285d1891e4df442fdd18cc865cc7b0,['cpu'],"['reference_not_ranking', 'historical_competitors_not_rerun', 'system_resources_not_exclusive']"
ludcmp,cova_llvm_cpu_serial,default,fresh_process,observed,0.13888404998579063,ludcmp,316658e292d02e63abcfdf443be60bbb58c10d82,2,2,08caec57fa049fbfa751e34e1064de164ddf556d58ef07942503bdb64d23c766,55b9887d27df7b3dc3b8b2e1875facca1a285d1891e4df442fdd18cc865cc7b0,['cpu'],"['reference_not_ranking', 'historical_competitors_not_rerun', 'system_resources_not_exclusive']"
ludcmp,cova_llvm_cpu_serial,default,same_process,observed,0.16359965802985243,ludcmp,316658e292d02e63abcfdf443be60bbb58c10d82,6,3,08caec57fa049fbfa751e34e1064de164ddf556d58ef07942503bdb64d23c766,55b9887d27df7b3dc3b8b2e1875facca1a285d1891e4df442fdd18cc865cc7b0,['cpu'],"['reference_not_ranking', 'historical_competitors_not_rerun', 'system_resources_not_exclusive']"
ludcmp,cova_llvm_cpu,default,initialization,observed,2.0771321399952285,ludcmp,316658e292d02e63abcfdf443be60bbb58c10d82,1,1,08caec57fa049fbfa751e34e1064de164ddf556d58ef07942503bdb64d23c766,55b9887d27df7b3dc3b8b2e1875facca1a285d1891e4df442fdd18cc865cc7b0,['cpu'],"['reference_not_ranking', 'historical_competitors_not_rerun', 'system_resources_not_exclusive']"
ludcmp,cova_llvm_cpu,default,fresh_process,observed,0.1349537140049506,ludcmp,316658e292d02e63abcfdf443be60bbb58c10d82,2,2,08caec57fa049fbfa751e34e1064de164ddf556d58ef07942503bdb64d23c766,55b9887d27df7b3dc3b8b2e1875facca1a285d1891e4df442fdd18cc865cc7b0,['cpu'],"['reference_not_ranking', 'historical_competitors_not_rerun', 'system_resources_not_exclusive']"
ludcmp,cova_llvm_cpu,default,same_process,observed,0.16518614150118083,ludcmp,316658e292d02e63abcfdf443be60bbb58c10d82,6,3,08caec57fa049fbfa751e34e1064de164ddf556d58ef07942503bdb64d23c766,55b9887d27df7b3dc3b8b2e1875facca1a285d1891e4df442fdd18cc865cc7b0,['cpu'],"['reference_not_ranking', 'historical_competitors_not_rerun', 'system_resources_not_exclusive']"
ludcmp,cova_openmp_gpu,default,initialization,observed,4.626149546995293,ludcmp,316658e292d02e63abcfdf443be60bbb58c10d82,1,1,08caec57fa049fbfa751e34e1064de164ddf556d58ef07942503bdb64d23c766,55b9887d27df7b3dc3b8b2e1875facca1a285d1891e4df442fdd18cc865cc7b0,['cpu'],"['reference_not_ranking', 'historical_competitors_not_rerun', 'system_resources_not_exclusive', 'gpu_placement_metadata_only']"
ludcmp,cova_openmp_gpu,default,fresh_process,observed,0.1585674605157692,ludcmp,316658e292d02e63abcfdf443be60bbb58c10d82,2,2,08caec57fa049fbfa751e34e1064de164ddf556d58ef07942503bdb64d23c766,55b9887d27df7b3dc3b8b2e1875facca1a285d1891e4df442fdd18cc865cc7b0,['cpu'],"['reference_not_ranking', 'historical_competitors_not_rerun', 'system_resources_not_exclusive', 'gpu_placement_metadata_only']"
ludcmp,cova_openmp_gpu,default,same_process,observed,0.14264313198509626,ludcmp,316658e292d02e63abcfdf443be60bbb58c10d82,6,3,08caec57fa049fbfa751e34e1064de164ddf556d58ef07942503bdb64d23c766,55b9887d27df7b3dc3b8b2e1875facca1a285d1891e4df442fdd18cc865cc7b0,['cpu'],"['reference_not_ranking', 'historical_competitors_not_rerun', 'system_resources_not_exclusive', 'gpu_placement_metadata_only']"
ludcmp,cova_llvm_gpu,default,initialization,observed,12.03526802099077,ludcmp,316658e292d02e63abcfdf443be60bbb58c10d82,1,1,08caec57fa049fbfa751e34e1064de164ddf556d58ef07942503bdb64d23c766,55b9887d27df7b3dc3b8b2e1875facca1a285d1891e4df442fdd18cc865cc7b0,['mixed'],"['reference_not_ranking', 'historical_competitors_not_rerun', 'system_resources_not_exclusive', 'gpu_placement_metadata_only']"
ludcmp,cova_llvm_gpu,default,fresh_process,observed,7.420991480001248,ludcmp,316658e292d02e63abcfdf443be60bbb58c10d82,2,2,08caec57fa049fbfa751e34e1064de164ddf556d58ef07942503bdb64d23c766,55b9887d27df7b3dc3b8b2e1875facca1a285d1891e4df442fdd18cc865cc7b0,['mixed'],"['reference_not_ranking', 'historical_competitors_not_rerun', 'system_resources_not_exclusive', 'gpu_placement_metadata_only']"
ludcmp,cova_llvm_gpu,default,same_process,observed,7.169876440486405,ludcmp,316658e292d02e63abcfdf443be60bbb58c10d82,6,3,08caec57fa049fbfa751e34e1064de164ddf556d58ef07942503bdb64d23c766,55b9887d27df7b3dc3b8b2e1875facca1a285d1891e4df442fdd18cc865cc7b0,['mixed'],"['reference_not_ranking', 'historical_competitors_not_rerun', 'system_resources_not_exclusive', 'gpu_placement_metadata_only']"
mandelbrot1,cova_serial_cpu,default,initialization,error,,mandelbrot1,316658e292d02e63abcfdf443be60bbb58c10d82,0,0,7ec93ae18ee3844a817e6cc0a79455bc5862c76f047319aefde16f510ddde641,498529c7a9dcc40ab333461ec82b7c16a88eb9014a98ba9ee2910dd66fb9e062,[],"['reference_not_ranking', 'historical_competitors_not_rerun', 'system_resources_not_exclusive']"
mandelbrot1,cova_serial_cpu,default,fresh_process,error,,mandelbrot1,316658e292d02e63abcfdf443be60bbb58c10d82,0,0,7ec93ae18ee3844a817e6cc0a79455bc5862c76f047319aefde16f510ddde641,498529c7a9dcc40ab333461ec82b7c16a88eb9014a98ba9ee2910dd66fb9e062,[],"['reference_not_ranking', 'historical_competitors_not_rerun', 'system_resources_not_exclusive']"
mandelbrot1,cova_serial_cpu,default,same_process,error,,mandelbrot1,316658e292d02e63abcfdf443be60bbb58c10d82,0,0,7ec93ae18ee3844a817e6cc0a79455bc5862c76f047319aefde16f510ddde641,498529c7a9dcc40ab333461ec82b7c16a88eb9014a98ba9ee2910dd66fb9e062,[],"['reference_not_ranking', 'historical_competitors_not_rerun', 'system_resources_not_exclusive']"
mandelbrot1,cova_openmp_cpu,default,initialization,error,,mandelbrot1,316658e292d02e63abcfdf443be60bbb58c10d82,0,0,7ec93ae18ee3844a817e6cc0a79455bc5862c76f047319aefde16f510ddde641,498529c7a9dcc40ab333461ec82b7c16a88eb9014a98ba9ee2910dd66fb9e062,[],"['reference_not_ranking', 'historical_competitors_not_rerun', 'system_resources_not_exclusive']"
mandelbrot1,cova_openmp_cpu,default,fresh_process,error,,mandelbrot1,316658e292d02e63abcfdf443be60bbb58c10d82,0,0,7ec93ae18ee3844a817e6cc0a79455bc5862c76f047319aefde16f510ddde641,498529c7a9dcc40ab333461ec82b7c16a88eb9014a98ba9ee2910dd66fb9e062,[],"['reference_not_ranking', 'historical_competitors_not_rerun', 'system_resources_not_exclusive']"
mandelbrot1,cova_openmp_cpu,default,same_process,error,,mandelbrot1,316658e292d02e63abcfdf443be60bbb58c10d82,0,0,7ec93ae18ee3844a817e6cc0a79455bc5862c76f047319aefde16f510ddde641,498529c7a9dcc40ab333461ec82b7c16a88eb9014a98ba9ee2910dd66fb9e062,[],"['reference_not_ranking', 'historical_competitors_not_rerun', 'system_resources_not_exclusive']"
mandelbrot1,cova_llvm_cpu_serial,default,initialization,observed,2.7504683929728344,mandelbrot1,316658e292d02e63abcfdf443be60bbb58c10d82,1,1,7ec93ae18ee3844a817e6cc0a79455bc5862c76f047319aefde16f510ddde641,498529c7a9dcc40ab333461ec82b7c16a88eb9014a98ba9ee2910dd66fb9e062,['cpu'],"['reference_not_ranking', 'historical_competitors_not_rerun', 'system_resources_not_exclusive']"
mandelbrot1,cova_llvm_cpu_serial,default,fresh_process,observed,0.9386805035173893,mandelbrot1,316658e292d02e63abcfdf443be60bbb58c10d82,2,2,7ec93ae18ee3844a817e6cc0a79455bc5862c76f047319aefde16f510ddde641,498529c7a9dcc40ab333461ec82b7c16a88eb9014a98ba9ee2910dd66fb9e062,['cpu'],"['reference_not_ranking', 'historical_competitors_not_rerun', 'system_resources_not_exclusive']"
mandelbrot1,cova_llvm_cpu_serial,default,same_process,observed,0.945423976983875,mandelbrot1,316658e292d02e63abcfdf443be60bbb58c10d82,6,3,7ec93ae18ee3844a817e6cc0a79455bc5862c76f047319aefde16f510ddde641,498529c7a9dcc40ab333461ec82b7c16a88eb9014a98ba9ee2910dd66fb9e062,['cpu'],"['reference_not_ranking', 'historical_competitors_not_rerun', 'system_resources_not_exclusive']"
mandelbrot1,cova_llvm_cpu,default,initialization,observed,2.875544026028365,mandelbrot1,316658e292d02e63abcfdf443be60bbb58c10d82,1,1,7ec93ae18ee3844a817e6cc0a79455bc5862c76f047319aefde16f510ddde641,498529c7a9dcc40ab333461ec82b7c16a88eb9014a98ba9ee2910dd66fb9e062,['cpu'],"['reference_not_ranking', 'historical_competitors_not_rerun', 'system_resources_not_exclusive']"
mandelbrot1,cova_llvm_cpu,default,fresh_process,observed,0.31021529898862354,mandelbrot1,316658e292d02e63abcfdf443be60bbb58c10d82,2,2,7ec93ae18ee3844a817e6cc0a79455bc5862c76f047319aefde16f510ddde641,498529c7a9dcc40ab333461ec82b7c16a88eb9014a98ba9ee2910dd66fb9e062,['cpu'],"['reference_not_ranking', 'historical_competitors_not_rerun', 'system_resources_not_exclusive']"
mandelbrot1,cova_llvm_cpu,default,same_process,observed,0.09211099951062351,mandelbrot1,316658e292d02e63abcfdf443be60bbb58c10d82,6,3,7ec93ae18ee3844a817e6cc0a79455bc5862c76f047319aefde16f510ddde641,498529c7a9dcc40ab333461ec82b7c16a88eb9014a98ba9ee2910dd66fb9e062,['cpu'],"['reference_not_ranking', 'historical_competitors_not_rerun', 'system_resources_not_exclusive']"
mandelbrot1,cova_openmp_gpu,default,initialization,error,,mandelbrot1,316658e292d02e63abcfdf443be60bbb58c10d82,0,0,7ec93ae18ee3844a817e6cc0a79455bc5862c76f047319aefde16f510ddde641,498529c7a9dcc40ab333461ec82b7c16a88eb9014a98ba9ee2910dd66fb9e062,[],"['reference_not_ranking', 'historical_competitors_not_rerun', 'system_resources_not_exclusive', 'gpu_placement_metadata_only']"
mandelbrot1,cova_openmp_gpu,default,fresh_process,error,,mandelbrot1,316658e292d02e63abcfdf443be60bbb58c10d82,0,0,7ec93ae18ee3844a817e6cc0a79455bc5862c76f047319aefde16f510ddde641,498529c7a9dcc40ab333461ec82b7c16a88eb9014a98ba9ee2910dd66fb9e062,[],"['reference_not_ranking', 'historical_competitors_not_rerun', 'system_resources_not_exclusive', 'gpu_placement_metadata_only']"
mandelbrot1,cova_openmp_gpu,default,same_process,error,,mandelbrot1,316658e292d02e63abcfdf443be60bbb58c10d82,0,0,7ec93ae18ee3844a817e6cc0a79455bc5862c76f047319aefde16f510ddde641,498529c7a9dcc40ab333461ec82b7c16a88eb9014a98ba9ee2910dd66fb9e062,[],"['reference_not_ranking', 'historical_competitors_not_rerun', 'system_resources_not_exclusive', 'gpu_placement_metadata_only']"
mandelbrot1,cova_llvm_gpu,default,initialization,observed,7.249492142000236,mandelbrot1,316658e292d02e63abcfdf443be60bbb58c10d82,1,1,7ec93ae18ee3844a817e6cc0a79455bc5862c76f047319aefde16f510ddde641,498529c7a9dcc40ab333461ec82b7c16a88eb9014a98ba9ee2910dd66fb9e062,['mixed'],"['reference_not_ranking', 'historical_competitors_not_rerun', 'system_resources_not_exclusive', 'gpu_placement_metadata_only']"
mandelbrot1,cova_llvm_gpu,default,fresh_process,observed,3.116823474498233,mandelbrot1,316658e292d02e63abcfdf443be60bbb58c10d82,2,2,7ec93ae18ee3844a817e6cc0a79455bc5862c76f047319aefde16f510ddde641,498529c7a9dcc40ab333461ec82b7c16a88eb9014a98ba9ee2910dd66fb9e062,['mixed'],"['reference_not_ranking', 'historical_competitors_not_rerun', 'system_resources_not_exclusive', 'gpu_placement_metadata_only']"
mandelbrot1,cova_llvm_gpu,default,same_process,observed,3.0121226555202156,mandelbrot1,316658e292d02e63abcfdf443be60bbb58c10d82,6,3,7ec93ae18ee3844a817e6cc0a79455bc5862c76f047319aefde16f510ddde641,498529c7a9dcc40ab333461ec82b7c16a88eb9014a98ba9ee2910dd66fb9e062,['mixed'],"['reference_not_ranking', 'historical_competitors_not_rerun', 'system_resources_not_exclusive', 'gpu_placement_metadata_only']"
mandelbrot2,cova_serial_cpu,default,initialization,error,,mandelbrot2,316658e292d02e63abcfdf443be60bbb58c10d82,0,0,7fb4071f3c8e581537c1201436e2e0f64673e094a239bc776fcd1d6c96095d69,e953c506eaf95aed1da28b70ad9b9cbb5c4d6ed77213ce344c94cdacbc5b6ae1,[],"['reference_not_ranking', 'historical_competitors_not_rerun', 'system_resources_not_exclusive']"
mandelbrot2,cova_serial_cpu,default,fresh_process,error,,mandelbrot2,316658e292d02e63abcfdf443be60bbb58c10d82,0,0,7fb4071f3c8e581537c1201436e2e0f64673e094a239bc776fcd1d6c96095d69,e953c506eaf95aed1da28b70ad9b9cbb5c4d6ed77213ce344c94cdacbc5b6ae1,[],"['reference_not_ranking', 'historical_competitors_not_rerun', 'system_resources_not_exclusive']"
mandelbrot2,cova_serial_cpu,default,same_process,error,,mandelbrot2,316658e292d02e63abcfdf443be60bbb58c10d82,0,0,7fb4071f3c8e581537c1201436e2e0f64673e094a239bc776fcd1d6c96095d69,e953c506eaf95aed1da28b70ad9b9cbb5c4d6ed77213ce344c94cdacbc5b6ae1,[],"['reference_not_ranking', 'historical_competitors_not_rerun', 'system_resources_not_exclusive']"
mandelbrot2,cova_openmp_cpu,default,initialization,error,,mandelbrot2,316658e292d02e63abcfdf443be60bbb58c10d82,0,0,7fb4071f3c8e581537c1201436e2e0f64673e094a239bc776fcd1d6c96095d69,e953c506eaf95aed1da28b70ad9b9cbb5c4d6ed77213ce344c94cdacbc5b6ae1,[],"['reference_not_ranking', 'historical_competitors_not_rerun', 'system_resources_not_exclusive']"
mandelbrot2,cova_openmp_cpu,default,fresh_process,error,,mandelbrot2,316658e292d02e63abcfdf443be60bbb58c10d82,0,0,7fb4071f3c8e581537c1201436e2e0f64673e094a239bc776fcd1d6c96095d69,e953c506eaf95aed1da28b70ad9b9cbb5c4d6ed77213ce344c94cdacbc5b6ae1,[],"['reference_not_ranking', 'historical_competitors_not_rerun', 'system_resources_not_exclusive']"
mandelbrot2,cova_openmp_cpu,default,same_process,error,,mandelbrot2,316658e292d02e63abcfdf443be60bbb58c10d82,0,0,7fb4071f3c8e581537c1201436e2e0f64673e094a239bc776fcd1d6c96095d69,e953c506eaf95aed1da28b70ad9b9cbb5c4d6ed77213ce344c94cdacbc5b6ae1,[],"['reference_not_ranking', 'historical_competitors_not_rerun', 'system_resources_not_exclusive']"
mandelbrot2,cova_llvm_cpu_serial,default,initialization,error,,mandelbrot2,316658e292d02e63abcfdf443be60bbb58c10d82,0,0,7fb4071f3c8e581537c1201436e2e0f64673e094a239bc776fcd1d6c96095d69,e953c506eaf95aed1da28b70ad9b9cbb5c4d6ed77213ce344c94cdacbc5b6ae1,[],"['reference_not_ranking', 'historical_competitors_not_rerun', 'system_resources_not_exclusive']"
mandelbrot2,cova_llvm_cpu_serial,default,fresh_process,error,,mandelbrot2,316658e292d02e63abcfdf443be60bbb58c10d82,0,0,7fb4071f3c8e581537c1201436e2e0f64673e094a239bc776fcd1d6c96095d69,e953c506eaf95aed1da28b70ad9b9cbb5c4d6ed77213ce344c94cdacbc5b6ae1,[],"['reference_not_ranking', 'historical_competitors_not_rerun', 'system_resources_not_exclusive']"
mandelbrot2,cova_llvm_cpu_serial,default,same_process,error,,mandelbrot2,316658e292d02e63abcfdf443be60bbb58c10d82,0,0,7fb4071f3c8e581537c1201436e2e0f64673e094a239bc776fcd1d6c96095d69,e953c506eaf95aed1da28b70ad9b9cbb5c4d6ed77213ce344c94cdacbc5b6ae1,[],"['reference_not_ranking', 'historical_competitors_not_rerun', 'system_resources_not_exclusive']"
mandelbrot2,cova_llvm_cpu,default,initialization,observed,5.959764106024522,mandelbrot2_cova_helper,316658e292d02e63abcfdf443be60bbb58c10d82,1,1,7fb4071f3c8e581537c1201436e2e0f64673e094a239bc776fcd1d6c96095d69,e953c506eaf95aed1da28b70ad9b9cbb5c4d6ed77213ce344c94cdacbc5b6ae1,['cpu'],"['reference_not_ranking', 'historical_competitors_not_rerun', 'system_resources_not_exclusive']"
mandelbrot2,cova_llvm_cpu,default,fresh_process,observed,1.5370237054594327,mandelbrot2_cova_helper,316658e292d02e63abcfdf443be60bbb58c10d82,2,2,7fb4071f3c8e581537c1201436e2e0f64673e094a239bc776fcd1d6c96095d69,e953c506eaf95aed1da28b70ad9b9cbb5c4d6ed77213ce344c94cdacbc5b6ae1,['cpu'],"['reference_not_ranking', 'historical_competitors_not_rerun', 'system_resources_not_exclusive']"
mandelbrot2,cova_llvm_cpu,default,same_process,observed,0.9147951980121434,mandelbrot2_cova_helper,316658e292d02e63abcfdf443be60bbb58c10d82,6,3,7fb4071f3c8e581537c1201436e2e0f64673e094a239bc776fcd1d6c96095d69,e953c506eaf95aed1da28b70ad9b9cbb5c4d6ed77213ce344c94cdacbc5b6ae1,['cpu'],"['reference_not_ranking', 'historical_competitors_not_rerun', 'system_resources_not_exclusive']"
mandelbrot2,cova_openmp_gpu,default,initialization,error,,mandelbrot2,316658e292d02e63abcfdf443be60bbb58c10d82,0,0,7fb4071f3c8e581537c1201436e2e0f64673e094a239bc776fcd1d6c96095d69,e953c506eaf95aed1da28b70ad9b9cbb5c4d6ed77213ce344c94cdacbc5b6ae1,[],"['reference_not_ranking', 'historical_competitors_not_rerun', 'system_resources_not_exclusive', 'gpu_placement_metadata_only']"
mandelbrot2,cova_openmp_gpu,default,fresh_process,error,,mandelbrot2,316658e292d02e63abcfdf443be60bbb58c10d82,0,0,7fb4071f3c8e581537c1201436e2e0f64673e094a239bc776fcd1d6c96095d69,e953c506eaf95aed1da28b70ad9b9cbb5c4d6ed77213ce344c94cdacbc5b6ae1,[],"['reference_not_ranking', 'historical_competitors_not_rerun', 'system_resources_not_exclusive', 'gpu_placement_metadata_only']"
mandelbrot2,cova_openmp_gpu,default,same_process,error,,mandelbrot2,316658e292d02e63abcfdf443be60bbb58c10d82,0,0,7fb4071f3c8e581537c1201436e2e0f64673e094a239bc776fcd1d6c96095d69,e953c506eaf95aed1da28b70ad9b9cbb5c4d6ed77213ce344c94cdacbc5b6ae1,[],"['reference_not_ranking', 'historical_competitors_not_rerun', 'system_resources_not_exclusive', 'gpu_placement_metadata_only']"
mandelbrot2,cova_llvm_gpu,default,initialization,observed,11.391622647002805,mandelbrot2_cova_helper,316658e292d02e63abcfdf443be60bbb58c10d82,1,1,7fb4071f3c8e581537c1201436e2e0f64673e094a239bc776fcd1d6c96095d69,e953c506eaf95aed1da28b70ad9b9cbb5c4d6ed77213ce344c94cdacbc5b6ae1,['mixed'],"['reference_not_ranking', 'historical_competitors_not_rerun', 'system_resources_not_exclusive', 'gpu_placement_metadata_only']"
mandelbrot2,cova_llvm_gpu,default,fresh_process,observed,5.218599311512662,mandelbrot2_cova_helper,316658e292d02e63abcfdf443be60bbb58c10d82,2,2,7fb4071f3c8e581537c1201436e2e0f64673e094a239bc776fcd1d6c96095d69,e953c506eaf95aed1da28b70ad9b9cbb5c4d6ed77213ce344c94cdacbc5b6ae1,['mixed'],"['reference_not_ranking', 'historical_competitors_not_rerun', 'system_resources_not_exclusive', 'gpu_placement_metadata_only']"
mandelbrot2,cova_llvm_gpu,default,same_process,observed,5.118897413020022,mandelbrot2_cova_helper,316658e292d02e63abcfdf443be60bbb58c10d82,6,3,7fb4071f3c8e581537c1201436e2e0f64673e094a239bc776fcd1d6c96095d69,e953c506eaf95aed1da28b70ad9b9cbb5c4d6ed77213ce344c94cdacbc5b6ae1,['mixed'],"['reference_not_ranking', 'historical_competitors_not_rerun', 'system_resources_not_exclusive', 'gpu_placement_metadata_only']"
mlp,cova_serial_cpu,default,initialization,observed,11.434300865978003,mlp,316658e292d02e63abcfdf443be60bbb58c10d82,1,1,5a57834b626ad11a97469e2ed2472df251c3e8ff143b8d8d463672e399d900be,87c94f9c003ff974cd198163ffe2fd3948bacd6ba11c6c91faa770e7bcee04e9,['cpu'],"['reference_not_ranking', 'historical_competitors_not_rerun', 'system_resources_not_exclusive']"
mlp,cova_serial_cpu,default,fresh_process,observed,8.50809789149207,mlp,316658e292d02e63abcfdf443be60bbb58c10d82,2,2,5a57834b626ad11a97469e2ed2472df251c3e8ff143b8d8d463672e399d900be,87c94f9c003ff974cd198163ffe2fd3948bacd6ba11c6c91faa770e7bcee04e9,['cpu'],"['reference_not_ranking', 'historical_competitors_not_rerun', 'system_resources_not_exclusive']"
mlp,cova_serial_cpu,default,same_process,observed,8.44743687051232,mlp,316658e292d02e63abcfdf443be60bbb58c10d82,6,3,5a57834b626ad11a97469e2ed2472df251c3e8ff143b8d8d463672e399d900be,87c94f9c003ff974cd198163ffe2fd3948bacd6ba11c6c91faa770e7bcee04e9,['cpu'],"['reference_not_ranking', 'historical_competitors_not_rerun', 'system_resources_not_exclusive']"
mlp,cova_openmp_cpu,default,initialization,observed,8.432492772000842,mlp,316658e292d02e63abcfdf443be60bbb58c10d82,1,1,5a57834b626ad11a97469e2ed2472df251c3e8ff143b8d8d463672e399d900be,87c94f9c003ff974cd198163ffe2fd3948bacd6ba11c6c91faa770e7bcee04e9,['cpu'],"['reference_not_ranking', 'historical_competitors_not_rerun', 'system_resources_not_exclusive']"
mlp,cova_openmp_cpu,default,fresh_process,observed,5.016232578491326,mlp,316658e292d02e63abcfdf443be60bbb58c10d82,2,2,5a57834b626ad11a97469e2ed2472df251c3e8ff143b8d8d463672e399d900be,87c94f9c003ff974cd198163ffe2fd3948bacd6ba11c6c91faa770e7bcee04e9,['cpu'],"['reference_not_ranking', 'historical_competitors_not_rerun', 'system_resources_not_exclusive']"
mlp,cova_openmp_cpu,default,same_process,observed,3.590552463021595,mlp,316658e292d02e63abcfdf443be60bbb58c10d82,6,3,5a57834b626ad11a97469e2ed2472df251c3e8ff143b8d8d463672e399d900be,87c94f9c003ff974cd198163ffe2fd3948bacd6ba11c6c91faa770e7bcee04e9,['cpu'],"['reference_not_ranking', 'historical_competitors_not_rerun', 'system_resources_not_exclusive']"
mlp,cova_llvm_cpu_serial,default,initialization,observed,5.788886853959411,mlp,316658e292d02e63abcfdf443be60bbb58c10d82,1,1,5a57834b626ad11a97469e2ed2472df251c3e8ff143b8d8d463672e399d900be,87c94f9c003ff974cd198163ffe2fd3948bacd6ba11c6c91faa770e7bcee04e9,['cpu'],"['reference_not_ranking', 'historical_competitors_not_rerun', 'system_resources_not_exclusive']"
mlp,cova_llvm_cpu_serial,default,fresh_process,observed,0.23536203950061463,mlp,316658e292d02e63abcfdf443be60bbb58c10d82,2,2,5a57834b626ad11a97469e2ed2472df251c3e8ff143b8d8d463672e399d900be,87c94f9c003ff974cd198163ffe2fd3948bacd6ba11c6c91faa770e7bcee04e9,['cpu'],"['reference_not_ranking', 'historical_competitors_not_rerun', 'system_resources_not_exclusive']"
mlp,cova_llvm_cpu_serial,default,same_process,observed,0.2150645735382568,mlp,316658e292d02e63abcfdf443be60bbb58c10d82,6,3,5a57834b626ad11a97469e2ed2472df251c3e8ff143b8d8d463672e399d900be,87c94f9c003ff974cd198163ffe2fd3948bacd6ba11c6c91faa770e7bcee04e9,['cpu'],"['reference_not_ranking', 'historical_competitors_not_rerun', 'system_resources_not_exclusive']"
mlp,cova_llvm_cpu,default,initialization,observed,7.027068122988567,mlp,316658e292d02e63abcfdf443be60bbb58c10d82,1,1,5a57834b626ad11a97469e2ed2472df251c3e8ff143b8d8d463672e399d900be,87c94f9c003ff974cd198163ffe2fd3948bacd6ba11c6c91faa770e7bcee04e9,['cpu'],"['reference_not_ranking', 'historical_competitors_not_rerun', 'system_resources_not_exclusive']"
mlp,cova_llvm_cpu,default,fresh_process,observed,0.3909872059884947,mlp,316658e292d02e63abcfdf443be60bbb58c10d82,2,2,5a57834b626ad11a97469e2ed2472df251c3e8ff143b8d8d463672e399d900be,87c94f9c003ff974cd198163ffe2fd3948bacd6ba11c6c91faa770e7bcee04e9,['cpu'],"['reference_not_ranking', 'historical_competitors_not_rerun', 'system_resources_not_exclusive']"
mlp,cova_llvm_cpu,default,same_process,observed,0.5771352185111027,mlp,316658e292d02e63abcfdf443be60bbb58c10d82,6,3,5a57834b626ad11a97469e2ed2472df251c3e8ff143b8d8d463672e399d900be,87c94f9c003ff974cd198163ffe2fd3948bacd6ba11c6c91faa770e7bcee04e9,['cpu'],"['reference_not_ranking', 'historical_competitors_not_rerun', 'system_resources_not_exclusive']"
mlp,cova_openmp_gpu,default,initialization,observed,8.983705723949242,mlp,316658e292d02e63abcfdf443be60bbb58c10d82,1,1,5a57834b626ad11a97469e2ed2472df251c3e8ff143b8d8d463672e399d900be,87c94f9c003ff974cd198163ffe2fd3948bacd6ba11c6c91faa770e7bcee04e9,['gpu'],"['reference_not_ranking', 'historical_competitors_not_rerun', 'system_resources_not_exclusive', 'gpu_placement_metadata_only']"
mlp,cova_openmp_gpu,default,fresh_process,observed,1.1257543230021838,mlp,316658e292d02e63abcfdf443be60bbb58c10d82,2,2,5a57834b626ad11a97469e2ed2472df251c3e8ff143b8d8d463672e399d900be,87c94f9c003ff974cd198163ffe2fd3948bacd6ba11c6c91faa770e7bcee04e9,['gpu'],"['reference_not_ranking', 'historical_competitors_not_rerun', 'system_resources_not_exclusive', 'gpu_placement_metadata_only']"
mlp,cova_openmp_gpu,default,same_process,observed,0.6381805925047956,mlp,316658e292d02e63abcfdf443be60bbb58c10d82,6,3,5a57834b626ad11a97469e2ed2472df251c3e8ff143b8d8d463672e399d900be,87c94f9c003ff974cd198163ffe2fd3948bacd6ba11c6c91faa770e7bcee04e9,['gpu'],"['reference_not_ranking', 'historical_competitors_not_rerun', 'system_resources_not_exclusive', 'gpu_placement_metadata_only']"
mlp,cova_llvm_gpu,default,initialization,observed,7.897342667973135,mlp,316658e292d02e63abcfdf443be60bbb58c10d82,1,1,5a57834b626ad11a97469e2ed2472df251c3e8ff143b8d8d463672e399d900be,87c94f9c003ff974cd198163ffe2fd3948bacd6ba11c6c91faa770e7bcee04e9,['gpu'],"['reference_not_ranking', 'historical_competitors_not_rerun', 'system_resources_not_exclusive', 'gpu_placement_metadata_only']"
mlp,cova_llvm_gpu,default,fresh_process,observed,1.026530247007031,mlp,316658e292d02e63abcfdf443be60bbb58c10d82,2,2,5a57834b626ad11a97469e2ed2472df251c3e8ff143b8d8d463672e399d900be,87c94f9c003ff974cd198163ffe2fd3948bacd6ba11c6c91faa770e7bcee04e9,['gpu'],"['reference_not_ranking', 'historical_competitors_not_rerun', 'system_resources_not_exclusive', 'gpu_placement_metadata_only']"
mlp,cova_llvm_gpu,default,same_process,observed,0.6597524524840992,mlp,316658e292d02e63abcfdf443be60bbb58c10d82,6,3,5a57834b626ad11a97469e2ed2472df251c3e8ff143b8d8d463672e399d900be,87c94f9c003ff974cd198163ffe2fd3948bacd6ba11c6c91faa770e7bcee04e9,['gpu'],"['reference_not_ranking', 'historical_competitors_not_rerun', 'system_resources_not_exclusive', 'gpu_placement_metadata_only']"
mvt,cova_serial_cpu,default,initialization,observed,3.6867996230139397,mvt,316658e292d02e63abcfdf443be60bbb58c10d82,1,1,6d38d7a7e4ccc0cd21261ff27458bbfec43022e90858441b148c763f459bdc05,31a7a541d3eb3d99e166c80b243812e6678c96f5f504254d1acff781fbc1da55,['cpu'],"['reference_not_ranking', 'historical_competitors_not_rerun', 'system_resources_not_exclusive']"
mvt,cova_serial_cpu,default,fresh_process,observed,1.1331119319947902,mvt,316658e292d02e63abcfdf443be60bbb58c10d82,2,2,6d38d7a7e4ccc0cd21261ff27458bbfec43022e90858441b148c763f459bdc05,31a7a541d3eb3d99e166c80b243812e6678c96f5f504254d1acff781fbc1da55,['cpu'],"['reference_not_ranking', 'historical_competitors_not_rerun', 'system_resources_not_exclusive']"
mvt,cova_serial_cpu,default,same_process,observed,1.1881608754920308,mvt,316658e292d02e63abcfdf443be60bbb58c10d82,6,3,6d38d7a7e4ccc0cd21261ff27458bbfec43022e90858441b148c763f459bdc05,31a7a541d3eb3d99e166c80b243812e6678c96f5f504254d1acff781fbc1da55,['cpu'],"['reference_not_ranking', 'historical_competitors_not_rerun', 'system_resources_not_exclusive']"
mvt,cova_openmp_cpu,default,initialization,observed,3.0470425600069575,mvt,316658e292d02e63abcfdf443be60bbb58c10d82,1,1,6d38d7a7e4ccc0cd21261ff27458bbfec43022e90858441b148c763f459bdc05,31a7a541d3eb3d99e166c80b243812e6678c96f5f504254d1acff781fbc1da55,['cpu'],"['reference_not_ranking', 'historical_competitors_not_rerun', 'system_resources_not_exclusive']"
mvt,cova_openmp_cpu,default,fresh_process,observed,0.46266878250753507,mvt,316658e292d02e63abcfdf443be60bbb58c10d82,2,2,6d38d7a7e4ccc0cd21261ff27458bbfec43022e90858441b148c763f459bdc05,31a7a541d3eb3d99e166c80b243812e6678c96f5f504254d1acff781fbc1da55,['cpu'],"['reference_not_ranking', 'historical_competitors_not_rerun', 'system_resources_not_exclusive']"
mvt,cova_openmp_cpu,default,same_process,observed,0.41118458754499443,mvt,316658e292d02e63abcfdf443be60bbb58c10d82,6,3,6d38d7a7e4ccc0cd21261ff27458bbfec43022e90858441b148c763f459bdc05,31a7a541d3eb3d99e166c80b243812e6678c96f5f504254d1acff781fbc1da55,['cpu'],"['reference_not_ranking', 'historical_competitors_not_rerun', 'system_resources_not_exclusive']"
mvt,cova_llvm_cpu_serial,default,initialization,observed,4.323883741977625,mvt,316658e292d02e63abcfdf443be60bbb58c10d82,1,1,6d38d7a7e4ccc0cd21261ff27458bbfec43022e90858441b148c763f459bdc05,31a7a541d3eb3d99e166c80b243812e6678c96f5f504254d1acff781fbc1da55,['cpu'],"['reference_not_ranking', 'historical_competitors_not_rerun', 'system_resources_not_exclusive']"
mvt,cova_llvm_cpu_serial,default,fresh_process,observed,0.13519147201441228,mvt,316658e292d02e63abcfdf443be60bbb58c10d82,2,2,6d38d7a7e4ccc0cd21261ff27458bbfec43022e90858441b148c763f459bdc05,31a7a541d3eb3d99e166c80b243812e6678c96f5f504254d1acff781fbc1da55,['cpu'],"['reference_not_ranking', 'historical_competitors_not_rerun', 'system_resources_not_exclusive']"
mvt,cova_llvm_cpu_serial,default,same_process,observed,0.13914396101608872,mvt,316658e292d02e63abcfdf443be60bbb58c10d82,6,3,6d38d7a7e4ccc0cd21261ff27458bbfec43022e90858441b148c763f459bdc05,31a7a541d3eb3d99e166c80b243812e6678c96f5f504254d1acff781fbc1da55,['cpu'],"['reference_not_ranking', 'historical_competitors_not_rerun', 'system_resources_not_exclusive']"
mvt,cova_llvm_cpu,default,initialization,observed,6.072371211019345,mvt,316658e292d02e63abcfdf443be60bbb58c10d82,1,1,6d38d7a7e4ccc0cd21261ff27458bbfec43022e90858441b148c763f459bdc05,31a7a541d3eb3d99e166c80b243812e6678c96f5f504254d1acff781fbc1da55,['cpu'],"['reference_not_ranking', 'historical_competitors_not_rerun', 'system_resources_not_exclusive']"
mvt,cova_llvm_cpu,default,fresh_process,observed,0.13914365452365018,mvt,316658e292d02e63abcfdf443be60bbb58c10d82,2,2,6d38d7a7e4ccc0cd21261ff27458bbfec43022e90858441b148c763f459bdc05,31a7a541d3eb3d99e166c80b243812e6678c96f5f504254d1acff781fbc1da55,['cpu'],"['reference_not_ranking', 'historical_competitors_not_rerun', 'system_resources_not_exclusive']"
mvt,cova_llvm_cpu,default,same_process,observed,0.10108135448535904,mvt,316658e292d02e63abcfdf443be60bbb58c10d82,6,3,6d38d7a7e4ccc0cd21261ff27458bbfec43022e90858441b148c763f459bdc05,31a7a541d3eb3d99e166c80b243812e6678c96f5f504254d1acff781fbc1da55,['cpu'],"['reference_not_ranking', 'historical_competitors_not_rerun', 'system_resources_not_exclusive']"
mvt,cova_openmp_gpu,default,initialization,observed,7.3715830849832855,mvt,316658e292d02e63abcfdf443be60bbb58c10d82,1,1,6d38d7a7e4ccc0cd21261ff27458bbfec43022e90858441b148c763f459bdc05,31a7a541d3eb3d99e166c80b243812e6678c96f5f504254d1acff781fbc1da55,['gpu'],"['reference_not_ranking', 'historical_competitors_not_rerun', 'system_resources_not_exclusive', 'gpu_placement_metadata_only']"
mvt,cova_openmp_gpu,default,fresh_process,observed,0.7721093790023588,mvt,316658e292d02e63abcfdf443be60bbb58c10d82,2,2,6d38d7a7e4ccc0cd21261ff27458bbfec43022e90858441b148c763f459bdc05,31a7a541d3eb3d99e166c80b243812e6678c96f5f504254d1acff781fbc1da55,['gpu'],"['reference_not_ranking', 'historical_competitors_not_rerun', 'system_resources_not_exclusive', 'gpu_placement_metadata_only']"
mvt,cova_openmp_gpu,default,same_process,observed,0.3649332744826097,mvt,316658e292d02e63abcfdf443be60bbb58c10d82,6,3,6d38d7a7e4ccc0cd21261ff27458bbfec43022e90858441b148c763f459bdc05,31a7a541d3eb3d99e166c80b243812e6678c96f5f504254d1acff781fbc1da55,['gpu'],"['reference_not_ranking', 'historical_competitors_not_rerun', 'system_resources_not_exclusive', 'gpu_placement_metadata_only']"
mvt,cova_llvm_gpu,default,initialization,observed,7.029811226995662,mvt,316658e292d02e63abcfdf443be60bbb58c10d82,1,1,6d38d7a7e4ccc0cd21261ff27458bbfec43022e90858441b148c763f459bdc05,31a7a541d3eb3d99e166c80b243812e6678c96f5f504254d1acff781fbc1da55,['gpu'],"['reference_not_ranking', 'historical_competitors_not_rerun', 'system_resources_not_exclusive', 'gpu_placement_metadata_only']"
mvt,cova_llvm_gpu,default,fresh_process,observed,0.7839653945120517,mvt,316658e292d02e63abcfdf443be60bbb58c10d82,2,2,6d38d7a7e4ccc0cd21261ff27458bbfec43022e90858441b148c763f459bdc05,31a7a541d3eb3d99e166c80b243812e6678c96f5f504254d1acff781fbc1da55,['gpu'],"['reference_not_ranking', 'historical_competitors_not_rerun', 'system_resources_not_exclusive', 'gpu_placement_metadata_only']"
mvt,cova_llvm_gpu,default,same_process,observed,0.3727148140023928,mvt,316658e292d02e63abcfdf443be60bbb58c10d82,6,3,6d38d7a7e4ccc0cd21261ff27458bbfec43022e90858441b148c763f459bdc05,31a7a541d3eb3d99e166c80b243812e6678c96f5f504254d1acff781fbc1da55,['gpu'],"['reference_not_ranking', 'historical_competitors_not_rerun', 'system_resources_not_exclusive', 'gpu_placement_metadata_only']"
nbody,cova_serial_cpu,default,initialization,validation,,nbody,316658e292d02e63abcfdf443be60bbb58c10d82,0,0,eb19dd29eced1356f5981ddd1d68235062b1cd0e3e730e4069acc2a4f30a6512,369f565b2cc3f4d1e7431a758f71f09b2fb5270f7b56b9b6b5de37373d88c636,['cpu'],"['reference_not_ranking', 'historical_competitors_not_rerun', 'system_resources_not_exclusive']"
nbody,cova_serial_cpu,default,fresh_process,validation,,nbody,316658e292d02e63abcfdf443be60bbb58c10d82,0,0,eb19dd29eced1356f5981ddd1d68235062b1cd0e3e730e4069acc2a4f30a6512,369f565b2cc3f4d1e7431a758f71f09b2fb5270f7b56b9b6b5de37373d88c636,['cpu'],"['reference_not_ranking', 'historical_competitors_not_rerun', 'system_resources_not_exclusive']"
nbody,cova_serial_cpu,default,same_process,validation,,nbody,316658e292d02e63abcfdf443be60bbb58c10d82,0,0,eb19dd29eced1356f5981ddd1d68235062b1cd0e3e730e4069acc2a4f30a6512,369f565b2cc3f4d1e7431a758f71f09b2fb5270f7b56b9b6b5de37373d88c636,['cpu'],"['reference_not_ranking', 'historical_competitors_not_rerun', 'system_resources_not_exclusive']"
nbody,cova_openmp_cpu,default,initialization,validation,,nbody,316658e292d02e63abcfdf443be60bbb58c10d82,0,0,eb19dd29eced1356f5981ddd1d68235062b1cd0e3e730e4069acc2a4f30a6512,369f565b2cc3f4d1e7431a758f71f09b2fb5270f7b56b9b6b5de37373d88c636,['cpu'],"['reference_not_ranking', 'historical_competitors_not_rerun', 'system_resources_not_exclusive']"
nbody,cova_openmp_cpu,default,fresh_process,validation,,nbody,316658e292d02e63abcfdf443be60bbb58c10d82,0,0,eb19dd29eced1356f5981ddd1d68235062b1cd0e3e730e4069acc2a4f30a6512,369f565b2cc3f4d1e7431a758f71f09b2fb5270f7b56b9b6b5de37373d88c636,['cpu'],"['reference_not_ranking', 'historical_competitors_not_rerun', 'system_resources_not_exclusive']"
nbody,cova_openmp_cpu,default,same_process,validation,,nbody,316658e292d02e63abcfdf443be60bbb58c10d82,0,0,eb19dd29eced1356f5981ddd1d68235062b1cd0e3e730e4069acc2a4f30a6512,369f565b2cc3f4d1e7431a758f71f09b2fb5270f7b56b9b6b5de37373d88c636,['cpu'],"['reference_not_ranking', 'historical_competitors_not_rerun', 'system_resources_not_exclusive']"
nbody,cova_llvm_cpu_serial,default,initialization,validation,,nbody,316658e292d02e63abcfdf443be60bbb58c10d82,0,0,eb19dd29eced1356f5981ddd1d68235062b1cd0e3e730e4069acc2a4f30a6512,369f565b2cc3f4d1e7431a758f71f09b2fb5270f7b56b9b6b5de37373d88c636,['cpu'],"['reference_not_ranking', 'historical_competitors_not_rerun', 'system_resources_not_exclusive']"
nbody,cova_llvm_cpu_serial,default,fresh_process,validation,,nbody,316658e292d02e63abcfdf443be60bbb58c10d82,0,0,eb19dd29eced1356f5981ddd1d68235062b1cd0e3e730e4069acc2a4f30a6512,369f565b2cc3f4d1e7431a758f71f09b2fb5270f7b56b9b6b5de37373d88c636,['cpu'],"['reference_not_ranking', 'historical_competitors_not_rerun', 'system_resources_not_exclusive']"
nbody,cova_llvm_cpu_serial,default,same_process,validation,,nbody,316658e292d02e63abcfdf443be60bbb58c10d82,0,0,eb19dd29eced1356f5981ddd1d68235062b1cd0e3e730e4069acc2a4f30a6512,369f565b2cc3f4d1e7431a758f71f09b2fb5270f7b56b9b6b5de37373d88c636,['cpu'],"['reference_not_ranking', 'historical_competitors_not_rerun', 'system_resources_not_exclusive']"
nbody,cova_llvm_cpu,default,initialization,validation,,nbody,316658e292d02e63abcfdf443be60bbb58c10d82,0,0,eb19dd29eced1356f5981ddd1d68235062b1cd0e3e730e4069acc2a4f30a6512,369f565b2cc3f4d1e7431a758f71f09b2fb5270f7b56b9b6b5de37373d88c636,['cpu'],"['reference_not_ranking', 'historical_competitors_not_rerun', 'system_resources_not_exclusive']"
nbody,cova_llvm_cpu,default,fresh_process,validation,,nbody,316658e292d02e63abcfdf443be60bbb58c10d82,0,0,eb19dd29eced1356f5981ddd1d68235062b1cd0e3e730e4069acc2a4f30a6512,369f565b2cc3f4d1e7431a758f71f09b2fb5270f7b56b9b6b5de37373d88c636,['cpu'],"['reference_not_ranking', 'historical_competitors_not_rerun', 'system_resources_not_exclusive']"
nbody,cova_llvm_cpu,default,same_process,validation,,nbody,316658e292d02e63abcfdf443be60bbb58c10d82,0,0,eb19dd29eced1356f5981ddd1d68235062b1cd0e3e730e4069acc2a4f30a6512,369f565b2cc3f4d1e7431a758f71f09b2fb5270f7b56b9b6b5de37373d88c636,['cpu'],"['reference_not_ranking', 'historical_competitors_not_rerun', 'system_resources_not_exclusive']"
nbody,cova_openmp_gpu,default,initialization,validation,,nbody,316658e292d02e63abcfdf443be60bbb58c10d82,0,0,eb19dd29eced1356f5981ddd1d68235062b1cd0e3e730e4069acc2a4f30a6512,369f565b2cc3f4d1e7431a758f71f09b2fb5270f7b56b9b6b5de37373d88c636,['mixed'],"['reference_not_ranking', 'historical_competitors_not_rerun', 'system_resources_not_exclusive', 'gpu_placement_metadata_only']"
nbody,cova_openmp_gpu,default,fresh_process,validation,,nbody,316658e292d02e63abcfdf443be60bbb58c10d82,0,0,eb19dd29eced1356f5981ddd1d68235062b1cd0e3e730e4069acc2a4f30a6512,369f565b2cc3f4d1e7431a758f71f09b2fb5270f7b56b9b6b5de37373d88c636,['mixed'],"['reference_not_ranking', 'historical_competitors_not_rerun', 'system_resources_not_exclusive', 'gpu_placement_metadata_only']"
nbody,cova_openmp_gpu,default,same_process,validation,,nbody,316658e292d02e63abcfdf443be60bbb58c10d82,0,0,eb19dd29eced1356f5981ddd1d68235062b1cd0e3e730e4069acc2a4f30a6512,369f565b2cc3f4d1e7431a758f71f09b2fb5270f7b56b9b6b5de37373d88c636,['mixed'],"['reference_not_ranking', 'historical_competitors_not_rerun', 'system_resources_not_exclusive', 'gpu_placement_metadata_only']"
nbody,cova_llvm_gpu,default,initialization,validation,,nbody,316658e292d02e63abcfdf443be60bbb58c10d82,0,0,eb19dd29eced1356f5981ddd1d68235062b1cd0e3e730e4069acc2a4f30a6512,369f565b2cc3f4d1e7431a758f71f09b2fb5270f7b56b9b6b5de37373d88c636,['mixed'],"['reference_not_ranking', 'historical_competitors_not_rerun', 'system_resources_not_exclusive', 'gpu_placement_metadata_only']"
nbody,cova_llvm_gpu,default,fresh_process,validation,,nbody,316658e292d02e63abcfdf443be60bbb58c10d82,0,0,eb19dd29eced1356f5981ddd1d68235062b1cd0e3e730e4069acc2a4f30a6512,369f565b2cc3f4d1e7431a758f71f09b2fb5270f7b56b9b6b5de37373d88c636,['mixed'],"['reference_not_ranking', 'historical_competitors_not_rerun', 'system_resources_not_exclusive', 'gpu_placement_metadata_only']"
nbody,cova_llvm_gpu,default,same_process,validation,,nbody,316658e292d02e63abcfdf443be60bbb58c10d82,0,0,eb19dd29eced1356f5981ddd1d68235062b1cd0e3e730e4069acc2a4f30a6512,369f565b2cc3f4d1e7431a758f71f09b2fb5270f7b56b9b6b5de37373d88c636,['mixed'],"['reference_not_ranking', 'historical_competitors_not_rerun', 'system_resources_not_exclusive', 'gpu_placement_metadata_only']"
nussinov,cova_serial_cpu,default,initialization,observed,2.0992081849835813,nussinov,316658e292d02e63abcfdf443be60bbb58c10d82,1,1,7de19d1b6c54c559477765ce530898d3c0e580b07d787f443f19ff85acf43418,05b880e157b9ee387cb9be1fa3b10e2f4efe7bed764c6b129b8b31ad87b8df2a,['cpu'],"['reference_not_ranking', 'historical_competitors_not_rerun', 'system_resources_not_exclusive']"
nussinov,cova_serial_cpu,default,fresh_process,observed,0.027628812997136265,nussinov,316658e292d02e63abcfdf443be60bbb58c10d82,2,2,7de19d1b6c54c559477765ce530898d3c0e580b07d787f443f19ff85acf43418,05b880e157b9ee387cb9be1fa3b10e2f4efe7bed764c6b129b8b31ad87b8df2a,['cpu'],"['reference_not_ranking', 'historical_competitors_not_rerun', 'system_resources_not_exclusive']"
nussinov,cova_serial_cpu,default,same_process,observed,0.017305333982221782,nussinov,316658e292d02e63abcfdf443be60bbb58c10d82,6,3,7de19d1b6c54c559477765ce530898d3c0e580b07d787f443f19ff85acf43418,05b880e157b9ee387cb9be1fa3b10e2f4efe7bed764c6b129b8b31ad87b8df2a,['cpu'],"['reference_not_ranking', 'historical_competitors_not_rerun', 'system_resources_not_exclusive']"
nussinov,cova_openmp_cpu,default,initialization,observed,6.412683951028157,nussinov,316658e292d02e63abcfdf443be60bbb58c10d82,1,1,7de19d1b6c54c559477765ce530898d3c0e580b07d787f443f19ff85acf43418,05b880e157b9ee387cb9be1fa3b10e2f4efe7bed764c6b129b8b31ad87b8df2a,['cpu'],"['reference_not_ranking', 'historical_competitors_not_rerun', 'system_resources_not_exclusive']"
nussinov,cova_openmp_cpu,default,fresh_process,observed,2.555630116490647,nussinov,316658e292d02e63abcfdf443be60bbb58c10d82,2,2,7de19d1b6c54c559477765ce530898d3c0e580b07d787f443f19ff85acf43418,05b880e157b9ee387cb9be1fa3b10e2f4efe7bed764c6b129b8b31ad87b8df2a,['cpu'],"['reference_not_ranking', 'historical_competitors_not_rerun', 'system_resources_not_exclusive']"
nussinov,cova_openmp_cpu,default,same_process,observed,2.422976595495129,nussinov,316658e292d02e63abcfdf443be60bbb58c10d82,6,3,7de19d1b6c54c559477765ce530898d3c0e580b07d787f443f19ff85acf43418,05b880e157b9ee387cb9be1fa3b10e2f4efe7bed764c6b129b8b31ad87b8df2a,['cpu'],"['reference_not_ranking', 'historical_competitors_not_rerun', 'system_resources_not_exclusive']"
nussinov,cova_llvm_cpu_serial,default,initialization,observed,1.767608708993066,nussinov,316658e292d02e63abcfdf443be60bbb58c10d82,1,1,7de19d1b6c54c559477765ce530898d3c0e580b07d787f443f19ff85acf43418,05b880e157b9ee387cb9be1fa3b10e2f4efe7bed764c6b129b8b31ad87b8df2a,['cpu'],"['reference_not_ranking', 'historical_competitors_not_rerun', 'system_resources_not_exclusive']"
nussinov,cova_llvm_cpu_serial,default,fresh_process,observed,0.02540339552797377,nussinov,316658e292d02e63abcfdf443be60bbb58c10d82,2,2,7de19d1b6c54c559477765ce530898d3c0e580b07d787f443f19ff85acf43418,05b880e157b9ee387cb9be1fa3b10e2f4efe7bed764c6b129b8b31ad87b8df2a,['cpu'],"['reference_not_ranking', 'historical_competitors_not_rerun', 'system_resources_not_exclusive']"
nussinov,cova_llvm_cpu_serial,default,same_process,observed,0.019218653498683125,nussinov,316658e292d02e63abcfdf443be60bbb58c10d82,6,3,7de19d1b6c54c559477765ce530898d3c0e580b07d787f443f19ff85acf43418,05b880e157b9ee387cb9be1fa3b10e2f4efe7bed764c6b129b8b31ad87b8df2a,['cpu'],"['reference_not_ranking', 'historical_competitors_not_rerun', 'system_resources_not_exclusive']"
nussinov,cova_llvm_cpu,default,initialization,observed,1.9179138320032507,nussinov,316658e292d02e63abcfdf443be60bbb58c10d82,1,1,7de19d1b6c54c559477765ce530898d3c0e580b07d787f443f19ff85acf43418,05b880e157b9ee387cb9be1fa3b10e2f4efe7bed764c6b129b8b31ad87b8df2a,['cpu'],"['reference_not_ranking', 'historical_competitors_not_rerun', 'system_resources_not_exclusive']"
nussinov,cova_llvm_cpu,default,fresh_process,observed,0.026060085016069934,nussinov,316658e292d02e63abcfdf443be60bbb58c10d82,2,2,7de19d1b6c54c559477765ce530898d3c0e580b07d787f443f19ff85acf43418,05b880e157b9ee387cb9be1fa3b10e2f4efe7bed764c6b129b8b31ad87b8df2a,['cpu'],"['reference_not_ranking', 'historical_competitors_not_rerun', 'system_resources_not_exclusive']"
nussinov,cova_llvm_cpu,default,same_process,observed,0.019515305990353227,nussinov,316658e292d02e63abcfdf443be60bbb58c10d82,6,3,7de19d1b6c54c559477765ce530898d3c0e580b07d787f443f19ff85acf43418,05b880e157b9ee387cb9be1fa3b10e2f4efe7bed764c6b129b8b31ad87b8df2a,['cpu'],"['reference_not_ranking', 'historical_competitors_not_rerun', 'system_resources_not_exclusive']"
nussinov,cova_openmp_gpu,default,initialization,observed,7.942002863972448,nussinov,316658e292d02e63abcfdf443be60bbb58c10d82,1,1,7de19d1b6c54c559477765ce530898d3c0e580b07d787f443f19ff85acf43418,05b880e157b9ee387cb9be1fa3b10e2f4efe7bed764c6b129b8b31ad87b8df2a,['cpu'],"['reference_not_ranking', 'historical_competitors_not_rerun', 'system_resources_not_exclusive', 'gpu_placement_metadata_only']"
nussinov,cova_openmp_gpu,default,fresh_process,observed,2.5475840085127857,nussinov,316658e292d02e63abcfdf443be60bbb58c10d82,2,2,7de19d1b6c54c559477765ce530898d3c0e580b07d787f443f19ff85acf43418,05b880e157b9ee387cb9be1fa3b10e2f4efe7bed764c6b129b8b31ad87b8df2a,['cpu'],"['reference_not_ranking', 'historical_competitors_not_rerun', 'system_resources_not_exclusive', 'gpu_placement_metadata_only']"
nussinov,cova_openmp_gpu,default,same_process,observed,2.195271430973662,nussinov,316658e292d02e63abcfdf443be60bbb58c10d82,6,3,7de19d1b6c54c559477765ce530898d3c0e580b07d787f443f19ff85acf43418,05b880e157b9ee387cb9be1fa3b10e2f4efe7bed764c6b129b8b31ad87b8df2a,['cpu'],"['reference_not_ranking', 'historical_competitors_not_rerun', 'system_resources_not_exclusive', 'gpu_placement_metadata_only']"
nussinov,cova_llvm_gpu,default,initialization,observed,5.0562555770156905,nussinov,316658e292d02e63abcfdf443be60bbb58c10d82,1,1,7de19d1b6c54c559477765ce530898d3c0e580b07d787f443f19ff85acf43418,05b880e157b9ee387cb9be1fa3b10e2f4efe7bed764c6b129b8b31ad87b8df2a,['mixed'],"['reference_not_ranking', 'historical_competitors_not_rerun', 'system_resources_not_exclusive', 'gpu_placement_metadata_only']"
nussinov,cova_llvm_gpu,default,fresh_process,observed,0.3924281705112662,nussinov,316658e292d02e63abcfdf443be60bbb58c10d82,2,2,7de19d1b6c54c559477765ce530898d3c0e580b07d787f443f19ff85acf43418,05b880e157b9ee387cb9be1fa3b10e2f4efe7bed764c6b129b8b31ad87b8df2a,['mixed'],"['reference_not_ranking', 'historical_competitors_not_rerun', 'system_resources_not_exclusive', 'gpu_placement_metadata_only']"
nussinov,cova_llvm_gpu,default,same_process,observed,0.1375546749914065,nussinov,316658e292d02e63abcfdf443be60bbb58c10d82,6,3,7de19d1b6c54c559477765ce530898d3c0e580b07d787f443f19ff85acf43418,05b880e157b9ee387cb9be1fa3b10e2f4efe7bed764c6b129b8b31ad87b8df2a,['mixed'],"['reference_not_ranking', 'historical_competitors_not_rerun', 'system_resources_not_exclusive', 'gpu_placement_metadata_only']"
resnet,cova_serial_cpu,default,initialization,observed,5.0755836889729835,resnet,316658e292d02e63abcfdf443be60bbb58c10d82,1,1,9c64e5659fe9a99f38dfdee95f8c4b5ec1e0daa0e4544948c4f88bb50e6edbfa,070b0fcd2b4f101302a58108dce79a6ea1d6fdbdf9be753fec768d1818ea7464,['cpu'],"['reference_not_ranking', 'historical_competitors_not_rerun', 'system_resources_not_exclusive']"
resnet,cova_serial_cpu,default,fresh_process,observed,0.48555859000771306,resnet,316658e292d02e63abcfdf443be60bbb58c10d82,2,2,9c64e5659fe9a99f38dfdee95f8c4b5ec1e0daa0e4544948c4f88bb50e6edbfa,070b0fcd2b4f101302a58108dce79a6ea1d6fdbdf9be753fec768d1818ea7464,['cpu'],"['reference_not_ranking', 'historical_competitors_not_rerun', 'system_resources_not_exclusive']"
resnet,cova_serial_cpu,default,same_process,observed,0.4034621630271431,resnet,316658e292d02e63abcfdf443be60bbb58c10d82,6,3,9c64e5659fe9a99f38dfdee95f8c4b5ec1e0daa0e4544948c4f88bb50e6edbfa,070b0fcd2b4f101302a58108dce79a6ea1d6fdbdf9be753fec768d1818ea7464,['cpu'],"['reference_not_ranking', 'historical_competitors_not_rerun', 'system_resources_not_exclusive']"
resnet,cova_openmp_cpu,default,initialization,observed,5.144552174024284,resnet,316658e292d02e63abcfdf443be60bbb58c10d82,1,1,9c64e5659fe9a99f38dfdee95f8c4b5ec1e0daa0e4544948c4f88bb50e6edbfa,070b0fcd2b4f101302a58108dce79a6ea1d6fdbdf9be753fec768d1818ea7464,['cpu'],"['reference_not_ranking', 'historical_competitors_not_rerun', 'system_resources_not_exclusive']"
resnet,cova_openmp_cpu,default,fresh_process,observed,0.44684343901462853,resnet,316658e292d02e63abcfdf443be60bbb58c10d82,2,2,9c64e5659fe9a99f38dfdee95f8c4b5ec1e0daa0e4544948c4f88bb50e6edbfa,070b0fcd2b4f101302a58108dce79a6ea1d6fdbdf9be753fec768d1818ea7464,['cpu'],"['reference_not_ranking', 'historical_competitors_not_rerun', 'system_resources_not_exclusive']"
resnet,cova_openmp_cpu,default,same_process,observed,0.42724673001794145,resnet,316658e292d02e63abcfdf443be60bbb58c10d82,6,3,9c64e5659fe9a99f38dfdee95f8c4b5ec1e0daa0e4544948c4f88bb50e6edbfa,070b0fcd2b4f101302a58108dce79a6ea1d6fdbdf9be753fec768d1818ea7464,['cpu'],"['reference_not_ranking', 'historical_competitors_not_rerun', 'system_resources_not_exclusive']"
resnet,cova_llvm_cpu_serial,default,initialization,observed,6.390156239038333,resnet,316658e292d02e63abcfdf443be60bbb58c10d82,1,1,9c64e5659fe9a99f38dfdee95f8c4b5ec1e0daa0e4544948c4f88bb50e6edbfa,070b0fcd2b4f101302a58108dce79a6ea1d6fdbdf9be753fec768d1818ea7464,['cpu'],"['reference_not_ranking', 'historical_competitors_not_rerun', 'system_resources_not_exclusive']"
resnet,cova_llvm_cpu_serial,default,fresh_process,observed,0.5283248535124585,resnet,316658e292d02e63abcfdf443be60bbb58c10d82,2,2,9c64e5659fe9a99f38dfdee95f8c4b5ec1e0daa0e4544948c4f88bb50e6edbfa,070b0fcd2b4f101302a58108dce79a6ea1d6fdbdf9be753fec768d1818ea7464,['cpu'],"['reference_not_ranking', 'historical_competitors_not_rerun', 'system_resources_not_exclusive']"
resnet,cova_llvm_cpu_serial,default,same_process,observed,0.5830416000098921,resnet,316658e292d02e63abcfdf443be60bbb58c10d82,6,3,9c64e5659fe9a99f38dfdee95f8c4b5ec1e0daa0e4544948c4f88bb50e6edbfa,070b0fcd2b4f101302a58108dce79a6ea1d6fdbdf9be753fec768d1818ea7464,['cpu'],"['reference_not_ranking', 'historical_competitors_not_rerun', 'system_resources_not_exclusive']"
resnet,cova_llvm_cpu,default,initialization,observed,6.651718931971118,resnet,316658e292d02e63abcfdf443be60bbb58c10d82,1,1,9c64e5659fe9a99f38dfdee95f8c4b5ec1e0daa0e4544948c4f88bb50e6edbfa,070b0fcd2b4f101302a58108dce79a6ea1d6fdbdf9be753fec768d1818ea7464,['cpu'],"['reference_not_ranking', 'historical_competitors_not_rerun', 'system_resources_not_exclusive']"
resnet,cova_llvm_cpu,default,fresh_process,observed,0.6677905285032466,resnet,316658e292d02e63abcfdf443be60bbb58c10d82,2,2,9c64e5659fe9a99f38dfdee95f8c4b5ec1e0daa0e4544948c4f88bb50e6edbfa,070b0fcd2b4f101302a58108dce79a6ea1d6fdbdf9be753fec768d1818ea7464,['cpu'],"['reference_not_ranking', 'historical_competitors_not_rerun', 'system_resources_not_exclusive']"
resnet,cova_llvm_cpu,default,same_process,observed,0.4690160769969225,resnet,316658e292d02e63abcfdf443be60bbb58c10d82,6,3,9c64e5659fe9a99f38dfdee95f8c4b5ec1e0daa0e4544948c4f88bb50e6edbfa,070b0fcd2b4f101302a58108dce79a6ea1d6fdbdf9be753fec768d1818ea7464,['cpu'],"['reference_not_ranking', 'historical_competitors_not_rerun', 'system_resources_not_exclusive']"
resnet,cova_openmp_gpu,default,initialization,observed,148.28441677003866,resnet,316658e292d02e63abcfdf443be60bbb58c10d82,1,1,9c64e5659fe9a99f38dfdee95f8c4b5ec1e0daa0e4544948c4f88bb50e6edbfa,070b0fcd2b4f101302a58108dce79a6ea1d6fdbdf9be753fec768d1818ea7464,['gpu'],"['reference_not_ranking', 'historical_competitors_not_rerun', 'system_resources_not_exclusive', 'gpu_placement_metadata_only']"
resnet,cova_openmp_gpu,default,fresh_process,observed,132.70537908398546,resnet,316658e292d02e63abcfdf443be60bbb58c10d82,2,2,9c64e5659fe9a99f38dfdee95f8c4b5ec1e0daa0e4544948c4f88bb50e6edbfa,070b0fcd2b4f101302a58108dce79a6ea1d6fdbdf9be753fec768d1818ea7464,['gpu'],"['reference_not_ranking', 'historical_competitors_not_rerun', 'system_resources_not_exclusive', 'gpu_placement_metadata_only']"
resnet,cova_openmp_gpu,default,same_process,observed,131.29632268697605,resnet,316658e292d02e63abcfdf443be60bbb58c10d82,6,3,9c64e5659fe9a99f38dfdee95f8c4b5ec1e0daa0e4544948c4f88bb50e6edbfa,070b0fcd2b4f101302a58108dce79a6ea1d6fdbdf9be753fec768d1818ea7464,['gpu'],"['reference_not_ranking', 'historical_competitors_not_rerun', 'system_resources_not_exclusive', 'gpu_placement_metadata_only']"
resnet,cova_llvm_gpu,default,initialization,observed,40.52731778100133,resnet,316658e292d02e63abcfdf443be60bbb58c10d82,1,1,9c64e5659fe9a99f38dfdee95f8c4b5ec1e0daa0e4544948c4f88bb50e6edbfa,070b0fcd2b4f101302a58108dce79a6ea1d6fdbdf9be753fec768d1818ea7464,['mixed'],"['reference_not_ranking', 'historical_competitors_not_rerun', 'system_resources_not_exclusive', 'gpu_placement_metadata_only']"
resnet,cova_llvm_gpu,default,fresh_process,observed,38.03391028000624,resnet,316658e292d02e63abcfdf443be60bbb58c10d82,2,2,9c64e5659fe9a99f38dfdee95f8c4b5ec1e0daa0e4544948c4f88bb50e6edbfa,070b0fcd2b4f101302a58108dce79a6ea1d6fdbdf9be753fec768d1818ea7464,['mixed'],"['reference_not_ranking', 'historical_competitors_not_rerun', 'system_resources_not_exclusive', 'gpu_placement_metadata_only']"
resnet,cova_llvm_gpu,default,same_process,observed,36.77097049850272,resnet,316658e292d02e63abcfdf443be60bbb58c10d82,6,3,9c64e5659fe9a99f38dfdee95f8c4b5ec1e0daa0e4544948c4f88bb50e6edbfa,070b0fcd2b4f101302a58108dce79a6ea1d6fdbdf9be753fec768d1818ea7464,['mixed'],"['reference_not_ranking', 'historical_competitors_not_rerun', 'system_resources_not_exclusive', 'gpu_placement_metadata_only']"
scattering_self_energies,cova_serial_cpu,default,initialization,error,,scattering_self_energies,316658e292d02e63abcfdf443be60bbb58c10d82,0,0,dfe8b7a530913f54e6164d2f20cb5a63e6c95544a680629acde629144cff7caa,f7d4f3c7d50b72880addf25da02f47a077e25e5f288758e484adcbc85a181974,[],"['reference_not_ranking', 'historical_competitors_not_rerun', 'system_resources_not_exclusive']"
scattering_self_energies,cova_serial_cpu,default,fresh_process,error,,scattering_self_energies,316658e292d02e63abcfdf443be60bbb58c10d82,0,0,dfe8b7a530913f54e6164d2f20cb5a63e6c95544a680629acde629144cff7caa,f7d4f3c7d50b72880addf25da02f47a077e25e5f288758e484adcbc85a181974,[],"['reference_not_ranking', 'historical_competitors_not_rerun', 'system_resources_not_exclusive']"
scattering_self_energies,cova_serial_cpu,default,same_process,error,,scattering_self_energies,316658e292d02e63abcfdf443be60bbb58c10d82,0,0,dfe8b7a530913f54e6164d2f20cb5a63e6c95544a680629acde629144cff7caa,f7d4f3c7d50b72880addf25da02f47a077e25e5f288758e484adcbc85a181974,[],"['reference_not_ranking', 'historical_competitors_not_rerun', 'system_resources_not_exclusive']"
scattering_self_energies,cova_openmp_cpu,default,initialization,error,,scattering_self_energies,316658e292d02e63abcfdf443be60bbb58c10d82,0,0,dfe8b7a530913f54e6164d2f20cb5a63e6c95544a680629acde629144cff7caa,f7d4f3c7d50b72880addf25da02f47a077e25e5f288758e484adcbc85a181974,[],"['reference_not_ranking', 'historical_competitors_not_rerun', 'system_resources_not_exclusive']"
scattering_self_energies,cova_openmp_cpu,default,fresh_process,error,,scattering_self_energies,316658e292d02e63abcfdf443be60bbb58c10d82,0,0,dfe8b7a530913f54e6164d2f20cb5a63e6c95544a680629acde629144cff7caa,f7d4f3c7d50b72880addf25da02f47a077e25e5f288758e484adcbc85a181974,[],"['reference_not_ranking', 'historical_competitors_not_rerun', 'system_resources_not_exclusive']"
scattering_self_energies,cova_openmp_cpu,default,same_process,error,,scattering_self_energies,316658e292d02e63abcfdf443be60bbb58c10d82,0,0,dfe8b7a530913f54e6164d2f20cb5a63e6c95544a680629acde629144cff7caa,f7d4f3c7d50b72880addf25da02f47a077e25e5f288758e484adcbc85a181974,[],"['reference_not_ranking', 'historical_competitors_not_rerun', 'system_resources_not_exclusive']"
scattering_self_energies,cova_llvm_cpu_serial,default,initialization,observed,2.201115039002616,scattering_self_energies,316658e292d02e63abcfdf443be60bbb58c10d82,1,1,dfe8b7a530913f54e6164d2f20cb5a63e6c95544a680629acde629144cff7caa,f7d4f3c7d50b72880addf25da02f47a077e25e5f288758e484adcbc85a181974,['cpu'],"['reference_not_ranking', 'historical_competitors_not_rerun', 'system_resources_not_exclusive']"
scattering_self_energies,cova_llvm_cpu_serial,default,fresh_process,observed,0.04670388501835987,scattering_self_energies,316658e292d02e63abcfdf443be60bbb58c10d82,2,2,dfe8b7a530913f54e6164d2f20cb5a63e6c95544a680629acde629144cff7caa,f7d4f3c7d50b72880addf25da02f47a077e25e5f288758e484adcbc85a181974,['cpu'],"['reference_not_ranking', 'historical_competitors_not_rerun', 'system_resources_not_exclusive']"
scattering_self_energies,cova_llvm_cpu_serial,default,same_process,observed,0.048696666985051706,scattering_self_energies,316658e292d02e63abcfdf443be60bbb58c10d82,6,3,dfe8b7a530913f54e6164d2f20cb5a63e6c95544a680629acde629144cff7caa,f7d4f3c7d50b72880addf25da02f47a077e25e5f288758e484adcbc85a181974,['cpu'],"['reference_not_ranking', 'historical_competitors_not_rerun', 'system_resources_not_exclusive']"
scattering_self_energies,cova_llvm_cpu,default,initialization,observed,2.432160719996318,scattering_self_energies,316658e292d02e63abcfdf443be60bbb58c10d82,1,1,dfe8b7a530913f54e6164d2f20cb5a63e6c95544a680629acde629144cff7caa,f7d4f3c7d50b72880addf25da02f47a077e25e5f288758e484adcbc85a181974,['cpu'],"['reference_not_ranking', 'historical_competitors_not_rerun', 'system_resources_not_exclusive']"
scattering_self_energies,cova_llvm_cpu,default,fresh_process,observed,0.08598807998350821,scattering_self_energies,316658e292d02e63abcfdf443be60bbb58c10d82,2,2,dfe8b7a530913f54e6164d2f20cb5a63e6c95544a680629acde629144cff7caa,f7d4f3c7d50b72880addf25da02f47a077e25e5f288758e484adcbc85a181974,['cpu'],"['reference_not_ranking', 'historical_competitors_not_rerun', 'system_resources_not_exclusive']"
scattering_self_energies,cova_llvm_cpu,default,same_process,observed,0.04411151449312456,scattering_self_energies,316658e292d02e63abcfdf443be60bbb58c10d82,6,3,dfe8b7a530913f54e6164d2f20cb5a63e6c95544a680629acde629144cff7caa,f7d4f3c7d50b72880addf25da02f47a077e25e5f288758e484adcbc85a181974,['cpu'],"['reference_not_ranking', 'historical_competitors_not_rerun', 'system_resources_not_exclusive']"
scattering_self_energies,cova_openmp_gpu,default,initialization,error,,scattering_self_energies,316658e292d02e63abcfdf443be60bbb58c10d82,0,0,dfe8b7a530913f54e6164d2f20cb5a63e6c95544a680629acde629144cff7caa,f7d4f3c7d50b72880addf25da02f47a077e25e5f288758e484adcbc85a181974,[],"['reference_not_ranking', 'historical_competitors_not_rerun', 'system_resources_not_exclusive', 'gpu_placement_metadata_only']"
scattering_self_energies,cova_openmp_gpu,default,fresh_process,error,,scattering_self_energies,316658e292d02e63abcfdf443be60bbb58c10d82,0,0,dfe8b7a530913f54e6164d2f20cb5a63e6c95544a680629acde629144cff7caa,f7d4f3c7d50b72880addf25da02f47a077e25e5f288758e484adcbc85a181974,[],"['reference_not_ranking', 'historical_competitors_not_rerun', 'system_resources_not_exclusive', 'gpu_placement_metadata_only']"
scattering_self_energies,cova_openmp_gpu,default,same_process,error,,scattering_self_energies,316658e292d02e63abcfdf443be60bbb58c10d82,0,0,dfe8b7a530913f54e6164d2f20cb5a63e6c95544a680629acde629144cff7caa,f7d4f3c7d50b72880addf25da02f47a077e25e5f288758e484adcbc85a181974,[],"['reference_not_ranking', 'historical_competitors_not_rerun', 'system_resources_not_exclusive', 'gpu_placement_metadata_only']"
scattering_self_energies,cova_llvm_gpu,default,initialization,observed,36.10429886699421,scattering_self_energies,316658e292d02e63abcfdf443be60bbb58c10d82,1,1,dfe8b7a530913f54e6164d2f20cb5a63e6c95544a680629acde629144cff7caa,f7d4f3c7d50b72880addf25da02f47a077e25e5f288758e484adcbc85a181974,['mixed'],"['reference_not_ranking', 'historical_competitors_not_rerun', 'system_resources_not_exclusive', 'gpu_placement_metadata_only']"
scattering_self_energies,cova_llvm_gpu,default,fresh_process,observed,26.70091511850478,scattering_self_energies,316658e292d02e63abcfdf443be60bbb58c10d82,2,2,dfe8b7a530913f54e6164d2f20cb5a63e6c95544a680629acde629144cff7caa,f7d4f3c7d50b72880addf25da02f47a077e25e5f288758e484adcbc85a181974,['mixed'],"['reference_not_ranking', 'historical_competitors_not_rerun', 'system_resources_not_exclusive', 'gpu_placement_metadata_only']"
scattering_self_energies,cova_llvm_gpu,default,same_process,observed,27.518152676988393,scattering_self_energies,316658e292d02e63abcfdf443be60bbb58c10d82,6,3,dfe8b7a530913f54e6164d2f20cb5a63e6c95544a680629acde629144cff7caa,f7d4f3c7d50b72880addf25da02f47a077e25e5f288758e484adcbc85a181974,['mixed'],"['reference_not_ranking', 'historical_competitors_not_rerun', 'system_resources_not_exclusive', 'gpu_placement_metadata_only']"
seidel_2d,cova_serial_cpu,default,initialization,observed,1.9652361929765902,seidel_2d,316658e292d02e63abcfdf443be60bbb58c10d82,1,1,ee1919384d25883ff17bfcdb49d28a5d6dabc6f97d12c672811043a4107874a9,6d10c80c878e92ea3bdd4f0a16c473438b233d1989ed5a8d0f8d1356e6d0b32b,['cpu'],"['reference_not_ranking', 'historical_competitors_not_rerun', 'system_resources_not_exclusive']"
seidel_2d,cova_serial_cpu,default,fresh_process,observed,0.037000688491389155,seidel_2d,316658e292d02e63abcfdf443be60bbb58c10d82,2,2,ee1919384d25883ff17bfcdb49d28a5d6dabc6f97d12c672811043a4107874a9,6d10c80c878e92ea3bdd4f0a16c473438b233d1989ed5a8d0f8d1356e6d0b32b,['cpu'],"['reference_not_ranking', 'historical_competitors_not_rerun', 'system_resources_not_exclusive']"
seidel_2d,cova_serial_cpu,default,same_process,observed,0.0372319660091307,seidel_2d,316658e292d02e63abcfdf443be60bbb58c10d82,6,3,ee1919384d25883ff17bfcdb49d28a5d6dabc6f97d12c672811043a4107874a9,6d10c80c878e92ea3bdd4f0a16c473438b233d1989ed5a8d0f8d1356e6d0b32b,['cpu'],"['reference_not_ranking', 'historical_competitors_not_rerun', 'system_resources_not_exclusive']"
seidel_2d,cova_openmp_cpu,default,initialization,observed,2.30628089903621,seidel_2d,316658e292d02e63abcfdf443be60bbb58c10d82,1,1,ee1919384d25883ff17bfcdb49d28a5d6dabc6f97d12c672811043a4107874a9,6d10c80c878e92ea3bdd4f0a16c473438b233d1989ed5a8d0f8d1356e6d0b32b,['cpu'],"['reference_not_ranking', 'historical_competitors_not_rerun', 'system_resources_not_exclusive']"
seidel_2d,cova_openmp_cpu,default,fresh_process,observed,0.03906480851583183,seidel_2d,316658e292d02e63abcfdf443be60bbb58c10d82,2,2,ee1919384d25883ff17bfcdb49d28a5d6dabc6f97d12c672811043a4107874a9,6d10c80c878e92ea3bdd4f0a16c473438b233d1989ed5a8d0f8d1356e6d0b32b,['cpu'],"['reference_not_ranking', 'historical_competitors_not_rerun', 'system_resources_not_exclusive']"
seidel_2d,cova_openmp_cpu,default,same_process,observed,0.04098894351045601,seidel_2d,316658e292d02e63abcfdf443be60bbb58c10d82,6,3,ee1919384d25883ff17bfcdb49d28a5d6dabc6f97d12c672811043a4107874a9,6d10c80c878e92ea3bdd4f0a16c473438b233d1989ed5a8d0f8d1356e6d0b32b,['cpu'],"['reference_not_ranking', 'historical_competitors_not_rerun', 'system_resources_not_exclusive']"
seidel_2d,cova_llvm_cpu_serial,default,initialization,observed,2.0284453100175597,seidel_2d,316658e292d02e63abcfdf443be60bbb58c10d82,1,1,ee1919384d25883ff17bfcdb49d28a5d6dabc6f97d12c672811043a4107874a9,6d10c80c878e92ea3bdd4f0a16c473438b233d1989ed5a8d0f8d1356e6d0b32b,['cpu'],"['reference_not_ranking', 'historical_competitors_not_rerun', 'system_resources_not_exclusive']"
seidel_2d,cova_llvm_cpu_serial,default,fresh_process,observed,0.04282250750111416,seidel_2d,316658e292d02e63abcfdf443be60bbb58c10d82,2,2,ee1919384d25883ff17bfcdb49d28a5d6dabc6f97d12c672811043a4107874a9,6d10c80c878e92ea3bdd4f0a16c473438b233d1989ed5a8d0f8d1356e6d0b32b,['cpu'],"['reference_not_ranking', 'historical_competitors_not_rerun', 'system_resources_not_exclusive']"
seidel_2d,cova_llvm_cpu_serial,default,same_process,observed,0.04452003850019537,seidel_2d,316658e292d02e63abcfdf443be60bbb58c10d82,6,3,ee1919384d25883ff17bfcdb49d28a5d6dabc6f97d12c672811043a4107874a9,6d10c80c878e92ea3bdd4f0a16c473438b233d1989ed5a8d0f8d1356e6d0b32b,['cpu'],"['reference_not_ranking', 'historical_competitors_not_rerun', 'system_resources_not_exclusive']"
seidel_2d,cova_llvm_cpu,default,initialization,observed,2.3564314899849705,seidel_2d,316658e292d02e63abcfdf443be60bbb58c10d82,1,1,ee1919384d25883ff17bfcdb49d28a5d6dabc6f97d12c672811043a4107874a9,6d10c80c878e92ea3bdd4f0a16c473438b233d1989ed5a8d0f8d1356e6d0b32b,['cpu'],"['reference_not_ranking', 'historical_competitors_not_rerun', 'system_resources_not_exclusive']"
seidel_2d,cova_llvm_cpu,default,fresh_process,observed,0.04218502400908619,seidel_2d,316658e292d02e63abcfdf443be60bbb58c10d82,2,2,ee1919384d25883ff17bfcdb49d28a5d6dabc6f97d12c672811043a4107874a9,6d10c80c878e92ea3bdd4f0a16c473438b233d1989ed5a8d0f8d1356e6d0b32b,['cpu'],"['reference_not_ranking', 'historical_competitors_not_rerun', 'system_resources_not_exclusive']"
seidel_2d,cova_llvm_cpu,default,same_process,observed,0.03396325799985789,seidel_2d,316658e292d02e63abcfdf443be60bbb58c10d82,6,3,ee1919384d25883ff17bfcdb49d28a5d6dabc6f97d12c672811043a4107874a9,6d10c80c878e92ea3bdd4f0a16c473438b233d1989ed5a8d0f8d1356e6d0b32b,['cpu'],"['reference_not_ranking', 'historical_competitors_not_rerun', 'system_resources_not_exclusive']"
seidel_2d,cova_openmp_gpu,default,initialization,observed,4.758740072022192,seidel_2d,316658e292d02e63abcfdf443be60bbb58c10d82,1,1,ee1919384d25883ff17bfcdb49d28a5d6dabc6f97d12c672811043a4107874a9,6d10c80c878e92ea3bdd4f0a16c473438b233d1989ed5a8d0f8d1356e6d0b32b,['cpu'],"['reference_not_ranking', 'historical_competitors_not_rerun', 'system_resources_not_exclusive', 'gpu_placement_metadata_only']"
seidel_2d,cova_openmp_gpu,default,fresh_process,observed,0.04952484348905273,seidel_2d,316658e292d02e63abcfdf443be60bbb58c10d82,2,2,ee1919384d25883ff17bfcdb49d28a5d6dabc6f97d12c672811043a4107874a9,6d10c80c878e92ea3bdd4f0a16c473438b233d1989ed5a8d0f8d1356e6d0b32b,['cpu'],"['reference_not_ranking', 'historical_competitors_not_rerun', 'system_resources_not_exclusive', 'gpu_placement_metadata_only']"
seidel_2d,cova_openmp_gpu,default,same_process,observed,0.04373944748658687,seidel_2d,316658e292d02e63abcfdf443be60bbb58c10d82,6,3,ee1919384d25883ff17bfcdb49d28a5d6dabc6f97d12c672811043a4107874a9,6d10c80c878e92ea3bdd4f0a16c473438b233d1989ed5a8d0f8d1356e6d0b32b,['cpu'],"['reference_not_ranking', 'historical_competitors_not_rerun', 'system_resources_not_exclusive', 'gpu_placement_metadata_only']"
seidel_2d,cova_llvm_gpu,default,initialization,observed,7.483613069984131,seidel_2d,316658e292d02e63abcfdf443be60bbb58c10d82,1,1,ee1919384d25883ff17bfcdb49d28a5d6dabc6f97d12c672811043a4107874a9,6d10c80c878e92ea3bdd4f0a16c473438b233d1989ed5a8d0f8d1356e6d0b32b,['gpu'],"['reference_not_ranking', 'historical_competitors_not_rerun', 'system_resources_not_exclusive', 'gpu_placement_metadata_only']"
seidel_2d,cova_llvm_gpu,default,fresh_process,observed,3.6895007695129607,seidel_2d,316658e292d02e63abcfdf443be60bbb58c10d82,2,2,ee1919384d25883ff17bfcdb49d28a5d6dabc6f97d12c672811043a4107874a9,6d10c80c878e92ea3bdd4f0a16c473438b233d1989ed5a8d0f8d1356e6d0b32b,['gpu'],"['reference_not_ranking', 'historical_competitors_not_rerun', 'system_resources_not_exclusive', 'gpu_placement_metadata_only']"
seidel_2d,cova_llvm_gpu,default,same_process,observed,3.025174426002195,seidel_2d,316658e292d02e63abcfdf443be60bbb58c10d82,6,3,ee1919384d25883ff17bfcdb49d28a5d6dabc6f97d12c672811043a4107874a9,6d10c80c878e92ea3bdd4f0a16c473438b233d1989ed5a8d0f8d1356e6d0b32b,['gpu'],"['reference_not_ranking', 'historical_competitors_not_rerun', 'system_resources_not_exclusive', 'gpu_placement_metadata_only']"
softmax,cova_serial_cpu,default,initialization,observed,5.395177164988127,softmax,316658e292d02e63abcfdf443be60bbb58c10d82,1,1,4c2cc8073ef8741ed9febc8a4ff62219351eab9b80f103f3f9ef78cbfb3d3a24,2fcf9437c28756a764115316372f1c170da55c13fa29321255a7dcc2a7583c80,['cpu'],"['reference_not_ranking', 'historical_competitors_not_rerun', 'system_resources_not_exclusive']"
softmax,cova_serial_cpu,default,fresh_process,observed,2.2739909095398616,softmax,316658e292d02e63abcfdf443be60bbb58c10d82,2,2,4c2cc8073ef8741ed9febc8a4ff62219351eab9b80f103f3f9ef78cbfb3d3a24,2fcf9437c28756a764115316372f1c170da55c13fa29321255a7dcc2a7583c80,['cpu'],"['reference_not_ranking', 'historical_competitors_not_rerun', 'system_resources_not_exclusive']"
softmax,cova_serial_cpu,default,same_process,observed,1.5475540639890824,softmax,316658e292d02e63abcfdf443be60bbb58c10d82,6,3,4c2cc8073ef8741ed9febc8a4ff62219351eab9b80f103f3f9ef78cbfb3d3a24,2fcf9437c28756a764115316372f1c170da55c13fa29321255a7dcc2a7583c80,['cpu'],"['reference_not_ranking', 'historical_competitors_not_rerun', 'system_resources_not_exclusive']"
softmax,cova_openmp_cpu,default,initialization,observed,2.9356121660093777,softmax,316658e292d02e63abcfdf443be60bbb58c10d82,1,1,4c2cc8073ef8741ed9febc8a4ff62219351eab9b80f103f3f9ef78cbfb3d3a24,2fcf9437c28756a764115316372f1c170da55c13fa29321255a7dcc2a7583c80,['cpu'],"['reference_not_ranking', 'historical_competitors_not_rerun', 'system_resources_not_exclusive']"
softmax,cova_openmp_cpu,default,fresh_process,observed,0.424005834502168,softmax,316658e292d02e63abcfdf443be60bbb58c10d82,2,2,4c2cc8073ef8741ed9febc8a4ff62219351eab9b80f103f3f9ef78cbfb3d3a24,2fcf9437c28756a764115316372f1c170da55c13fa29321255a7dcc2a7583c80,['cpu'],"['reference_not_ranking', 'historical_competitors_not_rerun', 'system_resources_not_exclusive']"
softmax,cova_openmp_cpu,default,same_process,observed,0.38248278497485444,softmax,316658e292d02e63abcfdf443be60bbb58c10d82,6,3,4c2cc8073ef8741ed9febc8a4ff62219351eab9b80f103f3f9ef78cbfb3d3a24,2fcf9437c28756a764115316372f1c170da55c13fa29321255a7dcc2a7583c80,['cpu'],"['reference_not_ranking', 'historical_competitors_not_rerun', 'system_resources_not_exclusive']"
softmax,cova_llvm_cpu_serial,default,initialization,observed,5.525309583987109,softmax,316658e292d02e63abcfdf443be60bbb58c10d82,1,1,4c2cc8073ef8741ed9febc8a4ff62219351eab9b80f103f3f9ef78cbfb3d3a24,2fcf9437c28756a764115316372f1c170da55c13fa29321255a7dcc2a7583c80,['cpu'],"['reference_not_ranking', 'historical_competitors_not_rerun', 'system_resources_not_exclusive']"
softmax,cova_llvm_cpu_serial,default,fresh_process,observed,2.2461290179926436,softmax,316658e292d02e63abcfdf443be60bbb58c10d82,2,2,4c2cc8073ef8741ed9febc8a4ff62219351eab9b80f103f3f9ef78cbfb3d3a24,2fcf9437c28756a764115316372f1c170da55c13fa29321255a7dcc2a7583c80,['cpu'],"['reference_not_ranking', 'historical_competitors_not_rerun', 'system_resources_not_exclusive']"
softmax,cova_llvm_cpu_serial,default,same_process,observed,1.9912727505143266,softmax,316658e292d02e63abcfdf443be60bbb58c10d82,6,3,4c2cc8073ef8741ed9febc8a4ff62219351eab9b80f103f3f9ef78cbfb3d3a24,2fcf9437c28756a764115316372f1c170da55c13fa29321255a7dcc2a7583c80,['cpu'],"['reference_not_ranking', 'historical_competitors_not_rerun', 'system_resources_not_exclusive']"
softmax,cova_llvm_cpu,default,initialization,observed,4.318573652009945,softmax,316658e292d02e63abcfdf443be60bbb58c10d82,1,1,4c2cc8073ef8741ed9febc8a4ff62219351eab9b80f103f3f9ef78cbfb3d3a24,2fcf9437c28756a764115316372f1c170da55c13fa29321255a7dcc2a7583c80,['cpu'],"['reference_not_ranking', 'historical_competitors_not_rerun', 'system_resources_not_exclusive']"
softmax,cova_llvm_cpu,default,fresh_process,observed,0.528297927492531,softmax,316658e292d02e63abcfdf443be60bbb58c10d82,2,2,4c2cc8073ef8741ed9febc8a4ff62219351eab9b80f103f3f9ef78cbfb3d3a24,2fcf9437c28756a764115316372f1c170da55c13fa29321255a7dcc2a7583c80,['cpu'],"['reference_not_ranking', 'historical_competitors_not_rerun', 'system_resources_not_exclusive']"
softmax,cova_llvm_cpu,default,same_process,observed,0.40237062799860723,softmax,316658e292d02e63abcfdf443be60bbb58c10d82,6,3,4c2cc8073ef8741ed9febc8a4ff62219351eab9b80f103f3f9ef78cbfb3d3a24,2fcf9437c28756a764115316372f1c170da55c13fa29321255a7dcc2a7583c80,['cpu'],"['reference_not_ranking', 'historical_competitors_not_rerun', 'system_resources_not_exclusive']"
softmax,cova_openmp_gpu,default,initialization,observed,6.227721773029771,softmax,316658e292d02e63abcfdf443be60bbb58c10d82,1,1,4c2cc8073ef8741ed9febc8a4ff62219351eab9b80f103f3f9ef78cbfb3d3a24,2fcf9437c28756a764115316372f1c170da55c13fa29321255a7dcc2a7583c80,['gpu'],"['reference_not_ranking', 'historical_competitors_not_rerun', 'system_resources_not_exclusive', 'gpu_placement_metadata_only']"
softmax,cova_openmp_gpu,default,fresh_process,observed,0.6451325859816279,softmax,316658e292d02e63abcfdf443be60bbb58c10d82,2,2,4c2cc8073ef8741ed9febc8a4ff62219351eab9b80f103f3f9ef78cbfb3d3a24,2fcf9437c28756a764115316372f1c170da55c13fa29321255a7dcc2a7583c80,['gpu'],"['reference_not_ranking', 'historical_competitors_not_rerun', 'system_resources_not_exclusive', 'gpu_placement_metadata_only']"
softmax,cova_openmp_gpu,default,same_process,observed,0.34269015199970454,softmax,316658e292d02e63abcfdf443be60bbb58c10d82,6,3,4c2cc8073ef8741ed9febc8a4ff62219351eab9b80f103f3f9ef78cbfb3d3a24,2fcf9437c28756a764115316372f1c170da55c13fa29321255a7dcc2a7583c80,['gpu'],"['reference_not_ranking', 'historical_competitors_not_rerun', 'system_resources_not_exclusive', 'gpu_placement_metadata_only']"
softmax,cova_llvm_gpu,default,initialization,observed,5.300545914971735,softmax,316658e292d02e63abcfdf443be60bbb58c10d82,1,1,4c2cc8073ef8741ed9febc8a4ff62219351eab9b80f103f3f9ef78cbfb3d3a24,2fcf9437c28756a764115316372f1c170da55c13fa29321255a7dcc2a7583c80,['gpu'],"['reference_not_ranking', 'historical_competitors_not_rerun', 'system_resources_not_exclusive', 'gpu_placement_metadata_only']"
softmax,cova_llvm_gpu,default,fresh_process,observed,0.9940758954908233,softmax,316658e292d02e63abcfdf443be60bbb58c10d82,2,2,4c2cc8073ef8741ed9febc8a4ff62219351eab9b80f103f3f9ef78cbfb3d3a24,2fcf9437c28756a764115316372f1c170da55c13fa29321255a7dcc2a7583c80,['gpu'],"['reference_not_ranking', 'historical_competitors_not_rerun', 'system_resources_not_exclusive', 'gpu_placement_metadata_only']"
softmax,cova_llvm_gpu,default,same_process,observed,0.6976928825024515,softmax,316658e292d02e63abcfdf443be60bbb58c10d82,6,3,4c2cc8073ef8741ed9febc8a4ff62219351eab9b80f103f3f9ef78cbfb3d3a24,2fcf9437c28756a764115316372f1c170da55c13fa29321255a7dcc2a7583c80,['gpu'],"['reference_not_ranking', 'historical_competitors_not_rerun', 'system_resources_not_exclusive', 'gpu_placement_metadata_only']"
spmv,cova_serial_cpu,default,initialization,observed,2.2228021399932913,spmv,316658e292d02e63abcfdf443be60bbb58c10d82,1,1,da225492dbcd662f48fe5c413e0af07e8fbf1265c8b2c20e9564383e2e55d8ad,830b22cd03e41feb9b883b4b8fc754402901ac74dc9f607cfa3a81bdc5787389,['cpu'],"['reference_not_ranking', 'historical_competitors_not_rerun', 'system_resources_not_exclusive']"
spmv,cova_serial_cpu,default,fresh_process,observed,0.02910512700327672,spmv,316658e292d02e63abcfdf443be60bbb58c10d82,2,2,da225492dbcd662f48fe5c413e0af07e8fbf1265c8b2c20e9564383e2e55d8ad,830b22cd03e41feb9b883b4b8fc754402901ac74dc9f607cfa3a81bdc5787389,['cpu'],"['reference_not_ranking', 'historical_competitors_not_rerun', 'system_resources_not_exclusive']"
spmv,cova_serial_cpu,default,same_process,observed,0.02156212300178595,spmv,316658e292d02e63abcfdf443be60bbb58c10d82,6,3,da225492dbcd662f48fe5c413e0af07e8fbf1265c8b2c20e9564383e2e55d8ad,830b22cd03e41feb9b883b4b8fc754402901ac74dc9f607cfa3a81bdc5787389,['cpu'],"['reference_not_ranking', 'historical_competitors_not_rerun', 'system_resources_not_exclusive']"
spmv,cova_openmp_cpu,default,initialization,observed,2.4212137569556944,spmv,316658e292d02e63abcfdf443be60bbb58c10d82,1,1,da225492dbcd662f48fe5c413e0af07e8fbf1265c8b2c20e9564383e2e55d8ad,830b22cd03e41feb9b883b4b8fc754402901ac74dc9f607cfa3a81bdc5787389,['cpu'],"['reference_not_ranking', 'historical_competitors_not_rerun', 'system_resources_not_exclusive']"
spmv,cova_openmp_cpu,default,fresh_process,observed,0.04212451499188319,spmv,316658e292d02e63abcfdf443be60bbb58c10d82,2,2,da225492dbcd662f48fe5c413e0af07e8fbf1265c8b2c20e9564383e2e55d8ad,830b22cd03e41feb9b883b4b8fc754402901ac74dc9f607cfa3a81bdc5787389,['cpu'],"['reference_not_ranking', 'historical_competitors_not_rerun', 'system_resources_not_exclusive']"
spmv,cova_openmp_cpu,default,same_process,observed,0.022350823477609083,spmv,316658e292d02e63abcfdf443be60bbb58c10d82,6,3,da225492dbcd662f48fe5c413e0af07e8fbf1265c8b2c20e9564383e2e55d8ad,830b22cd03e41feb9b883b4b8fc754402901ac74dc9f607cfa3a81bdc5787389,['cpu'],"['reference_not_ranking', 'historical_competitors_not_rerun', 'system_resources_not_exclusive']"
spmv,cova_llvm_cpu_serial,default,initialization,observed,1.6760126099688932,spmv,316658e292d02e63abcfdf443be60bbb58c10d82,1,1,da225492dbcd662f48fe5c413e0af07e8fbf1265c8b2c20e9564383e2e55d8ad,830b22cd03e41feb9b883b4b8fc754402901ac74dc9f607cfa3a81bdc5787389,['cpu'],"['reference_not_ranking', 'historical_competitors_not_rerun', 'system_resources_not_exclusive']"
spmv,cova_llvm_cpu_serial,default,fresh_process,observed,0.02772853450733237,spmv,316658e292d02e63abcfdf443be60bbb58c10d82,2,2,da225492dbcd662f48fe5c413e0af07e8fbf1265c8b2c20e9564383e2e55d8ad,830b22cd03e41feb9b883b4b8fc754402901ac74dc9f607cfa3a81bdc5787389,['cpu'],"['reference_not_ranking', 'historical_competitors_not_rerun', 'system_resources_not_exclusive']"
spmv,cova_llvm_cpu_serial,default,same_process,observed,0.023351199459284544,spmv,316658e292d02e63abcfdf443be60bbb58c10d82,6,3,da225492dbcd662f48fe5c413e0af07e8fbf1265c8b2c20e9564383e2e55d8ad,830b22cd03e41feb9b883b4b8fc754402901ac74dc9f607cfa3a81bdc5787389,['cpu'],"['reference_not_ranking', 'historical_competitors_not_rerun', 'system_resources_not_exclusive']"
spmv,cova_llvm_cpu,default,initialization,observed,1.726974414952565,spmv,316658e292d02e63abcfdf443be60bbb58c10d82,1,1,da225492dbcd662f48fe5c413e0af07e8fbf1265c8b2c20e9564383e2e55d8ad,830b22cd03e41feb9b883b4b8fc754402901ac74dc9f607cfa3a81bdc5787389,['cpu'],"['reference_not_ranking', 'historical_competitors_not_rerun', 'system_resources_not_exclusive']"
spmv,cova_llvm_cpu,default,fresh_process,observed,0.06250700799864717,spmv,316658e292d02e63abcfdf443be60bbb58c10d82,2,2,da225492dbcd662f48fe5c413e0af07e8fbf1265c8b2c20e9564383e2e55d8ad,830b22cd03e41feb9b883b4b8fc754402901ac74dc9f607cfa3a81bdc5787389,['cpu'],"['reference_not_ranking', 'historical_competitors_not_rerun', 'system_resources_not_exclusive']"
spmv,cova_llvm_cpu,default,same_process,observed,0.021907171001657844,spmv,316658e292d02e63abcfdf443be60bbb58c10d82,6,3,da225492dbcd662f48fe5c413e0af07e8fbf1265c8b2c20e9564383e2e55d8ad,830b22cd03e41feb9b883b4b8fc754402901ac74dc9f607cfa3a81bdc5787389,['cpu'],"['reference_not_ranking', 'historical_competitors_not_rerun', 'system_resources_not_exclusive']"
spmv,cova_openmp_gpu,default,initialization,observed,5.356853788951412,spmv,316658e292d02e63abcfdf443be60bbb58c10d82,1,1,da225492dbcd662f48fe5c413e0af07e8fbf1265c8b2c20e9564383e2e55d8ad,830b22cd03e41feb9b883b4b8fc754402901ac74dc9f607cfa3a81bdc5787389,['gpu'],"['reference_not_ranking', 'historical_competitors_not_rerun', 'system_resources_not_exclusive', 'gpu_placement_metadata_only']"
spmv,cova_openmp_gpu,default,fresh_process,observed,0.3302027774916496,spmv,316658e292d02e63abcfdf443be60bbb58c10d82,2,2,da225492dbcd662f48fe5c413e0af07e8fbf1265c8b2c20e9564383e2e55d8ad,830b22cd03e41feb9b883b4b8fc754402901ac74dc9f607cfa3a81bdc5787389,['gpu'],"['reference_not_ranking', 'historical_competitors_not_rerun', 'system_resources_not_exclusive', 'gpu_placement_metadata_only']"
spmv,cova_openmp_gpu,default,same_process,observed,0.028428399498807266,spmv,316658e292d02e63abcfdf443be60bbb58c10d82,6,3,da225492dbcd662f48fe5c413e0af07e8fbf1265c8b2c20e9564383e2e55d8ad,830b22cd03e41feb9b883b4b8fc754402901ac74dc9f607cfa3a81bdc5787389,['gpu'],"['reference_not_ranking', 'historical_competitors_not_rerun', 'system_resources_not_exclusive', 'gpu_placement_metadata_only']"
spmv,cova_llvm_gpu,default,initialization,observed,4.5291712890029885,spmv,316658e292d02e63abcfdf443be60bbb58c10d82,1,1,da225492dbcd662f48fe5c413e0af07e8fbf1265c8b2c20e9564383e2e55d8ad,830b22cd03e41feb9b883b4b8fc754402901ac74dc9f607cfa3a81bdc5787389,['gpu'],"['reference_not_ranking', 'historical_competitors_not_rerun', 'system_resources_not_exclusive', 'gpu_placement_metadata_only']"
spmv,cova_llvm_gpu,default,fresh_process,observed,0.35491303249727935,spmv,316658e292d02e63abcfdf443be60bbb58c10d82,2,2,da225492dbcd662f48fe5c413e0af07e8fbf1265c8b2c20e9564383e2e55d8ad,830b22cd03e41feb9b883b4b8fc754402901ac74dc9f607cfa3a81bdc5787389,['gpu'],"['reference_not_ranking', 'historical_competitors_not_rerun', 'system_resources_not_exclusive', 'gpu_placement_metadata_only']"
spmv,cova_llvm_gpu,default,same_process,observed,0.03695925101055764,spmv,316658e292d02e63abcfdf443be60bbb58c10d82,6,3,da225492dbcd662f48fe5c413e0af07e8fbf1265c8b2c20e9564383e2e55d8ad,830b22cd03e41feb9b883b4b8fc754402901ac74dc9f607cfa3a81bdc5787389,['gpu'],"['reference_not_ranking', 'historical_competitors_not_rerun', 'system_resources_not_exclusive', 'gpu_placement_metadata_only']"
stockham_fft,cova_serial_cpu,default,initialization,error,,stockham_fft,316658e292d02e63abcfdf443be60bbb58c10d82,0,0,6d6ff6409e820c0b1abb2d24a7ede6af7390464b8d347a4cba678562e2b4f111,f6c4acc3fcbed6678c4fad72d834895ca7156ce67f7538ebe2242ed208af3254,[],"['reference_not_ranking', 'historical_competitors_not_rerun', 'system_resources_not_exclusive']"
stockham_fft,cova_serial_cpu,default,fresh_process,error,,stockham_fft,316658e292d02e63abcfdf443be60bbb58c10d82,0,0,6d6ff6409e820c0b1abb2d24a7ede6af7390464b8d347a4cba678562e2b4f111,f6c4acc3fcbed6678c4fad72d834895ca7156ce67f7538ebe2242ed208af3254,[],"['reference_not_ranking', 'historical_competitors_not_rerun', 'system_resources_not_exclusive']"
stockham_fft,cova_serial_cpu,default,same_process,error,,stockham_fft,316658e292d02e63abcfdf443be60bbb58c10d82,0,0,6d6ff6409e820c0b1abb2d24a7ede6af7390464b8d347a4cba678562e2b4f111,f6c4acc3fcbed6678c4fad72d834895ca7156ce67f7538ebe2242ed208af3254,[],"['reference_not_ranking', 'historical_competitors_not_rerun', 'system_resources_not_exclusive']"
stockham_fft,cova_openmp_cpu,default,initialization,error,,stockham_fft,316658e292d02e63abcfdf443be60bbb58c10d82,0,0,6d6ff6409e820c0b1abb2d24a7ede6af7390464b8d347a4cba678562e2b4f111,f6c4acc3fcbed6678c4fad72d834895ca7156ce67f7538ebe2242ed208af3254,[],"['reference_not_ranking', 'historical_competitors_not_rerun', 'system_resources_not_exclusive']"
stockham_fft,cova_openmp_cpu,default,fresh_process,error,,stockham_fft,316658e292d02e63abcfdf443be60bbb58c10d82,0,0,6d6ff6409e820c0b1abb2d24a7ede6af7390464b8d347a4cba678562e2b4f111,f6c4acc3fcbed6678c4fad72d834895ca7156ce67f7538ebe2242ed208af3254,[],"['reference_not_ranking', 'historical_competitors_not_rerun', 'system_resources_not_exclusive']"
stockham_fft,cova_openmp_cpu,default,same_process,error,,stockham_fft,316658e292d02e63abcfdf443be60bbb58c10d82,0,0,6d6ff6409e820c0b1abb2d24a7ede6af7390464b8d347a4cba678562e2b4f111,f6c4acc3fcbed6678c4fad72d834895ca7156ce67f7538ebe2242ed208af3254,[],"['reference_not_ranking', 'historical_competitors_not_rerun', 'system_resources_not_exclusive']"
stockham_fft,cova_llvm_cpu_serial,default,initialization,error,,stockham_fft,316658e292d02e63abcfdf443be60bbb58c10d82,0,0,6d6ff6409e820c0b1abb2d24a7ede6af7390464b8d347a4cba678562e2b4f111,f6c4acc3fcbed6678c4fad72d834895ca7156ce67f7538ebe2242ed208af3254,[],"['reference_not_ranking', 'historical_competitors_not_rerun', 'system_resources_not_exclusive']"
stockham_fft,cova_llvm_cpu_serial,default,fresh_process,error,,stockham_fft,316658e292d02e63abcfdf443be60bbb58c10d82,0,0,6d6ff6409e820c0b1abb2d24a7ede6af7390464b8d347a4cba678562e2b4f111,f6c4acc3fcbed6678c4fad72d834895ca7156ce67f7538ebe2242ed208af3254,[],"['reference_not_ranking', 'historical_competitors_not_rerun', 'system_resources_not_exclusive']"
stockham_fft,cova_llvm_cpu_serial,default,same_process,error,,stockham_fft,316658e292d02e63abcfdf443be60bbb58c10d82,0,0,6d6ff6409e820c0b1abb2d24a7ede6af7390464b8d347a4cba678562e2b4f111,f6c4acc3fcbed6678c4fad72d834895ca7156ce67f7538ebe2242ed208af3254,[],"['reference_not_ranking', 'historical_competitors_not_rerun', 'system_resources_not_exclusive']"
stockham_fft,cova_llvm_cpu,default,initialization,observed,7.984807697008364,stockham_fft_cova_helper,316658e292d02e63abcfdf443be60bbb58c10d82,1,1,6d6ff6409e820c0b1abb2d24a7ede6af7390464b8d347a4cba678562e2b4f111,f6c4acc3fcbed6678c4fad72d834895ca7156ce67f7538ebe2242ed208af3254,['cpu'],"['reference_not_ranking', 'historical_competitors_not_rerun', 'system_resources_not_exclusive']"
stockham_fft,cova_llvm_cpu,default,fresh_process,observed,5.283471250964794,stockham_fft_cova_helper,316658e292d02e63abcfdf443be60bbb58c10d82,2,2,6d6ff6409e820c0b1abb2d24a7ede6af7390464b8d347a4cba678562e2b4f111,f6c4acc3fcbed6678c4fad72d834895ca7156ce67f7538ebe2242ed208af3254,['cpu'],"['reference_not_ranking', 'historical_competitors_not_rerun', 'system_resources_not_exclusive']"
stockham_fft,cova_llvm_cpu,default,same_process,observed,4.661983229481848,stockham_fft_cova_helper,316658e292d02e63abcfdf443be60bbb58c10d82,6,3,6d6ff6409e820c0b1abb2d24a7ede6af7390464b8d347a4cba678562e2b4f111,f6c4acc3fcbed6678c4fad72d834895ca7156ce67f7538ebe2242ed208af3254,['cpu'],"['reference_not_ranking', 'historical_competitors_not_rerun', 'system_resources_not_exclusive']"
stockham_fft,cova_openmp_gpu,default,initialization,error,,stockham_fft,316658e292d02e63abcfdf443be60bbb58c10d82,0,0,6d6ff6409e820c0b1abb2d24a7ede6af7390464b8d347a4cba678562e2b4f111,f6c4acc3fcbed6678c4fad72d834895ca7156ce67f7538ebe2242ed208af3254,[],"['reference_not_ranking', 'historical_competitors_not_rerun', 'system_resources_not_exclusive', 'gpu_placement_metadata_only']"
stockham_fft,cova_openmp_gpu,default,fresh_process,error,,stockham_fft,316658e292d02e63abcfdf443be60bbb58c10d82,0,0,6d6ff6409e820c0b1abb2d24a7ede6af7390464b8d347a4cba678562e2b4f111,f6c4acc3fcbed6678c4fad72d834895ca7156ce67f7538ebe2242ed208af3254,[],"['reference_not_ranking', 'historical_competitors_not_rerun', 'system_resources_not_exclusive', 'gpu_placement_metadata_only']"
stockham_fft,cova_openmp_gpu,default,same_process,error,,stockham_fft,316658e292d02e63abcfdf443be60bbb58c10d82,0,0,6d6ff6409e820c0b1abb2d24a7ede6af7390464b8d347a4cba678562e2b4f111,f6c4acc3fcbed6678c4fad72d834895ca7156ce67f7538ebe2242ed208af3254,[],"['reference_not_ranking', 'historical_competitors_not_rerun', 'system_resources_not_exclusive', 'gpu_placement_metadata_only']"
stockham_fft,cova_llvm_gpu,default,initialization,observed,82.33997144404566,stockham_fft_cova_helper,316658e292d02e63abcfdf443be60bbb58c10d82,1,1,6d6ff6409e820c0b1abb2d24a7ede6af7390464b8d347a4cba678562e2b4f111,f6c4acc3fcbed6678c4fad72d834895ca7156ce67f7538ebe2242ed208af3254,['mixed'],"['reference_not_ranking', 'historical_competitors_not_rerun', 'system_resources_not_exclusive', 'gpu_placement_metadata_only']"
stockham_fft,cova_llvm_gpu,default,fresh_process,observed,77.31507179746404,stockham_fft_cova_helper,316658e292d02e63abcfdf443be60bbb58c10d82,2,2,6d6ff6409e820c0b1abb2d24a7ede6af7390464b8d347a4cba678562e2b4f111,f6c4acc3fcbed6678c4fad72d834895ca7156ce67f7538ebe2242ed208af3254,['mixed'],"['reference_not_ranking', 'historical_competitors_not_rerun', 'system_resources_not_exclusive', 'gpu_placement_metadata_only']"
stockham_fft,cova_llvm_gpu,default,same_process,observed,76.13489948349888,stockham_fft_cova_helper,316658e292d02e63abcfdf443be60bbb58c10d82,6,3,6d6ff6409e820c0b1abb2d24a7ede6af7390464b8d347a4cba678562e2b4f111,f6c4acc3fcbed6678c4fad72d834895ca7156ce67f7538ebe2242ed208af3254,['mixed'],"['reference_not_ranking', 'historical_competitors_not_rerun', 'system_resources_not_exclusive', 'gpu_placement_metadata_only']"
symm,cova_serial_cpu,default,initialization,observed,2.4504792859661393,symm,316658e292d02e63abcfdf443be60bbb58c10d82,1,1,9a79ab11f86fec484ee78c92c02c8f9588bcdd801caf9345beae289adb5ce087,c983fe23aab1369b59df067f61f46c516f426a2b0a1ea8bdc3779352f6c91630,['cpu'],"['reference_not_ranking', 'historical_competitors_not_rerun', 'system_resources_not_exclusive']"
symm,cova_serial_cpu,default,fresh_process,observed,0.0977964639896527,symm,316658e292d02e63abcfdf443be60bbb58c10d82,2,2,9a79ab11f86fec484ee78c92c02c8f9588bcdd801caf9345beae289adb5ce087,c983fe23aab1369b59df067f61f46c516f426a2b0a1ea8bdc3779352f6c91630,['cpu'],"['reference_not_ranking', 'historical_competitors_not_rerun', 'system_resources_not_exclusive']"
symm,cova_serial_cpu,default,same_process,observed,0.10901452050893568,symm,316658e292d02e63abcfdf443be60bbb58c10d82,6,3,9a79ab11f86fec484ee78c92c02c8f9588bcdd801caf9345beae289adb5ce087,c983fe23aab1369b59df067f61f46c516f426a2b0a1ea8bdc3779352f6c91630,['cpu'],"['reference_not_ranking', 'historical_competitors_not_rerun', 'system_resources_not_exclusive']"
symm,cova_openmp_cpu,default,initialization,observed,2.4887687920127064,symm,316658e292d02e63abcfdf443be60bbb58c10d82,1,1,9a79ab11f86fec484ee78c92c02c8f9588bcdd801caf9345beae289adb5ce087,c983fe23aab1369b59df067f61f46c516f426a2b0a1ea8bdc3779352f6c91630,['cpu'],"['reference_not_ranking', 'historical_competitors_not_rerun', 'system_resources_not_exclusive']"
symm,cova_openmp_cpu,default,fresh_process,observed,0.09835933448630385,symm,316658e292d02e63abcfdf443be60bbb58c10d82,2,2,9a79ab11f86fec484ee78c92c02c8f9588bcdd801caf9345beae289adb5ce087,c983fe23aab1369b59df067f61f46c516f426a2b0a1ea8bdc3779352f6c91630,['cpu'],"['reference_not_ranking', 'historical_competitors_not_rerun', 'system_resources_not_exclusive']"
symm,cova_openmp_cpu,default,same_process,observed,0.09356762596871704,symm,316658e292d02e63abcfdf443be60bbb58c10d82,6,3,9a79ab11f86fec484ee78c92c02c8f9588bcdd801caf9345beae289adb5ce087,c983fe23aab1369b59df067f61f46c516f426a2b0a1ea8bdc3779352f6c91630,['cpu'],"['reference_not_ranking', 'historical_competitors_not_rerun', 'system_resources_not_exclusive']"
symm,cova_llvm_cpu_serial,default,initialization,observed,1.9959134309901856,symm,316658e292d02e63abcfdf443be60bbb58c10d82,1,1,9a79ab11f86fec484ee78c92c02c8f9588bcdd801caf9345beae289adb5ce087,c983fe23aab1369b59df067f61f46c516f426a2b0a1ea8bdc3779352f6c91630,['cpu'],"['reference_not_ranking', 'historical_competitors_not_rerun', 'system_resources_not_exclusive']"
symm,cova_llvm_cpu_serial,default,fresh_process,observed,0.09775461602839641,symm,316658e292d02e63abcfdf443be60bbb58c10d82,2,2,9a79ab11f86fec484ee78c92c02c8f9588bcdd801caf9345beae289adb5ce087,c983fe23aab1369b59df067f61f46c516f426a2b0a1ea8bdc3779352f6c91630,['cpu'],"['reference_not_ranking', 'historical_competitors_not_rerun', 'system_resources_not_exclusive']"
symm,cova_llvm_cpu_serial,default,same_process,observed,0.11060006299521774,symm,316658e292d02e63abcfdf443be60bbb58c10d82,6,3,9a79ab11f86fec484ee78c92c02c8f9588bcdd801caf9345beae289adb5ce087,c983fe23aab1369b59df067f61f46c516f426a2b0a1ea8bdc3779352f6c91630,['cpu'],"['reference_not_ranking', 'historical_competitors_not_rerun', 'system_resources_not_exclusive']"
symm,cova_llvm_cpu,default,initialization,observed,2.2623739059781656,symm,316658e292d02e63abcfdf443be60bbb58c10d82,1,1,9a79ab11f86fec484ee78c92c02c8f9588bcdd801caf9345beae289adb5ce087,c983fe23aab1369b59df067f61f46c516f426a2b0a1ea8bdc3779352f6c91630,['cpu'],"['reference_not_ranking', 'historical_competitors_not_rerun', 'system_resources_not_exclusive']"
symm,cova_llvm_cpu,default,fresh_process,observed,0.09468187449965626,symm,316658e292d02e63abcfdf443be60bbb58c10d82,2,2,9a79ab11f86fec484ee78c92c02c8f9588bcdd801caf9345beae289adb5ce087,c983fe23aab1369b59df067f61f46c516f426a2b0a1ea8bdc3779352f6c91630,['cpu'],"['reference_not_ranking', 'historical_competitors_not_rerun', 'system_resources_not_exclusive']"
symm,cova_llvm_cpu,default,same_process,observed,0.1120495774957817,symm,316658e292d02e63abcfdf443be60bbb58c10d82,6,3,9a79ab11f86fec484ee78c92c02c8f9588bcdd801caf9345beae289adb5ce087,c983fe23aab1369b59df067f61f46c516f426a2b0a1ea8bdc3779352f6c91630,['cpu'],"['reference_not_ranking', 'historical_competitors_not_rerun', 'system_resources_not_exclusive']"
symm,cova_openmp_gpu,default,initialization,observed,9.43059586500749,symm,316658e292d02e63abcfdf443be60bbb58c10d82,1,1,9a79ab11f86fec484ee78c92c02c8f9588bcdd801caf9345beae289adb5ce087,c983fe23aab1369b59df067f61f46c516f426a2b0a1ea8bdc3779352f6c91630,['gpu'],"['reference_not_ranking', 'historical_competitors_not_rerun', 'system_resources_not_exclusive', 'gpu_placement_metadata_only']"
symm,cova_openmp_gpu,default,fresh_process,observed,3.7018579640134703,symm,316658e292d02e63abcfdf443be60bbb58c10d82,2,2,9a79ab11f86fec484ee78c92c02c8f9588bcdd801caf9345beae289adb5ce087,c983fe23aab1369b59df067f61f46c516f426a2b0a1ea8bdc3779352f6c91630,['gpu'],"['reference_not_ranking', 'historical_competitors_not_rerun', 'system_resources_not_exclusive', 'gpu_placement_metadata_only']"
symm,cova_openmp_gpu,default,same_process,observed,3.5658317010093015,symm,316658e292d02e63abcfdf443be60bbb58c10d82,6,3,9a79ab11f86fec484ee78c92c02c8f9588bcdd801caf9345beae289adb5ce087,c983fe23aab1369b59df067f61f46c516f426a2b0a1ea8bdc3779352f6c91630,['gpu'],"['reference_not_ranking', 'historical_competitors_not_rerun', 'system_resources_not_exclusive', 'gpu_placement_metadata_only']"
symm,cova_llvm_gpu,default,initialization,observed,5.041773589036893,symm,316658e292d02e63abcfdf443be60bbb58c10d82,1,1,9a79ab11f86fec484ee78c92c02c8f9588bcdd801caf9345beae289adb5ce087,c983fe23aab1369b59df067f61f46c516f426a2b0a1ea8bdc3779352f6c91630,['mixed'],"['reference_not_ranking', 'historical_competitors_not_rerun', 'system_resources_not_exclusive', 'gpu_placement_metadata_only']"
symm,cova_llvm_gpu,default,fresh_process,observed,0.7573852489877027,symm,316658e292d02e63abcfdf443be60bbb58c10d82,2,2,9a79ab11f86fec484ee78c92c02c8f9588bcdd801caf9345beae289adb5ce087,c983fe23aab1369b59df067f61f46c516f426a2b0a1ea8bdc3779352f6c91630,['mixed'],"['reference_not_ranking', 'historical_competitors_not_rerun', 'system_resources_not_exclusive', 'gpu_placement_metadata_only']"
symm,cova_llvm_gpu,default,same_process,observed,0.5575080845155753,symm,316658e292d02e63abcfdf443be60bbb58c10d82,6,3,9a79ab11f86fec484ee78c92c02c8f9588bcdd801caf9345beae289adb5ce087,c983fe23aab1369b59df067f61f46c516f426a2b0a1ea8bdc3779352f6c91630,['mixed'],"['reference_not_ranking', 'historical_competitors_not_rerun', 'system_resources_not_exclusive', 'gpu_placement_metadata_only']"
syr2k,cova_serial_cpu,default,initialization,observed,2.316551658033859,syr2k,316658e292d02e63abcfdf443be60bbb58c10d82,1,1,e7abbc19895a88befab489211bc20dc301be2dede982f39fba4c4f210583f274,4eed4ab152ea49c0a4cdf942787319238e4b8903146da60692ca376422fc8502,['cpu'],"['reference_not_ranking', 'historical_competitors_not_rerun', 'system_resources_not_exclusive']"
syr2k,cova_serial_cpu,default,fresh_process,observed,0.06618121950305067,syr2k,316658e292d02e63abcfdf443be60bbb58c10d82,2,2,e7abbc19895a88befab489211bc20dc301be2dede982f39fba4c4f210583f274,4eed4ab152ea49c0a4cdf942787319238e4b8903146da60692ca376422fc8502,['cpu'],"['reference_not_ranking', 'historical_competitors_not_rerun', 'system_resources_not_exclusive']"
syr2k,cova_serial_cpu,default,same_process,observed,0.07419582951115444,syr2k,316658e292d02e63abcfdf443be60bbb58c10d82,6,3,e7abbc19895a88befab489211bc20dc301be2dede982f39fba4c4f210583f274,4eed4ab152ea49c0a4cdf942787319238e4b8903146da60692ca376422fc8502,['cpu'],"['reference_not_ranking', 'historical_competitors_not_rerun', 'system_resources_not_exclusive']"
syr2k,cova_openmp_cpu,default,initialization,observed,2.524444099981338,syr2k,316658e292d02e63abcfdf443be60bbb58c10d82,1,1,e7abbc19895a88befab489211bc20dc301be2dede982f39fba4c4f210583f274,4eed4ab152ea49c0a4cdf942787319238e4b8903146da60692ca376422fc8502,['cpu'],"['reference_not_ranking', 'historical_competitors_not_rerun', 'system_resources_not_exclusive']"
syr2k,cova_openmp_cpu,default,fresh_process,observed,0.03778591050649993,syr2k,316658e292d02e63abcfdf443be60bbb58c10d82,2,2,e7abbc19895a88befab489211bc20dc301be2dede982f39fba4c4f210583f274,4eed4ab152ea49c0a4cdf942787319238e4b8903146da60692ca376422fc8502,['cpu'],"['reference_not_ranking', 'historical_competitors_not_rerun', 'system_resources_not_exclusive']"
syr2k,cova_openmp_cpu,default,same_process,observed,0.030141070019453764,syr2k,316658e292d02e63abcfdf443be60bbb58c10d82,6,3,e7abbc19895a88befab489211bc20dc301be2dede982f39fba4c4f210583f274,4eed4ab152ea49c0a4cdf942787319238e4b8903146da60692ca376422fc8502,['cpu'],"['reference_not_ranking', 'historical_competitors_not_rerun', 'system_resources_not_exclusive']"
syr2k,cova_llvm_cpu_serial,default,initialization,observed,2.0206405260250904,syr2k,316658e292d02e63abcfdf443be60bbb58c10d82,1,1,e7abbc19895a88befab489211bc20dc301be2dede982f39fba4c4f210583f274,4eed4ab152ea49c0a4cdf942787319238e4b8903146da60692ca376422fc8502,['cpu'],"['reference_not_ranking', 'historical_competitors_not_rerun', 'system_resources_not_exclusive']"
syr2k,cova_llvm_cpu_serial,default,fresh_process,observed,0.06501983752241358,syr2k,316658e292d02e63abcfdf443be60bbb58c10d82,2,2,e7abbc19895a88befab489211bc20dc301be2dede982f39fba4c4f210583f274,4eed4ab152ea49c0a4cdf942787319238e4b8903146da60692ca376422fc8502,['cpu'],"['reference_not_ranking', 'historical_competitors_not_rerun', 'system_resources_not_exclusive']"
syr2k,cova_llvm_cpu_serial,default,same_process,observed,0.06498133600689471,syr2k,316658e292d02e63abcfdf443be60bbb58c10d82,6,3,e7abbc19895a88befab489211bc20dc301be2dede982f39fba4c4f210583f274,4eed4ab152ea49c0a4cdf942787319238e4b8903146da60692ca376422fc8502,['cpu'],"['reference_not_ranking', 'historical_competitors_not_rerun', 'system_resources_not_exclusive']"
syr2k,cova_llvm_cpu,default,initialization,observed,2.2444535559625365,syr2k,316658e292d02e63abcfdf443be60bbb58c10d82,1,1,e7abbc19895a88befab489211bc20dc301be2dede982f39fba4c4f210583f274,4eed4ab152ea49c0a4cdf942787319238e4b8903146da60692ca376422fc8502,['cpu'],"['reference_not_ranking', 'historical_competitors_not_rerun', 'system_resources_not_exclusive']"
syr2k,cova_llvm_cpu,default,fresh_process,observed,0.0746718629670795,syr2k,316658e292d02e63abcfdf443be60bbb58c10d82,2,2,e7abbc19895a88befab489211bc20dc301be2dede982f39fba4c4f210583f274,4eed4ab152ea49c0a4cdf942787319238e4b8903146da60692ca376422fc8502,['cpu'],"['reference_not_ranking', 'historical_competitors_not_rerun', 'system_resources_not_exclusive']"
syr2k,cova_llvm_cpu,default,same_process,observed,0.021986023493809626,syr2k,316658e292d02e63abcfdf443be60bbb58c10d82,6,3,e7abbc19895a88befab489211bc20dc301be2dede982f39fba4c4f210583f274,4eed4ab152ea49c0a4cdf942787319238e4b8903146da60692ca376422fc8502,['cpu'],"['reference_not_ranking', 'historical_competitors_not_rerun', 'system_resources_not_exclusive']"
syr2k,cova_openmp_gpu,default,initialization,observed,5.28850067302119,syr2k,316658e292d02e63abcfdf443be60bbb58c10d82,1,1,e7abbc19895a88befab489211bc20dc301be2dede982f39fba4c4f210583f274,4eed4ab152ea49c0a4cdf942787319238e4b8903146da60692ca376422fc8502,['gpu'],"['reference_not_ranking', 'historical_competitors_not_rerun', 'system_resources_not_exclusive', 'gpu_placement_metadata_only']"
syr2k,cova_openmp_gpu,default,fresh_process,observed,0.3712834605248645,syr2k,316658e292d02e63abcfdf443be60bbb58c10d82,2,2,e7abbc19895a88befab489211bc20dc301be2dede982f39fba4c4f210583f274,4eed4ab152ea49c0a4cdf942787319238e4b8903146da60692ca376422fc8502,['gpu'],"['reference_not_ranking', 'historical_competitors_not_rerun', 'system_resources_not_exclusive', 'gpu_placement_metadata_only']"
syr2k,cova_openmp_gpu,default,same_process,observed,0.11993447050917894,syr2k,316658e292d02e63abcfdf443be60bbb58c10d82,6,3,e7abbc19895a88befab489211bc20dc301be2dede982f39fba4c4f210583f274,4eed4ab152ea49c0a4cdf942787319238e4b8903146da60692ca376422fc8502,['gpu'],"['reference_not_ranking', 'historical_competitors_not_rerun', 'system_resources_not_exclusive', 'gpu_placement_metadata_only']"
syr2k,cova_llvm_gpu,default,initialization,observed,4.439719057001639,syr2k,316658e292d02e63abcfdf443be60bbb58c10d82,1,1,e7abbc19895a88befab489211bc20dc301be2dede982f39fba4c4f210583f274,4eed4ab152ea49c0a4cdf942787319238e4b8903146da60692ca376422fc8502,['gpu'],"['reference_not_ranking', 'historical_competitors_not_rerun', 'system_resources_not_exclusive', 'gpu_placement_metadata_only']"
syr2k,cova_llvm_gpu,default,fresh_process,observed,0.3439323754864745,syr2k,316658e292d02e63abcfdf443be60bbb58c10d82,2,2,e7abbc19895a88befab489211bc20dc301be2dede982f39fba4c4f210583f274,4eed4ab152ea49c0a4cdf942787319238e4b8903146da60692ca376422fc8502,['gpu'],"['reference_not_ranking', 'historical_competitors_not_rerun', 'system_resources_not_exclusive', 'gpu_placement_metadata_only']"
syr2k,cova_llvm_gpu,default,same_process,observed,0.0799158500158228,syr2k,316658e292d02e63abcfdf443be60bbb58c10d82,6,3,e7abbc19895a88befab489211bc20dc301be2dede982f39fba4c4f210583f274,4eed4ab152ea49c0a4cdf942787319238e4b8903146da60692ca376422fc8502,['gpu'],"['reference_not_ranking', 'historical_competitors_not_rerun', 'system_resources_not_exclusive', 'gpu_placement_metadata_only']"
syrk,cova_serial_cpu,default,initialization,observed,2.096836965007242,syrk,316658e292d02e63abcfdf443be60bbb58c10d82,1,1,92484da5155c3406ad7a24b9d17a47e4e5ea9277c45b375c935d26bea371609c,c9125e156aac0f0083fa4d941c44b5e500809f7d0e4096cfd309983aa1701894,['cpu'],"['reference_not_ranking', 'historical_competitors_not_rerun', 'system_resources_not_exclusive']"
syrk,cova_serial_cpu,default,fresh_process,observed,0.09548997302772477,syrk,316658e292d02e63abcfdf443be60bbb58c10d82,2,2,92484da5155c3406ad7a24b9d17a47e4e5ea9277c45b375c935d26bea371609c,c9125e156aac0f0083fa4d941c44b5e500809f7d0e4096cfd309983aa1701894,['cpu'],"['reference_not_ranking', 'historical_competitors_not_rerun', 'system_resources_not_exclusive']"
syrk,cova_serial_cpu,default,same_process,observed,0.10779616449144669,syrk,316658e292d02e63abcfdf443be60bbb58c10d82,6,3,92484da5155c3406ad7a24b9d17a47e4e5ea9277c45b375c935d26bea371609c,c9125e156aac0f0083fa4d941c44b5e500809f7d0e4096cfd309983aa1701894,['cpu'],"['reference_not_ranking', 'historical_competitors_not_rerun', 'system_resources_not_exclusive']"
syrk,cova_openmp_cpu,default,initialization,observed,2.445534622995183,syrk,316658e292d02e63abcfdf443be60bbb58c10d82,1,1,92484da5155c3406ad7a24b9d17a47e4e5ea9277c45b375c935d26bea371609c,c9125e156aac0f0083fa4d941c44b5e500809f7d0e4096cfd309983aa1701894,['cpu'],"['reference_not_ranking', 'historical_competitors_not_rerun', 'system_resources_not_exclusive']"
syrk,cova_openmp_cpu,default,fresh_process,observed,0.0423190770088695,syrk,316658e292d02e63abcfdf443be60bbb58c10d82,2,2,92484da5155c3406ad7a24b9d17a47e4e5ea9277c45b375c935d26bea371609c,c9125e156aac0f0083fa4d941c44b5e500809f7d0e4096cfd309983aa1701894,['cpu'],"['reference_not_ranking', 'historical_competitors_not_rerun', 'system_resources_not_exclusive']"
syrk,cova_openmp_cpu,default,same_process,observed,0.027366638969397172,syrk,316658e292d02e63abcfdf443be60bbb58c10d82,6,3,92484da5155c3406ad7a24b9d17a47e4e5ea9277c45b375c935d26bea371609c,c9125e156aac0f0083fa4d941c44b5e500809f7d0e4096cfd309983aa1701894,['cpu'],"['reference_not_ranking', 'historical_competitors_not_rerun', 'system_resources_not_exclusive']"
syrk,cova_llvm_cpu_serial,default,initialization,observed,1.8152410050388426,syrk,316658e292d02e63abcfdf443be60bbb58c10d82,1,1,92484da5155c3406ad7a24b9d17a47e4e5ea9277c45b375c935d26bea371609c,c9125e156aac0f0083fa4d941c44b5e500809f7d0e4096cfd309983aa1701894,['cpu'],"['reference_not_ranking', 'historical_competitors_not_rerun', 'system_resources_not_exclusive']"
syrk,cova_llvm_cpu_serial,default,fresh_process,observed,0.09440468248794787,syrk,316658e292d02e63abcfdf443be60bbb58c10d82,2,2,92484da5155c3406ad7a24b9d17a47e4e5ea9277c45b375c935d26bea371609c,c9125e156aac0f0083fa4d941c44b5e500809f7d0e4096cfd309983aa1701894,['cpu'],"['reference_not_ranking', 'historical_competitors_not_rerun', 'system_resources_not_exclusive']"
syrk,cova_llvm_cpu_serial,default,same_process,observed,0.11105795748881064,syrk,316658e292d02e63abcfdf443be60bbb58c10d82,6,3,92484da5155c3406ad7a24b9d17a47e4e5ea9277c45b375c935d26bea371609c,c9125e156aac0f0083fa4d941c44b5e500809f7d0e4096cfd309983aa1701894,['cpu'],"['reference_not_ranking', 'historical_competitors_not_rerun', 'system_resources_not_exclusive']"
syrk,cova_llvm_cpu,default,initialization,observed,1.867378712981008,syrk,316658e292d02e63abcfdf443be60bbb58c10d82,1,1,92484da5155c3406ad7a24b9d17a47e4e5ea9277c45b375c935d26bea371609c,c9125e156aac0f0083fa4d941c44b5e500809f7d0e4096cfd309983aa1701894,['cpu'],"['reference_not_ranking', 'historical_competitors_not_rerun', 'system_resources_not_exclusive']"
syrk,cova_llvm_cpu,default,fresh_process,observed,0.0973943744902499,syrk,316658e292d02e63abcfdf443be60bbb58c10d82,2,2,92484da5155c3406ad7a24b9d17a47e4e5ea9277c45b375c935d26bea371609c,c9125e156aac0f0083fa4d941c44b5e500809f7d0e4096cfd309983aa1701894,['cpu'],"['reference_not_ranking', 'historical_competitors_not_rerun', 'system_resources_not_exclusive']"
syrk,cova_llvm_cpu,default,same_process,observed,0.024346381018403918,syrk,316658e292d02e63abcfdf443be60bbb58c10d82,6,3,92484da5155c3406ad7a24b9d17a47e4e5ea9277c45b375c935d26bea371609c,c9125e156aac0f0083fa4d941c44b5e500809f7d0e4096cfd309983aa1701894,['cpu'],"['reference_not_ranking', 'historical_competitors_not_rerun', 'system_resources_not_exclusive']"
syrk,cova_openmp_gpu,default,initialization,observed,5.508767148014158,syrk,316658e292d02e63abcfdf443be60bbb58c10d82,1,1,92484da5155c3406ad7a24b9d17a47e4e5ea9277c45b375c935d26bea371609c,c9125e156aac0f0083fa4d941c44b5e500809f7d0e4096cfd309983aa1701894,['gpu'],"['reference_not_ranking', 'historical_competitors_not_rerun', 'system_resources_not_exclusive', 'gpu_placement_metadata_only']"
syrk,cova_openmp_gpu,default,fresh_process,observed,0.36828703599167056,syrk,316658e292d02e63abcfdf443be60bbb58c10d82,2,2,92484da5155c3406ad7a24b9d17a47e4e5ea9277c45b375c935d26bea371609c,c9125e156aac0f0083fa4d941c44b5e500809f7d0e4096cfd309983aa1701894,['gpu'],"['reference_not_ranking', 'historical_competitors_not_rerun', 'system_resources_not_exclusive', 'gpu_placement_metadata_only']"
syrk,cova_openmp_gpu,default,same_process,observed,0.12035776497214101,syrk,316658e292d02e63abcfdf443be60bbb58c10d82,6,3,92484da5155c3406ad7a24b9d17a47e4e5ea9277c45b375c935d26bea371609c,c9125e156aac0f0083fa4d941c44b5e500809f7d0e4096cfd309983aa1701894,['gpu'],"['reference_not_ranking', 'historical_competitors_not_rerun', 'system_resources_not_exclusive', 'gpu_placement_metadata_only']"
syrk,cova_llvm_gpu,default,initialization,observed,4.776253278017975,syrk,316658e292d02e63abcfdf443be60bbb58c10d82,1,1,92484da5155c3406ad7a24b9d17a47e4e5ea9277c45b375c935d26bea371609c,c9125e156aac0f0083fa4d941c44b5e500809f7d0e4096cfd309983aa1701894,['gpu'],"['reference_not_ranking', 'historical_competitors_not_rerun', 'system_resources_not_exclusive', 'gpu_placement_metadata_only']"
syrk,cova_llvm_gpu,default,fresh_process,observed,0.3892650740162935,syrk,316658e292d02e63abcfdf443be60bbb58c10d82,2,2,92484da5155c3406ad7a24b9d17a47e4e5ea9277c45b375c935d26bea371609c,c9125e156aac0f0083fa4d941c44b5e500809f7d0e4096cfd309983aa1701894,['gpu'],"['reference_not_ranking', 'historical_competitors_not_rerun', 'system_resources_not_exclusive', 'gpu_placement_metadata_only']"
syrk,cova_llvm_gpu,default,same_process,observed,0.10267500951886177,syrk,316658e292d02e63abcfdf443be60bbb58c10d82,6,3,92484da5155c3406ad7a24b9d17a47e4e5ea9277c45b375c935d26bea371609c,c9125e156aac0f0083fa4d941c44b5e500809f7d0e4096cfd309983aa1701894,['gpu'],"['reference_not_ranking', 'historical_competitors_not_rerun', 'system_resources_not_exclusive', 'gpu_placement_metadata_only']"
trisolv,cova_serial_cpu,default,initialization,observed,2.290751248016022,trisolv,316658e292d02e63abcfdf443be60bbb58c10d82,1,1,4f5471ef60c1579f85ae344ab83c59b28f7f210b0a535e59616ed8d3e93dce87,2ef566c3a7e8536e3be1ae3aaac85d9a03f4836c00d28326cc70cf2e8147fdb1,['cpu'],"['reference_not_ranking', 'historical_competitors_not_rerun', 'system_resources_not_exclusive']"
trisolv,cova_serial_cpu,default,fresh_process,observed,0.09578223148128018,trisolv,316658e292d02e63abcfdf443be60bbb58c10d82,2,2,4f5471ef60c1579f85ae344ab83c59b28f7f210b0a535e59616ed8d3e93dce87,2ef566c3a7e8536e3be1ae3aaac85d9a03f4836c00d28326cc70cf2e8147fdb1,['cpu'],"['reference_not_ranking', 'historical_competitors_not_rerun', 'system_resources_not_exclusive']"
trisolv,cova_serial_cpu,default,same_process,observed,0.14421185097307898,trisolv,316658e292d02e63abcfdf443be60bbb58c10d82,6,3,4f5471ef60c1579f85ae344ab83c59b28f7f210b0a535e59616ed8d3e93dce87,2ef566c3a7e8536e3be1ae3aaac85d9a03f4836c00d28326cc70cf2e8147fdb1,['cpu'],"['reference_not_ranking', 'historical_competitors_not_rerun', 'system_resources_not_exclusive']"
trisolv,cova_openmp_cpu,default,initialization,observed,2.610251625010278,trisolv,316658e292d02e63abcfdf443be60bbb58c10d82,1,1,4f5471ef60c1579f85ae344ab83c59b28f7f210b0a535e59616ed8d3e93dce87,2ef566c3a7e8536e3be1ae3aaac85d9a03f4836c00d28326cc70cf2e8147fdb1,['cpu'],"['reference_not_ranking', 'historical_competitors_not_rerun', 'system_resources_not_exclusive']"
trisolv,cova_openmp_cpu,default,fresh_process,observed,0.09786398397409357,trisolv,316658e292d02e63abcfdf443be60bbb58c10d82,2,2,4f5471ef60c1579f85ae344ab83c59b28f7f210b0a535e59616ed8d3e93dce87,2ef566c3a7e8536e3be1ae3aaac85d9a03f4836c00d28326cc70cf2e8147fdb1,['cpu'],"['reference_not_ranking', 'historical_competitors_not_rerun', 'system_resources_not_exclusive']"
trisolv,cova_openmp_cpu,default,same_process,observed,0.14798471800168045,trisolv,316658e292d02e63abcfdf443be60bbb58c10d82,6,3,4f5471ef60c1579f85ae344ab83c59b28f7f210b0a535e59616ed8d3e93dce87,2ef566c3a7e8536e3be1ae3aaac85d9a03f4836c00d28326cc70cf2e8147fdb1,['cpu'],"['reference_not_ranking', 'historical_competitors_not_rerun', 'system_resources_not_exclusive']"
trisolv,cova_llvm_cpu_serial,default,initialization,observed,1.721040869015269,trisolv,316658e292d02e63abcfdf443be60bbb58c10d82,1,1,4f5471ef60c1579f85ae344ab83c59b28f7f210b0a535e59616ed8d3e93dce87,2ef566c3a7e8536e3be1ae3aaac85d9a03f4836c00d28326cc70cf2e8147fdb1,['cpu'],"['reference_not_ranking', 'historical_competitors_not_rerun', 'system_resources_not_exclusive']"
trisolv,cova_llvm_cpu_serial,default,fresh_process,observed,0.09654734647483565,trisolv,316658e292d02e63abcfdf443be60bbb58c10d82,2,2,4f5471ef60c1579f85ae344ab83c59b28f7f210b0a535e59616ed8d3e93dce87,2ef566c3a7e8536e3be1ae3aaac85d9a03f4836c00d28326cc70cf2e8147fdb1,['cpu'],"['reference_not_ranking', 'historical_competitors_not_rerun', 'system_resources_not_exclusive']"
trisolv,cova_llvm_cpu_serial,default,same_process,observed,0.14752391798538156,trisolv,316658e292d02e63abcfdf443be60bbb58c10d82,6,3,4f5471ef60c1579f85ae344ab83c59b28f7f210b0a535e59616ed8d3e93dce87,2ef566c3a7e8536e3be1ae3aaac85d9a03f4836c00d28326cc70cf2e8147fdb1,['cpu'],"['reference_not_ranking', 'historical_competitors_not_rerun', 'system_resources_not_exclusive']"
trisolv,cova_llvm_cpu,default,initialization,observed,1.8635271529783495,trisolv,316658e292d02e63abcfdf443be60bbb58c10d82,1,1,4f5471ef60c1579f85ae344ab83c59b28f7f210b0a535e59616ed8d3e93dce87,2ef566c3a7e8536e3be1ae3aaac85d9a03f4836c00d28326cc70cf2e8147fdb1,['cpu'],"['reference_not_ranking', 'historical_competitors_not_rerun', 'system_resources_not_exclusive']"
trisolv,cova_llvm_cpu,default,fresh_process,observed,0.12452711001969874,trisolv,316658e292d02e63abcfdf443be60bbb58c10d82,2,2,4f5471ef60c1579f85ae344ab83c59b28f7f210b0a535e59616ed8d3e93dce87,2ef566c3a7e8536e3be1ae3aaac85d9a03f4836c00d28326cc70cf2e8147fdb1,['cpu'],"['reference_not_ranking', 'historical_competitors_not_rerun', 'system_resources_not_exclusive']"
trisolv,cova_llvm_cpu,default,same_process,observed,0.1467727105191443,trisolv,316658e292d02e63abcfdf443be60bbb58c10d82,6,3,4f5471ef60c1579f85ae344ab83c59b28f7f210b0a535e59616ed8d3e93dce87,2ef566c3a7e8536e3be1ae3aaac85d9a03f4836c00d28326cc70cf2e8147fdb1,['cpu'],"['reference_not_ranking', 'historical_competitors_not_rerun', 'system_resources_not_exclusive']"
trisolv,cova_openmp_gpu,default,initialization,observed,4.25773814599961,trisolv,316658e292d02e63abcfdf443be60bbb58c10d82,1,1,4f5471ef60c1579f85ae344ab83c59b28f7f210b0a535e59616ed8d3e93dce87,2ef566c3a7e8536e3be1ae3aaac85d9a03f4836c00d28326cc70cf2e8147fdb1,['cpu'],"['reference_not_ranking', 'historical_competitors_not_rerun', 'system_resources_not_exclusive', 'gpu_placement_metadata_only']"
trisolv,cova_openmp_gpu,default,fresh_process,observed,0.15702932700514793,trisolv,316658e292d02e63abcfdf443be60bbb58c10d82,2,2,4f5471ef60c1579f85ae344ab83c59b28f7f210b0a535e59616ed8d3e93dce87,2ef566c3a7e8536e3be1ae3aaac85d9a03f4836c00d28326cc70cf2e8147fdb1,['cpu'],"['reference_not_ranking', 'historical_competitors_not_rerun', 'system_resources_not_exclusive', 'gpu_placement_metadata_only']"
trisolv,cova_openmp_gpu,default,same_process,observed,0.17154352000216022,trisolv,316658e292d02e63abcfdf443be60bbb58c10d82,6,3,4f5471ef60c1579f85ae344ab83c59b28f7f210b0a535e59616ed8d3e93dce87,2ef566c3a7e8536e3be1ae3aaac85d9a03f4836c00d28326cc70cf2e8147fdb1,['cpu'],"['reference_not_ranking', 'historical_competitors_not_rerun', 'system_resources_not_exclusive', 'gpu_placement_metadata_only']"
trisolv,cova_llvm_gpu,default,initialization,observed,14.780027233005967,trisolv,316658e292d02e63abcfdf443be60bbb58c10d82,1,1,4f5471ef60c1579f85ae344ab83c59b28f7f210b0a535e59616ed8d3e93dce87,2ef566c3a7e8536e3be1ae3aaac85d9a03f4836c00d28326cc70cf2e8147fdb1,['gpu'],"['reference_not_ranking', 'historical_competitors_not_rerun', 'system_resources_not_exclusive', 'gpu_placement_metadata_only']"
trisolv,cova_llvm_gpu,default,fresh_process,observed,10.962932244496187,trisolv,316658e292d02e63abcfdf443be60bbb58c10d82,2,2,4f5471ef60c1579f85ae344ab83c59b28f7f210b0a535e59616ed8d3e93dce87,2ef566c3a7e8536e3be1ae3aaac85d9a03f4836c00d28326cc70cf2e8147fdb1,['gpu'],"['reference_not_ranking', 'historical_competitors_not_rerun', 'system_resources_not_exclusive', 'gpu_placement_metadata_only']"
trisolv,cova_llvm_gpu,default,same_process,observed,10.700090102531249,trisolv,316658e292d02e63abcfdf443be60bbb58c10d82,6,3,4f5471ef60c1579f85ae344ab83c59b28f7f210b0a535e59616ed8d3e93dce87,2ef566c3a7e8536e3be1ae3aaac85d9a03f4836c00d28326cc70cf2e8147fdb1,['gpu'],"['reference_not_ranking', 'historical_competitors_not_rerun', 'system_resources_not_exclusive', 'gpu_placement_metadata_only']"
trmm,cova_serial_cpu,default,initialization,observed,2.318218390981201,trmm,316658e292d02e63abcfdf443be60bbb58c10d82,1,1,3f94b2a3aeb62dabee33d3188a61d501e42975b8a01970dd7d3717b65c060956,9168af76f7b62c6873ac45e920743c46191f055c32ee6a1f1df2aba5ab399d7e,['cpu'],"['reference_not_ranking', 'historical_competitors_not_rerun', 'system_resources_not_exclusive']"
trmm,cova_serial_cpu,default,fresh_process,observed,0.24264217249583453,trmm,316658e292d02e63abcfdf443be60bbb58c10d82,2,2,3f94b2a3aeb62dabee33d3188a61d501e42975b8a01970dd7d3717b65c060956,9168af76f7b62c6873ac45e920743c46191f055c32ee6a1f1df2aba5ab399d7e,['cpu'],"['reference_not_ranking', 'historical_competitors_not_rerun', 'system_resources_not_exclusive']"
trmm,cova_serial_cpu,default,same_process,observed,0.29528514147386886,trmm,316658e292d02e63abcfdf443be60bbb58c10d82,6,3,3f94b2a3aeb62dabee33d3188a61d501e42975b8a01970dd7d3717b65c060956,9168af76f7b62c6873ac45e920743c46191f055c32ee6a1f1df2aba5ab399d7e,['cpu'],"['reference_not_ranking', 'historical_competitors_not_rerun', 'system_resources_not_exclusive']"
trmm,cova_openmp_cpu,default,initialization,observed,2.537940834998153,trmm,316658e292d02e63abcfdf443be60bbb58c10d82,1,1,3f94b2a3aeb62dabee33d3188a61d501e42975b8a01970dd7d3717b65c060956,9168af76f7b62c6873ac45e920743c46191f055c32ee6a1f1df2aba5ab399d7e,['cpu'],"['reference_not_ranking', 'historical_competitors_not_rerun', 'system_resources_not_exclusive']"
trmm,cova_openmp_cpu,default,fresh_process,observed,0.23433337750611827,trmm,316658e292d02e63abcfdf443be60bbb58c10d82,2,2,3f94b2a3aeb62dabee33d3188a61d501e42975b8a01970dd7d3717b65c060956,9168af76f7b62c6873ac45e920743c46191f055c32ee6a1f1df2aba5ab399d7e,['cpu'],"['reference_not_ranking', 'historical_competitors_not_rerun', 'system_resources_not_exclusive']"
trmm,cova_openmp_cpu,default,same_process,observed,0.29762402450433,trmm,316658e292d02e63abcfdf443be60bbb58c10d82,6,3,3f94b2a3aeb62dabee33d3188a61d501e42975b8a01970dd7d3717b65c060956,9168af76f7b62c6873ac45e920743c46191f055c32ee6a1f1df2aba5ab399d7e,['cpu'],"['reference_not_ranking', 'historical_competitors_not_rerun', 'system_resources_not_exclusive']"
trmm,cova_llvm_cpu_serial,default,initialization,observed,1.8030932340188883,trmm,316658e292d02e63abcfdf443be60bbb58c10d82,1,1,3f94b2a3aeb62dabee33d3188a61d501e42975b8a01970dd7d3717b65c060956,9168af76f7b62c6873ac45e920743c46191f055c32ee6a1f1df2aba5ab399d7e,['cpu'],"['reference_not_ranking', 'historical_competitors_not_rerun', 'system_resources_not_exclusive']"
trmm,cova_llvm_cpu_serial,default,fresh_process,observed,0.22582073649391532,trmm,316658e292d02e63abcfdf443be60bbb58c10d82,2,2,3f94b2a3aeb62dabee33d3188a61d501e42975b8a01970dd7d3717b65c060956,9168af76f7b62c6873ac45e920743c46191f055c32ee6a1f1df2aba5ab399d7e,['cpu'],"['reference_not_ranking', 'historical_competitors_not_rerun', 'system_resources_not_exclusive']"
trmm,cova_llvm_cpu_serial,default,same_process,observed,0.30403710901737213,trmm,316658e292d02e63abcfdf443be60bbb58c10d82,6,3,3f94b2a3aeb62dabee33d3188a61d501e42975b8a01970dd7d3717b65c060956,9168af76f7b62c6873ac45e920743c46191f055c32ee6a1f1df2aba5ab399d7e,['cpu'],"['reference_not_ranking', 'historical_competitors_not_rerun', 'system_resources_not_exclusive']"
trmm,cova_llvm_cpu,default,initialization,observed,2.0251573380082846,trmm,316658e292d02e63abcfdf443be60bbb58c10d82,1,1,3f94b2a3aeb62dabee33d3188a61d501e42975b8a01970dd7d3717b65c060956,9168af76f7b62c6873ac45e920743c46191f055c32ee6a1f1df2aba5ab399d7e,['cpu'],"['reference_not_ranking', 'historical_competitors_not_rerun', 'system_resources_not_exclusive']"
trmm,cova_llvm_cpu,default,fresh_process,observed,0.276078079972649,trmm,316658e292d02e63abcfdf443be60bbb58c10d82,2,2,3f94b2a3aeb62dabee33d3188a61d501e42975b8a01970dd7d3717b65c060956,9168af76f7b62c6873ac45e920743c46191f055c32ee6a1f1df2aba5ab399d7e,['cpu'],"['reference_not_ranking', 'historical_competitors_not_rerun', 'system_resources_not_exclusive']"
trmm,cova_llvm_cpu,default,same_process,observed,0.2958529715251643,trmm,316658e292d02e63abcfdf443be60bbb58c10d82,6,3,3f94b2a3aeb62dabee33d3188a61d501e42975b8a01970dd7d3717b65c060956,9168af76f7b62c6873ac45e920743c46191f055c32ee6a1f1df2aba5ab399d7e,['cpu'],"['reference_not_ranking', 'historical_competitors_not_rerun', 'system_resources_not_exclusive']"
trmm,cova_openmp_gpu,default,initialization,observed,4.692983162007295,trmm,316658e292d02e63abcfdf443be60bbb58c10d82,1,1,3f94b2a3aeb62dabee33d3188a61d501e42975b8a01970dd7d3717b65c060956,9168af76f7b62c6873ac45e920743c46191f055c32ee6a1f1df2aba5ab399d7e,['cpu'],"['reference_not_ranking', 'historical_competitors_not_rerun', 'system_resources_not_exclusive', 'gpu_placement_metadata_only']"
trmm,cova_openmp_gpu,default,fresh_process,observed,0.2783924874966033,trmm,316658e292d02e63abcfdf443be60bbb58c10d82,2,2,3f94b2a3aeb62dabee33d3188a61d501e42975b8a01970dd7d3717b65c060956,9168af76f7b62c6873ac45e920743c46191f055c32ee6a1f1df2aba5ab399d7e,['cpu'],"['reference_not_ranking', 'historical_competitors_not_rerun', 'system_resources_not_exclusive', 'gpu_placement_metadata_only']"
trmm,cova_openmp_gpu,default,same_process,observed,0.3475603745318949,trmm,316658e292d02e63abcfdf443be60bbb58c10d82,6,3,3f94b2a3aeb62dabee33d3188a61d501e42975b8a01970dd7d3717b65c060956,9168af76f7b62c6873ac45e920743c46191f055c32ee6a1f1df2aba5ab399d7e,['cpu'],"['reference_not_ranking', 'historical_competitors_not_rerun', 'system_resources_not_exclusive', 'gpu_placement_metadata_only']"
trmm,cova_llvm_gpu,default,initialization,observed,4.6066748179728165,trmm,316658e292d02e63abcfdf443be60bbb58c10d82,1,1,3f94b2a3aeb62dabee33d3188a61d501e42975b8a01970dd7d3717b65c060956,9168af76f7b62c6873ac45e920743c46191f055c32ee6a1f1df2aba5ab399d7e,['gpu'],"['reference_not_ranking', 'historical_competitors_not_rerun', 'system_resources_not_exclusive', 'gpu_placement_metadata_only']"
trmm,cova_llvm_gpu,default,fresh_process,observed,0.4546853369974997,trmm,316658e292d02e63abcfdf443be60bbb58c10d82,2,2,3f94b2a3aeb62dabee33d3188a61d501e42975b8a01970dd7d3717b65c060956,9168af76f7b62c6873ac45e920743c46191f055c32ee6a1f1df2aba5ab399d7e,['gpu'],"['reference_not_ranking', 'historical_competitors_not_rerun', 'system_resources_not_exclusive', 'gpu_placement_metadata_only']"
trmm,cova_llvm_gpu,default,same_process,observed,0.1285256769915577,trmm,316658e292d02e63abcfdf443be60bbb58c10d82,6,3,3f94b2a3aeb62dabee33d3188a61d501e42975b8a01970dd7d3717b65c060956,9168af76f7b62c6873ac45e920743c46191f055c32ee6a1f1df2aba5ab399d7e,['gpu'],"['reference_not_ranking', 'historical_competitors_not_rerun', 'system_resources_not_exclusive', 'gpu_placement_metadata_only']"
vadv,cova_serial_cpu,default,initialization,observed,13.125075337011367,vadv,316658e292d02e63abcfdf443be60bbb58c10d82,1,1,af48764eed52bcbfa917a57089296ce3be876f060430fae648ab359316609f14,300cff4f4ff45aa053437078a699f7f36c3a42bea19f7d989bd20911ef2050f4,['cpu'],"['reference_not_ranking', 'historical_competitors_not_rerun', 'system_resources_not_exclusive']"
vadv,cova_serial_cpu,default,fresh_process,observed,8.190408864989877,vadv,316658e292d02e63abcfdf443be60bbb58c10d82,2,2,af48764eed52bcbfa917a57089296ce3be876f060430fae648ab359316609f14,300cff4f4ff45aa053437078a699f7f36c3a42bea19f7d989bd20911ef2050f4,['cpu'],"['reference_not_ranking', 'historical_competitors_not_rerun', 'system_resources_not_exclusive']"
vadv,cova_serial_cpu,default,same_process,observed,8.690299648005748,vadv,316658e292d02e63abcfdf443be60bbb58c10d82,6,3,af48764eed52bcbfa917a57089296ce3be876f060430fae648ab359316609f14,300cff4f4ff45aa053437078a699f7f36c3a42bea19f7d989bd20911ef2050f4,['cpu'],"['reference_not_ranking', 'historical_competitors_not_rerun', 'system_resources_not_exclusive']"
vadv,cova_openmp_cpu,default,initialization,observed,13.276758230000269,vadv,316658e292d02e63abcfdf443be60bbb58c10d82,1,1,af48764eed52bcbfa917a57089296ce3be876f060430fae648ab359316609f14,300cff4f4ff45aa053437078a699f7f36c3a42bea19f7d989bd20911ef2050f4,['cpu'],"['reference_not_ranking', 'historical_competitors_not_rerun', 'system_resources_not_exclusive']"
vadv,cova_openmp_cpu,default,fresh_process,observed,8.481667411484523,vadv,316658e292d02e63abcfdf443be60bbb58c10d82,2,2,af48764eed52bcbfa917a57089296ce3be876f060430fae648ab359316609f14,300cff4f4ff45aa053437078a699f7f36c3a42bea19f7d989bd20911ef2050f4,['cpu'],"['reference_not_ranking', 'historical_competitors_not_rerun', 'system_resources_not_exclusive']"
vadv,cova_openmp_cpu,default,same_process,observed,8.37374873648514,vadv,316658e292d02e63abcfdf443be60bbb58c10d82,6,3,af48764eed52bcbfa917a57089296ce3be876f060430fae648ab359316609f14,300cff4f4ff45aa053437078a699f7f36c3a42bea19f7d989bd20911ef2050f4,['cpu'],"['reference_not_ranking', 'historical_competitors_not_rerun', 'system_resources_not_exclusive']"
vadv,cova_llvm_cpu_serial,default,initialization,observed,15.540741471981164,vadv,316658e292d02e63abcfdf443be60bbb58c10d82,1,1,af48764eed52bcbfa917a57089296ce3be876f060430fae648ab359316609f14,300cff4f4ff45aa053437078a699f7f36c3a42bea19f7d989bd20911ef2050f4,['cpu'],"['reference_not_ranking', 'historical_competitors_not_rerun', 'system_resources_not_exclusive']"
vadv,cova_llvm_cpu_serial,default,fresh_process,observed,9.051964716985822,vadv,316658e292d02e63abcfdf443be60bbb58c10d82,2,2,af48764eed52bcbfa917a57089296ce3be876f060430fae648ab359316609f14,300cff4f4ff45aa053437078a699f7f36c3a42bea19f7d989bd20911ef2050f4,['cpu'],"['reference_not_ranking', 'historical_competitors_not_rerun', 'system_resources_not_exclusive']"
vadv,cova_llvm_cpu_serial,default,same_process,observed,9.04239909548778,vadv,316658e292d02e63abcfdf443be60bbb58c10d82,6,3,af48764eed52bcbfa917a57089296ce3be876f060430fae648ab359316609f14,300cff4f4ff45aa053437078a699f7f36c3a42bea19f7d989bd20911ef2050f4,['cpu'],"['reference_not_ranking', 'historical_competitors_not_rerun', 'system_resources_not_exclusive']"
vadv,cova_llvm_cpu,default,initialization,observed,10.153332941001281,vadv,316658e292d02e63abcfdf443be60bbb58c10d82,1,1,af48764eed52bcbfa917a57089296ce3be876f060430fae648ab359316609f14,300cff4f4ff45aa053437078a699f7f36c3a42bea19f7d989bd20911ef2050f4,['cpu'],"['reference_not_ranking', 'historical_competitors_not_rerun', 'system_resources_not_exclusive']"
vadv,cova_llvm_cpu,default,fresh_process,observed,4.24540311502642,vadv,316658e292d02e63abcfdf443be60bbb58c10d82,2,2,af48764eed52bcbfa917a57089296ce3be876f060430fae648ab359316609f14,300cff4f4ff45aa053437078a699f7f36c3a42bea19f7d989bd20911ef2050f4,['cpu'],"['reference_not_ranking', 'historical_competitors_not_rerun', 'system_resources_not_exclusive']"
vadv,cova_llvm_cpu,default,same_process,observed,3.515826132002985,vadv,316658e292d02e63abcfdf443be60bbb58c10d82,6,3,af48764eed52bcbfa917a57089296ce3be876f060430fae648ab359316609f14,300cff4f4ff45aa053437078a699f7f36c3a42bea19f7d989bd20911ef2050f4,['cpu'],"['reference_not_ranking', 'historical_competitors_not_rerun', 'system_resources_not_exclusive']"
vadv,cova_openmp_gpu,default,initialization,observed,19.447194497974124,vadv,316658e292d02e63abcfdf443be60bbb58c10d82,1,1,af48764eed52bcbfa917a57089296ce3be876f060430fae648ab359316609f14,300cff4f4ff45aa053437078a699f7f36c3a42bea19f7d989bd20911ef2050f4,['cpu'],"['reference_not_ranking', 'historical_competitors_not_rerun', 'system_resources_not_exclusive', 'gpu_placement_metadata_only']"
vadv,cova_openmp_gpu,default,fresh_process,observed,9.880808985995827,vadv,316658e292d02e63abcfdf443be60bbb58c10d82,2,2,af48764eed52bcbfa917a57089296ce3be876f060430fae648ab359316609f14,300cff4f4ff45aa053437078a699f7f36c3a42bea19f7d989bd20911ef2050f4,['cpu'],"['reference_not_ranking', 'historical_competitors_not_rerun', 'system_resources_not_exclusive', 'gpu_placement_metadata_only']"
vadv,cova_openmp_gpu,default,same_process,observed,9.330146232008701,vadv,316658e292d02e63abcfdf443be60bbb58c10d82,6,3,af48764eed52bcbfa917a57089296ce3be876f060430fae648ab359316609f14,300cff4f4ff45aa053437078a699f7f36c3a42bea19f7d989bd20911ef2050f4,['cpu'],"['reference_not_ranking', 'historical_competitors_not_rerun', 'system_resources_not_exclusive', 'gpu_placement_metadata_only']"
vadv,cova_llvm_gpu,default,initialization,observed,15.222940915031359,vadv,316658e292d02e63abcfdf443be60bbb58c10d82,1,1,af48764eed52bcbfa917a57089296ce3be876f060430fae648ab359316609f14,300cff4f4ff45aa053437078a699f7f36c3a42bea19f7d989bd20911ef2050f4,['mixed'],"['reference_not_ranking', 'historical_competitors_not_rerun', 'system_resources_not_exclusive', 'gpu_placement_metadata_only']"
vadv,cova_llvm_gpu,default,fresh_process,observed,8.974560941016534,vadv,316658e292d02e63abcfdf443be60bbb58c10d82,2,2,af48764eed52bcbfa917a57089296ce3be876f060430fae648ab359316609f14,300cff4f4ff45aa053437078a699f7f36c3a42bea19f7d989bd20911ef2050f4,['mixed'],"['reference_not_ranking', 'historical_competitors_not_rerun', 'system_resources_not_exclusive', 'gpu_placement_metadata_only']"
vadv,cova_llvm_gpu,default,same_process,observed,8.615951849526027,vadv,316658e292d02e63abcfdf443be60bbb58c10d82,6,3,af48764eed52bcbfa917a57089296ce3be876f060430fae648ab359316609f14,300cff4f4ff45aa053437078a699f7f36c3a42bea19f7d989bd20911ef2050f4,['mixed'],"['reference_not_ranking', 'historical_competitors_not_rerun', 'system_resources_not_exclusive', 'gpu_placement_metadata_only']"
