benchmark,framework,implementation,phase,state,seconds,source_benchmark,source_version,samples,processes,golden_key,golden_sha256,reported_devices,restriction_reasons
adi_corrected,numpy,default,initialization,observed,1.8617148509947583,adi_corrected,1.26.4,1,1,72849b544ae3b8773b18c95384e36f194ea524782f4feabfed03a3b4194872e9,44fae57bf7759f2639279283ba275bd89bd5df1bf8f5d46bee32e1d87e87c452,,"['reference_not_ranking', 'single_initialization_observation']"
adi_corrected,numpy,default,fresh_process,observed,1.6776286999811418,adi_corrected,1.26.4,2,2,72849b544ae3b8773b18c95384e36f194ea524782f4feabfed03a3b4194872e9,44fae57bf7759f2639279283ba275bd89bd5df1bf8f5d46bee32e1d87e87c452,,"['reference_not_ranking', 'single_initialization_observation']"
adi_corrected,numpy,default,same_process,observed,1.4919355864985846,adi_corrected,1.26.4,6,3,72849b544ae3b8773b18c95384e36f194ea524782f4feabfed03a3b4194872e9,44fae57bf7759f2639279283ba275bd89bd5df1bf8f5d46bee32e1d87e87c452,,"['reference_not_ranking', 'single_initialization_observation']"
adi_corrected,numba,nopython-mode,initialization,observed,4.7516186779830605,adi_corrected,0.65.1,1,1,72849b544ae3b8773b18c95384e36f194ea524782f4feabfed03a3b4194872e9,44fae57bf7759f2639279283ba275bd89bd5df1bf8f5d46bee32e1d87e87c452,,"['reference_not_ranking', 'single_initialization_observation']"
adi_corrected,numba,nopython-mode,fresh_process,observed,0.7026482684887014,adi_corrected,0.65.1,2,2,72849b544ae3b8773b18c95384e36f194ea524782f4feabfed03a3b4194872e9,44fae57bf7759f2639279283ba275bd89bd5df1bf8f5d46bee32e1d87e87c452,,"['reference_not_ranking', 'single_initialization_observation']"
adi_corrected,numba,nopython-mode,same_process,observed,0.4383886499563232,adi_corrected,0.65.1,6,3,72849b544ae3b8773b18c95384e36f194ea524782f4feabfed03a3b4194872e9,44fae57bf7759f2639279283ba275bd89bd5df1bf8f5d46bee32e1d87e87c452,,"['reference_not_ranking', 'single_initialization_observation']"
adi_corrected,numba,nopython-mode-parallel,initialization,observed,25.267905333079398,adi_corrected,0.65.1,1,1,72849b544ae3b8773b18c95384e36f194ea524782f4feabfed03a3b4194872e9,44fae57bf7759f2639279283ba275bd89bd5df1bf8f5d46bee32e1d87e87c452,,"['reference_not_ranking', 'single_initialization_observation']"
adi_corrected,numba,nopython-mode-parallel,fresh_process,observed,20.171190432505682,adi_corrected,0.65.1,2,2,72849b544ae3b8773b18c95384e36f194ea524782f4feabfed03a3b4194872e9,44fae57bf7759f2639279283ba275bd89bd5df1bf8f5d46bee32e1d87e87c452,,"['reference_not_ranking', 'single_initialization_observation']"
adi_corrected,numba,nopython-mode-parallel,same_process,observed,18.08914197946433,adi_corrected,0.65.1,6,3,72849b544ae3b8773b18c95384e36f194ea524782f4feabfed03a3b4194872e9,44fae57bf7759f2639279283ba275bd89bd5df1bf8f5d46bee32e1d87e87c452,,"['reference_not_ranking', 'single_initialization_observation']"
adi_corrected,numba,nopython-mode-parallel-range,initialization,N/A,,,,0,0,,,,
adi_corrected,numba,nopython-mode-parallel-range,fresh_process,N/A,,,,0,0,,,,
adi_corrected,numba,nopython-mode-parallel-range,same_process,N/A,,,,0,0,,,,
adi_corrected,numba,object-mode,initialization,N/A,,,,0,0,,,,
adi_corrected,numba,object-mode,fresh_process,N/A,,,,0,0,,,,
adi_corrected,numba,object-mode,same_process,N/A,,,,0,0,,,,
adi_corrected,numba,object-mode-parallel,initialization,N/A,,,,0,0,,,,
adi_corrected,numba,object-mode-parallel,fresh_process,N/A,,,,0,0,,,,
adi_corrected,numba,object-mode-parallel,same_process,N/A,,,,0,0,,,,
adi_corrected,numba,object-mode-parallel-range,initialization,N/A,,,,0,0,,,,
adi_corrected,numba,object-mode-parallel-range,fresh_process,N/A,,,,0,0,,,,
adi_corrected,numba,object-mode-parallel-range,same_process,N/A,,,,0,0,,,,
adi_corrected,dace_cpu,fusion,initialization,observed,19.886901824036613,adi_corrected,1.0.2,1,1,72849b544ae3b8773b18c95384e36f194ea524782f4feabfed03a3b4194872e9,44fae57bf7759f2639279283ba275bd89bd5df1bf8f5d46bee32e1d87e87c452,,"['reference_not_ranking', 'single_initialization_observation']"
adi_corrected,dace_cpu,fusion,fresh_process,observed,9.070213633938693,adi_corrected,1.0.2,2,2,72849b544ae3b8773b18c95384e36f194ea524782f4feabfed03a3b4194872e9,44fae57bf7759f2639279283ba275bd89bd5df1bf8f5d46bee32e1d87e87c452,,"['reference_not_ranking', 'single_initialization_observation']"
adi_corrected,dace_cpu,fusion,same_process,observed,10.036490733968094,adi_corrected,1.0.2,6,3,72849b544ae3b8773b18c95384e36f194ea524782f4feabfed03a3b4194872e9,44fae57bf7759f2639279283ba275bd89bd5df1bf8f5d46bee32e1d87e87c452,,"['reference_not_ranking', 'single_initialization_observation']"
adi_corrected,dace_cpu,parallel,initialization,observed,21.088188824011013,adi_corrected,1.0.2,1,1,72849b544ae3b8773b18c95384e36f194ea524782f4feabfed03a3b4194872e9,44fae57bf7759f2639279283ba275bd89bd5df1bf8f5d46bee32e1d87e87c452,,"['reference_not_ranking', 'single_initialization_observation']"
adi_corrected,dace_cpu,parallel,fresh_process,observed,9.016296790505294,adi_corrected,1.0.2,2,2,72849b544ae3b8773b18c95384e36f194ea524782f4feabfed03a3b4194872e9,44fae57bf7759f2639279283ba275bd89bd5df1bf8f5d46bee32e1d87e87c452,,"['reference_not_ranking', 'single_initialization_observation']"
adi_corrected,dace_cpu,parallel,same_process,observed,9.946912163461093,adi_corrected,1.0.2,6,3,72849b544ae3b8773b18c95384e36f194ea524782f4feabfed03a3b4194872e9,44fae57bf7759f2639279283ba275bd89bd5df1bf8f5d46bee32e1d87e87c452,,"['reference_not_ranking', 'single_initialization_observation']"
adi_corrected,dace_cpu,auto_opt,initialization,observed,22.516536302980967,adi_corrected,1.0.2,1,1,72849b544ae3b8773b18c95384e36f194ea524782f4feabfed03a3b4194872e9,44fae57bf7759f2639279283ba275bd89bd5df1bf8f5d46bee32e1d87e87c452,,"['reference_not_ranking', 'single_initialization_observation']"
adi_corrected,dace_cpu,auto_opt,fresh_process,observed,7.187866584514268,adi_corrected,1.0.2,2,2,72849b544ae3b8773b18c95384e36f194ea524782f4feabfed03a3b4194872e9,44fae57bf7759f2639279283ba275bd89bd5df1bf8f5d46bee32e1d87e87c452,,"['reference_not_ranking', 'single_initialization_observation']"
adi_corrected,dace_cpu,auto_opt,same_process,observed,6.468239915498998,adi_corrected,1.0.2,6,3,72849b544ae3b8773b18c95384e36f194ea524782f4feabfed03a3b4194872e9,44fae57bf7759f2639279283ba275bd89bd5df1bf8f5d46bee32e1d87e87c452,,"['reference_not_ranking', 'single_initialization_observation']"
adi_corrected,dace_gpu,fusion,initialization,observed,31.415161788929254,adi_corrected,1.0.2,1,1,72849b544ae3b8773b18c95384e36f194ea524782f4feabfed03a3b4194872e9,44fae57bf7759f2639279283ba275bd89bd5df1bf8f5d46bee32e1d87e87c452,,"['reference_not_ranking', 'single_initialization_observation']"
adi_corrected,dace_gpu,fusion,fresh_process,observed,3.8602975364774466,adi_corrected,1.0.2,2,2,72849b544ae3b8773b18c95384e36f194ea524782f4feabfed03a3b4194872e9,44fae57bf7759f2639279283ba275bd89bd5df1bf8f5d46bee32e1d87e87c452,,"['reference_not_ranking', 'single_initialization_observation']"
adi_corrected,dace_gpu,fusion,same_process,observed,2.6058889194973744,adi_corrected,1.0.2,6,3,72849b544ae3b8773b18c95384e36f194ea524782f4feabfed03a3b4194872e9,44fae57bf7759f2639279283ba275bd89bd5df1bf8f5d46bee32e1d87e87c452,,"['reference_not_ranking', 'single_initialization_observation']"
adi_corrected,dace_gpu,parallel,initialization,observed,31.914075816981494,adi_corrected,1.0.2,1,1,72849b544ae3b8773b18c95384e36f194ea524782f4feabfed03a3b4194872e9,44fae57bf7759f2639279283ba275bd89bd5df1bf8f5d46bee32e1d87e87c452,,"['reference_not_ranking', 'single_initialization_observation']"
adi_corrected,dace_gpu,parallel,fresh_process,observed,4.059993290982675,adi_corrected,1.0.2,2,2,72849b544ae3b8773b18c95384e36f194ea524782f4feabfed03a3b4194872e9,44fae57bf7759f2639279283ba275bd89bd5df1bf8f5d46bee32e1d87e87c452,,"['reference_not_ranking', 'single_initialization_observation']"
adi_corrected,dace_gpu,parallel,same_process,observed,2.236473958939314,adi_corrected,1.0.2,6,3,72849b544ae3b8773b18c95384e36f194ea524782f4feabfed03a3b4194872e9,44fae57bf7759f2639279283ba275bd89bd5df1bf8f5d46bee32e1d87e87c452,,"['reference_not_ranking', 'single_initialization_observation']"
adi_corrected,dace_gpu,auto_opt,initialization,observed,34.705468534026295,adi_corrected,1.0.2,1,1,72849b544ae3b8773b18c95384e36f194ea524782f4feabfed03a3b4194872e9,44fae57bf7759f2639279283ba275bd89bd5df1bf8f5d46bee32e1d87e87c452,,"['reference_not_ranking', 'single_initialization_observation']"
adi_corrected,dace_gpu,auto_opt,fresh_process,observed,3.346339674491901,adi_corrected,1.0.2,2,2,72849b544ae3b8773b18c95384e36f194ea524782f4feabfed03a3b4194872e9,44fae57bf7759f2639279283ba275bd89bd5df1bf8f5d46bee32e1d87e87c452,,"['reference_not_ranking', 'single_initialization_observation']"
adi_corrected,dace_gpu,auto_opt,same_process,observed,1.5349900349974632,adi_corrected,1.0.2,6,3,72849b544ae3b8773b18c95384e36f194ea524782f4feabfed03a3b4194872e9,44fae57bf7759f2639279283ba275bd89bd5df1bf8f5d46bee32e1d87e87c452,,"['reference_not_ranking', 'single_initialization_observation']"
adi_corrected,cupy,default,initialization,observed,14.717589439009316,adi_corrected,13.6.0,1,1,72849b544ae3b8773b18c95384e36f194ea524782f4feabfed03a3b4194872e9,44fae57bf7759f2639279283ba275bd89bd5df1bf8f5d46bee32e1d87e87c452,,"['reference_not_ranking', 'single_initialization_observation']"
adi_corrected,cupy,default,fresh_process,observed,13.91333334747469,adi_corrected,13.6.0,2,2,72849b544ae3b8773b18c95384e36f194ea524782f4feabfed03a3b4194872e9,44fae57bf7759f2639279283ba275bd89bd5df1bf8f5d46bee32e1d87e87c452,,"['reference_not_ranking', 'single_initialization_observation']"
adi_corrected,cupy,default,same_process,observed,13.375243200047407,adi_corrected,13.6.0,6,3,72849b544ae3b8773b18c95384e36f194ea524782f4feabfed03a3b4194872e9,44fae57bf7759f2639279283ba275bd89bd5df1bf8f5d46bee32e1d87e87c452,,"['reference_not_ranking', 'single_initialization_observation']"
arc_distance,numpy,default,initialization,observed,0.8528104219585657,arc_distance,1.26.4,1,1,d2c2cc16a18a69316144dced56e13ec50585fb90292fd8c9251b0cd2d83afd8e,c9a5d51d680eeff18f5d5e1a8bd8a4acc4d771e072238396fee0333ed61696be,,"['reference_not_ranking', 'single_initialization_observation']"
arc_distance,numpy,default,fresh_process,observed,0.7719849579734728,arc_distance,1.26.4,2,2,d2c2cc16a18a69316144dced56e13ec50585fb90292fd8c9251b0cd2d83afd8e,c9a5d51d680eeff18f5d5e1a8bd8a4acc4d771e072238396fee0333ed61696be,,"['reference_not_ranking', 'single_initialization_observation']"
arc_distance,numpy,default,same_process,observed,1.0535228769294918,arc_distance,1.26.4,6,3,d2c2cc16a18a69316144dced56e13ec50585fb90292fd8c9251b0cd2d83afd8e,c9a5d51d680eeff18f5d5e1a8bd8a4acc4d771e072238396fee0333ed61696be,,"['reference_not_ranking', 'single_initialization_observation']"
arc_distance,numba,nopython-mode,initialization,observed,1.3653645209269598,arc_distance,0.65.1,1,1,d2c2cc16a18a69316144dced56e13ec50585fb90292fd8c9251b0cd2d83afd8e,c9a5d51d680eeff18f5d5e1a8bd8a4acc4d771e072238396fee0333ed61696be,,"['reference_not_ranking', 'single_initialization_observation']"
arc_distance,numba,nopython-mode,fresh_process,observed,1.1579998035449535,arc_distance,0.65.1,2,2,d2c2cc16a18a69316144dced56e13ec50585fb90292fd8c9251b0cd2d83afd8e,c9a5d51d680eeff18f5d5e1a8bd8a4acc4d771e072238396fee0333ed61696be,,"['reference_not_ranking', 'single_initialization_observation']"
arc_distance,numba,nopython-mode,same_process,observed,0.9725195634528063,arc_distance,0.65.1,6,3,d2c2cc16a18a69316144dced56e13ec50585fb90292fd8c9251b0cd2d83afd8e,c9a5d51d680eeff18f5d5e1a8bd8a4acc4d771e072238396fee0333ed61696be,,"['reference_not_ranking', 'single_initialization_observation']"
arc_distance,numba,nopython-mode-parallel,initialization,observed,1.0198046950390562,arc_distance,0.65.1,1,1,d2c2cc16a18a69316144dced56e13ec50585fb90292fd8c9251b0cd2d83afd8e,c9a5d51d680eeff18f5d5e1a8bd8a4acc4d771e072238396fee0333ed61696be,,"['reference_not_ranking', 'single_initialization_observation']"
arc_distance,numba,nopython-mode-parallel,fresh_process,observed,0.41544100549072027,arc_distance,0.65.1,2,2,d2c2cc16a18a69316144dced56e13ec50585fb90292fd8c9251b0cd2d83afd8e,c9a5d51d680eeff18f5d5e1a8bd8a4acc4d771e072238396fee0333ed61696be,,"['reference_not_ranking', 'single_initialization_observation']"
arc_distance,numba,nopython-mode-parallel,same_process,observed,0.026780702464748174,arc_distance,0.65.1,6,3,d2c2cc16a18a69316144dced56e13ec50585fb90292fd8c9251b0cd2d83afd8e,c9a5d51d680eeff18f5d5e1a8bd8a4acc4d771e072238396fee0333ed61696be,,"['reference_not_ranking', 'single_initialization_observation']"
arc_distance,numba,nopython-mode-parallel-range,initialization,N/A,,,,0,0,,,,
arc_distance,numba,nopython-mode-parallel-range,fresh_process,N/A,,,,0,0,,,,
arc_distance,numba,nopython-mode-parallel-range,same_process,N/A,,,,0,0,,,,
arc_distance,numba,object-mode,initialization,N/A,,,,0,0,,,,
arc_distance,numba,object-mode,fresh_process,N/A,,,,0,0,,,,
arc_distance,numba,object-mode,same_process,N/A,,,,0,0,,,,
arc_distance,numba,object-mode-parallel,initialization,N/A,,,,0,0,,,,
arc_distance,numba,object-mode-parallel,fresh_process,N/A,,,,0,0,,,,
arc_distance,numba,object-mode-parallel,same_process,N/A,,,,0,0,,,,
arc_distance,numba,object-mode-parallel-range,initialization,N/A,,,,0,0,,,,
arc_distance,numba,object-mode-parallel-range,fresh_process,N/A,,,,0,0,,,,
arc_distance,numba,object-mode-parallel-range,same_process,N/A,,,,0,0,,,,
arc_distance,dace_cpu,fusion,initialization,observed,7.6199863438960165,arc_distance,1.0.2,1,1,d2c2cc16a18a69316144dced56e13ec50585fb90292fd8c9251b0cd2d83afd8e,c9a5d51d680eeff18f5d5e1a8bd8a4acc4d771e072238396fee0333ed61696be,,"['reference_not_ranking', 'single_initialization_observation']"
arc_distance,dace_cpu,fusion,fresh_process,observed,0.13138587499270216,arc_distance,1.0.2,2,2,d2c2cc16a18a69316144dced56e13ec50585fb90292fd8c9251b0cd2d83afd8e,c9a5d51d680eeff18f5d5e1a8bd8a4acc4d771e072238396fee0333ed61696be,,"['reference_not_ranking', 'single_initialization_observation']"
arc_distance,dace_cpu,fusion,same_process,observed,0.04392063553677872,arc_distance,1.0.2,6,3,d2c2cc16a18a69316144dced56e13ec50585fb90292fd8c9251b0cd2d83afd8e,c9a5d51d680eeff18f5d5e1a8bd8a4acc4d771e072238396fee0333ed61696be,,"['reference_not_ranking', 'single_initialization_observation']"
arc_distance,dace_cpu,parallel,initialization,observed,7.227005925960839,arc_distance,1.0.2,1,1,d2c2cc16a18a69316144dced56e13ec50585fb90292fd8c9251b0cd2d83afd8e,c9a5d51d680eeff18f5d5e1a8bd8a4acc4d771e072238396fee0333ed61696be,,"['reference_not_ranking', 'single_initialization_observation']"
arc_distance,dace_cpu,parallel,fresh_process,observed,0.0975316425319761,arc_distance,1.0.2,2,2,d2c2cc16a18a69316144dced56e13ec50585fb90292fd8c9251b0cd2d83afd8e,c9a5d51d680eeff18f5d5e1a8bd8a4acc4d771e072238396fee0333ed61696be,,"['reference_not_ranking', 'single_initialization_observation']"
arc_distance,dace_cpu,parallel,same_process,observed,0.027431144437287003,arc_distance,1.0.2,6,3,d2c2cc16a18a69316144dced56e13ec50585fb90292fd8c9251b0cd2d83afd8e,c9a5d51d680eeff18f5d5e1a8bd8a4acc4d771e072238396fee0333ed61696be,,"['reference_not_ranking', 'single_initialization_observation']"
arc_distance,dace_cpu,auto_opt,initialization,observed,7.099099402083084,arc_distance,1.0.2,1,1,d2c2cc16a18a69316144dced56e13ec50585fb90292fd8c9251b0cd2d83afd8e,c9a5d51d680eeff18f5d5e1a8bd8a4acc4d771e072238396fee0333ed61696be,,"['reference_not_ranking', 'single_initialization_observation']"
arc_distance,dace_cpu,auto_opt,fresh_process,observed,0.120930019475054,arc_distance,1.0.2,2,2,d2c2cc16a18a69316144dced56e13ec50585fb90292fd8c9251b0cd2d83afd8e,c9a5d51d680eeff18f5d5e1a8bd8a4acc4d771e072238396fee0333ed61696be,,"['reference_not_ranking', 'single_initialization_observation']"
arc_distance,dace_cpu,auto_opt,same_process,observed,0.030286409019026905,arc_distance,1.0.2,6,3,d2c2cc16a18a69316144dced56e13ec50585fb90292fd8c9251b0cd2d83afd8e,c9a5d51d680eeff18f5d5e1a8bd8a4acc4d771e072238396fee0333ed61696be,,"['reference_not_ranking', 'single_initialization_observation']"
arc_distance,dace_gpu,fusion,initialization,observed,25.03768188599497,arc_distance,1.0.2,1,1,d2c2cc16a18a69316144dced56e13ec50585fb90292fd8c9251b0cd2d83afd8e,c9a5d51d680eeff18f5d5e1a8bd8a4acc4d771e072238396fee0333ed61696be,,"['reference_not_ranking', 'single_initialization_observation']"
arc_distance,dace_gpu,fusion,fresh_process,observed,1.2677568414364941,arc_distance,1.0.2,2,2,d2c2cc16a18a69316144dced56e13ec50585fb90292fd8c9251b0cd2d83afd8e,c9a5d51d680eeff18f5d5e1a8bd8a4acc4d771e072238396fee0333ed61696be,,"['reference_not_ranking', 'single_initialization_observation']"
arc_distance,dace_gpu,fusion,same_process,observed,0.08115253056166694,arc_distance,1.0.2,6,3,d2c2cc16a18a69316144dced56e13ec50585fb90292fd8c9251b0cd2d83afd8e,c9a5d51d680eeff18f5d5e1a8bd8a4acc4d771e072238396fee0333ed61696be,,"['reference_not_ranking', 'single_initialization_observation']"
arc_distance,dace_gpu,parallel,initialization,observed,24.082690078997985,arc_distance,1.0.2,1,1,d2c2cc16a18a69316144dced56e13ec50585fb90292fd8c9251b0cd2d83afd8e,c9a5d51d680eeff18f5d5e1a8bd8a4acc4d771e072238396fee0333ed61696be,,"['reference_not_ranking', 'single_initialization_observation']"
arc_distance,dace_gpu,parallel,fresh_process,observed,1.3054702680092305,arc_distance,1.0.2,2,2,d2c2cc16a18a69316144dced56e13ec50585fb90292fd8c9251b0cd2d83afd8e,c9a5d51d680eeff18f5d5e1a8bd8a4acc4d771e072238396fee0333ed61696be,,"['reference_not_ranking', 'single_initialization_observation']"
arc_distance,dace_gpu,parallel,same_process,observed,0.07399058248847723,arc_distance,1.0.2,6,3,d2c2cc16a18a69316144dced56e13ec50585fb90292fd8c9251b0cd2d83afd8e,c9a5d51d680eeff18f5d5e1a8bd8a4acc4d771e072238396fee0333ed61696be,,"['reference_not_ranking', 'single_initialization_observation']"
arc_distance,dace_gpu,auto_opt,initialization,observed,23.79471549205482,arc_distance,1.0.2,1,1,d2c2cc16a18a69316144dced56e13ec50585fb90292fd8c9251b0cd2d83afd8e,c9a5d51d680eeff18f5d5e1a8bd8a4acc4d771e072238396fee0333ed61696be,,"['reference_not_ranking', 'single_initialization_observation']"
arc_distance,dace_gpu,auto_opt,fresh_process,observed,1.265567727969028,arc_distance,1.0.2,2,2,d2c2cc16a18a69316144dced56e13ec50585fb90292fd8c9251b0cd2d83afd8e,c9a5d51d680eeff18f5d5e1a8bd8a4acc4d771e072238396fee0333ed61696be,,"['reference_not_ranking', 'single_initialization_observation']"
arc_distance,dace_gpu,auto_opt,same_process,observed,0.06611115200212225,arc_distance,1.0.2,6,3,d2c2cc16a18a69316144dced56e13ec50585fb90292fd8c9251b0cd2d83afd8e,c9a5d51d680eeff18f5d5e1a8bd8a4acc4d771e072238396fee0333ed61696be,,"['reference_not_ranking', 'single_initialization_observation']"
arc_distance,cupy,default,initialization,observed,1.9996621729806066,arc_distance,13.6.0,1,1,d2c2cc16a18a69316144dced56e13ec50585fb90292fd8c9251b0cd2d83afd8e,c9a5d51d680eeff18f5d5e1a8bd8a4acc4d771e072238396fee0333ed61696be,,"['reference_not_ranking', 'single_initialization_observation']"
arc_distance,cupy,default,fresh_process,observed,0.6443345570005476,arc_distance,13.6.0,2,2,d2c2cc16a18a69316144dced56e13ec50585fb90292fd8c9251b0cd2d83afd8e,c9a5d51d680eeff18f5d5e1a8bd8a4acc4d771e072238396fee0333ed61696be,,"['reference_not_ranking', 'single_initialization_observation']"
arc_distance,cupy,default,same_process,observed,0.10135455703129992,arc_distance,13.6.0,6,3,d2c2cc16a18a69316144dced56e13ec50585fb90292fd8c9251b0cd2d83afd8e,c9a5d51d680eeff18f5d5e1a8bd8a4acc4d771e072238396fee0333ed61696be,,"['reference_not_ranking', 'single_initialization_observation']"
atax,numpy,default,initialization,observed,0.1802580850198865,atax,1.26.4,1,1,68c6513b767fc4fe61dbe15c9629b1ea75eae7d2a20436521c52c551d6698648,30d1cbd8bc811b325570c9fdb182323781764974a74f27916f06ba12e9a7baef,,"['reference_not_ranking', 'single_initialization_observation']"
atax,numpy,default,fresh_process,observed,0.15425369999138638,atax,1.26.4,2,2,68c6513b767fc4fe61dbe15c9629b1ea75eae7d2a20436521c52c551d6698648,30d1cbd8bc811b325570c9fdb182323781764974a74f27916f06ba12e9a7baef,,"['reference_not_ranking', 'single_initialization_observation']"
atax,numpy,default,same_process,observed,0.16557515255408362,atax,1.26.4,6,3,68c6513b767fc4fe61dbe15c9629b1ea75eae7d2a20436521c52c551d6698648,30d1cbd8bc811b325570c9fdb182323781764974a74f27916f06ba12e9a7baef,,"['reference_not_ranking', 'single_initialization_observation']"
atax,numba,nopython-mode,initialization,observed,2.1583296690369025,atax,0.65.1,1,1,68c6513b767fc4fe61dbe15c9629b1ea75eae7d2a20436521c52c551d6698648,30d1cbd8bc811b325570c9fdb182323781764974a74f27916f06ba12e9a7baef,,"['reference_not_ranking', 'single_initialization_observation']"
atax,numba,nopython-mode,fresh_process,observed,0.46497160446597263,atax,0.65.1,2,2,68c6513b767fc4fe61dbe15c9629b1ea75eae7d2a20436521c52c551d6698648,30d1cbd8bc811b325570c9fdb182323781764974a74f27916f06ba12e9a7baef,,"['reference_not_ranking', 'single_initialization_observation']"
atax,numba,nopython-mode,same_process,observed,0.15392254246398807,atax,0.65.1,6,3,68c6513b767fc4fe61dbe15c9629b1ea75eae7d2a20436521c52c551d6698648,30d1cbd8bc811b325570c9fdb182323781764974a74f27916f06ba12e9a7baef,,"['reference_not_ranking', 'single_initialization_observation']"
atax,numba,nopython-mode-parallel,initialization,observed,1.0592429699609056,atax,0.65.1,1,1,68c6513b767fc4fe61dbe15c9629b1ea75eae7d2a20436521c52c551d6698648,30d1cbd8bc811b325570c9fdb182323781764974a74f27916f06ba12e9a7baef,,"['reference_not_ranking', 'single_initialization_observation']"
atax,numba,nopython-mode-parallel,fresh_process,observed,0.41542251250939444,atax,0.65.1,2,2,68c6513b767fc4fe61dbe15c9629b1ea75eae7d2a20436521c52c551d6698648,30d1cbd8bc811b325570c9fdb182323781764974a74f27916f06ba12e9a7baef,,"['reference_not_ranking', 'single_initialization_observation']"
atax,numba,nopython-mode-parallel,same_process,observed,0.15341476094909012,atax,0.65.1,6,3,68c6513b767fc4fe61dbe15c9629b1ea75eae7d2a20436521c52c551d6698648,30d1cbd8bc811b325570c9fdb182323781764974a74f27916f06ba12e9a7baef,,"['reference_not_ranking', 'single_initialization_observation']"
atax,numba,nopython-mode-parallel-range,initialization,N/A,,,,0,0,,,,
atax,numba,nopython-mode-parallel-range,fresh_process,N/A,,,,0,0,,,,
atax,numba,nopython-mode-parallel-range,same_process,N/A,,,,0,0,,,,
atax,numba,object-mode,initialization,N/A,,,,0,0,,,,
atax,numba,object-mode,fresh_process,N/A,,,,0,0,,,,
atax,numba,object-mode,same_process,N/A,,,,0,0,,,,
atax,numba,object-mode-parallel,initialization,N/A,,,,0,0,,,,
atax,numba,object-mode-parallel,fresh_process,N/A,,,,0,0,,,,
atax,numba,object-mode-parallel,same_process,N/A,,,,0,0,,,,
atax,numba,object-mode-parallel-range,initialization,N/A,,,,0,0,,,,
atax,numba,object-mode-parallel-range,fresh_process,N/A,,,,0,0,,,,
atax,numba,object-mode-parallel-range,same_process,N/A,,,,0,0,,,,
atax,dace_cpu,fusion,initialization,observed,8.320815364946611,atax,1.0.2,1,1,68c6513b767fc4fe61dbe15c9629b1ea75eae7d2a20436521c52c551d6698648,30d1cbd8bc811b325570c9fdb182323781764974a74f27916f06ba12e9a7baef,,"['reference_not_ranking', 'single_initialization_observation']"
atax,dace_cpu,fusion,fresh_process,observed,0.22091644944157451,atax,1.0.2,2,2,68c6513b767fc4fe61dbe15c9629b1ea75eae7d2a20436521c52c551d6698648,30d1cbd8bc811b325570c9fdb182323781764974a74f27916f06ba12e9a7baef,,"['reference_not_ranking', 'single_initialization_observation']"
atax,dace_cpu,fusion,same_process,observed,0.16132200852734968,atax,1.0.2,6,3,68c6513b767fc4fe61dbe15c9629b1ea75eae7d2a20436521c52c551d6698648,30d1cbd8bc811b325570c9fdb182323781764974a74f27916f06ba12e9a7baef,,"['reference_not_ranking', 'single_initialization_observation']"
atax,dace_cpu,parallel,initialization,observed,8.137763743055984,atax,1.0.2,1,1,68c6513b767fc4fe61dbe15c9629b1ea75eae7d2a20436521c52c551d6698648,30d1cbd8bc811b325570c9fdb182323781764974a74f27916f06ba12e9a7baef,,"['reference_not_ranking', 'single_initialization_observation']"
atax,dace_cpu,parallel,fresh_process,observed,0.2518415005179122,atax,1.0.2,2,2,68c6513b767fc4fe61dbe15c9629b1ea75eae7d2a20436521c52c551d6698648,30d1cbd8bc811b325570c9fdb182323781764974a74f27916f06ba12e9a7baef,,"['reference_not_ranking', 'single_initialization_observation']"
atax,dace_cpu,parallel,same_process,observed,0.15491305652540177,atax,1.0.2,6,3,68c6513b767fc4fe61dbe15c9629b1ea75eae7d2a20436521c52c551d6698648,30d1cbd8bc811b325570c9fdb182323781764974a74f27916f06ba12e9a7baef,,"['reference_not_ranking', 'single_initialization_observation']"
atax,dace_cpu,auto_opt,initialization,observed,7.580230862949975,atax,1.0.2,1,1,68c6513b767fc4fe61dbe15c9629b1ea75eae7d2a20436521c52c551d6698648,30d1cbd8bc811b325570c9fdb182323781764974a74f27916f06ba12e9a7baef,,"['reference_not_ranking', 'single_initialization_observation']"
atax,dace_cpu,auto_opt,fresh_process,observed,0.2621307215304114,atax,1.0.2,2,2,68c6513b767fc4fe61dbe15c9629b1ea75eae7d2a20436521c52c551d6698648,30d1cbd8bc811b325570c9fdb182323781764974a74f27916f06ba12e9a7baef,,"['reference_not_ranking', 'single_initialization_observation']"
atax,dace_cpu,auto_opt,same_process,observed,0.15212477697059512,atax,1.0.2,6,3,68c6513b767fc4fe61dbe15c9629b1ea75eae7d2a20436521c52c551d6698648,30d1cbd8bc811b325570c9fdb182323781764974a74f27916f06ba12e9a7baef,,"['reference_not_ranking', 'single_initialization_observation']"
atax,dace_gpu,fusion,initialization,observed,29.83852614904754,atax,1.0.2,1,1,68c6513b767fc4fe61dbe15c9629b1ea75eae7d2a20436521c52c551d6698648,30d1cbd8bc811b325570c9fdb182323781764974a74f27916f06ba12e9a7baef,,"['reference_not_ranking', 'single_initialization_observation']"
atax,dace_gpu,fusion,fresh_process,observed,4.315672179451212,atax,1.0.2,2,2,68c6513b767fc4fe61dbe15c9629b1ea75eae7d2a20436521c52c551d6698648,30d1cbd8bc811b325570c9fdb182323781764974a74f27916f06ba12e9a7baef,,"['reference_not_ranking', 'single_initialization_observation']"
atax,dace_gpu,fusion,same_process,observed,0.5533015069668181,atax,1.0.2,6,3,68c6513b767fc4fe61dbe15c9629b1ea75eae7d2a20436521c52c551d6698648,30d1cbd8bc811b325570c9fdb182323781764974a74f27916f06ba12e9a7baef,,"['reference_not_ranking', 'single_initialization_observation']"
atax,dace_gpu,parallel,initialization,observed,27.50850678794086,atax,1.0.2,1,1,68c6513b767fc4fe61dbe15c9629b1ea75eae7d2a20436521c52c551d6698648,30d1cbd8bc811b325570c9fdb182323781764974a74f27916f06ba12e9a7baef,,"['reference_not_ranking', 'single_initialization_observation']"
atax,dace_gpu,parallel,fresh_process,observed,4.267910699010827,atax,1.0.2,2,2,68c6513b767fc4fe61dbe15c9629b1ea75eae7d2a20436521c52c551d6698648,30d1cbd8bc811b325570c9fdb182323781764974a74f27916f06ba12e9a7baef,,"['reference_not_ranking', 'single_initialization_observation']"
atax,dace_gpu,parallel,same_process,observed,0.5403321729972959,atax,1.0.2,6,3,68c6513b767fc4fe61dbe15c9629b1ea75eae7d2a20436521c52c551d6698648,30d1cbd8bc811b325570c9fdb182323781764974a74f27916f06ba12e9a7baef,,"['reference_not_ranking', 'single_initialization_observation']"
atax,dace_gpu,auto_opt,initialization,observed,29.236491681076586,atax,1.0.2,1,1,68c6513b767fc4fe61dbe15c9629b1ea75eae7d2a20436521c52c551d6698648,30d1cbd8bc811b325570c9fdb182323781764974a74f27916f06ba12e9a7baef,,"['reference_not_ranking', 'single_initialization_observation']"
atax,dace_gpu,auto_opt,fresh_process,observed,4.655696790956426,atax,1.0.2,2,2,68c6513b767fc4fe61dbe15c9629b1ea75eae7d2a20436521c52c551d6698648,30d1cbd8bc811b325570c9fdb182323781764974a74f27916f06ba12e9a7baef,,"['reference_not_ranking', 'single_initialization_observation']"
atax,dace_gpu,auto_opt,same_process,observed,0.5393951129517518,atax,1.0.2,6,3,68c6513b767fc4fe61dbe15c9629b1ea75eae7d2a20436521c52c551d6698648,30d1cbd8bc811b325570c9fdb182323781764974a74f27916f06ba12e9a7baef,,"['reference_not_ranking', 'single_initialization_observation']"
atax,cupy,default,initialization,observed,3.285213718074374,atax,13.6.0,1,1,68c6513b767fc4fe61dbe15c9629b1ea75eae7d2a20436521c52c551d6698648,30d1cbd8bc811b325570c9fdb182323781764974a74f27916f06ba12e9a7baef,,"['reference_not_ranking', 'single_initialization_observation']"
atax,cupy,default,fresh_process,observed,3.145099693501834,atax,13.6.0,2,2,68c6513b767fc4fe61dbe15c9629b1ea75eae7d2a20436521c52c551d6698648,30d1cbd8bc811b325570c9fdb182323781764974a74f27916f06ba12e9a7baef,,"['reference_not_ranking', 'single_initialization_observation']"
atax,cupy,default,same_process,observed,0.5394618985010311,atax,13.6.0,6,3,68c6513b767fc4fe61dbe15c9629b1ea75eae7d2a20436521c52c551d6698648,30d1cbd8bc811b325570c9fdb182323781764974a74f27916f06ba12e9a7baef,,"['reference_not_ranking', 'single_initialization_observation']"
azimint_hist,numpy,default,initialization,observed,0.5461051920428872,azimint_hist,1.26.4,1,1,f5914dfb9f4cc36109a1c231938d0863c485540d7d58b79bed61050dcb1e083e,d714677a44d27aec51292ca83b9b3ba9c1835b7ac786bbd295a407ecfa03d47f,,"['reference_not_ranking', 'single_initialization_observation']"
azimint_hist,numpy,default,fresh_process,observed,0.5612156229908578,azimint_hist,1.26.4,2,2,f5914dfb9f4cc36109a1c231938d0863c485540d7d58b79bed61050dcb1e083e,d714677a44d27aec51292ca83b9b3ba9c1835b7ac786bbd295a407ecfa03d47f,,"['reference_not_ranking', 'single_initialization_observation']"
azimint_hist,numpy,default,same_process,observed,0.8891839340212755,azimint_hist,1.26.4,6,3,f5914dfb9f4cc36109a1c231938d0863c485540d7d58b79bed61050dcb1e083e,d714677a44d27aec51292ca83b9b3ba9c1835b7ac786bbd295a407ecfa03d47f,,"['reference_not_ranking', 'single_initialization_observation']"
azimint_hist,numba,nopython-mode,initialization,observed,2.009177147061564,azimint_hist,0.65.1,1,1,f5914dfb9f4cc36109a1c231938d0863c485540d7d58b79bed61050dcb1e083e,d714677a44d27aec51292ca83b9b3ba9c1835b7ac786bbd295a407ecfa03d47f,,"['reference_not_ranking', 'single_initialization_observation']"
azimint_hist,numba,nopython-mode,fresh_process,observed,0.6952891295077279,azimint_hist,0.65.1,2,2,f5914dfb9f4cc36109a1c231938d0863c485540d7d58b79bed61050dcb1e083e,d714677a44d27aec51292ca83b9b3ba9c1835b7ac786bbd295a407ecfa03d47f,,"['reference_not_ranking', 'single_initialization_observation']"
azimint_hist,numba,nopython-mode,same_process,observed,0.44201719702687114,azimint_hist,0.65.1,6,3,f5914dfb9f4cc36109a1c231938d0863c485540d7d58b79bed61050dcb1e083e,d714677a44d27aec51292ca83b9b3ba9c1835b7ac786bbd295a407ecfa03d47f,,"['reference_not_ranking', 'single_initialization_observation']"
azimint_hist,numba,nopython-mode-parallel,initialization,observed,3.1560342779848725,azimint_hist,0.65.1,1,1,f5914dfb9f4cc36109a1c231938d0863c485540d7d58b79bed61050dcb1e083e,d714677a44d27aec51292ca83b9b3ba9c1835b7ac786bbd295a407ecfa03d47f,,"['reference_not_ranking', 'single_initialization_observation']"
azimint_hist,numba,nopython-mode-parallel,fresh_process,observed,0.6026371339685284,azimint_hist,0.65.1,2,2,f5914dfb9f4cc36109a1c231938d0863c485540d7d58b79bed61050dcb1e083e,d714677a44d27aec51292ca83b9b3ba9c1835b7ac786bbd295a407ecfa03d47f,,"['reference_not_ranking', 'single_initialization_observation']"
azimint_hist,numba,nopython-mode-parallel,same_process,observed,0.3420555225457065,azimint_hist,0.65.1,6,3,f5914dfb9f4cc36109a1c231938d0863c485540d7d58b79bed61050dcb1e083e,d714677a44d27aec51292ca83b9b3ba9c1835b7ac786bbd295a407ecfa03d47f,,"['reference_not_ranking', 'single_initialization_observation']"
azimint_hist,numba,nopython-mode-parallel-range,initialization,observed,5.77337189600803,azimint_hist_private,0.65.1,1,1,ee08d8b3d6c42ca8c49f15064988585a960e19f6df094ce2408581b17b4d3570,d714677a44d27aec51292ca83b9b3ba9c1835b7ac786bbd295a407ecfa03d47f,,"['reference_not_ranking', 'single_initialization_observation']"
azimint_hist,numba,nopython-mode-parallel-range,fresh_process,observed,0.4904551335494034,azimint_hist_private,0.65.1,2,2,ee08d8b3d6c42ca8c49f15064988585a960e19f6df094ce2408581b17b4d3570,d714677a44d27aec51292ca83b9b3ba9c1835b7ac786bbd295a407ecfa03d47f,,"['reference_not_ranking', 'single_initialization_observation']"
azimint_hist,numba,nopython-mode-parallel-range,same_process,observed,0.14528848399640992,azimint_hist_private,0.65.1,6,3,ee08d8b3d6c42ca8c49f15064988585a960e19f6df094ce2408581b17b4d3570,d714677a44d27aec51292ca83b9b3ba9c1835b7ac786bbd295a407ecfa03d47f,,"['reference_not_ranking', 'single_initialization_observation']"
azimint_hist,numba,object-mode,initialization,observed,1.386488429037854,azimint_hist,0.65.1,1,1,f5914dfb9f4cc36109a1c231938d0863c485540d7d58b79bed61050dcb1e083e,d714677a44d27aec51292ca83b9b3ba9c1835b7ac786bbd295a407ecfa03d47f,,"['reference_not_ranking', 'single_initialization_observation']"
azimint_hist,numba,object-mode,fresh_process,observed,0.9802525660488755,azimint_hist,0.65.1,2,2,f5914dfb9f4cc36109a1c231938d0863c485540d7d58b79bed61050dcb1e083e,d714677a44d27aec51292ca83b9b3ba9c1835b7ac786bbd295a407ecfa03d47f,,"['reference_not_ranking', 'single_initialization_observation']"
azimint_hist,numba,object-mode,same_process,observed,0.8852864184882492,azimint_hist,0.65.1,6,3,f5914dfb9f4cc36109a1c231938d0863c485540d7d58b79bed61050dcb1e083e,d714677a44d27aec51292ca83b9b3ba9c1835b7ac786bbd295a407ecfa03d47f,,"['reference_not_ranking', 'single_initialization_observation']"
azimint_hist,numba,object-mode-parallel,initialization,observed,1.2827769310679287,azimint_hist,0.65.1,1,1,f5914dfb9f4cc36109a1c231938d0863c485540d7d58b79bed61050dcb1e083e,d714677a44d27aec51292ca83b9b3ba9c1835b7ac786bbd295a407ecfa03d47f,,"['reference_not_ranking', 'single_initialization_observation']"
azimint_hist,numba,object-mode-parallel,fresh_process,observed,0.8226080244639888,azimint_hist,0.65.1,2,2,f5914dfb9f4cc36109a1c231938d0863c485540d7d58b79bed61050dcb1e083e,d714677a44d27aec51292ca83b9b3ba9c1835b7ac786bbd295a407ecfa03d47f,,"['reference_not_ranking', 'single_initialization_observation']"
azimint_hist,numba,object-mode-parallel,same_process,observed,0.8957858425565064,azimint_hist,0.65.1,6,3,f5914dfb9f4cc36109a1c231938d0863c485540d7d58b79bed61050dcb1e083e,d714677a44d27aec51292ca83b9b3ba9c1835b7ac786bbd295a407ecfa03d47f,,"['reference_not_ranking', 'single_initialization_observation']"
azimint_hist,numba,object-mode-parallel-range,initialization,N/A,,,,0,0,,,,
azimint_hist,numba,object-mode-parallel-range,fresh_process,N/A,,,,0,0,,,,
azimint_hist,numba,object-mode-parallel-range,same_process,N/A,,,,0,0,,,,
azimint_hist,dace_cpu,fusion,initialization,observed,208.9501895100111,azimint_hist,1.0.2,1,1,f5914dfb9f4cc36109a1c231938d0863c485540d7d58b79bed61050dcb1e083e,d714677a44d27aec51292ca83b9b3ba9c1835b7ac786bbd295a407ecfa03d47f,,"['reference_not_ranking', 'single_initialization_observation']"
azimint_hist,dace_cpu,fusion,fresh_process,observed,197.0422558694845,azimint_hist,1.0.2,2,2,f5914dfb9f4cc36109a1c231938d0863c485540d7d58b79bed61050dcb1e083e,d714677a44d27aec51292ca83b9b3ba9c1835b7ac786bbd295a407ecfa03d47f,,"['reference_not_ranking', 'single_initialization_observation']"
azimint_hist,dace_cpu,fusion,same_process,observed,195.09520495601464,azimint_hist,1.0.2,6,3,f5914dfb9f4cc36109a1c231938d0863c485540d7d58b79bed61050dcb1e083e,d714677a44d27aec51292ca83b9b3ba9c1835b7ac786bbd295a407ecfa03d47f,,"['reference_not_ranking', 'single_initialization_observation']"
azimint_hist,dace_cpu,parallel,initialization,observed,214.51114068098832,azimint_hist,1.0.2,1,1,f5914dfb9f4cc36109a1c231938d0863c485540d7d58b79bed61050dcb1e083e,d714677a44d27aec51292ca83b9b3ba9c1835b7ac786bbd295a407ecfa03d47f,,"['reference_not_ranking', 'single_initialization_observation']"
azimint_hist,dace_cpu,parallel,fresh_process,observed,203.3424787344411,azimint_hist,1.0.2,2,2,f5914dfb9f4cc36109a1c231938d0863c485540d7d58b79bed61050dcb1e083e,d714677a44d27aec51292ca83b9b3ba9c1835b7ac786bbd295a407ecfa03d47f,,"['reference_not_ranking', 'single_initialization_observation']"
azimint_hist,dace_cpu,parallel,same_process,observed,191.36547887750203,azimint_hist,1.0.2,6,3,f5914dfb9f4cc36109a1c231938d0863c485540d7d58b79bed61050dcb1e083e,d714677a44d27aec51292ca83b9b3ba9c1835b7ac786bbd295a407ecfa03d47f,,"['reference_not_ranking', 'single_initialization_observation']"
azimint_hist,dace_cpu,auto_opt,initialization,observed,200.75434759701602,azimint_hist,1.0.2,1,1,f5914dfb9f4cc36109a1c231938d0863c485540d7d58b79bed61050dcb1e083e,d714677a44d27aec51292ca83b9b3ba9c1835b7ac786bbd295a407ecfa03d47f,,"['reference_not_ranking', 'single_initialization_observation']"
azimint_hist,dace_cpu,auto_opt,fresh_process,observed,203.20762687450042,azimint_hist,1.0.2,2,2,f5914dfb9f4cc36109a1c231938d0863c485540d7d58b79bed61050dcb1e083e,d714677a44d27aec51292ca83b9b3ba9c1835b7ac786bbd295a407ecfa03d47f,,"['reference_not_ranking', 'single_initialization_observation']"
azimint_hist,dace_cpu,auto_opt,same_process,observed,192.17110709601548,azimint_hist,1.0.2,6,3,f5914dfb9f4cc36109a1c231938d0863c485540d7d58b79bed61050dcb1e083e,d714677a44d27aec51292ca83b9b3ba9c1835b7ac786bbd295a407ecfa03d47f,,"['reference_not_ranking', 'single_initialization_observation']"
azimint_hist,dace_gpu,fusion,initialization,observed,28.221435259096324,azimint_hist,1.0.2,1,1,f5914dfb9f4cc36109a1c231938d0863c485540d7d58b79bed61050dcb1e083e,d714677a44d27aec51292ca83b9b3ba9c1835b7ac786bbd295a407ecfa03d47f,,"['reference_not_ranking', 'single_initialization_observation']"
azimint_hist,dace_gpu,fusion,fresh_process,observed,1.9157948959618807,azimint_hist,1.0.2,2,2,f5914dfb9f4cc36109a1c231938d0863c485540d7d58b79bed61050dcb1e083e,d714677a44d27aec51292ca83b9b3ba9c1835b7ac786bbd295a407ecfa03d47f,,"['reference_not_ranking', 'single_initialization_observation']"
azimint_hist,dace_gpu,fusion,same_process,observed,0.11214125249534845,azimint_hist,1.0.2,6,3,f5914dfb9f4cc36109a1c231938d0863c485540d7d58b79bed61050dcb1e083e,d714677a44d27aec51292ca83b9b3ba9c1835b7ac786bbd295a407ecfa03d47f,,"['reference_not_ranking', 'single_initialization_observation']"
azimint_hist,dace_gpu,parallel,initialization,observed,26.80822393600829,azimint_hist,1.0.2,1,1,f5914dfb9f4cc36109a1c231938d0863c485540d7d58b79bed61050dcb1e083e,d714677a44d27aec51292ca83b9b3ba9c1835b7ac786bbd295a407ecfa03d47f,,"['reference_not_ranking', 'single_initialization_observation']"
azimint_hist,dace_gpu,parallel,fresh_process,observed,1.9483255519298837,azimint_hist,1.0.2,2,2,f5914dfb9f4cc36109a1c231938d0863c485540d7d58b79bed61050dcb1e083e,d714677a44d27aec51292ca83b9b3ba9c1835b7ac786bbd295a407ecfa03d47f,,"['reference_not_ranking', 'single_initialization_observation']"
azimint_hist,dace_gpu,parallel,same_process,observed,0.11120597197441384,azimint_hist,1.0.2,6,3,f5914dfb9f4cc36109a1c231938d0863c485540d7d58b79bed61050dcb1e083e,d714677a44d27aec51292ca83b9b3ba9c1835b7ac786bbd295a407ecfa03d47f,,"['reference_not_ranking', 'single_initialization_observation']"
azimint_hist,dace_gpu,auto_opt,initialization,observed,27.95947239093948,azimint_hist,1.0.2,1,1,f5914dfb9f4cc36109a1c231938d0863c485540d7d58b79bed61050dcb1e083e,d714677a44d27aec51292ca83b9b3ba9c1835b7ac786bbd295a407ecfa03d47f,,"['reference_not_ranking', 'single_initialization_observation']"
azimint_hist,dace_gpu,auto_opt,fresh_process,observed,1.8930896205129102,azimint_hist,1.0.2,2,2,f5914dfb9f4cc36109a1c231938d0863c485540d7d58b79bed61050dcb1e083e,d714677a44d27aec51292ca83b9b3ba9c1835b7ac786bbd295a407ecfa03d47f,,"['reference_not_ranking', 'single_initialization_observation']"
azimint_hist,dace_gpu,auto_opt,same_process,observed,0.11198629048885778,azimint_hist,1.0.2,6,3,f5914dfb9f4cc36109a1c231938d0863c485540d7d58b79bed61050dcb1e083e,d714677a44d27aec51292ca83b9b3ba9c1835b7ac786bbd295a407ecfa03d47f,,"['reference_not_ranking', 'single_initialization_observation']"
azimint_hist,cupy,default,initialization,observed,1.3754324830370024,azimint_hist,13.6.0,1,1,f5914dfb9f4cc36109a1c231938d0863c485540d7d58b79bed61050dcb1e083e,d714677a44d27aec51292ca83b9b3ba9c1835b7ac786bbd295a407ecfa03d47f,,"['reference_not_ranking', 'single_initialization_observation']"
azimint_hist,cupy,default,fresh_process,observed,0.9117669639526866,azimint_hist,13.6.0,2,2,f5914dfb9f4cc36109a1c231938d0863c485540d7d58b79bed61050dcb1e083e,d714677a44d27aec51292ca83b9b3ba9c1835b7ac786bbd295a407ecfa03d47f,,"['reference_not_ranking', 'single_initialization_observation']"
azimint_hist,cupy,default,same_process,observed,0.09111833001952618,azimint_hist,13.6.0,6,3,f5914dfb9f4cc36109a1c231938d0863c485540d7d58b79bed61050dcb1e083e,d714677a44d27aec51292ca83b9b3ba9c1835b7ac786bbd295a407ecfa03d47f,,"['reference_not_ranking', 'single_initialization_observation']"
azimint_naive,numpy,default,initialization,observed,50.07463209994603,azimint_naive,1.26.4,1,1,7ce93eb427426de57f9dd024b84b3ccd522ed34eea578a05eb7d30f002985156,10e5a4ce8b6fe96db84b8d28fc35df47e5ddd295dfddf44939fc8ac5c8795b6d,,"['reference_not_ranking', 'single_initialization_observation']"
azimint_naive,numpy,default,fresh_process,observed,48.47197292302735,azimint_naive,1.26.4,2,2,7ce93eb427426de57f9dd024b84b3ccd522ed34eea578a05eb7d30f002985156,10e5a4ce8b6fe96db84b8d28fc35df47e5ddd295dfddf44939fc8ac5c8795b6d,,"['reference_not_ranking', 'single_initialization_observation']"
azimint_naive,numpy,default,same_process,observed,48.023835579515435,azimint_naive,1.26.4,6,3,7ce93eb427426de57f9dd024b84b3ccd522ed34eea578a05eb7d30f002985156,10e5a4ce8b6fe96db84b8d28fc35df47e5ddd295dfddf44939fc8ac5c8795b6d,,"['reference_not_ranking', 'single_initialization_observation']"
azimint_naive,numba,nopython-mode,initialization,observed,64.87713195802644,azimint_naive,0.65.1,1,1,7ce93eb427426de57f9dd024b84b3ccd522ed34eea578a05eb7d30f002985156,10e5a4ce8b6fe96db84b8d28fc35df47e5ddd295dfddf44939fc8ac5c8795b6d,,"['reference_not_ranking', 'single_initialization_observation']"
azimint_naive,numba,nopython-mode,fresh_process,observed,65.28814430703642,azimint_naive,0.65.1,2,2,7ce93eb427426de57f9dd024b84b3ccd522ed34eea578a05eb7d30f002985156,10e5a4ce8b6fe96db84b8d28fc35df47e5ddd295dfddf44939fc8ac5c8795b6d,,"['reference_not_ranking', 'single_initialization_observation']"
azimint_naive,numba,nopython-mode,same_process,observed,64.95049977954477,azimint_naive,0.65.1,6,3,7ce93eb427426de57f9dd024b84b3ccd522ed34eea578a05eb7d30f002985156,10e5a4ce8b6fe96db84b8d28fc35df47e5ddd295dfddf44939fc8ac5c8795b6d,,"['reference_not_ranking', 'single_initialization_observation']"
azimint_naive,numba,nopython-mode-parallel,initialization,observed,54.46280151698738,azimint_naive,0.65.1,1,1,7ce93eb427426de57f9dd024b84b3ccd522ed34eea578a05eb7d30f002985156,10e5a4ce8b6fe96db84b8d28fc35df47e5ddd295dfddf44939fc8ac5c8795b6d,,"['reference_not_ranking', 'single_initialization_observation']"
azimint_naive,numba,nopython-mode-parallel,fresh_process,observed,53.9234040970332,azimint_naive,0.65.1,2,2,7ce93eb427426de57f9dd024b84b3ccd522ed34eea578a05eb7d30f002985156,10e5a4ce8b6fe96db84b8d28fc35df47e5ddd295dfddf44939fc8ac5c8795b6d,,"['reference_not_ranking', 'single_initialization_observation']"
azimint_naive,numba,nopython-mode-parallel,same_process,observed,56.34931618551491,azimint_naive,0.65.1,6,3,7ce93eb427426de57f9dd024b84b3ccd522ed34eea578a05eb7d30f002985156,10e5a4ce8b6fe96db84b8d28fc35df47e5ddd295dfddf44939fc8ac5c8795b6d,,"['reference_not_ranking', 'single_initialization_observation']"
azimint_naive,numba,nopython-mode-parallel-range,initialization,observed,6.776224130066112,azimint_naive,0.65.1,1,1,7ce93eb427426de57f9dd024b84b3ccd522ed34eea578a05eb7d30f002985156,10e5a4ce8b6fe96db84b8d28fc35df47e5ddd295dfddf44939fc8ac5c8795b6d,,"['reference_not_ranking', 'single_initialization_observation']"
azimint_naive,numba,nopython-mode-parallel-range,fresh_process,observed,6.07687300350517,azimint_naive,0.65.1,2,2,7ce93eb427426de57f9dd024b84b3ccd522ed34eea578a05eb7d30f002985156,10e5a4ce8b6fe96db84b8d28fc35df47e5ddd295dfddf44939fc8ac5c8795b6d,,"['reference_not_ranking', 'single_initialization_observation']"
azimint_naive,numba,nopython-mode-parallel-range,same_process,observed,4.41831663652556,azimint_naive,0.65.1,6,3,7ce93eb427426de57f9dd024b84b3ccd522ed34eea578a05eb7d30f002985156,10e5a4ce8b6fe96db84b8d28fc35df47e5ddd295dfddf44939fc8ac5c8795b6d,,"['reference_not_ranking', 'single_initialization_observation']"
azimint_naive,numba,object-mode,initialization,N/A,,,,0,0,,,,
azimint_naive,numba,object-mode,fresh_process,N/A,,,,0,0,,,,
azimint_naive,numba,object-mode,same_process,N/A,,,,0,0,,,,
azimint_naive,numba,object-mode-parallel,initialization,N/A,,,,0,0,,,,
azimint_naive,numba,object-mode-parallel,fresh_process,N/A,,,,0,0,,,,
azimint_naive,numba,object-mode-parallel,same_process,N/A,,,,0,0,,,,
azimint_naive,numba,object-mode-parallel-range,initialization,N/A,,,,0,0,,,,
azimint_naive,numba,object-mode-parallel-range,fresh_process,N/A,,,,0,0,,,,
azimint_naive,numba,object-mode-parallel-range,same_process,N/A,,,,0,0,,,,
azimint_naive,dace_cpu,fusion,initialization,observed,66.4495091040153,azimint_naive,1.0.2,1,1,7ce93eb427426de57f9dd024b84b3ccd522ed34eea578a05eb7d30f002985156,10e5a4ce8b6fe96db84b8d28fc35df47e5ddd295dfddf44939fc8ac5c8795b6d,,"['reference_not_ranking', 'single_initialization_observation']"
azimint_naive,dace_cpu,fusion,fresh_process,observed,63.89217763300985,azimint_naive,1.0.2,2,2,7ce93eb427426de57f9dd024b84b3ccd522ed34eea578a05eb7d30f002985156,10e5a4ce8b6fe96db84b8d28fc35df47e5ddd295dfddf44939fc8ac5c8795b6d,,"['reference_not_ranking', 'single_initialization_observation']"
azimint_naive,dace_cpu,fusion,same_process,observed,62.80376336595509,azimint_naive,1.0.2,6,3,7ce93eb427426de57f9dd024b84b3ccd522ed34eea578a05eb7d30f002985156,10e5a4ce8b6fe96db84b8d28fc35df47e5ddd295dfddf44939fc8ac5c8795b6d,,"['reference_not_ranking', 'single_initialization_observation']"
azimint_naive,dace_cpu,parallel,initialization,observed,62.74986505403649,azimint_naive,1.0.2,1,1,7ce93eb427426de57f9dd024b84b3ccd522ed34eea578a05eb7d30f002985156,10e5a4ce8b6fe96db84b8d28fc35df47e5ddd295dfddf44939fc8ac5c8795b6d,,"['reference_not_ranking', 'single_initialization_observation']"
azimint_naive,dace_cpu,parallel,fresh_process,observed,58.03381571051432,azimint_naive,1.0.2,2,2,7ce93eb427426de57f9dd024b84b3ccd522ed34eea578a05eb7d30f002985156,10e5a4ce8b6fe96db84b8d28fc35df47e5ddd295dfddf44939fc8ac5c8795b6d,,"['reference_not_ranking', 'single_initialization_observation']"
azimint_naive,dace_cpu,parallel,same_process,observed,58.552958871470764,azimint_naive,1.0.2,6,3,7ce93eb427426de57f9dd024b84b3ccd522ed34eea578a05eb7d30f002985156,10e5a4ce8b6fe96db84b8d28fc35df47e5ddd295dfddf44939fc8ac5c8795b6d,,"['reference_not_ranking', 'single_initialization_observation']"
azimint_naive,dace_cpu,auto_opt,initialization,observed,65.17431723803747,azimint_naive,1.0.2,1,1,7ce93eb427426de57f9dd024b84b3ccd522ed34eea578a05eb7d30f002985156,10e5a4ce8b6fe96db84b8d28fc35df47e5ddd295dfddf44939fc8ac5c8795b6d,,"['reference_not_ranking', 'single_initialization_observation']"
azimint_naive,dace_cpu,auto_opt,fresh_process,observed,54.38966795807937,azimint_naive,1.0.2,2,2,7ce93eb427426de57f9dd024b84b3ccd522ed34eea578a05eb7d30f002985156,10e5a4ce8b6fe96db84b8d28fc35df47e5ddd295dfddf44939fc8ac5c8795b6d,,"['reference_not_ranking', 'single_initialization_observation']"
azimint_naive,dace_cpu,auto_opt,same_process,observed,58.52090980793582,azimint_naive,1.0.2,6,3,7ce93eb427426de57f9dd024b84b3ccd522ed34eea578a05eb7d30f002985156,10e5a4ce8b6fe96db84b8d28fc35df47e5ddd295dfddf44939fc8ac5c8795b6d,,"['reference_not_ranking', 'single_initialization_observation']"
azimint_naive,dace_gpu,fusion,initialization,observed,27.816019722959027,azimint_naive,1.0.2,1,1,7ce93eb427426de57f9dd024b84b3ccd522ed34eea578a05eb7d30f002985156,10e5a4ce8b6fe96db84b8d28fc35df47e5ddd295dfddf44939fc8ac5c8795b6d,,"['reference_not_ranking', 'single_initialization_observation']"
azimint_naive,dace_gpu,fusion,fresh_process,observed,3.334061991481576,azimint_naive,1.0.2,2,2,7ce93eb427426de57f9dd024b84b3ccd522ed34eea578a05eb7d30f002985156,10e5a4ce8b6fe96db84b8d28fc35df47e5ddd295dfddf44939fc8ac5c8795b6d,,"['reference_not_ranking', 'single_initialization_observation']"
azimint_naive,dace_gpu,fusion,same_process,observed,1.936090529547073,azimint_naive,1.0.2,6,3,7ce93eb427426de57f9dd024b84b3ccd522ed34eea578a05eb7d30f002985156,10e5a4ce8b6fe96db84b8d28fc35df47e5ddd295dfddf44939fc8ac5c8795b6d,,"['reference_not_ranking', 'single_initialization_observation']"
azimint_naive,dace_gpu,parallel,initialization,error,,azimint_naive,1.0.2,0,0,7ce93eb427426de57f9dd024b84b3ccd522ed34eea578a05eb7d30f002985156,10e5a4ce8b6fe96db84b8d28fc35df47e5ddd295dfddf44939fc8ac5c8795b6d,,"['reference_not_ranking', 'single_initialization_observation']"
azimint_naive,dace_gpu,parallel,fresh_process,error,,azimint_naive,1.0.2,0,0,7ce93eb427426de57f9dd024b84b3ccd522ed34eea578a05eb7d30f002985156,10e5a4ce8b6fe96db84b8d28fc35df47e5ddd295dfddf44939fc8ac5c8795b6d,,"['reference_not_ranking', 'single_initialization_observation']"
azimint_naive,dace_gpu,parallel,same_process,error,,azimint_naive,1.0.2,0,0,7ce93eb427426de57f9dd024b84b3ccd522ed34eea578a05eb7d30f002985156,10e5a4ce8b6fe96db84b8d28fc35df47e5ddd295dfddf44939fc8ac5c8795b6d,,"['reference_not_ranking', 'single_initialization_observation']"
azimint_naive,dace_gpu,auto_opt,initialization,error,,azimint_naive,1.0.2,0,0,7ce93eb427426de57f9dd024b84b3ccd522ed34eea578a05eb7d30f002985156,10e5a4ce8b6fe96db84b8d28fc35df47e5ddd295dfddf44939fc8ac5c8795b6d,,"['reference_not_ranking', 'single_initialization_observation']"
azimint_naive,dace_gpu,auto_opt,fresh_process,error,,azimint_naive,1.0.2,0,0,7ce93eb427426de57f9dd024b84b3ccd522ed34eea578a05eb7d30f002985156,10e5a4ce8b6fe96db84b8d28fc35df47e5ddd295dfddf44939fc8ac5c8795b6d,,"['reference_not_ranking', 'single_initialization_observation']"
azimint_naive,dace_gpu,auto_opt,same_process,error,,azimint_naive,1.0.2,0,0,7ce93eb427426de57f9dd024b84b3ccd522ed34eea578a05eb7d30f002985156,10e5a4ce8b6fe96db84b8d28fc35df47e5ddd295dfddf44939fc8ac5c8795b6d,,"['reference_not_ranking', 'single_initialization_observation']"
azimint_naive,cupy,default,initialization,observed,4.0799312320305035,azimint_naive,13.6.0,1,1,7ce93eb427426de57f9dd024b84b3ccd522ed34eea578a05eb7d30f002985156,10e5a4ce8b6fe96db84b8d28fc35df47e5ddd295dfddf44939fc8ac5c8795b6d,,"['reference_not_ranking', 'single_initialization_observation']"
azimint_naive,cupy,default,fresh_process,observed,2.6837459909147583,azimint_naive,13.6.0,2,2,7ce93eb427426de57f9dd024b84b3ccd522ed34eea578a05eb7d30f002985156,10e5a4ce8b6fe96db84b8d28fc35df47e5ddd295dfddf44939fc8ac5c8795b6d,,"['reference_not_ranking', 'single_initialization_observation']"
azimint_naive,cupy,default,same_process,observed,1.6031496075447649,azimint_naive,13.6.0,6,3,7ce93eb427426de57f9dd024b84b3ccd522ed34eea578a05eb7d30f002985156,10e5a4ce8b6fe96db84b8d28fc35df47e5ddd295dfddf44939fc8ac5c8795b6d,,"['reference_not_ranking', 'single_initialization_observation']"
bicg,numpy,default,initialization,observed,0.14637074200436473,bicg,1.26.4,1,1,16d618b4e97f8f1b6191fe3f76123e77b6b198e5982ffa6fbd2528fa69701078,77e9adb788612e39af05a751b80c16198c5c53c1997f2c21ca5d1cefa59811c3,,"['reference_not_ranking', 'single_initialization_observation']"
bicg,numpy,default,fresh_process,observed,0.15653792349621654,bicg,1.26.4,2,2,16d618b4e97f8f1b6191fe3f76123e77b6b198e5982ffa6fbd2528fa69701078,77e9adb788612e39af05a751b80c16198c5c53c1997f2c21ca5d1cefa59811c3,,"['reference_not_ranking', 'single_initialization_observation']"
bicg,numpy,default,same_process,observed,0.15905409352853894,bicg,1.26.4,6,3,16d618b4e97f8f1b6191fe3f76123e77b6b198e5982ffa6fbd2528fa69701078,77e9adb788612e39af05a751b80c16198c5c53c1997f2c21ca5d1cefa59811c3,,"['reference_not_ranking', 'single_initialization_observation']"
bicg,numba,nopython-mode,initialization,observed,1.1960291400318965,bicg,0.65.1,1,1,16d618b4e97f8f1b6191fe3f76123e77b6b198e5982ffa6fbd2528fa69701078,77e9adb788612e39af05a751b80c16198c5c53c1997f2c21ca5d1cefa59811c3,,"['reference_not_ranking', 'single_initialization_observation']"
bicg,numba,nopython-mode,fresh_process,observed,0.4141802395461127,bicg,0.65.1,2,2,16d618b4e97f8f1b6191fe3f76123e77b6b198e5982ffa6fbd2528fa69701078,77e9adb788612e39af05a751b80c16198c5c53c1997f2c21ca5d1cefa59811c3,,"['reference_not_ranking', 'single_initialization_observation']"
bicg,numba,nopython-mode,same_process,observed,0.1588875119923614,bicg,0.65.1,6,3,16d618b4e97f8f1b6191fe3f76123e77b6b198e5982ffa6fbd2528fa69701078,77e9adb788612e39af05a751b80c16198c5c53c1997f2c21ca5d1cefa59811c3,,"['reference_not_ranking', 'single_initialization_observation']"
bicg,numba,nopython-mode-parallel,initialization,observed,1.1322068989975378,bicg,0.65.1,1,1,16d618b4e97f8f1b6191fe3f76123e77b6b198e5982ffa6fbd2528fa69701078,77e9adb788612e39af05a751b80c16198c5c53c1997f2c21ca5d1cefa59811c3,,"['reference_not_ranking', 'single_initialization_observation']"
bicg,numba,nopython-mode-parallel,fresh_process,observed,0.5186461820267141,bicg,0.65.1,2,2,16d618b4e97f8f1b6191fe3f76123e77b6b198e5982ffa6fbd2528fa69701078,77e9adb788612e39af05a751b80c16198c5c53c1997f2c21ca5d1cefa59811c3,,"['reference_not_ranking', 'single_initialization_observation']"
bicg,numba,nopython-mode-parallel,same_process,observed,0.16732274001697078,bicg,0.65.1,6,3,16d618b4e97f8f1b6191fe3f76123e77b6b198e5982ffa6fbd2528fa69701078,77e9adb788612e39af05a751b80c16198c5c53c1997f2c21ca5d1cefa59811c3,,"['reference_not_ranking', 'single_initialization_observation']"
bicg,numba,nopython-mode-parallel-range,initialization,N/A,,,,0,0,,,,
bicg,numba,nopython-mode-parallel-range,fresh_process,N/A,,,,0,0,,,,
bicg,numba,nopython-mode-parallel-range,same_process,N/A,,,,0,0,,,,
bicg,numba,object-mode,initialization,N/A,,,,0,0,,,,
bicg,numba,object-mode,fresh_process,N/A,,,,0,0,,,,
bicg,numba,object-mode,same_process,N/A,,,,0,0,,,,
bicg,numba,object-mode-parallel,initialization,N/A,,,,0,0,,,,
bicg,numba,object-mode-parallel,fresh_process,N/A,,,,0,0,,,,
bicg,numba,object-mode-parallel,same_process,N/A,,,,0,0,,,,
bicg,numba,object-mode-parallel-range,initialization,N/A,,,,0,0,,,,
bicg,numba,object-mode-parallel-range,fresh_process,N/A,,,,0,0,,,,
bicg,numba,object-mode-parallel-range,same_process,N/A,,,,0,0,,,,
bicg,dace_cpu,fusion,initialization,observed,7.875233369064517,bicg,1.0.2,1,1,16d618b4e97f8f1b6191fe3f76123e77b6b198e5982ffa6fbd2528fa69701078,77e9adb788612e39af05a751b80c16198c5c53c1997f2c21ca5d1cefa59811c3,,"['reference_not_ranking', 'single_initialization_observation']"
bicg,dace_cpu,fusion,fresh_process,observed,0.25238648150116205,bicg,1.0.2,2,2,16d618b4e97f8f1b6191fe3f76123e77b6b198e5982ffa6fbd2528fa69701078,77e9adb788612e39af05a751b80c16198c5c53c1997f2c21ca5d1cefa59811c3,,"['reference_not_ranking', 'single_initialization_observation']"
bicg,dace_cpu,fusion,same_process,observed,0.4544412894756533,bicg,1.0.2,6,3,16d618b4e97f8f1b6191fe3f76123e77b6b198e5982ffa6fbd2528fa69701078,77e9adb788612e39af05a751b80c16198c5c53c1997f2c21ca5d1cefa59811c3,,"['reference_not_ranking', 'single_initialization_observation']"
bicg,dace_cpu,parallel,initialization,observed,7.517940702964552,bicg,1.0.2,1,1,16d618b4e97f8f1b6191fe3f76123e77b6b198e5982ffa6fbd2528fa69701078,77e9adb788612e39af05a751b80c16198c5c53c1997f2c21ca5d1cefa59811c3,,"['reference_not_ranking', 'single_initialization_observation']"
bicg,dace_cpu,parallel,fresh_process,observed,0.2569021374802105,bicg,1.0.2,2,2,16d618b4e97f8f1b6191fe3f76123e77b6b198e5982ffa6fbd2528fa69701078,77e9adb788612e39af05a751b80c16198c5c53c1997f2c21ca5d1cefa59811c3,,"['reference_not_ranking', 'single_initialization_observation']"
bicg,dace_cpu,parallel,same_process,observed,0.1637615665094927,bicg,1.0.2,6,3,16d618b4e97f8f1b6191fe3f76123e77b6b198e5982ffa6fbd2528fa69701078,77e9adb788612e39af05a751b80c16198c5c53c1997f2c21ca5d1cefa59811c3,,"['reference_not_ranking', 'single_initialization_observation']"
bicg,dace_cpu,auto_opt,initialization,observed,7.830242412979715,bicg,1.0.2,1,1,16d618b4e97f8f1b6191fe3f76123e77b6b198e5982ffa6fbd2528fa69701078,77e9adb788612e39af05a751b80c16198c5c53c1997f2c21ca5d1cefa59811c3,,"['reference_not_ranking', 'single_initialization_observation']"
bicg,dace_cpu,auto_opt,fresh_process,observed,0.23698303499259055,bicg,1.0.2,2,2,16d618b4e97f8f1b6191fe3f76123e77b6b198e5982ffa6fbd2528fa69701078,77e9adb788612e39af05a751b80c16198c5c53c1997f2c21ca5d1cefa59811c3,,"['reference_not_ranking', 'single_initialization_observation']"
bicg,dace_cpu,auto_opt,same_process,observed,0.15858786803437397,bicg,1.0.2,6,3,16d618b4e97f8f1b6191fe3f76123e77b6b198e5982ffa6fbd2528fa69701078,77e9adb788612e39af05a751b80c16198c5c53c1997f2c21ca5d1cefa59811c3,,"['reference_not_ranking', 'single_initialization_observation']"
bicg,dace_gpu,fusion,initialization,observed,26.991045200033113,bicg,1.0.2,1,1,16d618b4e97f8f1b6191fe3f76123e77b6b198e5982ffa6fbd2528fa69701078,77e9adb788612e39af05a751b80c16198c5c53c1997f2c21ca5d1cefa59811c3,,"['reference_not_ranking', 'single_initialization_observation']"
bicg,dace_gpu,fusion,fresh_process,observed,4.234857943549287,bicg,1.0.2,2,2,16d618b4e97f8f1b6191fe3f76123e77b6b198e5982ffa6fbd2528fa69701078,77e9adb788612e39af05a751b80c16198c5c53c1997f2c21ca5d1cefa59811c3,,"['reference_not_ranking', 'single_initialization_observation']"
bicg,dace_gpu,fusion,same_process,observed,0.5454900729819201,bicg,1.0.2,6,3,16d618b4e97f8f1b6191fe3f76123e77b6b198e5982ffa6fbd2528fa69701078,77e9adb788612e39af05a751b80c16198c5c53c1997f2c21ca5d1cefa59811c3,,"['reference_not_ranking', 'single_initialization_observation']"
bicg,dace_gpu,parallel,initialization,observed,26.396543578011915,bicg,1.0.2,1,1,16d618b4e97f8f1b6191fe3f76123e77b6b198e5982ffa6fbd2528fa69701078,77e9adb788612e39af05a751b80c16198c5c53c1997f2c21ca5d1cefa59811c3,,"['reference_not_ranking', 'single_initialization_observation']"
bicg,dace_gpu,parallel,fresh_process,observed,4.809345741465222,bicg,1.0.2,2,2,16d618b4e97f8f1b6191fe3f76123e77b6b198e5982ffa6fbd2528fa69701078,77e9adb788612e39af05a751b80c16198c5c53c1997f2c21ca5d1cefa59811c3,,"['reference_not_ranking', 'single_initialization_observation']"
bicg,dace_gpu,parallel,same_process,observed,0.5271817665197887,bicg,1.0.2,6,3,16d618b4e97f8f1b6191fe3f76123e77b6b198e5982ffa6fbd2528fa69701078,77e9adb788612e39af05a751b80c16198c5c53c1997f2c21ca5d1cefa59811c3,,"['reference_not_ranking', 'single_initialization_observation']"
bicg,dace_gpu,auto_opt,initialization,observed,28.548377578961663,bicg,1.0.2,1,1,16d618b4e97f8f1b6191fe3f76123e77b6b198e5982ffa6fbd2528fa69701078,77e9adb788612e39af05a751b80c16198c5c53c1997f2c21ca5d1cefa59811c3,,"['reference_not_ranking', 'single_initialization_observation']"
bicg,dace_gpu,auto_opt,fresh_process,observed,3.849784504447598,bicg,1.0.2,2,2,16d618b4e97f8f1b6191fe3f76123e77b6b198e5982ffa6fbd2528fa69701078,77e9adb788612e39af05a751b80c16198c5c53c1997f2c21ca5d1cefa59811c3,,"['reference_not_ranking', 'single_initialization_observation']"
bicg,dace_gpu,auto_opt,same_process,observed,0.5393094879691489,bicg,1.0.2,6,3,16d618b4e97f8f1b6191fe3f76123e77b6b198e5982ffa6fbd2528fa69701078,77e9adb788612e39af05a751b80c16198c5c53c1997f2c21ca5d1cefa59811c3,,"['reference_not_ranking', 'single_initialization_observation']"
bicg,cupy,default,initialization,observed,3.3187061740318313,bicg,13.6.0,1,1,16d618b4e97f8f1b6191fe3f76123e77b6b198e5982ffa6fbd2528fa69701078,77e9adb788612e39af05a751b80c16198c5c53c1997f2c21ca5d1cefa59811c3,,"['reference_not_ranking', 'single_initialization_observation']"
bicg,cupy,default,fresh_process,observed,3.146367427019868,bicg,13.6.0,2,2,16d618b4e97f8f1b6191fe3f76123e77b6b198e5982ffa6fbd2528fa69701078,77e9adb788612e39af05a751b80c16198c5c53c1997f2c21ca5d1cefa59811c3,,"['reference_not_ranking', 'single_initialization_observation']"
bicg,cupy,default,same_process,observed,0.5456087445490994,bicg,13.6.0,6,3,16d618b4e97f8f1b6191fe3f76123e77b6b198e5982ffa6fbd2528fa69701078,77e9adb788612e39af05a751b80c16198c5c53c1997f2c21ca5d1cefa59811c3,,"['reference_not_ranking', 'single_initialization_observation']"
cavity_flow,numpy,default,initialization,observed,0.7657090870197862,cavity_flow,1.26.4,1,1,210af7f0234bb993fa8cb9e063c162a3f185d3fc74aad9308835699b7e5a18da,33c1dcf4ea4c8afb398c3db57686f19a59239f440846cca31b92bee224e3c662,,"['reference_not_ranking', 'single_initialization_observation']"
cavity_flow,numpy,default,fresh_process,observed,0.7546665170229971,cavity_flow,1.26.4,2,2,210af7f0234bb993fa8cb9e063c162a3f185d3fc74aad9308835699b7e5a18da,33c1dcf4ea4c8afb398c3db57686f19a59239f440846cca31b92bee224e3c662,,"['reference_not_ranking', 'single_initialization_observation']"
cavity_flow,numpy,default,same_process,observed,0.9573650335078128,cavity_flow,1.26.4,6,3,210af7f0234bb993fa8cb9e063c162a3f185d3fc74aad9308835699b7e5a18da,33c1dcf4ea4c8afb398c3db57686f19a59239f440846cca31b92bee224e3c662,,"['reference_not_ranking', 'single_initialization_observation']"
cavity_flow,numba,nopython-mode,initialization,observed,9.965389380929992,cavity_flow,0.65.1,1,1,210af7f0234bb993fa8cb9e063c162a3f185d3fc74aad9308835699b7e5a18da,33c1dcf4ea4c8afb398c3db57686f19a59239f440846cca31b92bee224e3c662,,"['reference_not_ranking', 'single_initialization_observation']"
cavity_flow,numba,nopython-mode,fresh_process,observed,1.0830279534566216,cavity_flow,0.65.1,2,2,210af7f0234bb993fa8cb9e063c162a3f185d3fc74aad9308835699b7e5a18da,33c1dcf4ea4c8afb398c3db57686f19a59239f440846cca31b92bee224e3c662,,"['reference_not_ranking', 'single_initialization_observation']"
cavity_flow,numba,nopython-mode,same_process,observed,0.9213845304911956,cavity_flow,0.65.1,6,3,210af7f0234bb993fa8cb9e063c162a3f185d3fc74aad9308835699b7e5a18da,33c1dcf4ea4c8afb398c3db57686f19a59239f440846cca31b92bee224e3c662,,"['reference_not_ranking', 'single_initialization_observation']"
cavity_flow,numba,nopython-mode-parallel,initialization,error,,cavity_flow,0.65.1,0,0,210af7f0234bb993fa8cb9e063c162a3f185d3fc74aad9308835699b7e5a18da,33c1dcf4ea4c8afb398c3db57686f19a59239f440846cca31b92bee224e3c662,,"['reference_not_ranking', 'single_initialization_observation']"
cavity_flow,numba,nopython-mode-parallel,fresh_process,error,,cavity_flow,0.65.1,0,0,210af7f0234bb993fa8cb9e063c162a3f185d3fc74aad9308835699b7e5a18da,33c1dcf4ea4c8afb398c3db57686f19a59239f440846cca31b92bee224e3c662,,"['reference_not_ranking', 'single_initialization_observation']"
cavity_flow,numba,nopython-mode-parallel,same_process,error,,cavity_flow,0.65.1,0,0,210af7f0234bb993fa8cb9e063c162a3f185d3fc74aad9308835699b7e5a18da,33c1dcf4ea4c8afb398c3db57686f19a59239f440846cca31b92bee224e3c662,,"['reference_not_ranking', 'single_initialization_observation']"
cavity_flow,numba,nopython-mode-parallel-range,initialization,N/A,,,,0,0,,,,
cavity_flow,numba,nopython-mode-parallel-range,fresh_process,N/A,,,,0,0,,,,
cavity_flow,numba,nopython-mode-parallel-range,same_process,N/A,,,,0,0,,,,
cavity_flow,numba,object-mode,initialization,N/A,,,,0,0,,,,
cavity_flow,numba,object-mode,fresh_process,N/A,,,,0,0,,,,
cavity_flow,numba,object-mode,same_process,N/A,,,,0,0,,,,
cavity_flow,numba,object-mode-parallel,initialization,N/A,,,,0,0,,,,
cavity_flow,numba,object-mode-parallel,fresh_process,N/A,,,,0,0,,,,
cavity_flow,numba,object-mode-parallel,same_process,N/A,,,,0,0,,,,
cavity_flow,numba,object-mode-parallel-range,initialization,N/A,,,,0,0,,,,
cavity_flow,numba,object-mode-parallel-range,fresh_process,N/A,,,,0,0,,,,
cavity_flow,numba,object-mode-parallel-range,same_process,N/A,,,,0,0,,,,
cavity_flow,dace_cpu,fusion,initialization,observed,15.309789242921397,cavity_flow,1.0.2,1,1,210af7f0234bb993fa8cb9e063c162a3f185d3fc74aad9308835699b7e5a18da,33c1dcf4ea4c8afb398c3db57686f19a59239f440846cca31b92bee224e3c662,,"['reference_not_ranking', 'single_initialization_observation']"
cavity_flow,dace_cpu,fusion,fresh_process,observed,2.414164690009784,cavity_flow,1.0.2,2,2,210af7f0234bb993fa8cb9e063c162a3f185d3fc74aad9308835699b7e5a18da,33c1dcf4ea4c8afb398c3db57686f19a59239f440846cca31b92bee224e3c662,,"['reference_not_ranking', 'single_initialization_observation']"
cavity_flow,dace_cpu,fusion,same_process,observed,1.5580809785751626,cavity_flow,1.0.2,6,3,210af7f0234bb993fa8cb9e063c162a3f185d3fc74aad9308835699b7e5a18da,33c1dcf4ea4c8afb398c3db57686f19a59239f440846cca31b92bee224e3c662,,"['reference_not_ranking', 'single_initialization_observation']"
cavity_flow,dace_cpu,parallel,initialization,observed,15.572725308011286,cavity_flow,1.0.2,1,1,210af7f0234bb993fa8cb9e063c162a3f185d3fc74aad9308835699b7e5a18da,33c1dcf4ea4c8afb398c3db57686f19a59239f440846cca31b92bee224e3c662,,"['reference_not_ranking', 'single_initialization_observation']"
cavity_flow,dace_cpu,parallel,fresh_process,observed,1.959561335039325,cavity_flow,1.0.2,2,2,210af7f0234bb993fa8cb9e063c162a3f185d3fc74aad9308835699b7e5a18da,33c1dcf4ea4c8afb398c3db57686f19a59239f440846cca31b92bee224e3c662,,"['reference_not_ranking', 'single_initialization_observation']"
cavity_flow,dace_cpu,parallel,same_process,observed,1.49630421603797,cavity_flow,1.0.2,6,3,210af7f0234bb993fa8cb9e063c162a3f185d3fc74aad9308835699b7e5a18da,33c1dcf4ea4c8afb398c3db57686f19a59239f440846cca31b92bee224e3c662,,"['reference_not_ranking', 'single_initialization_observation']"
cavity_flow,dace_cpu,auto_opt,initialization,observed,18.929678800981492,cavity_flow,1.0.2,1,1,210af7f0234bb993fa8cb9e063c162a3f185d3fc74aad9308835699b7e5a18da,33c1dcf4ea4c8afb398c3db57686f19a59239f440846cca31b92bee224e3c662,,"['reference_not_ranking', 'single_initialization_observation']"
cavity_flow,dace_cpu,auto_opt,fresh_process,observed,2.161844481015578,cavity_flow,1.0.2,2,2,210af7f0234bb993fa8cb9e063c162a3f185d3fc74aad9308835699b7e5a18da,33c1dcf4ea4c8afb398c3db57686f19a59239f440846cca31b92bee224e3c662,,"['reference_not_ranking', 'single_initialization_observation']"
cavity_flow,dace_cpu,auto_opt,same_process,observed,1.4109776800032705,cavity_flow,1.0.2,6,3,210af7f0234bb993fa8cb9e063c162a3f185d3fc74aad9308835699b7e5a18da,33c1dcf4ea4c8afb398c3db57686f19a59239f440846cca31b92bee224e3c662,,"['reference_not_ranking', 'single_initialization_observation']"
cavity_flow,dace_gpu,fusion,initialization,observed,30.60183625202626,cavity_flow,1.0.2,1,1,210af7f0234bb993fa8cb9e063c162a3f185d3fc74aad9308835699b7e5a18da,33c1dcf4ea4c8afb398c3db57686f19a59239f440846cca31b92bee224e3c662,,"['reference_not_ranking', 'single_initialization_observation']"
cavity_flow,dace_gpu,fusion,fresh_process,observed,1.4265645339619368,cavity_flow,1.0.2,2,2,210af7f0234bb993fa8cb9e063c162a3f185d3fc74aad9308835699b7e5a18da,33c1dcf4ea4c8afb398c3db57686f19a59239f440846cca31b92bee224e3c662,,"['reference_not_ranking', 'single_initialization_observation']"
cavity_flow,dace_gpu,fusion,same_process,observed,0.0921466049621813,cavity_flow,1.0.2,6,3,210af7f0234bb993fa8cb9e063c162a3f185d3fc74aad9308835699b7e5a18da,33c1dcf4ea4c8afb398c3db57686f19a59239f440846cca31b92bee224e3c662,,"['reference_not_ranking', 'single_initialization_observation']"
cavity_flow,dace_gpu,parallel,initialization,observed,29.609173409058712,cavity_flow,1.0.2,1,1,210af7f0234bb993fa8cb9e063c162a3f185d3fc74aad9308835699b7e5a18da,33c1dcf4ea4c8afb398c3db57686f19a59239f440846cca31b92bee224e3c662,,"['reference_not_ranking', 'single_initialization_observation']"
cavity_flow,dace_gpu,parallel,fresh_process,observed,1.4990500935236923,cavity_flow,1.0.2,2,2,210af7f0234bb993fa8cb9e063c162a3f185d3fc74aad9308835699b7e5a18da,33c1dcf4ea4c8afb398c3db57686f19a59239f440846cca31b92bee224e3c662,,"['reference_not_ranking', 'single_initialization_observation']"
cavity_flow,dace_gpu,parallel,same_process,observed,0.09595998254371807,cavity_flow,1.0.2,6,3,210af7f0234bb993fa8cb9e063c162a3f185d3fc74aad9308835699b7e5a18da,33c1dcf4ea4c8afb398c3db57686f19a59239f440846cca31b92bee224e3c662,,"['reference_not_ranking', 'single_initialization_observation']"
cavity_flow,dace_gpu,auto_opt,initialization,observed,35.732730643008836,cavity_flow,1.0.2,1,1,210af7f0234bb993fa8cb9e063c162a3f185d3fc74aad9308835699b7e5a18da,33c1dcf4ea4c8afb398c3db57686f19a59239f440846cca31b92bee224e3c662,,"['reference_not_ranking', 'single_initialization_observation']"
cavity_flow,dace_gpu,auto_opt,fresh_process,observed,1.5850629259948619,cavity_flow,1.0.2,2,2,210af7f0234bb993fa8cb9e063c162a3f185d3fc74aad9308835699b7e5a18da,33c1dcf4ea4c8afb398c3db57686f19a59239f440846cca31b92bee224e3c662,,"['reference_not_ranking', 'single_initialization_observation']"
cavity_flow,dace_gpu,auto_opt,same_process,observed,0.10032306902576238,cavity_flow,1.0.2,6,3,210af7f0234bb993fa8cb9e063c162a3f185d3fc74aad9308835699b7e5a18da,33c1dcf4ea4c8afb398c3db57686f19a59239f440846cca31b92bee224e3c662,,"['reference_not_ranking', 'single_initialization_observation']"
cavity_flow,cupy,default,initialization,observed,4.307124571991153,cavity_flow,13.6.0,1,1,210af7f0234bb993fa8cb9e063c162a3f185d3fc74aad9308835699b7e5a18da,33c1dcf4ea4c8afb398c3db57686f19a59239f440846cca31b92bee224e3c662,,"['reference_not_ranking', 'single_initialization_observation']"
cavity_flow,cupy,default,fresh_process,observed,1.5571320290328003,cavity_flow,13.6.0,2,2,210af7f0234bb993fa8cb9e063c162a3f185d3fc74aad9308835699b7e5a18da,33c1dcf4ea4c8afb398c3db57686f19a59239f440846cca31b92bee224e3c662,,"['reference_not_ranking', 'single_initialization_observation']"
cavity_flow,cupy,default,same_process,observed,1.1956575345247984,cavity_flow,13.6.0,6,3,210af7f0234bb993fa8cb9e063c162a3f185d3fc74aad9308835699b7e5a18da,33c1dcf4ea4c8afb398c3db57686f19a59239f440846cca31b92bee224e3c662,,"['reference_not_ranking', 'single_initialization_observation']"
channel_flow,numpy,default,initialization,observed,5.828352442011237,channel_flow,1.26.4,1,1,a5826f86fe64a72734a89619a6e971effc8ed8ebe00f99337006d700704bed0f,131f13ee629eff4bbfc04696d2acdcf8be8c111de0037039e4ac5c934e15a280,,"['reference_not_ranking', 'single_initialization_observation']"
channel_flow,numpy,default,fresh_process,observed,6.108547854004428,channel_flow,1.26.4,2,2,a5826f86fe64a72734a89619a6e971effc8ed8ebe00f99337006d700704bed0f,131f13ee629eff4bbfc04696d2acdcf8be8c111de0037039e4ac5c934e15a280,,"['reference_not_ranking', 'single_initialization_observation']"
channel_flow,numpy,default,same_process,observed,5.5516617789980955,channel_flow,1.26.4,6,3,a5826f86fe64a72734a89619a6e971effc8ed8ebe00f99337006d700704bed0f,131f13ee629eff4bbfc04696d2acdcf8be8c111de0037039e4ac5c934e15a280,,"['reference_not_ranking', 'single_initialization_observation']"
channel_flow,numba,nopython-mode,initialization,observed,17.7111570679117,channel_flow,0.65.1,1,1,a5826f86fe64a72734a89619a6e971effc8ed8ebe00f99337006d700704bed0f,131f13ee629eff4bbfc04696d2acdcf8be8c111de0037039e4ac5c934e15a280,,"['reference_not_ranking', 'single_initialization_observation']"
channel_flow,numba,nopython-mode,fresh_process,observed,5.273707883490715,channel_flow,0.65.1,2,2,a5826f86fe64a72734a89619a6e971effc8ed8ebe00f99337006d700704bed0f,131f13ee629eff4bbfc04696d2acdcf8be8c111de0037039e4ac5c934e15a280,,"['reference_not_ranking', 'single_initialization_observation']"
channel_flow,numba,nopython-mode,same_process,observed,4.854126438964158,channel_flow,0.65.1,6,3,a5826f86fe64a72734a89619a6e971effc8ed8ebe00f99337006d700704bed0f,131f13ee629eff4bbfc04696d2acdcf8be8c111de0037039e4ac5c934e15a280,,"['reference_not_ranking', 'single_initialization_observation']"
channel_flow,numba,nopython-mode-parallel,initialization,observed,61.85629986494314,channel_flow,0.65.1,1,1,a5826f86fe64a72734a89619a6e971effc8ed8ebe00f99337006d700704bed0f,131f13ee629eff4bbfc04696d2acdcf8be8c111de0037039e4ac5c934e15a280,,"['reference_not_ranking', 'single_initialization_observation']"
channel_flow,numba,nopython-mode-parallel,fresh_process,observed,40.979364316444844,channel_flow,0.65.1,2,2,a5826f86fe64a72734a89619a6e971effc8ed8ebe00f99337006d700704bed0f,131f13ee629eff4bbfc04696d2acdcf8be8c111de0037039e4ac5c934e15a280,,"['reference_not_ranking', 'single_initialization_observation']"
channel_flow,numba,nopython-mode-parallel,same_process,observed,34.31666064995807,channel_flow,0.65.1,6,3,a5826f86fe64a72734a89619a6e971effc8ed8ebe00f99337006d700704bed0f,131f13ee629eff4bbfc04696d2acdcf8be8c111de0037039e4ac5c934e15a280,,"['reference_not_ranking', 'single_initialization_observation']"
channel_flow,numba,nopython-mode-parallel-range,initialization,N/A,,,,0,0,,,,
channel_flow,numba,nopython-mode-parallel-range,fresh_process,N/A,,,,0,0,,,,
channel_flow,numba,nopython-mode-parallel-range,same_process,N/A,,,,0,0,,,,
channel_flow,numba,object-mode,initialization,N/A,,,,0,0,,,,
channel_flow,numba,object-mode,fresh_process,N/A,,,,0,0,,,,
channel_flow,numba,object-mode,same_process,N/A,,,,0,0,,,,
channel_flow,numba,object-mode-parallel,initialization,N/A,,,,0,0,,,,
channel_flow,numba,object-mode-parallel,fresh_process,N/A,,,,0,0,,,,
channel_flow,numba,object-mode-parallel,same_process,N/A,,,,0,0,,,,
channel_flow,numba,object-mode-parallel-range,initialization,N/A,,,,0,0,,,,
channel_flow,numba,object-mode-parallel-range,fresh_process,N/A,,,,0,0,,,,
channel_flow,numba,object-mode-parallel-range,same_process,N/A,,,,0,0,,,,
channel_flow,dace_cpu,fusion,initialization,observed,117.3817401570268,channel_flow,1.0.2,1,1,a5826f86fe64a72734a89619a6e971effc8ed8ebe00f99337006d700704bed0f,131f13ee629eff4bbfc04696d2acdcf8be8c111de0037039e4ac5c934e15a280,,"['reference_not_ranking', 'single_initialization_observation']"
channel_flow,dace_cpu,fusion,fresh_process,observed,75.01957331452286,channel_flow,1.0.2,2,2,a5826f86fe64a72734a89619a6e971effc8ed8ebe00f99337006d700704bed0f,131f13ee629eff4bbfc04696d2acdcf8be8c111de0037039e4ac5c934e15a280,,"['reference_not_ranking', 'single_initialization_observation']"
channel_flow,dace_cpu,fusion,same_process,observed,88.65426316653611,channel_flow,1.0.2,6,3,a5826f86fe64a72734a89619a6e971effc8ed8ebe00f99337006d700704bed0f,131f13ee629eff4bbfc04696d2acdcf8be8c111de0037039e4ac5c934e15a280,,"['reference_not_ranking', 'single_initialization_observation']"
channel_flow,dace_cpu,parallel,initialization,observed,123.62833976501133,channel_flow,1.0.2,1,1,a5826f86fe64a72734a89619a6e971effc8ed8ebe00f99337006d700704bed0f,131f13ee629eff4bbfc04696d2acdcf8be8c111de0037039e4ac5c934e15a280,,"['reference_not_ranking', 'single_initialization_observation']"
channel_flow,dace_cpu,parallel,fresh_process,observed,71.77997396356659,channel_flow,1.0.2,2,2,a5826f86fe64a72734a89619a6e971effc8ed8ebe00f99337006d700704bed0f,131f13ee629eff4bbfc04696d2acdcf8be8c111de0037039e4ac5c934e15a280,,"['reference_not_ranking', 'single_initialization_observation']"
channel_flow,dace_cpu,parallel,same_process,observed,83.9103877035086,channel_flow,1.0.2,6,3,a5826f86fe64a72734a89619a6e971effc8ed8ebe00f99337006d700704bed0f,131f13ee629eff4bbfc04696d2acdcf8be8c111de0037039e4ac5c934e15a280,,"['reference_not_ranking', 'single_initialization_observation']"
channel_flow,dace_cpu,auto_opt,initialization,observed,138.06555405899417,channel_flow,1.0.2,1,1,a5826f86fe64a72734a89619a6e971effc8ed8ebe00f99337006d700704bed0f,131f13ee629eff4bbfc04696d2acdcf8be8c111de0037039e4ac5c934e15a280,,"['reference_not_ranking', 'single_initialization_observation']"
channel_flow,dace_cpu,auto_opt,fresh_process,observed,80.17034242401132,channel_flow,1.0.2,2,2,a5826f86fe64a72734a89619a6e971effc8ed8ebe00f99337006d700704bed0f,131f13ee629eff4bbfc04696d2acdcf8be8c111de0037039e4ac5c934e15a280,,"['reference_not_ranking', 'single_initialization_observation']"
channel_flow,dace_cpu,auto_opt,same_process,observed,80.80736161099048,channel_flow,1.0.2,6,3,a5826f86fe64a72734a89619a6e971effc8ed8ebe00f99337006d700704bed0f,131f13ee629eff4bbfc04696d2acdcf8be8c111de0037039e4ac5c934e15a280,,"['reference_not_ranking', 'single_initialization_observation']"
channel_flow,dace_gpu,fusion,initialization,observed,45.90881947800517,channel_flow,1.0.2,1,1,a5826f86fe64a72734a89619a6e971effc8ed8ebe00f99337006d700704bed0f,131f13ee629eff4bbfc04696d2acdcf8be8c111de0037039e4ac5c934e15a280,,"['reference_not_ranking', 'single_initialization_observation']"
channel_flow,dace_gpu,fusion,fresh_process,observed,4.050844779994804,channel_flow,1.0.2,2,2,a5826f86fe64a72734a89619a6e971effc8ed8ebe00f99337006d700704bed0f,131f13ee629eff4bbfc04696d2acdcf8be8c111de0037039e4ac5c934e15a280,,"['reference_not_ranking', 'single_initialization_observation']"
channel_flow,dace_gpu,fusion,same_process,observed,1.0165066284826025,channel_flow,1.0.2,6,3,a5826f86fe64a72734a89619a6e971effc8ed8ebe00f99337006d700704bed0f,131f13ee629eff4bbfc04696d2acdcf8be8c111de0037039e4ac5c934e15a280,,"['reference_not_ranking', 'single_initialization_observation']"
channel_flow,dace_gpu,parallel,initialization,observed,45.04012720496394,channel_flow,1.0.2,1,1,a5826f86fe64a72734a89619a6e971effc8ed8ebe00f99337006d700704bed0f,131f13ee629eff4bbfc04696d2acdcf8be8c111de0037039e4ac5c934e15a280,,"['reference_not_ranking', 'single_initialization_observation']"
channel_flow,dace_gpu,parallel,fresh_process,observed,4.09818686847575,channel_flow,1.0.2,2,2,a5826f86fe64a72734a89619a6e971effc8ed8ebe00f99337006d700704bed0f,131f13ee629eff4bbfc04696d2acdcf8be8c111de0037039e4ac5c934e15a280,,"['reference_not_ranking', 'single_initialization_observation']"
channel_flow,dace_gpu,parallel,same_process,observed,1.0201219769660383,channel_flow,1.0.2,6,3,a5826f86fe64a72734a89619a6e971effc8ed8ebe00f99337006d700704bed0f,131f13ee629eff4bbfc04696d2acdcf8be8c111de0037039e4ac5c934e15a280,,"['reference_not_ranking', 'single_initialization_observation']"
channel_flow,dace_gpu,auto_opt,initialization,observed,52.66854110301938,channel_flow,1.0.2,1,1,a5826f86fe64a72734a89619a6e971effc8ed8ebe00f99337006d700704bed0f,131f13ee629eff4bbfc04696d2acdcf8be8c111de0037039e4ac5c934e15a280,,"['reference_not_ranking', 'single_initialization_observation']"
channel_flow,dace_gpu,auto_opt,fresh_process,observed,3.8745539099909365,channel_flow,1.0.2,2,2,a5826f86fe64a72734a89619a6e971effc8ed8ebe00f99337006d700704bed0f,131f13ee629eff4bbfc04696d2acdcf8be8c111de0037039e4ac5c934e15a280,,"['reference_not_ranking', 'single_initialization_observation']"
channel_flow,dace_gpu,auto_opt,same_process,observed,0.7430074875010177,channel_flow,1.0.2,6,3,a5826f86fe64a72734a89619a6e971effc8ed8ebe00f99337006d700704bed0f,131f13ee629eff4bbfc04696d2acdcf8be8c111de0037039e4ac5c934e15a280,,"['reference_not_ranking', 'single_initialization_observation']"
channel_flow,cupy,default,initialization,observed,18.12956235196907,channel_flow,13.6.0,1,1,a5826f86fe64a72734a89619a6e971effc8ed8ebe00f99337006d700704bed0f,131f13ee629eff4bbfc04696d2acdcf8be8c111de0037039e4ac5c934e15a280,,"['reference_not_ranking', 'single_initialization_observation']"
channel_flow,cupy,default,fresh_process,observed,15.033071594021749,channel_flow,13.6.0,2,2,a5826f86fe64a72734a89619a6e971effc8ed8ebe00f99337006d700704bed0f,131f13ee629eff4bbfc04696d2acdcf8be8c111de0037039e4ac5c934e15a280,,"['reference_not_ranking', 'single_initialization_observation']"
channel_flow,cupy,default,same_process,observed,14.56750696094241,channel_flow,13.6.0,6,3,a5826f86fe64a72734a89619a6e971effc8ed8ebe00f99337006d700704bed0f,131f13ee629eff4bbfc04696d2acdcf8be8c111de0037039e4ac5c934e15a280,,"['reference_not_ranking', 'single_initialization_observation']"
cholesky,numpy,default,initialization,observed,0.9279219770105556,cholesky,1.26.4,1,1,56dfb1eba239c26e0b2a9d37a7e4204bca4b6420c1c6db5a29f0fa62a44c6bf8,4fbe26b28e30a4b50af30a63a5f1d483d8c2556910e84aba0ab6422938ce8d60,,"['reference_not_ranking', 'single_initialization_observation']"
cholesky,numpy,default,fresh_process,observed,1.0919185100356117,cholesky,1.26.4,2,2,56dfb1eba239c26e0b2a9d37a7e4204bca4b6420c1c6db5a29f0fa62a44c6bf8,4fbe26b28e30a4b50af30a63a5f1d483d8c2556910e84aba0ab6422938ce8d60,,"['reference_not_ranking', 'single_initialization_observation']"
cholesky,numpy,default,same_process,observed,1.120602899522055,cholesky,1.26.4,6,3,56dfb1eba239c26e0b2a9d37a7e4204bca4b6420c1c6db5a29f0fa62a44c6bf8,4fbe26b28e30a4b50af30a63a5f1d483d8c2556910e84aba0ab6422938ce8d60,,"['reference_not_ranking', 'single_initialization_observation']"
cholesky,numba,nopython-mode,initialization,observed,1.0591776970541105,cholesky,0.65.1,1,1,56dfb1eba239c26e0b2a9d37a7e4204bca4b6420c1c6db5a29f0fa62a44c6bf8,4fbe26b28e30a4b50af30a63a5f1d483d8c2556910e84aba0ab6422938ce8d60,,"['reference_not_ranking', 'single_initialization_observation']"
cholesky,numba,nopython-mode,fresh_process,observed,0.40404767298605293,cholesky,0.65.1,2,2,56dfb1eba239c26e0b2a9d37a7e4204bca4b6420c1c6db5a29f0fa62a44c6bf8,4fbe26b28e30a4b50af30a63a5f1d483d8c2556910e84aba0ab6422938ce8d60,,"['reference_not_ranking', 'single_initialization_observation']"
cholesky,numba,nopython-mode,same_process,observed,0.05100773449521512,cholesky,0.65.1,6,3,56dfb1eba239c26e0b2a9d37a7e4204bca4b6420c1c6db5a29f0fa62a44c6bf8,4fbe26b28e30a4b50af30a63a5f1d483d8c2556910e84aba0ab6422938ce8d60,,"['reference_not_ranking', 'single_initialization_observation']"
cholesky,numba,nopython-mode-parallel,initialization,observed,34.32531470793765,cholesky,0.65.1,1,1,56dfb1eba239c26e0b2a9d37a7e4204bca4b6420c1c6db5a29f0fa62a44c6bf8,4fbe26b28e30a4b50af30a63a5f1d483d8c2556910e84aba0ab6422938ce8d60,,"['reference_not_ranking', 'single_initialization_observation']"
cholesky,numba,nopython-mode-parallel,fresh_process,observed,24.721341244061477,cholesky,0.65.1,2,2,56dfb1eba239c26e0b2a9d37a7e4204bca4b6420c1c6db5a29f0fa62a44c6bf8,4fbe26b28e30a4b50af30a63a5f1d483d8c2556910e84aba0ab6422938ce8d60,,"['reference_not_ranking', 'single_initialization_observation']"
cholesky,numba,nopython-mode-parallel,same_process,observed,34.36296682449756,cholesky,0.65.1,6,3,56dfb1eba239c26e0b2a9d37a7e4204bca4b6420c1c6db5a29f0fa62a44c6bf8,4fbe26b28e30a4b50af30a63a5f1d483d8c2556910e84aba0ab6422938ce8d60,,"['reference_not_ranking', 'single_initialization_observation']"
cholesky,numba,nopython-mode-parallel-range,initialization,N/A,,,,0,0,,,,
cholesky,numba,nopython-mode-parallel-range,fresh_process,N/A,,,,0,0,,,,
cholesky,numba,nopython-mode-parallel-range,same_process,N/A,,,,0,0,,,,
cholesky,numba,object-mode,initialization,N/A,,,,0,0,,,,
cholesky,numba,object-mode,fresh_process,N/A,,,,0,0,,,,
cholesky,numba,object-mode,same_process,N/A,,,,0,0,,,,
cholesky,numba,object-mode-parallel,initialization,N/A,,,,0,0,,,,
cholesky,numba,object-mode-parallel,fresh_process,N/A,,,,0,0,,,,
cholesky,numba,object-mode-parallel,same_process,N/A,,,,0,0,,,,
cholesky,numba,object-mode-parallel-range,initialization,N/A,,,,0,0,,,,
cholesky,numba,object-mode-parallel-range,fresh_process,N/A,,,,0,0,,,,
cholesky,numba,object-mode-parallel-range,same_process,N/A,,,,0,0,,,,
cholesky,dace_cpu,fusion,initialization,observed,8.073885276098736,cholesky,1.0.2,1,1,56dfb1eba239c26e0b2a9d37a7e4204bca4b6420c1c6db5a29f0fa62a44c6bf8,4fbe26b28e30a4b50af30a63a5f1d483d8c2556910e84aba0ab6422938ce8d60,,"['reference_not_ranking', 'single_initialization_observation']"
cholesky,dace_cpu,fusion,fresh_process,observed,0.1354979009483941,cholesky,1.0.2,2,2,56dfb1eba239c26e0b2a9d37a7e4204bca4b6420c1c6db5a29f0fa62a44c6bf8,4fbe26b28e30a4b50af30a63a5f1d483d8c2556910e84aba0ab6422938ce8d60,,"['reference_not_ranking', 'single_initialization_observation']"
cholesky,dace_cpu,fusion,same_process,observed,0.03677938302280381,cholesky,1.0.2,6,3,56dfb1eba239c26e0b2a9d37a7e4204bca4b6420c1c6db5a29f0fa62a44c6bf8,4fbe26b28e30a4b50af30a63a5f1d483d8c2556910e84aba0ab6422938ce8d60,,"['reference_not_ranking', 'single_initialization_observation']"
cholesky,dace_cpu,parallel,initialization,observed,8.675342080998234,cholesky,1.0.2,1,1,56dfb1eba239c26e0b2a9d37a7e4204bca4b6420c1c6db5a29f0fa62a44c6bf8,4fbe26b28e30a4b50af30a63a5f1d483d8c2556910e84aba0ab6422938ce8d60,,"['reference_not_ranking', 'single_initialization_observation']"
cholesky,dace_cpu,parallel,fresh_process,observed,0.1598157730186358,cholesky,1.0.2,2,2,56dfb1eba239c26e0b2a9d37a7e4204bca4b6420c1c6db5a29f0fa62a44c6bf8,4fbe26b28e30a4b50af30a63a5f1d483d8c2556910e84aba0ab6422938ce8d60,,"['reference_not_ranking', 'single_initialization_observation']"
cholesky,dace_cpu,parallel,same_process,observed,0.04304111050441861,cholesky,1.0.2,6,3,56dfb1eba239c26e0b2a9d37a7e4204bca4b6420c1c6db5a29f0fa62a44c6bf8,4fbe26b28e30a4b50af30a63a5f1d483d8c2556910e84aba0ab6422938ce8d60,,"['reference_not_ranking', 'single_initialization_observation']"
cholesky,dace_cpu,auto_opt,initialization,observed,8.743327299016528,cholesky,1.0.2,1,1,56dfb1eba239c26e0b2a9d37a7e4204bca4b6420c1c6db5a29f0fa62a44c6bf8,4fbe26b28e30a4b50af30a63a5f1d483d8c2556910e84aba0ab6422938ce8d60,,"['reference_not_ranking', 'single_initialization_observation']"
cholesky,dace_cpu,auto_opt,fresh_process,observed,0.13421990250935778,cholesky,1.0.2,2,2,56dfb1eba239c26e0b2a9d37a7e4204bca4b6420c1c6db5a29f0fa62a44c6bf8,4fbe26b28e30a4b50af30a63a5f1d483d8c2556910e84aba0ab6422938ce8d60,,"['reference_not_ranking', 'single_initialization_observation']"
cholesky,dace_cpu,auto_opt,same_process,observed,0.041707359079737216,cholesky,1.0.2,6,3,56dfb1eba239c26e0b2a9d37a7e4204bca4b6420c1c6db5a29f0fa62a44c6bf8,4fbe26b28e30a4b50af30a63a5f1d483d8c2556910e84aba0ab6422938ce8d60,,"['reference_not_ranking', 'single_initialization_observation']"
cholesky,dace_gpu,fusion,initialization,observed,34.49890575092286,cholesky,1.0.2,1,1,56dfb1eba239c26e0b2a9d37a7e4204bca4b6420c1c6db5a29f0fa62a44c6bf8,4fbe26b28e30a4b50af30a63a5f1d483d8c2556910e84aba0ab6422938ce8d60,,"['reference_not_ranking', 'single_initialization_observation']"
cholesky,dace_gpu,fusion,fresh_process,observed,10.307629896968137,cholesky,1.0.2,2,2,56dfb1eba239c26e0b2a9d37a7e4204bca4b6420c1c6db5a29f0fa62a44c6bf8,4fbe26b28e30a4b50af30a63a5f1d483d8c2556910e84aba0ab6422938ce8d60,,"['reference_not_ranking', 'single_initialization_observation']"
cholesky,dace_gpu,fusion,same_process,observed,9.045093722990714,cholesky,1.0.2,6,3,56dfb1eba239c26e0b2a9d37a7e4204bca4b6420c1c6db5a29f0fa62a44c6bf8,4fbe26b28e30a4b50af30a63a5f1d483d8c2556910e84aba0ab6422938ce8d60,,"['reference_not_ranking', 'single_initialization_observation']"
cholesky,dace_gpu,parallel,initialization,observed,35.0249672899954,cholesky,1.0.2,1,1,56dfb1eba239c26e0b2a9d37a7e4204bca4b6420c1c6db5a29f0fa62a44c6bf8,4fbe26b28e30a4b50af30a63a5f1d483d8c2556910e84aba0ab6422938ce8d60,,"['reference_not_ranking', 'single_initialization_observation']"
cholesky,dace_gpu,parallel,fresh_process,observed,11.788793127052486,cholesky,1.0.2,2,2,56dfb1eba239c26e0b2a9d37a7e4204bca4b6420c1c6db5a29f0fa62a44c6bf8,4fbe26b28e30a4b50af30a63a5f1d483d8c2556910e84aba0ab6422938ce8d60,,"['reference_not_ranking', 'single_initialization_observation']"
cholesky,dace_gpu,parallel,same_process,observed,9.828431621484924,cholesky,1.0.2,6,3,56dfb1eba239c26e0b2a9d37a7e4204bca4b6420c1c6db5a29f0fa62a44c6bf8,4fbe26b28e30a4b50af30a63a5f1d483d8c2556910e84aba0ab6422938ce8d60,,"['reference_not_ranking', 'single_initialization_observation']"
cholesky,dace_gpu,auto_opt,initialization,observed,32.39490140101407,cholesky,1.0.2,1,1,56dfb1eba239c26e0b2a9d37a7e4204bca4b6420c1c6db5a29f0fa62a44c6bf8,4fbe26b28e30a4b50af30a63a5f1d483d8c2556910e84aba0ab6422938ce8d60,,"['reference_not_ranking', 'single_initialization_observation']"
cholesky,dace_gpu,auto_opt,fresh_process,observed,7.106575064070057,cholesky,1.0.2,2,2,56dfb1eba239c26e0b2a9d37a7e4204bca4b6420c1c6db5a29f0fa62a44c6bf8,4fbe26b28e30a4b50af30a63a5f1d483d8c2556910e84aba0ab6422938ce8d60,,"['reference_not_ranking', 'single_initialization_observation']"
cholesky,dace_gpu,auto_opt,same_process,observed,5.26463946752483,cholesky,1.0.2,6,3,56dfb1eba239c26e0b2a9d37a7e4204bca4b6420c1c6db5a29f0fa62a44c6bf8,4fbe26b28e30a4b50af30a63a5f1d483d8c2556910e84aba0ab6422938ce8d60,,"['reference_not_ranking', 'single_initialization_observation']"
cholesky,cupy,default,initialization,observed,33.82181803393178,cholesky,13.6.0,1,1,56dfb1eba239c26e0b2a9d37a7e4204bca4b6420c1c6db5a29f0fa62a44c6bf8,4fbe26b28e30a4b50af30a63a5f1d483d8c2556910e84aba0ab6422938ce8d60,,"['reference_not_ranking', 'single_initialization_observation']"
cholesky,cupy,default,fresh_process,observed,33.470971566974185,cholesky,13.6.0,2,2,56dfb1eba239c26e0b2a9d37a7e4204bca4b6420c1c6db5a29f0fa62a44c6bf8,4fbe26b28e30a4b50af30a63a5f1d483d8c2556910e84aba0ab6422938ce8d60,,"['reference_not_ranking', 'single_initialization_observation']"
cholesky,cupy,default,same_process,observed,33.41400770598557,cholesky,13.6.0,6,3,56dfb1eba239c26e0b2a9d37a7e4204bca4b6420c1c6db5a29f0fa62a44c6bf8,4fbe26b28e30a4b50af30a63a5f1d483d8c2556910e84aba0ab6422938ce8d60,,"['reference_not_ranking', 'single_initialization_observation']"
cholesky2,numpy,default,initialization,observed,1.767422872944735,cholesky2,1.26.4,1,1,d99d5b0becbfb22bf45157e320f447a583444c901fafb55b0e5b1a90147a5923,b9394a55df0718e0c2862384f101bc746b522dc7acfbed649b0716c8d79c2363,,"['reference_not_ranking', 'single_initialization_observation']"
cholesky2,numpy,default,fresh_process,observed,1.8758765404345468,cholesky2,1.26.4,2,2,d99d5b0becbfb22bf45157e320f447a583444c901fafb55b0e5b1a90147a5923,b9394a55df0718e0c2862384f101bc746b522dc7acfbed649b0716c8d79c2363,,"['reference_not_ranking', 'single_initialization_observation']"
cholesky2,numpy,default,same_process,observed,1.6384641180047765,cholesky2,1.26.4,6,3,d99d5b0becbfb22bf45157e320f447a583444c901fafb55b0e5b1a90147a5923,b9394a55df0718e0c2862384f101bc746b522dc7acfbed649b0716c8d79c2363,,"['reference_not_ranking', 'single_initialization_observation']"
cholesky2,numba,nopython-mode,initialization,observed,8.8400805889396,cholesky2,0.65.1,1,1,d99d5b0becbfb22bf45157e320f447a583444c901fafb55b0e5b1a90147a5923,b9394a55df0718e0c2862384f101bc746b522dc7acfbed649b0716c8d79c2363,,"['reference_not_ranking', 'single_initialization_observation']"
cholesky2,numba,nopython-mode,fresh_process,observed,3.0028616475174204,cholesky2,0.65.1,2,2,d99d5b0becbfb22bf45157e320f447a583444c901fafb55b0e5b1a90147a5923,b9394a55df0718e0c2862384f101bc746b522dc7acfbed649b0716c8d79c2363,,"['reference_not_ranking', 'single_initialization_observation']"
cholesky2,numba,nopython-mode,same_process,observed,2.9036119189695455,cholesky2,0.65.1,6,3,d99d5b0becbfb22bf45157e320f447a583444c901fafb55b0e5b1a90147a5923,b9394a55df0718e0c2862384f101bc746b522dc7acfbed649b0716c8d79c2363,,"['reference_not_ranking', 'single_initialization_observation']"
cholesky2,numba,nopython-mode-parallel,initialization,observed,8.695480888942257,cholesky2,0.65.1,1,1,d99d5b0becbfb22bf45157e320f447a583444c901fafb55b0e5b1a90147a5923,b9394a55df0718e0c2862384f101bc746b522dc7acfbed649b0716c8d79c2363,,"['reference_not_ranking', 'single_initialization_observation']"
cholesky2,numba,nopython-mode-parallel,fresh_process,observed,3.1769412189605646,cholesky2,0.65.1,2,2,d99d5b0becbfb22bf45157e320f447a583444c901fafb55b0e5b1a90147a5923,b9394a55df0718e0c2862384f101bc746b522dc7acfbed649b0716c8d79c2363,,"['reference_not_ranking', 'single_initialization_observation']"
cholesky2,numba,nopython-mode-parallel,same_process,observed,2.797808389470447,cholesky2,0.65.1,6,3,d99d5b0becbfb22bf45157e320f447a583444c901fafb55b0e5b1a90147a5923,b9394a55df0718e0c2862384f101bc746b522dc7acfbed649b0716c8d79c2363,,"['reference_not_ranking', 'single_initialization_observation']"
cholesky2,numba,nopython-mode-parallel-range,initialization,N/A,,,,0,0,,,,
cholesky2,numba,nopython-mode-parallel-range,fresh_process,N/A,,,,0,0,,,,
cholesky2,numba,nopython-mode-parallel-range,same_process,N/A,,,,0,0,,,,
cholesky2,numba,object-mode,initialization,N/A,,,,0,0,,,,
cholesky2,numba,object-mode,fresh_process,N/A,,,,0,0,,,,
cholesky2,numba,object-mode,same_process,N/A,,,,0,0,,,,
cholesky2,numba,object-mode-parallel,initialization,N/A,,,,0,0,,,,
cholesky2,numba,object-mode-parallel,fresh_process,N/A,,,,0,0,,,,
cholesky2,numba,object-mode-parallel,same_process,N/A,,,,0,0,,,,
cholesky2,numba,object-mode-parallel-range,initialization,N/A,,,,0,0,,,,
cholesky2,numba,object-mode-parallel-range,fresh_process,N/A,,,,0,0,,,,
cholesky2,numba,object-mode-parallel-range,same_process,N/A,,,,0,0,,,,
cholesky2,dace_cpu,fusion,initialization,observed,10.128430009935983,cholesky2,1.0.2,1,1,d99d5b0becbfb22bf45157e320f447a583444c901fafb55b0e5b1a90147a5923,b9394a55df0718e0c2862384f101bc746b522dc7acfbed649b0716c8d79c2363,,"['reference_not_ranking', 'single_initialization_observation']"
cholesky2,dace_cpu,fusion,fresh_process,observed,1.5953395729884505,cholesky2,1.0.2,2,2,d99d5b0becbfb22bf45157e320f447a583444c901fafb55b0e5b1a90147a5923,b9394a55df0718e0c2862384f101bc746b522dc7acfbed649b0716c8d79c2363,,"['reference_not_ranking', 'single_initialization_observation']"
cholesky2,dace_cpu,fusion,same_process,observed,1.7691960569936782,cholesky2,1.0.2,6,3,d99d5b0becbfb22bf45157e320f447a583444c901fafb55b0e5b1a90147a5923,b9394a55df0718e0c2862384f101bc746b522dc7acfbed649b0716c8d79c2363,,"['reference_not_ranking', 'single_initialization_observation']"
cholesky2,dace_cpu,parallel,initialization,observed,10.141643966082484,cholesky2,1.0.2,1,1,d99d5b0becbfb22bf45157e320f447a583444c901fafb55b0e5b1a90147a5923,b9394a55df0718e0c2862384f101bc746b522dc7acfbed649b0716c8d79c2363,,"['reference_not_ranking', 'single_initialization_observation']"
cholesky2,dace_cpu,parallel,fresh_process,observed,1.6710789399803616,cholesky2,1.0.2,2,2,d99d5b0becbfb22bf45157e320f447a583444c901fafb55b0e5b1a90147a5923,b9394a55df0718e0c2862384f101bc746b522dc7acfbed649b0716c8d79c2363,,"['reference_not_ranking', 'single_initialization_observation']"
cholesky2,dace_cpu,parallel,same_process,observed,1.5199976825388148,cholesky2,1.0.2,6,3,d99d5b0becbfb22bf45157e320f447a583444c901fafb55b0e5b1a90147a5923,b9394a55df0718e0c2862384f101bc746b522dc7acfbed649b0716c8d79c2363,,"['reference_not_ranking', 'single_initialization_observation']"
cholesky2,dace_cpu,auto_opt,initialization,observed,10.691696750931442,cholesky2,1.0.2,1,1,d99d5b0becbfb22bf45157e320f447a583444c901fafb55b0e5b1a90147a5923,b9394a55df0718e0c2862384f101bc746b522dc7acfbed649b0716c8d79c2363,,"['reference_not_ranking', 'single_initialization_observation']"
cholesky2,dace_cpu,auto_opt,fresh_process,observed,1.4593800004804507,cholesky2,1.0.2,2,2,d99d5b0becbfb22bf45157e320f447a583444c901fafb55b0e5b1a90147a5923,b9394a55df0718e0c2862384f101bc746b522dc7acfbed649b0716c8d79c2363,,"['reference_not_ranking', 'single_initialization_observation']"
cholesky2,dace_cpu,auto_opt,same_process,observed,1.1545232240459882,cholesky2,1.0.2,6,3,d99d5b0becbfb22bf45157e320f447a583444c901fafb55b0e5b1a90147a5923,b9394a55df0718e0c2862384f101bc746b522dc7acfbed649b0716c8d79c2363,,"['reference_not_ranking', 'single_initialization_observation']"
cholesky2,dace_gpu,fusion,initialization,observed,29.098833034047857,cholesky2,1.0.2,1,1,d99d5b0becbfb22bf45157e320f447a583444c901fafb55b0e5b1a90147a5923,b9394a55df0718e0c2862384f101bc746b522dc7acfbed649b0716c8d79c2363,,"['reference_not_ranking', 'single_initialization_observation']"
cholesky2,dace_gpu,fusion,fresh_process,observed,1.4804351429920644,cholesky2,1.0.2,2,2,d99d5b0becbfb22bf45157e320f447a583444c901fafb55b0e5b1a90147a5923,b9394a55df0718e0c2862384f101bc746b522dc7acfbed649b0716c8d79c2363,,"['reference_not_ranking', 'single_initialization_observation']"
cholesky2,dace_gpu,fusion,same_process,observed,0.2682895199977793,cholesky2,1.0.2,6,3,d99d5b0becbfb22bf45157e320f447a583444c901fafb55b0e5b1a90147a5923,b9394a55df0718e0c2862384f101bc746b522dc7acfbed649b0716c8d79c2363,,"['reference_not_ranking', 'single_initialization_observation']"
cholesky2,dace_gpu,parallel,initialization,observed,25.43275822303258,cholesky2,1.0.2,1,1,d99d5b0becbfb22bf45157e320f447a583444c901fafb55b0e5b1a90147a5923,b9394a55df0718e0c2862384f101bc746b522dc7acfbed649b0716c8d79c2363,,"['reference_not_ranking', 'single_initialization_observation']"
cholesky2,dace_gpu,parallel,fresh_process,observed,2.1430584409972653,cholesky2,1.0.2,2,2,d99d5b0becbfb22bf45157e320f447a583444c901fafb55b0e5b1a90147a5923,b9394a55df0718e0c2862384f101bc746b522dc7acfbed649b0716c8d79c2363,,"['reference_not_ranking', 'single_initialization_observation']"
cholesky2,dace_gpu,parallel,same_process,observed,0.27046072599478066,cholesky2,1.0.2,6,3,d99d5b0becbfb22bf45157e320f447a583444c901fafb55b0e5b1a90147a5923,b9394a55df0718e0c2862384f101bc746b522dc7acfbed649b0716c8d79c2363,,"['reference_not_ranking', 'single_initialization_observation']"
cholesky2,dace_gpu,auto_opt,initialization,observed,25.356011204072274,cholesky2,1.0.2,1,1,d99d5b0becbfb22bf45157e320f447a583444c901fafb55b0e5b1a90147a5923,b9394a55df0718e0c2862384f101bc746b522dc7acfbed649b0716c8d79c2363,,"['reference_not_ranking', 'single_initialization_observation']"
cholesky2,dace_gpu,auto_opt,fresh_process,observed,1.9109644445125014,cholesky2,1.0.2,2,2,d99d5b0becbfb22bf45157e320f447a583444c901fafb55b0e5b1a90147a5923,b9394a55df0718e0c2862384f101bc746b522dc7acfbed649b0716c8d79c2363,,"['reference_not_ranking', 'single_initialization_observation']"
cholesky2,dace_gpu,auto_opt,same_process,observed,0.26539056503679603,cholesky2,1.0.2,6,3,d99d5b0becbfb22bf45157e320f447a583444c901fafb55b0e5b1a90147a5923,b9394a55df0718e0c2862384f101bc746b522dc7acfbed649b0716c8d79c2363,,"['reference_not_ranking', 'single_initialization_observation']"
cholesky2,cupy,default,initialization,observed,1.953710800036788,cholesky2,13.6.0,1,1,d99d5b0becbfb22bf45157e320f447a583444c901fafb55b0e5b1a90147a5923,b9394a55df0718e0c2862384f101bc746b522dc7acfbed649b0716c8d79c2363,,"['reference_not_ranking', 'single_initialization_observation']"
cholesky2,cupy,default,fresh_process,observed,0.9991572450380772,cholesky2,13.6.0,2,2,d99d5b0becbfb22bf45157e320f447a583444c901fafb55b0e5b1a90147a5923,b9394a55df0718e0c2862384f101bc746b522dc7acfbed649b0716c8d79c2363,,"['reference_not_ranking', 'single_initialization_observation']"
cholesky2,cupy,default,same_process,observed,0.2651263225125149,cholesky2,13.6.0,6,3,d99d5b0becbfb22bf45157e320f447a583444c901fafb55b0e5b1a90147a5923,b9394a55df0718e0c2862384f101bc746b522dc7acfbed649b0716c8d79c2363,,"['reference_not_ranking', 'single_initialization_observation']"
compute,numpy,default,initialization,observed,0.9873407640261576,compute,1.26.4,1,1,edf335f51b0a6a5a63d4d1e8c77cdda9a31939cdf30081571adf738ae28f7732,c95ef8e4674e9795c2c4376c3b88240655d27d77a534d2db1cf991c275146691,,"['reference_not_ranking', 'single_initialization_observation']"
compute,numpy,default,fresh_process,observed,0.9400940430350602,compute,1.26.4,2,2,edf335f51b0a6a5a63d4d1e8c77cdda9a31939cdf30081571adf738ae28f7732,c95ef8e4674e9795c2c4376c3b88240655d27d77a534d2db1cf991c275146691,,"['reference_not_ranking', 'single_initialization_observation']"
compute,numpy,default,same_process,observed,1.1650728130480275,compute,1.26.4,6,3,edf335f51b0a6a5a63d4d1e8c77cdda9a31939cdf30081571adf738ae28f7732,c95ef8e4674e9795c2c4376c3b88240655d27d77a534d2db1cf991c275146691,,"['reference_not_ranking', 'single_initialization_observation']"
compute,numba,nopython-mode,initialization,observed,2.251434396021068,compute,0.65.1,1,1,edf335f51b0a6a5a63d4d1e8c77cdda9a31939cdf30081571adf738ae28f7732,c95ef8e4674e9795c2c4376c3b88240655d27d77a534d2db1cf991c275146691,,"['reference_not_ranking', 'single_initialization_observation']"
compute,numba,nopython-mode,fresh_process,observed,1.2558409019839019,compute,0.65.1,2,2,edf335f51b0a6a5a63d4d1e8c77cdda9a31939cdf30081571adf738ae28f7732,c95ef8e4674e9795c2c4376c3b88240655d27d77a534d2db1cf991c275146691,,"['reference_not_ranking', 'single_initialization_observation']"
compute,numba,nopython-mode,same_process,observed,1.251387709460687,compute,0.65.1,6,3,edf335f51b0a6a5a63d4d1e8c77cdda9a31939cdf30081571adf738ae28f7732,c95ef8e4674e9795c2c4376c3b88240655d27d77a534d2db1cf991c275146691,,"['reference_not_ranking', 'single_initialization_observation']"
compute,numba,nopython-mode-parallel,initialization,observed,0.7686670878902078,compute,0.65.1,1,1,edf335f51b0a6a5a63d4d1e8c77cdda9a31939cdf30081571adf738ae28f7732,c95ef8e4674e9795c2c4376c3b88240655d27d77a534d2db1cf991c275146691,,"['reference_not_ranking', 'single_initialization_observation']"
compute,numba,nopython-mode-parallel,fresh_process,observed,0.4112617734936066,compute,0.65.1,2,2,edf335f51b0a6a5a63d4d1e8c77cdda9a31939cdf30081571adf738ae28f7732,c95ef8e4674e9795c2c4376c3b88240655d27d77a534d2db1cf991c275146691,,"['reference_not_ranking', 'single_initialization_observation']"
compute,numba,nopython-mode-parallel,same_process,observed,0.12027601402951404,compute,0.65.1,6,3,edf335f51b0a6a5a63d4d1e8c77cdda9a31939cdf30081571adf738ae28f7732,c95ef8e4674e9795c2c4376c3b88240655d27d77a534d2db1cf991c275146691,,"['reference_not_ranking', 'single_initialization_observation']"
compute,numba,nopython-mode-parallel-range,initialization,N/A,,,,0,0,,,,
compute,numba,nopython-mode-parallel-range,fresh_process,N/A,,,,0,0,,,,
compute,numba,nopython-mode-parallel-range,same_process,N/A,,,,0,0,,,,
compute,numba,object-mode,initialization,observed,2.446269294945523,compute,0.65.1,1,1,edf335f51b0a6a5a63d4d1e8c77cdda9a31939cdf30081571adf738ae28f7732,c95ef8e4674e9795c2c4376c3b88240655d27d77a534d2db1cf991c275146691,,"['reference_not_ranking', 'single_initialization_observation']"
compute,numba,object-mode,fresh_process,observed,1.973732469487004,compute,0.65.1,2,2,edf335f51b0a6a5a63d4d1e8c77cdda9a31939cdf30081571adf738ae28f7732,c95ef8e4674e9795c2c4376c3b88240655d27d77a534d2db1cf991c275146691,,"['reference_not_ranking', 'single_initialization_observation']"
compute,numba,object-mode,same_process,observed,1.6190990490140393,compute,0.65.1,6,3,edf335f51b0a6a5a63d4d1e8c77cdda9a31939cdf30081571adf738ae28f7732,c95ef8e4674e9795c2c4376c3b88240655d27d77a534d2db1cf991c275146691,,"['reference_not_ranking', 'single_initialization_observation']"
compute,numba,object-mode-parallel,initialization,observed,1.6980574829503894,compute,0.65.1,1,1,edf335f51b0a6a5a63d4d1e8c77cdda9a31939cdf30081571adf738ae28f7732,c95ef8e4674e9795c2c4376c3b88240655d27d77a534d2db1cf991c275146691,,"['reference_not_ranking', 'single_initialization_observation']"
compute,numba,object-mode-parallel,fresh_process,observed,1.7376333195134066,compute,0.65.1,2,2,edf335f51b0a6a5a63d4d1e8c77cdda9a31939cdf30081571adf738ae28f7732,c95ef8e4674e9795c2c4376c3b88240655d27d77a534d2db1cf991c275146691,,"['reference_not_ranking', 'single_initialization_observation']"
compute,numba,object-mode-parallel,same_process,observed,1.608014227473177,compute,0.65.1,6,3,edf335f51b0a6a5a63d4d1e8c77cdda9a31939cdf30081571adf738ae28f7732,c95ef8e4674e9795c2c4376c3b88240655d27d77a534d2db1cf991c275146691,,"['reference_not_ranking', 'single_initialization_observation']"
compute,numba,object-mode-parallel-range,initialization,N/A,,,,0,0,,,,
compute,numba,object-mode-parallel-range,fresh_process,N/A,,,,0,0,,,,
compute,numba,object-mode-parallel-range,same_process,N/A,,,,0,0,,,,
compute,dace_cpu,fusion,initialization,observed,7.664711992023513,compute,1.0.2,1,1,edf335f51b0a6a5a63d4d1e8c77cdda9a31939cdf30081571adf738ae28f7732,c95ef8e4674e9795c2c4376c3b88240655d27d77a534d2db1cf991c275146691,,"['reference_not_ranking', 'single_initialization_observation']"
compute,dace_cpu,fusion,fresh_process,observed,0.1891061044880189,compute,1.0.2,2,2,edf335f51b0a6a5a63d4d1e8c77cdda9a31939cdf30081571adf738ae28f7732,c95ef8e4674e9795c2c4376c3b88240655d27d77a534d2db1cf991c275146691,,"['reference_not_ranking', 'single_initialization_observation']"
compute,dace_cpu,fusion,same_process,observed,0.10424502904061228,compute,1.0.2,6,3,edf335f51b0a6a5a63d4d1e8c77cdda9a31939cdf30081571adf738ae28f7732,c95ef8e4674e9795c2c4376c3b88240655d27d77a534d2db1cf991c275146691,,"['reference_not_ranking', 'single_initialization_observation']"
compute,dace_cpu,parallel,initialization,observed,7.282049051951617,compute,1.0.2,1,1,edf335f51b0a6a5a63d4d1e8c77cdda9a31939cdf30081571adf738ae28f7732,c95ef8e4674e9795c2c4376c3b88240655d27d77a534d2db1cf991c275146691,,"['reference_not_ranking', 'single_initialization_observation']"
compute,dace_cpu,parallel,fresh_process,observed,0.19147536897799,compute,1.0.2,2,2,edf335f51b0a6a5a63d4d1e8c77cdda9a31939cdf30081571adf738ae28f7732,c95ef8e4674e9795c2c4376c3b88240655d27d77a534d2db1cf991c275146691,,"['reference_not_ranking', 'single_initialization_observation']"
compute,dace_cpu,parallel,same_process,observed,0.10543645150028169,compute,1.0.2,6,3,edf335f51b0a6a5a63d4d1e8c77cdda9a31939cdf30081571adf738ae28f7732,c95ef8e4674e9795c2c4376c3b88240655d27d77a534d2db1cf991c275146691,,"['reference_not_ranking', 'single_initialization_observation']"
compute,dace_cpu,auto_opt,initialization,observed,7.587614024057984,compute,1.0.2,1,1,edf335f51b0a6a5a63d4d1e8c77cdda9a31939cdf30081571adf738ae28f7732,c95ef8e4674e9795c2c4376c3b88240655d27d77a534d2db1cf991c275146691,,"['reference_not_ranking', 'single_initialization_observation']"
compute,dace_cpu,auto_opt,fresh_process,observed,0.2036602150183171,compute,1.0.2,2,2,edf335f51b0a6a5a63d4d1e8c77cdda9a31939cdf30081571adf738ae28f7732,c95ef8e4674e9795c2c4376c3b88240655d27d77a534d2db1cf991c275146691,,"['reference_not_ranking', 'single_initialization_observation']"
compute,dace_cpu,auto_opt,same_process,observed,0.10407224297523499,compute,1.0.2,6,3,edf335f51b0a6a5a63d4d1e8c77cdda9a31939cdf30081571adf738ae28f7732,c95ef8e4674e9795c2c4376c3b88240655d27d77a534d2db1cf991c275146691,,"['reference_not_ranking', 'single_initialization_observation']"
compute,dace_gpu,fusion,initialization,observed,26.944128332077526,compute,1.0.2,1,1,edf335f51b0a6a5a63d4d1e8c77cdda9a31939cdf30081571adf738ae28f7732,c95ef8e4674e9795c2c4376c3b88240655d27d77a534d2db1cf991c275146691,,"['reference_not_ranking', 'single_initialization_observation']"
compute,dace_gpu,fusion,fresh_process,observed,3.8568154809763655,compute,1.0.2,2,2,edf335f51b0a6a5a63d4d1e8c77cdda9a31939cdf30081571adf738ae28f7732,c95ef8e4674e9795c2c4376c3b88240655d27d77a534d2db1cf991c275146691,,"['reference_not_ranking', 'single_initialization_observation']"
compute,dace_gpu,fusion,same_process,observed,0.9080800624797121,compute,1.0.2,6,3,edf335f51b0a6a5a63d4d1e8c77cdda9a31939cdf30081571adf738ae28f7732,c95ef8e4674e9795c2c4376c3b88240655d27d77a534d2db1cf991c275146691,,"['reference_not_ranking', 'single_initialization_observation']"
compute,dace_gpu,parallel,initialization,observed,27.654680243926123,compute,1.0.2,1,1,edf335f51b0a6a5a63d4d1e8c77cdda9a31939cdf30081571adf738ae28f7732,c95ef8e4674e9795c2c4376c3b88240655d27d77a534d2db1cf991c275146691,,"['reference_not_ranking', 'single_initialization_observation']"
compute,dace_gpu,parallel,fresh_process,observed,3.654570013459306,compute,1.0.2,2,2,edf335f51b0a6a5a63d4d1e8c77cdda9a31939cdf30081571adf738ae28f7732,c95ef8e4674e9795c2c4376c3b88240655d27d77a534d2db1cf991c275146691,,"['reference_not_ranking', 'single_initialization_observation']"
compute,dace_gpu,parallel,same_process,observed,0.9160897264955565,compute,1.0.2,6,3,edf335f51b0a6a5a63d4d1e8c77cdda9a31939cdf30081571adf738ae28f7732,c95ef8e4674e9795c2c4376c3b88240655d27d77a534d2db1cf991c275146691,,"['reference_not_ranking', 'single_initialization_observation']"
compute,dace_gpu,auto_opt,initialization,observed,25.628577594994567,compute,1.0.2,1,1,edf335f51b0a6a5a63d4d1e8c77cdda9a31939cdf30081571adf738ae28f7732,c95ef8e4674e9795c2c4376c3b88240655d27d77a534d2db1cf991c275146691,,"['reference_not_ranking', 'single_initialization_observation']"
compute,dace_gpu,auto_opt,fresh_process,observed,3.654152272560168,compute,1.0.2,2,2,edf335f51b0a6a5a63d4d1e8c77cdda9a31939cdf30081571adf738ae28f7732,c95ef8e4674e9795c2c4376c3b88240655d27d77a534d2db1cf991c275146691,,"['reference_not_ranking', 'single_initialization_observation']"
compute,dace_gpu,auto_opt,same_process,observed,0.9322046220186166,compute,1.0.2,6,3,edf335f51b0a6a5a63d4d1e8c77cdda9a31939cdf30081571adf738ae28f7732,c95ef8e4674e9795c2c4376c3b88240655d27d77a534d2db1cf991c275146691,,"['reference_not_ranking', 'single_initialization_observation']"
compute,cupy,default,initialization,observed,3.7231542819645256,compute,13.6.0,1,1,edf335f51b0a6a5a63d4d1e8c77cdda9a31939cdf30081571adf738ae28f7732,c95ef8e4674e9795c2c4376c3b88240655d27d77a534d2db1cf991c275146691,,"['reference_not_ranking', 'single_initialization_observation']"
compute,cupy,default,fresh_process,observed,3.4953011155012064,compute,13.6.0,2,2,edf335f51b0a6a5a63d4d1e8c77cdda9a31939cdf30081571adf738ae28f7732,c95ef8e4674e9795c2c4376c3b88240655d27d77a534d2db1cf991c275146691,,"['reference_not_ranking', 'single_initialization_observation']"
compute,cupy,default,same_process,observed,0.8333716980414465,compute,13.6.0,6,3,edf335f51b0a6a5a63d4d1e8c77cdda9a31939cdf30081571adf738ae28f7732,c95ef8e4674e9795c2c4376c3b88240655d27d77a534d2db1cf991c275146691,,"['reference_not_ranking', 'single_initialization_observation']"
contour_integral,numpy,default,initialization,observed,2.1213007589103654,contour_integral,1.26.4,1,1,b7bd5d51e17faaa7d7b471e2377876f282bd7deed775cb160db56f12df313057,96e60b8e822b16860d5bd015f984ac2828ce239aab0d0628d36a60c7c4be7697,,"['reference_not_ranking', 'single_initialization_observation']"
contour_integral,numpy,default,fresh_process,observed,1.9241339145228267,contour_integral,1.26.4,2,2,b7bd5d51e17faaa7d7b471e2377876f282bd7deed775cb160db56f12df313057,96e60b8e822b16860d5bd015f984ac2828ce239aab0d0628d36a60c7c4be7697,,"['reference_not_ranking', 'single_initialization_observation']"
contour_integral,numpy,default,same_process,observed,1.82266374345636,contour_integral,1.26.4,6,3,b7bd5d51e17faaa7d7b471e2377876f282bd7deed775cb160db56f12df313057,96e60b8e822b16860d5bd015f984ac2828ce239aab0d0628d36a60c7c4be7697,,"['reference_not_ranking', 'single_initialization_observation']"
contour_integral,numba,nopython-mode,initialization,observed,7.634465910028666,contour_integral,0.65.1,1,1,b7bd5d51e17faaa7d7b471e2377876f282bd7deed775cb160db56f12df313057,96e60b8e822b16860d5bd015f984ac2828ce239aab0d0628d36a60c7c4be7697,,"['reference_not_ranking', 'single_initialization_observation']"
contour_integral,numba,nopython-mode,fresh_process,observed,2.3322465824894607,contour_integral,0.65.1,2,2,b7bd5d51e17faaa7d7b471e2377876f282bd7deed775cb160db56f12df313057,96e60b8e822b16860d5bd015f984ac2828ce239aab0d0628d36a60c7c4be7697,,"['reference_not_ranking', 'single_initialization_observation']"
contour_integral,numba,nopython-mode,same_process,observed,1.7267914825351909,contour_integral,0.65.1,6,3,b7bd5d51e17faaa7d7b471e2377876f282bd7deed775cb160db56f12df313057,96e60b8e822b16860d5bd015f984ac2828ce239aab0d0628d36a60c7c4be7697,,"['reference_not_ranking', 'single_initialization_observation']"
contour_integral,numba,nopython-mode-parallel,initialization,observed,13.109528098953888,contour_integral,0.65.1,1,1,b7bd5d51e17faaa7d7b471e2377876f282bd7deed775cb160db56f12df313057,96e60b8e822b16860d5bd015f984ac2828ce239aab0d0628d36a60c7c4be7697,,"['reference_not_ranking', 'single_initialization_observation']"
contour_integral,numba,nopython-mode-parallel,fresh_process,observed,6.542732756526675,contour_integral,0.65.1,2,2,b7bd5d51e17faaa7d7b471e2377876f282bd7deed775cb160db56f12df313057,96e60b8e822b16860d5bd015f984ac2828ce239aab0d0628d36a60c7c4be7697,,"['reference_not_ranking', 'single_initialization_observation']"
contour_integral,numba,nopython-mode-parallel,same_process,observed,5.602908747503534,contour_integral,0.65.1,6,3,b7bd5d51e17faaa7d7b471e2377876f282bd7deed775cb160db56f12df313057,96e60b8e822b16860d5bd015f984ac2828ce239aab0d0628d36a60c7c4be7697,,"['reference_not_ranking', 'single_initialization_observation']"
contour_integral,numba,nopython-mode-parallel-range,initialization,observed,18.432657264987938,contour_integral,0.65.1,1,1,b7bd5d51e17faaa7d7b471e2377876f282bd7deed775cb160db56f12df313057,96e60b8e822b16860d5bd015f984ac2828ce239aab0d0628d36a60c7c4be7697,,"['reference_not_ranking', 'single_initialization_observation']"
contour_integral,numba,nopython-mode-parallel-range,fresh_process,observed,3.7353036530548707,contour_integral,0.65.1,2,2,b7bd5d51e17faaa7d7b471e2377876f282bd7deed775cb160db56f12df313057,96e60b8e822b16860d5bd015f984ac2828ce239aab0d0628d36a60c7c4be7697,,"['reference_not_ranking', 'single_initialization_observation']"
contour_integral,numba,nopython-mode-parallel-range,same_process,observed,2.610073060495779,contour_integral,0.65.1,6,3,b7bd5d51e17faaa7d7b471e2377876f282bd7deed775cb160db56f12df313057,96e60b8e822b16860d5bd015f984ac2828ce239aab0d0628d36a60c7c4be7697,,"['reference_not_ranking', 'single_initialization_observation']"
contour_integral,numba,object-mode,initialization,N/A,,,,0,0,,,,
contour_integral,numba,object-mode,fresh_process,N/A,,,,0,0,,,,
contour_integral,numba,object-mode,same_process,N/A,,,,0,0,,,,
contour_integral,numba,object-mode-parallel,initialization,N/A,,,,0,0,,,,
contour_integral,numba,object-mode-parallel,fresh_process,N/A,,,,0,0,,,,
contour_integral,numba,object-mode-parallel,same_process,N/A,,,,0,0,,,,
contour_integral,numba,object-mode-parallel-range,initialization,N/A,,,,0,0,,,,
contour_integral,numba,object-mode-parallel-range,fresh_process,N/A,,,,0,0,,,,
contour_integral,numba,object-mode-parallel-range,same_process,N/A,,,,0,0,,,,
contour_integral,dace_cpu,fusion,initialization,observed,16.251461072009988,contour_integral,1.0.2,1,1,b7bd5d51e17faaa7d7b471e2377876f282bd7deed775cb160db56f12df313057,96e60b8e822b16860d5bd015f984ac2828ce239aab0d0628d36a60c7c4be7697,,"['reference_not_ranking', 'single_initialization_observation']"
contour_integral,dace_cpu,fusion,fresh_process,observed,6.2012974100071006,contour_integral,1.0.2,2,2,b7bd5d51e17faaa7d7b471e2377876f282bd7deed775cb160db56f12df313057,96e60b8e822b16860d5bd015f984ac2828ce239aab0d0628d36a60c7c4be7697,,"['reference_not_ranking', 'single_initialization_observation']"
contour_integral,dace_cpu,fusion,same_process,observed,5.8156034440035,contour_integral,1.0.2,6,3,b7bd5d51e17faaa7d7b471e2377876f282bd7deed775cb160db56f12df313057,96e60b8e822b16860d5bd015f984ac2828ce239aab0d0628d36a60c7c4be7697,,"['reference_not_ranking', 'single_initialization_observation']"
contour_integral,dace_cpu,parallel,initialization,observed,16.38499278598465,contour_integral,1.0.2,1,1,b7bd5d51e17faaa7d7b471e2377876f282bd7deed775cb160db56f12df313057,96e60b8e822b16860d5bd015f984ac2828ce239aab0d0628d36a60c7c4be7697,,"['reference_not_ranking', 'single_initialization_observation']"
contour_integral,dace_cpu,parallel,fresh_process,observed,6.262715558987111,contour_integral,1.0.2,2,2,b7bd5d51e17faaa7d7b471e2377876f282bd7deed775cb160db56f12df313057,96e60b8e822b16860d5bd015f984ac2828ce239aab0d0628d36a60c7c4be7697,,"['reference_not_ranking', 'single_initialization_observation']"
contour_integral,dace_cpu,parallel,same_process,observed,5.611450904980302,contour_integral,1.0.2,6,3,b7bd5d51e17faaa7d7b471e2377876f282bd7deed775cb160db56f12df313057,96e60b8e822b16860d5bd015f984ac2828ce239aab0d0628d36a60c7c4be7697,,"['reference_not_ranking', 'single_initialization_observation']"
contour_integral,dace_cpu,auto_opt,initialization,observed,15.792215098044835,contour_integral,1.0.2,1,1,b7bd5d51e17faaa7d7b471e2377876f282bd7deed775cb160db56f12df313057,96e60b8e822b16860d5bd015f984ac2828ce239aab0d0628d36a60c7c4be7697,,"['reference_not_ranking', 'single_initialization_observation']"
contour_integral,dace_cpu,auto_opt,fresh_process,observed,6.004165398480836,contour_integral,1.0.2,2,2,b7bd5d51e17faaa7d7b471e2377876f282bd7deed775cb160db56f12df313057,96e60b8e822b16860d5bd015f984ac2828ce239aab0d0628d36a60c7c4be7697,,"['reference_not_ranking', 'single_initialization_observation']"
contour_integral,dace_cpu,auto_opt,same_process,observed,5.2703783040633425,contour_integral,1.0.2,6,3,b7bd5d51e17faaa7d7b471e2377876f282bd7deed775cb160db56f12df313057,96e60b8e822b16860d5bd015f984ac2828ce239aab0d0628d36a60c7c4be7697,,"['reference_not_ranking', 'single_initialization_observation']"
contour_integral,dace_gpu,fusion,initialization,validation,,contour_integral,1.0.2,0,0,b7bd5d51e17faaa7d7b471e2377876f282bd7deed775cb160db56f12df313057,96e60b8e822b16860d5bd015f984ac2828ce239aab0d0628d36a60c7c4be7697,,"['reference_not_ranking', 'single_initialization_observation']"
contour_integral,dace_gpu,fusion,fresh_process,validation,,contour_integral,1.0.2,0,0,b7bd5d51e17faaa7d7b471e2377876f282bd7deed775cb160db56f12df313057,96e60b8e822b16860d5bd015f984ac2828ce239aab0d0628d36a60c7c4be7697,,"['reference_not_ranking', 'single_initialization_observation']"
contour_integral,dace_gpu,fusion,same_process,validation,,contour_integral,1.0.2,0,0,b7bd5d51e17faaa7d7b471e2377876f282bd7deed775cb160db56f12df313057,96e60b8e822b16860d5bd015f984ac2828ce239aab0d0628d36a60c7c4be7697,,"['reference_not_ranking', 'single_initialization_observation']"
contour_integral,dace_gpu,parallel,initialization,validation,,contour_integral,1.0.2,0,0,b7bd5d51e17faaa7d7b471e2377876f282bd7deed775cb160db56f12df313057,96e60b8e822b16860d5bd015f984ac2828ce239aab0d0628d36a60c7c4be7697,,"['reference_not_ranking', 'single_initialization_observation']"
contour_integral,dace_gpu,parallel,fresh_process,validation,,contour_integral,1.0.2,0,0,b7bd5d51e17faaa7d7b471e2377876f282bd7deed775cb160db56f12df313057,96e60b8e822b16860d5bd015f984ac2828ce239aab0d0628d36a60c7c4be7697,,"['reference_not_ranking', 'single_initialization_observation']"
contour_integral,dace_gpu,parallel,same_process,validation,,contour_integral,1.0.2,0,0,b7bd5d51e17faaa7d7b471e2377876f282bd7deed775cb160db56f12df313057,96e60b8e822b16860d5bd015f984ac2828ce239aab0d0628d36a60c7c4be7697,,"['reference_not_ranking', 'single_initialization_observation']"
contour_integral,dace_gpu,auto_opt,initialization,validation,,contour_integral,1.0.2,0,0,b7bd5d51e17faaa7d7b471e2377876f282bd7deed775cb160db56f12df313057,96e60b8e822b16860d5bd015f984ac2828ce239aab0d0628d36a60c7c4be7697,,"['reference_not_ranking', 'single_initialization_observation']"
contour_integral,dace_gpu,auto_opt,fresh_process,validation,,contour_integral,1.0.2,0,0,b7bd5d51e17faaa7d7b471e2377876f282bd7deed775cb160db56f12df313057,96e60b8e822b16860d5bd015f984ac2828ce239aab0d0628d36a60c7c4be7697,,"['reference_not_ranking', 'single_initialization_observation']"
contour_integral,dace_gpu,auto_opt,same_process,validation,,contour_integral,1.0.2,0,0,b7bd5d51e17faaa7d7b471e2377876f282bd7deed775cb160db56f12df313057,96e60b8e822b16860d5bd015f984ac2828ce239aab0d0628d36a60c7c4be7697,,"['reference_not_ranking', 'single_initialization_observation']"
contour_integral,cupy,default,initialization,observed,2.3997073830105364,contour_integral,13.6.0,1,1,b7bd5d51e17faaa7d7b471e2377876f282bd7deed775cb160db56f12df313057,96e60b8e822b16860d5bd015f984ac2828ce239aab0d0628d36a60c7c4be7697,,"['reference_not_ranking', 'single_initialization_observation']"
contour_integral,cupy,default,fresh_process,observed,0.8183390820049681,contour_integral,13.6.0,2,2,b7bd5d51e17faaa7d7b471e2377876f282bd7deed775cb160db56f12df313057,96e60b8e822b16860d5bd015f984ac2828ce239aab0d0628d36a60c7c4be7697,,"['reference_not_ranking', 'single_initialization_observation']"
contour_integral,cupy,default,same_process,observed,0.14476817101240158,contour_integral,13.6.0,6,3,b7bd5d51e17faaa7d7b471e2377876f282bd7deed775cb160db56f12df313057,96e60b8e822b16860d5bd015f984ac2828ce239aab0d0628d36a60c7c4be7697,,"['reference_not_ranking', 'single_initialization_observation']"
conv2d_bias,numpy,default,initialization,observed,1.626909674028866,conv2d_bias,1.26.4,1,1,c47a0f873d63acc5fa1d36e1061d8e90bf59c5186703fc221aaf46384c6dbae8,3652f4ad2c784bef2f715b7aa13d7e3a9d461dbdbed77498119dc3c0f00cc660,,"['reference_not_ranking', 'single_initialization_observation']"
conv2d_bias,numpy,default,fresh_process,observed,1.8066116009722464,conv2d_bias,1.26.4,2,2,c47a0f873d63acc5fa1d36e1061d8e90bf59c5186703fc221aaf46384c6dbae8,3652f4ad2c784bef2f715b7aa13d7e3a9d461dbdbed77498119dc3c0f00cc660,,"['reference_not_ranking', 'single_initialization_observation']"
conv2d_bias,numpy,default,same_process,observed,1.564201306027826,conv2d_bias,1.26.4,6,3,c47a0f873d63acc5fa1d36e1061d8e90bf59c5186703fc221aaf46384c6dbae8,3652f4ad2c784bef2f715b7aa13d7e3a9d461dbdbed77498119dc3c0f00cc660,,"['reference_not_ranking', 'single_initialization_observation']"
conv2d_bias,numba,nopython-mode,initialization,observed,31.547537386999466,conv2d_bias,0.65.1,1,1,c47a0f873d63acc5fa1d36e1061d8e90bf59c5186703fc221aaf46384c6dbae8,3652f4ad2c784bef2f715b7aa13d7e3a9d461dbdbed77498119dc3c0f00cc660,,"['reference_not_ranking', 'single_initialization_observation']"
conv2d_bias,numba,nopython-mode,fresh_process,observed,1.8565370284486562,conv2d_bias,0.65.1,2,2,c47a0f873d63acc5fa1d36e1061d8e90bf59c5186703fc221aaf46384c6dbae8,3652f4ad2c784bef2f715b7aa13d7e3a9d461dbdbed77498119dc3c0f00cc660,,"['reference_not_ranking', 'single_initialization_observation']"
conv2d_bias,numba,nopython-mode,same_process,observed,1.3784438495640643,conv2d_bias,0.65.1,6,3,c47a0f873d63acc5fa1d36e1061d8e90bf59c5186703fc221aaf46384c6dbae8,3652f4ad2c784bef2f715b7aa13d7e3a9d461dbdbed77498119dc3c0f00cc660,,"['reference_not_ranking', 'single_initialization_observation']"
conv2d_bias,numba,nopython-mode-parallel,initialization,observed,33.81208477297332,conv2d_bias,0.65.1,1,1,c47a0f873d63acc5fa1d36e1061d8e90bf59c5186703fc221aaf46384c6dbae8,3652f4ad2c784bef2f715b7aa13d7e3a9d461dbdbed77498119dc3c0f00cc660,,"['reference_not_ranking', 'single_initialization_observation']"
conv2d_bias,numba,nopython-mode-parallel,fresh_process,observed,4.8377202224801295,conv2d_bias,0.65.1,2,2,c47a0f873d63acc5fa1d36e1061d8e90bf59c5186703fc221aaf46384c6dbae8,3652f4ad2c784bef2f715b7aa13d7e3a9d461dbdbed77498119dc3c0f00cc660,,"['reference_not_ranking', 'single_initialization_observation']"
conv2d_bias,numba,nopython-mode-parallel,same_process,observed,5.406466127024032,conv2d_bias,0.65.1,6,3,c47a0f873d63acc5fa1d36e1061d8e90bf59c5186703fc221aaf46384c6dbae8,3652f4ad2c784bef2f715b7aa13d7e3a9d461dbdbed77498119dc3c0f00cc660,,"['reference_not_ranking', 'single_initialization_observation']"
conv2d_bias,numba,nopython-mode-parallel-range,initialization,observed,45.908269408973865,conv2d_bias,0.65.1,1,1,c47a0f873d63acc5fa1d36e1061d8e90bf59c5186703fc221aaf46384c6dbae8,3652f4ad2c784bef2f715b7aa13d7e3a9d461dbdbed77498119dc3c0f00cc660,,"['reference_not_ranking', 'single_initialization_observation']"
conv2d_bias,numba,nopython-mode-parallel-range,fresh_process,observed,0.5668128984980285,conv2d_bias,0.65.1,2,2,c47a0f873d63acc5fa1d36e1061d8e90bf59c5186703fc221aaf46384c6dbae8,3652f4ad2c784bef2f715b7aa13d7e3a9d461dbdbed77498119dc3c0f00cc660,,"['reference_not_ranking', 'single_initialization_observation']"
conv2d_bias,numba,nopython-mode-parallel-range,same_process,observed,0.042307765514124185,conv2d_bias,0.65.1,6,3,c47a0f873d63acc5fa1d36e1061d8e90bf59c5186703fc221aaf46384c6dbae8,3652f4ad2c784bef2f715b7aa13d7e3a9d461dbdbed77498119dc3c0f00cc660,,"['reference_not_ranking', 'single_initialization_observation']"
conv2d_bias,numba,object-mode,initialization,error,,conv2d_bias,0.65.1,0,0,c47a0f873d63acc5fa1d36e1061d8e90bf59c5186703fc221aaf46384c6dbae8,3652f4ad2c784bef2f715b7aa13d7e3a9d461dbdbed77498119dc3c0f00cc660,,"['reference_not_ranking', 'single_initialization_observation']"
conv2d_bias,numba,object-mode,fresh_process,error,,conv2d_bias,0.65.1,0,0,c47a0f873d63acc5fa1d36e1061d8e90bf59c5186703fc221aaf46384c6dbae8,3652f4ad2c784bef2f715b7aa13d7e3a9d461dbdbed77498119dc3c0f00cc660,,"['reference_not_ranking', 'single_initialization_observation']"
conv2d_bias,numba,object-mode,same_process,error,,conv2d_bias,0.65.1,0,0,c47a0f873d63acc5fa1d36e1061d8e90bf59c5186703fc221aaf46384c6dbae8,3652f4ad2c784bef2f715b7aa13d7e3a9d461dbdbed77498119dc3c0f00cc660,,"['reference_not_ranking', 'single_initialization_observation']"
conv2d_bias,numba,object-mode-parallel,initialization,error,,conv2d_bias,0.65.1,0,0,c47a0f873d63acc5fa1d36e1061d8e90bf59c5186703fc221aaf46384c6dbae8,3652f4ad2c784bef2f715b7aa13d7e3a9d461dbdbed77498119dc3c0f00cc660,,"['reference_not_ranking', 'single_initialization_observation']"
conv2d_bias,numba,object-mode-parallel,fresh_process,error,,conv2d_bias,0.65.1,0,0,c47a0f873d63acc5fa1d36e1061d8e90bf59c5186703fc221aaf46384c6dbae8,3652f4ad2c784bef2f715b7aa13d7e3a9d461dbdbed77498119dc3c0f00cc660,,"['reference_not_ranking', 'single_initialization_observation']"
conv2d_bias,numba,object-mode-parallel,same_process,error,,conv2d_bias,0.65.1,0,0,c47a0f873d63acc5fa1d36e1061d8e90bf59c5186703fc221aaf46384c6dbae8,3652f4ad2c784bef2f715b7aa13d7e3a9d461dbdbed77498119dc3c0f00cc660,,"['reference_not_ranking', 'single_initialization_observation']"
conv2d_bias,numba,object-mode-parallel-range,initialization,observed,3.2780955389607698,conv2d_bias,0.65.1,1,1,c47a0f873d63acc5fa1d36e1061d8e90bf59c5186703fc221aaf46384c6dbae8,3652f4ad2c784bef2f715b7aa13d7e3a9d461dbdbed77498119dc3c0f00cc660,,"['reference_not_ranking', 'single_initialization_observation']"
conv2d_bias,numba,object-mode-parallel-range,fresh_process,observed,3.1160326569806784,conv2d_bias,0.65.1,2,2,c47a0f873d63acc5fa1d36e1061d8e90bf59c5186703fc221aaf46384c6dbae8,3652f4ad2c784bef2f715b7aa13d7e3a9d461dbdbed77498119dc3c0f00cc660,,"['reference_not_ranking', 'single_initialization_observation']"
conv2d_bias,numba,object-mode-parallel-range,same_process,observed,1.5842820559628308,conv2d_bias,0.65.1,6,3,c47a0f873d63acc5fa1d36e1061d8e90bf59c5186703fc221aaf46384c6dbae8,3652f4ad2c784bef2f715b7aa13d7e3a9d461dbdbed77498119dc3c0f00cc660,,"['reference_not_ranking', 'single_initialization_observation']"
conv2d_bias,dace_cpu,fusion,initialization,observed,10.591447987011634,conv2d_bias,1.0.2,1,1,c47a0f873d63acc5fa1d36e1061d8e90bf59c5186703fc221aaf46384c6dbae8,3652f4ad2c784bef2f715b7aa13d7e3a9d461dbdbed77498119dc3c0f00cc660,,"['reference_not_ranking', 'single_initialization_observation']"
conv2d_bias,dace_cpu,fusion,fresh_process,observed,2.905989533988759,conv2d_bias,1.0.2,2,2,c47a0f873d63acc5fa1d36e1061d8e90bf59c5186703fc221aaf46384c6dbae8,3652f4ad2c784bef2f715b7aa13d7e3a9d461dbdbed77498119dc3c0f00cc660,,"['reference_not_ranking', 'single_initialization_observation']"
conv2d_bias,dace_cpu,fusion,same_process,observed,1.2804978484637104,conv2d_bias,1.0.2,6,3,c47a0f873d63acc5fa1d36e1061d8e90bf59c5186703fc221aaf46384c6dbae8,3652f4ad2c784bef2f715b7aa13d7e3a9d461dbdbed77498119dc3c0f00cc660,,"['reference_not_ranking', 'single_initialization_observation']"
conv2d_bias,dace_cpu,parallel,initialization,observed,10.811892295954749,conv2d_bias,1.0.2,1,1,c47a0f873d63acc5fa1d36e1061d8e90bf59c5186703fc221aaf46384c6dbae8,3652f4ad2c784bef2f715b7aa13d7e3a9d461dbdbed77498119dc3c0f00cc660,,"['reference_not_ranking', 'single_initialization_observation']"
conv2d_bias,dace_cpu,parallel,fresh_process,observed,2.86962070845766,conv2d_bias,1.0.2,2,2,c47a0f873d63acc5fa1d36e1061d8e90bf59c5186703fc221aaf46384c6dbae8,3652f4ad2c784bef2f715b7aa13d7e3a9d461dbdbed77498119dc3c0f00cc660,,"['reference_not_ranking', 'single_initialization_observation']"
conv2d_bias,dace_cpu,parallel,same_process,observed,1.2394559599924833,conv2d_bias,1.0.2,6,3,c47a0f873d63acc5fa1d36e1061d8e90bf59c5186703fc221aaf46384c6dbae8,3652f4ad2c784bef2f715b7aa13d7e3a9d461dbdbed77498119dc3c0f00cc660,,"['reference_not_ranking', 'single_initialization_observation']"
conv2d_bias,dace_cpu,auto_opt,initialization,observed,11.337728061014786,conv2d_bias,1.0.2,1,1,c47a0f873d63acc5fa1d36e1061d8e90bf59c5186703fc221aaf46384c6dbae8,3652f4ad2c784bef2f715b7aa13d7e3a9d461dbdbed77498119dc3c0f00cc660,,"['reference_not_ranking', 'single_initialization_observation']"
conv2d_bias,dace_cpu,auto_opt,fresh_process,observed,2.9754018579842523,conv2d_bias,1.0.2,2,2,c47a0f873d63acc5fa1d36e1061d8e90bf59c5186703fc221aaf46384c6dbae8,3652f4ad2c784bef2f715b7aa13d7e3a9d461dbdbed77498119dc3c0f00cc660,,"['reference_not_ranking', 'single_initialization_observation']"
conv2d_bias,dace_cpu,auto_opt,same_process,observed,1.2961702489992604,conv2d_bias,1.0.2,6,3,c47a0f873d63acc5fa1d36e1061d8e90bf59c5186703fc221aaf46384c6dbae8,3652f4ad2c784bef2f715b7aa13d7e3a9d461dbdbed77498119dc3c0f00cc660,,"['reference_not_ranking', 'single_initialization_observation']"
conv2d_bias,dace_gpu,fusion,initialization,validation,,conv2d_bias,1.0.2,0,0,c47a0f873d63acc5fa1d36e1061d8e90bf59c5186703fc221aaf46384c6dbae8,3652f4ad2c784bef2f715b7aa13d7e3a9d461dbdbed77498119dc3c0f00cc660,,"['reference_not_ranking', 'single_initialization_observation']"
conv2d_bias,dace_gpu,fusion,fresh_process,validation,,conv2d_bias,1.0.2,0,0,c47a0f873d63acc5fa1d36e1061d8e90bf59c5186703fc221aaf46384c6dbae8,3652f4ad2c784bef2f715b7aa13d7e3a9d461dbdbed77498119dc3c0f00cc660,,"['reference_not_ranking', 'single_initialization_observation']"
conv2d_bias,dace_gpu,fusion,same_process,validation,,conv2d_bias,1.0.2,0,0,c47a0f873d63acc5fa1d36e1061d8e90bf59c5186703fc221aaf46384c6dbae8,3652f4ad2c784bef2f715b7aa13d7e3a9d461dbdbed77498119dc3c0f00cc660,,"['reference_not_ranking', 'single_initialization_observation']"
conv2d_bias,dace_gpu,parallel,initialization,validation,,conv2d_bias,1.0.2,0,0,c47a0f873d63acc5fa1d36e1061d8e90bf59c5186703fc221aaf46384c6dbae8,3652f4ad2c784bef2f715b7aa13d7e3a9d461dbdbed77498119dc3c0f00cc660,,"['reference_not_ranking', 'single_initialization_observation']"
conv2d_bias,dace_gpu,parallel,fresh_process,validation,,conv2d_bias,1.0.2,0,0,c47a0f873d63acc5fa1d36e1061d8e90bf59c5186703fc221aaf46384c6dbae8,3652f4ad2c784bef2f715b7aa13d7e3a9d461dbdbed77498119dc3c0f00cc660,,"['reference_not_ranking', 'single_initialization_observation']"
conv2d_bias,dace_gpu,parallel,same_process,validation,,conv2d_bias,1.0.2,0,0,c47a0f873d63acc5fa1d36e1061d8e90bf59c5186703fc221aaf46384c6dbae8,3652f4ad2c784bef2f715b7aa13d7e3a9d461dbdbed77498119dc3c0f00cc660,,"['reference_not_ranking', 'single_initialization_observation']"
conv2d_bias,dace_gpu,auto_opt,initialization,validation,,conv2d_bias,1.0.2,0,0,c47a0f873d63acc5fa1d36e1061d8e90bf59c5186703fc221aaf46384c6dbae8,3652f4ad2c784bef2f715b7aa13d7e3a9d461dbdbed77498119dc3c0f00cc660,,"['reference_not_ranking', 'single_initialization_observation']"
conv2d_bias,dace_gpu,auto_opt,fresh_process,validation,,conv2d_bias,1.0.2,0,0,c47a0f873d63acc5fa1d36e1061d8e90bf59c5186703fc221aaf46384c6dbae8,3652f4ad2c784bef2f715b7aa13d7e3a9d461dbdbed77498119dc3c0f00cc660,,"['reference_not_ranking', 'single_initialization_observation']"
conv2d_bias,dace_gpu,auto_opt,same_process,validation,,conv2d_bias,1.0.2,0,0,c47a0f873d63acc5fa1d36e1061d8e90bf59c5186703fc221aaf46384c6dbae8,3652f4ad2c784bef2f715b7aa13d7e3a9d461dbdbed77498119dc3c0f00cc660,,"['reference_not_ranking', 'single_initialization_observation']"
conv2d_bias,cupy,default,initialization,observed,2.3804453030461445,conv2d_bias,13.6.0,1,1,c47a0f873d63acc5fa1d36e1061d8e90bf59c5186703fc221aaf46384c6dbae8,3652f4ad2c784bef2f715b7aa13d7e3a9d461dbdbed77498119dc3c0f00cc660,,"['reference_not_ranking', 'single_initialization_observation']"
conv2d_bias,cupy,default,fresh_process,observed,1.8239445910439827,conv2d_bias,13.6.0,2,2,c47a0f873d63acc5fa1d36e1061d8e90bf59c5186703fc221aaf46384c6dbae8,3652f4ad2c784bef2f715b7aa13d7e3a9d461dbdbed77498119dc3c0f00cc660,,"['reference_not_ranking', 'single_initialization_observation']"
conv2d_bias,cupy,default,same_process,observed,1.4426484045106918,conv2d_bias,13.6.0,6,3,c47a0f873d63acc5fa1d36e1061d8e90bf59c5186703fc221aaf46384c6dbae8,3652f4ad2c784bef2f715b7aa13d7e3a9d461dbdbed77498119dc3c0f00cc660,,"['reference_not_ranking', 'single_initialization_observation']"
correlation,numpy,default,initialization,observed,1.3461944529553875,correlation,1.26.4,1,1,5bed53d94756b29d6c326b3510b9e7380e2b6d4931a68ec824535ca294b9c166,90af084039550dbfa1b2c0aafc8d4694c42209b191fd5b47f0314658efaf5513,,"['reference_not_ranking', 'single_initialization_observation']"
correlation,numpy,default,fresh_process,observed,1.4997162260115147,correlation,1.26.4,2,2,5bed53d94756b29d6c326b3510b9e7380e2b6d4931a68ec824535ca294b9c166,90af084039550dbfa1b2c0aafc8d4694c42209b191fd5b47f0314658efaf5513,,"['reference_not_ranking', 'single_initialization_observation']"
correlation,numpy,default,same_process,observed,1.1425429619848728,correlation,1.26.4,6,3,5bed53d94756b29d6c326b3510b9e7380e2b6d4931a68ec824535ca294b9c166,90af084039550dbfa1b2c0aafc8d4694c42209b191fd5b47f0314658efaf5513,,"['reference_not_ranking', 'single_initialization_observation']"
correlation,numba,nopython-mode,initialization,observed,160.07269716705196,correlation,0.65.1,1,1,5bed53d94756b29d6c326b3510b9e7380e2b6d4931a68ec824535ca294b9c166,90af084039550dbfa1b2c0aafc8d4694c42209b191fd5b47f0314658efaf5513,,"['reference_not_ranking', 'single_initialization_observation']"
correlation,numba,nopython-mode,fresh_process,observed,148.2458037394681,correlation,0.65.1,2,2,5bed53d94756b29d6c326b3510b9e7380e2b6d4931a68ec824535ca294b9c166,90af084039550dbfa1b2c0aafc8d4694c42209b191fd5b47f0314658efaf5513,,"['reference_not_ranking', 'single_initialization_observation']"
correlation,numba,nopython-mode,same_process,observed,134.34197644650703,correlation,0.65.1,6,3,5bed53d94756b29d6c326b3510b9e7380e2b6d4931a68ec824535ca294b9c166,90af084039550dbfa1b2c0aafc8d4694c42209b191fd5b47f0314658efaf5513,,"['reference_not_ranking', 'single_initialization_observation']"
correlation,numba,nopython-mode-parallel,initialization,error,,correlation,0.65.1,0,0,5bed53d94756b29d6c326b3510b9e7380e2b6d4931a68ec824535ca294b9c166,90af084039550dbfa1b2c0aafc8d4694c42209b191fd5b47f0314658efaf5513,,"['reference_not_ranking', 'single_initialization_observation']"
correlation,numba,nopython-mode-parallel,fresh_process,error,,correlation,0.65.1,0,0,5bed53d94756b29d6c326b3510b9e7380e2b6d4931a68ec824535ca294b9c166,90af084039550dbfa1b2c0aafc8d4694c42209b191fd5b47f0314658efaf5513,,"['reference_not_ranking', 'single_initialization_observation']"
correlation,numba,nopython-mode-parallel,same_process,error,,correlation,0.65.1,0,0,5bed53d94756b29d6c326b3510b9e7380e2b6d4931a68ec824535ca294b9c166,90af084039550dbfa1b2c0aafc8d4694c42209b191fd5b47f0314658efaf5513,,"['reference_not_ranking', 'single_initialization_observation']"
correlation,numba,nopython-mode-parallel-range,initialization,error,,correlation,0.65.1,0,0,5bed53d94756b29d6c326b3510b9e7380e2b6d4931a68ec824535ca294b9c166,90af084039550dbfa1b2c0aafc8d4694c42209b191fd5b47f0314658efaf5513,,"['reference_not_ranking', 'single_initialization_observation']"
correlation,numba,nopython-mode-parallel-range,fresh_process,error,,correlation,0.65.1,0,0,5bed53d94756b29d6c326b3510b9e7380e2b6d4931a68ec824535ca294b9c166,90af084039550dbfa1b2c0aafc8d4694c42209b191fd5b47f0314658efaf5513,,"['reference_not_ranking', 'single_initialization_observation']"
correlation,numba,nopython-mode-parallel-range,same_process,error,,correlation,0.65.1,0,0,5bed53d94756b29d6c326b3510b9e7380e2b6d4931a68ec824535ca294b9c166,90af084039550dbfa1b2c0aafc8d4694c42209b191fd5b47f0314658efaf5513,,"['reference_not_ranking', 'single_initialization_observation']"
correlation,numba,object-mode,initialization,observed,155.4409971999703,correlation,0.65.1,1,1,5bed53d94756b29d6c326b3510b9e7380e2b6d4931a68ec824535ca294b9c166,90af084039550dbfa1b2c0aafc8d4694c42209b191fd5b47f0314658efaf5513,,"['reference_not_ranking', 'single_initialization_observation', 'process_0_only', 'no_persistent_reuse']"
correlation,numba,object-mode,fresh_process,unsupported,,correlation,0.65.1,0,0,5bed53d94756b29d6c326b3510b9e7380e2b6d4931a68ec824535ca294b9c166,90af084039550dbfa1b2c0aafc8d4694c42209b191fd5b47f0314658efaf5513,,"['reference_not_ranking', 'single_initialization_observation', 'process_0_only', 'no_persistent_reuse']"
correlation,numba,object-mode,same_process,observed,149.39238226099405,correlation,0.65.1,2,1,5bed53d94756b29d6c326b3510b9e7380e2b6d4931a68ec824535ca294b9c166,90af084039550dbfa1b2c0aafc8d4694c42209b191fd5b47f0314658efaf5513,,"['reference_not_ranking', 'single_initialization_observation', 'process_0_only', 'no_persistent_reuse']"
correlation,numba,object-mode-parallel,initialization,observed,288.71466162998695,correlation,0.65.1,1,1,5bed53d94756b29d6c326b3510b9e7380e2b6d4931a68ec824535ca294b9c166,90af084039550dbfa1b2c0aafc8d4694c42209b191fd5b47f0314658efaf5513,,"['reference_not_ranking', 'single_initialization_observation', 'process_0_only', 'no_persistent_reuse']"
correlation,numba,object-mode-parallel,fresh_process,unsupported,,correlation,0.65.1,0,0,5bed53d94756b29d6c326b3510b9e7380e2b6d4931a68ec824535ca294b9c166,90af084039550dbfa1b2c0aafc8d4694c42209b191fd5b47f0314658efaf5513,,"['reference_not_ranking', 'single_initialization_observation', 'process_0_only', 'no_persistent_reuse']"
correlation,numba,object-mode-parallel,same_process,observed,279.18944861594355,correlation,0.65.1,2,1,5bed53d94756b29d6c326b3510b9e7380e2b6d4931a68ec824535ca294b9c166,90af084039550dbfa1b2c0aafc8d4694c42209b191fd5b47f0314658efaf5513,,"['reference_not_ranking', 'single_initialization_observation', 'process_0_only', 'no_persistent_reuse']"
correlation,numba,object-mode-parallel-range,initialization,observed,3.20565150200855,correlation,0.65.1,1,1,5bed53d94756b29d6c326b3510b9e7380e2b6d4931a68ec824535ca294b9c166,90af084039550dbfa1b2c0aafc8d4694c42209b191fd5b47f0314658efaf5513,,"['reference_not_ranking', 'single_initialization_observation', 'process_0_only', 'no_persistent_reuse']"
correlation,numba,object-mode-parallel-range,fresh_process,unsupported,,correlation,0.65.1,0,0,5bed53d94756b29d6c326b3510b9e7380e2b6d4931a68ec824535ca294b9c166,90af084039550dbfa1b2c0aafc8d4694c42209b191fd5b47f0314658efaf5513,,"['reference_not_ranking', 'single_initialization_observation', 'process_0_only', 'no_persistent_reuse']"
correlation,numba,object-mode-parallel-range,same_process,observed,1.1730352065642364,correlation,0.65.1,2,1,5bed53d94756b29d6c326b3510b9e7380e2b6d4931a68ec824535ca294b9c166,90af084039550dbfa1b2c0aafc8d4694c42209b191fd5b47f0314658efaf5513,,"['reference_not_ranking', 'single_initialization_observation', 'process_0_only', 'no_persistent_reuse']"
correlation,dace_cpu,fusion,initialization,observed,10.716420068056323,correlation,1.0.2,1,1,5bed53d94756b29d6c326b3510b9e7380e2b6d4931a68ec824535ca294b9c166,90af084039550dbfa1b2c0aafc8d4694c42209b191fd5b47f0314658efaf5513,,"['reference_not_ranking', 'single_initialization_observation']"
correlation,dace_cpu,fusion,fresh_process,observed,1.559676427510567,correlation,1.0.2,2,2,5bed53d94756b29d6c326b3510b9e7380e2b6d4931a68ec824535ca294b9c166,90af084039550dbfa1b2c0aafc8d4694c42209b191fd5b47f0314658efaf5513,,"['reference_not_ranking', 'single_initialization_observation']"
correlation,dace_cpu,fusion,same_process,observed,1.100930082029663,correlation,1.0.2,6,3,5bed53d94756b29d6c326b3510b9e7380e2b6d4931a68ec824535ca294b9c166,90af084039550dbfa1b2c0aafc8d4694c42209b191fd5b47f0314658efaf5513,,"['reference_not_ranking', 'single_initialization_observation']"
correlation,dace_cpu,parallel,initialization,observed,10.765475947991945,correlation,1.0.2,1,1,5bed53d94756b29d6c326b3510b9e7380e2b6d4931a68ec824535ca294b9c166,90af084039550dbfa1b2c0aafc8d4694c42209b191fd5b47f0314658efaf5513,,"['reference_not_ranking', 'single_initialization_observation']"
correlation,dace_cpu,parallel,fresh_process,observed,1.511460432491731,correlation,1.0.2,2,2,5bed53d94756b29d6c326b3510b9e7380e2b6d4931a68ec824535ca294b9c166,90af084039550dbfa1b2c0aafc8d4694c42209b191fd5b47f0314658efaf5513,,"['reference_not_ranking', 'single_initialization_observation']"
correlation,dace_cpu,parallel,same_process,observed,1.0240254380041733,correlation,1.0.2,6,3,5bed53d94756b29d6c326b3510b9e7380e2b6d4931a68ec824535ca294b9c166,90af084039550dbfa1b2c0aafc8d4694c42209b191fd5b47f0314658efaf5513,,"['reference_not_ranking', 'single_initialization_observation']"
correlation,dace_cpu,auto_opt,initialization,observed,11.563685646979138,correlation,1.0.2,1,1,5bed53d94756b29d6c326b3510b9e7380e2b6d4931a68ec824535ca294b9c166,90af084039550dbfa1b2c0aafc8d4694c42209b191fd5b47f0314658efaf5513,,"['reference_not_ranking', 'single_initialization_observation']"
correlation,dace_cpu,auto_opt,fresh_process,observed,1.6087393195484765,correlation,1.0.2,2,2,5bed53d94756b29d6c326b3510b9e7380e2b6d4931a68ec824535ca294b9c166,90af084039550dbfa1b2c0aafc8d4694c42209b191fd5b47f0314658efaf5513,,"['reference_not_ranking', 'single_initialization_observation']"
correlation,dace_cpu,auto_opt,same_process,observed,1.0186703955405392,correlation,1.0.2,6,3,5bed53d94756b29d6c326b3510b9e7380e2b6d4931a68ec824535ca294b9c166,90af084039550dbfa1b2c0aafc8d4694c42209b191fd5b47f0314658efaf5513,,"['reference_not_ranking', 'single_initialization_observation']"
correlation,dace_gpu,fusion,initialization,observed,27.992316163959913,correlation,1.0.2,1,1,5bed53d94756b29d6c326b3510b9e7380e2b6d4931a68ec824535ca294b9c166,90af084039550dbfa1b2c0aafc8d4694c42209b191fd5b47f0314658efaf5513,,"['reference_not_ranking', 'single_initialization_observation']"
correlation,dace_gpu,fusion,fresh_process,observed,1.9485579175525345,correlation,1.0.2,2,2,5bed53d94756b29d6c326b3510b9e7380e2b6d4931a68ec824535ca294b9c166,90af084039550dbfa1b2c0aafc8d4694c42209b191fd5b47f0314658efaf5513,,"['reference_not_ranking', 'single_initialization_observation']"
correlation,dace_gpu,fusion,same_process,observed,0.28452724759699777,correlation,1.0.2,6,3,5bed53d94756b29d6c326b3510b9e7380e2b6d4931a68ec824535ca294b9c166,90af084039550dbfa1b2c0aafc8d4694c42209b191fd5b47f0314658efaf5513,,"['reference_not_ranking', 'single_initialization_observation']"
correlation,dace_gpu,parallel,initialization,observed,27.78488118003588,correlation,1.0.2,1,1,5bed53d94756b29d6c326b3510b9e7380e2b6d4931a68ec824535ca294b9c166,90af084039550dbfa1b2c0aafc8d4694c42209b191fd5b47f0314658efaf5513,,"['reference_not_ranking', 'single_initialization_observation']"
correlation,dace_gpu,parallel,fresh_process,observed,1.9269271450466476,correlation,1.0.2,2,2,5bed53d94756b29d6c326b3510b9e7380e2b6d4931a68ec824535ca294b9c166,90af084039550dbfa1b2c0aafc8d4694c42209b191fd5b47f0314658efaf5513,,"['reference_not_ranking', 'single_initialization_observation']"
correlation,dace_gpu,parallel,same_process,observed,0.27799469797173515,correlation,1.0.2,6,3,5bed53d94756b29d6c326b3510b9e7380e2b6d4931a68ec824535ca294b9c166,90af084039550dbfa1b2c0aafc8d4694c42209b191fd5b47f0314658efaf5513,,"['reference_not_ranking', 'single_initialization_observation']"
correlation,dace_gpu,auto_opt,initialization,observed,27.40490285702981,correlation,1.0.2,1,1,5bed53d94756b29d6c326b3510b9e7380e2b6d4931a68ec824535ca294b9c166,90af084039550dbfa1b2c0aafc8d4694c42209b191fd5b47f0314658efaf5513,,"['reference_not_ranking', 'single_initialization_observation']"
correlation,dace_gpu,auto_opt,fresh_process,observed,2.2005379190086387,correlation,1.0.2,2,2,5bed53d94756b29d6c326b3510b9e7380e2b6d4931a68ec824535ca294b9c166,90af084039550dbfa1b2c0aafc8d4694c42209b191fd5b47f0314658efaf5513,,"['reference_not_ranking', 'single_initialization_observation']"
correlation,dace_gpu,auto_opt,same_process,observed,0.28066025249427184,correlation,1.0.2,6,3,5bed53d94756b29d6c326b3510b9e7380e2b6d4931a68ec824535ca294b9c166,90af084039550dbfa1b2c0aafc8d4694c42209b191fd5b47f0314658efaf5513,,"['reference_not_ranking', 'single_initialization_observation']"
correlation,cupy,default,initialization,observed,3.1838098999578506,correlation_return,13.6.0,1,1,4708febb51509c27799764226558ac090461d90855debef2b30a03c03ef57f6e,a80325d29cec49a59ec855ace66ce22deb5c4598a5707696210d3afdf6a571ee,,"['reference_not_ranking', 'single_initialization_observation']"
correlation,cupy,default,fresh_process,observed,1.5563935530371964,correlation_return,13.6.0,2,2,4708febb51509c27799764226558ac090461d90855debef2b30a03c03ef57f6e,a80325d29cec49a59ec855ace66ce22deb5c4598a5707696210d3afdf6a571ee,,"['reference_not_ranking', 'single_initialization_observation']"
correlation,cupy,default,same_process,observed,0.6802318939589895,correlation_return,13.6.0,6,3,4708febb51509c27799764226558ac090461d90855debef2b30a03c03ef57f6e,a80325d29cec49a59ec855ace66ce22deb5c4598a5707696210d3afdf6a571ee,,"['reference_not_ranking', 'single_initialization_observation']"
covariance,numpy,default,initialization,observed,1.305551382014528,covariance,1.26.4,1,1,58b3a80d268ca9926b9a85556fa505122524ca4c66cc443c90a1e88c8ffec02f,af17a377caed2a970d699d0afa2fcc0382f2e0ec47bdab98c00e9bb2f70fcc48,,"['reference_not_ranking', 'single_initialization_observation']"
covariance,numpy,default,fresh_process,observed,1.2671291764709167,covariance,1.26.4,2,2,58b3a80d268ca9926b9a85556fa505122524ca4c66cc443c90a1e88c8ffec02f,af17a377caed2a970d699d0afa2fcc0382f2e0ec47bdab98c00e9bb2f70fcc48,,"['reference_not_ranking', 'single_initialization_observation']"
covariance,numpy,default,same_process,observed,1.0555762909934856,covariance,1.26.4,6,3,58b3a80d268ca9926b9a85556fa505122524ca4c66cc443c90a1e88c8ffec02f,af17a377caed2a970d699d0afa2fcc0382f2e0ec47bdab98c00e9bb2f70fcc48,,"['reference_not_ranking', 'single_initialization_observation']"
covariance,numba,nopython-mode,initialization,observed,134.68189493298996,covariance,0.65.1,1,1,58b3a80d268ca9926b9a85556fa505122524ca4c66cc443c90a1e88c8ffec02f,af17a377caed2a970d699d0afa2fcc0382f2e0ec47bdab98c00e9bb2f70fcc48,,"['reference_not_ranking', 'single_initialization_observation']"
covariance,numba,nopython-mode,fresh_process,observed,138.59768759598956,covariance,0.65.1,2,2,58b3a80d268ca9926b9a85556fa505122524ca4c66cc443c90a1e88c8ffec02f,af17a377caed2a970d699d0afa2fcc0382f2e0ec47bdab98c00e9bb2f70fcc48,,"['reference_not_ranking', 'single_initialization_observation']"
covariance,numba,nopython-mode,same_process,observed,137.05885604099603,covariance,0.65.1,6,3,58b3a80d268ca9926b9a85556fa505122524ca4c66cc443c90a1e88c8ffec02f,af17a377caed2a970d699d0afa2fcc0382f2e0ec47bdab98c00e9bb2f70fcc48,,"['reference_not_ranking', 'single_initialization_observation']"
covariance,numba,nopython-mode-parallel,initialization,error,,covariance,0.65.1,0,0,58b3a80d268ca9926b9a85556fa505122524ca4c66cc443c90a1e88c8ffec02f,af17a377caed2a970d699d0afa2fcc0382f2e0ec47bdab98c00e9bb2f70fcc48,,"['reference_not_ranking', 'single_initialization_observation']"
covariance,numba,nopython-mode-parallel,fresh_process,error,,covariance,0.65.1,0,0,58b3a80d268ca9926b9a85556fa505122524ca4c66cc443c90a1e88c8ffec02f,af17a377caed2a970d699d0afa2fcc0382f2e0ec47bdab98c00e9bb2f70fcc48,,"['reference_not_ranking', 'single_initialization_observation']"
covariance,numba,nopython-mode-parallel,same_process,error,,covariance,0.65.1,0,0,58b3a80d268ca9926b9a85556fa505122524ca4c66cc443c90a1e88c8ffec02f,af17a377caed2a970d699d0afa2fcc0382f2e0ec47bdab98c00e9bb2f70fcc48,,"['reference_not_ranking', 'single_initialization_observation']"
covariance,numba,nopython-mode-parallel-range,initialization,error,,covariance,0.65.1,0,0,58b3a80d268ca9926b9a85556fa505122524ca4c66cc443c90a1e88c8ffec02f,af17a377caed2a970d699d0afa2fcc0382f2e0ec47bdab98c00e9bb2f70fcc48,,"['reference_not_ranking', 'single_initialization_observation']"
covariance,numba,nopython-mode-parallel-range,fresh_process,error,,covariance,0.65.1,0,0,58b3a80d268ca9926b9a85556fa505122524ca4c66cc443c90a1e88c8ffec02f,af17a377caed2a970d699d0afa2fcc0382f2e0ec47bdab98c00e9bb2f70fcc48,,"['reference_not_ranking', 'single_initialization_observation']"
covariance,numba,nopython-mode-parallel-range,same_process,error,,covariance,0.65.1,0,0,58b3a80d268ca9926b9a85556fa505122524ca4c66cc443c90a1e88c8ffec02f,af17a377caed2a970d699d0afa2fcc0382f2e0ec47bdab98c00e9bb2f70fcc48,,"['reference_not_ranking', 'single_initialization_observation']"
covariance,numba,object-mode,initialization,observed,140.91989769798238,covariance,0.65.1,1,1,58b3a80d268ca9926b9a85556fa505122524ca4c66cc443c90a1e88c8ffec02f,af17a377caed2a970d699d0afa2fcc0382f2e0ec47bdab98c00e9bb2f70fcc48,,"['reference_not_ranking', 'single_initialization_observation', 'process_0_only', 'no_persistent_reuse']"
covariance,numba,object-mode,fresh_process,unsupported,,covariance,0.65.1,0,0,58b3a80d268ca9926b9a85556fa505122524ca4c66cc443c90a1e88c8ffec02f,af17a377caed2a970d699d0afa2fcc0382f2e0ec47bdab98c00e9bb2f70fcc48,,"['reference_not_ranking', 'single_initialization_observation', 'process_0_only', 'no_persistent_reuse']"
covariance,numba,object-mode,same_process,observed,132.19040373398457,covariance,0.65.1,2,1,58b3a80d268ca9926b9a85556fa505122524ca4c66cc443c90a1e88c8ffec02f,af17a377caed2a970d699d0afa2fcc0382f2e0ec47bdab98c00e9bb2f70fcc48,,"['reference_not_ranking', 'single_initialization_observation', 'process_0_only', 'no_persistent_reuse']"
covariance,numba,object-mode-parallel,initialization,observed,300.20907705498394,covariance,0.65.1,1,1,58b3a80d268ca9926b9a85556fa505122524ca4c66cc443c90a1e88c8ffec02f,af17a377caed2a970d699d0afa2fcc0382f2e0ec47bdab98c00e9bb2f70fcc48,,"['reference_not_ranking', 'single_initialization_observation', 'process_0_only', 'no_persistent_reuse']"
covariance,numba,object-mode-parallel,fresh_process,unsupported,,covariance,0.65.1,0,0,58b3a80d268ca9926b9a85556fa505122524ca4c66cc443c90a1e88c8ffec02f,af17a377caed2a970d699d0afa2fcc0382f2e0ec47bdab98c00e9bb2f70fcc48,,"['reference_not_ranking', 'single_initialization_observation', 'process_0_only', 'no_persistent_reuse']"
covariance,numba,object-mode-parallel,same_process,observed,283.88238641398493,covariance,0.65.1,2,1,58b3a80d268ca9926b9a85556fa505122524ca4c66cc443c90a1e88c8ffec02f,af17a377caed2a970d699d0afa2fcc0382f2e0ec47bdab98c00e9bb2f70fcc48,,"['reference_not_ranking', 'single_initialization_observation', 'process_0_only', 'no_persistent_reuse']"
covariance,numba,object-mode-parallel-range,initialization,observed,2.674966388964094,covariance,0.65.1,1,1,58b3a80d268ca9926b9a85556fa505122524ca4c66cc443c90a1e88c8ffec02f,af17a377caed2a970d699d0afa2fcc0382f2e0ec47bdab98c00e9bb2f70fcc48,,"['reference_not_ranking', 'single_initialization_observation', 'process_0_only', 'no_persistent_reuse']"
covariance,numba,object-mode-parallel-range,fresh_process,unsupported,,covariance,0.65.1,0,0,58b3a80d268ca9926b9a85556fa505122524ca4c66cc443c90a1e88c8ffec02f,af17a377caed2a970d699d0afa2fcc0382f2e0ec47bdab98c00e9bb2f70fcc48,,"['reference_not_ranking', 'single_initialization_observation', 'process_0_only', 'no_persistent_reuse']"
covariance,numba,object-mode-parallel-range,same_process,observed,1.0820902260020375,covariance,0.65.1,2,1,58b3a80d268ca9926b9a85556fa505122524ca4c66cc443c90a1e88c8ffec02f,af17a377caed2a970d699d0afa2fcc0382f2e0ec47bdab98c00e9bb2f70fcc48,,"['reference_not_ranking', 'single_initialization_observation', 'process_0_only', 'no_persistent_reuse']"
covariance,dace_cpu,fusion,initialization,observed,75.88865034200717,covariance,1.0.2,1,1,58b3a80d268ca9926b9a85556fa505122524ca4c66cc443c90a1e88c8ffec02f,af17a377caed2a970d699d0afa2fcc0382f2e0ec47bdab98c00e9bb2f70fcc48,,"['reference_not_ranking', 'single_initialization_observation']"
covariance,dace_cpu,fusion,fresh_process,observed,67.22336179646663,covariance,1.0.2,2,2,58b3a80d268ca9926b9a85556fa505122524ca4c66cc443c90a1e88c8ffec02f,af17a377caed2a970d699d0afa2fcc0382f2e0ec47bdab98c00e9bb2f70fcc48,,"['reference_not_ranking', 'single_initialization_observation']"
covariance,dace_cpu,fusion,same_process,observed,66.7109632404754,covariance,1.0.2,6,3,58b3a80d268ca9926b9a85556fa505122524ca4c66cc443c90a1e88c8ffec02f,af17a377caed2a970d699d0afa2fcc0382f2e0ec47bdab98c00e9bb2f70fcc48,,"['reference_not_ranking', 'single_initialization_observation']"
covariance,dace_cpu,parallel,initialization,observed,75.68437403999269,covariance,1.0.2,1,1,58b3a80d268ca9926b9a85556fa505122524ca4c66cc443c90a1e88c8ffec02f,af17a377caed2a970d699d0afa2fcc0382f2e0ec47bdab98c00e9bb2f70fcc48,,"['reference_not_ranking', 'single_initialization_observation']"
covariance,dace_cpu,parallel,fresh_process,observed,67.7296472635353,covariance,1.0.2,2,2,58b3a80d268ca9926b9a85556fa505122524ca4c66cc443c90a1e88c8ffec02f,af17a377caed2a970d699d0afa2fcc0382f2e0ec47bdab98c00e9bb2f70fcc48,,"['reference_not_ranking', 'single_initialization_observation']"
covariance,dace_cpu,parallel,same_process,observed,65.30502786050783,covariance,1.0.2,6,3,58b3a80d268ca9926b9a85556fa505122524ca4c66cc443c90a1e88c8ffec02f,af17a377caed2a970d699d0afa2fcc0382f2e0ec47bdab98c00e9bb2f70fcc48,,"['reference_not_ranking', 'single_initialization_observation']"
covariance,dace_cpu,auto_opt,initialization,observed,76.2599273500964,covariance,1.0.2,1,1,58b3a80d268ca9926b9a85556fa505122524ca4c66cc443c90a1e88c8ffec02f,af17a377caed2a970d699d0afa2fcc0382f2e0ec47bdab98c00e9bb2f70fcc48,,"['reference_not_ranking', 'single_initialization_observation']"
covariance,dace_cpu,auto_opt,fresh_process,observed,68.2161075299955,covariance,1.0.2,2,2,58b3a80d268ca9926b9a85556fa505122524ca4c66cc443c90a1e88c8ffec02f,af17a377caed2a970d699d0afa2fcc0382f2e0ec47bdab98c00e9bb2f70fcc48,,"['reference_not_ranking', 'single_initialization_observation']"
covariance,dace_cpu,auto_opt,same_process,observed,65.84854387951782,covariance,1.0.2,6,3,58b3a80d268ca9926b9a85556fa505122524ca4c66cc443c90a1e88c8ffec02f,af17a377caed2a970d699d0afa2fcc0382f2e0ec47bdab98c00e9bb2f70fcc48,,"['reference_not_ranking', 'single_initialization_observation']"
covariance,dace_gpu,fusion,initialization,observed,27.023639585939236,covariance,1.0.2,1,1,58b3a80d268ca9926b9a85556fa505122524ca4c66cc443c90a1e88c8ffec02f,af17a377caed2a970d699d0afa2fcc0382f2e0ec47bdab98c00e9bb2f70fcc48,,"['reference_not_ranking', 'single_initialization_observation']"
covariance,dace_gpu,fusion,fresh_process,observed,2.016150440496858,covariance,1.0.2,2,2,58b3a80d268ca9926b9a85556fa505122524ca4c66cc443c90a1e88c8ffec02f,af17a377caed2a970d699d0afa2fcc0382f2e0ec47bdab98c00e9bb2f70fcc48,,"['reference_not_ranking', 'single_initialization_observation']"
covariance,dace_gpu,fusion,same_process,observed,0.31249184493208304,covariance,1.0.2,6,3,58b3a80d268ca9926b9a85556fa505122524ca4c66cc443c90a1e88c8ffec02f,af17a377caed2a970d699d0afa2fcc0382f2e0ec47bdab98c00e9bb2f70fcc48,,"['reference_not_ranking', 'single_initialization_observation']"
covariance,dace_gpu,parallel,initialization,observed,26.084598388057202,covariance,1.0.2,1,1,58b3a80d268ca9926b9a85556fa505122524ca4c66cc443c90a1e88c8ffec02f,af17a377caed2a970d699d0afa2fcc0382f2e0ec47bdab98c00e9bb2f70fcc48,,"['reference_not_ranking', 'single_initialization_observation']"
covariance,dace_gpu,parallel,fresh_process,observed,2.0284041249542497,covariance,1.0.2,2,2,58b3a80d268ca9926b9a85556fa505122524ca4c66cc443c90a1e88c8ffec02f,af17a377caed2a970d699d0afa2fcc0382f2e0ec47bdab98c00e9bb2f70fcc48,,"['reference_not_ranking', 'single_initialization_observation']"
covariance,dace_gpu,parallel,same_process,observed,0.30327096104156226,covariance,1.0.2,6,3,58b3a80d268ca9926b9a85556fa505122524ca4c66cc443c90a1e88c8ffec02f,af17a377caed2a970d699d0afa2fcc0382f2e0ec47bdab98c00e9bb2f70fcc48,,"['reference_not_ranking', 'single_initialization_observation']"
covariance,dace_gpu,auto_opt,initialization,observed,27.243025575997308,covariance,1.0.2,1,1,58b3a80d268ca9926b9a85556fa505122524ca4c66cc443c90a1e88c8ffec02f,af17a377caed2a970d699d0afa2fcc0382f2e0ec47bdab98c00e9bb2f70fcc48,,"['reference_not_ranking', 'single_initialization_observation']"
covariance,dace_gpu,auto_opt,fresh_process,observed,2.086585662967991,covariance,1.0.2,2,2,58b3a80d268ca9926b9a85556fa505122524ca4c66cc443c90a1e88c8ffec02f,af17a377caed2a970d699d0afa2fcc0382f2e0ec47bdab98c00e9bb2f70fcc48,,"['reference_not_ranking', 'single_initialization_observation']"
covariance,dace_gpu,auto_opt,same_process,observed,0.3080138564691879,covariance,1.0.2,6,3,58b3a80d268ca9926b9a85556fa505122524ca4c66cc443c90a1e88c8ffec02f,af17a377caed2a970d699d0afa2fcc0382f2e0ec47bdab98c00e9bb2f70fcc48,,"['reference_not_ranking', 'single_initialization_observation']"
covariance,cupy,default,initialization,observed,2.44971442501992,covariance,13.6.0,1,1,58b3a80d268ca9926b9a85556fa505122524ca4c66cc443c90a1e88c8ffec02f,af17a377caed2a970d699d0afa2fcc0382f2e0ec47bdab98c00e9bb2f70fcc48,,"['reference_not_ranking', 'single_initialization_observation']"
covariance,cupy,default,fresh_process,observed,1.5922974565182813,covariance,13.6.0,2,2,58b3a80d268ca9926b9a85556fa505122524ca4c66cc443c90a1e88c8ffec02f,af17a377caed2a970d699d0afa2fcc0382f2e0ec47bdab98c00e9bb2f70fcc48,,"['reference_not_ranking', 'single_initialization_observation']"
covariance,cupy,default,same_process,observed,0.8752230005338788,covariance,13.6.0,6,3,58b3a80d268ca9926b9a85556fa505122524ca4c66cc443c90a1e88c8ffec02f,af17a377caed2a970d699d0afa2fcc0382f2e0ec47bdab98c00e9bb2f70fcc48,,"['reference_not_ranking', 'single_initialization_observation']"
covariance2,numpy,default,initialization,observed,0.21306814497802407,covariance2,1.26.4,1,1,b81db17e032d058c24615c34bdcb3c48ed5a23e6cf458082da80be982f4559fa,e1424bc66fff5f5bb8acd9b4f317faa2af4ea1da59094eb63d32d82413d01c9b,,"['reference_not_ranking', 'single_initialization_observation']"
covariance2,numpy,default,fresh_process,observed,0.20393284049350768,covariance2,1.26.4,2,2,b81db17e032d058c24615c34bdcb3c48ed5a23e6cf458082da80be982f4559fa,e1424bc66fff5f5bb8acd9b4f317faa2af4ea1da59094eb63d32d82413d01c9b,,"['reference_not_ranking', 'single_initialization_observation']"
covariance2,numpy,default,same_process,observed,0.241214218956884,covariance2,1.26.4,6,3,b81db17e032d058c24615c34bdcb3c48ed5a23e6cf458082da80be982f4559fa,e1424bc66fff5f5bb8acd9b4f317faa2af4ea1da59094eb63d32d82413d01c9b,,"['reference_not_ranking', 'single_initialization_observation']"
covariance2,numba,nopython-mode,initialization,observed,3.7121483749942854,covariance2,0.65.1,1,1,b81db17e032d058c24615c34bdcb3c48ed5a23e6cf458082da80be982f4559fa,e1424bc66fff5f5bb8acd9b4f317faa2af4ea1da59094eb63d32d82413d01c9b,,"['reference_not_ranking', 'single_initialization_observation']"
covariance2,numba,nopython-mode,fresh_process,observed,0.8231214560801163,covariance2,0.65.1,2,2,b81db17e032d058c24615c34bdcb3c48ed5a23e6cf458082da80be982f4559fa,e1424bc66fff5f5bb8acd9b4f317faa2af4ea1da59094eb63d32d82413d01c9b,,"['reference_not_ranking', 'single_initialization_observation']"
covariance2,numba,nopython-mode,same_process,observed,0.43788105953717604,covariance2,0.65.1,6,3,b81db17e032d058c24615c34bdcb3c48ed5a23e6cf458082da80be982f4559fa,e1424bc66fff5f5bb8acd9b4f317faa2af4ea1da59094eb63d32d82413d01c9b,,"['reference_not_ranking', 'single_initialization_observation']"
covariance2,numba,nopython-mode-parallel,initialization,N/A,,,,0,0,,,,
covariance2,numba,nopython-mode-parallel,fresh_process,N/A,,,,0,0,,,,
covariance2,numba,nopython-mode-parallel,same_process,N/A,,,,0,0,,,,
covariance2,numba,nopython-mode-parallel-range,initialization,N/A,,,,0,0,,,,
covariance2,numba,nopython-mode-parallel-range,fresh_process,N/A,,,,0,0,,,,
covariance2,numba,nopython-mode-parallel-range,same_process,N/A,,,,0,0,,,,
covariance2,numba,object-mode,initialization,N/A,,,,0,0,,,,
covariance2,numba,object-mode,fresh_process,N/A,,,,0,0,,,,
covariance2,numba,object-mode,same_process,N/A,,,,0,0,,,,
covariance2,numba,object-mode-parallel,initialization,N/A,,,,0,0,,,,
covariance2,numba,object-mode-parallel,fresh_process,N/A,,,,0,0,,,,
covariance2,numba,object-mode-parallel,same_process,N/A,,,,0,0,,,,
covariance2,numba,object-mode-parallel-range,initialization,N/A,,,,0,0,,,,
covariance2,numba,object-mode-parallel-range,fresh_process,N/A,,,,0,0,,,,
covariance2,numba,object-mode-parallel-range,same_process,N/A,,,,0,0,,,,
covariance2,dace_cpu,fusion,initialization,missing,,covariance2,,0,0,,,,"['reference_not_ranking', 'single_initialization_observation']"
covariance2,dace_cpu,fusion,fresh_process,missing,,covariance2,,0,0,,,,"['reference_not_ranking', 'single_initialization_observation']"
covariance2,dace_cpu,fusion,same_process,missing,,covariance2,,0,0,,,,"['reference_not_ranking', 'single_initialization_observation']"
covariance2,dace_cpu,parallel,initialization,missing,,covariance2,,0,0,,,,"['reference_not_ranking', 'single_initialization_observation']"
covariance2,dace_cpu,parallel,fresh_process,missing,,covariance2,,0,0,,,,"['reference_not_ranking', 'single_initialization_observation']"
covariance2,dace_cpu,parallel,same_process,missing,,covariance2,,0,0,,,,"['reference_not_ranking', 'single_initialization_observation']"
covariance2,dace_cpu,auto_opt,initialization,missing,,covariance2,,0,0,,,,"['reference_not_ranking', 'single_initialization_observation']"
covariance2,dace_cpu,auto_opt,fresh_process,missing,,covariance2,,0,0,,,,"['reference_not_ranking', 'single_initialization_observation']"
covariance2,dace_cpu,auto_opt,same_process,missing,,covariance2,,0,0,,,,"['reference_not_ranking', 'single_initialization_observation']"
covariance2,dace_gpu,fusion,initialization,missing,,covariance2,,0,0,,,,"['reference_not_ranking', 'single_initialization_observation']"
covariance2,dace_gpu,fusion,fresh_process,missing,,covariance2,,0,0,,,,"['reference_not_ranking', 'single_initialization_observation']"
covariance2,dace_gpu,fusion,same_process,missing,,covariance2,,0,0,,,,"['reference_not_ranking', 'single_initialization_observation']"
covariance2,dace_gpu,parallel,initialization,missing,,covariance2,,0,0,,,,"['reference_not_ranking', 'single_initialization_observation']"
covariance2,dace_gpu,parallel,fresh_process,missing,,covariance2,,0,0,,,,"['reference_not_ranking', 'single_initialization_observation']"
covariance2,dace_gpu,parallel,same_process,missing,,covariance2,,0,0,,,,"['reference_not_ranking', 'single_initialization_observation']"
covariance2,dace_gpu,auto_opt,initialization,missing,,covariance2,,0,0,,,,"['reference_not_ranking', 'single_initialization_observation']"
covariance2,dace_gpu,auto_opt,fresh_process,missing,,covariance2,,0,0,,,,"['reference_not_ranking', 'single_initialization_observation']"
covariance2,dace_gpu,auto_opt,same_process,missing,,covariance2,,0,0,,,,"['reference_not_ranking', 'single_initialization_observation']"
covariance2,cupy,default,initialization,missing,,covariance2,,0,0,,,,"['reference_not_ranking', 'single_initialization_observation']"
covariance2,cupy,default,fresh_process,missing,,covariance2,,0,0,,,,"['reference_not_ranking', 'single_initialization_observation']"
covariance2,cupy,default,same_process,missing,,covariance2,,0,0,,,,"['reference_not_ranking', 'single_initialization_observation']"
crc16,numpy,default,initialization,observed,0.7478663000511006,crc16,1.26.4,1,1,a7203e25a233dc7df7310c8693f87c1b6b61fb79f1dbf0005a64f986bb9b4471,f5e374255acb40d3b61ef049439a216956523578089519cdbac1c787454c279b,,"['reference_not_ranking', 'single_initialization_observation']"
crc16,numpy,default,fresh_process,observed,0.7463607580284588,crc16,1.26.4,2,2,a7203e25a233dc7df7310c8693f87c1b6b61fb79f1dbf0005a64f986bb9b4471,f5e374255acb40d3b61ef049439a216956523578089519cdbac1c787454c279b,,"['reference_not_ranking', 'single_initialization_observation']"
crc16,numpy,default,same_process,observed,0.9611946240183897,crc16,1.26.4,6,3,a7203e25a233dc7df7310c8693f87c1b6b61fb79f1dbf0005a64f986bb9b4471,f5e374255acb40d3b61ef049439a216956523578089519cdbac1c787454c279b,,"['reference_not_ranking', 'single_initialization_observation']"
crc16,numba,nopython-mode,initialization,observed,0.5970195820555091,crc16,0.65.1,1,1,a7203e25a233dc7df7310c8693f87c1b6b61fb79f1dbf0005a64f986bb9b4471,f5e374255acb40d3b61ef049439a216956523578089519cdbac1c787454c279b,,"['reference_not_ranking', 'single_initialization_observation']"
crc16,numba,nopython-mode,fresh_process,observed,0.3507945765159093,crc16,0.65.1,2,2,a7203e25a233dc7df7310c8693f87c1b6b61fb79f1dbf0005a64f986bb9b4471,f5e374255acb40d3b61ef049439a216956523578089519cdbac1c787454c279b,,"['reference_not_ranking', 'single_initialization_observation']"
crc16,numba,nopython-mode,same_process,observed,0.0016692469362169504,crc16,0.65.1,6,3,a7203e25a233dc7df7310c8693f87c1b6b61fb79f1dbf0005a64f986bb9b4471,f5e374255acb40d3b61ef049439a216956523578089519cdbac1c787454c279b,,"['reference_not_ranking', 'single_initialization_observation']"
crc16,numba,nopython-mode-parallel,initialization,observed,0.6198674699990079,crc16,0.65.1,1,1,a7203e25a233dc7df7310c8693f87c1b6b61fb79f1dbf0005a64f986bb9b4471,f5e374255acb40d3b61ef049439a216956523578089519cdbac1c787454c279b,,"['reference_not_ranking', 'single_initialization_observation']"
crc16,numba,nopython-mode-parallel,fresh_process,observed,0.4346005134866573,crc16,0.65.1,2,2,a7203e25a233dc7df7310c8693f87c1b6b61fb79f1dbf0005a64f986bb9b4471,f5e374255acb40d3b61ef049439a216956523578089519cdbac1c787454c279b,,"['reference_not_ranking', 'single_initialization_observation']"
crc16,numba,nopython-mode-parallel,same_process,observed,0.002201523049734533,crc16,0.65.1,6,3,a7203e25a233dc7df7310c8693f87c1b6b61fb79f1dbf0005a64f986bb9b4471,f5e374255acb40d3b61ef049439a216956523578089519cdbac1c787454c279b,,"['reference_not_ranking', 'single_initialization_observation']"
crc16,numba,nopython-mode-parallel-range,initialization,N/A,,,,0,0,,,,
crc16,numba,nopython-mode-parallel-range,fresh_process,N/A,,,,0,0,,,,
crc16,numba,nopython-mode-parallel-range,same_process,N/A,,,,0,0,,,,
crc16,numba,object-mode,initialization,N/A,,,,0,0,,,,
crc16,numba,object-mode,fresh_process,N/A,,,,0,0,,,,
crc16,numba,object-mode,same_process,N/A,,,,0,0,,,,
crc16,numba,object-mode-parallel,initialization,N/A,,,,0,0,,,,
crc16,numba,object-mode-parallel,fresh_process,N/A,,,,0,0,,,,
crc16,numba,object-mode-parallel,same_process,N/A,,,,0,0,,,,
crc16,numba,object-mode-parallel-range,initialization,N/A,,,,0,0,,,,
crc16,numba,object-mode-parallel-range,fresh_process,N/A,,,,0,0,,,,
crc16,numba,object-mode-parallel-range,same_process,N/A,,,,0,0,,,,
crc16,dace_cpu,fusion,initialization,observed,6.688604629947804,crc16,1.0.2,1,1,a7203e25a233dc7df7310c8693f87c1b6b61fb79f1dbf0005a64f986bb9b4471,f5e374255acb40d3b61ef049439a216956523578089519cdbac1c787454c279b,,"['reference_not_ranking', 'single_initialization_observation']"
crc16,dace_cpu,fusion,fresh_process,observed,0.03554666548734531,crc16,1.0.2,2,2,a7203e25a233dc7df7310c8693f87c1b6b61fb79f1dbf0005a64f986bb9b4471,f5e374255acb40d3b61ef049439a216956523578089519cdbac1c787454c279b,,"['reference_not_ranking', 'single_initialization_observation']"
crc16,dace_cpu,fusion,same_process,observed,0.0025123360101133585,crc16,1.0.2,6,3,a7203e25a233dc7df7310c8693f87c1b6b61fb79f1dbf0005a64f986bb9b4471,f5e374255acb40d3b61ef049439a216956523578089519cdbac1c787454c279b,,"['reference_not_ranking', 'single_initialization_observation']"
crc16,dace_cpu,parallel,initialization,observed,6.276903886930086,crc16,1.0.2,1,1,a7203e25a233dc7df7310c8693f87c1b6b61fb79f1dbf0005a64f986bb9b4471,f5e374255acb40d3b61ef049439a216956523578089519cdbac1c787454c279b,,"['reference_not_ranking', 'single_initialization_observation']"
crc16,dace_cpu,parallel,fresh_process,observed,0.07940702798077837,crc16,1.0.2,2,2,a7203e25a233dc7df7310c8693f87c1b6b61fb79f1dbf0005a64f986bb9b4471,f5e374255acb40d3b61ef049439a216956523578089519cdbac1c787454c279b,,"['reference_not_ranking', 'single_initialization_observation']"
crc16,dace_cpu,parallel,same_process,observed,0.0024878670228645205,crc16,1.0.2,6,3,a7203e25a233dc7df7310c8693f87c1b6b61fb79f1dbf0005a64f986bb9b4471,f5e374255acb40d3b61ef049439a216956523578089519cdbac1c787454c279b,,"['reference_not_ranking', 'single_initialization_observation']"
crc16,dace_cpu,auto_opt,initialization,observed,7.533098023966886,crc16,1.0.2,1,1,a7203e25a233dc7df7310c8693f87c1b6b61fb79f1dbf0005a64f986bb9b4471,f5e374255acb40d3b61ef049439a216956523578089519cdbac1c787454c279b,,"['reference_not_ranking', 'single_initialization_observation']"
crc16,dace_cpu,auto_opt,fresh_process,observed,0.04630101897055283,crc16,1.0.2,2,2,a7203e25a233dc7df7310c8693f87c1b6b61fb79f1dbf0005a64f986bb9b4471,f5e374255acb40d3b61ef049439a216956523578089519cdbac1c787454c279b,,"['reference_not_ranking', 'single_initialization_observation']"
crc16,dace_cpu,auto_opt,same_process,observed,0.009743441012687981,crc16,1.0.2,6,3,a7203e25a233dc7df7310c8693f87c1b6b61fb79f1dbf0005a64f986bb9b4471,f5e374255acb40d3b61ef049439a216956523578089519cdbac1c787454c279b,,"['reference_not_ranking', 'single_initialization_observation']"
crc16,dace_gpu,fusion,initialization,observed,29.978802161989734,crc16,1.0.2,1,1,a7203e25a233dc7df7310c8693f87c1b6b61fb79f1dbf0005a64f986bb9b4471,f5e374255acb40d3b61ef049439a216956523578089519cdbac1c787454c279b,,"['reference_not_ranking', 'single_initialization_observation']"
crc16,dace_gpu,fusion,fresh_process,observed,6.264089349482674,crc16,1.0.2,2,2,a7203e25a233dc7df7310c8693f87c1b6b61fb79f1dbf0005a64f986bb9b4471,f5e374255acb40d3b61ef049439a216956523578089519cdbac1c787454c279b,,"['reference_not_ranking', 'single_initialization_observation']"
crc16,dace_gpu,fusion,same_process,observed,5.102453188446816,crc16,1.0.2,6,3,a7203e25a233dc7df7310c8693f87c1b6b61fb79f1dbf0005a64f986bb9b4471,f5e374255acb40d3b61ef049439a216956523578089519cdbac1c787454c279b,,"['reference_not_ranking', 'single_initialization_observation']"
crc16,dace_gpu,parallel,initialization,observed,30.724256683024578,crc16,1.0.2,1,1,a7203e25a233dc7df7310c8693f87c1b6b61fb79f1dbf0005a64f986bb9b4471,f5e374255acb40d3b61ef049439a216956523578089519cdbac1c787454c279b,,"['reference_not_ranking', 'single_initialization_observation']"
crc16,dace_gpu,parallel,fresh_process,observed,7.157487699470948,crc16,1.0.2,2,2,a7203e25a233dc7df7310c8693f87c1b6b61fb79f1dbf0005a64f986bb9b4471,f5e374255acb40d3b61ef049439a216956523578089519cdbac1c787454c279b,,"['reference_not_ranking', 'single_initialization_observation']"
crc16,dace_gpu,parallel,same_process,observed,5.832019672030583,crc16,1.0.2,6,3,a7203e25a233dc7df7310c8693f87c1b6b61fb79f1dbf0005a64f986bb9b4471,f5e374255acb40d3b61ef049439a216956523578089519cdbac1c787454c279b,,"['reference_not_ranking', 'single_initialization_observation']"
crc16,dace_gpu,auto_opt,initialization,observed,30.773122483980842,crc16,1.0.2,1,1,a7203e25a233dc7df7310c8693f87c1b6b61fb79f1dbf0005a64f986bb9b4471,f5e374255acb40d3b61ef049439a216956523578089519cdbac1c787454c279b,,"['reference_not_ranking', 'single_initialization_observation']"
crc16,dace_gpu,auto_opt,fresh_process,observed,6.530747124517802,crc16,1.0.2,2,2,a7203e25a233dc7df7310c8693f87c1b6b61fb79f1dbf0005a64f986bb9b4471,f5e374255acb40d3b61ef049439a216956523578089519cdbac1c787454c279b,,"['reference_not_ranking', 'single_initialization_observation']"
crc16,dace_gpu,auto_opt,same_process,observed,5.108510065008886,crc16,1.0.2,6,3,a7203e25a233dc7df7310c8693f87c1b6b61fb79f1dbf0005a64f986bb9b4471,f5e374255acb40d3b61ef049439a216956523578089519cdbac1c787454c279b,,"['reference_not_ranking', 'single_initialization_observation']"
crc16,cupy,default,initialization,observed,96.52850859099999,crc16,13.6.0,1,1,a7203e25a233dc7df7310c8693f87c1b6b61fb79f1dbf0005a64f986bb9b4471,f5e374255acb40d3b61ef049439a216956523578089519cdbac1c787454c279b,,"['reference_not_ranking', 'single_initialization_observation']"
crc16,cupy,default,fresh_process,observed,100.60213901399402,crc16,13.6.0,2,2,a7203e25a233dc7df7310c8693f87c1b6b61fb79f1dbf0005a64f986bb9b4471,f5e374255acb40d3b61ef049439a216956523578089519cdbac1c787454c279b,,"['reference_not_ranking', 'single_initialization_observation']"
crc16,cupy,default,same_process,observed,98.29251397948246,crc16,13.6.0,6,3,a7203e25a233dc7df7310c8693f87c1b6b61fb79f1dbf0005a64f986bb9b4471,f5e374255acb40d3b61ef049439a216956523578089519cdbac1c787454c279b,,"['reference_not_ranking', 'single_initialization_observation']"
deriche,numpy,default,initialization,observed,0.7698469039751217,deriche,1.26.4,1,1,ef9e5773989e084d7d1b667806f77c2b4ac4ac430dad3a2726f189d79dc3abc8,86bedd90fc265ce6365b560b64f12b89d3c2d5bf501294f5352e2a58074f9840,,"['reference_not_ranking', 'single_initialization_observation']"
deriche,numpy,default,fresh_process,observed,0.7765695770503953,deriche,1.26.4,2,2,ef9e5773989e084d7d1b667806f77c2b4ac4ac430dad3a2726f189d79dc3abc8,86bedd90fc265ce6365b560b64f12b89d3c2d5bf501294f5352e2a58074f9840,,"['reference_not_ranking', 'single_initialization_observation']"
deriche,numpy,default,same_process,observed,0.9189097890048288,deriche,1.26.4,6,3,ef9e5773989e084d7d1b667806f77c2b4ac4ac430dad3a2726f189d79dc3abc8,86bedd90fc265ce6365b560b64f12b89d3c2d5bf501294f5352e2a58074f9840,,"['reference_not_ranking', 'single_initialization_observation']"
deriche,numba,nopython-mode,initialization,observed,6.871471800026484,deriche,0.65.1,1,1,ef9e5773989e084d7d1b667806f77c2b4ac4ac430dad3a2726f189d79dc3abc8,86bedd90fc265ce6365b560b64f12b89d3c2d5bf501294f5352e2a58074f9840,,"['reference_not_ranking', 'single_initialization_observation']"
deriche,numba,nopython-mode,fresh_process,observed,1.2385098455124535,deriche,0.65.1,2,2,ef9e5773989e084d7d1b667806f77c2b4ac4ac430dad3a2726f189d79dc3abc8,86bedd90fc265ce6365b560b64f12b89d3c2d5bf501294f5352e2a58074f9840,,"['reference_not_ranking', 'single_initialization_observation']"
deriche,numba,nopython-mode,same_process,observed,1.0055858690175228,deriche,0.65.1,6,3,ef9e5773989e084d7d1b667806f77c2b4ac4ac430dad3a2726f189d79dc3abc8,86bedd90fc265ce6365b560b64f12b89d3c2d5bf501294f5352e2a58074f9840,,"['reference_not_ranking', 'single_initialization_observation']"
deriche,numba,nopython-mode-parallel,initialization,observed,11.657301109982654,deriche,0.65.1,1,1,ef9e5773989e084d7d1b667806f77c2b4ac4ac430dad3a2726f189d79dc3abc8,86bedd90fc265ce6365b560b64f12b89d3c2d5bf501294f5352e2a58074f9840,,"['reference_not_ranking', 'single_initialization_observation']"
deriche,numba,nopython-mode-parallel,fresh_process,observed,2.0029493485344574,deriche,0.65.1,2,2,ef9e5773989e084d7d1b667806f77c2b4ac4ac430dad3a2726f189d79dc3abc8,86bedd90fc265ce6365b560b64f12b89d3c2d5bf501294f5352e2a58074f9840,,"['reference_not_ranking', 'single_initialization_observation']"
deriche,numba,nopython-mode-parallel,same_process,observed,1.1855065934360027,deriche,0.65.1,6,3,ef9e5773989e084d7d1b667806f77c2b4ac4ac430dad3a2726f189d79dc3abc8,86bedd90fc265ce6365b560b64f12b89d3c2d5bf501294f5352e2a58074f9840,,"['reference_not_ranking', 'single_initialization_observation']"
deriche,numba,nopython-mode-parallel-range,initialization,N/A,,,,0,0,,,,
deriche,numba,nopython-mode-parallel-range,fresh_process,N/A,,,,0,0,,,,
deriche,numba,nopython-mode-parallel-range,same_process,N/A,,,,0,0,,,,
deriche,numba,object-mode,initialization,N/A,,,,0,0,,,,
deriche,numba,object-mode,fresh_process,N/A,,,,0,0,,,,
deriche,numba,object-mode,same_process,N/A,,,,0,0,,,,
deriche,numba,object-mode-parallel,initialization,N/A,,,,0,0,,,,
deriche,numba,object-mode-parallel,fresh_process,N/A,,,,0,0,,,,
deriche,numba,object-mode-parallel,same_process,N/A,,,,0,0,,,,
deriche,numba,object-mode-parallel-range,initialization,N/A,,,,0,0,,,,
deriche,numba,object-mode-parallel-range,fresh_process,N/A,,,,0,0,,,,
deriche,numba,object-mode-parallel-range,same_process,N/A,,,,0,0,,,,
deriche,dace_cpu,fusion,initialization,observed,16.27822990505956,deriche,1.0.2,1,1,ef9e5773989e084d7d1b667806f77c2b4ac4ac430dad3a2726f189d79dc3abc8,86bedd90fc265ce6365b560b64f12b89d3c2d5bf501294f5352e2a58074f9840,,"['reference_not_ranking', 'single_initialization_observation']"
deriche,dace_cpu,fusion,fresh_process,observed,2.6527276940178126,deriche,1.0.2,2,2,ef9e5773989e084d7d1b667806f77c2b4ac4ac430dad3a2726f189d79dc3abc8,86bedd90fc265ce6365b560b64f12b89d3c2d5bf501294f5352e2a58074f9840,,"['reference_not_ranking', 'single_initialization_observation']"
deriche,dace_cpu,fusion,same_process,observed,1.920900756958872,deriche,1.0.2,6,3,ef9e5773989e084d7d1b667806f77c2b4ac4ac430dad3a2726f189d79dc3abc8,86bedd90fc265ce6365b560b64f12b89d3c2d5bf501294f5352e2a58074f9840,,"['reference_not_ranking', 'single_initialization_observation']"
deriche,dace_cpu,parallel,initialization,observed,13.783025751938112,deriche,1.0.2,1,1,ef9e5773989e084d7d1b667806f77c2b4ac4ac430dad3a2726f189d79dc3abc8,86bedd90fc265ce6365b560b64f12b89d3c2d5bf501294f5352e2a58074f9840,,"['reference_not_ranking', 'single_initialization_observation']"
deriche,dace_cpu,parallel,fresh_process,observed,2.7581357514718547,deriche,1.0.2,2,2,ef9e5773989e084d7d1b667806f77c2b4ac4ac430dad3a2726f189d79dc3abc8,86bedd90fc265ce6365b560b64f12b89d3c2d5bf501294f5352e2a58074f9840,,"['reference_not_ranking', 'single_initialization_observation']"
deriche,dace_cpu,parallel,same_process,observed,1.9668849405134097,deriche,1.0.2,6,3,ef9e5773989e084d7d1b667806f77c2b4ac4ac430dad3a2726f189d79dc3abc8,86bedd90fc265ce6365b560b64f12b89d3c2d5bf501294f5352e2a58074f9840,,"['reference_not_ranking', 'single_initialization_observation']"
deriche,dace_cpu,auto_opt,initialization,observed,20.824040226987563,deriche,1.0.2,1,1,ef9e5773989e084d7d1b667806f77c2b4ac4ac430dad3a2726f189d79dc3abc8,86bedd90fc265ce6365b560b64f12b89d3c2d5bf501294f5352e2a58074f9840,,"['reference_not_ranking', 'single_initialization_observation']"
deriche,dace_cpu,auto_opt,fresh_process,observed,1.5685073334607296,deriche,1.0.2,2,2,ef9e5773989e084d7d1b667806f77c2b4ac4ac430dad3a2726f189d79dc3abc8,86bedd90fc265ce6365b560b64f12b89d3c2d5bf501294f5352e2a58074f9840,,"['reference_not_ranking', 'single_initialization_observation']"
deriche,dace_cpu,auto_opt,same_process,observed,1.5164019104558975,deriche,1.0.2,6,3,ef9e5773989e084d7d1b667806f77c2b4ac4ac430dad3a2726f189d79dc3abc8,86bedd90fc265ce6365b560b64f12b89d3c2d5bf501294f5352e2a58074f9840,,"['reference_not_ranking', 'single_initialization_observation']"
deriche,dace_gpu,fusion,initialization,observed,29.306472067022696,deriche,1.0.2,1,1,ef9e5773989e084d7d1b667806f77c2b4ac4ac430dad3a2726f189d79dc3abc8,86bedd90fc265ce6365b560b64f12b89d3c2d5bf501294f5352e2a58074f9840,,"['reference_not_ranking', 'single_initialization_observation']"
deriche,dace_gpu,fusion,fresh_process,observed,2.1286886385059915,deriche,1.0.2,2,2,ef9e5773989e084d7d1b667806f77c2b4ac4ac430dad3a2726f189d79dc3abc8,86bedd90fc265ce6365b560b64f12b89d3c2d5bf501294f5352e2a58074f9840,,"['reference_not_ranking', 'single_initialization_observation']"
deriche,dace_gpu,fusion,same_process,observed,0.6722579459892586,deriche,1.0.2,6,3,ef9e5773989e084d7d1b667806f77c2b4ac4ac430dad3a2726f189d79dc3abc8,86bedd90fc265ce6365b560b64f12b89d3c2d5bf501294f5352e2a58074f9840,,"['reference_not_ranking', 'single_initialization_observation']"
deriche,dace_gpu,parallel,initialization,observed,30.34487715398427,deriche,1.0.2,1,1,ef9e5773989e084d7d1b667806f77c2b4ac4ac430dad3a2726f189d79dc3abc8,86bedd90fc265ce6365b560b64f12b89d3c2d5bf501294f5352e2a58074f9840,,"['reference_not_ranking', 'single_initialization_observation']"
deriche,dace_gpu,parallel,fresh_process,observed,2.297557114972733,deriche,1.0.2,2,2,ef9e5773989e084d7d1b667806f77c2b4ac4ac430dad3a2726f189d79dc3abc8,86bedd90fc265ce6365b560b64f12b89d3c2d5bf501294f5352e2a58074f9840,,"['reference_not_ranking', 'single_initialization_observation']"
deriche,dace_gpu,parallel,same_process,observed,0.6904553865315393,deriche,1.0.2,6,3,ef9e5773989e084d7d1b667806f77c2b4ac4ac430dad3a2726f189d79dc3abc8,86bedd90fc265ce6365b560b64f12b89d3c2d5bf501294f5352e2a58074f9840,,"['reference_not_ranking', 'single_initialization_observation']"
deriche,dace_gpu,auto_opt,initialization,observed,32.76653984398581,deriche,1.0.2,1,1,ef9e5773989e084d7d1b667806f77c2b4ac4ac430dad3a2726f189d79dc3abc8,86bedd90fc265ce6365b560b64f12b89d3c2d5bf501294f5352e2a58074f9840,,"['reference_not_ranking', 'single_initialization_observation']"
deriche,dace_gpu,auto_opt,fresh_process,observed,1.8980927114607766,deriche,1.0.2,2,2,ef9e5773989e084d7d1b667806f77c2b4ac4ac430dad3a2726f189d79dc3abc8,86bedd90fc265ce6365b560b64f12b89d3c2d5bf501294f5352e2a58074f9840,,"['reference_not_ranking', 'single_initialization_observation']"
deriche,dace_gpu,auto_opt,same_process,observed,0.187945309036877,deriche,1.0.2,6,3,ef9e5773989e084d7d1b667806f77c2b4ac4ac430dad3a2726f189d79dc3abc8,86bedd90fc265ce6365b560b64f12b89d3c2d5bf501294f5352e2a58074f9840,,"['reference_not_ranking', 'single_initialization_observation']"
deriche,cupy,default,initialization,observed,3.8265470159240067,deriche,13.6.0,1,1,ef9e5773989e084d7d1b667806f77c2b4ac4ac430dad3a2726f189d79dc3abc8,86bedd90fc265ce6365b560b64f12b89d3c2d5bf501294f5352e2a58074f9840,,"['reference_not_ranking', 'single_initialization_observation']"
deriche,cupy,default,fresh_process,observed,3.670988492493052,deriche,13.6.0,2,2,ef9e5773989e084d7d1b667806f77c2b4ac4ac430dad3a2726f189d79dc3abc8,86bedd90fc265ce6365b560b64f12b89d3c2d5bf501294f5352e2a58074f9840,,"['reference_not_ranking', 'single_initialization_observation']"
deriche,cupy,default,same_process,observed,2.3307062810636126,deriche,13.6.0,6,3,ef9e5773989e084d7d1b667806f77c2b4ac4ac430dad3a2726f189d79dc3abc8,86bedd90fc265ce6365b560b64f12b89d3c2d5bf501294f5352e2a58074f9840,,"['reference_not_ranking', 'single_initialization_observation']"
doitgen,numpy,default,initialization,observed,2.1938620989676565,doitgen,1.26.4,1,1,0a710e9d831ec217703666c373d0b37a2be01b536d40ad9f598bb77b08a6f7ff,e54ec8efb6b8a7fe086a96f3c0074529002b4a5aad97bbd19161c0a49cf1bb9d,,"['reference_not_ranking', 'single_initialization_observation']"
doitgen,numpy,default,fresh_process,observed,2.392195733555127,doitgen,1.26.4,2,2,0a710e9d831ec217703666c373d0b37a2be01b536d40ad9f598bb77b08a6f7ff,e54ec8efb6b8a7fe086a96f3c0074529002b4a5aad97bbd19161c0a49cf1bb9d,,"['reference_not_ranking', 'single_initialization_observation']"
doitgen,numpy,default,same_process,observed,1.8586750575341284,doitgen,1.26.4,6,3,0a710e9d831ec217703666c373d0b37a2be01b536d40ad9f598bb77b08a6f7ff,e54ec8efb6b8a7fe086a96f3c0074529002b4a5aad97bbd19161c0a49cf1bb9d,,"['reference_not_ranking', 'single_initialization_observation']"
doitgen,numba,nopython-mode,initialization,observed,3.8808789630420506,doitgen,0.65.1,1,1,0a710e9d831ec217703666c373d0b37a2be01b536d40ad9f598bb77b08a6f7ff,e54ec8efb6b8a7fe086a96f3c0074529002b4a5aad97bbd19161c0a49cf1bb9d,,"['reference_not_ranking', 'single_initialization_observation']"
doitgen,numba,nopython-mode,fresh_process,observed,2.3042499404982664,doitgen,0.65.1,2,2,0a710e9d831ec217703666c373d0b37a2be01b536d40ad9f598bb77b08a6f7ff,e54ec8efb6b8a7fe086a96f3c0074529002b4a5aad97bbd19161c0a49cf1bb9d,,"['reference_not_ranking', 'single_initialization_observation']"
doitgen,numba,nopython-mode,same_process,observed,2.1269711070344783,doitgen,0.65.1,6,3,0a710e9d831ec217703666c373d0b37a2be01b536d40ad9f598bb77b08a6f7ff,e54ec8efb6b8a7fe086a96f3c0074529002b4a5aad97bbd19161c0a49cf1bb9d,,"['reference_not_ranking', 'single_initialization_observation']"
doitgen,numba,nopython-mode-parallel,initialization,N/A,,,,0,0,,,,
doitgen,numba,nopython-mode-parallel,fresh_process,N/A,,,,0,0,,,,
doitgen,numba,nopython-mode-parallel,same_process,N/A,,,,0,0,,,,
doitgen,numba,nopython-mode-parallel-range,initialization,N/A,,,,0,0,,,,
doitgen,numba,nopython-mode-parallel-range,fresh_process,N/A,,,,0,0,,,,
doitgen,numba,nopython-mode-parallel-range,same_process,N/A,,,,0,0,,,,
doitgen,numba,object-mode,initialization,observed,3.046946567017585,doitgen,0.65.1,1,1,0a710e9d831ec217703666c373d0b37a2be01b536d40ad9f598bb77b08a6f7ff,e54ec8efb6b8a7fe086a96f3c0074529002b4a5aad97bbd19161c0a49cf1bb9d,,"['reference_not_ranking', 'single_initialization_observation']"
doitgen,numba,object-mode,fresh_process,observed,2.4368626680225134,doitgen,0.65.1,2,2,0a710e9d831ec217703666c373d0b37a2be01b536d40ad9f598bb77b08a6f7ff,e54ec8efb6b8a7fe086a96f3c0074529002b4a5aad97bbd19161c0a49cf1bb9d,,"['reference_not_ranking', 'single_initialization_observation']"
doitgen,numba,object-mode,same_process,observed,1.8661717614741065,doitgen,0.65.1,6,3,0a710e9d831ec217703666c373d0b37a2be01b536d40ad9f598bb77b08a6f7ff,e54ec8efb6b8a7fe086a96f3c0074529002b4a5aad97bbd19161c0a49cf1bb9d,,"['reference_not_ranking', 'single_initialization_observation']"
doitgen,numba,object-mode-parallel,initialization,observed,3.415220474009402,doitgen,0.65.1,1,1,0a710e9d831ec217703666c373d0b37a2be01b536d40ad9f598bb77b08a6f7ff,e54ec8efb6b8a7fe086a96f3c0074529002b4a5aad97bbd19161c0a49cf1bb9d,,"['reference_not_ranking', 'single_initialization_observation']"
doitgen,numba,object-mode-parallel,fresh_process,observed,2.9922887475113384,doitgen,0.65.1,2,2,0a710e9d831ec217703666c373d0b37a2be01b536d40ad9f598bb77b08a6f7ff,e54ec8efb6b8a7fe086a96f3c0074529002b4a5aad97bbd19161c0a49cf1bb9d,,"['reference_not_ranking', 'single_initialization_observation']"
doitgen,numba,object-mode-parallel,same_process,observed,2.164088692457881,doitgen,0.65.1,6,3,0a710e9d831ec217703666c373d0b37a2be01b536d40ad9f598bb77b08a6f7ff,e54ec8efb6b8a7fe086a96f3c0074529002b4a5aad97bbd19161c0a49cf1bb9d,,"['reference_not_ranking', 'single_initialization_observation']"
doitgen,numba,object-mode-parallel-range,initialization,N/A,,,,0,0,,,,
doitgen,numba,object-mode-parallel-range,fresh_process,N/A,,,,0,0,,,,
doitgen,numba,object-mode-parallel-range,same_process,N/A,,,,0,0,,,,
doitgen,dace_cpu,fusion,initialization,observed,10.020168744958937,doitgen,1.0.2,1,1,0a710e9d831ec217703666c373d0b37a2be01b536d40ad9f598bb77b08a6f7ff,e54ec8efb6b8a7fe086a96f3c0074529002b4a5aad97bbd19161c0a49cf1bb9d,,"['reference_not_ranking', 'single_initialization_observation']"
doitgen,dace_cpu,fusion,fresh_process,observed,0.40273430198431015,doitgen,1.0.2,2,2,0a710e9d831ec217703666c373d0b37a2be01b536d40ad9f598bb77b08a6f7ff,e54ec8efb6b8a7fe086a96f3c0074529002b4a5aad97bbd19161c0a49cf1bb9d,,"['reference_not_ranking', 'single_initialization_observation']"
doitgen,dace_cpu,fusion,same_process,observed,0.38621818204410374,doitgen,1.0.2,6,3,0a710e9d831ec217703666c373d0b37a2be01b536d40ad9f598bb77b08a6f7ff,e54ec8efb6b8a7fe086a96f3c0074529002b4a5aad97bbd19161c0a49cf1bb9d,,"['reference_not_ranking', 'single_initialization_observation']"
doitgen,dace_cpu,parallel,initialization,observed,8.307981957914308,doitgen,1.0.2,1,1,0a710e9d831ec217703666c373d0b37a2be01b536d40ad9f598bb77b08a6f7ff,e54ec8efb6b8a7fe086a96f3c0074529002b4a5aad97bbd19161c0a49cf1bb9d,,"['reference_not_ranking', 'single_initialization_observation']"
doitgen,dace_cpu,parallel,fresh_process,observed,0.38497666898183525,doitgen,1.0.2,2,2,0a710e9d831ec217703666c373d0b37a2be01b536d40ad9f598bb77b08a6f7ff,e54ec8efb6b8a7fe086a96f3c0074529002b4a5aad97bbd19161c0a49cf1bb9d,,"['reference_not_ranking', 'single_initialization_observation']"
doitgen,dace_cpu,parallel,same_process,observed,0.5180676410673186,doitgen,1.0.2,6,3,0a710e9d831ec217703666c373d0b37a2be01b536d40ad9f598bb77b08a6f7ff,e54ec8efb6b8a7fe086a96f3c0074529002b4a5aad97bbd19161c0a49cf1bb9d,,"['reference_not_ranking', 'single_initialization_observation']"
doitgen,dace_cpu,auto_opt,initialization,observed,8.99253546493128,doitgen,1.0.2,1,1,0a710e9d831ec217703666c373d0b37a2be01b536d40ad9f598bb77b08a6f7ff,e54ec8efb6b8a7fe086a96f3c0074529002b4a5aad97bbd19161c0a49cf1bb9d,,"['reference_not_ranking', 'single_initialization_observation']"
doitgen,dace_cpu,auto_opt,fresh_process,observed,0.5516991645563394,doitgen,1.0.2,2,2,0a710e9d831ec217703666c373d0b37a2be01b536d40ad9f598bb77b08a6f7ff,e54ec8efb6b8a7fe086a96f3c0074529002b4a5aad97bbd19161c0a49cf1bb9d,,"['reference_not_ranking', 'single_initialization_observation']"
doitgen,dace_cpu,auto_opt,same_process,observed,0.3235212205327116,doitgen,1.0.2,6,3,0a710e9d831ec217703666c373d0b37a2be01b536d40ad9f598bb77b08a6f7ff,e54ec8efb6b8a7fe086a96f3c0074529002b4a5aad97bbd19161c0a49cf1bb9d,,"['reference_not_ranking', 'single_initialization_observation']"
doitgen,dace_gpu,fusion,initialization,observed,26.32078775705304,doitgen,1.0.2,1,1,0a710e9d831ec217703666c373d0b37a2be01b536d40ad9f598bb77b08a6f7ff,e54ec8efb6b8a7fe086a96f3c0074529002b4a5aad97bbd19161c0a49cf1bb9d,,"['reference_not_ranking', 'single_initialization_observation']"
doitgen,dace_gpu,fusion,fresh_process,observed,1.566204426519107,doitgen,1.0.2,2,2,0a710e9d831ec217703666c373d0b37a2be01b536d40ad9f598bb77b08a6f7ff,e54ec8efb6b8a7fe086a96f3c0074529002b4a5aad97bbd19161c0a49cf1bb9d,,"['reference_not_ranking', 'single_initialization_observation']"
doitgen,dace_gpu,fusion,same_process,observed,0.10428825748385862,doitgen,1.0.2,6,3,0a710e9d831ec217703666c373d0b37a2be01b536d40ad9f598bb77b08a6f7ff,e54ec8efb6b8a7fe086a96f3c0074529002b4a5aad97bbd19161c0a49cf1bb9d,,"['reference_not_ranking', 'single_initialization_observation']"
doitgen,dace_gpu,parallel,initialization,observed,25.207828802987933,doitgen,1.0.2,1,1,0a710e9d831ec217703666c373d0b37a2be01b536d40ad9f598bb77b08a6f7ff,e54ec8efb6b8a7fe086a96f3c0074529002b4a5aad97bbd19161c0a49cf1bb9d,,"['reference_not_ranking', 'single_initialization_observation']"
doitgen,dace_gpu,parallel,fresh_process,observed,1.577226363006048,doitgen,1.0.2,2,2,0a710e9d831ec217703666c373d0b37a2be01b536d40ad9f598bb77b08a6f7ff,e54ec8efb6b8a7fe086a96f3c0074529002b4a5aad97bbd19161c0a49cf1bb9d,,"['reference_not_ranking', 'single_initialization_observation']"
doitgen,dace_gpu,parallel,same_process,observed,0.13435044698417187,doitgen,1.0.2,6,3,0a710e9d831ec217703666c373d0b37a2be01b536d40ad9f598bb77b08a6f7ff,e54ec8efb6b8a7fe086a96f3c0074529002b4a5aad97bbd19161c0a49cf1bb9d,,"['reference_not_ranking', 'single_initialization_observation']"
doitgen,dace_gpu,auto_opt,initialization,observed,25.678696232032962,doitgen,1.0.2,1,1,0a710e9d831ec217703666c373d0b37a2be01b536d40ad9f598bb77b08a6f7ff,e54ec8efb6b8a7fe086a96f3c0074529002b4a5aad97bbd19161c0a49cf1bb9d,,"['reference_not_ranking', 'single_initialization_observation']"
doitgen,dace_gpu,auto_opt,fresh_process,observed,1.5184436294948682,doitgen,1.0.2,2,2,0a710e9d831ec217703666c373d0b37a2be01b536d40ad9f598bb77b08a6f7ff,e54ec8efb6b8a7fe086a96f3c0074529002b4a5aad97bbd19161c0a49cf1bb9d,,"['reference_not_ranking', 'single_initialization_observation']"
doitgen,dace_gpu,auto_opt,same_process,observed,0.11427945049945265,doitgen,1.0.2,6,3,0a710e9d831ec217703666c373d0b37a2be01b536d40ad9f598bb77b08a6f7ff,e54ec8efb6b8a7fe086a96f3c0074529002b4a5aad97bbd19161c0a49cf1bb9d,,"['reference_not_ranking', 'single_initialization_observation']"
doitgen,cupy,default,initialization,observed,1.0760918180458248,doitgen,13.6.0,1,1,0a710e9d831ec217703666c373d0b37a2be01b536d40ad9f598bb77b08a6f7ff,e54ec8efb6b8a7fe086a96f3c0074529002b4a5aad97bbd19161c0a49cf1bb9d,,"['reference_not_ranking', 'single_initialization_observation']"
doitgen,cupy,default,fresh_process,observed,0.9914808394969441,doitgen,13.6.0,2,2,0a710e9d831ec217703666c373d0b37a2be01b536d40ad9f598bb77b08a6f7ff,e54ec8efb6b8a7fe086a96f3c0074529002b4a5aad97bbd19161c0a49cf1bb9d,,"['reference_not_ranking', 'single_initialization_observation']"
doitgen,cupy,default,same_process,observed,0.12759172596270218,doitgen,13.6.0,6,3,0a710e9d831ec217703666c373d0b37a2be01b536d40ad9f598bb77b08a6f7ff,e54ec8efb6b8a7fe086a96f3c0074529002b4a5aad97bbd19161c0a49cf1bb9d,,"['reference_not_ranking', 'single_initialization_observation']"
durbin,numpy,default,initialization,observed,1.484698988031596,durbin,1.26.4,1,1,7437c8bf3a6ba1cbc2df811774313bdf292efa8f737e2b875afbdc1c26ff99aa,ce8fe98cca13e7ff78b2059649cf38d58a3f2af294a834c6e4698392b4e95b14,,"['reference_not_ranking', 'single_initialization_observation']"
durbin,numpy,default,fresh_process,observed,1.531177602475509,durbin,1.26.4,2,2,7437c8bf3a6ba1cbc2df811774313bdf292efa8f737e2b875afbdc1c26ff99aa,ce8fe98cca13e7ff78b2059649cf38d58a3f2af294a834c6e4698392b4e95b14,,"['reference_not_ranking', 'single_initialization_observation']"
durbin,numpy,default,same_process,observed,2.4143178894300945,durbin,1.26.4,6,3,7437c8bf3a6ba1cbc2df811774313bdf292efa8f737e2b875afbdc1c26ff99aa,ce8fe98cca13e7ff78b2059649cf38d58a3f2af294a834c6e4698392b4e95b14,,"['reference_not_ranking', 'single_initialization_observation']"
durbin,numba,nopython-mode,initialization,observed,5.019081615959294,durbin,0.65.1,1,1,7437c8bf3a6ba1cbc2df811774313bdf292efa8f737e2b875afbdc1c26ff99aa,ce8fe98cca13e7ff78b2059649cf38d58a3f2af294a834c6e4698392b4e95b14,,"['reference_not_ranking', 'single_initialization_observation']"
durbin,numba,nopython-mode,fresh_process,observed,2.352977810020093,durbin,0.65.1,2,2,7437c8bf3a6ba1cbc2df811774313bdf292efa8f737e2b875afbdc1c26ff99aa,ce8fe98cca13e7ff78b2059649cf38d58a3f2af294a834c6e4698392b4e95b14,,"['reference_not_ranking', 'single_initialization_observation']"
durbin,numba,nopython-mode,same_process,observed,1.6721995185362175,durbin,0.65.1,6,3,7437c8bf3a6ba1cbc2df811774313bdf292efa8f737e2b875afbdc1c26ff99aa,ce8fe98cca13e7ff78b2059649cf38d58a3f2af294a834c6e4698392b4e95b14,,"['reference_not_ranking', 'single_initialization_observation']"
durbin,numba,nopython-mode-parallel,initialization,error,,durbin,0.65.1,0,0,7437c8bf3a6ba1cbc2df811774313bdf292efa8f737e2b875afbdc1c26ff99aa,ce8fe98cca13e7ff78b2059649cf38d58a3f2af294a834c6e4698392b4e95b14,,"['reference_not_ranking', 'single_initialization_observation']"
durbin,numba,nopython-mode-parallel,fresh_process,error,,durbin,0.65.1,0,0,7437c8bf3a6ba1cbc2df811774313bdf292efa8f737e2b875afbdc1c26ff99aa,ce8fe98cca13e7ff78b2059649cf38d58a3f2af294a834c6e4698392b4e95b14,,"['reference_not_ranking', 'single_initialization_observation']"
durbin,numba,nopython-mode-parallel,same_process,error,,durbin,0.65.1,0,0,7437c8bf3a6ba1cbc2df811774313bdf292efa8f737e2b875afbdc1c26ff99aa,ce8fe98cca13e7ff78b2059649cf38d58a3f2af294a834c6e4698392b4e95b14,,"['reference_not_ranking', 'single_initialization_observation']"
durbin,numba,nopython-mode-parallel-range,initialization,N/A,,,,0,0,,,,
durbin,numba,nopython-mode-parallel-range,fresh_process,N/A,,,,0,0,,,,
durbin,numba,nopython-mode-parallel-range,same_process,N/A,,,,0,0,,,,
durbin,numba,object-mode,initialization,N/A,,,,0,0,,,,
durbin,numba,object-mode,fresh_process,N/A,,,,0,0,,,,
durbin,numba,object-mode,same_process,N/A,,,,0,0,,,,
durbin,numba,object-mode-parallel,initialization,N/A,,,,0,0,,,,
durbin,numba,object-mode-parallel,fresh_process,N/A,,,,0,0,,,,
durbin,numba,object-mode-parallel,same_process,N/A,,,,0,0,,,,
durbin,numba,object-mode-parallel-range,initialization,N/A,,,,0,0,,,,
durbin,numba,object-mode-parallel-range,fresh_process,N/A,,,,0,0,,,,
durbin,numba,object-mode-parallel-range,same_process,N/A,,,,0,0,,,,
durbin,dace_cpu,fusion,initialization,timeout,,durbin,1.0.2,0,0,7437c8bf3a6ba1cbc2df811774313bdf292efa8f737e2b875afbdc1c26ff99aa,ce8fe98cca13e7ff78b2059649cf38d58a3f2af294a834c6e4698392b4e95b14,,"['reference_not_ranking', 'single_initialization_observation']"
durbin,dace_cpu,fusion,fresh_process,timeout,,durbin,1.0.2,0,0,7437c8bf3a6ba1cbc2df811774313bdf292efa8f737e2b875afbdc1c26ff99aa,ce8fe98cca13e7ff78b2059649cf38d58a3f2af294a834c6e4698392b4e95b14,,"['reference_not_ranking', 'single_initialization_observation']"
durbin,dace_cpu,fusion,same_process,timeout,,durbin,1.0.2,0,0,7437c8bf3a6ba1cbc2df811774313bdf292efa8f737e2b875afbdc1c26ff99aa,ce8fe98cca13e7ff78b2059649cf38d58a3f2af294a834c6e4698392b4e95b14,,"['reference_not_ranking', 'single_initialization_observation']"
durbin,dace_cpu,parallel,initialization,timeout,,durbin,1.0.2,0,0,7437c8bf3a6ba1cbc2df811774313bdf292efa8f737e2b875afbdc1c26ff99aa,ce8fe98cca13e7ff78b2059649cf38d58a3f2af294a834c6e4698392b4e95b14,,"['reference_not_ranking', 'single_initialization_observation']"
durbin,dace_cpu,parallel,fresh_process,timeout,,durbin,1.0.2,0,0,7437c8bf3a6ba1cbc2df811774313bdf292efa8f737e2b875afbdc1c26ff99aa,ce8fe98cca13e7ff78b2059649cf38d58a3f2af294a834c6e4698392b4e95b14,,"['reference_not_ranking', 'single_initialization_observation']"
durbin,dace_cpu,parallel,same_process,timeout,,durbin,1.0.2,0,0,7437c8bf3a6ba1cbc2df811774313bdf292efa8f737e2b875afbdc1c26ff99aa,ce8fe98cca13e7ff78b2059649cf38d58a3f2af294a834c6e4698392b4e95b14,,"['reference_not_ranking', 'single_initialization_observation']"
durbin,dace_cpu,auto_opt,initialization,timeout,,durbin,1.0.2,0,0,7437c8bf3a6ba1cbc2df811774313bdf292efa8f737e2b875afbdc1c26ff99aa,ce8fe98cca13e7ff78b2059649cf38d58a3f2af294a834c6e4698392b4e95b14,,"['reference_not_ranking', 'single_initialization_observation']"
durbin,dace_cpu,auto_opt,fresh_process,timeout,,durbin,1.0.2,0,0,7437c8bf3a6ba1cbc2df811774313bdf292efa8f737e2b875afbdc1c26ff99aa,ce8fe98cca13e7ff78b2059649cf38d58a3f2af294a834c6e4698392b4e95b14,,"['reference_not_ranking', 'single_initialization_observation']"
durbin,dace_cpu,auto_opt,same_process,timeout,,durbin,1.0.2,0,0,7437c8bf3a6ba1cbc2df811774313bdf292efa8f737e2b875afbdc1c26ff99aa,ce8fe98cca13e7ff78b2059649cf38d58a3f2af294a834c6e4698392b4e95b14,,"['reference_not_ranking', 'single_initialization_observation']"
durbin,dace_gpu,fusion,initialization,observed,28.416970888967626,durbin,1.0.2,1,1,7437c8bf3a6ba1cbc2df811774313bdf292efa8f737e2b875afbdc1c26ff99aa,ce8fe98cca13e7ff78b2059649cf38d58a3f2af294a834c6e4698392b4e95b14,,"['reference_not_ranking', 'single_initialization_observation']"
durbin,dace_gpu,fusion,fresh_process,observed,2.7959187395172194,durbin,1.0.2,2,2,7437c8bf3a6ba1cbc2df811774313bdf292efa8f737e2b875afbdc1c26ff99aa,ce8fe98cca13e7ff78b2059649cf38d58a3f2af294a834c6e4698392b4e95b14,,"['reference_not_ranking', 'single_initialization_observation']"
durbin,dace_gpu,fusion,same_process,observed,1.3257228989969008,durbin,1.0.2,6,3,7437c8bf3a6ba1cbc2df811774313bdf292efa8f737e2b875afbdc1c26ff99aa,ce8fe98cca13e7ff78b2059649cf38d58a3f2af294a834c6e4698392b4e95b14,,"['reference_not_ranking', 'single_initialization_observation']"
durbin,dace_gpu,parallel,initialization,observed,27.19470543996431,durbin,1.0.2,1,1,7437c8bf3a6ba1cbc2df811774313bdf292efa8f737e2b875afbdc1c26ff99aa,ce8fe98cca13e7ff78b2059649cf38d58a3f2af294a834c6e4698392b4e95b14,,"['reference_not_ranking', 'single_initialization_observation']"
durbin,dace_gpu,parallel,fresh_process,observed,2.5390998829971068,durbin,1.0.2,2,2,7437c8bf3a6ba1cbc2df811774313bdf292efa8f737e2b875afbdc1c26ff99aa,ce8fe98cca13e7ff78b2059649cf38d58a3f2af294a834c6e4698392b4e95b14,,"['reference_not_ranking', 'single_initialization_observation']"
durbin,dace_gpu,parallel,same_process,observed,1.1909235414932482,durbin,1.0.2,6,3,7437c8bf3a6ba1cbc2df811774313bdf292efa8f737e2b875afbdc1c26ff99aa,ce8fe98cca13e7ff78b2059649cf38d58a3f2af294a834c6e4698392b4e95b14,,"['reference_not_ranking', 'single_initialization_observation']"
durbin,dace_gpu,auto_opt,initialization,observed,27.560561695019715,durbin,1.0.2,1,1,7437c8bf3a6ba1cbc2df811774313bdf292efa8f737e2b875afbdc1c26ff99aa,ce8fe98cca13e7ff78b2059649cf38d58a3f2af294a834c6e4698392b4e95b14,,"['reference_not_ranking', 'single_initialization_observation']"
durbin,dace_gpu,auto_opt,fresh_process,observed,2.651011740032118,durbin,1.0.2,2,2,7437c8bf3a6ba1cbc2df811774313bdf292efa8f737e2b875afbdc1c26ff99aa,ce8fe98cca13e7ff78b2059649cf38d58a3f2af294a834c6e4698392b4e95b14,,"['reference_not_ranking', 'single_initialization_observation']"
durbin,dace_gpu,auto_opt,same_process,observed,1.2224080350715667,durbin,1.0.2,6,3,7437c8bf3a6ba1cbc2df811774313bdf292efa8f737e2b875afbdc1c26ff99aa,ce8fe98cca13e7ff78b2059649cf38d58a3f2af294a834c6e4698392b4e95b14,,"['reference_not_ranking', 'single_initialization_observation']"
durbin,cupy,default,initialization,observed,5.877742219017819,durbin,13.6.0,1,1,7437c8bf3a6ba1cbc2df811774313bdf292efa8f737e2b875afbdc1c26ff99aa,ce8fe98cca13e7ff78b2059649cf38d58a3f2af294a834c6e4698392b4e95b14,,"['reference_not_ranking', 'single_initialization_observation']"
durbin,cupy,default,fresh_process,observed,4.91090668149991,durbin,13.6.0,2,2,7437c8bf3a6ba1cbc2df811774313bdf292efa8f737e2b875afbdc1c26ff99aa,ce8fe98cca13e7ff78b2059649cf38d58a3f2af294a834c6e4698392b4e95b14,,"['reference_not_ranking', 'single_initialization_observation']"
durbin,cupy,default,same_process,observed,4.094387328485027,durbin,13.6.0,6,3,7437c8bf3a6ba1cbc2df811774313bdf292efa8f737e2b875afbdc1c26ff99aa,ce8fe98cca13e7ff78b2059649cf38d58a3f2af294a834c6e4698392b4e95b14,,"['reference_not_ranking', 'single_initialization_observation']"
fdtd_2d,numpy,default,initialization,observed,0.717620350071229,fdtd_2d,1.26.4,1,1,06e26254e9c8b359ff97a77665932fc3543384ca179dea039154450eff6c94ff,ae503cf8154fbe07791342cfced3146fb8b1e03dbea637ba9add8796956ed94d,,"['reference_not_ranking', 'single_initialization_observation']"
fdtd_2d,numpy,default,fresh_process,observed,0.7314875369775109,fdtd_2d,1.26.4,2,2,06e26254e9c8b359ff97a77665932fc3543384ca179dea039154450eff6c94ff,ae503cf8154fbe07791342cfced3146fb8b1e03dbea637ba9add8796956ed94d,,"['reference_not_ranking', 'single_initialization_observation']"
fdtd_2d,numpy,default,same_process,observed,0.9110774334985763,fdtd_2d,1.26.4,6,3,06e26254e9c8b359ff97a77665932fc3543384ca179dea039154450eff6c94ff,ae503cf8154fbe07791342cfced3146fb8b1e03dbea637ba9add8796956ed94d,,"['reference_not_ranking', 'single_initialization_observation']"
fdtd_2d,numba,nopython-mode,initialization,observed,5.3123528939904645,fdtd_2d,0.65.1,1,1,06e26254e9c8b359ff97a77665932fc3543384ca179dea039154450eff6c94ff,ae503cf8154fbe07791342cfced3146fb8b1e03dbea637ba9add8796956ed94d,,"['reference_not_ranking', 'single_initialization_observation']"
fdtd_2d,numba,nopython-mode,fresh_process,observed,1.91151941701537,fdtd_2d,0.65.1,2,2,06e26254e9c8b359ff97a77665932fc3543384ca179dea039154450eff6c94ff,ae503cf8154fbe07791342cfced3146fb8b1e03dbea637ba9add8796956ed94d,,"['reference_not_ranking', 'single_initialization_observation']"
fdtd_2d,numba,nopython-mode,same_process,observed,1.3732392680249177,fdtd_2d,0.65.1,6,3,06e26254e9c8b359ff97a77665932fc3543384ca179dea039154450eff6c94ff,ae503cf8154fbe07791342cfced3146fb8b1e03dbea637ba9add8796956ed94d,,"['reference_not_ranking', 'single_initialization_observation']"
fdtd_2d,numba,nopython-mode-parallel,initialization,observed,3.9576596789993346,fdtd_2d,0.65.1,1,1,06e26254e9c8b359ff97a77665932fc3543384ca179dea039154450eff6c94ff,ae503cf8154fbe07791342cfced3146fb8b1e03dbea637ba9add8796956ed94d,,"['reference_not_ranking', 'single_initialization_observation']"
fdtd_2d,numba,nopython-mode-parallel,fresh_process,observed,0.8231437414651737,fdtd_2d,0.65.1,2,2,06e26254e9c8b359ff97a77665932fc3543384ca179dea039154450eff6c94ff,ae503cf8154fbe07791342cfced3146fb8b1e03dbea637ba9add8796956ed94d,,"['reference_not_ranking', 'single_initialization_observation']"
fdtd_2d,numba,nopython-mode-parallel,same_process,observed,0.5746696035494097,fdtd_2d,0.65.1,6,3,06e26254e9c8b359ff97a77665932fc3543384ca179dea039154450eff6c94ff,ae503cf8154fbe07791342cfced3146fb8b1e03dbea637ba9add8796956ed94d,,"['reference_not_ranking', 'single_initialization_observation']"
fdtd_2d,numba,nopython-mode-parallel-range,initialization,N/A,,,,0,0,,,,
fdtd_2d,numba,nopython-mode-parallel-range,fresh_process,N/A,,,,0,0,,,,
fdtd_2d,numba,nopython-mode-parallel-range,same_process,N/A,,,,0,0,,,,
fdtd_2d,numba,object-mode,initialization,N/A,,,,0,0,,,,
fdtd_2d,numba,object-mode,fresh_process,N/A,,,,0,0,,,,
fdtd_2d,numba,object-mode,same_process,N/A,,,,0,0,,,,
fdtd_2d,numba,object-mode-parallel,initialization,N/A,,,,0,0,,,,
fdtd_2d,numba,object-mode-parallel,fresh_process,N/A,,,,0,0,,,,
fdtd_2d,numba,object-mode-parallel,same_process,N/A,,,,0,0,,,,
fdtd_2d,numba,object-mode-parallel-range,initialization,N/A,,,,0,0,,,,
fdtd_2d,numba,object-mode-parallel-range,fresh_process,N/A,,,,0,0,,,,
fdtd_2d,numba,object-mode-parallel-range,same_process,N/A,,,,0,0,,,,
fdtd_2d,dace_cpu,fusion,initialization,observed,8.238025896018371,fdtd_2d,1.0.2,1,1,06e26254e9c8b359ff97a77665932fc3543384ca179dea039154450eff6c94ff,ae503cf8154fbe07791342cfced3146fb8b1e03dbea637ba9add8796956ed94d,,"['reference_not_ranking', 'single_initialization_observation']"
fdtd_2d,dace_cpu,fusion,fresh_process,observed,0.22240089147817343,fdtd_2d,1.0.2,2,2,06e26254e9c8b359ff97a77665932fc3543384ca179dea039154450eff6c94ff,ae503cf8154fbe07791342cfced3146fb8b1e03dbea637ba9add8796956ed94d,,"['reference_not_ranking', 'single_initialization_observation']"
fdtd_2d,dace_cpu,fusion,same_process,observed,0.1149966005468741,fdtd_2d,1.0.2,6,3,06e26254e9c8b359ff97a77665932fc3543384ca179dea039154450eff6c94ff,ae503cf8154fbe07791342cfced3146fb8b1e03dbea637ba9add8796956ed94d,,"['reference_not_ranking', 'single_initialization_observation']"
fdtd_2d,dace_cpu,parallel,initialization,observed,7.616146947955713,fdtd_2d,1.0.2,1,1,06e26254e9c8b359ff97a77665932fc3543384ca179dea039154450eff6c94ff,ae503cf8154fbe07791342cfced3146fb8b1e03dbea637ba9add8796956ed94d,,"['reference_not_ranking', 'single_initialization_observation']"
fdtd_2d,dace_cpu,parallel,fresh_process,observed,0.19937208050396293,fdtd_2d,1.0.2,2,2,06e26254e9c8b359ff97a77665932fc3543384ca179dea039154450eff6c94ff,ae503cf8154fbe07791342cfced3146fb8b1e03dbea637ba9add8796956ed94d,,"['reference_not_ranking', 'single_initialization_observation']"
fdtd_2d,dace_cpu,parallel,same_process,observed,0.21234207251109183,fdtd_2d,1.0.2,6,3,06e26254e9c8b359ff97a77665932fc3543384ca179dea039154450eff6c94ff,ae503cf8154fbe07791342cfced3146fb8b1e03dbea637ba9add8796956ed94d,,"['reference_not_ranking', 'single_initialization_observation']"
fdtd_2d,dace_cpu,auto_opt,initialization,observed,8.23692188190762,fdtd_2d,1.0.2,1,1,06e26254e9c8b359ff97a77665932fc3543384ca179dea039154450eff6c94ff,ae503cf8154fbe07791342cfced3146fb8b1e03dbea637ba9add8796956ed94d,,"['reference_not_ranking', 'single_initialization_observation']"
fdtd_2d,dace_cpu,auto_opt,fresh_process,observed,0.22392458247486502,fdtd_2d,1.0.2,2,2,06e26254e9c8b359ff97a77665932fc3543384ca179dea039154450eff6c94ff,ae503cf8154fbe07791342cfced3146fb8b1e03dbea637ba9add8796956ed94d,,"['reference_not_ranking', 'single_initialization_observation']"
fdtd_2d,dace_cpu,auto_opt,same_process,observed,0.08698375400854275,fdtd_2d,1.0.2,6,3,06e26254e9c8b359ff97a77665932fc3543384ca179dea039154450eff6c94ff,ae503cf8154fbe07791342cfced3146fb8b1e03dbea637ba9add8796956ed94d,,"['reference_not_ranking', 'single_initialization_observation']"
fdtd_2d,dace_gpu,fusion,initialization,observed,23.418208921910264,fdtd_2d,1.0.2,1,1,06e26254e9c8b359ff97a77665932fc3543384ca179dea039154450eff6c94ff,ae503cf8154fbe07791342cfced3146fb8b1e03dbea637ba9add8796956ed94d,,"['reference_not_ranking', 'single_initialization_observation']"
fdtd_2d,dace_gpu,fusion,fresh_process,observed,1.164117582491599,fdtd_2d,1.0.2,2,2,06e26254e9c8b359ff97a77665932fc3543384ca179dea039154450eff6c94ff,ae503cf8154fbe07791342cfced3146fb8b1e03dbea637ba9add8796956ed94d,,"['reference_not_ranking', 'single_initialization_observation']"
fdtd_2d,dace_gpu,fusion,same_process,observed,0.031367647054139525,fdtd_2d,1.0.2,6,3,06e26254e9c8b359ff97a77665932fc3543384ca179dea039154450eff6c94ff,ae503cf8154fbe07791342cfced3146fb8b1e03dbea637ba9add8796956ed94d,,"['reference_not_ranking', 'single_initialization_observation']"
fdtd_2d,dace_gpu,parallel,initialization,observed,24.017492691986263,fdtd_2d,1.0.2,1,1,06e26254e9c8b359ff97a77665932fc3543384ca179dea039154450eff6c94ff,ae503cf8154fbe07791342cfced3146fb8b1e03dbea637ba9add8796956ed94d,,"['reference_not_ranking', 'single_initialization_observation']"
fdtd_2d,dace_gpu,parallel,fresh_process,observed,1.1782274115248583,fdtd_2d,1.0.2,2,2,06e26254e9c8b359ff97a77665932fc3543384ca179dea039154450eff6c94ff,ae503cf8154fbe07791342cfced3146fb8b1e03dbea637ba9add8796956ed94d,,"['reference_not_ranking', 'single_initialization_observation']"
fdtd_2d,dace_gpu,parallel,same_process,observed,0.03187299403361976,fdtd_2d,1.0.2,6,3,06e26254e9c8b359ff97a77665932fc3543384ca179dea039154450eff6c94ff,ae503cf8154fbe07791342cfced3146fb8b1e03dbea637ba9add8796956ed94d,,"['reference_not_ranking', 'single_initialization_observation']"
fdtd_2d,dace_gpu,auto_opt,initialization,observed,23.117653085966595,fdtd_2d,1.0.2,1,1,06e26254e9c8b359ff97a77665932fc3543384ca179dea039154450eff6c94ff,ae503cf8154fbe07791342cfced3146fb8b1e03dbea637ba9add8796956ed94d,,"['reference_not_ranking', 'single_initialization_observation']"
fdtd_2d,dace_gpu,auto_opt,fresh_process,observed,1.2027564565069042,fdtd_2d,1.0.2,2,2,06e26254e9c8b359ff97a77665932fc3543384ca179dea039154450eff6c94ff,ae503cf8154fbe07791342cfced3146fb8b1e03dbea637ba9add8796956ed94d,,"['reference_not_ranking', 'single_initialization_observation']"
fdtd_2d,dace_gpu,auto_opt,same_process,observed,0.029850553022697568,fdtd_2d,1.0.2,6,3,06e26254e9c8b359ff97a77665932fc3543384ca179dea039154450eff6c94ff,ae503cf8154fbe07791342cfced3146fb8b1e03dbea637ba9add8796956ed94d,,"['reference_not_ranking', 'single_initialization_observation']"
fdtd_2d,cupy,default,initialization,observed,1.2517108640167862,fdtd_2d,13.6.0,1,1,06e26254e9c8b359ff97a77665932fc3543384ca179dea039154450eff6c94ff,ae503cf8154fbe07791342cfced3146fb8b1e03dbea637ba9add8796956ed94d,,"['reference_not_ranking', 'single_initialization_observation']"
fdtd_2d,cupy,default,fresh_process,observed,0.45184237346984446,fdtd_2d,13.6.0,2,2,06e26254e9c8b359ff97a77665932fc3543384ca179dea039154450eff6c94ff,ae503cf8154fbe07791342cfced3146fb8b1e03dbea637ba9add8796956ed94d,,"['reference_not_ranking', 'single_initialization_observation']"
fdtd_2d,cupy,default,same_process,observed,0.06663125200429931,fdtd_2d,13.6.0,6,3,06e26254e9c8b359ff97a77665932fc3543384ca179dea039154450eff6c94ff,ae503cf8154fbe07791342cfced3146fb8b1e03dbea637ba9add8796956ed94d,,"['reference_not_ranking', 'single_initialization_observation']"
floyd_warshall,numpy,default,initialization,observed,3.176886720932089,floyd_warshall,1.26.4,1,1,a3edbd966d81083b8e17c12c5e476ba6f92ae518095bf60f44db36d16648859a,d80d0f1e5dc1b065b6ae583f4925157116e2c98d49b252f8e02fa8c4ffe273fe,,"['reference_not_ranking', 'single_initialization_observation']"
floyd_warshall,numpy,default,fresh_process,observed,3.200433817517478,floyd_warshall,1.26.4,2,2,a3edbd966d81083b8e17c12c5e476ba6f92ae518095bf60f44db36d16648859a,d80d0f1e5dc1b065b6ae583f4925157116e2c98d49b252f8e02fa8c4ffe273fe,,"['reference_not_ranking', 'single_initialization_observation']"
floyd_warshall,numpy,default,same_process,observed,1.4820813710102811,floyd_warshall,1.26.4,6,3,a3edbd966d81083b8e17c12c5e476ba6f92ae518095bf60f44db36d16648859a,d80d0f1e5dc1b065b6ae583f4925157116e2c98d49b252f8e02fa8c4ffe273fe,,"['reference_not_ranking', 'single_initialization_observation']"
floyd_warshall,numba,nopython-mode,initialization,observed,4.144911757088266,floyd_warshall,0.65.1,1,1,a3edbd966d81083b8e17c12c5e476ba6f92ae518095bf60f44db36d16648859a,d80d0f1e5dc1b065b6ae583f4925157116e2c98d49b252f8e02fa8c4ffe273fe,,"['reference_not_ranking', 'single_initialization_observation']"
floyd_warshall,numba,nopython-mode,fresh_process,observed,1.53633587656077,floyd_warshall,0.65.1,2,2,a3edbd966d81083b8e17c12c5e476ba6f92ae518095bf60f44db36d16648859a,d80d0f1e5dc1b065b6ae583f4925157116e2c98d49b252f8e02fa8c4ffe273fe,,"['reference_not_ranking', 'single_initialization_observation']"
floyd_warshall,numba,nopython-mode,same_process,observed,1.2961441345396452,floyd_warshall,0.65.1,6,3,a3edbd966d81083b8e17c12c5e476ba6f92ae518095bf60f44db36d16648859a,d80d0f1e5dc1b065b6ae583f4925157116e2c98d49b252f8e02fa8c4ffe273fe,,"['reference_not_ranking', 'single_initialization_observation']"
floyd_warshall,numba,nopython-mode-parallel,initialization,observed,43.145088924095035,floyd_warshall,0.65.1,1,1,a3edbd966d81083b8e17c12c5e476ba6f92ae518095bf60f44db36d16648859a,d80d0f1e5dc1b065b6ae583f4925157116e2c98d49b252f8e02fa8c4ffe273fe,,"['reference_not_ranking', 'single_initialization_observation']"
floyd_warshall,numba,nopython-mode-parallel,fresh_process,observed,47.64190603099996,floyd_warshall,0.65.1,2,2,a3edbd966d81083b8e17c12c5e476ba6f92ae518095bf60f44db36d16648859a,d80d0f1e5dc1b065b6ae583f4925157116e2c98d49b252f8e02fa8c4ffe273fe,,"['reference_not_ranking', 'single_initialization_observation']"
floyd_warshall,numba,nopython-mode-parallel,same_process,observed,54.10258835600689,floyd_warshall,0.65.1,6,3,a3edbd966d81083b8e17c12c5e476ba6f92ae518095bf60f44db36d16648859a,d80d0f1e5dc1b065b6ae583f4925157116e2c98d49b252f8e02fa8c4ffe273fe,,"['reference_not_ranking', 'single_initialization_observation']"
floyd_warshall,numba,nopython-mode-parallel-range,initialization,observed,2.3169449410634115,floyd_warshall,0.65.1,1,1,a3edbd966d81083b8e17c12c5e476ba6f92ae518095bf60f44db36d16648859a,d80d0f1e5dc1b065b6ae583f4925157116e2c98d49b252f8e02fa8c4ffe273fe,,"['reference_not_ranking', 'single_initialization_observation']"
floyd_warshall,numba,nopython-mode-parallel-range,fresh_process,observed,0.6248080160003155,floyd_warshall,0.65.1,2,2,a3edbd966d81083b8e17c12c5e476ba6f92ae518095bf60f44db36d16648859a,d80d0f1e5dc1b065b6ae583f4925157116e2c98d49b252f8e02fa8c4ffe273fe,,"['reference_not_ranking', 'single_initialization_observation']"
floyd_warshall,numba,nopython-mode-parallel-range,same_process,observed,0.07216353353578597,floyd_warshall,0.65.1,6,3,a3edbd966d81083b8e17c12c5e476ba6f92ae518095bf60f44db36d16648859a,d80d0f1e5dc1b065b6ae583f4925157116e2c98d49b252f8e02fa8c4ffe273fe,,"['reference_not_ranking', 'single_initialization_observation']"
floyd_warshall,numba,object-mode,initialization,observed,3.903852738090791,floyd_warshall,0.65.1,1,1,a3edbd966d81083b8e17c12c5e476ba6f92ae518095bf60f44db36d16648859a,d80d0f1e5dc1b065b6ae583f4925157116e2c98d49b252f8e02fa8c4ffe273fe,,"['reference_not_ranking', 'single_initialization_observation', 'process_0_only', 'no_persistent_reuse']"
floyd_warshall,numba,object-mode,fresh_process,unsupported,,floyd_warshall,0.65.1,0,0,a3edbd966d81083b8e17c12c5e476ba6f92ae518095bf60f44db36d16648859a,d80d0f1e5dc1b065b6ae583f4925157116e2c98d49b252f8e02fa8c4ffe273fe,,"['reference_not_ranking', 'single_initialization_observation', 'process_0_only', 'no_persistent_reuse']"
floyd_warshall,numba,object-mode,same_process,observed,0.8508345619775355,floyd_warshall,0.65.1,2,1,a3edbd966d81083b8e17c12c5e476ba6f92ae518095bf60f44db36d16648859a,d80d0f1e5dc1b065b6ae583f4925157116e2c98d49b252f8e02fa8c4ffe273fe,,"['reference_not_ranking', 'single_initialization_observation', 'process_0_only', 'no_persistent_reuse']"
floyd_warshall,numba,object-mode-parallel,initialization,observed,4.239364170003682,floyd_warshall,0.65.1,1,1,a3edbd966d81083b8e17c12c5e476ba6f92ae518095bf60f44db36d16648859a,d80d0f1e5dc1b065b6ae583f4925157116e2c98d49b252f8e02fa8c4ffe273fe,,"['reference_not_ranking', 'single_initialization_observation', 'process_0_only', 'no_persistent_reuse']"
floyd_warshall,numba,object-mode-parallel,fresh_process,unsupported,,floyd_warshall,0.65.1,0,0,a3edbd966d81083b8e17c12c5e476ba6f92ae518095bf60f44db36d16648859a,d80d0f1e5dc1b065b6ae583f4925157116e2c98d49b252f8e02fa8c4ffe273fe,,"['reference_not_ranking', 'single_initialization_observation', 'process_0_only', 'no_persistent_reuse']"
floyd_warshall,numba,object-mode-parallel,same_process,observed,0.8337798860156909,floyd_warshall,0.65.1,2,1,a3edbd966d81083b8e17c12c5e476ba6f92ae518095bf60f44db36d16648859a,d80d0f1e5dc1b065b6ae583f4925157116e2c98d49b252f8e02fa8c4ffe273fe,,"['reference_not_ranking', 'single_initialization_observation', 'process_0_only', 'no_persistent_reuse']"
floyd_warshall,numba,object-mode-parallel-range,initialization,N/A,,,,0,0,,,,
floyd_warshall,numba,object-mode-parallel-range,fresh_process,N/A,,,,0,0,,,,
floyd_warshall,numba,object-mode-parallel-range,same_process,N/A,,,,0,0,,,,
floyd_warshall,dace_cpu,fusion,initialization,observed,10.739078729995526,floyd_warshall,1.0.2,1,1,a3edbd966d81083b8e17c12c5e476ba6f92ae518095bf60f44db36d16648859a,d80d0f1e5dc1b065b6ae583f4925157116e2c98d49b252f8e02fa8c4ffe273fe,,"['reference_not_ranking', 'single_initialization_observation']"
floyd_warshall,dace_cpu,fusion,fresh_process,observed,0.8664854490198195,floyd_warshall,1.0.2,2,2,a3edbd966d81083b8e17c12c5e476ba6f92ae518095bf60f44db36d16648859a,d80d0f1e5dc1b065b6ae583f4925157116e2c98d49b252f8e02fa8c4ffe273fe,,"['reference_not_ranking', 'single_initialization_observation']"
floyd_warshall,dace_cpu,fusion,same_process,observed,1.5680095325224102,floyd_warshall,1.0.2,6,3,a3edbd966d81083b8e17c12c5e476ba6f92ae518095bf60f44db36d16648859a,d80d0f1e5dc1b065b6ae583f4925157116e2c98d49b252f8e02fa8c4ffe273fe,,"['reference_not_ranking', 'single_initialization_observation']"
floyd_warshall,dace_cpu,parallel,initialization,observed,9.60578458395321,floyd_warshall,1.0.2,1,1,a3edbd966d81083b8e17c12c5e476ba6f92ae518095bf60f44db36d16648859a,d80d0f1e5dc1b065b6ae583f4925157116e2c98d49b252f8e02fa8c4ffe273fe,,"['reference_not_ranking', 'single_initialization_observation']"
floyd_warshall,dace_cpu,parallel,fresh_process,observed,1.5677706600399688,floyd_warshall,1.0.2,2,2,a3edbd966d81083b8e17c12c5e476ba6f92ae518095bf60f44db36d16648859a,d80d0f1e5dc1b065b6ae583f4925157116e2c98d49b252f8e02fa8c4ffe273fe,,"['reference_not_ranking', 'single_initialization_observation']"
floyd_warshall,dace_cpu,parallel,same_process,observed,1.8661183624644764,floyd_warshall,1.0.2,6,3,a3edbd966d81083b8e17c12c5e476ba6f92ae518095bf60f44db36d16648859a,d80d0f1e5dc1b065b6ae583f4925157116e2c98d49b252f8e02fa8c4ffe273fe,,"['reference_not_ranking', 'single_initialization_observation']"
floyd_warshall,dace_cpu,auto_opt,initialization,observed,9.665356823941693,floyd_warshall,1.0.2,1,1,a3edbd966d81083b8e17c12c5e476ba6f92ae518095bf60f44db36d16648859a,d80d0f1e5dc1b065b6ae583f4925157116e2c98d49b252f8e02fa8c4ffe273fe,,"['reference_not_ranking', 'single_initialization_observation']"
floyd_warshall,dace_cpu,auto_opt,fresh_process,observed,2.345802458934486,floyd_warshall,1.0.2,2,2,a3edbd966d81083b8e17c12c5e476ba6f92ae518095bf60f44db36d16648859a,d80d0f1e5dc1b065b6ae583f4925157116e2c98d49b252f8e02fa8c4ffe273fe,,"['reference_not_ranking', 'single_initialization_observation']"
floyd_warshall,dace_cpu,auto_opt,same_process,observed,1.8443293725140393,floyd_warshall,1.0.2,6,3,a3edbd966d81083b8e17c12c5e476ba6f92ae518095bf60f44db36d16648859a,d80d0f1e5dc1b065b6ae583f4925157116e2c98d49b252f8e02fa8c4ffe273fe,,"['reference_not_ranking', 'single_initialization_observation']"
floyd_warshall,dace_gpu,fusion,initialization,observed,24.488123514922336,floyd_warshall,1.0.2,1,1,a3edbd966d81083b8e17c12c5e476ba6f92ae518095bf60f44db36d16648859a,d80d0f1e5dc1b065b6ae583f4925157116e2c98d49b252f8e02fa8c4ffe273fe,,"['reference_not_ranking', 'single_initialization_observation']"
floyd_warshall,dace_gpu,fusion,fresh_process,observed,1.327528569032438,floyd_warshall,1.0.2,2,2,a3edbd966d81083b8e17c12c5e476ba6f92ae518095bf60f44db36d16648859a,d80d0f1e5dc1b065b6ae583f4925157116e2c98d49b252f8e02fa8c4ffe273fe,,"['reference_not_ranking', 'single_initialization_observation']"
floyd_warshall,dace_gpu,fusion,same_process,observed,0.27211183350300416,floyd_warshall,1.0.2,6,3,a3edbd966d81083b8e17c12c5e476ba6f92ae518095bf60f44db36d16648859a,d80d0f1e5dc1b065b6ae583f4925157116e2c98d49b252f8e02fa8c4ffe273fe,,"['reference_not_ranking', 'single_initialization_observation']"
floyd_warshall,dace_gpu,parallel,initialization,observed,24.020597807015292,floyd_warshall,1.0.2,1,1,a3edbd966d81083b8e17c12c5e476ba6f92ae518095bf60f44db36d16648859a,d80d0f1e5dc1b065b6ae583f4925157116e2c98d49b252f8e02fa8c4ffe273fe,,"['reference_not_ranking', 'single_initialization_observation']"
floyd_warshall,dace_gpu,parallel,fresh_process,observed,1.3931830630172044,floyd_warshall,1.0.2,2,2,a3edbd966d81083b8e17c12c5e476ba6f92ae518095bf60f44db36d16648859a,d80d0f1e5dc1b065b6ae583f4925157116e2c98d49b252f8e02fa8c4ffe273fe,,"['reference_not_ranking', 'single_initialization_observation']"
floyd_warshall,dace_gpu,parallel,same_process,observed,0.26748853496974334,floyd_warshall,1.0.2,6,3,a3edbd966d81083b8e17c12c5e476ba6f92ae518095bf60f44db36d16648859a,d80d0f1e5dc1b065b6ae583f4925157116e2c98d49b252f8e02fa8c4ffe273fe,,"['reference_not_ranking', 'single_initialization_observation']"
floyd_warshall,dace_gpu,auto_opt,initialization,observed,23.229373897076584,floyd_warshall,1.0.2,1,1,a3edbd966d81083b8e17c12c5e476ba6f92ae518095bf60f44db36d16648859a,d80d0f1e5dc1b065b6ae583f4925157116e2c98d49b252f8e02fa8c4ffe273fe,,"['reference_not_ranking', 'single_initialization_observation']"
floyd_warshall,dace_gpu,auto_opt,fresh_process,observed,1.1490616019582376,floyd_warshall,1.0.2,2,2,a3edbd966d81083b8e17c12c5e476ba6f92ae518095bf60f44db36d16648859a,d80d0f1e5dc1b065b6ae583f4925157116e2c98d49b252f8e02fa8c4ffe273fe,,"['reference_not_ranking', 'single_initialization_observation']"
floyd_warshall,dace_gpu,auto_opt,same_process,observed,0.04290630156174302,floyd_warshall,1.0.2,6,3,a3edbd966d81083b8e17c12c5e476ba6f92ae518095bf60f44db36d16648859a,d80d0f1e5dc1b065b6ae583f4925157116e2c98d49b252f8e02fa8c4ffe273fe,,"['reference_not_ranking', 'single_initialization_observation']"
floyd_warshall,cupy,default,initialization,observed,26.16145446302835,floyd_warshall,13.6.0,1,1,a3edbd966d81083b8e17c12c5e476ba6f92ae518095bf60f44db36d16648859a,d80d0f1e5dc1b065b6ae583f4925157116e2c98d49b252f8e02fa8c4ffe273fe,,"['reference_not_ranking', 'single_initialization_observation']"
floyd_warshall,cupy,default,fresh_process,observed,26.235445206519216,floyd_warshall,13.6.0,2,2,a3edbd966d81083b8e17c12c5e476ba6f92ae518095bf60f44db36d16648859a,d80d0f1e5dc1b065b6ae583f4925157116e2c98d49b252f8e02fa8c4ffe273fe,,"['reference_not_ranking', 'single_initialization_observation']"
floyd_warshall,cupy,default,same_process,observed,25.297790069016628,floyd_warshall,13.6.0,6,3,a3edbd966d81083b8e17c12c5e476ba6f92ae518095bf60f44db36d16648859a,d80d0f1e5dc1b065b6ae583f4925157116e2c98d49b252f8e02fa8c4ffe273fe,,"['reference_not_ranking', 'single_initialization_observation']"
gemm,numpy,default,initialization,observed,1.4029584160307422,gemm,1.26.4,1,1,0c0d6b6a480e5bce18192950eed6fa367ca1dff111ffe96afd63e44b0357c489,a7cad45e3e7e87c02c7a2df12b4f75774f21a5cca78b504ff8830be9107f34b6,,"['reference_not_ranking', 'single_initialization_observation']"
gemm,numpy,default,fresh_process,observed,1.538557477062568,gemm,1.26.4,2,2,0c0d6b6a480e5bce18192950eed6fa367ca1dff111ffe96afd63e44b0357c489,a7cad45e3e7e87c02c7a2df12b4f75774f21a5cca78b504ff8830be9107f34b6,,"['reference_not_ranking', 'single_initialization_observation']"
gemm,numpy,default,same_process,observed,1.6076120920479298,gemm,1.26.4,6,3,0c0d6b6a480e5bce18192950eed6fa367ca1dff111ffe96afd63e44b0357c489,a7cad45e3e7e87c02c7a2df12b4f75774f21a5cca78b504ff8830be9107f34b6,,"['reference_not_ranking', 'single_initialization_observation']"
gemm,numba,nopython-mode,initialization,observed,6.397218785947189,gemm,0.65.1,1,1,0c0d6b6a480e5bce18192950eed6fa367ca1dff111ffe96afd63e44b0357c489,a7cad45e3e7e87c02c7a2df12b4f75774f21a5cca78b504ff8830be9107f34b6,,"['reference_not_ranking', 'single_initialization_observation']"
gemm,numba,nopython-mode,fresh_process,observed,2.3755466159782372,gemm,0.65.1,2,2,0c0d6b6a480e5bce18192950eed6fa367ca1dff111ffe96afd63e44b0357c489,a7cad45e3e7e87c02c7a2df12b4f75774f21a5cca78b504ff8830be9107f34b6,,"['reference_not_ranking', 'single_initialization_observation']"
gemm,numba,nopython-mode,same_process,observed,1.8558994670165703,gemm,0.65.1,6,3,0c0d6b6a480e5bce18192950eed6fa367ca1dff111ffe96afd63e44b0357c489,a7cad45e3e7e87c02c7a2df12b4f75774f21a5cca78b504ff8830be9107f34b6,,"['reference_not_ranking', 'single_initialization_observation']"
gemm,numba,nopython-mode-parallel,initialization,observed,5.189524243935011,gemm,0.65.1,1,1,0c0d6b6a480e5bce18192950eed6fa367ca1dff111ffe96afd63e44b0357c489,a7cad45e3e7e87c02c7a2df12b4f75774f21a5cca78b504ff8830be9107f34b6,,"['reference_not_ranking', 'single_initialization_observation']"
gemm,numba,nopython-mode-parallel,fresh_process,observed,1.9988805945613421,gemm,0.65.1,2,2,0c0d6b6a480e5bce18192950eed6fa367ca1dff111ffe96afd63e44b0357c489,a7cad45e3e7e87c02c7a2df12b4f75774f21a5cca78b504ff8830be9107f34b6,,"['reference_not_ranking', 'single_initialization_observation']"
gemm,numba,nopython-mode-parallel,same_process,observed,1.6817350724595599,gemm,0.65.1,6,3,0c0d6b6a480e5bce18192950eed6fa367ca1dff111ffe96afd63e44b0357c489,a7cad45e3e7e87c02c7a2df12b4f75774f21a5cca78b504ff8830be9107f34b6,,"['reference_not_ranking', 'single_initialization_observation']"
gemm,numba,nopython-mode-parallel-range,initialization,N/A,,,,0,0,,,,
gemm,numba,nopython-mode-parallel-range,fresh_process,N/A,,,,0,0,,,,
gemm,numba,nopython-mode-parallel-range,same_process,N/A,,,,0,0,,,,
gemm,numba,object-mode,initialization,N/A,,,,0,0,,,,
gemm,numba,object-mode,fresh_process,N/A,,,,0,0,,,,
gemm,numba,object-mode,same_process,N/A,,,,0,0,,,,
gemm,numba,object-mode-parallel,initialization,N/A,,,,0,0,,,,
gemm,numba,object-mode-parallel,fresh_process,N/A,,,,0,0,,,,
gemm,numba,object-mode-parallel,same_process,N/A,,,,0,0,,,,
gemm,numba,object-mode-parallel-range,initialization,N/A,,,,0,0,,,,
gemm,numba,object-mode-parallel-range,fresh_process,N/A,,,,0,0,,,,
gemm,numba,object-mode-parallel-range,same_process,N/A,,,,0,0,,,,
gemm,dace_cpu,fusion,initialization,observed,10.245056678075343,gemm,1.0.2,1,1,0c0d6b6a480e5bce18192950eed6fa367ca1dff111ffe96afd63e44b0357c489,a7cad45e3e7e87c02c7a2df12b4f75774f21a5cca78b504ff8830be9107f34b6,,"['reference_not_ranking', 'single_initialization_observation']"
gemm,dace_cpu,fusion,fresh_process,observed,1.8405294215190224,gemm,1.0.2,2,2,0c0d6b6a480e5bce18192950eed6fa367ca1dff111ffe96afd63e44b0357c489,a7cad45e3e7e87c02c7a2df12b4f75774f21a5cca78b504ff8830be9107f34b6,,"['reference_not_ranking', 'single_initialization_observation']"
gemm,dace_cpu,fusion,same_process,observed,1.758002041024156,gemm,1.0.2,6,3,0c0d6b6a480e5bce18192950eed6fa367ca1dff111ffe96afd63e44b0357c489,a7cad45e3e7e87c02c7a2df12b4f75774f21a5cca78b504ff8830be9107f34b6,,"['reference_not_ranking', 'single_initialization_observation']"
gemm,dace_cpu,parallel,initialization,observed,10.081189661985263,gemm,1.0.2,1,1,0c0d6b6a480e5bce18192950eed6fa367ca1dff111ffe96afd63e44b0357c489,a7cad45e3e7e87c02c7a2df12b4f75774f21a5cca78b504ff8830be9107f34b6,,"['reference_not_ranking', 'single_initialization_observation']"
gemm,dace_cpu,parallel,fresh_process,observed,1.9370092534809373,gemm,1.0.2,2,2,0c0d6b6a480e5bce18192950eed6fa367ca1dff111ffe96afd63e44b0357c489,a7cad45e3e7e87c02c7a2df12b4f75774f21a5cca78b504ff8830be9107f34b6,,"['reference_not_ranking', 'single_initialization_observation']"
gemm,dace_cpu,parallel,same_process,observed,1.8220956095028669,gemm,1.0.2,6,3,0c0d6b6a480e5bce18192950eed6fa367ca1dff111ffe96afd63e44b0357c489,a7cad45e3e7e87c02c7a2df12b4f75774f21a5cca78b504ff8830be9107f34b6,,"['reference_not_ranking', 'single_initialization_observation']"
gemm,dace_cpu,auto_opt,initialization,observed,10.143536461982876,gemm,1.0.2,1,1,0c0d6b6a480e5bce18192950eed6fa367ca1dff111ffe96afd63e44b0357c489,a7cad45e3e7e87c02c7a2df12b4f75774f21a5cca78b504ff8830be9107f34b6,,"['reference_not_ranking', 'single_initialization_observation']"
gemm,dace_cpu,auto_opt,fresh_process,observed,1.805672068032436,gemm,1.0.2,2,2,0c0d6b6a480e5bce18192950eed6fa367ca1dff111ffe96afd63e44b0357c489,a7cad45e3e7e87c02c7a2df12b4f75774f21a5cca78b504ff8830be9107f34b6,,"['reference_not_ranking', 'single_initialization_observation']"
gemm,dace_cpu,auto_opt,same_process,observed,1.461551074986346,gemm,1.0.2,6,3,0c0d6b6a480e5bce18192950eed6fa367ca1dff111ffe96afd63e44b0357c489,a7cad45e3e7e87c02c7a2df12b4f75774f21a5cca78b504ff8830be9107f34b6,,"['reference_not_ranking', 'single_initialization_observation']"
gemm,dace_gpu,fusion,initialization,observed,26.305203222087584,gemm,1.0.2,1,1,0c0d6b6a480e5bce18192950eed6fa367ca1dff111ffe96afd63e44b0357c489,a7cad45e3e7e87c02c7a2df12b4f75774f21a5cca78b504ff8830be9107f34b6,,"['reference_not_ranking', 'single_initialization_observation']"
gemm,dace_gpu,fusion,fresh_process,observed,1.9822989520034753,gemm,1.0.2,2,2,0c0d6b6a480e5bce18192950eed6fa367ca1dff111ffe96afd63e44b0357c489,a7cad45e3e7e87c02c7a2df12b4f75774f21a5cca78b504ff8830be9107f34b6,,"['reference_not_ranking', 'single_initialization_observation']"
gemm,dace_gpu,fusion,same_process,observed,0.36208583804545924,gemm,1.0.2,6,3,0c0d6b6a480e5bce18192950eed6fa367ca1dff111ffe96afd63e44b0357c489,a7cad45e3e7e87c02c7a2df12b4f75774f21a5cca78b504ff8830be9107f34b6,,"['reference_not_ranking', 'single_initialization_observation']"
gemm,dace_gpu,parallel,initialization,observed,25.75529254297726,gemm,1.0.2,1,1,0c0d6b6a480e5bce18192950eed6fa367ca1dff111ffe96afd63e44b0357c489,a7cad45e3e7e87c02c7a2df12b4f75774f21a5cca78b504ff8830be9107f34b6,,"['reference_not_ranking', 'single_initialization_observation']"
gemm,dace_gpu,parallel,fresh_process,observed,2.0158137555699795,gemm,1.0.2,2,2,0c0d6b6a480e5bce18192950eed6fa367ca1dff111ffe96afd63e44b0357c489,a7cad45e3e7e87c02c7a2df12b4f75774f21a5cca78b504ff8830be9107f34b6,,"['reference_not_ranking', 'single_initialization_observation']"
gemm,dace_gpu,parallel,same_process,observed,0.36784718645503744,gemm,1.0.2,6,3,0c0d6b6a480e5bce18192950eed6fa367ca1dff111ffe96afd63e44b0357c489,a7cad45e3e7e87c02c7a2df12b4f75774f21a5cca78b504ff8830be9107f34b6,,"['reference_not_ranking', 'single_initialization_observation']"
gemm,dace_gpu,auto_opt,initialization,observed,25.828125895000994,gemm,1.0.2,1,1,0c0d6b6a480e5bce18192950eed6fa367ca1dff111ffe96afd63e44b0357c489,a7cad45e3e7e87c02c7a2df12b4f75774f21a5cca78b504ff8830be9107f34b6,,"['reference_not_ranking', 'single_initialization_observation']"
gemm,dace_gpu,auto_opt,fresh_process,observed,2.140549483941868,gemm,1.0.2,2,2,0c0d6b6a480e5bce18192950eed6fa367ca1dff111ffe96afd63e44b0357c489,a7cad45e3e7e87c02c7a2df12b4f75774f21a5cca78b504ff8830be9107f34b6,,"['reference_not_ranking', 'single_initialization_observation']"
gemm,dace_gpu,auto_opt,same_process,observed,0.3722684465465136,gemm,1.0.2,6,3,0c0d6b6a480e5bce18192950eed6fa367ca1dff111ffe96afd63e44b0357c489,a7cad45e3e7e87c02c7a2df12b4f75774f21a5cca78b504ff8830be9107f34b6,,"['reference_not_ranking', 'single_initialization_observation']"
gemm,cupy,default,initialization,observed,1.8000448340317234,gemm,13.6.0,1,1,0c0d6b6a480e5bce18192950eed6fa367ca1dff111ffe96afd63e44b0357c489,a7cad45e3e7e87c02c7a2df12b4f75774f21a5cca78b504ff8830be9107f34b6,,"['reference_not_ranking', 'single_initialization_observation']"
gemm,cupy,default,fresh_process,observed,1.6179466554895043,gemm,13.6.0,2,2,0c0d6b6a480e5bce18192950eed6fa367ca1dff111ffe96afd63e44b0357c489,a7cad45e3e7e87c02c7a2df12b4f75774f21a5cca78b504ff8830be9107f34b6,,"['reference_not_ranking', 'single_initialization_observation']"
gemm,cupy,default,same_process,observed,0.5716031724587083,gemm,13.6.0,6,3,0c0d6b6a480e5bce18192950eed6fa367ca1dff111ffe96afd63e44b0357c489,a7cad45e3e7e87c02c7a2df12b4f75774f21a5cca78b504ff8830be9107f34b6,,"['reference_not_ranking', 'single_initialization_observation']"
gemver,numpy,default,initialization,observed,0.4967713920632377,gemver,1.26.4,1,1,85cc572cc7692fb81b6c77506a30c2af771c098b9e57d5abf57198c996aa6ef6,8f83d1ce5ccca10e01496b8b60f5d329e3f1f9e85ecb87f3b836424334239f88,,"['reference_not_ranking', 'single_initialization_observation']"
gemver,numpy,default,fresh_process,observed,0.4634376644389704,gemver,1.26.4,2,2,85cc572cc7692fb81b6c77506a30c2af771c098b9e57d5abf57198c996aa6ef6,8f83d1ce5ccca10e01496b8b60f5d329e3f1f9e85ecb87f3b836424334239f88,,"['reference_not_ranking', 'single_initialization_observation']"
gemver,numpy,default,same_process,observed,0.6008653219905682,gemver,1.26.4,6,3,85cc572cc7692fb81b6c77506a30c2af771c098b9e57d5abf57198c996aa6ef6,8f83d1ce5ccca10e01496b8b60f5d329e3f1f9e85ecb87f3b836424334239f88,,"['reference_not_ranking', 'single_initialization_observation']"
gemver,numba,nopython-mode,initialization,observed,5.422420331975445,gemver,0.65.1,1,1,85cc572cc7692fb81b6c77506a30c2af771c098b9e57d5abf57198c996aa6ef6,8f83d1ce5ccca10e01496b8b60f5d329e3f1f9e85ecb87f3b836424334239f88,,"['reference_not_ranking', 'single_initialization_observation']"
gemver,numba,nopython-mode,fresh_process,observed,2.0217698690248653,gemver,0.65.1,2,2,85cc572cc7692fb81b6c77506a30c2af771c098b9e57d5abf57198c996aa6ef6,8f83d1ce5ccca10e01496b8b60f5d329e3f1f9e85ecb87f3b836424334239f88,,"['reference_not_ranking', 'single_initialization_observation']"
gemver,numba,nopython-mode,same_process,observed,2.236087162513286,gemver,0.65.1,6,3,85cc572cc7692fb81b6c77506a30c2af771c098b9e57d5abf57198c996aa6ef6,8f83d1ce5ccca10e01496b8b60f5d329e3f1f9e85ecb87f3b836424334239f88,,"['reference_not_ranking', 'single_initialization_observation']"
gemver,numba,nopython-mode-parallel,initialization,observed,4.4134888930711895,gemver,0.65.1,1,1,85cc572cc7692fb81b6c77506a30c2af771c098b9e57d5abf57198c996aa6ef6,8f83d1ce5ccca10e01496b8b60f5d329e3f1f9e85ecb87f3b836424334239f88,,"['reference_not_ranking', 'single_initialization_observation']"
gemver,numba,nopython-mode-parallel,fresh_process,observed,1.846380033530295,gemver,0.65.1,2,2,85cc572cc7692fb81b6c77506a30c2af771c098b9e57d5abf57198c996aa6ef6,8f83d1ce5ccca10e01496b8b60f5d329e3f1f9e85ecb87f3b836424334239f88,,"['reference_not_ranking', 'single_initialization_observation']"
gemver,numba,nopython-mode-parallel,same_process,observed,1.6855772259877995,gemver,0.65.1,6,3,85cc572cc7692fb81b6c77506a30c2af771c098b9e57d5abf57198c996aa6ef6,8f83d1ce5ccca10e01496b8b60f5d329e3f1f9e85ecb87f3b836424334239f88,,"['reference_not_ranking', 'single_initialization_observation']"
gemver,numba,nopython-mode-parallel-range,initialization,N/A,,,,0,0,,,,
gemver,numba,nopython-mode-parallel-range,fresh_process,N/A,,,,0,0,,,,
gemver,numba,nopython-mode-parallel-range,same_process,N/A,,,,0,0,,,,
gemver,numba,object-mode,initialization,N/A,,,,0,0,,,,
gemver,numba,object-mode,fresh_process,N/A,,,,0,0,,,,
gemver,numba,object-mode,same_process,N/A,,,,0,0,,,,
gemver,numba,object-mode-parallel,initialization,N/A,,,,0,0,,,,
gemver,numba,object-mode-parallel,fresh_process,N/A,,,,0,0,,,,
gemver,numba,object-mode-parallel,same_process,N/A,,,,0,0,,,,
gemver,numba,object-mode-parallel-range,initialization,N/A,,,,0,0,,,,
gemver,numba,object-mode-parallel-range,fresh_process,N/A,,,,0,0,,,,
gemver,numba,object-mode-parallel-range,same_process,N/A,,,,0,0,,,,
gemver,dace_cpu,fusion,initialization,observed,9.716906378977,gemver,1.0.2,1,1,85cc572cc7692fb81b6c77506a30c2af771c098b9e57d5abf57198c996aa6ef6,8f83d1ce5ccca10e01496b8b60f5d329e3f1f9e85ecb87f3b836424334239f88,,"['reference_not_ranking', 'single_initialization_observation']"
gemver,dace_cpu,fusion,fresh_process,observed,0.4310825360007584,gemver,1.0.2,2,2,85cc572cc7692fb81b6c77506a30c2af771c098b9e57d5abf57198c996aa6ef6,8f83d1ce5ccca10e01496b8b60f5d329e3f1f9e85ecb87f3b836424334239f88,,"['reference_not_ranking', 'single_initialization_observation']"
gemver,dace_cpu,fusion,same_process,observed,0.3430844154790975,gemver,1.0.2,6,3,85cc572cc7692fb81b6c77506a30c2af771c098b9e57d5abf57198c996aa6ef6,8f83d1ce5ccca10e01496b8b60f5d329e3f1f9e85ecb87f3b836424334239f88,,"['reference_not_ranking', 'single_initialization_observation']"
gemver,dace_cpu,parallel,initialization,observed,9.064916211063974,gemver,1.0.2,1,1,85cc572cc7692fb81b6c77506a30c2af771c098b9e57d5abf57198c996aa6ef6,8f83d1ce5ccca10e01496b8b60f5d329e3f1f9e85ecb87f3b836424334239f88,,"['reference_not_ranking', 'single_initialization_observation']"
gemver,dace_cpu,parallel,fresh_process,observed,0.42739953653654084,gemver,1.0.2,2,2,85cc572cc7692fb81b6c77506a30c2af771c098b9e57d5abf57198c996aa6ef6,8f83d1ce5ccca10e01496b8b60f5d329e3f1f9e85ecb87f3b836424334239f88,,"['reference_not_ranking', 'single_initialization_observation']"
gemver,dace_cpu,parallel,same_process,observed,0.3549613674986176,gemver,1.0.2,6,3,85cc572cc7692fb81b6c77506a30c2af771c098b9e57d5abf57198c996aa6ef6,8f83d1ce5ccca10e01496b8b60f5d329e3f1f9e85ecb87f3b836424334239f88,,"['reference_not_ranking', 'single_initialization_observation']"
gemver,dace_cpu,auto_opt,initialization,observed,9.548014416941442,gemver,1.0.2,1,1,85cc572cc7692fb81b6c77506a30c2af771c098b9e57d5abf57198c996aa6ef6,8f83d1ce5ccca10e01496b8b60f5d329e3f1f9e85ecb87f3b836424334239f88,,"['reference_not_ranking', 'single_initialization_observation']"
gemver,dace_cpu,auto_opt,fresh_process,observed,0.3460166535223834,gemver,1.0.2,2,2,85cc572cc7692fb81b6c77506a30c2af771c098b9e57d5abf57198c996aa6ef6,8f83d1ce5ccca10e01496b8b60f5d329e3f1f9e85ecb87f3b836424334239f88,,"['reference_not_ranking', 'single_initialization_observation']"
gemver,dace_cpu,auto_opt,same_process,observed,0.20747356297215447,gemver,1.0.2,6,3,85cc572cc7692fb81b6c77506a30c2af771c098b9e57d5abf57198c996aa6ef6,8f83d1ce5ccca10e01496b8b60f5d329e3f1f9e85ecb87f3b836424334239f88,,"['reference_not_ranking', 'single_initialization_observation']"
gemver,dace_gpu,fusion,initialization,observed,27.397663770010695,gemver,1.0.2,1,1,85cc572cc7692fb81b6c77506a30c2af771c098b9e57d5abf57198c996aa6ef6,8f83d1ce5ccca10e01496b8b60f5d329e3f1f9e85ecb87f3b836424334239f88,,"['reference_not_ranking', 'single_initialization_observation']"
gemver,dace_gpu,fusion,fresh_process,observed,2.346301528508775,gemver,1.0.2,2,2,85cc572cc7692fb81b6c77506a30c2af771c098b9e57d5abf57198c996aa6ef6,8f83d1ce5ccca10e01496b8b60f5d329e3f1f9e85ecb87f3b836424334239f88,,"['reference_not_ranking', 'single_initialization_observation']"
gemver,dace_gpu,fusion,same_process,observed,0.3359951649326831,gemver,1.0.2,6,3,85cc572cc7692fb81b6c77506a30c2af771c098b9e57d5abf57198c996aa6ef6,8f83d1ce5ccca10e01496b8b60f5d329e3f1f9e85ecb87f3b836424334239f88,,"['reference_not_ranking', 'single_initialization_observation']"
gemver,dace_gpu,parallel,initialization,observed,27.626820169971325,gemver,1.0.2,1,1,85cc572cc7692fb81b6c77506a30c2af771c098b9e57d5abf57198c996aa6ef6,8f83d1ce5ccca10e01496b8b60f5d329e3f1f9e85ecb87f3b836424334239f88,,"['reference_not_ranking', 'single_initialization_observation']"
gemver,dace_gpu,parallel,fresh_process,observed,2.4152230694890022,gemver,1.0.2,2,2,85cc572cc7692fb81b6c77506a30c2af771c098b9e57d5abf57198c996aa6ef6,8f83d1ce5ccca10e01496b8b60f5d329e3f1f9e85ecb87f3b836424334239f88,,"['reference_not_ranking', 'single_initialization_observation']"
gemver,dace_gpu,parallel,same_process,observed,0.36637502448866144,gemver,1.0.2,6,3,85cc572cc7692fb81b6c77506a30c2af771c098b9e57d5abf57198c996aa6ef6,8f83d1ce5ccca10e01496b8b60f5d329e3f1f9e85ecb87f3b836424334239f88,,"['reference_not_ranking', 'single_initialization_observation']"
gemver,dace_gpu,auto_opt,initialization,observed,25.974428108078428,gemver,1.0.2,1,1,85cc572cc7692fb81b6c77506a30c2af771c098b9e57d5abf57198c996aa6ef6,8f83d1ce5ccca10e01496b8b60f5d329e3f1f9e85ecb87f3b836424334239f88,,"['reference_not_ranking', 'single_initialization_observation']"
gemver,dace_gpu,auto_opt,fresh_process,observed,2.3180331599432975,gemver,1.0.2,2,2,85cc572cc7692fb81b6c77506a30c2af771c098b9e57d5abf57198c996aa6ef6,8f83d1ce5ccca10e01496b8b60f5d329e3f1f9e85ecb87f3b836424334239f88,,"['reference_not_ranking', 'single_initialization_observation']"
gemver,dace_gpu,auto_opt,same_process,observed,0.35302311601117253,gemver,1.0.2,6,3,85cc572cc7692fb81b6c77506a30c2af771c098b9e57d5abf57198c996aa6ef6,8f83d1ce5ccca10e01496b8b60f5d329e3f1f9e85ecb87f3b836424334239f88,,"['reference_not_ranking', 'single_initialization_observation']"
gemver,cupy,default,initialization,observed,1.3955715959891677,gemver,13.6.0,1,1,85cc572cc7692fb81b6c77506a30c2af771c098b9e57d5abf57198c996aa6ef6,8f83d1ce5ccca10e01496b8b60f5d329e3f1f9e85ecb87f3b836424334239f88,,"['reference_not_ranking', 'single_initialization_observation']"
gemver,cupy,default,fresh_process,observed,1.5663005349924788,gemver,13.6.0,2,2,85cc572cc7692fb81b6c77506a30c2af771c098b9e57d5abf57198c996aa6ef6,8f83d1ce5ccca10e01496b8b60f5d329e3f1f9e85ecb87f3b836424334239f88,,"['reference_not_ranking', 'single_initialization_observation']"
gemver,cupy,default,same_process,observed,0.3482817690237425,gemver,13.6.0,6,3,85cc572cc7692fb81b6c77506a30c2af771c098b9e57d5abf57198c996aa6ef6,8f83d1ce5ccca10e01496b8b60f5d329e3f1f9e85ecb87f3b836424334239f88,,"['reference_not_ranking', 'single_initialization_observation']"
gesummv,numpy,default,initialization,observed,0.5063633500831202,gesummv,1.26.4,1,1,0e62642787bfd7976dde4296be195e5cc2dd07cdd198d1233ad748fdaaf9fc80,603add7d548bef0a20a6309fbf3785c05014a0b3550717c6d424278bd55d2518,,"['reference_not_ranking', 'single_initialization_observation']"
gesummv,numpy,default,fresh_process,observed,0.5178274059435353,gesummv,1.26.4,2,2,0e62642787bfd7976dde4296be195e5cc2dd07cdd198d1233ad748fdaaf9fc80,603add7d548bef0a20a6309fbf3785c05014a0b3550717c6d424278bd55d2518,,"['reference_not_ranking', 'single_initialization_observation']"
gesummv,numpy,default,same_process,observed,0.6506942479754798,gesummv,1.26.4,6,3,0e62642787bfd7976dde4296be195e5cc2dd07cdd198d1233ad748fdaaf9fc80,603add7d548bef0a20a6309fbf3785c05014a0b3550717c6d424278bd55d2518,,"['reference_not_ranking', 'single_initialization_observation']"
gesummv,numba,nopython-mode,initialization,observed,3.7862878140294924,gesummv,0.65.1,1,1,0e62642787bfd7976dde4296be195e5cc2dd07cdd198d1233ad748fdaaf9fc80,603add7d548bef0a20a6309fbf3785c05014a0b3550717c6d424278bd55d2518,,"['reference_not_ranking', 'single_initialization_observation']"
gesummv,numba,nopython-mode,fresh_process,observed,2.496410613472108,gesummv,0.65.1,2,2,0e62642787bfd7976dde4296be195e5cc2dd07cdd198d1233ad748fdaaf9fc80,603add7d548bef0a20a6309fbf3785c05014a0b3550717c6d424278bd55d2518,,"['reference_not_ranking', 'single_initialization_observation']"
gesummv,numba,nopython-mode,same_process,observed,2.122944078000728,gesummv,0.65.1,6,3,0e62642787bfd7976dde4296be195e5cc2dd07cdd198d1233ad748fdaaf9fc80,603add7d548bef0a20a6309fbf3785c05014a0b3550717c6d424278bd55d2518,,"['reference_not_ranking', 'single_initialization_observation']"
gesummv,numba,nopython-mode-parallel,initialization,observed,2.023960639955476,gesummv,0.65.1,1,1,0e62642787bfd7976dde4296be195e5cc2dd07cdd198d1233ad748fdaaf9fc80,603add7d548bef0a20a6309fbf3785c05014a0b3550717c6d424278bd55d2518,,"['reference_not_ranking', 'single_initialization_observation']"
gesummv,numba,nopython-mode-parallel,fresh_process,observed,0.8374487760011107,gesummv,0.65.1,2,2,0e62642787bfd7976dde4296be195e5cc2dd07cdd198d1233ad748fdaaf9fc80,603add7d548bef0a20a6309fbf3785c05014a0b3550717c6d424278bd55d2518,,"['reference_not_ranking', 'single_initialization_observation']"
gesummv,numba,nopython-mode-parallel,same_process,observed,0.5709578869864345,gesummv,0.65.1,6,3,0e62642787bfd7976dde4296be195e5cc2dd07cdd198d1233ad748fdaaf9fc80,603add7d548bef0a20a6309fbf3785c05014a0b3550717c6d424278bd55d2518,,"['reference_not_ranking', 'single_initialization_observation']"
gesummv,numba,nopython-mode-parallel-range,initialization,N/A,,,,0,0,,,,
gesummv,numba,nopython-mode-parallel-range,fresh_process,N/A,,,,0,0,,,,
gesummv,numba,nopython-mode-parallel-range,same_process,N/A,,,,0,0,,,,
gesummv,numba,object-mode,initialization,N/A,,,,0,0,,,,
gesummv,numba,object-mode,fresh_process,N/A,,,,0,0,,,,
gesummv,numba,object-mode,same_process,N/A,,,,0,0,,,,
gesummv,numba,object-mode-parallel,initialization,N/A,,,,0,0,,,,
gesummv,numba,object-mode-parallel,fresh_process,N/A,,,,0,0,,,,
gesummv,numba,object-mode-parallel,same_process,N/A,,,,0,0,,,,
gesummv,numba,object-mode-parallel-range,initialization,N/A,,,,0,0,,,,
gesummv,numba,object-mode-parallel-range,fresh_process,N/A,,,,0,0,,,,
gesummv,numba,object-mode-parallel-range,same_process,N/A,,,,0,0,,,,
gesummv,dace_cpu,fusion,initialization,observed,8.77996711502783,gesummv,1.0.2,1,1,0e62642787bfd7976dde4296be195e5cc2dd07cdd198d1233ad748fdaaf9fc80,603add7d548bef0a20a6309fbf3785c05014a0b3550717c6d424278bd55d2518,,"['reference_not_ranking', 'single_initialization_observation']"
gesummv,dace_cpu,fusion,fresh_process,observed,0.7766452134819701,gesummv,1.0.2,2,2,0e62642787bfd7976dde4296be195e5cc2dd07cdd198d1233ad748fdaaf9fc80,603add7d548bef0a20a6309fbf3785c05014a0b3550717c6d424278bd55d2518,,"['reference_not_ranking', 'single_initialization_observation']"
gesummv,dace_cpu,fusion,same_process,observed,0.6257155250641517,gesummv,1.0.2,6,3,0e62642787bfd7976dde4296be195e5cc2dd07cdd198d1233ad748fdaaf9fc80,603add7d548bef0a20a6309fbf3785c05014a0b3550717c6d424278bd55d2518,,"['reference_not_ranking', 'single_initialization_observation']"
gesummv,dace_cpu,parallel,initialization,observed,8.871074988041073,gesummv,1.0.2,1,1,0e62642787bfd7976dde4296be195e5cc2dd07cdd198d1233ad748fdaaf9fc80,603add7d548bef0a20a6309fbf3785c05014a0b3550717c6d424278bd55d2518,,"['reference_not_ranking', 'single_initialization_observation']"
gesummv,dace_cpu,parallel,fresh_process,observed,0.6760622634901665,gesummv,1.0.2,2,2,0e62642787bfd7976dde4296be195e5cc2dd07cdd198d1233ad748fdaaf9fc80,603add7d548bef0a20a6309fbf3785c05014a0b3550717c6d424278bd55d2518,,"['reference_not_ranking', 'single_initialization_observation']"
gesummv,dace_cpu,parallel,same_process,observed,0.5984137405175716,gesummv,1.0.2,6,3,0e62642787bfd7976dde4296be195e5cc2dd07cdd198d1233ad748fdaaf9fc80,603add7d548bef0a20a6309fbf3785c05014a0b3550717c6d424278bd55d2518,,"['reference_not_ranking', 'single_initialization_observation']"
gesummv,dace_cpu,auto_opt,initialization,observed,8.53872876893729,gesummv,1.0.2,1,1,0e62642787bfd7976dde4296be195e5cc2dd07cdd198d1233ad748fdaaf9fc80,603add7d548bef0a20a6309fbf3785c05014a0b3550717c6d424278bd55d2518,,"['reference_not_ranking', 'single_initialization_observation']"
gesummv,dace_cpu,auto_opt,fresh_process,observed,0.33980266348225996,gesummv,1.0.2,2,2,0e62642787bfd7976dde4296be195e5cc2dd07cdd198d1233ad748fdaaf9fc80,603add7d548bef0a20a6309fbf3785c05014a0b3550717c6d424278bd55d2518,,"['reference_not_ranking', 'single_initialization_observation']"
gesummv,dace_cpu,auto_opt,same_process,observed,0.2610366854351014,gesummv,1.0.2,6,3,0e62642787bfd7976dde4296be195e5cc2dd07cdd198d1233ad748fdaaf9fc80,603add7d548bef0a20a6309fbf3785c05014a0b3550717c6d424278bd55d2518,,"['reference_not_ranking', 'single_initialization_observation']"
gesummv,dace_gpu,fusion,initialization,observed,26.889660193002783,gesummv,1.0.2,1,1,0e62642787bfd7976dde4296be195e5cc2dd07cdd198d1233ad748fdaaf9fc80,603add7d548bef0a20a6309fbf3785c05014a0b3550717c6d424278bd55d2518,,"['reference_not_ranking', 'single_initialization_observation']"
gesummv,dace_gpu,fusion,fresh_process,observed,3.2993051955127157,gesummv,1.0.2,2,2,0e62642787bfd7976dde4296be195e5cc2dd07cdd198d1233ad748fdaaf9fc80,603add7d548bef0a20a6309fbf3785c05014a0b3550717c6d424278bd55d2518,,"['reference_not_ranking', 'single_initialization_observation']"
gesummv,dace_gpu,fusion,same_process,observed,0.44314617448253557,gesummv,1.0.2,6,3,0e62642787bfd7976dde4296be195e5cc2dd07cdd198d1233ad748fdaaf9fc80,603add7d548bef0a20a6309fbf3785c05014a0b3550717c6d424278bd55d2518,,"['reference_not_ranking', 'single_initialization_observation']"
gesummv,dace_gpu,parallel,initialization,observed,26.709259778959677,gesummv,1.0.2,1,1,0e62642787bfd7976dde4296be195e5cc2dd07cdd198d1233ad748fdaaf9fc80,603add7d548bef0a20a6309fbf3785c05014a0b3550717c6d424278bd55d2518,,"['reference_not_ranking', 'single_initialization_observation']"
gesummv,dace_gpu,parallel,fresh_process,observed,3.15383056353312,gesummv,1.0.2,2,2,0e62642787bfd7976dde4296be195e5cc2dd07cdd198d1233ad748fdaaf9fc80,603add7d548bef0a20a6309fbf3785c05014a0b3550717c6d424278bd55d2518,,"['reference_not_ranking', 'single_initialization_observation']"
gesummv,dace_gpu,parallel,same_process,observed,0.4469575280090794,gesummv,1.0.2,6,3,0e62642787bfd7976dde4296be195e5cc2dd07cdd198d1233ad748fdaaf9fc80,603add7d548bef0a20a6309fbf3785c05014a0b3550717c6d424278bd55d2518,,"['reference_not_ranking', 'single_initialization_observation']"
gesummv,dace_gpu,auto_opt,initialization,observed,27.005323178018443,gesummv,1.0.2,1,1,0e62642787bfd7976dde4296be195e5cc2dd07cdd198d1233ad748fdaaf9fc80,603add7d548bef0a20a6309fbf3785c05014a0b3550717c6d424278bd55d2518,,"['reference_not_ranking', 'single_initialization_observation']"
gesummv,dace_gpu,auto_opt,fresh_process,observed,3.179630914470181,gesummv,1.0.2,2,2,0e62642787bfd7976dde4296be195e5cc2dd07cdd198d1233ad748fdaaf9fc80,603add7d548bef0a20a6309fbf3785c05014a0b3550717c6d424278bd55d2518,,"['reference_not_ranking', 'single_initialization_observation']"
gesummv,dace_gpu,auto_opt,same_process,observed,0.4423756345640868,gesummv,1.0.2,6,3,0e62642787bfd7976dde4296be195e5cc2dd07cdd198d1233ad748fdaaf9fc80,603add7d548bef0a20a6309fbf3785c05014a0b3550717c6d424278bd55d2518,,"['reference_not_ranking', 'single_initialization_observation']"
gesummv,cupy,default,initialization,observed,2.8432684569852427,gesummv,13.6.0,1,1,0e62642787bfd7976dde4296be195e5cc2dd07cdd198d1233ad748fdaaf9fc80,603add7d548bef0a20a6309fbf3785c05014a0b3550717c6d424278bd55d2518,,"['reference_not_ranking', 'single_initialization_observation']"
gesummv,cupy,default,fresh_process,observed,3.4730238075135276,gesummv,13.6.0,2,2,0e62642787bfd7976dde4296be195e5cc2dd07cdd198d1233ad748fdaaf9fc80,603add7d548bef0a20a6309fbf3785c05014a0b3550717c6d424278bd55d2518,,"['reference_not_ranking', 'single_initialization_observation']"
gesummv,cupy,default,same_process,observed,0.3495502549922094,gesummv,13.6.0,6,3,0e62642787bfd7976dde4296be195e5cc2dd07cdd198d1233ad748fdaaf9fc80,603add7d548bef0a20a6309fbf3785c05014a0b3550717c6d424278bd55d2518,,"['reference_not_ranking', 'single_initialization_observation']"
go_fast,numpy,default,initialization,observed,0.38821447105146945,go_fast,1.26.4,1,1,ae81860b1a6b200efcca939dedfc2ee5e6a861d07af0c13d6e54e4f1ed9dfb3a,27869e2eab641d51a4dcb8b144e082c2564882966a28c404e3c13fdb484f75cf,,"['reference_not_ranking', 'single_initialization_observation']"
go_fast,numpy,default,fresh_process,observed,0.3838139065192081,go_fast,1.26.4,2,2,ae81860b1a6b200efcca939dedfc2ee5e6a861d07af0c13d6e54e4f1ed9dfb3a,27869e2eab641d51a4dcb8b144e082c2564882966a28c404e3c13fdb484f75cf,,"['reference_not_ranking', 'single_initialization_observation']"
go_fast,numpy,default,same_process,observed,0.5257338235387579,go_fast,1.26.4,6,3,ae81860b1a6b200efcca939dedfc2ee5e6a861d07af0c13d6e54e4f1ed9dfb3a,27869e2eab641d51a4dcb8b144e082c2564882966a28c404e3c13fdb484f75cf,,"['reference_not_ranking', 'single_initialization_observation']"
go_fast,numba,nopython-mode,initialization,observed,2.1523863149341196,go_fast,0.65.1,1,1,ae81860b1a6b200efcca939dedfc2ee5e6a861d07af0c13d6e54e4f1ed9dfb3a,27869e2eab641d51a4dcb8b144e082c2564882966a28c404e3c13fdb484f75cf,,"['reference_not_ranking', 'single_initialization_observation']"
go_fast,numba,nopython-mode,fresh_process,observed,2.075725261005573,go_fast,0.65.1,2,2,ae81860b1a6b200efcca939dedfc2ee5e6a861d07af0c13d6e54e4f1ed9dfb3a,27869e2eab641d51a4dcb8b144e082c2564882966a28c404e3c13fdb484f75cf,,"['reference_not_ranking', 'single_initialization_observation']"
go_fast,numba,nopython-mode,same_process,observed,1.7677950515062548,go_fast,0.65.1,6,3,ae81860b1a6b200efcca939dedfc2ee5e6a861d07af0c13d6e54e4f1ed9dfb3a,27869e2eab641d51a4dcb8b144e082c2564882966a28c404e3c13fdb484f75cf,,"['reference_not_ranking', 'single_initialization_observation']"
go_fast,numba,nopython-mode-parallel,initialization,observed,1.1802985951071605,go_fast,0.65.1,1,1,ae81860b1a6b200efcca939dedfc2ee5e6a861d07af0c13d6e54e4f1ed9dfb3a,27869e2eab641d51a4dcb8b144e082c2564882966a28c404e3c13fdb484f75cf,,"['reference_not_ranking', 'single_initialization_observation']"
go_fast,numba,nopython-mode-parallel,fresh_process,observed,0.4819711829768494,go_fast,0.65.1,2,2,ae81860b1a6b200efcca939dedfc2ee5e6a861d07af0c13d6e54e4f1ed9dfb3a,27869e2eab641d51a4dcb8b144e082c2564882966a28c404e3c13fdb484f75cf,,"['reference_not_ranking', 'single_initialization_observation']"
go_fast,numba,nopython-mode-parallel,same_process,observed,0.18515176500659436,go_fast,0.65.1,6,3,ae81860b1a6b200efcca939dedfc2ee5e6a861d07af0c13d6e54e4f1ed9dfb3a,27869e2eab641d51a4dcb8b144e082c2564882966a28c404e3c13fdb484f75cf,,"['reference_not_ranking', 'single_initialization_observation']"
go_fast,numba,nopython-mode-parallel-range,initialization,observed,1.8804541709832847,go_fast,0.65.1,1,1,ae81860b1a6b200efcca939dedfc2ee5e6a861d07af0c13d6e54e4f1ed9dfb3a,27869e2eab641d51a4dcb8b144e082c2564882966a28c404e3c13fdb484f75cf,,"['reference_not_ranking', 'single_initialization_observation']"
go_fast,numba,nopython-mode-parallel-range,fresh_process,observed,0.4791147104697302,go_fast,0.65.1,2,2,ae81860b1a6b200efcca939dedfc2ee5e6a861d07af0c13d6e54e4f1ed9dfb3a,27869e2eab641d51a4dcb8b144e082c2564882966a28c404e3c13fdb484f75cf,,"['reference_not_ranking', 'single_initialization_observation']"
go_fast,numba,nopython-mode-parallel-range,same_process,observed,0.18637345603201538,go_fast,0.65.1,6,3,ae81860b1a6b200efcca939dedfc2ee5e6a861d07af0c13d6e54e4f1ed9dfb3a,27869e2eab641d51a4dcb8b144e082c2564882966a28c404e3c13fdb484f75cf,,"['reference_not_ranking', 'single_initialization_observation']"
go_fast,numba,object-mode,initialization,N/A,,,,0,0,,,,
go_fast,numba,object-mode,fresh_process,N/A,,,,0,0,,,,
go_fast,numba,object-mode,same_process,N/A,,,,0,0,,,,
go_fast,numba,object-mode-parallel,initialization,N/A,,,,0,0,,,,
go_fast,numba,object-mode-parallel,fresh_process,N/A,,,,0,0,,,,
go_fast,numba,object-mode-parallel,same_process,N/A,,,,0,0,,,,
go_fast,numba,object-mode-parallel-range,initialization,N/A,,,,0,0,,,,
go_fast,numba,object-mode-parallel-range,fresh_process,N/A,,,,0,0,,,,
go_fast,numba,object-mode-parallel-range,same_process,N/A,,,,0,0,,,,
go_fast,dace_cpu,fusion,initialization,observed,7.256353667937219,go_fast,1.0.2,1,1,ae81860b1a6b200efcca939dedfc2ee5e6a861d07af0c13d6e54e4f1ed9dfb3a,27869e2eab641d51a4dcb8b144e082c2564882966a28c404e3c13fdb484f75cf,,"['reference_not_ranking', 'single_initialization_observation']"
go_fast,dace_cpu,fusion,fresh_process,observed,0.17654950497671962,go_fast,1.0.2,2,2,ae81860b1a6b200efcca939dedfc2ee5e6a861d07af0c13d6e54e4f1ed9dfb3a,27869e2eab641d51a4dcb8b144e082c2564882966a28c404e3c13fdb484f75cf,,"['reference_not_ranking', 'single_initialization_observation']"
go_fast,dace_cpu,fusion,same_process,observed,0.10399351600790396,go_fast,1.0.2,6,3,ae81860b1a6b200efcca939dedfc2ee5e6a861d07af0c13d6e54e4f1ed9dfb3a,27869e2eab641d51a4dcb8b144e082c2564882966a28c404e3c13fdb484f75cf,,"['reference_not_ranking', 'single_initialization_observation']"
go_fast,dace_cpu,parallel,initialization,observed,7.149815364042297,go_fast,1.0.2,1,1,ae81860b1a6b200efcca939dedfc2ee5e6a861d07af0c13d6e54e4f1ed9dfb3a,27869e2eab641d51a4dcb8b144e082c2564882966a28c404e3c13fdb484f75cf,,"['reference_not_ranking', 'single_initialization_observation']"
go_fast,dace_cpu,parallel,fresh_process,observed,0.17297705949749798,go_fast,1.0.2,2,2,ae81860b1a6b200efcca939dedfc2ee5e6a861d07af0c13d6e54e4f1ed9dfb3a,27869e2eab641d51a4dcb8b144e082c2564882966a28c404e3c13fdb484f75cf,,"['reference_not_ranking', 'single_initialization_observation']"
go_fast,dace_cpu,parallel,same_process,observed,0.11224130197660998,go_fast,1.0.2,6,3,ae81860b1a6b200efcca939dedfc2ee5e6a861d07af0c13d6e54e4f1ed9dfb3a,27869e2eab641d51a4dcb8b144e082c2564882966a28c404e3c13fdb484f75cf,,"['reference_not_ranking', 'single_initialization_observation']"
go_fast,dace_cpu,auto_opt,initialization,observed,7.140222351066768,go_fast,1.0.2,1,1,ae81860b1a6b200efcca939dedfc2ee5e6a861d07af0c13d6e54e4f1ed9dfb3a,27869e2eab641d51a4dcb8b144e082c2564882966a28c404e3c13fdb484f75cf,,"['reference_not_ranking', 'single_initialization_observation']"
go_fast,dace_cpu,auto_opt,fresh_process,observed,0.1580656995647587,go_fast,1.0.2,2,2,ae81860b1a6b200efcca939dedfc2ee5e6a861d07af0c13d6e54e4f1ed9dfb3a,27869e2eab641d51a4dcb8b144e082c2564882966a28c404e3c13fdb484f75cf,,"['reference_not_ranking', 'single_initialization_observation']"
go_fast,dace_cpu,auto_opt,same_process,observed,0.11294549645390362,go_fast,1.0.2,6,3,ae81860b1a6b200efcca939dedfc2ee5e6a861d07af0c13d6e54e4f1ed9dfb3a,27869e2eab641d51a4dcb8b144e082c2564882966a28c404e3c13fdb484f75cf,,"['reference_not_ranking', 'single_initialization_observation']"
go_fast,dace_gpu,fusion,initialization,observed,28.17545058298856,go_fast,1.0.2,1,1,ae81860b1a6b200efcca939dedfc2ee5e6a861d07af0c13d6e54e4f1ed9dfb3a,27869e2eab641d51a4dcb8b144e082c2564882966a28c404e3c13fdb484f75cf,,"['reference_not_ranking', 'single_initialization_observation']"
go_fast,dace_gpu,fusion,fresh_process,observed,5.385418518446386,go_fast,1.0.2,2,2,ae81860b1a6b200efcca939dedfc2ee5e6a861d07af0c13d6e54e4f1ed9dfb3a,27869e2eab641d51a4dcb8b144e082c2564882966a28c404e3c13fdb484f75cf,,"['reference_not_ranking', 'single_initialization_observation']"
go_fast,dace_gpu,fusion,same_process,observed,1.1525569869554602,go_fast,1.0.2,6,3,ae81860b1a6b200efcca939dedfc2ee5e6a861d07af0c13d6e54e4f1ed9dfb3a,27869e2eab641d51a4dcb8b144e082c2564882966a28c404e3c13fdb484f75cf,,"['reference_not_ranking', 'single_initialization_observation']"
go_fast,dace_gpu,parallel,initialization,observed,28.80658743798267,go_fast,1.0.2,1,1,ae81860b1a6b200efcca939dedfc2ee5e6a861d07af0c13d6e54e4f1ed9dfb3a,27869e2eab641d51a4dcb8b144e082c2564882966a28c404e3c13fdb484f75cf,,"['reference_not_ranking', 'single_initialization_observation']"
go_fast,dace_gpu,parallel,fresh_process,observed,4.61650134093361,go_fast,1.0.2,2,2,ae81860b1a6b200efcca939dedfc2ee5e6a861d07af0c13d6e54e4f1ed9dfb3a,27869e2eab641d51a4dcb8b144e082c2564882966a28c404e3c13fdb484f75cf,,"['reference_not_ranking', 'single_initialization_observation']"
go_fast,dace_gpu,parallel,same_process,observed,1.114267158030998,go_fast,1.0.2,6,3,ae81860b1a6b200efcca939dedfc2ee5e6a861d07af0c13d6e54e4f1ed9dfb3a,27869e2eab641d51a4dcb8b144e082c2564882966a28c404e3c13fdb484f75cf,,"['reference_not_ranking', 'single_initialization_observation']"
go_fast,dace_gpu,auto_opt,initialization,observed,29.19390950410161,go_fast,1.0.2,1,1,ae81860b1a6b200efcca939dedfc2ee5e6a861d07af0c13d6e54e4f1ed9dfb3a,27869e2eab641d51a4dcb8b144e082c2564882966a28c404e3c13fdb484f75cf,,"['reference_not_ranking', 'single_initialization_observation']"
go_fast,dace_gpu,auto_opt,fresh_process,observed,5.064903310965747,go_fast,1.0.2,2,2,ae81860b1a6b200efcca939dedfc2ee5e6a861d07af0c13d6e54e4f1ed9dfb3a,27869e2eab641d51a4dcb8b144e082c2564882966a28c404e3c13fdb484f75cf,,"['reference_not_ranking', 'single_initialization_observation']"
go_fast,dace_gpu,auto_opt,same_process,observed,1.1794590850477107,go_fast,1.0.2,6,3,ae81860b1a6b200efcca939dedfc2ee5e6a861d07af0c13d6e54e4f1ed9dfb3a,27869e2eab641d51a4dcb8b144e082c2564882966a28c404e3c13fdb484f75cf,,"['reference_not_ranking', 'single_initialization_observation']"
go_fast,cupy,default,initialization,observed,4.290218358044513,go_fast,13.6.0,1,1,ae81860b1a6b200efcca939dedfc2ee5e6a861d07af0c13d6e54e4f1ed9dfb3a,27869e2eab641d51a4dcb8b144e082c2564882966a28c404e3c13fdb484f75cf,,"['reference_not_ranking', 'single_initialization_observation']"
go_fast,cupy,default,fresh_process,observed,4.3269774645450525,go_fast,13.6.0,2,2,ae81860b1a6b200efcca939dedfc2ee5e6a861d07af0c13d6e54e4f1ed9dfb3a,27869e2eab641d51a4dcb8b144e082c2564882966a28c404e3c13fdb484f75cf,,"['reference_not_ranking', 'single_initialization_observation']"
go_fast,cupy,default,same_process,observed,1.4330727944616228,go_fast,13.6.0,6,3,ae81860b1a6b200efcca939dedfc2ee5e6a861d07af0c13d6e54e4f1ed9dfb3a,27869e2eab641d51a4dcb8b144e082c2564882966a28c404e3c13fdb484f75cf,,"['reference_not_ranking', 'single_initialization_observation']"
gramschmidt,numpy,default,initialization,observed,0.9188219140050933,gramschmidt,1.26.4,1,1,1f3d8680c6c62cb57662259efbd6317e805dc931a93921d1f417b2d9a8b00706,0cd9b7683af012b2f89286b1d7f883de9ac11e0a801ad6a40757c753baba615b,,"['reference_not_ranking', 'single_initialization_observation']"
gramschmidt,numpy,default,fresh_process,observed,0.970517847512383,gramschmidt,1.26.4,2,2,1f3d8680c6c62cb57662259efbd6317e805dc931a93921d1f417b2d9a8b00706,0cd9b7683af012b2f89286b1d7f883de9ac11e0a801ad6a40757c753baba615b,,"['reference_not_ranking', 'single_initialization_observation']"
gramschmidt,numpy,default,same_process,observed,1.1095418500481173,gramschmidt,1.26.4,6,3,1f3d8680c6c62cb57662259efbd6317e805dc931a93921d1f417b2d9a8b00706,0cd9b7683af012b2f89286b1d7f883de9ac11e0a801ad6a40757c753baba615b,,"['reference_not_ranking', 'single_initialization_observation']"
gramschmidt,numba,nopython-mode,initialization,observed,4.831752291996963,gramschmidt,0.65.1,1,1,1f3d8680c6c62cb57662259efbd6317e805dc931a93921d1f417b2d9a8b00706,0cd9b7683af012b2f89286b1d7f883de9ac11e0a801ad6a40757c753baba615b,,"['reference_not_ranking', 'single_initialization_observation']"
gramschmidt,numba,nopython-mode,fresh_process,observed,0.9232480509090237,gramschmidt,0.65.1,2,2,1f3d8680c6c62cb57662259efbd6317e805dc931a93921d1f417b2d9a8b00706,0cd9b7683af012b2f89286b1d7f883de9ac11e0a801ad6a40757c753baba615b,,"['reference_not_ranking', 'single_initialization_observation']"
gramschmidt,numba,nopython-mode,same_process,observed,0.7397830485715531,gramschmidt,0.65.1,6,3,1f3d8680c6c62cb57662259efbd6317e805dc931a93921d1f417b2d9a8b00706,0cd9b7683af012b2f89286b1d7f883de9ac11e0a801ad6a40757c753baba615b,,"['reference_not_ranking', 'single_initialization_observation']"
gramschmidt,numba,nopython-mode-parallel,initialization,observed,18.575451593962498,gramschmidt,0.65.1,1,1,1f3d8680c6c62cb57662259efbd6317e805dc931a93921d1f417b2d9a8b00706,0cd9b7683af012b2f89286b1d7f883de9ac11e0a801ad6a40757c753baba615b,,"['reference_not_ranking', 'single_initialization_observation']"
gramschmidt,numba,nopython-mode-parallel,fresh_process,observed,18.932281785993837,gramschmidt,0.65.1,2,2,1f3d8680c6c62cb57662259efbd6317e805dc931a93921d1f417b2d9a8b00706,0cd9b7683af012b2f89286b1d7f883de9ac11e0a801ad6a40757c753baba615b,,"['reference_not_ranking', 'single_initialization_observation']"
gramschmidt,numba,nopython-mode-parallel,same_process,observed,16.959783880447503,gramschmidt,0.65.1,6,3,1f3d8680c6c62cb57662259efbd6317e805dc931a93921d1f417b2d9a8b00706,0cd9b7683af012b2f89286b1d7f883de9ac11e0a801ad6a40757c753baba615b,,"['reference_not_ranking', 'single_initialization_observation']"
gramschmidt,numba,nopython-mode-parallel-range,initialization,N/A,,,,0,0,,,,
gramschmidt,numba,nopython-mode-parallel-range,fresh_process,N/A,,,,0,0,,,,
gramschmidt,numba,nopython-mode-parallel-range,same_process,N/A,,,,0,0,,,,
gramschmidt,numba,object-mode,initialization,N/A,,,,0,0,,,,
gramschmidt,numba,object-mode,fresh_process,N/A,,,,0,0,,,,
gramschmidt,numba,object-mode,same_process,N/A,,,,0,0,,,,
gramschmidt,numba,object-mode-parallel,initialization,N/A,,,,0,0,,,,
gramschmidt,numba,object-mode-parallel,fresh_process,N/A,,,,0,0,,,,
gramschmidt,numba,object-mode-parallel,same_process,N/A,,,,0,0,,,,
gramschmidt,numba,object-mode-parallel-range,initialization,N/A,,,,0,0,,,,
gramschmidt,numba,object-mode-parallel-range,fresh_process,N/A,,,,0,0,,,,
gramschmidt,numba,object-mode-parallel-range,same_process,N/A,,,,0,0,,,,
gramschmidt,dace_cpu,fusion,initialization,observed,14.152887834003195,gramschmidt,1.0.2,1,1,1f3d8680c6c62cb57662259efbd6317e805dc931a93921d1f417b2d9a8b00706,0cd9b7683af012b2f89286b1d7f883de9ac11e0a801ad6a40757c753baba615b,,"['reference_not_ranking', 'single_initialization_observation']"
gramschmidt,dace_cpu,fusion,fresh_process,observed,7.235591017990373,gramschmidt,1.0.2,2,2,1f3d8680c6c62cb57662259efbd6317e805dc931a93921d1f417b2d9a8b00706,0cd9b7683af012b2f89286b1d7f883de9ac11e0a801ad6a40757c753baba615b,,"['reference_not_ranking', 'single_initialization_observation']"
gramschmidt,dace_cpu,fusion,same_process,observed,5.694766897475347,gramschmidt,1.0.2,6,3,1f3d8680c6c62cb57662259efbd6317e805dc931a93921d1f417b2d9a8b00706,0cd9b7683af012b2f89286b1d7f883de9ac11e0a801ad6a40757c753baba615b,,"['reference_not_ranking', 'single_initialization_observation']"
gramschmidt,dace_cpu,parallel,initialization,observed,15.125625872984529,gramschmidt,1.0.2,1,1,1f3d8680c6c62cb57662259efbd6317e805dc931a93921d1f417b2d9a8b00706,0cd9b7683af012b2f89286b1d7f883de9ac11e0a801ad6a40757c753baba615b,,"['reference_not_ranking', 'single_initialization_observation']"
gramschmidt,dace_cpu,parallel,fresh_process,observed,6.445097226940561,gramschmidt,1.0.2,2,2,1f3d8680c6c62cb57662259efbd6317e805dc931a93921d1f417b2d9a8b00706,0cd9b7683af012b2f89286b1d7f883de9ac11e0a801ad6a40757c753baba615b,,"['reference_not_ranking', 'single_initialization_observation']"
gramschmidt,dace_cpu,parallel,same_process,observed,8.238035516464151,gramschmidt,1.0.2,6,3,1f3d8680c6c62cb57662259efbd6317e805dc931a93921d1f417b2d9a8b00706,0cd9b7683af012b2f89286b1d7f883de9ac11e0a801ad6a40757c753baba615b,,"['reference_not_ranking', 'single_initialization_observation']"
gramschmidt,dace_cpu,auto_opt,initialization,observed,15.32578050007578,gramschmidt,1.0.2,1,1,1f3d8680c6c62cb57662259efbd6317e805dc931a93921d1f417b2d9a8b00706,0cd9b7683af012b2f89286b1d7f883de9ac11e0a801ad6a40757c753baba615b,,"['reference_not_ranking', 'single_initialization_observation']"
gramschmidt,dace_cpu,auto_opt,fresh_process,observed,8.532065416045953,gramschmidt,1.0.2,2,2,1f3d8680c6c62cb57662259efbd6317e805dc931a93921d1f417b2d9a8b00706,0cd9b7683af012b2f89286b1d7f883de9ac11e0a801ad6a40757c753baba615b,,"['reference_not_ranking', 'single_initialization_observation']"
gramschmidt,dace_cpu,auto_opt,same_process,observed,9.095895697013475,gramschmidt,1.0.2,6,3,1f3d8680c6c62cb57662259efbd6317e805dc931a93921d1f417b2d9a8b00706,0cd9b7683af012b2f89286b1d7f883de9ac11e0a801ad6a40757c753baba615b,,"['reference_not_ranking', 'single_initialization_observation']"
gramschmidt,dace_gpu,fusion,initialization,observed,31.678016226971522,gramschmidt,1.0.2,1,1,1f3d8680c6c62cb57662259efbd6317e805dc931a93921d1f417b2d9a8b00706,0cd9b7683af012b2f89286b1d7f883de9ac11e0a801ad6a40757c753baba615b,,"['reference_not_ranking', 'single_initialization_observation']"
gramschmidt,dace_gpu,fusion,fresh_process,observed,6.803163222444709,gramschmidt,1.0.2,2,2,1f3d8680c6c62cb57662259efbd6317e805dc931a93921d1f417b2d9a8b00706,0cd9b7683af012b2f89286b1d7f883de9ac11e0a801ad6a40757c753baba615b,,"['reference_not_ranking', 'single_initialization_observation']"
gramschmidt,dace_gpu,fusion,same_process,observed,5.052435490011703,gramschmidt,1.0.2,6,3,1f3d8680c6c62cb57662259efbd6317e805dc931a93921d1f417b2d9a8b00706,0cd9b7683af012b2f89286b1d7f883de9ac11e0a801ad6a40757c753baba615b,,"['reference_not_ranking', 'single_initialization_observation']"
gramschmidt,dace_gpu,parallel,initialization,observed,33.49416029592976,gramschmidt,1.0.2,1,1,1f3d8680c6c62cb57662259efbd6317e805dc931a93921d1f417b2d9a8b00706,0cd9b7683af012b2f89286b1d7f883de9ac11e0a801ad6a40757c753baba615b,,"['reference_not_ranking', 'single_initialization_observation']"
gramschmidt,dace_gpu,parallel,fresh_process,observed,7.255470788513776,gramschmidt,1.0.2,2,2,1f3d8680c6c62cb57662259efbd6317e805dc931a93921d1f417b2d9a8b00706,0cd9b7683af012b2f89286b1d7f883de9ac11e0a801ad6a40757c753baba615b,,"['reference_not_ranking', 'single_initialization_observation']"
gramschmidt,dace_gpu,parallel,same_process,observed,5.491475280025043,gramschmidt,1.0.2,6,3,1f3d8680c6c62cb57662259efbd6317e805dc931a93921d1f417b2d9a8b00706,0cd9b7683af012b2f89286b1d7f883de9ac11e0a801ad6a40757c753baba615b,,"['reference_not_ranking', 'single_initialization_observation']"
gramschmidt,dace_gpu,auto_opt,initialization,observed,31.061897968989797,gramschmidt,1.0.2,1,1,1f3d8680c6c62cb57662259efbd6317e805dc931a93921d1f417b2d9a8b00706,0cd9b7683af012b2f89286b1d7f883de9ac11e0a801ad6a40757c753baba615b,,"['reference_not_ranking', 'single_initialization_observation']"
gramschmidt,dace_gpu,auto_opt,fresh_process,observed,5.678185388038401,gramschmidt,1.0.2,2,2,1f3d8680c6c62cb57662259efbd6317e805dc931a93921d1f417b2d9a8b00706,0cd9b7683af012b2f89286b1d7f883de9ac11e0a801ad6a40757c753baba615b,,"['reference_not_ranking', 'single_initialization_observation']"
gramschmidt,dace_gpu,auto_opt,same_process,observed,4.223148914519697,gramschmidt,1.0.2,6,3,1f3d8680c6c62cb57662259efbd6317e805dc931a93921d1f417b2d9a8b00706,0cd9b7683af012b2f89286b1d7f883de9ac11e0a801ad6a40757c753baba615b,,"['reference_not_ranking', 'single_initialization_observation']"
gramschmidt,cupy,default,initialization,observed,15.861794696073048,gramschmidt,13.6.0,1,1,1f3d8680c6c62cb57662259efbd6317e805dc931a93921d1f417b2d9a8b00706,0cd9b7683af012b2f89286b1d7f883de9ac11e0a801ad6a40757c753baba615b,,"['reference_not_ranking', 'single_initialization_observation']"
gramschmidt,cupy,default,fresh_process,observed,15.884428620978724,gramschmidt,13.6.0,2,2,1f3d8680c6c62cb57662259efbd6317e805dc931a93921d1f417b2d9a8b00706,0cd9b7683af012b2f89286b1d7f883de9ac11e0a801ad6a40757c753baba615b,,"['reference_not_ranking', 'single_initialization_observation']"
gramschmidt,cupy,default,same_process,observed,15.13135779404547,gramschmidt,13.6.0,6,3,1f3d8680c6c62cb57662259efbd6317e805dc931a93921d1f417b2d9a8b00706,0cd9b7683af012b2f89286b1d7f883de9ac11e0a801ad6a40757c753baba615b,,"['reference_not_ranking', 'single_initialization_observation']"
hdiff,numpy,default,initialization,observed,0.4031120940344408,hdiff,1.26.4,1,1,db572ba94a6764cd4f333fd1c155d8498c95bfc20a8f378ce3588d5b7ef038ef,e800ed3dc8d530d7e84b4a637b91cc6d9bc1280101023ee86a27f69cfa34eec1,,"['reference_not_ranking', 'single_initialization_observation']"
hdiff,numpy,default,fresh_process,observed,0.40074104705126956,hdiff,1.26.4,2,2,db572ba94a6764cd4f333fd1c155d8498c95bfc20a8f378ce3588d5b7ef038ef,e800ed3dc8d530d7e84b4a637b91cc6d9bc1280101023ee86a27f69cfa34eec1,,"['reference_not_ranking', 'single_initialization_observation']"
hdiff,numpy,default,same_process,observed,0.6257468400290236,hdiff,1.26.4,6,3,db572ba94a6764cd4f333fd1c155d8498c95bfc20a8f378ce3588d5b7ef038ef,e800ed3dc8d530d7e84b4a637b91cc6d9bc1280101023ee86a27f69cfa34eec1,,"['reference_not_ranking', 'single_initialization_observation']"
hdiff,numba,nopython-mode,initialization,observed,9.161265230970457,hdiff,0.65.1,1,1,db572ba94a6764cd4f333fd1c155d8498c95bfc20a8f378ce3588d5b7ef038ef,e800ed3dc8d530d7e84b4a637b91cc6d9bc1280101023ee86a27f69cfa34eec1,,"['reference_not_ranking', 'single_initialization_observation']"
hdiff,numba,nopython-mode,fresh_process,observed,2.3728379804524593,hdiff,0.65.1,2,2,db572ba94a6764cd4f333fd1c155d8498c95bfc20a8f378ce3588d5b7ef038ef,e800ed3dc8d530d7e84b4a637b91cc6d9bc1280101023ee86a27f69cfa34eec1,,"['reference_not_ranking', 'single_initialization_observation']"
hdiff,numba,nopython-mode,same_process,observed,1.6137344120070338,hdiff,0.65.1,6,3,db572ba94a6764cd4f333fd1c155d8498c95bfc20a8f378ce3588d5b7ef038ef,e800ed3dc8d530d7e84b4a637b91cc6d9bc1280101023ee86a27f69cfa34eec1,,"['reference_not_ranking', 'single_initialization_observation']"
hdiff,numba,nopython-mode-parallel,initialization,observed,6.581098009017296,hdiff,0.65.1,1,1,db572ba94a6764cd4f333fd1c155d8498c95bfc20a8f378ce3588d5b7ef038ef,e800ed3dc8d530d7e84b4a637b91cc6d9bc1280101023ee86a27f69cfa34eec1,,"['reference_not_ranking', 'single_initialization_observation']"
hdiff,numba,nopython-mode-parallel,fresh_process,observed,1.1349475579918362,hdiff,0.65.1,2,2,db572ba94a6764cd4f333fd1c155d8498c95bfc20a8f378ce3588d5b7ef038ef,e800ed3dc8d530d7e84b4a637b91cc6d9bc1280101023ee86a27f69cfa34eec1,,"['reference_not_ranking', 'single_initialization_observation']"
hdiff,numba,nopython-mode-parallel,same_process,observed,0.8179744610097259,hdiff,0.65.1,6,3,db572ba94a6764cd4f333fd1c155d8498c95bfc20a8f378ce3588d5b7ef038ef,e800ed3dc8d530d7e84b4a637b91cc6d9bc1280101023ee86a27f69cfa34eec1,,"['reference_not_ranking', 'single_initialization_observation']"
hdiff,numba,nopython-mode-parallel-range,initialization,N/A,,,,0,0,,,,
hdiff,numba,nopython-mode-parallel-range,fresh_process,N/A,,,,0,0,,,,
hdiff,numba,nopython-mode-parallel-range,same_process,N/A,,,,0,0,,,,
hdiff,numba,object-mode,initialization,N/A,,,,0,0,,,,
hdiff,numba,object-mode,fresh_process,N/A,,,,0,0,,,,
hdiff,numba,object-mode,same_process,N/A,,,,0,0,,,,
hdiff,numba,object-mode-parallel,initialization,N/A,,,,0,0,,,,
hdiff,numba,object-mode-parallel,fresh_process,N/A,,,,0,0,,,,
hdiff,numba,object-mode-parallel,same_process,N/A,,,,0,0,,,,
hdiff,numba,object-mode-parallel-range,initialization,N/A,,,,0,0,,,,
hdiff,numba,object-mode-parallel-range,fresh_process,N/A,,,,0,0,,,,
hdiff,numba,object-mode-parallel-range,same_process,N/A,,,,0,0,,,,
hdiff,dace_cpu,fusion,initialization,observed,9.175392403965816,hdiff,1.0.2,1,1,db572ba94a6764cd4f333fd1c155d8498c95bfc20a8f378ce3588d5b7ef038ef,e800ed3dc8d530d7e84b4a637b91cc6d9bc1280101023ee86a27f69cfa34eec1,,"['reference_not_ranking', 'single_initialization_observation']"
hdiff,dace_cpu,fusion,fresh_process,observed,0.29676280956482515,hdiff,1.0.2,2,2,db572ba94a6764cd4f333fd1c155d8498c95bfc20a8f378ce3588d5b7ef038ef,e800ed3dc8d530d7e84b4a637b91cc6d9bc1280101023ee86a27f69cfa34eec1,,"['reference_not_ranking', 'single_initialization_observation']"
hdiff,dace_cpu,fusion,same_process,observed,0.20301913196453825,hdiff,1.0.2,6,3,db572ba94a6764cd4f333fd1c155d8498c95bfc20a8f378ce3588d5b7ef038ef,e800ed3dc8d530d7e84b4a637b91cc6d9bc1280101023ee86a27f69cfa34eec1,,"['reference_not_ranking', 'single_initialization_observation']"
hdiff,dace_cpu,parallel,initialization,observed,9.152826372999698,hdiff,1.0.2,1,1,db572ba94a6764cd4f333fd1c155d8498c95bfc20a8f378ce3588d5b7ef038ef,e800ed3dc8d530d7e84b4a637b91cc6d9bc1280101023ee86a27f69cfa34eec1,,"['reference_not_ranking', 'single_initialization_observation']"
hdiff,dace_cpu,parallel,fresh_process,observed,0.23436703102197498,hdiff,1.0.2,2,2,db572ba94a6764cd4f333fd1c155d8498c95bfc20a8f378ce3588d5b7ef038ef,e800ed3dc8d530d7e84b4a637b91cc6d9bc1280101023ee86a27f69cfa34eec1,,"['reference_not_ranking', 'single_initialization_observation']"
hdiff,dace_cpu,parallel,same_process,observed,0.15523327852133662,hdiff,1.0.2,6,3,db572ba94a6764cd4f333fd1c155d8498c95bfc20a8f378ce3588d5b7ef038ef,e800ed3dc8d530d7e84b4a637b91cc6d9bc1280101023ee86a27f69cfa34eec1,,"['reference_not_ranking', 'single_initialization_observation']"
hdiff,dace_cpu,auto_opt,initialization,observed,9.53816131700296,hdiff,1.0.2,1,1,db572ba94a6764cd4f333fd1c155d8498c95bfc20a8f378ce3588d5b7ef038ef,e800ed3dc8d530d7e84b4a637b91cc6d9bc1280101023ee86a27f69cfa34eec1,,"['reference_not_ranking', 'single_initialization_observation']"
hdiff,dace_cpu,auto_opt,fresh_process,observed,0.15360154048539698,hdiff,1.0.2,2,2,db572ba94a6764cd4f333fd1c155d8498c95bfc20a8f378ce3588d5b7ef038ef,e800ed3dc8d530d7e84b4a637b91cc6d9bc1280101023ee86a27f69cfa34eec1,,"['reference_not_ranking', 'single_initialization_observation']"
hdiff,dace_cpu,auto_opt,same_process,observed,0.05453070398652926,hdiff,1.0.2,6,3,db572ba94a6764cd4f333fd1c155d8498c95bfc20a8f378ce3588d5b7ef038ef,e800ed3dc8d530d7e84b4a637b91cc6d9bc1280101023ee86a27f69cfa34eec1,,"['reference_not_ranking', 'single_initialization_observation']"
hdiff,dace_gpu,fusion,initialization,observed,25.966490802937187,hdiff,1.0.2,1,1,db572ba94a6764cd4f333fd1c155d8498c95bfc20a8f378ce3588d5b7ef038ef,e800ed3dc8d530d7e84b4a637b91cc6d9bc1280101023ee86a27f69cfa34eec1,,"['reference_not_ranking', 'single_initialization_observation']"
hdiff,dace_gpu,fusion,fresh_process,observed,1.317760409496259,hdiff,1.0.2,2,2,db572ba94a6764cd4f333fd1c155d8498c95bfc20a8f378ce3588d5b7ef038ef,e800ed3dc8d530d7e84b4a637b91cc6d9bc1280101023ee86a27f69cfa34eec1,,"['reference_not_ranking', 'single_initialization_observation']"
hdiff,dace_gpu,fusion,same_process,observed,0.1445518480031751,hdiff,1.0.2,6,3,db572ba94a6764cd4f333fd1c155d8498c95bfc20a8f378ce3588d5b7ef038ef,e800ed3dc8d530d7e84b4a637b91cc6d9bc1280101023ee86a27f69cfa34eec1,,"['reference_not_ranking', 'single_initialization_observation']"
hdiff,dace_gpu,parallel,initialization,observed,25.76610204903409,hdiff,1.0.2,1,1,db572ba94a6764cd4f333fd1c155d8498c95bfc20a8f378ce3588d5b7ef038ef,e800ed3dc8d530d7e84b4a637b91cc6d9bc1280101023ee86a27f69cfa34eec1,,"['reference_not_ranking', 'single_initialization_observation']"
hdiff,dace_gpu,parallel,fresh_process,observed,1.4786718245013617,hdiff,1.0.2,2,2,db572ba94a6764cd4f333fd1c155d8498c95bfc20a8f378ce3588d5b7ef038ef,e800ed3dc8d530d7e84b4a637b91cc6d9bc1280101023ee86a27f69cfa34eec1,,"['reference_not_ranking', 'single_initialization_observation']"
hdiff,dace_gpu,parallel,same_process,observed,0.15585995552828535,hdiff,1.0.2,6,3,db572ba94a6764cd4f333fd1c155d8498c95bfc20a8f378ce3588d5b7ef038ef,e800ed3dc8d530d7e84b4a637b91cc6d9bc1280101023ee86a27f69cfa34eec1,,"['reference_not_ranking', 'single_initialization_observation']"
hdiff,dace_gpu,auto_opt,initialization,observed,27.231516027939506,hdiff,1.0.2,1,1,db572ba94a6764cd4f333fd1c155d8498c95bfc20a8f378ce3588d5b7ef038ef,e800ed3dc8d530d7e84b4a637b91cc6d9bc1280101023ee86a27f69cfa34eec1,,"['reference_not_ranking', 'single_initialization_observation']"
hdiff,dace_gpu,auto_opt,fresh_process,observed,1.489368500537239,hdiff,1.0.2,2,2,db572ba94a6764cd4f333fd1c155d8498c95bfc20a8f378ce3588d5b7ef038ef,e800ed3dc8d530d7e84b4a637b91cc6d9bc1280101023ee86a27f69cfa34eec1,,"['reference_not_ranking', 'single_initialization_observation']"
hdiff,dace_gpu,auto_opt,same_process,observed,0.13812638795934618,hdiff,1.0.2,6,3,db572ba94a6764cd4f333fd1c155d8498c95bfc20a8f378ce3588d5b7ef038ef,e800ed3dc8d530d7e84b4a637b91cc6d9bc1280101023ee86a27f69cfa34eec1,,"['reference_not_ranking', 'single_initialization_observation']"
hdiff,cupy,default,initialization,observed,2.1953055209014565,hdiff,13.6.0,1,1,db572ba94a6764cd4f333fd1c155d8498c95bfc20a8f378ce3588d5b7ef038ef,e800ed3dc8d530d7e84b4a637b91cc6d9bc1280101023ee86a27f69cfa34eec1,,"['reference_not_ranking', 'single_initialization_observation']"
hdiff,cupy,default,fresh_process,observed,0.7792738495045342,hdiff,13.6.0,2,2,db572ba94a6764cd4f333fd1c155d8498c95bfc20a8f378ce3588d5b7ef038ef,e800ed3dc8d530d7e84b4a637b91cc6d9bc1280101023ee86a27f69cfa34eec1,,"['reference_not_ranking', 'single_initialization_observation']"
hdiff,cupy,default,same_process,observed,0.24424796045059338,hdiff,13.6.0,6,3,db572ba94a6764cd4f333fd1c155d8498c95bfc20a8f378ce3588d5b7ef038ef,e800ed3dc8d530d7e84b4a637b91cc6d9bc1280101023ee86a27f69cfa34eec1,,"['reference_not_ranking', 'single_initialization_observation']"
heat_3d,numpy,default,initialization,observed,0.6938595100073144,heat_3d,1.26.4,1,1,30fe858bb26413e6677f8fa2af4b685936ad2acf33485956268a9184b302da55,a81cc292224c841a9ce27e90c6d26d29c8ea5a75badeca9376911772a40bf22f,,"['reference_not_ranking', 'single_initialization_observation']"
heat_3d,numpy,default,fresh_process,observed,0.695038987963926,heat_3d,1.26.4,2,2,30fe858bb26413e6677f8fa2af4b685936ad2acf33485956268a9184b302da55,a81cc292224c841a9ce27e90c6d26d29c8ea5a75badeca9376911772a40bf22f,,"['reference_not_ranking', 'single_initialization_observation']"
heat_3d,numpy,default,same_process,observed,0.8854982979828492,heat_3d,1.26.4,6,3,30fe858bb26413e6677f8fa2af4b685936ad2acf33485956268a9184b302da55,a81cc292224c841a9ce27e90c6d26d29c8ea5a75badeca9376911772a40bf22f,,"['reference_not_ranking', 'single_initialization_observation']"
heat_3d,numba,nopython-mode,initialization,observed,7.698289685999043,heat_3d,0.65.1,1,1,30fe858bb26413e6677f8fa2af4b685936ad2acf33485956268a9184b302da55,a81cc292224c841a9ce27e90c6d26d29c8ea5a75badeca9376911772a40bf22f,,"['reference_not_ranking', 'single_initialization_observation']"
heat_3d,numba,nopython-mode,fresh_process,observed,2.02571605151752,heat_3d,0.65.1,2,2,30fe858bb26413e6677f8fa2af4b685936ad2acf33485956268a9184b302da55,a81cc292224c841a9ce27e90c6d26d29c8ea5a75badeca9376911772a40bf22f,,"['reference_not_ranking', 'single_initialization_observation']"
heat_3d,numba,nopython-mode,same_process,observed,1.4556345935561694,heat_3d,0.65.1,6,3,30fe858bb26413e6677f8fa2af4b685936ad2acf33485956268a9184b302da55,a81cc292224c841a9ce27e90c6d26d29c8ea5a75badeca9376911772a40bf22f,,"['reference_not_ranking', 'single_initialization_observation']"
heat_3d,numba,nopython-mode-parallel,initialization,observed,4.426933904993348,heat_3d,0.65.1,1,1,30fe858bb26413e6677f8fa2af4b685936ad2acf33485956268a9184b302da55,a81cc292224c841a9ce27e90c6d26d29c8ea5a75badeca9376911772a40bf22f,,"['reference_not_ranking', 'single_initialization_observation']"
heat_3d,numba,nopython-mode-parallel,fresh_process,observed,0.5721357729635201,heat_3d,0.65.1,2,2,30fe858bb26413e6677f8fa2af4b685936ad2acf33485956268a9184b302da55,a81cc292224c841a9ce27e90c6d26d29c8ea5a75badeca9376911772a40bf22f,,"['reference_not_ranking', 'single_initialization_observation']"
heat_3d,numba,nopython-mode-parallel,same_process,observed,0.24389637750573456,heat_3d,0.65.1,6,3,30fe858bb26413e6677f8fa2af4b685936ad2acf33485956268a9184b302da55,a81cc292224c841a9ce27e90c6d26d29c8ea5a75badeca9376911772a40bf22f,,"['reference_not_ranking', 'single_initialization_observation']"
heat_3d,numba,nopython-mode-parallel-range,initialization,N/A,,,,0,0,,,,
heat_3d,numba,nopython-mode-parallel-range,fresh_process,N/A,,,,0,0,,,,
heat_3d,numba,nopython-mode-parallel-range,same_process,N/A,,,,0,0,,,,
heat_3d,numba,object-mode,initialization,N/A,,,,0,0,,,,
heat_3d,numba,object-mode,fresh_process,N/A,,,,0,0,,,,
heat_3d,numba,object-mode,same_process,N/A,,,,0,0,,,,
heat_3d,numba,object-mode-parallel,initialization,N/A,,,,0,0,,,,
heat_3d,numba,object-mode-parallel,fresh_process,N/A,,,,0,0,,,,
heat_3d,numba,object-mode-parallel,same_process,N/A,,,,0,0,,,,
heat_3d,numba,object-mode-parallel-range,initialization,N/A,,,,0,0,,,,
heat_3d,numba,object-mode-parallel-range,fresh_process,N/A,,,,0,0,,,,
heat_3d,numba,object-mode-parallel-range,same_process,N/A,,,,0,0,,,,
heat_3d,dace_cpu,fusion,initialization,observed,9.993203666992486,heat_3d,1.0.2,1,1,30fe858bb26413e6677f8fa2af4b685936ad2acf33485956268a9184b302da55,a81cc292224c841a9ce27e90c6d26d29c8ea5a75badeca9376911772a40bf22f,,"['reference_not_ranking', 'single_initialization_observation']"
heat_3d,dace_cpu,fusion,fresh_process,observed,1.2921907205018215,heat_3d,1.0.2,2,2,30fe858bb26413e6677f8fa2af4b685936ad2acf33485956268a9184b302da55,a81cc292224c841a9ce27e90c6d26d29c8ea5a75badeca9376911772a40bf22f,,"['reference_not_ranking', 'single_initialization_observation']"
heat_3d,dace_cpu,fusion,same_process,observed,0.1328900380176492,heat_3d,1.0.2,6,3,30fe858bb26413e6677f8fa2af4b685936ad2acf33485956268a9184b302da55,a81cc292224c841a9ce27e90c6d26d29c8ea5a75badeca9376911772a40bf22f,,"['reference_not_ranking', 'single_initialization_observation']"
heat_3d,dace_cpu,parallel,initialization,observed,9.154074797057547,heat_3d,1.0.2,1,1,30fe858bb26413e6677f8fa2af4b685936ad2acf33485956268a9184b302da55,a81cc292224c841a9ce27e90c6d26d29c8ea5a75badeca9376911772a40bf22f,,"['reference_not_ranking', 'single_initialization_observation']"
heat_3d,dace_cpu,parallel,fresh_process,observed,0.16082292998908088,heat_3d,1.0.2,2,2,30fe858bb26413e6677f8fa2af4b685936ad2acf33485956268a9184b302da55,a81cc292224c841a9ce27e90c6d26d29c8ea5a75badeca9376911772a40bf22f,,"['reference_not_ranking', 'single_initialization_observation']"
heat_3d,dace_cpu,parallel,same_process,observed,0.11227006744593382,heat_3d,1.0.2,6,3,30fe858bb26413e6677f8fa2af4b685936ad2acf33485956268a9184b302da55,a81cc292224c841a9ce27e90c6d26d29c8ea5a75badeca9376911772a40bf22f,,"['reference_not_ranking', 'single_initialization_observation']"
heat_3d,dace_cpu,auto_opt,initialization,observed,9.674255262012593,heat_3d,1.0.2,1,1,30fe858bb26413e6677f8fa2af4b685936ad2acf33485956268a9184b302da55,a81cc292224c841a9ce27e90c6d26d29c8ea5a75badeca9376911772a40bf22f,,"['reference_not_ranking', 'single_initialization_observation']"
heat_3d,dace_cpu,auto_opt,fresh_process,observed,0.23854652798036113,heat_3d,1.0.2,2,2,30fe858bb26413e6677f8fa2af4b685936ad2acf33485956268a9184b302da55,a81cc292224c841a9ce27e90c6d26d29c8ea5a75badeca9376911772a40bf22f,,"['reference_not_ranking', 'single_initialization_observation']"
heat_3d,dace_cpu,auto_opt,same_process,observed,0.07195799401961267,heat_3d,1.0.2,6,3,30fe858bb26413e6677f8fa2af4b685936ad2acf33485956268a9184b302da55,a81cc292224c841a9ce27e90c6d26d29c8ea5a75badeca9376911772a40bf22f,,"['reference_not_ranking', 'single_initialization_observation']"
heat_3d,dace_gpu,fusion,initialization,observed,26.183244439889677,heat_3d,1.0.2,1,1,30fe858bb26413e6677f8fa2af4b685936ad2acf33485956268a9184b302da55,a81cc292224c841a9ce27e90c6d26d29c8ea5a75badeca9376911772a40bf22f,,"['reference_not_ranking', 'single_initialization_observation']"
heat_3d,dace_gpu,fusion,fresh_process,observed,1.2133209464373067,heat_3d,1.0.2,2,2,30fe858bb26413e6677f8fa2af4b685936ad2acf33485956268a9184b302da55,a81cc292224c841a9ce27e90c6d26d29c8ea5a75badeca9376911772a40bf22f,,"['reference_not_ranking', 'single_initialization_observation']"
heat_3d,dace_gpu,fusion,same_process,observed,0.009086004982236773,heat_3d,1.0.2,6,3,30fe858bb26413e6677f8fa2af4b685936ad2acf33485956268a9184b302da55,a81cc292224c841a9ce27e90c6d26d29c8ea5a75badeca9376911772a40bf22f,,"['reference_not_ranking', 'single_initialization_observation']"
heat_3d,dace_gpu,parallel,initialization,observed,25.610728168976493,heat_3d,1.0.2,1,1,30fe858bb26413e6677f8fa2af4b685936ad2acf33485956268a9184b302da55,a81cc292224c841a9ce27e90c6d26d29c8ea5a75badeca9376911772a40bf22f,,"['reference_not_ranking', 'single_initialization_observation']"
heat_3d,dace_gpu,parallel,fresh_process,observed,1.2577889829990454,heat_3d,1.0.2,2,2,30fe858bb26413e6677f8fa2af4b685936ad2acf33485956268a9184b302da55,a81cc292224c841a9ce27e90c6d26d29c8ea5a75badeca9376911772a40bf22f,,"['reference_not_ranking', 'single_initialization_observation']"
heat_3d,dace_gpu,parallel,same_process,observed,0.009203213965520263,heat_3d,1.0.2,6,3,30fe858bb26413e6677f8fa2af4b685936ad2acf33485956268a9184b302da55,a81cc292224c841a9ce27e90c6d26d29c8ea5a75badeca9376911772a40bf22f,,"['reference_not_ranking', 'single_initialization_observation']"
heat_3d,dace_gpu,auto_opt,initialization,observed,26.936474222922698,heat_3d,1.0.2,1,1,30fe858bb26413e6677f8fa2af4b685936ad2acf33485956268a9184b302da55,a81cc292224c841a9ce27e90c6d26d29c8ea5a75badeca9376911772a40bf22f,,"['reference_not_ranking', 'single_initialization_observation']"
heat_3d,dace_gpu,auto_opt,fresh_process,observed,1.1131394834956154,heat_3d,1.0.2,2,2,30fe858bb26413e6677f8fa2af4b685936ad2acf33485956268a9184b302da55,a81cc292224c841a9ce27e90c6d26d29c8ea5a75badeca9376911772a40bf22f,,"['reference_not_ranking', 'single_initialization_observation']"
heat_3d,dace_gpu,auto_opt,same_process,observed,0.009083611483220011,heat_3d,1.0.2,6,3,30fe858bb26413e6677f8fa2af4b685936ad2acf33485956268a9184b302da55,a81cc292224c841a9ce27e90c6d26d29c8ea5a75badeca9376911772a40bf22f,,"['reference_not_ranking', 'single_initialization_observation']"
heat_3d,cupy,default,initialization,observed,1.5369407340185717,heat_3d,13.6.0,1,1,30fe858bb26413e6677f8fa2af4b685936ad2acf33485956268a9184b302da55,a81cc292224c841a9ce27e90c6d26d29c8ea5a75badeca9376911772a40bf22f,,"['reference_not_ranking', 'single_initialization_observation']"
heat_3d,cupy,default,fresh_process,observed,0.4377125594764948,heat_3d,13.6.0,2,2,30fe858bb26413e6677f8fa2af4b685936ad2acf33485956268a9184b302da55,a81cc292224c841a9ce27e90c6d26d29c8ea5a75badeca9376911772a40bf22f,,"['reference_not_ranking', 'single_initialization_observation']"
heat_3d,cupy,default,same_process,observed,0.09821305848890916,heat_3d,13.6.0,6,3,30fe858bb26413e6677f8fa2af4b685936ad2acf33485956268a9184b302da55,a81cc292224c841a9ce27e90c6d26d29c8ea5a75badeca9376911772a40bf22f,,"['reference_not_ranking', 'single_initialization_observation']"
jacobi_1d,numpy,default,initialization,observed,0.9257781120250002,jacobi_1d,1.26.4,1,1,dd2d6ec412835edbbe4a018d3544e156d3fdd08552a444b52727b05fa47d8a06,16a5a1662f12689fbf187fbb656ac8e1d9c5d1f78efc866cd0f41cf46b753592,,"['reference_not_ranking', 'single_initialization_observation']"
jacobi_1d,numpy,default,fresh_process,observed,1.0640223220107146,jacobi_1d,1.26.4,2,2,dd2d6ec412835edbbe4a018d3544e156d3fdd08552a444b52727b05fa47d8a06,16a5a1662f12689fbf187fbb656ac8e1d9c5d1f78efc866cd0f41cf46b753592,,"['reference_not_ranking', 'single_initialization_observation']"
jacobi_1d,numpy,default,same_process,observed,1.1223580164951272,jacobi_1d,1.26.4,6,3,dd2d6ec412835edbbe4a018d3544e156d3fdd08552a444b52727b05fa47d8a06,16a5a1662f12689fbf187fbb656ac8e1d9c5d1f78efc866cd0f41cf46b753592,,"['reference_not_ranking', 'single_initialization_observation']"
jacobi_1d,numba,nopython-mode,initialization,observed,3.5915086730383337,jacobi_1d,0.65.1,1,1,dd2d6ec412835edbbe4a018d3544e156d3fdd08552a444b52727b05fa47d8a06,16a5a1662f12689fbf187fbb656ac8e1d9c5d1f78efc866cd0f41cf46b753592,,"['reference_not_ranking', 'single_initialization_observation']"
jacobi_1d,numba,nopython-mode,fresh_process,observed,1.6218982654390857,jacobi_1d,0.65.1,2,2,dd2d6ec412835edbbe4a018d3544e156d3fdd08552a444b52727b05fa47d8a06,16a5a1662f12689fbf187fbb656ac8e1d9c5d1f78efc866cd0f41cf46b753592,,"['reference_not_ranking', 'single_initialization_observation']"
jacobi_1d,numba,nopython-mode,same_process,observed,1.112892456992995,jacobi_1d,0.65.1,6,3,dd2d6ec412835edbbe4a018d3544e156d3fdd08552a444b52727b05fa47d8a06,16a5a1662f12689fbf187fbb656ac8e1d9c5d1f78efc866cd0f41cf46b753592,,"['reference_not_ranking', 'single_initialization_observation']"
jacobi_1d,numba,nopython-mode-parallel,initialization,observed,4.541422553942539,jacobi_1d,0.65.1,1,1,dd2d6ec412835edbbe4a018d3544e156d3fdd08552a444b52727b05fa47d8a06,16a5a1662f12689fbf187fbb656ac8e1d9c5d1f78efc866cd0f41cf46b753592,,"['reference_not_ranking', 'single_initialization_observation']"
jacobi_1d,numba,nopython-mode-parallel,fresh_process,observed,2.4643738035229035,jacobi_1d,0.65.1,2,2,dd2d6ec412835edbbe4a018d3544e156d3fdd08552a444b52727b05fa47d8a06,16a5a1662f12689fbf187fbb656ac8e1d9c5d1f78efc866cd0f41cf46b753592,,"['reference_not_ranking', 'single_initialization_observation']"
jacobi_1d,numba,nopython-mode-parallel,same_process,observed,1.2750345160020515,jacobi_1d,0.65.1,6,3,dd2d6ec412835edbbe4a018d3544e156d3fdd08552a444b52727b05fa47d8a06,16a5a1662f12689fbf187fbb656ac8e1d9c5d1f78efc866cd0f41cf46b753592,,"['reference_not_ranking', 'single_initialization_observation']"
jacobi_1d,numba,nopython-mode-parallel-range,initialization,N/A,,,,0,0,,,,
jacobi_1d,numba,nopython-mode-parallel-range,fresh_process,N/A,,,,0,0,,,,
jacobi_1d,numba,nopython-mode-parallel-range,same_process,N/A,,,,0,0,,,,
jacobi_1d,numba,object-mode,initialization,N/A,,,,0,0,,,,
jacobi_1d,numba,object-mode,fresh_process,N/A,,,,0,0,,,,
jacobi_1d,numba,object-mode,same_process,N/A,,,,0,0,,,,
jacobi_1d,numba,object-mode-parallel,initialization,N/A,,,,0,0,,,,
jacobi_1d,numba,object-mode-parallel,fresh_process,N/A,,,,0,0,,,,
jacobi_1d,numba,object-mode-parallel,same_process,N/A,,,,0,0,,,,
jacobi_1d,numba,object-mode-parallel-range,initialization,N/A,,,,0,0,,,,
jacobi_1d,numba,object-mode-parallel-range,fresh_process,N/A,,,,0,0,,,,
jacobi_1d,numba,object-mode-parallel-range,same_process,N/A,,,,0,0,,,,
jacobi_1d,dace_cpu,fusion,initialization,observed,8.19421661098022,jacobi_1d,1.0.2,1,1,dd2d6ec412835edbbe4a018d3544e156d3fdd08552a444b52727b05fa47d8a06,16a5a1662f12689fbf187fbb656ac8e1d9c5d1f78efc866cd0f41cf46b753592,,"['reference_not_ranking', 'single_initialization_observation']"
jacobi_1d,dace_cpu,fusion,fresh_process,observed,0.5555998015333898,jacobi_1d,1.0.2,2,2,dd2d6ec412835edbbe4a018d3544e156d3fdd08552a444b52727b05fa47d8a06,16a5a1662f12689fbf187fbb656ac8e1d9c5d1f78efc866cd0f41cf46b753592,,"['reference_not_ranking', 'single_initialization_observation']"
jacobi_1d,dace_cpu,fusion,same_process,observed,0.7185294154915027,jacobi_1d,1.0.2,6,3,dd2d6ec412835edbbe4a018d3544e156d3fdd08552a444b52727b05fa47d8a06,16a5a1662f12689fbf187fbb656ac8e1d9c5d1f78efc866cd0f41cf46b753592,,"['reference_not_ranking', 'single_initialization_observation']"
jacobi_1d,dace_cpu,parallel,initialization,observed,8.30634943197947,jacobi_1d,1.0.2,1,1,dd2d6ec412835edbbe4a018d3544e156d3fdd08552a444b52727b05fa47d8a06,16a5a1662f12689fbf187fbb656ac8e1d9c5d1f78efc866cd0f41cf46b753592,,"['reference_not_ranking', 'single_initialization_observation']"
jacobi_1d,dace_cpu,parallel,fresh_process,observed,0.7322106444626115,jacobi_1d,1.0.2,2,2,dd2d6ec412835edbbe4a018d3544e156d3fdd08552a444b52727b05fa47d8a06,16a5a1662f12689fbf187fbb656ac8e1d9c5d1f78efc866cd0f41cf46b753592,,"['reference_not_ranking', 'single_initialization_observation']"
jacobi_1d,dace_cpu,parallel,same_process,observed,0.6758603539783508,jacobi_1d,1.0.2,6,3,dd2d6ec412835edbbe4a018d3544e156d3fdd08552a444b52727b05fa47d8a06,16a5a1662f12689fbf187fbb656ac8e1d9c5d1f78efc866cd0f41cf46b753592,,"['reference_not_ranking', 'single_initialization_observation']"
jacobi_1d,dace_cpu,auto_opt,initialization,observed,9.339298120932654,jacobi_1d,1.0.2,1,1,dd2d6ec412835edbbe4a018d3544e156d3fdd08552a444b52727b05fa47d8a06,16a5a1662f12689fbf187fbb656ac8e1d9c5d1f78efc866cd0f41cf46b753592,,"['reference_not_ranking', 'single_initialization_observation']"
jacobi_1d,dace_cpu,auto_opt,fresh_process,observed,0.5625324195134453,jacobi_1d,1.0.2,2,2,dd2d6ec412835edbbe4a018d3544e156d3fdd08552a444b52727b05fa47d8a06,16a5a1662f12689fbf187fbb656ac8e1d9c5d1f78efc866cd0f41cf46b753592,,"['reference_not_ranking', 'single_initialization_observation']"
jacobi_1d,dace_cpu,auto_opt,same_process,observed,0.7840813230141066,jacobi_1d,1.0.2,6,3,dd2d6ec412835edbbe4a018d3544e156d3fdd08552a444b52727b05fa47d8a06,16a5a1662f12689fbf187fbb656ac8e1d9c5d1f78efc866cd0f41cf46b753592,,"['reference_not_ranking', 'single_initialization_observation']"
jacobi_1d,dace_gpu,fusion,initialization,observed,24.327903164085,jacobi_1d,1.0.2,1,1,dd2d6ec412835edbbe4a018d3544e156d3fdd08552a444b52727b05fa47d8a06,16a5a1662f12689fbf187fbb656ac8e1d9c5d1f78efc866cd0f41cf46b753592,,"['reference_not_ranking', 'single_initialization_observation']"
jacobi_1d,dace_gpu,fusion,fresh_process,observed,1.1759049405227415,jacobi_1d,1.0.2,2,2,dd2d6ec412835edbbe4a018d3544e156d3fdd08552a444b52727b05fa47d8a06,16a5a1662f12689fbf187fbb656ac8e1d9c5d1f78efc866cd0f41cf46b753592,,"['reference_not_ranking', 'single_initialization_observation']"
jacobi_1d,dace_gpu,fusion,same_process,observed,0.08164031751221046,jacobi_1d,1.0.2,6,3,dd2d6ec412835edbbe4a018d3544e156d3fdd08552a444b52727b05fa47d8a06,16a5a1662f12689fbf187fbb656ac8e1d9c5d1f78efc866cd0f41cf46b753592,,"['reference_not_ranking', 'single_initialization_observation']"
jacobi_1d,dace_gpu,parallel,initialization,observed,24.111436416977085,jacobi_1d,1.0.2,1,1,dd2d6ec412835edbbe4a018d3544e156d3fdd08552a444b52727b05fa47d8a06,16a5a1662f12689fbf187fbb656ac8e1d9c5d1f78efc866cd0f41cf46b753592,,"['reference_not_ranking', 'single_initialization_observation']"
jacobi_1d,dace_gpu,parallel,fresh_process,observed,1.2503164894878864,jacobi_1d,1.0.2,2,2,dd2d6ec412835edbbe4a018d3544e156d3fdd08552a444b52727b05fa47d8a06,16a5a1662f12689fbf187fbb656ac8e1d9c5d1f78efc866cd0f41cf46b753592,,"['reference_not_ranking', 'single_initialization_observation']"
jacobi_1d,dace_gpu,parallel,same_process,observed,0.09065449802437797,jacobi_1d,1.0.2,6,3,dd2d6ec412835edbbe4a018d3544e156d3fdd08552a444b52727b05fa47d8a06,16a5a1662f12689fbf187fbb656ac8e1d9c5d1f78efc866cd0f41cf46b753592,,"['reference_not_ranking', 'single_initialization_observation']"
jacobi_1d,dace_gpu,auto_opt,initialization,observed,25.783609180012718,jacobi_1d,1.0.2,1,1,dd2d6ec412835edbbe4a018d3544e156d3fdd08552a444b52727b05fa47d8a06,16a5a1662f12689fbf187fbb656ac8e1d9c5d1f78efc866cd0f41cf46b753592,,"['reference_not_ranking', 'single_initialization_observation']"
jacobi_1d,dace_gpu,auto_opt,fresh_process,observed,1.3674354029935785,jacobi_1d,1.0.2,2,2,dd2d6ec412835edbbe4a018d3544e156d3fdd08552a444b52727b05fa47d8a06,16a5a1662f12689fbf187fbb656ac8e1d9c5d1f78efc866cd0f41cf46b753592,,"['reference_not_ranking', 'single_initialization_observation']"
jacobi_1d,dace_gpu,auto_opt,same_process,observed,0.08983060851460323,jacobi_1d,1.0.2,6,3,dd2d6ec412835edbbe4a018d3544e156d3fdd08552a444b52727b05fa47d8a06,16a5a1662f12689fbf187fbb656ac8e1d9c5d1f78efc866cd0f41cf46b753592,,"['reference_not_ranking', 'single_initialization_observation']"
jacobi_1d,cupy,default,initialization,observed,2.1762956579914317,jacobi_1d,13.6.0,1,1,dd2d6ec412835edbbe4a018d3544e156d3fdd08552a444b52727b05fa47d8a06,16a5a1662f12689fbf187fbb656ac8e1d9c5d1f78efc866cd0f41cf46b753592,,"['reference_not_ranking', 'single_initialization_observation']"
jacobi_1d,cupy,default,fresh_process,observed,1.877639778482262,jacobi_1d,13.6.0,2,2,dd2d6ec412835edbbe4a018d3544e156d3fdd08552a444b52727b05fa47d8a06,16a5a1662f12689fbf187fbb656ac8e1d9c5d1f78efc866cd0f41cf46b753592,,"['reference_not_ranking', 'single_initialization_observation']"
jacobi_1d,cupy,default,same_process,observed,1.3530789765063673,jacobi_1d,13.6.0,6,3,dd2d6ec412835edbbe4a018d3544e156d3fdd08552a444b52727b05fa47d8a06,16a5a1662f12689fbf187fbb656ac8e1d9c5d1f78efc866cd0f41cf46b753592,,"['reference_not_ranking', 'single_initialization_observation']"
jacobi_2d,numpy,default,initialization,observed,0.7688223420409486,jacobi_2d,1.26.4,1,1,bb0f1b25c2ede622f6875f9761e2dec03fcebb4785d6110e5288554d5cfdd9f9,88fcc37626b242ba2751f475ada3090117847e04203daddbc9456f9d0e7e584d,,"['reference_not_ranking', 'single_initialization_observation']"
jacobi_2d,numpy,default,fresh_process,observed,0.8383495609741658,jacobi_2d,1.26.4,2,2,bb0f1b25c2ede622f6875f9761e2dec03fcebb4785d6110e5288554d5cfdd9f9,88fcc37626b242ba2751f475ada3090117847e04203daddbc9456f9d0e7e584d,,"['reference_not_ranking', 'single_initialization_observation']"
jacobi_2d,numpy,default,same_process,observed,0.6952163289533928,jacobi_2d,1.26.4,6,3,bb0f1b25c2ede622f6875f9761e2dec03fcebb4785d6110e5288554d5cfdd9f9,88fcc37626b242ba2751f475ada3090117847e04203daddbc9456f9d0e7e584d,,"['reference_not_ranking', 'single_initialization_observation']"
jacobi_2d,numba,nopython-mode,initialization,observed,4.681771110976115,jacobi_2d,0.65.1,1,1,bb0f1b25c2ede622f6875f9761e2dec03fcebb4785d6110e5288554d5cfdd9f9,88fcc37626b242ba2751f475ada3090117847e04203daddbc9456f9d0e7e584d,,"['reference_not_ranking', 'single_initialization_observation']"
jacobi_2d,numba,nopython-mode,fresh_process,observed,1.588499314035289,jacobi_2d,0.65.1,2,2,bb0f1b25c2ede622f6875f9761e2dec03fcebb4785d6110e5288554d5cfdd9f9,88fcc37626b242ba2751f475ada3090117847e04203daddbc9456f9d0e7e584d,,"['reference_not_ranking', 'single_initialization_observation']"
jacobi_2d,numba,nopython-mode,same_process,observed,1.1888112459564582,jacobi_2d,0.65.1,6,3,bb0f1b25c2ede622f6875f9761e2dec03fcebb4785d6110e5288554d5cfdd9f9,88fcc37626b242ba2751f475ada3090117847e04203daddbc9456f9d0e7e584d,,"['reference_not_ranking', 'single_initialization_observation']"
jacobi_2d,numba,nopython-mode-parallel,initialization,observed,2.7843122659251094,jacobi_2d,0.65.1,1,1,bb0f1b25c2ede622f6875f9761e2dec03fcebb4785d6110e5288554d5cfdd9f9,88fcc37626b242ba2751f475ada3090117847e04203daddbc9456f9d0e7e584d,,"['reference_not_ranking', 'single_initialization_observation']"
jacobi_2d,numba,nopython-mode-parallel,fresh_process,observed,0.6488624715129845,jacobi_2d,0.65.1,2,2,bb0f1b25c2ede622f6875f9761e2dec03fcebb4785d6110e5288554d5cfdd9f9,88fcc37626b242ba2751f475ada3090117847e04203daddbc9456f9d0e7e584d,,"['reference_not_ranking', 'single_initialization_observation']"
jacobi_2d,numba,nopython-mode-parallel,same_process,observed,0.3733551414916292,jacobi_2d,0.65.1,6,3,bb0f1b25c2ede622f6875f9761e2dec03fcebb4785d6110e5288554d5cfdd9f9,88fcc37626b242ba2751f475ada3090117847e04203daddbc9456f9d0e7e584d,,"['reference_not_ranking', 'single_initialization_observation']"
jacobi_2d,numba,nopython-mode-parallel-range,initialization,N/A,,,,0,0,,,,
jacobi_2d,numba,nopython-mode-parallel-range,fresh_process,N/A,,,,0,0,,,,
jacobi_2d,numba,nopython-mode-parallel-range,same_process,N/A,,,,0,0,,,,
jacobi_2d,numba,object-mode,initialization,N/A,,,,0,0,,,,
jacobi_2d,numba,object-mode,fresh_process,N/A,,,,0,0,,,,
jacobi_2d,numba,object-mode,same_process,N/A,,,,0,0,,,,
jacobi_2d,numba,object-mode-parallel,initialization,N/A,,,,0,0,,,,
jacobi_2d,numba,object-mode-parallel,fresh_process,N/A,,,,0,0,,,,
jacobi_2d,numba,object-mode-parallel,same_process,N/A,,,,0,0,,,,
jacobi_2d,numba,object-mode-parallel-range,initialization,N/A,,,,0,0,,,,
jacobi_2d,numba,object-mode-parallel-range,fresh_process,N/A,,,,0,0,,,,
jacobi_2d,numba,object-mode-parallel-range,same_process,N/A,,,,0,0,,,,
jacobi_2d,dace_cpu,fusion,initialization,observed,8.137009474914521,jacobi_2d,1.0.2,1,1,bb0f1b25c2ede622f6875f9761e2dec03fcebb4785d6110e5288554d5cfdd9f9,88fcc37626b242ba2751f475ada3090117847e04203daddbc9456f9d0e7e584d,,"['reference_not_ranking', 'single_initialization_observation']"
jacobi_2d,dace_cpu,fusion,fresh_process,observed,0.20117267704335973,jacobi_2d,1.0.2,2,2,bb0f1b25c2ede622f6875f9761e2dec03fcebb4785d6110e5288554d5cfdd9f9,88fcc37626b242ba2751f475ada3090117847e04203daddbc9456f9d0e7e584d,,"['reference_not_ranking', 'single_initialization_observation']"
jacobi_2d,dace_cpu,fusion,same_process,observed,0.20816847251262516,jacobi_2d,1.0.2,6,3,bb0f1b25c2ede622f6875f9761e2dec03fcebb4785d6110e5288554d5cfdd9f9,88fcc37626b242ba2751f475ada3090117847e04203daddbc9456f9d0e7e584d,,"['reference_not_ranking', 'single_initialization_observation']"
jacobi_2d,dace_cpu,parallel,initialization,observed,8.164712375029922,jacobi_2d,1.0.2,1,1,bb0f1b25c2ede622f6875f9761e2dec03fcebb4785d6110e5288554d5cfdd9f9,88fcc37626b242ba2751f475ada3090117847e04203daddbc9456f9d0e7e584d,,"['reference_not_ranking', 'single_initialization_observation']"
jacobi_2d,dace_cpu,parallel,fresh_process,observed,0.3249053524923511,jacobi_2d,1.0.2,2,2,bb0f1b25c2ede622f6875f9761e2dec03fcebb4785d6110e5288554d5cfdd9f9,88fcc37626b242ba2751f475ada3090117847e04203daddbc9456f9d0e7e584d,,"['reference_not_ranking', 'single_initialization_observation']"
jacobi_2d,dace_cpu,parallel,same_process,observed,0.05752360651968047,jacobi_2d,1.0.2,6,3,bb0f1b25c2ede622f6875f9761e2dec03fcebb4785d6110e5288554d5cfdd9f9,88fcc37626b242ba2751f475ada3090117847e04203daddbc9456f9d0e7e584d,,"['reference_not_ranking', 'single_initialization_observation']"
jacobi_2d,dace_cpu,auto_opt,initialization,observed,8.58812323899474,jacobi_2d,1.0.2,1,1,bb0f1b25c2ede622f6875f9761e2dec03fcebb4785d6110e5288554d5cfdd9f9,88fcc37626b242ba2751f475ada3090117847e04203daddbc9456f9d0e7e584d,,"['reference_not_ranking', 'single_initialization_observation']"
jacobi_2d,dace_cpu,auto_opt,fresh_process,observed,0.12256699643330649,jacobi_2d,1.0.2,2,2,bb0f1b25c2ede622f6875f9761e2dec03fcebb4785d6110e5288554d5cfdd9f9,88fcc37626b242ba2751f475ada3090117847e04203daddbc9456f9d0e7e584d,,"['reference_not_ranking', 'single_initialization_observation']"
jacobi_2d,dace_cpu,auto_opt,same_process,observed,0.1400512179825455,jacobi_2d,1.0.2,6,3,bb0f1b25c2ede622f6875f9761e2dec03fcebb4785d6110e5288554d5cfdd9f9,88fcc37626b242ba2751f475ada3090117847e04203daddbc9456f9d0e7e584d,,"['reference_not_ranking', 'single_initialization_observation']"
jacobi_2d,dace_gpu,fusion,initialization,observed,24.741760417004116,jacobi_2d,1.0.2,1,1,bb0f1b25c2ede622f6875f9761e2dec03fcebb4785d6110e5288554d5cfdd9f9,88fcc37626b242ba2751f475ada3090117847e04203daddbc9456f9d0e7e584d,,"['reference_not_ranking', 'single_initialization_observation']"
jacobi_2d,dace_gpu,fusion,fresh_process,observed,1.0418661395087838,jacobi_2d,1.0.2,2,2,bb0f1b25c2ede622f6875f9761e2dec03fcebb4785d6110e5288554d5cfdd9f9,88fcc37626b242ba2751f475ada3090117847e04203daddbc9456f9d0e7e584d,,"['reference_not_ranking', 'single_initialization_observation']"
jacobi_2d,dace_gpu,fusion,same_process,observed,0.016201477556023747,jacobi_2d,1.0.2,6,3,bb0f1b25c2ede622f6875f9761e2dec03fcebb4785d6110e5288554d5cfdd9f9,88fcc37626b242ba2751f475ada3090117847e04203daddbc9456f9d0e7e584d,,"['reference_not_ranking', 'single_initialization_observation']"
jacobi_2d,dace_gpu,parallel,initialization,observed,24.305373909068294,jacobi_2d,1.0.2,1,1,bb0f1b25c2ede622f6875f9761e2dec03fcebb4785d6110e5288554d5cfdd9f9,88fcc37626b242ba2751f475ada3090117847e04203daddbc9456f9d0e7e584d,,"['reference_not_ranking', 'single_initialization_observation']"
jacobi_2d,dace_gpu,parallel,fresh_process,observed,1.1339097445015796,jacobi_2d,1.0.2,2,2,bb0f1b25c2ede622f6875f9761e2dec03fcebb4785d6110e5288554d5cfdd9f9,88fcc37626b242ba2751f475ada3090117847e04203daddbc9456f9d0e7e584d,,"['reference_not_ranking', 'single_initialization_observation']"
jacobi_2d,dace_gpu,parallel,same_process,observed,0.017561246000695974,jacobi_2d,1.0.2,6,3,bb0f1b25c2ede622f6875f9761e2dec03fcebb4785d6110e5288554d5cfdd9f9,88fcc37626b242ba2751f475ada3090117847e04203daddbc9456f9d0e7e584d,,"['reference_not_ranking', 'single_initialization_observation']"
jacobi_2d,dace_gpu,auto_opt,initialization,observed,24.772485843044706,jacobi_2d,1.0.2,1,1,bb0f1b25c2ede622f6875f9761e2dec03fcebb4785d6110e5288554d5cfdd9f9,88fcc37626b242ba2751f475ada3090117847e04203daddbc9456f9d0e7e584d,,"['reference_not_ranking', 'single_initialization_observation']"
jacobi_2d,dace_gpu,auto_opt,fresh_process,observed,1.0958572734962218,jacobi_2d,1.0.2,2,2,bb0f1b25c2ede622f6875f9761e2dec03fcebb4785d6110e5288554d5cfdd9f9,88fcc37626b242ba2751f475ada3090117847e04203daddbc9456f9d0e7e584d,,"['reference_not_ranking', 'single_initialization_observation']"
jacobi_2d,dace_gpu,auto_opt,same_process,observed,0.017052571463864297,jacobi_2d,1.0.2,6,3,bb0f1b25c2ede622f6875f9761e2dec03fcebb4785d6110e5288554d5cfdd9f9,88fcc37626b242ba2751f475ada3090117847e04203daddbc9456f9d0e7e584d,,"['reference_not_ranking', 'single_initialization_observation']"
jacobi_2d,cupy,default,initialization,observed,0.9534431200008839,jacobi_2d,13.6.0,1,1,bb0f1b25c2ede622f6875f9761e2dec03fcebb4785d6110e5288554d5cfdd9f9,88fcc37626b242ba2751f475ada3090117847e04203daddbc9456f9d0e7e584d,,"['reference_not_ranking', 'single_initialization_observation']"
jacobi_2d,cupy,default,fresh_process,observed,0.42399395402753726,jacobi_2d,13.6.0,2,2,bb0f1b25c2ede622f6875f9761e2dec03fcebb4785d6110e5288554d5cfdd9f9,88fcc37626b242ba2751f475ada3090117847e04203daddbc9456f9d0e7e584d,,"['reference_not_ranking', 'single_initialization_observation']"
jacobi_2d,cupy,default,same_process,observed,0.07515767496079206,jacobi_2d,13.6.0,6,3,bb0f1b25c2ede622f6875f9761e2dec03fcebb4785d6110e5288554d5cfdd9f9,88fcc37626b242ba2751f475ada3090117847e04203daddbc9456f9d0e7e584d,,"['reference_not_ranking', 'single_initialization_observation']"
k2mm,numpy,default,initialization,observed,2.428729750914499,k2mm,1.26.4,1,1,f489fedc570b7b5da546ee0999db718675f9a6e714d3093820decf3f58d34325,65b07e1d7f5fdc00459ebb8a02ae0881674135e9bd7f454489c2d204e291d7ea,,"['reference_not_ranking', 'single_initialization_observation']"
k2mm,numpy,default,fresh_process,observed,2.362977380573284,k2mm,1.26.4,2,2,f489fedc570b7b5da546ee0999db718675f9a6e714d3093820decf3f58d34325,65b07e1d7f5fdc00459ebb8a02ae0881674135e9bd7f454489c2d204e291d7ea,,"['reference_not_ranking', 'single_initialization_observation']"
k2mm,numpy,default,same_process,observed,2.4313091650255956,k2mm,1.26.4,6,3,f489fedc570b7b5da546ee0999db718675f9a6e714d3093820decf3f58d34325,65b07e1d7f5fdc00459ebb8a02ae0881674135e9bd7f454489c2d204e291d7ea,,"['reference_not_ranking', 'single_initialization_observation']"
k2mm,numba,nopython-mode,initialization,observed,8.752276920946315,k2mm,0.65.1,1,1,f489fedc570b7b5da546ee0999db718675f9a6e714d3093820decf3f58d34325,65b07e1d7f5fdc00459ebb8a02ae0881674135e9bd7f454489c2d204e291d7ea,,"['reference_not_ranking', 'single_initialization_observation']"
k2mm,numba,nopython-mode,fresh_process,observed,2.478717150457669,k2mm,0.65.1,2,2,f489fedc570b7b5da546ee0999db718675f9a6e714d3093820decf3f58d34325,65b07e1d7f5fdc00459ebb8a02ae0881674135e9bd7f454489c2d204e291d7ea,,"['reference_not_ranking', 'single_initialization_observation']"
k2mm,numba,nopython-mode,same_process,observed,2.181667855940759,k2mm,0.65.1,6,3,f489fedc570b7b5da546ee0999db718675f9a6e714d3093820decf3f58d34325,65b07e1d7f5fdc00459ebb8a02ae0881674135e9bd7f454489c2d204e291d7ea,,"['reference_not_ranking', 'single_initialization_observation']"
k2mm,numba,nopython-mode-parallel,initialization,observed,5.8526116739958525,k2mm,0.65.1,1,1,f489fedc570b7b5da546ee0999db718675f9a6e714d3093820decf3f58d34325,65b07e1d7f5fdc00459ebb8a02ae0881674135e9bd7f454489c2d204e291d7ea,,"['reference_not_ranking', 'single_initialization_observation']"
k2mm,numba,nopython-mode-parallel,fresh_process,observed,2.2925493374932557,k2mm,0.65.1,2,2,f489fedc570b7b5da546ee0999db718675f9a6e714d3093820decf3f58d34325,65b07e1d7f5fdc00459ebb8a02ae0881674135e9bd7f454489c2d204e291d7ea,,"['reference_not_ranking', 'single_initialization_observation']"
k2mm,numba,nopython-mode-parallel,same_process,observed,2.145474195946008,k2mm,0.65.1,6,3,f489fedc570b7b5da546ee0999db718675f9a6e714d3093820decf3f58d34325,65b07e1d7f5fdc00459ebb8a02ae0881674135e9bd7f454489c2d204e291d7ea,,"['reference_not_ranking', 'single_initialization_observation']"
k2mm,numba,nopython-mode-parallel-range,initialization,N/A,,,,0,0,,,,
k2mm,numba,nopython-mode-parallel-range,fresh_process,N/A,,,,0,0,,,,
k2mm,numba,nopython-mode-parallel-range,same_process,N/A,,,,0,0,,,,
k2mm,numba,object-mode,initialization,N/A,,,,0,0,,,,
k2mm,numba,object-mode,fresh_process,N/A,,,,0,0,,,,
k2mm,numba,object-mode,same_process,N/A,,,,0,0,,,,
k2mm,numba,object-mode-parallel,initialization,N/A,,,,0,0,,,,
k2mm,numba,object-mode-parallel,fresh_process,N/A,,,,0,0,,,,
k2mm,numba,object-mode-parallel,same_process,N/A,,,,0,0,,,,
k2mm,numba,object-mode-parallel-range,initialization,N/A,,,,0,0,,,,
k2mm,numba,object-mode-parallel-range,fresh_process,N/A,,,,0,0,,,,
k2mm,numba,object-mode-parallel-range,same_process,N/A,,,,0,0,,,,
k2mm,dace_cpu,fusion,initialization,observed,10.725988861988299,k2mm,1.0.2,1,1,f489fedc570b7b5da546ee0999db718675f9a6e714d3093820decf3f58d34325,65b07e1d7f5fdc00459ebb8a02ae0881674135e9bd7f454489c2d204e291d7ea,,"['reference_not_ranking', 'single_initialization_observation']"
k2mm,dace_cpu,fusion,fresh_process,observed,2.6841672034934163,k2mm,1.0.2,2,2,f489fedc570b7b5da546ee0999db718675f9a6e714d3093820decf3f58d34325,65b07e1d7f5fdc00459ebb8a02ae0881674135e9bd7f454489c2d204e291d7ea,,"['reference_not_ranking', 'single_initialization_observation']"
k2mm,dace_cpu,fusion,same_process,observed,2.5533961325418204,k2mm,1.0.2,6,3,f489fedc570b7b5da546ee0999db718675f9a6e714d3093820decf3f58d34325,65b07e1d7f5fdc00459ebb8a02ae0881674135e9bd7f454489c2d204e291d7ea,,"['reference_not_ranking', 'single_initialization_observation']"
k2mm,dace_cpu,parallel,initialization,observed,11.012458076002076,k2mm,1.0.2,1,1,f489fedc570b7b5da546ee0999db718675f9a6e714d3093820decf3f58d34325,65b07e1d7f5fdc00459ebb8a02ae0881674135e9bd7f454489c2d204e291d7ea,,"['reference_not_ranking', 'single_initialization_observation']"
k2mm,dace_cpu,parallel,fresh_process,observed,2.5570793334627524,k2mm,1.0.2,2,2,f489fedc570b7b5da546ee0999db718675f9a6e714d3093820decf3f58d34325,65b07e1d7f5fdc00459ebb8a02ae0881674135e9bd7f454489c2d204e291d7ea,,"['reference_not_ranking', 'single_initialization_observation']"
k2mm,dace_cpu,parallel,same_process,observed,2.608673914510291,k2mm,1.0.2,6,3,f489fedc570b7b5da546ee0999db718675f9a6e714d3093820decf3f58d34325,65b07e1d7f5fdc00459ebb8a02ae0881674135e9bd7f454489c2d204e291d7ea,,"['reference_not_ranking', 'single_initialization_observation']"
k2mm,dace_cpu,auto_opt,initialization,observed,10.596440791967325,k2mm,1.0.2,1,1,f489fedc570b7b5da546ee0999db718675f9a6e714d3093820decf3f58d34325,65b07e1d7f5fdc00459ebb8a02ae0881674135e9bd7f454489c2d204e291d7ea,,"['reference_not_ranking', 'single_initialization_observation']"
k2mm,dace_cpu,auto_opt,fresh_process,observed,2.5284592924872413,k2mm,1.0.2,2,2,f489fedc570b7b5da546ee0999db718675f9a6e714d3093820decf3f58d34325,65b07e1d7f5fdc00459ebb8a02ae0881674135e9bd7f454489c2d204e291d7ea,,"['reference_not_ranking', 'single_initialization_observation']"
k2mm,dace_cpu,auto_opt,same_process,observed,1.7579667450045235,k2mm,1.0.2,6,3,f489fedc570b7b5da546ee0999db718675f9a6e714d3093820decf3f58d34325,65b07e1d7f5fdc00459ebb8a02ae0881674135e9bd7f454489c2d204e291d7ea,,"['reference_not_ranking', 'single_initialization_observation']"
k2mm,dace_gpu,fusion,initialization,observed,28.259124989039265,k2mm,1.0.2,1,1,f489fedc570b7b5da546ee0999db718675f9a6e714d3093820decf3f58d34325,65b07e1d7f5fdc00459ebb8a02ae0881674135e9bd7f454489c2d204e291d7ea,,"['reference_not_ranking', 'single_initialization_observation']"
k2mm,dace_gpu,fusion,fresh_process,observed,2.011917344061658,k2mm,1.0.2,2,2,f489fedc570b7b5da546ee0999db718675f9a6e714d3093820decf3f58d34325,65b07e1d7f5fdc00459ebb8a02ae0881674135e9bd7f454489c2d204e291d7ea,,"['reference_not_ranking', 'single_initialization_observation']"
k2mm,dace_gpu,fusion,same_process,observed,0.3673882440198213,k2mm,1.0.2,6,3,f489fedc570b7b5da546ee0999db718675f9a6e714d3093820decf3f58d34325,65b07e1d7f5fdc00459ebb8a02ae0881674135e9bd7f454489c2d204e291d7ea,,"['reference_not_ranking', 'single_initialization_observation']"
k2mm,dace_gpu,parallel,initialization,observed,28.040964597952552,k2mm,1.0.2,1,1,f489fedc570b7b5da546ee0999db718675f9a6e714d3093820decf3f58d34325,65b07e1d7f5fdc00459ebb8a02ae0881674135e9bd7f454489c2d204e291d7ea,,"['reference_not_ranking', 'single_initialization_observation']"
k2mm,dace_gpu,parallel,fresh_process,observed,2.1419774730456993,k2mm,1.0.2,2,2,f489fedc570b7b5da546ee0999db718675f9a6e714d3093820decf3f58d34325,65b07e1d7f5fdc00459ebb8a02ae0881674135e9bd7f454489c2d204e291d7ea,,"['reference_not_ranking', 'single_initialization_observation']"
k2mm,dace_gpu,parallel,same_process,observed,0.40468241402413696,k2mm,1.0.2,6,3,f489fedc570b7b5da546ee0999db718675f9a6e714d3093820decf3f58d34325,65b07e1d7f5fdc00459ebb8a02ae0881674135e9bd7f454489c2d204e291d7ea,,"['reference_not_ranking', 'single_initialization_observation']"
k2mm,dace_gpu,auto_opt,initialization,observed,26.790504914941266,k2mm,1.0.2,1,1,f489fedc570b7b5da546ee0999db718675f9a6e714d3093820decf3f58d34325,65b07e1d7f5fdc00459ebb8a02ae0881674135e9bd7f454489c2d204e291d7ea,,"['reference_not_ranking', 'single_initialization_observation']"
k2mm,dace_gpu,auto_opt,fresh_process,observed,1.8961289479630068,k2mm,1.0.2,2,2,f489fedc570b7b5da546ee0999db718675f9a6e714d3093820decf3f58d34325,65b07e1d7f5fdc00459ebb8a02ae0881674135e9bd7f454489c2d204e291d7ea,,"['reference_not_ranking', 'single_initialization_observation']"
k2mm,dace_gpu,auto_opt,same_process,observed,0.3818048614775762,k2mm,1.0.2,6,3,f489fedc570b7b5da546ee0999db718675f9a6e714d3093820decf3f58d34325,65b07e1d7f5fdc00459ebb8a02ae0881674135e9bd7f454489c2d204e291d7ea,,"['reference_not_ranking', 'single_initialization_observation']"
k2mm,cupy,default,initialization,observed,2.3661673949100077,k2mm,13.6.0,1,1,f489fedc570b7b5da546ee0999db718675f9a6e714d3093820decf3f58d34325,65b07e1d7f5fdc00459ebb8a02ae0881674135e9bd7f454489c2d204e291d7ea,,"['reference_not_ranking', 'single_initialization_observation']"
k2mm,cupy,default,fresh_process,observed,1.7078422430786304,k2mm,13.6.0,2,2,f489fedc570b7b5da546ee0999db718675f9a6e714d3093820decf3f58d34325,65b07e1d7f5fdc00459ebb8a02ae0881674135e9bd7f454489c2d204e291d7ea,,"['reference_not_ranking', 'single_initialization_observation']"
k2mm,cupy,default,same_process,observed,0.30363851750735193,k2mm,13.6.0,6,3,f489fedc570b7b5da546ee0999db718675f9a6e714d3093820decf3f58d34325,65b07e1d7f5fdc00459ebb8a02ae0881674135e9bd7f454489c2d204e291d7ea,,"['reference_not_ranking', 'single_initialization_observation']"
k3mm,numpy,default,initialization,observed,3.003823308972642,k3mm,1.26.4,1,1,4e368169475a2a62e9d6b60f9f0f38731e82923b1a6bcbfe2a2be25f4a23617d,aad0bebb7814a2ecba71c57046d8003bc43cb0f8e9f62fa7a3c5da967acf1885,,"['reference_not_ranking', 'single_initialization_observation']"
k3mm,numpy,default,fresh_process,observed,2.798040744033642,k3mm,1.26.4,2,2,4e368169475a2a62e9d6b60f9f0f38731e82923b1a6bcbfe2a2be25f4a23617d,aad0bebb7814a2ecba71c57046d8003bc43cb0f8e9f62fa7a3c5da967acf1885,,"['reference_not_ranking', 'single_initialization_observation']"
k3mm,numpy,default,same_process,observed,2.702630390995182,k3mm,1.26.4,6,3,4e368169475a2a62e9d6b60f9f0f38731e82923b1a6bcbfe2a2be25f4a23617d,aad0bebb7814a2ecba71c57046d8003bc43cb0f8e9f62fa7a3c5da967acf1885,,"['reference_not_ranking', 'single_initialization_observation']"
k3mm,numba,nopython-mode,initialization,observed,3.0636188499629498,k3mm,0.65.1,1,1,4e368169475a2a62e9d6b60f9f0f38731e82923b1a6bcbfe2a2be25f4a23617d,aad0bebb7814a2ecba71c57046d8003bc43cb0f8e9f62fa7a3c5da967acf1885,,"['reference_not_ranking', 'single_initialization_observation']"
k3mm,numba,nopython-mode,fresh_process,observed,2.086017252469901,k3mm,0.65.1,2,2,4e368169475a2a62e9d6b60f9f0f38731e82923b1a6bcbfe2a2be25f4a23617d,aad0bebb7814a2ecba71c57046d8003bc43cb0f8e9f62fa7a3c5da967acf1885,,"['reference_not_ranking', 'single_initialization_observation']"
k3mm,numba,nopython-mode,same_process,observed,2.092636472079903,k3mm,0.65.1,6,3,4e368169475a2a62e9d6b60f9f0f38731e82923b1a6bcbfe2a2be25f4a23617d,aad0bebb7814a2ecba71c57046d8003bc43cb0f8e9f62fa7a3c5da967acf1885,,"['reference_not_ranking', 'single_initialization_observation']"
k3mm,numba,nopython-mode-parallel,initialization,observed,2.911001106025651,k3mm,0.65.1,1,1,4e368169475a2a62e9d6b60f9f0f38731e82923b1a6bcbfe2a2be25f4a23617d,aad0bebb7814a2ecba71c57046d8003bc43cb0f8e9f62fa7a3c5da967acf1885,,"['reference_not_ranking', 'single_initialization_observation']"
k3mm,numba,nopython-mode-parallel,fresh_process,observed,1.926002664549742,k3mm,0.65.1,2,2,4e368169475a2a62e9d6b60f9f0f38731e82923b1a6bcbfe2a2be25f4a23617d,aad0bebb7814a2ecba71c57046d8003bc43cb0f8e9f62fa7a3c5da967acf1885,,"['reference_not_ranking', 'single_initialization_observation']"
k3mm,numba,nopython-mode-parallel,same_process,observed,2.1465315785026178,k3mm,0.65.1,6,3,4e368169475a2a62e9d6b60f9f0f38731e82923b1a6bcbfe2a2be25f4a23617d,aad0bebb7814a2ecba71c57046d8003bc43cb0f8e9f62fa7a3c5da967acf1885,,"['reference_not_ranking', 'single_initialization_observation']"
k3mm,numba,nopython-mode-parallel-range,initialization,N/A,,,,0,0,,,,
k3mm,numba,nopython-mode-parallel-range,fresh_process,N/A,,,,0,0,,,,
k3mm,numba,nopython-mode-parallel-range,same_process,N/A,,,,0,0,,,,
k3mm,numba,object-mode,initialization,N/A,,,,0,0,,,,
k3mm,numba,object-mode,fresh_process,N/A,,,,0,0,,,,
k3mm,numba,object-mode,same_process,N/A,,,,0,0,,,,
k3mm,numba,object-mode-parallel,initialization,N/A,,,,0,0,,,,
k3mm,numba,object-mode-parallel,fresh_process,N/A,,,,0,0,,,,
k3mm,numba,object-mode-parallel,same_process,N/A,,,,0,0,,,,
k3mm,numba,object-mode-parallel-range,initialization,N/A,,,,0,0,,,,
k3mm,numba,object-mode-parallel-range,fresh_process,N/A,,,,0,0,,,,
k3mm,numba,object-mode-parallel-range,same_process,N/A,,,,0,0,,,,
k3mm,dace_cpu,fusion,initialization,observed,10.945478289970197,k3mm,1.0.2,1,1,4e368169475a2a62e9d6b60f9f0f38731e82923b1a6bcbfe2a2be25f4a23617d,aad0bebb7814a2ecba71c57046d8003bc43cb0f8e9f62fa7a3c5da967acf1885,,"['reference_not_ranking', 'single_initialization_observation']"
k3mm,dace_cpu,fusion,fresh_process,observed,3.0551921320147812,k3mm,1.0.2,2,2,4e368169475a2a62e9d6b60f9f0f38731e82923b1a6bcbfe2a2be25f4a23617d,aad0bebb7814a2ecba71c57046d8003bc43cb0f8e9f62fa7a3c5da967acf1885,,"['reference_not_ranking', 'single_initialization_observation']"
k3mm,dace_cpu,fusion,same_process,observed,2.9804216499323957,k3mm,1.0.2,6,3,4e368169475a2a62e9d6b60f9f0f38731e82923b1a6bcbfe2a2be25f4a23617d,aad0bebb7814a2ecba71c57046d8003bc43cb0f8e9f62fa7a3c5da967acf1885,,"['reference_not_ranking', 'single_initialization_observation']"
k3mm,dace_cpu,parallel,initialization,observed,10.651452793972567,k3mm,1.0.2,1,1,4e368169475a2a62e9d6b60f9f0f38731e82923b1a6bcbfe2a2be25f4a23617d,aad0bebb7814a2ecba71c57046d8003bc43cb0f8e9f62fa7a3c5da967acf1885,,"['reference_not_ranking', 'single_initialization_observation']"
k3mm,dace_cpu,parallel,fresh_process,observed,2.9753547229920514,k3mm,1.0.2,2,2,4e368169475a2a62e9d6b60f9f0f38731e82923b1a6bcbfe2a2be25f4a23617d,aad0bebb7814a2ecba71c57046d8003bc43cb0f8e9f62fa7a3c5da967acf1885,,"['reference_not_ranking', 'single_initialization_observation']"
k3mm,dace_cpu,parallel,same_process,observed,3.0851241330383345,k3mm,1.0.2,6,3,4e368169475a2a62e9d6b60f9f0f38731e82923b1a6bcbfe2a2be25f4a23617d,aad0bebb7814a2ecba71c57046d8003bc43cb0f8e9f62fa7a3c5da967acf1885,,"['reference_not_ranking', 'single_initialization_observation']"
k3mm,dace_cpu,auto_opt,initialization,observed,11.016180505044758,k3mm,1.0.2,1,1,4e368169475a2a62e9d6b60f9f0f38731e82923b1a6bcbfe2a2be25f4a23617d,aad0bebb7814a2ecba71c57046d8003bc43cb0f8e9f62fa7a3c5da967acf1885,,"['reference_not_ranking', 'single_initialization_observation']"
k3mm,dace_cpu,auto_opt,fresh_process,observed,3.2335949550033547,k3mm,1.0.2,2,2,4e368169475a2a62e9d6b60f9f0f38731e82923b1a6bcbfe2a2be25f4a23617d,aad0bebb7814a2ecba71c57046d8003bc43cb0f8e9f62fa7a3c5da967acf1885,,"['reference_not_ranking', 'single_initialization_observation']"
k3mm,dace_cpu,auto_opt,same_process,observed,2.494353413465433,k3mm,1.0.2,6,3,4e368169475a2a62e9d6b60f9f0f38731e82923b1a6bcbfe2a2be25f4a23617d,aad0bebb7814a2ecba71c57046d8003bc43cb0f8e9f62fa7a3c5da967acf1885,,"['reference_not_ranking', 'single_initialization_observation']"
k3mm,dace_gpu,fusion,initialization,observed,26.205150600057095,k3mm,1.0.2,1,1,4e368169475a2a62e9d6b60f9f0f38731e82923b1a6bcbfe2a2be25f4a23617d,aad0bebb7814a2ecba71c57046d8003bc43cb0f8e9f62fa7a3c5da967acf1885,,"['reference_not_ranking', 'single_initialization_observation']"
k3mm,dace_gpu,fusion,fresh_process,observed,1.6765510235563852,k3mm,1.0.2,2,2,4e368169475a2a62e9d6b60f9f0f38731e82923b1a6bcbfe2a2be25f4a23617d,aad0bebb7814a2ecba71c57046d8003bc43cb0f8e9f62fa7a3c5da967acf1885,,"['reference_not_ranking', 'single_initialization_observation']"
k3mm,dace_gpu,fusion,same_process,observed,0.38701222254894674,k3mm,1.0.2,6,3,4e368169475a2a62e9d6b60f9f0f38731e82923b1a6bcbfe2a2be25f4a23617d,aad0bebb7814a2ecba71c57046d8003bc43cb0f8e9f62fa7a3c5da967acf1885,,"['reference_not_ranking', 'single_initialization_observation']"
k3mm,dace_gpu,parallel,initialization,observed,26.484928066958673,k3mm,1.0.2,1,1,4e368169475a2a62e9d6b60f9f0f38731e82923b1a6bcbfe2a2be25f4a23617d,aad0bebb7814a2ecba71c57046d8003bc43cb0f8e9f62fa7a3c5da967acf1885,,"['reference_not_ranking', 'single_initialization_observation']"
k3mm,dace_gpu,parallel,fresh_process,observed,1.9481728774844669,k3mm,1.0.2,2,2,4e368169475a2a62e9d6b60f9f0f38731e82923b1a6bcbfe2a2be25f4a23617d,aad0bebb7814a2ecba71c57046d8003bc43cb0f8e9f62fa7a3c5da967acf1885,,"['reference_not_ranking', 'single_initialization_observation']"
k3mm,dace_gpu,parallel,same_process,observed,0.39954688400030136,k3mm,1.0.2,6,3,4e368169475a2a62e9d6b60f9f0f38731e82923b1a6bcbfe2a2be25f4a23617d,aad0bebb7814a2ecba71c57046d8003bc43cb0f8e9f62fa7a3c5da967acf1885,,"['reference_not_ranking', 'single_initialization_observation']"
k3mm,dace_gpu,auto_opt,initialization,observed,26.1922627229942,k3mm,1.0.2,1,1,4e368169475a2a62e9d6b60f9f0f38731e82923b1a6bcbfe2a2be25f4a23617d,aad0bebb7814a2ecba71c57046d8003bc43cb0f8e9f62fa7a3c5da967acf1885,,"['reference_not_ranking', 'single_initialization_observation']"
k3mm,dace_gpu,auto_opt,fresh_process,observed,2.088344435498584,k3mm,1.0.2,2,2,4e368169475a2a62e9d6b60f9f0f38731e82923b1a6bcbfe2a2be25f4a23617d,aad0bebb7814a2ecba71c57046d8003bc43cb0f8e9f62fa7a3c5da967acf1885,,"['reference_not_ranking', 'single_initialization_observation']"
k3mm,dace_gpu,auto_opt,same_process,observed,0.38513056898955256,k3mm,1.0.2,6,3,4e368169475a2a62e9d6b60f9f0f38731e82923b1a6bcbfe2a2be25f4a23617d,aad0bebb7814a2ecba71c57046d8003bc43cb0f8e9f62fa7a3c5da967acf1885,,"['reference_not_ranking', 'single_initialization_observation']"
k3mm,cupy,default,initialization,observed,1.996256517013535,k3mm,13.6.0,1,1,4e368169475a2a62e9d6b60f9f0f38731e82923b1a6bcbfe2a2be25f4a23617d,aad0bebb7814a2ecba71c57046d8003bc43cb0f8e9f62fa7a3c5da967acf1885,,"['reference_not_ranking', 'single_initialization_observation']"
k3mm,cupy,default,fresh_process,observed,1.9721331019536592,k3mm,13.6.0,2,2,4e368169475a2a62e9d6b60f9f0f38731e82923b1a6bcbfe2a2be25f4a23617d,aad0bebb7814a2ecba71c57046d8003bc43cb0f8e9f62fa7a3c5da967acf1885,,"['reference_not_ranking', 'single_initialization_observation']"
k3mm,cupy,default,same_process,observed,0.3116860675509088,k3mm,13.6.0,6,3,4e368169475a2a62e9d6b60f9f0f38731e82923b1a6bcbfe2a2be25f4a23617d,aad0bebb7814a2ecba71c57046d8003bc43cb0f8e9f62fa7a3c5da967acf1885,,"['reference_not_ranking', 'single_initialization_observation']"
lenet,numpy,default,initialization,observed,1.1147261669393629,lenet,1.26.4,1,1,c03e6ed4aa80ca847e538ab41f9b22060f454237935c67944c81ced7dd93a48b,914661bfde93da5c2e7b1ef256bf97775e395b5980f08a299cd8040e92c0b6ea,,"['reference_not_ranking', 'single_initialization_observation']"
lenet,numpy,default,fresh_process,observed,1.285640076501295,lenet,1.26.4,2,2,c03e6ed4aa80ca847e538ab41f9b22060f454237935c67944c81ced7dd93a48b,914661bfde93da5c2e7b1ef256bf97775e395b5980f08a299cd8040e92c0b6ea,,"['reference_not_ranking', 'single_initialization_observation']"
lenet,numpy,default,same_process,observed,1.2508784100064076,lenet,1.26.4,6,3,c03e6ed4aa80ca847e538ab41f9b22060f454237935c67944c81ced7dd93a48b,914661bfde93da5c2e7b1ef256bf97775e395b5980f08a299cd8040e92c0b6ea,,"['reference_not_ranking', 'single_initialization_observation']"
lenet,numba,nopython-mode,initialization,observed,34.661303461994976,lenet,0.65.1,1,1,c03e6ed4aa80ca847e538ab41f9b22060f454237935c67944c81ced7dd93a48b,914661bfde93da5c2e7b1ef256bf97775e395b5980f08a299cd8040e92c0b6ea,,"['reference_not_ranking', 'single_initialization_observation']"
lenet,numba,nopython-mode,fresh_process,observed,1.6137012509279884,lenet,0.65.1,2,2,c03e6ed4aa80ca847e538ab41f9b22060f454237935c67944c81ced7dd93a48b,914661bfde93da5c2e7b1ef256bf97775e395b5980f08a299cd8040e92c0b6ea,,"['reference_not_ranking', 'single_initialization_observation']"
lenet,numba,nopython-mode,same_process,observed,1.1345807919860817,lenet,0.65.1,6,3,c03e6ed4aa80ca847e538ab41f9b22060f454237935c67944c81ced7dd93a48b,914661bfde93da5c2e7b1ef256bf97775e395b5980f08a299cd8040e92c0b6ea,,"['reference_not_ranking', 'single_initialization_observation']"
lenet,numba,nopython-mode-parallel,initialization,observed,116.17690952401608,lenet,0.65.1,1,1,c03e6ed4aa80ca847e538ab41f9b22060f454237935c67944c81ced7dd93a48b,914661bfde93da5c2e7b1ef256bf97775e395b5980f08a299cd8040e92c0b6ea,,"['reference_not_ranking', 'single_initialization_observation']"
lenet,numba,nopython-mode-parallel,fresh_process,observed,100.88482673547696,lenet,0.65.1,2,2,c03e6ed4aa80ca847e538ab41f9b22060f454237935c67944c81ced7dd93a48b,914661bfde93da5c2e7b1ef256bf97775e395b5980f08a299cd8040e92c0b6ea,,"['reference_not_ranking', 'single_initialization_observation']"
lenet,numba,nopython-mode-parallel,same_process,observed,97.1399924675352,lenet,0.65.1,6,3,c03e6ed4aa80ca847e538ab41f9b22060f454237935c67944c81ced7dd93a48b,914661bfde93da5c2e7b1ef256bf97775e395b5980f08a299cd8040e92c0b6ea,,"['reference_not_ranking', 'single_initialization_observation']"
lenet,numba,nopython-mode-parallel-range,initialization,observed,54.664256479009055,lenet,0.65.1,1,1,c03e6ed4aa80ca847e538ab41f9b22060f454237935c67944c81ced7dd93a48b,914661bfde93da5c2e7b1ef256bf97775e395b5980f08a299cd8040e92c0b6ea,,"['reference_not_ranking', 'single_initialization_observation']"
lenet,numba,nopython-mode-parallel-range,fresh_process,observed,0.6378975425614044,lenet,0.65.1,2,2,c03e6ed4aa80ca847e538ab41f9b22060f454237935c67944c81ced7dd93a48b,914661bfde93da5c2e7b1ef256bf97775e395b5980f08a299cd8040e92c0b6ea,,"['reference_not_ranking', 'single_initialization_observation']"
lenet,numba,nopython-mode-parallel-range,same_process,observed,0.12534888699883595,lenet,0.65.1,6,3,c03e6ed4aa80ca847e538ab41f9b22060f454237935c67944c81ced7dd93a48b,914661bfde93da5c2e7b1ef256bf97775e395b5980f08a299cd8040e92c0b6ea,,"['reference_not_ranking', 'single_initialization_observation']"
lenet,numba,object-mode,initialization,error,,lenet,0.65.1,0,0,c03e6ed4aa80ca847e538ab41f9b22060f454237935c67944c81ced7dd93a48b,914661bfde93da5c2e7b1ef256bf97775e395b5980f08a299cd8040e92c0b6ea,,"['reference_not_ranking', 'single_initialization_observation']"
lenet,numba,object-mode,fresh_process,error,,lenet,0.65.1,0,0,c03e6ed4aa80ca847e538ab41f9b22060f454237935c67944c81ced7dd93a48b,914661bfde93da5c2e7b1ef256bf97775e395b5980f08a299cd8040e92c0b6ea,,"['reference_not_ranking', 'single_initialization_observation']"
lenet,numba,object-mode,same_process,error,,lenet,0.65.1,0,0,c03e6ed4aa80ca847e538ab41f9b22060f454237935c67944c81ced7dd93a48b,914661bfde93da5c2e7b1ef256bf97775e395b5980f08a299cd8040e92c0b6ea,,"['reference_not_ranking', 'single_initialization_observation']"
lenet,numba,object-mode-parallel,initialization,error,,lenet,0.65.1,0,0,c03e6ed4aa80ca847e538ab41f9b22060f454237935c67944c81ced7dd93a48b,914661bfde93da5c2e7b1ef256bf97775e395b5980f08a299cd8040e92c0b6ea,,"['reference_not_ranking', 'single_initialization_observation']"
lenet,numba,object-mode-parallel,fresh_process,error,,lenet,0.65.1,0,0,c03e6ed4aa80ca847e538ab41f9b22060f454237935c67944c81ced7dd93a48b,914661bfde93da5c2e7b1ef256bf97775e395b5980f08a299cd8040e92c0b6ea,,"['reference_not_ranking', 'single_initialization_observation']"
lenet,numba,object-mode-parallel,same_process,error,,lenet,0.65.1,0,0,c03e6ed4aa80ca847e538ab41f9b22060f454237935c67944c81ced7dd93a48b,914661bfde93da5c2e7b1ef256bf97775e395b5980f08a299cd8040e92c0b6ea,,"['reference_not_ranking', 'single_initialization_observation']"
lenet,numba,object-mode-parallel-range,initialization,observed,4.140914627001621,lenet,0.65.1,1,1,c03e6ed4aa80ca847e538ab41f9b22060f454237935c67944c81ced7dd93a48b,914661bfde93da5c2e7b1ef256bf97775e395b5980f08a299cd8040e92c0b6ea,,"['reference_not_ranking', 'single_initialization_observation']"
lenet,numba,object-mode-parallel-range,fresh_process,observed,3.988507895497605,lenet,0.65.1,2,2,c03e6ed4aa80ca847e538ab41f9b22060f454237935c67944c81ced7dd93a48b,914661bfde93da5c2e7b1ef256bf97775e395b5980f08a299cd8040e92c0b6ea,,"['reference_not_ranking', 'single_initialization_observation']"
lenet,numba,object-mode-parallel-range,same_process,observed,1.3137593655264936,lenet,0.65.1,6,3,c03e6ed4aa80ca847e538ab41f9b22060f454237935c67944c81ced7dd93a48b,914661bfde93da5c2e7b1ef256bf97775e395b5980f08a299cd8040e92c0b6ea,,"['reference_not_ranking', 'single_initialization_observation']"
lenet,dace_cpu,fusion,initialization,observed,16.570257854065858,lenet,1.0.2,1,1,c03e6ed4aa80ca847e538ab41f9b22060f454237935c67944c81ced7dd93a48b,914661bfde93da5c2e7b1ef256bf97775e395b5980f08a299cd8040e92c0b6ea,,"['reference_not_ranking', 'single_initialization_observation']"
lenet,dace_cpu,fusion,fresh_process,observed,4.942114538978785,lenet,1.0.2,2,2,c03e6ed4aa80ca847e538ab41f9b22060f454237935c67944c81ced7dd93a48b,914661bfde93da5c2e7b1ef256bf97775e395b5980f08a299cd8040e92c0b6ea,,"['reference_not_ranking', 'single_initialization_observation']"
lenet,dace_cpu,fusion,same_process,observed,3.9924803730100393,lenet,1.0.2,6,3,c03e6ed4aa80ca847e538ab41f9b22060f454237935c67944c81ced7dd93a48b,914661bfde93da5c2e7b1ef256bf97775e395b5980f08a299cd8040e92c0b6ea,,"['reference_not_ranking', 'single_initialization_observation']"
lenet,dace_cpu,parallel,initialization,observed,16.371423679986037,lenet,1.0.2,1,1,c03e6ed4aa80ca847e538ab41f9b22060f454237935c67944c81ced7dd93a48b,914661bfde93da5c2e7b1ef256bf97775e395b5980f08a299cd8040e92c0b6ea,,"['reference_not_ranking', 'single_initialization_observation']"
lenet,dace_cpu,parallel,fresh_process,observed,3.5878739909967408,lenet,1.0.2,2,2,c03e6ed4aa80ca847e538ab41f9b22060f454237935c67944c81ced7dd93a48b,914661bfde93da5c2e7b1ef256bf97775e395b5980f08a299cd8040e92c0b6ea,,"['reference_not_ranking', 'single_initialization_observation']"
lenet,dace_cpu,parallel,same_process,observed,2.620260571478866,lenet,1.0.2,6,3,c03e6ed4aa80ca847e538ab41f9b22060f454237935c67944c81ced7dd93a48b,914661bfde93da5c2e7b1ef256bf97775e395b5980f08a299cd8040e92c0b6ea,,"['reference_not_ranking', 'single_initialization_observation']"
lenet,dace_cpu,auto_opt,initialization,observed,18.39523480203934,lenet,1.0.2,1,1,c03e6ed4aa80ca847e538ab41f9b22060f454237935c67944c81ced7dd93a48b,914661bfde93da5c2e7b1ef256bf97775e395b5980f08a299cd8040e92c0b6ea,,"['reference_not_ranking', 'single_initialization_observation']"
lenet,dace_cpu,auto_opt,fresh_process,observed,4.433836300508119,lenet,1.0.2,2,2,c03e6ed4aa80ca847e538ab41f9b22060f454237935c67944c81ced7dd93a48b,914661bfde93da5c2e7b1ef256bf97775e395b5980f08a299cd8040e92c0b6ea,,"['reference_not_ranking', 'single_initialization_observation']"
lenet,dace_cpu,auto_opt,same_process,observed,2.5820625919732265,lenet,1.0.2,6,3,c03e6ed4aa80ca847e538ab41f9b22060f454237935c67944c81ced7dd93a48b,914661bfde93da5c2e7b1ef256bf97775e395b5980f08a299cd8040e92c0b6ea,,"['reference_not_ranking', 'single_initialization_observation']"
lenet,dace_gpu,fusion,initialization,error,,lenet,1.0.2,0,0,c03e6ed4aa80ca847e538ab41f9b22060f454237935c67944c81ced7dd93a48b,914661bfde93da5c2e7b1ef256bf97775e395b5980f08a299cd8040e92c0b6ea,,"['reference_not_ranking', 'single_initialization_observation']"
lenet,dace_gpu,fusion,fresh_process,error,,lenet,1.0.2,0,0,c03e6ed4aa80ca847e538ab41f9b22060f454237935c67944c81ced7dd93a48b,914661bfde93da5c2e7b1ef256bf97775e395b5980f08a299cd8040e92c0b6ea,,"['reference_not_ranking', 'single_initialization_observation']"
lenet,dace_gpu,fusion,same_process,error,,lenet,1.0.2,0,0,c03e6ed4aa80ca847e538ab41f9b22060f454237935c67944c81ced7dd93a48b,914661bfde93da5c2e7b1ef256bf97775e395b5980f08a299cd8040e92c0b6ea,,"['reference_not_ranking', 'single_initialization_observation']"
lenet,dace_gpu,parallel,initialization,error,,lenet,1.0.2,0,0,c03e6ed4aa80ca847e538ab41f9b22060f454237935c67944c81ced7dd93a48b,914661bfde93da5c2e7b1ef256bf97775e395b5980f08a299cd8040e92c0b6ea,,"['reference_not_ranking', 'single_initialization_observation']"
lenet,dace_gpu,parallel,fresh_process,error,,lenet,1.0.2,0,0,c03e6ed4aa80ca847e538ab41f9b22060f454237935c67944c81ced7dd93a48b,914661bfde93da5c2e7b1ef256bf97775e395b5980f08a299cd8040e92c0b6ea,,"['reference_not_ranking', 'single_initialization_observation']"
lenet,dace_gpu,parallel,same_process,error,,lenet,1.0.2,0,0,c03e6ed4aa80ca847e538ab41f9b22060f454237935c67944c81ced7dd93a48b,914661bfde93da5c2e7b1ef256bf97775e395b5980f08a299cd8040e92c0b6ea,,"['reference_not_ranking', 'single_initialization_observation']"
lenet,dace_gpu,auto_opt,initialization,error,,lenet,1.0.2,0,0,c03e6ed4aa80ca847e538ab41f9b22060f454237935c67944c81ced7dd93a48b,914661bfde93da5c2e7b1ef256bf97775e395b5980f08a299cd8040e92c0b6ea,,"['reference_not_ranking', 'single_initialization_observation']"
lenet,dace_gpu,auto_opt,fresh_process,error,,lenet,1.0.2,0,0,c03e6ed4aa80ca847e538ab41f9b22060f454237935c67944c81ced7dd93a48b,914661bfde93da5c2e7b1ef256bf97775e395b5980f08a299cd8040e92c0b6ea,,"['reference_not_ranking', 'single_initialization_observation']"
lenet,dace_gpu,auto_opt,same_process,error,,lenet,1.0.2,0,0,c03e6ed4aa80ca847e538ab41f9b22060f454237935c67944c81ced7dd93a48b,914661bfde93da5c2e7b1ef256bf97775e395b5980f08a299cd8040e92c0b6ea,,"['reference_not_ranking', 'single_initialization_observation']"
lenet,cupy,default,initialization,observed,4.389884570031427,lenet,13.6.0,1,1,c03e6ed4aa80ca847e538ab41f9b22060f454237935c67944c81ced7dd93a48b,914661bfde93da5c2e7b1ef256bf97775e395b5980f08a299cd8040e92c0b6ea,,"['reference_not_ranking', 'single_initialization_observation']"
lenet,cupy,default,fresh_process,observed,3.77005074248882,lenet,13.6.0,2,2,c03e6ed4aa80ca847e538ab41f9b22060f454237935c67944c81ced7dd93a48b,914661bfde93da5c2e7b1ef256bf97775e395b5980f08a299cd8040e92c0b6ea,,"['reference_not_ranking', 'single_initialization_observation']"
lenet,cupy,default,same_process,observed,3.1428193124593236,lenet,13.6.0,6,3,c03e6ed4aa80ca847e538ab41f9b22060f454237935c67944c81ced7dd93a48b,914661bfde93da5c2e7b1ef256bf97775e395b5980f08a299cd8040e92c0b6ea,,"['reference_not_ranking', 'single_initialization_observation']"
lu,numpy,default,initialization,observed,1.2638173160376027,lu,1.26.4,1,1,a94cc969fb7abca21f73c7702df3d7b5782724193307a4c14a3543791e733d27,9ac2f818703fa8aa1a82579828bb4b9f516a133a9d2de36086ba8af196680084,,"['reference_not_ranking', 'single_initialization_observation']"
lu,numpy,default,fresh_process,observed,1.2648114969488233,lu,1.26.4,2,2,a94cc969fb7abca21f73c7702df3d7b5782724193307a4c14a3543791e733d27,9ac2f818703fa8aa1a82579828bb4b9f516a133a9d2de36086ba8af196680084,,"['reference_not_ranking', 'single_initialization_observation']"
lu,numpy,default,same_process,observed,1.3399111480102874,lu,1.26.4,6,3,a94cc969fb7abca21f73c7702df3d7b5782724193307a4c14a3543791e733d27,9ac2f818703fa8aa1a82579828bb4b9f516a133a9d2de36086ba8af196680084,,"['reference_not_ranking', 'single_initialization_observation']"
lu,numba,nopython-mode,initialization,observed,1.0295464369701222,lu,0.65.1,1,1,a94cc969fb7abca21f73c7702df3d7b5782724193307a4c14a3543791e733d27,9ac2f818703fa8aa1a82579828bb4b9f516a133a9d2de36086ba8af196680084,,"['reference_not_ranking', 'single_initialization_observation']"
lu,numba,nopython-mode,fresh_process,observed,0.5096337159629911,lu,0.65.1,2,2,a94cc969fb7abca21f73c7702df3d7b5782724193307a4c14a3543791e733d27,9ac2f818703fa8aa1a82579828bb4b9f516a133a9d2de36086ba8af196680084,,"['reference_not_ranking', 'single_initialization_observation']"
lu,numba,nopython-mode,same_process,observed,0.19840198097517714,lu,0.65.1,6,3,a94cc969fb7abca21f73c7702df3d7b5782724193307a4c14a3543791e733d27,9ac2f818703fa8aa1a82579828bb4b9f516a133a9d2de36086ba8af196680084,,"['reference_not_ranking', 'single_initialization_observation']"
lu,numba,nopython-mode-parallel,initialization,observed,1.3512187339365482,lu,0.65.1,1,1,a94cc969fb7abca21f73c7702df3d7b5782724193307a4c14a3543791e733d27,9ac2f818703fa8aa1a82579828bb4b9f516a133a9d2de36086ba8af196680084,,"['reference_not_ranking', 'single_initialization_observation']"
lu,numba,nopython-mode-parallel,fresh_process,observed,1.289994485967327,lu,0.65.1,2,2,a94cc969fb7abca21f73c7702df3d7b5782724193307a4c14a3543791e733d27,9ac2f818703fa8aa1a82579828bb4b9f516a133a9d2de36086ba8af196680084,,"['reference_not_ranking', 'single_initialization_observation']"
lu,numba,nopython-mode-parallel,same_process,observed,1.3534582100110129,lu,0.65.1,6,3,a94cc969fb7abca21f73c7702df3d7b5782724193307a4c14a3543791e733d27,9ac2f818703fa8aa1a82579828bb4b9f516a133a9d2de36086ba8af196680084,,"['reference_not_ranking', 'single_initialization_observation']"
lu,numba,nopython-mode-parallel-range,initialization,N/A,,,,0,0,,,,
lu,numba,nopython-mode-parallel-range,fresh_process,N/A,,,,0,0,,,,
lu,numba,nopython-mode-parallel-range,same_process,N/A,,,,0,0,,,,
lu,numba,object-mode,initialization,N/A,,,,0,0,,,,
lu,numba,object-mode,fresh_process,N/A,,,,0,0,,,,
lu,numba,object-mode,same_process,N/A,,,,0,0,,,,
lu,numba,object-mode-parallel,initialization,N/A,,,,0,0,,,,
lu,numba,object-mode-parallel,fresh_process,N/A,,,,0,0,,,,
lu,numba,object-mode-parallel,same_process,N/A,,,,0,0,,,,
lu,numba,object-mode-parallel-range,initialization,N/A,,,,0,0,,,,
lu,numba,object-mode-parallel-range,fresh_process,N/A,,,,0,0,,,,
lu,numba,object-mode-parallel-range,same_process,N/A,,,,0,0,,,,
lu,dace_cpu,fusion,initialization,observed,8.48601381701883,lu,1.0.2,1,1,a94cc969fb7abca21f73c7702df3d7b5782724193307a4c14a3543791e733d27,9ac2f818703fa8aa1a82579828bb4b9f516a133a9d2de36086ba8af196680084,,"['reference_not_ranking', 'single_initialization_observation']"
lu,dace_cpu,fusion,fresh_process,observed,0.20910472248215228,lu,1.0.2,2,2,a94cc969fb7abca21f73c7702df3d7b5782724193307a4c14a3543791e733d27,9ac2f818703fa8aa1a82579828bb4b9f516a133a9d2de36086ba8af196680084,,"['reference_not_ranking', 'single_initialization_observation']"
lu,dace_cpu,fusion,same_process,observed,0.13357314799213782,lu,1.0.2,6,3,a94cc969fb7abca21f73c7702df3d7b5782724193307a4c14a3543791e733d27,9ac2f818703fa8aa1a82579828bb4b9f516a133a9d2de36086ba8af196680084,,"['reference_not_ranking', 'single_initialization_observation']"
lu,dace_cpu,parallel,initialization,observed,8.542209576931782,lu,1.0.2,1,1,a94cc969fb7abca21f73c7702df3d7b5782724193307a4c14a3543791e733d27,9ac2f818703fa8aa1a82579828bb4b9f516a133a9d2de36086ba8af196680084,,"['reference_not_ranking', 'single_initialization_observation']"
lu,dace_cpu,parallel,fresh_process,observed,0.22024111897917464,lu,1.0.2,2,2,a94cc969fb7abca21f73c7702df3d7b5782724193307a4c14a3543791e733d27,9ac2f818703fa8aa1a82579828bb4b9f516a133a9d2de36086ba8af196680084,,"['reference_not_ranking', 'single_initialization_observation']"
lu,dace_cpu,parallel,same_process,observed,0.10345859557855874,lu,1.0.2,6,3,a94cc969fb7abca21f73c7702df3d7b5782724193307a4c14a3543791e733d27,9ac2f818703fa8aa1a82579828bb4b9f516a133a9d2de36086ba8af196680084,,"['reference_not_ranking', 'single_initialization_observation']"
lu,dace_cpu,auto_opt,initialization,observed,9.206346294959076,lu,1.0.2,1,1,a94cc969fb7abca21f73c7702df3d7b5782724193307a4c14a3543791e733d27,9ac2f818703fa8aa1a82579828bb4b9f516a133a9d2de36086ba8af196680084,,"['reference_not_ranking', 'single_initialization_observation']"
lu,dace_cpu,auto_opt,fresh_process,observed,0.19672998850001022,lu,1.0.2,2,2,a94cc969fb7abca21f73c7702df3d7b5782724193307a4c14a3543791e733d27,9ac2f818703fa8aa1a82579828bb4b9f516a133a9d2de36086ba8af196680084,,"['reference_not_ranking', 'single_initialization_observation']"
lu,dace_cpu,auto_opt,same_process,observed,0.12239786196732894,lu,1.0.2,6,3,a94cc969fb7abca21f73c7702df3d7b5782724193307a4c14a3543791e733d27,9ac2f818703fa8aa1a82579828bb4b9f516a133a9d2de36086ba8af196680084,,"['reference_not_ranking', 'single_initialization_observation']"
lu,dace_gpu,fusion,initialization,observed,35.37953351496253,lu,1.0.2,1,1,a94cc969fb7abca21f73c7702df3d7b5782724193307a4c14a3543791e733d27,9ac2f818703fa8aa1a82579828bb4b9f516a133a9d2de36086ba8af196680084,,"['reference_not_ranking', 'single_initialization_observation']"
lu,dace_gpu,fusion,fresh_process,observed,12.69902427046327,lu,1.0.2,2,2,a94cc969fb7abca21f73c7702df3d7b5782724193307a4c14a3543791e733d27,9ac2f818703fa8aa1a82579828bb4b9f516a133a9d2de36086ba8af196680084,,"['reference_not_ranking', 'single_initialization_observation']"
lu,dace_gpu,fusion,same_process,observed,10.926716248970479,lu,1.0.2,6,3,a94cc969fb7abca21f73c7702df3d7b5782724193307a4c14a3543791e733d27,9ac2f818703fa8aa1a82579828bb4b9f516a133a9d2de36086ba8af196680084,,"['reference_not_ranking', 'single_initialization_observation']"
lu,dace_gpu,parallel,initialization,observed,37.48087614099495,lu,1.0.2,1,1,a94cc969fb7abca21f73c7702df3d7b5782724193307a4c14a3543791e733d27,9ac2f818703fa8aa1a82579828bb4b9f516a133a9d2de36086ba8af196680084,,"['reference_not_ranking', 'single_initialization_observation']"
lu,dace_gpu,parallel,fresh_process,observed,12.309064526984002,lu,1.0.2,2,2,a94cc969fb7abca21f73c7702df3d7b5782724193307a4c14a3543791e733d27,9ac2f818703fa8aa1a82579828bb4b9f516a133a9d2de36086ba8af196680084,,"['reference_not_ranking', 'single_initialization_observation']"
lu,dace_gpu,parallel,same_process,observed,10.601310051977634,lu,1.0.2,6,3,a94cc969fb7abca21f73c7702df3d7b5782724193307a4c14a3543791e733d27,9ac2f818703fa8aa1a82579828bb4b9f516a133a9d2de36086ba8af196680084,,"['reference_not_ranking', 'single_initialization_observation']"
lu,dace_gpu,auto_opt,initialization,observed,31.39258562203031,lu,1.0.2,1,1,a94cc969fb7abca21f73c7702df3d7b5782724193307a4c14a3543791e733d27,9ac2f818703fa8aa1a82579828bb4b9f516a133a9d2de36086ba8af196680084,,"['reference_not_ranking', 'single_initialization_observation']"
lu,dace_gpu,auto_opt,fresh_process,observed,6.790055302029941,lu,1.0.2,2,2,a94cc969fb7abca21f73c7702df3d7b5782724193307a4c14a3543791e733d27,9ac2f818703fa8aa1a82579828bb4b9f516a133a9d2de36086ba8af196680084,,"['reference_not_ranking', 'single_initialization_observation']"
lu,dace_gpu,auto_opt,same_process,observed,5.423766876512673,lu,1.0.2,6,3,a94cc969fb7abca21f73c7702df3d7b5782724193307a4c14a3543791e733d27,9ac2f818703fa8aa1a82579828bb4b9f516a133a9d2de36086ba8af196680084,,"['reference_not_ranking', 'single_initialization_observation']"
lu,cupy,default,initialization,observed,42.20425977301784,lu,13.6.0,1,1,a94cc969fb7abca21f73c7702df3d7b5782724193307a4c14a3543791e733d27,9ac2f818703fa8aa1a82579828bb4b9f516a133a9d2de36086ba8af196680084,,"['reference_not_ranking', 'single_initialization_observation']"
lu,cupy,default,fresh_process,observed,44.46378042700235,lu,13.6.0,2,2,a94cc969fb7abca21f73c7702df3d7b5782724193307a4c14a3543791e733d27,9ac2f818703fa8aa1a82579828bb4b9f516a133a9d2de36086ba8af196680084,,"['reference_not_ranking', 'single_initialization_observation']"
lu,cupy,default,same_process,observed,42.39981416595401,lu,13.6.0,6,3,a94cc969fb7abca21f73c7702df3d7b5782724193307a4c14a3543791e733d27,9ac2f818703fa8aa1a82579828bb4b9f516a133a9d2de36086ba8af196680084,,"['reference_not_ranking', 'single_initialization_observation']"
ludcmp,numpy,default,initialization,observed,1.122715775971301,ludcmp,1.26.4,1,1,08caec57fa049fbfa751e34e1064de164ddf556d58ef07942503bdb64d23c766,55b9887d27df7b3dc3b8b2e1875facca1a285d1891e4df442fdd18cc865cc7b0,,"['reference_not_ranking', 'single_initialization_observation']"
ludcmp,numpy,default,fresh_process,observed,1.1106716844369657,ludcmp,1.26.4,2,2,08caec57fa049fbfa751e34e1064de164ddf556d58ef07942503bdb64d23c766,55b9887d27df7b3dc3b8b2e1875facca1a285d1891e4df442fdd18cc865cc7b0,,"['reference_not_ranking', 'single_initialization_observation']"
ludcmp,numpy,default,same_process,observed,1.2488552440190688,ludcmp,1.26.4,6,3,08caec57fa049fbfa751e34e1064de164ddf556d58ef07942503bdb64d23c766,55b9887d27df7b3dc3b8b2e1875facca1a285d1891e4df442fdd18cc865cc7b0,,"['reference_not_ranking', 'single_initialization_observation']"
ludcmp,numba,nopython-mode,initialization,observed,1.5506280360277742,ludcmp,0.65.1,1,1,08caec57fa049fbfa751e34e1064de164ddf556d58ef07942503bdb64d23c766,55b9887d27df7b3dc3b8b2e1875facca1a285d1891e4df442fdd18cc865cc7b0,,"['reference_not_ranking', 'single_initialization_observation']"
ludcmp,numba,nopython-mode,fresh_process,observed,0.47904816805385053,ludcmp,0.65.1,2,2,08caec57fa049fbfa751e34e1064de164ddf556d58ef07942503bdb64d23c766,55b9887d27df7b3dc3b8b2e1875facca1a285d1891e4df442fdd18cc865cc7b0,,"['reference_not_ranking', 'single_initialization_observation']"
ludcmp,numba,nopython-mode,same_process,observed,0.16073351103113964,ludcmp,0.65.1,6,3,08caec57fa049fbfa751e34e1064de164ddf556d58ef07942503bdb64d23c766,55b9887d27df7b3dc3b8b2e1875facca1a285d1891e4df442fdd18cc865cc7b0,,"['reference_not_ranking', 'single_initialization_observation']"
ludcmp,numba,nopython-mode-parallel,initialization,observed,1.4633744849124923,ludcmp,0.65.1,1,1,08caec57fa049fbfa751e34e1064de164ddf556d58ef07942503bdb64d23c766,55b9887d27df7b3dc3b8b2e1875facca1a285d1891e4df442fdd18cc865cc7b0,,"['reference_not_ranking', 'single_initialization_observation']"
ludcmp,numba,nopython-mode-parallel,fresh_process,observed,0.4828658795449883,ludcmp,0.65.1,2,2,08caec57fa049fbfa751e34e1064de164ddf556d58ef07942503bdb64d23c766,55b9887d27df7b3dc3b8b2e1875facca1a285d1891e4df442fdd18cc865cc7b0,,"['reference_not_ranking', 'single_initialization_observation']"
ludcmp,numba,nopython-mode-parallel,same_process,observed,0.15750815003411844,ludcmp,0.65.1,6,3,08caec57fa049fbfa751e34e1064de164ddf556d58ef07942503bdb64d23c766,55b9887d27df7b3dc3b8b2e1875facca1a285d1891e4df442fdd18cc865cc7b0,,"['reference_not_ranking', 'single_initialization_observation']"
ludcmp,numba,nopython-mode-parallel-range,initialization,N/A,,,,0,0,,,,
ludcmp,numba,nopython-mode-parallel-range,fresh_process,N/A,,,,0,0,,,,
ludcmp,numba,nopython-mode-parallel-range,same_process,N/A,,,,0,0,,,,
ludcmp,numba,object-mode,initialization,N/A,,,,0,0,,,,
ludcmp,numba,object-mode,fresh_process,N/A,,,,0,0,,,,
ludcmp,numba,object-mode,same_process,N/A,,,,0,0,,,,
ludcmp,numba,object-mode-parallel,initialization,N/A,,,,0,0,,,,
ludcmp,numba,object-mode-parallel,fresh_process,N/A,,,,0,0,,,,
ludcmp,numba,object-mode-parallel,same_process,N/A,,,,0,0,,,,
ludcmp,numba,object-mode-parallel-range,initialization,N/A,,,,0,0,,,,
ludcmp,numba,object-mode-parallel-range,fresh_process,N/A,,,,0,0,,,,
ludcmp,numba,object-mode-parallel-range,same_process,N/A,,,,0,0,,,,
ludcmp,dace_cpu,fusion,initialization,observed,9.312522105989046,ludcmp,1.0.2,1,1,08caec57fa049fbfa751e34e1064de164ddf556d58ef07942503bdb64d23c766,55b9887d27df7b3dc3b8b2e1875facca1a285d1891e4df442fdd18cc865cc7b0,,"['reference_not_ranking', 'single_initialization_observation']"
ludcmp,dace_cpu,fusion,fresh_process,observed,0.31606243102578446,ludcmp,1.0.2,2,2,08caec57fa049fbfa751e34e1064de164ddf556d58ef07942503bdb64d23c766,55b9887d27df7b3dc3b8b2e1875facca1a285d1891e4df442fdd18cc865cc7b0,,"['reference_not_ranking', 'single_initialization_observation']"
ludcmp,dace_cpu,fusion,same_process,observed,0.11194136051926762,ludcmp,1.0.2,6,3,08caec57fa049fbfa751e34e1064de164ddf556d58ef07942503bdb64d23c766,55b9887d27df7b3dc3b8b2e1875facca1a285d1891e4df442fdd18cc865cc7b0,,"['reference_not_ranking', 'single_initialization_observation']"
ludcmp,dace_cpu,parallel,initialization,observed,9.113107463112101,ludcmp,1.0.2,1,1,08caec57fa049fbfa751e34e1064de164ddf556d58ef07942503bdb64d23c766,55b9887d27df7b3dc3b8b2e1875facca1a285d1891e4df442fdd18cc865cc7b0,,"['reference_not_ranking', 'single_initialization_observation']"
ludcmp,dace_cpu,parallel,fresh_process,observed,0.334269389975816,ludcmp,1.0.2,2,2,08caec57fa049fbfa751e34e1064de164ddf556d58ef07942503bdb64d23c766,55b9887d27df7b3dc3b8b2e1875facca1a285d1891e4df442fdd18cc865cc7b0,,"['reference_not_ranking', 'single_initialization_observation']"
ludcmp,dace_cpu,parallel,same_process,observed,0.13767784798983485,ludcmp,1.0.2,6,3,08caec57fa049fbfa751e34e1064de164ddf556d58ef07942503bdb64d23c766,55b9887d27df7b3dc3b8b2e1875facca1a285d1891e4df442fdd18cc865cc7b0,,"['reference_not_ranking', 'single_initialization_observation']"
ludcmp,dace_cpu,auto_opt,initialization,observed,9.588333170977421,ludcmp,1.0.2,1,1,08caec57fa049fbfa751e34e1064de164ddf556d58ef07942503bdb64d23c766,55b9887d27df7b3dc3b8b2e1875facca1a285d1891e4df442fdd18cc865cc7b0,,"['reference_not_ranking', 'single_initialization_observation']"
ludcmp,dace_cpu,auto_opt,fresh_process,observed,0.29579626448685303,ludcmp,1.0.2,2,2,08caec57fa049fbfa751e34e1064de164ddf556d58ef07942503bdb64d23c766,55b9887d27df7b3dc3b8b2e1875facca1a285d1891e4df442fdd18cc865cc7b0,,"['reference_not_ranking', 'single_initialization_observation']"
ludcmp,dace_cpu,auto_opt,same_process,observed,0.10884376801550388,ludcmp,1.0.2,6,3,08caec57fa049fbfa751e34e1064de164ddf556d58ef07942503bdb64d23c766,55b9887d27df7b3dc3b8b2e1875facca1a285d1891e4df442fdd18cc865cc7b0,,"['reference_not_ranking', 'single_initialization_observation']"
ludcmp,dace_gpu,fusion,initialization,observed,35.91492842801381,ludcmp,1.0.2,1,1,08caec57fa049fbfa751e34e1064de164ddf556d58ef07942503bdb64d23c766,55b9887d27df7b3dc3b8b2e1875facca1a285d1891e4df442fdd18cc865cc7b0,,"['reference_not_ranking', 'single_initialization_observation']"
ludcmp,dace_gpu,fusion,fresh_process,observed,11.352915310533717,ludcmp,1.0.2,2,2,08caec57fa049fbfa751e34e1064de164ddf556d58ef07942503bdb64d23c766,55b9887d27df7b3dc3b8b2e1875facca1a285d1891e4df442fdd18cc865cc7b0,,"['reference_not_ranking', 'single_initialization_observation']"
ludcmp,dace_gpu,fusion,same_process,observed,9.548019328562077,ludcmp,1.0.2,6,3,08caec57fa049fbfa751e34e1064de164ddf556d58ef07942503bdb64d23c766,55b9887d27df7b3dc3b8b2e1875facca1a285d1891e4df442fdd18cc865cc7b0,,"['reference_not_ranking', 'single_initialization_observation']"
ludcmp,dace_gpu,parallel,initialization,observed,37.407409257022664,ludcmp,1.0.2,1,1,08caec57fa049fbfa751e34e1064de164ddf556d58ef07942503bdb64d23c766,55b9887d27df7b3dc3b8b2e1875facca1a285d1891e4df442fdd18cc865cc7b0,,"['reference_not_ranking', 'single_initialization_observation']"
ludcmp,dace_gpu,parallel,fresh_process,observed,12.6369567575166,ludcmp,1.0.2,2,2,08caec57fa049fbfa751e34e1064de164ddf556d58ef07942503bdb64d23c766,55b9887d27df7b3dc3b8b2e1875facca1a285d1891e4df442fdd18cc865cc7b0,,"['reference_not_ranking', 'single_initialization_observation']"
ludcmp,dace_gpu,parallel,same_process,observed,10.17282347404398,ludcmp,1.0.2,6,3,08caec57fa049fbfa751e34e1064de164ddf556d58ef07942503bdb64d23c766,55b9887d27df7b3dc3b8b2e1875facca1a285d1891e4df442fdd18cc865cc7b0,,"['reference_not_ranking', 'single_initialization_observation']"
ludcmp,dace_gpu,auto_opt,initialization,observed,36.04981867701281,ludcmp,1.0.2,1,1,08caec57fa049fbfa751e34e1064de164ddf556d58ef07942503bdb64d23c766,55b9887d27df7b3dc3b8b2e1875facca1a285d1891e4df442fdd18cc865cc7b0,,"['reference_not_ranking', 'single_initialization_observation']"
ludcmp,dace_gpu,auto_opt,fresh_process,observed,8.721287507971283,ludcmp,1.0.2,2,2,08caec57fa049fbfa751e34e1064de164ddf556d58ef07942503bdb64d23c766,55b9887d27df7b3dc3b8b2e1875facca1a285d1891e4df442fdd18cc865cc7b0,,"['reference_not_ranking', 'single_initialization_observation']"
ludcmp,dace_gpu,auto_opt,same_process,observed,7.374996225524228,ludcmp,1.0.2,6,3,08caec57fa049fbfa751e34e1064de164ddf556d58ef07942503bdb64d23c766,55b9887d27df7b3dc3b8b2e1875facca1a285d1891e4df442fdd18cc865cc7b0,,"['reference_not_ranking', 'single_initialization_observation']"
ludcmp,cupy,default,initialization,observed,39.80999943509232,ludcmp,13.6.0,1,1,08caec57fa049fbfa751e34e1064de164ddf556d58ef07942503bdb64d23c766,55b9887d27df7b3dc3b8b2e1875facca1a285d1891e4df442fdd18cc865cc7b0,,"['reference_not_ranking', 'single_initialization_observation']"
ludcmp,cupy,default,fresh_process,observed,37.481245340022724,ludcmp,13.6.0,2,2,08caec57fa049fbfa751e34e1064de164ddf556d58ef07942503bdb64d23c766,55b9887d27df7b3dc3b8b2e1875facca1a285d1891e4df442fdd18cc865cc7b0,,"['reference_not_ranking', 'single_initialization_observation']"
ludcmp,cupy,default,same_process,observed,36.06844734004699,ludcmp,13.6.0,6,3,08caec57fa049fbfa751e34e1064de164ddf556d58ef07942503bdb64d23c766,55b9887d27df7b3dc3b8b2e1875facca1a285d1891e4df442fdd18cc865cc7b0,,"['reference_not_ranking', 'single_initialization_observation']"
mandelbrot1,numpy,default,initialization,observed,0.7452487349510193,mandelbrot1,1.26.4,1,1,7ec93ae18ee3844a817e6cc0a79455bc5862c76f047319aefde16f510ddde641,498529c7a9dcc40ab333461ec82b7c16a88eb9014a98ba9ee2910dd66fb9e062,,"['reference_not_ranking', 'single_initialization_observation']"
mandelbrot1,numpy,default,fresh_process,observed,0.7696599134942517,mandelbrot1,1.26.4,2,2,7ec93ae18ee3844a817e6cc0a79455bc5862c76f047319aefde16f510ddde641,498529c7a9dcc40ab333461ec82b7c16a88eb9014a98ba9ee2910dd66fb9e062,,"['reference_not_ranking', 'single_initialization_observation']"
mandelbrot1,numpy,default,same_process,observed,0.9398790935520083,mandelbrot1,1.26.4,6,3,7ec93ae18ee3844a817e6cc0a79455bc5862c76f047319aefde16f510ddde641,498529c7a9dcc40ab333461ec82b7c16a88eb9014a98ba9ee2910dd66fb9e062,,"['reference_not_ranking', 'single_initialization_observation']"
mandelbrot1,numba,nopython-mode,initialization,validation,,mandelbrot1,0.65.1,0,0,7ec93ae18ee3844a817e6cc0a79455bc5862c76f047319aefde16f510ddde641,498529c7a9dcc40ab333461ec82b7c16a88eb9014a98ba9ee2910dd66fb9e062,,"['reference_not_ranking', 'single_initialization_observation']"
mandelbrot1,numba,nopython-mode,fresh_process,validation,,mandelbrot1,0.65.1,0,0,7ec93ae18ee3844a817e6cc0a79455bc5862c76f047319aefde16f510ddde641,498529c7a9dcc40ab333461ec82b7c16a88eb9014a98ba9ee2910dd66fb9e062,,"['reference_not_ranking', 'single_initialization_observation']"
mandelbrot1,numba,nopython-mode,same_process,validation,,mandelbrot1,0.65.1,0,0,7ec93ae18ee3844a817e6cc0a79455bc5862c76f047319aefde16f510ddde641,498529c7a9dcc40ab333461ec82b7c16a88eb9014a98ba9ee2910dd66fb9e062,,"['reference_not_ranking', 'single_initialization_observation']"
mandelbrot1,numba,nopython-mode-parallel,initialization,validation,,mandelbrot1,0.65.1,0,0,7ec93ae18ee3844a817e6cc0a79455bc5862c76f047319aefde16f510ddde641,498529c7a9dcc40ab333461ec82b7c16a88eb9014a98ba9ee2910dd66fb9e062,,"['reference_not_ranking', 'single_initialization_observation']"
mandelbrot1,numba,nopython-mode-parallel,fresh_process,validation,,mandelbrot1,0.65.1,0,0,7ec93ae18ee3844a817e6cc0a79455bc5862c76f047319aefde16f510ddde641,498529c7a9dcc40ab333461ec82b7c16a88eb9014a98ba9ee2910dd66fb9e062,,"['reference_not_ranking', 'single_initialization_observation']"
mandelbrot1,numba,nopython-mode-parallel,same_process,validation,,mandelbrot1,0.65.1,0,0,7ec93ae18ee3844a817e6cc0a79455bc5862c76f047319aefde16f510ddde641,498529c7a9dcc40ab333461ec82b7c16a88eb9014a98ba9ee2910dd66fb9e062,,"['reference_not_ranking', 'single_initialization_observation']"
mandelbrot1,numba,nopython-mode-parallel-range,initialization,validation,,mandelbrot1,0.65.1,0,0,7ec93ae18ee3844a817e6cc0a79455bc5862c76f047319aefde16f510ddde641,498529c7a9dcc40ab333461ec82b7c16a88eb9014a98ba9ee2910dd66fb9e062,,"['reference_not_ranking', 'single_initialization_observation']"
mandelbrot1,numba,nopython-mode-parallel-range,fresh_process,validation,,mandelbrot1,0.65.1,0,0,7ec93ae18ee3844a817e6cc0a79455bc5862c76f047319aefde16f510ddde641,498529c7a9dcc40ab333461ec82b7c16a88eb9014a98ba9ee2910dd66fb9e062,,"['reference_not_ranking', 'single_initialization_observation']"
mandelbrot1,numba,nopython-mode-parallel-range,same_process,validation,,mandelbrot1,0.65.1,0,0,7ec93ae18ee3844a817e6cc0a79455bc5862c76f047319aefde16f510ddde641,498529c7a9dcc40ab333461ec82b7c16a88eb9014a98ba9ee2910dd66fb9e062,,"['reference_not_ranking', 'single_initialization_observation']"
mandelbrot1,numba,object-mode,initialization,observed,2.5959525109501556,mandelbrot1,0.65.1,1,1,7ec93ae18ee3844a817e6cc0a79455bc5862c76f047319aefde16f510ddde641,498529c7a9dcc40ab333461ec82b7c16a88eb9014a98ba9ee2910dd66fb9e062,,"['reference_not_ranking', 'single_initialization_observation', 'process_0_only', 'no_persistent_reuse']"
mandelbrot1,numba,object-mode,fresh_process,unsupported,,mandelbrot1,0.65.1,0,0,7ec93ae18ee3844a817e6cc0a79455bc5862c76f047319aefde16f510ddde641,498529c7a9dcc40ab333461ec82b7c16a88eb9014a98ba9ee2910dd66fb9e062,,"['reference_not_ranking', 'single_initialization_observation', 'process_0_only', 'no_persistent_reuse']"
mandelbrot1,numba,object-mode,same_process,observed,0.9553559355554171,mandelbrot1,0.65.1,2,1,7ec93ae18ee3844a817e6cc0a79455bc5862c76f047319aefde16f510ddde641,498529c7a9dcc40ab333461ec82b7c16a88eb9014a98ba9ee2910dd66fb9e062,,"['reference_not_ranking', 'single_initialization_observation', 'process_0_only', 'no_persistent_reuse']"
mandelbrot1,numba,object-mode-parallel,initialization,observed,2.1188822680851445,mandelbrot1,0.65.1,1,1,7ec93ae18ee3844a817e6cc0a79455bc5862c76f047319aefde16f510ddde641,498529c7a9dcc40ab333461ec82b7c16a88eb9014a98ba9ee2910dd66fb9e062,,"['reference_not_ranking', 'single_initialization_observation', 'process_0_only', 'no_persistent_reuse']"
mandelbrot1,numba,object-mode-parallel,fresh_process,unsupported,,mandelbrot1,0.65.1,0,0,7ec93ae18ee3844a817e6cc0a79455bc5862c76f047319aefde16f510ddde641,498529c7a9dcc40ab333461ec82b7c16a88eb9014a98ba9ee2910dd66fb9e062,,"['reference_not_ranking', 'single_initialization_observation', 'process_0_only', 'no_persistent_reuse']"
mandelbrot1,numba,object-mode-parallel,same_process,observed,0.778416026965715,mandelbrot1,0.65.1,2,1,7ec93ae18ee3844a817e6cc0a79455bc5862c76f047319aefde16f510ddde641,498529c7a9dcc40ab333461ec82b7c16a88eb9014a98ba9ee2910dd66fb9e062,,"['reference_not_ranking', 'single_initialization_observation', 'process_0_only', 'no_persistent_reuse']"
mandelbrot1,numba,object-mode-parallel-range,initialization,N/A,,,,0,0,,,,
mandelbrot1,numba,object-mode-parallel-range,fresh_process,N/A,,,,0,0,,,,
mandelbrot1,numba,object-mode-parallel-range,same_process,N/A,,,,0,0,,,,
mandelbrot1,dace_cpu,fusion,initialization,validation,,mandelbrot1,1.0.2,0,0,7ec93ae18ee3844a817e6cc0a79455bc5862c76f047319aefde16f510ddde641,498529c7a9dcc40ab333461ec82b7c16a88eb9014a98ba9ee2910dd66fb9e062,,"['reference_not_ranking', 'single_initialization_observation']"
mandelbrot1,dace_cpu,fusion,fresh_process,validation,,mandelbrot1,1.0.2,0,0,7ec93ae18ee3844a817e6cc0a79455bc5862c76f047319aefde16f510ddde641,498529c7a9dcc40ab333461ec82b7c16a88eb9014a98ba9ee2910dd66fb9e062,,"['reference_not_ranking', 'single_initialization_observation']"
mandelbrot1,dace_cpu,fusion,same_process,validation,,mandelbrot1,1.0.2,0,0,7ec93ae18ee3844a817e6cc0a79455bc5862c76f047319aefde16f510ddde641,498529c7a9dcc40ab333461ec82b7c16a88eb9014a98ba9ee2910dd66fb9e062,,"['reference_not_ranking', 'single_initialization_observation']"
mandelbrot1,dace_cpu,parallel,initialization,validation,,mandelbrot1,1.0.2,0,0,7ec93ae18ee3844a817e6cc0a79455bc5862c76f047319aefde16f510ddde641,498529c7a9dcc40ab333461ec82b7c16a88eb9014a98ba9ee2910dd66fb9e062,,"['reference_not_ranking', 'single_initialization_observation']"
mandelbrot1,dace_cpu,parallel,fresh_process,validation,,mandelbrot1,1.0.2,0,0,7ec93ae18ee3844a817e6cc0a79455bc5862c76f047319aefde16f510ddde641,498529c7a9dcc40ab333461ec82b7c16a88eb9014a98ba9ee2910dd66fb9e062,,"['reference_not_ranking', 'single_initialization_observation']"
mandelbrot1,dace_cpu,parallel,same_process,validation,,mandelbrot1,1.0.2,0,0,7ec93ae18ee3844a817e6cc0a79455bc5862c76f047319aefde16f510ddde641,498529c7a9dcc40ab333461ec82b7c16a88eb9014a98ba9ee2910dd66fb9e062,,"['reference_not_ranking', 'single_initialization_observation']"
mandelbrot1,dace_cpu,auto_opt,initialization,validation,,mandelbrot1,1.0.2,0,0,7ec93ae18ee3844a817e6cc0a79455bc5862c76f047319aefde16f510ddde641,498529c7a9dcc40ab333461ec82b7c16a88eb9014a98ba9ee2910dd66fb9e062,,"['reference_not_ranking', 'single_initialization_observation']"
mandelbrot1,dace_cpu,auto_opt,fresh_process,validation,,mandelbrot1,1.0.2,0,0,7ec93ae18ee3844a817e6cc0a79455bc5862c76f047319aefde16f510ddde641,498529c7a9dcc40ab333461ec82b7c16a88eb9014a98ba9ee2910dd66fb9e062,,"['reference_not_ranking', 'single_initialization_observation']"
mandelbrot1,dace_cpu,auto_opt,same_process,validation,,mandelbrot1,1.0.2,0,0,7ec93ae18ee3844a817e6cc0a79455bc5862c76f047319aefde16f510ddde641,498529c7a9dcc40ab333461ec82b7c16a88eb9014a98ba9ee2910dd66fb9e062,,"['reference_not_ranking', 'single_initialization_observation']"
mandelbrot1,dace_gpu,fusion,initialization,validation,,mandelbrot1,1.0.2,0,0,7ec93ae18ee3844a817e6cc0a79455bc5862c76f047319aefde16f510ddde641,498529c7a9dcc40ab333461ec82b7c16a88eb9014a98ba9ee2910dd66fb9e062,,"['reference_not_ranking', 'single_initialization_observation']"
mandelbrot1,dace_gpu,fusion,fresh_process,validation,,mandelbrot1,1.0.2,0,0,7ec93ae18ee3844a817e6cc0a79455bc5862c76f047319aefde16f510ddde641,498529c7a9dcc40ab333461ec82b7c16a88eb9014a98ba9ee2910dd66fb9e062,,"['reference_not_ranking', 'single_initialization_observation']"
mandelbrot1,dace_gpu,fusion,same_process,validation,,mandelbrot1,1.0.2,0,0,7ec93ae18ee3844a817e6cc0a79455bc5862c76f047319aefde16f510ddde641,498529c7a9dcc40ab333461ec82b7c16a88eb9014a98ba9ee2910dd66fb9e062,,"['reference_not_ranking', 'single_initialization_observation']"
mandelbrot1,dace_gpu,parallel,initialization,validation,,mandelbrot1,1.0.2,0,0,7ec93ae18ee3844a817e6cc0a79455bc5862c76f047319aefde16f510ddde641,498529c7a9dcc40ab333461ec82b7c16a88eb9014a98ba9ee2910dd66fb9e062,,"['reference_not_ranking', 'single_initialization_observation']"
mandelbrot1,dace_gpu,parallel,fresh_process,validation,,mandelbrot1,1.0.2,0,0,7ec93ae18ee3844a817e6cc0a79455bc5862c76f047319aefde16f510ddde641,498529c7a9dcc40ab333461ec82b7c16a88eb9014a98ba9ee2910dd66fb9e062,,"['reference_not_ranking', 'single_initialization_observation']"
mandelbrot1,dace_gpu,parallel,same_process,validation,,mandelbrot1,1.0.2,0,0,7ec93ae18ee3844a817e6cc0a79455bc5862c76f047319aefde16f510ddde641,498529c7a9dcc40ab333461ec82b7c16a88eb9014a98ba9ee2910dd66fb9e062,,"['reference_not_ranking', 'single_initialization_observation']"
mandelbrot1,dace_gpu,auto_opt,initialization,validation,,mandelbrot1,1.0.2,0,0,7ec93ae18ee3844a817e6cc0a79455bc5862c76f047319aefde16f510ddde641,498529c7a9dcc40ab333461ec82b7c16a88eb9014a98ba9ee2910dd66fb9e062,,"['reference_not_ranking', 'single_initialization_observation']"
mandelbrot1,dace_gpu,auto_opt,fresh_process,validation,,mandelbrot1,1.0.2,0,0,7ec93ae18ee3844a817e6cc0a79455bc5862c76f047319aefde16f510ddde641,498529c7a9dcc40ab333461ec82b7c16a88eb9014a98ba9ee2910dd66fb9e062,,"['reference_not_ranking', 'single_initialization_observation']"
mandelbrot1,dace_gpu,auto_opt,same_process,validation,,mandelbrot1,1.0.2,0,0,7ec93ae18ee3844a817e6cc0a79455bc5862c76f047319aefde16f510ddde641,498529c7a9dcc40ab333461ec82b7c16a88eb9014a98ba9ee2910dd66fb9e062,,"['reference_not_ranking', 'single_initialization_observation']"
mandelbrot1,cupy,default,initialization,validation,,mandelbrot1,13.6.0,0,0,7ec93ae18ee3844a817e6cc0a79455bc5862c76f047319aefde16f510ddde641,498529c7a9dcc40ab333461ec82b7c16a88eb9014a98ba9ee2910dd66fb9e062,,"['reference_not_ranking', 'single_initialization_observation']"
mandelbrot1,cupy,default,fresh_process,validation,,mandelbrot1,13.6.0,0,0,7ec93ae18ee3844a817e6cc0a79455bc5862c76f047319aefde16f510ddde641,498529c7a9dcc40ab333461ec82b7c16a88eb9014a98ba9ee2910dd66fb9e062,,"['reference_not_ranking', 'single_initialization_observation']"
mandelbrot1,cupy,default,same_process,validation,,mandelbrot1,13.6.0,0,0,7ec93ae18ee3844a817e6cc0a79455bc5862c76f047319aefde16f510ddde641,498529c7a9dcc40ab333461ec82b7c16a88eb9014a98ba9ee2910dd66fb9e062,,"['reference_not_ranking', 'single_initialization_observation']"
mandelbrot2,numpy,default,initialization,observed,0.30041058897040784,mandelbrot2,1.26.4,1,1,7fb4071f3c8e581537c1201436e2e0f64673e094a239bc776fcd1d6c96095d69,e953c506eaf95aed1da28b70ad9b9cbb5c4d6ed77213ce344c94cdacbc5b6ae1,,"['reference_not_ranking', 'single_initialization_observation']"
mandelbrot2,numpy,default,fresh_process,observed,0.3525961575214751,mandelbrot2,1.26.4,2,2,7fb4071f3c8e581537c1201436e2e0f64673e094a239bc776fcd1d6c96095d69,e953c506eaf95aed1da28b70ad9b9cbb5c4d6ed77213ce344c94cdacbc5b6ae1,,"['reference_not_ranking', 'single_initialization_observation']"
mandelbrot2,numpy,default,same_process,observed,0.382352905056905,mandelbrot2,1.26.4,6,3,7fb4071f3c8e581537c1201436e2e0f64673e094a239bc776fcd1d6c96095d69,e953c506eaf95aed1da28b70ad9b9cbb5c4d6ed77213ce344c94cdacbc5b6ae1,,"['reference_not_ranking', 'single_initialization_observation']"
mandelbrot2,numba,nopython-mode,initialization,observed,3.9389788339613006,mandelbrot2,0.65.1,1,1,7fb4071f3c8e581537c1201436e2e0f64673e094a239bc776fcd1d6c96095d69,e953c506eaf95aed1da28b70ad9b9cbb5c4d6ed77213ce344c94cdacbc5b6ae1,,"['reference_not_ranking', 'single_initialization_observation']"
mandelbrot2,numba,nopython-mode,fresh_process,observed,0.9785906409961171,mandelbrot2,0.65.1,2,2,7fb4071f3c8e581537c1201436e2e0f64673e094a239bc776fcd1d6c96095d69,e953c506eaf95aed1da28b70ad9b9cbb5c4d6ed77213ce344c94cdacbc5b6ae1,,"['reference_not_ranking', 'single_initialization_observation']"
mandelbrot2,numba,nopython-mode,same_process,observed,0.6381972375093028,mandelbrot2,0.65.1,6,3,7fb4071f3c8e581537c1201436e2e0f64673e094a239bc776fcd1d6c96095d69,e953c506eaf95aed1da28b70ad9b9cbb5c4d6ed77213ce344c94cdacbc5b6ae1,,"['reference_not_ranking', 'single_initialization_observation']"
mandelbrot2,numba,nopython-mode-parallel,initialization,N/A,,,,0,0,,,,
mandelbrot2,numba,nopython-mode-parallel,fresh_process,N/A,,,,0,0,,,,
mandelbrot2,numba,nopython-mode-parallel,same_process,N/A,,,,0,0,,,,
mandelbrot2,numba,nopython-mode-parallel-range,initialization,N/A,,,,0,0,,,,
mandelbrot2,numba,nopython-mode-parallel-range,fresh_process,N/A,,,,0,0,,,,
mandelbrot2,numba,nopython-mode-parallel-range,same_process,N/A,,,,0,0,,,,
mandelbrot2,numba,object-mode,initialization,observed,2.7158640950219706,mandelbrot2,0.65.1,1,1,7fb4071f3c8e581537c1201436e2e0f64673e094a239bc776fcd1d6c96095d69,e953c506eaf95aed1da28b70ad9b9cbb5c4d6ed77213ce344c94cdacbc5b6ae1,,"['reference_not_ranking', 'single_initialization_observation', 'process_0_only', 'no_persistent_reuse']"
mandelbrot2,numba,object-mode,fresh_process,unsupported,,mandelbrot2,0.65.1,0,0,7fb4071f3c8e581537c1201436e2e0f64673e094a239bc776fcd1d6c96095d69,e953c506eaf95aed1da28b70ad9b9cbb5c4d6ed77213ce344c94cdacbc5b6ae1,,"['reference_not_ranking', 'single_initialization_observation', 'process_0_only', 'no_persistent_reuse']"
mandelbrot2,numba,object-mode,same_process,observed,0.39086850051535293,mandelbrot2,0.65.1,2,1,7fb4071f3c8e581537c1201436e2e0f64673e094a239bc776fcd1d6c96095d69,e953c506eaf95aed1da28b70ad9b9cbb5c4d6ed77213ce344c94cdacbc5b6ae1,,"['reference_not_ranking', 'single_initialization_observation', 'process_0_only', 'no_persistent_reuse']"
mandelbrot2,numba,object-mode-parallel,initialization,observed,2.487583165988326,mandelbrot2,0.65.1,1,1,7fb4071f3c8e581537c1201436e2e0f64673e094a239bc776fcd1d6c96095d69,e953c506eaf95aed1da28b70ad9b9cbb5c4d6ed77213ce344c94cdacbc5b6ae1,,"['reference_not_ranking', 'single_initialization_observation', 'process_0_only', 'no_persistent_reuse']"
mandelbrot2,numba,object-mode-parallel,fresh_process,unsupported,,mandelbrot2,0.65.1,0,0,7fb4071f3c8e581537c1201436e2e0f64673e094a239bc776fcd1d6c96095d69,e953c506eaf95aed1da28b70ad9b9cbb5c4d6ed77213ce344c94cdacbc5b6ae1,,"['reference_not_ranking', 'single_initialization_observation', 'process_0_only', 'no_persistent_reuse']"
mandelbrot2,numba,object-mode-parallel,same_process,observed,0.37417868501506746,mandelbrot2,0.65.1,2,1,7fb4071f3c8e581537c1201436e2e0f64673e094a239bc776fcd1d6c96095d69,e953c506eaf95aed1da28b70ad9b9cbb5c4d6ed77213ce344c94cdacbc5b6ae1,,"['reference_not_ranking', 'single_initialization_observation', 'process_0_only', 'no_persistent_reuse']"
mandelbrot2,numba,object-mode-parallel-range,initialization,N/A,,,,0,0,,,,
mandelbrot2,numba,object-mode-parallel-range,fresh_process,N/A,,,,0,0,,,,
mandelbrot2,numba,object-mode-parallel-range,same_process,N/A,,,,0,0,,,,
mandelbrot2,dace_cpu,fusion,initialization,error,,mandelbrot2,1.0.2,0,0,7fb4071f3c8e581537c1201436e2e0f64673e094a239bc776fcd1d6c96095d69,e953c506eaf95aed1da28b70ad9b9cbb5c4d6ed77213ce344c94cdacbc5b6ae1,,"['reference_not_ranking', 'single_initialization_observation']"
mandelbrot2,dace_cpu,fusion,fresh_process,error,,mandelbrot2,1.0.2,0,0,7fb4071f3c8e581537c1201436e2e0f64673e094a239bc776fcd1d6c96095d69,e953c506eaf95aed1da28b70ad9b9cbb5c4d6ed77213ce344c94cdacbc5b6ae1,,"['reference_not_ranking', 'single_initialization_observation']"
mandelbrot2,dace_cpu,fusion,same_process,error,,mandelbrot2,1.0.2,0,0,7fb4071f3c8e581537c1201436e2e0f64673e094a239bc776fcd1d6c96095d69,e953c506eaf95aed1da28b70ad9b9cbb5c4d6ed77213ce344c94cdacbc5b6ae1,,"['reference_not_ranking', 'single_initialization_observation']"
mandelbrot2,dace_cpu,parallel,initialization,error,,mandelbrot2,1.0.2,0,0,7fb4071f3c8e581537c1201436e2e0f64673e094a239bc776fcd1d6c96095d69,e953c506eaf95aed1da28b70ad9b9cbb5c4d6ed77213ce344c94cdacbc5b6ae1,,"['reference_not_ranking', 'single_initialization_observation']"
mandelbrot2,dace_cpu,parallel,fresh_process,error,,mandelbrot2,1.0.2,0,0,7fb4071f3c8e581537c1201436e2e0f64673e094a239bc776fcd1d6c96095d69,e953c506eaf95aed1da28b70ad9b9cbb5c4d6ed77213ce344c94cdacbc5b6ae1,,"['reference_not_ranking', 'single_initialization_observation']"
mandelbrot2,dace_cpu,parallel,same_process,error,,mandelbrot2,1.0.2,0,0,7fb4071f3c8e581537c1201436e2e0f64673e094a239bc776fcd1d6c96095d69,e953c506eaf95aed1da28b70ad9b9cbb5c4d6ed77213ce344c94cdacbc5b6ae1,,"['reference_not_ranking', 'single_initialization_observation']"
mandelbrot2,dace_cpu,auto_opt,initialization,error,,mandelbrot2,1.0.2,0,0,7fb4071f3c8e581537c1201436e2e0f64673e094a239bc776fcd1d6c96095d69,e953c506eaf95aed1da28b70ad9b9cbb5c4d6ed77213ce344c94cdacbc5b6ae1,,"['reference_not_ranking', 'single_initialization_observation']"
mandelbrot2,dace_cpu,auto_opt,fresh_process,error,,mandelbrot2,1.0.2,0,0,7fb4071f3c8e581537c1201436e2e0f64673e094a239bc776fcd1d6c96095d69,e953c506eaf95aed1da28b70ad9b9cbb5c4d6ed77213ce344c94cdacbc5b6ae1,,"['reference_not_ranking', 'single_initialization_observation']"
mandelbrot2,dace_cpu,auto_opt,same_process,error,,mandelbrot2,1.0.2,0,0,7fb4071f3c8e581537c1201436e2e0f64673e094a239bc776fcd1d6c96095d69,e953c506eaf95aed1da28b70ad9b9cbb5c4d6ed77213ce344c94cdacbc5b6ae1,,"['reference_not_ranking', 'single_initialization_observation']"
mandelbrot2,dace_gpu,fusion,initialization,error,,mandelbrot2,1.0.2,0,0,7fb4071f3c8e581537c1201436e2e0f64673e094a239bc776fcd1d6c96095d69,e953c506eaf95aed1da28b70ad9b9cbb5c4d6ed77213ce344c94cdacbc5b6ae1,,"['reference_not_ranking', 'single_initialization_observation']"
mandelbrot2,dace_gpu,fusion,fresh_process,error,,mandelbrot2,1.0.2,0,0,7fb4071f3c8e581537c1201436e2e0f64673e094a239bc776fcd1d6c96095d69,e953c506eaf95aed1da28b70ad9b9cbb5c4d6ed77213ce344c94cdacbc5b6ae1,,"['reference_not_ranking', 'single_initialization_observation']"
mandelbrot2,dace_gpu,fusion,same_process,error,,mandelbrot2,1.0.2,0,0,7fb4071f3c8e581537c1201436e2e0f64673e094a239bc776fcd1d6c96095d69,e953c506eaf95aed1da28b70ad9b9cbb5c4d6ed77213ce344c94cdacbc5b6ae1,,"['reference_not_ranking', 'single_initialization_observation']"
mandelbrot2,dace_gpu,parallel,initialization,error,,mandelbrot2,1.0.2,0,0,7fb4071f3c8e581537c1201436e2e0f64673e094a239bc776fcd1d6c96095d69,e953c506eaf95aed1da28b70ad9b9cbb5c4d6ed77213ce344c94cdacbc5b6ae1,,"['reference_not_ranking', 'single_initialization_observation']"
mandelbrot2,dace_gpu,parallel,fresh_process,error,,mandelbrot2,1.0.2,0,0,7fb4071f3c8e581537c1201436e2e0f64673e094a239bc776fcd1d6c96095d69,e953c506eaf95aed1da28b70ad9b9cbb5c4d6ed77213ce344c94cdacbc5b6ae1,,"['reference_not_ranking', 'single_initialization_observation']"
mandelbrot2,dace_gpu,parallel,same_process,error,,mandelbrot2,1.0.2,0,0,7fb4071f3c8e581537c1201436e2e0f64673e094a239bc776fcd1d6c96095d69,e953c506eaf95aed1da28b70ad9b9cbb5c4d6ed77213ce344c94cdacbc5b6ae1,,"['reference_not_ranking', 'single_initialization_observation']"
mandelbrot2,dace_gpu,auto_opt,initialization,error,,mandelbrot2,1.0.2,0,0,7fb4071f3c8e581537c1201436e2e0f64673e094a239bc776fcd1d6c96095d69,e953c506eaf95aed1da28b70ad9b9cbb5c4d6ed77213ce344c94cdacbc5b6ae1,,"['reference_not_ranking', 'single_initialization_observation']"
mandelbrot2,dace_gpu,auto_opt,fresh_process,error,,mandelbrot2,1.0.2,0,0,7fb4071f3c8e581537c1201436e2e0f64673e094a239bc776fcd1d6c96095d69,e953c506eaf95aed1da28b70ad9b9cbb5c4d6ed77213ce344c94cdacbc5b6ae1,,"['reference_not_ranking', 'single_initialization_observation']"
mandelbrot2,dace_gpu,auto_opt,same_process,error,,mandelbrot2,1.0.2,0,0,7fb4071f3c8e581537c1201436e2e0f64673e094a239bc776fcd1d6c96095d69,e953c506eaf95aed1da28b70ad9b9cbb5c4d6ed77213ce344c94cdacbc5b6ae1,,"['reference_not_ranking', 'single_initialization_observation']"
mandelbrot2,cupy,default,initialization,observed,3.1135532800108194,mandelbrot2,13.6.0,1,1,7fb4071f3c8e581537c1201436e2e0f64673e094a239bc776fcd1d6c96095d69,e953c506eaf95aed1da28b70ad9b9cbb5c4d6ed77213ce344c94cdacbc5b6ae1,,"['reference_not_ranking', 'single_initialization_observation']"
mandelbrot2,cupy,default,fresh_process,observed,0.5548005925375037,mandelbrot2,13.6.0,2,2,7fb4071f3c8e581537c1201436e2e0f64673e094a239bc776fcd1d6c96095d69,e953c506eaf95aed1da28b70ad9b9cbb5c4d6ed77213ce344c94cdacbc5b6ae1,,"['reference_not_ranking', 'single_initialization_observation']"
mandelbrot2,cupy,default,same_process,observed,0.23640540952328593,mandelbrot2,13.6.0,6,3,7fb4071f3c8e581537c1201436e2e0f64673e094a239bc776fcd1d6c96095d69,e953c506eaf95aed1da28b70ad9b9cbb5c4d6ed77213ce344c94cdacbc5b6ae1,,"['reference_not_ranking', 'single_initialization_observation']"
mlp,numpy,default,initialization,observed,0.25655927404295653,mlp,1.26.4,1,1,5a57834b626ad11a97469e2ed2472df251c3e8ff143b8d8d463672e399d900be,87c94f9c003ff974cd198163ffe2fd3948bacd6ba11c6c91faa770e7bcee04e9,,"['reference_not_ranking', 'single_initialization_observation']"
mlp,numpy,default,fresh_process,observed,0.245960891013965,mlp,1.26.4,2,2,5a57834b626ad11a97469e2ed2472df251c3e8ff143b8d8d463672e399d900be,87c94f9c003ff974cd198163ffe2fd3948bacd6ba11c6c91faa770e7bcee04e9,,"['reference_not_ranking', 'single_initialization_observation']"
mlp,numpy,default,same_process,observed,0.25461200199788436,mlp,1.26.4,6,3,5a57834b626ad11a97469e2ed2472df251c3e8ff143b8d8d463672e399d900be,87c94f9c003ff974cd198163ffe2fd3948bacd6ba11c6c91faa770e7bcee04e9,,"['reference_not_ranking', 'single_initialization_observation']"
mlp,numba,nopython-mode,initialization,observed,3.622761660022661,mlp_rowmax,0.65.1,1,1,5a57834b626ad11a97469e2ed2472df251c3e8ff143b8d8d463672e399d900be,87c94f9c003ff974cd198163ffe2fd3948bacd6ba11c6c91faa770e7bcee04e9,,"['reference_not_ranking', 'single_initialization_observation']"
mlp,numba,nopython-mode,fresh_process,observed,0.6493992579635233,mlp_rowmax,0.65.1,2,2,5a57834b626ad11a97469e2ed2472df251c3e8ff143b8d8d463672e399d900be,87c94f9c003ff974cd198163ffe2fd3948bacd6ba11c6c91faa770e7bcee04e9,,"['reference_not_ranking', 'single_initialization_observation']"
mlp,numba,nopython-mode,same_process,observed,0.2500276505597867,mlp_rowmax,0.65.1,6,3,5a57834b626ad11a97469e2ed2472df251c3e8ff143b8d8d463672e399d900be,87c94f9c003ff974cd198163ffe2fd3948bacd6ba11c6c91faa770e7bcee04e9,,"['reference_not_ranking', 'single_initialization_observation']"
mlp,numba,nopython-mode-parallel,initialization,observed,6.746891567017883,mlp_rowmax,0.65.1,1,1,5a57834b626ad11a97469e2ed2472df251c3e8ff143b8d8d463672e399d900be,87c94f9c003ff974cd198163ffe2fd3948bacd6ba11c6c91faa770e7bcee04e9,,"['reference_not_ranking', 'single_initialization_observation']"
mlp,numba,nopython-mode-parallel,fresh_process,observed,0.940335754014086,mlp_rowmax,0.65.1,2,2,5a57834b626ad11a97469e2ed2472df251c3e8ff143b8d8d463672e399d900be,87c94f9c003ff974cd198163ffe2fd3948bacd6ba11c6c91faa770e7bcee04e9,,"['reference_not_ranking', 'single_initialization_observation']"
mlp,numba,nopython-mode-parallel,same_process,observed,0.541751008015126,mlp_rowmax,0.65.1,6,3,5a57834b626ad11a97469e2ed2472df251c3e8ff143b8d8d463672e399d900be,87c94f9c003ff974cd198163ffe2fd3948bacd6ba11c6c91faa770e7bcee04e9,,"['reference_not_ranking', 'single_initialization_observation']"
mlp,numba,nopython-mode-parallel-range,initialization,observed,6.366319844033569,mlp_rowmax,0.65.1,1,1,5a57834b626ad11a97469e2ed2472df251c3e8ff143b8d8d463672e399d900be,87c94f9c003ff974cd198163ffe2fd3948bacd6ba11c6c91faa770e7bcee04e9,,"['reference_not_ranking', 'single_initialization_observation']"
mlp,numba,nopython-mode-parallel-range,fresh_process,observed,0.9151742290123366,mlp_rowmax,0.65.1,2,2,5a57834b626ad11a97469e2ed2472df251c3e8ff143b8d8d463672e399d900be,87c94f9c003ff974cd198163ffe2fd3948bacd6ba11c6c91faa770e7bcee04e9,,"['reference_not_ranking', 'single_initialization_observation']"
mlp,numba,nopython-mode-parallel-range,same_process,observed,0.45906461001140997,mlp_rowmax,0.65.1,6,3,5a57834b626ad11a97469e2ed2472df251c3e8ff143b8d8d463672e399d900be,87c94f9c003ff974cd198163ffe2fd3948bacd6ba11c6c91faa770e7bcee04e9,,"['reference_not_ranking', 'single_initialization_observation']"
mlp,numba,object-mode,initialization,observed,1.0664253750583157,mlp,0.65.1,1,1,5a57834b626ad11a97469e2ed2472df251c3e8ff143b8d8d463672e399d900be,87c94f9c003ff974cd198163ffe2fd3948bacd6ba11c6c91faa770e7bcee04e9,,"['reference_not_ranking', 'single_initialization_observation']"
mlp,numba,object-mode,fresh_process,observed,0.8455102654988877,mlp,0.65.1,2,2,5a57834b626ad11a97469e2ed2472df251c3e8ff143b8d8d463672e399d900be,87c94f9c003ff974cd198163ffe2fd3948bacd6ba11c6c91faa770e7bcee04e9,,"['reference_not_ranking', 'single_initialization_observation']"
mlp,numba,object-mode,same_process,observed,0.24459118151571602,mlp,0.65.1,6,3,5a57834b626ad11a97469e2ed2472df251c3e8ff143b8d8d463672e399d900be,87c94f9c003ff974cd198163ffe2fd3948bacd6ba11c6c91faa770e7bcee04e9,,"['reference_not_ranking', 'single_initialization_observation']"
mlp,numba,object-mode-parallel,initialization,observed,0.6919884530361742,mlp,0.65.1,1,1,5a57834b626ad11a97469e2ed2472df251c3e8ff143b8d8d463672e399d900be,87c94f9c003ff974cd198163ffe2fd3948bacd6ba11c6c91faa770e7bcee04e9,,"['reference_not_ranking', 'single_initialization_observation']"
mlp,numba,object-mode-parallel,fresh_process,observed,0.7527757785283029,mlp,0.65.1,2,2,5a57834b626ad11a97469e2ed2472df251c3e8ff143b8d8d463672e399d900be,87c94f9c003ff974cd198163ffe2fd3948bacd6ba11c6c91faa770e7bcee04e9,,"['reference_not_ranking', 'single_initialization_observation']"
mlp,numba,object-mode-parallel,same_process,observed,0.2568146870471537,mlp,0.65.1,6,3,5a57834b626ad11a97469e2ed2472df251c3e8ff143b8d8d463672e399d900be,87c94f9c003ff974cd198163ffe2fd3948bacd6ba11c6c91faa770e7bcee04e9,,"['reference_not_ranking', 'single_initialization_observation']"
mlp,numba,object-mode-parallel-range,initialization,N/A,,,,0,0,,,,
mlp,numba,object-mode-parallel-range,fresh_process,N/A,,,,0,0,,,,
mlp,numba,object-mode-parallel-range,same_process,N/A,,,,0,0,,,,
mlp,dace_cpu,fusion,initialization,observed,10.578297485015355,mlp,1.0.2,1,1,5a57834b626ad11a97469e2ed2472df251c3e8ff143b8d8d463672e399d900be,87c94f9c003ff974cd198163ffe2fd3948bacd6ba11c6c91faa770e7bcee04e9,,"['reference_not_ranking', 'single_initialization_observation']"
mlp,dace_cpu,fusion,fresh_process,observed,0.7893159480299801,mlp,1.0.2,2,2,5a57834b626ad11a97469e2ed2472df251c3e8ff143b8d8d463672e399d900be,87c94f9c003ff974cd198163ffe2fd3948bacd6ba11c6c91faa770e7bcee04e9,,"['reference_not_ranking', 'single_initialization_observation']"
mlp,dace_cpu,fusion,same_process,observed,0.6230801154742949,mlp,1.0.2,6,3,5a57834b626ad11a97469e2ed2472df251c3e8ff143b8d8d463672e399d900be,87c94f9c003ff974cd198163ffe2fd3948bacd6ba11c6c91faa770e7bcee04e9,,"['reference_not_ranking', 'single_initialization_observation']"
mlp,dace_cpu,parallel,initialization,observed,10.543035854003392,mlp,1.0.2,1,1,5a57834b626ad11a97469e2ed2472df251c3e8ff143b8d8d463672e399d900be,87c94f9c003ff974cd198163ffe2fd3948bacd6ba11c6c91faa770e7bcee04e9,,"['reference_not_ranking', 'single_initialization_observation']"
mlp,dace_cpu,parallel,fresh_process,observed,0.6853450504713692,mlp,1.0.2,2,2,5a57834b626ad11a97469e2ed2472df251c3e8ff143b8d8d463672e399d900be,87c94f9c003ff974cd198163ffe2fd3948bacd6ba11c6c91faa770e7bcee04e9,,"['reference_not_ranking', 'single_initialization_observation']"
mlp,dace_cpu,parallel,same_process,observed,0.5845677354373038,mlp,1.0.2,6,3,5a57834b626ad11a97469e2ed2472df251c3e8ff143b8d8d463672e399d900be,87c94f9c003ff974cd198163ffe2fd3948bacd6ba11c6c91faa770e7bcee04e9,,"['reference_not_ranking', 'single_initialization_observation']"
mlp,dace_cpu,auto_opt,initialization,observed,11.337177321081981,mlp,1.0.2,1,1,5a57834b626ad11a97469e2ed2472df251c3e8ff143b8d8d463672e399d900be,87c94f9c003ff974cd198163ffe2fd3948bacd6ba11c6c91faa770e7bcee04e9,,"['reference_not_ranking', 'single_initialization_observation']"
mlp,dace_cpu,auto_opt,fresh_process,observed,0.7485434834961779,mlp,1.0.2,2,2,5a57834b626ad11a97469e2ed2472df251c3e8ff143b8d8d463672e399d900be,87c94f9c003ff974cd198163ffe2fd3948bacd6ba11c6c91faa770e7bcee04e9,,"['reference_not_ranking', 'single_initialization_observation']"
mlp,dace_cpu,auto_opt,same_process,observed,0.57251853402704,mlp,1.0.2,6,3,5a57834b626ad11a97469e2ed2472df251c3e8ff143b8d8d463672e399d900be,87c94f9c003ff974cd198163ffe2fd3948bacd6ba11c6c91faa770e7bcee04e9,,"['reference_not_ranking', 'single_initialization_observation']"
mlp,dace_gpu,fusion,initialization,observed,32.040488966042176,mlp,1.0.2,1,1,5a57834b626ad11a97469e2ed2472df251c3e8ff143b8d8d463672e399d900be,87c94f9c003ff974cd198163ffe2fd3948bacd6ba11c6c91faa770e7bcee04e9,,"['reference_not_ranking', 'single_initialization_observation']"
mlp,dace_gpu,fusion,fresh_process,observed,5.061821798037272,mlp,1.0.2,2,2,5a57834b626ad11a97469e2ed2472df251c3e8ff143b8d8d463672e399d900be,87c94f9c003ff974cd198163ffe2fd3948bacd6ba11c6c91faa770e7bcee04e9,,"['reference_not_ranking', 'single_initialization_observation']"
mlp,dace_gpu,fusion,same_process,observed,0.9503598074661568,mlp,1.0.2,6,3,5a57834b626ad11a97469e2ed2472df251c3e8ff143b8d8d463672e399d900be,87c94f9c003ff974cd198163ffe2fd3948bacd6ba11c6c91faa770e7bcee04e9,,"['reference_not_ranking', 'single_initialization_observation']"
mlp,dace_gpu,parallel,initialization,observed,30.91249767492991,mlp,1.0.2,1,1,5a57834b626ad11a97469e2ed2472df251c3e8ff143b8d8d463672e399d900be,87c94f9c003ff974cd198163ffe2fd3948bacd6ba11c6c91faa770e7bcee04e9,,"['reference_not_ranking', 'single_initialization_observation']"
mlp,dace_gpu,parallel,fresh_process,observed,4.966509473451879,mlp,1.0.2,2,2,5a57834b626ad11a97469e2ed2472df251c3e8ff143b8d8d463672e399d900be,87c94f9c003ff974cd198163ffe2fd3948bacd6ba11c6c91faa770e7bcee04e9,,"['reference_not_ranking', 'single_initialization_observation']"
mlp,dace_gpu,parallel,same_process,observed,0.9369434130494483,mlp,1.0.2,6,3,5a57834b626ad11a97469e2ed2472df251c3e8ff143b8d8d463672e399d900be,87c94f9c003ff974cd198163ffe2fd3948bacd6ba11c6c91faa770e7bcee04e9,,"['reference_not_ranking', 'single_initialization_observation']"
mlp,dace_gpu,auto_opt,initialization,observed,31.1184893270256,mlp,1.0.2,1,1,5a57834b626ad11a97469e2ed2472df251c3e8ff143b8d8d463672e399d900be,87c94f9c003ff974cd198163ffe2fd3948bacd6ba11c6c91faa770e7bcee04e9,,"['reference_not_ranking', 'single_initialization_observation']"
mlp,dace_gpu,auto_opt,fresh_process,observed,4.752037832513452,mlp,1.0.2,2,2,5a57834b626ad11a97469e2ed2472df251c3e8ff143b8d8d463672e399d900be,87c94f9c003ff974cd198163ffe2fd3948bacd6ba11c6c91faa770e7bcee04e9,,"['reference_not_ranking', 'single_initialization_observation']"
mlp,dace_gpu,auto_opt,same_process,observed,0.9604205520008691,mlp,1.0.2,6,3,5a57834b626ad11a97469e2ed2472df251c3e8ff143b8d8d463672e399d900be,87c94f9c003ff974cd198163ffe2fd3948bacd6ba11c6c91faa770e7bcee04e9,,"['reference_not_ranking', 'single_initialization_observation']"
mlp,cupy,default,initialization,observed,5.78547510097269,mlp,13.6.0,1,1,5a57834b626ad11a97469e2ed2472df251c3e8ff143b8d8d463672e399d900be,87c94f9c003ff974cd198163ffe2fd3948bacd6ba11c6c91faa770e7bcee04e9,,"['reference_not_ranking', 'single_initialization_observation']"
mlp,cupy,default,fresh_process,observed,5.23132970102597,mlp,13.6.0,2,2,5a57834b626ad11a97469e2ed2472df251c3e8ff143b8d8d463672e399d900be,87c94f9c003ff974cd198163ffe2fd3948bacd6ba11c6c91faa770e7bcee04e9,,"['reference_not_ranking', 'single_initialization_observation']"
mlp,cupy,default,same_process,observed,0.77087951003341,mlp,13.6.0,6,3,5a57834b626ad11a97469e2ed2472df251c3e8ff143b8d8d463672e399d900be,87c94f9c003ff974cd198163ffe2fd3948bacd6ba11c6c91faa770e7bcee04e9,,"['reference_not_ranking', 'single_initialization_observation']"
mvt,numpy,default,initialization,observed,0.15778828400652856,mvt,1.26.4,1,1,6d38d7a7e4ccc0cd21261ff27458bbfec43022e90858441b148c763f459bdc05,31a7a541d3eb3d99e166c80b243812e6678c96f5f504254d1acff781fbc1da55,,"['reference_not_ranking', 'single_initialization_observation']"
mvt,numpy,default,fresh_process,observed,0.15877449797699228,mvt,1.26.4,2,2,6d38d7a7e4ccc0cd21261ff27458bbfec43022e90858441b148c763f459bdc05,31a7a541d3eb3d99e166c80b243812e6678c96f5f504254d1acff781fbc1da55,,"['reference_not_ranking', 'single_initialization_observation']"
mvt,numpy,default,same_process,observed,0.1566763799637556,mvt,1.26.4,6,3,6d38d7a7e4ccc0cd21261ff27458bbfec43022e90858441b148c763f459bdc05,31a7a541d3eb3d99e166c80b243812e6678c96f5f504254d1acff781fbc1da55,,"['reference_not_ranking', 'single_initialization_observation']"
mvt,numba,nopython-mode,initialization,observed,2.131994640920311,mvt,0.65.1,1,1,6d38d7a7e4ccc0cd21261ff27458bbfec43022e90858441b148c763f459bdc05,31a7a541d3eb3d99e166c80b243812e6678c96f5f504254d1acff781fbc1da55,,"['reference_not_ranking', 'single_initialization_observation']"
mvt,numba,nopython-mode,fresh_process,observed,0.4237304879934527,mvt,0.65.1,2,2,6d38d7a7e4ccc0cd21261ff27458bbfec43022e90858441b148c763f459bdc05,31a7a541d3eb3d99e166c80b243812e6678c96f5f504254d1acff781fbc1da55,,"['reference_not_ranking', 'single_initialization_observation']"
mvt,numba,nopython-mode,same_process,observed,0.16016672842670232,mvt,0.65.1,6,3,6d38d7a7e4ccc0cd21261ff27458bbfec43022e90858441b148c763f459bdc05,31a7a541d3eb3d99e166c80b243812e6678c96f5f504254d1acff781fbc1da55,,"['reference_not_ranking', 'single_initialization_observation']"
mvt,numba,nopython-mode-parallel,initialization,observed,0.1475119930692017,mvt,0.65.1,1,1,6d38d7a7e4ccc0cd21261ff27458bbfec43022e90858441b148c763f459bdc05,31a7a541d3eb3d99e166c80b243812e6678c96f5f504254d1acff781fbc1da55,,"['reference_not_ranking', 'single_initialization_observation']"
mvt,numba,nopython-mode-parallel,fresh_process,observed,0.15224969945847988,mvt,0.65.1,2,2,6d38d7a7e4ccc0cd21261ff27458bbfec43022e90858441b148c763f459bdc05,31a7a541d3eb3d99e166c80b243812e6678c96f5f504254d1acff781fbc1da55,,"['reference_not_ranking', 'single_initialization_observation']"
mvt,numba,nopython-mode-parallel,same_process,observed,0.18736731697572395,mvt,0.65.1,6,3,6d38d7a7e4ccc0cd21261ff27458bbfec43022e90858441b148c763f459bdc05,31a7a541d3eb3d99e166c80b243812e6678c96f5f504254d1acff781fbc1da55,,"['reference_not_ranking', 'single_initialization_observation']"
mvt,numba,nopython-mode-parallel-range,initialization,N/A,,,,0,0,,,,
mvt,numba,nopython-mode-parallel-range,fresh_process,N/A,,,,0,0,,,,
mvt,numba,nopython-mode-parallel-range,same_process,N/A,,,,0,0,,,,
mvt,numba,object-mode,initialization,N/A,,,,0,0,,,,
mvt,numba,object-mode,fresh_process,N/A,,,,0,0,,,,
mvt,numba,object-mode,same_process,N/A,,,,0,0,,,,
mvt,numba,object-mode-parallel,initialization,N/A,,,,0,0,,,,
mvt,numba,object-mode-parallel,fresh_process,N/A,,,,0,0,,,,
mvt,numba,object-mode-parallel,same_process,N/A,,,,0,0,,,,
mvt,numba,object-mode-parallel-range,initialization,N/A,,,,0,0,,,,
mvt,numba,object-mode-parallel-range,fresh_process,N/A,,,,0,0,,,,
mvt,numba,object-mode-parallel-range,same_process,N/A,,,,0,0,,,,
mvt,dace_cpu,fusion,initialization,observed,8.46583796699997,mvt,1.0.2,1,1,6d38d7a7e4ccc0cd21261ff27458bbfec43022e90858441b148c763f459bdc05,31a7a541d3eb3d99e166c80b243812e6678c96f5f504254d1acff781fbc1da55,,"['reference_not_ranking', 'single_initialization_observation']"
mvt,dace_cpu,fusion,fresh_process,observed,0.33140675455797464,mvt,1.0.2,2,2,6d38d7a7e4ccc0cd21261ff27458bbfec43022e90858441b148c763f459bdc05,31a7a541d3eb3d99e166c80b243812e6678c96f5f504254d1acff781fbc1da55,,"['reference_not_ranking', 'single_initialization_observation']"
mvt,dace_cpu,fusion,same_process,observed,0.24083248199895024,mvt,1.0.2,6,3,6d38d7a7e4ccc0cd21261ff27458bbfec43022e90858441b148c763f459bdc05,31a7a541d3eb3d99e166c80b243812e6678c96f5f504254d1acff781fbc1da55,,"['reference_not_ranking', 'single_initialization_observation']"
mvt,dace_cpu,parallel,initialization,observed,8.150824715965427,mvt,1.0.2,1,1,6d38d7a7e4ccc0cd21261ff27458bbfec43022e90858441b148c763f459bdc05,31a7a541d3eb3d99e166c80b243812e6678c96f5f504254d1acff781fbc1da55,,"['reference_not_ranking', 'single_initialization_observation']"
mvt,dace_cpu,parallel,fresh_process,observed,0.290726387524046,mvt,1.0.2,2,2,6d38d7a7e4ccc0cd21261ff27458bbfec43022e90858441b148c763f459bdc05,31a7a541d3eb3d99e166c80b243812e6678c96f5f504254d1acff781fbc1da55,,"['reference_not_ranking', 'single_initialization_observation']"
mvt,dace_cpu,parallel,same_process,observed,0.21840729244286194,mvt,1.0.2,6,3,6d38d7a7e4ccc0cd21261ff27458bbfec43022e90858441b148c763f459bdc05,31a7a541d3eb3d99e166c80b243812e6678c96f5f504254d1acff781fbc1da55,,"['reference_not_ranking', 'single_initialization_observation']"
mvt,dace_cpu,auto_opt,initialization,observed,8.375570212956518,mvt,1.0.2,1,1,6d38d7a7e4ccc0cd21261ff27458bbfec43022e90858441b148c763f459bdc05,31a7a541d3eb3d99e166c80b243812e6678c96f5f504254d1acff781fbc1da55,,"['reference_not_ranking', 'single_initialization_observation']"
mvt,dace_cpu,auto_opt,fresh_process,observed,0.3155072870431468,mvt,1.0.2,2,2,6d38d7a7e4ccc0cd21261ff27458bbfec43022e90858441b148c763f459bdc05,31a7a541d3eb3d99e166c80b243812e6678c96f5f504254d1acff781fbc1da55,,"['reference_not_ranking', 'single_initialization_observation']"
mvt,dace_cpu,auto_opt,same_process,observed,0.2126784129650332,mvt,1.0.2,6,3,6d38d7a7e4ccc0cd21261ff27458bbfec43022e90858441b148c763f459bdc05,31a7a541d3eb3d99e166c80b243812e6678c96f5f504254d1acff781fbc1da55,,"['reference_not_ranking', 'single_initialization_observation']"
mvt,dace_gpu,fusion,initialization,observed,28.999342777067795,mvt,1.0.2,1,1,6d38d7a7e4ccc0cd21261ff27458bbfec43022e90858441b148c763f459bdc05,31a7a541d3eb3d99e166c80b243812e6678c96f5f504254d1acff781fbc1da55,,"['reference_not_ranking', 'single_initialization_observation']"
mvt,dace_gpu,fusion,fresh_process,observed,4.163808388460893,mvt,1.0.2,2,2,6d38d7a7e4ccc0cd21261ff27458bbfec43022e90858441b148c763f459bdc05,31a7a541d3eb3d99e166c80b243812e6678c96f5f504254d1acff781fbc1da55,,"['reference_not_ranking', 'single_initialization_observation']"
mvt,dace_gpu,fusion,same_process,observed,0.5333286829991266,mvt,1.0.2,6,3,6d38d7a7e4ccc0cd21261ff27458bbfec43022e90858441b148c763f459bdc05,31a7a541d3eb3d99e166c80b243812e6678c96f5f504254d1acff781fbc1da55,,"['reference_not_ranking', 'single_initialization_observation']"
mvt,dace_gpu,parallel,initialization,observed,28.078554513980635,mvt,1.0.2,1,1,6d38d7a7e4ccc0cd21261ff27458bbfec43022e90858441b148c763f459bdc05,31a7a541d3eb3d99e166c80b243812e6678c96f5f504254d1acff781fbc1da55,,"['reference_not_ranking', 'single_initialization_observation']"
mvt,dace_gpu,parallel,fresh_process,observed,4.745722547522746,mvt,1.0.2,2,2,6d38d7a7e4ccc0cd21261ff27458bbfec43022e90858441b148c763f459bdc05,31a7a541d3eb3d99e166c80b243812e6678c96f5f504254d1acff781fbc1da55,,"['reference_not_ranking', 'single_initialization_observation']"
mvt,dace_gpu,parallel,same_process,observed,0.5322812784579583,mvt,1.0.2,6,3,6d38d7a7e4ccc0cd21261ff27458bbfec43022e90858441b148c763f459bdc05,31a7a541d3eb3d99e166c80b243812e6678c96f5f504254d1acff781fbc1da55,,"['reference_not_ranking', 'single_initialization_observation']"
mvt,dace_gpu,auto_opt,initialization,observed,30.740787271992303,mvt,1.0.2,1,1,6d38d7a7e4ccc0cd21261ff27458bbfec43022e90858441b148c763f459bdc05,31a7a541d3eb3d99e166c80b243812e6678c96f5f504254d1acff781fbc1da55,,"['reference_not_ranking', 'single_initialization_observation']"
mvt,dace_gpu,auto_opt,fresh_process,observed,4.850643804005813,mvt,1.0.2,2,2,6d38d7a7e4ccc0cd21261ff27458bbfec43022e90858441b148c763f459bdc05,31a7a541d3eb3d99e166c80b243812e6678c96f5f504254d1acff781fbc1da55,,"['reference_not_ranking', 'single_initialization_observation']"
mvt,dace_gpu,auto_opt,same_process,observed,0.5507283884799108,mvt,1.0.2,6,3,6d38d7a7e4ccc0cd21261ff27458bbfec43022e90858441b148c763f459bdc05,31a7a541d3eb3d99e166c80b243812e6678c96f5f504254d1acff781fbc1da55,,"['reference_not_ranking', 'single_initialization_observation']"
mvt,cupy,default,initialization,observed,3.427639537025243,mvt,13.6.0,1,1,6d38d7a7e4ccc0cd21261ff27458bbfec43022e90858441b148c763f459bdc05,31a7a541d3eb3d99e166c80b243812e6678c96f5f504254d1acff781fbc1da55,,"['reference_not_ranking', 'single_initialization_observation']"
mvt,cupy,default,fresh_process,observed,3.6170397444511764,mvt,13.6.0,2,2,6d38d7a7e4ccc0cd21261ff27458bbfec43022e90858441b148c763f459bdc05,31a7a541d3eb3d99e166c80b243812e6678c96f5f504254d1acff781fbc1da55,,"['reference_not_ranking', 'single_initialization_observation']"
mvt,cupy,default,same_process,observed,0.523304789501708,mvt,13.6.0,6,3,6d38d7a7e4ccc0cd21261ff27458bbfec43022e90858441b148c763f459bdc05,31a7a541d3eb3d99e166c80b243812e6678c96f5f504254d1acff781fbc1da55,,"['reference_not_ranking', 'single_initialization_observation']"
nbody,numpy,default,initialization,validation,,nbody,1.26.4,0,0,eb19dd29eced1356f5981ddd1d68235062b1cd0e3e730e4069acc2a4f30a6512,369f565b2cc3f4d1e7431a758f71f09b2fb5270f7b56b9b6b5de37373d88c636,,"['reference_not_ranking', 'single_initialization_observation']"
nbody,numpy,default,fresh_process,validation,,nbody,1.26.4,0,0,eb19dd29eced1356f5981ddd1d68235062b1cd0e3e730e4069acc2a4f30a6512,369f565b2cc3f4d1e7431a758f71f09b2fb5270f7b56b9b6b5de37373d88c636,,"['reference_not_ranking', 'single_initialization_observation']"
nbody,numpy,default,same_process,validation,,nbody,1.26.4,0,0,eb19dd29eced1356f5981ddd1d68235062b1cd0e3e730e4069acc2a4f30a6512,369f565b2cc3f4d1e7431a758f71f09b2fb5270f7b56b9b6b5de37373d88c636,,"['reference_not_ranking', 'single_initialization_observation']"
nbody,numba,nopython-mode,initialization,validation,,nbody,0.65.1,0,0,eb19dd29eced1356f5981ddd1d68235062b1cd0e3e730e4069acc2a4f30a6512,369f565b2cc3f4d1e7431a758f71f09b2fb5270f7b56b9b6b5de37373d88c636,,"['reference_not_ranking', 'single_initialization_observation']"
nbody,numba,nopython-mode,fresh_process,validation,,nbody,0.65.1,0,0,eb19dd29eced1356f5981ddd1d68235062b1cd0e3e730e4069acc2a4f30a6512,369f565b2cc3f4d1e7431a758f71f09b2fb5270f7b56b9b6b5de37373d88c636,,"['reference_not_ranking', 'single_initialization_observation']"
nbody,numba,nopython-mode,same_process,validation,,nbody,0.65.1,0,0,eb19dd29eced1356f5981ddd1d68235062b1cd0e3e730e4069acc2a4f30a6512,369f565b2cc3f4d1e7431a758f71f09b2fb5270f7b56b9b6b5de37373d88c636,,"['reference_not_ranking', 'single_initialization_observation']"
nbody,numba,nopython-mode-parallel,initialization,N/A,,,,0,0,,,,
nbody,numba,nopython-mode-parallel,fresh_process,N/A,,,,0,0,,,,
nbody,numba,nopython-mode-parallel,same_process,N/A,,,,0,0,,,,
nbody,numba,nopython-mode-parallel-range,initialization,N/A,,,,0,0,,,,
nbody,numba,nopython-mode-parallel-range,fresh_process,N/A,,,,0,0,,,,
nbody,numba,nopython-mode-parallel-range,same_process,N/A,,,,0,0,,,,
nbody,numba,object-mode,initialization,validation,,nbody,0.65.1,0,0,eb19dd29eced1356f5981ddd1d68235062b1cd0e3e730e4069acc2a4f30a6512,369f565b2cc3f4d1e7431a758f71f09b2fb5270f7b56b9b6b5de37373d88c636,,"['reference_not_ranking', 'single_initialization_observation']"
nbody,numba,object-mode,fresh_process,validation,,nbody,0.65.1,0,0,eb19dd29eced1356f5981ddd1d68235062b1cd0e3e730e4069acc2a4f30a6512,369f565b2cc3f4d1e7431a758f71f09b2fb5270f7b56b9b6b5de37373d88c636,,"['reference_not_ranking', 'single_initialization_observation']"
nbody,numba,object-mode,same_process,validation,,nbody,0.65.1,0,0,eb19dd29eced1356f5981ddd1d68235062b1cd0e3e730e4069acc2a4f30a6512,369f565b2cc3f4d1e7431a758f71f09b2fb5270f7b56b9b6b5de37373d88c636,,"['reference_not_ranking', 'single_initialization_observation']"
nbody,numba,object-mode-parallel,initialization,validation,,nbody,0.65.1,0,0,eb19dd29eced1356f5981ddd1d68235062b1cd0e3e730e4069acc2a4f30a6512,369f565b2cc3f4d1e7431a758f71f09b2fb5270f7b56b9b6b5de37373d88c636,,"['reference_not_ranking', 'single_initialization_observation']"
nbody,numba,object-mode-parallel,fresh_process,validation,,nbody,0.65.1,0,0,eb19dd29eced1356f5981ddd1d68235062b1cd0e3e730e4069acc2a4f30a6512,369f565b2cc3f4d1e7431a758f71f09b2fb5270f7b56b9b6b5de37373d88c636,,"['reference_not_ranking', 'single_initialization_observation']"
nbody,numba,object-mode-parallel,same_process,validation,,nbody,0.65.1,0,0,eb19dd29eced1356f5981ddd1d68235062b1cd0e3e730e4069acc2a4f30a6512,369f565b2cc3f4d1e7431a758f71f09b2fb5270f7b56b9b6b5de37373d88c636,,"['reference_not_ranking', 'single_initialization_observation']"
nbody,numba,object-mode-parallel-range,initialization,N/A,,,,0,0,,,,
nbody,numba,object-mode-parallel-range,fresh_process,N/A,,,,0,0,,,,
nbody,numba,object-mode-parallel-range,same_process,N/A,,,,0,0,,,,
nbody,dace_cpu,fusion,initialization,validation,,nbody,1.0.2,0,0,eb19dd29eced1356f5981ddd1d68235062b1cd0e3e730e4069acc2a4f30a6512,369f565b2cc3f4d1e7431a758f71f09b2fb5270f7b56b9b6b5de37373d88c636,,"['reference_not_ranking', 'single_initialization_observation']"
nbody,dace_cpu,fusion,fresh_process,validation,,nbody,1.0.2,0,0,eb19dd29eced1356f5981ddd1d68235062b1cd0e3e730e4069acc2a4f30a6512,369f565b2cc3f4d1e7431a758f71f09b2fb5270f7b56b9b6b5de37373d88c636,,"['reference_not_ranking', 'single_initialization_observation']"
nbody,dace_cpu,fusion,same_process,validation,,nbody,1.0.2,0,0,eb19dd29eced1356f5981ddd1d68235062b1cd0e3e730e4069acc2a4f30a6512,369f565b2cc3f4d1e7431a758f71f09b2fb5270f7b56b9b6b5de37373d88c636,,"['reference_not_ranking', 'single_initialization_observation']"
nbody,dace_cpu,parallel,initialization,validation,,nbody,1.0.2,0,0,eb19dd29eced1356f5981ddd1d68235062b1cd0e3e730e4069acc2a4f30a6512,369f565b2cc3f4d1e7431a758f71f09b2fb5270f7b56b9b6b5de37373d88c636,,"['reference_not_ranking', 'single_initialization_observation']"
nbody,dace_cpu,parallel,fresh_process,validation,,nbody,1.0.2,0,0,eb19dd29eced1356f5981ddd1d68235062b1cd0e3e730e4069acc2a4f30a6512,369f565b2cc3f4d1e7431a758f71f09b2fb5270f7b56b9b6b5de37373d88c636,,"['reference_not_ranking', 'single_initialization_observation']"
nbody,dace_cpu,parallel,same_process,validation,,nbody,1.0.2,0,0,eb19dd29eced1356f5981ddd1d68235062b1cd0e3e730e4069acc2a4f30a6512,369f565b2cc3f4d1e7431a758f71f09b2fb5270f7b56b9b6b5de37373d88c636,,"['reference_not_ranking', 'single_initialization_observation']"
nbody,dace_cpu,auto_opt,initialization,validation,,nbody,1.0.2,0,0,eb19dd29eced1356f5981ddd1d68235062b1cd0e3e730e4069acc2a4f30a6512,369f565b2cc3f4d1e7431a758f71f09b2fb5270f7b56b9b6b5de37373d88c636,,"['reference_not_ranking', 'single_initialization_observation']"
nbody,dace_cpu,auto_opt,fresh_process,validation,,nbody,1.0.2,0,0,eb19dd29eced1356f5981ddd1d68235062b1cd0e3e730e4069acc2a4f30a6512,369f565b2cc3f4d1e7431a758f71f09b2fb5270f7b56b9b6b5de37373d88c636,,"['reference_not_ranking', 'single_initialization_observation']"
nbody,dace_cpu,auto_opt,same_process,validation,,nbody,1.0.2,0,0,eb19dd29eced1356f5981ddd1d68235062b1cd0e3e730e4069acc2a4f30a6512,369f565b2cc3f4d1e7431a758f71f09b2fb5270f7b56b9b6b5de37373d88c636,,"['reference_not_ranking', 'single_initialization_observation']"
nbody,dace_gpu,fusion,initialization,validation,,nbody,1.0.2,0,0,eb19dd29eced1356f5981ddd1d68235062b1cd0e3e730e4069acc2a4f30a6512,369f565b2cc3f4d1e7431a758f71f09b2fb5270f7b56b9b6b5de37373d88c636,,"['reference_not_ranking', 'single_initialization_observation']"
nbody,dace_gpu,fusion,fresh_process,validation,,nbody,1.0.2,0,0,eb19dd29eced1356f5981ddd1d68235062b1cd0e3e730e4069acc2a4f30a6512,369f565b2cc3f4d1e7431a758f71f09b2fb5270f7b56b9b6b5de37373d88c636,,"['reference_not_ranking', 'single_initialization_observation']"
nbody,dace_gpu,fusion,same_process,validation,,nbody,1.0.2,0,0,eb19dd29eced1356f5981ddd1d68235062b1cd0e3e730e4069acc2a4f30a6512,369f565b2cc3f4d1e7431a758f71f09b2fb5270f7b56b9b6b5de37373d88c636,,"['reference_not_ranking', 'single_initialization_observation']"
nbody,dace_gpu,parallel,initialization,validation,,nbody,1.0.2,0,0,eb19dd29eced1356f5981ddd1d68235062b1cd0e3e730e4069acc2a4f30a6512,369f565b2cc3f4d1e7431a758f71f09b2fb5270f7b56b9b6b5de37373d88c636,,"['reference_not_ranking', 'single_initialization_observation']"
nbody,dace_gpu,parallel,fresh_process,validation,,nbody,1.0.2,0,0,eb19dd29eced1356f5981ddd1d68235062b1cd0e3e730e4069acc2a4f30a6512,369f565b2cc3f4d1e7431a758f71f09b2fb5270f7b56b9b6b5de37373d88c636,,"['reference_not_ranking', 'single_initialization_observation']"
nbody,dace_gpu,parallel,same_process,validation,,nbody,1.0.2,0,0,eb19dd29eced1356f5981ddd1d68235062b1cd0e3e730e4069acc2a4f30a6512,369f565b2cc3f4d1e7431a758f71f09b2fb5270f7b56b9b6b5de37373d88c636,,"['reference_not_ranking', 'single_initialization_observation']"
nbody,dace_gpu,auto_opt,initialization,validation,,nbody,1.0.2,0,0,eb19dd29eced1356f5981ddd1d68235062b1cd0e3e730e4069acc2a4f30a6512,369f565b2cc3f4d1e7431a758f71f09b2fb5270f7b56b9b6b5de37373d88c636,,"['reference_not_ranking', 'single_initialization_observation']"
nbody,dace_gpu,auto_opt,fresh_process,validation,,nbody,1.0.2,0,0,eb19dd29eced1356f5981ddd1d68235062b1cd0e3e730e4069acc2a4f30a6512,369f565b2cc3f4d1e7431a758f71f09b2fb5270f7b56b9b6b5de37373d88c636,,"['reference_not_ranking', 'single_initialization_observation']"
nbody,dace_gpu,auto_opt,same_process,validation,,nbody,1.0.2,0,0,eb19dd29eced1356f5981ddd1d68235062b1cd0e3e730e4069acc2a4f30a6512,369f565b2cc3f4d1e7431a758f71f09b2fb5270f7b56b9b6b5de37373d88c636,,"['reference_not_ranking', 'single_initialization_observation']"
nbody,cupy,default,initialization,validation,,nbody,13.6.0,0,0,eb19dd29eced1356f5981ddd1d68235062b1cd0e3e730e4069acc2a4f30a6512,369f565b2cc3f4d1e7431a758f71f09b2fb5270f7b56b9b6b5de37373d88c636,,"['reference_not_ranking', 'single_initialization_observation']"
nbody,cupy,default,fresh_process,validation,,nbody,13.6.0,0,0,eb19dd29eced1356f5981ddd1d68235062b1cd0e3e730e4069acc2a4f30a6512,369f565b2cc3f4d1e7431a758f71f09b2fb5270f7b56b9b6b5de37373d88c636,,"['reference_not_ranking', 'single_initialization_observation']"
nbody,cupy,default,same_process,validation,,nbody,13.6.0,0,0,eb19dd29eced1356f5981ddd1d68235062b1cd0e3e730e4069acc2a4f30a6512,369f565b2cc3f4d1e7431a758f71f09b2fb5270f7b56b9b6b5de37373d88c636,,"['reference_not_ranking', 'single_initialization_observation']"
nussinov,numpy,default,initialization,observed,1.0242560210172087,nussinov,1.26.4,1,1,7de19d1b6c54c559477765ce530898d3c0e580b07d787f443f19ff85acf43418,05b880e157b9ee387cb9be1fa3b10e2f4efe7bed764c6b129b8b31ad87b8df2a,,"['reference_not_ranking', 'single_initialization_observation']"
nussinov,numpy,default,fresh_process,observed,1.0288023794419132,nussinov,1.26.4,2,2,7de19d1b6c54c559477765ce530898d3c0e580b07d787f443f19ff85acf43418,05b880e157b9ee387cb9be1fa3b10e2f4efe7bed764c6b129b8b31ad87b8df2a,,"['reference_not_ranking', 'single_initialization_observation']"
nussinov,numpy,default,same_process,observed,1.1876020920462906,nussinov,1.26.4,6,3,7de19d1b6c54c559477765ce530898d3c0e580b07d787f443f19ff85acf43418,05b880e157b9ee387cb9be1fa3b10e2f4efe7bed764c6b129b8b31ad87b8df2a,,"['reference_not_ranking', 'single_initialization_observation']"
nussinov,numba,nopython-mode,initialization,observed,1.1571564340265468,nussinov,0.65.1,1,1,7de19d1b6c54c559477765ce530898d3c0e580b07d787f443f19ff85acf43418,05b880e157b9ee387cb9be1fa3b10e2f4efe7bed764c6b129b8b31ad87b8df2a,,"['reference_not_ranking', 'single_initialization_observation']"
nussinov,numba,nopython-mode,fresh_process,observed,0.38228929397882894,nussinov,0.65.1,2,2,7de19d1b6c54c559477765ce530898d3c0e580b07d787f443f19ff85acf43418,05b880e157b9ee387cb9be1fa3b10e2f4efe7bed764c6b129b8b31ad87b8df2a,,"['reference_not_ranking', 'single_initialization_observation']"
nussinov,numba,nopython-mode,same_process,observed,0.0036954369861632586,nussinov,0.65.1,6,3,7de19d1b6c54c559477765ce530898d3c0e580b07d787f443f19ff85acf43418,05b880e157b9ee387cb9be1fa3b10e2f4efe7bed764c6b129b8b31ad87b8df2a,,"['reference_not_ranking', 'single_initialization_observation']"
nussinov,numba,nopython-mode-parallel,initialization,observed,1.5371957030147314,nussinov,0.65.1,1,1,7de19d1b6c54c559477765ce530898d3c0e580b07d787f443f19ff85acf43418,05b880e157b9ee387cb9be1fa3b10e2f4efe7bed764c6b129b8b31ad87b8df2a,,"['reference_not_ranking', 'single_initialization_observation']"
nussinov,numba,nopython-mode-parallel,fresh_process,observed,0.45295606699073687,nussinov,0.65.1,2,2,7de19d1b6c54c559477765ce530898d3c0e580b07d787f443f19ff85acf43418,05b880e157b9ee387cb9be1fa3b10e2f4efe7bed764c6b129b8b31ad87b8df2a,,"['reference_not_ranking', 'single_initialization_observation']"
nussinov,numba,nopython-mode-parallel,same_process,observed,0.011170737445354462,nussinov,0.65.1,6,3,7de19d1b6c54c559477765ce530898d3c0e580b07d787f443f19ff85acf43418,05b880e157b9ee387cb9be1fa3b10e2f4efe7bed764c6b129b8b31ad87b8df2a,,"['reference_not_ranking', 'single_initialization_observation']"
nussinov,numba,nopython-mode-parallel-range,initialization,N/A,,,,0,0,,,,
nussinov,numba,nopython-mode-parallel-range,fresh_process,N/A,,,,0,0,,,,
nussinov,numba,nopython-mode-parallel-range,same_process,N/A,,,,0,0,,,,
nussinov,numba,object-mode,initialization,N/A,,,,0,0,,,,
nussinov,numba,object-mode,fresh_process,N/A,,,,0,0,,,,
nussinov,numba,object-mode,same_process,N/A,,,,0,0,,,,
nussinov,numba,object-mode-parallel,initialization,N/A,,,,0,0,,,,
nussinov,numba,object-mode-parallel,fresh_process,N/A,,,,0,0,,,,
nussinov,numba,object-mode-parallel,same_process,N/A,,,,0,0,,,,
nussinov,numba,object-mode-parallel-range,initialization,N/A,,,,0,0,,,,
nussinov,numba,object-mode-parallel-range,fresh_process,N/A,,,,0,0,,,,
nussinov,numba,object-mode-parallel-range,same_process,N/A,,,,0,0,,,,
nussinov,dace_cpu,fusion,initialization,observed,8.268605713034049,nussinov,1.0.2,1,1,7de19d1b6c54c559477765ce530898d3c0e580b07d787f443f19ff85acf43418,05b880e157b9ee387cb9be1fa3b10e2f4efe7bed764c6b129b8b31ad87b8df2a,,"['reference_not_ranking', 'single_initialization_observation']"
nussinov,dace_cpu,fusion,fresh_process,observed,0.1162989215226844,nussinov,1.0.2,2,2,7de19d1b6c54c559477765ce530898d3c0e580b07d787f443f19ff85acf43418,05b880e157b9ee387cb9be1fa3b10e2f4efe7bed764c6b129b8b31ad87b8df2a,,"['reference_not_ranking', 'single_initialization_observation']"
nussinov,dace_cpu,fusion,same_process,observed,0.01377092901384458,nussinov,1.0.2,6,3,7de19d1b6c54c559477765ce530898d3c0e580b07d787f443f19ff85acf43418,05b880e157b9ee387cb9be1fa3b10e2f4efe7bed764c6b129b8b31ad87b8df2a,,"['reference_not_ranking', 'single_initialization_observation']"
nussinov,dace_cpu,parallel,initialization,observed,8.329683260060847,nussinov,1.0.2,1,1,7de19d1b6c54c559477765ce530898d3c0e580b07d787f443f19ff85acf43418,05b880e157b9ee387cb9be1fa3b10e2f4efe7bed764c6b129b8b31ad87b8df2a,,"['reference_not_ranking', 'single_initialization_observation']"
nussinov,dace_cpu,parallel,fresh_process,observed,0.14894870354328305,nussinov,1.0.2,2,2,7de19d1b6c54c559477765ce530898d3c0e580b07d787f443f19ff85acf43418,05b880e157b9ee387cb9be1fa3b10e2f4efe7bed764c6b129b8b31ad87b8df2a,,"['reference_not_ranking', 'single_initialization_observation']"
nussinov,dace_cpu,parallel,same_process,observed,0.009485398477409035,nussinov,1.0.2,6,3,7de19d1b6c54c559477765ce530898d3c0e580b07d787f443f19ff85acf43418,05b880e157b9ee387cb9be1fa3b10e2f4efe7bed764c6b129b8b31ad87b8df2a,,"['reference_not_ranking', 'single_initialization_observation']"
nussinov,dace_cpu,auto_opt,initialization,observed,9.417985507985577,nussinov,1.0.2,1,1,7de19d1b6c54c559477765ce530898d3c0e580b07d787f443f19ff85acf43418,05b880e157b9ee387cb9be1fa3b10e2f4efe7bed764c6b129b8b31ad87b8df2a,,"['reference_not_ranking', 'single_initialization_observation']"
nussinov,dace_cpu,auto_opt,fresh_process,observed,0.10688303696224466,nussinov,1.0.2,2,2,7de19d1b6c54c559477765ce530898d3c0e580b07d787f443f19ff85acf43418,05b880e157b9ee387cb9be1fa3b10e2f4efe7bed764c6b129b8b31ad87b8df2a,,"['reference_not_ranking', 'single_initialization_observation']"
nussinov,dace_cpu,auto_opt,same_process,observed,0.01542758452706039,nussinov,1.0.2,6,3,7de19d1b6c54c559477765ce530898d3c0e580b07d787f443f19ff85acf43418,05b880e157b9ee387cb9be1fa3b10e2f4efe7bed764c6b129b8b31ad87b8df2a,,"['reference_not_ranking', 'single_initialization_observation']"
nussinov,dace_gpu,fusion,initialization,observed,77.69845311599784,nussinov,1.0.2,1,1,7de19d1b6c54c559477765ce530898d3c0e580b07d787f443f19ff85acf43418,05b880e157b9ee387cb9be1fa3b10e2f4efe7bed764c6b129b8b31ad87b8df2a,,"['reference_not_ranking', 'single_initialization_observation']"
nussinov,dace_gpu,fusion,fresh_process,observed,53.84261981700547,nussinov,1.0.2,2,2,7de19d1b6c54c559477765ce530898d3c0e580b07d787f443f19ff85acf43418,05b880e157b9ee387cb9be1fa3b10e2f4efe7bed764c6b129b8b31ad87b8df2a,,"['reference_not_ranking', 'single_initialization_observation']"
nussinov,dace_gpu,fusion,same_process,observed,52.27842019352829,nussinov,1.0.2,6,3,7de19d1b6c54c559477765ce530898d3c0e580b07d787f443f19ff85acf43418,05b880e157b9ee387cb9be1fa3b10e2f4efe7bed764c6b129b8b31ad87b8df2a,,"['reference_not_ranking', 'single_initialization_observation']"
nussinov,dace_gpu,parallel,initialization,observed,78.34874520101584,nussinov,1.0.2,1,1,7de19d1b6c54c559477765ce530898d3c0e580b07d787f443f19ff85acf43418,05b880e157b9ee387cb9be1fa3b10e2f4efe7bed764c6b129b8b31ad87b8df2a,,"['reference_not_ranking', 'single_initialization_observation']"
nussinov,dace_gpu,parallel,fresh_process,observed,61.45061447256012,nussinov,1.0.2,2,2,7de19d1b6c54c559477765ce530898d3c0e580b07d787f443f19ff85acf43418,05b880e157b9ee387cb9be1fa3b10e2f4efe7bed764c6b129b8b31ad87b8df2a,,"['reference_not_ranking', 'single_initialization_observation']"
nussinov,dace_gpu,parallel,same_process,observed,52.40163159248186,nussinov,1.0.2,6,3,7de19d1b6c54c559477765ce530898d3c0e580b07d787f443f19ff85acf43418,05b880e157b9ee387cb9be1fa3b10e2f4efe7bed764c6b129b8b31ad87b8df2a,,"['reference_not_ranking', 'single_initialization_observation']"
nussinov,dace_gpu,auto_opt,initialization,observed,81.14083194907289,nussinov,1.0.2,1,1,7de19d1b6c54c559477765ce530898d3c0e580b07d787f443f19ff85acf43418,05b880e157b9ee387cb9be1fa3b10e2f4efe7bed764c6b129b8b31ad87b8df2a,,"['reference_not_ranking', 'single_initialization_observation']"
nussinov,dace_gpu,auto_opt,fresh_process,observed,54.41754690994276,nussinov,1.0.2,2,2,7de19d1b6c54c559477765ce530898d3c0e580b07d787f443f19ff85acf43418,05b880e157b9ee387cb9be1fa3b10e2f4efe7bed764c6b129b8b31ad87b8df2a,,"['reference_not_ranking', 'single_initialization_observation']"
nussinov,dace_gpu,auto_opt,same_process,observed,52.20036605297355,nussinov,1.0.2,6,3,7de19d1b6c54c559477765ce530898d3c0e580b07d787f443f19ff85acf43418,05b880e157b9ee387cb9be1fa3b10e2f4efe7bed764c6b129b8b31ad87b8df2a,,"['reference_not_ranking', 'single_initialization_observation']"
nussinov,cupy,default,initialization,observed,76.06534346798435,nussinov,13.6.0,1,1,7de19d1b6c54c559477765ce530898d3c0e580b07d787f443f19ff85acf43418,05b880e157b9ee387cb9be1fa3b10e2f4efe7bed764c6b129b8b31ad87b8df2a,,"['reference_not_ranking', 'single_initialization_observation']"
nussinov,cupy,default,fresh_process,observed,80.8633764104452,nussinov,13.6.0,2,2,7de19d1b6c54c559477765ce530898d3c0e580b07d787f443f19ff85acf43418,05b880e157b9ee387cb9be1fa3b10e2f4efe7bed764c6b129b8b31ad87b8df2a,,"['reference_not_ranking', 'single_initialization_observation']"
nussinov,cupy,default,same_process,observed,76.48682455549715,nussinov,13.6.0,6,3,7de19d1b6c54c559477765ce530898d3c0e580b07d787f443f19ff85acf43418,05b880e157b9ee387cb9be1fa3b10e2f4efe7bed764c6b129b8b31ad87b8df2a,,"['reference_not_ranking', 'single_initialization_observation']"
resnet,numpy,default,initialization,observed,1.005618944996968,resnet,1.26.4,1,1,9c64e5659fe9a99f38dfdee95f8c4b5ec1e0daa0e4544948c4f88bb50e6edbfa,070b0fcd2b4f101302a58108dce79a6ea1d6fdbdf9be753fec768d1818ea7464,,"['reference_not_ranking', 'single_initialization_observation']"
resnet,numpy,default,fresh_process,observed,1.1423191030044109,resnet,1.26.4,2,2,9c64e5659fe9a99f38dfdee95f8c4b5ec1e0daa0e4544948c4f88bb50e6edbfa,070b0fcd2b4f101302a58108dce79a6ea1d6fdbdf9be753fec768d1818ea7464,,"['reference_not_ranking', 'single_initialization_observation']"
resnet,numpy,default,same_process,observed,1.1743770320317708,resnet,1.26.4,6,3,9c64e5659fe9a99f38dfdee95f8c4b5ec1e0daa0e4544948c4f88bb50e6edbfa,070b0fcd2b4f101302a58108dce79a6ea1d6fdbdf9be753fec768d1818ea7464,,"['reference_not_ranking', 'single_initialization_observation']"
resnet,numba,nopython-mode,initialization,validation,,resnet,0.65.1,0,0,9c64e5659fe9a99f38dfdee95f8c4b5ec1e0daa0e4544948c4f88bb50e6edbfa,070b0fcd2b4f101302a58108dce79a6ea1d6fdbdf9be753fec768d1818ea7464,,"['reference_not_ranking', 'single_initialization_observation']"
resnet,numba,nopython-mode,fresh_process,validation,,resnet,0.65.1,0,0,9c64e5659fe9a99f38dfdee95f8c4b5ec1e0daa0e4544948c4f88bb50e6edbfa,070b0fcd2b4f101302a58108dce79a6ea1d6fdbdf9be753fec768d1818ea7464,,"['reference_not_ranking', 'single_initialization_observation']"
resnet,numba,nopython-mode,same_process,validation,,resnet,0.65.1,0,0,9c64e5659fe9a99f38dfdee95f8c4b5ec1e0daa0e4544948c4f88bb50e6edbfa,070b0fcd2b4f101302a58108dce79a6ea1d6fdbdf9be753fec768d1818ea7464,,"['reference_not_ranking', 'single_initialization_observation']"
resnet,numba,nopython-mode-parallel,initialization,validation,,resnet,0.65.1,0,0,9c64e5659fe9a99f38dfdee95f8c4b5ec1e0daa0e4544948c4f88bb50e6edbfa,070b0fcd2b4f101302a58108dce79a6ea1d6fdbdf9be753fec768d1818ea7464,,"['reference_not_ranking', 'single_initialization_observation']"
resnet,numba,nopython-mode-parallel,fresh_process,validation,,resnet,0.65.1,0,0,9c64e5659fe9a99f38dfdee95f8c4b5ec1e0daa0e4544948c4f88bb50e6edbfa,070b0fcd2b4f101302a58108dce79a6ea1d6fdbdf9be753fec768d1818ea7464,,"['reference_not_ranking', 'single_initialization_observation']"
resnet,numba,nopython-mode-parallel,same_process,validation,,resnet,0.65.1,0,0,9c64e5659fe9a99f38dfdee95f8c4b5ec1e0daa0e4544948c4f88bb50e6edbfa,070b0fcd2b4f101302a58108dce79a6ea1d6fdbdf9be753fec768d1818ea7464,,"['reference_not_ranking', 'single_initialization_observation']"
resnet,numba,nopython-mode-parallel-range,initialization,validation,,resnet,0.65.1,0,0,9c64e5659fe9a99f38dfdee95f8c4b5ec1e0daa0e4544948c4f88bb50e6edbfa,070b0fcd2b4f101302a58108dce79a6ea1d6fdbdf9be753fec768d1818ea7464,,"['reference_not_ranking', 'single_initialization_observation']"
resnet,numba,nopython-mode-parallel-range,fresh_process,validation,,resnet,0.65.1,0,0,9c64e5659fe9a99f38dfdee95f8c4b5ec1e0daa0e4544948c4f88bb50e6edbfa,070b0fcd2b4f101302a58108dce79a6ea1d6fdbdf9be753fec768d1818ea7464,,"['reference_not_ranking', 'single_initialization_observation']"
resnet,numba,nopython-mode-parallel-range,same_process,validation,,resnet,0.65.1,0,0,9c64e5659fe9a99f38dfdee95f8c4b5ec1e0daa0e4544948c4f88bb50e6edbfa,070b0fcd2b4f101302a58108dce79a6ea1d6fdbdf9be753fec768d1818ea7464,,"['reference_not_ranking', 'single_initialization_observation']"
resnet,numba,object-mode,initialization,error,,resnet,0.65.1,0,0,9c64e5659fe9a99f38dfdee95f8c4b5ec1e0daa0e4544948c4f88bb50e6edbfa,070b0fcd2b4f101302a58108dce79a6ea1d6fdbdf9be753fec768d1818ea7464,,"['reference_not_ranking', 'single_initialization_observation']"
resnet,numba,object-mode,fresh_process,error,,resnet,0.65.1,0,0,9c64e5659fe9a99f38dfdee95f8c4b5ec1e0daa0e4544948c4f88bb50e6edbfa,070b0fcd2b4f101302a58108dce79a6ea1d6fdbdf9be753fec768d1818ea7464,,"['reference_not_ranking', 'single_initialization_observation']"
resnet,numba,object-mode,same_process,error,,resnet,0.65.1,0,0,9c64e5659fe9a99f38dfdee95f8c4b5ec1e0daa0e4544948c4f88bb50e6edbfa,070b0fcd2b4f101302a58108dce79a6ea1d6fdbdf9be753fec768d1818ea7464,,"['reference_not_ranking', 'single_initialization_observation']"
resnet,numba,object-mode-parallel,initialization,error,,resnet,0.65.1,0,0,9c64e5659fe9a99f38dfdee95f8c4b5ec1e0daa0e4544948c4f88bb50e6edbfa,070b0fcd2b4f101302a58108dce79a6ea1d6fdbdf9be753fec768d1818ea7464,,"['reference_not_ranking', 'single_initialization_observation']"
resnet,numba,object-mode-parallel,fresh_process,error,,resnet,0.65.1,0,0,9c64e5659fe9a99f38dfdee95f8c4b5ec1e0daa0e4544948c4f88bb50e6edbfa,070b0fcd2b4f101302a58108dce79a6ea1d6fdbdf9be753fec768d1818ea7464,,"['reference_not_ranking', 'single_initialization_observation']"
resnet,numba,object-mode-parallel,same_process,error,,resnet,0.65.1,0,0,9c64e5659fe9a99f38dfdee95f8c4b5ec1e0daa0e4544948c4f88bb50e6edbfa,070b0fcd2b4f101302a58108dce79a6ea1d6fdbdf9be753fec768d1818ea7464,,"['reference_not_ranking', 'single_initialization_observation']"
resnet,numba,object-mode-parallel-range,initialization,observed,4.63983255205676,resnet,0.65.1,1,1,9c64e5659fe9a99f38dfdee95f8c4b5ec1e0daa0e4544948c4f88bb50e6edbfa,070b0fcd2b4f101302a58108dce79a6ea1d6fdbdf9be753fec768d1818ea7464,,"['reference_not_ranking', 'single_initialization_observation']"
resnet,numba,object-mode-parallel-range,fresh_process,observed,4.2962983819888905,resnet,0.65.1,2,2,9c64e5659fe9a99f38dfdee95f8c4b5ec1e0daa0e4544948c4f88bb50e6edbfa,070b0fcd2b4f101302a58108dce79a6ea1d6fdbdf9be753fec768d1818ea7464,,"['reference_not_ranking', 'single_initialization_observation']"
resnet,numba,object-mode-parallel-range,same_process,observed,1.2002110260655172,resnet,0.65.1,6,3,9c64e5659fe9a99f38dfdee95f8c4b5ec1e0daa0e4544948c4f88bb50e6edbfa,070b0fcd2b4f101302a58108dce79a6ea1d6fdbdf9be753fec768d1818ea7464,,"['reference_not_ranking', 'single_initialization_observation']"
resnet,dace_cpu,fusion,initialization,observed,17.333336301962845,resnet,1.0.2,1,1,9c64e5659fe9a99f38dfdee95f8c4b5ec1e0daa0e4544948c4f88bb50e6edbfa,070b0fcd2b4f101302a58108dce79a6ea1d6fdbdf9be753fec768d1818ea7464,,"['reference_not_ranking', 'single_initialization_observation']"
resnet,dace_cpu,fusion,fresh_process,observed,3.0354078464442864,resnet,1.0.2,2,2,9c64e5659fe9a99f38dfdee95f8c4b5ec1e0daa0e4544948c4f88bb50e6edbfa,070b0fcd2b4f101302a58108dce79a6ea1d6fdbdf9be753fec768d1818ea7464,,"['reference_not_ranking', 'single_initialization_observation']"
resnet,dace_cpu,fusion,same_process,observed,1.7495354090351611,resnet,1.0.2,6,3,9c64e5659fe9a99f38dfdee95f8c4b5ec1e0daa0e4544948c4f88bb50e6edbfa,070b0fcd2b4f101302a58108dce79a6ea1d6fdbdf9be753fec768d1818ea7464,,"['reference_not_ranking', 'single_initialization_observation']"
resnet,dace_cpu,parallel,initialization,observed,17.201165591017343,resnet,1.0.2,1,1,9c64e5659fe9a99f38dfdee95f8c4b5ec1e0daa0e4544948c4f88bb50e6edbfa,070b0fcd2b4f101302a58108dce79a6ea1d6fdbdf9be753fec768d1818ea7464,,"['reference_not_ranking', 'single_initialization_observation']"
resnet,dace_cpu,parallel,fresh_process,observed,1.5390611825278029,resnet,1.0.2,2,2,9c64e5659fe9a99f38dfdee95f8c4b5ec1e0daa0e4544948c4f88bb50e6edbfa,070b0fcd2b4f101302a58108dce79a6ea1d6fdbdf9be753fec768d1818ea7464,,"['reference_not_ranking', 'single_initialization_observation']"
resnet,dace_cpu,parallel,same_process,observed,1.0367551330127753,resnet,1.0.2,6,3,9c64e5659fe9a99f38dfdee95f8c4b5ec1e0daa0e4544948c4f88bb50e6edbfa,070b0fcd2b4f101302a58108dce79a6ea1d6fdbdf9be753fec768d1818ea7464,,"['reference_not_ranking', 'single_initialization_observation']"
resnet,dace_cpu,auto_opt,initialization,observed,19.568757334025577,resnet,1.0.2,1,1,9c64e5659fe9a99f38dfdee95f8c4b5ec1e0daa0e4544948c4f88bb50e6edbfa,070b0fcd2b4f101302a58108dce79a6ea1d6fdbdf9be753fec768d1818ea7464,,"['reference_not_ranking', 'single_initialization_observation']"
resnet,dace_cpu,auto_opt,fresh_process,observed,2.86061840999173,resnet,1.0.2,2,2,9c64e5659fe9a99f38dfdee95f8c4b5ec1e0daa0e4544948c4f88bb50e6edbfa,070b0fcd2b4f101302a58108dce79a6ea1d6fdbdf9be753fec768d1818ea7464,,"['reference_not_ranking', 'single_initialization_observation']"
resnet,dace_cpu,auto_opt,same_process,observed,0.7536104245227762,resnet,1.0.2,6,3,9c64e5659fe9a99f38dfdee95f8c4b5ec1e0daa0e4544948c4f88bb50e6edbfa,070b0fcd2b4f101302a58108dce79a6ea1d6fdbdf9be753fec768d1818ea7464,,"['reference_not_ranking', 'single_initialization_observation']"
resnet,dace_gpu,fusion,initialization,validation,,resnet,1.0.2,0,0,9c64e5659fe9a99f38dfdee95f8c4b5ec1e0daa0e4544948c4f88bb50e6edbfa,070b0fcd2b4f101302a58108dce79a6ea1d6fdbdf9be753fec768d1818ea7464,,"['reference_not_ranking', 'single_initialization_observation']"
resnet,dace_gpu,fusion,fresh_process,validation,,resnet,1.0.2,0,0,9c64e5659fe9a99f38dfdee95f8c4b5ec1e0daa0e4544948c4f88bb50e6edbfa,070b0fcd2b4f101302a58108dce79a6ea1d6fdbdf9be753fec768d1818ea7464,,"['reference_not_ranking', 'single_initialization_observation']"
resnet,dace_gpu,fusion,same_process,validation,,resnet,1.0.2,0,0,9c64e5659fe9a99f38dfdee95f8c4b5ec1e0daa0e4544948c4f88bb50e6edbfa,070b0fcd2b4f101302a58108dce79a6ea1d6fdbdf9be753fec768d1818ea7464,,"['reference_not_ranking', 'single_initialization_observation']"
resnet,dace_gpu,parallel,initialization,error,,resnet,1.0.2,0,0,9c64e5659fe9a99f38dfdee95f8c4b5ec1e0daa0e4544948c4f88bb50e6edbfa,070b0fcd2b4f101302a58108dce79a6ea1d6fdbdf9be753fec768d1818ea7464,,"['reference_not_ranking', 'single_initialization_observation']"
resnet,dace_gpu,parallel,fresh_process,error,,resnet,1.0.2,0,0,9c64e5659fe9a99f38dfdee95f8c4b5ec1e0daa0e4544948c4f88bb50e6edbfa,070b0fcd2b4f101302a58108dce79a6ea1d6fdbdf9be753fec768d1818ea7464,,"['reference_not_ranking', 'single_initialization_observation']"
resnet,dace_gpu,parallel,same_process,error,,resnet,1.0.2,0,0,9c64e5659fe9a99f38dfdee95f8c4b5ec1e0daa0e4544948c4f88bb50e6edbfa,070b0fcd2b4f101302a58108dce79a6ea1d6fdbdf9be753fec768d1818ea7464,,"['reference_not_ranking', 'single_initialization_observation']"
resnet,dace_gpu,auto_opt,initialization,error,,resnet,1.0.2,0,0,9c64e5659fe9a99f38dfdee95f8c4b5ec1e0daa0e4544948c4f88bb50e6edbfa,070b0fcd2b4f101302a58108dce79a6ea1d6fdbdf9be753fec768d1818ea7464,,"['reference_not_ranking', 'single_initialization_observation']"
resnet,dace_gpu,auto_opt,fresh_process,error,,resnet,1.0.2,0,0,9c64e5659fe9a99f38dfdee95f8c4b5ec1e0daa0e4544948c4f88bb50e6edbfa,070b0fcd2b4f101302a58108dce79a6ea1d6fdbdf9be753fec768d1818ea7464,,"['reference_not_ranking', 'single_initialization_observation']"
resnet,dace_gpu,auto_opt,same_process,error,,resnet,1.0.2,0,0,9c64e5659fe9a99f38dfdee95f8c4b5ec1e0daa0e4544948c4f88bb50e6edbfa,070b0fcd2b4f101302a58108dce79a6ea1d6fdbdf9be753fec768d1818ea7464,,"['reference_not_ranking', 'single_initialization_observation']"
resnet,cupy,default,initialization,observed,3.90675624308642,resnet,13.6.0,1,1,9c64e5659fe9a99f38dfdee95f8c4b5ec1e0daa0e4544948c4f88bb50e6edbfa,070b0fcd2b4f101302a58108dce79a6ea1d6fdbdf9be753fec768d1818ea7464,,"['reference_not_ranking', 'single_initialization_observation']"
resnet,cupy,default,fresh_process,observed,1.5920292125083506,resnet,13.6.0,2,2,9c64e5659fe9a99f38dfdee95f8c4b5ec1e0daa0e4544948c4f88bb50e6edbfa,070b0fcd2b4f101302a58108dce79a6ea1d6fdbdf9be753fec768d1818ea7464,,"['reference_not_ranking', 'single_initialization_observation']"
resnet,cupy,default,same_process,observed,1.1414951515034772,resnet,13.6.0,6,3,9c64e5659fe9a99f38dfdee95f8c4b5ec1e0daa0e4544948c4f88bb50e6edbfa,070b0fcd2b4f101302a58108dce79a6ea1d6fdbdf9be753fec768d1818ea7464,,"['reference_not_ranking', 'single_initialization_observation']"
scattering_self_energies,numpy,default,initialization,observed,0.8528790390118957,scattering_self_energies,1.26.4,1,1,dfe8b7a530913f54e6164d2f20cb5a63e6c95544a680629acde629144cff7caa,f7d4f3c7d50b72880addf25da02f47a077e25e5f288758e484adcbc85a181974,,"['reference_not_ranking', 'single_initialization_observation']"
scattering_self_energies,numpy,default,fresh_process,observed,0.860917556041386,scattering_self_energies,1.26.4,2,2,dfe8b7a530913f54e6164d2f20cb5a63e6c95544a680629acde629144cff7caa,f7d4f3c7d50b72880addf25da02f47a077e25e5f288758e484adcbc85a181974,,"['reference_not_ranking', 'single_initialization_observation']"
scattering_self_energies,numpy,default,same_process,observed,1.056738025508821,scattering_self_energies,1.26.4,6,3,dfe8b7a530913f54e6164d2f20cb5a63e6c95544a680629acde629144cff7caa,f7d4f3c7d50b72880addf25da02f47a077e25e5f288758e484adcbc85a181974,,"['reference_not_ranking', 'single_initialization_observation']"
scattering_self_energies,numba,nopython-mode,initialization,observed,4.825130493030883,scattering_self_energies,0.65.1,1,1,dfe8b7a530913f54e6164d2f20cb5a63e6c95544a680629acde629144cff7caa,f7d4f3c7d50b72880addf25da02f47a077e25e5f288758e484adcbc85a181974,,"['reference_not_ranking', 'single_initialization_observation']"
scattering_self_energies,numba,nopython-mode,fresh_process,observed,0.4579178064595908,scattering_self_energies,0.65.1,2,2,dfe8b7a530913f54e6164d2f20cb5a63e6c95544a680629acde629144cff7caa,f7d4f3c7d50b72880addf25da02f47a077e25e5f288758e484adcbc85a181974,,"['reference_not_ranking', 'single_initialization_observation']"
scattering_self_energies,numba,nopython-mode,same_process,observed,0.12852809153264388,scattering_self_energies,0.65.1,6,3,dfe8b7a530913f54e6164d2f20cb5a63e6c95544a680629acde629144cff7caa,f7d4f3c7d50b72880addf25da02f47a077e25e5f288758e484adcbc85a181974,,"['reference_not_ranking', 'single_initialization_observation']"
scattering_self_energies,numba,nopython-mode-parallel,initialization,N/A,,,,0,0,,,,
scattering_self_energies,numba,nopython-mode-parallel,fresh_process,N/A,,,,0,0,,,,
scattering_self_energies,numba,nopython-mode-parallel,same_process,N/A,,,,0,0,,,,
scattering_self_energies,numba,nopython-mode-parallel-range,initialization,observed,7.7752757099224254,scattering_self_energies,0.65.1,1,1,dfe8b7a530913f54e6164d2f20cb5a63e6c95544a680629acde629144cff7caa,f7d4f3c7d50b72880addf25da02f47a077e25e5f288758e484adcbc85a181974,,"['reference_not_ranking', 'single_initialization_observation']"
scattering_self_energies,numba,nopython-mode-parallel-range,fresh_process,observed,0.7469554985291325,scattering_self_energies,0.65.1,2,2,dfe8b7a530913f54e6164d2f20cb5a63e6c95544a680629acde629144cff7caa,f7d4f3c7d50b72880addf25da02f47a077e25e5f288758e484adcbc85a181974,,"['reference_not_ranking', 'single_initialization_observation']"
scattering_self_energies,numba,nopython-mode-parallel-range,same_process,observed,0.36877513700164855,scattering_self_energies,0.65.1,6,3,dfe8b7a530913f54e6164d2f20cb5a63e6c95544a680629acde629144cff7caa,f7d4f3c7d50b72880addf25da02f47a077e25e5f288758e484adcbc85a181974,,"['reference_not_ranking', 'single_initialization_observation']"
scattering_self_energies,numba,object-mode,initialization,N/A,,,,0,0,,,,
scattering_self_energies,numba,object-mode,fresh_process,N/A,,,,0,0,,,,
scattering_self_energies,numba,object-mode,same_process,N/A,,,,0,0,,,,
scattering_self_energies,numba,object-mode-parallel,initialization,N/A,,,,0,0,,,,
scattering_self_energies,numba,object-mode-parallel,fresh_process,N/A,,,,0,0,,,,
scattering_self_energies,numba,object-mode-parallel,same_process,N/A,,,,0,0,,,,
scattering_self_energies,numba,object-mode-parallel-range,initialization,N/A,,,,0,0,,,,
scattering_self_energies,numba,object-mode-parallel-range,fresh_process,N/A,,,,0,0,,,,
scattering_self_energies,numba,object-mode-parallel-range,same_process,N/A,,,,0,0,,,,
scattering_self_energies,dace_cpu,fusion,initialization,observed,15.622075072024018,scattering_self_energies,1.0.2,1,1,dfe8b7a530913f54e6164d2f20cb5a63e6c95544a680629acde629144cff7caa,f7d4f3c7d50b72880addf25da02f47a077e25e5f288758e484adcbc85a181974,,"['reference_not_ranking', 'single_initialization_observation']"
scattering_self_energies,dace_cpu,fusion,fresh_process,observed,7.201883671048563,scattering_self_energies,1.0.2,2,2,dfe8b7a530913f54e6164d2f20cb5a63e6c95544a680629acde629144cff7caa,f7d4f3c7d50b72880addf25da02f47a077e25e5f288758e484adcbc85a181974,,"['reference_not_ranking', 'single_initialization_observation']"
scattering_self_energies,dace_cpu,fusion,same_process,observed,6.947227858996484,scattering_self_energies,1.0.2,6,3,dfe8b7a530913f54e6164d2f20cb5a63e6c95544a680629acde629144cff7caa,f7d4f3c7d50b72880addf25da02f47a077e25e5f288758e484adcbc85a181974,,"['reference_not_ranking', 'single_initialization_observation']"
scattering_self_energies,dace_cpu,parallel,initialization,observed,18.480007963022217,scattering_self_energies,1.0.2,1,1,dfe8b7a530913f54e6164d2f20cb5a63e6c95544a680629acde629144cff7caa,f7d4f3c7d50b72880addf25da02f47a077e25e5f288758e484adcbc85a181974,,"['reference_not_ranking', 'single_initialization_observation']"
scattering_self_energies,dace_cpu,parallel,fresh_process,observed,9.203648621565662,scattering_self_energies,1.0.2,2,2,dfe8b7a530913f54e6164d2f20cb5a63e6c95544a680629acde629144cff7caa,f7d4f3c7d50b72880addf25da02f47a077e25e5f288758e484adcbc85a181974,,"['reference_not_ranking', 'single_initialization_observation']"
scattering_self_energies,dace_cpu,parallel,same_process,observed,7.2171066429582424,scattering_self_energies,1.0.2,6,3,dfe8b7a530913f54e6164d2f20cb5a63e6c95544a680629acde629144cff7caa,f7d4f3c7d50b72880addf25da02f47a077e25e5f288758e484adcbc85a181974,,"['reference_not_ranking', 'single_initialization_observation']"
scattering_self_energies,dace_cpu,auto_opt,initialization,observed,17.61060410796199,scattering_self_energies,1.0.2,1,1,dfe8b7a530913f54e6164d2f20cb5a63e6c95544a680629acde629144cff7caa,f7d4f3c7d50b72880addf25da02f47a077e25e5f288758e484adcbc85a181974,,"['reference_not_ranking', 'single_initialization_observation']"
scattering_self_energies,dace_cpu,auto_opt,fresh_process,observed,8.244404378521722,scattering_self_energies,1.0.2,2,2,dfe8b7a530913f54e6164d2f20cb5a63e6c95544a680629acde629144cff7caa,f7d4f3c7d50b72880addf25da02f47a077e25e5f288758e484adcbc85a181974,,"['reference_not_ranking', 'single_initialization_observation']"
scattering_self_energies,dace_cpu,auto_opt,same_process,observed,7.782371018489357,scattering_self_energies,1.0.2,6,3,dfe8b7a530913f54e6164d2f20cb5a63e6c95544a680629acde629144cff7caa,f7d4f3c7d50b72880addf25da02f47a077e25e5f288758e484adcbc85a181974,,"['reference_not_ranking', 'single_initialization_observation']"
scattering_self_energies,dace_gpu,fusion,initialization,observed,34.525678541045636,scattering_self_energies,1.0.2,1,1,dfe8b7a530913f54e6164d2f20cb5a63e6c95544a680629acde629144cff7caa,f7d4f3c7d50b72880addf25da02f47a077e25e5f288758e484adcbc85a181974,,"['reference_not_ranking', 'single_initialization_observation']"
scattering_self_energies,dace_gpu,fusion,fresh_process,observed,9.367486212984659,scattering_self_energies,1.0.2,2,2,dfe8b7a530913f54e6164d2f20cb5a63e6c95544a680629acde629144cff7caa,f7d4f3c7d50b72880addf25da02f47a077e25e5f288758e484adcbc85a181974,,"['reference_not_ranking', 'single_initialization_observation']"
scattering_self_energies,dace_gpu,fusion,same_process,observed,7.279431773989927,scattering_self_energies,1.0.2,6,3,dfe8b7a530913f54e6164d2f20cb5a63e6c95544a680629acde629144cff7caa,f7d4f3c7d50b72880addf25da02f47a077e25e5f288758e484adcbc85a181974,,"['reference_not_ranking', 'single_initialization_observation']"
scattering_self_energies,dace_gpu,parallel,initialization,observed,35.36849796399474,scattering_self_energies,1.0.2,1,1,dfe8b7a530913f54e6164d2f20cb5a63e6c95544a680629acde629144cff7caa,f7d4f3c7d50b72880addf25da02f47a077e25e5f288758e484adcbc85a181974,,"['reference_not_ranking', 'single_initialization_observation']"
scattering_self_energies,dace_gpu,parallel,fresh_process,observed,8.298938723979518,scattering_self_energies,1.0.2,2,2,dfe8b7a530913f54e6164d2f20cb5a63e6c95544a680629acde629144cff7caa,f7d4f3c7d50b72880addf25da02f47a077e25e5f288758e484adcbc85a181974,,"['reference_not_ranking', 'single_initialization_observation']"
scattering_self_energies,dace_gpu,parallel,same_process,observed,6.6021082629449666,scattering_self_energies,1.0.2,6,3,dfe8b7a530913f54e6164d2f20cb5a63e6c95544a680629acde629144cff7caa,f7d4f3c7d50b72880addf25da02f47a077e25e5f288758e484adcbc85a181974,,"['reference_not_ranking', 'single_initialization_observation']"
scattering_self_energies,dace_gpu,auto_opt,initialization,observed,33.83653288392816,scattering_self_energies,1.0.2,1,1,dfe8b7a530913f54e6164d2f20cb5a63e6c95544a680629acde629144cff7caa,f7d4f3c7d50b72880addf25da02f47a077e25e5f288758e484adcbc85a181974,,"['reference_not_ranking', 'single_initialization_observation']"
scattering_self_energies,dace_gpu,auto_opt,fresh_process,observed,7.114607190538663,scattering_self_energies,1.0.2,2,2,dfe8b7a530913f54e6164d2f20cb5a63e6c95544a680629acde629144cff7caa,f7d4f3c7d50b72880addf25da02f47a077e25e5f288758e484adcbc85a181974,,"['reference_not_ranking', 'single_initialization_observation']"
scattering_self_energies,dace_gpu,auto_opt,same_process,observed,5.056811866990756,scattering_self_energies,1.0.2,6,3,dfe8b7a530913f54e6164d2f20cb5a63e6c95544a680629acde629144cff7caa,f7d4f3c7d50b72880addf25da02f47a077e25e5f288758e484adcbc85a181974,,"['reference_not_ranking', 'single_initialization_observation']"
scattering_self_energies,cupy,default,initialization,observed,15.898693569004536,scattering_self_energies,13.6.0,1,1,dfe8b7a530913f54e6164d2f20cb5a63e6c95544a680629acde629144cff7caa,f7d4f3c7d50b72880addf25da02f47a077e25e5f288758e484adcbc85a181974,,"['reference_not_ranking', 'single_initialization_observation']"
scattering_self_energies,cupy,default,fresh_process,observed,14.4315680025029,scattering_self_energies,13.6.0,2,2,dfe8b7a530913f54e6164d2f20cb5a63e6c95544a680629acde629144cff7caa,f7d4f3c7d50b72880addf25da02f47a077e25e5f288758e484adcbc85a181974,,"['reference_not_ranking', 'single_initialization_observation']"
scattering_self_energies,cupy,default,same_process,observed,12.746043241990265,scattering_self_energies,13.6.0,6,3,dfe8b7a530913f54e6164d2f20cb5a63e6c95544a680629acde629144cff7caa,f7d4f3c7d50b72880addf25da02f47a077e25e5f288758e484adcbc85a181974,,"['reference_not_ranking', 'single_initialization_observation']"
seidel_2d,numpy,default,initialization,observed,1.0622728570597246,seidel_2d,1.26.4,1,1,ee1919384d25883ff17bfcdb49d28a5d6dabc6f97d12c672811043a4107874a9,6d10c80c878e92ea3bdd4f0a16c473438b233d1989ed5a8d0f8d1356e6d0b32b,,"['reference_not_ranking', 'single_initialization_observation']"
seidel_2d,numpy,default,fresh_process,observed,1.0751199439982884,seidel_2d,1.26.4,2,2,ee1919384d25883ff17bfcdb49d28a5d6dabc6f97d12c672811043a4107874a9,6d10c80c878e92ea3bdd4f0a16c473438b233d1989ed5a8d0f8d1356e6d0b32b,,"['reference_not_ranking', 'single_initialization_observation']"
seidel_2d,numpy,default,same_process,observed,1.064050110988319,seidel_2d,1.26.4,6,3,ee1919384d25883ff17bfcdb49d28a5d6dabc6f97d12c672811043a4107874a9,6d10c80c878e92ea3bdd4f0a16c473438b233d1989ed5a8d0f8d1356e6d0b32b,,"['reference_not_ranking', 'single_initialization_observation']"
seidel_2d,numba,nopython-mode,initialization,observed,3.316831835079938,seidel_2d,0.65.1,1,1,ee1919384d25883ff17bfcdb49d28a5d6dabc6f97d12c672811043a4107874a9,6d10c80c878e92ea3bdd4f0a16c473438b233d1989ed5a8d0f8d1356e6d0b32b,,"['reference_not_ranking', 'single_initialization_observation']"
seidel_2d,numba,nopython-mode,fresh_process,observed,0.3904969790019095,seidel_2d,0.65.1,2,2,ee1919384d25883ff17bfcdb49d28a5d6dabc6f97d12c672811043a4107874a9,6d10c80c878e92ea3bdd4f0a16c473438b233d1989ed5a8d0f8d1356e6d0b32b,,"['reference_not_ranking', 'single_initialization_observation']"
seidel_2d,numba,nopython-mode,same_process,observed,0.012443123559933156,seidel_2d,0.65.1,6,3,ee1919384d25883ff17bfcdb49d28a5d6dabc6f97d12c672811043a4107874a9,6d10c80c878e92ea3bdd4f0a16c473438b233d1989ed5a8d0f8d1356e6d0b32b,,"['reference_not_ranking', 'single_initialization_observation']"
seidel_2d,numba,nopython-mode-parallel,initialization,validation,,seidel_2d,0.65.1,0,0,ee1919384d25883ff17bfcdb49d28a5d6dabc6f97d12c672811043a4107874a9,6d10c80c878e92ea3bdd4f0a16c473438b233d1989ed5a8d0f8d1356e6d0b32b,,"['reference_not_ranking', 'single_initialization_observation']"
seidel_2d,numba,nopython-mode-parallel,fresh_process,validation,,seidel_2d,0.65.1,0,0,ee1919384d25883ff17bfcdb49d28a5d6dabc6f97d12c672811043a4107874a9,6d10c80c878e92ea3bdd4f0a16c473438b233d1989ed5a8d0f8d1356e6d0b32b,,"['reference_not_ranking', 'single_initialization_observation']"
seidel_2d,numba,nopython-mode-parallel,same_process,validation,,seidel_2d,0.65.1,0,0,ee1919384d25883ff17bfcdb49d28a5d6dabc6f97d12c672811043a4107874a9,6d10c80c878e92ea3bdd4f0a16c473438b233d1989ed5a8d0f8d1356e6d0b32b,,"['reference_not_ranking', 'single_initialization_observation']"
seidel_2d,numba,nopython-mode-parallel-range,initialization,N/A,,,,0,0,,,,
seidel_2d,numba,nopython-mode-parallel-range,fresh_process,N/A,,,,0,0,,,,
seidel_2d,numba,nopython-mode-parallel-range,same_process,N/A,,,,0,0,,,,
seidel_2d,numba,object-mode,initialization,N/A,,,,0,0,,,,
seidel_2d,numba,object-mode,fresh_process,N/A,,,,0,0,,,,
seidel_2d,numba,object-mode,same_process,N/A,,,,0,0,,,,
seidel_2d,numba,object-mode-parallel,initialization,N/A,,,,0,0,,,,
seidel_2d,numba,object-mode-parallel,fresh_process,N/A,,,,0,0,,,,
seidel_2d,numba,object-mode-parallel,same_process,N/A,,,,0,0,,,,
seidel_2d,numba,object-mode-parallel-range,initialization,N/A,,,,0,0,,,,
seidel_2d,numba,object-mode-parallel-range,fresh_process,N/A,,,,0,0,,,,
seidel_2d,numba,object-mode-parallel-range,same_process,N/A,,,,0,0,,,,
seidel_2d,dace_cpu,fusion,initialization,observed,7.954636079957709,seidel_2d,1.0.2,1,1,ee1919384d25883ff17bfcdb49d28a5d6dabc6f97d12c672811043a4107874a9,6d10c80c878e92ea3bdd4f0a16c473438b233d1989ed5a8d0f8d1356e6d0b32b,,"['reference_not_ranking', 'single_initialization_observation']"
seidel_2d,dace_cpu,fusion,fresh_process,observed,0.9596169535070658,seidel_2d,1.0.2,2,2,ee1919384d25883ff17bfcdb49d28a5d6dabc6f97d12c672811043a4107874a9,6d10c80c878e92ea3bdd4f0a16c473438b233d1989ed5a8d0f8d1356e6d0b32b,,"['reference_not_ranking', 'single_initialization_observation']"
seidel_2d,dace_cpu,fusion,same_process,observed,0.7732459855615161,seidel_2d,1.0.2,6,3,ee1919384d25883ff17bfcdb49d28a5d6dabc6f97d12c672811043a4107874a9,6d10c80c878e92ea3bdd4f0a16c473438b233d1989ed5a8d0f8d1356e6d0b32b,,"['reference_not_ranking', 'single_initialization_observation']"
seidel_2d,dace_cpu,parallel,initialization,observed,8.38103555701673,seidel_2d,1.0.2,1,1,ee1919384d25883ff17bfcdb49d28a5d6dabc6f97d12c672811043a4107874a9,6d10c80c878e92ea3bdd4f0a16c473438b233d1989ed5a8d0f8d1356e6d0b32b,,"['reference_not_ranking', 'single_initialization_observation']"
seidel_2d,dace_cpu,parallel,fresh_process,observed,0.7946792709990405,seidel_2d,1.0.2,2,2,ee1919384d25883ff17bfcdb49d28a5d6dabc6f97d12c672811043a4107874a9,6d10c80c878e92ea3bdd4f0a16c473438b233d1989ed5a8d0f8d1356e6d0b32b,,"['reference_not_ranking', 'single_initialization_observation']"
seidel_2d,dace_cpu,parallel,same_process,observed,0.6012678679544479,seidel_2d,1.0.2,6,3,ee1919384d25883ff17bfcdb49d28a5d6dabc6f97d12c672811043a4107874a9,6d10c80c878e92ea3bdd4f0a16c473438b233d1989ed5a8d0f8d1356e6d0b32b,,"['reference_not_ranking', 'single_initialization_observation']"
seidel_2d,dace_cpu,auto_opt,initialization,observed,9.222993634059094,seidel_2d,1.0.2,1,1,ee1919384d25883ff17bfcdb49d28a5d6dabc6f97d12c672811043a4107874a9,6d10c80c878e92ea3bdd4f0a16c473438b233d1989ed5a8d0f8d1356e6d0b32b,,"['reference_not_ranking', 'single_initialization_observation']"
seidel_2d,dace_cpu,auto_opt,fresh_process,observed,1.1055595409707166,seidel_2d,1.0.2,2,2,ee1919384d25883ff17bfcdb49d28a5d6dabc6f97d12c672811043a4107874a9,6d10c80c878e92ea3bdd4f0a16c473438b233d1989ed5a8d0f8d1356e6d0b32b,,"['reference_not_ranking', 'single_initialization_observation']"
seidel_2d,dace_cpu,auto_opt,same_process,observed,0.7304575290181674,seidel_2d,1.0.2,6,3,ee1919384d25883ff17bfcdb49d28a5d6dabc6f97d12c672811043a4107874a9,6d10c80c878e92ea3bdd4f0a16c473438b233d1989ed5a8d0f8d1356e6d0b32b,,"['reference_not_ranking', 'single_initialization_observation']"
seidel_2d,dace_gpu,fusion,initialization,observed,45.81272599892691,seidel_2d,1.0.2,1,1,ee1919384d25883ff17bfcdb49d28a5d6dabc6f97d12c672811043a4107874a9,6d10c80c878e92ea3bdd4f0a16c473438b233d1989ed5a8d0f8d1356e6d0b32b,,"['reference_not_ranking', 'single_initialization_observation']"
seidel_2d,dace_gpu,fusion,fresh_process,observed,25.727538807492238,seidel_2d,1.0.2,2,2,ee1919384d25883ff17bfcdb49d28a5d6dabc6f97d12c672811043a4107874a9,6d10c80c878e92ea3bdd4f0a16c473438b233d1989ed5a8d0f8d1356e6d0b32b,,"['reference_not_ranking', 'single_initialization_observation']"
seidel_2d,dace_gpu,fusion,same_process,observed,23.431134339538403,seidel_2d,1.0.2,6,3,ee1919384d25883ff17bfcdb49d28a5d6dabc6f97d12c672811043a4107874a9,6d10c80c878e92ea3bdd4f0a16c473438b233d1989ed5a8d0f8d1356e6d0b32b,,"['reference_not_ranking', 'single_initialization_observation']"
seidel_2d,dace_gpu,parallel,initialization,observed,46.05225452501327,seidel_2d,1.0.2,1,1,ee1919384d25883ff17bfcdb49d28a5d6dabc6f97d12c672811043a4107874a9,6d10c80c878e92ea3bdd4f0a16c473438b233d1989ed5a8d0f8d1356e6d0b32b,,"['reference_not_ranking', 'single_initialization_observation']"
seidel_2d,dace_gpu,parallel,fresh_process,observed,23.74595141952159,seidel_2d,1.0.2,2,2,ee1919384d25883ff17bfcdb49d28a5d6dabc6f97d12c672811043a4107874a9,6d10c80c878e92ea3bdd4f0a16c473438b233d1989ed5a8d0f8d1356e6d0b32b,,"['reference_not_ranking', 'single_initialization_observation']"
seidel_2d,dace_gpu,parallel,same_process,observed,20.210649398039095,seidel_2d,1.0.2,6,3,ee1919384d25883ff17bfcdb49d28a5d6dabc6f97d12c672811043a4107874a9,6d10c80c878e92ea3bdd4f0a16c473438b233d1989ed5a8d0f8d1356e6d0b32b,,"['reference_not_ranking', 'single_initialization_observation']"
seidel_2d,dace_gpu,auto_opt,initialization,observed,51.03094014106318,seidel_2d,1.0.2,1,1,ee1919384d25883ff17bfcdb49d28a5d6dabc6f97d12c672811043a4107874a9,6d10c80c878e92ea3bdd4f0a16c473438b233d1989ed5a8d0f8d1356e6d0b32b,,"['reference_not_ranking', 'single_initialization_observation']"
seidel_2d,dace_gpu,auto_opt,fresh_process,observed,22.90416810044553,seidel_2d,1.0.2,2,2,ee1919384d25883ff17bfcdb49d28a5d6dabc6f97d12c672811043a4107874a9,6d10c80c878e92ea3bdd4f0a16c473438b233d1989ed5a8d0f8d1356e6d0b32b,,"['reference_not_ranking', 'single_initialization_observation']"
seidel_2d,dace_gpu,auto_opt,same_process,observed,23.20703006203985,seidel_2d,1.0.2,6,3,ee1919384d25883ff17bfcdb49d28a5d6dabc6f97d12c672811043a4107874a9,6d10c80c878e92ea3bdd4f0a16c473438b233d1989ed5a8d0f8d1356e6d0b32b,,"['reference_not_ranking', 'single_initialization_observation']"
seidel_2d,cupy,default,initialization,observed,42.072597022983246,seidel_2d,13.6.0,1,1,ee1919384d25883ff17bfcdb49d28a5d6dabc6f97d12c672811043a4107874a9,6d10c80c878e92ea3bdd4f0a16c473438b233d1989ed5a8d0f8d1356e6d0b32b,,"['reference_not_ranking', 'single_initialization_observation']"
seidel_2d,cupy,default,fresh_process,observed,45.61377827450633,seidel_2d,13.6.0,2,2,ee1919384d25883ff17bfcdb49d28a5d6dabc6f97d12c672811043a4107874a9,6d10c80c878e92ea3bdd4f0a16c473438b233d1989ed5a8d0f8d1356e6d0b32b,,"['reference_not_ranking', 'single_initialization_observation']"
seidel_2d,cupy,default,same_process,observed,43.483285666035954,seidel_2d,13.6.0,6,3,ee1919384d25883ff17bfcdb49d28a5d6dabc6f97d12c672811043a4107874a9,6d10c80c878e92ea3bdd4f0a16c473438b233d1989ed5a8d0f8d1356e6d0b32b,,"['reference_not_ranking', 'single_initialization_observation']"
softmax,numpy,default,initialization,observed,0.7742682179668918,softmax,1.26.4,1,1,4c2cc8073ef8741ed9febc8a4ff62219351eab9b80f103f3f9ef78cbfb3d3a24,2fcf9437c28756a764115316372f1c170da55c13fa29321255a7dcc2a7583c80,,"['reference_not_ranking', 'single_initialization_observation']"
softmax,numpy,default,fresh_process,observed,0.7288023760193028,softmax,1.26.4,2,2,4c2cc8073ef8741ed9febc8a4ff62219351eab9b80f103f3f9ef78cbfb3d3a24,2fcf9437c28756a764115316372f1c170da55c13fa29321255a7dcc2a7583c80,,"['reference_not_ranking', 'single_initialization_observation']"
softmax,numpy,default,same_process,observed,1.0577418530010618,softmax,1.26.4,6,3,4c2cc8073ef8741ed9febc8a4ff62219351eab9b80f103f3f9ef78cbfb3d3a24,2fcf9437c28756a764115316372f1c170da55c13fa29321255a7dcc2a7583c80,,"['reference_not_ranking', 'single_initialization_observation']"
softmax,numba,nopython-mode,initialization,observed,18.401318141026422,softmax,0.65.1,1,1,4c2cc8073ef8741ed9febc8a4ff62219351eab9b80f103f3f9ef78cbfb3d3a24,2fcf9437c28756a764115316372f1c170da55c13fa29321255a7dcc2a7583c80,,"['reference_not_ranking', 'single_initialization_observation']"
softmax,numba,nopython-mode,fresh_process,observed,4.1251982130343094,softmax,0.65.1,2,2,4c2cc8073ef8741ed9febc8a4ff62219351eab9b80f103f3f9ef78cbfb3d3a24,2fcf9437c28756a764115316372f1c170da55c13fa29321255a7dcc2a7583c80,,"['reference_not_ranking', 'single_initialization_observation']"
softmax,numba,nopython-mode,same_process,observed,4.4149605095153674,softmax,0.65.1,6,3,4c2cc8073ef8741ed9febc8a4ff62219351eab9b80f103f3f9ef78cbfb3d3a24,2fcf9437c28756a764115316372f1c170da55c13fa29321255a7dcc2a7583c80,,"['reference_not_ranking', 'single_initialization_observation']"
softmax,numba,nopython-mode-parallel,initialization,observed,10.009171611978672,softmax,0.65.1,1,1,4c2cc8073ef8741ed9febc8a4ff62219351eab9b80f103f3f9ef78cbfb3d3a24,2fcf9437c28756a764115316372f1c170da55c13fa29321255a7dcc2a7583c80,,"['reference_not_ranking', 'single_initialization_observation']"
softmax,numba,nopython-mode-parallel,fresh_process,observed,2.6279058539657854,softmax,0.65.1,2,2,4c2cc8073ef8741ed9febc8a4ff62219351eab9b80f103f3f9ef78cbfb3d3a24,2fcf9437c28756a764115316372f1c170da55c13fa29321255a7dcc2a7583c80,,"['reference_not_ranking', 'single_initialization_observation']"
softmax,numba,nopython-mode-parallel,same_process,observed,2.198095607513096,softmax,0.65.1,6,3,4c2cc8073ef8741ed9febc8a4ff62219351eab9b80f103f3f9ef78cbfb3d3a24,2fcf9437c28756a764115316372f1c170da55c13fa29321255a7dcc2a7583c80,,"['reference_not_ranking', 'single_initialization_observation']"
softmax,numba,nopython-mode-parallel-range,initialization,observed,11.13289180607535,softmax,0.65.1,1,1,4c2cc8073ef8741ed9febc8a4ff62219351eab9b80f103f3f9ef78cbfb3d3a24,2fcf9437c28756a764115316372f1c170da55c13fa29321255a7dcc2a7583c80,,"['reference_not_ranking', 'single_initialization_observation']"
softmax,numba,nopython-mode-parallel-range,fresh_process,observed,2.97521903750021,softmax,0.65.1,2,2,4c2cc8073ef8741ed9febc8a4ff62219351eab9b80f103f3f9ef78cbfb3d3a24,2fcf9437c28756a764115316372f1c170da55c13fa29321255a7dcc2a7583c80,,"['reference_not_ranking', 'single_initialization_observation']"
softmax,numba,nopython-mode-parallel-range,same_process,observed,2.234876055503264,softmax,0.65.1,6,3,4c2cc8073ef8741ed9febc8a4ff62219351eab9b80f103f3f9ef78cbfb3d3a24,2fcf9437c28756a764115316372f1c170da55c13fa29321255a7dcc2a7583c80,,"['reference_not_ranking', 'single_initialization_observation']"
softmax,numba,object-mode,initialization,observed,1.3258278910070658,softmax,0.65.1,1,1,4c2cc8073ef8741ed9febc8a4ff62219351eab9b80f103f3f9ef78cbfb3d3a24,2fcf9437c28756a764115316372f1c170da55c13fa29321255a7dcc2a7583c80,,"['reference_not_ranking', 'single_initialization_observation']"
softmax,numba,object-mode,fresh_process,observed,1.3238157075247727,softmax,0.65.1,2,2,4c2cc8073ef8741ed9febc8a4ff62219351eab9b80f103f3f9ef78cbfb3d3a24,2fcf9437c28756a764115316372f1c170da55c13fa29321255a7dcc2a7583c80,,"['reference_not_ranking', 'single_initialization_observation']"
softmax,numba,object-mode,same_process,observed,1.0682974654482678,softmax,0.65.1,6,3,4c2cc8073ef8741ed9febc8a4ff62219351eab9b80f103f3f9ef78cbfb3d3a24,2fcf9437c28756a764115316372f1c170da55c13fa29321255a7dcc2a7583c80,,"['reference_not_ranking', 'single_initialization_observation']"
softmax,numba,object-mode-parallel,initialization,observed,1.9450337459566072,softmax,0.65.1,1,1,4c2cc8073ef8741ed9febc8a4ff62219351eab9b80f103f3f9ef78cbfb3d3a24,2fcf9437c28756a764115316372f1c170da55c13fa29321255a7dcc2a7583c80,,"['reference_not_ranking', 'single_initialization_observation']"
softmax,numba,object-mode-parallel,fresh_process,observed,1.4257019804790616,softmax,0.65.1,2,2,4c2cc8073ef8741ed9febc8a4ff62219351eab9b80f103f3f9ef78cbfb3d3a24,2fcf9437c28756a764115316372f1c170da55c13fa29321255a7dcc2a7583c80,,"['reference_not_ranking', 'single_initialization_observation']"
softmax,numba,object-mode-parallel,same_process,observed,1.1905016080127098,softmax,0.65.1,6,3,4c2cc8073ef8741ed9febc8a4ff62219351eab9b80f103f3f9ef78cbfb3d3a24,2fcf9437c28756a764115316372f1c170da55c13fa29321255a7dcc2a7583c80,,"['reference_not_ranking', 'single_initialization_observation']"
softmax,numba,object-mode-parallel-range,initialization,N/A,,,,0,0,,,,
softmax,numba,object-mode-parallel-range,fresh_process,N/A,,,,0,0,,,,
softmax,numba,object-mode-parallel-range,same_process,N/A,,,,0,0,,,,
softmax,dace_cpu,fusion,initialization,observed,125.09219533705618,softmax,1.0.2,1,1,4c2cc8073ef8741ed9febc8a4ff62219351eab9b80f103f3f9ef78cbfb3d3a24,2fcf9437c28756a764115316372f1c170da55c13fa29321255a7dcc2a7583c80,,"['reference_not_ranking', 'single_initialization_observation']"
softmax,dace_cpu,fusion,fresh_process,observed,128.92727641097736,softmax,1.0.2,2,2,4c2cc8073ef8741ed9febc8a4ff62219351eab9b80f103f3f9ef78cbfb3d3a24,2fcf9437c28756a764115316372f1c170da55c13fa29321255a7dcc2a7583c80,,"['reference_not_ranking', 'single_initialization_observation']"
softmax,dace_cpu,fusion,same_process,observed,132.42487882298883,softmax,1.0.2,6,3,4c2cc8073ef8741ed9febc8a4ff62219351eab9b80f103f3f9ef78cbfb3d3a24,2fcf9437c28756a764115316372f1c170da55c13fa29321255a7dcc2a7583c80,,"['reference_not_ranking', 'single_initialization_observation']"
softmax,dace_cpu,parallel,initialization,observed,133.40949408803135,softmax,1.0.2,1,1,4c2cc8073ef8741ed9febc8a4ff62219351eab9b80f103f3f9ef78cbfb3d3a24,2fcf9437c28756a764115316372f1c170da55c13fa29321255a7dcc2a7583c80,,"['reference_not_ranking', 'single_initialization_observation']"
softmax,dace_cpu,parallel,fresh_process,observed,138.67472548555816,softmax,1.0.2,2,2,4c2cc8073ef8741ed9febc8a4ff62219351eab9b80f103f3f9ef78cbfb3d3a24,2fcf9437c28756a764115316372f1c170da55c13fa29321255a7dcc2a7583c80,,"['reference_not_ranking', 'single_initialization_observation']"
softmax,dace_cpu,parallel,same_process,observed,123.14494903350715,softmax,1.0.2,6,3,4c2cc8073ef8741ed9febc8a4ff62219351eab9b80f103f3f9ef78cbfb3d3a24,2fcf9437c28756a764115316372f1c170da55c13fa29321255a7dcc2a7583c80,,"['reference_not_ranking', 'single_initialization_observation']"
softmax,dace_cpu,auto_opt,initialization,observed,131.74212858011015,softmax,1.0.2,1,1,4c2cc8073ef8741ed9febc8a4ff62219351eab9b80f103f3f9ef78cbfb3d3a24,2fcf9437c28756a764115316372f1c170da55c13fa29321255a7dcc2a7583c80,,"['reference_not_ranking', 'single_initialization_observation']"
softmax,dace_cpu,auto_opt,fresh_process,observed,112.08825648546917,softmax,1.0.2,2,2,4c2cc8073ef8741ed9febc8a4ff62219351eab9b80f103f3f9ef78cbfb3d3a24,2fcf9437c28756a764115316372f1c170da55c13fa29321255a7dcc2a7583c80,,"['reference_not_ranking', 'single_initialization_observation']"
softmax,dace_cpu,auto_opt,same_process,observed,117.4420089564519,softmax,1.0.2,6,3,4c2cc8073ef8741ed9febc8a4ff62219351eab9b80f103f3f9ef78cbfb3d3a24,2fcf9437c28756a764115316372f1c170da55c13fa29321255a7dcc2a7583c80,,"['reference_not_ranking', 'single_initialization_observation']"
softmax,dace_gpu,fusion,initialization,observed,26.624899354064837,softmax,1.0.2,1,1,4c2cc8073ef8741ed9febc8a4ff62219351eab9b80f103f3f9ef78cbfb3d3a24,2fcf9437c28756a764115316372f1c170da55c13fa29321255a7dcc2a7583c80,,"['reference_not_ranking', 'single_initialization_observation']"
softmax,dace_gpu,fusion,fresh_process,observed,2.234317912021652,softmax,1.0.2,2,2,4c2cc8073ef8741ed9febc8a4ff62219351eab9b80f103f3f9ef78cbfb3d3a24,2fcf9437c28756a764115316372f1c170da55c13fa29321255a7dcc2a7583c80,,"['reference_not_ranking', 'single_initialization_observation']"
softmax,dace_gpu,fusion,same_process,observed,0.29602367244660854,softmax,1.0.2,6,3,4c2cc8073ef8741ed9febc8a4ff62219351eab9b80f103f3f9ef78cbfb3d3a24,2fcf9437c28756a764115316372f1c170da55c13fa29321255a7dcc2a7583c80,,"['reference_not_ranking', 'single_initialization_observation']"
softmax,dace_gpu,parallel,initialization,observed,25.166002701967955,softmax,1.0.2,1,1,4c2cc8073ef8741ed9febc8a4ff62219351eab9b80f103f3f9ef78cbfb3d3a24,2fcf9437c28756a764115316372f1c170da55c13fa29321255a7dcc2a7583c80,,"['reference_not_ranking', 'single_initialization_observation']"
softmax,dace_gpu,parallel,fresh_process,observed,2.038859971042257,softmax,1.0.2,2,2,4c2cc8073ef8741ed9febc8a4ff62219351eab9b80f103f3f9ef78cbfb3d3a24,2fcf9437c28756a764115316372f1c170da55c13fa29321255a7dcc2a7583c80,,"['reference_not_ranking', 'single_initialization_observation']"
softmax,dace_gpu,parallel,same_process,observed,0.2889403815497644,softmax,1.0.2,6,3,4c2cc8073ef8741ed9febc8a4ff62219351eab9b80f103f3f9ef78cbfb3d3a24,2fcf9437c28756a764115316372f1c170da55c13fa29321255a7dcc2a7583c80,,"['reference_not_ranking', 'single_initialization_observation']"
softmax,dace_gpu,auto_opt,initialization,observed,27.223810426075943,softmax,1.0.2,1,1,4c2cc8073ef8741ed9febc8a4ff62219351eab9b80f103f3f9ef78cbfb3d3a24,2fcf9437c28756a764115316372f1c170da55c13fa29321255a7dcc2a7583c80,,"['reference_not_ranking', 'single_initialization_observation']"
softmax,dace_gpu,auto_opt,fresh_process,observed,2.7270320174866356,softmax,1.0.2,2,2,4c2cc8073ef8741ed9febc8a4ff62219351eab9b80f103f3f9ef78cbfb3d3a24,2fcf9437c28756a764115316372f1c170da55c13fa29321255a7dcc2a7583c80,,"['reference_not_ranking', 'single_initialization_observation']"
softmax,dace_gpu,auto_opt,same_process,observed,0.34584194648778066,softmax,1.0.2,6,3,4c2cc8073ef8741ed9febc8a4ff62219351eab9b80f103f3f9ef78cbfb3d3a24,2fcf9437c28756a764115316372f1c170da55c13fa29321255a7dcc2a7583c80,,"['reference_not_ranking', 'single_initialization_observation']"
softmax,cupy,default,initialization,observed,2.159096003975719,softmax,13.6.0,1,1,4c2cc8073ef8741ed9febc8a4ff62219351eab9b80f103f3f9ef78cbfb3d3a24,2fcf9437c28756a764115316372f1c170da55c13fa29321255a7dcc2a7583c80,,"['reference_not_ranking', 'single_initialization_observation']"
softmax,cupy,default,fresh_process,observed,1.30366477498319,softmax,13.6.0,2,2,4c2cc8073ef8741ed9febc8a4ff62219351eab9b80f103f3f9ef78cbfb3d3a24,2fcf9437c28756a764115316372f1c170da55c13fa29321255a7dcc2a7583c80,,"['reference_not_ranking', 'single_initialization_observation']"
softmax,cupy,default,same_process,observed,0.29087152652209625,softmax,13.6.0,6,3,4c2cc8073ef8741ed9febc8a4ff62219351eab9b80f103f3f9ef78cbfb3d3a24,2fcf9437c28756a764115316372f1c170da55c13fa29321255a7dcc2a7583c80,,"['reference_not_ranking', 'single_initialization_observation']"
spmv,numpy,default,initialization,observed,0.9925850299187005,spmv,1.26.4,1,1,da225492dbcd662f48fe5c413e0af07e8fbf1265c8b2c20e9564383e2e55d8ad,830b22cd03e41feb9b883b4b8fc754402901ac74dc9f607cfa3a81bdc5787389,,"['reference_not_ranking', 'single_initialization_observation']"
spmv,numpy,default,fresh_process,observed,1.026877003023401,spmv,1.26.4,2,2,da225492dbcd662f48fe5c413e0af07e8fbf1265c8b2c20e9564383e2e55d8ad,830b22cd03e41feb9b883b4b8fc754402901ac74dc9f607cfa3a81bdc5787389,,"['reference_not_ranking', 'single_initialization_observation']"
spmv,numpy,default,same_process,observed,0.9846112055238336,spmv,1.26.4,6,3,da225492dbcd662f48fe5c413e0af07e8fbf1265c8b2c20e9564383e2e55d8ad,830b22cd03e41feb9b883b4b8fc754402901ac74dc9f607cfa3a81bdc5787389,,"['reference_not_ranking', 'single_initialization_observation']"
spmv,numba,nopython-mode,initialization,observed,0.9059427470201626,spmv,0.65.1,1,1,da225492dbcd662f48fe5c413e0af07e8fbf1265c8b2c20e9564383e2e55d8ad,830b22cd03e41feb9b883b4b8fc754402901ac74dc9f607cfa3a81bdc5787389,,"['reference_not_ranking', 'single_initialization_observation']"
spmv,numba,nopython-mode,fresh_process,observed,0.3827105365344323,spmv,0.65.1,2,2,da225492dbcd662f48fe5c413e0af07e8fbf1265c8b2c20e9564383e2e55d8ad,830b22cd03e41feb9b883b4b8fc754402901ac74dc9f607cfa3a81bdc5787389,,"['reference_not_ranking', 'single_initialization_observation']"
spmv,numba,nopython-mode,same_process,observed,0.018967359501402825,spmv,0.65.1,6,3,da225492dbcd662f48fe5c413e0af07e8fbf1265c8b2c20e9564383e2e55d8ad,830b22cd03e41feb9b883b4b8fc754402901ac74dc9f607cfa3a81bdc5787389,,"['reference_not_ranking', 'single_initialization_observation']"
spmv,numba,nopython-mode-parallel,initialization,observed,0.8733293190598488,spmv,0.65.1,1,1,da225492dbcd662f48fe5c413e0af07e8fbf1265c8b2c20e9564383e2e55d8ad,830b22cd03e41feb9b883b4b8fc754402901ac74dc9f607cfa3a81bdc5787389,,"['reference_not_ranking', 'single_initialization_observation']"
spmv,numba,nopython-mode-parallel,fresh_process,observed,0.40702646400313824,spmv,0.65.1,2,2,da225492dbcd662f48fe5c413e0af07e8fbf1265c8b2c20e9564383e2e55d8ad,830b22cd03e41feb9b883b4b8fc754402901ac74dc9f607cfa3a81bdc5787389,,"['reference_not_ranking', 'single_initialization_observation']"
spmv,numba,nopython-mode-parallel,same_process,observed,0.019770600483752787,spmv,0.65.1,6,3,da225492dbcd662f48fe5c413e0af07e8fbf1265c8b2c20e9564383e2e55d8ad,830b22cd03e41feb9b883b4b8fc754402901ac74dc9f607cfa3a81bdc5787389,,"['reference_not_ranking', 'single_initialization_observation']"
spmv,numba,nopython-mode-parallel-range,initialization,observed,1.8212128219893202,spmv,0.65.1,1,1,da225492dbcd662f48fe5c413e0af07e8fbf1265c8b2c20e9564383e2e55d8ad,830b22cd03e41feb9b883b4b8fc754402901ac74dc9f607cfa3a81bdc5787389,,"['reference_not_ranking', 'single_initialization_observation']"
spmv,numba,nopython-mode-parallel-range,fresh_process,observed,0.4217472614836879,spmv,0.65.1,2,2,da225492dbcd662f48fe5c413e0af07e8fbf1265c8b2c20e9564383e2e55d8ad,830b22cd03e41feb9b883b4b8fc754402901ac74dc9f607cfa3a81bdc5787389,,"['reference_not_ranking', 'single_initialization_observation']"
spmv,numba,nopython-mode-parallel-range,same_process,observed,0.005943436990492046,spmv,0.65.1,6,3,da225492dbcd662f48fe5c413e0af07e8fbf1265c8b2c20e9564383e2e55d8ad,830b22cd03e41feb9b883b4b8fc754402901ac74dc9f607cfa3a81bdc5787389,,"['reference_not_ranking', 'single_initialization_observation']"
spmv,numba,object-mode,initialization,N/A,,,,0,0,,,,
spmv,numba,object-mode,fresh_process,N/A,,,,0,0,,,,
spmv,numba,object-mode,same_process,N/A,,,,0,0,,,,
spmv,numba,object-mode-parallel,initialization,N/A,,,,0,0,,,,
spmv,numba,object-mode-parallel,fresh_process,N/A,,,,0,0,,,,
spmv,numba,object-mode-parallel,same_process,N/A,,,,0,0,,,,
spmv,numba,object-mode-parallel-range,initialization,N/A,,,,0,0,,,,
spmv,numba,object-mode-parallel-range,fresh_process,N/A,,,,0,0,,,,
spmv,numba,object-mode-parallel-range,same_process,N/A,,,,0,0,,,,
spmv,dace_cpu,fusion,initialization,observed,16.04809591290541,spmv,1.0.2,1,1,da225492dbcd662f48fe5c413e0af07e8fbf1265c8b2c20e9564383e2e55d8ad,830b22cd03e41feb9b883b4b8fc754402901ac74dc9f607cfa3a81bdc5787389,,"['reference_not_ranking', 'single_initialization_observation']"
spmv,dace_cpu,fusion,fresh_process,observed,11.997778335935436,spmv,1.0.2,2,2,da225492dbcd662f48fe5c413e0af07e8fbf1265c8b2c20e9564383e2e55d8ad,830b22cd03e41feb9b883b4b8fc754402901ac74dc9f607cfa3a81bdc5787389,,"['reference_not_ranking', 'single_initialization_observation']"
spmv,dace_cpu,fusion,same_process,observed,12.328549899510108,spmv,1.0.2,6,3,da225492dbcd662f48fe5c413e0af07e8fbf1265c8b2c20e9564383e2e55d8ad,830b22cd03e41feb9b883b4b8fc754402901ac74dc9f607cfa3a81bdc5787389,,"['reference_not_ranking', 'single_initialization_observation']"
spmv,dace_cpu,parallel,initialization,observed,8.128268691012636,spmv,1.0.2,1,1,da225492dbcd662f48fe5c413e0af07e8fbf1265c8b2c20e9564383e2e55d8ad,830b22cd03e41feb9b883b4b8fc754402901ac74dc9f607cfa3a81bdc5787389,,"['reference_not_ranking', 'single_initialization_observation']"
spmv,dace_cpu,parallel,fresh_process,observed,0.17676023999229074,spmv,1.0.2,2,2,da225492dbcd662f48fe5c413e0af07e8fbf1265c8b2c20e9564383e2e55d8ad,830b22cd03e41feb9b883b4b8fc754402901ac74dc9f607cfa3a81bdc5787389,,"['reference_not_ranking', 'single_initialization_observation']"
spmv,dace_cpu,parallel,same_process,observed,0.012532084016129375,spmv,1.0.2,6,3,da225492dbcd662f48fe5c413e0af07e8fbf1265c8b2c20e9564383e2e55d8ad,830b22cd03e41feb9b883b4b8fc754402901ac74dc9f607cfa3a81bdc5787389,,"['reference_not_ranking', 'single_initialization_observation']"
spmv,dace_cpu,auto_opt,initialization,observed,8.382245356100611,spmv,1.0.2,1,1,da225492dbcd662f48fe5c413e0af07e8fbf1265c8b2c20e9564383e2e55d8ad,830b22cd03e41feb9b883b4b8fc754402901ac74dc9f607cfa3a81bdc5787389,,"['reference_not_ranking', 'single_initialization_observation']"
spmv,dace_cpu,auto_opt,fresh_process,observed,0.1784241169807501,spmv,1.0.2,2,2,da225492dbcd662f48fe5c413e0af07e8fbf1265c8b2c20e9564383e2e55d8ad,830b22cd03e41feb9b883b4b8fc754402901ac74dc9f607cfa3a81bdc5787389,,"['reference_not_ranking', 'single_initialization_observation']"
spmv,dace_cpu,auto_opt,same_process,observed,0.009585924446582794,spmv,1.0.2,6,3,da225492dbcd662f48fe5c413e0af07e8fbf1265c8b2c20e9564383e2e55d8ad,830b22cd03e41feb9b883b4b8fc754402901ac74dc9f607cfa3a81bdc5787389,,"['reference_not_ranking', 'single_initialization_observation']"
spmv,dace_gpu,fusion,initialization,observed,74.91286834096536,spmv,1.0.2,1,1,da225492dbcd662f48fe5c413e0af07e8fbf1265c8b2c20e9564383e2e55d8ad,830b22cd03e41feb9b883b4b8fc754402901ac74dc9f607cfa3a81bdc5787389,,"['reference_not_ranking', 'single_initialization_observation']"
spmv,dace_gpu,fusion,fresh_process,observed,50.378659144509584,spmv,1.0.2,2,2,da225492dbcd662f48fe5c413e0af07e8fbf1265c8b2c20e9564383e2e55d8ad,830b22cd03e41feb9b883b4b8fc754402901ac74dc9f607cfa3a81bdc5787389,,"['reference_not_ranking', 'single_initialization_observation']"
spmv,dace_gpu,fusion,same_process,observed,48.66686485148966,spmv,1.0.2,6,3,da225492dbcd662f48fe5c413e0af07e8fbf1265c8b2c20e9564383e2e55d8ad,830b22cd03e41feb9b883b4b8fc754402901ac74dc9f607cfa3a81bdc5787389,,"['reference_not_ranking', 'single_initialization_observation']"
spmv,dace_gpu,parallel,initialization,observed,24.925074802013114,spmv,1.0.2,1,1,da225492dbcd662f48fe5c413e0af07e8fbf1265c8b2c20e9564383e2e55d8ad,830b22cd03e41feb9b883b4b8fc754402901ac74dc9f607cfa3a81bdc5787389,,"['reference_not_ranking', 'single_initialization_observation']"
spmv,dace_gpu,parallel,fresh_process,observed,1.2596189639298245,spmv,1.0.2,2,2,da225492dbcd662f48fe5c413e0af07e8fbf1265c8b2c20e9564383e2e55d8ad,830b22cd03e41feb9b883b4b8fc754402901ac74dc9f607cfa3a81bdc5787389,,"['reference_not_ranking', 'single_initialization_observation']"
spmv,dace_gpu,parallel,same_process,observed,0.08710792748024687,spmv,1.0.2,6,3,da225492dbcd662f48fe5c413e0af07e8fbf1265c8b2c20e9564383e2e55d8ad,830b22cd03e41feb9b883b4b8fc754402901ac74dc9f607cfa3a81bdc5787389,,"['reference_not_ranking', 'single_initialization_observation']"
spmv,dace_gpu,auto_opt,initialization,observed,24.65566842199769,spmv,1.0.2,1,1,da225492dbcd662f48fe5c413e0af07e8fbf1265c8b2c20e9564383e2e55d8ad,830b22cd03e41feb9b883b4b8fc754402901ac74dc9f607cfa3a81bdc5787389,,"['reference_not_ranking', 'single_initialization_observation']"
spmv,dace_gpu,auto_opt,fresh_process,observed,1.332238825969398,spmv,1.0.2,2,2,da225492dbcd662f48fe5c413e0af07e8fbf1265c8b2c20e9564383e2e55d8ad,830b22cd03e41feb9b883b4b8fc754402901ac74dc9f607cfa3a81bdc5787389,,"['reference_not_ranking', 'single_initialization_observation']"
spmv,dace_gpu,auto_opt,same_process,observed,0.10851050447672606,spmv,1.0.2,6,3,da225492dbcd662f48fe5c413e0af07e8fbf1265c8b2c20e9564383e2e55d8ad,830b22cd03e41feb9b883b4b8fc754402901ac74dc9f607cfa3a81bdc5787389,,"['reference_not_ranking', 'single_initialization_observation']"
spmv,cupy,default,initialization,observed,46.18868219596334,spmv,13.6.0,1,1,da225492dbcd662f48fe5c413e0af07e8fbf1265c8b2c20e9564383e2e55d8ad,830b22cd03e41feb9b883b4b8fc754402901ac74dc9f607cfa3a81bdc5787389,,"['reference_not_ranking', 'single_initialization_observation']"
spmv,cupy,default,fresh_process,observed,47.20838446251582,spmv,13.6.0,2,2,da225492dbcd662f48fe5c413e0af07e8fbf1265c8b2c20e9564383e2e55d8ad,830b22cd03e41feb9b883b4b8fc754402901ac74dc9f607cfa3a81bdc5787389,,"['reference_not_ranking', 'single_initialization_observation']"
spmv,cupy,default,same_process,observed,44.926662378013134,spmv,13.6.0,6,3,da225492dbcd662f48fe5c413e0af07e8fbf1265c8b2c20e9564383e2e55d8ad,830b22cd03e41feb9b883b4b8fc754402901ac74dc9f607cfa3a81bdc5787389,,"['reference_not_ranking', 'single_initialization_observation']"
stockham_fft,numpy,default,initialization,observed,1.2719637890113518,stockham_fft,1.26.4,1,1,6d6ff6409e820c0b1abb2d24a7ede6af7390464b8d347a4cba678562e2b4f111,f6c4acc3fcbed6678c4fad72d834895ca7156ce67f7538ebe2242ed208af3254,,"['reference_not_ranking', 'single_initialization_observation']"
stockham_fft,numpy,default,fresh_process,observed,1.0001396770239808,stockham_fft,1.26.4,2,2,6d6ff6409e820c0b1abb2d24a7ede6af7390464b8d347a4cba678562e2b4f111,f6c4acc3fcbed6678c4fad72d834895ca7156ce67f7538ebe2242ed208af3254,,"['reference_not_ranking', 'single_initialization_observation']"
stockham_fft,numpy,default,same_process,observed,0.9693040019483306,stockham_fft,1.26.4,6,3,6d6ff6409e820c0b1abb2d24a7ede6af7390464b8d347a4cba678562e2b4f111,f6c4acc3fcbed6678c4fad72d834895ca7156ce67f7538ebe2242ed208af3254,,"['reference_not_ranking', 'single_initialization_observation']"
stockham_fft,numba,nopython-mode,initialization,observed,10.414190829033032,stockham_fft,0.65.1,1,1,6d6ff6409e820c0b1abb2d24a7ede6af7390464b8d347a4cba678562e2b4f111,f6c4acc3fcbed6678c4fad72d834895ca7156ce67f7538ebe2242ed208af3254,,"['reference_not_ranking', 'single_initialization_observation']"
stockham_fft,numba,nopython-mode,fresh_process,observed,2.9964886030065827,stockham_fft,0.65.1,2,2,6d6ff6409e820c0b1abb2d24a7ede6af7390464b8d347a4cba678562e2b4f111,f6c4acc3fcbed6678c4fad72d834895ca7156ce67f7538ebe2242ed208af3254,,"['reference_not_ranking', 'single_initialization_observation']"
stockham_fft,numba,nopython-mode,same_process,observed,2.153266475535929,stockham_fft,0.65.1,6,3,6d6ff6409e820c0b1abb2d24a7ede6af7390464b8d347a4cba678562e2b4f111,f6c4acc3fcbed6678c4fad72d834895ca7156ce67f7538ebe2242ed208af3254,,"['reference_not_ranking', 'single_initialization_observation']"
stockham_fft,numba,nopython-mode-parallel,initialization,observed,437.0053879839834,stockham_fft,0.65.1,1,1,6d6ff6409e820c0b1abb2d24a7ede6af7390464b8d347a4cba678562e2b4f111,f6c4acc3fcbed6678c4fad72d834895ca7156ce67f7538ebe2242ed208af3254,,"['reference_not_ranking', 'single_initialization_observation']"
stockham_fft,numba,nopython-mode-parallel,fresh_process,observed,424.74558911897475,stockham_fft,0.65.1,2,2,6d6ff6409e820c0b1abb2d24a7ede6af7390464b8d347a4cba678562e2b4f111,f6c4acc3fcbed6678c4fad72d834895ca7156ce67f7538ebe2242ed208af3254,,"['reference_not_ranking', 'single_initialization_observation']"
stockham_fft,numba,nopython-mode-parallel,same_process,observed,426.8581169254612,stockham_fft,0.65.1,6,3,6d6ff6409e820c0b1abb2d24a7ede6af7390464b8d347a4cba678562e2b4f111,f6c4acc3fcbed6678c4fad72d834895ca7156ce67f7538ebe2242ed208af3254,,"['reference_not_ranking', 'single_initialization_observation']"
stockham_fft,numba,nopython-mode-parallel-range,initialization,observed,14.964669170905836,stockham_fft,0.65.1,1,1,6d6ff6409e820c0b1abb2d24a7ede6af7390464b8d347a4cba678562e2b4f111,f6c4acc3fcbed6678c4fad72d834895ca7156ce67f7538ebe2242ed208af3254,,"['reference_not_ranking', 'single_initialization_observation']"
stockham_fft,numba,nopython-mode-parallel-range,fresh_process,observed,7.171104094013572,stockham_fft,0.65.1,2,2,6d6ff6409e820c0b1abb2d24a7ede6af7390464b8d347a4cba678562e2b4f111,f6c4acc3fcbed6678c4fad72d834895ca7156ce67f7538ebe2242ed208af3254,,"['reference_not_ranking', 'single_initialization_observation']"
stockham_fft,numba,nopython-mode-parallel-range,same_process,observed,5.950485240493435,stockham_fft,0.65.1,6,3,6d6ff6409e820c0b1abb2d24a7ede6af7390464b8d347a4cba678562e2b4f111,f6c4acc3fcbed6678c4fad72d834895ca7156ce67f7538ebe2242ed208af3254,,"['reference_not_ranking', 'single_initialization_observation']"
stockham_fft,numba,object-mode,initialization,observed,6.604317420977168,stockham_fft,0.65.1,1,1,6d6ff6409e820c0b1abb2d24a7ede6af7390464b8d347a4cba678562e2b4f111,f6c4acc3fcbed6678c4fad72d834895ca7156ce67f7538ebe2242ed208af3254,,"['reference_not_ranking', 'single_initialization_observation', 'process_0_only', 'no_persistent_reuse']"
stockham_fft,numba,object-mode,fresh_process,unsupported,,stockham_fft,0.65.1,0,0,6d6ff6409e820c0b1abb2d24a7ede6af7390464b8d347a4cba678562e2b4f111,f6c4acc3fcbed6678c4fad72d834895ca7156ce67f7538ebe2242ed208af3254,,"['reference_not_ranking', 'single_initialization_observation', 'process_0_only', 'no_persistent_reuse']"
stockham_fft,numba,object-mode,same_process,observed,1.1195503210183233,stockham_fft,0.65.1,2,1,6d6ff6409e820c0b1abb2d24a7ede6af7390464b8d347a4cba678562e2b4f111,f6c4acc3fcbed6678c4fad72d834895ca7156ce67f7538ebe2242ed208af3254,,"['reference_not_ranking', 'single_initialization_observation', 'process_0_only', 'no_persistent_reuse']"
stockham_fft,numba,object-mode-parallel,initialization,observed,7.1090613070409745,stockham_fft,0.65.1,1,1,6d6ff6409e820c0b1abb2d24a7ede6af7390464b8d347a4cba678562e2b4f111,f6c4acc3fcbed6678c4fad72d834895ca7156ce67f7538ebe2242ed208af3254,,"['reference_not_ranking', 'single_initialization_observation', 'process_0_only', 'no_persistent_reuse']"
stockham_fft,numba,object-mode-parallel,fresh_process,unsupported,,stockham_fft,0.65.1,0,0,6d6ff6409e820c0b1abb2d24a7ede6af7390464b8d347a4cba678562e2b4f111,f6c4acc3fcbed6678c4fad72d834895ca7156ce67f7538ebe2242ed208af3254,,"['reference_not_ranking', 'single_initialization_observation', 'process_0_only', 'no_persistent_reuse']"
stockham_fft,numba,object-mode-parallel,same_process,observed,1.1070880725164898,stockham_fft,0.65.1,2,1,6d6ff6409e820c0b1abb2d24a7ede6af7390464b8d347a4cba678562e2b4f111,f6c4acc3fcbed6678c4fad72d834895ca7156ce67f7538ebe2242ed208af3254,,"['reference_not_ranking', 'single_initialization_observation', 'process_0_only', 'no_persistent_reuse']"
stockham_fft,numba,object-mode-parallel-range,initialization,N/A,,,,0,0,,,,
stockham_fft,numba,object-mode-parallel-range,fresh_process,N/A,,,,0,0,,,,
stockham_fft,numba,object-mode-parallel-range,same_process,N/A,,,,0,0,,,,
stockham_fft,dace_cpu,fusion,initialization,error,,stockham_fft,1.0.2,0,0,6d6ff6409e820c0b1abb2d24a7ede6af7390464b8d347a4cba678562e2b4f111,f6c4acc3fcbed6678c4fad72d834895ca7156ce67f7538ebe2242ed208af3254,,"['reference_not_ranking', 'single_initialization_observation']"
stockham_fft,dace_cpu,fusion,fresh_process,error,,stockham_fft,1.0.2,0,0,6d6ff6409e820c0b1abb2d24a7ede6af7390464b8d347a4cba678562e2b4f111,f6c4acc3fcbed6678c4fad72d834895ca7156ce67f7538ebe2242ed208af3254,,"['reference_not_ranking', 'single_initialization_observation']"
stockham_fft,dace_cpu,fusion,same_process,error,,stockham_fft,1.0.2,0,0,6d6ff6409e820c0b1abb2d24a7ede6af7390464b8d347a4cba678562e2b4f111,f6c4acc3fcbed6678c4fad72d834895ca7156ce67f7538ebe2242ed208af3254,,"['reference_not_ranking', 'single_initialization_observation']"
stockham_fft,dace_cpu,parallel,initialization,error,,stockham_fft,1.0.2,0,0,6d6ff6409e820c0b1abb2d24a7ede6af7390464b8d347a4cba678562e2b4f111,f6c4acc3fcbed6678c4fad72d834895ca7156ce67f7538ebe2242ed208af3254,,"['reference_not_ranking', 'single_initialization_observation']"
stockham_fft,dace_cpu,parallel,fresh_process,error,,stockham_fft,1.0.2,0,0,6d6ff6409e820c0b1abb2d24a7ede6af7390464b8d347a4cba678562e2b4f111,f6c4acc3fcbed6678c4fad72d834895ca7156ce67f7538ebe2242ed208af3254,,"['reference_not_ranking', 'single_initialization_observation']"
stockham_fft,dace_cpu,parallel,same_process,error,,stockham_fft,1.0.2,0,0,6d6ff6409e820c0b1abb2d24a7ede6af7390464b8d347a4cba678562e2b4f111,f6c4acc3fcbed6678c4fad72d834895ca7156ce67f7538ebe2242ed208af3254,,"['reference_not_ranking', 'single_initialization_observation']"
stockham_fft,dace_cpu,auto_opt,initialization,error,,stockham_fft,1.0.2,0,0,6d6ff6409e820c0b1abb2d24a7ede6af7390464b8d347a4cba678562e2b4f111,f6c4acc3fcbed6678c4fad72d834895ca7156ce67f7538ebe2242ed208af3254,,"['reference_not_ranking', 'single_initialization_observation']"
stockham_fft,dace_cpu,auto_opt,fresh_process,error,,stockham_fft,1.0.2,0,0,6d6ff6409e820c0b1abb2d24a7ede6af7390464b8d347a4cba678562e2b4f111,f6c4acc3fcbed6678c4fad72d834895ca7156ce67f7538ebe2242ed208af3254,,"['reference_not_ranking', 'single_initialization_observation']"
stockham_fft,dace_cpu,auto_opt,same_process,error,,stockham_fft,1.0.2,0,0,6d6ff6409e820c0b1abb2d24a7ede6af7390464b8d347a4cba678562e2b4f111,f6c4acc3fcbed6678c4fad72d834895ca7156ce67f7538ebe2242ed208af3254,,"['reference_not_ranking', 'single_initialization_observation']"
stockham_fft,dace_gpu,fusion,initialization,error,,stockham_fft,1.0.2,0,0,6d6ff6409e820c0b1abb2d24a7ede6af7390464b8d347a4cba678562e2b4f111,f6c4acc3fcbed6678c4fad72d834895ca7156ce67f7538ebe2242ed208af3254,,"['reference_not_ranking', 'single_initialization_observation']"
stockham_fft,dace_gpu,fusion,fresh_process,error,,stockham_fft,1.0.2,0,0,6d6ff6409e820c0b1abb2d24a7ede6af7390464b8d347a4cba678562e2b4f111,f6c4acc3fcbed6678c4fad72d834895ca7156ce67f7538ebe2242ed208af3254,,"['reference_not_ranking', 'single_initialization_observation']"
stockham_fft,dace_gpu,fusion,same_process,error,,stockham_fft,1.0.2,0,0,6d6ff6409e820c0b1abb2d24a7ede6af7390464b8d347a4cba678562e2b4f111,f6c4acc3fcbed6678c4fad72d834895ca7156ce67f7538ebe2242ed208af3254,,"['reference_not_ranking', 'single_initialization_observation']"
stockham_fft,dace_gpu,parallel,initialization,error,,stockham_fft,1.0.2,0,0,6d6ff6409e820c0b1abb2d24a7ede6af7390464b8d347a4cba678562e2b4f111,f6c4acc3fcbed6678c4fad72d834895ca7156ce67f7538ebe2242ed208af3254,,"['reference_not_ranking', 'single_initialization_observation']"
stockham_fft,dace_gpu,parallel,fresh_process,error,,stockham_fft,1.0.2,0,0,6d6ff6409e820c0b1abb2d24a7ede6af7390464b8d347a4cba678562e2b4f111,f6c4acc3fcbed6678c4fad72d834895ca7156ce67f7538ebe2242ed208af3254,,"['reference_not_ranking', 'single_initialization_observation']"
stockham_fft,dace_gpu,parallel,same_process,error,,stockham_fft,1.0.2,0,0,6d6ff6409e820c0b1abb2d24a7ede6af7390464b8d347a4cba678562e2b4f111,f6c4acc3fcbed6678c4fad72d834895ca7156ce67f7538ebe2242ed208af3254,,"['reference_not_ranking', 'single_initialization_observation']"
stockham_fft,dace_gpu,auto_opt,initialization,error,,stockham_fft,1.0.2,0,0,6d6ff6409e820c0b1abb2d24a7ede6af7390464b8d347a4cba678562e2b4f111,f6c4acc3fcbed6678c4fad72d834895ca7156ce67f7538ebe2242ed208af3254,,"['reference_not_ranking', 'single_initialization_observation']"
stockham_fft,dace_gpu,auto_opt,fresh_process,error,,stockham_fft,1.0.2,0,0,6d6ff6409e820c0b1abb2d24a7ede6af7390464b8d347a4cba678562e2b4f111,f6c4acc3fcbed6678c4fad72d834895ca7156ce67f7538ebe2242ed208af3254,,"['reference_not_ranking', 'single_initialization_observation']"
stockham_fft,dace_gpu,auto_opt,same_process,error,,stockham_fft,1.0.2,0,0,6d6ff6409e820c0b1abb2d24a7ede6af7390464b8d347a4cba678562e2b4f111,f6c4acc3fcbed6678c4fad72d834895ca7156ce67f7538ebe2242ed208af3254,,"['reference_not_ranking', 'single_initialization_observation']"
stockham_fft,cupy,default,initialization,observed,2.3450502569321543,stockham_fft,13.6.0,1,1,6d6ff6409e820c0b1abb2d24a7ede6af7390464b8d347a4cba678562e2b4f111,f6c4acc3fcbed6678c4fad72d834895ca7156ce67f7538ebe2242ed208af3254,,"['reference_not_ranking', 'single_initialization_observation']"
stockham_fft,cupy,default,fresh_process,observed,0.7307805255404674,stockham_fft,13.6.0,2,2,6d6ff6409e820c0b1abb2d24a7ede6af7390464b8d347a4cba678562e2b4f111,f6c4acc3fcbed6678c4fad72d834895ca7156ce67f7538ebe2242ed208af3254,,"['reference_not_ranking', 'single_initialization_observation']"
stockham_fft,cupy,default,same_process,observed,0.03641904942924157,stockham_fft,13.6.0,6,3,6d6ff6409e820c0b1abb2d24a7ede6af7390464b8d347a4cba678562e2b4f111,f6c4acc3fcbed6678c4fad72d834895ca7156ce67f7538ebe2242ed208af3254,,"['reference_not_ranking', 'single_initialization_observation']"
symm,numpy,default,initialization,observed,1.1026790520409122,symm,1.26.4,1,1,9a79ab11f86fec484ee78c92c02c8f9588bcdd801caf9345beae289adb5ce087,c983fe23aab1369b59df067f61f46c516f426a2b0a1ea8bdc3779352f6c91630,,"['reference_not_ranking', 'single_initialization_observation']"
symm,numpy,default,fresh_process,observed,1.0745361405424774,symm,1.26.4,2,2,9a79ab11f86fec484ee78c92c02c8f9588bcdd801caf9345beae289adb5ce087,c983fe23aab1369b59df067f61f46c516f426a2b0a1ea8bdc3779352f6c91630,,"['reference_not_ranking', 'single_initialization_observation']"
symm,numpy,default,same_process,observed,1.2213060130598024,symm,1.26.4,6,3,9a79ab11f86fec484ee78c92c02c8f9588bcdd801caf9345beae289adb5ce087,c983fe23aab1369b59df067f61f46c516f426a2b0a1ea8bdc3779352f6c91630,,"['reference_not_ranking', 'single_initialization_observation']"
symm,numba,nopython-mode,initialization,observed,3.27810123807285,symm,0.65.1,1,1,9a79ab11f86fec484ee78c92c02c8f9588bcdd801caf9345beae289adb5ce087,c983fe23aab1369b59df067f61f46c516f426a2b0a1ea8bdc3779352f6c91630,,"['reference_not_ranking', 'single_initialization_observation']"
symm,numba,nopython-mode,fresh_process,observed,0.5498437679489143,symm,0.65.1,2,2,9a79ab11f86fec484ee78c92c02c8f9588bcdd801caf9345beae289adb5ce087,c983fe23aab1369b59df067f61f46c516f426a2b0a1ea8bdc3779352f6c91630,,"['reference_not_ranking', 'single_initialization_observation']"
symm,numba,nopython-mode,same_process,observed,0.2382244190084748,symm,0.65.1,6,3,9a79ab11f86fec484ee78c92c02c8f9588bcdd801caf9345beae289adb5ce087,c983fe23aab1369b59df067f61f46c516f426a2b0a1ea8bdc3779352f6c91630,,"['reference_not_ranking', 'single_initialization_observation']"
symm,numba,nopython-mode-parallel,initialization,N/A,,,,0,0,,,,
symm,numba,nopython-mode-parallel,fresh_process,N/A,,,,0,0,,,,
symm,numba,nopython-mode-parallel,same_process,N/A,,,,0,0,,,,
symm,numba,nopython-mode-parallel-range,initialization,observed,2.717868124949746,symm,0.65.1,1,1,9a79ab11f86fec484ee78c92c02c8f9588bcdd801caf9345beae289adb5ce087,c983fe23aab1369b59df067f61f46c516f426a2b0a1ea8bdc3779352f6c91630,,"['reference_not_ranking', 'single_initialization_observation']"
symm,numba,nopython-mode-parallel-range,fresh_process,observed,0.5288769829785451,symm,0.65.1,2,2,9a79ab11f86fec484ee78c92c02c8f9588bcdd801caf9345beae289adb5ce087,c983fe23aab1369b59df067f61f46c516f426a2b0a1ea8bdc3779352f6c91630,,"['reference_not_ranking', 'single_initialization_observation']"
symm,numba,nopython-mode-parallel-range,same_process,observed,0.12773267849115655,symm,0.65.1,6,3,9a79ab11f86fec484ee78c92c02c8f9588bcdd801caf9345beae289adb5ce087,c983fe23aab1369b59df067f61f46c516f426a2b0a1ea8bdc3779352f6c91630,,"['reference_not_ranking', 'single_initialization_observation']"
symm,numba,object-mode,initialization,N/A,,,,0,0,,,,
symm,numba,object-mode,fresh_process,N/A,,,,0,0,,,,
symm,numba,object-mode,same_process,N/A,,,,0,0,,,,
symm,numba,object-mode-parallel,initialization,N/A,,,,0,0,,,,
symm,numba,object-mode-parallel,fresh_process,N/A,,,,0,0,,,,
symm,numba,object-mode-parallel,same_process,N/A,,,,0,0,,,,
symm,numba,object-mode-parallel-range,initialization,N/A,,,,0,0,,,,
symm,numba,object-mode-parallel-range,fresh_process,N/A,,,,0,0,,,,
symm,numba,object-mode-parallel-range,same_process,N/A,,,,0,0,,,,
symm,dace_cpu,fusion,initialization,observed,15.867802622029558,symm,1.0.2,1,1,9a79ab11f86fec484ee78c92c02c8f9588bcdd801caf9345beae289adb5ce087,c983fe23aab1369b59df067f61f46c516f426a2b0a1ea8bdc3779352f6c91630,,"['reference_not_ranking', 'single_initialization_observation']"
symm,dace_cpu,fusion,fresh_process,observed,6.1771274714847095,symm,1.0.2,2,2,9a79ab11f86fec484ee78c92c02c8f9588bcdd801caf9345beae289adb5ce087,c983fe23aab1369b59df067f61f46c516f426a2b0a1ea8bdc3779352f6c91630,,"['reference_not_ranking', 'single_initialization_observation']"
symm,dace_cpu,fusion,same_process,observed,5.53166544646956,symm,1.0.2,6,3,9a79ab11f86fec484ee78c92c02c8f9588bcdd801caf9345beae289adb5ce087,c983fe23aab1369b59df067f61f46c516f426a2b0a1ea8bdc3779352f6c91630,,"['reference_not_ranking', 'single_initialization_observation']"
symm,dace_cpu,parallel,initialization,observed,15.507683321018703,symm,1.0.2,1,1,9a79ab11f86fec484ee78c92c02c8f9588bcdd801caf9345beae289adb5ce087,c983fe23aab1369b59df067f61f46c516f426a2b0a1ea8bdc3779352f6c91630,,"['reference_not_ranking', 'single_initialization_observation']"
symm,dace_cpu,parallel,fresh_process,observed,6.86234723997768,symm,1.0.2,2,2,9a79ab11f86fec484ee78c92c02c8f9588bcdd801caf9345beae289adb5ce087,c983fe23aab1369b59df067f61f46c516f426a2b0a1ea8bdc3779352f6c91630,,"['reference_not_ranking', 'single_initialization_observation']"
symm,dace_cpu,parallel,same_process,observed,6.076745460508391,symm,1.0.2,6,3,9a79ab11f86fec484ee78c92c02c8f9588bcdd801caf9345beae289adb5ce087,c983fe23aab1369b59df067f61f46c516f426a2b0a1ea8bdc3779352f6c91630,,"['reference_not_ranking', 'single_initialization_observation']"
symm,dace_cpu,auto_opt,initialization,observed,15.978156108991243,symm,1.0.2,1,1,9a79ab11f86fec484ee78c92c02c8f9588bcdd801caf9345beae289adb5ce087,c983fe23aab1369b59df067f61f46c516f426a2b0a1ea8bdc3779352f6c91630,,"['reference_not_ranking', 'single_initialization_observation']"
symm,dace_cpu,auto_opt,fresh_process,observed,6.032687350467313,symm,1.0.2,2,2,9a79ab11f86fec484ee78c92c02c8f9588bcdd801caf9345beae289adb5ce087,c983fe23aab1369b59df067f61f46c516f426a2b0a1ea8bdc3779352f6c91630,,"['reference_not_ranking', 'single_initialization_observation']"
symm,dace_cpu,auto_opt,same_process,observed,5.252944759500679,symm,1.0.2,6,3,9a79ab11f86fec484ee78c92c02c8f9588bcdd801caf9345beae289adb5ce087,c983fe23aab1369b59df067f61f46c516f426a2b0a1ea8bdc3779352f6c91630,,"['reference_not_ranking', 'single_initialization_observation']"
symm,dace_gpu,fusion,initialization,observed,34.95120810007211,symm,1.0.2,1,1,9a79ab11f86fec484ee78c92c02c8f9588bcdd801caf9345beae289adb5ce087,c983fe23aab1369b59df067f61f46c516f426a2b0a1ea8bdc3779352f6c91630,,"['reference_not_ranking', 'single_initialization_observation']"
symm,dace_gpu,fusion,fresh_process,observed,7.468824920943007,symm,1.0.2,2,2,9a79ab11f86fec484ee78c92c02c8f9588bcdd801caf9345beae289adb5ce087,c983fe23aab1369b59df067f61f46c516f426a2b0a1ea8bdc3779352f6c91630,,"['reference_not_ranking', 'single_initialization_observation']"
symm,dace_gpu,fusion,same_process,observed,5.593594075005967,symm,1.0.2,6,3,9a79ab11f86fec484ee78c92c02c8f9588bcdd801caf9345beae289adb5ce087,c983fe23aab1369b59df067f61f46c516f426a2b0a1ea8bdc3779352f6c91630,,"['reference_not_ranking', 'single_initialization_observation']"
symm,dace_gpu,parallel,initialization,observed,33.602781941066496,symm,1.0.2,1,1,9a79ab11f86fec484ee78c92c02c8f9588bcdd801caf9345beae289adb5ce087,c983fe23aab1369b59df067f61f46c516f426a2b0a1ea8bdc3779352f6c91630,,"['reference_not_ranking', 'single_initialization_observation']"
symm,dace_gpu,parallel,fresh_process,observed,7.516528112988453,symm,1.0.2,2,2,9a79ab11f86fec484ee78c92c02c8f9588bcdd801caf9345beae289adb5ce087,c983fe23aab1369b59df067f61f46c516f426a2b0a1ea8bdc3779352f6c91630,,"['reference_not_ranking', 'single_initialization_observation']"
symm,dace_gpu,parallel,same_process,observed,5.902323279471602,symm,1.0.2,6,3,9a79ab11f86fec484ee78c92c02c8f9588bcdd801caf9345beae289adb5ce087,c983fe23aab1369b59df067f61f46c516f426a2b0a1ea8bdc3779352f6c91630,,"['reference_not_ranking', 'single_initialization_observation']"
symm,dace_gpu,auto_opt,initialization,observed,32.64090412296355,symm,1.0.2,1,1,9a79ab11f86fec484ee78c92c02c8f9588bcdd801caf9345beae289adb5ce087,c983fe23aab1369b59df067f61f46c516f426a2b0a1ea8bdc3779352f6c91630,,"['reference_not_ranking', 'single_initialization_observation']"
symm,dace_gpu,auto_opt,fresh_process,observed,7.076927077025175,symm,1.0.2,2,2,9a79ab11f86fec484ee78c92c02c8f9588bcdd801caf9345beae289adb5ce087,c983fe23aab1369b59df067f61f46c516f426a2b0a1ea8bdc3779352f6c91630,,"['reference_not_ranking', 'single_initialization_observation']"
symm,dace_gpu,auto_opt,same_process,observed,5.5021342185209505,symm,1.0.2,6,3,9a79ab11f86fec484ee78c92c02c8f9588bcdd801caf9345beae289adb5ce087,c983fe23aab1369b59df067f61f46c516f426a2b0a1ea8bdc3779352f6c91630,,"['reference_not_ranking', 'single_initialization_observation']"
symm,cupy,default,initialization,observed,32.0474707839312,symm,13.6.0,1,1,9a79ab11f86fec484ee78c92c02c8f9588bcdd801caf9345beae289adb5ce087,c983fe23aab1369b59df067f61f46c516f426a2b0a1ea8bdc3779352f6c91630,,"['reference_not_ranking', 'single_initialization_observation']"
symm,cupy,default,fresh_process,observed,29.185919877549168,symm,13.6.0,2,2,9a79ab11f86fec484ee78c92c02c8f9588bcdd801caf9345beae289adb5ce087,c983fe23aab1369b59df067f61f46c516f426a2b0a1ea8bdc3779352f6c91630,,"['reference_not_ranking', 'single_initialization_observation']"
symm,cupy,default,same_process,observed,28.484607385471463,symm,13.6.0,6,3,9a79ab11f86fec484ee78c92c02c8f9588bcdd801caf9345beae289adb5ce087,c983fe23aab1369b59df067f61f46c516f426a2b0a1ea8bdc3779352f6c91630,,"['reference_not_ranking', 'single_initialization_observation']"
syr2k,numpy,default,initialization,observed,1.2464076350443065,syr2k,1.26.4,1,1,e7abbc19895a88befab489211bc20dc301be2dede982f39fba4c4f210583f274,4eed4ab152ea49c0a4cdf942787319238e4b8903146da60692ca376422fc8502,,"['reference_not_ranking', 'single_initialization_observation']"
syr2k,numpy,default,fresh_process,observed,1.3051739789661951,syr2k,1.26.4,2,2,e7abbc19895a88befab489211bc20dc301be2dede982f39fba4c4f210583f274,4eed4ab152ea49c0a4cdf942787319238e4b8903146da60692ca376422fc8502,,"['reference_not_ranking', 'single_initialization_observation']"
syr2k,numpy,default,same_process,observed,1.3419226124533452,syr2k,1.26.4,6,3,e7abbc19895a88befab489211bc20dc301be2dede982f39fba4c4f210583f274,4eed4ab152ea49c0a4cdf942787319238e4b8903146da60692ca376422fc8502,,"['reference_not_ranking', 'single_initialization_observation']"
syr2k,numba,nopython-mode,initialization,observed,3.664353205007501,syr2k,0.65.1,1,1,e7abbc19895a88befab489211bc20dc301be2dede982f39fba4c4f210583f274,4eed4ab152ea49c0a4cdf942787319238e4b8903146da60692ca376422fc8502,,"['reference_not_ranking', 'single_initialization_observation']"
syr2k,numba,nopython-mode,fresh_process,observed,0.46953225100878626,syr2k,0.65.1,2,2,e7abbc19895a88befab489211bc20dc301be2dede982f39fba4c4f210583f274,4eed4ab152ea49c0a4cdf942787319238e4b8903146da60692ca376422fc8502,,"['reference_not_ranking', 'single_initialization_observation']"
syr2k,numba,nopython-mode,same_process,observed,0.13091680698562413,syr2k,0.65.1,6,3,e7abbc19895a88befab489211bc20dc301be2dede982f39fba4c4f210583f274,4eed4ab152ea49c0a4cdf942787319238e4b8903146da60692ca376422fc8502,,"['reference_not_ranking', 'single_initialization_observation']"
syr2k,numba,nopython-mode-parallel,initialization,N/A,,,,0,0,,,,
syr2k,numba,nopython-mode-parallel,fresh_process,N/A,,,,0,0,,,,
syr2k,numba,nopython-mode-parallel,same_process,N/A,,,,0,0,,,,
syr2k,numba,nopython-mode-parallel-range,initialization,N/A,,,,0,0,,,,
syr2k,numba,nopython-mode-parallel-range,fresh_process,N/A,,,,0,0,,,,
syr2k,numba,nopython-mode-parallel-range,same_process,N/A,,,,0,0,,,,
syr2k,numba,object-mode,initialization,N/A,,,,0,0,,,,
syr2k,numba,object-mode,fresh_process,N/A,,,,0,0,,,,
syr2k,numba,object-mode,same_process,N/A,,,,0,0,,,,
syr2k,numba,object-mode-parallel,initialization,N/A,,,,0,0,,,,
syr2k,numba,object-mode-parallel,fresh_process,N/A,,,,0,0,,,,
syr2k,numba,object-mode-parallel,same_process,N/A,,,,0,0,,,,
syr2k,numba,object-mode-parallel-range,initialization,N/A,,,,0,0,,,,
syr2k,numba,object-mode-parallel-range,fresh_process,N/A,,,,0,0,,,,
syr2k,numba,object-mode-parallel-range,same_process,N/A,,,,0,0,,,,
syr2k,dace_cpu,fusion,initialization,observed,11.827890602988191,syr2k,1.0.2,1,1,e7abbc19895a88befab489211bc20dc301be2dede982f39fba4c4f210583f274,4eed4ab152ea49c0a4cdf942787319238e4b8903146da60692ca376422fc8502,,"['reference_not_ranking', 'single_initialization_observation']"
syr2k,dace_cpu,fusion,fresh_process,observed,4.545492185046896,syr2k,1.0.2,2,2,e7abbc19895a88befab489211bc20dc301be2dede982f39fba4c4f210583f274,4eed4ab152ea49c0a4cdf942787319238e4b8903146da60692ca376422fc8502,,"['reference_not_ranking', 'single_initialization_observation']"
syr2k,dace_cpu,fusion,same_process,observed,4.248382893507369,syr2k,1.0.2,6,3,e7abbc19895a88befab489211bc20dc301be2dede982f39fba4c4f210583f274,4eed4ab152ea49c0a4cdf942787319238e4b8903146da60692ca376422fc8502,,"['reference_not_ranking', 'single_initialization_observation']"
syr2k,dace_cpu,parallel,initialization,observed,10.977288444992155,syr2k,1.0.2,1,1,e7abbc19895a88befab489211bc20dc301be2dede982f39fba4c4f210583f274,4eed4ab152ea49c0a4cdf942787319238e4b8903146da60692ca376422fc8502,,"['reference_not_ranking', 'single_initialization_observation']"
syr2k,dace_cpu,parallel,fresh_process,observed,24.39197569846874,syr2k,1.0.2,2,2,e7abbc19895a88befab489211bc20dc301be2dede982f39fba4c4f210583f274,4eed4ab152ea49c0a4cdf942787319238e4b8903146da60692ca376422fc8502,,"['reference_not_ranking', 'single_initialization_observation']"
syr2k,dace_cpu,parallel,same_process,observed,4.66583403351251,syr2k,1.0.2,6,3,e7abbc19895a88befab489211bc20dc301be2dede982f39fba4c4f210583f274,4eed4ab152ea49c0a4cdf942787319238e4b8903146da60692ca376422fc8502,,"['reference_not_ranking', 'single_initialization_observation']"
syr2k,dace_cpu,auto_opt,initialization,observed,29.605660037021153,syr2k,1.0.2,1,1,e7abbc19895a88befab489211bc20dc301be2dede982f39fba4c4f210583f274,4eed4ab152ea49c0a4cdf942787319238e4b8903146da60692ca376422fc8502,,"['reference_not_ranking', 'single_initialization_observation']"
syr2k,dace_cpu,auto_opt,fresh_process,observed,5.1231386454892345,syr2k,1.0.2,2,2,e7abbc19895a88befab489211bc20dc301be2dede982f39fba4c4f210583f274,4eed4ab152ea49c0a4cdf942787319238e4b8903146da60692ca376422fc8502,,"['reference_not_ranking', 'single_initialization_observation']"
syr2k,dace_cpu,auto_opt,same_process,observed,4.4428490059799515,syr2k,1.0.2,6,3,e7abbc19895a88befab489211bc20dc301be2dede982f39fba4c4f210583f274,4eed4ab152ea49c0a4cdf942787319238e4b8903146da60692ca376422fc8502,,"['reference_not_ranking', 'single_initialization_observation']"
syr2k,dace_gpu,fusion,initialization,observed,29.854133625980467,syr2k,1.0.2,1,1,e7abbc19895a88befab489211bc20dc301be2dede982f39fba4c4f210583f274,4eed4ab152ea49c0a4cdf942787319238e4b8903146da60692ca376422fc8502,,"['reference_not_ranking', 'single_initialization_observation']"
syr2k,dace_gpu,fusion,fresh_process,observed,6.276319416472688,syr2k,1.0.2,2,2,e7abbc19895a88befab489211bc20dc301be2dede982f39fba4c4f210583f274,4eed4ab152ea49c0a4cdf942787319238e4b8903146da60692ca376422fc8502,,"['reference_not_ranking', 'single_initialization_observation']"
syr2k,dace_gpu,fusion,same_process,observed,5.0639245950151235,syr2k,1.0.2,6,3,e7abbc19895a88befab489211bc20dc301be2dede982f39fba4c4f210583f274,4eed4ab152ea49c0a4cdf942787319238e4b8903146da60692ca376422fc8502,,"['reference_not_ranking', 'single_initialization_observation']"
syr2k,dace_gpu,parallel,initialization,observed,31.302985702990554,syr2k,1.0.2,1,1,e7abbc19895a88befab489211bc20dc301be2dede982f39fba4c4f210583f274,4eed4ab152ea49c0a4cdf942787319238e4b8903146da60692ca376422fc8502,,"['reference_not_ranking', 'single_initialization_observation']"
syr2k,dace_gpu,parallel,fresh_process,observed,7.0778651214786805,syr2k,1.0.2,2,2,e7abbc19895a88befab489211bc20dc301be2dede982f39fba4c4f210583f274,4eed4ab152ea49c0a4cdf942787319238e4b8903146da60692ca376422fc8502,,"['reference_not_ranking', 'single_initialization_observation']"
syr2k,dace_gpu,parallel,same_process,observed,5.573075950960629,syr2k,1.0.2,6,3,e7abbc19895a88befab489211bc20dc301be2dede982f39fba4c4f210583f274,4eed4ab152ea49c0a4cdf942787319238e4b8903146da60692ca376422fc8502,,"['reference_not_ranking', 'single_initialization_observation']"
syr2k,dace_gpu,auto_opt,initialization,observed,31.80652662704233,syr2k,1.0.2,1,1,e7abbc19895a88befab489211bc20dc301be2dede982f39fba4c4f210583f274,4eed4ab152ea49c0a4cdf942787319238e4b8903146da60692ca376422fc8502,,"['reference_not_ranking', 'single_initialization_observation']"
syr2k,dace_gpu,auto_opt,fresh_process,observed,6.760926722490694,syr2k,1.0.2,2,2,e7abbc19895a88befab489211bc20dc301be2dede982f39fba4c4f210583f274,4eed4ab152ea49c0a4cdf942787319238e4b8903146da60692ca376422fc8502,,"['reference_not_ranking', 'single_initialization_observation']"
syr2k,dace_gpu,auto_opt,same_process,observed,5.6505878355237655,syr2k,1.0.2,6,3,e7abbc19895a88befab489211bc20dc301be2dede982f39fba4c4f210583f274,4eed4ab152ea49c0a4cdf942787319238e4b8903146da60692ca376422fc8502,,"['reference_not_ranking', 'single_initialization_observation']"
syr2k,cupy,default,initialization,observed,18.19525521597825,syr2k,13.6.0,1,1,e7abbc19895a88befab489211bc20dc301be2dede982f39fba4c4f210583f274,4eed4ab152ea49c0a4cdf942787319238e4b8903146da60692ca376422fc8502,,"['reference_not_ranking', 'single_initialization_observation']"
syr2k,cupy,default,fresh_process,observed,16.589561647502705,syr2k,13.6.0,2,2,e7abbc19895a88befab489211bc20dc301be2dede982f39fba4c4f210583f274,4eed4ab152ea49c0a4cdf942787319238e4b8903146da60692ca376422fc8502,,"['reference_not_ranking', 'single_initialization_observation']"
syr2k,cupy,default,same_process,observed,15.3475071110297,syr2k,13.6.0,6,3,e7abbc19895a88befab489211bc20dc301be2dede982f39fba4c4f210583f274,4eed4ab152ea49c0a4cdf942787319238e4b8903146da60692ca376422fc8502,,"['reference_not_ranking', 'single_initialization_observation']"
syrk,numpy,default,initialization,observed,1.1002069379901513,syrk,1.26.4,1,1,92484da5155c3406ad7a24b9d17a47e4e5ea9277c45b375c935d26bea371609c,c9125e156aac0f0083fa4d941c44b5e500809f7d0e4096cfd309983aa1701894,,"['reference_not_ranking', 'single_initialization_observation']"
syrk,numpy,default,fresh_process,observed,1.2762670859810896,syrk,1.26.4,2,2,92484da5155c3406ad7a24b9d17a47e4e5ea9277c45b375c935d26bea371609c,c9125e156aac0f0083fa4d941c44b5e500809f7d0e4096cfd309983aa1701894,,"['reference_not_ranking', 'single_initialization_observation']"
syrk,numpy,default,same_process,observed,1.2365625019883737,syrk,1.26.4,6,3,92484da5155c3406ad7a24b9d17a47e4e5ea9277c45b375c935d26bea371609c,c9125e156aac0f0083fa4d941c44b5e500809f7d0e4096cfd309983aa1701894,,"['reference_not_ranking', 'single_initialization_observation']"
syrk,numba,nopython-mode,initialization,observed,3.487241171998903,syrk,0.65.1,1,1,92484da5155c3406ad7a24b9d17a47e4e5ea9277c45b375c935d26bea371609c,c9125e156aac0f0083fa4d941c44b5e500809f7d0e4096cfd309983aa1701894,,"['reference_not_ranking', 'single_initialization_observation']"
syrk,numba,nopython-mode,fresh_process,observed,0.6705183290177956,syrk,0.65.1,2,2,92484da5155c3406ad7a24b9d17a47e4e5ea9277c45b375c935d26bea371609c,c9125e156aac0f0083fa4d941c44b5e500809f7d0e4096cfd309983aa1701894,,"['reference_not_ranking', 'single_initialization_observation']"
syrk,numba,nopython-mode,same_process,observed,0.2946964530274272,syrk,0.65.1,6,3,92484da5155c3406ad7a24b9d17a47e4e5ea9277c45b375c935d26bea371609c,c9125e156aac0f0083fa4d941c44b5e500809f7d0e4096cfd309983aa1701894,,"['reference_not_ranking', 'single_initialization_observation']"
syrk,numba,nopython-mode-parallel,initialization,N/A,,,,0,0,,,,
syrk,numba,nopython-mode-parallel,fresh_process,N/A,,,,0,0,,,,
syrk,numba,nopython-mode-parallel,same_process,N/A,,,,0,0,,,,
syrk,numba,nopython-mode-parallel-range,initialization,N/A,,,,0,0,,,,
syrk,numba,nopython-mode-parallel-range,fresh_process,N/A,,,,0,0,,,,
syrk,numba,nopython-mode-parallel-range,same_process,N/A,,,,0,0,,,,
syrk,numba,object-mode,initialization,N/A,,,,0,0,,,,
syrk,numba,object-mode,fresh_process,N/A,,,,0,0,,,,
syrk,numba,object-mode,same_process,N/A,,,,0,0,,,,
syrk,numba,object-mode-parallel,initialization,N/A,,,,0,0,,,,
syrk,numba,object-mode-parallel,fresh_process,N/A,,,,0,0,,,,
syrk,numba,object-mode-parallel,same_process,N/A,,,,0,0,,,,
syrk,numba,object-mode-parallel-range,initialization,N/A,,,,0,0,,,,
syrk,numba,object-mode-parallel-range,fresh_process,N/A,,,,0,0,,,,
syrk,numba,object-mode-parallel-range,same_process,N/A,,,,0,0,,,,
syrk,dace_cpu,fusion,initialization,observed,16.063952540047467,syrk,1.0.2,1,1,92484da5155c3406ad7a24b9d17a47e4e5ea9277c45b375c935d26bea371609c,c9125e156aac0f0083fa4d941c44b5e500809f7d0e4096cfd309983aa1701894,,"['reference_not_ranking', 'single_initialization_observation']"
syrk,dace_cpu,fusion,fresh_process,observed,12.56135540799005,syrk,1.0.2,2,2,92484da5155c3406ad7a24b9d17a47e4e5ea9277c45b375c935d26bea371609c,c9125e156aac0f0083fa4d941c44b5e500809f7d0e4096cfd309983aa1701894,,"['reference_not_ranking', 'single_initialization_observation']"
syrk,dace_cpu,fusion,same_process,observed,10.792130039539188,syrk,1.0.2,6,3,92484da5155c3406ad7a24b9d17a47e4e5ea9277c45b375c935d26bea371609c,c9125e156aac0f0083fa4d941c44b5e500809f7d0e4096cfd309983aa1701894,,"['reference_not_ranking', 'single_initialization_observation']"
syrk,dace_cpu,parallel,initialization,observed,18.249664057046175,syrk,1.0.2,1,1,92484da5155c3406ad7a24b9d17a47e4e5ea9277c45b375c935d26bea371609c,c9125e156aac0f0083fa4d941c44b5e500809f7d0e4096cfd309983aa1701894,,"['reference_not_ranking', 'single_initialization_observation']"
syrk,dace_cpu,parallel,fresh_process,observed,11.765072164998855,syrk,1.0.2,2,2,92484da5155c3406ad7a24b9d17a47e4e5ea9277c45b375c935d26bea371609c,c9125e156aac0f0083fa4d941c44b5e500809f7d0e4096cfd309983aa1701894,,"['reference_not_ranking', 'single_initialization_observation']"
syrk,dace_cpu,parallel,same_process,observed,10.972356451966334,syrk,1.0.2,6,3,92484da5155c3406ad7a24b9d17a47e4e5ea9277c45b375c935d26bea371609c,c9125e156aac0f0083fa4d941c44b5e500809f7d0e4096cfd309983aa1701894,,"['reference_not_ranking', 'single_initialization_observation']"
syrk,dace_cpu,auto_opt,initialization,observed,16.309227598947473,syrk,1.0.2,1,1,92484da5155c3406ad7a24b9d17a47e4e5ea9277c45b375c935d26bea371609c,c9125e156aac0f0083fa4d941c44b5e500809f7d0e4096cfd309983aa1701894,,"['reference_not_ranking', 'single_initialization_observation']"
syrk,dace_cpu,auto_opt,fresh_process,observed,8.65534083795501,syrk,1.0.2,2,2,92484da5155c3406ad7a24b9d17a47e4e5ea9277c45b375c935d26bea371609c,c9125e156aac0f0083fa4d941c44b5e500809f7d0e4096cfd309983aa1701894,,"['reference_not_ranking', 'single_initialization_observation']"
syrk,dace_cpu,auto_opt,same_process,observed,9.439878803503234,syrk,1.0.2,6,3,92484da5155c3406ad7a24b9d17a47e4e5ea9277c45b375c935d26bea371609c,c9125e156aac0f0083fa4d941c44b5e500809f7d0e4096cfd309983aa1701894,,"['reference_not_ranking', 'single_initialization_observation']"
syrk,dace_gpu,fusion,initialization,observed,28.17147124093026,syrk,1.0.2,1,1,92484da5155c3406ad7a24b9d17a47e4e5ea9277c45b375c935d26bea371609c,c9125e156aac0f0083fa4d941c44b5e500809f7d0e4096cfd309983aa1701894,,"['reference_not_ranking', 'single_initialization_observation']"
syrk,dace_gpu,fusion,fresh_process,observed,4.131574130500667,syrk,1.0.2,2,2,92484da5155c3406ad7a24b9d17a47e4e5ea9277c45b375c935d26bea371609c,c9125e156aac0f0083fa4d941c44b5e500809f7d0e4096cfd309983aa1701894,,"['reference_not_ranking', 'single_initialization_observation']"
syrk,dace_gpu,fusion,same_process,observed,2.4520962990354747,syrk,1.0.2,6,3,92484da5155c3406ad7a24b9d17a47e4e5ea9277c45b375c935d26bea371609c,c9125e156aac0f0083fa4d941c44b5e500809f7d0e4096cfd309983aa1701894,,"['reference_not_ranking', 'single_initialization_observation']"
syrk,dace_gpu,parallel,initialization,observed,28.094109570025466,syrk,1.0.2,1,1,92484da5155c3406ad7a24b9d17a47e4e5ea9277c45b375c935d26bea371609c,c9125e156aac0f0083fa4d941c44b5e500809f7d0e4096cfd309983aa1701894,,"['reference_not_ranking', 'single_initialization_observation']"
syrk,dace_gpu,parallel,fresh_process,observed,4.418751897988841,syrk,1.0.2,2,2,92484da5155c3406ad7a24b9d17a47e4e5ea9277c45b375c935d26bea371609c,c9125e156aac0f0083fa4d941c44b5e500809f7d0e4096cfd309983aa1701894,,"['reference_not_ranking', 'single_initialization_observation']"
syrk,dace_gpu,parallel,same_process,observed,2.8195644689840265,syrk,1.0.2,6,3,92484da5155c3406ad7a24b9d17a47e4e5ea9277c45b375c935d26bea371609c,c9125e156aac0f0083fa4d941c44b5e500809f7d0e4096cfd309983aa1701894,,"['reference_not_ranking', 'single_initialization_observation']"
syrk,dace_gpu,auto_opt,initialization,observed,28.58534300199244,syrk,1.0.2,1,1,92484da5155c3406ad7a24b9d17a47e4e5ea9277c45b375c935d26bea371609c,c9125e156aac0f0083fa4d941c44b5e500809f7d0e4096cfd309983aa1701894,,"['reference_not_ranking', 'single_initialization_observation']"
syrk,dace_gpu,auto_opt,fresh_process,observed,3.990200095518958,syrk,1.0.2,2,2,92484da5155c3406ad7a24b9d17a47e4e5ea9277c45b375c935d26bea371609c,c9125e156aac0f0083fa4d941c44b5e500809f7d0e4096cfd309983aa1701894,,"['reference_not_ranking', 'single_initialization_observation']"
syrk,dace_gpu,auto_opt,same_process,observed,2.5090233310475014,syrk,1.0.2,6,3,92484da5155c3406ad7a24b9d17a47e4e5ea9277c45b375c935d26bea371609c,c9125e156aac0f0083fa4d941c44b5e500809f7d0e4096cfd309983aa1701894,,"['reference_not_ranking', 'single_initialization_observation']"
syrk,cupy,default,initialization,observed,20.024400444002822,syrk,13.6.0,1,1,92484da5155c3406ad7a24b9d17a47e4e5ea9277c45b375c935d26bea371609c,c9125e156aac0f0083fa4d941c44b5e500809f7d0e4096cfd309983aa1701894,,"['reference_not_ranking', 'single_initialization_observation']"
syrk,cupy,default,fresh_process,observed,17.482113527541514,syrk,13.6.0,2,2,92484da5155c3406ad7a24b9d17a47e4e5ea9277c45b375c935d26bea371609c,c9125e156aac0f0083fa4d941c44b5e500809f7d0e4096cfd309983aa1701894,,"['reference_not_ranking', 'single_initialization_observation']"
syrk,cupy,default,same_process,observed,16.307306792004965,syrk,13.6.0,6,3,92484da5155c3406ad7a24b9d17a47e4e5ea9277c45b375c935d26bea371609c,c9125e156aac0f0083fa4d941c44b5e500809f7d0e4096cfd309983aa1701894,,"['reference_not_ranking', 'single_initialization_observation']"
trisolv,numpy,default,initialization,observed,0.13014913606457412,trisolv,1.26.4,1,1,4f5471ef60c1579f85ae344ab83c59b28f7f210b0a535e59616ed8d3e93dce87,2ef566c3a7e8536e3be1ae3aaac85d9a03f4836c00d28326cc70cf2e8147fdb1,,"['reference_not_ranking', 'single_initialization_observation']"
trisolv,numpy,default,fresh_process,observed,0.12936120200902224,trisolv,1.26.4,2,2,4f5471ef60c1579f85ae344ab83c59b28f7f210b0a535e59616ed8d3e93dce87,2ef566c3a7e8536e3be1ae3aaac85d9a03f4836c00d28326cc70cf2e8147fdb1,,"['reference_not_ranking', 'single_initialization_observation']"
trisolv,numpy,default,same_process,observed,0.15817839751252905,trisolv,1.26.4,6,3,4f5471ef60c1579f85ae344ab83c59b28f7f210b0a535e59616ed8d3e93dce87,2ef566c3a7e8536e3be1ae3aaac85d9a03f4836c00d28326cc70cf2e8147fdb1,,"['reference_not_ranking', 'single_initialization_observation']"
trisolv,numba,nopython-mode,initialization,observed,1.009980889968574,trisolv,0.65.1,1,1,4f5471ef60c1579f85ae344ab83c59b28f7f210b0a535e59616ed8d3e93dce87,2ef566c3a7e8536e3be1ae3aaac85d9a03f4836c00d28326cc70cf2e8147fdb1,,"['reference_not_ranking', 'single_initialization_observation']"
trisolv,numba,nopython-mode,fresh_process,observed,0.48593480500858277,trisolv,0.65.1,2,2,4f5471ef60c1579f85ae344ab83c59b28f7f210b0a535e59616ed8d3e93dce87,2ef566c3a7e8536e3be1ae3aaac85d9a03f4836c00d28326cc70cf2e8147fdb1,,"['reference_not_ranking', 'single_initialization_observation']"
trisolv,numba,nopython-mode,same_process,observed,0.08986111951526254,trisolv,0.65.1,6,3,4f5471ef60c1579f85ae344ab83c59b28f7f210b0a535e59616ed8d3e93dce87,2ef566c3a7e8536e3be1ae3aaac85d9a03f4836c00d28326cc70cf2e8147fdb1,,"['reference_not_ranking', 'single_initialization_observation']"
trisolv,numba,nopython-mode-parallel,initialization,observed,0.6614360780222341,trisolv,0.65.1,1,1,4f5471ef60c1579f85ae344ab83c59b28f7f210b0a535e59616ed8d3e93dce87,2ef566c3a7e8536e3be1ae3aaac85d9a03f4836c00d28326cc70cf2e8147fdb1,,"['reference_not_ranking', 'single_initialization_observation']"
trisolv,numba,nopython-mode-parallel,fresh_process,observed,0.3883779200259596,trisolv,0.65.1,2,2,4f5471ef60c1579f85ae344ab83c59b28f7f210b0a535e59616ed8d3e93dce87,2ef566c3a7e8536e3be1ae3aaac85d9a03f4836c00d28326cc70cf2e8147fdb1,,"['reference_not_ranking', 'single_initialization_observation']"
trisolv,numba,nopython-mode-parallel,same_process,observed,0.09618923248490319,trisolv,0.65.1,6,3,4f5471ef60c1579f85ae344ab83c59b28f7f210b0a535e59616ed8d3e93dce87,2ef566c3a7e8536e3be1ae3aaac85d9a03f4836c00d28326cc70cf2e8147fdb1,,"['reference_not_ranking', 'single_initialization_observation']"
trisolv,numba,nopython-mode-parallel-range,initialization,N/A,,,,0,0,,,,
trisolv,numba,nopython-mode-parallel-range,fresh_process,N/A,,,,0,0,,,,
trisolv,numba,nopython-mode-parallel-range,same_process,N/A,,,,0,0,,,,
trisolv,numba,object-mode,initialization,N/A,,,,0,0,,,,
trisolv,numba,object-mode,fresh_process,N/A,,,,0,0,,,,
trisolv,numba,object-mode,same_process,N/A,,,,0,0,,,,
trisolv,numba,object-mode-parallel,initialization,N/A,,,,0,0,,,,
trisolv,numba,object-mode-parallel,fresh_process,N/A,,,,0,0,,,,
trisolv,numba,object-mode-parallel,same_process,N/A,,,,0,0,,,,
trisolv,numba,object-mode-parallel-range,initialization,N/A,,,,0,0,,,,
trisolv,numba,object-mode-parallel-range,fresh_process,N/A,,,,0,0,,,,
trisolv,numba,object-mode-parallel-range,same_process,N/A,,,,0,0,,,,
trisolv,dace_cpu,fusion,initialization,observed,7.861779372906312,trisolv,1.0.2,1,1,4f5471ef60c1579f85ae344ab83c59b28f7f210b0a535e59616ed8d3e93dce87,2ef566c3a7e8536e3be1ae3aaac85d9a03f4836c00d28326cc70cf2e8147fdb1,,"['reference_not_ranking', 'single_initialization_observation']"
trisolv,dace_cpu,fusion,fresh_process,observed,0.2161895229946822,trisolv,1.0.2,2,2,4f5471ef60c1579f85ae344ab83c59b28f7f210b0a535e59616ed8d3e93dce87,2ef566c3a7e8536e3be1ae3aaac85d9a03f4836c00d28326cc70cf2e8147fdb1,,"['reference_not_ranking', 'single_initialization_observation']"
trisolv,dace_cpu,fusion,same_process,observed,0.10532643948681653,trisolv,1.0.2,6,3,4f5471ef60c1579f85ae344ab83c59b28f7f210b0a535e59616ed8d3e93dce87,2ef566c3a7e8536e3be1ae3aaac85d9a03f4836c00d28326cc70cf2e8147fdb1,,"['reference_not_ranking', 'single_initialization_observation']"
trisolv,dace_cpu,parallel,initialization,observed,7.198442749911919,trisolv,1.0.2,1,1,4f5471ef60c1579f85ae344ab83c59b28f7f210b0a535e59616ed8d3e93dce87,2ef566c3a7e8536e3be1ae3aaac85d9a03f4836c00d28326cc70cf2e8147fdb1,,"['reference_not_ranking', 'single_initialization_observation']"
trisolv,dace_cpu,parallel,fresh_process,observed,0.14613165793707594,trisolv,1.0.2,2,2,4f5471ef60c1579f85ae344ab83c59b28f7f210b0a535e59616ed8d3e93dce87,2ef566c3a7e8536e3be1ae3aaac85d9a03f4836c00d28326cc70cf2e8147fdb1,,"['reference_not_ranking', 'single_initialization_observation']"
trisolv,dace_cpu,parallel,same_process,observed,0.11128614854533225,trisolv,1.0.2,6,3,4f5471ef60c1579f85ae344ab83c59b28f7f210b0a535e59616ed8d3e93dce87,2ef566c3a7e8536e3be1ae3aaac85d9a03f4836c00d28326cc70cf2e8147fdb1,,"['reference_not_ranking', 'single_initialization_observation']"
trisolv,dace_cpu,auto_opt,initialization,observed,8.351714923977852,trisolv,1.0.2,1,1,4f5471ef60c1579f85ae344ab83c59b28f7f210b0a535e59616ed8d3e93dce87,2ef566c3a7e8536e3be1ae3aaac85d9a03f4836c00d28326cc70cf2e8147fdb1,,"['reference_not_ranking', 'single_initialization_observation']"
trisolv,dace_cpu,auto_opt,fresh_process,observed,0.1493973529431969,trisolv,1.0.2,2,2,4f5471ef60c1579f85ae344ab83c59b28f7f210b0a535e59616ed8d3e93dce87,2ef566c3a7e8536e3be1ae3aaac85d9a03f4836c00d28326cc70cf2e8147fdb1,,"['reference_not_ranking', 'single_initialization_observation']"
trisolv,dace_cpu,auto_opt,same_process,observed,0.08732200402300805,trisolv,1.0.2,6,3,4f5471ef60c1579f85ae344ab83c59b28f7f210b0a535e59616ed8d3e93dce87,2ef566c3a7e8536e3be1ae3aaac85d9a03f4836c00d28326cc70cf2e8147fdb1,,"['reference_not_ranking', 'single_initialization_observation']"
trisolv,dace_gpu,fusion,initialization,observed,29.722539604990743,trisolv,1.0.2,1,1,4f5471ef60c1579f85ae344ab83c59b28f7f210b0a535e59616ed8d3e93dce87,2ef566c3a7e8536e3be1ae3aaac85d9a03f4836c00d28326cc70cf2e8147fdb1,,"['reference_not_ranking', 'single_initialization_observation']"
trisolv,dace_gpu,fusion,fresh_process,observed,2.985592483950313,trisolv,1.0.2,2,2,4f5471ef60c1579f85ae344ab83c59b28f7f210b0a535e59616ed8d3e93dce87,2ef566c3a7e8536e3be1ae3aaac85d9a03f4836c00d28326cc70cf2e8147fdb1,,"['reference_not_ranking', 'single_initialization_observation']"
trisolv,dace_gpu,fusion,same_process,observed,0.6742513320059516,trisolv,1.0.2,6,3,4f5471ef60c1579f85ae344ab83c59b28f7f210b0a535e59616ed8d3e93dce87,2ef566c3a7e8536e3be1ae3aaac85d9a03f4836c00d28326cc70cf2e8147fdb1,,"['reference_not_ranking', 'single_initialization_observation']"
trisolv,dace_gpu,parallel,initialization,observed,26.844178708968684,trisolv,1.0.2,1,1,4f5471ef60c1579f85ae344ab83c59b28f7f210b0a535e59616ed8d3e93dce87,2ef566c3a7e8536e3be1ae3aaac85d9a03f4836c00d28326cc70cf2e8147fdb1,,"['reference_not_ranking', 'single_initialization_observation']"
trisolv,dace_gpu,parallel,fresh_process,observed,2.9456289839581586,trisolv,1.0.2,2,2,4f5471ef60c1579f85ae344ab83c59b28f7f210b0a535e59616ed8d3e93dce87,2ef566c3a7e8536e3be1ae3aaac85d9a03f4836c00d28326cc70cf2e8147fdb1,,"['reference_not_ranking', 'single_initialization_observation']"
trisolv,dace_gpu,parallel,same_process,observed,0.6213774755015038,trisolv,1.0.2,6,3,4f5471ef60c1579f85ae344ab83c59b28f7f210b0a535e59616ed8d3e93dce87,2ef566c3a7e8536e3be1ae3aaac85d9a03f4836c00d28326cc70cf2e8147fdb1,,"['reference_not_ranking', 'single_initialization_observation']"
trisolv,dace_gpu,auto_opt,initialization,observed,29.678687263978645,trisolv,1.0.2,1,1,4f5471ef60c1579f85ae344ab83c59b28f7f210b0a535e59616ed8d3e93dce87,2ef566c3a7e8536e3be1ae3aaac85d9a03f4836c00d28326cc70cf2e8147fdb1,,"['reference_not_ranking', 'single_initialization_observation']"
trisolv,dace_gpu,auto_opt,fresh_process,observed,3.374345528485719,trisolv,1.0.2,2,2,4f5471ef60c1579f85ae344ab83c59b28f7f210b0a535e59616ed8d3e93dce87,2ef566c3a7e8536e3be1ae3aaac85d9a03f4836c00d28326cc70cf2e8147fdb1,,"['reference_not_ranking', 'single_initialization_observation']"
trisolv,dace_gpu,auto_opt,same_process,observed,0.6180626625427976,trisolv,1.0.2,6,3,4f5471ef60c1579f85ae344ab83c59b28f7f210b0a535e59616ed8d3e93dce87,2ef566c3a7e8536e3be1ae3aaac85d9a03f4836c00d28326cc70cf2e8147fdb1,,"['reference_not_ranking', 'single_initialization_observation']"
trisolv,cupy,default,initialization,observed,4.794205509009771,trisolv,13.6.0,1,1,4f5471ef60c1579f85ae344ab83c59b28f7f210b0a535e59616ed8d3e93dce87,2ef566c3a7e8536e3be1ae3aaac85d9a03f4836c00d28326cc70cf2e8147fdb1,,"['reference_not_ranking', 'single_initialization_observation']"
trisolv,cupy,default,fresh_process,observed,4.031636130006518,trisolv,13.6.0,2,2,4f5471ef60c1579f85ae344ab83c59b28f7f210b0a535e59616ed8d3e93dce87,2ef566c3a7e8536e3be1ae3aaac85d9a03f4836c00d28326cc70cf2e8147fdb1,,"['reference_not_ranking', 'single_initialization_observation']"
trisolv,cupy,default,same_process,observed,1.8687013615272008,trisolv,13.6.0,6,3,4f5471ef60c1579f85ae344ab83c59b28f7f210b0a535e59616ed8d3e93dce87,2ef566c3a7e8536e3be1ae3aaac85d9a03f4836c00d28326cc70cf2e8147fdb1,,"['reference_not_ranking', 'single_initialization_observation']"
trmm,numpy,default,initialization,observed,1.0219528389861807,trmm,1.26.4,1,1,3f94b2a3aeb62dabee33d3188a61d501e42975b8a01970dd7d3717b65c060956,9168af76f7b62c6873ac45e920743c46191f055c32ee6a1f1df2aba5ab399d7e,,"['reference_not_ranking', 'single_initialization_observation']"
trmm,numpy,default,fresh_process,observed,1.174122661468573,trmm,1.26.4,2,2,3f94b2a3aeb62dabee33d3188a61d501e42975b8a01970dd7d3717b65c060956,9168af76f7b62c6873ac45e920743c46191f055c32ee6a1f1df2aba5ab399d7e,,"['reference_not_ranking', 'single_initialization_observation']"
trmm,numpy,default,same_process,observed,0.9984487979672849,trmm,1.26.4,6,3,3f94b2a3aeb62dabee33d3188a61d501e42975b8a01970dd7d3717b65c060956,9168af76f7b62c6873ac45e920743c46191f055c32ee6a1f1df2aba5ab399d7e,,"['reference_not_ranking', 'single_initialization_observation']"
trmm,numba,nopython-mode,initialization,observed,1.5339246849762276,trmm,0.65.1,1,1,3f94b2a3aeb62dabee33d3188a61d501e42975b8a01970dd7d3717b65c060956,9168af76f7b62c6873ac45e920743c46191f055c32ee6a1f1df2aba5ab399d7e,,"['reference_not_ranking', 'single_initialization_observation']"
trmm,numba,nopython-mode,fresh_process,observed,0.7482176394551061,trmm,0.65.1,2,2,3f94b2a3aeb62dabee33d3188a61d501e42975b8a01970dd7d3717b65c060956,9168af76f7b62c6873ac45e920743c46191f055c32ee6a1f1df2aba5ab399d7e,,"['reference_not_ranking', 'single_initialization_observation']"
trmm,numba,nopython-mode,same_process,observed,0.32255186449037865,trmm,0.65.1,6,3,3f94b2a3aeb62dabee33d3188a61d501e42975b8a01970dd7d3717b65c060956,9168af76f7b62c6873ac45e920743c46191f055c32ee6a1f1df2aba5ab399d7e,,"['reference_not_ranking', 'single_initialization_observation']"
trmm,numba,nopython-mode-parallel,initialization,N/A,,,,0,0,,,,
trmm,numba,nopython-mode-parallel,fresh_process,N/A,,,,0,0,,,,
trmm,numba,nopython-mode-parallel,same_process,N/A,,,,0,0,,,,
trmm,numba,nopython-mode-parallel-range,initialization,observed,8.202022237936035,trmm,0.65.1,1,1,3f94b2a3aeb62dabee33d3188a61d501e42975b8a01970dd7d3717b65c060956,9168af76f7b62c6873ac45e920743c46191f055c32ee6a1f1df2aba5ab399d7e,,"['reference_not_ranking', 'single_initialization_observation']"
trmm,numba,nopython-mode-parallel-range,fresh_process,observed,2.707750377478078,trmm,0.65.1,2,2,3f94b2a3aeb62dabee33d3188a61d501e42975b8a01970dd7d3717b65c060956,9168af76f7b62c6873ac45e920743c46191f055c32ee6a1f1df2aba5ab399d7e,,"['reference_not_ranking', 'single_initialization_observation']"
trmm,numba,nopython-mode-parallel-range,same_process,observed,0.8219537420081906,trmm,0.65.1,6,3,3f94b2a3aeb62dabee33d3188a61d501e42975b8a01970dd7d3717b65c060956,9168af76f7b62c6873ac45e920743c46191f055c32ee6a1f1df2aba5ab399d7e,,"['reference_not_ranking', 'single_initialization_observation']"
trmm,numba,object-mode,initialization,N/A,,,,0,0,,,,
trmm,numba,object-mode,fresh_process,N/A,,,,0,0,,,,
trmm,numba,object-mode,same_process,N/A,,,,0,0,,,,
trmm,numba,object-mode-parallel,initialization,N/A,,,,0,0,,,,
trmm,numba,object-mode-parallel,fresh_process,N/A,,,,0,0,,,,
trmm,numba,object-mode-parallel,same_process,N/A,,,,0,0,,,,
trmm,numba,object-mode-parallel-range,initialization,N/A,,,,0,0,,,,
trmm,numba,object-mode-parallel-range,fresh_process,N/A,,,,0,0,,,,
trmm,numba,object-mode-parallel-range,same_process,N/A,,,,0,0,,,,
trmm,dace_cpu,fusion,initialization,observed,8.88252006995026,trmm,1.0.2,1,1,3f94b2a3aeb62dabee33d3188a61d501e42975b8a01970dd7d3717b65c060956,9168af76f7b62c6873ac45e920743c46191f055c32ee6a1f1df2aba5ab399d7e,,"['reference_not_ranking', 'single_initialization_observation']"
trmm,dace_cpu,fusion,fresh_process,observed,0.36538652749732137,trmm,1.0.2,2,2,3f94b2a3aeb62dabee33d3188a61d501e42975b8a01970dd7d3717b65c060956,9168af76f7b62c6873ac45e920743c46191f055c32ee6a1f1df2aba5ab399d7e,,"['reference_not_ranking', 'single_initialization_observation']"
trmm,dace_cpu,fusion,same_process,observed,0.24784070200985298,trmm,1.0.2,6,3,3f94b2a3aeb62dabee33d3188a61d501e42975b8a01970dd7d3717b65c060956,9168af76f7b62c6873ac45e920743c46191f055c32ee6a1f1df2aba5ab399d7e,,"['reference_not_ranking', 'single_initialization_observation']"
trmm,dace_cpu,parallel,initialization,observed,8.711107365903445,trmm,1.0.2,1,1,3f94b2a3aeb62dabee33d3188a61d501e42975b8a01970dd7d3717b65c060956,9168af76f7b62c6873ac45e920743c46191f055c32ee6a1f1df2aba5ab399d7e,,"['reference_not_ranking', 'single_initialization_observation']"
trmm,dace_cpu,parallel,fresh_process,observed,0.2667826510150917,trmm,1.0.2,2,2,3f94b2a3aeb62dabee33d3188a61d501e42975b8a01970dd7d3717b65c060956,9168af76f7b62c6873ac45e920743c46191f055c32ee6a1f1df2aba5ab399d7e,,"['reference_not_ranking', 'single_initialization_observation']"
trmm,dace_cpu,parallel,same_process,observed,0.0350813694531098,trmm,1.0.2,6,3,3f94b2a3aeb62dabee33d3188a61d501e42975b8a01970dd7d3717b65c060956,9168af76f7b62c6873ac45e920743c46191f055c32ee6a1f1df2aba5ab399d7e,,"['reference_not_ranking', 'single_initialization_observation']"
trmm,dace_cpu,auto_opt,initialization,observed,9.52871431701351,trmm,1.0.2,1,1,3f94b2a3aeb62dabee33d3188a61d501e42975b8a01970dd7d3717b65c060956,9168af76f7b62c6873ac45e920743c46191f055c32ee6a1f1df2aba5ab399d7e,,"['reference_not_ranking', 'single_initialization_observation']"
trmm,dace_cpu,auto_opt,fresh_process,observed,0.27025389100890607,trmm,1.0.2,2,2,3f94b2a3aeb62dabee33d3188a61d501e42975b8a01970dd7d3717b65c060956,9168af76f7b62c6873ac45e920743c46191f055c32ee6a1f1df2aba5ab399d7e,,"['reference_not_ranking', 'single_initialization_observation']"
trmm,dace_cpu,auto_opt,same_process,observed,0.0297775860526599,trmm,1.0.2,6,3,3f94b2a3aeb62dabee33d3188a61d501e42975b8a01970dd7d3717b65c060956,9168af76f7b62c6873ac45e920743c46191f055c32ee6a1f1df2aba5ab399d7e,,"['reference_not_ranking', 'single_initialization_observation']"
trmm,dace_gpu,fusion,initialization,observed,35.040097358985804,trmm,1.0.2,1,1,3f94b2a3aeb62dabee33d3188a61d501e42975b8a01970dd7d3717b65c060956,9168af76f7b62c6873ac45e920743c46191f055c32ee6a1f1df2aba5ab399d7e,,"['reference_not_ranking', 'single_initialization_observation']"
trmm,dace_gpu,fusion,fresh_process,observed,9.95275832246989,trmm,1.0.2,2,2,3f94b2a3aeb62dabee33d3188a61d501e42975b8a01970dd7d3717b65c060956,9168af76f7b62c6873ac45e920743c46191f055c32ee6a1f1df2aba5ab399d7e,,"['reference_not_ranking', 'single_initialization_observation']"
trmm,dace_gpu,fusion,same_process,observed,8.090493836498354,trmm,1.0.2,6,3,3f94b2a3aeb62dabee33d3188a61d501e42975b8a01970dd7d3717b65c060956,9168af76f7b62c6873ac45e920743c46191f055c32ee6a1f1df2aba5ab399d7e,,"['reference_not_ranking', 'single_initialization_observation']"
trmm,dace_gpu,parallel,initialization,observed,24.377483224030584,trmm,1.0.2,1,1,3f94b2a3aeb62dabee33d3188a61d501e42975b8a01970dd7d3717b65c060956,9168af76f7b62c6873ac45e920743c46191f055c32ee6a1f1df2aba5ab399d7e,,"['reference_not_ranking', 'single_initialization_observation']"
trmm,dace_gpu,parallel,fresh_process,observed,1.14991637354251,trmm,1.0.2,2,2,3f94b2a3aeb62dabee33d3188a61d501e42975b8a01970dd7d3717b65c060956,9168af76f7b62c6873ac45e920743c46191f055c32ee6a1f1df2aba5ab399d7e,,"['reference_not_ranking', 'single_initialization_observation']"
trmm,dace_gpu,parallel,same_process,observed,0.015725104487501085,trmm,1.0.2,6,3,3f94b2a3aeb62dabee33d3188a61d501e42975b8a01970dd7d3717b65c060956,9168af76f7b62c6873ac45e920743c46191f055c32ee6a1f1df2aba5ab399d7e,,"['reference_not_ranking', 'single_initialization_observation']"
trmm,dace_gpu,auto_opt,initialization,observed,23.659902128973044,trmm,1.0.2,1,1,3f94b2a3aeb62dabee33d3188a61d501e42975b8a01970dd7d3717b65c060956,9168af76f7b62c6873ac45e920743c46191f055c32ee6a1f1df2aba5ab399d7e,,"['reference_not_ranking', 'single_initialization_observation']"
trmm,dace_gpu,auto_opt,fresh_process,observed,1.1888516040635295,trmm,1.0.2,2,2,3f94b2a3aeb62dabee33d3188a61d501e42975b8a01970dd7d3717b65c060956,9168af76f7b62c6873ac45e920743c46191f055c32ee6a1f1df2aba5ab399d7e,,"['reference_not_ranking', 'single_initialization_observation']"
trmm,dace_gpu,auto_opt,same_process,observed,0.016285294550471008,trmm,1.0.2,6,3,3f94b2a3aeb62dabee33d3188a61d501e42975b8a01970dd7d3717b65c060956,9168af76f7b62c6873ac45e920743c46191f055c32ee6a1f1df2aba5ab399d7e,,"['reference_not_ranking', 'single_initialization_observation']"
trmm,cupy,default,initialization,observed,39.02973092289176,trmm,13.6.0,1,1,3f94b2a3aeb62dabee33d3188a61d501e42975b8a01970dd7d3717b65c060956,9168af76f7b62c6873ac45e920743c46191f055c32ee6a1f1df2aba5ab399d7e,,"['reference_not_ranking', 'single_initialization_observation']"
trmm,cupy,default,fresh_process,observed,37.47270602500066,trmm,13.6.0,2,2,3f94b2a3aeb62dabee33d3188a61d501e42975b8a01970dd7d3717b65c060956,9168af76f7b62c6873ac45e920743c46191f055c32ee6a1f1df2aba5ab399d7e,,"['reference_not_ranking', 'single_initialization_observation']"
trmm,cupy,default,same_process,observed,37.30412837397307,trmm,13.6.0,6,3,3f94b2a3aeb62dabee33d3188a61d501e42975b8a01970dd7d3717b65c060956,9168af76f7b62c6873ac45e920743c46191f055c32ee6a1f1df2aba5ab399d7e,,"['reference_not_ranking', 'single_initialization_observation']"
vadv,numpy,default,initialization,observed,0.47569070698227733,vadv,1.26.4,1,1,af48764eed52bcbfa917a57089296ce3be876f060430fae648ab359316609f14,300cff4f4ff45aa053437078a699f7f36c3a42bea19f7d989bd20911ef2050f4,,"['reference_not_ranking', 'single_initialization_observation']"
vadv,numpy,default,fresh_process,observed,0.5399267119937576,vadv,1.26.4,2,2,af48764eed52bcbfa917a57089296ce3be876f060430fae648ab359316609f14,300cff4f4ff45aa053437078a699f7f36c3a42bea19f7d989bd20911ef2050f4,,"['reference_not_ranking', 'single_initialization_observation']"
vadv,numpy,default,same_process,observed,0.5661415199865587,vadv,1.26.4,6,3,af48764eed52bcbfa917a57089296ce3be876f060430fae648ab359316609f14,300cff4f4ff45aa053437078a699f7f36c3a42bea19f7d989bd20911ef2050f4,,"['reference_not_ranking', 'single_initialization_observation']"
vadv,numba,nopython-mode,initialization,observed,10.679656015941873,vadv,0.65.1,1,1,af48764eed52bcbfa917a57089296ce3be876f060430fae648ab359316609f14,300cff4f4ff45aa053437078a699f7f36c3a42bea19f7d989bd20911ef2050f4,,"['reference_not_ranking', 'single_initialization_observation']"
vadv,numba,nopython-mode,fresh_process,observed,1.0409850564901717,vadv,0.65.1,2,2,af48764eed52bcbfa917a57089296ce3be876f060430fae648ab359316609f14,300cff4f4ff45aa053437078a699f7f36c3a42bea19f7d989bd20911ef2050f4,,"['reference_not_ranking', 'single_initialization_observation']"
vadv,numba,nopython-mode,same_process,observed,0.6311240530340001,vadv,0.65.1,6,3,af48764eed52bcbfa917a57089296ce3be876f060430fae648ab359316609f14,300cff4f4ff45aa053437078a699f7f36c3a42bea19f7d989bd20911ef2050f4,,"['reference_not_ranking', 'single_initialization_observation']"
vadv,numba,nopython-mode-parallel,initialization,observed,14.201358665013686,vadv,0.65.1,1,1,af48764eed52bcbfa917a57089296ce3be876f060430fae648ab359316609f14,300cff4f4ff45aa053437078a699f7f36c3a42bea19f7d989bd20911ef2050f4,,"['reference_not_ranking', 'single_initialization_observation']"
vadv,numba,nopython-mode-parallel,fresh_process,observed,1.3169225900201127,vadv,0.65.1,2,2,af48764eed52bcbfa917a57089296ce3be876f060430fae648ab359316609f14,300cff4f4ff45aa053437078a699f7f36c3a42bea19f7d989bd20911ef2050f4,,"['reference_not_ranking', 'single_initialization_observation']"
vadv,numba,nopython-mode-parallel,same_process,observed,0.5502561170142144,vadv,0.65.1,6,3,af48764eed52bcbfa917a57089296ce3be876f060430fae648ab359316609f14,300cff4f4ff45aa053437078a699f7f36c3a42bea19f7d989bd20911ef2050f4,,"['reference_not_ranking', 'single_initialization_observation']"
vadv,numba,nopython-mode-parallel-range,initialization,N/A,,,,0,0,,,,
vadv,numba,nopython-mode-parallel-range,fresh_process,N/A,,,,0,0,,,,
vadv,numba,nopython-mode-parallel-range,same_process,N/A,,,,0,0,,,,
vadv,numba,object-mode,initialization,N/A,,,,0,0,,,,
vadv,numba,object-mode,fresh_process,N/A,,,,0,0,,,,
vadv,numba,object-mode,same_process,N/A,,,,0,0,,,,
vadv,numba,object-mode-parallel,initialization,N/A,,,,0,0,,,,
vadv,numba,object-mode-parallel,fresh_process,N/A,,,,0,0,,,,
vadv,numba,object-mode-parallel,same_process,N/A,,,,0,0,,,,
vadv,numba,object-mode-parallel-range,initialization,N/A,,,,0,0,,,,
vadv,numba,object-mode-parallel-range,fresh_process,N/A,,,,0,0,,,,
vadv,numba,object-mode-parallel-range,same_process,N/A,,,,0,0,,,,
vadv,dace_cpu,fusion,initialization,observed,15.408130272990093,vadv,1.0.2,1,1,af48764eed52bcbfa917a57089296ce3be876f060430fae648ab359316609f14,300cff4f4ff45aa053437078a699f7f36c3a42bea19f7d989bd20911ef2050f4,,"['reference_not_ranking', 'single_initialization_observation']"
vadv,dace_cpu,fusion,fresh_process,observed,2.2641839525313117,vadv,1.0.2,2,2,af48764eed52bcbfa917a57089296ce3be876f060430fae648ab359316609f14,300cff4f4ff45aa053437078a699f7f36c3a42bea19f7d989bd20911ef2050f4,,"['reference_not_ranking', 'single_initialization_observation']"
vadv,dace_cpu,fusion,same_process,observed,1.2589349195477553,vadv,1.0.2,6,3,af48764eed52bcbfa917a57089296ce3be876f060430fae648ab359316609f14,300cff4f4ff45aa053437078a699f7f36c3a42bea19f7d989bd20911ef2050f4,,"['reference_not_ranking', 'single_initialization_observation']"
vadv,dace_cpu,parallel,initialization,observed,14.92061954899691,vadv,1.0.2,1,1,af48764eed52bcbfa917a57089296ce3be876f060430fae648ab359316609f14,300cff4f4ff45aa053437078a699f7f36c3a42bea19f7d989bd20911ef2050f4,,"['reference_not_ranking', 'single_initialization_observation']"
vadv,dace_cpu,parallel,fresh_process,observed,2.4308833039249294,vadv,1.0.2,2,2,af48764eed52bcbfa917a57089296ce3be876f060430fae648ab359316609f14,300cff4f4ff45aa053437078a699f7f36c3a42bea19f7d989bd20911ef2050f4,,"['reference_not_ranking', 'single_initialization_observation']"
vadv,dace_cpu,parallel,same_process,observed,0.9867080989643,vadv,1.0.2,6,3,af48764eed52bcbfa917a57089296ce3be876f060430fae648ab359316609f14,300cff4f4ff45aa053437078a699f7f36c3a42bea19f7d989bd20911ef2050f4,,"['reference_not_ranking', 'single_initialization_observation']"
vadv,dace_cpu,auto_opt,initialization,observed,19.817073386046104,vadv,1.0.2,1,1,af48764eed52bcbfa917a57089296ce3be876f060430fae648ab359316609f14,300cff4f4ff45aa053437078a699f7f36c3a42bea19f7d989bd20911ef2050f4,,"['reference_not_ranking', 'single_initialization_observation']"
vadv,dace_cpu,auto_opt,fresh_process,observed,1.109037902962882,vadv,1.0.2,2,2,af48764eed52bcbfa917a57089296ce3be876f060430fae648ab359316609f14,300cff4f4ff45aa053437078a699f7f36c3a42bea19f7d989bd20911ef2050f4,,"['reference_not_ranking', 'single_initialization_observation']"
vadv,dace_cpu,auto_opt,same_process,observed,1.0142886359244585,vadv,1.0.2,6,3,af48764eed52bcbfa917a57089296ce3be876f060430fae648ab359316609f14,300cff4f4ff45aa053437078a699f7f36c3a42bea19f7d989bd20911ef2050f4,,"['reference_not_ranking', 'single_initialization_observation']"
vadv,dace_gpu,fusion,initialization,observed,32.5519949978916,vadv,1.0.2,1,1,af48764eed52bcbfa917a57089296ce3be876f060430fae648ab359316609f14,300cff4f4ff45aa053437078a699f7f36c3a42bea19f7d989bd20911ef2050f4,,"['reference_not_ranking', 'single_initialization_observation']"
vadv,dace_gpu,fusion,fresh_process,observed,1.4404779434553348,vadv,1.0.2,2,2,af48764eed52bcbfa917a57089296ce3be876f060430fae648ab359316609f14,300cff4f4ff45aa053437078a699f7f36c3a42bea19f7d989bd20911ef2050f4,,"['reference_not_ranking', 'single_initialization_observation']"
vadv,dace_gpu,fusion,same_process,observed,0.09171950700692832,vadv,1.0.2,6,3,af48764eed52bcbfa917a57089296ce3be876f060430fae648ab359316609f14,300cff4f4ff45aa053437078a699f7f36c3a42bea19f7d989bd20911ef2050f4,,"['reference_not_ranking', 'single_initialization_observation']"
vadv,dace_gpu,parallel,initialization,observed,31.291700956993736,vadv,1.0.2,1,1,af48764eed52bcbfa917a57089296ce3be876f060430fae648ab359316609f14,300cff4f4ff45aa053437078a699f7f36c3a42bea19f7d989bd20911ef2050f4,,"['reference_not_ranking', 'single_initialization_observation']"
vadv,dace_gpu,parallel,fresh_process,observed,1.4563329620286822,vadv,1.0.2,2,2,af48764eed52bcbfa917a57089296ce3be876f060430fae648ab359316609f14,300cff4f4ff45aa053437078a699f7f36c3a42bea19f7d989bd20911ef2050f4,,"['reference_not_ranking', 'single_initialization_observation']"
vadv,dace_gpu,parallel,same_process,observed,0.09347785206045955,vadv,1.0.2,6,3,af48764eed52bcbfa917a57089296ce3be876f060430fae648ab359316609f14,300cff4f4ff45aa053437078a699f7f36c3a42bea19f7d989bd20911ef2050f4,,"['reference_not_ranking', 'single_initialization_observation']"
vadv,dace_gpu,auto_opt,initialization,observed,37.746577788027935,vadv,1.0.2,1,1,af48764eed52bcbfa917a57089296ce3be876f060430fae648ab359316609f14,300cff4f4ff45aa053437078a699f7f36c3a42bea19f7d989bd20911ef2050f4,,"['reference_not_ranking', 'single_initialization_observation']"
vadv,dace_gpu,auto_opt,fresh_process,observed,1.3881187104270793,vadv,1.0.2,2,2,af48764eed52bcbfa917a57089296ce3be876f060430fae648ab359316609f14,300cff4f4ff45aa053437078a699f7f36c3a42bea19f7d989bd20911ef2050f4,,"['reference_not_ranking', 'single_initialization_observation']"
vadv,dace_gpu,auto_opt,same_process,observed,0.08732288551982492,vadv,1.0.2,6,3,af48764eed52bcbfa917a57089296ce3be876f060430fae648ab359316609f14,300cff4f4ff45aa053437078a699f7f36c3a42bea19f7d989bd20911ef2050f4,,"['reference_not_ranking', 'single_initialization_observation']"
vadv,cupy,default,initialization,observed,3.114390774979256,vadv,13.6.0,1,1,af48764eed52bcbfa917a57089296ce3be876f060430fae648ab359316609f14,300cff4f4ff45aa053437078a699f7f36c3a42bea19f7d989bd20911ef2050f4,,"['reference_not_ranking', 'single_initialization_observation']"
vadv,cupy,default,fresh_process,observed,0.7344627979910001,vadv,13.6.0,2,2,af48764eed52bcbfa917a57089296ce3be876f060430fae648ab359316609f14,300cff4f4ff45aa053437078a699f7f36c3a42bea19f7d989bd20911ef2050f4,,"['reference_not_ranking', 'single_initialization_observation']"
vadv,cupy,default,same_process,observed,0.25105874746805057,vadv,13.6.0,6,3,af48764eed52bcbfa917a57089296ce3be876f060430fae648ab359316609f14,300cff4f4ff45aa053437078a699f7f36c3a42bea19f7d989bd20911ef2050f4,,"['reference_not_ranking', 'single_initialization_observation']"
adi_corrected,cova_serial_cpu,default,initialization,missing,,adi_corrected,7eb28298bd66038f57228eeb106197ae1ac32685,0,0,,,[],"['reference_not_ranking', 'historical_competitors_not_rerun', 'system_resources_not_exclusive']"
adi_corrected,cova_serial_cpu,default,fresh_process,missing,,adi_corrected,7eb28298bd66038f57228eeb106197ae1ac32685,0,0,,,[],"['reference_not_ranking', 'historical_competitors_not_rerun', 'system_resources_not_exclusive']"
adi_corrected,cova_serial_cpu,default,same_process,missing,,adi_corrected,7eb28298bd66038f57228eeb106197ae1ac32685,0,0,,,[],"['reference_not_ranking', 'historical_competitors_not_rerun', 'system_resources_not_exclusive']"
adi_corrected,cova_openmp_cpu,default,initialization,missing,,adi_corrected,7eb28298bd66038f57228eeb106197ae1ac32685,0,0,,,[],"['reference_not_ranking', 'historical_competitors_not_rerun', 'system_resources_not_exclusive']"
adi_corrected,cova_openmp_cpu,default,fresh_process,missing,,adi_corrected,7eb28298bd66038f57228eeb106197ae1ac32685,0,0,,,[],"['reference_not_ranking', 'historical_competitors_not_rerun', 'system_resources_not_exclusive']"
adi_corrected,cova_openmp_cpu,default,same_process,missing,,adi_corrected,7eb28298bd66038f57228eeb106197ae1ac32685,0,0,,,[],"['reference_not_ranking', 'historical_competitors_not_rerun', 'system_resources_not_exclusive']"
adi_corrected,cova_llvm_cpu_serial,default,initialization,missing,,adi_corrected,7eb28298bd66038f57228eeb106197ae1ac32685,0,0,,,[],"['reference_not_ranking', 'historical_competitors_not_rerun', 'system_resources_not_exclusive']"
adi_corrected,cova_llvm_cpu_serial,default,fresh_process,missing,,adi_corrected,7eb28298bd66038f57228eeb106197ae1ac32685,0,0,,,[],"['reference_not_ranking', 'historical_competitors_not_rerun', 'system_resources_not_exclusive']"
adi_corrected,cova_llvm_cpu_serial,default,same_process,missing,,adi_corrected,7eb28298bd66038f57228eeb106197ae1ac32685,0,0,,,[],"['reference_not_ranking', 'historical_competitors_not_rerun', 'system_resources_not_exclusive']"
adi_corrected,cova_llvm_cpu,default,initialization,observed,3.72560042492114,adi_corrected,7eb28298bd66038f57228eeb106197ae1ac32685,1,1,72849b544ae3b8773b18c95384e36f194ea524782f4feabfed03a3b4194872e9,44fae57bf7759f2639279283ba275bd89bd5df1bf8f5d46bee32e1d87e87c452,['cpu'],"['reference_not_ranking', 'historical_competitors_not_rerun', 'system_resources_not_exclusive']"
adi_corrected,cova_llvm_cpu,default,fresh_process,observed,0.33658048161305487,adi_corrected,7eb28298bd66038f57228eeb106197ae1ac32685,2,2,72849b544ae3b8773b18c95384e36f194ea524782f4feabfed03a3b4194872e9,44fae57bf7759f2639279283ba275bd89bd5df1bf8f5d46bee32e1d87e87c452,['cpu'],"['reference_not_ranking', 'historical_competitors_not_rerun', 'system_resources_not_exclusive']"
adi_corrected,cova_llvm_cpu,default,same_process,observed,0.3212295569246635,adi_corrected,7eb28298bd66038f57228eeb106197ae1ac32685,6,3,72849b544ae3b8773b18c95384e36f194ea524782f4feabfed03a3b4194872e9,44fae57bf7759f2639279283ba275bd89bd5df1bf8f5d46bee32e1d87e87c452,['cpu'],"['reference_not_ranking', 'historical_competitors_not_rerun', 'system_resources_not_exclusive']"
adi_corrected,cova_openmp_gpu,default,initialization,missing,,adi_corrected,7eb28298bd66038f57228eeb106197ae1ac32685,0,0,,,[],"['reference_not_ranking', 'historical_competitors_not_rerun', 'system_resources_not_exclusive', 'gpu_placement_metadata_only']"
adi_corrected,cova_openmp_gpu,default,fresh_process,missing,,adi_corrected,7eb28298bd66038f57228eeb106197ae1ac32685,0,0,,,[],"['reference_not_ranking', 'historical_competitors_not_rerun', 'system_resources_not_exclusive', 'gpu_placement_metadata_only']"
adi_corrected,cova_openmp_gpu,default,same_process,missing,,adi_corrected,7eb28298bd66038f57228eeb106197ae1ac32685,0,0,,,[],"['reference_not_ranking', 'historical_competitors_not_rerun', 'system_resources_not_exclusive', 'gpu_placement_metadata_only']"
adi_corrected,cova_llvm_gpu,default,initialization,observed,10.617141525959596,adi_corrected,7eb28298bd66038f57228eeb106197ae1ac32685,1,1,72849b544ae3b8773b18c95384e36f194ea524782f4feabfed03a3b4194872e9,44fae57bf7759f2639279283ba275bd89bd5df1bf8f5d46bee32e1d87e87c452,['mixed'],"['reference_not_ranking', 'historical_competitors_not_rerun', 'system_resources_not_exclusive', 'gpu_placement_metadata_only']"
adi_corrected,cova_llvm_gpu,default,fresh_process,observed,3.855371231562458,adi_corrected,7eb28298bd66038f57228eeb106197ae1ac32685,2,2,72849b544ae3b8773b18c95384e36f194ea524782f4feabfed03a3b4194872e9,44fae57bf7759f2639279283ba275bd89bd5df1bf8f5d46bee32e1d87e87c452,['mixed'],"['reference_not_ranking', 'historical_competitors_not_rerun', 'system_resources_not_exclusive', 'gpu_placement_metadata_only']"
adi_corrected,cova_llvm_gpu,default,same_process,observed,3.1311419890262187,adi_corrected,7eb28298bd66038f57228eeb106197ae1ac32685,6,3,72849b544ae3b8773b18c95384e36f194ea524782f4feabfed03a3b4194872e9,44fae57bf7759f2639279283ba275bd89bd5df1bf8f5d46bee32e1d87e87c452,['mixed'],"['reference_not_ranking', 'historical_competitors_not_rerun', 'system_resources_not_exclusive', 'gpu_placement_metadata_only']"
arc_distance,cova_serial_cpu,default,initialization,observed,3.9780591449234635,arc_distance,7eb28298bd66038f57228eeb106197ae1ac32685,1,1,d2c2cc16a18a69316144dced56e13ec50585fb90292fd8c9251b0cd2d83afd8e,c9a5d51d680eeff18f5d5e1a8bd8a4acc4d771e072238396fee0333ed61696be,['cpu'],"['reference_not_ranking', 'historical_competitors_not_rerun', 'system_resources_not_exclusive']"
arc_distance,cova_serial_cpu,default,fresh_process,observed,2.2362962960032746,arc_distance,7eb28298bd66038f57228eeb106197ae1ac32685,2,2,d2c2cc16a18a69316144dced56e13ec50585fb90292fd8c9251b0cd2d83afd8e,c9a5d51d680eeff18f5d5e1a8bd8a4acc4d771e072238396fee0333ed61696be,['cpu'],"['reference_not_ranking', 'historical_competitors_not_rerun', 'system_resources_not_exclusive']"
arc_distance,cova_serial_cpu,default,same_process,observed,0.6629020115360618,arc_distance,7eb28298bd66038f57228eeb106197ae1ac32685,6,3,d2c2cc16a18a69316144dced56e13ec50585fb90292fd8c9251b0cd2d83afd8e,c9a5d51d680eeff18f5d5e1a8bd8a4acc4d771e072238396fee0333ed61696be,['cpu'],"['reference_not_ranking', 'historical_competitors_not_rerun', 'system_resources_not_exclusive']"
arc_distance,cova_openmp_cpu,default,initialization,observed,2.9484273330308497,arc_distance,7eb28298bd66038f57228eeb106197ae1ac32685,1,1,d2c2cc16a18a69316144dced56e13ec50585fb90292fd8c9251b0cd2d83afd8e,c9a5d51d680eeff18f5d5e1a8bd8a4acc4d771e072238396fee0333ed61696be,['cpu'],"['reference_not_ranking', 'historical_competitors_not_rerun', 'system_resources_not_exclusive']"
arc_distance,cova_openmp_cpu,default,fresh_process,observed,0.29818986309692264,arc_distance,7eb28298bd66038f57228eeb106197ae1ac32685,2,2,d2c2cc16a18a69316144dced56e13ec50585fb90292fd8c9251b0cd2d83afd8e,c9a5d51d680eeff18f5d5e1a8bd8a4acc4d771e072238396fee0333ed61696be,['cpu'],"['reference_not_ranking', 'historical_competitors_not_rerun', 'system_resources_not_exclusive']"
arc_distance,cova_openmp_cpu,default,same_process,observed,0.26990477286744863,arc_distance,7eb28298bd66038f57228eeb106197ae1ac32685,6,3,d2c2cc16a18a69316144dced56e13ec50585fb90292fd8c9251b0cd2d83afd8e,c9a5d51d680eeff18f5d5e1a8bd8a4acc4d771e072238396fee0333ed61696be,['cpu'],"['reference_not_ranking', 'historical_competitors_not_rerun', 'system_resources_not_exclusive']"
arc_distance,cova_llvm_cpu_serial,default,initialization,observed,3.375680366065353,arc_distance,7eb28298bd66038f57228eeb106197ae1ac32685,1,1,d2c2cc16a18a69316144dced56e13ec50585fb90292fd8c9251b0cd2d83afd8e,c9a5d51d680eeff18f5d5e1a8bd8a4acc4d771e072238396fee0333ed61696be,['cpu'],"['reference_not_ranking', 'historical_competitors_not_rerun', 'system_resources_not_exclusive']"
arc_distance,cova_llvm_cpu_serial,default,fresh_process,observed,1.1862679499899969,arc_distance,7eb28298bd66038f57228eeb106197ae1ac32685,2,2,d2c2cc16a18a69316144dced56e13ec50585fb90292fd8c9251b0cd2d83afd8e,c9a5d51d680eeff18f5d5e1a8bd8a4acc4d771e072238396fee0333ed61696be,['cpu'],"['reference_not_ranking', 'historical_competitors_not_rerun', 'system_resources_not_exclusive']"
arc_distance,cova_llvm_cpu_serial,default,same_process,observed,1.095986612024717,arc_distance,7eb28298bd66038f57228eeb106197ae1ac32685,6,3,d2c2cc16a18a69316144dced56e13ec50585fb90292fd8c9251b0cd2d83afd8e,c9a5d51d680eeff18f5d5e1a8bd8a4acc4d771e072238396fee0333ed61696be,['cpu'],"['reference_not_ranking', 'historical_competitors_not_rerun', 'system_resources_not_exclusive']"
arc_distance,cova_llvm_cpu,default,initialization,observed,3.015362871112302,arc_distance,7eb28298bd66038f57228eeb106197ae1ac32685,1,1,d2c2cc16a18a69316144dced56e13ec50585fb90292fd8c9251b0cd2d83afd8e,c9a5d51d680eeff18f5d5e1a8bd8a4acc4d771e072238396fee0333ed61696be,['cpu'],"['reference_not_ranking', 'historical_competitors_not_rerun', 'system_resources_not_exclusive']"
arc_distance,cova_llvm_cpu,default,fresh_process,observed,0.31772449251729995,arc_distance,7eb28298bd66038f57228eeb106197ae1ac32685,2,2,d2c2cc16a18a69316144dced56e13ec50585fb90292fd8c9251b0cd2d83afd8e,c9a5d51d680eeff18f5d5e1a8bd8a4acc4d771e072238396fee0333ed61696be,['cpu'],"['reference_not_ranking', 'historical_competitors_not_rerun', 'system_resources_not_exclusive']"
arc_distance,cova_llvm_cpu,default,same_process,observed,0.3296062800800428,arc_distance,7eb28298bd66038f57228eeb106197ae1ac32685,6,3,d2c2cc16a18a69316144dced56e13ec50585fb90292fd8c9251b0cd2d83afd8e,c9a5d51d680eeff18f5d5e1a8bd8a4acc4d771e072238396fee0333ed61696be,['cpu'],"['reference_not_ranking', 'historical_competitors_not_rerun', 'system_resources_not_exclusive']"
arc_distance,cova_openmp_gpu,default,initialization,observed,6.550731088034809,arc_distance,7eb28298bd66038f57228eeb106197ae1ac32685,1,1,d2c2cc16a18a69316144dced56e13ec50585fb90292fd8c9251b0cd2d83afd8e,c9a5d51d680eeff18f5d5e1a8bd8a4acc4d771e072238396fee0333ed61696be,['gpu'],"['reference_not_ranking', 'historical_competitors_not_rerun', 'system_resources_not_exclusive', 'gpu_placement_metadata_only']"
arc_distance,cova_openmp_gpu,default,fresh_process,observed,0.31530701753217727,arc_distance,7eb28298bd66038f57228eeb106197ae1ac32685,2,2,d2c2cc16a18a69316144dced56e13ec50585fb90292fd8c9251b0cd2d83afd8e,c9a5d51d680eeff18f5d5e1a8bd8a4acc4d771e072238396fee0333ed61696be,['gpu'],"['reference_not_ranking', 'historical_competitors_not_rerun', 'system_resources_not_exclusive', 'gpu_placement_metadata_only']"
arc_distance,cova_openmp_gpu,default,same_process,observed,0.07015520008280873,arc_distance,7eb28298bd66038f57228eeb106197ae1ac32685,6,3,d2c2cc16a18a69316144dced56e13ec50585fb90292fd8c9251b0cd2d83afd8e,c9a5d51d680eeff18f5d5e1a8bd8a4acc4d771e072238396fee0333ed61696be,['gpu'],"['reference_not_ranking', 'historical_competitors_not_rerun', 'system_resources_not_exclusive', 'gpu_placement_metadata_only']"
arc_distance,cova_llvm_gpu,default,initialization,observed,5.801544971065596,arc_distance,7eb28298bd66038f57228eeb106197ae1ac32685,1,1,d2c2cc16a18a69316144dced56e13ec50585fb90292fd8c9251b0cd2d83afd8e,c9a5d51d680eeff18f5d5e1a8bd8a4acc4d771e072238396fee0333ed61696be,['gpu'],"['reference_not_ranking', 'historical_competitors_not_rerun', 'system_resources_not_exclusive', 'gpu_placement_metadata_only']"
arc_distance,cova_llvm_gpu,default,fresh_process,observed,0.32872904860414565,arc_distance,7eb28298bd66038f57228eeb106197ae1ac32685,2,2,d2c2cc16a18a69316144dced56e13ec50585fb90292fd8c9251b0cd2d83afd8e,c9a5d51d680eeff18f5d5e1a8bd8a4acc4d771e072238396fee0333ed61696be,['gpu'],"['reference_not_ranking', 'historical_competitors_not_rerun', 'system_resources_not_exclusive', 'gpu_placement_metadata_only']"
arc_distance,cova_llvm_gpu,default,same_process,observed,0.0785206169821322,arc_distance,7eb28298bd66038f57228eeb106197ae1ac32685,6,3,d2c2cc16a18a69316144dced56e13ec50585fb90292fd8c9251b0cd2d83afd8e,c9a5d51d680eeff18f5d5e1a8bd8a4acc4d771e072238396fee0333ed61696be,['gpu'],"['reference_not_ranking', 'historical_competitors_not_rerun', 'system_resources_not_exclusive', 'gpu_placement_metadata_only']"
atax,cova_serial_cpu,default,initialization,observed,3.568883898900822,atax,7eb28298bd66038f57228eeb106197ae1ac32685,1,1,68c6513b767fc4fe61dbe15c9629b1ea75eae7d2a20436521c52c551d6698648,30d1cbd8bc811b325570c9fdb182323781764974a74f27916f06ba12e9a7baef,['cpu'],"['reference_not_ranking', 'historical_competitors_not_rerun', 'system_resources_not_exclusive']"
atax,cova_serial_cpu,default,fresh_process,observed,0.9958545794943348,atax,7eb28298bd66038f57228eeb106197ae1ac32685,2,2,68c6513b767fc4fe61dbe15c9629b1ea75eae7d2a20436521c52c551d6698648,30d1cbd8bc811b325570c9fdb182323781764974a74f27916f06ba12e9a7baef,['cpu'],"['reference_not_ranking', 'historical_competitors_not_rerun', 'system_resources_not_exclusive']"
atax,cova_serial_cpu,default,same_process,observed,0.9529900338966399,atax,7eb28298bd66038f57228eeb106197ae1ac32685,6,3,68c6513b767fc4fe61dbe15c9629b1ea75eae7d2a20436521c52c551d6698648,30d1cbd8bc811b325570c9fdb182323781764974a74f27916f06ba12e9a7baef,['cpu'],"['reference_not_ranking', 'historical_competitors_not_rerun', 'system_resources_not_exclusive']"
atax,cova_openmp_cpu,default,initialization,observed,2.716608369955793,atax,7eb28298bd66038f57228eeb106197ae1ac32685,1,1,68c6513b767fc4fe61dbe15c9629b1ea75eae7d2a20436521c52c551d6698648,30d1cbd8bc811b325570c9fdb182323781764974a74f27916f06ba12e9a7baef,['cpu'],"['reference_not_ranking', 'historical_competitors_not_rerun', 'system_resources_not_exclusive']"
atax,cova_openmp_cpu,default,fresh_process,observed,0.32175386941526085,atax,7eb28298bd66038f57228eeb106197ae1ac32685,2,2,68c6513b767fc4fe61dbe15c9629b1ea75eae7d2a20436521c52c551d6698648,30d1cbd8bc811b325570c9fdb182323781764974a74f27916f06ba12e9a7baef,['cpu'],"['reference_not_ranking', 'historical_competitors_not_rerun', 'system_resources_not_exclusive']"
atax,cova_openmp_cpu,default,same_process,observed,0.3080773404799402,atax,7eb28298bd66038f57228eeb106197ae1ac32685,6,3,68c6513b767fc4fe61dbe15c9629b1ea75eae7d2a20436521c52c551d6698648,30d1cbd8bc811b325570c9fdb182323781764974a74f27916f06ba12e9a7baef,['cpu'],"['reference_not_ranking', 'historical_competitors_not_rerun', 'system_resources_not_exclusive']"
atax,cova_llvm_cpu_serial,default,initialization,observed,4.531433662166819,atax,7eb28298bd66038f57228eeb106197ae1ac32685,1,1,68c6513b767fc4fe61dbe15c9629b1ea75eae7d2a20436521c52c551d6698648,30d1cbd8bc811b325570c9fdb182323781764974a74f27916f06ba12e9a7baef,['cpu'],"['reference_not_ranking', 'historical_competitors_not_rerun', 'system_resources_not_exclusive']"
atax,cova_llvm_cpu_serial,default,fresh_process,observed,0.31708216946572065,atax,7eb28298bd66038f57228eeb106197ae1ac32685,2,2,68c6513b767fc4fe61dbe15c9629b1ea75eae7d2a20436521c52c551d6698648,30d1cbd8bc811b325570c9fdb182323781764974a74f27916f06ba12e9a7baef,['cpu'],"['reference_not_ranking', 'historical_competitors_not_rerun', 'system_resources_not_exclusive']"
atax,cova_llvm_cpu_serial,default,same_process,observed,0.26987248950172216,atax,7eb28298bd66038f57228eeb106197ae1ac32685,6,3,68c6513b767fc4fe61dbe15c9629b1ea75eae7d2a20436521c52c551d6698648,30d1cbd8bc811b325570c9fdb182323781764974a74f27916f06ba12e9a7baef,['cpu'],"['reference_not_ranking', 'historical_competitors_not_rerun', 'system_resources_not_exclusive']"
atax,cova_llvm_cpu,default,initialization,observed,5.788686295971274,atax,7eb28298bd66038f57228eeb106197ae1ac32685,1,1,68c6513b767fc4fe61dbe15c9629b1ea75eae7d2a20436521c52c551d6698648,30d1cbd8bc811b325570c9fdb182323781764974a74f27916f06ba12e9a7baef,['cpu'],"['reference_not_ranking', 'historical_competitors_not_rerun', 'system_resources_not_exclusive']"
atax,cova_llvm_cpu,default,fresh_process,observed,0.17839213006664068,atax,7eb28298bd66038f57228eeb106197ae1ac32685,2,2,68c6513b767fc4fe61dbe15c9629b1ea75eae7d2a20436521c52c551d6698648,30d1cbd8bc811b325570c9fdb182323781764974a74f27916f06ba12e9a7baef,['cpu'],"['reference_not_ranking', 'historical_competitors_not_rerun', 'system_resources_not_exclusive']"
atax,cova_llvm_cpu,default,same_process,observed,0.14236319833435118,atax,7eb28298bd66038f57228eeb106197ae1ac32685,6,3,68c6513b767fc4fe61dbe15c9629b1ea75eae7d2a20436521c52c551d6698648,30d1cbd8bc811b325570c9fdb182323781764974a74f27916f06ba12e9a7baef,['cpu'],"['reference_not_ranking', 'historical_competitors_not_rerun', 'system_resources_not_exclusive']"
atax,cova_openmp_gpu,default,initialization,observed,6.501056125853211,atax,7eb28298bd66038f57228eeb106197ae1ac32685,1,1,68c6513b767fc4fe61dbe15c9629b1ea75eae7d2a20436521c52c551d6698648,30d1cbd8bc811b325570c9fdb182323781764974a74f27916f06ba12e9a7baef,['gpu'],"['reference_not_ranking', 'historical_competitors_not_rerun', 'system_resources_not_exclusive', 'gpu_placement_metadata_only']"
atax,cova_openmp_gpu,default,fresh_process,observed,0.7101341860834509,atax,7eb28298bd66038f57228eeb106197ae1ac32685,2,2,68c6513b767fc4fe61dbe15c9629b1ea75eae7d2a20436521c52c551d6698648,30d1cbd8bc811b325570c9fdb182323781764974a74f27916f06ba12e9a7baef,['gpu'],"['reference_not_ranking', 'historical_competitors_not_rerun', 'system_resources_not_exclusive', 'gpu_placement_metadata_only']"
atax,cova_openmp_gpu,default,same_process,observed,0.38054325548000634,atax,7eb28298bd66038f57228eeb106197ae1ac32685,6,3,68c6513b767fc4fe61dbe15c9629b1ea75eae7d2a20436521c52c551d6698648,30d1cbd8bc811b325570c9fdb182323781764974a74f27916f06ba12e9a7baef,['gpu'],"['reference_not_ranking', 'historical_competitors_not_rerun', 'system_resources_not_exclusive', 'gpu_placement_metadata_only']"
atax,cova_llvm_gpu,default,initialization,observed,7.531215753173456,atax,7eb28298bd66038f57228eeb106197ae1ac32685,1,1,68c6513b767fc4fe61dbe15c9629b1ea75eae7d2a20436521c52c551d6698648,30d1cbd8bc811b325570c9fdb182323781764974a74f27916f06ba12e9a7baef,['gpu'],"['reference_not_ranking', 'historical_competitors_not_rerun', 'system_resources_not_exclusive', 'gpu_placement_metadata_only']"
atax,cova_llvm_gpu,default,fresh_process,observed,0.7336579886032268,atax,7eb28298bd66038f57228eeb106197ae1ac32685,2,2,68c6513b767fc4fe61dbe15c9629b1ea75eae7d2a20436521c52c551d6698648,30d1cbd8bc811b325570c9fdb182323781764974a74f27916f06ba12e9a7baef,['gpu'],"['reference_not_ranking', 'historical_competitors_not_rerun', 'system_resources_not_exclusive', 'gpu_placement_metadata_only']"
atax,cova_llvm_gpu,default,same_process,observed,0.378531925030984,atax,7eb28298bd66038f57228eeb106197ae1ac32685,6,3,68c6513b767fc4fe61dbe15c9629b1ea75eae7d2a20436521c52c551d6698648,30d1cbd8bc811b325570c9fdb182323781764974a74f27916f06ba12e9a7baef,['gpu'],"['reference_not_ranking', 'historical_competitors_not_rerun', 'system_resources_not_exclusive', 'gpu_placement_metadata_only']"
azimint_hist,cova_serial_cpu,default,initialization,error,,azimint_hist,7eb28298bd66038f57228eeb106197ae1ac32685,0,0,f5914dfb9f4cc36109a1c231938d0863c485540d7d58b79bed61050dcb1e083e,d714677a44d27aec51292ca83b9b3ba9c1835b7ac786bbd295a407ecfa03d47f,[],"['reference_not_ranking', 'historical_competitors_not_rerun', 'system_resources_not_exclusive']"
azimint_hist,cova_serial_cpu,default,fresh_process,error,,azimint_hist,7eb28298bd66038f57228eeb106197ae1ac32685,0,0,f5914dfb9f4cc36109a1c231938d0863c485540d7d58b79bed61050dcb1e083e,d714677a44d27aec51292ca83b9b3ba9c1835b7ac786bbd295a407ecfa03d47f,[],"['reference_not_ranking', 'historical_competitors_not_rerun', 'system_resources_not_exclusive']"
azimint_hist,cova_serial_cpu,default,same_process,error,,azimint_hist,7eb28298bd66038f57228eeb106197ae1ac32685,0,0,f5914dfb9f4cc36109a1c231938d0863c485540d7d58b79bed61050dcb1e083e,d714677a44d27aec51292ca83b9b3ba9c1835b7ac786bbd295a407ecfa03d47f,[],"['reference_not_ranking', 'historical_competitors_not_rerun', 'system_resources_not_exclusive']"
azimint_hist,cova_openmp_cpu,default,initialization,error,,azimint_hist,7eb28298bd66038f57228eeb106197ae1ac32685,0,0,f5914dfb9f4cc36109a1c231938d0863c485540d7d58b79bed61050dcb1e083e,d714677a44d27aec51292ca83b9b3ba9c1835b7ac786bbd295a407ecfa03d47f,[],"['reference_not_ranking', 'historical_competitors_not_rerun', 'system_resources_not_exclusive']"
azimint_hist,cova_openmp_cpu,default,fresh_process,error,,azimint_hist,7eb28298bd66038f57228eeb106197ae1ac32685,0,0,f5914dfb9f4cc36109a1c231938d0863c485540d7d58b79bed61050dcb1e083e,d714677a44d27aec51292ca83b9b3ba9c1835b7ac786bbd295a407ecfa03d47f,[],"['reference_not_ranking', 'historical_competitors_not_rerun', 'system_resources_not_exclusive']"
azimint_hist,cova_openmp_cpu,default,same_process,error,,azimint_hist,7eb28298bd66038f57228eeb106197ae1ac32685,0,0,f5914dfb9f4cc36109a1c231938d0863c485540d7d58b79bed61050dcb1e083e,d714677a44d27aec51292ca83b9b3ba9c1835b7ac786bbd295a407ecfa03d47f,[],"['reference_not_ranking', 'historical_competitors_not_rerun', 'system_resources_not_exclusive']"
azimint_hist,cova_llvm_cpu_serial,default,initialization,error,,azimint_hist,7eb28298bd66038f57228eeb106197ae1ac32685,0,0,f5914dfb9f4cc36109a1c231938d0863c485540d7d58b79bed61050dcb1e083e,d714677a44d27aec51292ca83b9b3ba9c1835b7ac786bbd295a407ecfa03d47f,[],"['reference_not_ranking', 'historical_competitors_not_rerun', 'system_resources_not_exclusive']"
azimint_hist,cova_llvm_cpu_serial,default,fresh_process,error,,azimint_hist,7eb28298bd66038f57228eeb106197ae1ac32685,0,0,f5914dfb9f4cc36109a1c231938d0863c485540d7d58b79bed61050dcb1e083e,d714677a44d27aec51292ca83b9b3ba9c1835b7ac786bbd295a407ecfa03d47f,[],"['reference_not_ranking', 'historical_competitors_not_rerun', 'system_resources_not_exclusive']"
azimint_hist,cova_llvm_cpu_serial,default,same_process,error,,azimint_hist,7eb28298bd66038f57228eeb106197ae1ac32685,0,0,f5914dfb9f4cc36109a1c231938d0863c485540d7d58b79bed61050dcb1e083e,d714677a44d27aec51292ca83b9b3ba9c1835b7ac786bbd295a407ecfa03d47f,[],"['reference_not_ranking', 'historical_competitors_not_rerun', 'system_resources_not_exclusive']"
azimint_hist,cova_llvm_cpu,default,initialization,observed,6.437672917032614,azimint_hist_cova_helper,7eb28298bd66038f57228eeb106197ae1ac32685,1,1,f5914dfb9f4cc36109a1c231938d0863c485540d7d58b79bed61050dcb1e083e,d714677a44d27aec51292ca83b9b3ba9c1835b7ac786bbd295a407ecfa03d47f,['cpu'],"['reference_not_ranking', 'historical_competitors_not_rerun', 'system_resources_not_exclusive']"
azimint_hist,cova_llvm_cpu,default,fresh_process,observed,0.1250044141197577,azimint_hist_cova_helper,7eb28298bd66038f57228eeb106197ae1ac32685,2,2,f5914dfb9f4cc36109a1c231938d0863c485540d7d58b79bed61050dcb1e083e,d714677a44d27aec51292ca83b9b3ba9c1835b7ac786bbd295a407ecfa03d47f,['cpu'],"['reference_not_ranking', 'historical_competitors_not_rerun', 'system_resources_not_exclusive']"
azimint_hist,cova_llvm_cpu,default,same_process,observed,0.11434460896998644,azimint_hist_cova_helper,7eb28298bd66038f57228eeb106197ae1ac32685,6,3,f5914dfb9f4cc36109a1c231938d0863c485540d7d58b79bed61050dcb1e083e,d714677a44d27aec51292ca83b9b3ba9c1835b7ac786bbd295a407ecfa03d47f,['cpu'],"['reference_not_ranking', 'historical_competitors_not_rerun', 'system_resources_not_exclusive']"
azimint_hist,cova_openmp_gpu,default,initialization,observed,12.975208302028477,azimint_hist_cova_helper,7eb28298bd66038f57228eeb106197ae1ac32685,1,1,f5914dfb9f4cc36109a1c231938d0863c485540d7d58b79bed61050dcb1e083e,d714677a44d27aec51292ca83b9b3ba9c1835b7ac786bbd295a407ecfa03d47f,['gpu'],"['reference_not_ranking', 'historical_competitors_not_rerun', 'system_resources_not_exclusive', 'gpu_placement_metadata_only']"
azimint_hist,cova_openmp_gpu,default,fresh_process,observed,6.808352422900498,azimint_hist_cova_helper,7eb28298bd66038f57228eeb106197ae1ac32685,2,2,f5914dfb9f4cc36109a1c231938d0863c485540d7d58b79bed61050dcb1e083e,d714677a44d27aec51292ca83b9b3ba9c1835b7ac786bbd295a407ecfa03d47f,['gpu'],"['reference_not_ranking', 'historical_competitors_not_rerun', 'system_resources_not_exclusive', 'gpu_placement_metadata_only']"
azimint_hist,cova_openmp_gpu,default,same_process,observed,6.524493483942933,azimint_hist_cova_helper,7eb28298bd66038f57228eeb106197ae1ac32685,6,3,f5914dfb9f4cc36109a1c231938d0863c485540d7d58b79bed61050dcb1e083e,d714677a44d27aec51292ca83b9b3ba9c1835b7ac786bbd295a407ecfa03d47f,['gpu'],"['reference_not_ranking', 'historical_competitors_not_rerun', 'system_resources_not_exclusive', 'gpu_placement_metadata_only']"
azimint_hist,cova_llvm_gpu,default,initialization,observed,13.293827599147335,azimint_hist_cova_helper,7eb28298bd66038f57228eeb106197ae1ac32685,1,1,f5914dfb9f4cc36109a1c231938d0863c485540d7d58b79bed61050dcb1e083e,d714677a44d27aec51292ca83b9b3ba9c1835b7ac786bbd295a407ecfa03d47f,['mixed'],"['reference_not_ranking', 'historical_competitors_not_rerun', 'system_resources_not_exclusive', 'gpu_placement_metadata_only']"
azimint_hist,cova_llvm_gpu,default,fresh_process,observed,7.980024948017672,azimint_hist_cova_helper,7eb28298bd66038f57228eeb106197ae1ac32685,2,2,f5914dfb9f4cc36109a1c231938d0863c485540d7d58b79bed61050dcb1e083e,d714677a44d27aec51292ca83b9b3ba9c1835b7ac786bbd295a407ecfa03d47f,['mixed'],"['reference_not_ranking', 'historical_competitors_not_rerun', 'system_resources_not_exclusive', 'gpu_placement_metadata_only']"
azimint_hist,cova_llvm_gpu,default,same_process,observed,7.662373482948169,azimint_hist_cova_helper,7eb28298bd66038f57228eeb106197ae1ac32685,6,3,f5914dfb9f4cc36109a1c231938d0863c485540d7d58b79bed61050dcb1e083e,d714677a44d27aec51292ca83b9b3ba9c1835b7ac786bbd295a407ecfa03d47f,['mixed'],"['reference_not_ranking', 'historical_competitors_not_rerun', 'system_resources_not_exclusive', 'gpu_placement_metadata_only']"
azimint_naive,cova_serial_cpu,default,initialization,observed,33.71674591396004,azimint_naive,7eb28298bd66038f57228eeb106197ae1ac32685,1,1,7ce93eb427426de57f9dd024b84b3ccd522ed34eea578a05eb7d30f002985156,10e5a4ce8b6fe96db84b8d28fc35df47e5ddd295dfddf44939fc8ac5c8795b6d,['cpu'],"['reference_not_ranking', 'historical_competitors_not_rerun', 'system_resources_not_exclusive']"
azimint_naive,cova_serial_cpu,default,fresh_process,observed,31.49030922690872,azimint_naive,7eb28298bd66038f57228eeb106197ae1ac32685,2,2,7ce93eb427426de57f9dd024b84b3ccd522ed34eea578a05eb7d30f002985156,10e5a4ce8b6fe96db84b8d28fc35df47e5ddd295dfddf44939fc8ac5c8795b6d,['cpu'],"['reference_not_ranking', 'historical_competitors_not_rerun', 'system_resources_not_exclusive']"
azimint_naive,cova_serial_cpu,default,same_process,observed,31.32550468563568,azimint_naive,7eb28298bd66038f57228eeb106197ae1ac32685,6,3,7ce93eb427426de57f9dd024b84b3ccd522ed34eea578a05eb7d30f002985156,10e5a4ce8b6fe96db84b8d28fc35df47e5ddd295dfddf44939fc8ac5c8795b6d,['cpu'],"['reference_not_ranking', 'historical_competitors_not_rerun', 'system_resources_not_exclusive']"
azimint_naive,cova_openmp_cpu,default,initialization,observed,7.699797602836043,azimint_naive,7eb28298bd66038f57228eeb106197ae1ac32685,1,1,7ce93eb427426de57f9dd024b84b3ccd522ed34eea578a05eb7d30f002985156,10e5a4ce8b6fe96db84b8d28fc35df47e5ddd295dfddf44939fc8ac5c8795b6d,['cpu'],"['reference_not_ranking', 'historical_competitors_not_rerun', 'system_resources_not_exclusive']"
azimint_naive,cova_openmp_cpu,default,fresh_process,observed,5.221921722521074,azimint_naive,7eb28298bd66038f57228eeb106197ae1ac32685,2,2,7ce93eb427426de57f9dd024b84b3ccd522ed34eea578a05eb7d30f002985156,10e5a4ce8b6fe96db84b8d28fc35df47e5ddd295dfddf44939fc8ac5c8795b6d,['cpu'],"['reference_not_ranking', 'historical_competitors_not_rerun', 'system_resources_not_exclusive']"
azimint_naive,cova_openmp_cpu,default,same_process,observed,8.030467157019302,azimint_naive,7eb28298bd66038f57228eeb106197ae1ac32685,6,3,7ce93eb427426de57f9dd024b84b3ccd522ed34eea578a05eb7d30f002985156,10e5a4ce8b6fe96db84b8d28fc35df47e5ddd295dfddf44939fc8ac5c8795b6d,['cpu'],"['reference_not_ranking', 'historical_competitors_not_rerun', 'system_resources_not_exclusive']"
azimint_naive,cova_llvm_cpu_serial,default,initialization,observed,38.89147290191613,azimint_naive,7eb28298bd66038f57228eeb106197ae1ac32685,1,1,7ce93eb427426de57f9dd024b84b3ccd522ed34eea578a05eb7d30f002985156,10e5a4ce8b6fe96db84b8d28fc35df47e5ddd295dfddf44939fc8ac5c8795b6d,['cpu'],"['reference_not_ranking', 'historical_competitors_not_rerun', 'system_resources_not_exclusive']"
azimint_naive,cova_llvm_cpu_serial,default,fresh_process,observed,36.917919574072585,azimint_naive,7eb28298bd66038f57228eeb106197ae1ac32685,2,2,7ce93eb427426de57f9dd024b84b3ccd522ed34eea578a05eb7d30f002985156,10e5a4ce8b6fe96db84b8d28fc35df47e5ddd295dfddf44939fc8ac5c8795b6d,['cpu'],"['reference_not_ranking', 'historical_competitors_not_rerun', 'system_resources_not_exclusive']"
azimint_naive,cova_llvm_cpu_serial,default,same_process,observed,37.01537099748384,azimint_naive,7eb28298bd66038f57228eeb106197ae1ac32685,6,3,7ce93eb427426de57f9dd024b84b3ccd522ed34eea578a05eb7d30f002985156,10e5a4ce8b6fe96db84b8d28fc35df47e5ddd295dfddf44939fc8ac5c8795b6d,['cpu'],"['reference_not_ranking', 'historical_competitors_not_rerun', 'system_resources_not_exclusive']"
azimint_naive,cova_llvm_cpu,default,initialization,observed,4.452700888970867,azimint_naive,7eb28298bd66038f57228eeb106197ae1ac32685,1,1,7ce93eb427426de57f9dd024b84b3ccd522ed34eea578a05eb7d30f002985156,10e5a4ce8b6fe96db84b8d28fc35df47e5ddd295dfddf44939fc8ac5c8795b6d,['cpu'],"['reference_not_ranking', 'historical_competitors_not_rerun', 'system_resources_not_exclusive']"
azimint_naive,cova_llvm_cpu,default,fresh_process,observed,2.6894000840839,azimint_naive,7eb28298bd66038f57228eeb106197ae1ac32685,2,2,7ce93eb427426de57f9dd024b84b3ccd522ed34eea578a05eb7d30f002985156,10e5a4ce8b6fe96db84b8d28fc35df47e5ddd295dfddf44939fc8ac5c8795b6d,['cpu'],"['reference_not_ranking', 'historical_competitors_not_rerun', 'system_resources_not_exclusive']"
azimint_naive,cova_llvm_cpu,default,same_process,observed,2.7535672850208357,azimint_naive,7eb28298bd66038f57228eeb106197ae1ac32685,6,3,7ce93eb427426de57f9dd024b84b3ccd522ed34eea578a05eb7d30f002985156,10e5a4ce8b6fe96db84b8d28fc35df47e5ddd295dfddf44939fc8ac5c8795b6d,['cpu'],"['reference_not_ranking', 'historical_competitors_not_rerun', 'system_resources_not_exclusive']"
azimint_naive,cova_openmp_gpu,default,initialization,observed,7.6500101739075035,azimint_naive,7eb28298bd66038f57228eeb106197ae1ac32685,1,1,7ce93eb427426de57f9dd024b84b3ccd522ed34eea578a05eb7d30f002985156,10e5a4ce8b6fe96db84b8d28fc35df47e5ddd295dfddf44939fc8ac5c8795b6d,['gpu'],"['reference_not_ranking', 'historical_competitors_not_rerun', 'system_resources_not_exclusive', 'gpu_placement_metadata_only']"
azimint_naive,cova_openmp_gpu,default,fresh_process,observed,1.9537737370701507,azimint_naive,7eb28298bd66038f57228eeb106197ae1ac32685,2,2,7ce93eb427426de57f9dd024b84b3ccd522ed34eea578a05eb7d30f002985156,10e5a4ce8b6fe96db84b8d28fc35df47e5ddd295dfddf44939fc8ac5c8795b6d,['gpu'],"['reference_not_ranking', 'historical_competitors_not_rerun', 'system_resources_not_exclusive', 'gpu_placement_metadata_only']"
azimint_naive,cova_openmp_gpu,default,same_process,observed,1.6471946339588612,azimint_naive,7eb28298bd66038f57228eeb106197ae1ac32685,6,3,7ce93eb427426de57f9dd024b84b3ccd522ed34eea578a05eb7d30f002985156,10e5a4ce8b6fe96db84b8d28fc35df47e5ddd295dfddf44939fc8ac5c8795b6d,['gpu'],"['reference_not_ranking', 'historical_competitors_not_rerun', 'system_resources_not_exclusive', 'gpu_placement_metadata_only']"
azimint_naive,cova_llvm_gpu,default,initialization,observed,14.860953118186444,azimint_naive,7eb28298bd66038f57228eeb106197ae1ac32685,1,1,7ce93eb427426de57f9dd024b84b3ccd522ed34eea578a05eb7d30f002985156,10e5a4ce8b6fe96db84b8d28fc35df47e5ddd295dfddf44939fc8ac5c8795b6d,['mixed'],"['reference_not_ranking', 'historical_competitors_not_rerun', 'system_resources_not_exclusive', 'gpu_placement_metadata_only']"
azimint_naive,cova_llvm_gpu,default,fresh_process,observed,10.150055023492314,azimint_naive,7eb28298bd66038f57228eeb106197ae1ac32685,2,2,7ce93eb427426de57f9dd024b84b3ccd522ed34eea578a05eb7d30f002985156,10e5a4ce8b6fe96db84b8d28fc35df47e5ddd295dfddf44939fc8ac5c8795b6d,['mixed'],"['reference_not_ranking', 'historical_competitors_not_rerun', 'system_resources_not_exclusive', 'gpu_placement_metadata_only']"
azimint_naive,cova_llvm_gpu,default,same_process,observed,9.834608349599876,azimint_naive,7eb28298bd66038f57228eeb106197ae1ac32685,6,3,7ce93eb427426de57f9dd024b84b3ccd522ed34eea578a05eb7d30f002985156,10e5a4ce8b6fe96db84b8d28fc35df47e5ddd295dfddf44939fc8ac5c8795b6d,['mixed'],"['reference_not_ranking', 'historical_competitors_not_rerun', 'system_resources_not_exclusive', 'gpu_placement_metadata_only']"
bicg,cova_serial_cpu,default,initialization,observed,3.6125242919661105,bicg,7eb28298bd66038f57228eeb106197ae1ac32685,1,1,16d618b4e97f8f1b6191fe3f76123e77b6b198e5982ffa6fbd2528fa69701078,77e9adb788612e39af05a751b80c16198c5c53c1997f2c21ca5d1cefa59811c3,['cpu'],"['reference_not_ranking', 'historical_competitors_not_rerun', 'system_resources_not_exclusive']"
bicg,cova_serial_cpu,default,fresh_process,observed,1.0214748164871708,bicg,7eb28298bd66038f57228eeb106197ae1ac32685,2,2,16d618b4e97f8f1b6191fe3f76123e77b6b198e5982ffa6fbd2528fa69701078,77e9adb788612e39af05a751b80c16198c5c53c1997f2c21ca5d1cefa59811c3,['cpu'],"['reference_not_ranking', 'historical_competitors_not_rerun', 'system_resources_not_exclusive']"
bicg,cova_serial_cpu,default,same_process,observed,1.0988743241177872,bicg,7eb28298bd66038f57228eeb106197ae1ac32685,6,3,16d618b4e97f8f1b6191fe3f76123e77b6b198e5982ffa6fbd2528fa69701078,77e9adb788612e39af05a751b80c16198c5c53c1997f2c21ca5d1cefa59811c3,['cpu'],"['reference_not_ranking', 'historical_competitors_not_rerun', 'system_resources_not_exclusive']"
bicg,cova_openmp_cpu,default,initialization,observed,3.017723690951243,bicg,7eb28298bd66038f57228eeb106197ae1ac32685,1,1,16d618b4e97f8f1b6191fe3f76123e77b6b198e5982ffa6fbd2528fa69701078,77e9adb788612e39af05a751b80c16198c5c53c1997f2c21ca5d1cefa59811c3,['cpu'],"['reference_not_ranking', 'historical_competitors_not_rerun', 'system_resources_not_exclusive']"
bicg,cova_openmp_cpu,default,fresh_process,observed,0.49024863343220204,bicg,7eb28298bd66038f57228eeb106197ae1ac32685,2,2,16d618b4e97f8f1b6191fe3f76123e77b6b198e5982ffa6fbd2528fa69701078,77e9adb788612e39af05a751b80c16198c5c53c1997f2c21ca5d1cefa59811c3,['cpu'],"['reference_not_ranking', 'historical_competitors_not_rerun', 'system_resources_not_exclusive']"
bicg,cova_openmp_cpu,default,same_process,observed,0.4674743425566703,bicg,7eb28298bd66038f57228eeb106197ae1ac32685,6,3,16d618b4e97f8f1b6191fe3f76123e77b6b198e5982ffa6fbd2528fa69701078,77e9adb788612e39af05a751b80c16198c5c53c1997f2c21ca5d1cefa59811c3,['cpu'],"['reference_not_ranking', 'historical_competitors_not_rerun', 'system_resources_not_exclusive']"
bicg,cova_llvm_cpu_serial,default,initialization,observed,4.3577089020982385,bicg,7eb28298bd66038f57228eeb106197ae1ac32685,1,1,16d618b4e97f8f1b6191fe3f76123e77b6b198e5982ffa6fbd2528fa69701078,77e9adb788612e39af05a751b80c16198c5c53c1997f2c21ca5d1cefa59811c3,['cpu'],"['reference_not_ranking', 'historical_competitors_not_rerun', 'system_resources_not_exclusive']"
bicg,cova_llvm_cpu_serial,default,fresh_process,observed,0.27404208201915026,bicg,7eb28298bd66038f57228eeb106197ae1ac32685,2,2,16d618b4e97f8f1b6191fe3f76123e77b6b198e5982ffa6fbd2528fa69701078,77e9adb788612e39af05a751b80c16198c5c53c1997f2c21ca5d1cefa59811c3,['cpu'],"['reference_not_ranking', 'historical_competitors_not_rerun', 'system_resources_not_exclusive']"
bicg,cova_llvm_cpu_serial,default,same_process,observed,0.2592304979916662,bicg,7eb28298bd66038f57228eeb106197ae1ac32685,6,3,16d618b4e97f8f1b6191fe3f76123e77b6b198e5982ffa6fbd2528fa69701078,77e9adb788612e39af05a751b80c16198c5c53c1997f2c21ca5d1cefa59811c3,['cpu'],"['reference_not_ranking', 'historical_competitors_not_rerun', 'system_resources_not_exclusive']"
bicg,cova_llvm_cpu,default,initialization,observed,5.932614990044385,bicg,7eb28298bd66038f57228eeb106197ae1ac32685,1,1,16d618b4e97f8f1b6191fe3f76123e77b6b198e5982ffa6fbd2528fa69701078,77e9adb788612e39af05a751b80c16198c5c53c1997f2c21ca5d1cefa59811c3,['cpu'],"['reference_not_ranking', 'historical_competitors_not_rerun', 'system_resources_not_exclusive']"
bicg,cova_llvm_cpu,default,fresh_process,observed,0.16099030245095491,bicg,7eb28298bd66038f57228eeb106197ae1ac32685,2,2,16d618b4e97f8f1b6191fe3f76123e77b6b198e5982ffa6fbd2528fa69701078,77e9adb788612e39af05a751b80c16198c5c53c1997f2c21ca5d1cefa59811c3,['cpu'],"['reference_not_ranking', 'historical_competitors_not_rerun', 'system_resources_not_exclusive']"
bicg,cova_llvm_cpu,default,same_process,observed,0.10229433106724173,bicg,7eb28298bd66038f57228eeb106197ae1ac32685,6,3,16d618b4e97f8f1b6191fe3f76123e77b6b198e5982ffa6fbd2528fa69701078,77e9adb788612e39af05a751b80c16198c5c53c1997f2c21ca5d1cefa59811c3,['cpu'],"['reference_not_ranking', 'historical_competitors_not_rerun', 'system_resources_not_exclusive']"
bicg,cova_openmp_gpu,default,initialization,observed,6.45975102414377,bicg,7eb28298bd66038f57228eeb106197ae1ac32685,1,1,16d618b4e97f8f1b6191fe3f76123e77b6b198e5982ffa6fbd2528fa69701078,77e9adb788612e39af05a751b80c16198c5c53c1997f2c21ca5d1cefa59811c3,['gpu'],"['reference_not_ranking', 'historical_competitors_not_rerun', 'system_resources_not_exclusive', 'gpu_placement_metadata_only']"
bicg,cova_openmp_gpu,default,fresh_process,observed,0.7652082095155492,bicg,7eb28298bd66038f57228eeb106197ae1ac32685,2,2,16d618b4e97f8f1b6191fe3f76123e77b6b198e5982ffa6fbd2528fa69701078,77e9adb788612e39af05a751b80c16198c5c53c1997f2c21ca5d1cefa59811c3,['gpu'],"['reference_not_ranking', 'historical_competitors_not_rerun', 'system_resources_not_exclusive', 'gpu_placement_metadata_only']"
bicg,cova_openmp_gpu,default,same_process,observed,0.374912177445367,bicg,7eb28298bd66038f57228eeb106197ae1ac32685,6,3,16d618b4e97f8f1b6191fe3f76123e77b6b198e5982ffa6fbd2528fa69701078,77e9adb788612e39af05a751b80c16198c5c53c1997f2c21ca5d1cefa59811c3,['gpu'],"['reference_not_ranking', 'historical_competitors_not_rerun', 'system_resources_not_exclusive', 'gpu_placement_metadata_only']"
bicg,cova_llvm_gpu,default,initialization,observed,7.138813728000969,bicg,7eb28298bd66038f57228eeb106197ae1ac32685,1,1,16d618b4e97f8f1b6191fe3f76123e77b6b198e5982ffa6fbd2528fa69701078,77e9adb788612e39af05a751b80c16198c5c53c1997f2c21ca5d1cefa59811c3,['gpu'],"['reference_not_ranking', 'historical_competitors_not_rerun', 'system_resources_not_exclusive', 'gpu_placement_metadata_only']"
bicg,cova_llvm_gpu,default,fresh_process,observed,0.765746156568639,bicg,7eb28298bd66038f57228eeb106197ae1ac32685,2,2,16d618b4e97f8f1b6191fe3f76123e77b6b198e5982ffa6fbd2528fa69701078,77e9adb788612e39af05a751b80c16198c5c53c1997f2c21ca5d1cefa59811c3,['gpu'],"['reference_not_ranking', 'historical_competitors_not_rerun', 'system_resources_not_exclusive', 'gpu_placement_metadata_only']"
bicg,cova_llvm_gpu,default,same_process,observed,0.37585962750017643,bicg,7eb28298bd66038f57228eeb106197ae1ac32685,6,3,16d618b4e97f8f1b6191fe3f76123e77b6b198e5982ffa6fbd2528fa69701078,77e9adb788612e39af05a751b80c16198c5c53c1997f2c21ca5d1cefa59811c3,['gpu'],"['reference_not_ranking', 'historical_competitors_not_rerun', 'system_resources_not_exclusive', 'gpu_placement_metadata_only']"
cavity_flow,cova_serial_cpu,default,initialization,observed,4.528381580952555,cavity_flow,7eb28298bd66038f57228eeb106197ae1ac32685,1,1,210af7f0234bb993fa8cb9e063c162a3f185d3fc74aad9308835699b7e5a18da,33c1dcf4ea4c8afb398c3db57686f19a59239f440846cca31b92bee224e3c662,['cpu'],"['reference_not_ranking', 'historical_competitors_not_rerun', 'system_resources_not_exclusive']"
cavity_flow,cova_serial_cpu,default,fresh_process,observed,0.8398245964199305,cavity_flow,7eb28298bd66038f57228eeb106197ae1ac32685,2,2,210af7f0234bb993fa8cb9e063c162a3f185d3fc74aad9308835699b7e5a18da,33c1dcf4ea4c8afb398c3db57686f19a59239f440846cca31b92bee224e3c662,['cpu'],"['reference_not_ranking', 'historical_competitors_not_rerun', 'system_resources_not_exclusive']"
cavity_flow,cova_serial_cpu,default,same_process,observed,0.7131807724945247,cavity_flow,7eb28298bd66038f57228eeb106197ae1ac32685,6,3,210af7f0234bb993fa8cb9e063c162a3f185d3fc74aad9308835699b7e5a18da,33c1dcf4ea4c8afb398c3db57686f19a59239f440846cca31b92bee224e3c662,['cpu'],"['reference_not_ranking', 'historical_competitors_not_rerun', 'system_resources_not_exclusive']"
cavity_flow,cova_openmp_cpu,default,initialization,observed,4.135179041186348,cavity_flow,7eb28298bd66038f57228eeb106197ae1ac32685,1,1,210af7f0234bb993fa8cb9e063c162a3f185d3fc74aad9308835699b7e5a18da,33c1dcf4ea4c8afb398c3db57686f19a59239f440846cca31b92bee224e3c662,['cpu'],"['reference_not_ranking', 'historical_competitors_not_rerun', 'system_resources_not_exclusive']"
cavity_flow,cova_openmp_cpu,default,fresh_process,observed,0.7556988029973581,cavity_flow,7eb28298bd66038f57228eeb106197ae1ac32685,2,2,210af7f0234bb993fa8cb9e063c162a3f185d3fc74aad9308835699b7e5a18da,33c1dcf4ea4c8afb398c3db57686f19a59239f440846cca31b92bee224e3c662,['cpu'],"['reference_not_ranking', 'historical_competitors_not_rerun', 'system_resources_not_exclusive']"
cavity_flow,cova_openmp_cpu,default,same_process,observed,0.60784954612609,cavity_flow,7eb28298bd66038f57228eeb106197ae1ac32685,6,3,210af7f0234bb993fa8cb9e063c162a3f185d3fc74aad9308835699b7e5a18da,33c1dcf4ea4c8afb398c3db57686f19a59239f440846cca31b92bee224e3c662,['cpu'],"['reference_not_ranking', 'historical_competitors_not_rerun', 'system_resources_not_exclusive']"
cavity_flow,cova_llvm_cpu_serial,default,initialization,observed,3.1440356231760234,cavity_flow,7eb28298bd66038f57228eeb106197ae1ac32685,1,1,210af7f0234bb993fa8cb9e063c162a3f185d3fc74aad9308835699b7e5a18da,33c1dcf4ea4c8afb398c3db57686f19a59239f440846cca31b92bee224e3c662,['cpu'],"['reference_not_ranking', 'historical_competitors_not_rerun', 'system_resources_not_exclusive']"
cavity_flow,cova_llvm_cpu_serial,default,fresh_process,observed,0.18930482352152467,cavity_flow,7eb28298bd66038f57228eeb106197ae1ac32685,2,2,210af7f0234bb993fa8cb9e063c162a3f185d3fc74aad9308835699b7e5a18da,33c1dcf4ea4c8afb398c3db57686f19a59239f440846cca31b92bee224e3c662,['cpu'],"['reference_not_ranking', 'historical_competitors_not_rerun', 'system_resources_not_exclusive']"
cavity_flow,cova_llvm_cpu_serial,default,same_process,observed,0.13566560402978212,cavity_flow,7eb28298bd66038f57228eeb106197ae1ac32685,6,3,210af7f0234bb993fa8cb9e063c162a3f185d3fc74aad9308835699b7e5a18da,33c1dcf4ea4c8afb398c3db57686f19a59239f440846cca31b92bee224e3c662,['cpu'],"['reference_not_ranking', 'historical_competitors_not_rerun', 'system_resources_not_exclusive']"
cavity_flow,cova_llvm_cpu,default,initialization,observed,4.700710407923907,cavity_flow,7eb28298bd66038f57228eeb106197ae1ac32685,1,1,210af7f0234bb993fa8cb9e063c162a3f185d3fc74aad9308835699b7e5a18da,33c1dcf4ea4c8afb398c3db57686f19a59239f440846cca31b92bee224e3c662,['cpu'],"['reference_not_ranking', 'historical_competitors_not_rerun', 'system_resources_not_exclusive']"
cavity_flow,cova_llvm_cpu,default,fresh_process,observed,0.1850070710061118,cavity_flow,7eb28298bd66038f57228eeb106197ae1ac32685,2,2,210af7f0234bb993fa8cb9e063c162a3f185d3fc74aad9308835699b7e5a18da,33c1dcf4ea4c8afb398c3db57686f19a59239f440846cca31b92bee224e3c662,['cpu'],"['reference_not_ranking', 'historical_competitors_not_rerun', 'system_resources_not_exclusive']"
cavity_flow,cova_llvm_cpu,default,same_process,observed,0.1381638089660555,cavity_flow,7eb28298bd66038f57228eeb106197ae1ac32685,6,3,210af7f0234bb993fa8cb9e063c162a3f185d3fc74aad9308835699b7e5a18da,33c1dcf4ea4c8afb398c3db57686f19a59239f440846cca31b92bee224e3c662,['cpu'],"['reference_not_ranking', 'historical_competitors_not_rerun', 'system_resources_not_exclusive']"
cavity_flow,cova_openmp_gpu,default,initialization,observed,7.027918244013563,cavity_flow,7eb28298bd66038f57228eeb106197ae1ac32685,1,1,210af7f0234bb993fa8cb9e063c162a3f185d3fc74aad9308835699b7e5a18da,33c1dcf4ea4c8afb398c3db57686f19a59239f440846cca31b92bee224e3c662,['cpu'],"['reference_not_ranking', 'historical_competitors_not_rerun', 'system_resources_not_exclusive', 'gpu_placement_metadata_only']"
cavity_flow,cova_openmp_gpu,default,fresh_process,observed,0.8561612180201337,cavity_flow,7eb28298bd66038f57228eeb106197ae1ac32685,2,2,210af7f0234bb993fa8cb9e063c162a3f185d3fc74aad9308835699b7e5a18da,33c1dcf4ea4c8afb398c3db57686f19a59239f440846cca31b92bee224e3c662,['cpu'],"['reference_not_ranking', 'historical_competitors_not_rerun', 'system_resources_not_exclusive', 'gpu_placement_metadata_only']"
cavity_flow,cova_openmp_gpu,default,same_process,observed,0.6391745900036767,cavity_flow,7eb28298bd66038f57228eeb106197ae1ac32685,6,3,210af7f0234bb993fa8cb9e063c162a3f185d3fc74aad9308835699b7e5a18da,33c1dcf4ea4c8afb398c3db57686f19a59239f440846cca31b92bee224e3c662,['cpu'],"['reference_not_ranking', 'historical_competitors_not_rerun', 'system_resources_not_exclusive', 'gpu_placement_metadata_only']"
cavity_flow,cova_llvm_gpu,default,initialization,observed,8.276857597054914,cavity_flow,7eb28298bd66038f57228eeb106197ae1ac32685,1,1,210af7f0234bb993fa8cb9e063c162a3f185d3fc74aad9308835699b7e5a18da,33c1dcf4ea4c8afb398c3db57686f19a59239f440846cca31b92bee224e3c662,['mixed'],"['reference_not_ranking', 'historical_competitors_not_rerun', 'system_resources_not_exclusive', 'gpu_placement_metadata_only']"
cavity_flow,cova_llvm_gpu,default,fresh_process,observed,0.4884992749430239,cavity_flow,7eb28298bd66038f57228eeb106197ae1ac32685,2,2,210af7f0234bb993fa8cb9e063c162a3f185d3fc74aad9308835699b7e5a18da,33c1dcf4ea4c8afb398c3db57686f19a59239f440846cca31b92bee224e3c662,['mixed'],"['reference_not_ranking', 'historical_competitors_not_rerun', 'system_resources_not_exclusive', 'gpu_placement_metadata_only']"
cavity_flow,cova_llvm_gpu,default,same_process,observed,0.12945086497347802,cavity_flow,7eb28298bd66038f57228eeb106197ae1ac32685,6,3,210af7f0234bb993fa8cb9e063c162a3f185d3fc74aad9308835699b7e5a18da,33c1dcf4ea4c8afb398c3db57686f19a59239f440846cca31b92bee224e3c662,['mixed'],"['reference_not_ranking', 'historical_competitors_not_rerun', 'system_resources_not_exclusive', 'gpu_placement_metadata_only']"
channel_flow,cova_serial_cpu,default,initialization,observed,12.530148961115628,channel_flow,7eb28298bd66038f57228eeb106197ae1ac32685,1,1,a5826f86fe64a72734a89619a6e971effc8ed8ebe00f99337006d700704bed0f,131f13ee629eff4bbfc04696d2acdcf8be8c111de0037039e4ac5c934e15a280,['cpu'],"['reference_not_ranking', 'historical_competitors_not_rerun', 'system_resources_not_exclusive']"
channel_flow,cova_serial_cpu,default,fresh_process,observed,5.151872795540839,channel_flow,7eb28298bd66038f57228eeb106197ae1ac32685,2,2,a5826f86fe64a72734a89619a6e971effc8ed8ebe00f99337006d700704bed0f,131f13ee629eff4bbfc04696d2acdcf8be8c111de0037039e4ac5c934e15a280,['cpu'],"['reference_not_ranking', 'historical_competitors_not_rerun', 'system_resources_not_exclusive']"
channel_flow,cova_serial_cpu,default,same_process,observed,3.702279117074795,channel_flow,7eb28298bd66038f57228eeb106197ae1ac32685,6,3,a5826f86fe64a72734a89619a6e971effc8ed8ebe00f99337006d700704bed0f,131f13ee629eff4bbfc04696d2acdcf8be8c111de0037039e4ac5c934e15a280,['cpu'],"['reference_not_ranking', 'historical_competitors_not_rerun', 'system_resources_not_exclusive']"
channel_flow,cova_openmp_cpu,default,initialization,observed,12.748094745911658,channel_flow,7eb28298bd66038f57228eeb106197ae1ac32685,1,1,a5826f86fe64a72734a89619a6e971effc8ed8ebe00f99337006d700704bed0f,131f13ee629eff4bbfc04696d2acdcf8be8c111de0037039e4ac5c934e15a280,['cpu'],"['reference_not_ranking', 'historical_competitors_not_rerun', 'system_resources_not_exclusive']"
channel_flow,cova_openmp_cpu,default,fresh_process,observed,4.629582436406054,channel_flow,7eb28298bd66038f57228eeb106197ae1ac32685,2,2,a5826f86fe64a72734a89619a6e971effc8ed8ebe00f99337006d700704bed0f,131f13ee629eff4bbfc04696d2acdcf8be8c111de0037039e4ac5c934e15a280,['cpu'],"['reference_not_ranking', 'historical_competitors_not_rerun', 'system_resources_not_exclusive']"
channel_flow,cova_openmp_cpu,default,same_process,observed,3.0747372859623283,channel_flow,7eb28298bd66038f57228eeb106197ae1ac32685,6,3,a5826f86fe64a72734a89619a6e971effc8ed8ebe00f99337006d700704bed0f,131f13ee629eff4bbfc04696d2acdcf8be8c111de0037039e4ac5c934e15a280,['cpu'],"['reference_not_ranking', 'historical_competitors_not_rerun', 'system_resources_not_exclusive']"
channel_flow,cova_llvm_cpu_serial,default,initialization,observed,9.979224921902642,channel_flow,7eb28298bd66038f57228eeb106197ae1ac32685,1,1,a5826f86fe64a72734a89619a6e971effc8ed8ebe00f99337006d700704bed0f,131f13ee629eff4bbfc04696d2acdcf8be8c111de0037039e4ac5c934e15a280,['cpu'],"['reference_not_ranking', 'historical_competitors_not_rerun', 'system_resources_not_exclusive']"
channel_flow,cova_llvm_cpu_serial,default,fresh_process,observed,1.8579298539552838,channel_flow,7eb28298bd66038f57228eeb106197ae1ac32685,2,2,a5826f86fe64a72734a89619a6e971effc8ed8ebe00f99337006d700704bed0f,131f13ee629eff4bbfc04696d2acdcf8be8c111de0037039e4ac5c934e15a280,['cpu'],"['reference_not_ranking', 'historical_competitors_not_rerun', 'system_resources_not_exclusive']"
channel_flow,cova_llvm_cpu_serial,default,same_process,observed,1.0024142474867404,channel_flow,7eb28298bd66038f57228eeb106197ae1ac32685,6,3,a5826f86fe64a72734a89619a6e971effc8ed8ebe00f99337006d700704bed0f,131f13ee629eff4bbfc04696d2acdcf8be8c111de0037039e4ac5c934e15a280,['cpu'],"['reference_not_ranking', 'historical_competitors_not_rerun', 'system_resources_not_exclusive']"
channel_flow,cova_llvm_cpu,default,initialization,observed,15.360486812191084,channel_flow,7eb28298bd66038f57228eeb106197ae1ac32685,1,1,a5826f86fe64a72734a89619a6e971effc8ed8ebe00f99337006d700704bed0f,131f13ee629eff4bbfc04696d2acdcf8be8c111de0037039e4ac5c934e15a280,['cpu'],"['reference_not_ranking', 'historical_competitors_not_rerun', 'system_resources_not_exclusive']"
channel_flow,cova_llvm_cpu,default,fresh_process,observed,2.4376071380684152,channel_flow,7eb28298bd66038f57228eeb106197ae1ac32685,2,2,a5826f86fe64a72734a89619a6e971effc8ed8ebe00f99337006d700704bed0f,131f13ee629eff4bbfc04696d2acdcf8be8c111de0037039e4ac5c934e15a280,['cpu'],"['reference_not_ranking', 'historical_competitors_not_rerun', 'system_resources_not_exclusive']"
channel_flow,cova_llvm_cpu,default,same_process,observed,1.7874113739235327,channel_flow,7eb28298bd66038f57228eeb106197ae1ac32685,6,3,a5826f86fe64a72734a89619a6e971effc8ed8ebe00f99337006d700704bed0f,131f13ee629eff4bbfc04696d2acdcf8be8c111de0037039e4ac5c934e15a280,['cpu'],"['reference_not_ranking', 'historical_competitors_not_rerun', 'system_resources_not_exclusive']"
channel_flow,cova_openmp_gpu,default,initialization,observed,17.930696927011013,channel_flow,7eb28298bd66038f57228eeb106197ae1ac32685,1,1,a5826f86fe64a72734a89619a6e971effc8ed8ebe00f99337006d700704bed0f,131f13ee629eff4bbfc04696d2acdcf8be8c111de0037039e4ac5c934e15a280,['cpu'],"['reference_not_ranking', 'historical_competitors_not_rerun', 'system_resources_not_exclusive', 'gpu_placement_metadata_only']"
channel_flow,cova_openmp_gpu,default,fresh_process,observed,5.252594555960968,channel_flow,7eb28298bd66038f57228eeb106197ae1ac32685,2,2,a5826f86fe64a72734a89619a6e971effc8ed8ebe00f99337006d700704bed0f,131f13ee629eff4bbfc04696d2acdcf8be8c111de0037039e4ac5c934e15a280,['cpu'],"['reference_not_ranking', 'historical_competitors_not_rerun', 'system_resources_not_exclusive', 'gpu_placement_metadata_only']"
channel_flow,cova_openmp_gpu,default,same_process,observed,4.703743699588813,channel_flow,7eb28298bd66038f57228eeb106197ae1ac32685,6,3,a5826f86fe64a72734a89619a6e971effc8ed8ebe00f99337006d700704bed0f,131f13ee629eff4bbfc04696d2acdcf8be8c111de0037039e4ac5c934e15a280,['cpu'],"['reference_not_ranking', 'historical_competitors_not_rerun', 'system_resources_not_exclusive', 'gpu_placement_metadata_only']"
channel_flow,cova_llvm_gpu,default,initialization,observed,15.80780547996983,channel_flow,7eb28298bd66038f57228eeb106197ae1ac32685,1,1,a5826f86fe64a72734a89619a6e971effc8ed8ebe00f99337006d700704bed0f,131f13ee629eff4bbfc04696d2acdcf8be8c111de0037039e4ac5c934e15a280,['mixed'],"['reference_not_ranking', 'historical_competitors_not_rerun', 'system_resources_not_exclusive', 'gpu_placement_metadata_only']"
channel_flow,cova_llvm_gpu,default,fresh_process,observed,3.978234620881267,channel_flow,7eb28298bd66038f57228eeb106197ae1ac32685,2,2,a5826f86fe64a72734a89619a6e971effc8ed8ebe00f99337006d700704bed0f,131f13ee629eff4bbfc04696d2acdcf8be8c111de0037039e4ac5c934e15a280,['mixed'],"['reference_not_ranking', 'historical_competitors_not_rerun', 'system_resources_not_exclusive', 'gpu_placement_metadata_only']"
channel_flow,cova_llvm_gpu,default,same_process,observed,2.949713260983117,channel_flow,7eb28298bd66038f57228eeb106197ae1ac32685,6,3,a5826f86fe64a72734a89619a6e971effc8ed8ebe00f99337006d700704bed0f,131f13ee629eff4bbfc04696d2acdcf8be8c111de0037039e4ac5c934e15a280,['mixed'],"['reference_not_ranking', 'historical_competitors_not_rerun', 'system_resources_not_exclusive', 'gpu_placement_metadata_only']"
cholesky,cova_serial_cpu,default,initialization,observed,2.1801742371171713,cholesky,7eb28298bd66038f57228eeb106197ae1ac32685,1,1,56dfb1eba239c26e0b2a9d37a7e4204bca4b6420c1c6db5a29f0fa62a44c6bf8,4fbe26b28e30a4b50af30a63a5f1d483d8c2556910e84aba0ab6422938ce8d60,['cpu'],"['reference_not_ranking', 'historical_competitors_not_rerun', 'system_resources_not_exclusive']"
cholesky,cova_serial_cpu,default,fresh_process,observed,0.19243385002482682,cholesky,7eb28298bd66038f57228eeb106197ae1ac32685,2,2,56dfb1eba239c26e0b2a9d37a7e4204bca4b6420c1c6db5a29f0fa62a44c6bf8,4fbe26b28e30a4b50af30a63a5f1d483d8c2556910e84aba0ab6422938ce8d60,['cpu'],"['reference_not_ranking', 'historical_competitors_not_rerun', 'system_resources_not_exclusive']"
cholesky,cova_serial_cpu,default,same_process,observed,0.16080162057187408,cholesky,7eb28298bd66038f57228eeb106197ae1ac32685,6,3,56dfb1eba239c26e0b2a9d37a7e4204bca4b6420c1c6db5a29f0fa62a44c6bf8,4fbe26b28e30a4b50af30a63a5f1d483d8c2556910e84aba0ab6422938ce8d60,['cpu'],"['reference_not_ranking', 'historical_competitors_not_rerun', 'system_resources_not_exclusive']"
cholesky,cova_openmp_cpu,default,initialization,observed,2.4357699810061604,cholesky,7eb28298bd66038f57228eeb106197ae1ac32685,1,1,56dfb1eba239c26e0b2a9d37a7e4204bca4b6420c1c6db5a29f0fa62a44c6bf8,4fbe26b28e30a4b50af30a63a5f1d483d8c2556910e84aba0ab6422938ce8d60,['cpu'],"['reference_not_ranking', 'historical_competitors_not_rerun', 'system_resources_not_exclusive']"
cholesky,cova_openmp_cpu,default,fresh_process,observed,0.22949882049579173,cholesky,7eb28298bd66038f57228eeb106197ae1ac32685,2,2,56dfb1eba239c26e0b2a9d37a7e4204bca4b6420c1c6db5a29f0fa62a44c6bf8,4fbe26b28e30a4b50af30a63a5f1d483d8c2556910e84aba0ab6422938ce8d60,['cpu'],"['reference_not_ranking', 'historical_competitors_not_rerun', 'system_resources_not_exclusive']"
cholesky,cova_openmp_cpu,default,same_process,observed,0.21271738945506513,cholesky,7eb28298bd66038f57228eeb106197ae1ac32685,6,3,56dfb1eba239c26e0b2a9d37a7e4204bca4b6420c1c6db5a29f0fa62a44c6bf8,4fbe26b28e30a4b50af30a63a5f1d483d8c2556910e84aba0ab6422938ce8d60,['cpu'],"['reference_not_ranking', 'historical_competitors_not_rerun', 'system_resources_not_exclusive']"
cholesky,cova_llvm_cpu_serial,default,initialization,observed,1.707617353182286,cholesky,7eb28298bd66038f57228eeb106197ae1ac32685,1,1,56dfb1eba239c26e0b2a9d37a7e4204bca4b6420c1c6db5a29f0fa62a44c6bf8,4fbe26b28e30a4b50af30a63a5f1d483d8c2556910e84aba0ab6422938ce8d60,['cpu'],"['reference_not_ranking', 'historical_competitors_not_rerun', 'system_resources_not_exclusive']"
cholesky,cova_llvm_cpu_serial,default,fresh_process,observed,0.2006807125872001,cholesky,7eb28298bd66038f57228eeb106197ae1ac32685,2,2,56dfb1eba239c26e0b2a9d37a7e4204bca4b6420c1c6db5a29f0fa62a44c6bf8,4fbe26b28e30a4b50af30a63a5f1d483d8c2556910e84aba0ab6422938ce8d60,['cpu'],"['reference_not_ranking', 'historical_competitors_not_rerun', 'system_resources_not_exclusive']"
cholesky,cova_llvm_cpu_serial,default,same_process,observed,0.2088932014303282,cholesky,7eb28298bd66038f57228eeb106197ae1ac32685,6,3,56dfb1eba239c26e0b2a9d37a7e4204bca4b6420c1c6db5a29f0fa62a44c6bf8,4fbe26b28e30a4b50af30a63a5f1d483d8c2556910e84aba0ab6422938ce8d60,['cpu'],"['reference_not_ranking', 'historical_competitors_not_rerun', 'system_resources_not_exclusive']"
cholesky,cova_llvm_cpu,default,initialization,observed,1.8348695649765432,cholesky,7eb28298bd66038f57228eeb106197ae1ac32685,1,1,56dfb1eba239c26e0b2a9d37a7e4204bca4b6420c1c6db5a29f0fa62a44c6bf8,4fbe26b28e30a4b50af30a63a5f1d483d8c2556910e84aba0ab6422938ce8d60,['cpu'],"['reference_not_ranking', 'historical_competitors_not_rerun', 'system_resources_not_exclusive']"
cholesky,cova_llvm_cpu,default,fresh_process,observed,0.22710374963935465,cholesky,7eb28298bd66038f57228eeb106197ae1ac32685,2,2,56dfb1eba239c26e0b2a9d37a7e4204bca4b6420c1c6db5a29f0fa62a44c6bf8,4fbe26b28e30a4b50af30a63a5f1d483d8c2556910e84aba0ab6422938ce8d60,['cpu'],"['reference_not_ranking', 'historical_competitors_not_rerun', 'system_resources_not_exclusive']"
cholesky,cova_llvm_cpu,default,same_process,observed,0.2179951345315203,cholesky,7eb28298bd66038f57228eeb106197ae1ac32685,6,3,56dfb1eba239c26e0b2a9d37a7e4204bca4b6420c1c6db5a29f0fa62a44c6bf8,4fbe26b28e30a4b50af30a63a5f1d483d8c2556910e84aba0ab6422938ce8d60,['cpu'],"['reference_not_ranking', 'historical_competitors_not_rerun', 'system_resources_not_exclusive']"
cholesky,cova_openmp_gpu,default,initialization,observed,4.243436314165592,cholesky,7eb28298bd66038f57228eeb106197ae1ac32685,1,1,56dfb1eba239c26e0b2a9d37a7e4204bca4b6420c1c6db5a29f0fa62a44c6bf8,4fbe26b28e30a4b50af30a63a5f1d483d8c2556910e84aba0ab6422938ce8d60,['cpu'],"['reference_not_ranking', 'historical_competitors_not_rerun', 'system_resources_not_exclusive', 'gpu_placement_metadata_only']"
cholesky,cova_openmp_gpu,default,fresh_process,observed,0.21480961760971695,cholesky,7eb28298bd66038f57228eeb106197ae1ac32685,2,2,56dfb1eba239c26e0b2a9d37a7e4204bca4b6420c1c6db5a29f0fa62a44c6bf8,4fbe26b28e30a4b50af30a63a5f1d483d8c2556910e84aba0ab6422938ce8d60,['cpu'],"['reference_not_ranking', 'historical_competitors_not_rerun', 'system_resources_not_exclusive', 'gpu_placement_metadata_only']"
cholesky,cova_openmp_gpu,default,same_process,observed,0.18368119245860726,cholesky,7eb28298bd66038f57228eeb106197ae1ac32685,6,3,56dfb1eba239c26e0b2a9d37a7e4204bca4b6420c1c6db5a29f0fa62a44c6bf8,4fbe26b28e30a4b50af30a63a5f1d483d8c2556910e84aba0ab6422938ce8d60,['cpu'],"['reference_not_ranking', 'historical_competitors_not_rerun', 'system_resources_not_exclusive', 'gpu_placement_metadata_only']"
cholesky,cova_llvm_gpu,default,initialization,observed,6.442781069083139,cholesky,7eb28298bd66038f57228eeb106197ae1ac32685,1,1,56dfb1eba239c26e0b2a9d37a7e4204bca4b6420c1c6db5a29f0fa62a44c6bf8,4fbe26b28e30a4b50af30a63a5f1d483d8c2556910e84aba0ab6422938ce8d60,['mixed'],"['reference_not_ranking', 'historical_competitors_not_rerun', 'system_resources_not_exclusive', 'gpu_placement_metadata_only']"
cholesky,cova_llvm_gpu,default,fresh_process,observed,1.7455946514382958,cholesky,7eb28298bd66038f57228eeb106197ae1ac32685,2,2,56dfb1eba239c26e0b2a9d37a7e4204bca4b6420c1c6db5a29f0fa62a44c6bf8,4fbe26b28e30a4b50af30a63a5f1d483d8c2556910e84aba0ab6422938ce8d60,['mixed'],"['reference_not_ranking', 'historical_competitors_not_rerun', 'system_resources_not_exclusive', 'gpu_placement_metadata_only']"
cholesky,cova_llvm_gpu,default,same_process,observed,1.5118577140383422,cholesky,7eb28298bd66038f57228eeb106197ae1ac32685,6,3,56dfb1eba239c26e0b2a9d37a7e4204bca4b6420c1c6db5a29f0fa62a44c6bf8,4fbe26b28e30a4b50af30a63a5f1d483d8c2556910e84aba0ab6422938ce8d60,['mixed'],"['reference_not_ranking', 'historical_competitors_not_rerun', 'system_resources_not_exclusive', 'gpu_placement_metadata_only']"
cholesky2,cova_serial_cpu,default,initialization,error,,cholesky2,7eb28298bd66038f57228eeb106197ae1ac32685,0,0,d99d5b0becbfb22bf45157e320f447a583444c901fafb55b0e5b1a90147a5923,b9394a55df0718e0c2862384f101bc746b522dc7acfbed649b0716c8d79c2363,[],"['reference_not_ranking', 'historical_competitors_not_rerun', 'system_resources_not_exclusive']"
cholesky2,cova_serial_cpu,default,fresh_process,error,,cholesky2,7eb28298bd66038f57228eeb106197ae1ac32685,0,0,d99d5b0becbfb22bf45157e320f447a583444c901fafb55b0e5b1a90147a5923,b9394a55df0718e0c2862384f101bc746b522dc7acfbed649b0716c8d79c2363,[],"['reference_not_ranking', 'historical_competitors_not_rerun', 'system_resources_not_exclusive']"
cholesky2,cova_serial_cpu,default,same_process,error,,cholesky2,7eb28298bd66038f57228eeb106197ae1ac32685,0,0,d99d5b0becbfb22bf45157e320f447a583444c901fafb55b0e5b1a90147a5923,b9394a55df0718e0c2862384f101bc746b522dc7acfbed649b0716c8d79c2363,[],"['reference_not_ranking', 'historical_competitors_not_rerun', 'system_resources_not_exclusive']"
cholesky2,cova_openmp_cpu,default,initialization,error,,cholesky2,7eb28298bd66038f57228eeb106197ae1ac32685,0,0,d99d5b0becbfb22bf45157e320f447a583444c901fafb55b0e5b1a90147a5923,b9394a55df0718e0c2862384f101bc746b522dc7acfbed649b0716c8d79c2363,[],"['reference_not_ranking', 'historical_competitors_not_rerun', 'system_resources_not_exclusive']"
cholesky2,cova_openmp_cpu,default,fresh_process,error,,cholesky2,7eb28298bd66038f57228eeb106197ae1ac32685,0,0,d99d5b0becbfb22bf45157e320f447a583444c901fafb55b0e5b1a90147a5923,b9394a55df0718e0c2862384f101bc746b522dc7acfbed649b0716c8d79c2363,[],"['reference_not_ranking', 'historical_competitors_not_rerun', 'system_resources_not_exclusive']"
cholesky2,cova_openmp_cpu,default,same_process,error,,cholesky2,7eb28298bd66038f57228eeb106197ae1ac32685,0,0,d99d5b0becbfb22bf45157e320f447a583444c901fafb55b0e5b1a90147a5923,b9394a55df0718e0c2862384f101bc746b522dc7acfbed649b0716c8d79c2363,[],"['reference_not_ranking', 'historical_competitors_not_rerun', 'system_resources_not_exclusive']"
cholesky2,cova_llvm_cpu_serial,default,initialization,observed,10.633524951990694,cholesky2,7eb28298bd66038f57228eeb106197ae1ac32685,1,1,d99d5b0becbfb22bf45157e320f447a583444c901fafb55b0e5b1a90147a5923,b9394a55df0718e0c2862384f101bc746b522dc7acfbed649b0716c8d79c2363,['cpu'],"['reference_not_ranking', 'historical_competitors_not_rerun', 'system_resources_not_exclusive']"
cholesky2,cova_llvm_cpu_serial,default,fresh_process,observed,4.930668844026513,cholesky2,7eb28298bd66038f57228eeb106197ae1ac32685,2,2,d99d5b0becbfb22bf45157e320f447a583444c901fafb55b0e5b1a90147a5923,b9394a55df0718e0c2862384f101bc746b522dc7acfbed649b0716c8d79c2363,['cpu'],"['reference_not_ranking', 'historical_competitors_not_rerun', 'system_resources_not_exclusive']"
cholesky2,cova_llvm_cpu_serial,default,same_process,observed,4.873991684988141,cholesky2,7eb28298bd66038f57228eeb106197ae1ac32685,6,3,d99d5b0becbfb22bf45157e320f447a583444c901fafb55b0e5b1a90147a5923,b9394a55df0718e0c2862384f101bc746b522dc7acfbed649b0716c8d79c2363,['cpu'],"['reference_not_ranking', 'historical_competitors_not_rerun', 'system_resources_not_exclusive']"
cholesky2,cova_llvm_cpu,default,initialization,observed,11.8740824109409,cholesky2,7eb28298bd66038f57228eeb106197ae1ac32685,1,1,d99d5b0becbfb22bf45157e320f447a583444c901fafb55b0e5b1a90147a5923,b9394a55df0718e0c2862384f101bc746b522dc7acfbed649b0716c8d79c2363,['cpu'],"['reference_not_ranking', 'historical_competitors_not_rerun', 'system_resources_not_exclusive']"
cholesky2,cova_llvm_cpu,default,fresh_process,observed,3.5000128119718283,cholesky2,7eb28298bd66038f57228eeb106197ae1ac32685,2,2,d99d5b0becbfb22bf45157e320f447a583444c901fafb55b0e5b1a90147a5923,b9394a55df0718e0c2862384f101bc746b522dc7acfbed649b0716c8d79c2363,['cpu'],"['reference_not_ranking', 'historical_competitors_not_rerun', 'system_resources_not_exclusive']"
cholesky2,cova_llvm_cpu,default,same_process,observed,2.5868070509750396,cholesky2,7eb28298bd66038f57228eeb106197ae1ac32685,6,3,d99d5b0becbfb22bf45157e320f447a583444c901fafb55b0e5b1a90147a5923,b9394a55df0718e0c2862384f101bc746b522dc7acfbed649b0716c8d79c2363,['cpu'],"['reference_not_ranking', 'historical_competitors_not_rerun', 'system_resources_not_exclusive']"
cholesky2,cova_openmp_gpu,default,initialization,error,,cholesky2,7eb28298bd66038f57228eeb106197ae1ac32685,0,0,d99d5b0becbfb22bf45157e320f447a583444c901fafb55b0e5b1a90147a5923,b9394a55df0718e0c2862384f101bc746b522dc7acfbed649b0716c8d79c2363,[],"['reference_not_ranking', 'historical_competitors_not_rerun', 'system_resources_not_exclusive', 'gpu_placement_metadata_only']"
cholesky2,cova_openmp_gpu,default,fresh_process,error,,cholesky2,7eb28298bd66038f57228eeb106197ae1ac32685,0,0,d99d5b0becbfb22bf45157e320f447a583444c901fafb55b0e5b1a90147a5923,b9394a55df0718e0c2862384f101bc746b522dc7acfbed649b0716c8d79c2363,[],"['reference_not_ranking', 'historical_competitors_not_rerun', 'system_resources_not_exclusive', 'gpu_placement_metadata_only']"
cholesky2,cova_openmp_gpu,default,same_process,error,,cholesky2,7eb28298bd66038f57228eeb106197ae1ac32685,0,0,d99d5b0becbfb22bf45157e320f447a583444c901fafb55b0e5b1a90147a5923,b9394a55df0718e0c2862384f101bc746b522dc7acfbed649b0716c8d79c2363,[],"['reference_not_ranking', 'historical_competitors_not_rerun', 'system_resources_not_exclusive', 'gpu_placement_metadata_only']"
cholesky2,cova_llvm_gpu,default,initialization,observed,8.918522742111236,cholesky2,7eb28298bd66038f57228eeb106197ae1ac32685,1,1,d99d5b0becbfb22bf45157e320f447a583444c901fafb55b0e5b1a90147a5923,b9394a55df0718e0c2862384f101bc746b522dc7acfbed649b0716c8d79c2363,['gpu'],"['reference_not_ranking', 'historical_competitors_not_rerun', 'system_resources_not_exclusive', 'gpu_placement_metadata_only']"
cholesky2,cova_llvm_gpu,default,fresh_process,observed,1.7732426279690117,cholesky2,7eb28298bd66038f57228eeb106197ae1ac32685,2,2,d99d5b0becbfb22bf45157e320f447a583444c901fafb55b0e5b1a90147a5923,b9394a55df0718e0c2862384f101bc746b522dc7acfbed649b0716c8d79c2363,['gpu'],"['reference_not_ranking', 'historical_competitors_not_rerun', 'system_resources_not_exclusive', 'gpu_placement_metadata_only']"
cholesky2,cova_llvm_gpu,default,same_process,observed,1.2681339514674619,cholesky2,7eb28298bd66038f57228eeb106197ae1ac32685,6,3,d99d5b0becbfb22bf45157e320f447a583444c901fafb55b0e5b1a90147a5923,b9394a55df0718e0c2862384f101bc746b522dc7acfbed649b0716c8d79c2363,['gpu'],"['reference_not_ranking', 'historical_competitors_not_rerun', 'system_resources_not_exclusive', 'gpu_placement_metadata_only']"
compute,cova_serial_cpu,default,initialization,observed,5.103619415080175,compute,7eb28298bd66038f57228eeb106197ae1ac32685,1,1,edf335f51b0a6a5a63d4d1e8c77cdda9a31939cdf30081571adf738ae28f7732,c95ef8e4674e9795c2c4376c3b88240655d27d77a534d2db1cf991c275146691,['cpu'],"['reference_not_ranking', 'historical_competitors_not_rerun', 'system_resources_not_exclusive']"
compute,cova_serial_cpu,default,fresh_process,observed,2.237653863034211,compute,7eb28298bd66038f57228eeb106197ae1ac32685,2,2,edf335f51b0a6a5a63d4d1e8c77cdda9a31939cdf30081571adf738ae28f7732,c95ef8e4674e9795c2c4376c3b88240655d27d77a534d2db1cf991c275146691,['cpu'],"['reference_not_ranking', 'historical_competitors_not_rerun', 'system_resources_not_exclusive']"
compute,cova_serial_cpu,default,same_process,observed,1.193513129488565,compute,7eb28298bd66038f57228eeb106197ae1ac32685,6,3,edf335f51b0a6a5a63d4d1e8c77cdda9a31939cdf30081571adf738ae28f7732,c95ef8e4674e9795c2c4376c3b88240655d27d77a534d2db1cf991c275146691,['cpu'],"['reference_not_ranking', 'historical_competitors_not_rerun', 'system_resources_not_exclusive']"
compute,cova_openmp_cpu,default,initialization,observed,2.603987962938845,compute,7eb28298bd66038f57228eeb106197ae1ac32685,1,1,edf335f51b0a6a5a63d4d1e8c77cdda9a31939cdf30081571adf738ae28f7732,c95ef8e4674e9795c2c4376c3b88240655d27d77a534d2db1cf991c275146691,['cpu'],"['reference_not_ranking', 'historical_competitors_not_rerun', 'system_resources_not_exclusive']"
compute,cova_openmp_cpu,default,fresh_process,observed,0.1642882665619254,compute,7eb28298bd66038f57228eeb106197ae1ac32685,2,2,edf335f51b0a6a5a63d4d1e8c77cdda9a31939cdf30081571adf738ae28f7732,c95ef8e4674e9795c2c4376c3b88240655d27d77a534d2db1cf991c275146691,['cpu'],"['reference_not_ranking', 'historical_competitors_not_rerun', 'system_resources_not_exclusive']"
compute,cova_openmp_cpu,default,same_process,observed,0.1348144740331918,compute,7eb28298bd66038f57228eeb106197ae1ac32685,6,3,edf335f51b0a6a5a63d4d1e8c77cdda9a31939cdf30081571adf738ae28f7732,c95ef8e4674e9795c2c4376c3b88240655d27d77a534d2db1cf991c275146691,['cpu'],"['reference_not_ranking', 'historical_competitors_not_rerun', 'system_resources_not_exclusive']"
compute,cova_llvm_cpu_serial,default,initialization,observed,4.740564244100824,compute,7eb28298bd66038f57228eeb106197ae1ac32685,1,1,edf335f51b0a6a5a63d4d1e8c77cdda9a31939cdf30081571adf738ae28f7732,c95ef8e4674e9795c2c4376c3b88240655d27d77a534d2db1cf991c275146691,['cpu'],"['reference_not_ranking', 'historical_competitors_not_rerun', 'system_resources_not_exclusive']"
compute,cova_llvm_cpu_serial,default,fresh_process,observed,2.4681978399166837,compute,7eb28298bd66038f57228eeb106197ae1ac32685,2,2,edf335f51b0a6a5a63d4d1e8c77cdda9a31939cdf30081571adf738ae28f7732,c95ef8e4674e9795c2c4376c3b88240655d27d77a534d2db1cf991c275146691,['cpu'],"['reference_not_ranking', 'historical_competitors_not_rerun', 'system_resources_not_exclusive']"
compute,cova_llvm_cpu_serial,default,same_process,observed,2.170459565357305,compute,7eb28298bd66038f57228eeb106197ae1ac32685,6,3,edf335f51b0a6a5a63d4d1e8c77cdda9a31939cdf30081571adf738ae28f7732,c95ef8e4674e9795c2c4376c3b88240655d27d77a534d2db1cf991c275146691,['cpu'],"['reference_not_ranking', 'historical_competitors_not_rerun', 'system_resources_not_exclusive']"
compute,cova_llvm_cpu,default,initialization,observed,5.059764822944999,compute,7eb28298bd66038f57228eeb106197ae1ac32685,1,1,edf335f51b0a6a5a63d4d1e8c77cdda9a31939cdf30081571adf738ae28f7732,c95ef8e4674e9795c2c4376c3b88240655d27d77a534d2db1cf991c275146691,['cpu'],"['reference_not_ranking', 'historical_competitors_not_rerun', 'system_resources_not_exclusive']"
compute,cova_llvm_cpu,default,fresh_process,observed,2.1708748034434393,compute,7eb28298bd66038f57228eeb106197ae1ac32685,2,2,edf335f51b0a6a5a63d4d1e8c77cdda9a31939cdf30081571adf738ae28f7732,c95ef8e4674e9795c2c4376c3b88240655d27d77a534d2db1cf991c275146691,['cpu'],"['reference_not_ranking', 'historical_competitors_not_rerun', 'system_resources_not_exclusive']"
compute,cova_llvm_cpu,default,same_process,observed,2.213596326066181,compute,7eb28298bd66038f57228eeb106197ae1ac32685,6,3,edf335f51b0a6a5a63d4d1e8c77cdda9a31939cdf30081571adf738ae28f7732,c95ef8e4674e9795c2c4376c3b88240655d27d77a534d2db1cf991c275146691,['cpu'],"['reference_not_ranking', 'historical_competitors_not_rerun', 'system_resources_not_exclusive']"
compute,cova_openmp_gpu,default,initialization,observed,15.3562102438882,compute,7eb28298bd66038f57228eeb106197ae1ac32685,1,1,edf335f51b0a6a5a63d4d1e8c77cdda9a31939cdf30081571adf738ae28f7732,c95ef8e4674e9795c2c4376c3b88240655d27d77a534d2db1cf991c275146691,['gpu'],"['reference_not_ranking', 'historical_competitors_not_rerun', 'system_resources_not_exclusive', 'gpu_placement_metadata_only']"
compute,cova_openmp_gpu,default,fresh_process,observed,9.64633723651059,compute,7eb28298bd66038f57228eeb106197ae1ac32685,2,2,edf335f51b0a6a5a63d4d1e8c77cdda9a31939cdf30081571adf738ae28f7732,c95ef8e4674e9795c2c4376c3b88240655d27d77a534d2db1cf991c275146691,['gpu'],"['reference_not_ranking', 'historical_competitors_not_rerun', 'system_resources_not_exclusive', 'gpu_placement_metadata_only']"
compute,cova_openmp_gpu,default,same_process,observed,9.58642571256496,compute,7eb28298bd66038f57228eeb106197ae1ac32685,6,3,edf335f51b0a6a5a63d4d1e8c77cdda9a31939cdf30081571adf738ae28f7732,c95ef8e4674e9795c2c4376c3b88240655d27d77a534d2db1cf991c275146691,['gpu'],"['reference_not_ranking', 'historical_competitors_not_rerun', 'system_resources_not_exclusive', 'gpu_placement_metadata_only']"
compute,cova_llvm_gpu,default,initialization,observed,5.451696333941072,compute,7eb28298bd66038f57228eeb106197ae1ac32685,1,1,edf335f51b0a6a5a63d4d1e8c77cdda9a31939cdf30081571adf738ae28f7732,c95ef8e4674e9795c2c4376c3b88240655d27d77a534d2db1cf991c275146691,['gpu'],"['reference_not_ranking', 'historical_competitors_not_rerun', 'system_resources_not_exclusive', 'gpu_placement_metadata_only']"
compute,cova_llvm_gpu,default,fresh_process,observed,1.0094945695018396,compute,7eb28298bd66038f57228eeb106197ae1ac32685,2,2,edf335f51b0a6a5a63d4d1e8c77cdda9a31939cdf30081571adf738ae28f7732,c95ef8e4674e9795c2c4376c3b88240655d27d77a534d2db1cf991c275146691,['gpu'],"['reference_not_ranking', 'historical_competitors_not_rerun', 'system_resources_not_exclusive', 'gpu_placement_metadata_only']"
compute,cova_llvm_gpu,default,same_process,observed,0.7578966009896249,compute,7eb28298bd66038f57228eeb106197ae1ac32685,6,3,edf335f51b0a6a5a63d4d1e8c77cdda9a31939cdf30081571adf738ae28f7732,c95ef8e4674e9795c2c4376c3b88240655d27d77a534d2db1cf991c275146691,['gpu'],"['reference_not_ranking', 'historical_competitors_not_rerun', 'system_resources_not_exclusive', 'gpu_placement_metadata_only']"
contour_integral,cova_serial_cpu,default,initialization,error,,contour_integral,7eb28298bd66038f57228eeb106197ae1ac32685,0,0,b7bd5d51e17faaa7d7b471e2377876f282bd7deed775cb160db56f12df313057,96e60b8e822b16860d5bd015f984ac2828ce239aab0d0628d36a60c7c4be7697,[],"['reference_not_ranking', 'historical_competitors_not_rerun', 'system_resources_not_exclusive']"
contour_integral,cova_serial_cpu,default,fresh_process,error,,contour_integral,7eb28298bd66038f57228eeb106197ae1ac32685,0,0,b7bd5d51e17faaa7d7b471e2377876f282bd7deed775cb160db56f12df313057,96e60b8e822b16860d5bd015f984ac2828ce239aab0d0628d36a60c7c4be7697,[],"['reference_not_ranking', 'historical_competitors_not_rerun', 'system_resources_not_exclusive']"
contour_integral,cova_serial_cpu,default,same_process,error,,contour_integral,7eb28298bd66038f57228eeb106197ae1ac32685,0,0,b7bd5d51e17faaa7d7b471e2377876f282bd7deed775cb160db56f12df313057,96e60b8e822b16860d5bd015f984ac2828ce239aab0d0628d36a60c7c4be7697,[],"['reference_not_ranking', 'historical_competitors_not_rerun', 'system_resources_not_exclusive']"
contour_integral,cova_openmp_cpu,default,initialization,error,,contour_integral,7eb28298bd66038f57228eeb106197ae1ac32685,0,0,b7bd5d51e17faaa7d7b471e2377876f282bd7deed775cb160db56f12df313057,96e60b8e822b16860d5bd015f984ac2828ce239aab0d0628d36a60c7c4be7697,[],"['reference_not_ranking', 'historical_competitors_not_rerun', 'system_resources_not_exclusive']"
contour_integral,cova_openmp_cpu,default,fresh_process,error,,contour_integral,7eb28298bd66038f57228eeb106197ae1ac32685,0,0,b7bd5d51e17faaa7d7b471e2377876f282bd7deed775cb160db56f12df313057,96e60b8e822b16860d5bd015f984ac2828ce239aab0d0628d36a60c7c4be7697,[],"['reference_not_ranking', 'historical_competitors_not_rerun', 'system_resources_not_exclusive']"
contour_integral,cova_openmp_cpu,default,same_process,error,,contour_integral,7eb28298bd66038f57228eeb106197ae1ac32685,0,0,b7bd5d51e17faaa7d7b471e2377876f282bd7deed775cb160db56f12df313057,96e60b8e822b16860d5bd015f984ac2828ce239aab0d0628d36a60c7c4be7697,[],"['reference_not_ranking', 'historical_competitors_not_rerun', 'system_resources_not_exclusive']"
contour_integral,cova_llvm_cpu_serial,default,initialization,observed,8.833037589909509,contour_integral,7eb28298bd66038f57228eeb106197ae1ac32685,1,1,b7bd5d51e17faaa7d7b471e2377876f282bd7deed775cb160db56f12df313057,96e60b8e822b16860d5bd015f984ac2828ce239aab0d0628d36a60c7c4be7697,['cpu'],"['reference_not_ranking', 'historical_competitors_not_rerun', 'system_resources_not_exclusive']"
contour_integral,cova_llvm_cpu_serial,default,fresh_process,observed,3.2574805601034313,contour_integral,7eb28298bd66038f57228eeb106197ae1ac32685,2,2,b7bd5d51e17faaa7d7b471e2377876f282bd7deed775cb160db56f12df313057,96e60b8e822b16860d5bd015f984ac2828ce239aab0d0628d36a60c7c4be7697,['cpu'],"['reference_not_ranking', 'historical_competitors_not_rerun', 'system_resources_not_exclusive']"
contour_integral,cova_llvm_cpu_serial,default,same_process,observed,2.9194839759729803,contour_integral,7eb28298bd66038f57228eeb106197ae1ac32685,6,3,b7bd5d51e17faaa7d7b471e2377876f282bd7deed775cb160db56f12df313057,96e60b8e822b16860d5bd015f984ac2828ce239aab0d0628d36a60c7c4be7697,['cpu'],"['reference_not_ranking', 'historical_competitors_not_rerun', 'system_resources_not_exclusive']"
contour_integral,cova_llvm_cpu,default,initialization,observed,9.464430673979223,contour_integral,7eb28298bd66038f57228eeb106197ae1ac32685,1,1,b7bd5d51e17faaa7d7b471e2377876f282bd7deed775cb160db56f12df313057,96e60b8e822b16860d5bd015f984ac2828ce239aab0d0628d36a60c7c4be7697,['cpu'],"['reference_not_ranking', 'historical_competitors_not_rerun', 'system_resources_not_exclusive']"
contour_integral,cova_llvm_cpu,default,fresh_process,observed,3.621827696915716,contour_integral,7eb28298bd66038f57228eeb106197ae1ac32685,2,2,b7bd5d51e17faaa7d7b471e2377876f282bd7deed775cb160db56f12df313057,96e60b8e822b16860d5bd015f984ac2828ce239aab0d0628d36a60c7c4be7697,['cpu'],"['reference_not_ranking', 'historical_competitors_not_rerun', 'system_resources_not_exclusive']"
contour_integral,cova_llvm_cpu,default,same_process,observed,4.361115568550304,contour_integral,7eb28298bd66038f57228eeb106197ae1ac32685,6,3,b7bd5d51e17faaa7d7b471e2377876f282bd7deed775cb160db56f12df313057,96e60b8e822b16860d5bd015f984ac2828ce239aab0d0628d36a60c7c4be7697,['cpu'],"['reference_not_ranking', 'historical_competitors_not_rerun', 'system_resources_not_exclusive']"
contour_integral,cova_openmp_gpu,default,initialization,error,,contour_integral,7eb28298bd66038f57228eeb106197ae1ac32685,0,0,b7bd5d51e17faaa7d7b471e2377876f282bd7deed775cb160db56f12df313057,96e60b8e822b16860d5bd015f984ac2828ce239aab0d0628d36a60c7c4be7697,[],"['reference_not_ranking', 'historical_competitors_not_rerun', 'system_resources_not_exclusive', 'gpu_placement_metadata_only']"
contour_integral,cova_openmp_gpu,default,fresh_process,error,,contour_integral,7eb28298bd66038f57228eeb106197ae1ac32685,0,0,b7bd5d51e17faaa7d7b471e2377876f282bd7deed775cb160db56f12df313057,96e60b8e822b16860d5bd015f984ac2828ce239aab0d0628d36a60c7c4be7697,[],"['reference_not_ranking', 'historical_competitors_not_rerun', 'system_resources_not_exclusive', 'gpu_placement_metadata_only']"
contour_integral,cova_openmp_gpu,default,same_process,error,,contour_integral,7eb28298bd66038f57228eeb106197ae1ac32685,0,0,b7bd5d51e17faaa7d7b471e2377876f282bd7deed775cb160db56f12df313057,96e60b8e822b16860d5bd015f984ac2828ce239aab0d0628d36a60c7c4be7697,[],"['reference_not_ranking', 'historical_competitors_not_rerun', 'system_resources_not_exclusive', 'gpu_placement_metadata_only']"
contour_integral,cova_llvm_gpu,default,initialization,observed,9.374700242187828,contour_integral,7eb28298bd66038f57228eeb106197ae1ac32685,1,1,b7bd5d51e17faaa7d7b471e2377876f282bd7deed775cb160db56f12df313057,96e60b8e822b16860d5bd015f984ac2828ce239aab0d0628d36a60c7c4be7697,['mixed'],"['reference_not_ranking', 'historical_competitors_not_rerun', 'system_resources_not_exclusive', 'gpu_placement_metadata_only']"
contour_integral,cova_llvm_gpu,default,fresh_process,observed,1.6800104265566915,contour_integral,7eb28298bd66038f57228eeb106197ae1ac32685,2,2,b7bd5d51e17faaa7d7b471e2377876f282bd7deed775cb160db56f12df313057,96e60b8e822b16860d5bd015f984ac2828ce239aab0d0628d36a60c7c4be7697,['mixed'],"['reference_not_ranking', 'historical_competitors_not_rerun', 'system_resources_not_exclusive', 'gpu_placement_metadata_only']"
contour_integral,cova_llvm_gpu,default,same_process,observed,0.9500220459885895,contour_integral,7eb28298bd66038f57228eeb106197ae1ac32685,6,3,b7bd5d51e17faaa7d7b471e2377876f282bd7deed775cb160db56f12df313057,96e60b8e822b16860d5bd015f984ac2828ce239aab0d0628d36a60c7c4be7697,['mixed'],"['reference_not_ranking', 'historical_competitors_not_rerun', 'system_resources_not_exclusive', 'gpu_placement_metadata_only']"
conv2d_bias,cova_serial_cpu,default,initialization,observed,3.8713413530495018,conv2d_bias,7eb28298bd66038f57228eeb106197ae1ac32685,1,1,c47a0f873d63acc5fa1d36e1061d8e90bf59c5186703fc221aaf46384c6dbae8,3652f4ad2c784bef2f715b7aa13d7e3a9d461dbdbed77498119dc3c0f00cc660,['cpu'],"['reference_not_ranking', 'historical_competitors_not_rerun', 'system_resources_not_exclusive']"
conv2d_bias,cova_serial_cpu,default,fresh_process,observed,0.10224055335856974,conv2d_bias,7eb28298bd66038f57228eeb106197ae1ac32685,2,2,c47a0f873d63acc5fa1d36e1061d8e90bf59c5186703fc221aaf46384c6dbae8,3652f4ad2c784bef2f715b7aa13d7e3a9d461dbdbed77498119dc3c0f00cc660,['cpu'],"['reference_not_ranking', 'historical_competitors_not_rerun', 'system_resources_not_exclusive']"
conv2d_bias,cova_serial_cpu,default,same_process,observed,0.10660979605745524,conv2d_bias,7eb28298bd66038f57228eeb106197ae1ac32685,6,3,c47a0f873d63acc5fa1d36e1061d8e90bf59c5186703fc221aaf46384c6dbae8,3652f4ad2c784bef2f715b7aa13d7e3a9d461dbdbed77498119dc3c0f00cc660,['cpu'],"['reference_not_ranking', 'historical_competitors_not_rerun', 'system_resources_not_exclusive']"
conv2d_bias,cova_openmp_cpu,default,initialization,observed,4.529932728037238,conv2d_bias,7eb28298bd66038f57228eeb106197ae1ac32685,1,1,c47a0f873d63acc5fa1d36e1061d8e90bf59c5186703fc221aaf46384c6dbae8,3652f4ad2c784bef2f715b7aa13d7e3a9d461dbdbed77498119dc3c0f00cc660,['cpu'],"['reference_not_ranking', 'historical_competitors_not_rerun', 'system_resources_not_exclusive']"
conv2d_bias,cova_openmp_cpu,default,fresh_process,observed,0.1263269119663164,conv2d_bias,7eb28298bd66038f57228eeb106197ae1ac32685,2,2,c47a0f873d63acc5fa1d36e1061d8e90bf59c5186703fc221aaf46384c6dbae8,3652f4ad2c784bef2f715b7aa13d7e3a9d461dbdbed77498119dc3c0f00cc660,['cpu'],"['reference_not_ranking', 'historical_competitors_not_rerun', 'system_resources_not_exclusive']"
conv2d_bias,cova_openmp_cpu,default,same_process,observed,0.09645450313109905,conv2d_bias,7eb28298bd66038f57228eeb106197ae1ac32685,6,3,c47a0f873d63acc5fa1d36e1061d8e90bf59c5186703fc221aaf46384c6dbae8,3652f4ad2c784bef2f715b7aa13d7e3a9d461dbdbed77498119dc3c0f00cc660,['cpu'],"['reference_not_ranking', 'historical_competitors_not_rerun', 'system_resources_not_exclusive']"
conv2d_bias,cova_llvm_cpu_serial,default,initialization,observed,2.033739282982424,conv2d_bias,7eb28298bd66038f57228eeb106197ae1ac32685,1,1,c47a0f873d63acc5fa1d36e1061d8e90bf59c5186703fc221aaf46384c6dbae8,3652f4ad2c784bef2f715b7aa13d7e3a9d461dbdbed77498119dc3c0f00cc660,['cpu'],"['reference_not_ranking', 'historical_competitors_not_rerun', 'system_resources_not_exclusive']"
conv2d_bias,cova_llvm_cpu_serial,default,fresh_process,observed,0.10565626446623355,conv2d_bias,7eb28298bd66038f57228eeb106197ae1ac32685,2,2,c47a0f873d63acc5fa1d36e1061d8e90bf59c5186703fc221aaf46384c6dbae8,3652f4ad2c784bef2f715b7aa13d7e3a9d461dbdbed77498119dc3c0f00cc660,['cpu'],"['reference_not_ranking', 'historical_competitors_not_rerun', 'system_resources_not_exclusive']"
conv2d_bias,cova_llvm_cpu_serial,default,same_process,observed,0.08779313939157873,conv2d_bias,7eb28298bd66038f57228eeb106197ae1ac32685,6,3,c47a0f873d63acc5fa1d36e1061d8e90bf59c5186703fc221aaf46384c6dbae8,3652f4ad2c784bef2f715b7aa13d7e3a9d461dbdbed77498119dc3c0f00cc660,['cpu'],"['reference_not_ranking', 'historical_competitors_not_rerun', 'system_resources_not_exclusive']"
conv2d_bias,cova_llvm_cpu,default,initialization,observed,2.8985118891578168,conv2d_bias,7eb28298bd66038f57228eeb106197ae1ac32685,1,1,c47a0f873d63acc5fa1d36e1061d8e90bf59c5186703fc221aaf46384c6dbae8,3652f4ad2c784bef2f715b7aa13d7e3a9d461dbdbed77498119dc3c0f00cc660,['cpu'],"['reference_not_ranking', 'historical_competitors_not_rerun', 'system_resources_not_exclusive']"
conv2d_bias,cova_llvm_cpu,default,fresh_process,observed,0.14748266339302063,conv2d_bias,7eb28298bd66038f57228eeb106197ae1ac32685,2,2,c47a0f873d63acc5fa1d36e1061d8e90bf59c5186703fc221aaf46384c6dbae8,3652f4ad2c784bef2f715b7aa13d7e3a9d461dbdbed77498119dc3c0f00cc660,['cpu'],"['reference_not_ranking', 'historical_competitors_not_rerun', 'system_resources_not_exclusive']"
conv2d_bias,cova_llvm_cpu,default,same_process,observed,0.12446140497922897,conv2d_bias,7eb28298bd66038f57228eeb106197ae1ac32685,6,3,c47a0f873d63acc5fa1d36e1061d8e90bf59c5186703fc221aaf46384c6dbae8,3652f4ad2c784bef2f715b7aa13d7e3a9d461dbdbed77498119dc3c0f00cc660,['cpu'],"['reference_not_ranking', 'historical_competitors_not_rerun', 'system_resources_not_exclusive']"
conv2d_bias,cova_openmp_gpu,default,initialization,observed,6.92856239201501,conv2d_bias,7eb28298bd66038f57228eeb106197ae1ac32685,1,1,c47a0f873d63acc5fa1d36e1061d8e90bf59c5186703fc221aaf46384c6dbae8,3652f4ad2c784bef2f715b7aa13d7e3a9d461dbdbed77498119dc3c0f00cc660,['gpu'],"['reference_not_ranking', 'historical_competitors_not_rerun', 'system_resources_not_exclusive', 'gpu_placement_metadata_only']"
conv2d_bias,cova_openmp_gpu,default,fresh_process,observed,0.3001829639542848,conv2d_bias,7eb28298bd66038f57228eeb106197ae1ac32685,2,2,c47a0f873d63acc5fa1d36e1061d8e90bf59c5186703fc221aaf46384c6dbae8,3652f4ad2c784bef2f715b7aa13d7e3a9d461dbdbed77498119dc3c0f00cc660,['gpu'],"['reference_not_ranking', 'historical_competitors_not_rerun', 'system_resources_not_exclusive', 'gpu_placement_metadata_only']"
conv2d_bias,cova_openmp_gpu,default,same_process,observed,0.041752078919671476,conv2d_bias,7eb28298bd66038f57228eeb106197ae1ac32685,6,3,c47a0f873d63acc5fa1d36e1061d8e90bf59c5186703fc221aaf46384c6dbae8,3652f4ad2c784bef2f715b7aa13d7e3a9d461dbdbed77498119dc3c0f00cc660,['gpu'],"['reference_not_ranking', 'historical_competitors_not_rerun', 'system_resources_not_exclusive', 'gpu_placement_metadata_only']"
conv2d_bias,cova_llvm_gpu,default,initialization,observed,9.963850856060162,conv2d_bias,7eb28298bd66038f57228eeb106197ae1ac32685,1,1,c47a0f873d63acc5fa1d36e1061d8e90bf59c5186703fc221aaf46384c6dbae8,3652f4ad2c784bef2f715b7aa13d7e3a9d461dbdbed77498119dc3c0f00cc660,['mixed'],"['reference_not_ranking', 'historical_competitors_not_rerun', 'system_resources_not_exclusive', 'gpu_placement_metadata_only']"
conv2d_bias,cova_llvm_gpu,default,fresh_process,observed,4.563663688022643,conv2d_bias,7eb28298bd66038f57228eeb106197ae1ac32685,2,2,c47a0f873d63acc5fa1d36e1061d8e90bf59c5186703fc221aaf46384c6dbae8,3652f4ad2c784bef2f715b7aa13d7e3a9d461dbdbed77498119dc3c0f00cc660,['mixed'],"['reference_not_ranking', 'historical_competitors_not_rerun', 'system_resources_not_exclusive', 'gpu_placement_metadata_only']"
conv2d_bias,cova_llvm_gpu,default,same_process,observed,4.148157459567301,conv2d_bias,7eb28298bd66038f57228eeb106197ae1ac32685,6,3,c47a0f873d63acc5fa1d36e1061d8e90bf59c5186703fc221aaf46384c6dbae8,3652f4ad2c784bef2f715b7aa13d7e3a9d461dbdbed77498119dc3c0f00cc660,['mixed'],"['reference_not_ranking', 'historical_competitors_not_rerun', 'system_resources_not_exclusive', 'gpu_placement_metadata_only']"
correlation,cova_serial_cpu,default,initialization,observed,9.2645158120431,correlation,7eb28298bd66038f57228eeb106197ae1ac32685,1,1,5bed53d94756b29d6c326b3510b9e7380e2b6d4931a68ec824535ca294b9c166,90af084039550dbfa1b2c0aafc8d4694c42209b191fd5b47f0314658efaf5513,['cpu'],"['reference_not_ranking', 'historical_competitors_not_rerun', 'system_resources_not_exclusive']"
correlation,cova_serial_cpu,default,fresh_process,observed,6.159327656030655,correlation,7eb28298bd66038f57228eeb106197ae1ac32685,2,2,5bed53d94756b29d6c326b3510b9e7380e2b6d4931a68ec824535ca294b9c166,90af084039550dbfa1b2c0aafc8d4694c42209b191fd5b47f0314658efaf5513,['cpu'],"['reference_not_ranking', 'historical_competitors_not_rerun', 'system_resources_not_exclusive']"
correlation,cova_serial_cpu,default,same_process,observed,5.817890179925598,correlation,7eb28298bd66038f57228eeb106197ae1ac32685,6,3,5bed53d94756b29d6c326b3510b9e7380e2b6d4931a68ec824535ca294b9c166,90af084039550dbfa1b2c0aafc8d4694c42209b191fd5b47f0314658efaf5513,['cpu'],"['reference_not_ranking', 'historical_competitors_not_rerun', 'system_resources_not_exclusive']"
correlation,cova_openmp_cpu,default,initialization,observed,7.850256696110591,correlation,7eb28298bd66038f57228eeb106197ae1ac32685,1,1,5bed53d94756b29d6c326b3510b9e7380e2b6d4931a68ec824535ca294b9c166,90af084039550dbfa1b2c0aafc8d4694c42209b191fd5b47f0314658efaf5513,['cpu'],"['reference_not_ranking', 'historical_competitors_not_rerun', 'system_resources_not_exclusive']"
correlation,cova_openmp_cpu,default,fresh_process,observed,4.848811275558546,correlation,7eb28298bd66038f57228eeb106197ae1ac32685,2,2,5bed53d94756b29d6c326b3510b9e7380e2b6d4931a68ec824535ca294b9c166,90af084039550dbfa1b2c0aafc8d4694c42209b191fd5b47f0314658efaf5513,['cpu'],"['reference_not_ranking', 'historical_competitors_not_rerun', 'system_resources_not_exclusive']"
correlation,cova_openmp_cpu,default,same_process,observed,4.670025657513179,correlation,7eb28298bd66038f57228eeb106197ae1ac32685,6,3,5bed53d94756b29d6c326b3510b9e7380e2b6d4931a68ec824535ca294b9c166,90af084039550dbfa1b2c0aafc8d4694c42209b191fd5b47f0314658efaf5513,['cpu'],"['reference_not_ranking', 'historical_competitors_not_rerun', 'system_resources_not_exclusive']"
correlation,cova_llvm_cpu_serial,default,initialization,observed,10.180801382986829,correlation,7eb28298bd66038f57228eeb106197ae1ac32685,1,1,5bed53d94756b29d6c326b3510b9e7380e2b6d4931a68ec824535ca294b9c166,90af084039550dbfa1b2c0aafc8d4694c42209b191fd5b47f0314658efaf5513,['cpu'],"['reference_not_ranking', 'historical_competitors_not_rerun', 'system_resources_not_exclusive']"
correlation,cova_llvm_cpu_serial,default,fresh_process,observed,6.035384224494919,correlation,7eb28298bd66038f57228eeb106197ae1ac32685,2,2,5bed53d94756b29d6c326b3510b9e7380e2b6d4931a68ec824535ca294b9c166,90af084039550dbfa1b2c0aafc8d4694c42209b191fd5b47f0314658efaf5513,['cpu'],"['reference_not_ranking', 'historical_competitors_not_rerun', 'system_resources_not_exclusive']"
correlation,cova_llvm_cpu_serial,default,same_process,observed,5.332193637965247,correlation,7eb28298bd66038f57228eeb106197ae1ac32685,6,3,5bed53d94756b29d6c326b3510b9e7380e2b6d4931a68ec824535ca294b9c166,90af084039550dbfa1b2c0aafc8d4694c42209b191fd5b47f0314658efaf5513,['cpu'],"['reference_not_ranking', 'historical_competitors_not_rerun', 'system_resources_not_exclusive']"
correlation,cova_llvm_cpu,default,initialization,observed,10.93535419809632,correlation,7eb28298bd66038f57228eeb106197ae1ac32685,1,1,5bed53d94756b29d6c326b3510b9e7380e2b6d4931a68ec824535ca294b9c166,90af084039550dbfa1b2c0aafc8d4694c42209b191fd5b47f0314658efaf5513,['cpu'],"['reference_not_ranking', 'historical_competitors_not_rerun', 'system_resources_not_exclusive']"
correlation,cova_llvm_cpu,default,fresh_process,observed,3.518748026457615,correlation,7eb28298bd66038f57228eeb106197ae1ac32685,2,2,5bed53d94756b29d6c326b3510b9e7380e2b6d4931a68ec824535ca294b9c166,90af084039550dbfa1b2c0aafc8d4694c42209b191fd5b47f0314658efaf5513,['cpu'],"['reference_not_ranking', 'historical_competitors_not_rerun', 'system_resources_not_exclusive']"
correlation,cova_llvm_cpu,default,same_process,observed,2.6431475304998457,correlation,7eb28298bd66038f57228eeb106197ae1ac32685,6,3,5bed53d94756b29d6c326b3510b9e7380e2b6d4931a68ec824535ca294b9c166,90af084039550dbfa1b2c0aafc8d4694c42209b191fd5b47f0314658efaf5513,['cpu'],"['reference_not_ranking', 'historical_competitors_not_rerun', 'system_resources_not_exclusive']"
correlation,cova_openmp_gpu,default,initialization,observed,92.6416178389918,correlation,7eb28298bd66038f57228eeb106197ae1ac32685,1,1,5bed53d94756b29d6c326b3510b9e7380e2b6d4931a68ec824535ca294b9c166,90af084039550dbfa1b2c0aafc8d4694c42209b191fd5b47f0314658efaf5513,['cpu'],"['reference_not_ranking', 'historical_competitors_not_rerun', 'system_resources_not_exclusive', 'gpu_placement_metadata_only']"
correlation,cova_openmp_gpu,default,fresh_process,observed,91.0011379129719,correlation,7eb28298bd66038f57228eeb106197ae1ac32685,2,2,5bed53d94756b29d6c326b3510b9e7380e2b6d4931a68ec824535ca294b9c166,90af084039550dbfa1b2c0aafc8d4694c42209b191fd5b47f0314658efaf5513,['cpu'],"['reference_not_ranking', 'historical_competitors_not_rerun', 'system_resources_not_exclusive', 'gpu_placement_metadata_only']"
correlation,cova_openmp_gpu,default,same_process,observed,89.68947093840688,correlation,7eb28298bd66038f57228eeb106197ae1ac32685,6,3,5bed53d94756b29d6c326b3510b9e7380e2b6d4931a68ec824535ca294b9c166,90af084039550dbfa1b2c0aafc8d4694c42209b191fd5b47f0314658efaf5513,['cpu'],"['reference_not_ranking', 'historical_competitors_not_rerun', 'system_resources_not_exclusive', 'gpu_placement_metadata_only']"
correlation,cova_llvm_gpu,default,initialization,observed,9.268281309865415,correlation,7eb28298bd66038f57228eeb106197ae1ac32685,1,1,5bed53d94756b29d6c326b3510b9e7380e2b6d4931a68ec824535ca294b9c166,90af084039550dbfa1b2c0aafc8d4694c42209b191fd5b47f0314658efaf5513,['mixed'],"['reference_not_ranking', 'historical_competitors_not_rerun', 'system_resources_not_exclusive', 'gpu_placement_metadata_only']"
correlation,cova_llvm_gpu,default,fresh_process,observed,2.112401917343959,correlation,7eb28298bd66038f57228eeb106197ae1ac32685,2,2,5bed53d94756b29d6c326b3510b9e7380e2b6d4931a68ec824535ca294b9c166,90af084039550dbfa1b2c0aafc8d4694c42209b191fd5b47f0314658efaf5513,['mixed'],"['reference_not_ranking', 'historical_competitors_not_rerun', 'system_resources_not_exclusive', 'gpu_placement_metadata_only']"
correlation,cova_llvm_gpu,default,same_process,observed,1.545394527958706,correlation,7eb28298bd66038f57228eeb106197ae1ac32685,6,3,5bed53d94756b29d6c326b3510b9e7380e2b6d4931a68ec824535ca294b9c166,90af084039550dbfa1b2c0aafc8d4694c42209b191fd5b47f0314658efaf5513,['mixed'],"['reference_not_ranking', 'historical_competitors_not_rerun', 'system_resources_not_exclusive', 'gpu_placement_metadata_only']"
covariance,cova_serial_cpu,default,initialization,observed,8.687348854029551,covariance,7eb28298bd66038f57228eeb106197ae1ac32685,1,1,58b3a80d268ca9926b9a85556fa505122524ca4c66cc443c90a1e88c8ffec02f,af17a377caed2a970d699d0afa2fcc0382f2e0ec47bdab98c00e9bb2f70fcc48,['cpu'],"['reference_not_ranking', 'historical_competitors_not_rerun', 'system_resources_not_exclusive']"
covariance,cova_serial_cpu,default,fresh_process,observed,5.8770251190289855,covariance,7eb28298bd66038f57228eeb106197ae1ac32685,2,2,58b3a80d268ca9926b9a85556fa505122524ca4c66cc443c90a1e88c8ffec02f,af17a377caed2a970d699d0afa2fcc0382f2e0ec47bdab98c00e9bb2f70fcc48,['cpu'],"['reference_not_ranking', 'historical_competitors_not_rerun', 'system_resources_not_exclusive']"
covariance,cova_serial_cpu,default,same_process,observed,5.472300177090801,covariance,7eb28298bd66038f57228eeb106197ae1ac32685,6,3,58b3a80d268ca9926b9a85556fa505122524ca4c66cc443c90a1e88c8ffec02f,af17a377caed2a970d699d0afa2fcc0382f2e0ec47bdab98c00e9bb2f70fcc48,['cpu'],"['reference_not_ranking', 'historical_competitors_not_rerun', 'system_resources_not_exclusive']"
covariance,cova_openmp_cpu,default,initialization,observed,9.107675173087046,covariance,7eb28298bd66038f57228eeb106197ae1ac32685,1,1,58b3a80d268ca9926b9a85556fa505122524ca4c66cc443c90a1e88c8ffec02f,af17a377caed2a970d699d0afa2fcc0382f2e0ec47bdab98c00e9bb2f70fcc48,['cpu'],"['reference_not_ranking', 'historical_competitors_not_rerun', 'system_resources_not_exclusive']"
covariance,cova_openmp_cpu,default,fresh_process,observed,6.686572987935506,covariance,7eb28298bd66038f57228eeb106197ae1ac32685,2,2,58b3a80d268ca9926b9a85556fa505122524ca4c66cc443c90a1e88c8ffec02f,af17a377caed2a970d699d0afa2fcc0382f2e0ec47bdab98c00e9bb2f70fcc48,['cpu'],"['reference_not_ranking', 'historical_competitors_not_rerun', 'system_resources_not_exclusive']"
covariance,cova_openmp_cpu,default,same_process,observed,5.896692011039704,covariance,7eb28298bd66038f57228eeb106197ae1ac32685,6,3,58b3a80d268ca9926b9a85556fa505122524ca4c66cc443c90a1e88c8ffec02f,af17a377caed2a970d699d0afa2fcc0382f2e0ec47bdab98c00e9bb2f70fcc48,['cpu'],"['reference_not_ranking', 'historical_competitors_not_rerun', 'system_resources_not_exclusive']"
covariance,cova_llvm_cpu_serial,default,initialization,observed,9.158686036011204,covariance,7eb28298bd66038f57228eeb106197ae1ac32685,1,1,58b3a80d268ca9926b9a85556fa505122524ca4c66cc443c90a1e88c8ffec02f,af17a377caed2a970d699d0afa2fcc0382f2e0ec47bdab98c00e9bb2f70fcc48,['cpu'],"['reference_not_ranking', 'historical_competitors_not_rerun', 'system_resources_not_exclusive']"
covariance,cova_llvm_cpu_serial,default,fresh_process,observed,6.048844055621885,covariance,7eb28298bd66038f57228eeb106197ae1ac32685,2,2,58b3a80d268ca9926b9a85556fa505122524ca4c66cc443c90a1e88c8ffec02f,af17a377caed2a970d699d0afa2fcc0382f2e0ec47bdab98c00e9bb2f70fcc48,['cpu'],"['reference_not_ranking', 'historical_competitors_not_rerun', 'system_resources_not_exclusive']"
covariance,cova_llvm_cpu_serial,default,same_process,observed,5.083055570023134,covariance,7eb28298bd66038f57228eeb106197ae1ac32685,6,3,58b3a80d268ca9926b9a85556fa505122524ca4c66cc443c90a1e88c8ffec02f,af17a377caed2a970d699d0afa2fcc0382f2e0ec47bdab98c00e9bb2f70fcc48,['cpu'],"['reference_not_ranking', 'historical_competitors_not_rerun', 'system_resources_not_exclusive']"
covariance,cova_llvm_cpu,default,initialization,observed,8.749477114062756,covariance,7eb28298bd66038f57228eeb106197ae1ac32685,1,1,58b3a80d268ca9926b9a85556fa505122524ca4c66cc443c90a1e88c8ffec02f,af17a377caed2a970d699d0afa2fcc0382f2e0ec47bdab98c00e9bb2f70fcc48,['cpu'],"['reference_not_ranking', 'historical_competitors_not_rerun', 'system_resources_not_exclusive']"
covariance,cova_llvm_cpu,default,fresh_process,observed,2.897466850001365,covariance,7eb28298bd66038f57228eeb106197ae1ac32685,2,2,58b3a80d268ca9926b9a85556fa505122524ca4c66cc443c90a1e88c8ffec02f,af17a377caed2a970d699d0afa2fcc0382f2e0ec47bdab98c00e9bb2f70fcc48,['cpu'],"['reference_not_ranking', 'historical_competitors_not_rerun', 'system_resources_not_exclusive']"
covariance,cova_llvm_cpu,default,same_process,observed,2.425223309546709,covariance,7eb28298bd66038f57228eeb106197ae1ac32685,6,3,58b3a80d268ca9926b9a85556fa505122524ca4c66cc443c90a1e88c8ffec02f,af17a377caed2a970d699d0afa2fcc0382f2e0ec47bdab98c00e9bb2f70fcc48,['cpu'],"['reference_not_ranking', 'historical_competitors_not_rerun', 'system_resources_not_exclusive']"
covariance,cova_openmp_gpu,default,initialization,observed,95.04393246094696,covariance,7eb28298bd66038f57228eeb106197ae1ac32685,1,1,58b3a80d268ca9926b9a85556fa505122524ca4c66cc443c90a1e88c8ffec02f,af17a377caed2a970d699d0afa2fcc0382f2e0ec47bdab98c00e9bb2f70fcc48,['cpu'],"['reference_not_ranking', 'historical_competitors_not_rerun', 'system_resources_not_exclusive', 'gpu_placement_metadata_only']"
covariance,cova_openmp_gpu,default,fresh_process,observed,91.71279743895866,covariance,7eb28298bd66038f57228eeb106197ae1ac32685,2,2,58b3a80d268ca9926b9a85556fa505122524ca4c66cc443c90a1e88c8ffec02f,af17a377caed2a970d699d0afa2fcc0382f2e0ec47bdab98c00e9bb2f70fcc48,['cpu'],"['reference_not_ranking', 'historical_competitors_not_rerun', 'system_resources_not_exclusive', 'gpu_placement_metadata_only']"
covariance,cova_openmp_gpu,default,same_process,observed,90.83487179258373,covariance,7eb28298bd66038f57228eeb106197ae1ac32685,6,3,58b3a80d268ca9926b9a85556fa505122524ca4c66cc443c90a1e88c8ffec02f,af17a377caed2a970d699d0afa2fcc0382f2e0ec47bdab98c00e9bb2f70fcc48,['cpu'],"['reference_not_ranking', 'historical_competitors_not_rerun', 'system_resources_not_exclusive', 'gpu_placement_metadata_only']"
covariance,cova_llvm_gpu,default,initialization,observed,8.250475770095363,covariance,7eb28298bd66038f57228eeb106197ae1ac32685,1,1,58b3a80d268ca9926b9a85556fa505122524ca4c66cc443c90a1e88c8ffec02f,af17a377caed2a970d699d0afa2fcc0382f2e0ec47bdab98c00e9bb2f70fcc48,['mixed'],"['reference_not_ranking', 'historical_competitors_not_rerun', 'system_resources_not_exclusive', 'gpu_placement_metadata_only']"
covariance,cova_llvm_gpu,default,fresh_process,observed,2.126118966960348,covariance,7eb28298bd66038f57228eeb106197ae1ac32685,2,2,58b3a80d268ca9926b9a85556fa505122524ca4c66cc443c90a1e88c8ffec02f,af17a377caed2a970d699d0afa2fcc0382f2e0ec47bdab98c00e9bb2f70fcc48,['mixed'],"['reference_not_ranking', 'historical_competitors_not_rerun', 'system_resources_not_exclusive', 'gpu_placement_metadata_only']"
covariance,cova_llvm_gpu,default,same_process,observed,1.6609696565428749,covariance,7eb28298bd66038f57228eeb106197ae1ac32685,6,3,58b3a80d268ca9926b9a85556fa505122524ca4c66cc443c90a1e88c8ffec02f,af17a377caed2a970d699d0afa2fcc0382f2e0ec47bdab98c00e9bb2f70fcc48,['mixed'],"['reference_not_ranking', 'historical_competitors_not_rerun', 'system_resources_not_exclusive', 'gpu_placement_metadata_only']"
covariance2,cova_serial_cpu,default,initialization,observed,29.864395271986723,covariance2,7eb28298bd66038f57228eeb106197ae1ac32685,1,1,b81db17e032d058c24615c34bdcb3c48ed5a23e6cf458082da80be982f4559fa,e1424bc66fff5f5bb8acd9b4f317faa2af4ea1da59094eb63d32d82413d01c9b,['cpu'],"['reference_not_ranking', 'historical_competitors_not_rerun', 'system_resources_not_exclusive']"
covariance2,cova_serial_cpu,default,fresh_process,observed,28.2782919195015,covariance2,7eb28298bd66038f57228eeb106197ae1ac32685,2,2,b81db17e032d058c24615c34bdcb3c48ed5a23e6cf458082da80be982f4559fa,e1424bc66fff5f5bb8acd9b4f317faa2af4ea1da59094eb63d32d82413d01c9b,['cpu'],"['reference_not_ranking', 'historical_competitors_not_rerun', 'system_resources_not_exclusive']"
covariance2,cova_serial_cpu,default,same_process,observed,26.886423379415646,covariance2,7eb28298bd66038f57228eeb106197ae1ac32685,6,3,b81db17e032d058c24615c34bdcb3c48ed5a23e6cf458082da80be982f4559fa,e1424bc66fff5f5bb8acd9b4f317faa2af4ea1da59094eb63d32d82413d01c9b,['cpu'],"['reference_not_ranking', 'historical_competitors_not_rerun', 'system_resources_not_exclusive']"
covariance2,cova_openmp_cpu,default,initialization,observed,6.641914634034038,covariance2,7eb28298bd66038f57228eeb106197ae1ac32685,1,1,b81db17e032d058c24615c34bdcb3c48ed5a23e6cf458082da80be982f4559fa,e1424bc66fff5f5bb8acd9b4f317faa2af4ea1da59094eb63d32d82413d01c9b,['cpu'],"['reference_not_ranking', 'historical_competitors_not_rerun', 'system_resources_not_exclusive']"
covariance2,cova_openmp_cpu,default,fresh_process,observed,4.024453748133965,covariance2,7eb28298bd66038f57228eeb106197ae1ac32685,2,2,b81db17e032d058c24615c34bdcb3c48ed5a23e6cf458082da80be982f4559fa,e1424bc66fff5f5bb8acd9b4f317faa2af4ea1da59094eb63d32d82413d01c9b,['cpu'],"['reference_not_ranking', 'historical_competitors_not_rerun', 'system_resources_not_exclusive']"
covariance2,cova_openmp_cpu,default,same_process,observed,3.806773846503347,covariance2,7eb28298bd66038f57228eeb106197ae1ac32685,6,3,b81db17e032d058c24615c34bdcb3c48ed5a23e6cf458082da80be982f4559fa,e1424bc66fff5f5bb8acd9b4f317faa2af4ea1da59094eb63d32d82413d01c9b,['cpu'],"['reference_not_ranking', 'historical_competitors_not_rerun', 'system_resources_not_exclusive']"
covariance2,cova_llvm_cpu_serial,default,initialization,observed,6.973811432020739,covariance2,7eb28298bd66038f57228eeb106197ae1ac32685,1,1,b81db17e032d058c24615c34bdcb3c48ed5a23e6cf458082da80be982f4559fa,e1424bc66fff5f5bb8acd9b4f317faa2af4ea1da59094eb63d32d82413d01c9b,['cpu'],"['reference_not_ranking', 'historical_competitors_not_rerun', 'system_resources_not_exclusive']"
covariance2,cova_llvm_cpu_serial,default,fresh_process,observed,2.4898394210031256,covariance2,7eb28298bd66038f57228eeb106197ae1ac32685,2,2,b81db17e032d058c24615c34bdcb3c48ed5a23e6cf458082da80be982f4559fa,e1424bc66fff5f5bb8acd9b4f317faa2af4ea1da59094eb63d32d82413d01c9b,['cpu'],"['reference_not_ranking', 'historical_competitors_not_rerun', 'system_resources_not_exclusive']"
covariance2,cova_llvm_cpu_serial,default,same_process,observed,1.7998281054897234,covariance2,7eb28298bd66038f57228eeb106197ae1ac32685,6,3,b81db17e032d058c24615c34bdcb3c48ed5a23e6cf458082da80be982f4559fa,e1424bc66fff5f5bb8acd9b4f317faa2af4ea1da59094eb63d32d82413d01c9b,['cpu'],"['reference_not_ranking', 'historical_competitors_not_rerun', 'system_resources_not_exclusive']"
covariance2,cova_llvm_cpu,default,initialization,observed,7.072391005931422,covariance2,7eb28298bd66038f57228eeb106197ae1ac32685,1,1,b81db17e032d058c24615c34bdcb3c48ed5a23e6cf458082da80be982f4559fa,e1424bc66fff5f5bb8acd9b4f317faa2af4ea1da59094eb63d32d82413d01c9b,['cpu'],"['reference_not_ranking', 'historical_competitors_not_rerun', 'system_resources_not_exclusive']"
covariance2,cova_llvm_cpu,default,fresh_process,observed,0.8928444994380698,covariance2,7eb28298bd66038f57228eeb106197ae1ac32685,2,2,b81db17e032d058c24615c34bdcb3c48ed5a23e6cf458082da80be982f4559fa,e1424bc66fff5f5bb8acd9b4f317faa2af4ea1da59094eb63d32d82413d01c9b,['cpu'],"['reference_not_ranking', 'historical_competitors_not_rerun', 'system_resources_not_exclusive']"
covariance2,cova_llvm_cpu,default,same_process,observed,0.8695900056045502,covariance2,7eb28298bd66038f57228eeb106197ae1ac32685,6,3,b81db17e032d058c24615c34bdcb3c48ed5a23e6cf458082da80be982f4559fa,e1424bc66fff5f5bb8acd9b4f317faa2af4ea1da59094eb63d32d82413d01c9b,['cpu'],"['reference_not_ranking', 'historical_competitors_not_rerun', 'system_resources_not_exclusive']"
covariance2,cova_openmp_gpu,default,initialization,observed,8.747962136054412,covariance2,7eb28298bd66038f57228eeb106197ae1ac32685,1,1,b81db17e032d058c24615c34bdcb3c48ed5a23e6cf458082da80be982f4559fa,e1424bc66fff5f5bb8acd9b4f317faa2af4ea1da59094eb63d32d82413d01c9b,['gpu'],"['reference_not_ranking', 'historical_competitors_not_rerun', 'system_resources_not_exclusive', 'gpu_placement_metadata_only']"
covariance2,cova_openmp_gpu,default,fresh_process,observed,1.6212293279822916,covariance2,7eb28298bd66038f57228eeb106197ae1ac32685,2,2,b81db17e032d058c24615c34bdcb3c48ed5a23e6cf458082da80be982f4559fa,e1424bc66fff5f5bb8acd9b4f317faa2af4ea1da59094eb63d32d82413d01c9b,['gpu'],"['reference_not_ranking', 'historical_competitors_not_rerun', 'system_resources_not_exclusive', 'gpu_placement_metadata_only']"
covariance2,cova_openmp_gpu,default,same_process,observed,1.1287421190645546,covariance2,7eb28298bd66038f57228eeb106197ae1ac32685,6,3,b81db17e032d058c24615c34bdcb3c48ed5a23e6cf458082da80be982f4559fa,e1424bc66fff5f5bb8acd9b4f317faa2af4ea1da59094eb63d32d82413d01c9b,['gpu'],"['reference_not_ranking', 'historical_competitors_not_rerun', 'system_resources_not_exclusive', 'gpu_placement_metadata_only']"
covariance2,cova_llvm_gpu,default,initialization,observed,7.685206139925867,covariance2,7eb28298bd66038f57228eeb106197ae1ac32685,1,1,b81db17e032d058c24615c34bdcb3c48ed5a23e6cf458082da80be982f4559fa,e1424bc66fff5f5bb8acd9b4f317faa2af4ea1da59094eb63d32d82413d01c9b,['gpu'],"['reference_not_ranking', 'historical_competitors_not_rerun', 'system_resources_not_exclusive', 'gpu_placement_metadata_only']"
covariance2,cova_llvm_gpu,default,fresh_process,observed,0.5912490515038371,covariance2,7eb28298bd66038f57228eeb106197ae1ac32685,2,2,b81db17e032d058c24615c34bdcb3c48ed5a23e6cf458082da80be982f4559fa,e1424bc66fff5f5bb8acd9b4f317faa2af4ea1da59094eb63d32d82413d01c9b,['gpu'],"['reference_not_ranking', 'historical_competitors_not_rerun', 'system_resources_not_exclusive', 'gpu_placement_metadata_only']"
covariance2,cova_llvm_gpu,default,same_process,observed,0.0680758535163477,covariance2,7eb28298bd66038f57228eeb106197ae1ac32685,6,3,b81db17e032d058c24615c34bdcb3c48ed5a23e6cf458082da80be982f4559fa,e1424bc66fff5f5bb8acd9b4f317faa2af4ea1da59094eb63d32d82413d01c9b,['gpu'],"['reference_not_ranking', 'historical_competitors_not_rerun', 'system_resources_not_exclusive', 'gpu_placement_metadata_only']"
crc16,cova_serial_cpu,default,initialization,observed,1.7585349830333143,crc16,7eb28298bd66038f57228eeb106197ae1ac32685,1,1,a7203e25a233dc7df7310c8693f87c1b6b61fb79f1dbf0005a64f986bb9b4471,f5e374255acb40d3b61ef049439a216956523578089519cdbac1c787454c279b,['cpu'],"['reference_not_ranking', 'historical_competitors_not_rerun', 'system_resources_not_exclusive']"
crc16,cova_serial_cpu,default,fresh_process,observed,0.03138307959306985,crc16,7eb28298bd66038f57228eeb106197ae1ac32685,2,2,a7203e25a233dc7df7310c8693f87c1b6b61fb79f1dbf0005a64f986bb9b4471,f5e374255acb40d3b61ef049439a216956523578089519cdbac1c787454c279b,['cpu'],"['reference_not_ranking', 'historical_competitors_not_rerun', 'system_resources_not_exclusive']"
crc16,cova_serial_cpu,default,same_process,observed,0.019235228886827826,crc16,7eb28298bd66038f57228eeb106197ae1ac32685,6,3,a7203e25a233dc7df7310c8693f87c1b6b61fb79f1dbf0005a64f986bb9b4471,f5e374255acb40d3b61ef049439a216956523578089519cdbac1c787454c279b,['cpu'],"['reference_not_ranking', 'historical_competitors_not_rerun', 'system_resources_not_exclusive']"
crc16,cova_openmp_cpu,default,initialization,observed,2.376839875942096,crc16,7eb28298bd66038f57228eeb106197ae1ac32685,1,1,a7203e25a233dc7df7310c8693f87c1b6b61fb79f1dbf0005a64f986bb9b4471,f5e374255acb40d3b61ef049439a216956523578089519cdbac1c787454c279b,['cpu'],"['reference_not_ranking', 'historical_competitors_not_rerun', 'system_resources_not_exclusive']"
crc16,cova_openmp_cpu,default,fresh_process,observed,0.02554998593404889,crc16,7eb28298bd66038f57228eeb106197ae1ac32685,2,2,a7203e25a233dc7df7310c8693f87c1b6b61fb79f1dbf0005a64f986bb9b4471,f5e374255acb40d3b61ef049439a216956523578089519cdbac1c787454c279b,['cpu'],"['reference_not_ranking', 'historical_competitors_not_rerun', 'system_resources_not_exclusive']"
crc16,cova_openmp_cpu,default,same_process,observed,0.017762291594408453,crc16,7eb28298bd66038f57228eeb106197ae1ac32685,6,3,a7203e25a233dc7df7310c8693f87c1b6b61fb79f1dbf0005a64f986bb9b4471,f5e374255acb40d3b61ef049439a216956523578089519cdbac1c787454c279b,['cpu'],"['reference_not_ranking', 'historical_competitors_not_rerun', 'system_resources_not_exclusive']"
crc16,cova_llvm_cpu_serial,default,initialization,observed,1.4512944540474564,crc16,7eb28298bd66038f57228eeb106197ae1ac32685,1,1,a7203e25a233dc7df7310c8693f87c1b6b61fb79f1dbf0005a64f986bb9b4471,f5e374255acb40d3b61ef049439a216956523578089519cdbac1c787454c279b,['cpu'],"['reference_not_ranking', 'historical_competitors_not_rerun', 'system_resources_not_exclusive']"
crc16,cova_llvm_cpu_serial,default,fresh_process,observed,0.031552108586765826,crc16,7eb28298bd66038f57228eeb106197ae1ac32685,2,2,a7203e25a233dc7df7310c8693f87c1b6b61fb79f1dbf0005a64f986bb9b4471,f5e374255acb40d3b61ef049439a216956523578089519cdbac1c787454c279b,['cpu'],"['reference_not_ranking', 'historical_competitors_not_rerun', 'system_resources_not_exclusive']"
crc16,cova_llvm_cpu_serial,default,same_process,observed,0.021213714499026537,crc16,7eb28298bd66038f57228eeb106197ae1ac32685,6,3,a7203e25a233dc7df7310c8693f87c1b6b61fb79f1dbf0005a64f986bb9b4471,f5e374255acb40d3b61ef049439a216956523578089519cdbac1c787454c279b,['cpu'],"['reference_not_ranking', 'historical_competitors_not_rerun', 'system_resources_not_exclusive']"
crc16,cova_llvm_cpu,default,initialization,observed,1.7813550408463925,crc16,7eb28298bd66038f57228eeb106197ae1ac32685,1,1,a7203e25a233dc7df7310c8693f87c1b6b61fb79f1dbf0005a64f986bb9b4471,f5e374255acb40d3b61ef049439a216956523578089519cdbac1c787454c279b,['cpu'],"['reference_not_ranking', 'historical_competitors_not_rerun', 'system_resources_not_exclusive']"
crc16,cova_llvm_cpu,default,fresh_process,observed,0.030380313051864505,crc16,7eb28298bd66038f57228eeb106197ae1ac32685,2,2,a7203e25a233dc7df7310c8693f87c1b6b61fb79f1dbf0005a64f986bb9b4471,f5e374255acb40d3b61ef049439a216956523578089519cdbac1c787454c279b,['cpu'],"['reference_not_ranking', 'historical_competitors_not_rerun', 'system_resources_not_exclusive']"
crc16,cova_llvm_cpu,default,same_process,observed,0.020523542538285255,crc16,7eb28298bd66038f57228eeb106197ae1ac32685,6,3,a7203e25a233dc7df7310c8693f87c1b6b61fb79f1dbf0005a64f986bb9b4471,f5e374255acb40d3b61ef049439a216956523578089519cdbac1c787454c279b,['cpu'],"['reference_not_ranking', 'historical_competitors_not_rerun', 'system_resources_not_exclusive']"
crc16,cova_openmp_gpu,default,initialization,observed,5.038072773022577,crc16,7eb28298bd66038f57228eeb106197ae1ac32685,1,1,a7203e25a233dc7df7310c8693f87c1b6b61fb79f1dbf0005a64f986bb9b4471,f5e374255acb40d3b61ef049439a216956523578089519cdbac1c787454c279b,['gpu'],"['reference_not_ranking', 'historical_competitors_not_rerun', 'system_resources_not_exclusive', 'gpu_placement_metadata_only']"
crc16,cova_openmp_gpu,default,fresh_process,observed,0.3636019844561815,crc16,7eb28298bd66038f57228eeb106197ae1ac32685,2,2,a7203e25a233dc7df7310c8693f87c1b6b61fb79f1dbf0005a64f986bb9b4471,f5e374255acb40d3b61ef049439a216956523578089519cdbac1c787454c279b,['gpu'],"['reference_not_ranking', 'historical_competitors_not_rerun', 'system_resources_not_exclusive', 'gpu_placement_metadata_only']"
crc16,cova_openmp_gpu,default,same_process,observed,0.06291618302930146,crc16,7eb28298bd66038f57228eeb106197ae1ac32685,6,3,a7203e25a233dc7df7310c8693f87c1b6b61fb79f1dbf0005a64f986bb9b4471,f5e374255acb40d3b61ef049439a216956523578089519cdbac1c787454c279b,['gpu'],"['reference_not_ranking', 'historical_competitors_not_rerun', 'system_resources_not_exclusive', 'gpu_placement_metadata_only']"
crc16,cova_llvm_gpu,default,initialization,observed,4.697149832965806,crc16,7eb28298bd66038f57228eeb106197ae1ac32685,1,1,a7203e25a233dc7df7310c8693f87c1b6b61fb79f1dbf0005a64f986bb9b4471,f5e374255acb40d3b61ef049439a216956523578089519cdbac1c787454c279b,['mixed'],"['reference_not_ranking', 'historical_competitors_not_rerun', 'system_resources_not_exclusive', 'gpu_placement_metadata_only']"
crc16,cova_llvm_gpu,default,fresh_process,observed,0.3716200729832053,crc16,7eb28298bd66038f57228eeb106197ae1ac32685,2,2,a7203e25a233dc7df7310c8693f87c1b6b61fb79f1dbf0005a64f986bb9b4471,f5e374255acb40d3b61ef049439a216956523578089519cdbac1c787454c279b,['mixed'],"['reference_not_ranking', 'historical_competitors_not_rerun', 'system_resources_not_exclusive', 'gpu_placement_metadata_only']"
crc16,cova_llvm_gpu,default,same_process,observed,0.1068698059534654,crc16,7eb28298bd66038f57228eeb106197ae1ac32685,6,3,a7203e25a233dc7df7310c8693f87c1b6b61fb79f1dbf0005a64f986bb9b4471,f5e374255acb40d3b61ef049439a216956523578089519cdbac1c787454c279b,['mixed'],"['reference_not_ranking', 'historical_competitors_not_rerun', 'system_resources_not_exclusive', 'gpu_placement_metadata_only']"
deriche,cova_serial_cpu,default,initialization,observed,3.890675213187933,deriche,7eb28298bd66038f57228eeb106197ae1ac32685,1,1,ef9e5773989e084d7d1b667806f77c2b4ac4ac430dad3a2726f189d79dc3abc8,86bedd90fc265ce6365b560b64f12b89d3c2d5bf501294f5352e2a58074f9840,['cpu'],"['reference_not_ranking', 'historical_competitors_not_rerun', 'system_resources_not_exclusive']"
deriche,cova_serial_cpu,default,fresh_process,observed,1.3387020759982988,deriche,7eb28298bd66038f57228eeb106197ae1ac32685,2,2,ef9e5773989e084d7d1b667806f77c2b4ac4ac430dad3a2726f189d79dc3abc8,86bedd90fc265ce6365b560b64f12b89d3c2d5bf501294f5352e2a58074f9840,['cpu'],"['reference_not_ranking', 'historical_competitors_not_rerun', 'system_resources_not_exclusive']"
deriche,cova_serial_cpu,default,same_process,observed,0.620923402835615,deriche,7eb28298bd66038f57228eeb106197ae1ac32685,6,3,ef9e5773989e084d7d1b667806f77c2b4ac4ac430dad3a2726f189d79dc3abc8,86bedd90fc265ce6365b560b64f12b89d3c2d5bf501294f5352e2a58074f9840,['cpu'],"['reference_not_ranking', 'historical_competitors_not_rerun', 'system_resources_not_exclusive']"
deriche,cova_openmp_cpu,default,initialization,observed,6.112884318921715,deriche,7eb28298bd66038f57228eeb106197ae1ac32685,1,1,ef9e5773989e084d7d1b667806f77c2b4ac4ac430dad3a2726f189d79dc3abc8,86bedd90fc265ce6365b560b64f12b89d3c2d5bf501294f5352e2a58074f9840,['cpu'],"['reference_not_ranking', 'historical_competitors_not_rerun', 'system_resources_not_exclusive']"
deriche,cova_openmp_cpu,default,fresh_process,observed,4.05617853149306,deriche,7eb28298bd66038f57228eeb106197ae1ac32685,2,2,ef9e5773989e084d7d1b667806f77c2b4ac4ac430dad3a2726f189d79dc3abc8,86bedd90fc265ce6365b560b64f12b89d3c2d5bf501294f5352e2a58074f9840,['cpu'],"['reference_not_ranking', 'historical_competitors_not_rerun', 'system_resources_not_exclusive']"
deriche,cova_openmp_cpu,default,same_process,observed,4.02098718599882,deriche,7eb28298bd66038f57228eeb106197ae1ac32685,6,3,ef9e5773989e084d7d1b667806f77c2b4ac4ac430dad3a2726f189d79dc3abc8,86bedd90fc265ce6365b560b64f12b89d3c2d5bf501294f5352e2a58074f9840,['cpu'],"['reference_not_ranking', 'historical_competitors_not_rerun', 'system_resources_not_exclusive']"
deriche,cova_llvm_cpu_serial,default,initialization,observed,4.008229492930695,deriche,7eb28298bd66038f57228eeb106197ae1ac32685,1,1,ef9e5773989e084d7d1b667806f77c2b4ac4ac430dad3a2726f189d79dc3abc8,86bedd90fc265ce6365b560b64f12b89d3c2d5bf501294f5352e2a58074f9840,['cpu'],"['reference_not_ranking', 'historical_competitors_not_rerun', 'system_resources_not_exclusive']"
deriche,cova_llvm_cpu_serial,default,fresh_process,observed,1.1313530650222674,deriche,7eb28298bd66038f57228eeb106197ae1ac32685,2,2,ef9e5773989e084d7d1b667806f77c2b4ac4ac430dad3a2726f189d79dc3abc8,86bedd90fc265ce6365b560b64f12b89d3c2d5bf501294f5352e2a58074f9840,['cpu'],"['reference_not_ranking', 'historical_competitors_not_rerun', 'system_resources_not_exclusive']"
deriche,cova_llvm_cpu_serial,default,same_process,observed,1.0385128309717402,deriche,7eb28298bd66038f57228eeb106197ae1ac32685,6,3,ef9e5773989e084d7d1b667806f77c2b4ac4ac430dad3a2726f189d79dc3abc8,86bedd90fc265ce6365b560b64f12b89d3c2d5bf501294f5352e2a58074f9840,['cpu'],"['reference_not_ranking', 'historical_competitors_not_rerun', 'system_resources_not_exclusive']"
deriche,cova_llvm_cpu,default,initialization,observed,8.422485251910985,deriche,7eb28298bd66038f57228eeb106197ae1ac32685,1,1,ef9e5773989e084d7d1b667806f77c2b4ac4ac430dad3a2726f189d79dc3abc8,86bedd90fc265ce6365b560b64f12b89d3c2d5bf501294f5352e2a58074f9840,['cpu'],"['reference_not_ranking', 'historical_competitors_not_rerun', 'system_resources_not_exclusive']"
deriche,cova_llvm_cpu,default,fresh_process,observed,4.350233289063908,deriche,7eb28298bd66038f57228eeb106197ae1ac32685,2,2,ef9e5773989e084d7d1b667806f77c2b4ac4ac430dad3a2726f189d79dc3abc8,86bedd90fc265ce6365b560b64f12b89d3c2d5bf501294f5352e2a58074f9840,['cpu'],"['reference_not_ranking', 'historical_competitors_not_rerun', 'system_resources_not_exclusive']"
deriche,cova_llvm_cpu,default,same_process,observed,3.0845963864121586,deriche,7eb28298bd66038f57228eeb106197ae1ac32685,6,3,ef9e5773989e084d7d1b667806f77c2b4ac4ac430dad3a2726f189d79dc3abc8,86bedd90fc265ce6365b560b64f12b89d3c2d5bf501294f5352e2a58074f9840,['cpu'],"['reference_not_ranking', 'historical_competitors_not_rerun', 'system_resources_not_exclusive']"
deriche,cova_openmp_gpu,default,initialization,observed,74.14455412793905,deriche,7eb28298bd66038f57228eeb106197ae1ac32685,1,1,ef9e5773989e084d7d1b667806f77c2b4ac4ac430dad3a2726f189d79dc3abc8,86bedd90fc265ce6365b560b64f12b89d3c2d5bf501294f5352e2a58074f9840,['gpu'],"['reference_not_ranking', 'historical_competitors_not_rerun', 'system_resources_not_exclusive', 'gpu_placement_metadata_only']"
deriche,cova_openmp_gpu,default,fresh_process,observed,64.45649072504602,deriche,7eb28298bd66038f57228eeb106197ae1ac32685,2,2,ef9e5773989e084d7d1b667806f77c2b4ac4ac430dad3a2726f189d79dc3abc8,86bedd90fc265ce6365b560b64f12b89d3c2d5bf501294f5352e2a58074f9840,['gpu'],"['reference_not_ranking', 'historical_competitors_not_rerun', 'system_resources_not_exclusive', 'gpu_placement_metadata_only']"
deriche,cova_openmp_gpu,default,same_process,observed,64.24243185599335,deriche,7eb28298bd66038f57228eeb106197ae1ac32685,6,3,ef9e5773989e084d7d1b667806f77c2b4ac4ac430dad3a2726f189d79dc3abc8,86bedd90fc265ce6365b560b64f12b89d3c2d5bf501294f5352e2a58074f9840,['gpu'],"['reference_not_ranking', 'historical_competitors_not_rerun', 'system_resources_not_exclusive', 'gpu_placement_metadata_only']"
deriche,cova_llvm_gpu,default,initialization,observed,8.391985271126032,deriche,7eb28298bd66038f57228eeb106197ae1ac32685,1,1,ef9e5773989e084d7d1b667806f77c2b4ac4ac430dad3a2726f189d79dc3abc8,86bedd90fc265ce6365b560b64f12b89d3c2d5bf501294f5352e2a58074f9840,['mixed'],"['reference_not_ranking', 'historical_competitors_not_rerun', 'system_resources_not_exclusive', 'gpu_placement_metadata_only']"
deriche,cova_llvm_gpu,default,fresh_process,observed,1.0915100415004417,deriche,7eb28298bd66038f57228eeb106197ae1ac32685,2,2,ef9e5773989e084d7d1b667806f77c2b4ac4ac430dad3a2726f189d79dc3abc8,86bedd90fc265ce6365b560b64f12b89d3c2d5bf501294f5352e2a58074f9840,['mixed'],"['reference_not_ranking', 'historical_competitors_not_rerun', 'system_resources_not_exclusive', 'gpu_placement_metadata_only']"
deriche,cova_llvm_gpu,default,same_process,observed,0.7516296488465741,deriche,7eb28298bd66038f57228eeb106197ae1ac32685,6,3,ef9e5773989e084d7d1b667806f77c2b4ac4ac430dad3a2726f189d79dc3abc8,86bedd90fc265ce6365b560b64f12b89d3c2d5bf501294f5352e2a58074f9840,['mixed'],"['reference_not_ranking', 'historical_competitors_not_rerun', 'system_resources_not_exclusive', 'gpu_placement_metadata_only']"
doitgen,cova_serial_cpu,default,initialization,observed,14.544542125891894,doitgen,7eb28298bd66038f57228eeb106197ae1ac32685,1,1,0a710e9d831ec217703666c373d0b37a2be01b536d40ad9f598bb77b08a6f7ff,e54ec8efb6b8a7fe086a96f3c0074529002b4a5aad97bbd19161c0a49cf1bb9d,['cpu'],"['reference_not_ranking', 'historical_competitors_not_rerun', 'system_resources_not_exclusive']"
doitgen,cova_serial_cpu,default,fresh_process,observed,11.244593106559478,doitgen,7eb28298bd66038f57228eeb106197ae1ac32685,2,2,0a710e9d831ec217703666c373d0b37a2be01b536d40ad9f598bb77b08a6f7ff,e54ec8efb6b8a7fe086a96f3c0074529002b4a5aad97bbd19161c0a49cf1bb9d,['cpu'],"['reference_not_ranking', 'historical_competitors_not_rerun', 'system_resources_not_exclusive']"
doitgen,cova_serial_cpu,default,same_process,observed,10.164206696441397,doitgen,7eb28298bd66038f57228eeb106197ae1ac32685,6,3,0a710e9d831ec217703666c373d0b37a2be01b536d40ad9f598bb77b08a6f7ff,e54ec8efb6b8a7fe086a96f3c0074529002b4a5aad97bbd19161c0a49cf1bb9d,['cpu'],"['reference_not_ranking', 'historical_competitors_not_rerun', 'system_resources_not_exclusive']"
doitgen,cova_openmp_cpu,default,initialization,observed,3.631145508028567,doitgen,7eb28298bd66038f57228eeb106197ae1ac32685,1,1,0a710e9d831ec217703666c373d0b37a2be01b536d40ad9f598bb77b08a6f7ff,e54ec8efb6b8a7fe086a96f3c0074529002b4a5aad97bbd19161c0a49cf1bb9d,['cpu'],"['reference_not_ranking', 'historical_competitors_not_rerun', 'system_resources_not_exclusive']"
doitgen,cova_openmp_cpu,default,fresh_process,observed,1.4284771148813888,doitgen,7eb28298bd66038f57228eeb106197ae1ac32685,2,2,0a710e9d831ec217703666c373d0b37a2be01b536d40ad9f598bb77b08a6f7ff,e54ec8efb6b8a7fe086a96f3c0074529002b4a5aad97bbd19161c0a49cf1bb9d,['cpu'],"['reference_not_ranking', 'historical_competitors_not_rerun', 'system_resources_not_exclusive']"
doitgen,cova_openmp_cpu,default,same_process,observed,1.430740021984093,doitgen,7eb28298bd66038f57228eeb106197ae1ac32685,6,3,0a710e9d831ec217703666c373d0b37a2be01b536d40ad9f598bb77b08a6f7ff,e54ec8efb6b8a7fe086a96f3c0074529002b4a5aad97bbd19161c0a49cf1bb9d,['cpu'],"['reference_not_ranking', 'historical_competitors_not_rerun', 'system_resources_not_exclusive']"
doitgen,cova_llvm_cpu_serial,default,initialization,observed,5.914524915860966,doitgen,7eb28298bd66038f57228eeb106197ae1ac32685,1,1,0a710e9d831ec217703666c373d0b37a2be01b536d40ad9f598bb77b08a6f7ff,e54ec8efb6b8a7fe086a96f3c0074529002b4a5aad97bbd19161c0a49cf1bb9d,['cpu'],"['reference_not_ranking', 'historical_competitors_not_rerun', 'system_resources_not_exclusive']"
doitgen,cova_llvm_cpu_serial,default,fresh_process,observed,1.2892494905972853,doitgen,7eb28298bd66038f57228eeb106197ae1ac32685,2,2,0a710e9d831ec217703666c373d0b37a2be01b536d40ad9f598bb77b08a6f7ff,e54ec8efb6b8a7fe086a96f3c0074529002b4a5aad97bbd19161c0a49cf1bb9d,['cpu'],"['reference_not_ranking', 'historical_competitors_not_rerun', 'system_resources_not_exclusive']"
doitgen,cova_llvm_cpu_serial,default,same_process,observed,1.0770288340281695,doitgen,7eb28298bd66038f57228eeb106197ae1ac32685,6,3,0a710e9d831ec217703666c373d0b37a2be01b536d40ad9f598bb77b08a6f7ff,e54ec8efb6b8a7fe086a96f3c0074529002b4a5aad97bbd19161c0a49cf1bb9d,['cpu'],"['reference_not_ranking', 'historical_competitors_not_rerun', 'system_resources_not_exclusive']"
doitgen,cova_llvm_cpu,default,initialization,observed,6.748165159020573,doitgen,7eb28298bd66038f57228eeb106197ae1ac32685,1,1,0a710e9d831ec217703666c373d0b37a2be01b536d40ad9f598bb77b08a6f7ff,e54ec8efb6b8a7fe086a96f3c0074529002b4a5aad97bbd19161c0a49cf1bb9d,['cpu'],"['reference_not_ranking', 'historical_competitors_not_rerun', 'system_resources_not_exclusive']"
doitgen,cova_llvm_cpu,default,fresh_process,observed,0.5922359864925966,doitgen,7eb28298bd66038f57228eeb106197ae1ac32685,2,2,0a710e9d831ec217703666c373d0b37a2be01b536d40ad9f598bb77b08a6f7ff,e54ec8efb6b8a7fe086a96f3c0074529002b4a5aad97bbd19161c0a49cf1bb9d,['cpu'],"['reference_not_ranking', 'historical_competitors_not_rerun', 'system_resources_not_exclusive']"
doitgen,cova_llvm_cpu,default,same_process,observed,0.47625569452065974,doitgen,7eb28298bd66038f57228eeb106197ae1ac32685,6,3,0a710e9d831ec217703666c373d0b37a2be01b536d40ad9f598bb77b08a6f7ff,e54ec8efb6b8a7fe086a96f3c0074529002b4a5aad97bbd19161c0a49cf1bb9d,['cpu'],"['reference_not_ranking', 'historical_competitors_not_rerun', 'system_resources_not_exclusive']"
doitgen,cova_openmp_gpu,default,initialization,observed,6.633443789090961,doitgen,7eb28298bd66038f57228eeb106197ae1ac32685,1,1,0a710e9d831ec217703666c373d0b37a2be01b536d40ad9f598bb77b08a6f7ff,e54ec8efb6b8a7fe086a96f3c0074529002b4a5aad97bbd19161c0a49cf1bb9d,['gpu'],"['reference_not_ranking', 'historical_competitors_not_rerun', 'system_resources_not_exclusive', 'gpu_placement_metadata_only']"
doitgen,cova_openmp_gpu,default,fresh_process,observed,0.6074549395125359,doitgen,7eb28298bd66038f57228eeb106197ae1ac32685,2,2,0a710e9d831ec217703666c373d0b37a2be01b536d40ad9f598bb77b08a6f7ff,e54ec8efb6b8a7fe086a96f3c0074529002b4a5aad97bbd19161c0a49cf1bb9d,['gpu'],"['reference_not_ranking', 'historical_competitors_not_rerun', 'system_resources_not_exclusive', 'gpu_placement_metadata_only']"
doitgen,cova_openmp_gpu,default,same_process,observed,0.11977586185093969,doitgen,7eb28298bd66038f57228eeb106197ae1ac32685,6,3,0a710e9d831ec217703666c373d0b37a2be01b536d40ad9f598bb77b08a6f7ff,e54ec8efb6b8a7fe086a96f3c0074529002b4a5aad97bbd19161c0a49cf1bb9d,['gpu'],"['reference_not_ranking', 'historical_competitors_not_rerun', 'system_resources_not_exclusive', 'gpu_placement_metadata_only']"
doitgen,cova_llvm_gpu,default,initialization,observed,7.534460766939446,doitgen,7eb28298bd66038f57228eeb106197ae1ac32685,1,1,0a710e9d831ec217703666c373d0b37a2be01b536d40ad9f598bb77b08a6f7ff,e54ec8efb6b8a7fe086a96f3c0074529002b4a5aad97bbd19161c0a49cf1bb9d,['gpu'],"['reference_not_ranking', 'historical_competitors_not_rerun', 'system_resources_not_exclusive', 'gpu_placement_metadata_only']"
doitgen,cova_llvm_gpu,default,fresh_process,observed,0.5357024994445965,doitgen,7eb28298bd66038f57228eeb106197ae1ac32685,2,2,0a710e9d831ec217703666c373d0b37a2be01b536d40ad9f598bb77b08a6f7ff,e54ec8efb6b8a7fe086a96f3c0074529002b4a5aad97bbd19161c0a49cf1bb9d,['gpu'],"['reference_not_ranking', 'historical_competitors_not_rerun', 'system_resources_not_exclusive', 'gpu_placement_metadata_only']"
doitgen,cova_llvm_gpu,default,same_process,observed,0.11549019499216229,doitgen,7eb28298bd66038f57228eeb106197ae1ac32685,6,3,0a710e9d831ec217703666c373d0b37a2be01b536d40ad9f598bb77b08a6f7ff,e54ec8efb6b8a7fe086a96f3c0074529002b4a5aad97bbd19161c0a49cf1bb9d,['gpu'],"['reference_not_ranking', 'historical_competitors_not_rerun', 'system_resources_not_exclusive', 'gpu_placement_metadata_only']"
durbin,cova_serial_cpu,default,initialization,observed,4.7308268959168345,durbin,7eb28298bd66038f57228eeb106197ae1ac32685,1,1,7437c8bf3a6ba1cbc2df811774313bdf292efa8f737e2b875afbdc1c26ff99aa,ce8fe98cca13e7ff78b2059649cf38d58a3f2af294a834c6e4698392b4e95b14,['cpu'],"['reference_not_ranking', 'historical_competitors_not_rerun', 'system_resources_not_exclusive']"
durbin,cova_serial_cpu,default,fresh_process,observed,2.4728801728924736,durbin,7eb28298bd66038f57228eeb106197ae1ac32685,2,2,7437c8bf3a6ba1cbc2df811774313bdf292efa8f737e2b875afbdc1c26ff99aa,ce8fe98cca13e7ff78b2059649cf38d58a3f2af294a834c6e4698392b4e95b14,['cpu'],"['reference_not_ranking', 'historical_competitors_not_rerun', 'system_resources_not_exclusive']"
durbin,cova_serial_cpu,default,same_process,observed,1.7044825393240899,durbin,7eb28298bd66038f57228eeb106197ae1ac32685,6,3,7437c8bf3a6ba1cbc2df811774313bdf292efa8f737e2b875afbdc1c26ff99aa,ce8fe98cca13e7ff78b2059649cf38d58a3f2af294a834c6e4698392b4e95b14,['cpu'],"['reference_not_ranking', 'historical_competitors_not_rerun', 'system_resources_not_exclusive']"
durbin,cova_openmp_cpu,default,initialization,observed,5.034249732969329,durbin,7eb28298bd66038f57228eeb106197ae1ac32685,1,1,7437c8bf3a6ba1cbc2df811774313bdf292efa8f737e2b875afbdc1c26ff99aa,ce8fe98cca13e7ff78b2059649cf38d58a3f2af294a834c6e4698392b4e95b14,['cpu'],"['reference_not_ranking', 'historical_competitors_not_rerun', 'system_resources_not_exclusive']"
durbin,cova_openmp_cpu,default,fresh_process,observed,2.3399360365001485,durbin,7eb28298bd66038f57228eeb106197ae1ac32685,2,2,7437c8bf3a6ba1cbc2df811774313bdf292efa8f737e2b875afbdc1c26ff99aa,ce8fe98cca13e7ff78b2059649cf38d58a3f2af294a834c6e4698392b4e95b14,['cpu'],"['reference_not_ranking', 'historical_competitors_not_rerun', 'system_resources_not_exclusive']"
durbin,cova_openmp_cpu,default,same_process,observed,1.7081779654836282,durbin,7eb28298bd66038f57228eeb106197ae1ac32685,6,3,7437c8bf3a6ba1cbc2df811774313bdf292efa8f737e2b875afbdc1c26ff99aa,ce8fe98cca13e7ff78b2059649cf38d58a3f2af294a834c6e4698392b4e95b14,['cpu'],"['reference_not_ranking', 'historical_competitors_not_rerun', 'system_resources_not_exclusive']"
durbin,cova_llvm_cpu_serial,default,initialization,observed,2.1478924530092627,durbin,7eb28298bd66038f57228eeb106197ae1ac32685,1,1,7437c8bf3a6ba1cbc2df811774313bdf292efa8f737e2b875afbdc1c26ff99aa,ce8fe98cca13e7ff78b2059649cf38d58a3f2af294a834c6e4698392b4e95b14,['cpu'],"['reference_not_ranking', 'historical_competitors_not_rerun', 'system_resources_not_exclusive']"
durbin,cova_llvm_cpu_serial,default,fresh_process,observed,0.6210277690552175,durbin,7eb28298bd66038f57228eeb106197ae1ac32685,2,2,7437c8bf3a6ba1cbc2df811774313bdf292efa8f737e2b875afbdc1c26ff99aa,ce8fe98cca13e7ff78b2059649cf38d58a3f2af294a834c6e4698392b4e95b14,['cpu'],"['reference_not_ranking', 'historical_competitors_not_rerun', 'system_resources_not_exclusive']"
durbin,cova_llvm_cpu_serial,default,same_process,observed,0.46420998801477253,durbin,7eb28298bd66038f57228eeb106197ae1ac32685,6,3,7437c8bf3a6ba1cbc2df811774313bdf292efa8f737e2b875afbdc1c26ff99aa,ce8fe98cca13e7ff78b2059649cf38d58a3f2af294a834c6e4698392b4e95b14,['cpu'],"['reference_not_ranking', 'historical_competitors_not_rerun', 'system_resources_not_exclusive']"
durbin,cova_llvm_cpu,default,initialization,observed,2.5219466951675713,durbin,7eb28298bd66038f57228eeb106197ae1ac32685,1,1,7437c8bf3a6ba1cbc2df811774313bdf292efa8f737e2b875afbdc1c26ff99aa,ce8fe98cca13e7ff78b2059649cf38d58a3f2af294a834c6e4698392b4e95b14,['cpu'],"['reference_not_ranking', 'historical_competitors_not_rerun', 'system_resources_not_exclusive']"
durbin,cova_llvm_cpu,default,fresh_process,observed,0.5415304229827598,durbin,7eb28298bd66038f57228eeb106197ae1ac32685,2,2,7437c8bf3a6ba1cbc2df811774313bdf292efa8f737e2b875afbdc1c26ff99aa,ce8fe98cca13e7ff78b2059649cf38d58a3f2af294a834c6e4698392b4e95b14,['cpu'],"['reference_not_ranking', 'historical_competitors_not_rerun', 'system_resources_not_exclusive']"
durbin,cova_llvm_cpu,default,same_process,observed,0.46181021095253527,durbin,7eb28298bd66038f57228eeb106197ae1ac32685,6,3,7437c8bf3a6ba1cbc2df811774313bdf292efa8f737e2b875afbdc1c26ff99aa,ce8fe98cca13e7ff78b2059649cf38d58a3f2af294a834c6e4698392b4e95b14,['cpu'],"['reference_not_ranking', 'historical_competitors_not_rerun', 'system_resources_not_exclusive']"
durbin,cova_openmp_gpu,default,initialization,observed,7.302303083939478,durbin,7eb28298bd66038f57228eeb106197ae1ac32685,1,1,7437c8bf3a6ba1cbc2df811774313bdf292efa8f737e2b875afbdc1c26ff99aa,ce8fe98cca13e7ff78b2059649cf38d58a3f2af294a834c6e4698392b4e95b14,['cpu'],"['reference_not_ranking', 'historical_competitors_not_rerun', 'system_resources_not_exclusive', 'gpu_placement_metadata_only']"
durbin,cova_openmp_gpu,default,fresh_process,observed,2.5983785635326058,durbin,7eb28298bd66038f57228eeb106197ae1ac32685,2,2,7437c8bf3a6ba1cbc2df811774313bdf292efa8f737e2b875afbdc1c26ff99aa,ce8fe98cca13e7ff78b2059649cf38d58a3f2af294a834c6e4698392b4e95b14,['cpu'],"['reference_not_ranking', 'historical_competitors_not_rerun', 'system_resources_not_exclusive', 'gpu_placement_metadata_only']"
durbin,cova_openmp_gpu,default,same_process,observed,2.1464568924857304,durbin,7eb28298bd66038f57228eeb106197ae1ac32685,6,3,7437c8bf3a6ba1cbc2df811774313bdf292efa8f737e2b875afbdc1c26ff99aa,ce8fe98cca13e7ff78b2059649cf38d58a3f2af294a834c6e4698392b4e95b14,['cpu'],"['reference_not_ranking', 'historical_competitors_not_rerun', 'system_resources_not_exclusive', 'gpu_placement_metadata_only']"
durbin,cova_llvm_gpu,default,initialization,observed,9.421534884022549,durbin,7eb28298bd66038f57228eeb106197ae1ac32685,1,1,7437c8bf3a6ba1cbc2df811774313bdf292efa8f737e2b875afbdc1c26ff99aa,ce8fe98cca13e7ff78b2059649cf38d58a3f2af294a834c6e4698392b4e95b14,['mixed'],"['reference_not_ranking', 'historical_competitors_not_rerun', 'system_resources_not_exclusive', 'gpu_placement_metadata_only']"
durbin,cova_llvm_gpu,default,fresh_process,observed,4.383153262431733,durbin,7eb28298bd66038f57228eeb106197ae1ac32685,2,2,7437c8bf3a6ba1cbc2df811774313bdf292efa8f737e2b875afbdc1c26ff99aa,ce8fe98cca13e7ff78b2059649cf38d58a3f2af294a834c6e4698392b4e95b14,['mixed'],"['reference_not_ranking', 'historical_competitors_not_rerun', 'system_resources_not_exclusive', 'gpu_placement_metadata_only']"
durbin,cova_llvm_gpu,default,same_process,observed,4.116374118952081,durbin,7eb28298bd66038f57228eeb106197ae1ac32685,6,3,7437c8bf3a6ba1cbc2df811774313bdf292efa8f737e2b875afbdc1c26ff99aa,ce8fe98cca13e7ff78b2059649cf38d58a3f2af294a834c6e4698392b4e95b14,['mixed'],"['reference_not_ranking', 'historical_competitors_not_rerun', 'system_resources_not_exclusive', 'gpu_placement_metadata_only']"
fdtd_2d,cova_serial_cpu,default,initialization,observed,2.257330708904192,fdtd_2d,7eb28298bd66038f57228eeb106197ae1ac32685,1,1,06e26254e9c8b359ff97a77665932fc3543384ca179dea039154450eff6c94ff,ae503cf8154fbe07791342cfced3146fb8b1e03dbea637ba9add8796956ed94d,['cpu'],"['reference_not_ranking', 'historical_competitors_not_rerun', 'system_resources_not_exclusive']"
fdtd_2d,cova_serial_cpu,default,fresh_process,observed,0.18127416842617095,fdtd_2d,7eb28298bd66038f57228eeb106197ae1ac32685,2,2,06e26254e9c8b359ff97a77665932fc3543384ca179dea039154450eff6c94ff,ae503cf8154fbe07791342cfced3146fb8b1e03dbea637ba9add8796956ed94d,['cpu'],"['reference_not_ranking', 'historical_competitors_not_rerun', 'system_resources_not_exclusive']"
fdtd_2d,cova_serial_cpu,default,same_process,observed,0.15970989153720438,fdtd_2d,7eb28298bd66038f57228eeb106197ae1ac32685,6,3,06e26254e9c8b359ff97a77665932fc3543384ca179dea039154450eff6c94ff,ae503cf8154fbe07791342cfced3146fb8b1e03dbea637ba9add8796956ed94d,['cpu'],"['reference_not_ranking', 'historical_competitors_not_rerun', 'system_resources_not_exclusive']"
fdtd_2d,cova_openmp_cpu,default,initialization,observed,2.8647627660539,fdtd_2d,7eb28298bd66038f57228eeb106197ae1ac32685,1,1,06e26254e9c8b359ff97a77665932fc3543384ca179dea039154450eff6c94ff,ae503cf8154fbe07791342cfced3146fb8b1e03dbea637ba9add8796956ed94d,['cpu'],"['reference_not_ranking', 'historical_competitors_not_rerun', 'system_resources_not_exclusive']"
fdtd_2d,cova_openmp_cpu,default,fresh_process,observed,0.19384366099257022,fdtd_2d,7eb28298bd66038f57228eeb106197ae1ac32685,2,2,06e26254e9c8b359ff97a77665932fc3543384ca179dea039154450eff6c94ff,ae503cf8154fbe07791342cfced3146fb8b1e03dbea637ba9add8796956ed94d,['cpu'],"['reference_not_ranking', 'historical_competitors_not_rerun', 'system_resources_not_exclusive']"
fdtd_2d,cova_openmp_cpu,default,same_process,observed,0.17898853041697294,fdtd_2d,7eb28298bd66038f57228eeb106197ae1ac32685,6,3,06e26254e9c8b359ff97a77665932fc3543384ca179dea039154450eff6c94ff,ae503cf8154fbe07791342cfced3146fb8b1e03dbea637ba9add8796956ed94d,['cpu'],"['reference_not_ranking', 'historical_competitors_not_rerun', 'system_resources_not_exclusive']"
fdtd_2d,cova_llvm_cpu_serial,default,initialization,observed,2.3544639609754086,fdtd_2d,7eb28298bd66038f57228eeb106197ae1ac32685,1,1,06e26254e9c8b359ff97a77665932fc3543384ca179dea039154450eff6c94ff,ae503cf8154fbe07791342cfced3146fb8b1e03dbea637ba9add8796956ed94d,['cpu'],"['reference_not_ranking', 'historical_competitors_not_rerun', 'system_resources_not_exclusive']"
fdtd_2d,cova_llvm_cpu_serial,default,fresh_process,observed,0.1933356145163998,fdtd_2d,7eb28298bd66038f57228eeb106197ae1ac32685,2,2,06e26254e9c8b359ff97a77665932fc3543384ca179dea039154450eff6c94ff,ae503cf8154fbe07791342cfced3146fb8b1e03dbea637ba9add8796956ed94d,['cpu'],"['reference_not_ranking', 'historical_competitors_not_rerun', 'system_resources_not_exclusive']"
fdtd_2d,cova_llvm_cpu_serial,default,same_process,observed,0.17810959613416344,fdtd_2d,7eb28298bd66038f57228eeb106197ae1ac32685,6,3,06e26254e9c8b359ff97a77665932fc3543384ca179dea039154450eff6c94ff,ae503cf8154fbe07791342cfced3146fb8b1e03dbea637ba9add8796956ed94d,['cpu'],"['reference_not_ranking', 'historical_competitors_not_rerun', 'system_resources_not_exclusive']"
fdtd_2d,cova_llvm_cpu,default,initialization,observed,3.2096427341457456,fdtd_2d,7eb28298bd66038f57228eeb106197ae1ac32685,1,1,06e26254e9c8b359ff97a77665932fc3543384ca179dea039154450eff6c94ff,ae503cf8154fbe07791342cfced3146fb8b1e03dbea637ba9add8796956ed94d,['cpu'],"['reference_not_ranking', 'historical_competitors_not_rerun', 'system_resources_not_exclusive']"
fdtd_2d,cova_llvm_cpu,default,fresh_process,observed,0.31592394795734435,fdtd_2d,7eb28298bd66038f57228eeb106197ae1ac32685,2,2,06e26254e9c8b359ff97a77665932fc3543384ca179dea039154450eff6c94ff,ae503cf8154fbe07791342cfced3146fb8b1e03dbea637ba9add8796956ed94d,['cpu'],"['reference_not_ranking', 'historical_competitors_not_rerun', 'system_resources_not_exclusive']"
fdtd_2d,cova_llvm_cpu,default,same_process,observed,0.20825605804566294,fdtd_2d,7eb28298bd66038f57228eeb106197ae1ac32685,6,3,06e26254e9c8b359ff97a77665932fc3543384ca179dea039154450eff6c94ff,ae503cf8154fbe07791342cfced3146fb8b1e03dbea637ba9add8796956ed94d,['cpu'],"['reference_not_ranking', 'historical_competitors_not_rerun', 'system_resources_not_exclusive']"
fdtd_2d,cova_openmp_gpu,default,initialization,observed,4.695982534904033,fdtd_2d,7eb28298bd66038f57228eeb106197ae1ac32685,1,1,06e26254e9c8b359ff97a77665932fc3543384ca179dea039154450eff6c94ff,ae503cf8154fbe07791342cfced3146fb8b1e03dbea637ba9add8796956ed94d,['cpu'],"['reference_not_ranking', 'historical_competitors_not_rerun', 'system_resources_not_exclusive', 'gpu_placement_metadata_only']"
fdtd_2d,cova_openmp_gpu,default,fresh_process,observed,0.2003022750141099,fdtd_2d,7eb28298bd66038f57228eeb106197ae1ac32685,2,2,06e26254e9c8b359ff97a77665932fc3543384ca179dea039154450eff6c94ff,ae503cf8154fbe07791342cfced3146fb8b1e03dbea637ba9add8796956ed94d,['cpu'],"['reference_not_ranking', 'historical_competitors_not_rerun', 'system_resources_not_exclusive', 'gpu_placement_metadata_only']"
fdtd_2d,cova_openmp_gpu,default,same_process,observed,0.1723259015707299,fdtd_2d,7eb28298bd66038f57228eeb106197ae1ac32685,6,3,06e26254e9c8b359ff97a77665932fc3543384ca179dea039154450eff6c94ff,ae503cf8154fbe07791342cfced3146fb8b1e03dbea637ba9add8796956ed94d,['cpu'],"['reference_not_ranking', 'historical_competitors_not_rerun', 'system_resources_not_exclusive', 'gpu_placement_metadata_only']"
fdtd_2d,cova_llvm_gpu,default,initialization,observed,5.339524446986616,fdtd_2d,7eb28298bd66038f57228eeb106197ae1ac32685,1,1,06e26254e9c8b359ff97a77665932fc3543384ca179dea039154450eff6c94ff,ae503cf8154fbe07791342cfced3146fb8b1e03dbea637ba9add8796956ed94d,['mixed'],"['reference_not_ranking', 'historical_competitors_not_rerun', 'system_resources_not_exclusive', 'gpu_placement_metadata_only']"
fdtd_2d,cova_llvm_gpu,default,fresh_process,observed,0.39141702093183994,fdtd_2d,7eb28298bd66038f57228eeb106197ae1ac32685,2,2,06e26254e9c8b359ff97a77665932fc3543384ca179dea039154450eff6c94ff,ae503cf8154fbe07791342cfced3146fb8b1e03dbea637ba9add8796956ed94d,['mixed'],"['reference_not_ranking', 'historical_competitors_not_rerun', 'system_resources_not_exclusive', 'gpu_placement_metadata_only']"
fdtd_2d,cova_llvm_gpu,default,same_process,observed,0.06011394434608519,fdtd_2d,7eb28298bd66038f57228eeb106197ae1ac32685,6,3,06e26254e9c8b359ff97a77665932fc3543384ca179dea039154450eff6c94ff,ae503cf8154fbe07791342cfced3146fb8b1e03dbea637ba9add8796956ed94d,['mixed'],"['reference_not_ranking', 'historical_competitors_not_rerun', 'system_resources_not_exclusive', 'gpu_placement_metadata_only']"
floyd_warshall,cova_serial_cpu,default,initialization,observed,4.257446750067174,floyd_warshall,7eb28298bd66038f57228eeb106197ae1ac32685,1,1,a3edbd966d81083b8e17c12c5e476ba6f92ae518095bf60f44db36d16648859a,d80d0f1e5dc1b065b6ae583f4925157116e2c98d49b252f8e02fa8c4ffe273fe,['cpu'],"['reference_not_ranking', 'historical_competitors_not_rerun', 'system_resources_not_exclusive']"
floyd_warshall,cova_serial_cpu,default,fresh_process,observed,1.9863030285341665,floyd_warshall,7eb28298bd66038f57228eeb106197ae1ac32685,2,2,a3edbd966d81083b8e17c12c5e476ba6f92ae518095bf60f44db36d16648859a,d80d0f1e5dc1b065b6ae583f4925157116e2c98d49b252f8e02fa8c4ffe273fe,['cpu'],"['reference_not_ranking', 'historical_competitors_not_rerun', 'system_resources_not_exclusive']"
floyd_warshall,cova_serial_cpu,default,same_process,observed,1.2823348410893232,floyd_warshall,7eb28298bd66038f57228eeb106197ae1ac32685,6,3,a3edbd966d81083b8e17c12c5e476ba6f92ae518095bf60f44db36d16648859a,d80d0f1e5dc1b065b6ae583f4925157116e2c98d49b252f8e02fa8c4ffe273fe,['cpu'],"['reference_not_ranking', 'historical_competitors_not_rerun', 'system_resources_not_exclusive']"
floyd_warshall,cova_openmp_cpu,default,initialization,observed,4.290240211877972,floyd_warshall,7eb28298bd66038f57228eeb106197ae1ac32685,1,1,a3edbd966d81083b8e17c12c5e476ba6f92ae518095bf60f44db36d16648859a,d80d0f1e5dc1b065b6ae583f4925157116e2c98d49b252f8e02fa8c4ffe273fe,['cpu'],"['reference_not_ranking', 'historical_competitors_not_rerun', 'system_resources_not_exclusive']"
floyd_warshall,cova_openmp_cpu,default,fresh_process,observed,2.1364363314351067,floyd_warshall,7eb28298bd66038f57228eeb106197ae1ac32685,2,2,a3edbd966d81083b8e17c12c5e476ba6f92ae518095bf60f44db36d16648859a,d80d0f1e5dc1b065b6ae583f4925157116e2c98d49b252f8e02fa8c4ffe273fe,['cpu'],"['reference_not_ranking', 'historical_competitors_not_rerun', 'system_resources_not_exclusive']"
floyd_warshall,cova_openmp_cpu,default,same_process,observed,1.8566523764748126,floyd_warshall,7eb28298bd66038f57228eeb106197ae1ac32685,6,3,a3edbd966d81083b8e17c12c5e476ba6f92ae518095bf60f44db36d16648859a,d80d0f1e5dc1b065b6ae583f4925157116e2c98d49b252f8e02fa8c4ffe273fe,['cpu'],"['reference_not_ranking', 'historical_competitors_not_rerun', 'system_resources_not_exclusive']"
floyd_warshall,cova_llvm_cpu_serial,default,initialization,observed,1.8380554900504649,floyd_warshall,7eb28298bd66038f57228eeb106197ae1ac32685,1,1,a3edbd966d81083b8e17c12c5e476ba6f92ae518095bf60f44db36d16648859a,d80d0f1e5dc1b065b6ae583f4925157116e2c98d49b252f8e02fa8c4ffe273fe,['cpu'],"['reference_not_ranking', 'historical_competitors_not_rerun', 'system_resources_not_exclusive']"
floyd_warshall,cova_llvm_cpu_serial,default,fresh_process,observed,0.23093798803165555,floyd_warshall,7eb28298bd66038f57228eeb106197ae1ac32685,2,2,a3edbd966d81083b8e17c12c5e476ba6f92ae518095bf60f44db36d16648859a,d80d0f1e5dc1b065b6ae583f4925157116e2c98d49b252f8e02fa8c4ffe273fe,['cpu'],"['reference_not_ranking', 'historical_competitors_not_rerun', 'system_resources_not_exclusive']"
floyd_warshall,cova_llvm_cpu_serial,default,same_process,observed,0.21947981952689588,floyd_warshall,7eb28298bd66038f57228eeb106197ae1ac32685,6,3,a3edbd966d81083b8e17c12c5e476ba6f92ae518095bf60f44db36d16648859a,d80d0f1e5dc1b065b6ae583f4925157116e2c98d49b252f8e02fa8c4ffe273fe,['cpu'],"['reference_not_ranking', 'historical_competitors_not_rerun', 'system_resources_not_exclusive']"
floyd_warshall,cova_llvm_cpu,default,initialization,observed,2.431250287918374,floyd_warshall,7eb28298bd66038f57228eeb106197ae1ac32685,1,1,a3edbd966d81083b8e17c12c5e476ba6f92ae518095bf60f44db36d16648859a,d80d0f1e5dc1b065b6ae583f4925157116e2c98d49b252f8e02fa8c4ffe273fe,['cpu'],"['reference_not_ranking', 'historical_competitors_not_rerun', 'system_resources_not_exclusive']"
floyd_warshall,cova_llvm_cpu,default,fresh_process,observed,0.37240153399761766,floyd_warshall,7eb28298bd66038f57228eeb106197ae1ac32685,2,2,a3edbd966d81083b8e17c12c5e476ba6f92ae518095bf60f44db36d16648859a,d80d0f1e5dc1b065b6ae583f4925157116e2c98d49b252f8e02fa8c4ffe273fe,['cpu'],"['reference_not_ranking', 'historical_competitors_not_rerun', 'system_resources_not_exclusive']"
floyd_warshall,cova_llvm_cpu,default,same_process,observed,0.09037306706886739,floyd_warshall,7eb28298bd66038f57228eeb106197ae1ac32685,6,3,a3edbd966d81083b8e17c12c5e476ba6f92ae518095bf60f44db36d16648859a,d80d0f1e5dc1b065b6ae583f4925157116e2c98d49b252f8e02fa8c4ffe273fe,['cpu'],"['reference_not_ranking', 'historical_competitors_not_rerun', 'system_resources_not_exclusive']"
floyd_warshall,cova_openmp_gpu,default,initialization,observed,6.638274592813104,floyd_warshall,7eb28298bd66038f57228eeb106197ae1ac32685,1,1,a3edbd966d81083b8e17c12c5e476ba6f92ae518095bf60f44db36d16648859a,d80d0f1e5dc1b065b6ae583f4925157116e2c98d49b252f8e02fa8c4ffe273fe,['cpu'],"['reference_not_ranking', 'historical_competitors_not_rerun', 'system_resources_not_exclusive', 'gpu_placement_metadata_only']"
floyd_warshall,cova_openmp_gpu,default,fresh_process,observed,2.117508288472891,floyd_warshall,7eb28298bd66038f57228eeb106197ae1ac32685,2,2,a3edbd966d81083b8e17c12c5e476ba6f92ae518095bf60f44db36d16648859a,d80d0f1e5dc1b065b6ae583f4925157116e2c98d49b252f8e02fa8c4ffe273fe,['cpu'],"['reference_not_ranking', 'historical_competitors_not_rerun', 'system_resources_not_exclusive', 'gpu_placement_metadata_only']"
floyd_warshall,cova_openmp_gpu,default,same_process,observed,1.7496976809343323,floyd_warshall,7eb28298bd66038f57228eeb106197ae1ac32685,6,3,a3edbd966d81083b8e17c12c5e476ba6f92ae518095bf60f44db36d16648859a,d80d0f1e5dc1b065b6ae583f4925157116e2c98d49b252f8e02fa8c4ffe273fe,['cpu'],"['reference_not_ranking', 'historical_competitors_not_rerun', 'system_resources_not_exclusive', 'gpu_placement_metadata_only']"
floyd_warshall,cova_llvm_gpu,default,initialization,observed,4.982009963830933,floyd_warshall,7eb28298bd66038f57228eeb106197ae1ac32685,1,1,a3edbd966d81083b8e17c12c5e476ba6f92ae518095bf60f44db36d16648859a,d80d0f1e5dc1b065b6ae583f4925157116e2c98d49b252f8e02fa8c4ffe273fe,['gpu'],"['reference_not_ranking', 'historical_competitors_not_rerun', 'system_resources_not_exclusive', 'gpu_placement_metadata_only']"
floyd_warshall,cova_llvm_gpu,default,fresh_process,observed,0.3535000314004719,floyd_warshall,7eb28298bd66038f57228eeb106197ae1ac32685,2,2,a3edbd966d81083b8e17c12c5e476ba6f92ae518095bf60f44db36d16648859a,d80d0f1e5dc1b065b6ae583f4925157116e2c98d49b252f8e02fa8c4ffe273fe,['gpu'],"['reference_not_ranking', 'historical_competitors_not_rerun', 'system_resources_not_exclusive', 'gpu_placement_metadata_only']"
floyd_warshall,cova_llvm_gpu,default,same_process,observed,0.04885163751896471,floyd_warshall,7eb28298bd66038f57228eeb106197ae1ac32685,6,3,a3edbd966d81083b8e17c12c5e476ba6f92ae518095bf60f44db36d16648859a,d80d0f1e5dc1b065b6ae583f4925157116e2c98d49b252f8e02fa8c4ffe273fe,['gpu'],"['reference_not_ranking', 'historical_competitors_not_rerun', 'system_resources_not_exclusive', 'gpu_placement_metadata_only']"
gemm,cova_serial_cpu,default,initialization,observed,125.52763581904583,gemm,7eb28298bd66038f57228eeb106197ae1ac32685,1,1,0c0d6b6a480e5bce18192950eed6fa367ca1dff111ffe96afd63e44b0357c489,a7cad45e3e7e87c02c7a2df12b4f75774f21a5cca78b504ff8830be9107f34b6,['cpu'],"['reference_not_ranking', 'historical_competitors_not_rerun', 'system_resources_not_exclusive']"
gemm,cova_serial_cpu,default,fresh_process,observed,123.2386040330166,gemm,7eb28298bd66038f57228eeb106197ae1ac32685,2,2,0c0d6b6a480e5bce18192950eed6fa367ca1dff111ffe96afd63e44b0357c489,a7cad45e3e7e87c02c7a2df12b4f75774f21a5cca78b504ff8830be9107f34b6,['cpu'],"['reference_not_ranking', 'historical_competitors_not_rerun', 'system_resources_not_exclusive']"
gemm,cova_serial_cpu,default,same_process,observed,123.48361431644298,gemm,7eb28298bd66038f57228eeb106197ae1ac32685,6,3,0c0d6b6a480e5bce18192950eed6fa367ca1dff111ffe96afd63e44b0357c489,a7cad45e3e7e87c02c7a2df12b4f75774f21a5cca78b504ff8830be9107f34b6,['cpu'],"['reference_not_ranking', 'historical_competitors_not_rerun', 'system_resources_not_exclusive']"
gemm,cova_openmp_cpu,default,initialization,observed,49.80012148898095,gemm,7eb28298bd66038f57228eeb106197ae1ac32685,1,1,0c0d6b6a480e5bce18192950eed6fa367ca1dff111ffe96afd63e44b0357c489,a7cad45e3e7e87c02c7a2df12b4f75774f21a5cca78b504ff8830be9107f34b6,['cpu'],"['reference_not_ranking', 'historical_competitors_not_rerun', 'system_resources_not_exclusive']"
gemm,cova_openmp_cpu,default,fresh_process,observed,40.74019057501573,gemm,7eb28298bd66038f57228eeb106197ae1ac32685,2,2,0c0d6b6a480e5bce18192950eed6fa367ca1dff111ffe96afd63e44b0357c489,a7cad45e3e7e87c02c7a2df12b4f75774f21a5cca78b504ff8830be9107f34b6,['cpu'],"['reference_not_ranking', 'historical_competitors_not_rerun', 'system_resources_not_exclusive']"
gemm,cova_openmp_cpu,default,same_process,observed,33.44984894711524,gemm,7eb28298bd66038f57228eeb106197ae1ac32685,6,3,0c0d6b6a480e5bce18192950eed6fa367ca1dff111ffe96afd63e44b0357c489,a7cad45e3e7e87c02c7a2df12b4f75774f21a5cca78b504ff8830be9107f34b6,['cpu'],"['reference_not_ranking', 'historical_competitors_not_rerun', 'system_resources_not_exclusive']"
gemm,cova_llvm_cpu_serial,default,initialization,observed,19.697510545141995,gemm,7eb28298bd66038f57228eeb106197ae1ac32685,1,1,0c0d6b6a480e5bce18192950eed6fa367ca1dff111ffe96afd63e44b0357c489,a7cad45e3e7e87c02c7a2df12b4f75774f21a5cca78b504ff8830be9107f34b6,['cpu'],"['reference_not_ranking', 'historical_competitors_not_rerun', 'system_resources_not_exclusive']"
gemm,cova_llvm_cpu_serial,default,fresh_process,observed,14.478103169589303,gemm,7eb28298bd66038f57228eeb106197ae1ac32685,2,2,0c0d6b6a480e5bce18192950eed6fa367ca1dff111ffe96afd63e44b0357c489,a7cad45e3e7e87c02c7a2df12b4f75774f21a5cca78b504ff8830be9107f34b6,['cpu'],"['reference_not_ranking', 'historical_competitors_not_rerun', 'system_resources_not_exclusive']"
gemm,cova_llvm_cpu_serial,default,same_process,observed,14.53001046157442,gemm,7eb28298bd66038f57228eeb106197ae1ac32685,6,3,0c0d6b6a480e5bce18192950eed6fa367ca1dff111ffe96afd63e44b0357c489,a7cad45e3e7e87c02c7a2df12b4f75774f21a5cca78b504ff8830be9107f34b6,['cpu'],"['reference_not_ranking', 'historical_competitors_not_rerun', 'system_resources_not_exclusive']"
gemm,cova_llvm_cpu,default,initialization,observed,7.764048193814233,gemm,7eb28298bd66038f57228eeb106197ae1ac32685,1,1,0c0d6b6a480e5bce18192950eed6fa367ca1dff111ffe96afd63e44b0357c489,a7cad45e3e7e87c02c7a2df12b4f75774f21a5cca78b504ff8830be9107f34b6,['cpu'],"['reference_not_ranking', 'historical_competitors_not_rerun', 'system_resources_not_exclusive']"
gemm,cova_llvm_cpu,default,fresh_process,observed,2.326942681102082,gemm,7eb28298bd66038f57228eeb106197ae1ac32685,2,2,0c0d6b6a480e5bce18192950eed6fa367ca1dff111ffe96afd63e44b0357c489,a7cad45e3e7e87c02c7a2df12b4f75774f21a5cca78b504ff8830be9107f34b6,['cpu'],"['reference_not_ranking', 'historical_competitors_not_rerun', 'system_resources_not_exclusive']"
gemm,cova_llvm_cpu,default,same_process,observed,2.34223445947282,gemm,7eb28298bd66038f57228eeb106197ae1ac32685,6,3,0c0d6b6a480e5bce18192950eed6fa367ca1dff111ffe96afd63e44b0357c489,a7cad45e3e7e87c02c7a2df12b4f75774f21a5cca78b504ff8830be9107f34b6,['cpu'],"['reference_not_ranking', 'historical_competitors_not_rerun', 'system_resources_not_exclusive']"
gemm,cova_openmp_gpu,default,initialization,observed,7.058796187164262,gemm,7eb28298bd66038f57228eeb106197ae1ac32685,1,1,0c0d6b6a480e5bce18192950eed6fa367ca1dff111ffe96afd63e44b0357c489,a7cad45e3e7e87c02c7a2df12b4f75774f21a5cca78b504ff8830be9107f34b6,['gpu'],"['reference_not_ranking', 'historical_competitors_not_rerun', 'system_resources_not_exclusive', 'gpu_placement_metadata_only']"
gemm,cova_openmp_gpu,default,fresh_process,observed,0.9080733100418001,gemm,7eb28298bd66038f57228eeb106197ae1ac32685,2,2,0c0d6b6a480e5bce18192950eed6fa367ca1dff111ffe96afd63e44b0357c489,a7cad45e3e7e87c02c7a2df12b4f75774f21a5cca78b504ff8830be9107f34b6,['gpu'],"['reference_not_ranking', 'historical_competitors_not_rerun', 'system_resources_not_exclusive', 'gpu_placement_metadata_only']"
gemm,cova_openmp_gpu,default,same_process,observed,0.6598297019954771,gemm,7eb28298bd66038f57228eeb106197ae1ac32685,6,3,0c0d6b6a480e5bce18192950eed6fa367ca1dff111ffe96afd63e44b0357c489,a7cad45e3e7e87c02c7a2df12b4f75774f21a5cca78b504ff8830be9107f34b6,['gpu'],"['reference_not_ranking', 'historical_competitors_not_rerun', 'system_resources_not_exclusive', 'gpu_placement_metadata_only']"
gemm,cova_llvm_gpu,default,initialization,observed,7.104536334052682,gemm,7eb28298bd66038f57228eeb106197ae1ac32685,1,1,0c0d6b6a480e5bce18192950eed6fa367ca1dff111ffe96afd63e44b0357c489,a7cad45e3e7e87c02c7a2df12b4f75774f21a5cca78b504ff8830be9107f34b6,['gpu'],"['reference_not_ranking', 'historical_competitors_not_rerun', 'system_resources_not_exclusive', 'gpu_placement_metadata_only']"
gemm,cova_llvm_gpu,default,fresh_process,observed,0.6540784519165754,gemm,7eb28298bd66038f57228eeb106197ae1ac32685,2,2,0c0d6b6a480e5bce18192950eed6fa367ca1dff111ffe96afd63e44b0357c489,a7cad45e3e7e87c02c7a2df12b4f75774f21a5cca78b504ff8830be9107f34b6,['gpu'],"['reference_not_ranking', 'historical_competitors_not_rerun', 'system_resources_not_exclusive', 'gpu_placement_metadata_only']"
gemm,cova_llvm_gpu,default,same_process,observed,0.3264010329730809,gemm,7eb28298bd66038f57228eeb106197ae1ac32685,6,3,0c0d6b6a480e5bce18192950eed6fa367ca1dff111ffe96afd63e44b0357c489,a7cad45e3e7e87c02c7a2df12b4f75774f21a5cca78b504ff8830be9107f34b6,['gpu'],"['reference_not_ranking', 'historical_competitors_not_rerun', 'system_resources_not_exclusive', 'gpu_placement_metadata_only']"
gemver,cova_serial_cpu,default,initialization,observed,4.396862680092454,gemver,7eb28298bd66038f57228eeb106197ae1ac32685,1,1,85cc572cc7692fb81b6c77506a30c2af771c098b9e57d5abf57198c996aa6ef6,8f83d1ce5ccca10e01496b8b60f5d329e3f1f9e85ecb87f3b836424334239f88,['cpu'],"['reference_not_ranking', 'historical_competitors_not_rerun', 'system_resources_not_exclusive']"
gemver,cova_serial_cpu,default,fresh_process,observed,0.8957218819996342,gemver,7eb28298bd66038f57228eeb106197ae1ac32685,2,2,85cc572cc7692fb81b6c77506a30c2af771c098b9e57d5abf57198c996aa6ef6,8f83d1ce5ccca10e01496b8b60f5d329e3f1f9e85ecb87f3b836424334239f88,['cpu'],"['reference_not_ranking', 'historical_competitors_not_rerun', 'system_resources_not_exclusive']"
gemver,cova_serial_cpu,default,same_process,observed,0.49682068289257586,gemver,7eb28298bd66038f57228eeb106197ae1ac32685,6,3,85cc572cc7692fb81b6c77506a30c2af771c098b9e57d5abf57198c996aa6ef6,8f83d1ce5ccca10e01496b8b60f5d329e3f1f9e85ecb87f3b836424334239f88,['cpu'],"['reference_not_ranking', 'historical_competitors_not_rerun', 'system_resources_not_exclusive']"
gemver,cova_openmp_cpu,default,initialization,observed,4.786953072063625,gemver,7eb28298bd66038f57228eeb106197ae1ac32685,1,1,85cc572cc7692fb81b6c77506a30c2af771c098b9e57d5abf57198c996aa6ef6,8f83d1ce5ccca10e01496b8b60f5d329e3f1f9e85ecb87f3b836424334239f88,['cpu'],"['reference_not_ranking', 'historical_competitors_not_rerun', 'system_resources_not_exclusive']"
gemver,cova_openmp_cpu,default,fresh_process,observed,1.222491474589333,gemver,7eb28298bd66038f57228eeb106197ae1ac32685,2,2,85cc572cc7692fb81b6c77506a30c2af771c098b9e57d5abf57198c996aa6ef6,8f83d1ce5ccca10e01496b8b60f5d329e3f1f9e85ecb87f3b836424334239f88,['cpu'],"['reference_not_ranking', 'historical_competitors_not_rerun', 'system_resources_not_exclusive']"
gemver,cova_openmp_cpu,default,same_process,observed,1.07992602547165,gemver,7eb28298bd66038f57228eeb106197ae1ac32685,6,3,85cc572cc7692fb81b6c77506a30c2af771c098b9e57d5abf57198c996aa6ef6,8f83d1ce5ccca10e01496b8b60f5d329e3f1f9e85ecb87f3b836424334239f88,['cpu'],"['reference_not_ranking', 'historical_competitors_not_rerun', 'system_resources_not_exclusive']"
gemver,cova_llvm_cpu_serial,default,initialization,observed,4.868354514008388,gemver,7eb28298bd66038f57228eeb106197ae1ac32685,1,1,85cc572cc7692fb81b6c77506a30c2af771c098b9e57d5abf57198c996aa6ef6,8f83d1ce5ccca10e01496b8b60f5d329e3f1f9e85ecb87f3b836424334239f88,['cpu'],"['reference_not_ranking', 'historical_competitors_not_rerun', 'system_resources_not_exclusive']"
gemver,cova_llvm_cpu_serial,default,fresh_process,observed,0.30034962960053235,gemver,7eb28298bd66038f57228eeb106197ae1ac32685,2,2,85cc572cc7692fb81b6c77506a30c2af771c098b9e57d5abf57198c996aa6ef6,8f83d1ce5ccca10e01496b8b60f5d329e3f1f9e85ecb87f3b836424334239f88,['cpu'],"['reference_not_ranking', 'historical_competitors_not_rerun', 'system_resources_not_exclusive']"
gemver,cova_llvm_cpu_serial,default,same_process,observed,0.30122267291881144,gemver,7eb28298bd66038f57228eeb106197ae1ac32685,6,3,85cc572cc7692fb81b6c77506a30c2af771c098b9e57d5abf57198c996aa6ef6,8f83d1ce5ccca10e01496b8b60f5d329e3f1f9e85ecb87f3b836424334239f88,['cpu'],"['reference_not_ranking', 'historical_competitors_not_rerun', 'system_resources_not_exclusive']"
gemver,cova_llvm_cpu,default,initialization,observed,4.815064903115854,gemver,7eb28298bd66038f57228eeb106197ae1ac32685,1,1,85cc572cc7692fb81b6c77506a30c2af771c098b9e57d5abf57198c996aa6ef6,8f83d1ce5ccca10e01496b8b60f5d329e3f1f9e85ecb87f3b836424334239f88,['cpu'],"['reference_not_ranking', 'historical_competitors_not_rerun', 'system_resources_not_exclusive']"
gemver,cova_llvm_cpu,default,fresh_process,observed,1.3987138221273199,gemver,7eb28298bd66038f57228eeb106197ae1ac32685,2,2,85cc572cc7692fb81b6c77506a30c2af771c098b9e57d5abf57198c996aa6ef6,8f83d1ce5ccca10e01496b8b60f5d329e3f1f9e85ecb87f3b836424334239f88,['cpu'],"['reference_not_ranking', 'historical_competitors_not_rerun', 'system_resources_not_exclusive']"
gemver,cova_llvm_cpu,default,same_process,observed,1.1854055695002899,gemver,7eb28298bd66038f57228eeb106197ae1ac32685,6,3,85cc572cc7692fb81b6c77506a30c2af771c098b9e57d5abf57198c996aa6ef6,8f83d1ce5ccca10e01496b8b60f5d329e3f1f9e85ecb87f3b836424334239f88,['cpu'],"['reference_not_ranking', 'historical_competitors_not_rerun', 'system_resources_not_exclusive']"
gemver,cova_openmp_gpu,default,initialization,observed,8.120959175052121,gemver,7eb28298bd66038f57228eeb106197ae1ac32685,1,1,85cc572cc7692fb81b6c77506a30c2af771c098b9e57d5abf57198c996aa6ef6,8f83d1ce5ccca10e01496b8b60f5d329e3f1f9e85ecb87f3b836424334239f88,['gpu'],"['reference_not_ranking', 'historical_competitors_not_rerun', 'system_resources_not_exclusive', 'gpu_placement_metadata_only']"
gemver,cova_openmp_gpu,default,fresh_process,observed,0.7205033774953336,gemver,7eb28298bd66038f57228eeb106197ae1ac32685,2,2,85cc572cc7692fb81b6c77506a30c2af771c098b9e57d5abf57198c996aa6ef6,8f83d1ce5ccca10e01496b8b60f5d329e3f1f9e85ecb87f3b836424334239f88,['gpu'],"['reference_not_ranking', 'historical_competitors_not_rerun', 'system_resources_not_exclusive', 'gpu_placement_metadata_only']"
gemver,cova_openmp_gpu,default,same_process,observed,0.3620099544059485,gemver,7eb28298bd66038f57228eeb106197ae1ac32685,6,3,85cc572cc7692fb81b6c77506a30c2af771c098b9e57d5abf57198c996aa6ef6,8f83d1ce5ccca10e01496b8b60f5d329e3f1f9e85ecb87f3b836424334239f88,['gpu'],"['reference_not_ranking', 'historical_competitors_not_rerun', 'system_resources_not_exclusive', 'gpu_placement_metadata_only']"
gemver,cova_llvm_gpu,default,initialization,observed,9.124068233883008,gemver,7eb28298bd66038f57228eeb106197ae1ac32685,1,1,85cc572cc7692fb81b6c77506a30c2af771c098b9e57d5abf57198c996aa6ef6,8f83d1ce5ccca10e01496b8b60f5d329e3f1f9e85ecb87f3b836424334239f88,['gpu'],"['reference_not_ranking', 'historical_competitors_not_rerun', 'system_resources_not_exclusive', 'gpu_placement_metadata_only']"
gemver,cova_llvm_gpu,default,fresh_process,observed,0.7794213725719601,gemver,7eb28298bd66038f57228eeb106197ae1ac32685,2,2,85cc572cc7692fb81b6c77506a30c2af771c098b9e57d5abf57198c996aa6ef6,8f83d1ce5ccca10e01496b8b60f5d329e3f1f9e85ecb87f3b836424334239f88,['gpu'],"['reference_not_ranking', 'historical_competitors_not_rerun', 'system_resources_not_exclusive', 'gpu_placement_metadata_only']"
gemver,cova_llvm_gpu,default,same_process,observed,0.38915894308593124,gemver,7eb28298bd66038f57228eeb106197ae1ac32685,6,3,85cc572cc7692fb81b6c77506a30c2af771c098b9e57d5abf57198c996aa6ef6,8f83d1ce5ccca10e01496b8b60f5d329e3f1f9e85ecb87f3b836424334239f88,['gpu'],"['reference_not_ranking', 'historical_competitors_not_rerun', 'system_resources_not_exclusive', 'gpu_placement_metadata_only']"
gesummv,cova_serial_cpu,default,initialization,observed,5.189626096980646,gesummv,7eb28298bd66038f57228eeb106197ae1ac32685,1,1,0e62642787bfd7976dde4296be195e5cc2dd07cdd198d1233ad748fdaaf9fc80,603add7d548bef0a20a6309fbf3785c05014a0b3550717c6d424278bd55d2518,['cpu'],"['reference_not_ranking', 'historical_competitors_not_rerun', 'system_resources_not_exclusive']"
gesummv,cova_serial_cpu,default,fresh_process,observed,2.4858002364635468,gesummv,7eb28298bd66038f57228eeb106197ae1ac32685,2,2,0e62642787bfd7976dde4296be195e5cc2dd07cdd198d1233ad748fdaaf9fc80,603add7d548bef0a20a6309fbf3785c05014a0b3550717c6d424278bd55d2518,['cpu'],"['reference_not_ranking', 'historical_competitors_not_rerun', 'system_resources_not_exclusive']"
gesummv,cova_serial_cpu,default,same_process,observed,0.6776131340302527,gesummv,7eb28298bd66038f57228eeb106197ae1ac32685,6,3,0e62642787bfd7976dde4296be195e5cc2dd07cdd198d1233ad748fdaaf9fc80,603add7d548bef0a20a6309fbf3785c05014a0b3550717c6d424278bd55d2518,['cpu'],"['reference_not_ranking', 'historical_competitors_not_rerun', 'system_resources_not_exclusive']"
gesummv,cova_openmp_cpu,default,initialization,observed,5.52834376716055,gesummv,7eb28298bd66038f57228eeb106197ae1ac32685,1,1,0e62642787bfd7976dde4296be195e5cc2dd07cdd198d1233ad748fdaaf9fc80,603add7d548bef0a20a6309fbf3785c05014a0b3550717c6d424278bd55d2518,['cpu'],"['reference_not_ranking', 'historical_competitors_not_rerun', 'system_resources_not_exclusive']"
gesummv,cova_openmp_cpu,default,fresh_process,observed,2.69584688951727,gesummv,7eb28298bd66038f57228eeb106197ae1ac32685,2,2,0e62642787bfd7976dde4296be195e5cc2dd07cdd198d1233ad748fdaaf9fc80,603add7d548bef0a20a6309fbf3785c05014a0b3550717c6d424278bd55d2518,['cpu'],"['reference_not_ranking', 'historical_competitors_not_rerun', 'system_resources_not_exclusive']"
gesummv,cova_openmp_cpu,default,same_process,observed,2.069501557969488,gesummv,7eb28298bd66038f57228eeb106197ae1ac32685,6,3,0e62642787bfd7976dde4296be195e5cc2dd07cdd198d1233ad748fdaaf9fc80,603add7d548bef0a20a6309fbf3785c05014a0b3550717c6d424278bd55d2518,['cpu'],"['reference_not_ranking', 'historical_competitors_not_rerun', 'system_resources_not_exclusive']"
gesummv,cova_llvm_cpu_serial,default,initialization,observed,3.734776768134907,gesummv,7eb28298bd66038f57228eeb106197ae1ac32685,1,1,0e62642787bfd7976dde4296be195e5cc2dd07cdd198d1233ad748fdaaf9fc80,603add7d548bef0a20a6309fbf3785c05014a0b3550717c6d424278bd55d2518,['cpu'],"['reference_not_ranking', 'historical_competitors_not_rerun', 'system_resources_not_exclusive']"
gesummv,cova_llvm_cpu_serial,default,fresh_process,observed,0.12993391137570143,gesummv,7eb28298bd66038f57228eeb106197ae1ac32685,2,2,0e62642787bfd7976dde4296be195e5cc2dd07cdd198d1233ad748fdaaf9fc80,603add7d548bef0a20a6309fbf3785c05014a0b3550717c6d424278bd55d2518,['cpu'],"['reference_not_ranking', 'historical_competitors_not_rerun', 'system_resources_not_exclusive']"
gesummv,cova_llvm_cpu_serial,default,same_process,observed,0.11521748814266175,gesummv,7eb28298bd66038f57228eeb106197ae1ac32685,6,3,0e62642787bfd7976dde4296be195e5cc2dd07cdd198d1233ad748fdaaf9fc80,603add7d548bef0a20a6309fbf3785c05014a0b3550717c6d424278bd55d2518,['cpu'],"['reference_not_ranking', 'historical_competitors_not_rerun', 'system_resources_not_exclusive']"
gesummv,cova_llvm_cpu,default,initialization,observed,5.251214348943904,gesummv,7eb28298bd66038f57228eeb106197ae1ac32685,1,1,0e62642787bfd7976dde4296be195e5cc2dd07cdd198d1233ad748fdaaf9fc80,603add7d548bef0a20a6309fbf3785c05014a0b3550717c6d424278bd55d2518,['cpu'],"['reference_not_ranking', 'historical_competitors_not_rerun', 'system_resources_not_exclusive']"
gesummv,cova_llvm_cpu,default,fresh_process,observed,2.905497601488605,gesummv,7eb28298bd66038f57228eeb106197ae1ac32685,2,2,0e62642787bfd7976dde4296be195e5cc2dd07cdd198d1233ad748fdaaf9fc80,603add7d548bef0a20a6309fbf3785c05014a0b3550717c6d424278bd55d2518,['cpu'],"['reference_not_ranking', 'historical_competitors_not_rerun', 'system_resources_not_exclusive']"
gesummv,cova_llvm_cpu,default,same_process,observed,2.1412507615750656,gesummv,7eb28298bd66038f57228eeb106197ae1ac32685,6,3,0e62642787bfd7976dde4296be195e5cc2dd07cdd198d1233ad748fdaaf9fc80,603add7d548bef0a20a6309fbf3785c05014a0b3550717c6d424278bd55d2518,['cpu'],"['reference_not_ranking', 'historical_competitors_not_rerun', 'system_resources_not_exclusive']"
gesummv,cova_openmp_gpu,default,initialization,observed,6.869642507052049,gesummv,7eb28298bd66038f57228eeb106197ae1ac32685,1,1,0e62642787bfd7976dde4296be195e5cc2dd07cdd198d1233ad748fdaaf9fc80,603add7d548bef0a20a6309fbf3785c05014a0b3550717c6d424278bd55d2518,['gpu'],"['reference_not_ranking', 'historical_competitors_not_rerun', 'system_resources_not_exclusive', 'gpu_placement_metadata_only']"
gesummv,cova_openmp_gpu,default,fresh_process,observed,0.6461489265784621,gesummv,7eb28298bd66038f57228eeb106197ae1ac32685,2,2,0e62642787bfd7976dde4296be195e5cc2dd07cdd198d1233ad748fdaaf9fc80,603add7d548bef0a20a6309fbf3785c05014a0b3550717c6d424278bd55d2518,['gpu'],"['reference_not_ranking', 'historical_competitors_not_rerun', 'system_resources_not_exclusive', 'gpu_placement_metadata_only']"
gesummv,cova_openmp_gpu,default,same_process,observed,0.3034695504466072,gesummv,7eb28298bd66038f57228eeb106197ae1ac32685,6,3,0e62642787bfd7976dde4296be195e5cc2dd07cdd198d1233ad748fdaaf9fc80,603add7d548bef0a20a6309fbf3785c05014a0b3550717c6d424278bd55d2518,['gpu'],"['reference_not_ranking', 'historical_competitors_not_rerun', 'system_resources_not_exclusive', 'gpu_placement_metadata_only']"
gesummv,cova_llvm_gpu,default,initialization,observed,7.551498035900295,gesummv,7eb28298bd66038f57228eeb106197ae1ac32685,1,1,0e62642787bfd7976dde4296be195e5cc2dd07cdd198d1233ad748fdaaf9fc80,603add7d548bef0a20a6309fbf3785c05014a0b3550717c6d424278bd55d2518,['gpu'],"['reference_not_ranking', 'historical_competitors_not_rerun', 'system_resources_not_exclusive', 'gpu_placement_metadata_only']"
gesummv,cova_llvm_gpu,default,fresh_process,observed,0.7204043460078537,gesummv,7eb28298bd66038f57228eeb106197ae1ac32685,2,2,0e62642787bfd7976dde4296be195e5cc2dd07cdd198d1233ad748fdaaf9fc80,603add7d548bef0a20a6309fbf3785c05014a0b3550717c6d424278bd55d2518,['gpu'],"['reference_not_ranking', 'historical_competitors_not_rerun', 'system_resources_not_exclusive', 'gpu_placement_metadata_only']"
gesummv,cova_llvm_gpu,default,same_process,observed,0.29493310942780226,gesummv,7eb28298bd66038f57228eeb106197ae1ac32685,6,3,0e62642787bfd7976dde4296be195e5cc2dd07cdd198d1233ad748fdaaf9fc80,603add7d548bef0a20a6309fbf3785c05014a0b3550717c6d424278bd55d2518,['gpu'],"['reference_not_ranking', 'historical_competitors_not_rerun', 'system_resources_not_exclusive', 'gpu_placement_metadata_only']"
go_fast,cova_serial_cpu,default,initialization,observed,5.630609987070784,go_fast,7eb28298bd66038f57228eeb106197ae1ac32685,1,1,ae81860b1a6b200efcca939dedfc2ee5e6a861d07af0c13d6e54e4f1ed9dfb3a,27869e2eab641d51a4dcb8b144e082c2564882966a28c404e3c13fdb484f75cf,['cpu'],"['reference_not_ranking', 'historical_competitors_not_rerun', 'system_resources_not_exclusive']"
go_fast,cova_serial_cpu,default,fresh_process,observed,2.5620136875659227,go_fast,7eb28298bd66038f57228eeb106197ae1ac32685,2,2,ae81860b1a6b200efcca939dedfc2ee5e6a861d07af0c13d6e54e4f1ed9dfb3a,27869e2eab641d51a4dcb8b144e082c2564882966a28c404e3c13fdb484f75cf,['cpu'],"['reference_not_ranking', 'historical_competitors_not_rerun', 'system_resources_not_exclusive']"
go_fast,cova_serial_cpu,default,same_process,observed,1.0803075049770996,go_fast,7eb28298bd66038f57228eeb106197ae1ac32685,6,3,ae81860b1a6b200efcca939dedfc2ee5e6a861d07af0c13d6e54e4f1ed9dfb3a,27869e2eab641d51a4dcb8b144e082c2564882966a28c404e3c13fdb484f75cf,['cpu'],"['reference_not_ranking', 'historical_competitors_not_rerun', 'system_resources_not_exclusive']"
go_fast,cova_openmp_cpu,default,initialization,observed,2.409959863871336,go_fast,7eb28298bd66038f57228eeb106197ae1ac32685,1,1,ae81860b1a6b200efcca939dedfc2ee5e6a861d07af0c13d6e54e4f1ed9dfb3a,27869e2eab641d51a4dcb8b144e082c2564882966a28c404e3c13fdb484f75cf,['cpu'],"['reference_not_ranking', 'historical_competitors_not_rerun', 'system_resources_not_exclusive']"
go_fast,cova_openmp_cpu,default,fresh_process,observed,0.16143062710762024,go_fast,7eb28298bd66038f57228eeb106197ae1ac32685,2,2,ae81860b1a6b200efcca939dedfc2ee5e6a861d07af0c13d6e54e4f1ed9dfb3a,27869e2eab641d51a4dcb8b144e082c2564882966a28c404e3c13fdb484f75cf,['cpu'],"['reference_not_ranking', 'historical_competitors_not_rerun', 'system_resources_not_exclusive']"
go_fast,cova_openmp_cpu,default,same_process,observed,0.13323844538535923,go_fast,7eb28298bd66038f57228eeb106197ae1ac32685,6,3,ae81860b1a6b200efcca939dedfc2ee5e6a861d07af0c13d6e54e4f1ed9dfb3a,27869e2eab641d51a4dcb8b144e082c2564882966a28c404e3c13fdb484f75cf,['cpu'],"['reference_not_ranking', 'historical_competitors_not_rerun', 'system_resources_not_exclusive']"
go_fast,cova_llvm_cpu_serial,default,initialization,observed,5.265273516066372,go_fast,7eb28298bd66038f57228eeb106197ae1ac32685,1,1,ae81860b1a6b200efcca939dedfc2ee5e6a861d07af0c13d6e54e4f1ed9dfb3a,27869e2eab641d51a4dcb8b144e082c2564882966a28c404e3c13fdb484f75cf,['cpu'],"['reference_not_ranking', 'historical_competitors_not_rerun', 'system_resources_not_exclusive']"
go_fast,cova_llvm_cpu_serial,default,fresh_process,observed,3.0190326696028933,go_fast,7eb28298bd66038f57228eeb106197ae1ac32685,2,2,ae81860b1a6b200efcca939dedfc2ee5e6a861d07af0c13d6e54e4f1ed9dfb3a,27869e2eab641d51a4dcb8b144e082c2564882966a28c404e3c13fdb484f75cf,['cpu'],"['reference_not_ranking', 'historical_competitors_not_rerun', 'system_resources_not_exclusive']"
go_fast,cova_llvm_cpu_serial,default,same_process,observed,2.6852115920046344,go_fast,7eb28298bd66038f57228eeb106197ae1ac32685,6,3,ae81860b1a6b200efcca939dedfc2ee5e6a861d07af0c13d6e54e4f1ed9dfb3a,27869e2eab641d51a4dcb8b144e082c2564882966a28c404e3c13fdb484f75cf,['cpu'],"['reference_not_ranking', 'historical_competitors_not_rerun', 'system_resources_not_exclusive']"
go_fast,cova_llvm_cpu,default,initialization,observed,5.774359511910006,go_fast,7eb28298bd66038f57228eeb106197ae1ac32685,1,1,ae81860b1a6b200efcca939dedfc2ee5e6a861d07af0c13d6e54e4f1ed9dfb3a,27869e2eab641d51a4dcb8b144e082c2564882966a28c404e3c13fdb484f75cf,['cpu'],"['reference_not_ranking', 'historical_competitors_not_rerun', 'system_resources_not_exclusive']"
go_fast,cova_llvm_cpu,default,fresh_process,observed,2.6727028088644147,go_fast,7eb28298bd66038f57228eeb106197ae1ac32685,2,2,ae81860b1a6b200efcca939dedfc2ee5e6a861d07af0c13d6e54e4f1ed9dfb3a,27869e2eab641d51a4dcb8b144e082c2564882966a28c404e3c13fdb484f75cf,['cpu'],"['reference_not_ranking', 'historical_competitors_not_rerun', 'system_resources_not_exclusive']"
go_fast,cova_llvm_cpu,default,same_process,observed,2.713397025479935,go_fast,7eb28298bd66038f57228eeb106197ae1ac32685,6,3,ae81860b1a6b200efcca939dedfc2ee5e6a861d07af0c13d6e54e4f1ed9dfb3a,27869e2eab641d51a4dcb8b144e082c2564882966a28c404e3c13fdb484f75cf,['cpu'],"['reference_not_ranking', 'historical_competitors_not_rerun', 'system_resources_not_exclusive']"
go_fast,cova_openmp_gpu,default,initialization,observed,8.109969120938331,go_fast,7eb28298bd66038f57228eeb106197ae1ac32685,1,1,ae81860b1a6b200efcca939dedfc2ee5e6a861d07af0c13d6e54e4f1ed9dfb3a,27869e2eab641d51a4dcb8b144e082c2564882966a28c404e3c13fdb484f75cf,['cpu'],"['reference_not_ranking', 'historical_competitors_not_rerun', 'system_resources_not_exclusive', 'gpu_placement_metadata_only']"
go_fast,cova_openmp_gpu,default,fresh_process,observed,2.9938913990044966,go_fast,7eb28298bd66038f57228eeb106197ae1ac32685,2,2,ae81860b1a6b200efcca939dedfc2ee5e6a861d07af0c13d6e54e4f1ed9dfb3a,27869e2eab641d51a4dcb8b144e082c2564882966a28c404e3c13fdb484f75cf,['cpu'],"['reference_not_ranking', 'historical_competitors_not_rerun', 'system_resources_not_exclusive', 'gpu_placement_metadata_only']"
go_fast,cova_openmp_gpu,default,same_process,observed,3.2139549215789884,go_fast,7eb28298bd66038f57228eeb106197ae1ac32685,6,3,ae81860b1a6b200efcca939dedfc2ee5e6a861d07af0c13d6e54e4f1ed9dfb3a,27869e2eab641d51a4dcb8b144e082c2564882966a28c404e3c13fdb484f75cf,['cpu'],"['reference_not_ranking', 'historical_competitors_not_rerun', 'system_resources_not_exclusive', 'gpu_placement_metadata_only']"
go_fast,cova_llvm_gpu,default,initialization,observed,5.884658375987783,go_fast,7eb28298bd66038f57228eeb106197ae1ac32685,1,1,ae81860b1a6b200efcca939dedfc2ee5e6a861d07af0c13d6e54e4f1ed9dfb3a,27869e2eab641d51a4dcb8b144e082c2564882966a28c404e3c13fdb484f75cf,['gpu'],"['reference_not_ranking', 'historical_competitors_not_rerun', 'system_resources_not_exclusive', 'gpu_placement_metadata_only']"
go_fast,cova_llvm_gpu,default,fresh_process,observed,1.0943774689221755,go_fast,7eb28298bd66038f57228eeb106197ae1ac32685,2,2,ae81860b1a6b200efcca939dedfc2ee5e6a861d07af0c13d6e54e4f1ed9dfb3a,27869e2eab641d51a4dcb8b144e082c2564882966a28c404e3c13fdb484f75cf,['gpu'],"['reference_not_ranking', 'historical_competitors_not_rerun', 'system_resources_not_exclusive', 'gpu_placement_metadata_only']"
go_fast,cova_llvm_gpu,default,same_process,observed,0.8213631059043109,go_fast,7eb28298bd66038f57228eeb106197ae1ac32685,6,3,ae81860b1a6b200efcca939dedfc2ee5e6a861d07af0c13d6e54e4f1ed9dfb3a,27869e2eab641d51a4dcb8b144e082c2564882966a28c404e3c13fdb484f75cf,['gpu'],"['reference_not_ranking', 'historical_competitors_not_rerun', 'system_resources_not_exclusive', 'gpu_placement_metadata_only']"
gramschmidt,cova_serial_cpu,default,initialization,observed,2.6075509879738092,gramschmidt,7eb28298bd66038f57228eeb106197ae1ac32685,1,1,1f3d8680c6c62cb57662259efbd6317e805dc931a93921d1f417b2d9a8b00706,0cd9b7683af012b2f89286b1d7f883de9ac11e0a801ad6a40757c753baba615b,['cpu'],"['reference_not_ranking', 'historical_competitors_not_rerun', 'system_resources_not_exclusive']"
gramschmidt,cova_serial_cpu,default,fresh_process,observed,0.3312730765901506,gramschmidt,7eb28298bd66038f57228eeb106197ae1ac32685,2,2,1f3d8680c6c62cb57662259efbd6317e805dc931a93921d1f417b2d9a8b00706,0cd9b7683af012b2f89286b1d7f883de9ac11e0a801ad6a40757c753baba615b,['cpu'],"['reference_not_ranking', 'historical_competitors_not_rerun', 'system_resources_not_exclusive']"
gramschmidt,cova_serial_cpu,default,same_process,observed,0.3172681254800409,gramschmidt,7eb28298bd66038f57228eeb106197ae1ac32685,6,3,1f3d8680c6c62cb57662259efbd6317e805dc931a93921d1f417b2d9a8b00706,0cd9b7683af012b2f89286b1d7f883de9ac11e0a801ad6a40757c753baba615b,['cpu'],"['reference_not_ranking', 'historical_competitors_not_rerun', 'system_resources_not_exclusive']"
gramschmidt,cova_openmp_cpu,default,initialization,observed,2.727937792195007,gramschmidt,7eb28298bd66038f57228eeb106197ae1ac32685,1,1,1f3d8680c6c62cb57662259efbd6317e805dc931a93921d1f417b2d9a8b00706,0cd9b7683af012b2f89286b1d7f883de9ac11e0a801ad6a40757c753baba615b,['cpu'],"['reference_not_ranking', 'historical_competitors_not_rerun', 'system_resources_not_exclusive']"
gramschmidt,cova_openmp_cpu,default,fresh_process,observed,0.44143788143992424,gramschmidt,7eb28298bd66038f57228eeb106197ae1ac32685,2,2,1f3d8680c6c62cb57662259efbd6317e805dc931a93921d1f417b2d9a8b00706,0cd9b7683af012b2f89286b1d7f883de9ac11e0a801ad6a40757c753baba615b,['cpu'],"['reference_not_ranking', 'historical_competitors_not_rerun', 'system_resources_not_exclusive']"
gramschmidt,cova_openmp_cpu,default,same_process,observed,0.427534774527885,gramschmidt,7eb28298bd66038f57228eeb106197ae1ac32685,6,3,1f3d8680c6c62cb57662259efbd6317e805dc931a93921d1f417b2d9a8b00706,0cd9b7683af012b2f89286b1d7f883de9ac11e0a801ad6a40757c753baba615b,['cpu'],"['reference_not_ranking', 'historical_competitors_not_rerun', 'system_resources_not_exclusive']"
gramschmidt,cova_llvm_cpu_serial,default,initialization,observed,2.089383886894211,gramschmidt,7eb28298bd66038f57228eeb106197ae1ac32685,1,1,1f3d8680c6c62cb57662259efbd6317e805dc931a93921d1f417b2d9a8b00706,0cd9b7683af012b2f89286b1d7f883de9ac11e0a801ad6a40757c753baba615b,['cpu'],"['reference_not_ranking', 'historical_competitors_not_rerun', 'system_resources_not_exclusive']"
gramschmidt,cova_llvm_cpu_serial,default,fresh_process,observed,0.3792495720554143,gramschmidt,7eb28298bd66038f57228eeb106197ae1ac32685,2,2,1f3d8680c6c62cb57662259efbd6317e805dc931a93921d1f417b2d9a8b00706,0cd9b7683af012b2f89286b1d7f883de9ac11e0a801ad6a40757c753baba615b,['cpu'],"['reference_not_ranking', 'historical_competitors_not_rerun', 'system_resources_not_exclusive']"
gramschmidt,cova_llvm_cpu_serial,default,same_process,observed,0.31981263135094196,gramschmidt,7eb28298bd66038f57228eeb106197ae1ac32685,6,3,1f3d8680c6c62cb57662259efbd6317e805dc931a93921d1f417b2d9a8b00706,0cd9b7683af012b2f89286b1d7f883de9ac11e0a801ad6a40757c753baba615b,['cpu'],"['reference_not_ranking', 'historical_competitors_not_rerun', 'system_resources_not_exclusive']"
gramschmidt,cova_llvm_cpu,default,initialization,observed,2.5659943940117955,gramschmidt,7eb28298bd66038f57228eeb106197ae1ac32685,1,1,1f3d8680c6c62cb57662259efbd6317e805dc931a93921d1f417b2d9a8b00706,0cd9b7683af012b2f89286b1d7f883de9ac11e0a801ad6a40757c753baba615b,['cpu'],"['reference_not_ranking', 'historical_competitors_not_rerun', 'system_resources_not_exclusive']"
gramschmidt,cova_llvm_cpu,default,fresh_process,observed,0.42599617887753993,gramschmidt,7eb28298bd66038f57228eeb106197ae1ac32685,2,2,1f3d8680c6c62cb57662259efbd6317e805dc931a93921d1f417b2d9a8b00706,0cd9b7683af012b2f89286b1d7f883de9ac11e0a801ad6a40757c753baba615b,['cpu'],"['reference_not_ranking', 'historical_competitors_not_rerun', 'system_resources_not_exclusive']"
gramschmidt,cova_llvm_cpu,default,same_process,observed,0.41450324957259,gramschmidt,7eb28298bd66038f57228eeb106197ae1ac32685,6,3,1f3d8680c6c62cb57662259efbd6317e805dc931a93921d1f417b2d9a8b00706,0cd9b7683af012b2f89286b1d7f883de9ac11e0a801ad6a40757c753baba615b,['cpu'],"['reference_not_ranking', 'historical_competitors_not_rerun', 'system_resources_not_exclusive']"
gramschmidt,cova_openmp_gpu,default,initialization,observed,5.119801438879222,gramschmidt,7eb28298bd66038f57228eeb106197ae1ac32685,1,1,1f3d8680c6c62cb57662259efbd6317e805dc931a93921d1f417b2d9a8b00706,0cd9b7683af012b2f89286b1d7f883de9ac11e0a801ad6a40757c753baba615b,['cpu'],"['reference_not_ranking', 'historical_competitors_not_rerun', 'system_resources_not_exclusive', 'gpu_placement_metadata_only']"
gramschmidt,cova_openmp_gpu,default,fresh_process,observed,0.47006696939934045,gramschmidt,7eb28298bd66038f57228eeb106197ae1ac32685,2,2,1f3d8680c6c62cb57662259efbd6317e805dc931a93921d1f417b2d9a8b00706,0cd9b7683af012b2f89286b1d7f883de9ac11e0a801ad6a40757c753baba615b,['cpu'],"['reference_not_ranking', 'historical_competitors_not_rerun', 'system_resources_not_exclusive', 'gpu_placement_metadata_only']"
gramschmidt,cova_openmp_gpu,default,same_process,observed,0.34523411153350025,gramschmidt,7eb28298bd66038f57228eeb106197ae1ac32685,6,3,1f3d8680c6c62cb57662259efbd6317e805dc931a93921d1f417b2d9a8b00706,0cd9b7683af012b2f89286b1d7f883de9ac11e0a801ad6a40757c753baba615b,['cpu'],"['reference_not_ranking', 'historical_competitors_not_rerun', 'system_resources_not_exclusive', 'gpu_placement_metadata_only']"
gramschmidt,cova_llvm_gpu,default,initialization,observed,11.823262742022052,gramschmidt,7eb28298bd66038f57228eeb106197ae1ac32685,1,1,1f3d8680c6c62cb57662259efbd6317e805dc931a93921d1f417b2d9a8b00706,0cd9b7683af012b2f89286b1d7f883de9ac11e0a801ad6a40757c753baba615b,['mixed'],"['reference_not_ranking', 'historical_competitors_not_rerun', 'system_resources_not_exclusive', 'gpu_placement_metadata_only']"
gramschmidt,cova_llvm_gpu,default,fresh_process,observed,6.849955462967046,gramschmidt,7eb28298bd66038f57228eeb106197ae1ac32685,2,2,1f3d8680c6c62cb57662259efbd6317e805dc931a93921d1f417b2d9a8b00706,0cd9b7683af012b2f89286b1d7f883de9ac11e0a801ad6a40757c753baba615b,['mixed'],"['reference_not_ranking', 'historical_competitors_not_rerun', 'system_resources_not_exclusive', 'gpu_placement_metadata_only']"
gramschmidt,cova_llvm_gpu,default,same_process,observed,6.488628003979102,gramschmidt,7eb28298bd66038f57228eeb106197ae1ac32685,6,3,1f3d8680c6c62cb57662259efbd6317e805dc931a93921d1f417b2d9a8b00706,0cd9b7683af012b2f89286b1d7f883de9ac11e0a801ad6a40757c753baba615b,['mixed'],"['reference_not_ranking', 'historical_competitors_not_rerun', 'system_resources_not_exclusive', 'gpu_placement_metadata_only']"
hdiff,cova_serial_cpu,default,initialization,observed,5.517012184020132,hdiff,7eb28298bd66038f57228eeb106197ae1ac32685,1,1,db572ba94a6764cd4f333fd1c155d8498c95bfc20a8f378ce3588d5b7ef038ef,e800ed3dc8d530d7e84b4a637b91cc6d9bc1280101023ee86a27f69cfa34eec1,['cpu'],"['reference_not_ranking', 'historical_competitors_not_rerun', 'system_resources_not_exclusive']"
hdiff,cova_serial_cpu,default,fresh_process,observed,1.6700996175641194,hdiff,7eb28298bd66038f57228eeb106197ae1ac32685,2,2,db572ba94a6764cd4f333fd1c155d8498c95bfc20a8f378ce3588d5b7ef038ef,e800ed3dc8d530d7e84b4a637b91cc6d9bc1280101023ee86a27f69cfa34eec1,['cpu'],"['reference_not_ranking', 'historical_competitors_not_rerun', 'system_resources_not_exclusive']"
hdiff,cova_serial_cpu,default,same_process,observed,0.4430778914829716,hdiff,7eb28298bd66038f57228eeb106197ae1ac32685,6,3,db572ba94a6764cd4f333fd1c155d8498c95bfc20a8f378ce3588d5b7ef038ef,e800ed3dc8d530d7e84b4a637b91cc6d9bc1280101023ee86a27f69cfa34eec1,['cpu'],"['reference_not_ranking', 'historical_competitors_not_rerun', 'system_resources_not_exclusive']"
hdiff,cova_openmp_cpu,default,initialization,observed,4.624341411050409,hdiff,7eb28298bd66038f57228eeb106197ae1ac32685,1,1,db572ba94a6764cd4f333fd1c155d8498c95bfc20a8f378ce3588d5b7ef038ef,e800ed3dc8d530d7e84b4a637b91cc6d9bc1280101023ee86a27f69cfa34eec1,['cpu'],"['reference_not_ranking', 'historical_competitors_not_rerun', 'system_resources_not_exclusive']"
hdiff,cova_openmp_cpu,default,fresh_process,observed,1.3939601255115122,hdiff,7eb28298bd66038f57228eeb106197ae1ac32685,2,2,db572ba94a6764cd4f333fd1c155d8498c95bfc20a8f378ce3588d5b7ef038ef,e800ed3dc8d530d7e84b4a637b91cc6d9bc1280101023ee86a27f69cfa34eec1,['cpu'],"['reference_not_ranking', 'historical_competitors_not_rerun', 'system_resources_not_exclusive']"
hdiff,cova_openmp_cpu,default,same_process,observed,1.3274821065133438,hdiff,7eb28298bd66038f57228eeb106197ae1ac32685,6,3,db572ba94a6764cd4f333fd1c155d8498c95bfc20a8f378ce3588d5b7ef038ef,e800ed3dc8d530d7e84b4a637b91cc6d9bc1280101023ee86a27f69cfa34eec1,['cpu'],"['reference_not_ranking', 'historical_competitors_not_rerun', 'system_resources_not_exclusive']"
hdiff,cova_llvm_cpu_serial,default,initialization,observed,4.2547301282174885,hdiff,7eb28298bd66038f57228eeb106197ae1ac32685,1,1,db572ba94a6764cd4f333fd1c155d8498c95bfc20a8f378ce3588d5b7ef038ef,e800ed3dc8d530d7e84b4a637b91cc6d9bc1280101023ee86a27f69cfa34eec1,['cpu'],"['reference_not_ranking', 'historical_competitors_not_rerun', 'system_resources_not_exclusive']"
hdiff,cova_llvm_cpu_serial,default,fresh_process,observed,1.538944086409174,hdiff,7eb28298bd66038f57228eeb106197ae1ac32685,2,2,db572ba94a6764cd4f333fd1c155d8498c95bfc20a8f378ce3588d5b7ef038ef,e800ed3dc8d530d7e84b4a637b91cc6d9bc1280101023ee86a27f69cfa34eec1,['cpu'],"['reference_not_ranking', 'historical_competitors_not_rerun', 'system_resources_not_exclusive']"
hdiff,cova_llvm_cpu_serial,default,same_process,observed,1.5310826575150713,hdiff,7eb28298bd66038f57228eeb106197ae1ac32685,6,3,db572ba94a6764cd4f333fd1c155d8498c95bfc20a8f378ce3588d5b7ef038ef,e800ed3dc8d530d7e84b4a637b91cc6d9bc1280101023ee86a27f69cfa34eec1,['cpu'],"['reference_not_ranking', 'historical_competitors_not_rerun', 'system_resources_not_exclusive']"
hdiff,cova_llvm_cpu,default,initialization,observed,4.9891383468639106,hdiff,7eb28298bd66038f57228eeb106197ae1ac32685,1,1,db572ba94a6764cd4f333fd1c155d8498c95bfc20a8f378ce3588d5b7ef038ef,e800ed3dc8d530d7e84b4a637b91cc6d9bc1280101023ee86a27f69cfa34eec1,['cpu'],"['reference_not_ranking', 'historical_competitors_not_rerun', 'system_resources_not_exclusive']"
hdiff,cova_llvm_cpu,default,fresh_process,observed,0.7763621484627947,hdiff,7eb28298bd66038f57228eeb106197ae1ac32685,2,2,db572ba94a6764cd4f333fd1c155d8498c95bfc20a8f378ce3588d5b7ef038ef,e800ed3dc8d530d7e84b4a637b91cc6d9bc1280101023ee86a27f69cfa34eec1,['cpu'],"['reference_not_ranking', 'historical_competitors_not_rerun', 'system_resources_not_exclusive']"
hdiff,cova_llvm_cpu,default,same_process,observed,0.6136344119440764,hdiff,7eb28298bd66038f57228eeb106197ae1ac32685,6,3,db572ba94a6764cd4f333fd1c155d8498c95bfc20a8f378ce3588d5b7ef038ef,e800ed3dc8d530d7e84b4a637b91cc6d9bc1280101023ee86a27f69cfa34eec1,['cpu'],"['reference_not_ranking', 'historical_competitors_not_rerun', 'system_resources_not_exclusive']"
hdiff,cova_openmp_gpu,default,initialization,observed,10.443611296825111,hdiff,7eb28298bd66038f57228eeb106197ae1ac32685,1,1,db572ba94a6764cd4f333fd1c155d8498c95bfc20a8f378ce3588d5b7ef038ef,e800ed3dc8d530d7e84b4a637b91cc6d9bc1280101023ee86a27f69cfa34eec1,['gpu'],"['reference_not_ranking', 'historical_competitors_not_rerun', 'system_resources_not_exclusive', 'gpu_placement_metadata_only']"
hdiff,cova_openmp_gpu,default,fresh_process,observed,2.201819009380415,hdiff,7eb28298bd66038f57228eeb106197ae1ac32685,2,2,db572ba94a6764cd4f333fd1c155d8498c95bfc20a8f378ce3588d5b7ef038ef,e800ed3dc8d530d7e84b4a637b91cc6d9bc1280101023ee86a27f69cfa34eec1,['gpu'],"['reference_not_ranking', 'historical_competitors_not_rerun', 'system_resources_not_exclusive', 'gpu_placement_metadata_only']"
hdiff,cova_openmp_gpu,default,same_process,observed,1.965469777584076,hdiff,7eb28298bd66038f57228eeb106197ae1ac32685,6,3,db572ba94a6764cd4f333fd1c155d8498c95bfc20a8f378ce3588d5b7ef038ef,e800ed3dc8d530d7e84b4a637b91cc6d9bc1280101023ee86a27f69cfa34eec1,['gpu'],"['reference_not_ranking', 'historical_competitors_not_rerun', 'system_resources_not_exclusive', 'gpu_placement_metadata_only']"
hdiff,cova_llvm_gpu,default,initialization,observed,6.151647282997146,hdiff,7eb28298bd66038f57228eeb106197ae1ac32685,1,1,db572ba94a6764cd4f333fd1c155d8498c95bfc20a8f378ce3588d5b7ef038ef,e800ed3dc8d530d7e84b4a637b91cc6d9bc1280101023ee86a27f69cfa34eec1,['gpu'],"['reference_not_ranking', 'historical_competitors_not_rerun', 'system_resources_not_exclusive', 'gpu_placement_metadata_only']"
hdiff,cova_llvm_gpu,default,fresh_process,observed,0.3956224035937339,hdiff,7eb28298bd66038f57228eeb106197ae1ac32685,2,2,db572ba94a6764cd4f333fd1c155d8498c95bfc20a8f378ce3588d5b7ef038ef,e800ed3dc8d530d7e84b4a637b91cc6d9bc1280101023ee86a27f69cfa34eec1,['gpu'],"['reference_not_ranking', 'historical_competitors_not_rerun', 'system_resources_not_exclusive', 'gpu_placement_metadata_only']"
hdiff,cova_llvm_gpu,default,same_process,observed,0.15621099586132914,hdiff,7eb28298bd66038f57228eeb106197ae1ac32685,6,3,db572ba94a6764cd4f333fd1c155d8498c95bfc20a8f378ce3588d5b7ef038ef,e800ed3dc8d530d7e84b4a637b91cc6d9bc1280101023ee86a27f69cfa34eec1,['gpu'],"['reference_not_ranking', 'historical_competitors_not_rerun', 'system_resources_not_exclusive', 'gpu_placement_metadata_only']"
heat_3d,cova_serial_cpu,default,initialization,observed,2.3897726591676474,heat_3d,7eb28298bd66038f57228eeb106197ae1ac32685,1,1,30fe858bb26413e6677f8fa2af4b685936ad2acf33485956268a9184b302da55,a81cc292224c841a9ce27e90c6d26d29c8ea5a75badeca9376911772a40bf22f,['cpu'],"['reference_not_ranking', 'historical_competitors_not_rerun', 'system_resources_not_exclusive']"
heat_3d,cova_serial_cpu,default,fresh_process,observed,0.09599136642646044,heat_3d,7eb28298bd66038f57228eeb106197ae1ac32685,2,2,30fe858bb26413e6677f8fa2af4b685936ad2acf33485956268a9184b302da55,a81cc292224c841a9ce27e90c6d26d29c8ea5a75badeca9376911772a40bf22f,['cpu'],"['reference_not_ranking', 'historical_competitors_not_rerun', 'system_resources_not_exclusive']"
heat_3d,cova_serial_cpu,default,same_process,observed,0.0767739920411259,heat_3d,7eb28298bd66038f57228eeb106197ae1ac32685,6,3,30fe858bb26413e6677f8fa2af4b685936ad2acf33485956268a9184b302da55,a81cc292224c841a9ce27e90c6d26d29c8ea5a75badeca9376911772a40bf22f,['cpu'],"['reference_not_ranking', 'historical_competitors_not_rerun', 'system_resources_not_exclusive']"
heat_3d,cova_openmp_cpu,default,initialization,observed,2.747149386908859,heat_3d,7eb28298bd66038f57228eeb106197ae1ac32685,1,1,30fe858bb26413e6677f8fa2af4b685936ad2acf33485956268a9184b302da55,a81cc292224c841a9ce27e90c6d26d29c8ea5a75badeca9376911772a40bf22f,['cpu'],"['reference_not_ranking', 'historical_competitors_not_rerun', 'system_resources_not_exclusive']"
heat_3d,cova_openmp_cpu,default,fresh_process,observed,0.11993067560251802,heat_3d,7eb28298bd66038f57228eeb106197ae1ac32685,2,2,30fe858bb26413e6677f8fa2af4b685936ad2acf33485956268a9184b302da55,a81cc292224c841a9ce27e90c6d26d29c8ea5a75badeca9376911772a40bf22f,['cpu'],"['reference_not_ranking', 'historical_competitors_not_rerun', 'system_resources_not_exclusive']"
heat_3d,cova_openmp_cpu,default,same_process,observed,0.09085245989263058,heat_3d,7eb28298bd66038f57228eeb106197ae1ac32685,6,3,30fe858bb26413e6677f8fa2af4b685936ad2acf33485956268a9184b302da55,a81cc292224c841a9ce27e90c6d26d29c8ea5a75badeca9376911772a40bf22f,['cpu'],"['reference_not_ranking', 'historical_competitors_not_rerun', 'system_resources_not_exclusive']"
heat_3d,cova_llvm_cpu_serial,default,initialization,observed,1.6774067210499197,heat_3d,7eb28298bd66038f57228eeb106197ae1ac32685,1,1,30fe858bb26413e6677f8fa2af4b685936ad2acf33485956268a9184b302da55,a81cc292224c841a9ce27e90c6d26d29c8ea5a75badeca9376911772a40bf22f,['cpu'],"['reference_not_ranking', 'historical_competitors_not_rerun', 'system_resources_not_exclusive']"
heat_3d,cova_llvm_cpu_serial,default,fresh_process,observed,0.10082688007969409,heat_3d,7eb28298bd66038f57228eeb106197ae1ac32685,2,2,30fe858bb26413e6677f8fa2af4b685936ad2acf33485956268a9184b302da55,a81cc292224c841a9ce27e90c6d26d29c8ea5a75badeca9376911772a40bf22f,['cpu'],"['reference_not_ranking', 'historical_competitors_not_rerun', 'system_resources_not_exclusive']"
heat_3d,cova_llvm_cpu_serial,default,same_process,observed,0.08392508805263788,heat_3d,7eb28298bd66038f57228eeb106197ae1ac32685,6,3,30fe858bb26413e6677f8fa2af4b685936ad2acf33485956268a9184b302da55,a81cc292224c841a9ce27e90c6d26d29c8ea5a75badeca9376911772a40bf22f,['cpu'],"['reference_not_ranking', 'historical_competitors_not_rerun', 'system_resources_not_exclusive']"
heat_3d,cova_llvm_cpu,default,initialization,observed,2.413061849074438,heat_3d,7eb28298bd66038f57228eeb106197ae1ac32685,1,1,30fe858bb26413e6677f8fa2af4b685936ad2acf33485956268a9184b302da55,a81cc292224c841a9ce27e90c6d26d29c8ea5a75badeca9376911772a40bf22f,['cpu'],"['reference_not_ranking', 'historical_competitors_not_rerun', 'system_resources_not_exclusive']"
heat_3d,cova_llvm_cpu,default,fresh_process,observed,0.2867229114053771,heat_3d,7eb28298bd66038f57228eeb106197ae1ac32685,2,2,30fe858bb26413e6677f8fa2af4b685936ad2acf33485956268a9184b302da55,a81cc292224c841a9ce27e90c6d26d29c8ea5a75badeca9376911772a40bf22f,['cpu'],"['reference_not_ranking', 'historical_competitors_not_rerun', 'system_resources_not_exclusive']"
heat_3d,cova_llvm_cpu,default,same_process,observed,0.20260237401816994,heat_3d,7eb28298bd66038f57228eeb106197ae1ac32685,6,3,30fe858bb26413e6677f8fa2af4b685936ad2acf33485956268a9184b302da55,a81cc292224c841a9ce27e90c6d26d29c8ea5a75badeca9376911772a40bf22f,['cpu'],"['reference_not_ranking', 'historical_competitors_not_rerun', 'system_resources_not_exclusive']"
heat_3d,cova_openmp_gpu,default,initialization,observed,4.7225362989120185,heat_3d,7eb28298bd66038f57228eeb106197ae1ac32685,1,1,30fe858bb26413e6677f8fa2af4b685936ad2acf33485956268a9184b302da55,a81cc292224c841a9ce27e90c6d26d29c8ea5a75badeca9376911772a40bf22f,['cpu'],"['reference_not_ranking', 'historical_competitors_not_rerun', 'system_resources_not_exclusive', 'gpu_placement_metadata_only']"
heat_3d,cova_openmp_gpu,default,fresh_process,observed,0.11061629455070943,heat_3d,7eb28298bd66038f57228eeb106197ae1ac32685,2,2,30fe858bb26413e6677f8fa2af4b685936ad2acf33485956268a9184b302da55,a81cc292224c841a9ce27e90c6d26d29c8ea5a75badeca9376911772a40bf22f,['cpu'],"['reference_not_ranking', 'historical_competitors_not_rerun', 'system_resources_not_exclusive', 'gpu_placement_metadata_only']"
heat_3d,cova_openmp_gpu,default,same_process,observed,0.07977596204727888,heat_3d,7eb28298bd66038f57228eeb106197ae1ac32685,6,3,30fe858bb26413e6677f8fa2af4b685936ad2acf33485956268a9184b302da55,a81cc292224c841a9ce27e90c6d26d29c8ea5a75badeca9376911772a40bf22f,['cpu'],"['reference_not_ranking', 'historical_competitors_not_rerun', 'system_resources_not_exclusive', 'gpu_placement_metadata_only']"
heat_3d,cova_llvm_gpu,default,initialization,observed,5.148215448018163,heat_3d,7eb28298bd66038f57228eeb106197ae1ac32685,1,1,30fe858bb26413e6677f8fa2af4b685936ad2acf33485956268a9184b302da55,a81cc292224c841a9ce27e90c6d26d29c8ea5a75badeca9376911772a40bf22f,['gpu'],"['reference_not_ranking', 'historical_competitors_not_rerun', 'system_resources_not_exclusive', 'gpu_placement_metadata_only']"
heat_3d,cova_llvm_gpu,default,fresh_process,observed,0.36528329784050584,heat_3d,7eb28298bd66038f57228eeb106197ae1ac32685,2,2,30fe858bb26413e6677f8fa2af4b685936ad2acf33485956268a9184b302da55,a81cc292224c841a9ce27e90c6d26d29c8ea5a75badeca9376911772a40bf22f,['gpu'],"['reference_not_ranking', 'historical_competitors_not_rerun', 'system_resources_not_exclusive', 'gpu_placement_metadata_only']"
heat_3d,cova_llvm_gpu,default,same_process,observed,0.03401639452204108,heat_3d,7eb28298bd66038f57228eeb106197ae1ac32685,6,3,30fe858bb26413e6677f8fa2af4b685936ad2acf33485956268a9184b302da55,a81cc292224c841a9ce27e90c6d26d29c8ea5a75badeca9376911772a40bf22f,['gpu'],"['reference_not_ranking', 'historical_competitors_not_rerun', 'system_resources_not_exclusive', 'gpu_placement_metadata_only']"
jacobi_1d,cova_serial_cpu,default,initialization,observed,2.932969913817942,jacobi_1d,7eb28298bd66038f57228eeb106197ae1ac32685,1,1,dd2d6ec412835edbbe4a018d3544e156d3fdd08552a444b52727b05fa47d8a06,16a5a1662f12689fbf187fbb656ac8e1d9c5d1f78efc866cd0f41cf46b753592,['cpu'],"['reference_not_ranking', 'historical_competitors_not_rerun', 'system_resources_not_exclusive']"
jacobi_1d,cova_serial_cpu,default,fresh_process,observed,0.9189137499779463,jacobi_1d,7eb28298bd66038f57228eeb106197ae1ac32685,2,2,dd2d6ec412835edbbe4a018d3544e156d3fdd08552a444b52727b05fa47d8a06,16a5a1662f12689fbf187fbb656ac8e1d9c5d1f78efc866cd0f41cf46b753592,['cpu'],"['reference_not_ranking', 'historical_competitors_not_rerun', 'system_resources_not_exclusive']"
jacobi_1d,cova_serial_cpu,default,same_process,observed,0.753962849965319,jacobi_1d,7eb28298bd66038f57228eeb106197ae1ac32685,6,3,dd2d6ec412835edbbe4a018d3544e156d3fdd08552a444b52727b05fa47d8a06,16a5a1662f12689fbf187fbb656ac8e1d9c5d1f78efc866cd0f41cf46b753592,['cpu'],"['reference_not_ranking', 'historical_competitors_not_rerun', 'system_resources_not_exclusive']"
jacobi_1d,cova_openmp_cpu,default,initialization,observed,3.0736993849277496,jacobi_1d,7eb28298bd66038f57228eeb106197ae1ac32685,1,1,dd2d6ec412835edbbe4a018d3544e156d3fdd08552a444b52727b05fa47d8a06,16a5a1662f12689fbf187fbb656ac8e1d9c5d1f78efc866cd0f41cf46b753592,['cpu'],"['reference_not_ranking', 'historical_competitors_not_rerun', 'system_resources_not_exclusive']"
jacobi_1d,cova_openmp_cpu,default,fresh_process,observed,0.8699973290786147,jacobi_1d,7eb28298bd66038f57228eeb106197ae1ac32685,2,2,dd2d6ec412835edbbe4a018d3544e156d3fdd08552a444b52727b05fa47d8a06,16a5a1662f12689fbf187fbb656ac8e1d9c5d1f78efc866cd0f41cf46b753592,['cpu'],"['reference_not_ranking', 'historical_competitors_not_rerun', 'system_resources_not_exclusive']"
jacobi_1d,cova_openmp_cpu,default,same_process,observed,0.7401900950353593,jacobi_1d,7eb28298bd66038f57228eeb106197ae1ac32685,6,3,dd2d6ec412835edbbe4a018d3544e156d3fdd08552a444b52727b05fa47d8a06,16a5a1662f12689fbf187fbb656ac8e1d9c5d1f78efc866cd0f41cf46b753592,['cpu'],"['reference_not_ranking', 'historical_competitors_not_rerun', 'system_resources_not_exclusive']"
jacobi_1d,cova_llvm_cpu_serial,default,initialization,observed,2.5062851540278643,jacobi_1d,7eb28298bd66038f57228eeb106197ae1ac32685,1,1,dd2d6ec412835edbbe4a018d3544e156d3fdd08552a444b52727b05fa47d8a06,16a5a1662f12689fbf187fbb656ac8e1d9c5d1f78efc866cd0f41cf46b753592,['cpu'],"['reference_not_ranking', 'historical_competitors_not_rerun', 'system_resources_not_exclusive']"
jacobi_1d,cova_llvm_cpu_serial,default,fresh_process,observed,0.919139111880213,jacobi_1d,7eb28298bd66038f57228eeb106197ae1ac32685,2,2,dd2d6ec412835edbbe4a018d3544e156d3fdd08552a444b52727b05fa47d8a06,16a5a1662f12689fbf187fbb656ac8e1d9c5d1f78efc866cd0f41cf46b753592,['cpu'],"['reference_not_ranking', 'historical_competitors_not_rerun', 'system_resources_not_exclusive']"
jacobi_1d,cova_llvm_cpu_serial,default,same_process,observed,0.7384362424490973,jacobi_1d,7eb28298bd66038f57228eeb106197ae1ac32685,6,3,dd2d6ec412835edbbe4a018d3544e156d3fdd08552a444b52727b05fa47d8a06,16a5a1662f12689fbf187fbb656ac8e1d9c5d1f78efc866cd0f41cf46b753592,['cpu'],"['reference_not_ranking', 'historical_competitors_not_rerun', 'system_resources_not_exclusive']"
jacobi_1d,cova_llvm_cpu,default,initialization,observed,2.7061428888700902,jacobi_1d,7eb28298bd66038f57228eeb106197ae1ac32685,1,1,dd2d6ec412835edbbe4a018d3544e156d3fdd08552a444b52727b05fa47d8a06,16a5a1662f12689fbf187fbb656ac8e1d9c5d1f78efc866cd0f41cf46b753592,['cpu'],"['reference_not_ranking', 'historical_competitors_not_rerun', 'system_resources_not_exclusive']"
jacobi_1d,cova_llvm_cpu,default,fresh_process,observed,0.9364894059253857,jacobi_1d,7eb28298bd66038f57228eeb106197ae1ac32685,2,2,dd2d6ec412835edbbe4a018d3544e156d3fdd08552a444b52727b05fa47d8a06,16a5a1662f12689fbf187fbb656ac8e1d9c5d1f78efc866cd0f41cf46b753592,['cpu'],"['reference_not_ranking', 'historical_competitors_not_rerun', 'system_resources_not_exclusive']"
jacobi_1d,cova_llvm_cpu,default,same_process,observed,0.7673802825156599,jacobi_1d,7eb28298bd66038f57228eeb106197ae1ac32685,6,3,dd2d6ec412835edbbe4a018d3544e156d3fdd08552a444b52727b05fa47d8a06,16a5a1662f12689fbf187fbb656ac8e1d9c5d1f78efc866cd0f41cf46b753592,['cpu'],"['reference_not_ranking', 'historical_competitors_not_rerun', 'system_resources_not_exclusive']"
jacobi_1d,cova_openmp_gpu,default,initialization,observed,5.337067696964368,jacobi_1d,7eb28298bd66038f57228eeb106197ae1ac32685,1,1,dd2d6ec412835edbbe4a018d3544e156d3fdd08552a444b52727b05fa47d8a06,16a5a1662f12689fbf187fbb656ac8e1d9c5d1f78efc866cd0f41cf46b753592,['cpu'],"['reference_not_ranking', 'historical_competitors_not_rerun', 'system_resources_not_exclusive', 'gpu_placement_metadata_only']"
jacobi_1d,cova_openmp_gpu,default,fresh_process,observed,0.9105988719966263,jacobi_1d,7eb28298bd66038f57228eeb106197ae1ac32685,2,2,dd2d6ec412835edbbe4a018d3544e156d3fdd08552a444b52727b05fa47d8a06,16a5a1662f12689fbf187fbb656ac8e1d9c5d1f78efc866cd0f41cf46b753592,['cpu'],"['reference_not_ranking', 'historical_competitors_not_rerun', 'system_resources_not_exclusive', 'gpu_placement_metadata_only']"
jacobi_1d,cova_openmp_gpu,default,same_process,observed,0.7589565764646977,jacobi_1d,7eb28298bd66038f57228eeb106197ae1ac32685,6,3,dd2d6ec412835edbbe4a018d3544e156d3fdd08552a444b52727b05fa47d8a06,16a5a1662f12689fbf187fbb656ac8e1d9c5d1f78efc866cd0f41cf46b753592,['cpu'],"['reference_not_ranking', 'historical_competitors_not_rerun', 'system_resources_not_exclusive', 'gpu_placement_metadata_only']"
jacobi_1d,cova_llvm_gpu,default,initialization,observed,5.454589754110202,jacobi_1d,7eb28298bd66038f57228eeb106197ae1ac32685,1,1,dd2d6ec412835edbbe4a018d3544e156d3fdd08552a444b52727b05fa47d8a06,16a5a1662f12689fbf187fbb656ac8e1d9c5d1f78efc866cd0f41cf46b753592,['gpu'],"['reference_not_ranking', 'historical_competitors_not_rerun', 'system_resources_not_exclusive', 'gpu_placement_metadata_only']"
jacobi_1d,cova_llvm_gpu,default,fresh_process,observed,0.6972291599959135,jacobi_1d,7eb28298bd66038f57228eeb106197ae1ac32685,2,2,dd2d6ec412835edbbe4a018d3544e156d3fdd08552a444b52727b05fa47d8a06,16a5a1662f12689fbf187fbb656ac8e1d9c5d1f78efc866cd0f41cf46b753592,['gpu'],"['reference_not_ranking', 'historical_competitors_not_rerun', 'system_resources_not_exclusive', 'gpu_placement_metadata_only']"
jacobi_1d,cova_llvm_gpu,default,same_process,observed,0.34549983649048954,jacobi_1d,7eb28298bd66038f57228eeb106197ae1ac32685,6,3,dd2d6ec412835edbbe4a018d3544e156d3fdd08552a444b52727b05fa47d8a06,16a5a1662f12689fbf187fbb656ac8e1d9c5d1f78efc866cd0f41cf46b753592,['gpu'],"['reference_not_ranking', 'historical_competitors_not_rerun', 'system_resources_not_exclusive', 'gpu_placement_metadata_only']"
jacobi_2d,cova_serial_cpu,default,initialization,observed,2.234712566016242,jacobi_2d,7eb28298bd66038f57228eeb106197ae1ac32685,1,1,bb0f1b25c2ede622f6875f9761e2dec03fcebb4785d6110e5288554d5cfdd9f9,88fcc37626b242ba2751f475ada3090117847e04203daddbc9456f9d0e7e584d,['cpu'],"['reference_not_ranking', 'historical_competitors_not_rerun', 'system_resources_not_exclusive']"
jacobi_2d,cova_serial_cpu,default,fresh_process,observed,0.1735079395584762,jacobi_2d,7eb28298bd66038f57228eeb106197ae1ac32685,2,2,bb0f1b25c2ede622f6875f9761e2dec03fcebb4785d6110e5288554d5cfdd9f9,88fcc37626b242ba2751f475ada3090117847e04203daddbc9456f9d0e7e584d,['cpu'],"['reference_not_ranking', 'historical_competitors_not_rerun', 'system_resources_not_exclusive']"
jacobi_2d,cova_serial_cpu,default,same_process,observed,0.14455674646887928,jacobi_2d,7eb28298bd66038f57228eeb106197ae1ac32685,6,3,bb0f1b25c2ede622f6875f9761e2dec03fcebb4785d6110e5288554d5cfdd9f9,88fcc37626b242ba2751f475ada3090117847e04203daddbc9456f9d0e7e584d,['cpu'],"['reference_not_ranking', 'historical_competitors_not_rerun', 'system_resources_not_exclusive']"
jacobi_2d,cova_openmp_cpu,default,initialization,observed,2.6211555239278823,jacobi_2d,7eb28298bd66038f57228eeb106197ae1ac32685,1,1,bb0f1b25c2ede622f6875f9761e2dec03fcebb4785d6110e5288554d5cfdd9f9,88fcc37626b242ba2751f475ada3090117847e04203daddbc9456f9d0e7e584d,['cpu'],"['reference_not_ranking', 'historical_competitors_not_rerun', 'system_resources_not_exclusive']"
jacobi_2d,cova_openmp_cpu,default,fresh_process,observed,0.1674518419895321,jacobi_2d,7eb28298bd66038f57228eeb106197ae1ac32685,2,2,bb0f1b25c2ede622f6875f9761e2dec03fcebb4785d6110e5288554d5cfdd9f9,88fcc37626b242ba2751f475ada3090117847e04203daddbc9456f9d0e7e584d,['cpu'],"['reference_not_ranking', 'historical_competitors_not_rerun', 'system_resources_not_exclusive']"
jacobi_2d,cova_openmp_cpu,default,same_process,observed,0.14952864148654044,jacobi_2d,7eb28298bd66038f57228eeb106197ae1ac32685,6,3,bb0f1b25c2ede622f6875f9761e2dec03fcebb4785d6110e5288554d5cfdd9f9,88fcc37626b242ba2751f475ada3090117847e04203daddbc9456f9d0e7e584d,['cpu'],"['reference_not_ranking', 'historical_competitors_not_rerun', 'system_resources_not_exclusive']"
jacobi_2d,cova_llvm_cpu_serial,default,initialization,observed,2.3630961410235614,jacobi_2d,7eb28298bd66038f57228eeb106197ae1ac32685,1,1,bb0f1b25c2ede622f6875f9761e2dec03fcebb4785d6110e5288554d5cfdd9f9,88fcc37626b242ba2751f475ada3090117847e04203daddbc9456f9d0e7e584d,['cpu'],"['reference_not_ranking', 'historical_competitors_not_rerun', 'system_resources_not_exclusive']"
jacobi_2d,cova_llvm_cpu_serial,default,fresh_process,observed,0.16972613392863423,jacobi_2d,7eb28298bd66038f57228eeb106197ae1ac32685,2,2,bb0f1b25c2ede622f6875f9761e2dec03fcebb4785d6110e5288554d5cfdd9f9,88fcc37626b242ba2751f475ada3090117847e04203daddbc9456f9d0e7e584d,['cpu'],"['reference_not_ranking', 'historical_competitors_not_rerun', 'system_resources_not_exclusive']"
jacobi_2d,cova_llvm_cpu_serial,default,same_process,observed,0.1592898906674236,jacobi_2d,7eb28298bd66038f57228eeb106197ae1ac32685,6,3,bb0f1b25c2ede622f6875f9761e2dec03fcebb4785d6110e5288554d5cfdd9f9,88fcc37626b242ba2751f475ada3090117847e04203daddbc9456f9d0e7e584d,['cpu'],"['reference_not_ranking', 'historical_competitors_not_rerun', 'system_resources_not_exclusive']"
jacobi_2d,cova_llvm_cpu,default,initialization,observed,2.55367551301606,jacobi_2d,7eb28298bd66038f57228eeb106197ae1ac32685,1,1,bb0f1b25c2ede622f6875f9761e2dec03fcebb4785d6110e5288554d5cfdd9f9,88fcc37626b242ba2751f475ada3090117847e04203daddbc9456f9d0e7e584d,['cpu'],"['reference_not_ranking', 'historical_competitors_not_rerun', 'system_resources_not_exclusive']"
jacobi_2d,cova_llvm_cpu,default,fresh_process,observed,0.34596861503086984,jacobi_2d,7eb28298bd66038f57228eeb106197ae1ac32685,2,2,bb0f1b25c2ede622f6875f9761e2dec03fcebb4785d6110e5288554d5cfdd9f9,88fcc37626b242ba2751f475ada3090117847e04203daddbc9456f9d0e7e584d,['cpu'],"['reference_not_ranking', 'historical_competitors_not_rerun', 'system_resources_not_exclusive']"
jacobi_2d,cova_llvm_cpu,default,same_process,observed,0.22046271245926619,jacobi_2d,7eb28298bd66038f57228eeb106197ae1ac32685,6,3,bb0f1b25c2ede622f6875f9761e2dec03fcebb4785d6110e5288554d5cfdd9f9,88fcc37626b242ba2751f475ada3090117847e04203daddbc9456f9d0e7e584d,['cpu'],"['reference_not_ranking', 'historical_competitors_not_rerun', 'system_resources_not_exclusive']"
jacobi_2d,cova_openmp_gpu,default,initialization,observed,4.5231898170895875,jacobi_2d,7eb28298bd66038f57228eeb106197ae1ac32685,1,1,bb0f1b25c2ede622f6875f9761e2dec03fcebb4785d6110e5288554d5cfdd9f9,88fcc37626b242ba2751f475ada3090117847e04203daddbc9456f9d0e7e584d,['cpu'],"['reference_not_ranking', 'historical_competitors_not_rerun', 'system_resources_not_exclusive', 'gpu_placement_metadata_only']"
jacobi_2d,cova_openmp_gpu,default,fresh_process,observed,0.19100202445406467,jacobi_2d,7eb28298bd66038f57228eeb106197ae1ac32685,2,2,bb0f1b25c2ede622f6875f9761e2dec03fcebb4785d6110e5288554d5cfdd9f9,88fcc37626b242ba2751f475ada3090117847e04203daddbc9456f9d0e7e584d,['cpu'],"['reference_not_ranking', 'historical_competitors_not_rerun', 'system_resources_not_exclusive', 'gpu_placement_metadata_only']"
jacobi_2d,cova_openmp_gpu,default,same_process,observed,0.1349666065070778,jacobi_2d,7eb28298bd66038f57228eeb106197ae1ac32685,6,3,bb0f1b25c2ede622f6875f9761e2dec03fcebb4785d6110e5288554d5cfdd9f9,88fcc37626b242ba2751f475ada3090117847e04203daddbc9456f9d0e7e584d,['cpu'],"['reference_not_ranking', 'historical_competitors_not_rerun', 'system_resources_not_exclusive', 'gpu_placement_metadata_only']"
jacobi_2d,cova_llvm_gpu,default,initialization,observed,5.141226616920903,jacobi_2d,7eb28298bd66038f57228eeb106197ae1ac32685,1,1,bb0f1b25c2ede622f6875f9761e2dec03fcebb4785d6110e5288554d5cfdd9f9,88fcc37626b242ba2751f475ada3090117847e04203daddbc9456f9d0e7e584d,['gpu'],"['reference_not_ranking', 'historical_competitors_not_rerun', 'system_resources_not_exclusive', 'gpu_placement_metadata_only']"
jacobi_2d,cova_llvm_gpu,default,fresh_process,observed,0.334630683879368,jacobi_2d,7eb28298bd66038f57228eeb106197ae1ac32685,2,2,bb0f1b25c2ede622f6875f9761e2dec03fcebb4785d6110e5288554d5cfdd9f9,88fcc37626b242ba2751f475ada3090117847e04203daddbc9456f9d0e7e584d,['gpu'],"['reference_not_ranking', 'historical_competitors_not_rerun', 'system_resources_not_exclusive', 'gpu_placement_metadata_only']"
jacobi_2d,cova_llvm_gpu,default,same_process,observed,0.03895379707682878,jacobi_2d,7eb28298bd66038f57228eeb106197ae1ac32685,6,3,bb0f1b25c2ede622f6875f9761e2dec03fcebb4785d6110e5288554d5cfdd9f9,88fcc37626b242ba2751f475ada3090117847e04203daddbc9456f9d0e7e584d,['gpu'],"['reference_not_ranking', 'historical_competitors_not_rerun', 'system_resources_not_exclusive', 'gpu_placement_metadata_only']"
k2mm,cova_serial_cpu,default,initialization,observed,187.98800531006418,k2mm,7eb28298bd66038f57228eeb106197ae1ac32685,1,1,f489fedc570b7b5da546ee0999db718675f9a6e714d3093820decf3f58d34325,65b07e1d7f5fdc00459ebb8a02ae0881674135e9bd7f454489c2d204e291d7ea,['cpu'],"['reference_not_ranking', 'historical_competitors_not_rerun', 'system_resources_not_exclusive']"
k2mm,cova_serial_cpu,default,fresh_process,observed,175.43642474350054,k2mm,7eb28298bd66038f57228eeb106197ae1ac32685,2,2,f489fedc570b7b5da546ee0999db718675f9a6e714d3093820decf3f58d34325,65b07e1d7f5fdc00459ebb8a02ae0881674135e9bd7f454489c2d204e291d7ea,['cpu'],"['reference_not_ranking', 'historical_competitors_not_rerun', 'system_resources_not_exclusive']"
k2mm,cova_serial_cpu,default,same_process,observed,166.32029288890772,k2mm,7eb28298bd66038f57228eeb106197ae1ac32685,6,3,f489fedc570b7b5da546ee0999db718675f9a6e714d3093820decf3f58d34325,65b07e1d7f5fdc00459ebb8a02ae0881674135e9bd7f454489c2d204e291d7ea,['cpu'],"['reference_not_ranking', 'historical_competitors_not_rerun', 'system_resources_not_exclusive']"
k2mm,cova_openmp_cpu,default,initialization,observed,34.9927329539787,k2mm,7eb28298bd66038f57228eeb106197ae1ac32685,1,1,f489fedc570b7b5da546ee0999db718675f9a6e714d3093820decf3f58d34325,65b07e1d7f5fdc00459ebb8a02ae0881674135e9bd7f454489c2d204e291d7ea,['cpu'],"['reference_not_ranking', 'historical_competitors_not_rerun', 'system_resources_not_exclusive']"
k2mm,cova_openmp_cpu,default,fresh_process,observed,39.9875757410191,k2mm,7eb28298bd66038f57228eeb106197ae1ac32685,2,2,f489fedc570b7b5da546ee0999db718675f9a6e714d3093820decf3f58d34325,65b07e1d7f5fdc00459ebb8a02ae0881674135e9bd7f454489c2d204e291d7ea,['cpu'],"['reference_not_ranking', 'historical_competitors_not_rerun', 'system_resources_not_exclusive']"
k2mm,cova_openmp_cpu,default,same_process,observed,37.43230559595395,k2mm,7eb28298bd66038f57228eeb106197ae1ac32685,6,3,f489fedc570b7b5da546ee0999db718675f9a6e714d3093820decf3f58d34325,65b07e1d7f5fdc00459ebb8a02ae0881674135e9bd7f454489c2d204e291d7ea,['cpu'],"['reference_not_ranking', 'historical_competitors_not_rerun', 'system_resources_not_exclusive']"
k2mm,cova_llvm_cpu_serial,default,initialization,observed,24.125410089967772,k2mm,7eb28298bd66038f57228eeb106197ae1ac32685,1,1,f489fedc570b7b5da546ee0999db718675f9a6e714d3093820decf3f58d34325,65b07e1d7f5fdc00459ebb8a02ae0881674135e9bd7f454489c2d204e291d7ea,['cpu'],"['reference_not_ranking', 'historical_competitors_not_rerun', 'system_resources_not_exclusive']"
k2mm,cova_llvm_cpu_serial,default,fresh_process,observed,20.70295132987667,k2mm,7eb28298bd66038f57228eeb106197ae1ac32685,2,2,f489fedc570b7b5da546ee0999db718675f9a6e714d3093820decf3f58d34325,65b07e1d7f5fdc00459ebb8a02ae0881674135e9bd7f454489c2d204e291d7ea,['cpu'],"['reference_not_ranking', 'historical_competitors_not_rerun', 'system_resources_not_exclusive']"
k2mm,cova_llvm_cpu_serial,default,same_process,observed,19.689329016953707,k2mm,7eb28298bd66038f57228eeb106197ae1ac32685,6,3,f489fedc570b7b5da546ee0999db718675f9a6e714d3093820decf3f58d34325,65b07e1d7f5fdc00459ebb8a02ae0881674135e9bd7f454489c2d204e291d7ea,['cpu'],"['reference_not_ranking', 'historical_competitors_not_rerun', 'system_resources_not_exclusive']"
k2mm,cova_llvm_cpu,default,initialization,observed,8.827560191974044,k2mm,7eb28298bd66038f57228eeb106197ae1ac32685,1,1,f489fedc570b7b5da546ee0999db718675f9a6e714d3093820decf3f58d34325,65b07e1d7f5fdc00459ebb8a02ae0881674135e9bd7f454489c2d204e291d7ea,['cpu'],"['reference_not_ranking', 'historical_competitors_not_rerun', 'system_resources_not_exclusive']"
k2mm,cova_llvm_cpu,default,fresh_process,observed,3.1903910120017827,k2mm,7eb28298bd66038f57228eeb106197ae1ac32685,2,2,f489fedc570b7b5da546ee0999db718675f9a6e714d3093820decf3f58d34325,65b07e1d7f5fdc00459ebb8a02ae0881674135e9bd7f454489c2d204e291d7ea,['cpu'],"['reference_not_ranking', 'historical_competitors_not_rerun', 'system_resources_not_exclusive']"
k2mm,cova_llvm_cpu,default,same_process,observed,2.6912390724755824,k2mm,7eb28298bd66038f57228eeb106197ae1ac32685,6,3,f489fedc570b7b5da546ee0999db718675f9a6e714d3093820decf3f58d34325,65b07e1d7f5fdc00459ebb8a02ae0881674135e9bd7f454489c2d204e291d7ea,['cpu'],"['reference_not_ranking', 'historical_competitors_not_rerun', 'system_resources_not_exclusive']"
k2mm,cova_openmp_gpu,default,initialization,observed,7.243523271987215,k2mm,7eb28298bd66038f57228eeb106197ae1ac32685,1,1,f489fedc570b7b5da546ee0999db718675f9a6e714d3093820decf3f58d34325,65b07e1d7f5fdc00459ebb8a02ae0881674135e9bd7f454489c2d204e291d7ea,['gpu'],"['reference_not_ranking', 'historical_competitors_not_rerun', 'system_resources_not_exclusive', 'gpu_placement_metadata_only']"
k2mm,cova_openmp_gpu,default,fresh_process,observed,1.0009707269491628,k2mm,7eb28298bd66038f57228eeb106197ae1ac32685,2,2,f489fedc570b7b5da546ee0999db718675f9a6e714d3093820decf3f58d34325,65b07e1d7f5fdc00459ebb8a02ae0881674135e9bd7f454489c2d204e291d7ea,['gpu'],"['reference_not_ranking', 'historical_competitors_not_rerun', 'system_resources_not_exclusive', 'gpu_placement_metadata_only']"
k2mm,cova_openmp_gpu,default,same_process,observed,0.5572991336230189,k2mm,7eb28298bd66038f57228eeb106197ae1ac32685,6,3,f489fedc570b7b5da546ee0999db718675f9a6e714d3093820decf3f58d34325,65b07e1d7f5fdc00459ebb8a02ae0881674135e9bd7f454489c2d204e291d7ea,['gpu'],"['reference_not_ranking', 'historical_competitors_not_rerun', 'system_resources_not_exclusive', 'gpu_placement_metadata_only']"
k2mm,cova_llvm_gpu,default,initialization,observed,7.558620990021154,k2mm,7eb28298bd66038f57228eeb106197ae1ac32685,1,1,f489fedc570b7b5da546ee0999db718675f9a6e714d3093820decf3f58d34325,65b07e1d7f5fdc00459ebb8a02ae0881674135e9bd7f454489c2d204e291d7ea,['gpu'],"['reference_not_ranking', 'historical_competitors_not_rerun', 'system_resources_not_exclusive', 'gpu_placement_metadata_only']"
k2mm,cova_llvm_gpu,default,fresh_process,observed,0.677245263941586,k2mm,7eb28298bd66038f57228eeb106197ae1ac32685,2,2,f489fedc570b7b5da546ee0999db718675f9a6e714d3093820decf3f58d34325,65b07e1d7f5fdc00459ebb8a02ae0881674135e9bd7f454489c2d204e291d7ea,['gpu'],"['reference_not_ranking', 'historical_competitors_not_rerun', 'system_resources_not_exclusive', 'gpu_placement_metadata_only']"
k2mm,cova_llvm_gpu,default,same_process,observed,0.3491571369813755,k2mm,7eb28298bd66038f57228eeb106197ae1ac32685,6,3,f489fedc570b7b5da546ee0999db718675f9a6e714d3093820decf3f58d34325,65b07e1d7f5fdc00459ebb8a02ae0881674135e9bd7f454489c2d204e291d7ea,['gpu'],"['reference_not_ranking', 'historical_competitors_not_rerun', 'system_resources_not_exclusive', 'gpu_placement_metadata_only']"
k3mm,cova_serial_cpu,default,initialization,observed,243.6077235720586,k3mm,7eb28298bd66038f57228eeb106197ae1ac32685,1,1,4e368169475a2a62e9d6b60f9f0f38731e82923b1a6bcbfe2a2be25f4a23617d,aad0bebb7814a2ecba71c57046d8003bc43cb0f8e9f62fa7a3c5da967acf1885,['cpu'],"['reference_not_ranking', 'historical_competitors_not_rerun', 'system_resources_not_exclusive']"
k3mm,cova_serial_cpu,default,fresh_process,observed,235.47478492895607,k3mm,7eb28298bd66038f57228eeb106197ae1ac32685,2,2,4e368169475a2a62e9d6b60f9f0f38731e82923b1a6bcbfe2a2be25f4a23617d,aad0bebb7814a2ecba71c57046d8003bc43cb0f8e9f62fa7a3c5da967acf1885,['cpu'],"['reference_not_ranking', 'historical_competitors_not_rerun', 'system_resources_not_exclusive']"
k3mm,cova_serial_cpu,default,same_process,observed,234.63052235811483,k3mm,7eb28298bd66038f57228eeb106197ae1ac32685,6,3,4e368169475a2a62e9d6b60f9f0f38731e82923b1a6bcbfe2a2be25f4a23617d,aad0bebb7814a2ecba71c57046d8003bc43cb0f8e9f62fa7a3c5da967acf1885,['cpu'],"['reference_not_ranking', 'historical_competitors_not_rerun', 'system_resources_not_exclusive']"
k3mm,cova_openmp_cpu,default,initialization,observed,58.35216962196864,k3mm,7eb28298bd66038f57228eeb106197ae1ac32685,1,1,4e368169475a2a62e9d6b60f9f0f38731e82923b1a6bcbfe2a2be25f4a23617d,aad0bebb7814a2ecba71c57046d8003bc43cb0f8e9f62fa7a3c5da967acf1885,['cpu'],"['reference_not_ranking', 'historical_competitors_not_rerun', 'system_resources_not_exclusive']"
k3mm,cova_openmp_cpu,default,fresh_process,observed,55.51859572948888,k3mm,7eb28298bd66038f57228eeb106197ae1ac32685,2,2,4e368169475a2a62e9d6b60f9f0f38731e82923b1a6bcbfe2a2be25f4a23617d,aad0bebb7814a2ecba71c57046d8003bc43cb0f8e9f62fa7a3c5da967acf1885,['cpu'],"['reference_not_ranking', 'historical_competitors_not_rerun', 'system_resources_not_exclusive']"
k3mm,cova_openmp_cpu,default,same_process,observed,57.397886328049935,k3mm,7eb28298bd66038f57228eeb106197ae1ac32685,6,3,4e368169475a2a62e9d6b60f9f0f38731e82923b1a6bcbfe2a2be25f4a23617d,aad0bebb7814a2ecba71c57046d8003bc43cb0f8e9f62fa7a3c5da967acf1885,['cpu'],"['reference_not_ranking', 'historical_competitors_not_rerun', 'system_resources_not_exclusive']"
k3mm,cova_llvm_cpu_serial,default,initialization,observed,33.420771333156154,k3mm,7eb28298bd66038f57228eeb106197ae1ac32685,1,1,4e368169475a2a62e9d6b60f9f0f38731e82923b1a6bcbfe2a2be25f4a23617d,aad0bebb7814a2ecba71c57046d8003bc43cb0f8e9f62fa7a3c5da967acf1885,['cpu'],"['reference_not_ranking', 'historical_competitors_not_rerun', 'system_resources_not_exclusive']"
k3mm,cova_llvm_cpu_serial,default,fresh_process,observed,27.12672877253499,k3mm,7eb28298bd66038f57228eeb106197ae1ac32685,2,2,4e368169475a2a62e9d6b60f9f0f38731e82923b1a6bcbfe2a2be25f4a23617d,aad0bebb7814a2ecba71c57046d8003bc43cb0f8e9f62fa7a3c5da967acf1885,['cpu'],"['reference_not_ranking', 'historical_competitors_not_rerun', 'system_resources_not_exclusive']"
k3mm,cova_llvm_cpu_serial,default,same_process,observed,26.52801948855631,k3mm,7eb28298bd66038f57228eeb106197ae1ac32685,6,3,4e368169475a2a62e9d6b60f9f0f38731e82923b1a6bcbfe2a2be25f4a23617d,aad0bebb7814a2ecba71c57046d8003bc43cb0f8e9f62fa7a3c5da967acf1885,['cpu'],"['reference_not_ranking', 'historical_competitors_not_rerun', 'system_resources_not_exclusive']"
k3mm,cova_llvm_cpu,default,initialization,observed,11.07948573003523,k3mm,7eb28298bd66038f57228eeb106197ae1ac32685,1,1,4e368169475a2a62e9d6b60f9f0f38731e82923b1a6bcbfe2a2be25f4a23617d,aad0bebb7814a2ecba71c57046d8003bc43cb0f8e9f62fa7a3c5da967acf1885,['cpu'],"['reference_not_ranking', 'historical_competitors_not_rerun', 'system_resources_not_exclusive']"
k3mm,cova_llvm_cpu,default,fresh_process,observed,3.797619682387449,k3mm,7eb28298bd66038f57228eeb106197ae1ac32685,2,2,4e368169475a2a62e9d6b60f9f0f38731e82923b1a6bcbfe2a2be25f4a23617d,aad0bebb7814a2ecba71c57046d8003bc43cb0f8e9f62fa7a3c5da967acf1885,['cpu'],"['reference_not_ranking', 'historical_competitors_not_rerun', 'system_resources_not_exclusive']"
k3mm,cova_llvm_cpu,default,same_process,observed,3.2843105799984187,k3mm,7eb28298bd66038f57228eeb106197ae1ac32685,6,3,4e368169475a2a62e9d6b60f9f0f38731e82923b1a6bcbfe2a2be25f4a23617d,aad0bebb7814a2ecba71c57046d8003bc43cb0f8e9f62fa7a3c5da967acf1885,['cpu'],"['reference_not_ranking', 'historical_competitors_not_rerun', 'system_resources_not_exclusive']"
k3mm,cova_openmp_gpu,default,initialization,observed,7.157720959046856,k3mm,7eb28298bd66038f57228eeb106197ae1ac32685,1,1,4e368169475a2a62e9d6b60f9f0f38731e82923b1a6bcbfe2a2be25f4a23617d,aad0bebb7814a2ecba71c57046d8003bc43cb0f8e9f62fa7a3c5da967acf1885,['gpu'],"['reference_not_ranking', 'historical_competitors_not_rerun', 'system_resources_not_exclusive', 'gpu_placement_metadata_only']"
k3mm,cova_openmp_gpu,default,fresh_process,observed,0.7325506089255214,k3mm,7eb28298bd66038f57228eeb106197ae1ac32685,2,2,4e368169475a2a62e9d6b60f9f0f38731e82923b1a6bcbfe2a2be25f4a23617d,aad0bebb7814a2ecba71c57046d8003bc43cb0f8e9f62fa7a3c5da967acf1885,['gpu'],"['reference_not_ranking', 'historical_competitors_not_rerun', 'system_resources_not_exclusive', 'gpu_placement_metadata_only']"
k3mm,cova_openmp_gpu,default,same_process,observed,0.2991085510002449,k3mm,7eb28298bd66038f57228eeb106197ae1ac32685,6,3,4e368169475a2a62e9d6b60f9f0f38731e82923b1a6bcbfe2a2be25f4a23617d,aad0bebb7814a2ecba71c57046d8003bc43cb0f8e9f62fa7a3c5da967acf1885,['gpu'],"['reference_not_ranking', 'historical_competitors_not_rerun', 'system_resources_not_exclusive', 'gpu_placement_metadata_only']"
k3mm,cova_llvm_gpu,default,initialization,observed,7.6471342199947685,k3mm,7eb28298bd66038f57228eeb106197ae1ac32685,1,1,4e368169475a2a62e9d6b60f9f0f38731e82923b1a6bcbfe2a2be25f4a23617d,aad0bebb7814a2ecba71c57046d8003bc43cb0f8e9f62fa7a3c5da967acf1885,['gpu'],"['reference_not_ranking', 'historical_competitors_not_rerun', 'system_resources_not_exclusive', 'gpu_placement_metadata_only']"
k3mm,cova_llvm_gpu,default,fresh_process,observed,0.646383777493611,k3mm,7eb28298bd66038f57228eeb106197ae1ac32685,2,2,4e368169475a2a62e9d6b60f9f0f38731e82923b1a6bcbfe2a2be25f4a23617d,aad0bebb7814a2ecba71c57046d8003bc43cb0f8e9f62fa7a3c5da967acf1885,['gpu'],"['reference_not_ranking', 'historical_competitors_not_rerun', 'system_resources_not_exclusive', 'gpu_placement_metadata_only']"
k3mm,cova_llvm_gpu,default,same_process,observed,0.3349194050533697,k3mm,7eb28298bd66038f57228eeb106197ae1ac32685,6,3,4e368169475a2a62e9d6b60f9f0f38731e82923b1a6bcbfe2a2be25f4a23617d,aad0bebb7814a2ecba71c57046d8003bc43cb0f8e9f62fa7a3c5da967acf1885,['gpu'],"['reference_not_ranking', 'historical_competitors_not_rerun', 'system_resources_not_exclusive', 'gpu_placement_metadata_only']"
lenet,cova_serial_cpu,default,initialization,observed,6.732145841000602,lenet,7eb28298bd66038f57228eeb106197ae1ac32685,1,1,c03e6ed4aa80ca847e538ab41f9b22060f454237935c67944c81ced7dd93a48b,914661bfde93da5c2e7b1ef256bf97775e395b5980f08a299cd8040e92c0b6ea,['cpu'],"['reference_not_ranking', 'historical_competitors_not_rerun', 'system_resources_not_exclusive']"
lenet,cova_serial_cpu,default,fresh_process,observed,0.15481353097129613,lenet,7eb28298bd66038f57228eeb106197ae1ac32685,2,2,c03e6ed4aa80ca847e538ab41f9b22060f454237935c67944c81ced7dd93a48b,914661bfde93da5c2e7b1ef256bf97775e395b5980f08a299cd8040e92c0b6ea,['cpu'],"['reference_not_ranking', 'historical_competitors_not_rerun', 'system_resources_not_exclusive']"
lenet,cova_serial_cpu,default,same_process,observed,0.10012328997254372,lenet,7eb28298bd66038f57228eeb106197ae1ac32685,6,3,c03e6ed4aa80ca847e538ab41f9b22060f454237935c67944c81ced7dd93a48b,914661bfde93da5c2e7b1ef256bf97775e395b5980f08a299cd8040e92c0b6ea,['cpu'],"['reference_not_ranking', 'historical_competitors_not_rerun', 'system_resources_not_exclusive']"
lenet,cova_openmp_cpu,default,initialization,observed,7.281269730068743,lenet,7eb28298bd66038f57228eeb106197ae1ac32685,1,1,c03e6ed4aa80ca847e538ab41f9b22060f454237935c67944c81ced7dd93a48b,914661bfde93da5c2e7b1ef256bf97775e395b5980f08a299cd8040e92c0b6ea,['cpu'],"['reference_not_ranking', 'historical_competitors_not_rerun', 'system_resources_not_exclusive']"
lenet,cova_openmp_cpu,default,fresh_process,observed,0.1265546508366242,lenet,7eb28298bd66038f57228eeb106197ae1ac32685,2,2,c03e6ed4aa80ca847e538ab41f9b22060f454237935c67944c81ced7dd93a48b,914661bfde93da5c2e7b1ef256bf97775e395b5980f08a299cd8040e92c0b6ea,['cpu'],"['reference_not_ranking', 'historical_competitors_not_rerun', 'system_resources_not_exclusive']"
lenet,cova_openmp_cpu,default,same_process,observed,0.12751649494748563,lenet,7eb28298bd66038f57228eeb106197ae1ac32685,6,3,c03e6ed4aa80ca847e538ab41f9b22060f454237935c67944c81ced7dd93a48b,914661bfde93da5c2e7b1ef256bf97775e395b5980f08a299cd8040e92c0b6ea,['cpu'],"['reference_not_ranking', 'historical_competitors_not_rerun', 'system_resources_not_exclusive']"
lenet,cova_llvm_cpu_serial,default,initialization,observed,7.860035513993353,lenet,7eb28298bd66038f57228eeb106197ae1ac32685,1,1,c03e6ed4aa80ca847e538ab41f9b22060f454237935c67944c81ced7dd93a48b,914661bfde93da5c2e7b1ef256bf97775e395b5980f08a299cd8040e92c0b6ea,['cpu'],"['reference_not_ranking', 'historical_competitors_not_rerun', 'system_resources_not_exclusive']"
lenet,cova_llvm_cpu_serial,default,fresh_process,observed,0.15600349148735404,lenet,7eb28298bd66038f57228eeb106197ae1ac32685,2,2,c03e6ed4aa80ca847e538ab41f9b22060f454237935c67944c81ced7dd93a48b,914661bfde93da5c2e7b1ef256bf97775e395b5980f08a299cd8040e92c0b6ea,['cpu'],"['reference_not_ranking', 'historical_competitors_not_rerun', 'system_resources_not_exclusive']"
lenet,cova_llvm_cpu_serial,default,same_process,observed,0.10683290543965995,lenet,7eb28298bd66038f57228eeb106197ae1ac32685,6,3,c03e6ed4aa80ca847e538ab41f9b22060f454237935c67944c81ced7dd93a48b,914661bfde93da5c2e7b1ef256bf97775e395b5980f08a299cd8040e92c0b6ea,['cpu'],"['reference_not_ranking', 'historical_competitors_not_rerun', 'system_resources_not_exclusive']"
lenet,cova_llvm_cpu,default,initialization,observed,10.96662794915028,lenet,7eb28298bd66038f57228eeb106197ae1ac32685,1,1,c03e6ed4aa80ca847e538ab41f9b22060f454237935c67944c81ced7dd93a48b,914661bfde93da5c2e7b1ef256bf97775e395b5980f08a299cd8040e92c0b6ea,['cpu'],"['reference_not_ranking', 'historical_competitors_not_rerun', 'system_resources_not_exclusive']"
lenet,cova_llvm_cpu,default,fresh_process,observed,0.35908638953696936,lenet,7eb28298bd66038f57228eeb106197ae1ac32685,2,2,c03e6ed4aa80ca847e538ab41f9b22060f454237935c67944c81ced7dd93a48b,914661bfde93da5c2e7b1ef256bf97775e395b5980f08a299cd8040e92c0b6ea,['cpu'],"['reference_not_ranking', 'historical_competitors_not_rerun', 'system_resources_not_exclusive']"
lenet,cova_llvm_cpu,default,same_process,observed,0.09475218749139458,lenet,7eb28298bd66038f57228eeb106197ae1ac32685,6,3,c03e6ed4aa80ca847e538ab41f9b22060f454237935c67944c81ced7dd93a48b,914661bfde93da5c2e7b1ef256bf97775e395b5980f08a299cd8040e92c0b6ea,['cpu'],"['reference_not_ranking', 'historical_competitors_not_rerun', 'system_resources_not_exclusive']"
lenet,cova_openmp_gpu,default,initialization,observed,14.051566336071119,lenet,7eb28298bd66038f57228eeb106197ae1ac32685,1,1,c03e6ed4aa80ca847e538ab41f9b22060f454237935c67944c81ced7dd93a48b,914661bfde93da5c2e7b1ef256bf97775e395b5980f08a299cd8040e92c0b6ea,['gpu'],"['reference_not_ranking', 'historical_competitors_not_rerun', 'system_resources_not_exclusive', 'gpu_placement_metadata_only']"
lenet,cova_openmp_gpu,default,fresh_process,observed,0.9472945434972644,lenet,7eb28298bd66038f57228eeb106197ae1ac32685,2,2,c03e6ed4aa80ca847e538ab41f9b22060f454237935c67944c81ced7dd93a48b,914661bfde93da5c2e7b1ef256bf97775e395b5980f08a299cd8040e92c0b6ea,['gpu'],"['reference_not_ranking', 'historical_competitors_not_rerun', 'system_resources_not_exclusive', 'gpu_placement_metadata_only']"
lenet,cova_openmp_gpu,default,same_process,observed,0.2671436396194622,lenet,7eb28298bd66038f57228eeb106197ae1ac32685,6,3,c03e6ed4aa80ca847e538ab41f9b22060f454237935c67944c81ced7dd93a48b,914661bfde93da5c2e7b1ef256bf97775e395b5980f08a299cd8040e92c0b6ea,['gpu'],"['reference_not_ranking', 'historical_competitors_not_rerun', 'system_resources_not_exclusive', 'gpu_placement_metadata_only']"
lenet,cova_llvm_gpu,default,initialization,observed,19.98559688590467,lenet,7eb28298bd66038f57228eeb106197ae1ac32685,1,1,c03e6ed4aa80ca847e538ab41f9b22060f454237935c67944c81ced7dd93a48b,914661bfde93da5c2e7b1ef256bf97775e395b5980f08a299cd8040e92c0b6ea,['mixed'],"['reference_not_ranking', 'historical_competitors_not_rerun', 'system_resources_not_exclusive', 'gpu_placement_metadata_only']"
lenet,cova_llvm_gpu,default,fresh_process,observed,7.868699417100288,lenet,7eb28298bd66038f57228eeb106197ae1ac32685,2,2,c03e6ed4aa80ca847e538ab41f9b22060f454237935c67944c81ced7dd93a48b,914661bfde93da5c2e7b1ef256bf97775e395b5980f08a299cd8040e92c0b6ea,['mixed'],"['reference_not_ranking', 'historical_competitors_not_rerun', 'system_resources_not_exclusive', 'gpu_placement_metadata_only']"
lenet,cova_llvm_gpu,default,same_process,observed,7.24277477839496,lenet,7eb28298bd66038f57228eeb106197ae1ac32685,6,3,c03e6ed4aa80ca847e538ab41f9b22060f454237935c67944c81ced7dd93a48b,914661bfde93da5c2e7b1ef256bf97775e395b5980f08a299cd8040e92c0b6ea,['mixed'],"['reference_not_ranking', 'historical_competitors_not_rerun', 'system_resources_not_exclusive', 'gpu_placement_metadata_only']"
lu,cova_serial_cpu,default,initialization,observed,2.089468436082825,lu,7eb28298bd66038f57228eeb106197ae1ac32685,1,1,a94cc969fb7abca21f73c7702df3d7b5782724193307a4c14a3543791e733d27,9ac2f818703fa8aa1a82579828bb4b9f516a133a9d2de36086ba8af196680084,['cpu'],"['reference_not_ranking', 'historical_competitors_not_rerun', 'system_resources_not_exclusive']"
lu,cova_serial_cpu,default,fresh_process,observed,0.2136705374578014,lu,7eb28298bd66038f57228eeb106197ae1ac32685,2,2,a94cc969fb7abca21f73c7702df3d7b5782724193307a4c14a3543791e733d27,9ac2f818703fa8aa1a82579828bb4b9f516a133a9d2de36086ba8af196680084,['cpu'],"['reference_not_ranking', 'historical_competitors_not_rerun', 'system_resources_not_exclusive']"
lu,cova_serial_cpu,default,same_process,observed,0.202293872484006,lu,7eb28298bd66038f57228eeb106197ae1ac32685,6,3,a94cc969fb7abca21f73c7702df3d7b5782724193307a4c14a3543791e733d27,9ac2f818703fa8aa1a82579828bb4b9f516a133a9d2de36086ba8af196680084,['cpu'],"['reference_not_ranking', 'historical_competitors_not_rerun', 'system_resources_not_exclusive']"
lu,cova_openmp_cpu,default,initialization,observed,2.458166644908488,lu,7eb28298bd66038f57228eeb106197ae1ac32685,1,1,a94cc969fb7abca21f73c7702df3d7b5782724193307a4c14a3543791e733d27,9ac2f818703fa8aa1a82579828bb4b9f516a133a9d2de36086ba8af196680084,['cpu'],"['reference_not_ranking', 'historical_competitors_not_rerun', 'system_resources_not_exclusive']"
lu,cova_openmp_cpu,default,fresh_process,observed,0.1758784914854914,lu,7eb28298bd66038f57228eeb106197ae1ac32685,2,2,a94cc969fb7abca21f73c7702df3d7b5782724193307a4c14a3543791e733d27,9ac2f818703fa8aa1a82579828bb4b9f516a133a9d2de36086ba8af196680084,['cpu'],"['reference_not_ranking', 'historical_competitors_not_rerun', 'system_resources_not_exclusive']"
lu,cova_openmp_cpu,default,same_process,observed,0.20659725100267678,lu,7eb28298bd66038f57228eeb106197ae1ac32685,6,3,a94cc969fb7abca21f73c7702df3d7b5782724193307a4c14a3543791e733d27,9ac2f818703fa8aa1a82579828bb4b9f516a133a9d2de36086ba8af196680084,['cpu'],"['reference_not_ranking', 'historical_competitors_not_rerun', 'system_resources_not_exclusive']"
lu,cova_llvm_cpu_serial,default,initialization,observed,1.8992865609470755,lu,7eb28298bd66038f57228eeb106197ae1ac32685,1,1,a94cc969fb7abca21f73c7702df3d7b5782724193307a4c14a3543791e733d27,9ac2f818703fa8aa1a82579828bb4b9f516a133a9d2de36086ba8af196680084,['cpu'],"['reference_not_ranking', 'historical_competitors_not_rerun', 'system_resources_not_exclusive']"
lu,cova_llvm_cpu_serial,default,fresh_process,observed,0.18245934240985662,lu,7eb28298bd66038f57228eeb106197ae1ac32685,2,2,a94cc969fb7abca21f73c7702df3d7b5782724193307a4c14a3543791e733d27,9ac2f818703fa8aa1a82579828bb4b9f516a133a9d2de36086ba8af196680084,['cpu'],"['reference_not_ranking', 'historical_competitors_not_rerun', 'system_resources_not_exclusive']"
lu,cova_llvm_cpu_serial,default,same_process,observed,0.1509844824904576,lu,7eb28298bd66038f57228eeb106197ae1ac32685,6,3,a94cc969fb7abca21f73c7702df3d7b5782724193307a4c14a3543791e733d27,9ac2f818703fa8aa1a82579828bb4b9f516a133a9d2de36086ba8af196680084,['cpu'],"['reference_not_ranking', 'historical_competitors_not_rerun', 'system_resources_not_exclusive']"
lu,cova_llvm_cpu,default,initialization,observed,2.041795535944402,lu,7eb28298bd66038f57228eeb106197ae1ac32685,1,1,a94cc969fb7abca21f73c7702df3d7b5782724193307a4c14a3543791e733d27,9ac2f818703fa8aa1a82579828bb4b9f516a133a9d2de36086ba8af196680084,['cpu'],"['reference_not_ranking', 'historical_competitors_not_rerun', 'system_resources_not_exclusive']"
lu,cova_llvm_cpu,default,fresh_process,observed,0.21094656304921955,lu,7eb28298bd66038f57228eeb106197ae1ac32685,2,2,a94cc969fb7abca21f73c7702df3d7b5782724193307a4c14a3543791e733d27,9ac2f818703fa8aa1a82579828bb4b9f516a133a9d2de36086ba8af196680084,['cpu'],"['reference_not_ranking', 'historical_competitors_not_rerun', 'system_resources_not_exclusive']"
lu,cova_llvm_cpu,default,same_process,observed,0.19797185191418976,lu,7eb28298bd66038f57228eeb106197ae1ac32685,6,3,a94cc969fb7abca21f73c7702df3d7b5782724193307a4c14a3543791e733d27,9ac2f818703fa8aa1a82579828bb4b9f516a133a9d2de36086ba8af196680084,['cpu'],"['reference_not_ranking', 'historical_competitors_not_rerun', 'system_resources_not_exclusive']"
lu,cova_openmp_gpu,default,initialization,observed,4.409080017823726,lu,7eb28298bd66038f57228eeb106197ae1ac32685,1,1,a94cc969fb7abca21f73c7702df3d7b5782724193307a4c14a3543791e733d27,9ac2f818703fa8aa1a82579828bb4b9f516a133a9d2de36086ba8af196680084,['cpu'],"['reference_not_ranking', 'historical_competitors_not_rerun', 'system_resources_not_exclusive', 'gpu_placement_metadata_only']"
lu,cova_openmp_gpu,default,fresh_process,observed,0.19803807302378118,lu,7eb28298bd66038f57228eeb106197ae1ac32685,2,2,a94cc969fb7abca21f73c7702df3d7b5782724193307a4c14a3543791e733d27,9ac2f818703fa8aa1a82579828bb4b9f516a133a9d2de36086ba8af196680084,['cpu'],"['reference_not_ranking', 'historical_competitors_not_rerun', 'system_resources_not_exclusive', 'gpu_placement_metadata_only']"
lu,cova_openmp_gpu,default,same_process,observed,0.2110419989330694,lu,7eb28298bd66038f57228eeb106197ae1ac32685,6,3,a94cc969fb7abca21f73c7702df3d7b5782724193307a4c14a3543791e733d27,9ac2f818703fa8aa1a82579828bb4b9f516a133a9d2de36086ba8af196680084,['cpu'],"['reference_not_ranking', 'historical_competitors_not_rerun', 'system_resources_not_exclusive', 'gpu_placement_metadata_only']"
lu,cova_llvm_gpu,default,initialization,observed,6.312525791116059,lu,7eb28298bd66038f57228eeb106197ae1ac32685,1,1,a94cc969fb7abca21f73c7702df3d7b5782724193307a4c14a3543791e733d27,9ac2f818703fa8aa1a82579828bb4b9f516a133a9d2de36086ba8af196680084,['gpu'],"['reference_not_ranking', 'historical_competitors_not_rerun', 'system_resources_not_exclusive', 'gpu_placement_metadata_only']"
lu,cova_llvm_gpu,default,fresh_process,observed,1.896861496847123,lu,7eb28298bd66038f57228eeb106197ae1ac32685,2,2,a94cc969fb7abca21f73c7702df3d7b5782724193307a4c14a3543791e733d27,9ac2f818703fa8aa1a82579828bb4b9f516a133a9d2de36086ba8af196680084,['gpu'],"['reference_not_ranking', 'historical_competitors_not_rerun', 'system_resources_not_exclusive', 'gpu_placement_metadata_only']"
lu,cova_llvm_gpu,default,same_process,observed,1.6017774409847334,lu,7eb28298bd66038f57228eeb106197ae1ac32685,6,3,a94cc969fb7abca21f73c7702df3d7b5782724193307a4c14a3543791e733d27,9ac2f818703fa8aa1a82579828bb4b9f516a133a9d2de36086ba8af196680084,['gpu'],"['reference_not_ranking', 'historical_competitors_not_rerun', 'system_resources_not_exclusive', 'gpu_placement_metadata_only']"
ludcmp,cova_serial_cpu,default,initialization,observed,2.526352117070928,ludcmp,7eb28298bd66038f57228eeb106197ae1ac32685,1,1,08caec57fa049fbfa751e34e1064de164ddf556d58ef07942503bdb64d23c766,55b9887d27df7b3dc3b8b2e1875facca1a285d1891e4df442fdd18cc865cc7b0,['cpu'],"['reference_not_ranking', 'historical_competitors_not_rerun', 'system_resources_not_exclusive']"
ludcmp,cova_serial_cpu,default,fresh_process,observed,0.1805219524540007,ludcmp,7eb28298bd66038f57228eeb106197ae1ac32685,2,2,08caec57fa049fbfa751e34e1064de164ddf556d58ef07942503bdb64d23c766,55b9887d27df7b3dc3b8b2e1875facca1a285d1891e4df442fdd18cc865cc7b0,['cpu'],"['reference_not_ranking', 'historical_competitors_not_rerun', 'system_resources_not_exclusive']"
ludcmp,cova_serial_cpu,default,same_process,observed,0.16766959603410214,ludcmp,7eb28298bd66038f57228eeb106197ae1ac32685,6,3,08caec57fa049fbfa751e34e1064de164ddf556d58ef07942503bdb64d23c766,55b9887d27df7b3dc3b8b2e1875facca1a285d1891e4df442fdd18cc865cc7b0,['cpu'],"['reference_not_ranking', 'historical_competitors_not_rerun', 'system_resources_not_exclusive']"
ludcmp,cova_openmp_cpu,default,initialization,observed,2.6434361319988966,ludcmp,7eb28298bd66038f57228eeb106197ae1ac32685,1,1,08caec57fa049fbfa751e34e1064de164ddf556d58ef07942503bdb64d23c766,55b9887d27df7b3dc3b8b2e1875facca1a285d1891e4df442fdd18cc865cc7b0,['cpu'],"['reference_not_ranking', 'historical_competitors_not_rerun', 'system_resources_not_exclusive']"
ludcmp,cova_openmp_cpu,default,fresh_process,observed,0.17748253245372325,ludcmp,7eb28298bd66038f57228eeb106197ae1ac32685,2,2,08caec57fa049fbfa751e34e1064de164ddf556d58ef07942503bdb64d23c766,55b9887d27df7b3dc3b8b2e1875facca1a285d1891e4df442fdd18cc865cc7b0,['cpu'],"['reference_not_ranking', 'historical_competitors_not_rerun', 'system_resources_not_exclusive']"
ludcmp,cova_openmp_cpu,default,same_process,observed,0.1368232179665938,ludcmp,7eb28298bd66038f57228eeb106197ae1ac32685,6,3,08caec57fa049fbfa751e34e1064de164ddf556d58ef07942503bdb64d23c766,55b9887d27df7b3dc3b8b2e1875facca1a285d1891e4df442fdd18cc865cc7b0,['cpu'],"['reference_not_ranking', 'historical_competitors_not_rerun', 'system_resources_not_exclusive']"
ludcmp,cova_llvm_cpu_serial,default,initialization,observed,1.943534665973857,ludcmp,7eb28298bd66038f57228eeb106197ae1ac32685,1,1,08caec57fa049fbfa751e34e1064de164ddf556d58ef07942503bdb64d23c766,55b9887d27df7b3dc3b8b2e1875facca1a285d1891e4df442fdd18cc865cc7b0,['cpu'],"['reference_not_ranking', 'historical_competitors_not_rerun', 'system_resources_not_exclusive']"
ludcmp,cova_llvm_cpu_serial,default,fresh_process,observed,0.1761822879780084,ludcmp,7eb28298bd66038f57228eeb106197ae1ac32685,2,2,08caec57fa049fbfa751e34e1064de164ddf556d58ef07942503bdb64d23c766,55b9887d27df7b3dc3b8b2e1875facca1a285d1891e4df442fdd18cc865cc7b0,['cpu'],"['reference_not_ranking', 'historical_competitors_not_rerun', 'system_resources_not_exclusive']"
ludcmp,cova_llvm_cpu_serial,default,same_process,observed,0.16443919902667403,ludcmp,7eb28298bd66038f57228eeb106197ae1ac32685,6,3,08caec57fa049fbfa751e34e1064de164ddf556d58ef07942503bdb64d23c766,55b9887d27df7b3dc3b8b2e1875facca1a285d1891e4df442fdd18cc865cc7b0,['cpu'],"['reference_not_ranking', 'historical_competitors_not_rerun', 'system_resources_not_exclusive']"
ludcmp,cova_llvm_cpu,default,initialization,observed,2.0172807909548283,ludcmp,7eb28298bd66038f57228eeb106197ae1ac32685,1,1,08caec57fa049fbfa751e34e1064de164ddf556d58ef07942503bdb64d23c766,55b9887d27df7b3dc3b8b2e1875facca1a285d1891e4df442fdd18cc865cc7b0,['cpu'],"['reference_not_ranking', 'historical_competitors_not_rerun', 'system_resources_not_exclusive']"
ludcmp,cova_llvm_cpu,default,fresh_process,observed,0.17779897386208177,ludcmp,7eb28298bd66038f57228eeb106197ae1ac32685,2,2,08caec57fa049fbfa751e34e1064de164ddf556d58ef07942503bdb64d23c766,55b9887d27df7b3dc3b8b2e1875facca1a285d1891e4df442fdd18cc865cc7b0,['cpu'],"['reference_not_ranking', 'historical_competitors_not_rerun', 'system_resources_not_exclusive']"
ludcmp,cova_llvm_cpu,default,same_process,observed,0.16456375166308135,ludcmp,7eb28298bd66038f57228eeb106197ae1ac32685,6,3,08caec57fa049fbfa751e34e1064de164ddf556d58ef07942503bdb64d23c766,55b9887d27df7b3dc3b8b2e1875facca1a285d1891e4df442fdd18cc865cc7b0,['cpu'],"['reference_not_ranking', 'historical_competitors_not_rerun', 'system_resources_not_exclusive']"
ludcmp,cova_openmp_gpu,default,initialization,observed,4.636132236104459,ludcmp,7eb28298bd66038f57228eeb106197ae1ac32685,1,1,08caec57fa049fbfa751e34e1064de164ddf556d58ef07942503bdb64d23c766,55b9887d27df7b3dc3b8b2e1875facca1a285d1891e4df442fdd18cc865cc7b0,['cpu'],"['reference_not_ranking', 'historical_competitors_not_rerun', 'system_resources_not_exclusive', 'gpu_placement_metadata_only']"
ludcmp,cova_openmp_gpu,default,fresh_process,observed,0.19118929049000144,ludcmp,7eb28298bd66038f57228eeb106197ae1ac32685,2,2,08caec57fa049fbfa751e34e1064de164ddf556d58ef07942503bdb64d23c766,55b9887d27df7b3dc3b8b2e1875facca1a285d1891e4df442fdd18cc865cc7b0,['cpu'],"['reference_not_ranking', 'historical_competitors_not_rerun', 'system_resources_not_exclusive', 'gpu_placement_metadata_only']"
ludcmp,cova_openmp_gpu,default,same_process,observed,0.13688660645857453,ludcmp,7eb28298bd66038f57228eeb106197ae1ac32685,6,3,08caec57fa049fbfa751e34e1064de164ddf556d58ef07942503bdb64d23c766,55b9887d27df7b3dc3b8b2e1875facca1a285d1891e4df442fdd18cc865cc7b0,['cpu'],"['reference_not_ranking', 'historical_competitors_not_rerun', 'system_resources_not_exclusive', 'gpu_placement_metadata_only']"
ludcmp,cova_llvm_gpu,default,initialization,observed,7.183684623101726,ludcmp,7eb28298bd66038f57228eeb106197ae1ac32685,1,1,08caec57fa049fbfa751e34e1064de164ddf556d58ef07942503bdb64d23c766,55b9887d27df7b3dc3b8b2e1875facca1a285d1891e4df442fdd18cc865cc7b0,['mixed'],"['reference_not_ranking', 'historical_competitors_not_rerun', 'system_resources_not_exclusive', 'gpu_placement_metadata_only']"
ludcmp,cova_llvm_gpu,default,fresh_process,observed,2.0108236394589767,ludcmp,7eb28298bd66038f57228eeb106197ae1ac32685,2,2,08caec57fa049fbfa751e34e1064de164ddf556d58ef07942503bdb64d23c766,55b9887d27df7b3dc3b8b2e1875facca1a285d1891e4df442fdd18cc865cc7b0,['mixed'],"['reference_not_ranking', 'historical_competitors_not_rerun', 'system_resources_not_exclusive', 'gpu_placement_metadata_only']"
ludcmp,cova_llvm_gpu,default,same_process,observed,1.6701079909689724,ludcmp,7eb28298bd66038f57228eeb106197ae1ac32685,6,3,08caec57fa049fbfa751e34e1064de164ddf556d58ef07942503bdb64d23c766,55b9887d27df7b3dc3b8b2e1875facca1a285d1891e4df442fdd18cc865cc7b0,['mixed'],"['reference_not_ranking', 'historical_competitors_not_rerun', 'system_resources_not_exclusive', 'gpu_placement_metadata_only']"
mandelbrot1,cova_serial_cpu,default,initialization,error,,mandelbrot1,7eb28298bd66038f57228eeb106197ae1ac32685,0,0,7ec93ae18ee3844a817e6cc0a79455bc5862c76f047319aefde16f510ddde641,498529c7a9dcc40ab333461ec82b7c16a88eb9014a98ba9ee2910dd66fb9e062,[],"['reference_not_ranking', 'historical_competitors_not_rerun', 'system_resources_not_exclusive']"
mandelbrot1,cova_serial_cpu,default,fresh_process,error,,mandelbrot1,7eb28298bd66038f57228eeb106197ae1ac32685,0,0,7ec93ae18ee3844a817e6cc0a79455bc5862c76f047319aefde16f510ddde641,498529c7a9dcc40ab333461ec82b7c16a88eb9014a98ba9ee2910dd66fb9e062,[],"['reference_not_ranking', 'historical_competitors_not_rerun', 'system_resources_not_exclusive']"
mandelbrot1,cova_serial_cpu,default,same_process,error,,mandelbrot1,7eb28298bd66038f57228eeb106197ae1ac32685,0,0,7ec93ae18ee3844a817e6cc0a79455bc5862c76f047319aefde16f510ddde641,498529c7a9dcc40ab333461ec82b7c16a88eb9014a98ba9ee2910dd66fb9e062,[],"['reference_not_ranking', 'historical_competitors_not_rerun', 'system_resources_not_exclusive']"
mandelbrot1,cova_openmp_cpu,default,initialization,error,,mandelbrot1,7eb28298bd66038f57228eeb106197ae1ac32685,0,0,7ec93ae18ee3844a817e6cc0a79455bc5862c76f047319aefde16f510ddde641,498529c7a9dcc40ab333461ec82b7c16a88eb9014a98ba9ee2910dd66fb9e062,[],"['reference_not_ranking', 'historical_competitors_not_rerun', 'system_resources_not_exclusive']"
mandelbrot1,cova_openmp_cpu,default,fresh_process,error,,mandelbrot1,7eb28298bd66038f57228eeb106197ae1ac32685,0,0,7ec93ae18ee3844a817e6cc0a79455bc5862c76f047319aefde16f510ddde641,498529c7a9dcc40ab333461ec82b7c16a88eb9014a98ba9ee2910dd66fb9e062,[],"['reference_not_ranking', 'historical_competitors_not_rerun', 'system_resources_not_exclusive']"
mandelbrot1,cova_openmp_cpu,default,same_process,error,,mandelbrot1,7eb28298bd66038f57228eeb106197ae1ac32685,0,0,7ec93ae18ee3844a817e6cc0a79455bc5862c76f047319aefde16f510ddde641,498529c7a9dcc40ab333461ec82b7c16a88eb9014a98ba9ee2910dd66fb9e062,[],"['reference_not_ranking', 'historical_competitors_not_rerun', 'system_resources_not_exclusive']"
mandelbrot1,cova_llvm_cpu_serial,default,initialization,observed,2.8906105428468436,mandelbrot1,7eb28298bd66038f57228eeb106197ae1ac32685,1,1,7ec93ae18ee3844a817e6cc0a79455bc5862c76f047319aefde16f510ddde641,498529c7a9dcc40ab333461ec82b7c16a88eb9014a98ba9ee2910dd66fb9e062,['cpu'],"['reference_not_ranking', 'historical_competitors_not_rerun', 'system_resources_not_exclusive']"
mandelbrot1,cova_llvm_cpu_serial,default,fresh_process,observed,0.8833818869898096,mandelbrot1,7eb28298bd66038f57228eeb106197ae1ac32685,2,2,7ec93ae18ee3844a817e6cc0a79455bc5862c76f047319aefde16f510ddde641,498529c7a9dcc40ab333461ec82b7c16a88eb9014a98ba9ee2910dd66fb9e062,['cpu'],"['reference_not_ranking', 'historical_competitors_not_rerun', 'system_resources_not_exclusive']"
mandelbrot1,cova_llvm_cpu_serial,default,same_process,observed,0.7204449656419456,mandelbrot1,7eb28298bd66038f57228eeb106197ae1ac32685,6,3,7ec93ae18ee3844a817e6cc0a79455bc5862c76f047319aefde16f510ddde641,498529c7a9dcc40ab333461ec82b7c16a88eb9014a98ba9ee2910dd66fb9e062,['cpu'],"['reference_not_ranking', 'historical_competitors_not_rerun', 'system_resources_not_exclusive']"
mandelbrot1,cova_llvm_cpu,default,initialization,observed,2.7044271300546825,mandelbrot1,7eb28298bd66038f57228eeb106197ae1ac32685,1,1,7ec93ae18ee3844a817e6cc0a79455bc5862c76f047319aefde16f510ddde641,498529c7a9dcc40ab333461ec82b7c16a88eb9014a98ba9ee2910dd66fb9e062,['cpu'],"['reference_not_ranking', 'historical_competitors_not_rerun', 'system_resources_not_exclusive']"
mandelbrot1,cova_llvm_cpu,default,fresh_process,observed,0.24970233195926994,mandelbrot1,7eb28298bd66038f57228eeb106197ae1ac32685,2,2,7ec93ae18ee3844a817e6cc0a79455bc5862c76f047319aefde16f510ddde641,498529c7a9dcc40ab333461ec82b7c16a88eb9014a98ba9ee2910dd66fb9e062,['cpu'],"['reference_not_ranking', 'historical_competitors_not_rerun', 'system_resources_not_exclusive']"
mandelbrot1,cova_llvm_cpu,default,same_process,observed,0.12153474288061261,mandelbrot1,7eb28298bd66038f57228eeb106197ae1ac32685,6,3,7ec93ae18ee3844a817e6cc0a79455bc5862c76f047319aefde16f510ddde641,498529c7a9dcc40ab333461ec82b7c16a88eb9014a98ba9ee2910dd66fb9e062,['cpu'],"['reference_not_ranking', 'historical_competitors_not_rerun', 'system_resources_not_exclusive']"
mandelbrot1,cova_openmp_gpu,default,initialization,error,,mandelbrot1,7eb28298bd66038f57228eeb106197ae1ac32685,0,0,7ec93ae18ee3844a817e6cc0a79455bc5862c76f047319aefde16f510ddde641,498529c7a9dcc40ab333461ec82b7c16a88eb9014a98ba9ee2910dd66fb9e062,[],"['reference_not_ranking', 'historical_competitors_not_rerun', 'system_resources_not_exclusive', 'gpu_placement_metadata_only']"
mandelbrot1,cova_openmp_gpu,default,fresh_process,error,,mandelbrot1,7eb28298bd66038f57228eeb106197ae1ac32685,0,0,7ec93ae18ee3844a817e6cc0a79455bc5862c76f047319aefde16f510ddde641,498529c7a9dcc40ab333461ec82b7c16a88eb9014a98ba9ee2910dd66fb9e062,[],"['reference_not_ranking', 'historical_competitors_not_rerun', 'system_resources_not_exclusive', 'gpu_placement_metadata_only']"
mandelbrot1,cova_openmp_gpu,default,same_process,error,,mandelbrot1,7eb28298bd66038f57228eeb106197ae1ac32685,0,0,7ec93ae18ee3844a817e6cc0a79455bc5862c76f047319aefde16f510ddde641,498529c7a9dcc40ab333461ec82b7c16a88eb9014a98ba9ee2910dd66fb9e062,[],"['reference_not_ranking', 'historical_competitors_not_rerun', 'system_resources_not_exclusive', 'gpu_placement_metadata_only']"
mandelbrot1,cova_llvm_gpu,default,initialization,observed,5.099402052117512,mandelbrot1,7eb28298bd66038f57228eeb106197ae1ac32685,1,1,7ec93ae18ee3844a817e6cc0a79455bc5862c76f047319aefde16f510ddde641,498529c7a9dcc40ab333461ec82b7c16a88eb9014a98ba9ee2910dd66fb9e062,['gpu'],"['reference_not_ranking', 'historical_competitors_not_rerun', 'system_resources_not_exclusive', 'gpu_placement_metadata_only']"
mandelbrot1,cova_llvm_gpu,default,fresh_process,observed,0.3656111559830606,mandelbrot1,7eb28298bd66038f57228eeb106197ae1ac32685,2,2,7ec93ae18ee3844a817e6cc0a79455bc5862c76f047319aefde16f510ddde641,498529c7a9dcc40ab333461ec82b7c16a88eb9014a98ba9ee2910dd66fb9e062,['gpu'],"['reference_not_ranking', 'historical_competitors_not_rerun', 'system_resources_not_exclusive', 'gpu_placement_metadata_only']"
mandelbrot1,cova_llvm_gpu,default,same_process,observed,0.04460888495668769,mandelbrot1,7eb28298bd66038f57228eeb106197ae1ac32685,6,3,7ec93ae18ee3844a817e6cc0a79455bc5862c76f047319aefde16f510ddde641,498529c7a9dcc40ab333461ec82b7c16a88eb9014a98ba9ee2910dd66fb9e062,['gpu'],"['reference_not_ranking', 'historical_competitors_not_rerun', 'system_resources_not_exclusive', 'gpu_placement_metadata_only']"
mandelbrot2,cova_serial_cpu,default,initialization,error,,mandelbrot2,7eb28298bd66038f57228eeb106197ae1ac32685,0,0,7fb4071f3c8e581537c1201436e2e0f64673e094a239bc776fcd1d6c96095d69,e953c506eaf95aed1da28b70ad9b9cbb5c4d6ed77213ce344c94cdacbc5b6ae1,[],"['reference_not_ranking', 'historical_competitors_not_rerun', 'system_resources_not_exclusive']"
mandelbrot2,cova_serial_cpu,default,fresh_process,error,,mandelbrot2,7eb28298bd66038f57228eeb106197ae1ac32685,0,0,7fb4071f3c8e581537c1201436e2e0f64673e094a239bc776fcd1d6c96095d69,e953c506eaf95aed1da28b70ad9b9cbb5c4d6ed77213ce344c94cdacbc5b6ae1,[],"['reference_not_ranking', 'historical_competitors_not_rerun', 'system_resources_not_exclusive']"
mandelbrot2,cova_serial_cpu,default,same_process,error,,mandelbrot2,7eb28298bd66038f57228eeb106197ae1ac32685,0,0,7fb4071f3c8e581537c1201436e2e0f64673e094a239bc776fcd1d6c96095d69,e953c506eaf95aed1da28b70ad9b9cbb5c4d6ed77213ce344c94cdacbc5b6ae1,[],"['reference_not_ranking', 'historical_competitors_not_rerun', 'system_resources_not_exclusive']"
mandelbrot2,cova_openmp_cpu,default,initialization,error,,mandelbrot2,7eb28298bd66038f57228eeb106197ae1ac32685,0,0,7fb4071f3c8e581537c1201436e2e0f64673e094a239bc776fcd1d6c96095d69,e953c506eaf95aed1da28b70ad9b9cbb5c4d6ed77213ce344c94cdacbc5b6ae1,[],"['reference_not_ranking', 'historical_competitors_not_rerun', 'system_resources_not_exclusive']"
mandelbrot2,cova_openmp_cpu,default,fresh_process,error,,mandelbrot2,7eb28298bd66038f57228eeb106197ae1ac32685,0,0,7fb4071f3c8e581537c1201436e2e0f64673e094a239bc776fcd1d6c96095d69,e953c506eaf95aed1da28b70ad9b9cbb5c4d6ed77213ce344c94cdacbc5b6ae1,[],"['reference_not_ranking', 'historical_competitors_not_rerun', 'system_resources_not_exclusive']"
mandelbrot2,cova_openmp_cpu,default,same_process,error,,mandelbrot2,7eb28298bd66038f57228eeb106197ae1ac32685,0,0,7fb4071f3c8e581537c1201436e2e0f64673e094a239bc776fcd1d6c96095d69,e953c506eaf95aed1da28b70ad9b9cbb5c4d6ed77213ce344c94cdacbc5b6ae1,[],"['reference_not_ranking', 'historical_competitors_not_rerun', 'system_resources_not_exclusive']"
mandelbrot2,cova_llvm_cpu_serial,default,initialization,error,,mandelbrot2,7eb28298bd66038f57228eeb106197ae1ac32685,0,0,7fb4071f3c8e581537c1201436e2e0f64673e094a239bc776fcd1d6c96095d69,e953c506eaf95aed1da28b70ad9b9cbb5c4d6ed77213ce344c94cdacbc5b6ae1,[],"['reference_not_ranking', 'historical_competitors_not_rerun', 'system_resources_not_exclusive']"
mandelbrot2,cova_llvm_cpu_serial,default,fresh_process,error,,mandelbrot2,7eb28298bd66038f57228eeb106197ae1ac32685,0,0,7fb4071f3c8e581537c1201436e2e0f64673e094a239bc776fcd1d6c96095d69,e953c506eaf95aed1da28b70ad9b9cbb5c4d6ed77213ce344c94cdacbc5b6ae1,[],"['reference_not_ranking', 'historical_competitors_not_rerun', 'system_resources_not_exclusive']"
mandelbrot2,cova_llvm_cpu_serial,default,same_process,error,,mandelbrot2,7eb28298bd66038f57228eeb106197ae1ac32685,0,0,7fb4071f3c8e581537c1201436e2e0f64673e094a239bc776fcd1d6c96095d69,e953c506eaf95aed1da28b70ad9b9cbb5c4d6ed77213ce344c94cdacbc5b6ae1,[],"['reference_not_ranking', 'historical_competitors_not_rerun', 'system_resources_not_exclusive']"
mandelbrot2,cova_llvm_cpu,default,initialization,observed,6.554799837060273,mandelbrot2_cova_helper,7eb28298bd66038f57228eeb106197ae1ac32685,1,1,7fb4071f3c8e581537c1201436e2e0f64673e094a239bc776fcd1d6c96095d69,e953c506eaf95aed1da28b70ad9b9cbb5c4d6ed77213ce344c94cdacbc5b6ae1,['cpu'],"['reference_not_ranking', 'historical_competitors_not_rerun', 'system_resources_not_exclusive']"
mandelbrot2,cova_llvm_cpu,default,fresh_process,observed,1.5988735315622762,mandelbrot2_cova_helper,7eb28298bd66038f57228eeb106197ae1ac32685,2,2,7fb4071f3c8e581537c1201436e2e0f64673e094a239bc776fcd1d6c96095d69,e953c506eaf95aed1da28b70ad9b9cbb5c4d6ed77213ce344c94cdacbc5b6ae1,['cpu'],"['reference_not_ranking', 'historical_competitors_not_rerun', 'system_resources_not_exclusive']"
mandelbrot2,cova_llvm_cpu,default,same_process,observed,1.357222504913807,mandelbrot2_cova_helper,7eb28298bd66038f57228eeb106197ae1ac32685,6,3,7fb4071f3c8e581537c1201436e2e0f64673e094a239bc776fcd1d6c96095d69,e953c506eaf95aed1da28b70ad9b9cbb5c4d6ed77213ce344c94cdacbc5b6ae1,['cpu'],"['reference_not_ranking', 'historical_competitors_not_rerun', 'system_resources_not_exclusive']"
mandelbrot2,cova_openmp_gpu,default,initialization,error,,mandelbrot2,7eb28298bd66038f57228eeb106197ae1ac32685,0,0,7fb4071f3c8e581537c1201436e2e0f64673e094a239bc776fcd1d6c96095d69,e953c506eaf95aed1da28b70ad9b9cbb5c4d6ed77213ce344c94cdacbc5b6ae1,[],"['reference_not_ranking', 'historical_competitors_not_rerun', 'system_resources_not_exclusive', 'gpu_placement_metadata_only']"
mandelbrot2,cova_openmp_gpu,default,fresh_process,error,,mandelbrot2,7eb28298bd66038f57228eeb106197ae1ac32685,0,0,7fb4071f3c8e581537c1201436e2e0f64673e094a239bc776fcd1d6c96095d69,e953c506eaf95aed1da28b70ad9b9cbb5c4d6ed77213ce344c94cdacbc5b6ae1,[],"['reference_not_ranking', 'historical_competitors_not_rerun', 'system_resources_not_exclusive', 'gpu_placement_metadata_only']"
mandelbrot2,cova_openmp_gpu,default,same_process,error,,mandelbrot2,7eb28298bd66038f57228eeb106197ae1ac32685,0,0,7fb4071f3c8e581537c1201436e2e0f64673e094a239bc776fcd1d6c96095d69,e953c506eaf95aed1da28b70ad9b9cbb5c4d6ed77213ce344c94cdacbc5b6ae1,[],"['reference_not_ranking', 'historical_competitors_not_rerun', 'system_resources_not_exclusive', 'gpu_placement_metadata_only']"
mandelbrot2,cova_llvm_gpu,default,initialization,observed,9.219333172077313,mandelbrot2_cova_helper,7eb28298bd66038f57228eeb106197ae1ac32685,1,1,7fb4071f3c8e581537c1201436e2e0f64673e094a239bc776fcd1d6c96095d69,e953c506eaf95aed1da28b70ad9b9cbb5c4d6ed77213ce344c94cdacbc5b6ae1,['mixed'],"['reference_not_ranking', 'historical_competitors_not_rerun', 'system_resources_not_exclusive', 'gpu_placement_metadata_only']"
mandelbrot2,cova_llvm_gpu,default,fresh_process,observed,2.9616879380773753,mandelbrot2_cova_helper,7eb28298bd66038f57228eeb106197ae1ac32685,2,2,7fb4071f3c8e581537c1201436e2e0f64673e094a239bc776fcd1d6c96095d69,e953c506eaf95aed1da28b70ad9b9cbb5c4d6ed77213ce344c94cdacbc5b6ae1,['mixed'],"['reference_not_ranking', 'historical_competitors_not_rerun', 'system_resources_not_exclusive', 'gpu_placement_metadata_only']"
mandelbrot2,cova_llvm_gpu,default,same_process,observed,2.4219063540222123,mandelbrot2_cova_helper,7eb28298bd66038f57228eeb106197ae1ac32685,6,3,7fb4071f3c8e581537c1201436e2e0f64673e094a239bc776fcd1d6c96095d69,e953c506eaf95aed1da28b70ad9b9cbb5c4d6ed77213ce344c94cdacbc5b6ae1,['mixed'],"['reference_not_ranking', 'historical_competitors_not_rerun', 'system_resources_not_exclusive', 'gpu_placement_metadata_only']"
mlp,cova_serial_cpu,default,initialization,observed,11.078490507090464,mlp,7eb28298bd66038f57228eeb106197ae1ac32685,1,1,5a57834b626ad11a97469e2ed2472df251c3e8ff143b8d8d463672e399d900be,87c94f9c003ff974cd198163ffe2fd3948bacd6ba11c6c91faa770e7bcee04e9,['cpu'],"['reference_not_ranking', 'historical_competitors_not_rerun', 'system_resources_not_exclusive']"
mlp,cova_serial_cpu,default,fresh_process,observed,7.973916252958588,mlp,7eb28298bd66038f57228eeb106197ae1ac32685,2,2,5a57834b626ad11a97469e2ed2472df251c3e8ff143b8d8d463672e399d900be,87c94f9c003ff974cd198163ffe2fd3948bacd6ba11c6c91faa770e7bcee04e9,['cpu'],"['reference_not_ranking', 'historical_competitors_not_rerun', 'system_resources_not_exclusive']"
mlp,cova_serial_cpu,default,same_process,observed,7.89449970703572,mlp,7eb28298bd66038f57228eeb106197ae1ac32685,6,3,5a57834b626ad11a97469e2ed2472df251c3e8ff143b8d8d463672e399d900be,87c94f9c003ff974cd198163ffe2fd3948bacd6ba11c6c91faa770e7bcee04e9,['cpu'],"['reference_not_ranking', 'historical_competitors_not_rerun', 'system_resources_not_exclusive']"
mlp,cova_openmp_cpu,default,initialization,observed,6.927513506030664,mlp,7eb28298bd66038f57228eeb106197ae1ac32685,1,1,5a57834b626ad11a97469e2ed2472df251c3e8ff143b8d8d463672e399d900be,87c94f9c003ff974cd198163ffe2fd3948bacd6ba11c6c91faa770e7bcee04e9,['cpu'],"['reference_not_ranking', 'historical_competitors_not_rerun', 'system_resources_not_exclusive']"
mlp,cova_openmp_cpu,default,fresh_process,observed,3.7871591119328514,mlp,7eb28298bd66038f57228eeb106197ae1ac32685,2,2,5a57834b626ad11a97469e2ed2472df251c3e8ff143b8d8d463672e399d900be,87c94f9c003ff974cd198163ffe2fd3948bacd6ba11c6c91faa770e7bcee04e9,['cpu'],"['reference_not_ranking', 'historical_competitors_not_rerun', 'system_resources_not_exclusive']"
mlp,cova_openmp_cpu,default,same_process,observed,4.932808864978142,mlp,7eb28298bd66038f57228eeb106197ae1ac32685,6,3,5a57834b626ad11a97469e2ed2472df251c3e8ff143b8d8d463672e399d900be,87c94f9c003ff974cd198163ffe2fd3948bacd6ba11c6c91faa770e7bcee04e9,['cpu'],"['reference_not_ranking', 'historical_competitors_not_rerun', 'system_resources_not_exclusive']"
mlp,cova_llvm_cpu_serial,default,initialization,observed,7.226657356135547,mlp,7eb28298bd66038f57228eeb106197ae1ac32685,1,1,5a57834b626ad11a97469e2ed2472df251c3e8ff143b8d8d463672e399d900be,87c94f9c003ff974cd198163ffe2fd3948bacd6ba11c6c91faa770e7bcee04e9,['cpu'],"['reference_not_ranking', 'historical_competitors_not_rerun', 'system_resources_not_exclusive']"
mlp,cova_llvm_cpu_serial,default,fresh_process,observed,1.443768548546359,mlp,7eb28298bd66038f57228eeb106197ae1ac32685,2,2,5a57834b626ad11a97469e2ed2472df251c3e8ff143b8d8d463672e399d900be,87c94f9c003ff974cd198163ffe2fd3948bacd6ba11c6c91faa770e7bcee04e9,['cpu'],"['reference_not_ranking', 'historical_competitors_not_rerun', 'system_resources_not_exclusive']"
mlp,cova_llvm_cpu_serial,default,same_process,observed,1.257270710542798,mlp,7eb28298bd66038f57228eeb106197ae1ac32685,6,3,5a57834b626ad11a97469e2ed2472df251c3e8ff143b8d8d463672e399d900be,87c94f9c003ff974cd198163ffe2fd3948bacd6ba11c6c91faa770e7bcee04e9,['cpu'],"['reference_not_ranking', 'historical_competitors_not_rerun', 'system_resources_not_exclusive']"
mlp,cova_llvm_cpu,default,initialization,observed,7.464410162996501,mlp,7eb28298bd66038f57228eeb106197ae1ac32685,1,1,5a57834b626ad11a97469e2ed2472df251c3e8ff143b8d8d463672e399d900be,87c94f9c003ff974cd198163ffe2fd3948bacd6ba11c6c91faa770e7bcee04e9,['cpu'],"['reference_not_ranking', 'historical_competitors_not_rerun', 'system_resources_not_exclusive']"
mlp,cova_llvm_cpu,default,fresh_process,observed,0.42541265848558396,mlp,7eb28298bd66038f57228eeb106197ae1ac32685,2,2,5a57834b626ad11a97469e2ed2472df251c3e8ff143b8d8d463672e399d900be,87c94f9c003ff974cd198163ffe2fd3948bacd6ba11c6c91faa770e7bcee04e9,['cpu'],"['reference_not_ranking', 'historical_competitors_not_rerun', 'system_resources_not_exclusive']"
mlp,cova_llvm_cpu,default,same_process,observed,0.5461425031535327,mlp,7eb28298bd66038f57228eeb106197ae1ac32685,6,3,5a57834b626ad11a97469e2ed2472df251c3e8ff143b8d8d463672e399d900be,87c94f9c003ff974cd198163ffe2fd3948bacd6ba11c6c91faa770e7bcee04e9,['cpu'],"['reference_not_ranking', 'historical_competitors_not_rerun', 'system_resources_not_exclusive']"
mlp,cova_openmp_gpu,default,initialization,observed,9.354046367108822,mlp,7eb28298bd66038f57228eeb106197ae1ac32685,1,1,5a57834b626ad11a97469e2ed2472df251c3e8ff143b8d8d463672e399d900be,87c94f9c003ff974cd198163ffe2fd3948bacd6ba11c6c91faa770e7bcee04e9,['gpu'],"['reference_not_ranking', 'historical_competitors_not_rerun', 'system_resources_not_exclusive', 'gpu_placement_metadata_only']"
mlp,cova_openmp_gpu,default,fresh_process,observed,1.0621339614735916,mlp,7eb28298bd66038f57228eeb106197ae1ac32685,2,2,5a57834b626ad11a97469e2ed2472df251c3e8ff143b8d8d463672e399d900be,87c94f9c003ff974cd198163ffe2fd3948bacd6ba11c6c91faa770e7bcee04e9,['gpu'],"['reference_not_ranking', 'historical_competitors_not_rerun', 'system_resources_not_exclusive', 'gpu_placement_metadata_only']"
mlp,cova_openmp_gpu,default,same_process,observed,0.6516724054235965,mlp,7eb28298bd66038f57228eeb106197ae1ac32685,6,3,5a57834b626ad11a97469e2ed2472df251c3e8ff143b8d8d463672e399d900be,87c94f9c003ff974cd198163ffe2fd3948bacd6ba11c6c91faa770e7bcee04e9,['gpu'],"['reference_not_ranking', 'historical_competitors_not_rerun', 'system_resources_not_exclusive', 'gpu_placement_metadata_only']"
mlp,cova_llvm_gpu,default,initialization,observed,9.435246048960835,mlp,7eb28298bd66038f57228eeb106197ae1ac32685,1,1,5a57834b626ad11a97469e2ed2472df251c3e8ff143b8d8d463672e399d900be,87c94f9c003ff974cd198163ffe2fd3948bacd6ba11c6c91faa770e7bcee04e9,['gpu'],"['reference_not_ranking', 'historical_competitors_not_rerun', 'system_resources_not_exclusive', 'gpu_placement_metadata_only']"
mlp,cova_llvm_gpu,default,fresh_process,observed,1.1662675214465708,mlp,7eb28298bd66038f57228eeb106197ae1ac32685,2,2,5a57834b626ad11a97469e2ed2472df251c3e8ff143b8d8d463672e399d900be,87c94f9c003ff974cd198163ffe2fd3948bacd6ba11c6c91faa770e7bcee04e9,['gpu'],"['reference_not_ranking', 'historical_competitors_not_rerun', 'system_resources_not_exclusive', 'gpu_placement_metadata_only']"
mlp,cova_llvm_gpu,default,same_process,observed,0.6567796954186633,mlp,7eb28298bd66038f57228eeb106197ae1ac32685,6,3,5a57834b626ad11a97469e2ed2472df251c3e8ff143b8d8d463672e399d900be,87c94f9c003ff974cd198163ffe2fd3948bacd6ba11c6c91faa770e7bcee04e9,['gpu'],"['reference_not_ranking', 'historical_competitors_not_rerun', 'system_resources_not_exclusive', 'gpu_placement_metadata_only']"
mvt,cova_serial_cpu,default,initialization,observed,3.6183824718464166,mvt,7eb28298bd66038f57228eeb106197ae1ac32685,1,1,6d38d7a7e4ccc0cd21261ff27458bbfec43022e90858441b148c763f459bdc05,31a7a541d3eb3d99e166c80b243812e6678c96f5f504254d1acff781fbc1da55,['cpu'],"['reference_not_ranking', 'historical_competitors_not_rerun', 'system_resources_not_exclusive']"
mvt,cova_serial_cpu,default,fresh_process,observed,0.9164498256286606,mvt,7eb28298bd66038f57228eeb106197ae1ac32685,2,2,6d38d7a7e4ccc0cd21261ff27458bbfec43022e90858441b148c763f459bdc05,31a7a541d3eb3d99e166c80b243812e6678c96f5f504254d1acff781fbc1da55,['cpu'],"['reference_not_ranking', 'historical_competitors_not_rerun', 'system_resources_not_exclusive']"
mvt,cova_serial_cpu,default,same_process,observed,0.9402877929387614,mvt,7eb28298bd66038f57228eeb106197ae1ac32685,6,3,6d38d7a7e4ccc0cd21261ff27458bbfec43022e90858441b148c763f459bdc05,31a7a541d3eb3d99e166c80b243812e6678c96f5f504254d1acff781fbc1da55,['cpu'],"['reference_not_ranking', 'historical_competitors_not_rerun', 'system_resources_not_exclusive']"
mvt,cova_openmp_cpu,default,initialization,observed,3.07893515820615,mvt,7eb28298bd66038f57228eeb106197ae1ac32685,1,1,6d38d7a7e4ccc0cd21261ff27458bbfec43022e90858441b148c763f459bdc05,31a7a541d3eb3d99e166c80b243812e6678c96f5f504254d1acff781fbc1da55,['cpu'],"['reference_not_ranking', 'historical_competitors_not_rerun', 'system_resources_not_exclusive']"
mvt,cova_openmp_cpu,default,fresh_process,observed,0.43078869103919715,mvt,7eb28298bd66038f57228eeb106197ae1ac32685,2,2,6d38d7a7e4ccc0cd21261ff27458bbfec43022e90858441b148c763f459bdc05,31a7a541d3eb3d99e166c80b243812e6678c96f5f504254d1acff781fbc1da55,['cpu'],"['reference_not_ranking', 'historical_competitors_not_rerun', 'system_resources_not_exclusive']"
mvt,cova_openmp_cpu,default,same_process,observed,0.3786653319839388,mvt,7eb28298bd66038f57228eeb106197ae1ac32685,6,3,6d38d7a7e4ccc0cd21261ff27458bbfec43022e90858441b148c763f459bdc05,31a7a541d3eb3d99e166c80b243812e6678c96f5f504254d1acff781fbc1da55,['cpu'],"['reference_not_ranking', 'historical_competitors_not_rerun', 'system_resources_not_exclusive']"
mvt,cova_llvm_cpu_serial,default,initialization,observed,4.622038675937802,mvt,7eb28298bd66038f57228eeb106197ae1ac32685,1,1,6d38d7a7e4ccc0cd21261ff27458bbfec43022e90858441b148c763f459bdc05,31a7a541d3eb3d99e166c80b243812e6678c96f5f504254d1acff781fbc1da55,['cpu'],"['reference_not_ranking', 'historical_competitors_not_rerun', 'system_resources_not_exclusive']"
mvt,cova_llvm_cpu_serial,default,fresh_process,observed,0.26369645493105054,mvt,7eb28298bd66038f57228eeb106197ae1ac32685,2,2,6d38d7a7e4ccc0cd21261ff27458bbfec43022e90858441b148c763f459bdc05,31a7a541d3eb3d99e166c80b243812e6678c96f5f504254d1acff781fbc1da55,['cpu'],"['reference_not_ranking', 'historical_competitors_not_rerun', 'system_resources_not_exclusive']"
mvt,cova_llvm_cpu_serial,default,same_process,observed,0.25584835663903505,mvt,7eb28298bd66038f57228eeb106197ae1ac32685,6,3,6d38d7a7e4ccc0cd21261ff27458bbfec43022e90858441b148c763f459bdc05,31a7a541d3eb3d99e166c80b243812e6678c96f5f504254d1acff781fbc1da55,['cpu'],"['reference_not_ranking', 'historical_competitors_not_rerun', 'system_resources_not_exclusive']"
mvt,cova_llvm_cpu,default,initialization,observed,6.1800431029405445,mvt,7eb28298bd66038f57228eeb106197ae1ac32685,1,1,6d38d7a7e4ccc0cd21261ff27458bbfec43022e90858441b148c763f459bdc05,31a7a541d3eb3d99e166c80b243812e6678c96f5f504254d1acff781fbc1da55,['cpu'],"['reference_not_ranking', 'historical_competitors_not_rerun', 'system_resources_not_exclusive']"
mvt,cova_llvm_cpu,default,fresh_process,observed,0.17433772096410394,mvt,7eb28298bd66038f57228eeb106197ae1ac32685,2,2,6d38d7a7e4ccc0cd21261ff27458bbfec43022e90858441b148c763f459bdc05,31a7a541d3eb3d99e166c80b243812e6678c96f5f504254d1acff781fbc1da55,['cpu'],"['reference_not_ranking', 'historical_competitors_not_rerun', 'system_resources_not_exclusive']"
mvt,cova_llvm_cpu,default,same_process,observed,0.09960284049157053,mvt,7eb28298bd66038f57228eeb106197ae1ac32685,6,3,6d38d7a7e4ccc0cd21261ff27458bbfec43022e90858441b148c763f459bdc05,31a7a541d3eb3d99e166c80b243812e6678c96f5f504254d1acff781fbc1da55,['cpu'],"['reference_not_ranking', 'historical_competitors_not_rerun', 'system_resources_not_exclusive']"
mvt,cova_openmp_gpu,default,initialization,observed,7.5798449229914695,mvt,7eb28298bd66038f57228eeb106197ae1ac32685,1,1,6d38d7a7e4ccc0cd21261ff27458bbfec43022e90858441b148c763f459bdc05,31a7a541d3eb3d99e166c80b243812e6678c96f5f504254d1acff781fbc1da55,['gpu'],"['reference_not_ranking', 'historical_competitors_not_rerun', 'system_resources_not_exclusive', 'gpu_placement_metadata_only']"
mvt,cova_openmp_gpu,default,fresh_process,observed,0.7949064155109227,mvt,7eb28298bd66038f57228eeb106197ae1ac32685,2,2,6d38d7a7e4ccc0cd21261ff27458bbfec43022e90858441b148c763f459bdc05,31a7a541d3eb3d99e166c80b243812e6678c96f5f504254d1acff781fbc1da55,['gpu'],"['reference_not_ranking', 'historical_competitors_not_rerun', 'system_resources_not_exclusive', 'gpu_placement_metadata_only']"
mvt,cova_openmp_gpu,default,same_process,observed,0.3673021234571934,mvt,7eb28298bd66038f57228eeb106197ae1ac32685,6,3,6d38d7a7e4ccc0cd21261ff27458bbfec43022e90858441b148c763f459bdc05,31a7a541d3eb3d99e166c80b243812e6678c96f5f504254d1acff781fbc1da55,['gpu'],"['reference_not_ranking', 'historical_competitors_not_rerun', 'system_resources_not_exclusive', 'gpu_placement_metadata_only']"
mvt,cova_llvm_gpu,default,initialization,observed,7.324679346987978,mvt,7eb28298bd66038f57228eeb106197ae1ac32685,1,1,6d38d7a7e4ccc0cd21261ff27458bbfec43022e90858441b148c763f459bdc05,31a7a541d3eb3d99e166c80b243812e6678c96f5f504254d1acff781fbc1da55,['gpu'],"['reference_not_ranking', 'historical_competitors_not_rerun', 'system_resources_not_exclusive', 'gpu_placement_metadata_only']"
mvt,cova_llvm_gpu,default,fresh_process,observed,0.7152744885534048,mvt,7eb28298bd66038f57228eeb106197ae1ac32685,2,2,6d38d7a7e4ccc0cd21261ff27458bbfec43022e90858441b148c763f459bdc05,31a7a541d3eb3d99e166c80b243812e6678c96f5f504254d1acff781fbc1da55,['gpu'],"['reference_not_ranking', 'historical_competitors_not_rerun', 'system_resources_not_exclusive', 'gpu_placement_metadata_only']"
mvt,cova_llvm_gpu,default,same_process,observed,0.3666736639570445,mvt,7eb28298bd66038f57228eeb106197ae1ac32685,6,3,6d38d7a7e4ccc0cd21261ff27458bbfec43022e90858441b148c763f459bdc05,31a7a541d3eb3d99e166c80b243812e6678c96f5f504254d1acff781fbc1da55,['gpu'],"['reference_not_ranking', 'historical_competitors_not_rerun', 'system_resources_not_exclusive', 'gpu_placement_metadata_only']"
nbody,cova_serial_cpu,default,initialization,validation,,nbody,7eb28298bd66038f57228eeb106197ae1ac32685,0,0,eb19dd29eced1356f5981ddd1d68235062b1cd0e3e730e4069acc2a4f30a6512,369f565b2cc3f4d1e7431a758f71f09b2fb5270f7b56b9b6b5de37373d88c636,['cpu'],"['reference_not_ranking', 'historical_competitors_not_rerun', 'system_resources_not_exclusive']"
nbody,cova_serial_cpu,default,fresh_process,validation,,nbody,7eb28298bd66038f57228eeb106197ae1ac32685,0,0,eb19dd29eced1356f5981ddd1d68235062b1cd0e3e730e4069acc2a4f30a6512,369f565b2cc3f4d1e7431a758f71f09b2fb5270f7b56b9b6b5de37373d88c636,['cpu'],"['reference_not_ranking', 'historical_competitors_not_rerun', 'system_resources_not_exclusive']"
nbody,cova_serial_cpu,default,same_process,validation,,nbody,7eb28298bd66038f57228eeb106197ae1ac32685,0,0,eb19dd29eced1356f5981ddd1d68235062b1cd0e3e730e4069acc2a4f30a6512,369f565b2cc3f4d1e7431a758f71f09b2fb5270f7b56b9b6b5de37373d88c636,['cpu'],"['reference_not_ranking', 'historical_competitors_not_rerun', 'system_resources_not_exclusive']"
nbody,cova_openmp_cpu,default,initialization,validation,,nbody,7eb28298bd66038f57228eeb106197ae1ac32685,0,0,eb19dd29eced1356f5981ddd1d68235062b1cd0e3e730e4069acc2a4f30a6512,369f565b2cc3f4d1e7431a758f71f09b2fb5270f7b56b9b6b5de37373d88c636,['cpu'],"['reference_not_ranking', 'historical_competitors_not_rerun', 'system_resources_not_exclusive']"
nbody,cova_openmp_cpu,default,fresh_process,validation,,nbody,7eb28298bd66038f57228eeb106197ae1ac32685,0,0,eb19dd29eced1356f5981ddd1d68235062b1cd0e3e730e4069acc2a4f30a6512,369f565b2cc3f4d1e7431a758f71f09b2fb5270f7b56b9b6b5de37373d88c636,['cpu'],"['reference_not_ranking', 'historical_competitors_not_rerun', 'system_resources_not_exclusive']"
nbody,cova_openmp_cpu,default,same_process,validation,,nbody,7eb28298bd66038f57228eeb106197ae1ac32685,0,0,eb19dd29eced1356f5981ddd1d68235062b1cd0e3e730e4069acc2a4f30a6512,369f565b2cc3f4d1e7431a758f71f09b2fb5270f7b56b9b6b5de37373d88c636,['cpu'],"['reference_not_ranking', 'historical_competitors_not_rerun', 'system_resources_not_exclusive']"
nbody,cova_llvm_cpu_serial,default,initialization,validation,,nbody,7eb28298bd66038f57228eeb106197ae1ac32685,0,0,eb19dd29eced1356f5981ddd1d68235062b1cd0e3e730e4069acc2a4f30a6512,369f565b2cc3f4d1e7431a758f71f09b2fb5270f7b56b9b6b5de37373d88c636,['cpu'],"['reference_not_ranking', 'historical_competitors_not_rerun', 'system_resources_not_exclusive']"
nbody,cova_llvm_cpu_serial,default,fresh_process,validation,,nbody,7eb28298bd66038f57228eeb106197ae1ac32685,0,0,eb19dd29eced1356f5981ddd1d68235062b1cd0e3e730e4069acc2a4f30a6512,369f565b2cc3f4d1e7431a758f71f09b2fb5270f7b56b9b6b5de37373d88c636,['cpu'],"['reference_not_ranking', 'historical_competitors_not_rerun', 'system_resources_not_exclusive']"
nbody,cova_llvm_cpu_serial,default,same_process,validation,,nbody,7eb28298bd66038f57228eeb106197ae1ac32685,0,0,eb19dd29eced1356f5981ddd1d68235062b1cd0e3e730e4069acc2a4f30a6512,369f565b2cc3f4d1e7431a758f71f09b2fb5270f7b56b9b6b5de37373d88c636,['cpu'],"['reference_not_ranking', 'historical_competitors_not_rerun', 'system_resources_not_exclusive']"
nbody,cova_llvm_cpu,default,initialization,validation,,nbody,7eb28298bd66038f57228eeb106197ae1ac32685,0,0,eb19dd29eced1356f5981ddd1d68235062b1cd0e3e730e4069acc2a4f30a6512,369f565b2cc3f4d1e7431a758f71f09b2fb5270f7b56b9b6b5de37373d88c636,['cpu'],"['reference_not_ranking', 'historical_competitors_not_rerun', 'system_resources_not_exclusive']"
nbody,cova_llvm_cpu,default,fresh_process,validation,,nbody,7eb28298bd66038f57228eeb106197ae1ac32685,0,0,eb19dd29eced1356f5981ddd1d68235062b1cd0e3e730e4069acc2a4f30a6512,369f565b2cc3f4d1e7431a758f71f09b2fb5270f7b56b9b6b5de37373d88c636,['cpu'],"['reference_not_ranking', 'historical_competitors_not_rerun', 'system_resources_not_exclusive']"
nbody,cova_llvm_cpu,default,same_process,validation,,nbody,7eb28298bd66038f57228eeb106197ae1ac32685,0,0,eb19dd29eced1356f5981ddd1d68235062b1cd0e3e730e4069acc2a4f30a6512,369f565b2cc3f4d1e7431a758f71f09b2fb5270f7b56b9b6b5de37373d88c636,['cpu'],"['reference_not_ranking', 'historical_competitors_not_rerun', 'system_resources_not_exclusive']"
nbody,cova_openmp_gpu,default,initialization,validation,,nbody,7eb28298bd66038f57228eeb106197ae1ac32685,0,0,eb19dd29eced1356f5981ddd1d68235062b1cd0e3e730e4069acc2a4f30a6512,369f565b2cc3f4d1e7431a758f71f09b2fb5270f7b56b9b6b5de37373d88c636,['mixed'],"['reference_not_ranking', 'historical_competitors_not_rerun', 'system_resources_not_exclusive', 'gpu_placement_metadata_only']"
nbody,cova_openmp_gpu,default,fresh_process,validation,,nbody,7eb28298bd66038f57228eeb106197ae1ac32685,0,0,eb19dd29eced1356f5981ddd1d68235062b1cd0e3e730e4069acc2a4f30a6512,369f565b2cc3f4d1e7431a758f71f09b2fb5270f7b56b9b6b5de37373d88c636,['mixed'],"['reference_not_ranking', 'historical_competitors_not_rerun', 'system_resources_not_exclusive', 'gpu_placement_metadata_only']"
nbody,cova_openmp_gpu,default,same_process,validation,,nbody,7eb28298bd66038f57228eeb106197ae1ac32685,0,0,eb19dd29eced1356f5981ddd1d68235062b1cd0e3e730e4069acc2a4f30a6512,369f565b2cc3f4d1e7431a758f71f09b2fb5270f7b56b9b6b5de37373d88c636,['mixed'],"['reference_not_ranking', 'historical_competitors_not_rerun', 'system_resources_not_exclusive', 'gpu_placement_metadata_only']"
nbody,cova_llvm_gpu,default,initialization,validation,,nbody,7eb28298bd66038f57228eeb106197ae1ac32685,0,0,eb19dd29eced1356f5981ddd1d68235062b1cd0e3e730e4069acc2a4f30a6512,369f565b2cc3f4d1e7431a758f71f09b2fb5270f7b56b9b6b5de37373d88c636,['mixed'],"['reference_not_ranking', 'historical_competitors_not_rerun', 'system_resources_not_exclusive', 'gpu_placement_metadata_only']"
nbody,cova_llvm_gpu,default,fresh_process,validation,,nbody,7eb28298bd66038f57228eeb106197ae1ac32685,0,0,eb19dd29eced1356f5981ddd1d68235062b1cd0e3e730e4069acc2a4f30a6512,369f565b2cc3f4d1e7431a758f71f09b2fb5270f7b56b9b6b5de37373d88c636,['mixed'],"['reference_not_ranking', 'historical_competitors_not_rerun', 'system_resources_not_exclusive', 'gpu_placement_metadata_only']"
nbody,cova_llvm_gpu,default,same_process,validation,,nbody,7eb28298bd66038f57228eeb106197ae1ac32685,0,0,eb19dd29eced1356f5981ddd1d68235062b1cd0e3e730e4069acc2a4f30a6512,369f565b2cc3f4d1e7431a758f71f09b2fb5270f7b56b9b6b5de37373d88c636,['mixed'],"['reference_not_ranking', 'historical_competitors_not_rerun', 'system_resources_not_exclusive', 'gpu_placement_metadata_only']"
nussinov,cova_serial_cpu,default,initialization,observed,2.2342990648467094,nussinov,7eb28298bd66038f57228eeb106197ae1ac32685,1,1,7de19d1b6c54c559477765ce530898d3c0e580b07d787f443f19ff85acf43418,05b880e157b9ee387cb9be1fa3b10e2f4efe7bed764c6b129b8b31ad87b8df2a,['cpu'],"['reference_not_ranking', 'historical_competitors_not_rerun', 'system_resources_not_exclusive']"
nussinov,cova_serial_cpu,default,fresh_process,observed,0.027138146571815014,nussinov,7eb28298bd66038f57228eeb106197ae1ac32685,2,2,7de19d1b6c54c559477765ce530898d3c0e580b07d787f443f19ff85acf43418,05b880e157b9ee387cb9be1fa3b10e2f4efe7bed764c6b129b8b31ad87b8df2a,['cpu'],"['reference_not_ranking', 'historical_competitors_not_rerun', 'system_resources_not_exclusive']"
nussinov,cova_serial_cpu,default,same_process,observed,0.017153363558463752,nussinov,7eb28298bd66038f57228eeb106197ae1ac32685,6,3,7de19d1b6c54c559477765ce530898d3c0e580b07d787f443f19ff85acf43418,05b880e157b9ee387cb9be1fa3b10e2f4efe7bed764c6b129b8b31ad87b8df2a,['cpu'],"['reference_not_ranking', 'historical_competitors_not_rerun', 'system_resources_not_exclusive']"
nussinov,cova_openmp_cpu,default,initialization,observed,5.479079314041883,nussinov,7eb28298bd66038f57228eeb106197ae1ac32685,1,1,7de19d1b6c54c559477765ce530898d3c0e580b07d787f443f19ff85acf43418,05b880e157b9ee387cb9be1fa3b10e2f4efe7bed764c6b129b8b31ad87b8df2a,['cpu'],"['reference_not_ranking', 'historical_competitors_not_rerun', 'system_resources_not_exclusive']"
nussinov,cova_openmp_cpu,default,fresh_process,observed,2.6453947928966954,nussinov,7eb28298bd66038f57228eeb106197ae1ac32685,2,2,7de19d1b6c54c559477765ce530898d3c0e580b07d787f443f19ff85acf43418,05b880e157b9ee387cb9be1fa3b10e2f4efe7bed764c6b129b8b31ad87b8df2a,['cpu'],"['reference_not_ranking', 'historical_competitors_not_rerun', 'system_resources_not_exclusive']"
nussinov,cova_openmp_cpu,default,same_process,observed,2.120292649953626,nussinov,7eb28298bd66038f57228eeb106197ae1ac32685,6,3,7de19d1b6c54c559477765ce530898d3c0e580b07d787f443f19ff85acf43418,05b880e157b9ee387cb9be1fa3b10e2f4efe7bed764c6b129b8b31ad87b8df2a,['cpu'],"['reference_not_ranking', 'historical_competitors_not_rerun', 'system_resources_not_exclusive']"
nussinov,cova_llvm_cpu_serial,default,initialization,observed,1.585041020065546,nussinov,7eb28298bd66038f57228eeb106197ae1ac32685,1,1,7de19d1b6c54c559477765ce530898d3c0e580b07d787f443f19ff85acf43418,05b880e157b9ee387cb9be1fa3b10e2f4efe7bed764c6b129b8b31ad87b8df2a,['cpu'],"['reference_not_ranking', 'historical_competitors_not_rerun', 'system_resources_not_exclusive']"
nussinov,cova_llvm_cpu_serial,default,fresh_process,observed,0.031052820035256445,nussinov,7eb28298bd66038f57228eeb106197ae1ac32685,2,2,7de19d1b6c54c559477765ce530898d3c0e580b07d787f443f19ff85acf43418,05b880e157b9ee387cb9be1fa3b10e2f4efe7bed764c6b129b8b31ad87b8df2a,['cpu'],"['reference_not_ranking', 'historical_competitors_not_rerun', 'system_resources_not_exclusive']"
nussinov,cova_llvm_cpu_serial,default,same_process,observed,0.01747487753164023,nussinov,7eb28298bd66038f57228eeb106197ae1ac32685,6,3,7de19d1b6c54c559477765ce530898d3c0e580b07d787f443f19ff85acf43418,05b880e157b9ee387cb9be1fa3b10e2f4efe7bed764c6b129b8b31ad87b8df2a,['cpu'],"['reference_not_ranking', 'historical_competitors_not_rerun', 'system_resources_not_exclusive']"
nussinov,cova_llvm_cpu,default,initialization,observed,1.8015195219777524,nussinov,7eb28298bd66038f57228eeb106197ae1ac32685,1,1,7de19d1b6c54c559477765ce530898d3c0e580b07d787f443f19ff85acf43418,05b880e157b9ee387cb9be1fa3b10e2f4efe7bed764c6b129b8b31ad87b8df2a,['cpu'],"['reference_not_ranking', 'historical_competitors_not_rerun', 'system_resources_not_exclusive']"
nussinov,cova_llvm_cpu,default,fresh_process,observed,0.0351466714637354,nussinov,7eb28298bd66038f57228eeb106197ae1ac32685,2,2,7de19d1b6c54c559477765ce530898d3c0e580b07d787f443f19ff85acf43418,05b880e157b9ee387cb9be1fa3b10e2f4efe7bed764c6b129b8b31ad87b8df2a,['cpu'],"['reference_not_ranking', 'historical_competitors_not_rerun', 'system_resources_not_exclusive']"
nussinov,cova_llvm_cpu,default,same_process,observed,0.01935120252892375,nussinov,7eb28298bd66038f57228eeb106197ae1ac32685,6,3,7de19d1b6c54c559477765ce530898d3c0e580b07d787f443f19ff85acf43418,05b880e157b9ee387cb9be1fa3b10e2f4efe7bed764c6b129b8b31ad87b8df2a,['cpu'],"['reference_not_ranking', 'historical_competitors_not_rerun', 'system_resources_not_exclusive']"
nussinov,cova_openmp_gpu,default,initialization,observed,8.566086449893191,nussinov,7eb28298bd66038f57228eeb106197ae1ac32685,1,1,7de19d1b6c54c559477765ce530898d3c0e580b07d787f443f19ff85acf43418,05b880e157b9ee387cb9be1fa3b10e2f4efe7bed764c6b129b8b31ad87b8df2a,['cpu'],"['reference_not_ranking', 'historical_competitors_not_rerun', 'system_resources_not_exclusive', 'gpu_placement_metadata_only']"
nussinov,cova_openmp_gpu,default,fresh_process,observed,2.6675904556177557,nussinov,7eb28298bd66038f57228eeb106197ae1ac32685,2,2,7de19d1b6c54c559477765ce530898d3c0e580b07d787f443f19ff85acf43418,05b880e157b9ee387cb9be1fa3b10e2f4efe7bed764c6b129b8b31ad87b8df2a,['cpu'],"['reference_not_ranking', 'historical_competitors_not_rerun', 'system_resources_not_exclusive', 'gpu_placement_metadata_only']"
nussinov,cova_openmp_gpu,default,same_process,observed,2.2220900534885004,nussinov,7eb28298bd66038f57228eeb106197ae1ac32685,6,3,7de19d1b6c54c559477765ce530898d3c0e580b07d787f443f19ff85acf43418,05b880e157b9ee387cb9be1fa3b10e2f4efe7bed764c6b129b8b31ad87b8df2a,['cpu'],"['reference_not_ranking', 'historical_competitors_not_rerun', 'system_resources_not_exclusive', 'gpu_placement_metadata_only']"
nussinov,cova_llvm_gpu,default,initialization,observed,4.999343812000006,nussinov,7eb28298bd66038f57228eeb106197ae1ac32685,1,1,7de19d1b6c54c559477765ce530898d3c0e580b07d787f443f19ff85acf43418,05b880e157b9ee387cb9be1fa3b10e2f4efe7bed764c6b129b8b31ad87b8df2a,['mixed'],"['reference_not_ranking', 'historical_competitors_not_rerun', 'system_resources_not_exclusive', 'gpu_placement_metadata_only']"
nussinov,cova_llvm_gpu,default,fresh_process,observed,0.41824475955218077,nussinov,7eb28298bd66038f57228eeb106197ae1ac32685,2,2,7de19d1b6c54c559477765ce530898d3c0e580b07d787f443f19ff85acf43418,05b880e157b9ee387cb9be1fa3b10e2f4efe7bed764c6b129b8b31ad87b8df2a,['mixed'],"['reference_not_ranking', 'historical_competitors_not_rerun', 'system_resources_not_exclusive', 'gpu_placement_metadata_only']"
nussinov,cova_llvm_gpu,default,same_process,observed,0.1414131176425144,nussinov,7eb28298bd66038f57228eeb106197ae1ac32685,6,3,7de19d1b6c54c559477765ce530898d3c0e580b07d787f443f19ff85acf43418,05b880e157b9ee387cb9be1fa3b10e2f4efe7bed764c6b129b8b31ad87b8df2a,['mixed'],"['reference_not_ranking', 'historical_competitors_not_rerun', 'system_resources_not_exclusive', 'gpu_placement_metadata_only']"
resnet,cova_serial_cpu,default,initialization,observed,4.939973974134773,resnet,7eb28298bd66038f57228eeb106197ae1ac32685,1,1,9c64e5659fe9a99f38dfdee95f8c4b5ec1e0daa0e4544948c4f88bb50e6edbfa,070b0fcd2b4f101302a58108dce79a6ea1d6fdbdf9be753fec768d1818ea7464,['cpu'],"['reference_not_ranking', 'historical_competitors_not_rerun', 'system_resources_not_exclusive']"
resnet,cova_serial_cpu,default,fresh_process,observed,0.4861722110072151,resnet,7eb28298bd66038f57228eeb106197ae1ac32685,2,2,9c64e5659fe9a99f38dfdee95f8c4b5ec1e0daa0e4544948c4f88bb50e6edbfa,070b0fcd2b4f101302a58108dce79a6ea1d6fdbdf9be753fec768d1818ea7464,['cpu'],"['reference_not_ranking', 'historical_competitors_not_rerun', 'system_resources_not_exclusive']"
resnet,cova_serial_cpu,default,same_process,observed,0.31750795850530267,resnet,7eb28298bd66038f57228eeb106197ae1ac32685,6,3,9c64e5659fe9a99f38dfdee95f8c4b5ec1e0daa0e4544948c4f88bb50e6edbfa,070b0fcd2b4f101302a58108dce79a6ea1d6fdbdf9be753fec768d1818ea7464,['cpu'],"['reference_not_ranking', 'historical_competitors_not_rerun', 'system_resources_not_exclusive']"
resnet,cova_openmp_cpu,default,initialization,observed,5.336190572008491,resnet,7eb28298bd66038f57228eeb106197ae1ac32685,1,1,9c64e5659fe9a99f38dfdee95f8c4b5ec1e0daa0e4544948c4f88bb50e6edbfa,070b0fcd2b4f101302a58108dce79a6ea1d6fdbdf9be753fec768d1818ea7464,['cpu'],"['reference_not_ranking', 'historical_competitors_not_rerun', 'system_resources_not_exclusive']"
resnet,cova_openmp_cpu,default,fresh_process,observed,0.48302730708383024,resnet,7eb28298bd66038f57228eeb106197ae1ac32685,2,2,9c64e5659fe9a99f38dfdee95f8c4b5ec1e0daa0e4544948c4f88bb50e6edbfa,070b0fcd2b4f101302a58108dce79a6ea1d6fdbdf9be753fec768d1818ea7464,['cpu'],"['reference_not_ranking', 'historical_competitors_not_rerun', 'system_resources_not_exclusive']"
resnet,cova_openmp_cpu,default,same_process,observed,0.47509839688427746,resnet,7eb28298bd66038f57228eeb106197ae1ac32685,6,3,9c64e5659fe9a99f38dfdee95f8c4b5ec1e0daa0e4544948c4f88bb50e6edbfa,070b0fcd2b4f101302a58108dce79a6ea1d6fdbdf9be753fec768d1818ea7464,['cpu'],"['reference_not_ranking', 'historical_competitors_not_rerun', 'system_resources_not_exclusive']"
resnet,cova_llvm_cpu_serial,default,initialization,observed,5.941240448039025,resnet,7eb28298bd66038f57228eeb106197ae1ac32685,1,1,9c64e5659fe9a99f38dfdee95f8c4b5ec1e0daa0e4544948c4f88bb50e6edbfa,070b0fcd2b4f101302a58108dce79a6ea1d6fdbdf9be753fec768d1818ea7464,['cpu'],"['reference_not_ranking', 'historical_competitors_not_rerun', 'system_resources_not_exclusive']"
resnet,cova_llvm_cpu_serial,default,fresh_process,observed,0.5742920085322112,resnet,7eb28298bd66038f57228eeb106197ae1ac32685,2,2,9c64e5659fe9a99f38dfdee95f8c4b5ec1e0daa0e4544948c4f88bb50e6edbfa,070b0fcd2b4f101302a58108dce79a6ea1d6fdbdf9be753fec768d1818ea7464,['cpu'],"['reference_not_ranking', 'historical_competitors_not_rerun', 'system_resources_not_exclusive']"
resnet,cova_llvm_cpu_serial,default,same_process,observed,0.5582517114235088,resnet,7eb28298bd66038f57228eeb106197ae1ac32685,6,3,9c64e5659fe9a99f38dfdee95f8c4b5ec1e0daa0e4544948c4f88bb50e6edbfa,070b0fcd2b4f101302a58108dce79a6ea1d6fdbdf9be753fec768d1818ea7464,['cpu'],"['reference_not_ranking', 'historical_competitors_not_rerun', 'system_resources_not_exclusive']"
resnet,cova_llvm_cpu,default,initialization,observed,9.228737490950152,resnet,7eb28298bd66038f57228eeb106197ae1ac32685,1,1,9c64e5659fe9a99f38dfdee95f8c4b5ec1e0daa0e4544948c4f88bb50e6edbfa,070b0fcd2b4f101302a58108dce79a6ea1d6fdbdf9be753fec768d1818ea7464,['cpu'],"['reference_not_ranking', 'historical_competitors_not_rerun', 'system_resources_not_exclusive']"
resnet,cova_llvm_cpu,default,fresh_process,observed,0.6127540715970099,resnet,7eb28298bd66038f57228eeb106197ae1ac32685,2,2,9c64e5659fe9a99f38dfdee95f8c4b5ec1e0daa0e4544948c4f88bb50e6edbfa,070b0fcd2b4f101302a58108dce79a6ea1d6fdbdf9be753fec768d1818ea7464,['cpu'],"['reference_not_ranking', 'historical_competitors_not_rerun', 'system_resources_not_exclusive']"
resnet,cova_llvm_cpu,default,same_process,observed,0.4929831004701555,resnet,7eb28298bd66038f57228eeb106197ae1ac32685,6,3,9c64e5659fe9a99f38dfdee95f8c4b5ec1e0daa0e4544948c4f88bb50e6edbfa,070b0fcd2b4f101302a58108dce79a6ea1d6fdbdf9be753fec768d1818ea7464,['cpu'],"['reference_not_ranking', 'historical_competitors_not_rerun', 'system_resources_not_exclusive']"
resnet,cova_openmp_gpu,default,initialization,observed,129.0454266378656,resnet,7eb28298bd66038f57228eeb106197ae1ac32685,1,1,9c64e5659fe9a99f38dfdee95f8c4b5ec1e0daa0e4544948c4f88bb50e6edbfa,070b0fcd2b4f101302a58108dce79a6ea1d6fdbdf9be753fec768d1818ea7464,['gpu'],"['reference_not_ranking', 'historical_competitors_not_rerun', 'system_resources_not_exclusive', 'gpu_placement_metadata_only']"
resnet,cova_openmp_gpu,default,fresh_process,observed,113.36221130704507,resnet,7eb28298bd66038f57228eeb106197ae1ac32685,2,2,9c64e5659fe9a99f38dfdee95f8c4b5ec1e0daa0e4544948c4f88bb50e6edbfa,070b0fcd2b4f101302a58108dce79a6ea1d6fdbdf9be753fec768d1818ea7464,['gpu'],"['reference_not_ranking', 'historical_competitors_not_rerun', 'system_resources_not_exclusive', 'gpu_placement_metadata_only']"
resnet,cova_openmp_gpu,default,same_process,observed,112.17089196748566,resnet,7eb28298bd66038f57228eeb106197ae1ac32685,6,3,9c64e5659fe9a99f38dfdee95f8c4b5ec1e0daa0e4544948c4f88bb50e6edbfa,070b0fcd2b4f101302a58108dce79a6ea1d6fdbdf9be753fec768d1818ea7464,['gpu'],"['reference_not_ranking', 'historical_competitors_not_rerun', 'system_resources_not_exclusive', 'gpu_placement_metadata_only']"
resnet,cova_llvm_gpu,default,initialization,observed,19.883465826977044,resnet,7eb28298bd66038f57228eeb106197ae1ac32685,1,1,9c64e5659fe9a99f38dfdee95f8c4b5ec1e0daa0e4544948c4f88bb50e6edbfa,070b0fcd2b4f101302a58108dce79a6ea1d6fdbdf9be753fec768d1818ea7464,['mixed'],"['reference_not_ranking', 'historical_competitors_not_rerun', 'system_resources_not_exclusive', 'gpu_placement_metadata_only']"
resnet,cova_llvm_gpu,default,fresh_process,observed,11.008628859068267,resnet,7eb28298bd66038f57228eeb106197ae1ac32685,2,2,9c64e5659fe9a99f38dfdee95f8c4b5ec1e0daa0e4544948c4f88bb50e6edbfa,070b0fcd2b4f101302a58108dce79a6ea1d6fdbdf9be753fec768d1818ea7464,['mixed'],"['reference_not_ranking', 'historical_competitors_not_rerun', 'system_resources_not_exclusive', 'gpu_placement_metadata_only']"
resnet,cova_llvm_gpu,default,same_process,observed,10.894358741585165,resnet,7eb28298bd66038f57228eeb106197ae1ac32685,6,3,9c64e5659fe9a99f38dfdee95f8c4b5ec1e0daa0e4544948c4f88bb50e6edbfa,070b0fcd2b4f101302a58108dce79a6ea1d6fdbdf9be753fec768d1818ea7464,['mixed'],"['reference_not_ranking', 'historical_competitors_not_rerun', 'system_resources_not_exclusive', 'gpu_placement_metadata_only']"
scattering_self_energies,cova_serial_cpu,default,initialization,error,,scattering_self_energies,7eb28298bd66038f57228eeb106197ae1ac32685,0,0,dfe8b7a530913f54e6164d2f20cb5a63e6c95544a680629acde629144cff7caa,f7d4f3c7d50b72880addf25da02f47a077e25e5f288758e484adcbc85a181974,[],"['reference_not_ranking', 'historical_competitors_not_rerun', 'system_resources_not_exclusive']"
scattering_self_energies,cova_serial_cpu,default,fresh_process,error,,scattering_self_energies,7eb28298bd66038f57228eeb106197ae1ac32685,0,0,dfe8b7a530913f54e6164d2f20cb5a63e6c95544a680629acde629144cff7caa,f7d4f3c7d50b72880addf25da02f47a077e25e5f288758e484adcbc85a181974,[],"['reference_not_ranking', 'historical_competitors_not_rerun', 'system_resources_not_exclusive']"
scattering_self_energies,cova_serial_cpu,default,same_process,error,,scattering_self_energies,7eb28298bd66038f57228eeb106197ae1ac32685,0,0,dfe8b7a530913f54e6164d2f20cb5a63e6c95544a680629acde629144cff7caa,f7d4f3c7d50b72880addf25da02f47a077e25e5f288758e484adcbc85a181974,[],"['reference_not_ranking', 'historical_competitors_not_rerun', 'system_resources_not_exclusive']"
scattering_self_energies,cova_openmp_cpu,default,initialization,error,,scattering_self_energies,7eb28298bd66038f57228eeb106197ae1ac32685,0,0,dfe8b7a530913f54e6164d2f20cb5a63e6c95544a680629acde629144cff7caa,f7d4f3c7d50b72880addf25da02f47a077e25e5f288758e484adcbc85a181974,[],"['reference_not_ranking', 'historical_competitors_not_rerun', 'system_resources_not_exclusive']"
scattering_self_energies,cova_openmp_cpu,default,fresh_process,error,,scattering_self_energies,7eb28298bd66038f57228eeb106197ae1ac32685,0,0,dfe8b7a530913f54e6164d2f20cb5a63e6c95544a680629acde629144cff7caa,f7d4f3c7d50b72880addf25da02f47a077e25e5f288758e484adcbc85a181974,[],"['reference_not_ranking', 'historical_competitors_not_rerun', 'system_resources_not_exclusive']"
scattering_self_energies,cova_openmp_cpu,default,same_process,error,,scattering_self_energies,7eb28298bd66038f57228eeb106197ae1ac32685,0,0,dfe8b7a530913f54e6164d2f20cb5a63e6c95544a680629acde629144cff7caa,f7d4f3c7d50b72880addf25da02f47a077e25e5f288758e484adcbc85a181974,[],"['reference_not_ranking', 'historical_competitors_not_rerun', 'system_resources_not_exclusive']"
scattering_self_energies,cova_llvm_cpu_serial,default,initialization,observed,2.2249145261012018,scattering_self_energies,7eb28298bd66038f57228eeb106197ae1ac32685,1,1,dfe8b7a530913f54e6164d2f20cb5a63e6c95544a680629acde629144cff7caa,f7d4f3c7d50b72880addf25da02f47a077e25e5f288758e484adcbc85a181974,['cpu'],"['reference_not_ranking', 'historical_competitors_not_rerun', 'system_resources_not_exclusive']"
scattering_self_energies,cova_llvm_cpu_serial,default,fresh_process,observed,0.04510703252162784,scattering_self_energies,7eb28298bd66038f57228eeb106197ae1ac32685,2,2,dfe8b7a530913f54e6164d2f20cb5a63e6c95544a680629acde629144cff7caa,f7d4f3c7d50b72880addf25da02f47a077e25e5f288758e484adcbc85a181974,['cpu'],"['reference_not_ranking', 'historical_competitors_not_rerun', 'system_resources_not_exclusive']"
scattering_self_energies,cova_llvm_cpu_serial,default,same_process,observed,0.03890406503342092,scattering_self_energies,7eb28298bd66038f57228eeb106197ae1ac32685,6,3,dfe8b7a530913f54e6164d2f20cb5a63e6c95544a680629acde629144cff7caa,f7d4f3c7d50b72880addf25da02f47a077e25e5f288758e484adcbc85a181974,['cpu'],"['reference_not_ranking', 'historical_competitors_not_rerun', 'system_resources_not_exclusive']"
scattering_self_energies,cova_llvm_cpu,default,initialization,observed,2.204800078878179,scattering_self_energies,7eb28298bd66038f57228eeb106197ae1ac32685,1,1,dfe8b7a530913f54e6164d2f20cb5a63e6c95544a680629acde629144cff7caa,f7d4f3c7d50b72880addf25da02f47a077e25e5f288758e484adcbc85a181974,['cpu'],"['reference_not_ranking', 'historical_competitors_not_rerun', 'system_resources_not_exclusive']"
scattering_self_energies,cova_llvm_cpu,default,fresh_process,observed,0.05534602957777679,scattering_self_energies,7eb28298bd66038f57228eeb106197ae1ac32685,2,2,dfe8b7a530913f54e6164d2f20cb5a63e6c95544a680629acde629144cff7caa,f7d4f3c7d50b72880addf25da02f47a077e25e5f288758e484adcbc85a181974,['cpu'],"['reference_not_ranking', 'historical_competitors_not_rerun', 'system_resources_not_exclusive']"
scattering_self_energies,cova_llvm_cpu,default,same_process,observed,0.04619042854756117,scattering_self_energies,7eb28298bd66038f57228eeb106197ae1ac32685,6,3,dfe8b7a530913f54e6164d2f20cb5a63e6c95544a680629acde629144cff7caa,f7d4f3c7d50b72880addf25da02f47a077e25e5f288758e484adcbc85a181974,['cpu'],"['reference_not_ranking', 'historical_competitors_not_rerun', 'system_resources_not_exclusive']"
scattering_self_energies,cova_openmp_gpu,default,initialization,error,,scattering_self_energies,7eb28298bd66038f57228eeb106197ae1ac32685,0,0,dfe8b7a530913f54e6164d2f20cb5a63e6c95544a680629acde629144cff7caa,f7d4f3c7d50b72880addf25da02f47a077e25e5f288758e484adcbc85a181974,[],"['reference_not_ranking', 'historical_competitors_not_rerun', 'system_resources_not_exclusive', 'gpu_placement_metadata_only']"
scattering_self_energies,cova_openmp_gpu,default,fresh_process,error,,scattering_self_energies,7eb28298bd66038f57228eeb106197ae1ac32685,0,0,dfe8b7a530913f54e6164d2f20cb5a63e6c95544a680629acde629144cff7caa,f7d4f3c7d50b72880addf25da02f47a077e25e5f288758e484adcbc85a181974,[],"['reference_not_ranking', 'historical_competitors_not_rerun', 'system_resources_not_exclusive', 'gpu_placement_metadata_only']"
scattering_self_energies,cova_openmp_gpu,default,same_process,error,,scattering_self_energies,7eb28298bd66038f57228eeb106197ae1ac32685,0,0,dfe8b7a530913f54e6164d2f20cb5a63e6c95544a680629acde629144cff7caa,f7d4f3c7d50b72880addf25da02f47a077e25e5f288758e484adcbc85a181974,[],"['reference_not_ranking', 'historical_competitors_not_rerun', 'system_resources_not_exclusive', 'gpu_placement_metadata_only']"
scattering_self_energies,cova_llvm_gpu,default,initialization,observed,11.195755649125203,scattering_self_energies,7eb28298bd66038f57228eeb106197ae1ac32685,1,1,dfe8b7a530913f54e6164d2f20cb5a63e6c95544a680629acde629144cff7caa,f7d4f3c7d50b72880addf25da02f47a077e25e5f288758e484adcbc85a181974,['mixed'],"['reference_not_ranking', 'historical_competitors_not_rerun', 'system_resources_not_exclusive', 'gpu_placement_metadata_only']"
scattering_self_energies,cova_llvm_gpu,default,fresh_process,observed,5.958105409401469,scattering_self_energies,7eb28298bd66038f57228eeb106197ae1ac32685,2,2,dfe8b7a530913f54e6164d2f20cb5a63e6c95544a680629acde629144cff7caa,f7d4f3c7d50b72880addf25da02f47a077e25e5f288758e484adcbc85a181974,['mixed'],"['reference_not_ranking', 'historical_competitors_not_rerun', 'system_resources_not_exclusive', 'gpu_placement_metadata_only']"
scattering_self_energies,cova_llvm_gpu,default,same_process,observed,5.285081887035631,scattering_self_energies,7eb28298bd66038f57228eeb106197ae1ac32685,6,3,dfe8b7a530913f54e6164d2f20cb5a63e6c95544a680629acde629144cff7caa,f7d4f3c7d50b72880addf25da02f47a077e25e5f288758e484adcbc85a181974,['mixed'],"['reference_not_ranking', 'historical_competitors_not_rerun', 'system_resources_not_exclusive', 'gpu_placement_metadata_only']"
seidel_2d,cova_serial_cpu,default,initialization,observed,2.1125494679436088,seidel_2d,7eb28298bd66038f57228eeb106197ae1ac32685,1,1,ee1919384d25883ff17bfcdb49d28a5d6dabc6f97d12c672811043a4107874a9,6d10c80c878e92ea3bdd4f0a16c473438b233d1989ed5a8d0f8d1356e6d0b32b,['cpu'],"['reference_not_ranking', 'historical_competitors_not_rerun', 'system_resources_not_exclusive']"
seidel_2d,cova_serial_cpu,default,fresh_process,observed,0.05139367491938174,seidel_2d,7eb28298bd66038f57228eeb106197ae1ac32685,2,2,ee1919384d25883ff17bfcdb49d28a5d6dabc6f97d12c672811043a4107874a9,6d10c80c878e92ea3bdd4f0a16c473438b233d1989ed5a8d0f8d1356e6d0b32b,['cpu'],"['reference_not_ranking', 'historical_competitors_not_rerun', 'system_resources_not_exclusive']"
seidel_2d,cova_serial_cpu,default,same_process,observed,0.03810153843369335,seidel_2d,7eb28298bd66038f57228eeb106197ae1ac32685,6,3,ee1919384d25883ff17bfcdb49d28a5d6dabc6f97d12c672811043a4107874a9,6d10c80c878e92ea3bdd4f0a16c473438b233d1989ed5a8d0f8d1356e6d0b32b,['cpu'],"['reference_not_ranking', 'historical_competitors_not_rerun', 'system_resources_not_exclusive']"
seidel_2d,cova_openmp_cpu,default,initialization,observed,2.3966233909595758,seidel_2d,7eb28298bd66038f57228eeb106197ae1ac32685,1,1,ee1919384d25883ff17bfcdb49d28a5d6dabc6f97d12c672811043a4107874a9,6d10c80c878e92ea3bdd4f0a16c473438b233d1989ed5a8d0f8d1356e6d0b32b,['cpu'],"['reference_not_ranking', 'historical_competitors_not_rerun', 'system_resources_not_exclusive']"
seidel_2d,cova_openmp_cpu,default,fresh_process,observed,0.051780361449345946,seidel_2d,7eb28298bd66038f57228eeb106197ae1ac32685,2,2,ee1919384d25883ff17bfcdb49d28a5d6dabc6f97d12c672811043a4107874a9,6d10c80c878e92ea3bdd4f0a16c473438b233d1989ed5a8d0f8d1356e6d0b32b,['cpu'],"['reference_not_ranking', 'historical_competitors_not_rerun', 'system_resources_not_exclusive']"
seidel_2d,cova_openmp_cpu,default,same_process,observed,0.03715838445350528,seidel_2d,7eb28298bd66038f57228eeb106197ae1ac32685,6,3,ee1919384d25883ff17bfcdb49d28a5d6dabc6f97d12c672811043a4107874a9,6d10c80c878e92ea3bdd4f0a16c473438b233d1989ed5a8d0f8d1356e6d0b32b,['cpu'],"['reference_not_ranking', 'historical_competitors_not_rerun', 'system_resources_not_exclusive']"
seidel_2d,cova_llvm_cpu_serial,default,initialization,observed,1.7626710541080683,seidel_2d,7eb28298bd66038f57228eeb106197ae1ac32685,1,1,ee1919384d25883ff17bfcdb49d28a5d6dabc6f97d12c672811043a4107874a9,6d10c80c878e92ea3bdd4f0a16c473438b233d1989ed5a8d0f8d1356e6d0b32b,['cpu'],"['reference_not_ranking', 'historical_competitors_not_rerun', 'system_resources_not_exclusive']"
seidel_2d,cova_llvm_cpu_serial,default,fresh_process,observed,0.05147015757393092,seidel_2d,7eb28298bd66038f57228eeb106197ae1ac32685,2,2,ee1919384d25883ff17bfcdb49d28a5d6dabc6f97d12c672811043a4107874a9,6d10c80c878e92ea3bdd4f0a16c473438b233d1989ed5a8d0f8d1356e6d0b32b,['cpu'],"['reference_not_ranking', 'historical_competitors_not_rerun', 'system_resources_not_exclusive']"
seidel_2d,cova_llvm_cpu_serial,default,same_process,observed,0.04076735849957913,seidel_2d,7eb28298bd66038f57228eeb106197ae1ac32685,6,3,ee1919384d25883ff17bfcdb49d28a5d6dabc6f97d12c672811043a4107874a9,6d10c80c878e92ea3bdd4f0a16c473438b233d1989ed5a8d0f8d1356e6d0b32b,['cpu'],"['reference_not_ranking', 'historical_competitors_not_rerun', 'system_resources_not_exclusive']"
seidel_2d,cova_llvm_cpu,default,initialization,observed,2.3769482930656523,seidel_2d,7eb28298bd66038f57228eeb106197ae1ac32685,1,1,ee1919384d25883ff17bfcdb49d28a5d6dabc6f97d12c672811043a4107874a9,6d10c80c878e92ea3bdd4f0a16c473438b233d1989ed5a8d0f8d1356e6d0b32b,['cpu'],"['reference_not_ranking', 'historical_competitors_not_rerun', 'system_resources_not_exclusive']"
seidel_2d,cova_llvm_cpu,default,fresh_process,observed,0.04464579245541245,seidel_2d,7eb28298bd66038f57228eeb106197ae1ac32685,2,2,ee1919384d25883ff17bfcdb49d28a5d6dabc6f97d12c672811043a4107874a9,6d10c80c878e92ea3bdd4f0a16c473438b233d1989ed5a8d0f8d1356e6d0b32b,['cpu'],"['reference_not_ranking', 'historical_competitors_not_rerun', 'system_resources_not_exclusive']"
seidel_2d,cova_llvm_cpu,default,same_process,observed,0.03907981957308948,seidel_2d,7eb28298bd66038f57228eeb106197ae1ac32685,6,3,ee1919384d25883ff17bfcdb49d28a5d6dabc6f97d12c672811043a4107874a9,6d10c80c878e92ea3bdd4f0a16c473438b233d1989ed5a8d0f8d1356e6d0b32b,['cpu'],"['reference_not_ranking', 'historical_competitors_not_rerun', 'system_resources_not_exclusive']"
seidel_2d,cova_openmp_gpu,default,initialization,observed,4.681989254895598,seidel_2d,7eb28298bd66038f57228eeb106197ae1ac32685,1,1,ee1919384d25883ff17bfcdb49d28a5d6dabc6f97d12c672811043a4107874a9,6d10c80c878e92ea3bdd4f0a16c473438b233d1989ed5a8d0f8d1356e6d0b32b,['cpu'],"['reference_not_ranking', 'historical_competitors_not_rerun', 'system_resources_not_exclusive', 'gpu_placement_metadata_only']"
seidel_2d,cova_openmp_gpu,default,fresh_process,observed,0.05843840097077191,seidel_2d,7eb28298bd66038f57228eeb106197ae1ac32685,2,2,ee1919384d25883ff17bfcdb49d28a5d6dabc6f97d12c672811043a4107874a9,6d10c80c878e92ea3bdd4f0a16c473438b233d1989ed5a8d0f8d1356e6d0b32b,['cpu'],"['reference_not_ranking', 'historical_competitors_not_rerun', 'system_resources_not_exclusive', 'gpu_placement_metadata_only']"
seidel_2d,cova_openmp_gpu,default,same_process,observed,0.03808241349179298,seidel_2d,7eb28298bd66038f57228eeb106197ae1ac32685,6,3,ee1919384d25883ff17bfcdb49d28a5d6dabc6f97d12c672811043a4107874a9,6d10c80c878e92ea3bdd4f0a16c473438b233d1989ed5a8d0f8d1356e6d0b32b,['cpu'],"['reference_not_ranking', 'historical_competitors_not_rerun', 'system_resources_not_exclusive', 'gpu_placement_metadata_only']"
seidel_2d,cova_llvm_gpu,default,initialization,observed,5.514168737921864,seidel_2d,7eb28298bd66038f57228eeb106197ae1ac32685,1,1,ee1919384d25883ff17bfcdb49d28a5d6dabc6f97d12c672811043a4107874a9,6d10c80c878e92ea3bdd4f0a16c473438b233d1989ed5a8d0f8d1356e6d0b32b,['gpu'],"['reference_not_ranking', 'historical_competitors_not_rerun', 'system_resources_not_exclusive', 'gpu_placement_metadata_only']"
seidel_2d,cova_llvm_gpu,default,fresh_process,observed,0.6930640040664002,seidel_2d,7eb28298bd66038f57228eeb106197ae1ac32685,2,2,ee1919384d25883ff17bfcdb49d28a5d6dabc6f97d12c672811043a4107874a9,6d10c80c878e92ea3bdd4f0a16c473438b233d1989ed5a8d0f8d1356e6d0b32b,['gpu'],"['reference_not_ranking', 'historical_competitors_not_rerun', 'system_resources_not_exclusive', 'gpu_placement_metadata_only']"
seidel_2d,cova_llvm_gpu,default,same_process,observed,0.37641564838122576,seidel_2d,7eb28298bd66038f57228eeb106197ae1ac32685,6,3,ee1919384d25883ff17bfcdb49d28a5d6dabc6f97d12c672811043a4107874a9,6d10c80c878e92ea3bdd4f0a16c473438b233d1989ed5a8d0f8d1356e6d0b32b,['gpu'],"['reference_not_ranking', 'historical_competitors_not_rerun', 'system_resources_not_exclusive', 'gpu_placement_metadata_only']"
softmax,cova_serial_cpu,default,initialization,observed,5.021966207074001,softmax,7eb28298bd66038f57228eeb106197ae1ac32685,1,1,4c2cc8073ef8741ed9febc8a4ff62219351eab9b80f103f3f9ef78cbfb3d3a24,2fcf9437c28756a764115316372f1c170da55c13fa29321255a7dcc2a7583c80,['cpu'],"['reference_not_ranking', 'historical_competitors_not_rerun', 'system_resources_not_exclusive']"
softmax,cova_serial_cpu,default,fresh_process,observed,2.903097831644118,softmax,7eb28298bd66038f57228eeb106197ae1ac32685,2,2,4c2cc8073ef8741ed9febc8a4ff62219351eab9b80f103f3f9ef78cbfb3d3a24,2fcf9437c28756a764115316372f1c170da55c13fa29321255a7dcc2a7583c80,['cpu'],"['reference_not_ranking', 'historical_competitors_not_rerun', 'system_resources_not_exclusive']"
softmax,cova_serial_cpu,default,same_process,observed,1.037863310542889,softmax,7eb28298bd66038f57228eeb106197ae1ac32685,6,3,4c2cc8073ef8741ed9febc8a4ff62219351eab9b80f103f3f9ef78cbfb3d3a24,2fcf9437c28756a764115316372f1c170da55c13fa29321255a7dcc2a7583c80,['cpu'],"['reference_not_ranking', 'historical_competitors_not_rerun', 'system_resources_not_exclusive']"
softmax,cova_openmp_cpu,default,initialization,observed,2.7330822648946196,softmax,7eb28298bd66038f57228eeb106197ae1ac32685,1,1,4c2cc8073ef8741ed9febc8a4ff62219351eab9b80f103f3f9ef78cbfb3d3a24,2fcf9437c28756a764115316372f1c170da55c13fa29321255a7dcc2a7583c80,['cpu'],"['reference_not_ranking', 'historical_competitors_not_rerun', 'system_resources_not_exclusive']"
softmax,cova_openmp_cpu,default,fresh_process,observed,0.4760672691045329,softmax,7eb28298bd66038f57228eeb106197ae1ac32685,2,2,4c2cc8073ef8741ed9febc8a4ff62219351eab9b80f103f3f9ef78cbfb3d3a24,2fcf9437c28756a764115316372f1c170da55c13fa29321255a7dcc2a7583c80,['cpu'],"['reference_not_ranking', 'historical_competitors_not_rerun', 'system_resources_not_exclusive']"
softmax,cova_openmp_cpu,default,same_process,observed,0.39729102654382586,softmax,7eb28298bd66038f57228eeb106197ae1ac32685,6,3,4c2cc8073ef8741ed9febc8a4ff62219351eab9b80f103f3f9ef78cbfb3d3a24,2fcf9437c28756a764115316372f1c170da55c13fa29321255a7dcc2a7583c80,['cpu'],"['reference_not_ranking', 'historical_competitors_not_rerun', 'system_resources_not_exclusive']"
softmax,cova_llvm_cpu_serial,default,initialization,observed,5.5477477251552045,softmax,7eb28298bd66038f57228eeb106197ae1ac32685,1,1,4c2cc8073ef8741ed9febc8a4ff62219351eab9b80f103f3f9ef78cbfb3d3a24,2fcf9437c28756a764115316372f1c170da55c13fa29321255a7dcc2a7583c80,['cpu'],"['reference_not_ranking', 'historical_competitors_not_rerun', 'system_resources_not_exclusive']"
softmax,cova_llvm_cpu_serial,default,fresh_process,observed,2.102860862039961,softmax,7eb28298bd66038f57228eeb106197ae1ac32685,2,2,4c2cc8073ef8741ed9febc8a4ff62219351eab9b80f103f3f9ef78cbfb3d3a24,2fcf9437c28756a764115316372f1c170da55c13fa29321255a7dcc2a7583c80,['cpu'],"['reference_not_ranking', 'historical_competitors_not_rerun', 'system_resources_not_exclusive']"
softmax,cova_llvm_cpu_serial,default,same_process,observed,1.9549829934258014,softmax,7eb28298bd66038f57228eeb106197ae1ac32685,6,3,4c2cc8073ef8741ed9febc8a4ff62219351eab9b80f103f3f9ef78cbfb3d3a24,2fcf9437c28756a764115316372f1c170da55c13fa29321255a7dcc2a7583c80,['cpu'],"['reference_not_ranking', 'historical_competitors_not_rerun', 'system_resources_not_exclusive']"
softmax,cova_llvm_cpu,default,initialization,observed,5.319898982066661,softmax,7eb28298bd66038f57228eeb106197ae1ac32685,1,1,4c2cc8073ef8741ed9febc8a4ff62219351eab9b80f103f3f9ef78cbfb3d3a24,2fcf9437c28756a764115316372f1c170da55c13fa29321255a7dcc2a7583c80,['cpu'],"['reference_not_ranking', 'historical_competitors_not_rerun', 'system_resources_not_exclusive']"
softmax,cova_llvm_cpu,default,fresh_process,observed,0.49380292545538396,softmax,7eb28298bd66038f57228eeb106197ae1ac32685,2,2,4c2cc8073ef8741ed9febc8a4ff62219351eab9b80f103f3f9ef78cbfb3d3a24,2fcf9437c28756a764115316372f1c170da55c13fa29321255a7dcc2a7583c80,['cpu'],"['reference_not_ranking', 'historical_competitors_not_rerun', 'system_resources_not_exclusive']"
softmax,cova_llvm_cpu,default,same_process,observed,0.3930578640429303,softmax,7eb28298bd66038f57228eeb106197ae1ac32685,6,3,4c2cc8073ef8741ed9febc8a4ff62219351eab9b80f103f3f9ef78cbfb3d3a24,2fcf9437c28756a764115316372f1c170da55c13fa29321255a7dcc2a7583c80,['cpu'],"['reference_not_ranking', 'historical_competitors_not_rerun', 'system_resources_not_exclusive']"
softmax,cova_openmp_gpu,default,initialization,observed,6.665729300118983,softmax,7eb28298bd66038f57228eeb106197ae1ac32685,1,1,4c2cc8073ef8741ed9febc8a4ff62219351eab9b80f103f3f9ef78cbfb3d3a24,2fcf9437c28756a764115316372f1c170da55c13fa29321255a7dcc2a7583c80,['gpu'],"['reference_not_ranking', 'historical_competitors_not_rerun', 'system_resources_not_exclusive', 'gpu_placement_metadata_only']"
softmax,cova_openmp_gpu,default,fresh_process,observed,0.5565440519712865,softmax,7eb28298bd66038f57228eeb106197ae1ac32685,2,2,4c2cc8073ef8741ed9febc8a4ff62219351eab9b80f103f3f9ef78cbfb3d3a24,2fcf9437c28756a764115316372f1c170da55c13fa29321255a7dcc2a7583c80,['gpu'],"['reference_not_ranking', 'historical_competitors_not_rerun', 'system_resources_not_exclusive', 'gpu_placement_metadata_only']"
softmax,cova_openmp_gpu,default,same_process,observed,0.3494763368507847,softmax,7eb28298bd66038f57228eeb106197ae1ac32685,6,3,4c2cc8073ef8741ed9febc8a4ff62219351eab9b80f103f3f9ef78cbfb3d3a24,2fcf9437c28756a764115316372f1c170da55c13fa29321255a7dcc2a7583c80,['gpu'],"['reference_not_ranking', 'historical_competitors_not_rerun', 'system_resources_not_exclusive', 'gpu_placement_metadata_only']"
softmax,cova_llvm_gpu,default,initialization,observed,6.1836168540176,softmax,7eb28298bd66038f57228eeb106197ae1ac32685,1,1,4c2cc8073ef8741ed9febc8a4ff62219351eab9b80f103f3f9ef78cbfb3d3a24,2fcf9437c28756a764115316372f1c170da55c13fa29321255a7dcc2a7583c80,['gpu'],"['reference_not_ranking', 'historical_competitors_not_rerun', 'system_resources_not_exclusive', 'gpu_placement_metadata_only']"
softmax,cova_llvm_gpu,default,fresh_process,observed,0.5612524704774842,softmax,7eb28298bd66038f57228eeb106197ae1ac32685,2,2,4c2cc8073ef8741ed9febc8a4ff62219351eab9b80f103f3f9ef78cbfb3d3a24,2fcf9437c28756a764115316372f1c170da55c13fa29321255a7dcc2a7583c80,['gpu'],"['reference_not_ranking', 'historical_competitors_not_rerun', 'system_resources_not_exclusive', 'gpu_placement_metadata_only']"
softmax,cova_llvm_gpu,default,same_process,observed,0.3053086184663698,softmax,7eb28298bd66038f57228eeb106197ae1ac32685,6,3,4c2cc8073ef8741ed9febc8a4ff62219351eab9b80f103f3f9ef78cbfb3d3a24,2fcf9437c28756a764115316372f1c170da55c13fa29321255a7dcc2a7583c80,['gpu'],"['reference_not_ranking', 'historical_competitors_not_rerun', 'system_resources_not_exclusive', 'gpu_placement_metadata_only']"
spmv,cova_serial_cpu,default,initialization,observed,2.140780975110829,spmv,7eb28298bd66038f57228eeb106197ae1ac32685,1,1,da225492dbcd662f48fe5c413e0af07e8fbf1265c8b2c20e9564383e2e55d8ad,830b22cd03e41feb9b883b4b8fc754402901ac74dc9f607cfa3a81bdc5787389,['cpu'],"['reference_not_ranking', 'historical_competitors_not_rerun', 'system_resources_not_exclusive']"
spmv,cova_serial_cpu,default,fresh_process,observed,0.031630048411898315,spmv,7eb28298bd66038f57228eeb106197ae1ac32685,2,2,da225492dbcd662f48fe5c413e0af07e8fbf1265c8b2c20e9564383e2e55d8ad,830b22cd03e41feb9b883b4b8fc754402901ac74dc9f607cfa3a81bdc5787389,['cpu'],"['reference_not_ranking', 'historical_competitors_not_rerun', 'system_resources_not_exclusive']"
spmv,cova_serial_cpu,default,same_process,observed,0.021002493565902114,spmv,7eb28298bd66038f57228eeb106197ae1ac32685,6,3,da225492dbcd662f48fe5c413e0af07e8fbf1265c8b2c20e9564383e2e55d8ad,830b22cd03e41feb9b883b4b8fc754402901ac74dc9f607cfa3a81bdc5787389,['cpu'],"['reference_not_ranking', 'historical_competitors_not_rerun', 'system_resources_not_exclusive']"
spmv,cova_openmp_cpu,default,initialization,observed,2.5606765300035477,spmv,7eb28298bd66038f57228eeb106197ae1ac32685,1,1,da225492dbcd662f48fe5c413e0af07e8fbf1265c8b2c20e9564383e2e55d8ad,830b22cd03e41feb9b883b4b8fc754402901ac74dc9f607cfa3a81bdc5787389,['cpu'],"['reference_not_ranking', 'historical_competitors_not_rerun', 'system_resources_not_exclusive']"
spmv,cova_openmp_cpu,default,fresh_process,observed,0.03958861797582358,spmv,7eb28298bd66038f57228eeb106197ae1ac32685,2,2,da225492dbcd662f48fe5c413e0af07e8fbf1265c8b2c20e9564383e2e55d8ad,830b22cd03e41feb9b883b4b8fc754402901ac74dc9f607cfa3a81bdc5787389,['cpu'],"['reference_not_ranking', 'historical_competitors_not_rerun', 'system_resources_not_exclusive']"
spmv,cova_openmp_cpu,default,same_process,observed,0.02777749754022807,spmv,7eb28298bd66038f57228eeb106197ae1ac32685,6,3,da225492dbcd662f48fe5c413e0af07e8fbf1265c8b2c20e9564383e2e55d8ad,830b22cd03e41feb9b883b4b8fc754402901ac74dc9f607cfa3a81bdc5787389,['cpu'],"['reference_not_ranking', 'historical_competitors_not_rerun', 'system_resources_not_exclusive']"
spmv,cova_llvm_cpu_serial,default,initialization,observed,1.75034662312828,spmv,7eb28298bd66038f57228eeb106197ae1ac32685,1,1,da225492dbcd662f48fe5c413e0af07e8fbf1265c8b2c20e9564383e2e55d8ad,830b22cd03e41feb9b883b4b8fc754402901ac74dc9f607cfa3a81bdc5787389,['cpu'],"['reference_not_ranking', 'historical_competitors_not_rerun', 'system_resources_not_exclusive']"
spmv,cova_llvm_cpu_serial,default,fresh_process,observed,0.03532429994083941,spmv,7eb28298bd66038f57228eeb106197ae1ac32685,2,2,da225492dbcd662f48fe5c413e0af07e8fbf1265c8b2c20e9564383e2e55d8ad,830b22cd03e41feb9b883b4b8fc754402901ac74dc9f607cfa3a81bdc5787389,['cpu'],"['reference_not_ranking', 'historical_competitors_not_rerun', 'system_resources_not_exclusive']"
spmv,cova_llvm_cpu_serial,default,same_process,observed,0.023128232453018427,spmv,7eb28298bd66038f57228eeb106197ae1ac32685,6,3,da225492dbcd662f48fe5c413e0af07e8fbf1265c8b2c20e9564383e2e55d8ad,830b22cd03e41feb9b883b4b8fc754402901ac74dc9f607cfa3a81bdc5787389,['cpu'],"['reference_not_ranking', 'historical_competitors_not_rerun', 'system_resources_not_exclusive']"
spmv,cova_llvm_cpu,default,initialization,observed,1.9855311680585146,spmv,7eb28298bd66038f57228eeb106197ae1ac32685,1,1,da225492dbcd662f48fe5c413e0af07e8fbf1265c8b2c20e9564383e2e55d8ad,830b22cd03e41feb9b883b4b8fc754402901ac74dc9f607cfa3a81bdc5787389,['cpu'],"['reference_not_ranking', 'historical_competitors_not_rerun', 'system_resources_not_exclusive']"
spmv,cova_llvm_cpu,default,fresh_process,observed,0.06781861500348896,spmv,7eb28298bd66038f57228eeb106197ae1ac32685,2,2,da225492dbcd662f48fe5c413e0af07e8fbf1265c8b2c20e9564383e2e55d8ad,830b22cd03e41feb9b883b4b8fc754402901ac74dc9f607cfa3a81bdc5787389,['cpu'],"['reference_not_ranking', 'historical_competitors_not_rerun', 'system_resources_not_exclusive']"
spmv,cova_llvm_cpu,default,same_process,observed,0.019693160080350935,spmv,7eb28298bd66038f57228eeb106197ae1ac32685,6,3,da225492dbcd662f48fe5c413e0af07e8fbf1265c8b2c20e9564383e2e55d8ad,830b22cd03e41feb9b883b4b8fc754402901ac74dc9f607cfa3a81bdc5787389,['cpu'],"['reference_not_ranking', 'historical_competitors_not_rerun', 'system_resources_not_exclusive']"
spmv,cova_openmp_gpu,default,initialization,observed,5.366254467051476,spmv,7eb28298bd66038f57228eeb106197ae1ac32685,1,1,da225492dbcd662f48fe5c413e0af07e8fbf1265c8b2c20e9564383e2e55d8ad,830b22cd03e41feb9b883b4b8fc754402901ac74dc9f607cfa3a81bdc5787389,['gpu'],"['reference_not_ranking', 'historical_competitors_not_rerun', 'system_resources_not_exclusive', 'gpu_placement_metadata_only']"
spmv,cova_openmp_gpu,default,fresh_process,observed,0.3278271585004404,spmv,7eb28298bd66038f57228eeb106197ae1ac32685,2,2,da225492dbcd662f48fe5c413e0af07e8fbf1265c8b2c20e9564383e2e55d8ad,830b22cd03e41feb9b883b4b8fc754402901ac74dc9f607cfa3a81bdc5787389,['gpu'],"['reference_not_ranking', 'historical_competitors_not_rerun', 'system_resources_not_exclusive', 'gpu_placement_metadata_only']"
spmv,cova_openmp_gpu,default,same_process,observed,0.028218238381668925,spmv,7eb28298bd66038f57228eeb106197ae1ac32685,6,3,da225492dbcd662f48fe5c413e0af07e8fbf1265c8b2c20e9564383e2e55d8ad,830b22cd03e41feb9b883b4b8fc754402901ac74dc9f607cfa3a81bdc5787389,['gpu'],"['reference_not_ranking', 'historical_competitors_not_rerun', 'system_resources_not_exclusive', 'gpu_placement_metadata_only']"
spmv,cova_llvm_gpu,default,initialization,observed,5.043698793975636,spmv,7eb28298bd66038f57228eeb106197ae1ac32685,1,1,da225492dbcd662f48fe5c413e0af07e8fbf1265c8b2c20e9564383e2e55d8ad,830b22cd03e41feb9b883b4b8fc754402901ac74dc9f607cfa3a81bdc5787389,['gpu'],"['reference_not_ranking', 'historical_competitors_not_rerun', 'system_resources_not_exclusive', 'gpu_placement_metadata_only']"
spmv,cova_llvm_gpu,default,fresh_process,observed,0.340531415422447,spmv,7eb28298bd66038f57228eeb106197ae1ac32685,2,2,da225492dbcd662f48fe5c413e0af07e8fbf1265c8b2c20e9564383e2e55d8ad,830b22cd03e41feb9b883b4b8fc754402901ac74dc9f607cfa3a81bdc5787389,['gpu'],"['reference_not_ranking', 'historical_competitors_not_rerun', 'system_resources_not_exclusive', 'gpu_placement_metadata_only']"
spmv,cova_llvm_gpu,default,same_process,observed,0.026063146418891847,spmv,7eb28298bd66038f57228eeb106197ae1ac32685,6,3,da225492dbcd662f48fe5c413e0af07e8fbf1265c8b2c20e9564383e2e55d8ad,830b22cd03e41feb9b883b4b8fc754402901ac74dc9f607cfa3a81bdc5787389,['gpu'],"['reference_not_ranking', 'historical_competitors_not_rerun', 'system_resources_not_exclusive', 'gpu_placement_metadata_only']"
stockham_fft,cova_serial_cpu,default,initialization,error,,stockham_fft,7eb28298bd66038f57228eeb106197ae1ac32685,0,0,6d6ff6409e820c0b1abb2d24a7ede6af7390464b8d347a4cba678562e2b4f111,f6c4acc3fcbed6678c4fad72d834895ca7156ce67f7538ebe2242ed208af3254,[],"['reference_not_ranking', 'historical_competitors_not_rerun', 'system_resources_not_exclusive']"
stockham_fft,cova_serial_cpu,default,fresh_process,error,,stockham_fft,7eb28298bd66038f57228eeb106197ae1ac32685,0,0,6d6ff6409e820c0b1abb2d24a7ede6af7390464b8d347a4cba678562e2b4f111,f6c4acc3fcbed6678c4fad72d834895ca7156ce67f7538ebe2242ed208af3254,[],"['reference_not_ranking', 'historical_competitors_not_rerun', 'system_resources_not_exclusive']"
stockham_fft,cova_serial_cpu,default,same_process,error,,stockham_fft,7eb28298bd66038f57228eeb106197ae1ac32685,0,0,6d6ff6409e820c0b1abb2d24a7ede6af7390464b8d347a4cba678562e2b4f111,f6c4acc3fcbed6678c4fad72d834895ca7156ce67f7538ebe2242ed208af3254,[],"['reference_not_ranking', 'historical_competitors_not_rerun', 'system_resources_not_exclusive']"
stockham_fft,cova_openmp_cpu,default,initialization,error,,stockham_fft,7eb28298bd66038f57228eeb106197ae1ac32685,0,0,6d6ff6409e820c0b1abb2d24a7ede6af7390464b8d347a4cba678562e2b4f111,f6c4acc3fcbed6678c4fad72d834895ca7156ce67f7538ebe2242ed208af3254,[],"['reference_not_ranking', 'historical_competitors_not_rerun', 'system_resources_not_exclusive']"
stockham_fft,cova_openmp_cpu,default,fresh_process,error,,stockham_fft,7eb28298bd66038f57228eeb106197ae1ac32685,0,0,6d6ff6409e820c0b1abb2d24a7ede6af7390464b8d347a4cba678562e2b4f111,f6c4acc3fcbed6678c4fad72d834895ca7156ce67f7538ebe2242ed208af3254,[],"['reference_not_ranking', 'historical_competitors_not_rerun', 'system_resources_not_exclusive']"
stockham_fft,cova_openmp_cpu,default,same_process,error,,stockham_fft,7eb28298bd66038f57228eeb106197ae1ac32685,0,0,6d6ff6409e820c0b1abb2d24a7ede6af7390464b8d347a4cba678562e2b4f111,f6c4acc3fcbed6678c4fad72d834895ca7156ce67f7538ebe2242ed208af3254,[],"['reference_not_ranking', 'historical_competitors_not_rerun', 'system_resources_not_exclusive']"
stockham_fft,cova_llvm_cpu_serial,default,initialization,error,,stockham_fft,7eb28298bd66038f57228eeb106197ae1ac32685,0,0,6d6ff6409e820c0b1abb2d24a7ede6af7390464b8d347a4cba678562e2b4f111,f6c4acc3fcbed6678c4fad72d834895ca7156ce67f7538ebe2242ed208af3254,[],"['reference_not_ranking', 'historical_competitors_not_rerun', 'system_resources_not_exclusive']"
stockham_fft,cova_llvm_cpu_serial,default,fresh_process,error,,stockham_fft,7eb28298bd66038f57228eeb106197ae1ac32685,0,0,6d6ff6409e820c0b1abb2d24a7ede6af7390464b8d347a4cba678562e2b4f111,f6c4acc3fcbed6678c4fad72d834895ca7156ce67f7538ebe2242ed208af3254,[],"['reference_not_ranking', 'historical_competitors_not_rerun', 'system_resources_not_exclusive']"
stockham_fft,cova_llvm_cpu_serial,default,same_process,error,,stockham_fft,7eb28298bd66038f57228eeb106197ae1ac32685,0,0,6d6ff6409e820c0b1abb2d24a7ede6af7390464b8d347a4cba678562e2b4f111,f6c4acc3fcbed6678c4fad72d834895ca7156ce67f7538ebe2242ed208af3254,[],"['reference_not_ranking', 'historical_competitors_not_rerun', 'system_resources_not_exclusive']"
stockham_fft,cova_llvm_cpu,default,initialization,observed,7.293961802963167,stockham_fft_cova_helper,7eb28298bd66038f57228eeb106197ae1ac32685,1,1,6d6ff6409e820c0b1abb2d24a7ede6af7390464b8d347a4cba678562e2b4f111,f6c4acc3fcbed6678c4fad72d834895ca7156ce67f7538ebe2242ed208af3254,['cpu'],"['reference_not_ranking', 'historical_competitors_not_rerun', 'system_resources_not_exclusive']"
stockham_fft,cova_llvm_cpu,default,fresh_process,observed,4.929770817398094,stockham_fft_cova_helper,7eb28298bd66038f57228eeb106197ae1ac32685,2,2,6d6ff6409e820c0b1abb2d24a7ede6af7390464b8d347a4cba678562e2b4f111,f6c4acc3fcbed6678c4fad72d834895ca7156ce67f7538ebe2242ed208af3254,['cpu'],"['reference_not_ranking', 'historical_competitors_not_rerun', 'system_resources_not_exclusive']"
stockham_fft,cova_llvm_cpu,default,same_process,observed,4.218784192460589,stockham_fft_cova_helper,7eb28298bd66038f57228eeb106197ae1ac32685,6,3,6d6ff6409e820c0b1abb2d24a7ede6af7390464b8d347a4cba678562e2b4f111,f6c4acc3fcbed6678c4fad72d834895ca7156ce67f7538ebe2242ed208af3254,['cpu'],"['reference_not_ranking', 'historical_competitors_not_rerun', 'system_resources_not_exclusive']"
stockham_fft,cova_openmp_gpu,default,initialization,error,,stockham_fft,7eb28298bd66038f57228eeb106197ae1ac32685,0,0,6d6ff6409e820c0b1abb2d24a7ede6af7390464b8d347a4cba678562e2b4f111,f6c4acc3fcbed6678c4fad72d834895ca7156ce67f7538ebe2242ed208af3254,[],"['reference_not_ranking', 'historical_competitors_not_rerun', 'system_resources_not_exclusive', 'gpu_placement_metadata_only']"
stockham_fft,cova_openmp_gpu,default,fresh_process,error,,stockham_fft,7eb28298bd66038f57228eeb106197ae1ac32685,0,0,6d6ff6409e820c0b1abb2d24a7ede6af7390464b8d347a4cba678562e2b4f111,f6c4acc3fcbed6678c4fad72d834895ca7156ce67f7538ebe2242ed208af3254,[],"['reference_not_ranking', 'historical_competitors_not_rerun', 'system_resources_not_exclusive', 'gpu_placement_metadata_only']"
stockham_fft,cova_openmp_gpu,default,same_process,error,,stockham_fft,7eb28298bd66038f57228eeb106197ae1ac32685,0,0,6d6ff6409e820c0b1abb2d24a7ede6af7390464b8d347a4cba678562e2b4f111,f6c4acc3fcbed6678c4fad72d834895ca7156ce67f7538ebe2242ed208af3254,[],"['reference_not_ranking', 'historical_competitors_not_rerun', 'system_resources_not_exclusive', 'gpu_placement_metadata_only']"
stockham_fft,cova_llvm_gpu,default,initialization,observed,7.475134297972545,stockham_fft_cova_helper,7eb28298bd66038f57228eeb106197ae1ac32685,1,1,6d6ff6409e820c0b1abb2d24a7ede6af7390464b8d347a4cba678562e2b4f111,f6c4acc3fcbed6678c4fad72d834895ca7156ce67f7538ebe2242ed208af3254,['mixed'],"['reference_not_ranking', 'historical_competitors_not_rerun', 'system_resources_not_exclusive', 'gpu_placement_metadata_only']"
stockham_fft,cova_llvm_gpu,default,fresh_process,observed,1.9124237329233438,stockham_fft_cova_helper,7eb28298bd66038f57228eeb106197ae1ac32685,2,2,6d6ff6409e820c0b1abb2d24a7ede6af7390464b8d347a4cba678562e2b4f111,f6c4acc3fcbed6678c4fad72d834895ca7156ce67f7538ebe2242ed208af3254,['mixed'],"['reference_not_ranking', 'historical_competitors_not_rerun', 'system_resources_not_exclusive', 'gpu_placement_metadata_only']"
stockham_fft,cova_llvm_gpu,default,same_process,observed,1.549552752985619,stockham_fft_cova_helper,7eb28298bd66038f57228eeb106197ae1ac32685,6,3,6d6ff6409e820c0b1abb2d24a7ede6af7390464b8d347a4cba678562e2b4f111,f6c4acc3fcbed6678c4fad72d834895ca7156ce67f7538ebe2242ed208af3254,['mixed'],"['reference_not_ranking', 'historical_competitors_not_rerun', 'system_resources_not_exclusive', 'gpu_placement_metadata_only']"
symm,cova_serial_cpu,default,initialization,observed,2.425577331101522,symm,7eb28298bd66038f57228eeb106197ae1ac32685,1,1,9a79ab11f86fec484ee78c92c02c8f9588bcdd801caf9345beae289adb5ce087,c983fe23aab1369b59df067f61f46c516f426a2b0a1ea8bdc3779352f6c91630,['cpu'],"['reference_not_ranking', 'historical_competitors_not_rerun', 'system_resources_not_exclusive']"
symm,cova_serial_cpu,default,fresh_process,observed,0.10857966949697584,symm,7eb28298bd66038f57228eeb106197ae1ac32685,2,2,9a79ab11f86fec484ee78c92c02c8f9588bcdd801caf9345beae289adb5ce087,c983fe23aab1369b59df067f61f46c516f426a2b0a1ea8bdc3779352f6c91630,['cpu'],"['reference_not_ranking', 'historical_competitors_not_rerun', 'system_resources_not_exclusive']"
symm,cova_serial_cpu,default,same_process,observed,0.08391641348134726,symm,7eb28298bd66038f57228eeb106197ae1ac32685,6,3,9a79ab11f86fec484ee78c92c02c8f9588bcdd801caf9345beae289adb5ce087,c983fe23aab1369b59df067f61f46c516f426a2b0a1ea8bdc3779352f6c91630,['cpu'],"['reference_not_ranking', 'historical_competitors_not_rerun', 'system_resources_not_exclusive']"
symm,cova_openmp_cpu,default,initialization,observed,2.6112674560863525,symm,7eb28298bd66038f57228eeb106197ae1ac32685,1,1,9a79ab11f86fec484ee78c92c02c8f9588bcdd801caf9345beae289adb5ce087,c983fe23aab1369b59df067f61f46c516f426a2b0a1ea8bdc3779352f6c91630,['cpu'],"['reference_not_ranking', 'historical_competitors_not_rerun', 'system_resources_not_exclusive']"
symm,cova_openmp_cpu,default,fresh_process,observed,0.13563961582258344,symm,7eb28298bd66038f57228eeb106197ae1ac32685,2,2,9a79ab11f86fec484ee78c92c02c8f9588bcdd801caf9345beae289adb5ce087,c983fe23aab1369b59df067f61f46c516f426a2b0a1ea8bdc3779352f6c91630,['cpu'],"['reference_not_ranking', 'historical_competitors_not_rerun', 'system_resources_not_exclusive']"
symm,cova_openmp_cpu,default,same_process,observed,0.10904805350583047,symm,7eb28298bd66038f57228eeb106197ae1ac32685,6,3,9a79ab11f86fec484ee78c92c02c8f9588bcdd801caf9345beae289adb5ce087,c983fe23aab1369b59df067f61f46c516f426a2b0a1ea8bdc3779352f6c91630,['cpu'],"['reference_not_ranking', 'historical_competitors_not_rerun', 'system_resources_not_exclusive']"
symm,cova_llvm_cpu_serial,default,initialization,observed,1.8828861231449991,symm,7eb28298bd66038f57228eeb106197ae1ac32685,1,1,9a79ab11f86fec484ee78c92c02c8f9588bcdd801caf9345beae289adb5ce087,c983fe23aab1369b59df067f61f46c516f426a2b0a1ea8bdc3779352f6c91630,['cpu'],"['reference_not_ranking', 'historical_competitors_not_rerun', 'system_resources_not_exclusive']"
symm,cova_llvm_cpu_serial,default,fresh_process,observed,0.10242637700866908,symm,7eb28298bd66038f57228eeb106197ae1ac32685,2,2,9a79ab11f86fec484ee78c92c02c8f9588bcdd801caf9345beae289adb5ce087,c983fe23aab1369b59df067f61f46c516f426a2b0a1ea8bdc3779352f6c91630,['cpu'],"['reference_not_ranking', 'historical_competitors_not_rerun', 'system_resources_not_exclusive']"
symm,cova_llvm_cpu_serial,default,same_process,observed,0.08875023247674108,symm,7eb28298bd66038f57228eeb106197ae1ac32685,6,3,9a79ab11f86fec484ee78c92c02c8f9588bcdd801caf9345beae289adb5ce087,c983fe23aab1369b59df067f61f46c516f426a2b0a1ea8bdc3779352f6c91630,['cpu'],"['reference_not_ranking', 'historical_competitors_not_rerun', 'system_resources_not_exclusive']"
symm,cova_llvm_cpu,default,initialization,observed,2.2946101501584053,symm,7eb28298bd66038f57228eeb106197ae1ac32685,1,1,9a79ab11f86fec484ee78c92c02c8f9588bcdd801caf9345beae289adb5ce087,c983fe23aab1369b59df067f61f46c516f426a2b0a1ea8bdc3779352f6c91630,['cpu'],"['reference_not_ranking', 'historical_competitors_not_rerun', 'system_resources_not_exclusive']"
symm,cova_llvm_cpu,default,fresh_process,observed,0.11016983853187412,symm,7eb28298bd66038f57228eeb106197ae1ac32685,2,2,9a79ab11f86fec484ee78c92c02c8f9588bcdd801caf9345beae289adb5ce087,c983fe23aab1369b59df067f61f46c516f426a2b0a1ea8bdc3779352f6c91630,['cpu'],"['reference_not_ranking', 'historical_competitors_not_rerun', 'system_resources_not_exclusive']"
symm,cova_llvm_cpu,default,same_process,observed,0.08600395557004958,symm,7eb28298bd66038f57228eeb106197ae1ac32685,6,3,9a79ab11f86fec484ee78c92c02c8f9588bcdd801caf9345beae289adb5ce087,c983fe23aab1369b59df067f61f46c516f426a2b0a1ea8bdc3779352f6c91630,['cpu'],"['reference_not_ranking', 'historical_competitors_not_rerun', 'system_resources_not_exclusive']"
symm,cova_openmp_gpu,default,initialization,observed,10.187160335015506,symm,7eb28298bd66038f57228eeb106197ae1ac32685,1,1,9a79ab11f86fec484ee78c92c02c8f9588bcdd801caf9345beae289adb5ce087,c983fe23aab1369b59df067f61f46c516f426a2b0a1ea8bdc3779352f6c91630,['gpu'],"['reference_not_ranking', 'historical_competitors_not_rerun', 'system_resources_not_exclusive', 'gpu_placement_metadata_only']"
symm,cova_openmp_gpu,default,fresh_process,observed,3.9280470825033262,symm,7eb28298bd66038f57228eeb106197ae1ac32685,2,2,9a79ab11f86fec484ee78c92c02c8f9588bcdd801caf9345beae289adb5ce087,c983fe23aab1369b59df067f61f46c516f426a2b0a1ea8bdc3779352f6c91630,['gpu'],"['reference_not_ranking', 'historical_competitors_not_rerun', 'system_resources_not_exclusive', 'gpu_placement_metadata_only']"
symm,cova_openmp_gpu,default,same_process,observed,3.738189014024101,symm,7eb28298bd66038f57228eeb106197ae1ac32685,6,3,9a79ab11f86fec484ee78c92c02c8f9588bcdd801caf9345beae289adb5ce087,c983fe23aab1369b59df067f61f46c516f426a2b0a1ea8bdc3779352f6c91630,['gpu'],"['reference_not_ranking', 'historical_competitors_not_rerun', 'system_resources_not_exclusive', 'gpu_placement_metadata_only']"
symm,cova_llvm_gpu,default,initialization,observed,5.301002586027607,symm,7eb28298bd66038f57228eeb106197ae1ac32685,1,1,9a79ab11f86fec484ee78c92c02c8f9588bcdd801caf9345beae289adb5ce087,c983fe23aab1369b59df067f61f46c516f426a2b0a1ea8bdc3779352f6c91630,['mixed'],"['reference_not_ranking', 'historical_competitors_not_rerun', 'system_resources_not_exclusive', 'gpu_placement_metadata_only']"
symm,cova_llvm_gpu,default,fresh_process,observed,0.49448764545377344,symm,7eb28298bd66038f57228eeb106197ae1ac32685,2,2,9a79ab11f86fec484ee78c92c02c8f9588bcdd801caf9345beae289adb5ce087,c983fe23aab1369b59df067f61f46c516f426a2b0a1ea8bdc3779352f6c91630,['mixed'],"['reference_not_ranking', 'historical_competitors_not_rerun', 'system_resources_not_exclusive', 'gpu_placement_metadata_only']"
symm,cova_llvm_gpu,default,same_process,observed,0.163571183453314,symm,7eb28298bd66038f57228eeb106197ae1ac32685,6,3,9a79ab11f86fec484ee78c92c02c8f9588bcdd801caf9345beae289adb5ce087,c983fe23aab1369b59df067f61f46c516f426a2b0a1ea8bdc3779352f6c91630,['mixed'],"['reference_not_ranking', 'historical_competitors_not_rerun', 'system_resources_not_exclusive', 'gpu_placement_metadata_only']"
syr2k,cova_serial_cpu,default,initialization,observed,1.986143774818629,syr2k,7eb28298bd66038f57228eeb106197ae1ac32685,1,1,e7abbc19895a88befab489211bc20dc301be2dede982f39fba4c4f210583f274,4eed4ab152ea49c0a4cdf942787319238e4b8903146da60692ca376422fc8502,['cpu'],"['reference_not_ranking', 'historical_competitors_not_rerun', 'system_resources_not_exclusive']"
syr2k,cova_serial_cpu,default,fresh_process,observed,0.07916132197715342,syr2k,7eb28298bd66038f57228eeb106197ae1ac32685,2,2,e7abbc19895a88befab489211bc20dc301be2dede982f39fba4c4f210583f274,4eed4ab152ea49c0a4cdf942787319238e4b8903146da60692ca376422fc8502,['cpu'],"['reference_not_ranking', 'historical_competitors_not_rerun', 'system_resources_not_exclusive']"
syr2k,cova_serial_cpu,default,same_process,observed,0.058541805134154856,syr2k,7eb28298bd66038f57228eeb106197ae1ac32685,6,3,e7abbc19895a88befab489211bc20dc301be2dede982f39fba4c4f210583f274,4eed4ab152ea49c0a4cdf942787319238e4b8903146da60692ca376422fc8502,['cpu'],"['reference_not_ranking', 'historical_competitors_not_rerun', 'system_resources_not_exclusive']"
syr2k,cova_openmp_cpu,default,initialization,observed,2.164810316171497,syr2k,7eb28298bd66038f57228eeb106197ae1ac32685,1,1,e7abbc19895a88befab489211bc20dc301be2dede982f39fba4c4f210583f274,4eed4ab152ea49c0a4cdf942787319238e4b8903146da60692ca376422fc8502,['cpu'],"['reference_not_ranking', 'historical_competitors_not_rerun', 'system_resources_not_exclusive']"
syr2k,cova_openmp_cpu,default,fresh_process,observed,0.04094618698582053,syr2k,7eb28298bd66038f57228eeb106197ae1ac32685,2,2,e7abbc19895a88befab489211bc20dc301be2dede982f39fba4c4f210583f274,4eed4ab152ea49c0a4cdf942787319238e4b8903146da60692ca376422fc8502,['cpu'],"['reference_not_ranking', 'historical_competitors_not_rerun', 'system_resources_not_exclusive']"
syr2k,cova_openmp_cpu,default,same_process,observed,0.023630560492165387,syr2k,7eb28298bd66038f57228eeb106197ae1ac32685,6,3,e7abbc19895a88befab489211bc20dc301be2dede982f39fba4c4f210583f274,4eed4ab152ea49c0a4cdf942787319238e4b8903146da60692ca376422fc8502,['cpu'],"['reference_not_ranking', 'historical_competitors_not_rerun', 'system_resources_not_exclusive']"
syr2k,cova_llvm_cpu_serial,default,initialization,observed,1.9696500690188259,syr2k,7eb28298bd66038f57228eeb106197ae1ac32685,1,1,e7abbc19895a88befab489211bc20dc301be2dede982f39fba4c4f210583f274,4eed4ab152ea49c0a4cdf942787319238e4b8903146da60692ca376422fc8502,['cpu'],"['reference_not_ranking', 'historical_competitors_not_rerun', 'system_resources_not_exclusive']"
syr2k,cova_llvm_cpu_serial,default,fresh_process,observed,0.08777980948798358,syr2k,7eb28298bd66038f57228eeb106197ae1ac32685,2,2,e7abbc19895a88befab489211bc20dc301be2dede982f39fba4c4f210583f274,4eed4ab152ea49c0a4cdf942787319238e4b8903146da60692ca376422fc8502,['cpu'],"['reference_not_ranking', 'historical_competitors_not_rerun', 'system_resources_not_exclusive']"
syr2k,cova_llvm_cpu_serial,default,same_process,observed,0.07528539001941681,syr2k,7eb28298bd66038f57228eeb106197ae1ac32685,6,3,e7abbc19895a88befab489211bc20dc301be2dede982f39fba4c4f210583f274,4eed4ab152ea49c0a4cdf942787319238e4b8903146da60692ca376422fc8502,['cpu'],"['reference_not_ranking', 'historical_competitors_not_rerun', 'system_resources_not_exclusive']"
syr2k,cova_llvm_cpu,default,initialization,observed,2.0943749111611396,syr2k,7eb28298bd66038f57228eeb106197ae1ac32685,1,1,e7abbc19895a88befab489211bc20dc301be2dede982f39fba4c4f210583f274,4eed4ab152ea49c0a4cdf942787319238e4b8903146da60692ca376422fc8502,['cpu'],"['reference_not_ranking', 'historical_competitors_not_rerun', 'system_resources_not_exclusive']"
syr2k,cova_llvm_cpu,default,fresh_process,observed,0.09529957559425384,syr2k,7eb28298bd66038f57228eeb106197ae1ac32685,2,2,e7abbc19895a88befab489211bc20dc301be2dede982f39fba4c4f210583f274,4eed4ab152ea49c0a4cdf942787319238e4b8903146da60692ca376422fc8502,['cpu'],"['reference_not_ranking', 'historical_competitors_not_rerun', 'system_resources_not_exclusive']"
syr2k,cova_llvm_cpu,default,same_process,observed,0.02313998993486166,syr2k,7eb28298bd66038f57228eeb106197ae1ac32685,6,3,e7abbc19895a88befab489211bc20dc301be2dede982f39fba4c4f210583f274,4eed4ab152ea49c0a4cdf942787319238e4b8903146da60692ca376422fc8502,['cpu'],"['reference_not_ranking', 'historical_competitors_not_rerun', 'system_resources_not_exclusive']"
syr2k,cova_openmp_gpu,default,initialization,observed,5.475995520828292,syr2k,7eb28298bd66038f57228eeb106197ae1ac32685,1,1,e7abbc19895a88befab489211bc20dc301be2dede982f39fba4c4f210583f274,4eed4ab152ea49c0a4cdf942787319238e4b8903146da60692ca376422fc8502,['gpu'],"['reference_not_ranking', 'historical_competitors_not_rerun', 'system_resources_not_exclusive', 'gpu_placement_metadata_only']"
syr2k,cova_openmp_gpu,default,fresh_process,observed,0.41014423756860197,syr2k,7eb28298bd66038f57228eeb106197ae1ac32685,2,2,e7abbc19895a88befab489211bc20dc301be2dede982f39fba4c4f210583f274,4eed4ab152ea49c0a4cdf942787319238e4b8903146da60692ca376422fc8502,['gpu'],"['reference_not_ranking', 'historical_competitors_not_rerun', 'system_resources_not_exclusive', 'gpu_placement_metadata_only']"
syr2k,cova_openmp_gpu,default,same_process,observed,0.11553057748824358,syr2k,7eb28298bd66038f57228eeb106197ae1ac32685,6,3,e7abbc19895a88befab489211bc20dc301be2dede982f39fba4c4f210583f274,4eed4ab152ea49c0a4cdf942787319238e4b8903146da60692ca376422fc8502,['gpu'],"['reference_not_ranking', 'historical_competitors_not_rerun', 'system_resources_not_exclusive', 'gpu_placement_metadata_only']"
syr2k,cova_llvm_gpu,default,initialization,observed,5.043574120849371,syr2k,7eb28298bd66038f57228eeb106197ae1ac32685,1,1,e7abbc19895a88befab489211bc20dc301be2dede982f39fba4c4f210583f274,4eed4ab152ea49c0a4cdf942787319238e4b8903146da60692ca376422fc8502,['gpu'],"['reference_not_ranking', 'historical_competitors_not_rerun', 'system_resources_not_exclusive', 'gpu_placement_metadata_only']"
syr2k,cova_llvm_gpu,default,fresh_process,observed,0.3940643679816276,syr2k,7eb28298bd66038f57228eeb106197ae1ac32685,2,2,e7abbc19895a88befab489211bc20dc301be2dede982f39fba4c4f210583f274,4eed4ab152ea49c0a4cdf942787319238e4b8903146da60692ca376422fc8502,['gpu'],"['reference_not_ranking', 'historical_competitors_not_rerun', 'system_resources_not_exclusive', 'gpu_placement_metadata_only']"
syr2k,cova_llvm_gpu,default,same_process,observed,0.10724264301825315,syr2k,7eb28298bd66038f57228eeb106197ae1ac32685,6,3,e7abbc19895a88befab489211bc20dc301be2dede982f39fba4c4f210583f274,4eed4ab152ea49c0a4cdf942787319238e4b8903146da60692ca376422fc8502,['gpu'],"['reference_not_ranking', 'historical_competitors_not_rerun', 'system_resources_not_exclusive', 'gpu_placement_metadata_only']"
syrk,cova_serial_cpu,default,initialization,observed,2.184103924082592,syrk,7eb28298bd66038f57228eeb106197ae1ac32685,1,1,92484da5155c3406ad7a24b9d17a47e4e5ea9277c45b375c935d26bea371609c,c9125e156aac0f0083fa4d941c44b5e500809f7d0e4096cfd309983aa1701894,['cpu'],"['reference_not_ranking', 'historical_competitors_not_rerun', 'system_resources_not_exclusive']"
syrk,cova_serial_cpu,default,fresh_process,observed,0.10872100701089948,syrk,7eb28298bd66038f57228eeb106197ae1ac32685,2,2,92484da5155c3406ad7a24b9d17a47e4e5ea9277c45b375c935d26bea371609c,c9125e156aac0f0083fa4d941c44b5e500809f7d0e4096cfd309983aa1701894,['cpu'],"['reference_not_ranking', 'historical_competitors_not_rerun', 'system_resources_not_exclusive']"
syrk,cova_serial_cpu,default,same_process,observed,0.08652953302953392,syrk,7eb28298bd66038f57228eeb106197ae1ac32685,6,3,92484da5155c3406ad7a24b9d17a47e4e5ea9277c45b375c935d26bea371609c,c9125e156aac0f0083fa4d941c44b5e500809f7d0e4096cfd309983aa1701894,['cpu'],"['reference_not_ranking', 'historical_competitors_not_rerun', 'system_resources_not_exclusive']"
syrk,cova_openmp_cpu,default,initialization,observed,2.3864553258754313,syrk,7eb28298bd66038f57228eeb106197ae1ac32685,1,1,92484da5155c3406ad7a24b9d17a47e4e5ea9277c45b375c935d26bea371609c,c9125e156aac0f0083fa4d941c44b5e500809f7d0e4096cfd309983aa1701894,['cpu'],"['reference_not_ranking', 'historical_competitors_not_rerun', 'system_resources_not_exclusive']"
syrk,cova_openmp_cpu,default,fresh_process,observed,0.044854683335870504,syrk,7eb28298bd66038f57228eeb106197ae1ac32685,2,2,92484da5155c3406ad7a24b9d17a47e4e5ea9277c45b375c935d26bea371609c,c9125e156aac0f0083fa4d941c44b5e500809f7d0e4096cfd309983aa1701894,['cpu'],"['reference_not_ranking', 'historical_competitors_not_rerun', 'system_resources_not_exclusive']"
syrk,cova_openmp_cpu,default,same_process,observed,0.024147267104126513,syrk,7eb28298bd66038f57228eeb106197ae1ac32685,6,3,92484da5155c3406ad7a24b9d17a47e4e5ea9277c45b375c935d26bea371609c,c9125e156aac0f0083fa4d941c44b5e500809f7d0e4096cfd309983aa1701894,['cpu'],"['reference_not_ranking', 'historical_competitors_not_rerun', 'system_resources_not_exclusive']"
syrk,cova_llvm_cpu_serial,default,initialization,observed,1.9054847119841725,syrk,7eb28298bd66038f57228eeb106197ae1ac32685,1,1,92484da5155c3406ad7a24b9d17a47e4e5ea9277c45b375c935d26bea371609c,c9125e156aac0f0083fa4d941c44b5e500809f7d0e4096cfd309983aa1701894,['cpu'],"['reference_not_ranking', 'historical_competitors_not_rerun', 'system_resources_not_exclusive']"
syrk,cova_llvm_cpu_serial,default,fresh_process,observed,0.10423551255371422,syrk,7eb28298bd66038f57228eeb106197ae1ac32685,2,2,92484da5155c3406ad7a24b9d17a47e4e5ea9277c45b375c935d26bea371609c,c9125e156aac0f0083fa4d941c44b5e500809f7d0e4096cfd309983aa1701894,['cpu'],"['reference_not_ranking', 'historical_competitors_not_rerun', 'system_resources_not_exclusive']"
syrk,cova_llvm_cpu_serial,default,same_process,observed,0.10530266247224063,syrk,7eb28298bd66038f57228eeb106197ae1ac32685,6,3,92484da5155c3406ad7a24b9d17a47e4e5ea9277c45b375c935d26bea371609c,c9125e156aac0f0083fa4d941c44b5e500809f7d0e4096cfd309983aa1701894,['cpu'],"['reference_not_ranking', 'historical_competitors_not_rerun', 'system_resources_not_exclusive']"
syrk,cova_llvm_cpu,default,initialization,observed,1.8616788629442453,syrk,7eb28298bd66038f57228eeb106197ae1ac32685,1,1,92484da5155c3406ad7a24b9d17a47e4e5ea9277c45b375c935d26bea371609c,c9125e156aac0f0083fa4d941c44b5e500809f7d0e4096cfd309983aa1701894,['cpu'],"['reference_not_ranking', 'historical_competitors_not_rerun', 'system_resources_not_exclusive']"
syrk,cova_llvm_cpu,default,fresh_process,observed,0.07836470811162144,syrk,7eb28298bd66038f57228eeb106197ae1ac32685,2,2,92484da5155c3406ad7a24b9d17a47e4e5ea9277c45b375c935d26bea371609c,c9125e156aac0f0083fa4d941c44b5e500809f7d0e4096cfd309983aa1701894,['cpu'],"['reference_not_ranking', 'historical_competitors_not_rerun', 'system_resources_not_exclusive']"
syrk,cova_llvm_cpu,default,same_process,observed,0.02693953993730247,syrk,7eb28298bd66038f57228eeb106197ae1ac32685,6,3,92484da5155c3406ad7a24b9d17a47e4e5ea9277c45b375c935d26bea371609c,c9125e156aac0f0083fa4d941c44b5e500809f7d0e4096cfd309983aa1701894,['cpu'],"['reference_not_ranking', 'historical_competitors_not_rerun', 'system_resources_not_exclusive']"
syrk,cova_openmp_gpu,default,initialization,observed,5.258645011112094,syrk,7eb28298bd66038f57228eeb106197ae1ac32685,1,1,92484da5155c3406ad7a24b9d17a47e4e5ea9277c45b375c935d26bea371609c,c9125e156aac0f0083fa4d941c44b5e500809f7d0e4096cfd309983aa1701894,['gpu'],"['reference_not_ranking', 'historical_competitors_not_rerun', 'system_resources_not_exclusive', 'gpu_placement_metadata_only']"
syrk,cova_openmp_gpu,default,fresh_process,observed,0.46374379901681095,syrk,7eb28298bd66038f57228eeb106197ae1ac32685,2,2,92484da5155c3406ad7a24b9d17a47e4e5ea9277c45b375c935d26bea371609c,c9125e156aac0f0083fa4d941c44b5e500809f7d0e4096cfd309983aa1701894,['gpu'],"['reference_not_ranking', 'historical_competitors_not_rerun', 'system_resources_not_exclusive', 'gpu_placement_metadata_only']"
syrk,cova_openmp_gpu,default,same_process,observed,0.11038124305196106,syrk,7eb28298bd66038f57228eeb106197ae1ac32685,6,3,92484da5155c3406ad7a24b9d17a47e4e5ea9277c45b375c935d26bea371609c,c9125e156aac0f0083fa4d941c44b5e500809f7d0e4096cfd309983aa1701894,['gpu'],"['reference_not_ranking', 'historical_competitors_not_rerun', 'system_resources_not_exclusive', 'gpu_placement_metadata_only']"
syrk,cova_llvm_gpu,default,initialization,observed,4.932953875046223,syrk,7eb28298bd66038f57228eeb106197ae1ac32685,1,1,92484da5155c3406ad7a24b9d17a47e4e5ea9277c45b375c935d26bea371609c,c9125e156aac0f0083fa4d941c44b5e500809f7d0e4096cfd309983aa1701894,['gpu'],"['reference_not_ranking', 'historical_competitors_not_rerun', 'system_resources_not_exclusive', 'gpu_placement_metadata_only']"
syrk,cova_llvm_gpu,default,fresh_process,observed,0.47045537538360804,syrk,7eb28298bd66038f57228eeb106197ae1ac32685,2,2,92484da5155c3406ad7a24b9d17a47e4e5ea9277c45b375c935d26bea371609c,c9125e156aac0f0083fa4d941c44b5e500809f7d0e4096cfd309983aa1701894,['gpu'],"['reference_not_ranking', 'historical_competitors_not_rerun', 'system_resources_not_exclusive', 'gpu_placement_metadata_only']"
syrk,cova_llvm_gpu,default,same_process,observed,0.1431268504820764,syrk,7eb28298bd66038f57228eeb106197ae1ac32685,6,3,92484da5155c3406ad7a24b9d17a47e4e5ea9277c45b375c935d26bea371609c,c9125e156aac0f0083fa4d941c44b5e500809f7d0e4096cfd309983aa1701894,['gpu'],"['reference_not_ranking', 'historical_competitors_not_rerun', 'system_resources_not_exclusive', 'gpu_placement_metadata_only']"
trisolv,cova_serial_cpu,default,initialization,observed,2.20541054289788,trisolv,7eb28298bd66038f57228eeb106197ae1ac32685,1,1,4f5471ef60c1579f85ae344ab83c59b28f7f210b0a535e59616ed8d3e93dce87,2ef566c3a7e8536e3be1ae3aaac85d9a03f4836c00d28326cc70cf2e8147fdb1,['cpu'],"['reference_not_ranking', 'historical_competitors_not_rerun', 'system_resources_not_exclusive']"
trisolv,cova_serial_cpu,default,fresh_process,observed,0.10036296455655247,trisolv,7eb28298bd66038f57228eeb106197ae1ac32685,2,2,4f5471ef60c1579f85ae344ab83c59b28f7f210b0a535e59616ed8d3e93dce87,2ef566c3a7e8536e3be1ae3aaac85d9a03f4836c00d28326cc70cf2e8147fdb1,['cpu'],"['reference_not_ranking', 'historical_competitors_not_rerun', 'system_resources_not_exclusive']"
trisolv,cova_serial_cpu,default,same_process,observed,0.09431783657055348,trisolv,7eb28298bd66038f57228eeb106197ae1ac32685,6,3,4f5471ef60c1579f85ae344ab83c59b28f7f210b0a535e59616ed8d3e93dce87,2ef566c3a7e8536e3be1ae3aaac85d9a03f4836c00d28326cc70cf2e8147fdb1,['cpu'],"['reference_not_ranking', 'historical_competitors_not_rerun', 'system_resources_not_exclusive']"
trisolv,cova_openmp_cpu,default,initialization,observed,2.4690389870665967,trisolv,7eb28298bd66038f57228eeb106197ae1ac32685,1,1,4f5471ef60c1579f85ae344ab83c59b28f7f210b0a535e59616ed8d3e93dce87,2ef566c3a7e8536e3be1ae3aaac85d9a03f4836c00d28326cc70cf2e8147fdb1,['cpu'],"['reference_not_ranking', 'historical_competitors_not_rerun', 'system_resources_not_exclusive']"
trisolv,cova_openmp_cpu,default,fresh_process,observed,0.12664475699421018,trisolv,7eb28298bd66038f57228eeb106197ae1ac32685,2,2,4f5471ef60c1579f85ae344ab83c59b28f7f210b0a535e59616ed8d3e93dce87,2ef566c3a7e8536e3be1ae3aaac85d9a03f4836c00d28326cc70cf2e8147fdb1,['cpu'],"['reference_not_ranking', 'historical_competitors_not_rerun', 'system_resources_not_exclusive']"
trisolv,cova_openmp_cpu,default,same_process,observed,0.12172115489374846,trisolv,7eb28298bd66038f57228eeb106197ae1ac32685,6,3,4f5471ef60c1579f85ae344ab83c59b28f7f210b0a535e59616ed8d3e93dce87,2ef566c3a7e8536e3be1ae3aaac85d9a03f4836c00d28326cc70cf2e8147fdb1,['cpu'],"['reference_not_ranking', 'historical_competitors_not_rerun', 'system_resources_not_exclusive']"
trisolv,cova_llvm_cpu_serial,default,initialization,observed,1.800763817038387,trisolv,7eb28298bd66038f57228eeb106197ae1ac32685,1,1,4f5471ef60c1579f85ae344ab83c59b28f7f210b0a535e59616ed8d3e93dce87,2ef566c3a7e8536e3be1ae3aaac85d9a03f4836c00d28326cc70cf2e8147fdb1,['cpu'],"['reference_not_ranking', 'historical_competitors_not_rerun', 'system_resources_not_exclusive']"
trisolv,cova_llvm_cpu_serial,default,fresh_process,observed,0.10074244753923267,trisolv,7eb28298bd66038f57228eeb106197ae1ac32685,2,2,4f5471ef60c1579f85ae344ab83c59b28f7f210b0a535e59616ed8d3e93dce87,2ef566c3a7e8536e3be1ae3aaac85d9a03f4836c00d28326cc70cf2e8147fdb1,['cpu'],"['reference_not_ranking', 'historical_competitors_not_rerun', 'system_resources_not_exclusive']"
trisolv,cova_llvm_cpu_serial,default,same_process,observed,0.13270168448798358,trisolv,7eb28298bd66038f57228eeb106197ae1ac32685,6,3,4f5471ef60c1579f85ae344ab83c59b28f7f210b0a535e59616ed8d3e93dce87,2ef566c3a7e8536e3be1ae3aaac85d9a03f4836c00d28326cc70cf2e8147fdb1,['cpu'],"['reference_not_ranking', 'historical_competitors_not_rerun', 'system_resources_not_exclusive']"
trisolv,cova_llvm_cpu,default,initialization,observed,1.7850695000961423,trisolv,7eb28298bd66038f57228eeb106197ae1ac32685,1,1,4f5471ef60c1579f85ae344ab83c59b28f7f210b0a535e59616ed8d3e93dce87,2ef566c3a7e8536e3be1ae3aaac85d9a03f4836c00d28326cc70cf2e8147fdb1,['cpu'],"['reference_not_ranking', 'historical_competitors_not_rerun', 'system_resources_not_exclusive']"
trisolv,cova_llvm_cpu,default,fresh_process,observed,0.12928116659168154,trisolv,7eb28298bd66038f57228eeb106197ae1ac32685,2,2,4f5471ef60c1579f85ae344ab83c59b28f7f210b0a535e59616ed8d3e93dce87,2ef566c3a7e8536e3be1ae3aaac85d9a03f4836c00d28326cc70cf2e8147fdb1,['cpu'],"['reference_not_ranking', 'historical_competitors_not_rerun', 'system_resources_not_exclusive']"
trisolv,cova_llvm_cpu,default,same_process,observed,0.10769857896957546,trisolv,7eb28298bd66038f57228eeb106197ae1ac32685,6,3,4f5471ef60c1579f85ae344ab83c59b28f7f210b0a535e59616ed8d3e93dce87,2ef566c3a7e8536e3be1ae3aaac85d9a03f4836c00d28326cc70cf2e8147fdb1,['cpu'],"['reference_not_ranking', 'historical_competitors_not_rerun', 'system_resources_not_exclusive']"
trisolv,cova_openmp_gpu,default,initialization,observed,4.306971157900989,trisolv,7eb28298bd66038f57228eeb106197ae1ac32685,1,1,4f5471ef60c1579f85ae344ab83c59b28f7f210b0a535e59616ed8d3e93dce87,2ef566c3a7e8536e3be1ae3aaac85d9a03f4836c00d28326cc70cf2e8147fdb1,['cpu'],"['reference_not_ranking', 'historical_competitors_not_rerun', 'system_resources_not_exclusive', 'gpu_placement_metadata_only']"
trisolv,cova_openmp_gpu,default,fresh_process,observed,0.10623844200745225,trisolv,7eb28298bd66038f57228eeb106197ae1ac32685,2,2,4f5471ef60c1579f85ae344ab83c59b28f7f210b0a535e59616ed8d3e93dce87,2ef566c3a7e8536e3be1ae3aaac85d9a03f4836c00d28326cc70cf2e8147fdb1,['cpu'],"['reference_not_ranking', 'historical_competitors_not_rerun', 'system_resources_not_exclusive', 'gpu_placement_metadata_only']"
trisolv,cova_openmp_gpu,default,same_process,observed,0.10200244700536132,trisolv,7eb28298bd66038f57228eeb106197ae1ac32685,6,3,4f5471ef60c1579f85ae344ab83c59b28f7f210b0a535e59616ed8d3e93dce87,2ef566c3a7e8536e3be1ae3aaac85d9a03f4836c00d28326cc70cf2e8147fdb1,['cpu'],"['reference_not_ranking', 'historical_competitors_not_rerun', 'system_resources_not_exclusive', 'gpu_placement_metadata_only']"
trisolv,cova_llvm_gpu,default,initialization,observed,6.533953663893044,trisolv,7eb28298bd66038f57228eeb106197ae1ac32685,1,1,4f5471ef60c1579f85ae344ab83c59b28f7f210b0a535e59616ed8d3e93dce87,2ef566c3a7e8536e3be1ae3aaac85d9a03f4836c00d28326cc70cf2e8147fdb1,['gpu'],"['reference_not_ranking', 'historical_competitors_not_rerun', 'system_resources_not_exclusive', 'gpu_placement_metadata_only']"
trisolv,cova_llvm_gpu,default,fresh_process,observed,1.7635774889495224,trisolv,7eb28298bd66038f57228eeb106197ae1ac32685,2,2,4f5471ef60c1579f85ae344ab83c59b28f7f210b0a535e59616ed8d3e93dce87,2ef566c3a7e8536e3be1ae3aaac85d9a03f4836c00d28326cc70cf2e8147fdb1,['gpu'],"['reference_not_ranking', 'historical_competitors_not_rerun', 'system_resources_not_exclusive', 'gpu_placement_metadata_only']"
trisolv,cova_llvm_gpu,default,same_process,observed,1.4745625990908593,trisolv,7eb28298bd66038f57228eeb106197ae1ac32685,6,3,4f5471ef60c1579f85ae344ab83c59b28f7f210b0a535e59616ed8d3e93dce87,2ef566c3a7e8536e3be1ae3aaac85d9a03f4836c00d28326cc70cf2e8147fdb1,['gpu'],"['reference_not_ranking', 'historical_competitors_not_rerun', 'system_resources_not_exclusive', 'gpu_placement_metadata_only']"
trmm,cova_serial_cpu,default,initialization,observed,2.4248464161064476,trmm,7eb28298bd66038f57228eeb106197ae1ac32685,1,1,3f94b2a3aeb62dabee33d3188a61d501e42975b8a01970dd7d3717b65c060956,9168af76f7b62c6873ac45e920743c46191f055c32ee6a1f1df2aba5ab399d7e,['cpu'],"['reference_not_ranking', 'historical_competitors_not_rerun', 'system_resources_not_exclusive']"
trmm,cova_serial_cpu,default,fresh_process,observed,0.2778811729513109,trmm,7eb28298bd66038f57228eeb106197ae1ac32685,2,2,3f94b2a3aeb62dabee33d3188a61d501e42975b8a01970dd7d3717b65c060956,9168af76f7b62c6873ac45e920743c46191f055c32ee6a1f1df2aba5ab399d7e,['cpu'],"['reference_not_ranking', 'historical_competitors_not_rerun', 'system_resources_not_exclusive']"
trmm,cova_serial_cpu,default,same_process,observed,0.2318046746077016,trmm,7eb28298bd66038f57228eeb106197ae1ac32685,6,3,3f94b2a3aeb62dabee33d3188a61d501e42975b8a01970dd7d3717b65c060956,9168af76f7b62c6873ac45e920743c46191f055c32ee6a1f1df2aba5ab399d7e,['cpu'],"['reference_not_ranking', 'historical_competitors_not_rerun', 'system_resources_not_exclusive']"
trmm,cova_openmp_cpu,default,initialization,observed,2.5034905089996755,trmm,7eb28298bd66038f57228eeb106197ae1ac32685,1,1,3f94b2a3aeb62dabee33d3188a61d501e42975b8a01970dd7d3717b65c060956,9168af76f7b62c6873ac45e920743c46191f055c32ee6a1f1df2aba5ab399d7e,['cpu'],"['reference_not_ranking', 'historical_competitors_not_rerun', 'system_resources_not_exclusive']"
trmm,cova_openmp_cpu,default,fresh_process,observed,0.31294368556700647,trmm,7eb28298bd66038f57228eeb106197ae1ac32685,2,2,3f94b2a3aeb62dabee33d3188a61d501e42975b8a01970dd7d3717b65c060956,9168af76f7b62c6873ac45e920743c46191f055c32ee6a1f1df2aba5ab399d7e,['cpu'],"['reference_not_ranking', 'historical_competitors_not_rerun', 'system_resources_not_exclusive']"
trmm,cova_openmp_cpu,default,same_process,observed,0.299934821552597,trmm,7eb28298bd66038f57228eeb106197ae1ac32685,6,3,3f94b2a3aeb62dabee33d3188a61d501e42975b8a01970dd7d3717b65c060956,9168af76f7b62c6873ac45e920743c46191f055c32ee6a1f1df2aba5ab399d7e,['cpu'],"['reference_not_ranking', 'historical_competitors_not_rerun', 'system_resources_not_exclusive']"
trmm,cova_llvm_cpu_serial,default,initialization,observed,1.6773820279631764,trmm,7eb28298bd66038f57228eeb106197ae1ac32685,1,1,3f94b2a3aeb62dabee33d3188a61d501e42975b8a01970dd7d3717b65c060956,9168af76f7b62c6873ac45e920743c46191f055c32ee6a1f1df2aba5ab399d7e,['cpu'],"['reference_not_ranking', 'historical_competitors_not_rerun', 'system_resources_not_exclusive']"
trmm,cova_llvm_cpu_serial,default,fresh_process,observed,0.3121252885321155,trmm,7eb28298bd66038f57228eeb106197ae1ac32685,2,2,3f94b2a3aeb62dabee33d3188a61d501e42975b8a01970dd7d3717b65c060956,9168af76f7b62c6873ac45e920743c46191f055c32ee6a1f1df2aba5ab399d7e,['cpu'],"['reference_not_ranking', 'historical_competitors_not_rerun', 'system_resources_not_exclusive']"
trmm,cova_llvm_cpu_serial,default,same_process,observed,0.3013501964742318,trmm,7eb28298bd66038f57228eeb106197ae1ac32685,6,3,3f94b2a3aeb62dabee33d3188a61d501e42975b8a01970dd7d3717b65c060956,9168af76f7b62c6873ac45e920743c46191f055c32ee6a1f1df2aba5ab399d7e,['cpu'],"['reference_not_ranking', 'historical_competitors_not_rerun', 'system_resources_not_exclusive']"
trmm,cova_llvm_cpu,default,initialization,observed,2.267084727063775,trmm,7eb28298bd66038f57228eeb106197ae1ac32685,1,1,3f94b2a3aeb62dabee33d3188a61d501e42975b8a01970dd7d3717b65c060956,9168af76f7b62c6873ac45e920743c46191f055c32ee6a1f1df2aba5ab399d7e,['cpu'],"['reference_not_ranking', 'historical_competitors_not_rerun', 'system_resources_not_exclusive']"
trmm,cova_llvm_cpu,default,fresh_process,observed,0.31335096654947847,trmm,7eb28298bd66038f57228eeb106197ae1ac32685,2,2,3f94b2a3aeb62dabee33d3188a61d501e42975b8a01970dd7d3717b65c060956,9168af76f7b62c6873ac45e920743c46191f055c32ee6a1f1df2aba5ab399d7e,['cpu'],"['reference_not_ranking', 'historical_competitors_not_rerun', 'system_resources_not_exclusive']"
trmm,cova_llvm_cpu,default,same_process,observed,0.2663814196130261,trmm,7eb28298bd66038f57228eeb106197ae1ac32685,6,3,3f94b2a3aeb62dabee33d3188a61d501e42975b8a01970dd7d3717b65c060956,9168af76f7b62c6873ac45e920743c46191f055c32ee6a1f1df2aba5ab399d7e,['cpu'],"['reference_not_ranking', 'historical_competitors_not_rerun', 'system_resources_not_exclusive']"
trmm,cova_openmp_gpu,default,initialization,observed,4.824700597906485,trmm,7eb28298bd66038f57228eeb106197ae1ac32685,1,1,3f94b2a3aeb62dabee33d3188a61d501e42975b8a01970dd7d3717b65c060956,9168af76f7b62c6873ac45e920743c46191f055c32ee6a1f1df2aba5ab399d7e,['cpu'],"['reference_not_ranking', 'historical_competitors_not_rerun', 'system_resources_not_exclusive', 'gpu_placement_metadata_only']"
trmm,cova_openmp_gpu,default,fresh_process,observed,0.35847420059144497,trmm,7eb28298bd66038f57228eeb106197ae1ac32685,2,2,3f94b2a3aeb62dabee33d3188a61d501e42975b8a01970dd7d3717b65c060956,9168af76f7b62c6873ac45e920743c46191f055c32ee6a1f1df2aba5ab399d7e,['cpu'],"['reference_not_ranking', 'historical_competitors_not_rerun', 'system_resources_not_exclusive', 'gpu_placement_metadata_only']"
trmm,cova_openmp_gpu,default,same_process,observed,0.27133657643571496,trmm,7eb28298bd66038f57228eeb106197ae1ac32685,6,3,3f94b2a3aeb62dabee33d3188a61d501e42975b8a01970dd7d3717b65c060956,9168af76f7b62c6873ac45e920743c46191f055c32ee6a1f1df2aba5ab399d7e,['cpu'],"['reference_not_ranking', 'historical_competitors_not_rerun', 'system_resources_not_exclusive', 'gpu_placement_metadata_only']"
trmm,cova_llvm_gpu,default,initialization,observed,4.783315947046503,trmm,7eb28298bd66038f57228eeb106197ae1ac32685,1,1,3f94b2a3aeb62dabee33d3188a61d501e42975b8a01970dd7d3717b65c060956,9168af76f7b62c6873ac45e920743c46191f055c32ee6a1f1df2aba5ab399d7e,['gpu'],"['reference_not_ranking', 'historical_competitors_not_rerun', 'system_resources_not_exclusive', 'gpu_placement_metadata_only']"
trmm,cova_llvm_gpu,default,fresh_process,observed,0.39953162893652916,trmm,7eb28298bd66038f57228eeb106197ae1ac32685,2,2,3f94b2a3aeb62dabee33d3188a61d501e42975b8a01970dd7d3717b65c060956,9168af76f7b62c6873ac45e920743c46191f055c32ee6a1f1df2aba5ab399d7e,['gpu'],"['reference_not_ranking', 'historical_competitors_not_rerun', 'system_resources_not_exclusive', 'gpu_placement_metadata_only']"
trmm,cova_llvm_gpu,default,same_process,observed,0.09095390199217945,trmm,7eb28298bd66038f57228eeb106197ae1ac32685,6,3,3f94b2a3aeb62dabee33d3188a61d501e42975b8a01970dd7d3717b65c060956,9168af76f7b62c6873ac45e920743c46191f055c32ee6a1f1df2aba5ab399d7e,['gpu'],"['reference_not_ranking', 'historical_competitors_not_rerun', 'system_resources_not_exclusive', 'gpu_placement_metadata_only']"
vadv,cova_serial_cpu,default,initialization,observed,12.691614150069654,vadv,7eb28298bd66038f57228eeb106197ae1ac32685,1,1,af48764eed52bcbfa917a57089296ce3be876f060430fae648ab359316609f14,300cff4f4ff45aa053437078a699f7f36c3a42bea19f7d989bd20911ef2050f4,['cpu'],"['reference_not_ranking', 'historical_competitors_not_rerun', 'system_resources_not_exclusive']"
vadv,cova_serial_cpu,default,fresh_process,observed,7.803023249958642,vadv,7eb28298bd66038f57228eeb106197ae1ac32685,2,2,af48764eed52bcbfa917a57089296ce3be876f060430fae648ab359316609f14,300cff4f4ff45aa053437078a699f7f36c3a42bea19f7d989bd20911ef2050f4,['cpu'],"['reference_not_ranking', 'historical_competitors_not_rerun', 'system_resources_not_exclusive']"
vadv,cova_serial_cpu,default,same_process,observed,7.935358582995832,vadv,7eb28298bd66038f57228eeb106197ae1ac32685,6,3,af48764eed52bcbfa917a57089296ce3be876f060430fae648ab359316609f14,300cff4f4ff45aa053437078a699f7f36c3a42bea19f7d989bd20911ef2050f4,['cpu'],"['reference_not_ranking', 'historical_competitors_not_rerun', 'system_resources_not_exclusive']"
vadv,cova_openmp_cpu,default,initialization,observed,12.59215828194283,vadv,7eb28298bd66038f57228eeb106197ae1ac32685,1,1,af48764eed52bcbfa917a57089296ce3be876f060430fae648ab359316609f14,300cff4f4ff45aa053437078a699f7f36c3a42bea19f7d989bd20911ef2050f4,['cpu'],"['reference_not_ranking', 'historical_competitors_not_rerun', 'system_resources_not_exclusive']"
vadv,cova_openmp_cpu,default,fresh_process,observed,7.977075309026986,vadv,7eb28298bd66038f57228eeb106197ae1ac32685,2,2,af48764eed52bcbfa917a57089296ce3be876f060430fae648ab359316609f14,300cff4f4ff45aa053437078a699f7f36c3a42bea19f7d989bd20911ef2050f4,['cpu'],"['reference_not_ranking', 'historical_competitors_not_rerun', 'system_resources_not_exclusive']"
vadv,cova_openmp_cpu,default,same_process,observed,7.595051991986111,vadv,7eb28298bd66038f57228eeb106197ae1ac32685,6,3,af48764eed52bcbfa917a57089296ce3be876f060430fae648ab359316609f14,300cff4f4ff45aa053437078a699f7f36c3a42bea19f7d989bd20911ef2050f4,['cpu'],"['reference_not_ranking', 'historical_competitors_not_rerun', 'system_resources_not_exclusive']"
vadv,cova_llvm_cpu_serial,default,initialization,observed,15.419331741053611,vadv,7eb28298bd66038f57228eeb106197ae1ac32685,1,1,af48764eed52bcbfa917a57089296ce3be876f060430fae648ab359316609f14,300cff4f4ff45aa053437078a699f7f36c3a42bea19f7d989bd20911ef2050f4,['cpu'],"['reference_not_ranking', 'historical_competitors_not_rerun', 'system_resources_not_exclusive']"
vadv,cova_llvm_cpu_serial,default,fresh_process,observed,9.304755957913585,vadv,7eb28298bd66038f57228eeb106197ae1ac32685,2,2,af48764eed52bcbfa917a57089296ce3be876f060430fae648ab359316609f14,300cff4f4ff45aa053437078a699f7f36c3a42bea19f7d989bd20911ef2050f4,['cpu'],"['reference_not_ranking', 'historical_competitors_not_rerun', 'system_resources_not_exclusive']"
vadv,cova_llvm_cpu_serial,default,same_process,observed,8.338389317155816,vadv,7eb28298bd66038f57228eeb106197ae1ac32685,6,3,af48764eed52bcbfa917a57089296ce3be876f060430fae648ab359316609f14,300cff4f4ff45aa053437078a699f7f36c3a42bea19f7d989bd20911ef2050f4,['cpu'],"['reference_not_ranking', 'historical_competitors_not_rerun', 'system_resources_not_exclusive']"
vadv,cova_llvm_cpu,default,initialization,observed,15.407291625859216,vadv,7eb28298bd66038f57228eeb106197ae1ac32685,1,1,af48764eed52bcbfa917a57089296ce3be876f060430fae648ab359316609f14,300cff4f4ff45aa053437078a699f7f36c3a42bea19f7d989bd20911ef2050f4,['cpu'],"['reference_not_ranking', 'historical_competitors_not_rerun', 'system_resources_not_exclusive']"
vadv,cova_llvm_cpu,default,fresh_process,observed,4.286248983466066,vadv,7eb28298bd66038f57228eeb106197ae1ac32685,2,2,af48764eed52bcbfa917a57089296ce3be876f060430fae648ab359316609f14,300cff4f4ff45aa053437078a699f7f36c3a42bea19f7d989bd20911ef2050f4,['cpu'],"['reference_not_ranking', 'historical_competitors_not_rerun', 'system_resources_not_exclusive']"
vadv,cova_llvm_cpu,default,same_process,observed,3.6346410914557055,vadv,7eb28298bd66038f57228eeb106197ae1ac32685,6,3,af48764eed52bcbfa917a57089296ce3be876f060430fae648ab359316609f14,300cff4f4ff45aa053437078a699f7f36c3a42bea19f7d989bd20911ef2050f4,['cpu'],"['reference_not_ranking', 'historical_competitors_not_rerun', 'system_resources_not_exclusive']"
vadv,cova_openmp_gpu,default,initialization,observed,18.439044708153233,vadv,7eb28298bd66038f57228eeb106197ae1ac32685,1,1,af48764eed52bcbfa917a57089296ce3be876f060430fae648ab359316609f14,300cff4f4ff45aa053437078a699f7f36c3a42bea19f7d989bd20911ef2050f4,['cpu'],"['reference_not_ranking', 'historical_competitors_not_rerun', 'system_resources_not_exclusive', 'gpu_placement_metadata_only']"
vadv,cova_openmp_gpu,default,fresh_process,observed,8.977726545534097,vadv,7eb28298bd66038f57228eeb106197ae1ac32685,2,2,af48764eed52bcbfa917a57089296ce3be876f060430fae648ab359316609f14,300cff4f4ff45aa053437078a699f7f36c3a42bea19f7d989bd20911ef2050f4,['cpu'],"['reference_not_ranking', 'historical_competitors_not_rerun', 'system_resources_not_exclusive', 'gpu_placement_metadata_only']"
vadv,cova_openmp_gpu,default,same_process,observed,8.666650863364339,vadv,7eb28298bd66038f57228eeb106197ae1ac32685,6,3,af48764eed52bcbfa917a57089296ce3be876f060430fae648ab359316609f14,300cff4f4ff45aa053437078a699f7f36c3a42bea19f7d989bd20911ef2050f4,['cpu'],"['reference_not_ranking', 'historical_competitors_not_rerun', 'system_resources_not_exclusive', 'gpu_placement_metadata_only']"
vadv,cova_llvm_gpu,default,initialization,observed,8.472419616999105,vadv,7eb28298bd66038f57228eeb106197ae1ac32685,1,1,af48764eed52bcbfa917a57089296ce3be876f060430fae648ab359316609f14,300cff4f4ff45aa053437078a699f7f36c3a42bea19f7d989bd20911ef2050f4,['mixed'],"['reference_not_ranking', 'historical_competitors_not_rerun', 'system_resources_not_exclusive', 'gpu_placement_metadata_only']"
vadv,cova_llvm_gpu,default,fresh_process,observed,0.462256450089626,vadv,7eb28298bd66038f57228eeb106197ae1ac32685,2,2,af48764eed52bcbfa917a57089296ce3be876f060430fae648ab359316609f14,300cff4f4ff45aa053437078a699f7f36c3a42bea19f7d989bd20911ef2050f4,['mixed'],"['reference_not_ranking', 'historical_competitors_not_rerun', 'system_resources_not_exclusive', 'gpu_placement_metadata_only']"
vadv,cova_llvm_gpu,default,same_process,observed,0.12231912603601813,vadv,7eb28298bd66038f57228eeb106197ae1ac32685,6,3,af48764eed52bcbfa917a57089296ce3be876f060430fae648ab359316609f14,300cff4f4ff45aa053437078a699f7f36c3a42bea19f7d989bd20911ef2050f4,['mixed'],"['reference_not_ranking', 'historical_competitors_not_rerun', 'system_resources_not_exclusive', 'gpu_placement_metadata_only']"
