benchmark,framework,implementation,phase,state,seconds,selected_source,source_version,samples,processes,golden_sha256,reported_devices,restriction_reasons
adi_corrected,numpy,default,initialization,observed,1.523410082794726,workload-repairs/cold-L,,3,3,44fae57bf7759f2639279283ba275bd89bd5df1bf8f5d46bee32e1d87e87c452,,between_process_variability
adi_corrected,numba,nopython-mode,initialization,observed,4.630719186738133,workload-repairs/cold-L,,3,3,44fae57bf7759f2639279283ba275bd89bd5df1bf8f5d46bee32e1d87e87c452,,
adi_corrected,numba,nopython-mode-parallel,initialization,observed,31.77548001939431,workload-repairs/cold-L,,3,3,44fae57bf7759f2639279283ba275bd89bd5df1bf8f5d46bee32e1d87e87c452,,between_process_variability
adi_corrected,numba,nopython-mode-parallel-range,initialization,N/A,,,,,,,,
adi_corrected,numba,object-mode,initialization,N/A,,,,,,,,
adi_corrected,numba,object-mode-parallel,initialization,N/A,,,,,,,,
adi_corrected,numba,object-mode-parallel-range,initialization,N/A,,,,,,,,
adi_corrected,dace_cpu,fusion,initialization,observed,22.62076201895252,workload-repairs/cold-L,,3,3,44fae57bf7759f2639279283ba275bd89bd5df1bf8f5d46bee32e1d87e87c452,,between_process_variability
adi_corrected,dace_cpu,parallel,initialization,observed,23.499315812252462,workload-repairs/cold-L,,3,3,44fae57bf7759f2639279283ba275bd89bd5df1bf8f5d46bee32e1d87e87c452,,between_process_variability
adi_corrected,dace_cpu,auto_opt,initialization,observed,23.016679828986526,workload-repairs/cold-L,,3,3,44fae57bf7759f2639279283ba275bd89bd5df1bf8f5d46bee32e1d87e87c452,,
adi_corrected,dace_gpu,fusion,initialization,observed,31.46354488423094,workload-repairs/cold-L,,3,3,44fae57bf7759f2639279283ba275bd89bd5df1bf8f5d46bee32e1d87e87c452,,
adi_corrected,dace_gpu,parallel,initialization,observed,31.093344418797642,workload-repairs/cold-L,,3,3,44fae57bf7759f2639279283ba275bd89bd5df1bf8f5d46bee32e1d87e87c452,,
adi_corrected,dace_gpu,auto_opt,initialization,observed,34.26996370591223,workload-repairs/cold-L,,3,3,44fae57bf7759f2639279283ba275bd89bd5df1bf8f5d46bee32e1d87e87c452,,
adi_corrected,cupy,default,initialization,observed,15.462024519685656,workload-repairs/cold-L,,3,3,44fae57bf7759f2639279283ba275bd89bd5df1bf8f5d46bee32e1d87e87c452,,between_process_variability
arc_distance,numpy,default,initialization,observed,1.0591460932046175,historical_main,,1,1,c9a5d51d680eeff18f5d5e1a8bd8a4acc4d771e072238396fee0333ed61696be,,
arc_distance,numba,nopython-mode,initialization,observed,2.4792272113263607,historical_main,,1,1,c9a5d51d680eeff18f5d5e1a8bd8a4acc4d771e072238396fee0333ed61696be,,
arc_distance,numba,nopython-mode-parallel,initialization,observed,1.5481611918658018,historical_main,,1,1,c9a5d51d680eeff18f5d5e1a8bd8a4acc4d771e072238396fee0333ed61696be,,
arc_distance,numba,nopython-mode-parallel-range,initialization,N/A,,,,,,,,
arc_distance,numba,object-mode,initialization,N/A,,,,,,,,
arc_distance,numba,object-mode-parallel,initialization,N/A,,,,,,,,
arc_distance,numba,object-mode-parallel-range,initialization,N/A,,,,,,,,
arc_distance,dace_cpu,fusion,initialization,observed,6.692087715957314,historical_main,,1,1,c9a5d51d680eeff18f5d5e1a8bd8a4acc4d771e072238396fee0333ed61696be,,
arc_distance,dace_cpu,parallel,initialization,observed,6.617998419795185,historical_main,,1,1,c9a5d51d680eeff18f5d5e1a8bd8a4acc4d771e072238396fee0333ed61696be,,
arc_distance,dace_cpu,auto_opt,initialization,observed,6.82259490294382,historical_main,,1,1,c9a5d51d680eeff18f5d5e1a8bd8a4acc4d771e072238396fee0333ed61696be,,
arc_distance,dace_gpu,fusion,initialization,observed,25.697793082799762,historical_main,,1,1,c9a5d51d680eeff18f5d5e1a8bd8a4acc4d771e072238396fee0333ed61696be,,
arc_distance,dace_gpu,parallel,initialization,observed,23.85904806992039,historical_main,,1,1,c9a5d51d680eeff18f5d5e1a8bd8a4acc4d771e072238396fee0333ed61696be,,
arc_distance,dace_gpu,auto_opt,initialization,observed,25.08999514626339,historical_main,,1,1,c9a5d51d680eeff18f5d5e1a8bd8a4acc4d771e072238396fee0333ed61696be,,
arc_distance,cupy,default,initialization,observed,1.655647800769657,historical_main,,1,1,c9a5d51d680eeff18f5d5e1a8bd8a4acc4d771e072238396fee0333ed61696be,,
atax,numpy,default,initialization,observed,0.14480328187346458,historical_main,,1,1,30d1cbd8bc811b325570c9fdb182323781764974a74f27916f06ba12e9a7baef,,
atax,numba,nopython-mode,initialization,observed,1.5100604458712041,historical_main,,1,1,30d1cbd8bc811b325570c9fdb182323781764974a74f27916f06ba12e9a7baef,,
atax,numba,nopython-mode-parallel,initialization,observed,1.6111895120702684,historical_main,,1,1,30d1cbd8bc811b325570c9fdb182323781764974a74f27916f06ba12e9a7baef,,
atax,numba,nopython-mode-parallel-range,initialization,N/A,,,,,,,,
atax,numba,object-mode,initialization,N/A,,,,,,,,
atax,numba,object-mode-parallel,initialization,N/A,,,,,,,,
atax,numba,object-mode-parallel-range,initialization,N/A,,,,,,,,
atax,dace_cpu,fusion,initialization,observed,7.468842007685453,historical_main,,1,1,30d1cbd8bc811b325570c9fdb182323781764974a74f27916f06ba12e9a7baef,,
atax,dace_cpu,parallel,initialization,observed,7.207164629828185,historical_main,,1,1,30d1cbd8bc811b325570c9fdb182323781764974a74f27916f06ba12e9a7baef,,
atax,dace_cpu,auto_opt,initialization,observed,7.436477560084313,historical_main,,1,1,30d1cbd8bc811b325570c9fdb182323781764974a74f27916f06ba12e9a7baef,,
atax,dace_gpu,fusion,initialization,observed,30.9332552771084,historical_main,,1,1,30d1cbd8bc811b325570c9fdb182323781764974a74f27916f06ba12e9a7baef,,
atax,dace_gpu,parallel,initialization,observed,28.363382969982922,historical_main,,1,1,30d1cbd8bc811b325570c9fdb182323781764974a74f27916f06ba12e9a7baef,,
atax,dace_gpu,auto_opt,initialization,observed,28.862349746748805,historical_main,,1,1,30d1cbd8bc811b325570c9fdb182323781764974a74f27916f06ba12e9a7baef,,
atax,cupy,default,initialization,observed,3.31989177595824,historical_main,,1,1,30d1cbd8bc811b325570c9fdb182323781764974a74f27916f06ba12e9a7baef,,
azimint_hist,numpy,default,initialization,observed,0.5724683250300586,historical_main,,1,1,d714677a44d27aec51292ca83b9b3ba9c1835b7ac786bbd295a407ecfa03d47f,,
azimint_hist,numba,nopython-mode,initialization,observed,2.015096148941666,historical_main,,1,1,d714677a44d27aec51292ca83b9b3ba9c1835b7ac786bbd295a407ecfa03d47f,,
azimint_hist,numba,nopython-mode-parallel,initialization,observed,3.2756062117405236,historical_main,,1,1,d714677a44d27aec51292ca83b9b3ba9c1835b7ac786bbd295a407ecfa03d47f,,
azimint_hist,numba,nopython-mode-parallel-range,initialization,observed,5.709220761898905,workload-repairs/cold-L,,3,3,d714677a44d27aec51292ca83b9b3ba9c1835b7ac786bbd295a407ecfa03d47f,,
azimint_hist,numba,object-mode,initialization,observed,1.6050016479566693,historical_main,,1,1,d714677a44d27aec51292ca83b9b3ba9c1835b7ac786bbd295a407ecfa03d47f,,
azimint_hist,numba,object-mode-parallel,initialization,observed,1.7339732651598752,historical_main,,1,1,d714677a44d27aec51292ca83b9b3ba9c1835b7ac786bbd295a407ecfa03d47f,,
azimint_hist,numba,object-mode-parallel-range,initialization,N/A,,,,,,,,
azimint_hist,dace_cpu,fusion,initialization,observed,224.5468876049854,historical_main,,1,1,d714677a44d27aec51292ca83b9b3ba9c1835b7ac786bbd295a407ecfa03d47f,,
azimint_hist,dace_cpu,parallel,initialization,observed,217.06198547920212,historical_main,,1,1,d714677a44d27aec51292ca83b9b3ba9c1835b7ac786bbd295a407ecfa03d47f,,
azimint_hist,dace_cpu,auto_opt,initialization,observed,215.74654809897766,historical_main,,1,1,d714677a44d27aec51292ca83b9b3ba9c1835b7ac786bbd295a407ecfa03d47f,,
azimint_hist,dace_gpu,fusion,initialization,observed,24.531392528209835,historical_main,,1,1,d714677a44d27aec51292ca83b9b3ba9c1835b7ac786bbd295a407ecfa03d47f,,
azimint_hist,dace_gpu,parallel,initialization,observed,26.742535097058862,historical_main,,1,1,d714677a44d27aec51292ca83b9b3ba9c1835b7ac786bbd295a407ecfa03d47f,,
azimint_hist,dace_gpu,auto_opt,initialization,observed,27.821278055664152,historical_main,,1,1,d714677a44d27aec51292ca83b9b3ba9c1835b7ac786bbd295a407ecfa03d47f,,
azimint_hist,cupy,default,initialization,observed,1.963979098945856,historical_main,,1,1,d714677a44d27aec51292ca83b9b3ba9c1835b7ac786bbd295a407ecfa03d47f,,
azimint_naive,numpy,default,initialization,observed,49.487638163845986,historical_main,,1,1,10e5a4ce8b6fe96db84b8d28fc35df47e5ddd295dfddf44939fc8ac5c8795b6d,,
azimint_naive,numba,nopython-mode,initialization,observed,70.13723061187193,historical_main,,1,1,10e5a4ce8b6fe96db84b8d28fc35df47e5ddd295dfddf44939fc8ac5c8795b6d,,
azimint_naive,numba,nopython-mode-parallel,initialization,observed,50.68507061479613,historical_main,,1,1,10e5a4ce8b6fe96db84b8d28fc35df47e5ddd295dfddf44939fc8ac5c8795b6d,,
azimint_naive,numba,nopython-mode-parallel-range,initialization,observed,6.615525438915938,historical_main,,1,1,10e5a4ce8b6fe96db84b8d28fc35df47e5ddd295dfddf44939fc8ac5c8795b6d,,
azimint_naive,numba,object-mode,initialization,N/A,,,,,,,,
azimint_naive,numba,object-mode-parallel,initialization,N/A,,,,,,,,
azimint_naive,numba,object-mode-parallel-range,initialization,N/A,,,,,,,,
azimint_naive,dace_cpu,fusion,initialization,observed,80.51875601895154,historical_main,,1,1,10e5a4ce8b6fe96db84b8d28fc35df47e5ddd295dfddf44939fc8ac5c8795b6d,,
azimint_naive,dace_cpu,parallel,initialization,observed,66.99361746991053,historical_main,,1,1,10e5a4ce8b6fe96db84b8d28fc35df47e5ddd295dfddf44939fc8ac5c8795b6d,,
azimint_naive,dace_cpu,auto_opt,initialization,observed,73.463956059888,historical_main,,1,1,10e5a4ce8b6fe96db84b8d28fc35df47e5ddd295dfddf44939fc8ac5c8795b6d,,
azimint_naive,dace_gpu,fusion,initialization,observed,27.694643353112042,historical_main,,1,1,10e5a4ce8b6fe96db84b8d28fc35df47e5ddd295dfddf44939fc8ac5c8795b6d,,
azimint_naive,dace_gpu,parallel,initialization,error,,historical_main,,0,0,10e5a4ce8b6fe96db84b8d28fc35df47e5ddd295dfddf44939fc8ac5c8795b6d,,
azimint_naive,dace_gpu,auto_opt,initialization,error,,historical_main,,0,0,10e5a4ce8b6fe96db84b8d28fc35df47e5ddd295dfddf44939fc8ac5c8795b6d,,
azimint_naive,cupy,default,initialization,observed,4.114629360381514,historical_main,,1,1,10e5a4ce8b6fe96db84b8d28fc35df47e5ddd295dfddf44939fc8ac5c8795b6d,,
bicg,numpy,default,initialization,observed,0.14816331584006548,historical_main,,1,1,77e9adb788612e39af05a751b80c16198c5c53c1997f2c21ca5d1cefa59811c3,,
bicg,numba,nopython-mode,initialization,observed,1.6311889942735434,historical_main,,1,1,77e9adb788612e39af05a751b80c16198c5c53c1997f2c21ca5d1cefa59811c3,,
bicg,numba,nopython-mode-parallel,initialization,observed,1.0399853847920895,historical_main,,1,1,77e9adb788612e39af05a751b80c16198c5c53c1997f2c21ca5d1cefa59811c3,,
bicg,numba,nopython-mode-parallel-range,initialization,N/A,,,,,,,,
bicg,numba,object-mode,initialization,N/A,,,,,,,,
bicg,numba,object-mode-parallel,initialization,N/A,,,,,,,,
bicg,numba,object-mode-parallel-range,initialization,N/A,,,,,,,,
bicg,dace_cpu,fusion,initialization,observed,7.409877752885222,historical_main,,1,1,77e9adb788612e39af05a751b80c16198c5c53c1997f2c21ca5d1cefa59811c3,,
bicg,dace_cpu,parallel,initialization,observed,7.216289222706109,historical_main,,1,1,77e9adb788612e39af05a751b80c16198c5c53c1997f2c21ca5d1cefa59811c3,,
bicg,dace_cpu,auto_opt,initialization,observed,7.393626807723194,historical_main,,1,1,77e9adb788612e39af05a751b80c16198c5c53c1997f2c21ca5d1cefa59811c3,,
bicg,dace_gpu,fusion,initialization,observed,28.238394767045975,historical_main,,1,1,77e9adb788612e39af05a751b80c16198c5c53c1997f2c21ca5d1cefa59811c3,,
bicg,dace_gpu,parallel,initialization,observed,27.36415921896696,historical_main,,1,1,77e9adb788612e39af05a751b80c16198c5c53c1997f2c21ca5d1cefa59811c3,,
bicg,dace_gpu,auto_opt,initialization,observed,26.339258632156998,historical_main,,1,1,77e9adb788612e39af05a751b80c16198c5c53c1997f2c21ca5d1cefa59811c3,,
bicg,cupy,default,initialization,observed,3.217120140325278,historical_main,,1,1,77e9adb788612e39af05a751b80c16198c5c53c1997f2c21ca5d1cefa59811c3,,
cavity_flow,numpy,default,initialization,observed,0.7528192489407957,historical_main,,1,1,33c1dcf4ea4c8afb398c3db57686f19a59239f440846cca31b92bee224e3c662,,
cavity_flow,numba,nopython-mode,initialization,observed,9.045360945165157,historical_main,,1,1,33c1dcf4ea4c8afb398c3db57686f19a59239f440846cca31b92bee224e3c662,,
cavity_flow,numba,nopython-mode-parallel,initialization,error,,historical_main,,0,0,33c1dcf4ea4c8afb398c3db57686f19a59239f440846cca31b92bee224e3c662,,
cavity_flow,numba,nopython-mode-parallel-range,initialization,N/A,,,,,,,,
cavity_flow,numba,object-mode,initialization,N/A,,,,,,,,
cavity_flow,numba,object-mode-parallel,initialization,N/A,,,,,,,,
cavity_flow,numba,object-mode-parallel-range,initialization,N/A,,,,,,,,
cavity_flow,dace_cpu,fusion,initialization,observed,15.789043120108545,historical_main,,1,1,33c1dcf4ea4c8afb398c3db57686f19a59239f440846cca31b92bee224e3c662,,
cavity_flow,dace_cpu,parallel,initialization,observed,14.250274941790849,historical_main,,1,1,33c1dcf4ea4c8afb398c3db57686f19a59239f440846cca31b92bee224e3c662,,
cavity_flow,dace_cpu,auto_opt,initialization,observed,19.076331539079547,historical_main,,1,1,33c1dcf4ea4c8afb398c3db57686f19a59239f440846cca31b92bee224e3c662,,
cavity_flow,dace_gpu,fusion,initialization,observed,29.77706649992615,historical_main,,1,1,33c1dcf4ea4c8afb398c3db57686f19a59239f440846cca31b92bee224e3c662,,
cavity_flow,dace_gpu,parallel,initialization,observed,30.18305176589638,historical_main,,1,1,33c1dcf4ea4c8afb398c3db57686f19a59239f440846cca31b92bee224e3c662,,
cavity_flow,dace_gpu,auto_opt,initialization,observed,34.42104831384495,historical_main,,1,1,33c1dcf4ea4c8afb398c3db57686f19a59239f440846cca31b92bee224e3c662,,
cavity_flow,cupy,default,initialization,observed,4.077347380109131,historical_main,,1,1,33c1dcf4ea4c8afb398c3db57686f19a59239f440846cca31b92bee224e3c662,,
channel_flow,numpy,default,initialization,observed,5.99419139418751,historical_main,,1,1,131f13ee629eff4bbfc04696d2acdcf8be8c111de0037039e4ac5c934e15a280,,
channel_flow,numba,nopython-mode,initialization,observed,19.47094691777602,historical_main,,1,1,131f13ee629eff4bbfc04696d2acdcf8be8c111de0037039e4ac5c934e15a280,,
channel_flow,numba,nopython-mode-parallel,initialization,observed,53.71464171027765,historical_main,,1,1,131f13ee629eff4bbfc04696d2acdcf8be8c111de0037039e4ac5c934e15a280,,
channel_flow,numba,nopython-mode-parallel-range,initialization,N/A,,,,,,,,
channel_flow,numba,object-mode,initialization,N/A,,,,,,,,
channel_flow,numba,object-mode-parallel,initialization,N/A,,,,,,,,
channel_flow,numba,object-mode-parallel-range,initialization,N/A,,,,,,,,
channel_flow,dace_cpu,fusion,initialization,observed,132.92077636811882,historical_main,,1,1,131f13ee629eff4bbfc04696d2acdcf8be8c111de0037039e4ac5c934e15a280,,
channel_flow,dace_cpu,parallel,initialization,observed,126.79350018221885,historical_main,,1,1,131f13ee629eff4bbfc04696d2acdcf8be8c111de0037039e4ac5c934e15a280,,
channel_flow,dace_cpu,auto_opt,initialization,observed,100.3632717630826,historical_main,,1,1,131f13ee629eff4bbfc04696d2acdcf8be8c111de0037039e4ac5c934e15a280,,
channel_flow,dace_gpu,fusion,initialization,observed,44.14638776099309,historical_main,,1,1,131f13ee629eff4bbfc04696d2acdcf8be8c111de0037039e4ac5c934e15a280,,
channel_flow,dace_gpu,parallel,initialization,observed,46.02949420362711,historical_main,,1,1,131f13ee629eff4bbfc04696d2acdcf8be8c111de0037039e4ac5c934e15a280,,
channel_flow,dace_gpu,auto_opt,initialization,observed,51.42089199088514,historical_main,,1,1,131f13ee629eff4bbfc04696d2acdcf8be8c111de0037039e4ac5c934e15a280,,
channel_flow,cupy,default,initialization,observed,18.45487123169005,historical_main,,1,1,131f13ee629eff4bbfc04696d2acdcf8be8c111de0037039e4ac5c934e15a280,,
cholesky,numpy,default,initialization,observed,1.0605820999480784,historical_main,,1,1,4fbe26b28e30a4b50af30a63a5f1d483d8c2556910e84aba0ab6422938ce8d60,,
cholesky,numba,nopython-mode,initialization,observed,0.8830124549567699,historical_main,,1,1,4fbe26b28e30a4b50af30a63a5f1d483d8c2556910e84aba0ab6422938ce8d60,,
cholesky,numba,nopython-mode-parallel,initialization,observed,27.392068014945835,historical_main,,1,1,4fbe26b28e30a4b50af30a63a5f1d483d8c2556910e84aba0ab6422938ce8d60,,
cholesky,numba,nopython-mode-parallel-range,initialization,N/A,,,,,,,,
cholesky,numba,object-mode,initialization,N/A,,,,,,,,
cholesky,numba,object-mode-parallel,initialization,N/A,,,,,,,,
cholesky,numba,object-mode-parallel-range,initialization,N/A,,,,,,,,
cholesky,dace_cpu,fusion,initialization,observed,7.9123483300209045,historical_main,,1,1,4fbe26b28e30a4b50af30a63a5f1d483d8c2556910e84aba0ab6422938ce8d60,,
cholesky,dace_cpu,parallel,initialization,observed,8.3633100730367,historical_main,,1,1,4fbe26b28e30a4b50af30a63a5f1d483d8c2556910e84aba0ab6422938ce8d60,,
cholesky,dace_cpu,auto_opt,initialization,observed,8.609443576075137,historical_main,,1,1,4fbe26b28e30a4b50af30a63a5f1d483d8c2556910e84aba0ab6422938ce8d60,,
cholesky,dace_gpu,fusion,initialization,observed,35.547578083816916,historical_main,,1,1,4fbe26b28e30a4b50af30a63a5f1d483d8c2556910e84aba0ab6422938ce8d60,,
cholesky,dace_gpu,parallel,initialization,observed,36.35151871712878,historical_main,,1,1,4fbe26b28e30a4b50af30a63a5f1d483d8c2556910e84aba0ab6422938ce8d60,,
cholesky,dace_gpu,auto_opt,initialization,observed,31.984843814279884,historical_main,,1,1,4fbe26b28e30a4b50af30a63a5f1d483d8c2556910e84aba0ab6422938ce8d60,,
cholesky,cupy,default,initialization,observed,37.63448516605422,historical_main,,1,1,4fbe26b28e30a4b50af30a63a5f1d483d8c2556910e84aba0ab6422938ce8d60,,
cholesky2,numpy,default,initialization,observed,1.3711764090694487,historical_main,,1,1,b9394a55df0718e0c2862384f101bc746b522dc7acfbed649b0716c8d79c2363,,
cholesky2,numba,nopython-mode,initialization,observed,9.993163611274213,historical_main,,1,1,b9394a55df0718e0c2862384f101bc746b522dc7acfbed649b0716c8d79c2363,,
cholesky2,numba,nopython-mode-parallel,initialization,observed,8.03618407389149,historical_main,,1,1,b9394a55df0718e0c2862384f101bc746b522dc7acfbed649b0716c8d79c2363,,
cholesky2,numba,nopython-mode-parallel-range,initialization,N/A,,,,,,,,
cholesky2,numba,object-mode,initialization,N/A,,,,,,,,
cholesky2,numba,object-mode-parallel,initialization,N/A,,,,,,,,
cholesky2,numba,object-mode-parallel-range,initialization,N/A,,,,,,,,
cholesky2,dace_cpu,fusion,initialization,observed,10.224742176942527,historical_main,,1,1,b9394a55df0718e0c2862384f101bc746b522dc7acfbed649b0716c8d79c2363,,
cholesky2,dace_cpu,parallel,initialization,observed,9.698891278821975,historical_main,,1,1,b9394a55df0718e0c2862384f101bc746b522dc7acfbed649b0716c8d79c2363,,
cholesky2,dace_cpu,auto_opt,initialization,observed,9.714175839908421,historical_main,,1,1,b9394a55df0718e0c2862384f101bc746b522dc7acfbed649b0716c8d79c2363,,
cholesky2,dace_gpu,fusion,initialization,observed,25.9224493089132,historical_main,,1,1,b9394a55df0718e0c2862384f101bc746b522dc7acfbed649b0716c8d79c2363,,
cholesky2,dace_gpu,parallel,initialization,observed,24.49498424399644,historical_main,,1,1,b9394a55df0718e0c2862384f101bc746b522dc7acfbed649b0716c8d79c2363,,
cholesky2,dace_gpu,auto_opt,initialization,observed,26.144051112700254,historical_main,,1,1,b9394a55df0718e0c2862384f101bc746b522dc7acfbed649b0716c8d79c2363,,
cholesky2,cupy,default,initialization,observed,1.928509792778641,historical_main,,1,1,b9394a55df0718e0c2862384f101bc746b522dc7acfbed649b0716c8d79c2363,,
compute,numpy,default,initialization,observed,0.9323477079160511,historical_main,,1,1,c95ef8e4674e9795c2c4376c3b88240655d27d77a534d2db1cf991c275146691,,
compute,numba,nopython-mode,initialization,observed,3.0755125461146235,historical_main,,1,1,c95ef8e4674e9795c2c4376c3b88240655d27d77a534d2db1cf991c275146691,,
compute,numba,nopython-mode-parallel,initialization,observed,1.2519607902504504,historical_main,,1,1,c95ef8e4674e9795c2c4376c3b88240655d27d77a534d2db1cf991c275146691,,
compute,numba,nopython-mode-parallel-range,initialization,N/A,,,,,,,,
compute,numba,object-mode,initialization,observed,6.708856028970331,historical_main,,1,1,c95ef8e4674e9795c2c4376c3b88240655d27d77a534d2db1cf991c275146691,,
compute,numba,object-mode-parallel,initialization,observed,7.773639142978936,historical_main,,1,1,c95ef8e4674e9795c2c4376c3b88240655d27d77a534d2db1cf991c275146691,,
compute,numba,object-mode-parallel-range,initialization,N/A,,,,,,,,
compute,dace_cpu,fusion,initialization,observed,6.489122825209051,historical_main,,1,1,c95ef8e4674e9795c2c4376c3b88240655d27d77a534d2db1cf991c275146691,,
compute,dace_cpu,parallel,initialization,observed,6.442659340798855,historical_main,,1,1,c95ef8e4674e9795c2c4376c3b88240655d27d77a534d2db1cf991c275146691,,
compute,dace_cpu,auto_opt,initialization,observed,7.039985387120396,historical_main,,1,1,c95ef8e4674e9795c2c4376c3b88240655d27d77a534d2db1cf991c275146691,,
compute,dace_gpu,fusion,initialization,observed,26.187216436024755,historical_main,,1,1,c95ef8e4674e9795c2c4376c3b88240655d27d77a534d2db1cf991c275146691,,
compute,dace_gpu,parallel,initialization,observed,27.641239306889474,historical_main,,1,1,c95ef8e4674e9795c2c4376c3b88240655d27d77a534d2db1cf991c275146691,,
compute,dace_gpu,auto_opt,initialization,observed,27.88517654221505,historical_main,,1,1,c95ef8e4674e9795c2c4376c3b88240655d27d77a534d2db1cf991c275146691,,
compute,cupy,default,initialization,observed,5.895034016110003,historical_main,,1,1,c95ef8e4674e9795c2c4376c3b88240655d27d77a534d2db1cf991c275146691,,
contour_integral,numpy,default,initialization,observed,2.2635715110227466,historical_main,,1,1,96e60b8e822b16860d5bd015f984ac2828ce239aab0d0628d36a60c7c4be7697,,
contour_integral,numba,nopython-mode,initialization,observed,8.163138031959534,historical_main,,1,1,96e60b8e822b16860d5bd015f984ac2828ce239aab0d0628d36a60c7c4be7697,,
contour_integral,numba,nopython-mode-parallel,initialization,observed,12.412202365230769,historical_main,,1,1,96e60b8e822b16860d5bd015f984ac2828ce239aab0d0628d36a60c7c4be7697,,
contour_integral,numba,nopython-mode-parallel-range,initialization,observed,17.237144980113953,historical_main,,1,1,96e60b8e822b16860d5bd015f984ac2828ce239aab0d0628d36a60c7c4be7697,,
contour_integral,numba,object-mode,initialization,N/A,,,,,,,,
contour_integral,numba,object-mode-parallel,initialization,N/A,,,,,,,,
contour_integral,numba,object-mode-parallel-range,initialization,N/A,,,,,,,,
contour_integral,dace_cpu,fusion,initialization,observed,14.761631520930678,historical_main,,1,1,96e60b8e822b16860d5bd015f984ac2828ce239aab0d0628d36a60c7c4be7697,,
contour_integral,dace_cpu,parallel,initialization,observed,15.144992767367512,historical_main,,1,1,96e60b8e822b16860d5bd015f984ac2828ce239aab0d0628d36a60c7c4be7697,,
contour_integral,dace_cpu,auto_opt,initialization,observed,15.273606209084392,historical_main,,1,1,96e60b8e822b16860d5bd015f984ac2828ce239aab0d0628d36a60c7c4be7697,,
contour_integral,dace_gpu,fusion,initialization,validation,,historical_main,,0,0,96e60b8e822b16860d5bd015f984ac2828ce239aab0d0628d36a60c7c4be7697,,
contour_integral,dace_gpu,parallel,initialization,validation,,historical_main,,0,0,96e60b8e822b16860d5bd015f984ac2828ce239aab0d0628d36a60c7c4be7697,,
contour_integral,dace_gpu,auto_opt,initialization,validation,,historical_main,,0,0,96e60b8e822b16860d5bd015f984ac2828ce239aab0d0628d36a60c7c4be7697,,
contour_integral,cupy,default,initialization,observed,2.150626828894019,historical_main,,1,1,96e60b8e822b16860d5bd015f984ac2828ce239aab0d0628d36a60c7c4be7697,,
conv2d_bias,numpy,default,initialization,observed,1.616322009358555,historical_main,,1,1,3652f4ad2c784bef2f715b7aa13d7e3a9d461dbdbed77498119dc3c0f00cc660,,
conv2d_bias,numba,nopython-mode,initialization,observed,31.725043590180576,historical_main,,1,1,3652f4ad2c784bef2f715b7aa13d7e3a9d461dbdbed77498119dc3c0f00cc660,,
conv2d_bias,numba,nopython-mode-parallel,initialization,observed,33.64510569628328,historical_main,,1,1,3652f4ad2c784bef2f715b7aa13d7e3a9d461dbdbed77498119dc3c0f00cc660,,
conv2d_bias,numba,nopython-mode-parallel-range,initialization,observed,47.05568096367642,historical_main,,1,1,3652f4ad2c784bef2f715b7aa13d7e3a9d461dbdbed77498119dc3c0f00cc660,,
conv2d_bias,numba,object-mode,initialization,error,,historical_main,,0,0,3652f4ad2c784bef2f715b7aa13d7e3a9d461dbdbed77498119dc3c0f00cc660,,
conv2d_bias,numba,object-mode-parallel,initialization,error,,historical_main,,0,0,3652f4ad2c784bef2f715b7aa13d7e3a9d461dbdbed77498119dc3c0f00cc660,,
conv2d_bias,numba,object-mode-parallel-range,initialization,observed,3.2542546880431473,historical_main,,1,1,3652f4ad2c784bef2f715b7aa13d7e3a9d461dbdbed77498119dc3c0f00cc660,,
conv2d_bias,dace_cpu,fusion,initialization,observed,10.763654218055308,historical_main,,1,1,3652f4ad2c784bef2f715b7aa13d7e3a9d461dbdbed77498119dc3c0f00cc660,,
conv2d_bias,dace_cpu,parallel,initialization,observed,11.61171009298414,historical_main,,1,1,3652f4ad2c784bef2f715b7aa13d7e3a9d461dbdbed77498119dc3c0f00cc660,,
conv2d_bias,dace_cpu,auto_opt,initialization,observed,11.540937293786556,historical_main,,1,1,3652f4ad2c784bef2f715b7aa13d7e3a9d461dbdbed77498119dc3c0f00cc660,,
conv2d_bias,dace_gpu,fusion,initialization,validation,,historical_main,,0,0,3652f4ad2c784bef2f715b7aa13d7e3a9d461dbdbed77498119dc3c0f00cc660,,
conv2d_bias,dace_gpu,parallel,initialization,validation,,historical_main,,0,0,3652f4ad2c784bef2f715b7aa13d7e3a9d461dbdbed77498119dc3c0f00cc660,,
conv2d_bias,dace_gpu,auto_opt,initialization,validation,,historical_main,,0,0,3652f4ad2c784bef2f715b7aa13d7e3a9d461dbdbed77498119dc3c0f00cc660,,
conv2d_bias,cupy,default,initialization,observed,2.37950681662187,historical_main,,1,1,3652f4ad2c784bef2f715b7aa13d7e3a9d461dbdbed77498119dc3c0f00cc660,,
correlation,numpy,default,initialization,observed,1.3548629749566317,historical_main,,1,1,90af084039550dbfa1b2c0aafc8d4694c42209b191fd5b47f0314658efaf5513,,
correlation,numba,nopython-mode,initialization,observed,154.1558623528108,historical_main,,1,1,90af084039550dbfa1b2c0aafc8d4694c42209b191fd5b47f0314658efaf5513,,
correlation,numba,nopython-mode-parallel,initialization,error,,historical_main,,0,0,90af084039550dbfa1b2c0aafc8d4694c42209b191fd5b47f0314658efaf5513,,
correlation,numba,nopython-mode-parallel-range,initialization,error,,historical_main,,0,0,90af084039550dbfa1b2c0aafc8d4694c42209b191fd5b47f0314658efaf5513,,
correlation,numba,object-mode,initialization,observed,154.2142096296884,historical_main,,1,1,90af084039550dbfa1b2c0aafc8d4694c42209b191fd5b47f0314658efaf5513,,
correlation,numba,object-mode-parallel,initialization,observed,269.79632226517424,historical_main,,1,1,90af084039550dbfa1b2c0aafc8d4694c42209b191fd5b47f0314658efaf5513,,
correlation,numba,object-mode-parallel-range,initialization,observed,2.8347903341054916,historical_main,,1,1,90af084039550dbfa1b2c0aafc8d4694c42209b191fd5b47f0314658efaf5513,,
correlation,dace_cpu,fusion,initialization,observed,10.811444736085832,historical_main,,1,1,90af084039550dbfa1b2c0aafc8d4694c42209b191fd5b47f0314658efaf5513,,
correlation,dace_cpu,parallel,initialization,observed,10.597626477014273,historical_main,,1,1,90af084039550dbfa1b2c0aafc8d4694c42209b191fd5b47f0314658efaf5513,,
correlation,dace_cpu,auto_opt,initialization,observed,10.668187091127038,historical_main,,1,1,90af084039550dbfa1b2c0aafc8d4694c42209b191fd5b47f0314658efaf5513,,
correlation,dace_gpu,fusion,initialization,observed,27.07021830789745,historical_main,,1,1,90af084039550dbfa1b2c0aafc8d4694c42209b191fd5b47f0314658efaf5513,,
correlation,dace_gpu,parallel,initialization,observed,26.95434442674741,historical_main,,1,1,90af084039550dbfa1b2c0aafc8d4694c42209b191fd5b47f0314658efaf5513,,
correlation,dace_gpu,auto_opt,initialization,observed,26.93333340389654,historical_main,,1,1,90af084039550dbfa1b2c0aafc8d4694c42209b191fd5b47f0314658efaf5513,,
correlation,cupy,default,initialization,observed,3.107904550153762,workload-repairs/cold-L,,3,3,a80325d29cec49a59ec855ace66ce22deb5c4598a5707696210d3afdf6a571ee,,
covariance,numpy,default,initialization,observed,1.2904733791947365,historical_main,,1,1,af17a377caed2a970d699d0afa2fcc0382f2e0ec47bdab98c00e9bb2f70fcc48,,
covariance,numba,nopython-mode,initialization,observed,157.044028126169,historical_main,,1,1,af17a377caed2a970d699d0afa2fcc0382f2e0ec47bdab98c00e9bb2f70fcc48,,
covariance,numba,nopython-mode-parallel,initialization,error,,historical_main,,0,0,af17a377caed2a970d699d0afa2fcc0382f2e0ec47bdab98c00e9bb2f70fcc48,,
covariance,numba,nopython-mode-parallel-range,initialization,error,,historical_main,,0,0,af17a377caed2a970d699d0afa2fcc0382f2e0ec47bdab98c00e9bb2f70fcc48,,
covariance,numba,object-mode,initialization,observed,146.2564051663503,historical_main,,1,1,af17a377caed2a970d699d0afa2fcc0382f2e0ec47bdab98c00e9bb2f70fcc48,,
covariance,numba,object-mode-parallel,initialization,observed,287.0829481589608,historical_main,,1,1,af17a377caed2a970d699d0afa2fcc0382f2e0ec47bdab98c00e9bb2f70fcc48,,
covariance,numba,object-mode-parallel-range,initialization,observed,2.710553392767906,historical_main,,1,1,af17a377caed2a970d699d0afa2fcc0382f2e0ec47bdab98c00e9bb2f70fcc48,,
covariance,dace_cpu,fusion,initialization,observed,75.4776813313365,historical_main,,1,1,af17a377caed2a970d699d0afa2fcc0382f2e0ec47bdab98c00e9bb2f70fcc48,,
covariance,dace_cpu,parallel,initialization,observed,75.83774845674634,historical_main,,1,1,af17a377caed2a970d699d0afa2fcc0382f2e0ec47bdab98c00e9bb2f70fcc48,,
covariance,dace_cpu,auto_opt,initialization,observed,77.29270648676902,historical_main,,1,1,af17a377caed2a970d699d0afa2fcc0382f2e0ec47bdab98c00e9bb2f70fcc48,,
covariance,dace_gpu,fusion,initialization,observed,26.987462419085205,historical_main,,1,1,af17a377caed2a970d699d0afa2fcc0382f2e0ec47bdab98c00e9bb2f70fcc48,,
covariance,dace_gpu,parallel,initialization,observed,26.614316229708493,historical_main,,1,1,af17a377caed2a970d699d0afa2fcc0382f2e0ec47bdab98c00e9bb2f70fcc48,,
covariance,dace_gpu,auto_opt,initialization,observed,26.717754100915045,historical_main,,1,1,af17a377caed2a970d699d0afa2fcc0382f2e0ec47bdab98c00e9bb2f70fcc48,,
covariance,cupy,default,initialization,observed,2.374072381760925,historical_main,,1,1,af17a377caed2a970d699d0afa2fcc0382f2e0ec47bdab98c00e9bb2f70fcc48,,
covariance2,numpy,default,initialization,observed,0.1929613151587546,historical_main,,1,1,e1424bc66fff5f5bb8acd9b4f317faa2af4ea1da59094eb63d32d82413d01c9b,,
covariance2,numba,nopython-mode,initialization,observed,4.487876869738102,historical_main,,1,1,e1424bc66fff5f5bb8acd9b4f317faa2af4ea1da59094eb63d32d82413d01c9b,,
covariance2,numba,nopython-mode-parallel,initialization,N/A,,,,,,,,
covariance2,numba,nopython-mode-parallel-range,initialization,N/A,,,,,,,,
covariance2,numba,object-mode,initialization,N/A,,,,,,,,
covariance2,numba,object-mode-parallel,initialization,N/A,,,,,,,,
covariance2,numba,object-mode-parallel-range,initialization,N/A,,,,,,,,
covariance2,dace_cpu,fusion,initialization,missing,,historical_main,,0,0,e1424bc66fff5f5bb8acd9b4f317faa2af4ea1da59094eb63d32d82413d01c9b,,
covariance2,dace_cpu,parallel,initialization,missing,,historical_main,,0,0,e1424bc66fff5f5bb8acd9b4f317faa2af4ea1da59094eb63d32d82413d01c9b,,
covariance2,dace_cpu,auto_opt,initialization,missing,,historical_main,,0,0,e1424bc66fff5f5bb8acd9b4f317faa2af4ea1da59094eb63d32d82413d01c9b,,
covariance2,dace_gpu,fusion,initialization,missing,,historical_main,,0,0,e1424bc66fff5f5bb8acd9b4f317faa2af4ea1da59094eb63d32d82413d01c9b,,
covariance2,dace_gpu,parallel,initialization,missing,,historical_main,,0,0,e1424bc66fff5f5bb8acd9b4f317faa2af4ea1da59094eb63d32d82413d01c9b,,
covariance2,dace_gpu,auto_opt,initialization,missing,,historical_main,,0,0,e1424bc66fff5f5bb8acd9b4f317faa2af4ea1da59094eb63d32d82413d01c9b,,
covariance2,cupy,default,initialization,missing,,historical_main,,0,0,e1424bc66fff5f5bb8acd9b4f317faa2af4ea1da59094eb63d32d82413d01c9b,,
crc16,numpy,default,initialization,observed,0.7487953980453312,historical_main,,1,1,f5e374255acb40d3b61ef049439a216956523578089519cdbac1c787454c279b,,
crc16,numba,nopython-mode,initialization,observed,0.6362396730110049,historical_main,,1,1,f5e374255acb40d3b61ef049439a216956523578089519cdbac1c787454c279b,,
crc16,numba,nopython-mode-parallel,initialization,observed,0.5408185129053891,historical_main,,1,1,f5e374255acb40d3b61ef049439a216956523578089519cdbac1c787454c279b,,
crc16,numba,nopython-mode-parallel-range,initialization,N/A,,,,,,,,
crc16,numba,object-mode,initialization,N/A,,,,,,,,
crc16,numba,object-mode-parallel,initialization,N/A,,,,,,,,
crc16,numba,object-mode-parallel-range,initialization,N/A,,,,,,,,
crc16,dace_cpu,fusion,initialization,observed,6.165899017825723,historical_main,,1,1,f5e374255acb40d3b61ef049439a216956523578089519cdbac1c787454c279b,,
crc16,dace_cpu,parallel,initialization,observed,6.765040454920381,historical_main,,1,1,f5e374255acb40d3b61ef049439a216956523578089519cdbac1c787454c279b,,
crc16,dace_cpu,auto_opt,initialization,observed,7.355117025785148,historical_main,,1,1,f5e374255acb40d3b61ef049439a216956523578089519cdbac1c787454c279b,,
crc16,dace_gpu,fusion,initialization,observed,28.98808261891827,historical_main,,1,1,f5e374255acb40d3b61ef049439a216956523578089519cdbac1c787454c279b,,
crc16,dace_gpu,parallel,initialization,observed,30.63403259124607,historical_main,,1,1,f5e374255acb40d3b61ef049439a216956523578089519cdbac1c787454c279b,,
crc16,dace_gpu,auto_opt,initialization,observed,28.87912840396166,historical_main,,1,1,f5e374255acb40d3b61ef049439a216956523578089519cdbac1c787454c279b,,
crc16,cupy,default,initialization,observed,103.98502915818244,historical_main,,1,1,f5e374255acb40d3b61ef049439a216956523578089519cdbac1c787454c279b,,
deriche,numpy,default,initialization,observed,0.7217139629647136,historical_main,,1,1,86bedd90fc265ce6365b560b64f12b89d3c2d5bf501294f5352e2a58074f9840,,
deriche,numba,nopython-mode,initialization,observed,7.380466990172863,historical_main,,1,1,86bedd90fc265ce6365b560b64f12b89d3c2d5bf501294f5352e2a58074f9840,,
deriche,numba,nopython-mode-parallel,initialization,observed,8.507665740791708,historical_main,,1,1,86bedd90fc265ce6365b560b64f12b89d3c2d5bf501294f5352e2a58074f9840,,
deriche,numba,nopython-mode-parallel-range,initialization,N/A,,,,,,,,
deriche,numba,object-mode,initialization,N/A,,,,,,,,
deriche,numba,object-mode-parallel,initialization,N/A,,,,,,,,
deriche,numba,object-mode-parallel-range,initialization,N/A,,,,,,,,
deriche,dace_cpu,fusion,initialization,observed,13.876569213811308,historical_main,,1,1,86bedd90fc265ce6365b560b64f12b89d3c2d5bf501294f5352e2a58074f9840,,
deriche,dace_cpu,parallel,initialization,observed,16.45218941476196,historical_main,,1,1,86bedd90fc265ce6365b560b64f12b89d3c2d5bf501294f5352e2a58074f9840,,
deriche,dace_cpu,auto_opt,initialization,observed,25.22158470796421,historical_main,,1,1,86bedd90fc265ce6365b560b64f12b89d3c2d5bf501294f5352e2a58074f9840,,
deriche,dace_gpu,fusion,initialization,observed,29.751087272074074,historical_main,,1,1,86bedd90fc265ce6365b560b64f12b89d3c2d5bf501294f5352e2a58074f9840,,
deriche,dace_gpu,parallel,initialization,observed,29.05145581299439,historical_main,,1,1,86bedd90fc265ce6365b560b64f12b89d3c2d5bf501294f5352e2a58074f9840,,
deriche,dace_gpu,auto_opt,initialization,observed,32.36977037321776,historical_main,,1,1,86bedd90fc265ce6365b560b64f12b89d3c2d5bf501294f5352e2a58074f9840,,
deriche,cupy,default,initialization,observed,5.046684381086379,historical_main,,1,1,86bedd90fc265ce6365b560b64f12b89d3c2d5bf501294f5352e2a58074f9840,,
doitgen,numpy,default,initialization,observed,2.4251418919302523,historical_main,,1,1,e54ec8efb6b8a7fe086a96f3c0074529002b4a5aad97bbd19161c0a49cf1bb9d,,
doitgen,numba,nopython-mode,initialization,observed,3.9598200088366866,historical_main,,1,1,e54ec8efb6b8a7fe086a96f3c0074529002b4a5aad97bbd19161c0a49cf1bb9d,,
doitgen,numba,nopython-mode-parallel,initialization,N/A,,,,,,,,
doitgen,numba,nopython-mode-parallel-range,initialization,N/A,,,,,,,,
doitgen,numba,object-mode,initialization,observed,3.4359586592763662,historical_main,,1,1,e54ec8efb6b8a7fe086a96f3c0074529002b4a5aad97bbd19161c0a49cf1bb9d,,
doitgen,numba,object-mode-parallel,initialization,observed,3.3497588629834354,historical_main,,1,1,e54ec8efb6b8a7fe086a96f3c0074529002b4a5aad97bbd19161c0a49cf1bb9d,,
doitgen,numba,object-mode-parallel-range,initialization,N/A,,,,,,,,
doitgen,dace_cpu,fusion,initialization,observed,9.239840122871101,historical_main,,1,1,e54ec8efb6b8a7fe086a96f3c0074529002b4a5aad97bbd19161c0a49cf1bb9d,,
doitgen,dace_cpu,parallel,initialization,observed,8.135546861216426,historical_main,,1,1,e54ec8efb6b8a7fe086a96f3c0074529002b4a5aad97bbd19161c0a49cf1bb9d,,
doitgen,dace_cpu,auto_opt,initialization,observed,8.391144447028637,historical_main,,1,1,e54ec8efb6b8a7fe086a96f3c0074529002b4a5aad97bbd19161c0a49cf1bb9d,,
doitgen,dace_gpu,fusion,initialization,observed,24.87409816775471,historical_main,,1,1,e54ec8efb6b8a7fe086a96f3c0074529002b4a5aad97bbd19161c0a49cf1bb9d,,
doitgen,dace_gpu,parallel,initialization,observed,25.530400487128645,historical_main,,1,1,e54ec8efb6b8a7fe086a96f3c0074529002b4a5aad97bbd19161c0a49cf1bb9d,,
doitgen,dace_gpu,auto_opt,initialization,observed,25.741328636184335,historical_main,,1,1,e54ec8efb6b8a7fe086a96f3c0074529002b4a5aad97bbd19161c0a49cf1bb9d,,
doitgen,cupy,default,initialization,observed,1.0572994258254766,historical_main,,1,1,e54ec8efb6b8a7fe086a96f3c0074529002b4a5aad97bbd19161c0a49cf1bb9d,,
durbin,numpy,default,initialization,observed,2.146892559248954,historical_main,,1,1,ce8fe98cca13e7ff78b2059649cf38d58a3f2af294a834c6e4698392b4e95b14,,
durbin,numba,nopython-mode,initialization,observed,4.959580887109041,historical_main,,1,1,ce8fe98cca13e7ff78b2059649cf38d58a3f2af294a834c6e4698392b4e95b14,,
durbin,numba,nopython-mode-parallel,initialization,error,,historical_main,,0,0,ce8fe98cca13e7ff78b2059649cf38d58a3f2af294a834c6e4698392b4e95b14,,
durbin,numba,nopython-mode-parallel-range,initialization,N/A,,,,,,,,
durbin,numba,object-mode,initialization,N/A,,,,,,,,
durbin,numba,object-mode-parallel,initialization,N/A,,,,,,,,
durbin,numba,object-mode-parallel-range,initialization,N/A,,,,,,,,
durbin,dace_cpu,fusion,initialization,timeout,,historical_main,,0,0,ce8fe98cca13e7ff78b2059649cf38d58a3f2af294a834c6e4698392b4e95b14,,
durbin,dace_cpu,parallel,initialization,timeout,,historical_main,,0,0,ce8fe98cca13e7ff78b2059649cf38d58a3f2af294a834c6e4698392b4e95b14,,
durbin,dace_cpu,auto_opt,initialization,timeout,,historical_main,,0,0,ce8fe98cca13e7ff78b2059649cf38d58a3f2af294a834c6e4698392b4e95b14,,
durbin,dace_gpu,fusion,initialization,observed,27.575484881177545,historical_main,,1,1,ce8fe98cca13e7ff78b2059649cf38d58a3f2af294a834c6e4698392b4e95b14,,
durbin,dace_gpu,parallel,initialization,observed,26.616175407078117,historical_main,,1,1,ce8fe98cca13e7ff78b2059649cf38d58a3f2af294a834c6e4698392b4e95b14,,
durbin,dace_gpu,auto_opt,initialization,observed,28.43076949985698,historical_main,,1,1,ce8fe98cca13e7ff78b2059649cf38d58a3f2af294a834c6e4698392b4e95b14,,
durbin,cupy,default,initialization,observed,7.614144416060299,historical_main,,1,1,ce8fe98cca13e7ff78b2059649cf38d58a3f2af294a834c6e4698392b4e95b14,,
fdtd_2d,numpy,default,initialization,observed,0.9280092613771558,historical_main,,1,1,ae503cf8154fbe07791342cfced3146fb8b1e03dbea637ba9add8796956ed94d,,
fdtd_2d,numba,nopython-mode,initialization,observed,5.39118787040934,historical_main,,1,1,ae503cf8154fbe07791342cfced3146fb8b1e03dbea637ba9add8796956ed94d,,
fdtd_2d,numba,nopython-mode-parallel,initialization,observed,4.865152378100902,historical_main,,1,1,ae503cf8154fbe07791342cfced3146fb8b1e03dbea637ba9add8796956ed94d,,
fdtd_2d,numba,nopython-mode-parallel-range,initialization,N/A,,,,,,,,
fdtd_2d,numba,object-mode,initialization,N/A,,,,,,,,
fdtd_2d,numba,object-mode-parallel,initialization,N/A,,,,,,,,
fdtd_2d,numba,object-mode-parallel-range,initialization,N/A,,,,,,,,
fdtd_2d,dace_cpu,fusion,initialization,observed,9.468729082029313,historical_main,,1,1,ae503cf8154fbe07791342cfced3146fb8b1e03dbea637ba9add8796956ed94d,,
fdtd_2d,dace_cpu,parallel,initialization,observed,8.051801183726639,historical_main,,1,1,ae503cf8154fbe07791342cfced3146fb8b1e03dbea637ba9add8796956ed94d,,
fdtd_2d,dace_cpu,auto_opt,initialization,observed,8.663285209797323,historical_main,,1,1,ae503cf8154fbe07791342cfced3146fb8b1e03dbea637ba9add8796956ed94d,,
fdtd_2d,dace_gpu,fusion,initialization,observed,24.331480995286256,historical_main,,1,1,ae503cf8154fbe07791342cfced3146fb8b1e03dbea637ba9add8796956ed94d,,
fdtd_2d,dace_gpu,parallel,initialization,observed,23.837761318776757,historical_main,,1,1,ae503cf8154fbe07791342cfced3146fb8b1e03dbea637ba9add8796956ed94d,,
fdtd_2d,dace_gpu,auto_opt,initialization,observed,24.41831828095019,historical_main,,1,1,ae503cf8154fbe07791342cfced3146fb8b1e03dbea637ba9add8796956ed94d,,
fdtd_2d,cupy,default,initialization,observed,1.2440094677731395,historical_main,,1,1,ae503cf8154fbe07791342cfced3146fb8b1e03dbea637ba9add8796956ed94d,,
floyd_warshall,numpy,default,initialization,observed,3.189187823794782,historical_main,,1,1,d80d0f1e5dc1b065b6ae583f4925157116e2c98d49b252f8e02fa8c4ffe273fe,,
floyd_warshall,numba,nopython-mode,initialization,observed,3.3609989802353084,historical_main,,1,1,d80d0f1e5dc1b065b6ae583f4925157116e2c98d49b252f8e02fa8c4ffe273fe,,
floyd_warshall,numba,nopython-mode-parallel,initialization,observed,42.60169953061268,historical_main,,1,1,d80d0f1e5dc1b065b6ae583f4925157116e2c98d49b252f8e02fa8c4ffe273fe,,
floyd_warshall,numba,nopython-mode-parallel-range,initialization,observed,1.9268981241621077,historical_main,,1,1,d80d0f1e5dc1b065b6ae583f4925157116e2c98d49b252f8e02fa8c4ffe273fe,,
floyd_warshall,numba,object-mode,initialization,observed,6.165036448277533,historical_main,,1,1,d80d0f1e5dc1b065b6ae583f4925157116e2c98d49b252f8e02fa8c4ffe273fe,,
floyd_warshall,numba,object-mode-parallel,initialization,observed,3.9040585700422525,historical_main,,1,1,d80d0f1e5dc1b065b6ae583f4925157116e2c98d49b252f8e02fa8c4ffe273fe,,
floyd_warshall,numba,object-mode-parallel-range,initialization,N/A,,,,,,,,
floyd_warshall,dace_cpu,fusion,initialization,observed,9.391505000181496,historical_main,,1,1,d80d0f1e5dc1b065b6ae583f4925157116e2c98d49b252f8e02fa8c4ffe273fe,,
floyd_warshall,dace_cpu,parallel,initialization,observed,8.150915299076587,historical_main,,1,1,d80d0f1e5dc1b065b6ae583f4925157116e2c98d49b252f8e02fa8c4ffe273fe,,
floyd_warshall,dace_cpu,auto_opt,initialization,observed,13.2313291891478,historical_main,,1,1,d80d0f1e5dc1b065b6ae583f4925157116e2c98d49b252f8e02fa8c4ffe273fe,,
floyd_warshall,dace_gpu,fusion,initialization,observed,24.777229404076934,historical_main,,1,1,d80d0f1e5dc1b065b6ae583f4925157116e2c98d49b252f8e02fa8c4ffe273fe,,
floyd_warshall,dace_gpu,parallel,initialization,observed,23.562041949946433,historical_main,,1,1,d80d0f1e5dc1b065b6ae583f4925157116e2c98d49b252f8e02fa8c4ffe273fe,,
floyd_warshall,dace_gpu,auto_opt,initialization,observed,24.492629836313426,historical_main,,1,1,d80d0f1e5dc1b065b6ae583f4925157116e2c98d49b252f8e02fa8c4ffe273fe,,
floyd_warshall,cupy,default,initialization,observed,30.896165271755308,historical_main,,1,1,d80d0f1e5dc1b065b6ae583f4925157116e2c98d49b252f8e02fa8c4ffe273fe,,
gemm,numpy,default,initialization,observed,1.5086175869219005,step5_independent_cold,,3,3,a7cad45e3e7e87c02c7a2df12b4f75774f21a5cca78b504ff8830be9107f34b6,,
gemm,numba,nopython-mode,initialization,observed,6.391301319934428,step5_independent_cold,,3,3,a7cad45e3e7e87c02c7a2df12b4f75774f21a5cca78b504ff8830be9107f34b6,,
gemm,numba,nopython-mode-parallel,initialization,observed,5.302855405956507,historical_main,,1,1,a7cad45e3e7e87c02c7a2df12b4f75774f21a5cca78b504ff8830be9107f34b6,,
gemm,numba,nopython-mode-parallel-range,initialization,N/A,,,,,,,,
gemm,numba,object-mode,initialization,N/A,,,,,,,,
gemm,numba,object-mode-parallel,initialization,N/A,,,,,,,,
gemm,numba,object-mode-parallel-range,initialization,N/A,,,,,,,,
gemm,dace_cpu,fusion,initialization,observed,9.77202535001561,historical_main,,1,1,a7cad45e3e7e87c02c7a2df12b4f75774f21a5cca78b504ff8830be9107f34b6,,
gemm,dace_cpu,parallel,initialization,observed,9.345642597880214,historical_main,,1,1,a7cad45e3e7e87c02c7a2df12b4f75774f21a5cca78b504ff8830be9107f34b6,,
gemm,dace_cpu,auto_opt,initialization,observed,8.862731767818332,step5_independent_cold,,3,3,a7cad45e3e7e87c02c7a2df12b4f75774f21a5cca78b504ff8830be9107f34b6,,
gemm,dace_gpu,fusion,initialization,observed,25.930840488988906,historical_main,,1,1,a7cad45e3e7e87c02c7a2df12b4f75774f21a5cca78b504ff8830be9107f34b6,,
gemm,dace_gpu,parallel,initialization,observed,25.907588075846434,historical_main,,1,1,a7cad45e3e7e87c02c7a2df12b4f75774f21a5cca78b504ff8830be9107f34b6,,
gemm,dace_gpu,auto_opt,initialization,observed,24.66880088299513,step5_independent_cold,,3,3,a7cad45e3e7e87c02c7a2df12b4f75774f21a5cca78b504ff8830be9107f34b6,,
gemm,cupy,default,initialization,observed,1.7203475679270923,step5_independent_cold,,3,3,a7cad45e3e7e87c02c7a2df12b4f75774f21a5cca78b504ff8830be9107f34b6,,
gemver,numpy,default,initialization,observed,0.4990034499205649,historical_main,,1,1,8f83d1ce5ccca10e01496b8b60f5d329e3f1f9e85ecb87f3b836424334239f88,,
gemver,numba,nopython-mode,initialization,observed,5.576162105891854,historical_main,,1,1,8f83d1ce5ccca10e01496b8b60f5d329e3f1f9e85ecb87f3b836424334239f88,,
gemver,numba,nopython-mode-parallel,initialization,observed,5.889352237805724,historical_main,,1,1,8f83d1ce5ccca10e01496b8b60f5d329e3f1f9e85ecb87f3b836424334239f88,,
gemver,numba,nopython-mode-parallel-range,initialization,N/A,,,,,,,,
gemver,numba,object-mode,initialization,N/A,,,,,,,,
gemver,numba,object-mode-parallel,initialization,N/A,,,,,,,,
gemver,numba,object-mode-parallel-range,initialization,N/A,,,,,,,,
gemver,dace_cpu,fusion,initialization,observed,8.837276265025139,historical_main,,1,1,8f83d1ce5ccca10e01496b8b60f5d329e3f1f9e85ecb87f3b836424334239f88,,
gemver,dace_cpu,parallel,initialization,observed,7.856259983032942,historical_main,,1,1,8f83d1ce5ccca10e01496b8b60f5d329e3f1f9e85ecb87f3b836424334239f88,,
gemver,dace_cpu,auto_opt,initialization,observed,8.641155363060534,historical_main,,1,1,8f83d1ce5ccca10e01496b8b60f5d329e3f1f9e85ecb87f3b836424334239f88,,
gemver,dace_gpu,fusion,initialization,observed,26.323128167074174,historical_main,,1,1,8f83d1ce5ccca10e01496b8b60f5d329e3f1f9e85ecb87f3b836424334239f88,,
gemver,dace_gpu,parallel,initialization,observed,27.553270027972758,historical_main,,1,1,8f83d1ce5ccca10e01496b8b60f5d329e3f1f9e85ecb87f3b836424334239f88,,
gemver,dace_gpu,auto_opt,initialization,observed,27.34596169507131,historical_main,,1,1,8f83d1ce5ccca10e01496b8b60f5d329e3f1f9e85ecb87f3b836424334239f88,,
gemver,cupy,default,initialization,observed,1.9394895089790225,historical_main,,1,1,8f83d1ce5ccca10e01496b8b60f5d329e3f1f9e85ecb87f3b836424334239f88,,
gesummv,numpy,default,initialization,observed,0.5083143329247832,historical_main,,1,1,603add7d548bef0a20a6309fbf3785c05014a0b3550717c6d424278bd55d2518,,
gesummv,numba,nopython-mode,initialization,observed,3.3640420236624777,historical_main,,1,1,603add7d548bef0a20a6309fbf3785c05014a0b3550717c6d424278bd55d2518,,
gesummv,numba,nopython-mode-parallel,initialization,observed,3.4151016790419817,historical_main,,1,1,603add7d548bef0a20a6309fbf3785c05014a0b3550717c6d424278bd55d2518,,
gesummv,numba,nopython-mode-parallel-range,initialization,N/A,,,,,,,,
gesummv,numba,object-mode,initialization,N/A,,,,,,,,
gesummv,numba,object-mode-parallel,initialization,N/A,,,,,,,,
gesummv,numba,object-mode-parallel-range,initialization,N/A,,,,,,,,
gesummv,dace_cpu,fusion,initialization,observed,8.324008306022733,historical_main,,1,1,603add7d548bef0a20a6309fbf3785c05014a0b3550717c6d424278bd55d2518,,
gesummv,dace_cpu,parallel,initialization,observed,8.345491072162986,historical_main,,1,1,603add7d548bef0a20a6309fbf3785c05014a0b3550717c6d424278bd55d2518,,
gesummv,dace_cpu,auto_opt,initialization,observed,7.841965825296938,historical_main,,1,1,603add7d548bef0a20a6309fbf3785c05014a0b3550717c6d424278bd55d2518,,
gesummv,dace_gpu,fusion,initialization,observed,27.18543485691771,historical_main,,1,1,603add7d548bef0a20a6309fbf3785c05014a0b3550717c6d424278bd55d2518,,
gesummv,dace_gpu,parallel,initialization,observed,26.138695780653507,historical_main,,1,1,603add7d548bef0a20a6309fbf3785c05014a0b3550717c6d424278bd55d2518,,
gesummv,dace_gpu,auto_opt,initialization,observed,26.86468879831955,historical_main,,1,1,603add7d548bef0a20a6309fbf3785c05014a0b3550717c6d424278bd55d2518,,
gesummv,cupy,default,initialization,observed,3.483096824027598,historical_main,,1,1,603add7d548bef0a20a6309fbf3785c05014a0b3550717c6d424278bd55d2518,,
go_fast,numpy,default,initialization,observed,2.4479173170402646,historical_main,,1,1,27869e2eab641d51a4dcb8b144e082c2564882966a28c404e3c13fdb484f75cf,,
go_fast,numba,nopython-mode,initialization,observed,2.265467449091375,historical_main,,1,1,27869e2eab641d51a4dcb8b144e082c2564882966a28c404e3c13fdb484f75cf,,
go_fast,numba,nopython-mode-parallel,initialization,observed,1.098809420131147,historical_main,,1,1,27869e2eab641d51a4dcb8b144e082c2564882966a28c404e3c13fdb484f75cf,,
go_fast,numba,nopython-mode-parallel-range,initialization,observed,1.6884049661457539,historical_main,,1,1,27869e2eab641d51a4dcb8b144e082c2564882966a28c404e3c13fdb484f75cf,,
go_fast,numba,object-mode,initialization,N/A,,,,,,,,
go_fast,numba,object-mode-parallel,initialization,N/A,,,,,,,,
go_fast,numba,object-mode-parallel-range,initialization,N/A,,,,,,,,
go_fast,dace_cpu,fusion,initialization,observed,6.548822151031345,historical_main,,1,1,27869e2eab641d51a4dcb8b144e082c2564882966a28c404e3c13fdb484f75cf,,
go_fast,dace_cpu,parallel,initialization,observed,6.679475946817547,historical_main,,1,1,27869e2eab641d51a4dcb8b144e082c2564882966a28c404e3c13fdb484f75cf,,
go_fast,dace_cpu,auto_opt,initialization,observed,6.59930736804381,historical_main,,1,1,27869e2eab641d51a4dcb8b144e082c2564882966a28c404e3c13fdb484f75cf,,
go_fast,dace_gpu,fusion,initialization,observed,30.00197203690186,historical_main,,1,1,27869e2eab641d51a4dcb8b144e082c2564882966a28c404e3c13fdb484f75cf,,
go_fast,dace_gpu,parallel,initialization,observed,29.766241437755525,historical_main,,1,1,27869e2eab641d51a4dcb8b144e082c2564882966a28c404e3c13fdb484f75cf,,
go_fast,dace_gpu,auto_opt,initialization,observed,30.058872350025922,historical_main,,1,1,27869e2eab641d51a4dcb8b144e082c2564882966a28c404e3c13fdb484f75cf,,
go_fast,cupy,default,initialization,observed,6.051337908022106,historical_main,,1,1,27869e2eab641d51a4dcb8b144e082c2564882966a28c404e3c13fdb484f75cf,,
gramschmidt,numpy,default,initialization,observed,1.0729618319310248,historical_main,,1,1,0cd9b7683af012b2f89286b1d7f883de9ac11e0a801ad6a40757c753baba615b,,
gramschmidt,numba,nopython-mode,initialization,observed,3.8238882031291723,historical_main,,1,1,0cd9b7683af012b2f89286b1d7f883de9ac11e0a801ad6a40757c753baba615b,,
gramschmidt,numba,nopython-mode-parallel,initialization,observed,22.822883512824774,historical_main,,1,1,0cd9b7683af012b2f89286b1d7f883de9ac11e0a801ad6a40757c753baba615b,,
gramschmidt,numba,nopython-mode-parallel-range,initialization,N/A,,,,,,,,
gramschmidt,numba,object-mode,initialization,N/A,,,,,,,,
gramschmidt,numba,object-mode-parallel,initialization,N/A,,,,,,,,
gramschmidt,numba,object-mode-parallel-range,initialization,N/A,,,,,,,,
gramschmidt,dace_cpu,fusion,initialization,observed,13.734198743011802,historical_main,,1,1,0cd9b7683af012b2f89286b1d7f883de9ac11e0a801ad6a40757c753baba615b,,
gramschmidt,dace_cpu,parallel,initialization,observed,20.02870833594352,historical_main,,1,1,0cd9b7683af012b2f89286b1d7f883de9ac11e0a801ad6a40757c753baba615b,,
gramschmidt,dace_cpu,auto_opt,initialization,observed,15.353186623193324,historical_main,,1,1,0cd9b7683af012b2f89286b1d7f883de9ac11e0a801ad6a40757c753baba615b,,
gramschmidt,dace_gpu,fusion,initialization,observed,33.466076088137925,historical_main,,1,1,0cd9b7683af012b2f89286b1d7f883de9ac11e0a801ad6a40757c753baba615b,,
gramschmidt,dace_gpu,parallel,initialization,observed,32.47456274507567,historical_main,,1,1,0cd9b7683af012b2f89286b1d7f883de9ac11e0a801ad6a40757c753baba615b,,
gramschmidt,dace_gpu,auto_opt,initialization,observed,30.827379394788295,historical_main,,1,1,0cd9b7683af012b2f89286b1d7f883de9ac11e0a801ad6a40757c753baba615b,,
gramschmidt,cupy,default,initialization,observed,16.19159107422456,historical_main,,1,1,0cd9b7683af012b2f89286b1d7f883de9ac11e0a801ad6a40757c753baba615b,,
hdiff,numpy,default,initialization,observed,0.4068624279461801,historical_main,,1,1,e800ed3dc8d530d7e84b4a637b91cc6d9bc1280101023ee86a27f69cfa34eec1,,
hdiff,numba,nopython-mode,initialization,observed,10.247378773987293,historical_main,,1,1,e800ed3dc8d530d7e84b4a637b91cc6d9bc1280101023ee86a27f69cfa34eec1,,
hdiff,numba,nopython-mode-parallel,initialization,observed,6.053360493853688,historical_main,,1,1,e800ed3dc8d530d7e84b4a637b91cc6d9bc1280101023ee86a27f69cfa34eec1,,
hdiff,numba,nopython-mode-parallel-range,initialization,N/A,,,,,,,,
hdiff,numba,object-mode,initialization,N/A,,,,,,,,
hdiff,numba,object-mode-parallel,initialization,N/A,,,,,,,,
hdiff,numba,object-mode-parallel-range,initialization,N/A,,,,,,,,
hdiff,dace_cpu,fusion,initialization,observed,8.95725152688101,historical_main,,1,1,e800ed3dc8d530d7e84b4a637b91cc6d9bc1280101023ee86a27f69cfa34eec1,,
hdiff,dace_cpu,parallel,initialization,observed,9.408354936167598,historical_main,,1,1,e800ed3dc8d530d7e84b4a637b91cc6d9bc1280101023ee86a27f69cfa34eec1,,
hdiff,dace_cpu,auto_opt,initialization,observed,8.824895591009408,historical_main,,1,1,e800ed3dc8d530d7e84b4a637b91cc6d9bc1280101023ee86a27f69cfa34eec1,,
hdiff,dace_gpu,fusion,initialization,observed,26.581071421969682,historical_main,,1,1,e800ed3dc8d530d7e84b4a637b91cc6d9bc1280101023ee86a27f69cfa34eec1,,
hdiff,dace_gpu,parallel,initialization,observed,26.69005433190614,historical_main,,1,1,e800ed3dc8d530d7e84b4a637b91cc6d9bc1280101023ee86a27f69cfa34eec1,,
hdiff,dace_gpu,auto_opt,initialization,observed,26.593160702846944,historical_main,,1,1,e800ed3dc8d530d7e84b4a637b91cc6d9bc1280101023ee86a27f69cfa34eec1,,
hdiff,cupy,default,initialization,observed,2.0447673848830163,historical_main,,1,1,e800ed3dc8d530d7e84b4a637b91cc6d9bc1280101023ee86a27f69cfa34eec1,,
heat_3d,numpy,default,initialization,observed,0.7158247376792133,historical_main,,1,1,a81cc292224c841a9ce27e90c6d26d29c8ea5a75badeca9376911772a40bf22f,,
heat_3d,numba,nopython-mode,initialization,observed,6.458601436112076,historical_main,,1,1,a81cc292224c841a9ce27e90c6d26d29c8ea5a75badeca9376911772a40bf22f,,
heat_3d,numba,nopython-mode-parallel,initialization,observed,4.626929311081767,historical_main,,1,1,a81cc292224c841a9ce27e90c6d26d29c8ea5a75badeca9376911772a40bf22f,,
heat_3d,numba,nopython-mode-parallel-range,initialization,N/A,,,,,,,,
heat_3d,numba,object-mode,initialization,N/A,,,,,,,,
heat_3d,numba,object-mode-parallel,initialization,N/A,,,,,,,,
heat_3d,numba,object-mode-parallel-range,initialization,N/A,,,,,,,,
heat_3d,dace_cpu,fusion,initialization,observed,12.053856790997088,historical_main,,1,1,a81cc292224c841a9ce27e90c6d26d29c8ea5a75badeca9376911772a40bf22f,,
heat_3d,dace_cpu,parallel,initialization,observed,8.946702999994159,historical_main,,1,1,a81cc292224c841a9ce27e90c6d26d29c8ea5a75badeca9376911772a40bf22f,,
heat_3d,dace_cpu,auto_opt,initialization,observed,10.290463716723025,historical_main,,1,1,a81cc292224c841a9ce27e90c6d26d29c8ea5a75badeca9376911772a40bf22f,,
heat_3d,dace_gpu,fusion,initialization,observed,26.635221369098872,historical_main,,1,1,a81cc292224c841a9ce27e90c6d26d29c8ea5a75badeca9376911772a40bf22f,,
heat_3d,dace_gpu,parallel,initialization,observed,26.688231648877263,historical_main,,1,1,a81cc292224c841a9ce27e90c6d26d29c8ea5a75badeca9376911772a40bf22f,,
heat_3d,dace_gpu,auto_opt,initialization,observed,27.322003464680165,historical_main,,1,1,a81cc292224c841a9ce27e90c6d26d29c8ea5a75badeca9376911772a40bf22f,,
heat_3d,cupy,default,initialization,observed,1.1857709158211946,historical_main,,1,1,a81cc292224c841a9ce27e90c6d26d29c8ea5a75badeca9376911772a40bf22f,,
jacobi_1d,numpy,default,initialization,observed,0.9330027452670038,historical_main,,1,1,16a5a1662f12689fbf187fbb656ac8e1d9c5d1f78efc866cd0f41cf46b753592,,
jacobi_1d,numba,nopython-mode,initialization,observed,3.663746506907046,historical_main,,1,1,16a5a1662f12689fbf187fbb656ac8e1d9c5d1f78efc866cd0f41cf46b753592,,
jacobi_1d,numba,nopython-mode-parallel,initialization,observed,11.914910160005093,historical_main,,1,1,16a5a1662f12689fbf187fbb656ac8e1d9c5d1f78efc866cd0f41cf46b753592,,
jacobi_1d,numba,nopython-mode-parallel-range,initialization,N/A,,,,,,,,
jacobi_1d,numba,object-mode,initialization,N/A,,,,,,,,
jacobi_1d,numba,object-mode-parallel,initialization,N/A,,,,,,,,
jacobi_1d,numba,object-mode-parallel-range,initialization,N/A,,,,,,,,
jacobi_1d,dace_cpu,fusion,initialization,observed,11.500665922183543,historical_main,,1,1,16a5a1662f12689fbf187fbb656ac8e1d9c5d1f78efc866cd0f41cf46b753592,,
jacobi_1d,dace_cpu,parallel,initialization,observed,12.888628751039505,historical_main,,1,1,16a5a1662f12689fbf187fbb656ac8e1d9c5d1f78efc866cd0f41cf46b753592,,
jacobi_1d,dace_cpu,auto_opt,initialization,observed,7.756553470157087,historical_main,,1,1,16a5a1662f12689fbf187fbb656ac8e1d9c5d1f78efc866cd0f41cf46b753592,,
jacobi_1d,dace_gpu,fusion,initialization,observed,23.443071306683123,historical_main,,1,1,16a5a1662f12689fbf187fbb656ac8e1d9c5d1f78efc866cd0f41cf46b753592,,
jacobi_1d,dace_gpu,parallel,initialization,observed,23.066507272887975,historical_main,,1,1,16a5a1662f12689fbf187fbb656ac8e1d9c5d1f78efc866cd0f41cf46b753592,,
jacobi_1d,dace_gpu,auto_opt,initialization,observed,24.265657715965062,historical_main,,1,1,16a5a1662f12689fbf187fbb656ac8e1d9c5d1f78efc866cd0f41cf46b753592,,
jacobi_1d,cupy,default,initialization,observed,2.1545063527300954,historical_main,,1,1,16a5a1662f12689fbf187fbb656ac8e1d9c5d1f78efc866cd0f41cf46b753592,,
jacobi_2d,numpy,default,initialization,observed,0.7418692582286894,historical_main,,1,1,88fcc37626b242ba2751f475ada3090117847e04203daddbc9456f9d0e7e584d,,
jacobi_2d,numba,nopython-mode,initialization,observed,4.825022734235972,historical_main,,1,1,88fcc37626b242ba2751f475ada3090117847e04203daddbc9456f9d0e7e584d,,
jacobi_2d,numba,nopython-mode-parallel,initialization,observed,5.954851483926177,historical_main,,1,1,88fcc37626b242ba2751f475ada3090117847e04203daddbc9456f9d0e7e584d,,
jacobi_2d,numba,nopython-mode-parallel-range,initialization,N/A,,,,,,,,
jacobi_2d,numba,object-mode,initialization,N/A,,,,,,,,
jacobi_2d,numba,object-mode-parallel,initialization,N/A,,,,,,,,
jacobi_2d,numba,object-mode-parallel-range,initialization,N/A,,,,,,,,
jacobi_2d,dace_cpu,fusion,initialization,observed,7.72362027131021,historical_main,,1,1,88fcc37626b242ba2751f475ada3090117847e04203daddbc9456f9d0e7e584d,,
jacobi_2d,dace_cpu,parallel,initialization,observed,7.524194007273763,historical_main,,1,1,88fcc37626b242ba2751f475ada3090117847e04203daddbc9456f9d0e7e584d,,
jacobi_2d,dace_cpu,auto_opt,initialization,observed,7.602765464223921,historical_main,,1,1,88fcc37626b242ba2751f475ada3090117847e04203daddbc9456f9d0e7e584d,,
jacobi_2d,dace_gpu,fusion,initialization,observed,24.085311328992248,historical_main,,1,1,88fcc37626b242ba2751f475ada3090117847e04203daddbc9456f9d0e7e584d,,
jacobi_2d,dace_gpu,parallel,initialization,observed,23.516354208812118,historical_main,,1,1,88fcc37626b242ba2751f475ada3090117847e04203daddbc9456f9d0e7e584d,,
jacobi_2d,dace_gpu,auto_opt,initialization,observed,25.21518014697358,historical_main,,1,1,88fcc37626b242ba2751f475ada3090117847e04203daddbc9456f9d0e7e584d,,
jacobi_2d,cupy,default,initialization,observed,0.8972387351095676,historical_main,,1,1,88fcc37626b242ba2751f475ada3090117847e04203daddbc9456f9d0e7e584d,,
k2mm,numpy,default,initialization,observed,2.2109293341636658,historical_main,,1,1,65b07e1d7f5fdc00459ebb8a02ae0881674135e9bd7f454489c2d204e291d7ea,,
k2mm,numba,nopython-mode,initialization,observed,6.442804472986609,historical_main,,1,1,65b07e1d7f5fdc00459ebb8a02ae0881674135e9bd7f454489c2d204e291d7ea,,
k2mm,numba,nopython-mode-parallel,initialization,observed,6.76964684901759,historical_main,,1,1,65b07e1d7f5fdc00459ebb8a02ae0881674135e9bd7f454489c2d204e291d7ea,,
k2mm,numba,nopython-mode-parallel-range,initialization,N/A,,,,,,,,
k2mm,numba,object-mode,initialization,N/A,,,,,,,,
k2mm,numba,object-mode-parallel,initialization,N/A,,,,,,,,
k2mm,numba,object-mode-parallel-range,initialization,N/A,,,,,,,,
k2mm,dace_cpu,fusion,initialization,observed,10.452783833723515,historical_main,,1,1,65b07e1d7f5fdc00459ebb8a02ae0881674135e9bd7f454489c2d204e291d7ea,,
k2mm,dace_cpu,parallel,initialization,observed,9.944604415912181,historical_main,,1,1,65b07e1d7f5fdc00459ebb8a02ae0881674135e9bd7f454489c2d204e291d7ea,,
k2mm,dace_cpu,auto_opt,initialization,observed,10.596097548957914,historical_main,,1,1,65b07e1d7f5fdc00459ebb8a02ae0881674135e9bd7f454489c2d204e291d7ea,,
k2mm,dace_gpu,fusion,initialization,observed,25.912629330996424,historical_main,,1,1,65b07e1d7f5fdc00459ebb8a02ae0881674135e9bd7f454489c2d204e291d7ea,,
k2mm,dace_gpu,parallel,initialization,observed,25.265068490989506,historical_main,,1,1,65b07e1d7f5fdc00459ebb8a02ae0881674135e9bd7f454489c2d204e291d7ea,,
k2mm,dace_gpu,auto_opt,initialization,observed,26.40856627514586,historical_main,,1,1,65b07e1d7f5fdc00459ebb8a02ae0881674135e9bd7f454489c2d204e291d7ea,,
k2mm,cupy,default,initialization,observed,2.0978481923229992,historical_main,,1,1,65b07e1d7f5fdc00459ebb8a02ae0881674135e9bd7f454489c2d204e291d7ea,,
k3mm,numpy,default,initialization,observed,2.910554438829422,historical_main,,1,1,aad0bebb7814a2ecba71c57046d8003bc43cb0f8e9f62fa7a3c5da967acf1885,,
k3mm,numba,nopython-mode,initialization,observed,3.3014389341697097,historical_main,,1,1,aad0bebb7814a2ecba71c57046d8003bc43cb0f8e9f62fa7a3c5da967acf1885,,
k3mm,numba,nopython-mode-parallel,initialization,observed,2.9166546193882823,historical_main,,1,1,aad0bebb7814a2ecba71c57046d8003bc43cb0f8e9f62fa7a3c5da967acf1885,,
k3mm,numba,nopython-mode-parallel-range,initialization,N/A,,,,,,,,
k3mm,numba,object-mode,initialization,N/A,,,,,,,,
k3mm,numba,object-mode-parallel,initialization,N/A,,,,,,,,
k3mm,numba,object-mode-parallel-range,initialization,N/A,,,,,,,,
k3mm,dace_cpu,fusion,initialization,observed,10.327534917276353,historical_main,,1,1,aad0bebb7814a2ecba71c57046d8003bc43cb0f8e9f62fa7a3c5da967acf1885,,
k3mm,dace_cpu,parallel,initialization,observed,10.645838209893554,historical_main,,1,1,aad0bebb7814a2ecba71c57046d8003bc43cb0f8e9f62fa7a3c5da967acf1885,,
k3mm,dace_cpu,auto_opt,initialization,observed,10.340289637912065,historical_main,,1,1,aad0bebb7814a2ecba71c57046d8003bc43cb0f8e9f62fa7a3c5da967acf1885,,
k3mm,dace_gpu,fusion,initialization,observed,25.39816907607019,historical_main,,1,1,aad0bebb7814a2ecba71c57046d8003bc43cb0f8e9f62fa7a3c5da967acf1885,,
k3mm,dace_gpu,parallel,initialization,observed,25.95840795431286,historical_main,,1,1,aad0bebb7814a2ecba71c57046d8003bc43cb0f8e9f62fa7a3c5da967acf1885,,
k3mm,dace_gpu,auto_opt,initialization,observed,25.277339932043105,historical_main,,1,1,aad0bebb7814a2ecba71c57046d8003bc43cb0f8e9f62fa7a3c5da967acf1885,,
k3mm,cupy,default,initialization,observed,1.9112180839292705,historical_main,,1,1,aad0bebb7814a2ecba71c57046d8003bc43cb0f8e9f62fa7a3c5da967acf1885,,
lenet,numpy,default,initialization,observed,1.1061678072437644,historical_main,,1,1,914661bfde93da5c2e7b1ef256bf97775e395b5980f08a299cd8040e92c0b6ea,,
lenet,numba,nopython-mode,initialization,observed,34.97239969717339,historical_main,,1,1,914661bfde93da5c2e7b1ef256bf97775e395b5980f08a299cd8040e92c0b6ea,,
lenet,numba,nopython-mode-parallel,initialization,observed,135.4249222362414,historical_main,,1,1,914661bfde93da5c2e7b1ef256bf97775e395b5980f08a299cd8040e92c0b6ea,,
lenet,numba,nopython-mode-parallel-range,initialization,observed,53.57194124208763,historical_main,,1,1,914661bfde93da5c2e7b1ef256bf97775e395b5980f08a299cd8040e92c0b6ea,,
lenet,numba,object-mode,initialization,error,,historical_main,,0,0,914661bfde93da5c2e7b1ef256bf97775e395b5980f08a299cd8040e92c0b6ea,,
lenet,numba,object-mode-parallel,initialization,error,,historical_main,,0,0,914661bfde93da5c2e7b1ef256bf97775e395b5980f08a299cd8040e92c0b6ea,,
lenet,numba,object-mode-parallel-range,initialization,observed,5.323483441956341,historical_main,,1,1,914661bfde93da5c2e7b1ef256bf97775e395b5980f08a299cd8040e92c0b6ea,,
lenet,dace_cpu,fusion,initialization,observed,22.215500634163618,historical_main,,1,1,914661bfde93da5c2e7b1ef256bf97775e395b5980f08a299cd8040e92c0b6ea,,
lenet,dace_cpu,parallel,initialization,observed,22.742724264971912,historical_main,,1,1,914661bfde93da5c2e7b1ef256bf97775e395b5980f08a299cd8040e92c0b6ea,,
lenet,dace_cpu,auto_opt,initialization,observed,18.374189427122474,historical_main,,1,1,914661bfde93da5c2e7b1ef256bf97775e395b5980f08a299cd8040e92c0b6ea,,
lenet,dace_gpu,fusion,initialization,error,,historical_main,,0,0,914661bfde93da5c2e7b1ef256bf97775e395b5980f08a299cd8040e92c0b6ea,,
lenet,dace_gpu,parallel,initialization,terminated,,historical_main,,0,0,914661bfde93da5c2e7b1ef256bf97775e395b5980f08a299cd8040e92c0b6ea,,
lenet,dace_gpu,auto_opt,initialization,terminated,,historical_main,,0,0,914661bfde93da5c2e7b1ef256bf97775e395b5980f08a299cd8040e92c0b6ea,,
lenet,cupy,default,initialization,observed,5.393859545700252,historical_main,,1,1,914661bfde93da5c2e7b1ef256bf97775e395b5980f08a299cd8040e92c0b6ea,,
lu,numpy,default,initialization,observed,1.3111815750598907,historical_main,,1,1,9ac2f818703fa8aa1a82579828bb4b9f516a133a9d2de36086ba8af196680084,,
lu,numba,nopython-mode,initialization,observed,1.0699980007484555,historical_main,,1,1,9ac2f818703fa8aa1a82579828bb4b9f516a133a9d2de36086ba8af196680084,,
lu,numba,nopython-mode-parallel,initialization,observed,1.2985168537124991,historical_main,,1,1,9ac2f818703fa8aa1a82579828bb4b9f516a133a9d2de36086ba8af196680084,,
lu,numba,nopython-mode-parallel-range,initialization,N/A,,,,,,,,
lu,numba,object-mode,initialization,N/A,,,,,,,,
lu,numba,object-mode-parallel,initialization,N/A,,,,,,,,
lu,numba,object-mode-parallel-range,initialization,N/A,,,,,,,,
lu,dace_cpu,fusion,initialization,observed,7.42715958179906,historical_main,,1,1,9ac2f818703fa8aa1a82579828bb4b9f516a133a9d2de36086ba8af196680084,,
lu,dace_cpu,parallel,initialization,observed,8.078511223662645,historical_main,,1,1,9ac2f818703fa8aa1a82579828bb4b9f516a133a9d2de36086ba8af196680084,,
lu,dace_cpu,auto_opt,initialization,observed,8.091028229799122,historical_main,,1,1,9ac2f818703fa8aa1a82579828bb4b9f516a133a9d2de36086ba8af196680084,,
lu,dace_gpu,fusion,initialization,observed,37.711796834133565,historical_main,,1,1,9ac2f818703fa8aa1a82579828bb4b9f516a133a9d2de36086ba8af196680084,,
lu,dace_gpu,parallel,initialization,observed,35.61761504318565,historical_main,,1,1,9ac2f818703fa8aa1a82579828bb4b9f516a133a9d2de36086ba8af196680084,,
lu,dace_gpu,auto_opt,initialization,observed,32.7889325148426,historical_main,,1,1,9ac2f818703fa8aa1a82579828bb4b9f516a133a9d2de36086ba8af196680084,,
lu,cupy,default,initialization,observed,44.36192465014756,historical_main,,1,1,9ac2f818703fa8aa1a82579828bb4b9f516a133a9d2de36086ba8af196680084,,
ludcmp,numpy,default,initialization,observed,1.3158224578946829,historical_main,,1,1,55b9887d27df7b3dc3b8b2e1875facca1a285d1891e4df442fdd18cc865cc7b0,,
ludcmp,numba,nopython-mode,initialization,observed,1.8598755989223719,historical_main,,1,1,55b9887d27df7b3dc3b8b2e1875facca1a285d1891e4df442fdd18cc865cc7b0,,
ludcmp,numba,nopython-mode-parallel,initialization,observed,1.5263622258789837,historical_main,,1,1,55b9887d27df7b3dc3b8b2e1875facca1a285d1891e4df442fdd18cc865cc7b0,,
ludcmp,numba,nopython-mode-parallel-range,initialization,N/A,,,,,,,,
ludcmp,numba,object-mode,initialization,N/A,,,,,,,,
ludcmp,numba,object-mode-parallel,initialization,N/A,,,,,,,,
ludcmp,numba,object-mode-parallel-range,initialization,N/A,,,,,,,,
ludcmp,dace_cpu,fusion,initialization,observed,9.113136226776987,historical_main,,1,1,55b9887d27df7b3dc3b8b2e1875facca1a285d1891e4df442fdd18cc865cc7b0,,
ludcmp,dace_cpu,parallel,initialization,observed,9.484173050150275,historical_main,,1,1,55b9887d27df7b3dc3b8b2e1875facca1a285d1891e4df442fdd18cc865cc7b0,,
ludcmp,dace_cpu,auto_opt,initialization,observed,9.39109695982188,historical_main,,1,1,55b9887d27df7b3dc3b8b2e1875facca1a285d1891e4df442fdd18cc865cc7b0,,
ludcmp,dace_gpu,fusion,initialization,observed,37.8421868882142,historical_main,,1,1,55b9887d27df7b3dc3b8b2e1875facca1a285d1891e4df442fdd18cc865cc7b0,,
ludcmp,dace_gpu,parallel,initialization,observed,38.13815686292946,historical_main,,1,1,55b9887d27df7b3dc3b8b2e1875facca1a285d1891e4df442fdd18cc865cc7b0,,
ludcmp,dace_gpu,auto_opt,initialization,observed,36.01309609087184,historical_main,,1,1,55b9887d27df7b3dc3b8b2e1875facca1a285d1891e4df442fdd18cc865cc7b0,,
ludcmp,cupy,default,initialization,observed,40.9051949349232,historical_main,,1,1,55b9887d27df7b3dc3b8b2e1875facca1a285d1891e4df442fdd18cc865cc7b0,,
mandelbrot1,numpy,default,initialization,observed,0.7361361598595977,historical_main,,1,1,498529c7a9dcc40ab333461ec82b7c16a88eb9014a98ba9ee2910dd66fb9e062,,
mandelbrot1,numba,nopython-mode,initialization,validation,,historical_main,,0,0,498529c7a9dcc40ab333461ec82b7c16a88eb9014a98ba9ee2910dd66fb9e062,,
mandelbrot1,numba,nopython-mode-parallel,initialization,validation,,historical_main,,0,0,498529c7a9dcc40ab333461ec82b7c16a88eb9014a98ba9ee2910dd66fb9e062,,
mandelbrot1,numba,nopython-mode-parallel-range,initialization,validation,,historical_main,,0,0,498529c7a9dcc40ab333461ec82b7c16a88eb9014a98ba9ee2910dd66fb9e062,,
mandelbrot1,numba,object-mode,initialization,observed,2.4166291560977697,historical_main,,1,1,498529c7a9dcc40ab333461ec82b7c16a88eb9014a98ba9ee2910dd66fb9e062,,
mandelbrot1,numba,object-mode-parallel,initialization,observed,2.1899723508395255,historical_main,,1,1,498529c7a9dcc40ab333461ec82b7c16a88eb9014a98ba9ee2910dd66fb9e062,,
mandelbrot1,numba,object-mode-parallel-range,initialization,N/A,,,,,,,,
mandelbrot1,dace_cpu,fusion,initialization,validation,,historical_main,,0,0,498529c7a9dcc40ab333461ec82b7c16a88eb9014a98ba9ee2910dd66fb9e062,,
mandelbrot1,dace_cpu,parallel,initialization,validation,,historical_main,,0,0,498529c7a9dcc40ab333461ec82b7c16a88eb9014a98ba9ee2910dd66fb9e062,,
mandelbrot1,dace_cpu,auto_opt,initialization,validation,,historical_main,,0,0,498529c7a9dcc40ab333461ec82b7c16a88eb9014a98ba9ee2910dd66fb9e062,,
mandelbrot1,dace_gpu,fusion,initialization,validation,,historical_main,,0,0,498529c7a9dcc40ab333461ec82b7c16a88eb9014a98ba9ee2910dd66fb9e062,,
mandelbrot1,dace_gpu,parallel,initialization,validation,,historical_main,,0,0,498529c7a9dcc40ab333461ec82b7c16a88eb9014a98ba9ee2910dd66fb9e062,,
mandelbrot1,dace_gpu,auto_opt,initialization,validation,,historical_main,,0,0,498529c7a9dcc40ab333461ec82b7c16a88eb9014a98ba9ee2910dd66fb9e062,,
mandelbrot1,cupy,default,initialization,validation,,historical_main,,0,0,498529c7a9dcc40ab333461ec82b7c16a88eb9014a98ba9ee2910dd66fb9e062,,
mandelbrot2,numpy,default,initialization,observed,0.393826347310096,historical_main,,1,1,e953c506eaf95aed1da28b70ad9b9cbb5c4d6ed77213ce344c94cdacbc5b6ae1,,
mandelbrot2,numba,nopython-mode,initialization,observed,2.9376358329318464,historical_main,,1,1,e953c506eaf95aed1da28b70ad9b9cbb5c4d6ed77213ce344c94cdacbc5b6ae1,,
mandelbrot2,numba,nopython-mode-parallel,initialization,N/A,,,,,,,,
mandelbrot2,numba,nopython-mode-parallel-range,initialization,N/A,,,,,,,,
mandelbrot2,numba,object-mode,initialization,observed,2.3408714840188622,historical_main,,1,1,e953c506eaf95aed1da28b70ad9b9cbb5c4d6ed77213ce344c94cdacbc5b6ae1,,
mandelbrot2,numba,object-mode-parallel,initialization,observed,2.11795953521505,historical_main,,1,1,e953c506eaf95aed1da28b70ad9b9cbb5c4d6ed77213ce344c94cdacbc5b6ae1,,
mandelbrot2,numba,object-mode-parallel-range,initialization,N/A,,,,,,,,
mandelbrot2,dace_cpu,fusion,initialization,error,,historical_main,,0,0,e953c506eaf95aed1da28b70ad9b9cbb5c4d6ed77213ce344c94cdacbc5b6ae1,,
mandelbrot2,dace_cpu,parallel,initialization,error,,historical_main,,0,0,e953c506eaf95aed1da28b70ad9b9cbb5c4d6ed77213ce344c94cdacbc5b6ae1,,
mandelbrot2,dace_cpu,auto_opt,initialization,error,,historical_main,,0,0,e953c506eaf95aed1da28b70ad9b9cbb5c4d6ed77213ce344c94cdacbc5b6ae1,,
mandelbrot2,dace_gpu,fusion,initialization,error,,historical_main,,0,0,e953c506eaf95aed1da28b70ad9b9cbb5c4d6ed77213ce344c94cdacbc5b6ae1,,
mandelbrot2,dace_gpu,parallel,initialization,error,,historical_main,,0,0,e953c506eaf95aed1da28b70ad9b9cbb5c4d6ed77213ce344c94cdacbc5b6ae1,,
mandelbrot2,dace_gpu,auto_opt,initialization,error,,historical_main,,0,0,e953c506eaf95aed1da28b70ad9b9cbb5c4d6ed77213ce344c94cdacbc5b6ae1,,
mandelbrot2,cupy,default,initialization,observed,3.266545271035284,historical_main,,1,1,e953c506eaf95aed1da28b70ad9b9cbb5c4d6ed77213ce344c94cdacbc5b6ae1,,
mlp,numpy,default,initialization,observed,0.30217056116089225,historical_main,,1,1,87c94f9c003ff974cd198163ffe2fd3948bacd6ba11c6c91faa770e7bcee04e9,,
mlp,numba,nopython-mode,initialization,observed,4.686780816875398,workload-repairs/matched-cold-L,,3,3,87c94f9c003ff974cd198163ffe2fd3948bacd6ba11c6c91faa770e7bcee04e9,,between_process_variability
mlp,numba,nopython-mode-parallel,initialization,observed,5.5300102713517845,workload-repairs/matched-cold-L,,3,3,87c94f9c003ff974cd198163ffe2fd3948bacd6ba11c6c91faa770e7bcee04e9,,
mlp,numba,nopython-mode-parallel-range,initialization,observed,5.666933577042073,workload-repairs/matched-cold-L,,3,3,87c94f9c003ff974cd198163ffe2fd3948bacd6ba11c6c91faa770e7bcee04e9,,
mlp,numba,object-mode,initialization,observed,2.0170405018143356,historical_main,,1,1,87c94f9c003ff974cd198163ffe2fd3948bacd6ba11c6c91faa770e7bcee04e9,,
mlp,numba,object-mode-parallel,initialization,observed,0.72721943911165,historical_main,,1,1,87c94f9c003ff974cd198163ffe2fd3948bacd6ba11c6c91faa770e7bcee04e9,,
mlp,numba,object-mode-parallel-range,initialization,N/A,,,,,,,,
mlp,dace_cpu,fusion,initialization,observed,10.06669110013172,historical_main,,1,1,87c94f9c003ff974cd198163ffe2fd3948bacd6ba11c6c91faa770e7bcee04e9,,
mlp,dace_cpu,parallel,initialization,observed,9.617677529808134,historical_main,,1,1,87c94f9c003ff974cd198163ffe2fd3948bacd6ba11c6c91faa770e7bcee04e9,,
mlp,dace_cpu,auto_opt,initialization,observed,9.813369386829436,historical_main,,1,1,87c94f9c003ff974cd198163ffe2fd3948bacd6ba11c6c91faa770e7bcee04e9,,
mlp,dace_gpu,fusion,initialization,observed,32.05190148204565,historical_main,,1,1,87c94f9c003ff974cd198163ffe2fd3948bacd6ba11c6c91faa770e7bcee04e9,,
mlp,dace_gpu,parallel,initialization,observed,33.066156620159745,historical_main,,1,1,87c94f9c003ff974cd198163ffe2fd3948bacd6ba11c6c91faa770e7bcee04e9,,
mlp,dace_gpu,auto_opt,initialization,observed,34.572569899261,historical_main,,1,1,87c94f9c003ff974cd198163ffe2fd3948bacd6ba11c6c91faa770e7bcee04e9,,
mlp,cupy,default,initialization,observed,6.754996418021619,historical_main,,1,1,87c94f9c003ff974cd198163ffe2fd3948bacd6ba11c6c91faa770e7bcee04e9,,
mvt,numpy,default,initialization,observed,0.14880966627970338,historical_main,,1,1,31a7a541d3eb3d99e166c80b243812e6678c96f5f504254d1acff781fbc1da55,,
mvt,numba,nopython-mode,initialization,observed,2.142551082652062,historical_main,,1,1,31a7a541d3eb3d99e166c80b243812e6678c96f5f504254d1acff781fbc1da55,,
mvt,numba,nopython-mode-parallel,initialization,observed,0.13332420634105802,historical_main,,1,1,31a7a541d3eb3d99e166c80b243812e6678c96f5f504254d1acff781fbc1da55,,
mvt,numba,nopython-mode-parallel-range,initialization,N/A,,,,,,,,
mvt,numba,object-mode,initialization,N/A,,,,,,,,
mvt,numba,object-mode-parallel,initialization,N/A,,,,,,,,
mvt,numba,object-mode-parallel-range,initialization,N/A,,,,,,,,
mvt,dace_cpu,fusion,initialization,observed,8.019035278819501,historical_main,,1,1,31a7a541d3eb3d99e166c80b243812e6678c96f5f504254d1acff781fbc1da55,,
mvt,dace_cpu,parallel,initialization,observed,8.117608161177486,historical_main,,1,1,31a7a541d3eb3d99e166c80b243812e6678c96f5f504254d1acff781fbc1da55,,
mvt,dace_cpu,auto_opt,initialization,observed,7.8437756188213825,historical_main,,1,1,31a7a541d3eb3d99e166c80b243812e6678c96f5f504254d1acff781fbc1da55,,
mvt,dace_gpu,fusion,initialization,observed,29.35436182981357,historical_main,,1,1,31a7a541d3eb3d99e166c80b243812e6678c96f5f504254d1acff781fbc1da55,,
mvt,dace_gpu,parallel,initialization,observed,28.301522678229958,historical_main,,1,1,31a7a541d3eb3d99e166c80b243812e6678c96f5f504254d1acff781fbc1da55,,
mvt,dace_gpu,auto_opt,initialization,observed,27.448345596902072,historical_main,,1,1,31a7a541d3eb3d99e166c80b243812e6678c96f5f504254d1acff781fbc1da55,,
mvt,cupy,default,initialization,observed,3.424843600951135,historical_main,,1,1,31a7a541d3eb3d99e166c80b243812e6678c96f5f504254d1acff781fbc1da55,,
nbody,numpy,default,initialization,validation,,historical_main,,0,0,369f565b2cc3f4d1e7431a758f71f09b2fb5270f7b56b9b6b5de37373d88c636,,
nbody,numba,nopython-mode,initialization,validation,,historical_main,,0,0,369f565b2cc3f4d1e7431a758f71f09b2fb5270f7b56b9b6b5de37373d88c636,,
nbody,numba,nopython-mode-parallel,initialization,N/A,,,,,,,,
nbody,numba,nopython-mode-parallel-range,initialization,N/A,,,,,,,,
nbody,numba,object-mode,initialization,validation,,historical_main,,0,0,369f565b2cc3f4d1e7431a758f71f09b2fb5270f7b56b9b6b5de37373d88c636,,
nbody,numba,object-mode-parallel,initialization,validation,,historical_main,,0,0,369f565b2cc3f4d1e7431a758f71f09b2fb5270f7b56b9b6b5de37373d88c636,,
nbody,numba,object-mode-parallel-range,initialization,N/A,,,,,,,,
nbody,dace_cpu,fusion,initialization,validation,,historical_main,,0,0,369f565b2cc3f4d1e7431a758f71f09b2fb5270f7b56b9b6b5de37373d88c636,,
nbody,dace_cpu,parallel,initialization,validation,,historical_main,,0,0,369f565b2cc3f4d1e7431a758f71f09b2fb5270f7b56b9b6b5de37373d88c636,,
nbody,dace_cpu,auto_opt,initialization,validation,,historical_main,,0,0,369f565b2cc3f4d1e7431a758f71f09b2fb5270f7b56b9b6b5de37373d88c636,,
nbody,dace_gpu,fusion,initialization,validation,,historical_main,,0,0,369f565b2cc3f4d1e7431a758f71f09b2fb5270f7b56b9b6b5de37373d88c636,,
nbody,dace_gpu,parallel,initialization,validation,,historical_main,,0,0,369f565b2cc3f4d1e7431a758f71f09b2fb5270f7b56b9b6b5de37373d88c636,,
nbody,dace_gpu,auto_opt,initialization,validation,,historical_main,,0,0,369f565b2cc3f4d1e7431a758f71f09b2fb5270f7b56b9b6b5de37373d88c636,,
nbody,cupy,default,initialization,validation,,historical_main,,0,0,369f565b2cc3f4d1e7431a758f71f09b2fb5270f7b56b9b6b5de37373d88c636,,
nussinov,numpy,default,initialization,observed,1.037553166039288,historical_main,,1,1,05b880e157b9ee387cb9be1fa3b10e2f4efe7bed764c6b129b8b31ad87b8df2a,,
nussinov,numba,nopython-mode,initialization,observed,1.0347153428010643,historical_main,,1,1,05b880e157b9ee387cb9be1fa3b10e2f4efe7bed764c6b129b8b31ad87b8df2a,,
nussinov,numba,nopython-mode-parallel,initialization,observed,1.883261158131063,historical_main,,1,1,05b880e157b9ee387cb9be1fa3b10e2f4efe7bed764c6b129b8b31ad87b8df2a,,
nussinov,numba,nopython-mode-parallel-range,initialization,N/A,,,,,,,,
nussinov,numba,object-mode,initialization,N/A,,,,,,,,
nussinov,numba,object-mode-parallel,initialization,N/A,,,,,,,,
nussinov,numba,object-mode-parallel-range,initialization,N/A,,,,,,,,
nussinov,dace_cpu,fusion,initialization,observed,7.602158050052822,historical_main,,1,1,05b880e157b9ee387cb9be1fa3b10e2f4efe7bed764c6b129b8b31ad87b8df2a,,
nussinov,dace_cpu,parallel,initialization,observed,7.553409188985825,historical_main,,1,1,05b880e157b9ee387cb9be1fa3b10e2f4efe7bed764c6b129b8b31ad87b8df2a,,
nussinov,dace_cpu,auto_opt,initialization,observed,8.416657428722829,historical_main,,1,1,05b880e157b9ee387cb9be1fa3b10e2f4efe7bed764c6b129b8b31ad87b8df2a,,
nussinov,dace_gpu,fusion,initialization,observed,74.79433048935607,historical_main,,1,1,05b880e157b9ee387cb9be1fa3b10e2f4efe7bed764c6b129b8b31ad87b8df2a,,
nussinov,dace_gpu,parallel,initialization,observed,76.98463614610955,historical_main,,1,1,05b880e157b9ee387cb9be1fa3b10e2f4efe7bed764c6b129b8b31ad87b8df2a,,
nussinov,dace_gpu,auto_opt,initialization,observed,80.35382881201804,historical_main,,1,1,05b880e157b9ee387cb9be1fa3b10e2f4efe7bed764c6b129b8b31ad87b8df2a,,
nussinov,cupy,default,initialization,observed,83.5971072530374,historical_main,,1,1,05b880e157b9ee387cb9be1fa3b10e2f4efe7bed764c6b129b8b31ad87b8df2a,,
resnet,numpy,default,initialization,observed,1.0153009011410177,historical_main,,1,1,070b0fcd2b4f101302a58108dce79a6ea1d6fdbdf9be753fec768d1818ea7464,,
resnet,numba,nopython-mode,initialization,validation,,historical_main,,0,0,070b0fcd2b4f101302a58108dce79a6ea1d6fdbdf9be753fec768d1818ea7464,,
resnet,numba,nopython-mode-parallel,initialization,validation,,historical_main,,0,0,070b0fcd2b4f101302a58108dce79a6ea1d6fdbdf9be753fec768d1818ea7464,,
resnet,numba,nopython-mode-parallel-range,initialization,validation,,historical_main,,0,0,070b0fcd2b4f101302a58108dce79a6ea1d6fdbdf9be753fec768d1818ea7464,,
resnet,numba,object-mode,initialization,error,,historical_main,,0,0,070b0fcd2b4f101302a58108dce79a6ea1d6fdbdf9be753fec768d1818ea7464,,
resnet,numba,object-mode-parallel,initialization,error,,historical_main,,0,0,070b0fcd2b4f101302a58108dce79a6ea1d6fdbdf9be753fec768d1818ea7464,,
resnet,numba,object-mode-parallel-range,initialization,observed,4.701267703436315,historical_main,,1,1,070b0fcd2b4f101302a58108dce79a6ea1d6fdbdf9be753fec768d1818ea7464,,
resnet,dace_cpu,fusion,initialization,observed,19.134284674189985,historical_main,,1,1,070b0fcd2b4f101302a58108dce79a6ea1d6fdbdf9be753fec768d1818ea7464,,
resnet,dace_cpu,parallel,initialization,observed,18.256665990687907,historical_main,,1,1,070b0fcd2b4f101302a58108dce79a6ea1d6fdbdf9be753fec768d1818ea7464,,
resnet,dace_cpu,auto_opt,initialization,observed,17.649635599926114,historical_main,,1,1,070b0fcd2b4f101302a58108dce79a6ea1d6fdbdf9be753fec768d1818ea7464,,
resnet,dace_gpu,fusion,initialization,validation,,historical_main,,0,0,070b0fcd2b4f101302a58108dce79a6ea1d6fdbdf9be753fec768d1818ea7464,,
resnet,dace_gpu,parallel,initialization,error,,historical_main,,0,0,070b0fcd2b4f101302a58108dce79a6ea1d6fdbdf9be753fec768d1818ea7464,,
resnet,dace_gpu,auto_opt,initialization,error,,historical_main,,0,0,070b0fcd2b4f101302a58108dce79a6ea1d6fdbdf9be753fec768d1818ea7464,,
resnet,cupy,default,initialization,observed,4.610798355191946,historical_main,,1,1,070b0fcd2b4f101302a58108dce79a6ea1d6fdbdf9be753fec768d1818ea7464,,
scattering_self_energies,numpy,default,initialization,observed,1.1205472480505705,historical_main,,1,1,f7d4f3c7d50b72880addf25da02f47a077e25e5f288758e484adcbc85a181974,,
scattering_self_energies,numba,nopython-mode,initialization,observed,6.811039125081152,historical_main,,1,1,f7d4f3c7d50b72880addf25da02f47a077e25e5f288758e484adcbc85a181974,,
scattering_self_energies,numba,nopython-mode-parallel,initialization,N/A,,,,,,,,
scattering_self_energies,numba,nopython-mode-parallel-range,initialization,observed,6.814131252933294,historical_main,,1,1,f7d4f3c7d50b72880addf25da02f47a077e25e5f288758e484adcbc85a181974,,
scattering_self_energies,numba,object-mode,initialization,N/A,,,,,,,,
scattering_self_energies,numba,object-mode-parallel,initialization,N/A,,,,,,,,
scattering_self_energies,numba,object-mode-parallel-range,initialization,N/A,,,,,,,,
scattering_self_energies,dace_cpu,fusion,initialization,observed,16.625836399383843,historical_main,,1,1,f7d4f3c7d50b72880addf25da02f47a077e25e5f288758e484adcbc85a181974,,
scattering_self_energies,dace_cpu,parallel,initialization,observed,16.56544102076441,historical_main,,1,1,f7d4f3c7d50b72880addf25da02f47a077e25e5f288758e484adcbc85a181974,,
scattering_self_energies,dace_cpu,auto_opt,initialization,observed,18.969248744193465,historical_main,,1,1,f7d4f3c7d50b72880addf25da02f47a077e25e5f288758e484adcbc85a181974,,
scattering_self_energies,dace_gpu,fusion,initialization,observed,34.81004026532173,historical_main,,1,1,f7d4f3c7d50b72880addf25da02f47a077e25e5f288758e484adcbc85a181974,,
scattering_self_energies,dace_gpu,parallel,initialization,observed,34.21574733313173,historical_main,,1,1,f7d4f3c7d50b72880addf25da02f47a077e25e5f288758e484adcbc85a181974,,
scattering_self_energies,dace_gpu,auto_opt,initialization,observed,33.709098272025585,historical_main,,1,1,f7d4f3c7d50b72880addf25da02f47a077e25e5f288758e484adcbc85a181974,,
scattering_self_energies,cupy,default,initialization,observed,13.473704956006259,historical_main,,1,1,f7d4f3c7d50b72880addf25da02f47a077e25e5f288758e484adcbc85a181974,,
seidel_2d,numpy,default,initialization,observed,1.0712013537995517,historical_main,,1,1,6d10c80c878e92ea3bdd4f0a16c473438b233d1989ed5a8d0f8d1356e6d0b32b,,
seidel_2d,numba,nopython-mode,initialization,observed,3.192523478064686,historical_main,,1,1,6d10c80c878e92ea3bdd4f0a16c473438b233d1989ed5a8d0f8d1356e6d0b32b,,
seidel_2d,numba,nopython-mode-parallel,initialization,validation,,historical_main,,0,0,6d10c80c878e92ea3bdd4f0a16c473438b233d1989ed5a8d0f8d1356e6d0b32b,,
seidel_2d,numba,nopython-mode-parallel-range,initialization,N/A,,,,,,,,
seidel_2d,numba,object-mode,initialization,N/A,,,,,,,,
seidel_2d,numba,object-mode-parallel,initialization,N/A,,,,,,,,
seidel_2d,numba,object-mode-parallel-range,initialization,N/A,,,,,,,,
seidel_2d,dace_cpu,fusion,initialization,observed,12.104492409154773,historical_main,,1,1,6d10c80c878e92ea3bdd4f0a16c473438b233d1989ed5a8d0f8d1356e6d0b32b,,
seidel_2d,dace_cpu,parallel,initialization,observed,8.09411391057074,historical_main,,1,1,6d10c80c878e92ea3bdd4f0a16c473438b233d1989ed5a8d0f8d1356e6d0b32b,,
seidel_2d,dace_cpu,auto_opt,initialization,observed,9.444131677038968,historical_main,,1,1,6d10c80c878e92ea3bdd4f0a16c473438b233d1989ed5a8d0f8d1356e6d0b32b,,
seidel_2d,dace_gpu,fusion,initialization,observed,47.393972070887685,historical_main,,1,1,6d10c80c878e92ea3bdd4f0a16c473438b233d1989ed5a8d0f8d1356e6d0b32b,,
seidel_2d,dace_gpu,parallel,initialization,observed,49.76919958461076,historical_main,,1,1,6d10c80c878e92ea3bdd4f0a16c473438b233d1989ed5a8d0f8d1356e6d0b32b,,
seidel_2d,dace_gpu,auto_opt,initialization,observed,48.88607633206993,historical_main,,1,1,6d10c80c878e92ea3bdd4f0a16c473438b233d1989ed5a8d0f8d1356e6d0b32b,,
seidel_2d,cupy,default,initialization,observed,43.65656332205981,historical_main,,1,1,6d10c80c878e92ea3bdd4f0a16c473438b233d1989ed5a8d0f8d1356e6d0b32b,,
softmax,numpy,default,initialization,observed,0.9853595881722867,historical_main,,1,1,2fcf9437c28756a764115316372f1c170da55c13fa29321255a7dcc2a7583c80,,
softmax,numba,nopython-mode,initialization,observed,17.431252031587064,historical_main,,1,1,2fcf9437c28756a764115316372f1c170da55c13fa29321255a7dcc2a7583c80,,
softmax,numba,nopython-mode-parallel,initialization,observed,10.118999214842916,historical_main,,1,1,2fcf9437c28756a764115316372f1c170da55c13fa29321255a7dcc2a7583c80,,
softmax,numba,nopython-mode-parallel-range,initialization,observed,9.117478166241199,historical_main,,1,1,2fcf9437c28756a764115316372f1c170da55c13fa29321255a7dcc2a7583c80,,
softmax,numba,object-mode,initialization,observed,2.0915191122330725,historical_main,,1,1,2fcf9437c28756a764115316372f1c170da55c13fa29321255a7dcc2a7583c80,,
softmax,numba,object-mode-parallel,initialization,observed,1.9232904752716422,historical_main,,1,1,2fcf9437c28756a764115316372f1c170da55c13fa29321255a7dcc2a7583c80,,
softmax,numba,object-mode-parallel-range,initialization,N/A,,,,,,,,
softmax,dace_cpu,fusion,initialization,observed,132.58057712996379,historical_main,,1,1,2fcf9437c28756a764115316372f1c170da55c13fa29321255a7dcc2a7583c80,,
softmax,dace_cpu,parallel,initialization,observed,132.69706842303276,historical_main,,1,1,2fcf9437c28756a764115316372f1c170da55c13fa29321255a7dcc2a7583c80,,
softmax,dace_cpu,auto_opt,initialization,observed,129.03222173498943,historical_main,,1,1,2fcf9437c28756a764115316372f1c170da55c13fa29321255a7dcc2a7583c80,,
softmax,dace_gpu,fusion,initialization,observed,25.266033546067774,historical_main,,1,1,2fcf9437c28756a764115316372f1c170da55c13fa29321255a7dcc2a7583c80,,
softmax,dace_gpu,parallel,initialization,observed,25.639057566877455,historical_main,,1,1,2fcf9437c28756a764115316372f1c170da55c13fa29321255a7dcc2a7583c80,,
softmax,dace_gpu,auto_opt,initialization,observed,25.71525832777843,historical_main,,1,1,2fcf9437c28756a764115316372f1c170da55c13fa29321255a7dcc2a7583c80,,
softmax,cupy,default,initialization,observed,2.007953512016684,historical_main,,1,1,2fcf9437c28756a764115316372f1c170da55c13fa29321255a7dcc2a7583c80,,
spmv,numpy,default,initialization,observed,1.0353514971211553,historical_main,,1,1,830b22cd03e41feb9b883b4b8fc754402901ac74dc9f607cfa3a81bdc5787389,,
spmv,numba,nopython-mode,initialization,observed,0.901435995940119,historical_main,,1,1,830b22cd03e41feb9b883b4b8fc754402901ac74dc9f607cfa3a81bdc5787389,,
spmv,numba,nopython-mode-parallel,initialization,observed,0.9047066648490727,historical_main,,1,1,830b22cd03e41feb9b883b4b8fc754402901ac74dc9f607cfa3a81bdc5787389,,
spmv,numba,nopython-mode-parallel-range,initialization,observed,1.5283950609155,historical_main,,1,1,830b22cd03e41feb9b883b4b8fc754402901ac74dc9f607cfa3a81bdc5787389,,
spmv,numba,object-mode,initialization,N/A,,,,,,,,
spmv,numba,object-mode-parallel,initialization,N/A,,,,,,,,
spmv,numba,object-mode-parallel-range,initialization,N/A,,,,,,,,
spmv,dace_cpu,fusion,initialization,observed,18.95263891434297,historical_main,,1,1,830b22cd03e41feb9b883b4b8fc754402901ac74dc9f607cfa3a81bdc5787389,,
spmv,dace_cpu,parallel,initialization,observed,8.365361483767629,historical_main,,1,1,830b22cd03e41feb9b883b4b8fc754402901ac74dc9f607cfa3a81bdc5787389,,
spmv,dace_cpu,auto_opt,initialization,observed,8.119165342766792,historical_main,,1,1,830b22cd03e41feb9b883b4b8fc754402901ac74dc9f607cfa3a81bdc5787389,,
spmv,dace_gpu,fusion,initialization,observed,76.37172489007935,historical_main,,1,1,830b22cd03e41feb9b883b4b8fc754402901ac74dc9f607cfa3a81bdc5787389,,
spmv,dace_gpu,parallel,initialization,observed,24.482417160179466,historical_main,,1,1,830b22cd03e41feb9b883b4b8fc754402901ac74dc9f607cfa3a81bdc5787389,,
spmv,dace_gpu,auto_opt,initialization,observed,24.261024232953787,historical_main,,1,1,830b22cd03e41feb9b883b4b8fc754402901ac74dc9f607cfa3a81bdc5787389,,
spmv,cupy,default,initialization,observed,49.15039758896455,historical_main,,1,1,830b22cd03e41feb9b883b4b8fc754402901ac74dc9f607cfa3a81bdc5787389,,
stockham_fft,numpy,default,initialization,observed,0.9943697666749358,historical_main,,1,1,f6c4acc3fcbed6678c4fad72d834895ca7156ce67f7538ebe2242ed208af3254,,
stockham_fft,numba,nopython-mode,initialization,observed,10.626992653589696,historical_main,,1,1,f6c4acc3fcbed6678c4fad72d834895ca7156ce67f7538ebe2242ed208af3254,,
stockham_fft,numba,nopython-mode-parallel,initialization,observed,495.4024904877879,historical_main,,1,1,f6c4acc3fcbed6678c4fad72d834895ca7156ce67f7538ebe2242ed208af3254,,
stockham_fft,numba,nopython-mode-parallel-range,initialization,observed,15.765964715275913,historical_main,,1,1,f6c4acc3fcbed6678c4fad72d834895ca7156ce67f7538ebe2242ed208af3254,,
stockham_fft,numba,object-mode,initialization,observed,7.512921472080052,historical_main,,1,1,f6c4acc3fcbed6678c4fad72d834895ca7156ce67f7538ebe2242ed208af3254,,
stockham_fft,numba,object-mode-parallel,initialization,observed,8.430784314870834,historical_main,,1,1,f6c4acc3fcbed6678c4fad72d834895ca7156ce67f7538ebe2242ed208af3254,,
stockham_fft,numba,object-mode-parallel-range,initialization,N/A,,,,,,,,
stockham_fft,dace_cpu,fusion,initialization,error,,historical_main,,0,0,f6c4acc3fcbed6678c4fad72d834895ca7156ce67f7538ebe2242ed208af3254,,
stockham_fft,dace_cpu,parallel,initialization,error,,historical_main,,0,0,f6c4acc3fcbed6678c4fad72d834895ca7156ce67f7538ebe2242ed208af3254,,
stockham_fft,dace_cpu,auto_opt,initialization,error,,historical_main,,0,0,f6c4acc3fcbed6678c4fad72d834895ca7156ce67f7538ebe2242ed208af3254,,
stockham_fft,dace_gpu,fusion,initialization,error,,historical_main,,0,0,f6c4acc3fcbed6678c4fad72d834895ca7156ce67f7538ebe2242ed208af3254,,
stockham_fft,dace_gpu,parallel,initialization,error,,historical_main,,0,0,f6c4acc3fcbed6678c4fad72d834895ca7156ce67f7538ebe2242ed208af3254,,
stockham_fft,dace_gpu,auto_opt,initialization,error,,historical_main,,0,0,f6c4acc3fcbed6678c4fad72d834895ca7156ce67f7538ebe2242ed208af3254,,
stockham_fft,cupy,default,initialization,observed,2.556117749772966,historical_main,,1,1,f6c4acc3fcbed6678c4fad72d834895ca7156ce67f7538ebe2242ed208af3254,,
symm,numpy,default,initialization,observed,1.0982685312628746,historical_main,,1,1,c983fe23aab1369b59df067f61f46c516f426a2b0a1ea8bdc3779352f6c91630,,
symm,numba,nopython-mode,initialization,observed,3.4068369367159903,historical_main,,1,1,c983fe23aab1369b59df067f61f46c516f426a2b0a1ea8bdc3779352f6c91630,,
symm,numba,nopython-mode-parallel,initialization,N/A,,,,,,,,
symm,numba,nopython-mode-parallel-range,initialization,observed,4.893575239926577,historical_main,,1,1,c983fe23aab1369b59df067f61f46c516f426a2b0a1ea8bdc3779352f6c91630,,
symm,numba,object-mode,initialization,N/A,,,,,,,,
symm,numba,object-mode-parallel,initialization,N/A,,,,,,,,
symm,numba,object-mode-parallel-range,initialization,N/A,,,,,,,,
symm,dace_cpu,fusion,initialization,observed,13.852508843876421,historical_main,,1,1,c983fe23aab1369b59df067f61f46c516f426a2b0a1ea8bdc3779352f6c91630,,
symm,dace_cpu,parallel,initialization,observed,15.264435464981943,historical_main,,1,1,c983fe23aab1369b59df067f61f46c516f426a2b0a1ea8bdc3779352f6c91630,,
symm,dace_cpu,auto_opt,initialization,observed,16.55990988900885,historical_main,,1,1,c983fe23aab1369b59df067f61f46c516f426a2b0a1ea8bdc3779352f6c91630,,
symm,dace_gpu,fusion,initialization,observed,31.0815694979392,historical_main,,1,1,c983fe23aab1369b59df067f61f46c516f426a2b0a1ea8bdc3779352f6c91630,,
symm,dace_gpu,parallel,initialization,observed,31.084322485607117,historical_main,,1,1,c983fe23aab1369b59df067f61f46c516f426a2b0a1ea8bdc3779352f6c91630,,
symm,dace_gpu,auto_opt,initialization,observed,31.00928775407374,historical_main,,1,1,c983fe23aab1369b59df067f61f46c516f426a2b0a1ea8bdc3779352f6c91630,,
symm,cupy,default,initialization,observed,27.33446105895564,historical_main,,1,1,c983fe23aab1369b59df067f61f46c516f426a2b0a1ea8bdc3779352f6c91630,,
syr2k,numpy,default,initialization,observed,1.2871588137932122,historical_main,,1,1,4eed4ab152ea49c0a4cdf942787319238e4b8903146da60692ca376422fc8502,,
syr2k,numba,nopython-mode,initialization,observed,3.2902804533950984,historical_main,,1,1,4eed4ab152ea49c0a4cdf942787319238e4b8903146da60692ca376422fc8502,,
syr2k,numba,nopython-mode-parallel,initialization,N/A,,,,,,,,
syr2k,numba,nopython-mode-parallel-range,initialization,N/A,,,,,,,,
syr2k,numba,object-mode,initialization,N/A,,,,,,,,
syr2k,numba,object-mode-parallel,initialization,N/A,,,,,,,,
syr2k,numba,object-mode-parallel-range,initialization,N/A,,,,,,,,
syr2k,dace_cpu,fusion,initialization,observed,19.57628774829209,historical_main,,1,1,4eed4ab152ea49c0a4cdf942787319238e4b8903146da60692ca376422fc8502,,
syr2k,dace_cpu,parallel,initialization,observed,12.258277501910925,historical_main,,1,1,4eed4ab152ea49c0a4cdf942787319238e4b8903146da60692ca376422fc8502,,
syr2k,dace_cpu,auto_opt,initialization,observed,12.340764577966183,historical_main,,1,1,4eed4ab152ea49c0a4cdf942787319238e4b8903146da60692ca376422fc8502,,
syr2k,dace_gpu,fusion,initialization,observed,29.85969970189035,historical_main,,1,1,4eed4ab152ea49c0a4cdf942787319238e4b8903146da60692ca376422fc8502,,
syr2k,dace_gpu,parallel,initialization,observed,29.329762999899685,historical_main,,1,1,4eed4ab152ea49c0a4cdf942787319238e4b8903146da60692ca376422fc8502,,
syr2k,dace_gpu,auto_opt,initialization,observed,30.728303954936564,historical_main,,1,1,4eed4ab152ea49c0a4cdf942787319238e4b8903146da60692ca376422fc8502,,
syr2k,cupy,default,initialization,observed,15.769932680297643,historical_main,,1,1,4eed4ab152ea49c0a4cdf942787319238e4b8903146da60692ca376422fc8502,,
syrk,numpy,default,initialization,observed,1.1201689317822456,historical_main,,1,1,c9125e156aac0f0083fa4d941c44b5e500809f7d0e4096cfd309983aa1701894,,
syrk,numba,nopython-mode,initialization,observed,3.484825688879937,historical_main,,1,1,c9125e156aac0f0083fa4d941c44b5e500809f7d0e4096cfd309983aa1701894,,
syrk,numba,nopython-mode-parallel,initialization,N/A,,,,,,,,
syrk,numba,nopython-mode-parallel-range,initialization,N/A,,,,,,,,
syrk,numba,object-mode,initialization,N/A,,,,,,,,
syrk,numba,object-mode-parallel,initialization,N/A,,,,,,,,
syrk,numba,object-mode-parallel-range,initialization,N/A,,,,,,,,
syrk,dace_cpu,fusion,initialization,observed,18.342617716174573,historical_main,,1,1,c9125e156aac0f0083fa4d941c44b5e500809f7d0e4096cfd309983aa1701894,,
syrk,dace_cpu,parallel,initialization,observed,15.515250287950039,historical_main,,1,1,c9125e156aac0f0083fa4d941c44b5e500809f7d0e4096cfd309983aa1701894,,
syrk,dace_cpu,auto_opt,initialization,observed,25.357539963908494,historical_main,,1,1,c9125e156aac0f0083fa4d941c44b5e500809f7d0e4096cfd309983aa1701894,,
syrk,dace_gpu,fusion,initialization,observed,27.86460325308144,historical_main,,1,1,c9125e156aac0f0083fa4d941c44b5e500809f7d0e4096cfd309983aa1701894,,
syrk,dace_gpu,parallel,initialization,observed,26.860819813329726,historical_main,,1,1,c9125e156aac0f0083fa4d941c44b5e500809f7d0e4096cfd309983aa1701894,,
syrk,dace_gpu,auto_opt,initialization,observed,27.349548561964184,historical_main,,1,1,c9125e156aac0f0083fa4d941c44b5e500809f7d0e4096cfd309983aa1701894,,
syrk,cupy,default,initialization,observed,17.87904472509399,historical_main,,1,1,c9125e156aac0f0083fa4d941c44b5e500809f7d0e4096cfd309983aa1701894,,
trisolv,numpy,default,initialization,observed,0.1254898183979094,historical_main,,1,1,2ef566c3a7e8536e3be1ae3aaac85d9a03f4836c00d28326cc70cf2e8147fdb1,,
trisolv,numba,nopython-mode,initialization,observed,0.9728491599671543,historical_main,,1,1,2ef566c3a7e8536e3be1ae3aaac85d9a03f4836c00d28326cc70cf2e8147fdb1,,
trisolv,numba,nopython-mode-parallel,initialization,observed,0.5424559023231268,historical_main,,1,1,2ef566c3a7e8536e3be1ae3aaac85d9a03f4836c00d28326cc70cf2e8147fdb1,,
trisolv,numba,nopython-mode-parallel-range,initialization,N/A,,,,,,,,
trisolv,numba,object-mode,initialization,N/A,,,,,,,,
trisolv,numba,object-mode-parallel,initialization,N/A,,,,,,,,
trisolv,numba,object-mode-parallel-range,initialization,N/A,,,,,,,,
trisolv,dace_cpu,fusion,initialization,observed,7.99218431301415,historical_main,,1,1,2ef566c3a7e8536e3be1ae3aaac85d9a03f4836c00d28326cc70cf2e8147fdb1,,
trisolv,dace_cpu,parallel,initialization,observed,7.415661205071956,historical_main,,1,1,2ef566c3a7e8536e3be1ae3aaac85d9a03f4836c00d28326cc70cf2e8147fdb1,,
trisolv,dace_cpu,auto_opt,initialization,observed,7.926291062962264,historical_main,,1,1,2ef566c3a7e8536e3be1ae3aaac85d9a03f4836c00d28326cc70cf2e8147fdb1,,
trisolv,dace_gpu,fusion,initialization,observed,25.902279714122415,historical_main,,1,1,2ef566c3a7e8536e3be1ae3aaac85d9a03f4836c00d28326cc70cf2e8147fdb1,,
trisolv,dace_gpu,parallel,initialization,observed,28.50410772766918,historical_main,,1,1,2ef566c3a7e8536e3be1ae3aaac85d9a03f4836c00d28326cc70cf2e8147fdb1,,
trisolv,dace_gpu,auto_opt,initialization,observed,27.254752072971314,historical_main,,1,1,2ef566c3a7e8536e3be1ae3aaac85d9a03f4836c00d28326cc70cf2e8147fdb1,,
trisolv,cupy,default,initialization,observed,2.9954309170134366,historical_main,,1,1,2ef566c3a7e8536e3be1ae3aaac85d9a03f4836c00d28326cc70cf2e8147fdb1,,
trmm,numpy,default,initialization,observed,1.1364069366827607,historical_main,,1,1,9168af76f7b62c6873ac45e920743c46191f055c32ee6a1f1df2aba5ab399d7e,,
trmm,numba,nopython-mode,initialization,observed,1.3523548902012408,historical_main,,1,1,9168af76f7b62c6873ac45e920743c46191f055c32ee6a1f1df2aba5ab399d7e,,
trmm,numba,nopython-mode-parallel,initialization,N/A,,,,,,,,
trmm,numba,nopython-mode-parallel-range,initialization,observed,2.045079145114869,historical_main,,1,1,9168af76f7b62c6873ac45e920743c46191f055c32ee6a1f1df2aba5ab399d7e,,
trmm,numba,object-mode,initialization,N/A,,,,,,,,
trmm,numba,object-mode-parallel,initialization,N/A,,,,,,,,
trmm,numba,object-mode-parallel-range,initialization,N/A,,,,,,,,
trmm,dace_cpu,fusion,initialization,observed,8.06083415215835,historical_main,,1,1,9168af76f7b62c6873ac45e920743c46191f055c32ee6a1f1df2aba5ab399d7e,,
trmm,dace_cpu,parallel,initialization,observed,8.091374730225652,historical_main,,1,1,9168af76f7b62c6873ac45e920743c46191f055c32ee6a1f1df2aba5ab399d7e,,
trmm,dace_cpu,auto_opt,initialization,observed,8.5166468010284,historical_main,,1,1,9168af76f7b62c6873ac45e920743c46191f055c32ee6a1f1df2aba5ab399d7e,,
trmm,dace_gpu,fusion,initialization,observed,33.48553410731256,historical_main,,1,1,9168af76f7b62c6873ac45e920743c46191f055c32ee6a1f1df2aba5ab399d7e,,
trmm,dace_gpu,parallel,initialization,observed,24.965527827851474,historical_main,,1,1,9168af76f7b62c6873ac45e920743c46191f055c32ee6a1f1df2aba5ab399d7e,,
trmm,dace_gpu,auto_opt,initialization,observed,24.321132538840175,historical_main,,1,1,9168af76f7b62c6873ac45e920743c46191f055c32ee6a1f1df2aba5ab399d7e,,
trmm,cupy,default,initialization,observed,38.920332147274166,historical_main,,1,1,9168af76f7b62c6873ac45e920743c46191f055c32ee6a1f1df2aba5ab399d7e,,
vadv,numpy,default,initialization,observed,0.6227978481911123,historical_main,,1,1,300cff4f4ff45aa053437078a699f7f36c3a42bea19f7d989bd20911ef2050f4,,
vadv,numba,nopython-mode,initialization,observed,12.066285389941186,historical_main,,1,1,300cff4f4ff45aa053437078a699f7f36c3a42bea19f7d989bd20911ef2050f4,,
vadv,numba,nopython-mode-parallel,initialization,observed,14.237118144985288,historical_main,,1,1,300cff4f4ff45aa053437078a699f7f36c3a42bea19f7d989bd20911ef2050f4,,
vadv,numba,nopython-mode-parallel-range,initialization,N/A,,,,,,,,
vadv,numba,object-mode,initialization,N/A,,,,,,,,
vadv,numba,object-mode-parallel,initialization,N/A,,,,,,,,
vadv,numba,object-mode-parallel-range,initialization,N/A,,,,,,,,
vadv,dace_cpu,fusion,initialization,observed,17.944832335226238,historical_main,,1,1,300cff4f4ff45aa053437078a699f7f36c3a42bea19f7d989bd20911ef2050f4,,
vadv,dace_cpu,parallel,initialization,observed,14.889657327905297,historical_main,,1,1,300cff4f4ff45aa053437078a699f7f36c3a42bea19f7d989bd20911ef2050f4,,
vadv,dace_cpu,auto_opt,initialization,observed,18.838356964755803,historical_main,,1,1,300cff4f4ff45aa053437078a699f7f36c3a42bea19f7d989bd20911ef2050f4,,
vadv,dace_gpu,fusion,initialization,observed,31.07827088283375,historical_main,,1,1,300cff4f4ff45aa053437078a699f7f36c3a42bea19f7d989bd20911ef2050f4,,
vadv,dace_gpu,parallel,initialization,observed,32.037406301125884,historical_main,,1,1,300cff4f4ff45aa053437078a699f7f36c3a42bea19f7d989bd20911ef2050f4,,
vadv,dace_gpu,auto_opt,initialization,observed,35.85156685858965,historical_main,,1,1,300cff4f4ff45aa053437078a699f7f36c3a42bea19f7d989bd20911ef2050f4,,
vadv,cupy,default,initialization,observed,3.4180203108116984,historical_main,,1,1,300cff4f4ff45aa053437078a699f7f36c3a42bea19f7d989bd20911ef2050f4,,
adi_corrected,numpy,default,fresh_process,observed,1.5164293255656958,workload-repairs/main-L,,2,2,44fae57bf7759f2639279283ba275bd89bd5df1bf8f5d46bee32e1d87e87c452,,two_later_processes_only
adi_corrected,numba,nopython-mode,fresh_process,observed,0.7577252851333469,workload-repairs/main-L,,2,2,44fae57bf7759f2639279283ba275bd89bd5df1bf8f5d46bee32e1d87e87c452,,two_later_processes_only
adi_corrected,numba,nopython-mode-parallel,fresh_process,observed,22.90513593587093,workload-repairs/main-L,,2,2,44fae57bf7759f2639279283ba275bd89bd5df1bf8f5d46bee32e1d87e87c452,,two_later_processes_only
adi_corrected,numba,nopython-mode-parallel-range,fresh_process,N/A,,,,,,,,
adi_corrected,numba,object-mode,fresh_process,N/A,,,,,,,,
adi_corrected,numba,object-mode-parallel,fresh_process,N/A,,,,,,,,
adi_corrected,numba,object-mode-parallel-range,fresh_process,N/A,,,,,,,,
adi_corrected,dace_cpu,fusion,fresh_process,observed,10.098866401938722,workload-repairs/main-L,,2,2,44fae57bf7759f2639279283ba275bd89bd5df1bf8f5d46bee32e1d87e87c452,,two_later_processes_only
adi_corrected,dace_cpu,parallel,fresh_process,observed,15.06541076186113,workload-repairs/main-L,,2,2,44fae57bf7759f2639279283ba275bd89bd5df1bf8f5d46bee32e1d87e87c452,,between_process_variability;two_later_processes_only
adi_corrected,dace_cpu,auto_opt,fresh_process,observed,10.875353836454451,workload-repairs/main-L,,2,2,44fae57bf7759f2639279283ba275bd89bd5df1bf8f5d46bee32e1d87e87c452,,between_process_variability;two_later_processes_only
adi_corrected,dace_gpu,fusion,fresh_process,observed,3.7989869902376086,workload-repairs/main-L,,2,2,44fae57bf7759f2639279283ba275bd89bd5df1bf8f5d46bee32e1d87e87c452,,two_later_processes_only
adi_corrected,dace_gpu,parallel,fresh_process,observed,3.8573342571035028,workload-repairs/main-L,,2,2,44fae57bf7759f2639279283ba275bd89bd5df1bf8f5d46bee32e1d87e87c452,,two_later_processes_only
adi_corrected,dace_gpu,auto_opt,fresh_process,observed,2.8108490293379873,workload-repairs/main-L,,2,2,44fae57bf7759f2639279283ba275bd89bd5df1bf8f5d46bee32e1d87e87c452,,two_later_processes_only
adi_corrected,cupy,default,fresh_process,observed,15.057022232329473,workload-repairs/main-L,,2,2,44fae57bf7759f2639279283ba275bd89bd5df1bf8f5d46bee32e1d87e87c452,,between_process_variability;two_later_processes_only
arc_distance,numpy,default,fresh_process,observed,0.8117980558890849,historical_main,,2,2,c9a5d51d680eeff18f5d5e1a8bd8a4acc4d771e072238396fee0333ed61696be,,
arc_distance,numba,nopython-mode,fresh_process,observed,1.0321764044929296,historical_main,,2,2,c9a5d51d680eeff18f5d5e1a8bd8a4acc4d771e072238396fee0333ed61696be,,historical_disk_cache_hit_not_recorded;selected_process_variability
arc_distance,numba,nopython-mode-parallel,fresh_process,observed,0.4440649109892547,historical_main,,2,2,c9a5d51d680eeff18f5d5e1a8bd8a4acc4d771e072238396fee0333ed61696be,,historical_disk_cache_hit_not_recorded;new_sampling_or_resources
arc_distance,numba,nopython-mode-parallel-range,fresh_process,N/A,,,,,,,,
arc_distance,numba,object-mode,fresh_process,N/A,,,,,,,,
arc_distance,numba,object-mode-parallel,fresh_process,N/A,,,,,,,,
arc_distance,numba,object-mode-parallel-range,fresh_process,N/A,,,,,,,,
arc_distance,dace_cpu,fusion,fresh_process,observed,0.18789491639472544,historical_main,,2,2,c9a5d51d680eeff18f5d5e1a8bd8a4acc4d771e072238396fee0333ed61696be,,selected_process_variability
arc_distance,dace_cpu,parallel,fresh_process,observed,0.09064533584751189,historical_main,,2,2,c9a5d51d680eeff18f5d5e1a8bd8a4acc4d771e072238396fee0333ed61696be,,
arc_distance,dace_cpu,auto_opt,fresh_process,observed,0.1180240549147129,historical_main,,2,2,c9a5d51d680eeff18f5d5e1a8bd8a4acc4d771e072238396fee0333ed61696be,,
arc_distance,dace_gpu,fusion,fresh_process,observed,1.2293855850584805,historical_main,,2,2,c9a5d51d680eeff18f5d5e1a8bd8a4acc4d771e072238396fee0333ed61696be,,
arc_distance,dace_gpu,parallel,fresh_process,observed,1.2894859723746777,historical_main,,2,2,c9a5d51d680eeff18f5d5e1a8bd8a4acc4d771e072238396fee0333ed61696be,,selected_process_variability
arc_distance,dace_gpu,auto_opt,fresh_process,observed,1.0195952674839646,historical_main,,2,2,c9a5d51d680eeff18f5d5e1a8bd8a4acc4d771e072238396fee0333ed61696be,,selected_process_variability
arc_distance,cupy,default,fresh_process,observed,0.679697688203305,historical_main,,2,2,c9a5d51d680eeff18f5d5e1a8bd8a4acc4d771e072238396fee0333ed61696be,,
atax,numpy,default,fresh_process,observed,0.1465723409783095,historical_main,,2,2,30d1cbd8bc811b325570c9fdb182323781764974a74f27916f06ba12e9a7baef,,
atax,numba,nopython-mode,fresh_process,observed,0.5088877864181995,historical_main,,2,2,30d1cbd8bc811b325570c9fdb182323781764974a74f27916f06ba12e9a7baef,,historical_disk_cache_hit_not_recorded;new_variability;selected_process_variability
atax,numba,nopython-mode-parallel,fresh_process,observed,0.49195505189709365,historical_main,,2,2,30d1cbd8bc811b325570c9fdb182323781764974a74f27916f06ba12e9a7baef,,historical_disk_cache_hit_not_recorded;new_sampling_or_resources;selected_process_variability
atax,numba,nopython-mode-parallel-range,fresh_process,N/A,,,,,,,,
atax,numba,object-mode,fresh_process,N/A,,,,,,,,
atax,numba,object-mode-parallel,fresh_process,N/A,,,,,,,,
atax,numba,object-mode-parallel-range,fresh_process,N/A,,,,,,,,
atax,dace_cpu,fusion,fresh_process,observed,0.25688714860007167,historical_main,,2,2,30d1cbd8bc811b325570c9fdb182323781764974a74f27916f06ba12e9a7baef,,selected_process_variability
atax,dace_cpu,parallel,fresh_process,observed,0.2721983448136598,historical_main,,2,2,30d1cbd8bc811b325570c9fdb182323781764974a74f27916f06ba12e9a7baef,,
atax,dace_cpu,auto_opt,fresh_process,observed,0.2210165646392852,historical_main,,2,2,30d1cbd8bc811b325570c9fdb182323781764974a74f27916f06ba12e9a7baef,,
atax,dace_gpu,fusion,fresh_process,observed,4.220081411069259,historical_main,,2,2,30d1cbd8bc811b325570c9fdb182323781764974a74f27916f06ba12e9a7baef,,
atax,dace_gpu,parallel,fresh_process,observed,4.732696828432381,historical_main,,2,2,30d1cbd8bc811b325570c9fdb182323781764974a74f27916f06ba12e9a7baef,,
atax,dace_gpu,auto_opt,fresh_process,observed,4.904325125971809,historical_main,,2,2,30d1cbd8bc811b325570c9fdb182323781764974a74f27916f06ba12e9a7baef,,new_sampling_or_resources
atax,cupy,default,fresh_process,observed,3.2517523909918964,historical_main,,2,2,30d1cbd8bc811b325570c9fdb182323781764974a74f27916f06ba12e9a7baef,,
azimint_hist,numpy,default,fresh_process,observed,0.5683719590306282,historical_main,,2,2,d714677a44d27aec51292ca83b9b3ba9c1835b7ac786bbd295a407ecfa03d47f,,
azimint_hist,numba,nopython-mode,fresh_process,observed,0.7414346649311483,historical_main,,2,2,d714677a44d27aec51292ca83b9b3ba9c1835b7ac786bbd295a407ecfa03d47f,,historical_disk_cache_hit_not_recorded;selected_process_variability
azimint_hist,numba,nopython-mode-parallel,fresh_process,observed,0.5893898657523096,step4/confirmation-L,,3,3,d714677a44d27aec51292ca83b9b3ba9c1835b7ac786bbd295a407ecfa03d47f,,
azimint_hist,numba,nopython-mode-parallel-range,fresh_process,observed,0.5617487819399685,workload-repairs/retry-L,,2,2,d714677a44d27aec51292ca83b9b3ba9c1835b7ac786bbd295a407ecfa03d47f,,two_later_processes_only
azimint_hist,numba,object-mode,fresh_process,observed,1.195653245318681,historical_main,,2,2,d714677a44d27aec51292ca83b9b3ba9c1835b7ac786bbd295a407ecfa03d47f,,historical_disk_cache_hit_not_recorded
azimint_hist,numba,object-mode-parallel,fresh_process,observed,1.0695663094520569,historical_main,,2,2,d714677a44d27aec51292ca83b9b3ba9c1835b7ac786bbd295a407ecfa03d47f,,historical_disk_cache_hit_not_recorded;selected_process_variability
azimint_hist,numba,object-mode-parallel-range,fresh_process,N/A,,,,,,,,
azimint_hist,dace_cpu,fusion,fresh_process,observed,203.721938429866,historical_main,,2,2,d714677a44d27aec51292ca83b9b3ba9c1835b7ac786bbd295a407ecfa03d47f,,
azimint_hist,dace_cpu,parallel,fresh_process,observed,210.1493331922684,historical_main,,2,2,d714677a44d27aec51292ca83b9b3ba9c1835b7ac786bbd295a407ecfa03d47f,,
azimint_hist,dace_cpu,auto_opt,fresh_process,observed,211.76648022443987,historical_main,,2,2,d714677a44d27aec51292ca83b9b3ba9c1835b7ac786bbd295a407ecfa03d47f,,
azimint_hist,dace_gpu,fusion,fresh_process,observed,1.913728392450139,historical_main,,2,2,d714677a44d27aec51292ca83b9b3ba9c1835b7ac786bbd295a407ecfa03d47f,,
azimint_hist,dace_gpu,parallel,fresh_process,observed,1.78567876922898,historical_main,,2,2,d714677a44d27aec51292ca83b9b3ba9c1835b7ac786bbd295a407ecfa03d47f,,
azimint_hist,dace_gpu,auto_opt,fresh_process,observed,1.7349061777349561,historical_main,,2,2,d714677a44d27aec51292ca83b9b3ba9c1835b7ac786bbd295a407ecfa03d47f,,
azimint_hist,cupy,default,fresh_process,observed,1.2280330143403262,historical_main,,2,2,d714677a44d27aec51292ca83b9b3ba9c1835b7ac786bbd295a407ecfa03d47f,,
azimint_naive,numpy,default,fresh_process,observed,50.28241103910841,historical_main,,2,2,10e5a4ce8b6fe96db84b8d28fc35df47e5ddd295dfddf44939fc8ac5c8795b6d,,
azimint_naive,numba,nopython-mode,fresh_process,observed,69.91668749344535,historical_main,,2,2,10e5a4ce8b6fe96db84b8d28fc35df47e5ddd295dfddf44939fc8ac5c8795b6d,,historical_disk_cache_hit_not_recorded
azimint_naive,numba,nopython-mode-parallel,fresh_process,observed,47.32269604946487,historical_main,,2,2,10e5a4ce8b6fe96db84b8d28fc35df47e5ddd295dfddf44939fc8ac5c8795b6d,,historical_disk_cache_hit_not_recorded
azimint_naive,numba,nopython-mode-parallel-range,fresh_process,observed,5.051992319058627,step4/confirmation-L,,3,3,10e5a4ce8b6fe96db84b8d28fc35df47e5ddd295dfddf44939fc8ac5c8795b6d,,
azimint_naive,numba,object-mode,fresh_process,N/A,,,,,,,,
azimint_naive,numba,object-mode-parallel,fresh_process,N/A,,,,,,,,
azimint_naive,numba,object-mode-parallel-range,fresh_process,N/A,,,,,,,,
azimint_naive,dace_cpu,fusion,fresh_process,observed,78.85715127387084,historical_main,,2,2,10e5a4ce8b6fe96db84b8d28fc35df47e5ddd295dfddf44939fc8ac5c8795b6d,,
azimint_naive,dace_cpu,parallel,fresh_process,observed,61.480623566312715,historical_main,,2,2,10e5a4ce8b6fe96db84b8d28fc35df47e5ddd295dfddf44939fc8ac5c8795b6d,,
azimint_naive,dace_cpu,auto_opt,fresh_process,observed,65.3069911992643,historical_main,,2,2,10e5a4ce8b6fe96db84b8d28fc35df47e5ddd295dfddf44939fc8ac5c8795b6d,,
azimint_naive,dace_gpu,fusion,fresh_process,observed,3.6203142371959984,historical_main,,2,2,10e5a4ce8b6fe96db84b8d28fc35df47e5ddd295dfddf44939fc8ac5c8795b6d,,
azimint_naive,dace_gpu,parallel,fresh_process,error,,historical_main,,0,0,10e5a4ce8b6fe96db84b8d28fc35df47e5ddd295dfddf44939fc8ac5c8795b6d,,
azimint_naive,dace_gpu,auto_opt,fresh_process,error,,historical_main,,0,0,10e5a4ce8b6fe96db84b8d28fc35df47e5ddd295dfddf44939fc8ac5c8795b6d,,
azimint_naive,cupy,default,fresh_process,observed,2.7803389406763017,historical_main,,2,2,10e5a4ce8b6fe96db84b8d28fc35df47e5ddd295dfddf44939fc8ac5c8795b6d,,
bicg,numpy,default,fresh_process,observed,0.15100386342965066,historical_main,,2,2,77e9adb788612e39af05a751b80c16198c5c53c1997f2c21ca5d1cefa59811c3,,
bicg,numba,nopython-mode,fresh_process,observed,0.4465670573990792,historical_main,,2,2,77e9adb788612e39af05a751b80c16198c5c53c1997f2c21ca5d1cefa59811c3,,historical_disk_cache_hit_not_recorded;new_sampling_or_resources;selected_process_variability
bicg,numba,nopython-mode-parallel,fresh_process,observed,0.5278241948690265,historical_main,,2,2,77e9adb788612e39af05a751b80c16198c5c53c1997f2c21ca5d1cefa59811c3,,historical_disk_cache_hit_not_recorded;new_sampling_or_resources
bicg,numba,nopython-mode-parallel-range,fresh_process,N/A,,,,,,,,
bicg,numba,object-mode,fresh_process,N/A,,,,,,,,
bicg,numba,object-mode-parallel,fresh_process,N/A,,,,,,,,
bicg,numba,object-mode-parallel-range,fresh_process,N/A,,,,,,,,
bicg,dace_cpu,fusion,fresh_process,observed,0.24033312988467515,historical_main,,2,2,77e9adb788612e39af05a751b80c16198c5c53c1997f2c21ca5d1cefa59811c3,,
bicg,dace_cpu,parallel,fresh_process,observed,0.266887697391212,historical_main,,2,2,77e9adb788612e39af05a751b80c16198c5c53c1997f2c21ca5d1cefa59811c3,,
bicg,dace_cpu,auto_opt,fresh_process,observed,0.2665499341674149,historical_main,,2,2,77e9adb788612e39af05a751b80c16198c5c53c1997f2c21ca5d1cefa59811c3,,
bicg,dace_gpu,fusion,fresh_process,observed,4.659672528970987,historical_main,,2,2,77e9adb788612e39af05a751b80c16198c5c53c1997f2c21ca5d1cefa59811c3,,
bicg,dace_gpu,parallel,fresh_process,observed,4.266141481464729,historical_main,,2,2,77e9adb788612e39af05a751b80c16198c5c53c1997f2c21ca5d1cefa59811c3,,
bicg,dace_gpu,auto_opt,fresh_process,observed,4.916640255367383,historical_main,,2,2,77e9adb788612e39af05a751b80c16198c5c53c1997f2c21ca5d1cefa59811c3,,
bicg,cupy,default,fresh_process,observed,3.238005718914792,historical_main,,2,2,77e9adb788612e39af05a751b80c16198c5c53c1997f2c21ca5d1cefa59811c3,,
cavity_flow,numpy,default,fresh_process,observed,0.8752484156284481,historical_main,,2,2,33c1dcf4ea4c8afb398c3db57686f19a59239f440846cca31b92bee224e3c662,,selected_process_variability
cavity_flow,numba,nopython-mode,fresh_process,observed,1.2211127157788724,historical_main,,2,2,33c1dcf4ea4c8afb398c3db57686f19a59239f440846cca31b92bee224e3c662,,historical_disk_cache_hit_not_recorded;new_variability;selected_process_variability
cavity_flow,numba,nopython-mode-parallel,fresh_process,error,,historical_main,,0,0,33c1dcf4ea4c8afb398c3db57686f19a59239f440846cca31b92bee224e3c662,,
cavity_flow,numba,nopython-mode-parallel-range,fresh_process,N/A,,,,,,,,
cavity_flow,numba,object-mode,fresh_process,N/A,,,,,,,,
cavity_flow,numba,object-mode-parallel,fresh_process,N/A,,,,,,,,
cavity_flow,numba,object-mode-parallel-range,fresh_process,N/A,,,,,,,,
cavity_flow,dace_cpu,fusion,fresh_process,observed,2.4380389130674303,historical_main,,2,2,33c1dcf4ea4c8afb398c3db57686f19a59239f440846cca31b92bee224e3c662,,selected_process_variability
cavity_flow,dace_cpu,parallel,fresh_process,observed,3.138917423086241,historical_main,,2,2,33c1dcf4ea4c8afb398c3db57686f19a59239f440846cca31b92bee224e3c662,,
cavity_flow,dace_cpu,auto_opt,fresh_process,observed,3.273331986507401,historical_main,,2,2,33c1dcf4ea4c8afb398c3db57686f19a59239f440846cca31b92bee224e3c662,,selected_process_variability
cavity_flow,dace_gpu,fusion,fresh_process,observed,1.3207676568999887,historical_main,,2,2,33c1dcf4ea4c8afb398c3db57686f19a59239f440846cca31b92bee224e3c662,,
cavity_flow,dace_gpu,parallel,fresh_process,observed,1.5216455729678273,historical_main,,2,2,33c1dcf4ea4c8afb398c3db57686f19a59239f440846cca31b92bee224e3c662,,
cavity_flow,dace_gpu,auto_opt,fresh_process,observed,1.2927306855563074,historical_main,,2,2,33c1dcf4ea4c8afb398c3db57686f19a59239f440846cca31b92bee224e3c662,,
cavity_flow,cupy,default,fresh_process,observed,1.455444363411516,historical_main,,2,2,33c1dcf4ea4c8afb398c3db57686f19a59239f440846cca31b92bee224e3c662,,
channel_flow,numpy,default,fresh_process,observed,6.0521047580987215,historical_main,,2,2,131f13ee629eff4bbfc04696d2acdcf8be8c111de0037039e4ac5c934e15a280,,
channel_flow,numba,nopython-mode,fresh_process,observed,5.568120387848467,step4/confirmation-L,,3,3,131f13ee629eff4bbfc04696d2acdcf8be8c111de0037039e4ac5c934e15a280,,
channel_flow,numba,nopython-mode-parallel,fresh_process,observed,37.06304540974088,historical_main,,2,2,131f13ee629eff4bbfc04696d2acdcf8be8c111de0037039e4ac5c934e15a280,,historical_disk_cache_hit_not_recorded;selected_process_variability
channel_flow,numba,nopython-mode-parallel-range,fresh_process,N/A,,,,,,,,
channel_flow,numba,object-mode,fresh_process,N/A,,,,,,,,
channel_flow,numba,object-mode-parallel,fresh_process,N/A,,,,,,,,
channel_flow,numba,object-mode-parallel-range,fresh_process,N/A,,,,,,,,
channel_flow,dace_cpu,fusion,fresh_process,observed,65.2761451692786,historical_main,,2,2,131f13ee629eff4bbfc04696d2acdcf8be8c111de0037039e4ac5c934e15a280,,
channel_flow,dace_cpu,parallel,fresh_process,observed,86.19857327337377,historical_main,,2,2,131f13ee629eff4bbfc04696d2acdcf8be8c111de0037039e4ac5c934e15a280,,selected_process_variability
channel_flow,dace_cpu,auto_opt,fresh_process,observed,74.22929596924223,historical_main,,2,2,131f13ee629eff4bbfc04696d2acdcf8be8c111de0037039e4ac5c934e15a280,,
channel_flow,dace_gpu,fusion,fresh_process,observed,4.2982027374673635,historical_main,,2,2,131f13ee629eff4bbfc04696d2acdcf8be8c111de0037039e4ac5c934e15a280,,
channel_flow,dace_gpu,parallel,fresh_process,observed,4.752133580390364,historical_main,,2,2,131f13ee629eff4bbfc04696d2acdcf8be8c111de0037039e4ac5c934e15a280,,
channel_flow,dace_gpu,auto_opt,fresh_process,observed,4.157260471954942,historical_main,,2,2,131f13ee629eff4bbfc04696d2acdcf8be8c111de0037039e4ac5c934e15a280,,
channel_flow,cupy,default,fresh_process,observed,16.067436214070767,historical_main,,2,2,131f13ee629eff4bbfc04696d2acdcf8be8c111de0037039e4ac5c934e15a280,,
cholesky,numpy,default,fresh_process,observed,0.900651439325884,historical_main,,2,2,4fbe26b28e30a4b50af30a63a5f1d483d8c2556910e84aba0ab6422938ce8d60,,
cholesky,numba,nopython-mode,fresh_process,observed,0.41100653097964823,historical_main,,2,2,4fbe26b28e30a4b50af30a63a5f1d483d8c2556910e84aba0ab6422938ce8d60,,historical_disk_cache_hit_not_recorded
cholesky,numba,nopython-mode-parallel,fresh_process,observed,31.421136639313772,historical_main,,2,2,4fbe26b28e30a4b50af30a63a5f1d483d8c2556910e84aba0ab6422938ce8d60,,historical_disk_cache_hit_not_recorded;selected_process_variability
cholesky,numba,nopython-mode-parallel-range,fresh_process,N/A,,,,,,,,
cholesky,numba,object-mode,fresh_process,N/A,,,,,,,,
cholesky,numba,object-mode-parallel,fresh_process,N/A,,,,,,,,
cholesky,numba,object-mode-parallel-range,fresh_process,N/A,,,,,,,,
cholesky,dace_cpu,fusion,fresh_process,observed,0.13287807744927704,historical_main,,2,2,4fbe26b28e30a4b50af30a63a5f1d483d8c2556910e84aba0ab6422938ce8d60,,
cholesky,dace_cpu,parallel,fresh_process,observed,0.1442104745656252,historical_main,,2,2,4fbe26b28e30a4b50af30a63a5f1d483d8c2556910e84aba0ab6422938ce8d60,,new_variability
cholesky,dace_cpu,auto_opt,fresh_process,observed,0.1345283049158752,historical_main,,2,2,4fbe26b28e30a4b50af30a63a5f1d483d8c2556910e84aba0ab6422938ce8d60,,
cholesky,dace_gpu,fusion,fresh_process,observed,10.738129266770557,historical_main,,2,2,4fbe26b28e30a4b50af30a63a5f1d483d8c2556910e84aba0ab6422938ce8d60,,
cholesky,dace_gpu,parallel,fresh_process,observed,11.171732318587601,historical_main,,2,2,4fbe26b28e30a4b50af30a63a5f1d483d8c2556910e84aba0ab6422938ce8d60,,
cholesky,dace_gpu,auto_opt,fresh_process,observed,7.174501878442243,historical_main,,2,2,4fbe26b28e30a4b50af30a63a5f1d483d8c2556910e84aba0ab6422938ce8d60,,
cholesky,cupy,default,fresh_process,observed,33.674924639519304,historical_main,,2,2,4fbe26b28e30a4b50af30a63a5f1d483d8c2556910e84aba0ab6422938ce8d60,,
cholesky2,numpy,default,fresh_process,observed,1.3846663804724813,historical_main,,2,2,b9394a55df0718e0c2862384f101bc746b522dc7acfbed649b0716c8d79c2363,,
cholesky2,numba,nopython-mode,fresh_process,observed,3.2693611006252468,historical_main,,2,2,b9394a55df0718e0c2862384f101bc746b522dc7acfbed649b0716c8d79c2363,,historical_disk_cache_hit_not_recorded
cholesky2,numba,nopython-mode-parallel,fresh_process,observed,3.2853615330532193,historical_main,,2,2,b9394a55df0718e0c2862384f101bc746b522dc7acfbed649b0716c8d79c2363,,historical_disk_cache_hit_not_recorded;selected_process_variability
cholesky2,numba,nopython-mode-parallel-range,fresh_process,N/A,,,,,,,,
cholesky2,numba,object-mode,fresh_process,N/A,,,,,,,,
cholesky2,numba,object-mode-parallel,fresh_process,N/A,,,,,,,,
cholesky2,numba,object-mode-parallel-range,fresh_process,N/A,,,,,,,,
cholesky2,dace_cpu,fusion,fresh_process,observed,1.4776654115412384,historical_main,,2,2,b9394a55df0718e0c2862384f101bc746b522dc7acfbed649b0716c8d79c2363,,
cholesky2,dace_cpu,parallel,fresh_process,observed,1.5782965084072202,historical_main,,2,2,b9394a55df0718e0c2862384f101bc746b522dc7acfbed649b0716c8d79c2363,,
cholesky2,dace_cpu,auto_opt,fresh_process,observed,1.798612975049764,historical_main,,2,2,b9394a55df0718e0c2862384f101bc746b522dc7acfbed649b0716c8d79c2363,,
cholesky2,dace_gpu,fusion,fresh_process,observed,1.838538309559226,historical_main,,2,2,b9394a55df0718e0c2862384f101bc746b522dc7acfbed649b0716c8d79c2363,,
cholesky2,dace_gpu,parallel,fresh_process,observed,1.8257392689120024,historical_main,,2,2,b9394a55df0718e0c2862384f101bc746b522dc7acfbed649b0716c8d79c2363,,
cholesky2,dace_gpu,auto_opt,fresh_process,observed,1.8864347590133548,historical_main,,2,2,b9394a55df0718e0c2862384f101bc746b522dc7acfbed649b0716c8d79c2363,,
cholesky2,cupy,default,fresh_process,observed,1.0982298112940043,historical_main,,2,2,b9394a55df0718e0c2862384f101bc746b522dc7acfbed649b0716c8d79c2363,,selected_process_variability
compute,numpy,default,fresh_process,observed,0.930502540897578,historical_main,,2,2,c95ef8e4674e9795c2c4376c3b88240655d27d77a534d2db1cf991c275146691,,
compute,numba,nopython-mode,fresh_process,observed,1.6656409914139658,historical_main,,2,2,c95ef8e4674e9795c2c4376c3b88240655d27d77a534d2db1cf991c275146691,,historical_disk_cache_hit_not_recorded;selected_process_variability
compute,numba,nopython-mode-parallel,fresh_process,observed,0.620152433635667,historical_main,,2,2,c95ef8e4674e9795c2c4376c3b88240655d27d77a534d2db1cf991c275146691,,historical_disk_cache_hit_not_recorded;new_sampling_or_resources
compute,numba,nopython-mode-parallel-range,fresh_process,N/A,,,,,,,,
compute,numba,object-mode,fresh_process,observed,8.939881059341133,historical_main,,2,2,c95ef8e4674e9795c2c4376c3b88240655d27d77a534d2db1cf991c275146691,,historical_disk_cache_hit_not_recorded;selected_process_variability
compute,numba,object-mode-parallel,fresh_process,observed,6.6840949659235775,historical_main,,2,2,c95ef8e4674e9795c2c4376c3b88240655d27d77a534d2db1cf991c275146691,,historical_disk_cache_hit_not_recorded
compute,numba,object-mode-parallel-range,fresh_process,N/A,,,,,,,,
compute,dace_cpu,fusion,fresh_process,observed,0.22619228181429207,historical_main,,2,2,c95ef8e4674e9795c2c4376c3b88240655d27d77a534d2db1cf991c275146691,,
compute,dace_cpu,parallel,fresh_process,observed,0.23364514554850757,historical_main,,2,2,c95ef8e4674e9795c2c4376c3b88240655d27d77a534d2db1cf991c275146691,,selected_process_variability
compute,dace_cpu,auto_opt,fresh_process,observed,0.20753429410979152,historical_main,,2,2,c95ef8e4674e9795c2c4376c3b88240655d27d77a534d2db1cf991c275146691,,
compute,dace_gpu,fusion,fresh_process,observed,3.867477460997179,historical_main,,2,2,c95ef8e4674e9795c2c4376c3b88240655d27d77a534d2db1cf991c275146691,,
compute,dace_gpu,parallel,fresh_process,observed,3.6504466531332582,historical_main,,2,2,c95ef8e4674e9795c2c4376c3b88240655d27d77a534d2db1cf991c275146691,,
compute,dace_gpu,auto_opt,fresh_process,observed,3.8334494319278747,historical_main,,2,2,c95ef8e4674e9795c2c4376c3b88240655d27d77a534d2db1cf991c275146691,,
compute,cupy,default,fresh_process,observed,7.170667099999264,historical_main,,2,2,c95ef8e4674e9795c2c4376c3b88240655d27d77a534d2db1cf991c275146691,,selected_process_variability
contour_integral,numpy,default,fresh_process,observed,2.0966431507840753,historical_main,,2,2,96e60b8e822b16860d5bd015f984ac2828ce239aab0d0628d36a60c7c4be7697,,
contour_integral,numba,nopython-mode,fresh_process,observed,2.421845736913383,step4/confirmation-L,,3,3,96e60b8e822b16860d5bd015f984ac2828ce239aab0d0628d36a60c7c4be7697,,
contour_integral,numba,nopython-mode-parallel,fresh_process,observed,5.912880250019953,historical_main,,2,2,96e60b8e822b16860d5bd015f984ac2828ce239aab0d0628d36a60c7c4be7697,,historical_disk_cache_hit_not_recorded
contour_integral,numba,nopython-mode-parallel-range,fresh_process,observed,3.0286486851982772,historical_main,,2,2,96e60b8e822b16860d5bd015f984ac2828ce239aab0d0628d36a60c7c4be7697,,historical_disk_cache_hit_not_recorded
contour_integral,numba,object-mode,fresh_process,N/A,,,,,,,,
contour_integral,numba,object-mode-parallel,fresh_process,N/A,,,,,,,,
contour_integral,numba,object-mode-parallel-range,fresh_process,N/A,,,,,,,,
contour_integral,dace_cpu,fusion,fresh_process,observed,6.139534032670781,historical_main,,2,2,96e60b8e822b16860d5bd015f984ac2828ce239aab0d0628d36a60c7c4be7697,,
contour_integral,dace_cpu,parallel,fresh_process,observed,6.278572529554367,historical_main,,2,2,96e60b8e822b16860d5bd015f984ac2828ce239aab0d0628d36a60c7c4be7697,,
contour_integral,dace_cpu,auto_opt,fresh_process,observed,5.838365772971883,historical_main,,2,2,96e60b8e822b16860d5bd015f984ac2828ce239aab0d0628d36a60c7c4be7697,,
contour_integral,dace_gpu,fusion,fresh_process,validation,,historical_main,,0,0,96e60b8e822b16860d5bd015f984ac2828ce239aab0d0628d36a60c7c4be7697,,
contour_integral,dace_gpu,parallel,fresh_process,validation,,historical_main,,0,0,96e60b8e822b16860d5bd015f984ac2828ce239aab0d0628d36a60c7c4be7697,,
contour_integral,dace_gpu,auto_opt,fresh_process,validation,,historical_main,,0,0,96e60b8e822b16860d5bd015f984ac2828ce239aab0d0628d36a60c7c4be7697,,
contour_integral,cupy,default,fresh_process,observed,0.8410511242691427,historical_main,,2,2,96e60b8e822b16860d5bd015f984ac2828ce239aab0d0628d36a60c7c4be7697,,
conv2d_bias,numpy,default,fresh_process,observed,1.8212799390312284,historical_main,,2,2,3652f4ad2c784bef2f715b7aa13d7e3a9d461dbdbed77498119dc3c0f00cc660,,selected_process_variability
conv2d_bias,numba,nopython-mode,fresh_process,observed,1.8158268425613642,historical_main,,2,2,3652f4ad2c784bef2f715b7aa13d7e3a9d461dbdbed77498119dc3c0f00cc660,,historical_disk_cache_hit_not_recorded
conv2d_bias,numba,nopython-mode-parallel,fresh_process,observed,5.48130616126582,historical_main,,2,2,3652f4ad2c784bef2f715b7aa13d7e3a9d461dbdbed77498119dc3c0f00cc660,,historical_disk_cache_hit_not_recorded
conv2d_bias,numba,nopython-mode-parallel-range,fresh_process,observed,0.5734574808739126,historical_main,,2,2,3652f4ad2c784bef2f715b7aa13d7e3a9d461dbdbed77498119dc3c0f00cc660,,historical_disk_cache_hit_not_recorded;new_variability;selected_process_variability
conv2d_bias,numba,object-mode,fresh_process,error,,historical_main,,0,0,3652f4ad2c784bef2f715b7aa13d7e3a9d461dbdbed77498119dc3c0f00cc660,,
conv2d_bias,numba,object-mode-parallel,fresh_process,error,,historical_main,,0,0,3652f4ad2c784bef2f715b7aa13d7e3a9d461dbdbed77498119dc3c0f00cc660,,
conv2d_bias,numba,object-mode-parallel-range,fresh_process,observed,3.2497348724864423,historical_main,,2,2,3652f4ad2c784bef2f715b7aa13d7e3a9d461dbdbed77498119dc3c0f00cc660,,historical_disk_cache_hit_not_recorded
conv2d_bias,dace_cpu,fusion,fresh_process,observed,2.888467335840687,historical_main,,2,2,3652f4ad2c784bef2f715b7aa13d7e3a9d461dbdbed77498119dc3c0f00cc660,,
conv2d_bias,dace_cpu,parallel,fresh_process,observed,2.681452530901879,historical_main,,2,2,3652f4ad2c784bef2f715b7aa13d7e3a9d461dbdbed77498119dc3c0f00cc660,,selected_process_variability
conv2d_bias,dace_cpu,auto_opt,fresh_process,observed,2.6508522289805114,historical_main,,2,2,3652f4ad2c784bef2f715b7aa13d7e3a9d461dbdbed77498119dc3c0f00cc660,,selected_process_variability
conv2d_bias,dace_gpu,fusion,fresh_process,validation,,historical_main,,0,0,3652f4ad2c784bef2f715b7aa13d7e3a9d461dbdbed77498119dc3c0f00cc660,,
conv2d_bias,dace_gpu,parallel,fresh_process,validation,,historical_main,,0,0,3652f4ad2c784bef2f715b7aa13d7e3a9d461dbdbed77498119dc3c0f00cc660,,
conv2d_bias,dace_gpu,auto_opt,fresh_process,validation,,historical_main,,0,0,3652f4ad2c784bef2f715b7aa13d7e3a9d461dbdbed77498119dc3c0f00cc660,,
conv2d_bias,cupy,default,fresh_process,observed,1.9604354004841298,historical_main,,2,2,3652f4ad2c784bef2f715b7aa13d7e3a9d461dbdbed77498119dc3c0f00cc660,,selected_process_variability
correlation,numpy,default,fresh_process,observed,1.2518357958178967,historical_main,,2,2,90af084039550dbfa1b2c0aafc8d4694c42209b191fd5b47f0314658efaf5513,,
correlation,numba,nopython-mode,fresh_process,observed,155.50382782053202,historical_main,,2,2,90af084039550dbfa1b2c0aafc8d4694c42209b191fd5b47f0314658efaf5513,,historical_disk_cache_hit_not_recorded
correlation,numba,nopython-mode-parallel,fresh_process,error,,historical_main,,0,0,90af084039550dbfa1b2c0aafc8d4694c42209b191fd5b47f0314658efaf5513,,
correlation,numba,nopython-mode-parallel-range,fresh_process,error,,historical_main,,0,0,90af084039550dbfa1b2c0aafc8d4694c42209b191fd5b47f0314658efaf5513,,
correlation,numba,object-mode,fresh_process,unsupported,,historical_main,,0,0,90af084039550dbfa1b2c0aafc8d4694c42209b191fd5b47f0314658efaf5513,,
correlation,numba,object-mode-parallel,fresh_process,unsupported,,historical_main,,0,0,90af084039550dbfa1b2c0aafc8d4694c42209b191fd5b47f0314658efaf5513,,
correlation,numba,object-mode-parallel-range,fresh_process,unsupported,,historical_main,,0,0,90af084039550dbfa1b2c0aafc8d4694c42209b191fd5b47f0314658efaf5513,,
correlation,dace_cpu,fusion,fresh_process,observed,1.361503324471414,historical_main,,2,2,90af084039550dbfa1b2c0aafc8d4694c42209b191fd5b47f0314658efaf5513,,
correlation,dace_cpu,parallel,fresh_process,observed,1.4941546393092722,historical_main,,2,2,90af084039550dbfa1b2c0aafc8d4694c42209b191fd5b47f0314658efaf5513,,
correlation,dace_cpu,auto_opt,fresh_process,observed,1.3967713550664485,historical_main,,2,2,90af084039550dbfa1b2c0aafc8d4694c42209b191fd5b47f0314658efaf5513,,
correlation,dace_gpu,fusion,fresh_process,observed,1.848588825436309,historical_main,,2,2,90af084039550dbfa1b2c0aafc8d4694c42209b191fd5b47f0314658efaf5513,,
correlation,dace_gpu,parallel,fresh_process,observed,1.9672994611319155,historical_main,,2,2,90af084039550dbfa1b2c0aafc8d4694c42209b191fd5b47f0314658efaf5513,,
correlation,dace_gpu,auto_opt,fresh_process,observed,1.834411138901487,historical_main,,2,2,90af084039550dbfa1b2c0aafc8d4694c42209b191fd5b47f0314658efaf5513,,
correlation,cupy,default,fresh_process,observed,1.364117636345327,workload-repairs/main-L,,2,2,a80325d29cec49a59ec855ace66ce22deb5c4598a5707696210d3afdf6a571ee,,between_process_variability;two_later_processes_only
covariance,numpy,default,fresh_process,observed,1.2197463980410248,historical_main,,2,2,af17a377caed2a970d699d0afa2fcc0382f2e0ec47bdab98c00e9bb2f70fcc48,,
covariance,numba,nopython-mode,fresh_process,observed,141.6968495505862,historical_main,,2,2,af17a377caed2a970d699d0afa2fcc0382f2e0ec47bdab98c00e9bb2f70fcc48,,historical_disk_cache_hit_not_recorded
covariance,numba,nopython-mode-parallel,fresh_process,error,,historical_main,,0,0,af17a377caed2a970d699d0afa2fcc0382f2e0ec47bdab98c00e9bb2f70fcc48,,
covariance,numba,nopython-mode-parallel-range,fresh_process,error,,historical_main,,0,0,af17a377caed2a970d699d0afa2fcc0382f2e0ec47bdab98c00e9bb2f70fcc48,,
covariance,numba,object-mode,fresh_process,unsupported,,historical_main,,0,0,af17a377caed2a970d699d0afa2fcc0382f2e0ec47bdab98c00e9bb2f70fcc48,,
covariance,numba,object-mode-parallel,fresh_process,unsupported,,historical_main,,0,0,af17a377caed2a970d699d0afa2fcc0382f2e0ec47bdab98c00e9bb2f70fcc48,,
covariance,numba,object-mode-parallel-range,fresh_process,unsupported,,historical_main,,0,0,af17a377caed2a970d699d0afa2fcc0382f2e0ec47bdab98c00e9bb2f70fcc48,,
covariance,dace_cpu,fusion,fresh_process,observed,68.64072177442722,historical_main,,2,2,af17a377caed2a970d699d0afa2fcc0382f2e0ec47bdab98c00e9bb2f70fcc48,,
covariance,dace_cpu,parallel,fresh_process,observed,67.8752073738724,historical_main,,2,2,af17a377caed2a970d699d0afa2fcc0382f2e0ec47bdab98c00e9bb2f70fcc48,,
covariance,dace_cpu,auto_opt,fresh_process,observed,69.27061506686732,historical_main,,2,2,af17a377caed2a970d699d0afa2fcc0382f2e0ec47bdab98c00e9bb2f70fcc48,,
covariance,dace_gpu,fusion,fresh_process,observed,1.9386972507927567,historical_main,,2,2,af17a377caed2a970d699d0afa2fcc0382f2e0ec47bdab98c00e9bb2f70fcc48,,
covariance,dace_gpu,parallel,fresh_process,observed,1.8819544911384583,historical_main,,2,2,af17a377caed2a970d699d0afa2fcc0382f2e0ec47bdab98c00e9bb2f70fcc48,,
covariance,dace_gpu,auto_opt,fresh_process,observed,1.780530338641256,historical_main,,2,2,af17a377caed2a970d699d0afa2fcc0382f2e0ec47bdab98c00e9bb2f70fcc48,,
covariance,cupy,default,fresh_process,observed,1.6382684307172894,historical_main,,2,2,af17a377caed2a970d699d0afa2fcc0382f2e0ec47bdab98c00e9bb2f70fcc48,,
covariance2,numpy,default,fresh_process,observed,0.20067922258749604,historical_main,,2,2,e1424bc66fff5f5bb8acd9b4f317faa2af4ea1da59094eb63d32d82413d01c9b,,
covariance2,numba,nopython-mode,fresh_process,observed,0.8093745766673237,historical_main,,2,2,e1424bc66fff5f5bb8acd9b4f317faa2af4ea1da59094eb63d32d82413d01c9b,,historical_disk_cache_hit_not_recorded
covariance2,numba,nopython-mode-parallel,fresh_process,N/A,,,,,,,,
covariance2,numba,nopython-mode-parallel-range,fresh_process,N/A,,,,,,,,
covariance2,numba,object-mode,fresh_process,N/A,,,,,,,,
covariance2,numba,object-mode-parallel,fresh_process,N/A,,,,,,,,
covariance2,numba,object-mode-parallel-range,fresh_process,N/A,,,,,,,,
covariance2,dace_cpu,fusion,fresh_process,missing,,historical_main,,0,0,e1424bc66fff5f5bb8acd9b4f317faa2af4ea1da59094eb63d32d82413d01c9b,,
covariance2,dace_cpu,parallel,fresh_process,missing,,historical_main,,0,0,e1424bc66fff5f5bb8acd9b4f317faa2af4ea1da59094eb63d32d82413d01c9b,,
covariance2,dace_cpu,auto_opt,fresh_process,missing,,historical_main,,0,0,e1424bc66fff5f5bb8acd9b4f317faa2af4ea1da59094eb63d32d82413d01c9b,,
covariance2,dace_gpu,fusion,fresh_process,missing,,historical_main,,0,0,e1424bc66fff5f5bb8acd9b4f317faa2af4ea1da59094eb63d32d82413d01c9b,,
covariance2,dace_gpu,parallel,fresh_process,missing,,historical_main,,0,0,e1424bc66fff5f5bb8acd9b4f317faa2af4ea1da59094eb63d32d82413d01c9b,,
covariance2,dace_gpu,auto_opt,fresh_process,missing,,historical_main,,0,0,e1424bc66fff5f5bb8acd9b4f317faa2af4ea1da59094eb63d32d82413d01c9b,,
covariance2,cupy,default,fresh_process,missing,,historical_main,,0,0,e1424bc66fff5f5bb8acd9b4f317faa2af4ea1da59094eb63d32d82413d01c9b,,
crc16,numpy,default,fresh_process,observed,0.7455242641735822,historical_main,,2,2,f5e374255acb40d3b61ef049439a216956523578089519cdbac1c787454c279b,,
crc16,numba,nopython-mode,fresh_process,observed,0.37726258486509323,historical_main,,2,2,f5e374255acb40d3b61ef049439a216956523578089519cdbac1c787454c279b,,historical_disk_cache_hit_not_recorded
crc16,numba,nopython-mode-parallel,fresh_process,observed,0.38756797881796956,step4/confirmation-L,,3,3,f5e374255acb40d3b61ef049439a216956523578089519cdbac1c787454c279b,,
crc16,numba,nopython-mode-parallel-range,fresh_process,N/A,,,,,,,,
crc16,numba,object-mode,fresh_process,N/A,,,,,,,,
crc16,numba,object-mode-parallel,fresh_process,N/A,,,,,,,,
crc16,numba,object-mode-parallel-range,fresh_process,N/A,,,,,,,,
crc16,dace_cpu,fusion,fresh_process,observed,0.03434290084987879,historical_main,,2,2,f5e374255acb40d3b61ef049439a216956523578089519cdbac1c787454c279b,,
crc16,dace_cpu,parallel,fresh_process,observed,0.0808100055437535,historical_main,,2,2,f5e374255acb40d3b61ef049439a216956523578089519cdbac1c787454c279b,,
crc16,dace_cpu,auto_opt,fresh_process,observed,0.041475013829767704,historical_main,,2,2,f5e374255acb40d3b61ef049439a216956523578089519cdbac1c787454c279b,,
crc16,dace_gpu,fusion,fresh_process,observed,6.585593188647181,historical_main,,2,2,f5e374255acb40d3b61ef049439a216956523578089519cdbac1c787454c279b,,
crc16,dace_gpu,parallel,fresh_process,observed,6.670509045943618,historical_main,,2,2,f5e374255acb40d3b61ef049439a216956523578089519cdbac1c787454c279b,,
crc16,dace_gpu,auto_opt,fresh_process,observed,6.66623241500929,historical_main,,2,2,f5e374255acb40d3b61ef049439a216956523578089519cdbac1c787454c279b,,
crc16,cupy,default,fresh_process,observed,101.84519536118023,historical_main,,2,2,f5e374255acb40d3b61ef049439a216956523578089519cdbac1c787454c279b,,
deriche,numpy,default,fresh_process,observed,0.7761478875763714,historical_main,,2,2,86bedd90fc265ce6365b560b64f12b89d3c2d5bf501294f5352e2a58074f9840,,
deriche,numba,nopython-mode,fresh_process,observed,1.3075762679800391,historical_main,,2,2,86bedd90fc265ce6365b560b64f12b89d3c2d5bf501294f5352e2a58074f9840,,historical_disk_cache_hit_not_recorded
deriche,numba,nopython-mode-parallel,fresh_process,observed,3.0416816528886557,historical_main,,2,2,86bedd90fc265ce6365b560b64f12b89d3c2d5bf501294f5352e2a58074f9840,,historical_disk_cache_hit_not_recorded
deriche,numba,nopython-mode-parallel-range,fresh_process,N/A,,,,,,,,
deriche,numba,object-mode,fresh_process,N/A,,,,,,,,
deriche,numba,object-mode-parallel,fresh_process,N/A,,,,,,,,
deriche,numba,object-mode-parallel-range,fresh_process,N/A,,,,,,,,
deriche,dace_cpu,fusion,fresh_process,observed,2.4205315546132624,historical_main,,2,2,86bedd90fc265ce6365b560b64f12b89d3c2d5bf501294f5352e2a58074f9840,,
deriche,dace_cpu,parallel,fresh_process,observed,2.49813388613984,historical_main,,2,2,86bedd90fc265ce6365b560b64f12b89d3c2d5bf501294f5352e2a58074f9840,,selected_process_variability
deriche,dace_cpu,auto_opt,fresh_process,observed,2.1355449955444783,historical_main,,2,2,86bedd90fc265ce6365b560b64f12b89d3c2d5bf501294f5352e2a58074f9840,,selected_process_variability
deriche,dace_gpu,fusion,fresh_process,observed,2.0043478768784553,historical_main,,2,2,86bedd90fc265ce6365b560b64f12b89d3c2d5bf501294f5352e2a58074f9840,,
deriche,dace_gpu,parallel,fresh_process,observed,2.097470312844962,historical_main,,2,2,86bedd90fc265ce6365b560b64f12b89d3c2d5bf501294f5352e2a58074f9840,,
deriche,dace_gpu,auto_opt,fresh_process,observed,1.9319251929409802,step4/confirmation-L,,3,3,86bedd90fc265ce6365b560b64f12b89d3c2d5bf501294f5352e2a58074f9840,,
deriche,cupy,default,fresh_process,observed,2.913272342644632,historical_main,,2,2,86bedd90fc265ce6365b560b64f12b89d3c2d5bf501294f5352e2a58074f9840,,
doitgen,numpy,default,fresh_process,observed,2.3344925926066935,historical_main,,2,2,e54ec8efb6b8a7fe086a96f3c0074529002b4a5aad97bbd19161c0a49cf1bb9d,,
doitgen,numba,nopython-mode,fresh_process,observed,2.312975214328617,historical_main,,2,2,e54ec8efb6b8a7fe086a96f3c0074529002b4a5aad97bbd19161c0a49cf1bb9d,,historical_disk_cache_hit_not_recorded;selected_process_variability
doitgen,numba,nopython-mode-parallel,fresh_process,N/A,,,,,,,,
doitgen,numba,nopython-mode-parallel-range,fresh_process,N/A,,,,,,,,
doitgen,numba,object-mode,fresh_process,observed,2.7369218131061643,historical_main,,2,2,e54ec8efb6b8a7fe086a96f3c0074529002b4a5aad97bbd19161c0a49cf1bb9d,,historical_disk_cache_hit_not_recorded
doitgen,numba,object-mode-parallel,fresh_process,observed,2.5652546985074878,historical_main,,2,2,e54ec8efb6b8a7fe086a96f3c0074529002b4a5aad97bbd19161c0a49cf1bb9d,,historical_disk_cache_hit_not_recorded;selected_process_variability
doitgen,numba,object-mode-parallel-range,fresh_process,N/A,,,,,,,,
doitgen,dace_cpu,fusion,fresh_process,observed,0.41451522149145603,historical_main,,2,2,e54ec8efb6b8a7fe086a96f3c0074529002b4a5aad97bbd19161c0a49cf1bb9d,,selected_process_variability
doitgen,dace_cpu,parallel,fresh_process,observed,0.33624730398878455,historical_main,,2,2,e54ec8efb6b8a7fe086a96f3c0074529002b4a5aad97bbd19161c0a49cf1bb9d,,new_sampling_or_resources;selected_process_variability
doitgen,dace_cpu,auto_opt,fresh_process,observed,0.4118162146769464,historical_main,,2,2,e54ec8efb6b8a7fe086a96f3c0074529002b4a5aad97bbd19161c0a49cf1bb9d,,
doitgen,dace_gpu,fusion,fresh_process,observed,1.40497175604105,historical_main,,2,2,e54ec8efb6b8a7fe086a96f3c0074529002b4a5aad97bbd19161c0a49cf1bb9d,,
doitgen,dace_gpu,parallel,fresh_process,observed,1.407622690545395,historical_main,,2,2,e54ec8efb6b8a7fe086a96f3c0074529002b4a5aad97bbd19161c0a49cf1bb9d,,
doitgen,dace_gpu,auto_opt,fresh_process,observed,1.4745149943046272,historical_main,,2,2,e54ec8efb6b8a7fe086a96f3c0074529002b4a5aad97bbd19161c0a49cf1bb9d,,
doitgen,cupy,default,fresh_process,observed,0.8623226569034159,historical_main,,2,2,e54ec8efb6b8a7fe086a96f3c0074529002b4a5aad97bbd19161c0a49cf1bb9d,,
durbin,numpy,default,fresh_process,observed,2.2192536680959165,step4/confirmation-L,,3,3,ce8fe98cca13e7ff78b2059649cf38d58a3f2af294a834c6e4698392b4e95b14,,
durbin,numba,nopython-mode,fresh_process,observed,2.4587439647875726,historical_main,,2,2,ce8fe98cca13e7ff78b2059649cf38d58a3f2af294a834c6e4698392b4e95b14,,historical_disk_cache_hit_not_recorded;new_variability;selected_process_variability
durbin,numba,nopython-mode-parallel,fresh_process,error,,historical_main,,0,0,ce8fe98cca13e7ff78b2059649cf38d58a3f2af294a834c6e4698392b4e95b14,,
durbin,numba,nopython-mode-parallel-range,fresh_process,N/A,,,,,,,,
durbin,numba,object-mode,fresh_process,N/A,,,,,,,,
durbin,numba,object-mode-parallel,fresh_process,N/A,,,,,,,,
durbin,numba,object-mode-parallel-range,fresh_process,N/A,,,,,,,,
durbin,dace_cpu,fusion,fresh_process,timeout,,historical_main,,0,0,ce8fe98cca13e7ff78b2059649cf38d58a3f2af294a834c6e4698392b4e95b14,,
durbin,dace_cpu,parallel,fresh_process,timeout,,historical_main,,0,0,ce8fe98cca13e7ff78b2059649cf38d58a3f2af294a834c6e4698392b4e95b14,,
durbin,dace_cpu,auto_opt,fresh_process,timeout,,historical_main,,0,0,ce8fe98cca13e7ff78b2059649cf38d58a3f2af294a834c6e4698392b4e95b14,,
durbin,dace_gpu,fusion,fresh_process,observed,2.660711203934625,historical_main,,2,2,ce8fe98cca13e7ff78b2059649cf38d58a3f2af294a834c6e4698392b4e95b14,,
durbin,dace_gpu,parallel,fresh_process,observed,2.651708386838436,historical_main,,2,2,ce8fe98cca13e7ff78b2059649cf38d58a3f2af294a834c6e4698392b4e95b14,,
durbin,dace_gpu,auto_opt,fresh_process,observed,2.643585845362395,historical_main,,2,2,ce8fe98cca13e7ff78b2059649cf38d58a3f2af294a834c6e4698392b4e95b14,,
durbin,cupy,default,fresh_process,observed,4.654028359102085,historical_main,,2,2,ce8fe98cca13e7ff78b2059649cf38d58a3f2af294a834c6e4698392b4e95b14,,
fdtd_2d,numpy,default,fresh_process,observed,0.8279869044199586,historical_main,,2,2,ae503cf8154fbe07791342cfced3146fb8b1e03dbea637ba9add8796956ed94d,,
fdtd_2d,numba,nopython-mode,fresh_process,observed,1.937805100576952,historical_main,,2,2,ae503cf8154fbe07791342cfced3146fb8b1e03dbea637ba9add8796956ed94d,,historical_disk_cache_hit_not_recorded;selected_process_variability
fdtd_2d,numba,nopython-mode-parallel,fresh_process,observed,1.2545836050994694,historical_main,,2,2,ae503cf8154fbe07791342cfced3146fb8b1e03dbea637ba9add8796956ed94d,,historical_disk_cache_hit_not_recorded
fdtd_2d,numba,nopython-mode-parallel-range,fresh_process,N/A,,,,,,,,
fdtd_2d,numba,object-mode,fresh_process,N/A,,,,,,,,
fdtd_2d,numba,object-mode-parallel,fresh_process,N/A,,,,,,,,
fdtd_2d,numba,object-mode-parallel-range,fresh_process,N/A,,,,,,,,
fdtd_2d,dace_cpu,fusion,fresh_process,observed,0.6757033632602543,historical_main,,2,2,ae503cf8154fbe07791342cfced3146fb8b1e03dbea637ba9add8796956ed94d,,selected_process_variability
fdtd_2d,dace_cpu,parallel,fresh_process,observed,0.18274329393170774,historical_main,,2,2,ae503cf8154fbe07791342cfced3146fb8b1e03dbea637ba9add8796956ed94d,,historical_drift_requires_review;new_variability
fdtd_2d,dace_cpu,auto_opt,fresh_process,observed,0.21423389692790806,historical_main,,2,2,ae503cf8154fbe07791342cfced3146fb8b1e03dbea637ba9add8796956ed94d,,new_variability
fdtd_2d,dace_gpu,fusion,fresh_process,observed,1.0829361046198756,historical_main,,2,2,ae503cf8154fbe07791342cfced3146fb8b1e03dbea637ba9add8796956ed94d,,
fdtd_2d,dace_gpu,parallel,fresh_process,observed,1.1272427036892623,historical_main,,2,2,ae503cf8154fbe07791342cfced3146fb8b1e03dbea637ba9add8796956ed94d,,
fdtd_2d,dace_gpu,auto_opt,fresh_process,observed,1.0833789275493473,historical_main,,2,2,ae503cf8154fbe07791342cfced3146fb8b1e03dbea637ba9add8796956ed94d,,
fdtd_2d,cupy,default,fresh_process,observed,0.36578590143471956,historical_main,,2,2,ae503cf8154fbe07791342cfced3146fb8b1e03dbea637ba9add8796956ed94d,,
floyd_warshall,numpy,default,fresh_process,observed,3.943877471378073,historical_main,,2,2,d80d0f1e5dc1b065b6ae583f4925157116e2c98d49b252f8e02fa8c4ffe273fe,,selected_process_variability
floyd_warshall,numba,nopython-mode,fresh_process,observed,1.748187678400427,historical_main,,2,2,d80d0f1e5dc1b065b6ae583f4925157116e2c98d49b252f8e02fa8c4ffe273fe,,historical_disk_cache_hit_not_recorded;selected_process_variability
floyd_warshall,numba,nopython-mode-parallel,fresh_process,observed,60.35854955133982,historical_main,,2,2,d80d0f1e5dc1b065b6ae583f4925157116e2c98d49b252f8e02fa8c4ffe273fe,,historical_disk_cache_hit_not_recorded;selected_process_variability
floyd_warshall,numba,nopython-mode-parallel-range,fresh_process,observed,1.2170568408910185,historical_main,,2,2,d80d0f1e5dc1b065b6ae583f4925157116e2c98d49b252f8e02fa8c4ffe273fe,,historical_disk_cache_hit_not_recorded;historical_drift_requires_review;new_reuse_evidence_incomplete;new_sampling_or_resources;selected_process_variability
floyd_warshall,numba,object-mode,fresh_process,unsupported,,historical_main,,0,0,d80d0f1e5dc1b065b6ae583f4925157116e2c98d49b252f8e02fa8c4ffe273fe,,
floyd_warshall,numba,object-mode-parallel,fresh_process,unsupported,,historical_main,,0,0,d80d0f1e5dc1b065b6ae583f4925157116e2c98d49b252f8e02fa8c4ffe273fe,,
floyd_warshall,numba,object-mode-parallel-range,fresh_process,N/A,,,,,,,,
floyd_warshall,dace_cpu,fusion,fresh_process,observed,1.0561244895216078,historical_main,,2,2,d80d0f1e5dc1b065b6ae583f4925157116e2c98d49b252f8e02fa8c4ffe273fe,,historical_drift_requires_review;new_variability;selected_process_variability
floyd_warshall,dace_cpu,parallel,fresh_process,observed,1.691643798025325,historical_main,,2,2,d80d0f1e5dc1b065b6ae583f4925157116e2c98d49b252f8e02fa8c4ffe273fe,,selected_process_variability
floyd_warshall,dace_cpu,auto_opt,fresh_process,observed,1.2187602913472801,historical_main,,2,2,d80d0f1e5dc1b065b6ae583f4925157116e2c98d49b252f8e02fa8c4ffe273fe,,
floyd_warshall,dace_gpu,fusion,fresh_process,observed,1.3010784585494548,historical_main,,2,2,d80d0f1e5dc1b065b6ae583f4925157116e2c98d49b252f8e02fa8c4ffe273fe,,
floyd_warshall,dace_gpu,parallel,fresh_process,observed,1.3643564728554338,historical_main,,2,2,d80d0f1e5dc1b065b6ae583f4925157116e2c98d49b252f8e02fa8c4ffe273fe,,
floyd_warshall,dace_gpu,auto_opt,fresh_process,observed,1.0705181690864265,historical_main,,2,2,d80d0f1e5dc1b065b6ae583f4925157116e2c98d49b252f8e02fa8c4ffe273fe,,
floyd_warshall,cupy,default,fresh_process,observed,27.16406354843639,historical_main,,2,2,d80d0f1e5dc1b065b6ae583f4925157116e2c98d49b252f8e02fa8c4ffe273fe,,
gemm,numpy,default,fresh_process,observed,1.575534057803452,historical_main,,2,2,a7cad45e3e7e87c02c7a2df12b4f75774f21a5cca78b504ff8830be9107f34b6,,
gemm,numba,nopython-mode,fresh_process,observed,2.513459076639265,historical_main,,2,2,a7cad45e3e7e87c02c7a2df12b4f75774f21a5cca78b504ff8830be9107f34b6,,historical_disk_cache_hit_not_recorded;selected_process_variability
gemm,numba,nopython-mode-parallel,fresh_process,observed,2.11255634855479,historical_main,,2,2,a7cad45e3e7e87c02c7a2df12b4f75774f21a5cca78b504ff8830be9107f34b6,,historical_disk_cache_hit_not_recorded
gemm,numba,nopython-mode-parallel-range,fresh_process,N/A,,,,,,,,
gemm,numba,object-mode,fresh_process,N/A,,,,,,,,
gemm,numba,object-mode-parallel,fresh_process,N/A,,,,,,,,
gemm,numba,object-mode-parallel-range,fresh_process,N/A,,,,,,,,
gemm,dace_cpu,fusion,fresh_process,observed,1.9782636186573654,historical_main,,2,2,a7cad45e3e7e87c02c7a2df12b4f75774f21a5cca78b504ff8830be9107f34b6,,
gemm,dace_cpu,parallel,fresh_process,observed,1.9538516530301422,historical_main,,2,2,a7cad45e3e7e87c02c7a2df12b4f75774f21a5cca78b504ff8830be9107f34b6,,
gemm,dace_cpu,auto_opt,fresh_process,observed,1.840387946460396,historical_main,,2,2,a7cad45e3e7e87c02c7a2df12b4f75774f21a5cca78b504ff8830be9107f34b6,,
gemm,dace_gpu,fusion,fresh_process,observed,1.8363502162974328,historical_main,,2,2,a7cad45e3e7e87c02c7a2df12b4f75774f21a5cca78b504ff8830be9107f34b6,,new_sampling_or_resources
gemm,dace_gpu,parallel,fresh_process,observed,2.076354480115697,historical_main,,2,2,a7cad45e3e7e87c02c7a2df12b4f75774f21a5cca78b504ff8830be9107f34b6,,
gemm,dace_gpu,auto_opt,fresh_process,observed,1.8803998206276447,historical_main,,2,2,a7cad45e3e7e87c02c7a2df12b4f75774f21a5cca78b504ff8830be9107f34b6,,
gemm,cupy,default,fresh_process,observed,1.5735979247838259,step4/confirmation-L,,3,3,a7cad45e3e7e87c02c7a2df12b4f75774f21a5cca78b504ff8830be9107f34b6,,
gemver,numpy,default,fresh_process,observed,0.6026282894890755,historical_main,,2,2,8f83d1ce5ccca10e01496b8b60f5d329e3f1f9e85ecb87f3b836424334239f88,,selected_process_variability
gemver,numba,nopython-mode,fresh_process,observed,2.804091793950647,historical_main,,2,2,8f83d1ce5ccca10e01496b8b60f5d329e3f1f9e85ecb87f3b836424334239f88,,historical_disk_cache_hit_not_recorded;selected_process_variability
gemver,numba,nopython-mode-parallel,fresh_process,observed,1.7750503465067595,historical_main,,2,2,8f83d1ce5ccca10e01496b8b60f5d329e3f1f9e85ecb87f3b836424334239f88,,historical_disk_cache_hit_not_recorded;selected_process_variability
gemver,numba,nopython-mode-parallel-range,fresh_process,N/A,,,,,,,,
gemver,numba,object-mode,fresh_process,N/A,,,,,,,,
gemver,numba,object-mode-parallel,fresh_process,N/A,,,,,,,,
gemver,numba,object-mode-parallel-range,fresh_process,N/A,,,,,,,,
gemver,dace_cpu,fusion,fresh_process,observed,0.4604000239633024,historical_main,,2,2,8f83d1ce5ccca10e01496b8b60f5d329e3f1f9e85ecb87f3b836424334239f88,,
gemver,dace_cpu,parallel,fresh_process,observed,0.5419858074747026,historical_main,,2,2,8f83d1ce5ccca10e01496b8b60f5d329e3f1f9e85ecb87f3b836424334239f88,,
gemver,dace_cpu,auto_opt,fresh_process,observed,0.34501629532314837,historical_main,,2,2,8f83d1ce5ccca10e01496b8b60f5d329e3f1f9e85ecb87f3b836424334239f88,,new_variability;selected_process_variability
gemver,dace_gpu,fusion,fresh_process,observed,2.0221829847432673,historical_main,,2,2,8f83d1ce5ccca10e01496b8b60f5d329e3f1f9e85ecb87f3b836424334239f88,,selected_process_variability
gemver,dace_gpu,parallel,fresh_process,observed,2.4321597970556468,historical_main,,2,2,8f83d1ce5ccca10e01496b8b60f5d329e3f1f9e85ecb87f3b836424334239f88,,selected_process_variability
gemver,dace_gpu,auto_opt,fresh_process,observed,2.290662037441507,historical_main,,2,2,8f83d1ce5ccca10e01496b8b60f5d329e3f1f9e85ecb87f3b836424334239f88,,
gemver,cupy,default,fresh_process,observed,1.5661897496320307,historical_main,,2,2,8f83d1ce5ccca10e01496b8b60f5d329e3f1f9e85ecb87f3b836424334239f88,,
gesummv,numpy,default,fresh_process,observed,0.5368479494936764,historical_main,,2,2,603add7d548bef0a20a6309fbf3785c05014a0b3550717c6d424278bd55d2518,,
gesummv,numba,nopython-mode,fresh_process,observed,2.3739106664434075,historical_main,,2,2,603add7d548bef0a20a6309fbf3785c05014a0b3550717c6d424278bd55d2518,,historical_disk_cache_hit_not_recorded;selected_process_variability
gesummv,numba,nopython-mode-parallel,fresh_process,observed,0.8868005406111479,historical_main,,2,2,603add7d548bef0a20a6309fbf3785c05014a0b3550717c6d424278bd55d2518,,historical_disk_cache_hit_not_recorded
gesummv,numba,nopython-mode-parallel-range,fresh_process,N/A,,,,,,,,
gesummv,numba,object-mode,fresh_process,N/A,,,,,,,,
gesummv,numba,object-mode-parallel,fresh_process,N/A,,,,,,,,
gesummv,numba,object-mode-parallel-range,fresh_process,N/A,,,,,,,,
gesummv,dace_cpu,fusion,fresh_process,observed,0.7188429513480514,historical_main,,2,2,603add7d548bef0a20a6309fbf3785c05014a0b3550717c6d424278bd55d2518,,
gesummv,dace_cpu,parallel,fresh_process,observed,0.6782295929733664,historical_main,,2,2,603add7d548bef0a20a6309fbf3785c05014a0b3550717c6d424278bd55d2518,,selected_process_variability
gesummv,dace_cpu,auto_opt,fresh_process,observed,0.40323270997032523,historical_main,,2,2,603add7d548bef0a20a6309fbf3785c05014a0b3550717c6d424278bd55d2518,,new_sampling_or_resources
gesummv,dace_gpu,fusion,fresh_process,observed,3.1756253479979932,historical_main,,2,2,603add7d548bef0a20a6309fbf3785c05014a0b3550717c6d424278bd55d2518,,
gesummv,dace_gpu,parallel,fresh_process,observed,3.1248196801170707,historical_main,,2,2,603add7d548bef0a20a6309fbf3785c05014a0b3550717c6d424278bd55d2518,,
gesummv,dace_gpu,auto_opt,fresh_process,observed,3.2714439153205603,historical_main,,2,2,603add7d548bef0a20a6309fbf3785c05014a0b3550717c6d424278bd55d2518,,
gesummv,cupy,default,fresh_process,observed,3.1301723700016737,historical_main,,2,2,603add7d548bef0a20a6309fbf3785c05014a0b3550717c6d424278bd55d2518,,
go_fast,numpy,default,fresh_process,observed,1.508423276245594,historical_main,,2,2,27869e2eab641d51a4dcb8b144e082c2564882966a28c404e3c13fdb484f75cf,,
go_fast,numba,nopython-mode,fresh_process,observed,2.3616835079155862,historical_main,,2,2,27869e2eab641d51a4dcb8b144e082c2564882966a28c404e3c13fdb484f75cf,,historical_disk_cache_hit_not_recorded;selected_process_variability
go_fast,numba,nopython-mode-parallel,fresh_process,observed,0.48070120182819664,historical_main,,2,2,27869e2eab641d51a4dcb8b144e082c2564882966a28c404e3c13fdb484f75cf,,historical_disk_cache_hit_not_recorded;selected_process_variability
go_fast,numba,nopython-mode-parallel-range,fresh_process,observed,0.5665151679422706,historical_main,,2,2,27869e2eab641d51a4dcb8b144e082c2564882966a28c404e3c13fdb484f75cf,,historical_disk_cache_hit_not_recorded;selected_process_variability
go_fast,numba,object-mode,fresh_process,N/A,,,,,,,,
go_fast,numba,object-mode-parallel,fresh_process,N/A,,,,,,,,
go_fast,numba,object-mode-parallel-range,fresh_process,N/A,,,,,,,,
go_fast,dace_cpu,fusion,fresh_process,observed,0.17427136562764645,historical_main,,2,2,27869e2eab641d51a4dcb8b144e082c2564882966a28c404e3c13fdb484f75cf,,
go_fast,dace_cpu,parallel,fresh_process,observed,0.1755939326249063,historical_main,,2,2,27869e2eab641d51a4dcb8b144e082c2564882966a28c404e3c13fdb484f75cf,,
go_fast,dace_cpu,auto_opt,fresh_process,observed,0.16769443452358246,historical_main,,2,2,27869e2eab641d51a4dcb8b144e082c2564882966a28c404e3c13fdb484f75cf,,
go_fast,dace_gpu,fusion,fresh_process,observed,8.061225130688399,historical_main,,2,2,27869e2eab641d51a4dcb8b144e082c2564882966a28c404e3c13fdb484f75cf,,
go_fast,dace_gpu,parallel,fresh_process,observed,7.894141655648127,historical_main,,2,2,27869e2eab641d51a4dcb8b144e082c2564882966a28c404e3c13fdb484f75cf,,
go_fast,dace_gpu,auto_opt,fresh_process,observed,7.694712881930172,historical_main,,2,2,27869e2eab641d51a4dcb8b144e082c2564882966a28c404e3c13fdb484f75cf,,new_sampling_or_resources
go_fast,cupy,default,fresh_process,observed,6.074419156415388,historical_main,,2,2,27869e2eab641d51a4dcb8b144e082c2564882966a28c404e3c13fdb484f75cf,,selected_process_variability
gramschmidt,numpy,default,fresh_process,observed,1.0858090061228722,historical_main,,2,2,0cd9b7683af012b2f89286b1d7f883de9ac11e0a801ad6a40757c753baba615b,,selected_process_variability
gramschmidt,numba,nopython-mode,fresh_process,observed,1.147527648601681,historical_main,,2,2,0cd9b7683af012b2f89286b1d7f883de9ac11e0a801ad6a40757c753baba615b,,historical_disk_cache_hit_not_recorded;new_sampling_or_resources
gramschmidt,numba,nopython-mode-parallel,fresh_process,observed,18.20342695270665,historical_main,,2,2,0cd9b7683af012b2f89286b1d7f883de9ac11e0a801ad6a40757c753baba615b,,historical_disk_cache_hit_not_recorded;selected_process_variability
gramschmidt,numba,nopython-mode-parallel-range,fresh_process,N/A,,,,,,,,
gramschmidt,numba,object-mode,fresh_process,N/A,,,,,,,,
gramschmidt,numba,object-mode-parallel,fresh_process,N/A,,,,,,,,
gramschmidt,numba,object-mode-parallel-range,fresh_process,N/A,,,,,,,,
gramschmidt,dace_cpu,fusion,fresh_process,observed,9.61729541560635,historical_main,,2,2,0cd9b7683af012b2f89286b1d7f883de9ac11e0a801ad6a40757c753baba615b,,selected_process_variability
gramschmidt,dace_cpu,parallel,fresh_process,observed,6.612586978357285,historical_main,,2,2,0cd9b7683af012b2f89286b1d7f883de9ac11e0a801ad6a40757c753baba615b,,selected_process_variability
gramschmidt,dace_cpu,auto_opt,fresh_process,observed,7.274100935086608,historical_main,,2,2,0cd9b7683af012b2f89286b1d7f883de9ac11e0a801ad6a40757c753baba615b,,selected_process_variability
gramschmidt,dace_gpu,fusion,fresh_process,observed,7.374871401581913,historical_main,,2,2,0cd9b7683af012b2f89286b1d7f883de9ac11e0a801ad6a40757c753baba615b,,
gramschmidt,dace_gpu,parallel,fresh_process,observed,6.865608723601326,historical_main,,2,2,0cd9b7683af012b2f89286b1d7f883de9ac11e0a801ad6a40757c753baba615b,,
gramschmidt,dace_gpu,auto_opt,fresh_process,observed,5.668603061931208,historical_main,,2,2,0cd9b7683af012b2f89286b1d7f883de9ac11e0a801ad6a40757c753baba615b,,
gramschmidt,cupy,default,fresh_process,observed,15.848903930746019,historical_main,,2,2,0cd9b7683af012b2f89286b1d7f883de9ac11e0a801ad6a40757c753baba615b,,
hdiff,numpy,default,fresh_process,observed,0.40804213332012296,historical_main,,2,2,e800ed3dc8d530d7e84b4a637b91cc6d9bc1280101023ee86a27f69cfa34eec1,,
hdiff,numba,nopython-mode,fresh_process,observed,1.9846440160181373,historical_main,,2,2,e800ed3dc8d530d7e84b4a637b91cc6d9bc1280101023ee86a27f69cfa34eec1,,historical_disk_cache_hit_not_recorded;selected_process_variability
hdiff,numba,nopython-mode-parallel,fresh_process,observed,1.2316251290030777,historical_main,,2,2,e800ed3dc8d530d7e84b4a637b91cc6d9bc1280101023ee86a27f69cfa34eec1,,historical_disk_cache_hit_not_recorded
hdiff,numba,nopython-mode-parallel-range,fresh_process,N/A,,,,,,,,
hdiff,numba,object-mode,fresh_process,N/A,,,,,,,,
hdiff,numba,object-mode-parallel,fresh_process,N/A,,,,,,,,
hdiff,numba,object-mode-parallel-range,fresh_process,N/A,,,,,,,,
hdiff,dace_cpu,fusion,fresh_process,observed,0.354211249621585,historical_main,,2,2,e800ed3dc8d530d7e84b4a637b91cc6d9bc1280101023ee86a27f69cfa34eec1,,
hdiff,dace_cpu,parallel,fresh_process,observed,0.2670638137497008,historical_main,,2,2,e800ed3dc8d530d7e84b4a637b91cc6d9bc1280101023ee86a27f69cfa34eec1,,selected_process_variability
hdiff,dace_cpu,auto_opt,fresh_process,observed,0.1666844084393233,historical_main,,2,2,e800ed3dc8d530d7e84b4a637b91cc6d9bc1280101023ee86a27f69cfa34eec1,,new_variability;selected_process_variability
hdiff,dace_gpu,fusion,fresh_process,observed,1.3204149245284498,historical_main,,2,2,e800ed3dc8d530d7e84b4a637b91cc6d9bc1280101023ee86a27f69cfa34eec1,,
hdiff,dace_gpu,parallel,fresh_process,observed,1.3692541101481766,historical_main,,2,2,e800ed3dc8d530d7e84b4a637b91cc6d9bc1280101023ee86a27f69cfa34eec1,,
hdiff,dace_gpu,auto_opt,fresh_process,observed,1.2749485459644347,historical_main,,2,2,e800ed3dc8d530d7e84b4a637b91cc6d9bc1280101023ee86a27f69cfa34eec1,,
hdiff,cupy,default,fresh_process,observed,0.7989566912874579,historical_main,,2,2,e800ed3dc8d530d7e84b4a637b91cc6d9bc1280101023ee86a27f69cfa34eec1,,
heat_3d,numpy,default,fresh_process,observed,0.7097185191232711,historical_main,,2,2,a81cc292224c841a9ce27e90c6d26d29c8ea5a75badeca9376911772a40bf22f,,
heat_3d,numba,nopython-mode,fresh_process,observed,1.8416414218954742,historical_main,,2,2,a81cc292224c841a9ce27e90c6d26d29c8ea5a75badeca9376911772a40bf22f,,historical_disk_cache_hit_not_recorded
heat_3d,numba,nopython-mode-parallel,fresh_process,observed,0.8782040076330304,historical_main,,2,2,a81cc292224c841a9ce27e90c6d26d29c8ea5a75badeca9376911772a40bf22f,,historical_disk_cache_hit_not_recorded
heat_3d,numba,nopython-mode-parallel-range,fresh_process,N/A,,,,,,,,
heat_3d,numba,object-mode,fresh_process,N/A,,,,,,,,
heat_3d,numba,object-mode-parallel,fresh_process,N/A,,,,,,,,
heat_3d,numba,object-mode-parallel-range,fresh_process,N/A,,,,,,,,
heat_3d,dace_cpu,fusion,fresh_process,observed,0.22353142639622092,historical_main,,2,2,a81cc292224c841a9ce27e90c6d26d29c8ea5a75badeca9376911772a40bf22f,,new_variability;selected_process_variability
heat_3d,dace_cpu,parallel,fresh_process,observed,0.2816667470615357,historical_main,,2,2,a81cc292224c841a9ce27e90c6d26d29c8ea5a75badeca9376911772a40bf22f,,selected_process_variability
heat_3d,dace_cpu,auto_opt,fresh_process,observed,0.6356667336076498,historical_main,,2,2,a81cc292224c841a9ce27e90c6d26d29c8ea5a75badeca9376911772a40bf22f,,historical_drift_requires_review;new_variability;selected_process_variability
heat_3d,dace_gpu,fusion,fresh_process,observed,1.0731062716804445,historical_main,,2,2,a81cc292224c841a9ce27e90c6d26d29c8ea5a75badeca9376911772a40bf22f,,
heat_3d,dace_gpu,parallel,fresh_process,observed,1.076761010568589,historical_main,,2,2,a81cc292224c841a9ce27e90c6d26d29c8ea5a75badeca9376911772a40bf22f,,
heat_3d,dace_gpu,auto_opt,fresh_process,observed,0.9441868409048766,historical_main,,2,2,a81cc292224c841a9ce27e90c6d26d29c8ea5a75badeca9376911772a40bf22f,,
heat_3d,cupy,default,fresh_process,observed,0.384562193416059,historical_main,,2,2,a81cc292224c841a9ce27e90c6d26d29c8ea5a75badeca9376911772a40bf22f,,
jacobi_1d,numpy,default,fresh_process,observed,0.9518350919242948,historical_main,,2,2,16a5a1662f12689fbf187fbb656ac8e1d9c5d1f78efc866cd0f41cf46b753592,,
jacobi_1d,numba,nopython-mode,fresh_process,observed,1.4569375815335661,historical_main,,2,2,16a5a1662f12689fbf187fbb656ac8e1d9c5d1f78efc866cd0f41cf46b753592,,historical_disk_cache_hit_not_recorded;selected_process_variability
jacobi_1d,numba,nopython-mode-parallel,fresh_process,observed,2.6565264265518636,historical_main,,2,2,16a5a1662f12689fbf187fbb656ac8e1d9c5d1f78efc866cd0f41cf46b753592,,historical_disk_cache_hit_not_recorded
jacobi_1d,numba,nopython-mode-parallel-range,fresh_process,N/A,,,,,,,,
jacobi_1d,numba,object-mode,fresh_process,N/A,,,,,,,,
jacobi_1d,numba,object-mode-parallel,fresh_process,N/A,,,,,,,,
jacobi_1d,numba,object-mode-parallel-range,fresh_process,N/A,,,,,,,,
jacobi_1d,dace_cpu,fusion,fresh_process,observed,1.6315719166304916,historical_main,,2,2,16a5a1662f12689fbf187fbb656ac8e1d9c5d1f78efc866cd0f41cf46b753592,,selected_process_variability
jacobi_1d,dace_cpu,parallel,fresh_process,observed,0.7957123655360192,historical_main,,2,2,16a5a1662f12689fbf187fbb656ac8e1d9c5d1f78efc866cd0f41cf46b753592,,selected_process_variability
jacobi_1d,dace_cpu,auto_opt,fresh_process,observed,0.7417174358852208,historical_main,,2,2,16a5a1662f12689fbf187fbb656ac8e1d9c5d1f78efc866cd0f41cf46b753592,,historical_drift_requires_review;new_variability
jacobi_1d,dace_gpu,fusion,fresh_process,observed,1.0436423022765666,historical_main,,2,2,16a5a1662f12689fbf187fbb656ac8e1d9c5d1f78efc866cd0f41cf46b753592,,
jacobi_1d,dace_gpu,parallel,fresh_process,observed,1.1943461468908936,historical_main,,2,2,16a5a1662f12689fbf187fbb656ac8e1d9c5d1f78efc866cd0f41cf46b753592,,
jacobi_1d,dace_gpu,auto_opt,fresh_process,observed,1.122632726561278,historical_main,,2,2,16a5a1662f12689fbf187fbb656ac8e1d9c5d1f78efc866cd0f41cf46b753592,,
jacobi_1d,cupy,default,fresh_process,observed,1.8643087500240654,historical_main,,2,2,16a5a1662f12689fbf187fbb656ac8e1d9c5d1f78efc866cd0f41cf46b753592,,selected_process_variability
jacobi_2d,numpy,default,fresh_process,observed,0.8285560689400882,historical_main,,2,2,88fcc37626b242ba2751f475ada3090117847e04203daddbc9456f9d0e7e584d,,selected_process_variability
jacobi_2d,numba,nopython-mode,fresh_process,observed,1.5769779649563134,historical_main,,2,2,88fcc37626b242ba2751f475ada3090117847e04203daddbc9456f9d0e7e584d,,historical_disk_cache_hit_not_recorded;selected_process_variability
jacobi_2d,numba,nopython-mode-parallel,fresh_process,observed,0.6172126750461757,historical_main,,2,2,88fcc37626b242ba2751f475ada3090117847e04203daddbc9456f9d0e7e584d,,historical_disk_cache_hit_not_recorded
jacobi_2d,numba,nopython-mode-parallel-range,fresh_process,N/A,,,,,,,,
jacobi_2d,numba,object-mode,fresh_process,N/A,,,,,,,,
jacobi_2d,numba,object-mode-parallel,fresh_process,N/A,,,,,,,,
jacobi_2d,numba,object-mode-parallel-range,fresh_process,N/A,,,,,,,,
jacobi_2d,dace_cpu,fusion,fresh_process,observed,0.14847016194835305,historical_main,,2,2,88fcc37626b242ba2751f475ada3090117847e04203daddbc9456f9d0e7e584d,,new_variability;selected_process_variability
jacobi_2d,dace_cpu,parallel,fresh_process,observed,0.15400996594689786,historical_main,,2,2,88fcc37626b242ba2751f475ada3090117847e04203daddbc9456f9d0e7e584d,,selected_process_variability
jacobi_2d,dace_cpu,auto_opt,fresh_process,observed,0.18344702338799834,historical_main,,2,2,88fcc37626b242ba2751f475ada3090117847e04203daddbc9456f9d0e7e584d,,selected_process_variability
jacobi_2d,dace_gpu,fusion,fresh_process,observed,1.0284559184219688,historical_main,,2,2,88fcc37626b242ba2751f475ada3090117847e04203daddbc9456f9d0e7e584d,,
jacobi_2d,dace_gpu,parallel,fresh_process,observed,1.0472056299913675,historical_main,,2,2,88fcc37626b242ba2751f475ada3090117847e04203daddbc9456f9d0e7e584d,,
jacobi_2d,dace_gpu,auto_opt,fresh_process,observed,1.0420634325128049,historical_main,,2,2,88fcc37626b242ba2751f475ada3090117847e04203daddbc9456f9d0e7e584d,,
jacobi_2d,cupy,default,fresh_process,observed,0.3909181661438197,historical_main,,2,2,88fcc37626b242ba2751f475ada3090117847e04203daddbc9456f9d0e7e584d,,selected_process_variability
k2mm,numpy,default,fresh_process,observed,2.0532683965284377,historical_main,,2,2,65b07e1d7f5fdc00459ebb8a02ae0881674135e9bd7f454489c2d204e291d7ea,,
k2mm,numba,nopython-mode,fresh_process,observed,2.967376737156883,historical_main,,2,2,65b07e1d7f5fdc00459ebb8a02ae0881674135e9bd7f454489c2d204e291d7ea,,historical_disk_cache_hit_not_recorded;selected_process_variability
k2mm,numba,nopython-mode-parallel,fresh_process,observed,2.3301752966362983,historical_main,,2,2,65b07e1d7f5fdc00459ebb8a02ae0881674135e9bd7f454489c2d204e291d7ea,,historical_disk_cache_hit_not_recorded;new_variability
k2mm,numba,nopython-mode-parallel-range,fresh_process,N/A,,,,,,,,
k2mm,numba,object-mode,fresh_process,N/A,,,,,,,,
k2mm,numba,object-mode-parallel,fresh_process,N/A,,,,,,,,
k2mm,numba,object-mode-parallel-range,fresh_process,N/A,,,,,,,,
k2mm,dace_cpu,fusion,fresh_process,observed,2.692401094129309,historical_main,,2,2,65b07e1d7f5fdc00459ebb8a02ae0881674135e9bd7f454489c2d204e291d7ea,,
k2mm,dace_cpu,parallel,fresh_process,observed,2.696388622513041,historical_main,,2,2,65b07e1d7f5fdc00459ebb8a02ae0881674135e9bd7f454489c2d204e291d7ea,,
k2mm,dace_cpu,auto_opt,fresh_process,observed,2.7566758170723915,historical_main,,2,2,65b07e1d7f5fdc00459ebb8a02ae0881674135e9bd7f454489c2d204e291d7ea,,
k2mm,dace_gpu,fusion,fresh_process,observed,1.9594754062127322,historical_main,,2,2,65b07e1d7f5fdc00459ebb8a02ae0881674135e9bd7f454489c2d204e291d7ea,,
k2mm,dace_gpu,parallel,fresh_process,observed,1.9290667253080755,historical_main,,2,2,65b07e1d7f5fdc00459ebb8a02ae0881674135e9bd7f454489c2d204e291d7ea,,
k2mm,dace_gpu,auto_opt,fresh_process,observed,1.864347881404683,historical_main,,2,2,65b07e1d7f5fdc00459ebb8a02ae0881674135e9bd7f454489c2d204e291d7ea,,
k2mm,cupy,default,fresh_process,observed,1.9692345985677093,historical_main,,2,2,65b07e1d7f5fdc00459ebb8a02ae0881674135e9bd7f454489c2d204e291d7ea,,
k3mm,numpy,default,fresh_process,observed,2.820507371565327,historical_main,,2,2,aad0bebb7814a2ecba71c57046d8003bc43cb0f8e9f62fa7a3c5da967acf1885,,
k3mm,numba,nopython-mode,fresh_process,observed,2.337248228956014,step4/confirmation-L,,3,3,aad0bebb7814a2ecba71c57046d8003bc43cb0f8e9f62fa7a3c5da967acf1885,,
k3mm,numba,nopython-mode-parallel,fresh_process,observed,2.6329376441426575,historical_main,,2,2,aad0bebb7814a2ecba71c57046d8003bc43cb0f8e9f62fa7a3c5da967acf1885,,historical_disk_cache_hit_not_recorded;new_sampling_or_resources;selected_process_variability
k3mm,numba,nopython-mode-parallel-range,fresh_process,N/A,,,,,,,,
k3mm,numba,object-mode,fresh_process,N/A,,,,,,,,
k3mm,numba,object-mode-parallel,fresh_process,N/A,,,,,,,,
k3mm,numba,object-mode-parallel-range,fresh_process,N/A,,,,,,,,
k3mm,dace_cpu,fusion,fresh_process,observed,3.15106938383542,historical_main,,2,2,aad0bebb7814a2ecba71c57046d8003bc43cb0f8e9f62fa7a3c5da967acf1885,,
k3mm,dace_cpu,parallel,fresh_process,observed,3.188647888135165,historical_main,,2,2,aad0bebb7814a2ecba71c57046d8003bc43cb0f8e9f62fa7a3c5da967acf1885,,
k3mm,dace_cpu,auto_opt,fresh_process,observed,3.0691593042574823,historical_main,,2,2,aad0bebb7814a2ecba71c57046d8003bc43cb0f8e9f62fa7a3c5da967acf1885,,
k3mm,dace_gpu,fusion,fresh_process,observed,1.6184567175805569,historical_main,,2,2,aad0bebb7814a2ecba71c57046d8003bc43cb0f8e9f62fa7a3c5da967acf1885,,new_sampling_or_resources;selected_process_variability
k3mm,dace_gpu,parallel,fresh_process,observed,1.8610814560670406,historical_main,,2,2,aad0bebb7814a2ecba71c57046d8003bc43cb0f8e9f62fa7a3c5da967acf1885,,
k3mm,dace_gpu,auto_opt,fresh_process,observed,1.835048909066245,historical_main,,2,2,aad0bebb7814a2ecba71c57046d8003bc43cb0f8e9f62fa7a3c5da967acf1885,,
k3mm,cupy,default,fresh_process,observed,2.018368734046817,historical_main,,2,2,aad0bebb7814a2ecba71c57046d8003bc43cb0f8e9f62fa7a3c5da967acf1885,,
lenet,numpy,default,fresh_process,observed,1.1066677293274552,historical_main,,2,2,914661bfde93da5c2e7b1ef256bf97775e395b5980f08a299cd8040e92c0b6ea,,
lenet,numba,nopython-mode,fresh_process,observed,1.5900505029130727,historical_main,,2,2,914661bfde93da5c2e7b1ef256bf97775e395b5980f08a299cd8040e92c0b6ea,,historical_disk_cache_hit_not_recorded;selected_process_variability
lenet,numba,nopython-mode-parallel,fresh_process,observed,101.45742868748493,historical_main,,2,2,914661bfde93da5c2e7b1ef256bf97775e395b5980f08a299cd8040e92c0b6ea,,historical_disk_cache_hit_not_recorded
lenet,numba,nopython-mode-parallel-range,fresh_process,observed,0.6386903726961464,historical_main,,2,2,914661bfde93da5c2e7b1ef256bf97775e395b5980f08a299cd8040e92c0b6ea,,historical_disk_cache_hit_not_recorded;new_sampling_or_resources
lenet,numba,object-mode,fresh_process,error,,historical_main,,0,0,914661bfde93da5c2e7b1ef256bf97775e395b5980f08a299cd8040e92c0b6ea,,
lenet,numba,object-mode-parallel,fresh_process,error,,historical_main,,0,0,914661bfde93da5c2e7b1ef256bf97775e395b5980f08a299cd8040e92c0b6ea,,
lenet,numba,object-mode-parallel-range,fresh_process,observed,4.7676549886818975,historical_main,,2,2,914661bfde93da5c2e7b1ef256bf97775e395b5980f08a299cd8040e92c0b6ea,,historical_disk_cache_hit_not_recorded
lenet,dace_cpu,fusion,fresh_process,observed,6.0293601078446954,historical_main,,2,2,914661bfde93da5c2e7b1ef256bf97775e395b5980f08a299cd8040e92c0b6ea,,selected_process_variability
lenet,dace_cpu,parallel,fresh_process,observed,3.8597676414065063,historical_main,,2,2,914661bfde93da5c2e7b1ef256bf97775e395b5980f08a299cd8040e92c0b6ea,,
lenet,dace_cpu,auto_opt,fresh_process,observed,5.709929041564465,historical_main,,2,2,914661bfde93da5c2e7b1ef256bf97775e395b5980f08a299cd8040e92c0b6ea,,selected_process_variability
lenet,dace_gpu,fusion,fresh_process,error,,historical_main,,0,0,914661bfde93da5c2e7b1ef256bf97775e395b5980f08a299cd8040e92c0b6ea,,
lenet,dace_gpu,parallel,fresh_process,terminated,,historical_main,,0,0,914661bfde93da5c2e7b1ef256bf97775e395b5980f08a299cd8040e92c0b6ea,,
lenet,dace_gpu,auto_opt,fresh_process,terminated,,historical_main,,0,0,914661bfde93da5c2e7b1ef256bf97775e395b5980f08a299cd8040e92c0b6ea,,
lenet,cupy,default,fresh_process,observed,3.887651725206524,step4/confirmation-L,,3,3,914661bfde93da5c2e7b1ef256bf97775e395b5980f08a299cd8040e92c0b6ea,,
lu,numpy,default,fresh_process,observed,1.4885260344017297,historical_main,,2,2,9ac2f818703fa8aa1a82579828bb4b9f516a133a9d2de36086ba8af196680084,,selected_process_variability
lu,numba,nopython-mode,fresh_process,observed,0.5321924705058336,historical_main,,2,2,9ac2f818703fa8aa1a82579828bb4b9f516a133a9d2de36086ba8af196680084,,historical_disk_cache_hit_not_recorded
lu,numba,nopython-mode-parallel,fresh_process,observed,1.2961092831101269,historical_main,,2,2,9ac2f818703fa8aa1a82579828bb4b9f516a133a9d2de36086ba8af196680084,,
lu,numba,nopython-mode-parallel-range,fresh_process,N/A,,,,,,,,
lu,numba,object-mode,fresh_process,N/A,,,,,,,,
lu,numba,object-mode-parallel,fresh_process,N/A,,,,,,,,
lu,numba,object-mode-parallel-range,fresh_process,N/A,,,,,,,,
lu,dace_cpu,fusion,fresh_process,observed,0.23565210681408644,historical_main,,2,2,9ac2f818703fa8aa1a82579828bb4b9f516a133a9d2de36086ba8af196680084,,selected_process_variability
lu,dace_cpu,parallel,fresh_process,observed,0.21672979602590203,step4/confirmation-L,,3,3,9ac2f818703fa8aa1a82579828bb4b9f516a133a9d2de36086ba8af196680084,,
lu,dace_cpu,auto_opt,fresh_process,observed,0.19312061462551355,historical_main,,2,2,9ac2f818703fa8aa1a82579828bb4b9f516a133a9d2de36086ba8af196680084,,
lu,dace_gpu,fusion,fresh_process,observed,11.570990483276546,historical_main,,2,2,9ac2f818703fa8aa1a82579828bb4b9f516a133a9d2de36086ba8af196680084,,
lu,dace_gpu,parallel,fresh_process,observed,11.642245190450922,historical_main,,2,2,9ac2f818703fa8aa1a82579828bb4b9f516a133a9d2de36086ba8af196680084,,
lu,dace_gpu,auto_opt,fresh_process,observed,7.362898249644786,historical_main,,2,2,9ac2f818703fa8aa1a82579828bb4b9f516a133a9d2de36086ba8af196680084,,
lu,cupy,default,fresh_process,observed,44.45577939786017,historical_main,,2,2,9ac2f818703fa8aa1a82579828bb4b9f516a133a9d2de36086ba8af196680084,,
ludcmp,numpy,default,fresh_process,observed,1.1596099834423512,historical_main,,2,2,55b9887d27df7b3dc3b8b2e1875facca1a285d1891e4df442fdd18cc865cc7b0,,
ludcmp,numba,nopython-mode,fresh_process,observed,0.48121073958463967,historical_main,,2,2,55b9887d27df7b3dc3b8b2e1875facca1a285d1891e4df442fdd18cc865cc7b0,,historical_disk_cache_hit_not_recorded
ludcmp,numba,nopython-mode-parallel,fresh_process,observed,0.5347837109584361,historical_main,,2,2,55b9887d27df7b3dc3b8b2e1875facca1a285d1891e4df442fdd18cc865cc7b0,,historical_disk_cache_hit_not_recorded
ludcmp,numba,nopython-mode-parallel-range,fresh_process,N/A,,,,,,,,
ludcmp,numba,object-mode,fresh_process,N/A,,,,,,,,
ludcmp,numba,object-mode-parallel,fresh_process,N/A,,,,,,,,
ludcmp,numba,object-mode-parallel-range,fresh_process,N/A,,,,,,,,
ludcmp,dace_cpu,fusion,fresh_process,observed,0.3113857372663915,step4/confirmation-L,,3,3,55b9887d27df7b3dc3b8b2e1875facca1a285d1891e4df442fdd18cc865cc7b0,,
ludcmp,dace_cpu,parallel,fresh_process,observed,0.3049129818100482,historical_main,,2,2,55b9887d27df7b3dc3b8b2e1875facca1a285d1891e4df442fdd18cc865cc7b0,,
ludcmp,dace_cpu,auto_opt,fresh_process,observed,0.3189949281513691,historical_main,,2,2,55b9887d27df7b3dc3b8b2e1875facca1a285d1891e4df442fdd18cc865cc7b0,,
ludcmp,dace_gpu,fusion,fresh_process,observed,11.113047736464068,historical_main,,2,2,55b9887d27df7b3dc3b8b2e1875facca1a285d1891e4df442fdd18cc865cc7b0,,
ludcmp,dace_gpu,parallel,fresh_process,observed,11.60524599486962,historical_main,,2,2,55b9887d27df7b3dc3b8b2e1875facca1a285d1891e4df442fdd18cc865cc7b0,,
ludcmp,dace_gpu,auto_opt,fresh_process,observed,8.97995548369363,historical_main,,2,2,55b9887d27df7b3dc3b8b2e1875facca1a285d1891e4df442fdd18cc865cc7b0,,
ludcmp,cupy,default,fresh_process,observed,39.04078080691397,historical_main,,2,2,55b9887d27df7b3dc3b8b2e1875facca1a285d1891e4df442fdd18cc865cc7b0,,
mandelbrot1,numpy,default,fresh_process,observed,0.7565514408051968,historical_main,,2,2,498529c7a9dcc40ab333461ec82b7c16a88eb9014a98ba9ee2910dd66fb9e062,,
mandelbrot1,numba,nopython-mode,fresh_process,validation,,historical_main,,0,0,498529c7a9dcc40ab333461ec82b7c16a88eb9014a98ba9ee2910dd66fb9e062,,
mandelbrot1,numba,nopython-mode-parallel,fresh_process,validation,,historical_main,,0,0,498529c7a9dcc40ab333461ec82b7c16a88eb9014a98ba9ee2910dd66fb9e062,,
mandelbrot1,numba,nopython-mode-parallel-range,fresh_process,validation,,historical_main,,0,0,498529c7a9dcc40ab333461ec82b7c16a88eb9014a98ba9ee2910dd66fb9e062,,
mandelbrot1,numba,object-mode,fresh_process,unsupported,,historical_main,,0,0,498529c7a9dcc40ab333461ec82b7c16a88eb9014a98ba9ee2910dd66fb9e062,,
mandelbrot1,numba,object-mode-parallel,fresh_process,unsupported,,historical_main,,0,0,498529c7a9dcc40ab333461ec82b7c16a88eb9014a98ba9ee2910dd66fb9e062,,
mandelbrot1,numba,object-mode-parallel-range,fresh_process,N/A,,,,,,,,
mandelbrot1,dace_cpu,fusion,fresh_process,validation,,historical_main,,0,0,498529c7a9dcc40ab333461ec82b7c16a88eb9014a98ba9ee2910dd66fb9e062,,
mandelbrot1,dace_cpu,parallel,fresh_process,validation,,historical_main,,0,0,498529c7a9dcc40ab333461ec82b7c16a88eb9014a98ba9ee2910dd66fb9e062,,
mandelbrot1,dace_cpu,auto_opt,fresh_process,validation,,historical_main,,0,0,498529c7a9dcc40ab333461ec82b7c16a88eb9014a98ba9ee2910dd66fb9e062,,
mandelbrot1,dace_gpu,fusion,fresh_process,validation,,historical_main,,0,0,498529c7a9dcc40ab333461ec82b7c16a88eb9014a98ba9ee2910dd66fb9e062,,
mandelbrot1,dace_gpu,parallel,fresh_process,validation,,historical_main,,0,0,498529c7a9dcc40ab333461ec82b7c16a88eb9014a98ba9ee2910dd66fb9e062,,
mandelbrot1,dace_gpu,auto_opt,fresh_process,validation,,historical_main,,0,0,498529c7a9dcc40ab333461ec82b7c16a88eb9014a98ba9ee2910dd66fb9e062,,
mandelbrot1,cupy,default,fresh_process,validation,,historical_main,,0,0,498529c7a9dcc40ab333461ec82b7c16a88eb9014a98ba9ee2910dd66fb9e062,,
mandelbrot2,numpy,default,fresh_process,observed,0.2979930283036083,historical_main,,2,2,e953c506eaf95aed1da28b70ad9b9cbb5c4d6ed77213ce344c94cdacbc5b6ae1,,
mandelbrot2,numba,nopython-mode,fresh_process,observed,0.8560407843906432,historical_main,,2,2,e953c506eaf95aed1da28b70ad9b9cbb5c4d6ed77213ce344c94cdacbc5b6ae1,,historical_disk_cache_hit_not_recorded
mandelbrot2,numba,nopython-mode-parallel,fresh_process,N/A,,,,,,,,
mandelbrot2,numba,nopython-mode-parallel-range,fresh_process,N/A,,,,,,,,
mandelbrot2,numba,object-mode,fresh_process,unsupported,,historical_main,,0,0,e953c506eaf95aed1da28b70ad9b9cbb5c4d6ed77213ce344c94cdacbc5b6ae1,,
mandelbrot2,numba,object-mode-parallel,fresh_process,unsupported,,historical_main,,0,0,e953c506eaf95aed1da28b70ad9b9cbb5c4d6ed77213ce344c94cdacbc5b6ae1,,
mandelbrot2,numba,object-mode-parallel-range,fresh_process,N/A,,,,,,,,
mandelbrot2,dace_cpu,fusion,fresh_process,error,,historical_main,,0,0,e953c506eaf95aed1da28b70ad9b9cbb5c4d6ed77213ce344c94cdacbc5b6ae1,,
mandelbrot2,dace_cpu,parallel,fresh_process,error,,historical_main,,0,0,e953c506eaf95aed1da28b70ad9b9cbb5c4d6ed77213ce344c94cdacbc5b6ae1,,
mandelbrot2,dace_cpu,auto_opt,fresh_process,error,,historical_main,,0,0,e953c506eaf95aed1da28b70ad9b9cbb5c4d6ed77213ce344c94cdacbc5b6ae1,,
mandelbrot2,dace_gpu,fusion,fresh_process,error,,historical_main,,0,0,e953c506eaf95aed1da28b70ad9b9cbb5c4d6ed77213ce344c94cdacbc5b6ae1,,
mandelbrot2,dace_gpu,parallel,fresh_process,error,,historical_main,,0,0,e953c506eaf95aed1da28b70ad9b9cbb5c4d6ed77213ce344c94cdacbc5b6ae1,,
mandelbrot2,dace_gpu,auto_opt,fresh_process,error,,historical_main,,0,0,e953c506eaf95aed1da28b70ad9b9cbb5c4d6ed77213ce344c94cdacbc5b6ae1,,
mandelbrot2,cupy,default,fresh_process,observed,0.5327554929535836,historical_main,,2,2,e953c506eaf95aed1da28b70ad9b9cbb5c4d6ed77213ce344c94cdacbc5b6ae1,,
mlp,numpy,default,fresh_process,observed,0.5649673414882272,historical_main,,2,2,87c94f9c003ff974cd198163ffe2fd3948bacd6ba11c6c91faa770e7bcee04e9,,selected_process_variability
mlp,numba,nopython-mode,fresh_process,observed,0.758670290466398,workload-repairs/matched-L,,2,2,87c94f9c003ff974cd198163ffe2fd3948bacd6ba11c6c91faa770e7bcee04e9,,two_later_processes_only
mlp,numba,nopython-mode-parallel,fresh_process,observed,0.9395491669420153,workload-repairs/matched-L,,2,2,87c94f9c003ff974cd198163ffe2fd3948bacd6ba11c6c91faa770e7bcee04e9,,two_later_processes_only
mlp,numba,nopython-mode-parallel-range,fresh_process,observed,1.0149530954658985,workload-repairs/matched-L,,2,2,87c94f9c003ff974cd198163ffe2fd3948bacd6ba11c6c91faa770e7bcee04e9,,between_process_variability;two_later_processes_only
mlp,numba,object-mode,fresh_process,observed,0.8198036691173911,historical_main,,2,2,87c94f9c003ff974cd198163ffe2fd3948bacd6ba11c6c91faa770e7bcee04e9,,historical_disk_cache_hit_not_recorded;new_sampling_or_resources;selected_process_variability
mlp,numba,object-mode-parallel,fresh_process,observed,0.8296504004392773,historical_main,,2,2,87c94f9c003ff974cd198163ffe2fd3948bacd6ba11c6c91faa770e7bcee04e9,,historical_disk_cache_hit_not_recorded;new_sampling_or_resources
mlp,numba,object-mode-parallel-range,fresh_process,N/A,,,,,,,,
mlp,dace_cpu,fusion,fresh_process,observed,0.774975640932098,historical_main,,2,2,87c94f9c003ff974cd198163ffe2fd3948bacd6ba11c6c91faa770e7bcee04e9,,
mlp,dace_cpu,parallel,fresh_process,observed,0.9877401064150035,historical_main,,2,2,87c94f9c003ff974cd198163ffe2fd3948bacd6ba11c6c91faa770e7bcee04e9,,
mlp,dace_cpu,auto_opt,fresh_process,observed,0.8195928109344095,historical_main,,2,2,87c94f9c003ff974cd198163ffe2fd3948bacd6ba11c6c91faa770e7bcee04e9,,
mlp,dace_gpu,fusion,fresh_process,observed,5.832735071191564,historical_main,,2,2,87c94f9c003ff974cd198163ffe2fd3948bacd6ba11c6c91faa770e7bcee04e9,,
mlp,dace_gpu,parallel,fresh_process,observed,5.209098531398922,historical_main,,2,2,87c94f9c003ff974cd198163ffe2fd3948bacd6ba11c6c91faa770e7bcee04e9,,
mlp,dace_gpu,auto_opt,fresh_process,observed,5.073441692860797,historical_main,,2,2,87c94f9c003ff974cd198163ffe2fd3948bacd6ba11c6c91faa770e7bcee04e9,,
mlp,cupy,default,fresh_process,observed,8.155428058933467,historical_main,,2,2,87c94f9c003ff974cd198163ffe2fd3948bacd6ba11c6c91faa770e7bcee04e9,,
mvt,numpy,default,fresh_process,observed,0.1557039914187044,historical_main,,2,2,31a7a541d3eb3d99e166c80b243812e6678c96f5f504254d1acff781fbc1da55,,
mvt,numba,nopython-mode,fresh_process,observed,0.39663036284036934,historical_main,,2,2,31a7a541d3eb3d99e166c80b243812e6678c96f5f504254d1acff781fbc1da55,,historical_disk_cache_hit_not_recorded;new_sampling_or_resources
mvt,numba,nopython-mode-parallel,fresh_process,observed,0.1516732075251639,historical_main,,2,2,31a7a541d3eb3d99e166c80b243812e6678c96f5f504254d1acff781fbc1da55,,
mvt,numba,nopython-mode-parallel-range,fresh_process,N/A,,,,,,,,
mvt,numba,object-mode,fresh_process,N/A,,,,,,,,
mvt,numba,object-mode-parallel,fresh_process,N/A,,,,,,,,
mvt,numba,object-mode-parallel-range,fresh_process,N/A,,,,,,,,
mvt,dace_cpu,fusion,fresh_process,observed,0.2878661707509309,historical_main,,2,2,31a7a541d3eb3d99e166c80b243812e6678c96f5f504254d1acff781fbc1da55,,
mvt,dace_cpu,parallel,fresh_process,observed,0.3301446344703436,historical_main,,2,2,31a7a541d3eb3d99e166c80b243812e6678c96f5f504254d1acff781fbc1da55,,selected_process_variability
mvt,dace_cpu,auto_opt,fresh_process,observed,0.3197173494845629,historical_main,,2,2,31a7a541d3eb3d99e166c80b243812e6678c96f5f504254d1acff781fbc1da55,,
mvt,dace_gpu,fusion,fresh_process,observed,4.591378204524517,historical_main,,2,2,31a7a541d3eb3d99e166c80b243812e6678c96f5f504254d1acff781fbc1da55,,
mvt,dace_gpu,parallel,fresh_process,observed,4.53271124092862,historical_main,,2,2,31a7a541d3eb3d99e166c80b243812e6678c96f5f504254d1acff781fbc1da55,,
mvt,dace_gpu,auto_opt,fresh_process,observed,4.553059909958392,historical_main,,2,2,31a7a541d3eb3d99e166c80b243812e6678c96f5f504254d1acff781fbc1da55,,
mvt,cupy,default,fresh_process,observed,3.366375411627814,historical_main,,2,2,31a7a541d3eb3d99e166c80b243812e6678c96f5f504254d1acff781fbc1da55,,
nbody,numpy,default,fresh_process,validation,,historical_main,,0,0,369f565b2cc3f4d1e7431a758f71f09b2fb5270f7b56b9b6b5de37373d88c636,,
nbody,numba,nopython-mode,fresh_process,validation,,historical_main,,0,0,369f565b2cc3f4d1e7431a758f71f09b2fb5270f7b56b9b6b5de37373d88c636,,
nbody,numba,nopython-mode-parallel,fresh_process,N/A,,,,,,,,
nbody,numba,nopython-mode-parallel-range,fresh_process,N/A,,,,,,,,
nbody,numba,object-mode,fresh_process,validation,,historical_main,,0,0,369f565b2cc3f4d1e7431a758f71f09b2fb5270f7b56b9b6b5de37373d88c636,,
nbody,numba,object-mode-parallel,fresh_process,validation,,historical_main,,0,0,369f565b2cc3f4d1e7431a758f71f09b2fb5270f7b56b9b6b5de37373d88c636,,
nbody,numba,object-mode-parallel-range,fresh_process,N/A,,,,,,,,
nbody,dace_cpu,fusion,fresh_process,validation,,historical_main,,0,0,369f565b2cc3f4d1e7431a758f71f09b2fb5270f7b56b9b6b5de37373d88c636,,
nbody,dace_cpu,parallel,fresh_process,validation,,historical_main,,0,0,369f565b2cc3f4d1e7431a758f71f09b2fb5270f7b56b9b6b5de37373d88c636,,
nbody,dace_cpu,auto_opt,fresh_process,validation,,historical_main,,0,0,369f565b2cc3f4d1e7431a758f71f09b2fb5270f7b56b9b6b5de37373d88c636,,
nbody,dace_gpu,fusion,fresh_process,validation,,historical_main,,0,0,369f565b2cc3f4d1e7431a758f71f09b2fb5270f7b56b9b6b5de37373d88c636,,
nbody,dace_gpu,parallel,fresh_process,validation,,historical_main,,0,0,369f565b2cc3f4d1e7431a758f71f09b2fb5270f7b56b9b6b5de37373d88c636,,
nbody,dace_gpu,auto_opt,fresh_process,validation,,historical_main,,0,0,369f565b2cc3f4d1e7431a758f71f09b2fb5270f7b56b9b6b5de37373d88c636,,
nbody,cupy,default,fresh_process,validation,,historical_main,,0,0,369f565b2cc3f4d1e7431a758f71f09b2fb5270f7b56b9b6b5de37373d88c636,,
nussinov,numpy,default,fresh_process,observed,1.1818466545082629,historical_main,,2,2,05b880e157b9ee387cb9be1fa3b10e2f4efe7bed764c6b129b8b31ad87b8df2a,,selected_process_variability
nussinov,numba,nopython-mode,fresh_process,observed,0.3827205812558532,step4/confirmation-L,,3,3,05b880e157b9ee387cb9be1fa3b10e2f4efe7bed764c6b129b8b31ad87b8df2a,,
nussinov,numba,nopython-mode-parallel,fresh_process,observed,0.4268762734718621,historical_main,,2,2,05b880e157b9ee387cb9be1fa3b10e2f4efe7bed764c6b129b8b31ad87b8df2a,,historical_disk_cache_hit_not_recorded
nussinov,numba,nopython-mode-parallel-range,fresh_process,N/A,,,,,,,,
nussinov,numba,object-mode,fresh_process,N/A,,,,,,,,
nussinov,numba,object-mode-parallel,fresh_process,N/A,,,,,,,,
nussinov,numba,object-mode-parallel-range,fresh_process,N/A,,,,,,,,
nussinov,dace_cpu,fusion,fresh_process,observed,0.11886003683321178,historical_main,,2,2,05b880e157b9ee387cb9be1fa3b10e2f4efe7bed764c6b129b8b31ad87b8df2a,,
nussinov,dace_cpu,parallel,fresh_process,observed,0.14606020343489945,historical_main,,2,2,05b880e157b9ee387cb9be1fa3b10e2f4efe7bed764c6b129b8b31ad87b8df2a,,selected_process_variability
nussinov,dace_cpu,auto_opt,fresh_process,observed,0.11915854411199689,historical_main,,2,2,05b880e157b9ee387cb9be1fa3b10e2f4efe7bed764c6b129b8b31ad87b8df2a,,
nussinov,dace_gpu,fusion,fresh_process,observed,54.63294255663641,historical_main,,2,2,05b880e157b9ee387cb9be1fa3b10e2f4efe7bed764c6b129b8b31ad87b8df2a,,
nussinov,dace_gpu,parallel,fresh_process,observed,50.56861848710105,historical_main,,2,2,05b880e157b9ee387cb9be1fa3b10e2f4efe7bed764c6b129b8b31ad87b8df2a,,
nussinov,dace_gpu,auto_opt,fresh_process,observed,59.8618344378192,historical_main,,2,2,05b880e157b9ee387cb9be1fa3b10e2f4efe7bed764c6b129b8b31ad87b8df2a,,
nussinov,cupy,default,fresh_process,observed,82.82467692997307,historical_main,,2,2,05b880e157b9ee387cb9be1fa3b10e2f4efe7bed764c6b129b8b31ad87b8df2a,,
resnet,numpy,default,fresh_process,observed,1.177767850458622,historical_main,,2,2,070b0fcd2b4f101302a58108dce79a6ea1d6fdbdf9be753fec768d1818ea7464,,selected_process_variability
resnet,numba,nopython-mode,fresh_process,validation,,historical_main,,0,0,070b0fcd2b4f101302a58108dce79a6ea1d6fdbdf9be753fec768d1818ea7464,,
resnet,numba,nopython-mode-parallel,fresh_process,validation,,historical_main,,0,0,070b0fcd2b4f101302a58108dce79a6ea1d6fdbdf9be753fec768d1818ea7464,,
resnet,numba,nopython-mode-parallel-range,fresh_process,validation,,historical_main,,0,0,070b0fcd2b4f101302a58108dce79a6ea1d6fdbdf9be753fec768d1818ea7464,,
resnet,numba,object-mode,fresh_process,error,,historical_main,,0,0,070b0fcd2b4f101302a58108dce79a6ea1d6fdbdf9be753fec768d1818ea7464,,
resnet,numba,object-mode-parallel,fresh_process,error,,historical_main,,0,0,070b0fcd2b4f101302a58108dce79a6ea1d6fdbdf9be753fec768d1818ea7464,,
resnet,numba,object-mode-parallel-range,fresh_process,observed,5.666075829416513,historical_main,,2,2,070b0fcd2b4f101302a58108dce79a6ea1d6fdbdf9be753fec768d1818ea7464,,historical_disk_cache_hit_not_recorded
resnet,dace_cpu,fusion,fresh_process,observed,4.652916104067117,historical_main,,2,2,070b0fcd2b4f101302a58108dce79a6ea1d6fdbdf9be753fec768d1818ea7464,,selected_process_variability
resnet,dace_cpu,parallel,fresh_process,observed,1.2810171248856932,historical_main,,2,2,070b0fcd2b4f101302a58108dce79a6ea1d6fdbdf9be753fec768d1818ea7464,,selected_process_variability
resnet,dace_cpu,auto_opt,fresh_process,observed,1.8515615987125784,historical_main,,2,2,070b0fcd2b4f101302a58108dce79a6ea1d6fdbdf9be753fec768d1818ea7464,,new_variability;selected_process_variability
resnet,dace_gpu,fusion,fresh_process,validation,,historical_main,,0,0,070b0fcd2b4f101302a58108dce79a6ea1d6fdbdf9be753fec768d1818ea7464,,
resnet,dace_gpu,parallel,fresh_process,error,,historical_main,,0,0,070b0fcd2b4f101302a58108dce79a6ea1d6fdbdf9be753fec768d1818ea7464,,
resnet,dace_gpu,auto_opt,fresh_process,error,,historical_main,,0,0,070b0fcd2b4f101302a58108dce79a6ea1d6fdbdf9be753fec768d1818ea7464,,
resnet,cupy,default,fresh_process,observed,1.4851903992239386,historical_main,,2,2,070b0fcd2b4f101302a58108dce79a6ea1d6fdbdf9be753fec768d1818ea7464,,selected_process_variability
scattering_self_energies,numpy,default,fresh_process,observed,0.9706076644361019,historical_main,,2,2,f7d4f3c7d50b72880addf25da02f47a077e25e5f288758e484adcbc85a181974,,selected_process_variability
scattering_self_energies,numba,nopython-mode,fresh_process,observed,0.47250950848683715,historical_main,,2,2,f7d4f3c7d50b72880addf25da02f47a077e25e5f288758e484adcbc85a181974,,historical_disk_cache_hit_not_recorded;new_variability
scattering_self_energies,numba,nopython-mode-parallel,fresh_process,N/A,,,,,,,,
scattering_self_energies,numba,nopython-mode-parallel-range,fresh_process,observed,0.7956447023898363,historical_main,,2,2,f7d4f3c7d50b72880addf25da02f47a077e25e5f288758e484adcbc85a181974,,historical_disk_cache_hit_not_recorded
scattering_self_energies,numba,object-mode,fresh_process,N/A,,,,,,,,
scattering_self_energies,numba,object-mode-parallel,fresh_process,N/A,,,,,,,,
scattering_self_energies,numba,object-mode-parallel-range,fresh_process,N/A,,,,,,,,
scattering_self_energies,dace_cpu,fusion,fresh_process,observed,12.634935783455148,historical_main,,2,2,f7d4f3c7d50b72880addf25da02f47a077e25e5f288758e484adcbc85a181974,,selected_process_variability
scattering_self_energies,dace_cpu,parallel,fresh_process,observed,7.190640052547678,historical_main,,2,2,f7d4f3c7d50b72880addf25da02f47a077e25e5f288758e484adcbc85a181974,,
scattering_self_energies,dace_cpu,auto_opt,fresh_process,observed,7.197699956130236,historical_main,,2,2,f7d4f3c7d50b72880addf25da02f47a077e25e5f288758e484adcbc85a181974,,selected_process_variability
scattering_self_energies,dace_gpu,fusion,fresh_process,observed,8.305201302515343,historical_main,,2,2,f7d4f3c7d50b72880addf25da02f47a077e25e5f288758e484adcbc85a181974,,
scattering_self_energies,dace_gpu,parallel,fresh_process,observed,8.191349643282592,historical_main,,2,2,f7d4f3c7d50b72880addf25da02f47a077e25e5f288758e484adcbc85a181974,,
scattering_self_energies,dace_gpu,auto_opt,fresh_process,observed,7.034236142877489,historical_main,,2,2,f7d4f3c7d50b72880addf25da02f47a077e25e5f288758e484adcbc85a181974,,new_sampling_or_resources;selected_process_variability
scattering_self_energies,cupy,default,fresh_process,observed,14.942927783587947,historical_main,,2,2,f7d4f3c7d50b72880addf25da02f47a077e25e5f288758e484adcbc85a181974,,
seidel_2d,numpy,default,fresh_process,observed,0.8659303758759052,historical_main,,2,2,6d10c80c878e92ea3bdd4f0a16c473438b233d1989ed5a8d0f8d1356e6d0b32b,,selected_process_variability
seidel_2d,numba,nopython-mode,fresh_process,observed,0.38532000919803977,historical_main,,2,2,6d10c80c878e92ea3bdd4f0a16c473438b233d1989ed5a8d0f8d1356e6d0b32b,,historical_disk_cache_hit_not_recorded;new_sampling_or_resources
seidel_2d,numba,nopython-mode-parallel,fresh_process,validation,,historical_main,,0,0,6d10c80c878e92ea3bdd4f0a16c473438b233d1989ed5a8d0f8d1356e6d0b32b,,
seidel_2d,numba,nopython-mode-parallel-range,fresh_process,N/A,,,,,,,,
seidel_2d,numba,object-mode,fresh_process,N/A,,,,,,,,
seidel_2d,numba,object-mode-parallel,fresh_process,N/A,,,,,,,,
seidel_2d,numba,object-mode-parallel-range,fresh_process,N/A,,,,,,,,
seidel_2d,dace_cpu,fusion,fresh_process,observed,0.6786881471052766,historical_main,,2,2,6d10c80c878e92ea3bdd4f0a16c473438b233d1989ed5a8d0f8d1356e6d0b32b,,selected_process_variability
seidel_2d,dace_cpu,parallel,fresh_process,observed,0.8620774189475924,historical_main,,2,2,6d10c80c878e92ea3bdd4f0a16c473438b233d1989ed5a8d0f8d1356e6d0b32b,,selected_process_variability
seidel_2d,dace_cpu,auto_opt,fresh_process,observed,1.0120595344342291,historical_main,,2,2,6d10c80c878e92ea3bdd4f0a16c473438b233d1989ed5a8d0f8d1356e6d0b32b,,selected_process_variability
seidel_2d,dace_gpu,fusion,fresh_process,observed,25.262350417207927,historical_main,,2,2,6d10c80c878e92ea3bdd4f0a16c473438b233d1989ed5a8d0f8d1356e6d0b32b,,
seidel_2d,dace_gpu,parallel,fresh_process,observed,25.193761825328693,historical_main,,2,2,6d10c80c878e92ea3bdd4f0a16c473438b233d1989ed5a8d0f8d1356e6d0b32b,,
seidel_2d,dace_gpu,auto_opt,fresh_process,observed,24.037017334019765,historical_main,,2,2,6d10c80c878e92ea3bdd4f0a16c473438b233d1989ed5a8d0f8d1356e6d0b32b,,
seidel_2d,cupy,default,fresh_process,observed,48.019061104161665,historical_main,,2,2,6d10c80c878e92ea3bdd4f0a16c473438b233d1989ed5a8d0f8d1356e6d0b32b,,
softmax,numpy,default,fresh_process,observed,1.2409008564427495,historical_main,,2,2,2fcf9437c28756a764115316372f1c170da55c13fa29321255a7dcc2a7583c80,,selected_process_variability
softmax,numba,nopython-mode,fresh_process,observed,4.614631859352812,historical_main,,2,2,2fcf9437c28756a764115316372f1c170da55c13fa29321255a7dcc2a7583c80,,historical_disk_cache_hit_not_recorded;selected_process_variability
softmax,numba,nopython-mode-parallel,fresh_process,observed,2.8636349115986377,historical_main,,2,2,2fcf9437c28756a764115316372f1c170da55c13fa29321255a7dcc2a7583c80,,historical_disk_cache_hit_not_recorded;selected_process_variability
softmax,numba,nopython-mode-parallel-range,fresh_process,observed,2.549623488681391,historical_main,,2,2,2fcf9437c28756a764115316372f1c170da55c13fa29321255a7dcc2a7583c80,,historical_disk_cache_hit_not_recorded
softmax,numba,object-mode,fresh_process,observed,1.3196150565054268,historical_main,,2,2,2fcf9437c28756a764115316372f1c170da55c13fa29321255a7dcc2a7583c80,,historical_disk_cache_hit_not_recorded;new_variability
softmax,numba,object-mode-parallel,fresh_process,observed,1.491204075049609,historical_main,,2,2,2fcf9437c28756a764115316372f1c170da55c13fa29321255a7dcc2a7583c80,,historical_disk_cache_hit_not_recorded;new_variability;selected_process_variability
softmax,numba,object-mode-parallel-range,fresh_process,N/A,,,,,,,,
softmax,dace_cpu,fusion,fresh_process,observed,142.22912638331763,historical_main,,2,2,2fcf9437c28756a764115316372f1c170da55c13fa29321255a7dcc2a7583c80,,
softmax,dace_cpu,parallel,fresh_process,observed,137.3293159310706,historical_main,,2,2,2fcf9437c28756a764115316372f1c170da55c13fa29321255a7dcc2a7583c80,,
softmax,dace_cpu,auto_opt,fresh_process,observed,129.7314774559345,historical_main,,2,2,2fcf9437c28756a764115316372f1c170da55c13fa29321255a7dcc2a7583c80,,selected_process_variability
softmax,dace_gpu,fusion,fresh_process,observed,2.319031174760312,historical_main,,2,2,2fcf9437c28756a764115316372f1c170da55c13fa29321255a7dcc2a7583c80,,
softmax,dace_gpu,parallel,fresh_process,observed,2.1514157105702907,historical_main,,2,2,2fcf9437c28756a764115316372f1c170da55c13fa29321255a7dcc2a7583c80,,
softmax,dace_gpu,auto_opt,fresh_process,observed,2.368399287108332,historical_main,,2,2,2fcf9437c28756a764115316372f1c170da55c13fa29321255a7dcc2a7583c80,,selected_process_variability
softmax,cupy,default,fresh_process,observed,1.4103203704580665,historical_main,,2,2,2fcf9437c28756a764115316372f1c170da55c13fa29321255a7dcc2a7583c80,,
spmv,numpy,default,fresh_process,observed,1.0020210989750922,historical_main,,2,2,830b22cd03e41feb9b883b4b8fc754402901ac74dc9f607cfa3a81bdc5787389,,
spmv,numba,nopython-mode,fresh_process,observed,0.44695254834368825,historical_main,,2,2,830b22cd03e41feb9b883b4b8fc754402901ac74dc9f607cfa3a81bdc5787389,,historical_disk_cache_hit_not_recorded
spmv,numba,nopython-mode-parallel,fresh_process,observed,0.4491193909198046,historical_main,,2,2,830b22cd03e41feb9b883b4b8fc754402901ac74dc9f607cfa3a81bdc5787389,,historical_disk_cache_hit_not_recorded
spmv,numba,nopython-mode-parallel-range,fresh_process,observed,0.49502430530264974,step4/confirmation-L,,3,3,830b22cd03e41feb9b883b4b8fc754402901ac74dc9f607cfa3a81bdc5787389,,
spmv,numba,object-mode,fresh_process,N/A,,,,,,,,
spmv,numba,object-mode-parallel,fresh_process,N/A,,,,,,,,
spmv,numba,object-mode-parallel-range,fresh_process,N/A,,,,,,,,
spmv,dace_cpu,fusion,fresh_process,observed,10.897731587290764,historical_main,,2,2,830b22cd03e41feb9b883b4b8fc754402901ac74dc9f607cfa3a81bdc5787389,,selected_process_variability
spmv,dace_cpu,parallel,fresh_process,observed,0.169465112965554,step4/confirmation-L,,3,3,830b22cd03e41feb9b883b4b8fc754402901ac74dc9f607cfa3a81bdc5787389,,
spmv,dace_cpu,auto_opt,fresh_process,observed,0.17304516094736755,historical_main,,2,2,830b22cd03e41feb9b883b4b8fc754402901ac74dc9f607cfa3a81bdc5787389,,
spmv,dace_gpu,fusion,fresh_process,observed,51.487834649626166,historical_main,,2,2,830b22cd03e41feb9b883b4b8fc754402901ac74dc9f607cfa3a81bdc5787389,,
spmv,dace_gpu,parallel,fresh_process,observed,1.218885692069307,historical_main,,2,2,830b22cd03e41feb9b883b4b8fc754402901ac74dc9f607cfa3a81bdc5787389,,new_variability
spmv,dace_gpu,auto_opt,fresh_process,observed,1.2605390548706055,historical_main,,2,2,830b22cd03e41feb9b883b4b8fc754402901ac74dc9f607cfa3a81bdc5787389,,
spmv,cupy,default,fresh_process,observed,48.64895432558842,historical_main,,2,2,830b22cd03e41feb9b883b4b8fc754402901ac74dc9f607cfa3a81bdc5787389,,
stockham_fft,numpy,default,fresh_process,observed,1.066049661487341,historical_main,,2,2,f6c4acc3fcbed6678c4fad72d834895ca7156ce67f7538ebe2242ed208af3254,,selected_process_variability
stockham_fft,numba,nopython-mode,fresh_process,observed,3.1309677055105567,historical_main,,2,2,f6c4acc3fcbed6678c4fad72d834895ca7156ce67f7538ebe2242ed208af3254,,historical_disk_cache_hit_not_recorded;selected_process_variability
stockham_fft,numba,nopython-mode-parallel,fresh_process,observed,455.47170538664795,historical_main,,2,2,f6c4acc3fcbed6678c4fad72d834895ca7156ce67f7538ebe2242ed208af3254,,historical_disk_cache_hit_not_recorded
stockham_fft,numba,nopython-mode-parallel-range,fresh_process,observed,6.6100824910681695,historical_main,,2,2,f6c4acc3fcbed6678c4fad72d834895ca7156ce67f7538ebe2242ed208af3254,,historical_disk_cache_hit_not_recorded
stockham_fft,numba,object-mode,fresh_process,unsupported,,historical_main,,0,0,f6c4acc3fcbed6678c4fad72d834895ca7156ce67f7538ebe2242ed208af3254,,
stockham_fft,numba,object-mode-parallel,fresh_process,unsupported,,historical_main,,0,0,f6c4acc3fcbed6678c4fad72d834895ca7156ce67f7538ebe2242ed208af3254,,
stockham_fft,numba,object-mode-parallel-range,fresh_process,N/A,,,,,,,,
stockham_fft,dace_cpu,fusion,fresh_process,error,,historical_main,,0,0,f6c4acc3fcbed6678c4fad72d834895ca7156ce67f7538ebe2242ed208af3254,,
stockham_fft,dace_cpu,parallel,fresh_process,error,,historical_main,,0,0,f6c4acc3fcbed6678c4fad72d834895ca7156ce67f7538ebe2242ed208af3254,,
stockham_fft,dace_cpu,auto_opt,fresh_process,error,,historical_main,,0,0,f6c4acc3fcbed6678c4fad72d834895ca7156ce67f7538ebe2242ed208af3254,,
stockham_fft,dace_gpu,fusion,fresh_process,error,,historical_main,,0,0,f6c4acc3fcbed6678c4fad72d834895ca7156ce67f7538ebe2242ed208af3254,,
stockham_fft,dace_gpu,parallel,fresh_process,error,,historical_main,,0,0,f6c4acc3fcbed6678c4fad72d834895ca7156ce67f7538ebe2242ed208af3254,,
stockham_fft,dace_gpu,auto_opt,fresh_process,error,,historical_main,,0,0,f6c4acc3fcbed6678c4fad72d834895ca7156ce67f7538ebe2242ed208af3254,,
stockham_fft,cupy,default,fresh_process,observed,0.6418123808689415,historical_main,,2,2,f6c4acc3fcbed6678c4fad72d834895ca7156ce67f7538ebe2242ed208af3254,,
symm,numpy,default,fresh_process,observed,1.0862132105976343,historical_main,,2,2,c983fe23aab1369b59df067f61f46c516f426a2b0a1ea8bdc3779352f6c91630,,
symm,numba,nopython-mode,fresh_process,observed,0.5838726405054331,historical_main,,2,2,c983fe23aab1369b59df067f61f46c516f426a2b0a1ea8bdc3779352f6c91630,,historical_disk_cache_hit_not_recorded
symm,numba,nopython-mode-parallel,fresh_process,N/A,,,,,,,,
symm,numba,nopython-mode-parallel-range,fresh_process,observed,0.5052559680771083,historical_main,,2,2,c983fe23aab1369b59df067f61f46c516f426a2b0a1ea8bdc3779352f6c91630,,historical_disk_cache_hit_not_recorded;new_variability
symm,numba,object-mode,fresh_process,N/A,,,,,,,,
symm,numba,object-mode-parallel,fresh_process,N/A,,,,,,,,
symm,numba,object-mode-parallel-range,fresh_process,N/A,,,,,,,,
symm,dace_cpu,fusion,fresh_process,observed,10.06557415984571,historical_main,,2,2,c983fe23aab1369b59df067f61f46c516f426a2b0a1ea8bdc3779352f6c91630,,selected_process_variability
symm,dace_cpu,parallel,fresh_process,observed,8.260547450045124,historical_main,,2,2,c983fe23aab1369b59df067f61f46c516f426a2b0a1ea8bdc3779352f6c91630,,selected_process_variability
symm,dace_cpu,auto_opt,fresh_process,observed,5.775119072524831,historical_main,,2,2,c983fe23aab1369b59df067f61f46c516f426a2b0a1ea8bdc3779352f6c91630,,
symm,dace_gpu,fusion,fresh_process,observed,7.539232618641108,historical_main,,2,2,c983fe23aab1369b59df067f61f46c516f426a2b0a1ea8bdc3779352f6c91630,,selected_process_variability
symm,dace_gpu,parallel,fresh_process,observed,6.596138948807493,historical_main,,2,2,c983fe23aab1369b59df067f61f46c516f426a2b0a1ea8bdc3779352f6c91630,,
symm,dace_gpu,auto_opt,fresh_process,observed,6.352005960652605,historical_main,,2,2,c983fe23aab1369b59df067f61f46c516f426a2b0a1ea8bdc3779352f6c91630,,new_sampling_or_resources
symm,cupy,default,fresh_process,observed,29.256437418051064,historical_main,,2,2,c983fe23aab1369b59df067f61f46c516f426a2b0a1ea8bdc3779352f6c91630,,
syr2k,numpy,default,fresh_process,observed,1.2800214015878737,historical_main,,2,2,4eed4ab152ea49c0a4cdf942787319238e4b8903146da60692ca376422fc8502,,
syr2k,numba,nopython-mode,fresh_process,observed,0.47323784977197647,step4/confirmation-L,,3,3,4eed4ab152ea49c0a4cdf942787319238e4b8903146da60692ca376422fc8502,,
syr2k,numba,nopython-mode-parallel,fresh_process,N/A,,,,,,,,
syr2k,numba,nopython-mode-parallel-range,fresh_process,N/A,,,,,,,,
syr2k,numba,object-mode,fresh_process,N/A,,,,,,,,
syr2k,numba,object-mode-parallel,fresh_process,N/A,,,,,,,,
syr2k,numba,object-mode-parallel-range,fresh_process,N/A,,,,,,,,
syr2k,dace_cpu,fusion,fresh_process,observed,4.78890973306261,historical_main,,2,2,4eed4ab152ea49c0a4cdf942787319238e4b8903146da60692ca376422fc8502,,selected_process_variability
syr2k,dace_cpu,parallel,fresh_process,observed,4.5015582870692015,historical_main,,2,2,4eed4ab152ea49c0a4cdf942787319238e4b8903146da60692ca376422fc8502,,
syr2k,dace_cpu,auto_opt,fresh_process,observed,5.018153309356421,historical_main,,2,2,4eed4ab152ea49c0a4cdf942787319238e4b8903146da60692ca376422fc8502,,
syr2k,dace_gpu,fusion,fresh_process,observed,6.544248347636312,historical_main,,2,2,4eed4ab152ea49c0a4cdf942787319238e4b8903146da60692ca376422fc8502,,
syr2k,dace_gpu,parallel,fresh_process,observed,6.830536323832348,historical_main,,2,2,4eed4ab152ea49c0a4cdf942787319238e4b8903146da60692ca376422fc8502,,
syr2k,dace_gpu,auto_opt,fresh_process,observed,6.526945609599352,historical_main,,2,2,4eed4ab152ea49c0a4cdf942787319238e4b8903146da60692ca376422fc8502,,
syr2k,cupy,default,fresh_process,observed,15.047397871501744,historical_main,,2,2,4eed4ab152ea49c0a4cdf942787319238e4b8903146da60692ca376422fc8502,,
syrk,numpy,default,fresh_process,observed,1.229210434248671,historical_main,,2,2,c9125e156aac0f0083fa4d941c44b5e500809f7d0e4096cfd309983aa1701894,,selected_process_variability
syrk,numba,nopython-mode,fresh_process,observed,0.6510874775703996,historical_main,,2,2,c9125e156aac0f0083fa4d941c44b5e500809f7d0e4096cfd309983aa1701894,,historical_disk_cache_hit_not_recorded;new_sampling_or_resources
syrk,numba,nopython-mode-parallel,fresh_process,N/A,,,,,,,,
syrk,numba,nopython-mode-parallel-range,fresh_process,N/A,,,,,,,,
syrk,numba,object-mode,fresh_process,N/A,,,,,,,,
syrk,numba,object-mode-parallel,fresh_process,N/A,,,,,,,,
syrk,numba,object-mode-parallel-range,fresh_process,N/A,,,,,,,,
syrk,dace_cpu,fusion,fresh_process,observed,9.464182910509408,historical_main,,2,2,c9125e156aac0f0083fa4d941c44b5e500809f7d0e4096cfd309983aa1701894,,
syrk,dace_cpu,parallel,fresh_process,observed,9.679564230842516,historical_main,,2,2,c9125e156aac0f0083fa4d941c44b5e500809f7d0e4096cfd309983aa1701894,,
syrk,dace_cpu,auto_opt,fresh_process,observed,9.754695964045823,historical_main,,2,2,c9125e156aac0f0083fa4d941c44b5e500809f7d0e4096cfd309983aa1701894,,
syrk,dace_gpu,fusion,fresh_process,observed,4.041527729481459,historical_main,,2,2,c9125e156aac0f0083fa4d941c44b5e500809f7d0e4096cfd309983aa1701894,,new_variability
syrk,dace_gpu,parallel,fresh_process,observed,4.127045931527391,historical_main,,2,2,c9125e156aac0f0083fa4d941c44b5e500809f7d0e4096cfd309983aa1701894,,
syrk,dace_gpu,auto_opt,fresh_process,observed,4.374573675915599,historical_main,,2,2,c9125e156aac0f0083fa4d941c44b5e500809f7d0e4096cfd309983aa1701894,,
syrk,cupy,default,fresh_process,observed,18.53497647657059,historical_main,,2,2,c9125e156aac0f0083fa4d941c44b5e500809f7d0e4096cfd309983aa1701894,,
trisolv,numpy,default,fresh_process,observed,0.1258380631916225,historical_main,,2,2,2ef566c3a7e8536e3be1ae3aaac85d9a03f4836c00d28326cc70cf2e8147fdb1,,selected_process_variability
trisolv,numba,nopython-mode,fresh_process,observed,0.3318290370516479,historical_main,,2,2,2ef566c3a7e8536e3be1ae3aaac85d9a03f4836c00d28326cc70cf2e8147fdb1,,historical_disk_cache_hit_not_recorded;new_variability
trisolv,numba,nopython-mode-parallel,fresh_process,observed,0.35148413851857185,historical_main,,2,2,2ef566c3a7e8536e3be1ae3aaac85d9a03f4836c00d28326cc70cf2e8147fdb1,,historical_disk_cache_hit_not_recorded;new_reuse_evidence_incomplete;new_sampling_or_resources
trisolv,numba,nopython-mode-parallel-range,fresh_process,N/A,,,,,,,,
trisolv,numba,object-mode,fresh_process,N/A,,,,,,,,
trisolv,numba,object-mode-parallel,fresh_process,N/A,,,,,,,,
trisolv,numba,object-mode-parallel-range,fresh_process,N/A,,,,,,,,
trisolv,dace_cpu,fusion,fresh_process,observed,0.1527056279592216,historical_main,,2,2,2ef566c3a7e8536e3be1ae3aaac85d9a03f4836c00d28326cc70cf2e8147fdb1,,
trisolv,dace_cpu,parallel,fresh_process,observed,0.13944565015845,historical_main,,2,2,2ef566c3a7e8536e3be1ae3aaac85d9a03f4836c00d28326cc70cf2e8147fdb1,,new_variability
trisolv,dace_cpu,auto_opt,fresh_process,observed,0.20315711433067918,historical_main,,2,2,2ef566c3a7e8536e3be1ae3aaac85d9a03f4836c00d28326cc70cf2e8147fdb1,,selected_process_variability
trisolv,dace_gpu,fusion,fresh_process,observed,3.57215956132859,step4/confirmation-L,,3,3,2ef566c3a7e8536e3be1ae3aaac85d9a03f4836c00d28326cc70cf2e8147fdb1,,
trisolv,dace_gpu,parallel,fresh_process,observed,3.296557787572965,historical_main,,2,2,2ef566c3a7e8536e3be1ae3aaac85d9a03f4836c00d28326cc70cf2e8147fdb1,,
trisolv,dace_gpu,auto_opt,fresh_process,observed,3.3670023968443274,historical_main,,2,2,2ef566c3a7e8536e3be1ae3aaac85d9a03f4836c00d28326cc70cf2e8147fdb1,,
trisolv,cupy,default,fresh_process,observed,3.3600495734717697,historical_main,,2,2,2ef566c3a7e8536e3be1ae3aaac85d9a03f4836c00d28326cc70cf2e8147fdb1,,
trmm,numpy,default,fresh_process,observed,0.9842940240632743,historical_main,,2,2,9168af76f7b62c6873ac45e920743c46191f055c32ee6a1f1df2aba5ab399d7e,,
trmm,numba,nopython-mode,fresh_process,observed,0.6818725385237485,historical_main,,2,2,9168af76f7b62c6873ac45e920743c46191f055c32ee6a1f1df2aba5ab399d7e,,historical_disk_cache_hit_not_recorded
trmm,numba,nopython-mode-parallel,fresh_process,N/A,,,,,,,,
trmm,numba,nopython-mode-parallel-range,fresh_process,observed,0.48108339053578675,historical_main,,2,2,9168af76f7b62c6873ac45e920743c46191f055c32ee6a1f1df2aba5ab399d7e,,historical_disk_cache_hit_not_recorded
trmm,numba,object-mode,fresh_process,N/A,,,,,,,,
trmm,numba,object-mode-parallel,fresh_process,N/A,,,,,,,,
trmm,numba,object-mode-parallel-range,fresh_process,N/A,,,,,,,,
trmm,dace_cpu,fusion,fresh_process,observed,0.393180065555498,historical_main,,2,2,9168af76f7b62c6873ac45e920743c46191f055c32ee6a1f1df2aba5ab399d7e,,
trmm,dace_cpu,parallel,fresh_process,observed,0.7108327669557184,historical_main,,2,2,9168af76f7b62c6873ac45e920743c46191f055c32ee6a1f1df2aba5ab399d7e,,selected_process_variability
trmm,dace_cpu,auto_opt,fresh_process,observed,0.2345502427779138,historical_main,,2,2,9168af76f7b62c6873ac45e920743c46191f055c32ee6a1f1df2aba5ab399d7e,,historical_drift_requires_review;new_variability
trmm,dace_gpu,fusion,fresh_process,observed,9.52454808470793,historical_main,,2,2,9168af76f7b62c6873ac45e920743c46191f055c32ee6a1f1df2aba5ab399d7e,,
trmm,dace_gpu,parallel,fresh_process,observed,1.0712595048826188,historical_main,,2,2,9168af76f7b62c6873ac45e920743c46191f055c32ee6a1f1df2aba5ab399d7e,,
trmm,dace_gpu,auto_opt,fresh_process,observed,0.9786516937892884,historical_main,,2,2,9168af76f7b62c6873ac45e920743c46191f055c32ee6a1f1df2aba5ab399d7e,,
trmm,cupy,default,fresh_process,observed,41.62624907982536,historical_main,,2,2,9168af76f7b62c6873ac45e920743c46191f055c32ee6a1f1df2aba5ab399d7e,,
vadv,numpy,default,fresh_process,observed,0.5336718820035458,historical_main,,2,2,300cff4f4ff45aa053437078a699f7f36c3a42bea19f7d989bd20911ef2050f4,,
vadv,numba,nopython-mode,fresh_process,observed,0.9863045550882816,historical_main,,2,2,300cff4f4ff45aa053437078a699f7f36c3a42bea19f7d989bd20911ef2050f4,,historical_disk_cache_hit_not_recorded
vadv,numba,nopython-mode-parallel,fresh_process,observed,0.9887338769622147,historical_main,,2,2,300cff4f4ff45aa053437078a699f7f36c3a42bea19f7d989bd20911ef2050f4,,historical_disk_cache_hit_not_recorded;new_variability;selected_process_variability
vadv,numba,nopython-mode-parallel-range,fresh_process,N/A,,,,,,,,
vadv,numba,object-mode,fresh_process,N/A,,,,,,,,
vadv,numba,object-mode-parallel,fresh_process,N/A,,,,,,,,
vadv,numba,object-mode-parallel-range,fresh_process,N/A,,,,,,,,
vadv,dace_cpu,fusion,fresh_process,observed,1.6689188960008323,historical_main,,2,2,300cff4f4ff45aa053437078a699f7f36c3a42bea19f7d989bd20911ef2050f4,,selected_process_variability
vadv,dace_cpu,parallel,fresh_process,observed,1.9038442277815193,historical_main,,2,2,300cff4f4ff45aa053437078a699f7f36c3a42bea19f7d989bd20911ef2050f4,,
vadv,dace_cpu,auto_opt,fresh_process,observed,1.13075587246567,historical_main,,2,2,300cff4f4ff45aa053437078a699f7f36c3a42bea19f7d989bd20911ef2050f4,,selected_process_variability
vadv,dace_gpu,fusion,fresh_process,observed,1.350721751106903,historical_main,,2,2,300cff4f4ff45aa053437078a699f7f36c3a42bea19f7d989bd20911ef2050f4,,
vadv,dace_gpu,parallel,fresh_process,observed,1.4460291375871748,historical_main,,2,2,300cff4f4ff45aa053437078a699f7f36c3a42bea19f7d989bd20911ef2050f4,,
vadv,dace_gpu,auto_opt,fresh_process,observed,1.2930060781072825,historical_main,,2,2,300cff4f4ff45aa053437078a699f7f36c3a42bea19f7d989bd20911ef2050f4,,
vadv,cupy,default,fresh_process,observed,0.6964666780550033,historical_main,,2,2,300cff4f4ff45aa053437078a699f7f36c3a42bea19f7d989bd20911ef2050f4,,
adi_corrected,numpy,default,same_process,observed,1.458284042077139,workload-repairs/main-L,,6,3,44fae57bf7759f2639279283ba275bd89bd5df1bf8f5d46bee32e1d87e87c452,,within_process_variability
adi_corrected,numba,nopython-mode,same_process,observed,0.43468998349271715,workload-repairs/main-L,,6,3,44fae57bf7759f2639279283ba275bd89bd5df1bf8f5d46bee32e1d87e87c452,,
adi_corrected,numba,nopython-mode-parallel,same_process,observed,20.889299074187875,workload-repairs/main-L,,6,3,44fae57bf7759f2639279283ba275bd89bd5df1bf8f5d46bee32e1d87e87c452,,
adi_corrected,numba,nopython-mode-parallel-range,same_process,N/A,,,,,,,,
adi_corrected,numba,object-mode,same_process,N/A,,,,,,,,
adi_corrected,numba,object-mode-parallel,same_process,N/A,,,,,,,,
adi_corrected,numba,object-mode-parallel-range,same_process,N/A,,,,,,,,
adi_corrected,dace_cpu,fusion,same_process,observed,11.978657625149935,workload-repairs/main-L,,6,3,44fae57bf7759f2639279283ba275bd89bd5df1bf8f5d46bee32e1d87e87c452,,between_process_variability;within_process_variability
adi_corrected,dace_cpu,parallel,same_process,observed,11.952720863977447,workload-repairs/main-L,,6,3,44fae57bf7759f2639279283ba275bd89bd5df1bf8f5d46bee32e1d87e87c452,,between_process_variability;within_process_variability
adi_corrected,dace_cpu,auto_opt,same_process,observed,7.046265729703009,workload-repairs/main-L,,6,3,44fae57bf7759f2639279283ba275bd89bd5df1bf8f5d46bee32e1d87e87c452,,within_process_variability
adi_corrected,dace_gpu,fusion,same_process,observed,2.190986584406346,workload-repairs/main-L,,6,3,44fae57bf7759f2639279283ba275bd89bd5df1bf8f5d46bee32e1d87e87c452,,within_process_variability
adi_corrected,dace_gpu,parallel,same_process,observed,2.2287025714758784,workload-repairs/main-L,,6,3,44fae57bf7759f2639279283ba275bd89bd5df1bf8f5d46bee32e1d87e87c452,,within_process_variability
adi_corrected,dace_gpu,auto_opt,same_process,observed,1.806956218322739,workload-repairs/main-L,,6,3,44fae57bf7759f2639279283ba275bd89bd5df1bf8f5d46bee32e1d87e87c452,,between_process_variability;within_process_variability
adi_corrected,cupy,default,same_process,observed,13.604371078545228,workload-repairs/main-L,,6,3,44fae57bf7759f2639279283ba275bd89bd5df1bf8f5d46bee32e1d87e87c452,,
arc_distance,numpy,default,same_process,observed,1.0510801384225488,historical_main,,6,3,c9a5d51d680eeff18f5d5e1a8bd8a4acc4d771e072238396fee0333ed61696be,,selected_process_variability
arc_distance,numba,nopython-mode,same_process,observed,0.9651417015120387,historical_main,,6,3,c9a5d51d680eeff18f5d5e1a8bd8a4acc4d771e072238396fee0333ed61696be,,
arc_distance,numba,nopython-mode-parallel,same_process,observed,0.024825048400089145,historical_main,,6,3,c9a5d51d680eeff18f5d5e1a8bd8a4acc4d771e072238396fee0333ed61696be,,new_sampling_or_resources
arc_distance,numba,nopython-mode-parallel-range,same_process,N/A,,,,,,,,
arc_distance,numba,object-mode,same_process,N/A,,,,,,,,
arc_distance,numba,object-mode-parallel,same_process,N/A,,,,,,,,
arc_distance,numba,object-mode-parallel-range,same_process,N/A,,,,,,,,
arc_distance,dace_cpu,fusion,same_process,observed,0.06322911777533591,historical_main,,6,3,c9a5d51d680eeff18f5d5e1a8bd8a4acc4d771e072238396fee0333ed61696be,,
arc_distance,dace_cpu,parallel,same_process,observed,0.03273178869858384,historical_main,,6,3,c9a5d51d680eeff18f5d5e1a8bd8a4acc4d771e072238396fee0333ed61696be,,
arc_distance,dace_cpu,auto_opt,same_process,observed,0.02558079012669623,historical_main,,6,3,c9a5d51d680eeff18f5d5e1a8bd8a4acc4d771e072238396fee0333ed61696be,,selected_process_variability
arc_distance,dace_gpu,fusion,same_process,observed,0.067253896035254,historical_main,,6,3,c9a5d51d680eeff18f5d5e1a8bd8a4acc4d771e072238396fee0333ed61696be,,
arc_distance,dace_gpu,parallel,same_process,observed,0.06633821269497275,historical_main,,6,3,c9a5d51d680eeff18f5d5e1a8bd8a4acc4d771e072238396fee0333ed61696be,,
arc_distance,dace_gpu,auto_opt,same_process,observed,0.06681370479054749,historical_main,,6,3,c9a5d51d680eeff18f5d5e1a8bd8a4acc4d771e072238396fee0333ed61696be,,selected_process_variability
arc_distance,cupy,default,same_process,observed,0.05203251959756017,historical_main,,6,3,c9a5d51d680eeff18f5d5e1a8bd8a4acc4d771e072238396fee0333ed61696be,,
atax,numpy,default,same_process,observed,0.1494451747275889,historical_main,,6,3,30d1cbd8bc811b325570c9fdb182323781764974a74f27916f06ba12e9a7baef,,
atax,numba,nopython-mode,same_process,observed,0.17004491086117923,step4/confirmation-L,,6,3,30d1cbd8bc811b325570c9fdb182323781764974a74f27916f06ba12e9a7baef,,
atax,numba,nopython-mode-parallel,same_process,observed,0.15652874414809048,historical_main,,6,3,30d1cbd8bc811b325570c9fdb182323781764974a74f27916f06ba12e9a7baef,,new_sampling_or_resources
atax,numba,nopython-mode-parallel-range,same_process,N/A,,,,,,,,
atax,numba,object-mode,same_process,N/A,,,,,,,,
atax,numba,object-mode-parallel,same_process,N/A,,,,,,,,
atax,numba,object-mode-parallel-range,same_process,N/A,,,,,,,,
atax,dace_cpu,fusion,same_process,observed,0.15360833215527236,historical_main,,6,3,30d1cbd8bc811b325570c9fdb182323781764974a74f27916f06ba12e9a7baef,,selected_process_variability
atax,dace_cpu,parallel,same_process,observed,0.16458525974303484,historical_main,,6,3,30d1cbd8bc811b325570c9fdb182323781764974a74f27916f06ba12e9a7baef,,
atax,dace_cpu,auto_opt,same_process,observed,0.16618844657205045,historical_main,,6,3,30d1cbd8bc811b325570c9fdb182323781764974a74f27916f06ba12e9a7baef,,
atax,dace_gpu,fusion,same_process,observed,0.7224379933904856,historical_main,,6,3,30d1cbd8bc811b325570c9fdb182323781764974a74f27916f06ba12e9a7baef,,
atax,dace_gpu,parallel,same_process,observed,0.8444033621344715,historical_main,,6,3,30d1cbd8bc811b325570c9fdb182323781764974a74f27916f06ba12e9a7baef,,selected_process_variability
atax,dace_gpu,auto_opt,same_process,observed,0.6410210044123232,historical_main,,6,3,30d1cbd8bc811b325570c9fdb182323781764974a74f27916f06ba12e9a7baef,,new_sampling_or_resources;selected_process_variability
atax,cupy,default,same_process,observed,0.7361808838322759,historical_main,,6,3,30d1cbd8bc811b325570c9fdb182323781764974a74f27916f06ba12e9a7baef,,selected_process_variability
azimint_hist,numpy,default,same_process,observed,0.8934347296599299,historical_main,,6,3,d714677a44d27aec51292ca83b9b3ba9c1835b7ac786bbd295a407ecfa03d47f,,
azimint_hist,numba,nopython-mode,same_process,observed,0.4390292807947844,historical_main,,6,3,d714677a44d27aec51292ca83b9b3ba9c1835b7ac786bbd295a407ecfa03d47f,,selected_process_variability
azimint_hist,numba,nopython-mode-parallel,same_process,observed,0.34147315099835396,historical_main,,6,3,d714677a44d27aec51292ca83b9b3ba9c1835b7ac786bbd295a407ecfa03d47f,,new_variability;selected_process_variability
azimint_hist,numba,nopython-mode-parallel-range,same_process,observed,0.20821919851005077,workload-repairs/retry-L,,6,3,d714677a44d27aec51292ca83b9b3ba9c1835b7ac786bbd295a407ecfa03d47f,,between_process_variability;within_process_variability
azimint_hist,numba,object-mode,same_process,observed,0.8815285942982882,historical_main,,6,3,d714677a44d27aec51292ca83b9b3ba9c1835b7ac786bbd295a407ecfa03d47f,,selected_process_variability
azimint_hist,numba,object-mode-parallel,same_process,observed,0.8807986723259091,historical_main,,6,3,d714677a44d27aec51292ca83b9b3ba9c1835b7ac786bbd295a407ecfa03d47f,,
azimint_hist,numba,object-mode-parallel-range,same_process,N/A,,,,,,,,
azimint_hist,dace_cpu,fusion,same_process,observed,206.08818334992975,historical_main,,6,3,d714677a44d27aec51292ca83b9b3ba9c1835b7ac786bbd295a407ecfa03d47f,,
azimint_hist,dace_cpu,parallel,same_process,observed,207.69774318509735,historical_main,,6,3,d714677a44d27aec51292ca83b9b3ba9c1835b7ac786bbd295a407ecfa03d47f,,
azimint_hist,dace_cpu,auto_opt,same_process,observed,205.1634535123594,historical_main,,6,3,d714677a44d27aec51292ca83b9b3ba9c1835b7ac786bbd295a407ecfa03d47f,,
azimint_hist,dace_gpu,fusion,same_process,observed,0.1294139523524791,historical_main,,6,3,d714677a44d27aec51292ca83b9b3ba9c1835b7ac786bbd295a407ecfa03d47f,,selected_process_variability
azimint_hist,dace_gpu,parallel,same_process,observed,0.11311910441145301,historical_main,,6,3,d714677a44d27aec51292ca83b9b3ba9c1835b7ac786bbd295a407ecfa03d47f,,selected_process_variability
azimint_hist,dace_gpu,auto_opt,same_process,observed,0.10413758712820709,historical_main,,6,3,d714677a44d27aec51292ca83b9b3ba9c1835b7ac786bbd295a407ecfa03d47f,,
azimint_hist,cupy,default,same_process,observed,0.0896183461882174,historical_main,,6,3,d714677a44d27aec51292ca83b9b3ba9c1835b7ac786bbd295a407ecfa03d47f,,
azimint_naive,numpy,default,same_process,observed,50.88145265937783,historical_main,,6,3,10e5a4ce8b6fe96db84b8d28fc35df47e5ddd295dfddf44939fc8ac5c8795b6d,,
azimint_naive,numba,nopython-mode,same_process,observed,69.13778434507549,historical_main,,6,3,10e5a4ce8b6fe96db84b8d28fc35df47e5ddd295dfddf44939fc8ac5c8795b6d,,
azimint_naive,numba,nopython-mode-parallel,same_process,observed,50.11639688606374,historical_main,,6,3,10e5a4ce8b6fe96db84b8d28fc35df47e5ddd295dfddf44939fc8ac5c8795b6d,,
azimint_naive,numba,nopython-mode-parallel-range,same_process,observed,4.9999262457713485,historical_main,,6,3,10e5a4ce8b6fe96db84b8d28fc35df47e5ddd295dfddf44939fc8ac5c8795b6d,,new_variability;selected_process_variability
azimint_naive,numba,object-mode,same_process,N/A,,,,,,,,
azimint_naive,numba,object-mode-parallel,same_process,N/A,,,,,,,,
azimint_naive,numba,object-mode-parallel-range,same_process,N/A,,,,,,,,
azimint_naive,dace_cpu,fusion,same_process,observed,77.00971734710038,historical_main,,6,3,10e5a4ce8b6fe96db84b8d28fc35df47e5ddd295dfddf44939fc8ac5c8795b6d,,
azimint_naive,dace_cpu,parallel,same_process,observed,62.27395945042372,historical_main,,6,3,10e5a4ce8b6fe96db84b8d28fc35df47e5ddd295dfddf44939fc8ac5c8795b6d,,
azimint_naive,dace_cpu,auto_opt,same_process,observed,58.98443955439143,historical_main,,6,3,10e5a4ce8b6fe96db84b8d28fc35df47e5ddd295dfddf44939fc8ac5c8795b6d,,
azimint_naive,dace_gpu,fusion,same_process,observed,1.9366249847225845,historical_main,,6,3,10e5a4ce8b6fe96db84b8d28fc35df47e5ddd295dfddf44939fc8ac5c8795b6d,,
azimint_naive,dace_gpu,parallel,same_process,error,,historical_main,,0,0,10e5a4ce8b6fe96db84b8d28fc35df47e5ddd295dfddf44939fc8ac5c8795b6d,,
azimint_naive,dace_gpu,auto_opt,same_process,error,,historical_main,,0,0,10e5a4ce8b6fe96db84b8d28fc35df47e5ddd295dfddf44939fc8ac5c8795b6d,,
azimint_naive,cupy,default,same_process,observed,1.5592211834155023,historical_main,,6,3,10e5a4ce8b6fe96db84b8d28fc35df47e5ddd295dfddf44939fc8ac5c8795b6d,,
bicg,numpy,default,same_process,observed,0.15520893991924822,historical_main,,6,3,77e9adb788612e39af05a751b80c16198c5c53c1997f2c21ca5d1cefa59811c3,,
bicg,numba,nopython-mode,same_process,observed,0.1617144886404276,historical_main,,6,3,77e9adb788612e39af05a751b80c16198c5c53c1997f2c21ca5d1cefa59811c3,,new_sampling_or_resources
bicg,numba,nopython-mode-parallel,same_process,observed,0.1638614444527775,historical_main,,6,3,77e9adb788612e39af05a751b80c16198c5c53c1997f2c21ca5d1cefa59811c3,,new_sampling_or_resources
bicg,numba,nopython-mode-parallel-range,same_process,N/A,,,,,,,,
bicg,numba,object-mode,same_process,N/A,,,,,,,,
bicg,numba,object-mode-parallel,same_process,N/A,,,,,,,,
bicg,numba,object-mode-parallel-range,same_process,N/A,,,,,,,,
bicg,dace_cpu,fusion,same_process,observed,0.16082521807402372,historical_main,,6,3,77e9adb788612e39af05a751b80c16198c5c53c1997f2c21ca5d1cefa59811c3,,
bicg,dace_cpu,parallel,same_process,observed,0.16303626215085387,historical_main,,6,3,77e9adb788612e39af05a751b80c16198c5c53c1997f2c21ca5d1cefa59811c3,,
bicg,dace_cpu,auto_opt,same_process,observed,0.15883183339610696,historical_main,,6,3,77e9adb788612e39af05a751b80c16198c5c53c1997f2c21ca5d1cefa59811c3,,
bicg,dace_gpu,fusion,same_process,observed,0.6829204261302948,historical_main,,6,3,77e9adb788612e39af05a751b80c16198c5c53c1997f2c21ca5d1cefa59811c3,,selected_process_variability
bicg,dace_gpu,parallel,same_process,observed,0.5129600355867296,historical_main,,6,3,77e9adb788612e39af05a751b80c16198c5c53c1997f2c21ca5d1cefa59811c3,,
bicg,dace_gpu,auto_opt,same_process,observed,0.7175189480185509,historical_main,,6,3,77e9adb788612e39af05a751b80c16198c5c53c1997f2c21ca5d1cefa59811c3,,selected_process_variability
bicg,cupy,default,same_process,observed,0.5371737889945507,historical_main,,6,3,77e9adb788612e39af05a751b80c16198c5c53c1997f2c21ca5d1cefa59811c3,,
cavity_flow,numpy,default,same_process,observed,0.8037164411507547,historical_main,,6,3,33c1dcf4ea4c8afb398c3db57686f19a59239f440846cca31b92bee224e3c662,,selected_process_variability
cavity_flow,numba,nopython-mode,same_process,observed,0.9125166046433151,historical_main,,6,3,33c1dcf4ea4c8afb398c3db57686f19a59239f440846cca31b92bee224e3c662,,new_variability
cavity_flow,numba,nopython-mode-parallel,same_process,error,,historical_main,,0,0,33c1dcf4ea4c8afb398c3db57686f19a59239f440846cca31b92bee224e3c662,,
cavity_flow,numba,nopython-mode-parallel-range,same_process,N/A,,,,,,,,
cavity_flow,numba,object-mode,same_process,N/A,,,,,,,,
cavity_flow,numba,object-mode-parallel,same_process,N/A,,,,,,,,
cavity_flow,numba,object-mode-parallel-range,same_process,N/A,,,,,,,,
cavity_flow,dace_cpu,fusion,same_process,observed,1.487795248394832,historical_main,,6,3,33c1dcf4ea4c8afb398c3db57686f19a59239f440846cca31b92bee224e3c662,,selected_process_variability
cavity_flow,dace_cpu,parallel,same_process,observed,1.6304478840902448,historical_main,,6,3,33c1dcf4ea4c8afb398c3db57686f19a59239f440846cca31b92bee224e3c662,,selected_process_variability
cavity_flow,dace_cpu,auto_opt,same_process,observed,1.3505476645659655,historical_main,,6,3,33c1dcf4ea4c8afb398c3db57686f19a59239f440846cca31b92bee224e3c662,,selected_process_variability
cavity_flow,dace_gpu,fusion,same_process,observed,0.0935156533960253,historical_main,,6,3,33c1dcf4ea4c8afb398c3db57686f19a59239f440846cca31b92bee224e3c662,,
cavity_flow,dace_gpu,parallel,same_process,observed,0.09893592400476336,historical_main,,6,3,33c1dcf4ea4c8afb398c3db57686f19a59239f440846cca31b92bee224e3c662,,
cavity_flow,dace_gpu,auto_opt,same_process,observed,0.09496762650087476,historical_main,,6,3,33c1dcf4ea4c8afb398c3db57686f19a59239f440846cca31b92bee224e3c662,,
cavity_flow,cupy,default,same_process,observed,1.1785930234473199,historical_main,,6,3,33c1dcf4ea4c8afb398c3db57686f19a59239f440846cca31b92bee224e3c662,,
channel_flow,numpy,default,same_process,observed,6.160018040100113,historical_main,,6,3,131f13ee629eff4bbfc04696d2acdcf8be8c111de0037039e4ac5c934e15a280,,
channel_flow,numba,nopython-mode,same_process,observed,5.101512953173369,historical_main,,6,3,131f13ee629eff4bbfc04696d2acdcf8be8c111de0037039e4ac5c934e15a280,,new_variability
channel_flow,numba,nopython-mode-parallel,same_process,observed,39.62363031692803,historical_main,,6,3,131f13ee629eff4bbfc04696d2acdcf8be8c111de0037039e4ac5c934e15a280,,selected_process_variability
channel_flow,numba,nopython-mode-parallel-range,same_process,N/A,,,,,,,,
channel_flow,numba,object-mode,same_process,N/A,,,,,,,,
channel_flow,numba,object-mode-parallel,same_process,N/A,,,,,,,,
channel_flow,numba,object-mode-parallel-range,same_process,N/A,,,,,,,,
channel_flow,dace_cpu,fusion,same_process,observed,67.9188453310635,historical_main,,6,3,131f13ee629eff4bbfc04696d2acdcf8be8c111de0037039e4ac5c934e15a280,,selected_process_variability
channel_flow,dace_cpu,parallel,same_process,observed,92.7350221965462,historical_main,,6,3,131f13ee629eff4bbfc04696d2acdcf8be8c111de0037039e4ac5c934e15a280,,selected_process_variability
channel_flow,dace_cpu,auto_opt,same_process,observed,69.32119531696662,historical_main,,6,3,131f13ee629eff4bbfc04696d2acdcf8be8c111de0037039e4ac5c934e15a280,,
channel_flow,dace_gpu,fusion,same_process,observed,1.0023384348023683,historical_main,,6,3,131f13ee629eff4bbfc04696d2acdcf8be8c111de0037039e4ac5c934e15a280,,selected_process_variability
channel_flow,dace_gpu,parallel,same_process,observed,0.9665189718361944,historical_main,,6,3,131f13ee629eff4bbfc04696d2acdcf8be8c111de0037039e4ac5c934e15a280,,selected_process_variability
channel_flow,dace_gpu,auto_opt,same_process,observed,0.9550046629738063,historical_main,,6,3,131f13ee629eff4bbfc04696d2acdcf8be8c111de0037039e4ac5c934e15a280,,
channel_flow,cupy,default,same_process,observed,14.761373931309208,historical_main,,6,3,131f13ee629eff4bbfc04696d2acdcf8be8c111de0037039e4ac5c934e15a280,,
cholesky,numpy,default,same_process,observed,1.058578894007951,historical_main,,6,3,4fbe26b28e30a4b50af30a63a5f1d483d8c2556910e84aba0ab6422938ce8d60,,selected_process_variability
cholesky,numba,nopython-mode,same_process,observed,0.05008461605757475,historical_main,,6,3,4fbe26b28e30a4b50af30a63a5f1d483d8c2556910e84aba0ab6422938ce8d60,,selected_process_variability
cholesky,numba,nopython-mode-parallel,same_process,observed,31.253249505069107,historical_main,,6,3,4fbe26b28e30a4b50af30a63a5f1d483d8c2556910e84aba0ab6422938ce8d60,,selected_process_variability
cholesky,numba,nopython-mode-parallel-range,same_process,N/A,,,,,,,,
cholesky,numba,object-mode,same_process,N/A,,,,,,,,
cholesky,numba,object-mode-parallel,same_process,N/A,,,,,,,,
cholesky,numba,object-mode-parallel-range,same_process,N/A,,,,,,,,
cholesky,dace_cpu,fusion,same_process,observed,0.04706500587053597,historical_main,,6,3,4fbe26b28e30a4b50af30a63a5f1d483d8c2556910e84aba0ab6422938ce8d60,,
cholesky,dace_cpu,parallel,same_process,observed,0.03599056578241289,historical_main,,6,3,4fbe26b28e30a4b50af30a63a5f1d483d8c2556910e84aba0ab6422938ce8d60,,new_variability;selected_process_variability
cholesky,dace_cpu,auto_opt,same_process,observed,0.03702618204988539,historical_main,,6,3,4fbe26b28e30a4b50af30a63a5f1d483d8c2556910e84aba0ab6422938ce8d60,,selected_process_variability
cholesky,dace_gpu,fusion,same_process,observed,9.332791646011174,historical_main,,6,3,4fbe26b28e30a4b50af30a63a5f1d483d8c2556910e84aba0ab6422938ce8d60,,
cholesky,dace_gpu,parallel,same_process,observed,9.788779673399404,historical_main,,6,3,4fbe26b28e30a4b50af30a63a5f1d483d8c2556910e84aba0ab6422938ce8d60,,
cholesky,dace_gpu,auto_opt,same_process,observed,5.8121407851576805,historical_main,,6,3,4fbe26b28e30a4b50af30a63a5f1d483d8c2556910e84aba0ab6422938ce8d60,,
cholesky,cupy,default,same_process,observed,34.01391176995821,historical_main,,6,3,4fbe26b28e30a4b50af30a63a5f1d483d8c2556910e84aba0ab6422938ce8d60,,
cholesky2,numpy,default,same_process,observed,1.5806561016943306,historical_main,,6,3,b9394a55df0718e0c2862384f101bc746b522dc7acfbed649b0716c8d79c2363,,
cholesky2,numba,nopython-mode,same_process,observed,3.069501759018749,historical_main,,6,3,b9394a55df0718e0c2862384f101bc746b522dc7acfbed649b0716c8d79c2363,,selected_process_variability
cholesky2,numba,nopython-mode-parallel,same_process,observed,3.082715938333422,historical_main,,6,3,b9394a55df0718e0c2862384f101bc746b522dc7acfbed649b0716c8d79c2363,,
cholesky2,numba,nopython-mode-parallel-range,same_process,N/A,,,,,,,,
cholesky2,numba,object-mode,same_process,N/A,,,,,,,,
cholesky2,numba,object-mode-parallel,same_process,N/A,,,,,,,,
cholesky2,numba,object-mode-parallel-range,same_process,N/A,,,,,,,,
cholesky2,dace_cpu,fusion,same_process,observed,1.5832325329538435,historical_main,,6,3,b9394a55df0718e0c2862384f101bc746b522dc7acfbed649b0716c8d79c2363,,
cholesky2,dace_cpu,parallel,same_process,observed,1.7494011404924095,historical_main,,6,3,b9394a55df0718e0c2862384f101bc746b522dc7acfbed649b0716c8d79c2363,,
cholesky2,dace_cpu,auto_opt,same_process,observed,1.1732408641837537,historical_main,,6,3,b9394a55df0718e0c2862384f101bc746b522dc7acfbed649b0716c8d79c2363,,
cholesky2,dace_gpu,fusion,same_process,observed,0.2374129386153072,historical_main,,6,3,b9394a55df0718e0c2862384f101bc746b522dc7acfbed649b0716c8d79c2363,,
cholesky2,dace_gpu,parallel,same_process,observed,0.25219702371396124,historical_main,,6,3,b9394a55df0718e0c2862384f101bc746b522dc7acfbed649b0716c8d79c2363,,
cholesky2,dace_gpu,auto_opt,same_process,observed,0.2616209664847702,historical_main,,6,3,b9394a55df0718e0c2862384f101bc746b522dc7acfbed649b0716c8d79c2363,,selected_process_variability
cholesky2,cupy,default,same_process,observed,0.2552615695167333,historical_main,,6,3,b9394a55df0718e0c2862384f101bc746b522dc7acfbed649b0716c8d79c2363,,
compute,numpy,default,same_process,observed,1.1551719848066568,historical_main,,6,3,c95ef8e4674e9795c2c4376c3b88240655d27d77a534d2db1cf991c275146691,,
compute,numba,nopython-mode,same_process,observed,1.3100029181223363,historical_main,,6,3,c95ef8e4674e9795c2c4376c3b88240655d27d77a534d2db1cf991c275146691,,
compute,numba,nopython-mode-parallel,same_process,observed,0.10984547948464751,historical_main,,6,3,c95ef8e4674e9795c2c4376c3b88240655d27d77a534d2db1cf991c275146691,,new_sampling_or_resources
compute,numba,nopython-mode-parallel-range,same_process,N/A,,,,,,,,
compute,numba,object-mode,same_process,observed,5.540590897668153,historical_main,,6,3,c95ef8e4674e9795c2c4376c3b88240655d27d77a534d2db1cf991c275146691,,selected_process_variability
compute,numba,object-mode-parallel,same_process,observed,1.5780437095090747,historical_main,,6,3,c95ef8e4674e9795c2c4376c3b88240655d27d77a534d2db1cf991c275146691,,selected_process_variability
compute,numba,object-mode-parallel-range,same_process,N/A,,,,,,,,
compute,dace_cpu,fusion,same_process,observed,0.09666985715739429,historical_main,,6,3,c95ef8e4674e9795c2c4376c3b88240655d27d77a534d2db1cf991c275146691,,
compute,dace_cpu,parallel,same_process,observed,0.10578517452813685,historical_main,,6,3,c95ef8e4674e9795c2c4376c3b88240655d27d77a534d2db1cf991c275146691,,
compute,dace_cpu,auto_opt,same_process,observed,0.10993086383678019,historical_main,,6,3,c95ef8e4674e9795c2c4376c3b88240655d27d77a534d2db1cf991c275146691,,selected_process_variability
compute,dace_gpu,fusion,same_process,observed,1.0625894288532436,historical_main,,6,3,c95ef8e4674e9795c2c4376c3b88240655d27d77a534d2db1cf991c275146691,,selected_process_variability
compute,dace_gpu,parallel,same_process,observed,0.9263504270929843,historical_main,,6,3,c95ef8e4674e9795c2c4376c3b88240655d27d77a534d2db1cf991c275146691,,
compute,dace_gpu,auto_opt,same_process,observed,0.9355083941482008,historical_main,,6,3,c95ef8e4674e9795c2c4376c3b88240655d27d77a534d2db1cf991c275146691,,selected_process_variability
compute,cupy,default,same_process,observed,0.9726193840615451,historical_main,,6,3,c95ef8e4674e9795c2c4376c3b88240655d27d77a534d2db1cf991c275146691,,selected_process_variability
contour_integral,numpy,default,same_process,observed,1.931109658908099,historical_main,,6,3,96e60b8e822b16860d5bd015f984ac2828ce239aab0d0628d36a60c7c4be7697,,
contour_integral,numba,nopython-mode,same_process,observed,1.5844547713641077,step4/confirmation-L,,6,3,96e60b8e822b16860d5bd015f984ac2828ce239aab0d0628d36a60c7c4be7697,,
contour_integral,numba,nopython-mode-parallel,same_process,observed,5.2994347487110645,historical_main,,6,3,96e60b8e822b16860d5bd015f984ac2828ce239aab0d0628d36a60c7c4be7697,,
contour_integral,numba,nopython-mode-parallel-range,same_process,observed,2.5672220014967024,historical_main,,6,3,96e60b8e822b16860d5bd015f984ac2828ce239aab0d0628d36a60c7c4be7697,,selected_process_variability
contour_integral,numba,object-mode,same_process,N/A,,,,,,,,
contour_integral,numba,object-mode-parallel,same_process,N/A,,,,,,,,
contour_integral,numba,object-mode-parallel-range,same_process,N/A,,,,,,,,
contour_integral,dace_cpu,fusion,same_process,observed,5.489873724523932,historical_main,,6,3,96e60b8e822b16860d5bd015f984ac2828ce239aab0d0628d36a60c7c4be7697,,
contour_integral,dace_cpu,parallel,same_process,observed,5.624615268083289,historical_main,,6,3,96e60b8e822b16860d5bd015f984ac2828ce239aab0d0628d36a60c7c4be7697,,
contour_integral,dace_cpu,auto_opt,same_process,observed,5.329034561524168,historical_main,,6,3,96e60b8e822b16860d5bd015f984ac2828ce239aab0d0628d36a60c7c4be7697,,
contour_integral,dace_gpu,fusion,same_process,validation,,historical_main,,0,0,96e60b8e822b16860d5bd015f984ac2828ce239aab0d0628d36a60c7c4be7697,,
contour_integral,dace_gpu,parallel,same_process,validation,,historical_main,,0,0,96e60b8e822b16860d5bd015f984ac2828ce239aab0d0628d36a60c7c4be7697,,
contour_integral,dace_gpu,auto_opt,same_process,validation,,historical_main,,0,0,96e60b8e822b16860d5bd015f984ac2828ce239aab0d0628d36a60c7c4be7697,,
contour_integral,cupy,default,same_process,observed,0.14394093584269285,historical_main,,6,3,96e60b8e822b16860d5bd015f984ac2828ce239aab0d0628d36a60c7c4be7697,,
conv2d_bias,numpy,default,same_process,observed,1.5503567855339497,historical_main,,6,3,3652f4ad2c784bef2f715b7aa13d7e3a9d461dbdbed77498119dc3c0f00cc660,,
conv2d_bias,numba,nopython-mode,same_process,observed,1.3890525214374065,historical_main,,6,3,3652f4ad2c784bef2f715b7aa13d7e3a9d461dbdbed77498119dc3c0f00cc660,,
conv2d_bias,numba,nopython-mode-parallel,same_process,observed,5.3943648361600935,historical_main,,6,3,3652f4ad2c784bef2f715b7aa13d7e3a9d461dbdbed77498119dc3c0f00cc660,,selected_process_variability
conv2d_bias,numba,nopython-mode-parallel-range,same_process,observed,0.03500425047241151,step4/confirmation-L,,6,3,3652f4ad2c784bef2f715b7aa13d7e3a9d461dbdbed77498119dc3c0f00cc660,,
conv2d_bias,numba,object-mode,same_process,error,,historical_main,,0,0,3652f4ad2c784bef2f715b7aa13d7e3a9d461dbdbed77498119dc3c0f00cc660,,
conv2d_bias,numba,object-mode-parallel,same_process,error,,historical_main,,0,0,3652f4ad2c784bef2f715b7aa13d7e3a9d461dbdbed77498119dc3c0f00cc660,,
conv2d_bias,numba,object-mode-parallel-range,same_process,observed,1.5721917084883898,historical_main,,6,3,3652f4ad2c784bef2f715b7aa13d7e3a9d461dbdbed77498119dc3c0f00cc660,,
conv2d_bias,dace_cpu,fusion,same_process,observed,1.5552259276155382,historical_main,,6,3,3652f4ad2c784bef2f715b7aa13d7e3a9d461dbdbed77498119dc3c0f00cc660,,
conv2d_bias,dace_cpu,parallel,same_process,observed,2.098586641717702,historical_main,,6,3,3652f4ad2c784bef2f715b7aa13d7e3a9d461dbdbed77498119dc3c0f00cc660,,selected_process_variability
conv2d_bias,dace_cpu,auto_opt,same_process,observed,1.3739547519944608,historical_main,,6,3,3652f4ad2c784bef2f715b7aa13d7e3a9d461dbdbed77498119dc3c0f00cc660,,selected_process_variability
conv2d_bias,dace_gpu,fusion,same_process,validation,,historical_main,,0,0,3652f4ad2c784bef2f715b7aa13d7e3a9d461dbdbed77498119dc3c0f00cc660,,
conv2d_bias,dace_gpu,parallel,same_process,validation,,historical_main,,0,0,3652f4ad2c784bef2f715b7aa13d7e3a9d461dbdbed77498119dc3c0f00cc660,,
conv2d_bias,dace_gpu,auto_opt,same_process,validation,,historical_main,,0,0,3652f4ad2c784bef2f715b7aa13d7e3a9d461dbdbed77498119dc3c0f00cc660,,
conv2d_bias,cupy,default,same_process,observed,1.41621497948654,historical_main,,6,3,3652f4ad2c784bef2f715b7aa13d7e3a9d461dbdbed77498119dc3c0f00cc660,,selected_process_variability
correlation,numpy,default,same_process,observed,1.1385203395038843,historical_main,,6,3,90af084039550dbfa1b2c0aafc8d4694c42209b191fd5b47f0314658efaf5513,,
correlation,numba,nopython-mode,same_process,observed,129.55802419781685,historical_main,,6,3,90af084039550dbfa1b2c0aafc8d4694c42209b191fd5b47f0314658efaf5513,,
correlation,numba,nopython-mode-parallel,same_process,error,,historical_main,,0,0,90af084039550dbfa1b2c0aafc8d4694c42209b191fd5b47f0314658efaf5513,,
correlation,numba,nopython-mode-parallel-range,same_process,error,,historical_main,,0,0,90af084039550dbfa1b2c0aafc8d4694c42209b191fd5b47f0314658efaf5513,,
correlation,numba,object-mode,same_process,observed,142.91911065601744,historical_main,,2,1,90af084039550dbfa1b2c0aafc8d4694c42209b191fd5b47f0314658efaf5513,,original_process_only
correlation,numba,object-mode-parallel,same_process,observed,264.68816314986907,historical_main,,2,1,90af084039550dbfa1b2c0aafc8d4694c42209b191fd5b47f0314658efaf5513,,original_process_only
correlation,numba,object-mode-parallel-range,same_process,observed,1.177569132996723,historical_main,,2,1,90af084039550dbfa1b2c0aafc8d4694c42209b191fd5b47f0314658efaf5513,,original_process_only
correlation,dace_cpu,fusion,same_process,observed,1.0664125273469836,historical_main,,6,3,90af084039550dbfa1b2c0aafc8d4694c42209b191fd5b47f0314658efaf5513,,
correlation,dace_cpu,parallel,same_process,observed,1.0667160591110587,historical_main,,6,3,90af084039550dbfa1b2c0aafc8d4694c42209b191fd5b47f0314658efaf5513,,
correlation,dace_cpu,auto_opt,same_process,observed,1.0424840548075736,historical_main,,6,3,90af084039550dbfa1b2c0aafc8d4694c42209b191fd5b47f0314658efaf5513,,
correlation,dace_gpu,fusion,same_process,observed,0.283395150443539,historical_main,,6,3,90af084039550dbfa1b2c0aafc8d4694c42209b191fd5b47f0314658efaf5513,,
correlation,dace_gpu,parallel,same_process,observed,0.271758780349046,historical_main,,6,3,90af084039550dbfa1b2c0aafc8d4694c42209b191fd5b47f0314658efaf5513,,
correlation,dace_gpu,auto_opt,same_process,observed,0.26664564036764205,historical_main,,6,3,90af084039550dbfa1b2c0aafc8d4694c42209b191fd5b47f0314658efaf5513,,
correlation,cupy,default,same_process,observed,0.6748116491362453,workload-repairs/main-L,,6,3,a80325d29cec49a59ec855ace66ce22deb5c4598a5707696210d3afdf6a571ee,,
covariance,numpy,default,same_process,observed,1.0573648714926094,historical_main,,6,3,af17a377caed2a970d699d0afa2fcc0382f2e0ec47bdab98c00e9bb2f70fcc48,,
covariance,numba,nopython-mode,same_process,observed,140.9942357945256,historical_main,,6,3,af17a377caed2a970d699d0afa2fcc0382f2e0ec47bdab98c00e9bb2f70fcc48,,
covariance,numba,nopython-mode-parallel,same_process,error,,historical_main,,0,0,af17a377caed2a970d699d0afa2fcc0382f2e0ec47bdab98c00e9bb2f70fcc48,,
covariance,numba,nopython-mode-parallel-range,same_process,error,,historical_main,,0,0,af17a377caed2a970d699d0afa2fcc0382f2e0ec47bdab98c00e9bb2f70fcc48,,
covariance,numba,object-mode,same_process,observed,128.52520835981704,historical_main,,2,1,af17a377caed2a970d699d0afa2fcc0382f2e0ec47bdab98c00e9bb2f70fcc48,,original_process_only
covariance,numba,object-mode-parallel,same_process,observed,264.90272490214556,historical_main,,2,1,af17a377caed2a970d699d0afa2fcc0382f2e0ec47bdab98c00e9bb2f70fcc48,,original_process_only
covariance,numba,object-mode-parallel-range,same_process,observed,1.1021533955354244,historical_main,,2,1,af17a377caed2a970d699d0afa2fcc0382f2e0ec47bdab98c00e9bb2f70fcc48,,original_process_only
covariance,dace_cpu,fusion,same_process,observed,67.46892202831805,historical_main,,6,3,af17a377caed2a970d699d0afa2fcc0382f2e0ec47bdab98c00e9bb2f70fcc48,,
covariance,dace_cpu,parallel,same_process,observed,68.59450922580436,historical_main,,6,3,af17a377caed2a970d699d0afa2fcc0382f2e0ec47bdab98c00e9bb2f70fcc48,,
covariance,dace_cpu,auto_opt,same_process,observed,66.30823536333628,historical_main,,6,3,af17a377caed2a970d699d0afa2fcc0382f2e0ec47bdab98c00e9bb2f70fcc48,,
covariance,dace_gpu,fusion,same_process,observed,0.3092083816882223,historical_main,,6,3,af17a377caed2a970d699d0afa2fcc0382f2e0ec47bdab98c00e9bb2f70fcc48,,
covariance,dace_gpu,parallel,same_process,observed,0.3051314549520612,historical_main,,6,3,af17a377caed2a970d699d0afa2fcc0382f2e0ec47bdab98c00e9bb2f70fcc48,,
covariance,dace_gpu,auto_opt,same_process,observed,0.30949099035933614,historical_main,,6,3,af17a377caed2a970d699d0afa2fcc0382f2e0ec47bdab98c00e9bb2f70fcc48,,
covariance,cupy,default,same_process,observed,0.8645136223640293,historical_main,,6,3,af17a377caed2a970d699d0afa2fcc0382f2e0ec47bdab98c00e9bb2f70fcc48,,
covariance2,numpy,default,same_process,observed,0.21784149738959968,historical_main,,6,3,e1424bc66fff5f5bb8acd9b4f317faa2af4ea1da59094eb63d32d82413d01c9b,,
covariance2,numba,nopython-mode,same_process,observed,0.41528259706683457,historical_main,,6,3,e1424bc66fff5f5bb8acd9b4f317faa2af4ea1da59094eb63d32d82413d01c9b,,
covariance2,numba,nopython-mode-parallel,same_process,N/A,,,,,,,,
covariance2,numba,nopython-mode-parallel-range,same_process,N/A,,,,,,,,
covariance2,numba,object-mode,same_process,N/A,,,,,,,,
covariance2,numba,object-mode-parallel,same_process,N/A,,,,,,,,
covariance2,numba,object-mode-parallel-range,same_process,N/A,,,,,,,,
covariance2,dace_cpu,fusion,same_process,missing,,historical_main,,0,0,e1424bc66fff5f5bb8acd9b4f317faa2af4ea1da59094eb63d32d82413d01c9b,,
covariance2,dace_cpu,parallel,same_process,missing,,historical_main,,0,0,e1424bc66fff5f5bb8acd9b4f317faa2af4ea1da59094eb63d32d82413d01c9b,,
covariance2,dace_cpu,auto_opt,same_process,missing,,historical_main,,0,0,e1424bc66fff5f5bb8acd9b4f317faa2af4ea1da59094eb63d32d82413d01c9b,,
covariance2,dace_gpu,fusion,same_process,missing,,historical_main,,0,0,e1424bc66fff5f5bb8acd9b4f317faa2af4ea1da59094eb63d32d82413d01c9b,,
covariance2,dace_gpu,parallel,same_process,missing,,historical_main,,0,0,e1424bc66fff5f5bb8acd9b4f317faa2af4ea1da59094eb63d32d82413d01c9b,,
covariance2,dace_gpu,auto_opt,same_process,missing,,historical_main,,0,0,e1424bc66fff5f5bb8acd9b4f317faa2af4ea1da59094eb63d32d82413d01c9b,,
covariance2,cupy,default,same_process,missing,,historical_main,,0,0,e1424bc66fff5f5bb8acd9b4f317faa2af4ea1da59094eb63d32d82413d01c9b,,
crc16,numpy,default,same_process,observed,0.9557864274829626,historical_main,,6,3,f5e374255acb40d3b61ef049439a216956523578089519cdbac1c787454c279b,,
crc16,numba,nopython-mode,same_process,observed,0.0020530009642243385,historical_main,,6,3,f5e374255acb40d3b61ef049439a216956523578089519cdbac1c787454c279b,,
crc16,numba,nopython-mode-parallel,same_process,observed,0.0016456348821520805,step4/confirmation-L,,6,3,f5e374255acb40d3b61ef049439a216956523578089519cdbac1c787454c279b,,
crc16,numba,nopython-mode-parallel-range,same_process,N/A,,,,,,,,
crc16,numba,object-mode,same_process,N/A,,,,,,,,
crc16,numba,object-mode-parallel,same_process,N/A,,,,,,,,
crc16,numba,object-mode-parallel-range,same_process,N/A,,,,,,,,
crc16,dace_cpu,fusion,same_process,observed,0.0020406232215464115,historical_main,,6,3,f5e374255acb40d3b61ef049439a216956523578089519cdbac1c787454c279b,,selected_process_variability
crc16,dace_cpu,parallel,same_process,observed,0.0019588349387049675,historical_main,,6,3,f5e374255acb40d3b61ef049439a216956523578089519cdbac1c787454c279b,,selected_process_variability
crc16,dace_cpu,auto_opt,same_process,observed,0.007341634947806597,historical_main,,6,3,f5e374255acb40d3b61ef049439a216956523578089519cdbac1c787454c279b,,
crc16,dace_gpu,fusion,same_process,observed,5.195878328988329,historical_main,,6,3,f5e374255acb40d3b61ef049439a216956523578089519cdbac1c787454c279b,,
crc16,dace_gpu,parallel,same_process,observed,5.170322899939492,historical_main,,6,3,f5e374255acb40d3b61ef049439a216956523578089519cdbac1c787454c279b,,
crc16,dace_gpu,auto_opt,same_process,observed,5.129670782480389,historical_main,,6,3,f5e374255acb40d3b61ef049439a216956523578089519cdbac1c787454c279b,,
crc16,cupy,default,same_process,observed,102.20021218457259,historical_main,,6,3,f5e374255acb40d3b61ef049439a216956523578089519cdbac1c787454c279b,,
deriche,numpy,default,same_process,observed,0.8914826686959714,historical_main,,6,3,86bedd90fc265ce6365b560b64f12b89d3c2d5bf501294f5352e2a58074f9840,,
deriche,numba,nopython-mode,same_process,observed,1.0704175224527717,historical_main,,6,3,86bedd90fc265ce6365b560b64f12b89d3c2d5bf501294f5352e2a58074f9840,,
deriche,numba,nopython-mode-parallel,same_process,observed,3.038944523083046,historical_main,,6,3,86bedd90fc265ce6365b560b64f12b89d3c2d5bf501294f5352e2a58074f9840,,selected_process_variability
deriche,numba,nopython-mode-parallel-range,same_process,N/A,,,,,,,,
deriche,numba,object-mode,same_process,N/A,,,,,,,,
deriche,numba,object-mode-parallel,same_process,N/A,,,,,,,,
deriche,numba,object-mode-parallel-range,same_process,N/A,,,,,,,,
deriche,dace_cpu,fusion,same_process,observed,2.1948094435501844,historical_main,,6,3,86bedd90fc265ce6365b560b64f12b89d3c2d5bf501294f5352e2a58074f9840,,
deriche,dace_cpu,parallel,same_process,observed,2.2293529990129173,historical_main,,6,3,86bedd90fc265ce6365b560b64f12b89d3c2d5bf501294f5352e2a58074f9840,,selected_process_variability
deriche,dace_cpu,auto_opt,same_process,observed,1.5801757730077952,historical_main,,6,3,86bedd90fc265ce6365b560b64f12b89d3c2d5bf501294f5352e2a58074f9840,,selected_process_variability
deriche,dace_gpu,fusion,same_process,observed,0.667675465811044,historical_main,,6,3,86bedd90fc265ce6365b560b64f12b89d3c2d5bf501294f5352e2a58074f9840,,
deriche,dace_gpu,parallel,same_process,observed,0.7149740003515035,historical_main,,6,3,86bedd90fc265ce6365b560b64f12b89d3c2d5bf501294f5352e2a58074f9840,,selected_process_variability
deriche,dace_gpu,auto_opt,same_process,observed,0.19579404219985008,historical_main,,6,3,86bedd90fc265ce6365b560b64f12b89d3c2d5bf501294f5352e2a58074f9840,,new_variability
deriche,cupy,default,same_process,observed,2.4019219467882067,historical_main,,6,3,86bedd90fc265ce6365b560b64f12b89d3c2d5bf501294f5352e2a58074f9840,,
doitgen,numpy,default,same_process,observed,1.7532269721850753,historical_main,,6,3,e54ec8efb6b8a7fe086a96f3c0074529002b4a5aad97bbd19161c0a49cf1bb9d,,
doitgen,numba,nopython-mode,same_process,observed,2.079097245587036,historical_main,,6,3,e54ec8efb6b8a7fe086a96f3c0074529002b4a5aad97bbd19161c0a49cf1bb9d,,
doitgen,numba,nopython-mode-parallel,same_process,N/A,,,,,,,,
doitgen,numba,nopython-mode-parallel-range,same_process,N/A,,,,,,,,
doitgen,numba,object-mode,same_process,observed,2.1650513825006783,historical_main,,6,3,e54ec8efb6b8a7fe086a96f3c0074529002b4a5aad97bbd19161c0a49cf1bb9d,,
doitgen,numba,object-mode-parallel,same_process,observed,1.989500498631969,historical_main,,6,3,e54ec8efb6b8a7fe086a96f3c0074529002b4a5aad97bbd19161c0a49cf1bb9d,,
doitgen,numba,object-mode-parallel-range,same_process,N/A,,,,,,,,
doitgen,dace_cpu,fusion,same_process,observed,0.3085375044029206,historical_main,,6,3,e54ec8efb6b8a7fe086a96f3c0074529002b4a5aad97bbd19161c0a49cf1bb9d,,
doitgen,dace_cpu,parallel,same_process,observed,0.28031793842092156,historical_main,,6,3,e54ec8efb6b8a7fe086a96f3c0074529002b4a5aad97bbd19161c0a49cf1bb9d,,new_sampling_or_resources;selected_process_variability
doitgen,dace_cpu,auto_opt,same_process,observed,0.29095402592793107,historical_main,,6,3,e54ec8efb6b8a7fe086a96f3c0074529002b4a5aad97bbd19161c0a49cf1bb9d,,selected_process_variability
doitgen,dace_gpu,fusion,same_process,observed,0.11004126560874283,historical_main,,6,3,e54ec8efb6b8a7fe086a96f3c0074529002b4a5aad97bbd19161c0a49cf1bb9d,,
doitgen,dace_gpu,parallel,same_process,observed,0.10538004711270332,historical_main,,6,3,e54ec8efb6b8a7fe086a96f3c0074529002b4a5aad97bbd19161c0a49cf1bb9d,,
doitgen,dace_gpu,auto_opt,same_process,observed,0.11884870543144643,historical_main,,6,3,e54ec8efb6b8a7fe086a96f3c0074529002b4a5aad97bbd19161c0a49cf1bb9d,,selected_process_variability
doitgen,cupy,default,same_process,observed,0.1348729704041034,historical_main,,6,3,e54ec8efb6b8a7fe086a96f3c0074529002b4a5aad97bbd19161c0a49cf1bb9d,,
durbin,numpy,default,same_process,observed,1.8511984068900347,historical_main,,6,3,ce8fe98cca13e7ff78b2059649cf38d58a3f2af294a834c6e4698392b4e95b14,,new_variability;selected_process_variability
durbin,numba,nopython-mode,same_process,observed,1.698292258894071,historical_main,,6,3,ce8fe98cca13e7ff78b2059649cf38d58a3f2af294a834c6e4698392b4e95b14,,new_variability;selected_process_variability
durbin,numba,nopython-mode-parallel,same_process,error,,historical_main,,0,0,ce8fe98cca13e7ff78b2059649cf38d58a3f2af294a834c6e4698392b4e95b14,,
durbin,numba,nopython-mode-parallel-range,same_process,N/A,,,,,,,,
durbin,numba,object-mode,same_process,N/A,,,,,,,,
durbin,numba,object-mode-parallel,same_process,N/A,,,,,,,,
durbin,numba,object-mode-parallel-range,same_process,N/A,,,,,,,,
durbin,dace_cpu,fusion,same_process,timeout,,historical_main,,0,0,ce8fe98cca13e7ff78b2059649cf38d58a3f2af294a834c6e4698392b4e95b14,,
durbin,dace_cpu,parallel,same_process,timeout,,historical_main,,0,0,ce8fe98cca13e7ff78b2059649cf38d58a3f2af294a834c6e4698392b4e95b14,,
durbin,dace_cpu,auto_opt,same_process,timeout,,historical_main,,0,0,ce8fe98cca13e7ff78b2059649cf38d58a3f2af294a834c6e4698392b4e95b14,,
durbin,dace_gpu,fusion,same_process,observed,1.1554079020861536,historical_main,,6,3,ce8fe98cca13e7ff78b2059649cf38d58a3f2af294a834c6e4698392b4e95b14,,
durbin,dace_gpu,parallel,same_process,observed,1.304891778388992,historical_main,,6,3,ce8fe98cca13e7ff78b2059649cf38d58a3f2af294a834c6e4698392b4e95b14,,selected_process_variability
durbin,dace_gpu,auto_opt,same_process,observed,1.1743357272353023,historical_main,,6,3,ce8fe98cca13e7ff78b2059649cf38d58a3f2af294a834c6e4698392b4e95b14,,selected_process_variability
durbin,cupy,default,same_process,observed,4.089670399436727,historical_main,,6,3,ce8fe98cca13e7ff78b2059649cf38d58a3f2af294a834c6e4698392b4e95b14,,
fdtd_2d,numpy,default,same_process,observed,0.9214490347076207,historical_main,,6,3,ae503cf8154fbe07791342cfced3146fb8b1e03dbea637ba9add8796956ed94d,,
fdtd_2d,numba,nopython-mode,same_process,observed,1.543296976480633,historical_main,,6,3,ae503cf8154fbe07791342cfced3146fb8b1e03dbea637ba9add8796956ed94d,,selected_process_variability
fdtd_2d,numba,nopython-mode-parallel,same_process,observed,0.6996350130066276,historical_main,,6,3,ae503cf8154fbe07791342cfced3146fb8b1e03dbea637ba9add8796956ed94d,,selected_process_variability
fdtd_2d,numba,nopython-mode-parallel-range,same_process,N/A,,,,,,,,
fdtd_2d,numba,object-mode,same_process,N/A,,,,,,,,
fdtd_2d,numba,object-mode-parallel,same_process,N/A,,,,,,,,
fdtd_2d,numba,object-mode-parallel-range,same_process,N/A,,,,,,,,
fdtd_2d,dace_cpu,fusion,same_process,observed,0.1378003868740052,historical_main,,6,3,ae503cf8154fbe07791342cfced3146fb8b1e03dbea637ba9add8796956ed94d,,
fdtd_2d,dace_cpu,parallel,same_process,observed,0.11088409158401191,historical_main,,6,3,ae503cf8154fbe07791342cfced3146fb8b1e03dbea637ba9add8796956ed94d,,historical_drift_requires_review;new_variability;selected_process_variability
fdtd_2d,dace_cpu,auto_opt,same_process,observed,0.0762522870209068,historical_main,,6,3,ae503cf8154fbe07791342cfced3146fb8b1e03dbea637ba9add8796956ed94d,,new_variability;selected_process_variability
fdtd_2d,dace_gpu,fusion,same_process,observed,0.02990884054452181,historical_main,,6,3,ae503cf8154fbe07791342cfced3146fb8b1e03dbea637ba9add8796956ed94d,,
fdtd_2d,dace_gpu,parallel,same_process,observed,0.03205440496094525,historical_main,,6,3,ae503cf8154fbe07791342cfced3146fb8b1e03dbea637ba9add8796956ed94d,,selected_process_variability
fdtd_2d,dace_gpu,auto_opt,same_process,observed,0.02874508104287088,historical_main,,6,3,ae503cf8154fbe07791342cfced3146fb8b1e03dbea637ba9add8796956ed94d,,
fdtd_2d,cupy,default,same_process,observed,0.0619077708106488,historical_main,,6,3,ae503cf8154fbe07791342cfced3146fb8b1e03dbea637ba9add8796956ed94d,,
floyd_warshall,numpy,default,same_process,observed,0.8424520744010806,historical_main,,6,3,d80d0f1e5dc1b065b6ae583f4925157116e2c98d49b252f8e02fa8c4ffe273fe,,
floyd_warshall,numba,nopython-mode,same_process,observed,1.2750969959888607,historical_main,,6,3,d80d0f1e5dc1b065b6ae583f4925157116e2c98d49b252f8e02fa8c4ffe273fe,,
floyd_warshall,numba,nopython-mode-parallel,same_process,observed,54.914537087548524,historical_main,,6,3,d80d0f1e5dc1b065b6ae583f4925157116e2c98d49b252f8e02fa8c4ffe273fe,,
floyd_warshall,numba,nopython-mode-parallel-range,same_process,observed,0.16354669514112175,historical_main,,6,3,d80d0f1e5dc1b065b6ae583f4925157116e2c98d49b252f8e02fa8c4ffe273fe,,new_reuse_evidence_incomplete;new_sampling_or_resources;selected_process_variability
floyd_warshall,numba,object-mode,same_process,observed,0.7265297179110348,historical_main,,2,1,d80d0f1e5dc1b065b6ae583f4925157116e2c98d49b252f8e02fa8c4ffe273fe,,original_process_only
floyd_warshall,numba,object-mode-parallel,same_process,observed,0.8364987552631646,historical_main,,2,1,d80d0f1e5dc1b065b6ae583f4925157116e2c98d49b252f8e02fa8c4ffe273fe,,original_process_only
floyd_warshall,numba,object-mode-parallel-range,same_process,N/A,,,,,,,,
floyd_warshall,dace_cpu,fusion,same_process,observed,1.2175254439935088,historical_main,,6,3,d80d0f1e5dc1b065b6ae583f4925157116e2c98d49b252f8e02fa8c4ffe273fe,,historical_drift_requires_review;new_variability;selected_process_variability
floyd_warshall,dace_cpu,parallel,same_process,observed,1.60642482037656,historical_main,,6,3,d80d0f1e5dc1b065b6ae583f4925157116e2c98d49b252f8e02fa8c4ffe273fe,,selected_process_variability
floyd_warshall,dace_cpu,auto_opt,same_process,observed,1.1386950453743339,historical_main,,6,3,d80d0f1e5dc1b065b6ae583f4925157116e2c98d49b252f8e02fa8c4ffe273fe,,selected_process_variability
floyd_warshall,dace_gpu,fusion,same_process,observed,0.27194924047216773,historical_main,,6,3,d80d0f1e5dc1b065b6ae583f4925157116e2c98d49b252f8e02fa8c4ffe273fe,,selected_process_variability
floyd_warshall,dace_gpu,parallel,same_process,observed,0.2318952779751271,historical_main,,6,3,d80d0f1e5dc1b065b6ae583f4925157116e2c98d49b252f8e02fa8c4ffe273fe,,
floyd_warshall,dace_gpu,auto_opt,same_process,observed,0.041893128072842956,historical_main,,6,3,d80d0f1e5dc1b065b6ae583f4925157116e2c98d49b252f8e02fa8c4ffe273fe,,
floyd_warshall,cupy,default,same_process,observed,27.126964075956494,historical_main,,6,3,d80d0f1e5dc1b065b6ae583f4925157116e2c98d49b252f8e02fa8c4ffe273fe,,
gemm,numpy,default,same_process,observed,1.6002213060855865,historical_main,,6,3,a7cad45e3e7e87c02c7a2df12b4f75774f21a5cca78b504ff8830be9107f34b6,,
gemm,numba,nopython-mode,same_process,observed,1.93670438346453,historical_main,,6,3,a7cad45e3e7e87c02c7a2df12b4f75774f21a5cca78b504ff8830be9107f34b6,,
gemm,numba,nopython-mode-parallel,same_process,observed,1.7350574389565736,historical_main,,6,3,a7cad45e3e7e87c02c7a2df12b4f75774f21a5cca78b504ff8830be9107f34b6,,
gemm,numba,nopython-mode-parallel-range,same_process,N/A,,,,,,,,
gemm,numba,object-mode,same_process,N/A,,,,,,,,
gemm,numba,object-mode-parallel,same_process,N/A,,,,,,,,
gemm,numba,object-mode-parallel-range,same_process,N/A,,,,,,,,
gemm,dace_cpu,fusion,same_process,observed,1.7880673233885318,historical_main,,6,3,a7cad45e3e7e87c02c7a2df12b4f75774f21a5cca78b504ff8830be9107f34b6,,
gemm,dace_cpu,parallel,same_process,observed,1.749459313461557,historical_main,,6,3,a7cad45e3e7e87c02c7a2df12b4f75774f21a5cca78b504ff8830be9107f34b6,,
gemm,dace_cpu,auto_opt,same_process,observed,1.3806745358742774,historical_main,,6,3,a7cad45e3e7e87c02c7a2df12b4f75774f21a5cca78b504ff8830be9107f34b6,,
gemm,dace_gpu,fusion,same_process,observed,0.3638619452249259,historical_main,,6,3,a7cad45e3e7e87c02c7a2df12b4f75774f21a5cca78b504ff8830be9107f34b6,,new_sampling_or_resources
gemm,dace_gpu,parallel,same_process,observed,0.3731258176267147,historical_main,,6,3,a7cad45e3e7e87c02c7a2df12b4f75774f21a5cca78b504ff8830be9107f34b6,,
gemm,dace_gpu,auto_opt,same_process,observed,0.36505951965227723,historical_main,,6,3,a7cad45e3e7e87c02c7a2df12b4f75774f21a5cca78b504ff8830be9107f34b6,,
gemm,cupy,default,same_process,observed,0.5652077640406787,historical_main,,6,3,a7cad45e3e7e87c02c7a2df12b4f75774f21a5cca78b504ff8830be9107f34b6,,new_variability
gemver,numpy,default,same_process,observed,0.5883583254180849,historical_main,,6,3,8f83d1ce5ccca10e01496b8b60f5d329e3f1f9e85ecb87f3b836424334239f88,,selected_process_variability
gemver,numba,nopython-mode,same_process,observed,2.3233632585033774,historical_main,,6,3,8f83d1ce5ccca10e01496b8b60f5d329e3f1f9e85ecb87f3b836424334239f88,,
gemver,numba,nopython-mode-parallel,same_process,observed,1.7612820642534643,historical_main,,6,3,8f83d1ce5ccca10e01496b8b60f5d329e3f1f9e85ecb87f3b836424334239f88,,
gemver,numba,nopython-mode-parallel-range,same_process,N/A,,,,,,,,
gemver,numba,object-mode,same_process,N/A,,,,,,,,
gemver,numba,object-mode-parallel,same_process,N/A,,,,,,,,
gemver,numba,object-mode-parallel-range,same_process,N/A,,,,,,,,
gemver,dace_cpu,fusion,same_process,observed,0.34380610357038677,historical_main,,6,3,8f83d1ce5ccca10e01496b8b60f5d329e3f1f9e85ecb87f3b836424334239f88,,
gemver,dace_cpu,parallel,same_process,observed,0.37073459569364786,historical_main,,6,3,8f83d1ce5ccca10e01496b8b60f5d329e3f1f9e85ecb87f3b836424334239f88,,
gemver,dace_cpu,auto_opt,same_process,observed,0.17954581207595766,historical_main,,6,3,8f83d1ce5ccca10e01496b8b60f5d329e3f1f9e85ecb87f3b836424334239f88,,new_variability;selected_process_variability
gemver,dace_gpu,fusion,same_process,observed,0.33601812832057476,historical_main,,6,3,8f83d1ce5ccca10e01496b8b60f5d329e3f1f9e85ecb87f3b836424334239f88,,
gemver,dace_gpu,parallel,same_process,observed,0.3322433060966432,historical_main,,6,3,8f83d1ce5ccca10e01496b8b60f5d329e3f1f9e85ecb87f3b836424334239f88,,selected_process_variability
gemver,dace_gpu,auto_opt,same_process,observed,0.33730357023887336,historical_main,,6,3,8f83d1ce5ccca10e01496b8b60f5d329e3f1f9e85ecb87f3b836424334239f88,,
gemver,cupy,default,same_process,observed,0.3241181015037,historical_main,,6,3,8f83d1ce5ccca10e01496b8b60f5d329e3f1f9e85ecb87f3b836424334239f88,,
gesummv,numpy,default,same_process,observed,0.6353807004634291,historical_main,,6,3,603add7d548bef0a20a6309fbf3785c05014a0b3550717c6d424278bd55d2518,,
gesummv,numba,nopython-mode,same_process,observed,2.089407311519608,historical_main,,6,3,603add7d548bef0a20a6309fbf3785c05014a0b3550717c6d424278bd55d2518,,
gesummv,numba,nopython-mode-parallel,same_process,observed,0.5979615803807974,historical_main,,6,3,603add7d548bef0a20a6309fbf3785c05014a0b3550717c6d424278bd55d2518,,
gesummv,numba,nopython-mode-parallel-range,same_process,N/A,,,,,,,,
gesummv,numba,object-mode,same_process,N/A,,,,,,,,
gesummv,numba,object-mode-parallel,same_process,N/A,,,,,,,,
gesummv,numba,object-mode-parallel-range,same_process,N/A,,,,,,,,
gesummv,dace_cpu,fusion,same_process,observed,0.5999037129804492,historical_main,,6,3,603add7d548bef0a20a6309fbf3785c05014a0b3550717c6d424278bd55d2518,,
gesummv,dace_cpu,parallel,same_process,observed,0.6344496814999729,historical_main,,6,3,603add7d548bef0a20a6309fbf3785c05014a0b3550717c6d424278bd55d2518,,
gesummv,dace_cpu,auto_opt,same_process,observed,0.27964783925563097,historical_main,,6,3,603add7d548bef0a20a6309fbf3785c05014a0b3550717c6d424278bd55d2518,,new_sampling_or_resources;selected_process_variability
gesummv,dace_gpu,fusion,same_process,observed,0.6184362459462136,historical_main,,6,3,603add7d548bef0a20a6309fbf3785c05014a0b3550717c6d424278bd55d2518,,selected_process_variability
gesummv,dace_gpu,parallel,same_process,observed,0.593438204145059,historical_main,,6,3,603add7d548bef0a20a6309fbf3785c05014a0b3550717c6d424278bd55d2518,,selected_process_variability
gesummv,dace_gpu,auto_opt,same_process,observed,0.4301165430806577,historical_main,,6,3,603add7d548bef0a20a6309fbf3785c05014a0b3550717c6d424278bd55d2518,,
gesummv,cupy,default,same_process,observed,0.37579919560812414,historical_main,,6,3,603add7d548bef0a20a6309fbf3785c05014a0b3550717c6d424278bd55d2518,,selected_process_variability
go_fast,numpy,default,same_process,observed,1.8910328133497387,historical_main,,6,3,27869e2eab641d51a4dcb8b144e082c2564882966a28c404e3c13fdb484f75cf,,selected_process_variability
go_fast,numba,nopython-mode,same_process,observed,1.777317581931129,historical_main,,6,3,27869e2eab641d51a4dcb8b144e082c2564882966a28c404e3c13fdb484f75cf,,
go_fast,numba,nopython-mode-parallel,same_process,observed,0.18497937684878707,historical_main,,6,3,27869e2eab641d51a4dcb8b144e082c2564882966a28c404e3c13fdb484f75cf,,
go_fast,numba,nopython-mode-parallel-range,same_process,observed,0.19141392968595028,historical_main,,6,3,27869e2eab641d51a4dcb8b144e082c2564882966a28c404e3c13fdb484f75cf,,
go_fast,numba,object-mode,same_process,N/A,,,,,,,,
go_fast,numba,object-mode-parallel,same_process,N/A,,,,,,,,
go_fast,numba,object-mode-parallel-range,same_process,N/A,,,,,,,,
go_fast,dace_cpu,fusion,same_process,observed,0.10139065608382225,historical_main,,6,3,27869e2eab641d51a4dcb8b144e082c2564882966a28c404e3c13fdb484f75cf,,
go_fast,dace_cpu,parallel,same_process,observed,0.10089353355579078,historical_main,,6,3,27869e2eab641d51a4dcb8b144e082c2564882966a28c404e3c13fdb484f75cf,,
go_fast,dace_cpu,auto_opt,same_process,observed,0.10152458376251161,historical_main,,6,3,27869e2eab641d51a4dcb8b144e082c2564882966a28c404e3c13fdb484f75cf,,
go_fast,dace_gpu,fusion,same_process,observed,4.557372236158699,historical_main,,6,3,27869e2eab641d51a4dcb8b144e082c2564882966a28c404e3c13fdb484f75cf,,selected_process_variability
go_fast,dace_gpu,parallel,same_process,observed,2.3086955179460347,historical_main,,6,3,27869e2eab641d51a4dcb8b144e082c2564882966a28c404e3c13fdb484f75cf,,selected_process_variability
go_fast,dace_gpu,auto_opt,same_process,observed,1.4667178397066891,historical_main,,6,3,27869e2eab641d51a4dcb8b144e082c2564882966a28c404e3c13fdb484f75cf,,new_sampling_or_resources;selected_process_variability
go_fast,cupy,default,same_process,observed,2.764574703061953,historical_main,,6,3,27869e2eab641d51a4dcb8b144e082c2564882966a28c404e3c13fdb484f75cf,,selected_process_variability
gramschmidt,numpy,default,same_process,observed,1.10854187537916,historical_main,,6,3,0cd9b7683af012b2f89286b1d7f883de9ac11e0a801ad6a40757c753baba615b,,selected_process_variability
gramschmidt,numba,nopython-mode,same_process,observed,0.7341345613822341,historical_main,,6,3,0cd9b7683af012b2f89286b1d7f883de9ac11e0a801ad6a40757c753baba615b,,new_sampling_or_resources
gramschmidt,numba,nopython-mode-parallel,same_process,observed,15.611070972401649,historical_main,,6,3,0cd9b7683af012b2f89286b1d7f883de9ac11e0a801ad6a40757c753baba615b,,selected_process_variability
gramschmidt,numba,nopython-mode-parallel-range,same_process,N/A,,,,,,,,
gramschmidt,numba,object-mode,same_process,N/A,,,,,,,,
gramschmidt,numba,object-mode-parallel,same_process,N/A,,,,,,,,
gramschmidt,numba,object-mode-parallel-range,same_process,N/A,,,,,,,,
gramschmidt,dace_cpu,fusion,same_process,observed,7.907473184168339,historical_main,,6,3,0cd9b7683af012b2f89286b1d7f883de9ac11e0a801ad6a40757c753baba615b,,selected_process_variability
gramschmidt,dace_cpu,parallel,same_process,observed,9.249906998127699,historical_main,,6,3,0cd9b7683af012b2f89286b1d7f883de9ac11e0a801ad6a40757c753baba615b,,selected_process_variability
gramschmidt,dace_cpu,auto_opt,same_process,observed,7.649010805645958,historical_main,,6,3,0cd9b7683af012b2f89286b1d7f883de9ac11e0a801ad6a40757c753baba615b,,selected_process_variability
gramschmidt,dace_gpu,fusion,same_process,observed,4.96073037199676,historical_main,,6,3,0cd9b7683af012b2f89286b1d7f883de9ac11e0a801ad6a40757c753baba615b,,
gramschmidt,dace_gpu,parallel,same_process,observed,5.1383538455702364,historical_main,,6,3,0cd9b7683af012b2f89286b1d7f883de9ac11e0a801ad6a40757c753baba615b,,
gramschmidt,dace_gpu,auto_opt,same_process,observed,4.22075219405815,historical_main,,6,3,0cd9b7683af012b2f89286b1d7f883de9ac11e0a801ad6a40757c753baba615b,,
gramschmidt,cupy,default,same_process,observed,15.680323245935142,historical_main,,6,3,0cd9b7683af012b2f89286b1d7f883de9ac11e0a801ad6a40757c753baba615b,,
hdiff,numpy,default,same_process,observed,0.6146578975021839,historical_main,,6,3,e800ed3dc8d530d7e84b4a637b91cc6d9bc1280101023ee86a27f69cfa34eec1,,
hdiff,numba,nopython-mode,same_process,observed,1.7501525161787868,historical_main,,6,3,e800ed3dc8d530d7e84b4a637b91cc6d9bc1280101023ee86a27f69cfa34eec1,,
hdiff,numba,nopython-mode-parallel,same_process,observed,0.9298878845293075,historical_main,,6,3,e800ed3dc8d530d7e84b4a637b91cc6d9bc1280101023ee86a27f69cfa34eec1,,
hdiff,numba,nopython-mode-parallel-range,same_process,N/A,,,,,,,,
hdiff,numba,object-mode,same_process,N/A,,,,,,,,
hdiff,numba,object-mode-parallel,same_process,N/A,,,,,,,,
hdiff,numba,object-mode-parallel-range,same_process,N/A,,,,,,,,
hdiff,dace_cpu,fusion,same_process,observed,0.22005048813298345,historical_main,,6,3,e800ed3dc8d530d7e84b4a637b91cc6d9bc1280101023ee86a27f69cfa34eec1,,
hdiff,dace_cpu,parallel,same_process,observed,0.14505493850447237,historical_main,,6,3,e800ed3dc8d530d7e84b4a637b91cc6d9bc1280101023ee86a27f69cfa34eec1,,
hdiff,dace_cpu,auto_opt,same_process,observed,0.058689799858257174,historical_main,,6,3,e800ed3dc8d530d7e84b4a637b91cc6d9bc1280101023ee86a27f69cfa34eec1,,new_variability;selected_process_variability
hdiff,dace_gpu,fusion,same_process,observed,0.14289144263602793,historical_main,,6,3,e800ed3dc8d530d7e84b4a637b91cc6d9bc1280101023ee86a27f69cfa34eec1,,
hdiff,dace_gpu,parallel,same_process,observed,0.13305062148720026,historical_main,,6,3,e800ed3dc8d530d7e84b4a637b91cc6d9bc1280101023ee86a27f69cfa34eec1,,
hdiff,dace_gpu,auto_opt,same_process,observed,0.15528974472545087,historical_main,,6,3,e800ed3dc8d530d7e84b4a637b91cc6d9bc1280101023ee86a27f69cfa34eec1,,selected_process_variability
hdiff,cupy,default,same_process,observed,0.2424111282452941,historical_main,,6,3,e800ed3dc8d530d7e84b4a637b91cc6d9bc1280101023ee86a27f69cfa34eec1,,selected_process_variability
heat_3d,numpy,default,same_process,observed,0.8782126880250871,historical_main,,6,3,a81cc292224c841a9ce27e90c6d26d29c8ea5a75badeca9376911772a40bf22f,,selected_process_variability
heat_3d,numba,nopython-mode,same_process,observed,1.4593154878821224,historical_main,,6,3,a81cc292224c841a9ce27e90c6d26d29c8ea5a75badeca9376911772a40bf22f,,
heat_3d,numba,nopython-mode-parallel,same_process,observed,0.18890414549969137,historical_main,,6,3,a81cc292224c841a9ce27e90c6d26d29c8ea5a75badeca9376911772a40bf22f,,selected_process_variability
heat_3d,numba,nopython-mode-parallel-range,same_process,N/A,,,,,,,,
heat_3d,numba,object-mode,same_process,N/A,,,,,,,,
heat_3d,numba,object-mode-parallel,same_process,N/A,,,,,,,,
heat_3d,numba,object-mode-parallel-range,same_process,N/A,,,,,,,,
heat_3d,dace_cpu,fusion,same_process,observed,0.1194505374878645,historical_main,,6,3,a81cc292224c841a9ce27e90c6d26d29c8ea5a75badeca9376911772a40bf22f,,new_variability;selected_process_variability
heat_3d,dace_cpu,parallel,same_process,observed,0.13896504370495677,historical_main,,6,3,a81cc292224c841a9ce27e90c6d26d29c8ea5a75badeca9376911772a40bf22f,,selected_process_variability
heat_3d,dace_cpu,auto_opt,same_process,observed,0.07449874375015497,historical_main,,6,3,a81cc292224c841a9ce27e90c6d26d29c8ea5a75badeca9376911772a40bf22f,,historical_drift_requires_review;new_variability;selected_process_variability
heat_3d,dace_gpu,fusion,same_process,observed,0.009517868980765343,historical_main,,6,3,a81cc292224c841a9ce27e90c6d26d29c8ea5a75badeca9376911772a40bf22f,,
heat_3d,dace_gpu,parallel,same_process,observed,0.009074982721358538,historical_main,,6,3,a81cc292224c841a9ce27e90c6d26d29c8ea5a75badeca9376911772a40bf22f,,
heat_3d,dace_gpu,auto_opt,same_process,observed,0.009743925416842103,historical_main,,6,3,a81cc292224c841a9ce27e90c6d26d29c8ea5a75badeca9376911772a40bf22f,,
heat_3d,cupy,default,same_process,observed,0.09724960220046341,historical_main,,6,3,a81cc292224c841a9ce27e90c6d26d29c8ea5a75badeca9376911772a40bf22f,,
jacobi_1d,numpy,default,same_process,observed,1.1216757763177156,historical_main,,6,3,16a5a1662f12689fbf187fbb656ac8e1d9c5d1f78efc866cd0f41cf46b753592,,
jacobi_1d,numba,nopython-mode,same_process,observed,0.9804196804761887,historical_main,,6,3,16a5a1662f12689fbf187fbb656ac8e1d9c5d1f78efc866cd0f41cf46b753592,,
jacobi_1d,numba,nopython-mode-parallel,same_process,observed,2.376702905166894,historical_main,,6,3,16a5a1662f12689fbf187fbb656ac8e1d9c5d1f78efc866cd0f41cf46b753592,,selected_process_variability
jacobi_1d,numba,nopython-mode-parallel-range,same_process,N/A,,,,,,,,
jacobi_1d,numba,object-mode,same_process,N/A,,,,,,,,
jacobi_1d,numba,object-mode-parallel,same_process,N/A,,,,,,,,
jacobi_1d,numba,object-mode-parallel-range,same_process,N/A,,,,,,,,
jacobi_1d,dace_cpu,fusion,same_process,observed,0.6315957785118371,historical_main,,6,3,16a5a1662f12689fbf187fbb656ac8e1d9c5d1f78efc866cd0f41cf46b753592,,selected_process_variability
jacobi_1d,dace_cpu,parallel,same_process,observed,0.6387734569143504,historical_main,,6,3,16a5a1662f12689fbf187fbb656ac8e1d9c5d1f78efc866cd0f41cf46b753592,,selected_process_variability
jacobi_1d,dace_cpu,auto_opt,same_process,observed,0.6153249740600586,historical_main,,6,3,16a5a1662f12689fbf187fbb656ac8e1d9c5d1f78efc866cd0f41cf46b753592,,new_variability;selected_process_variability
jacobi_1d,dace_gpu,fusion,same_process,observed,0.08053507492877543,historical_main,,6,3,16a5a1662f12689fbf187fbb656ac8e1d9c5d1f78efc866cd0f41cf46b753592,,
jacobi_1d,dace_gpu,parallel,same_process,observed,0.0827586124651134,historical_main,,6,3,16a5a1662f12689fbf187fbb656ac8e1d9c5d1f78efc866cd0f41cf46b753592,,selected_process_variability
jacobi_1d,dace_gpu,auto_opt,same_process,observed,0.09004494827240705,historical_main,,6,3,16a5a1662f12689fbf187fbb656ac8e1d9c5d1f78efc866cd0f41cf46b753592,,
jacobi_1d,cupy,default,same_process,observed,1.3764915780629963,historical_main,,6,3,16a5a1662f12689fbf187fbb656ac8e1d9c5d1f78efc866cd0f41cf46b753592,,
jacobi_2d,numpy,default,same_process,observed,0.8872587350197136,historical_main,,6,3,88fcc37626b242ba2751f475ada3090117847e04203daddbc9456f9d0e7e584d,,selected_process_variability
jacobi_2d,numba,nopython-mode,same_process,observed,1.045855440897867,historical_main,,6,3,88fcc37626b242ba2751f475ada3090117847e04203daddbc9456f9d0e7e584d,,selected_process_variability
jacobi_2d,numba,nopython-mode-parallel,same_process,observed,0.26079966756515205,historical_main,,6,3,88fcc37626b242ba2751f475ada3090117847e04203daddbc9456f9d0e7e584d,,selected_process_variability
jacobi_2d,numba,nopython-mode-parallel-range,same_process,N/A,,,,,,,,
jacobi_2d,numba,object-mode,same_process,N/A,,,,,,,,
jacobi_2d,numba,object-mode-parallel,same_process,N/A,,,,,,,,
jacobi_2d,numba,object-mode-parallel-range,same_process,N/A,,,,,,,,
jacobi_2d,dace_cpu,fusion,same_process,observed,0.0693710504565388,historical_main,,6,3,88fcc37626b242ba2751f475ada3090117847e04203daddbc9456f9d0e7e584d,,historical_drift_requires_review;new_variability;selected_process_variability
jacobi_2d,dace_cpu,parallel,same_process,observed,0.07860687817446887,historical_main,,6,3,88fcc37626b242ba2751f475ada3090117847e04203daddbc9456f9d0e7e584d,,selected_process_variability
jacobi_2d,dace_cpu,auto_opt,same_process,observed,0.19050053041428328,historical_main,,6,3,88fcc37626b242ba2751f475ada3090117847e04203daddbc9456f9d0e7e584d,,selected_process_variability
jacobi_2d,dace_gpu,fusion,same_process,observed,0.017323338193818927,historical_main,,6,3,88fcc37626b242ba2751f475ada3090117847e04203daddbc9456f9d0e7e584d,,
jacobi_2d,dace_gpu,parallel,same_process,observed,0.01564208813942969,historical_main,,6,3,88fcc37626b242ba2751f475ada3090117847e04203daddbc9456f9d0e7e584d,,
jacobi_2d,dace_gpu,auto_opt,same_process,observed,0.016838960582390428,historical_main,,6,3,88fcc37626b242ba2751f475ada3090117847e04203daddbc9456f9d0e7e584d,,
jacobi_2d,cupy,default,same_process,observed,0.07298464654013515,historical_main,,6,3,88fcc37626b242ba2751f475ada3090117847e04203daddbc9456f9d0e7e584d,,
k2mm,numpy,default,same_process,observed,2.2397228186018765,historical_main,,6,3,65b07e1d7f5fdc00459ebb8a02ae0881674135e9bd7f454489c2d204e291d7ea,,
k2mm,numba,nopython-mode,same_process,observed,2.2972591924481094,historical_main,,6,3,65b07e1d7f5fdc00459ebb8a02ae0881674135e9bd7f454489c2d204e291d7ea,,
k2mm,numba,nopython-mode-parallel,same_process,observed,2.096170983975753,step4/confirmation-L,,6,3,65b07e1d7f5fdc00459ebb8a02ae0881674135e9bd7f454489c2d204e291d7ea,,
k2mm,numba,nopython-mode-parallel-range,same_process,N/A,,,,,,,,
k2mm,numba,object-mode,same_process,N/A,,,,,,,,
k2mm,numba,object-mode-parallel,same_process,N/A,,,,,,,,
k2mm,numba,object-mode-parallel-range,same_process,N/A,,,,,,,,
k2mm,dace_cpu,fusion,same_process,observed,2.605555043090135,historical_main,,6,3,65b07e1d7f5fdc00459ebb8a02ae0881674135e9bd7f454489c2d204e291d7ea,,
k2mm,dace_cpu,parallel,same_process,observed,2.736533680697903,historical_main,,6,3,65b07e1d7f5fdc00459ebb8a02ae0881674135e9bd7f454489c2d204e291d7ea,,
k2mm,dace_cpu,auto_opt,same_process,observed,1.964834839105606,historical_main,,6,3,65b07e1d7f5fdc00459ebb8a02ae0881674135e9bd7f454489c2d204e291d7ea,,
k2mm,dace_gpu,fusion,same_process,observed,0.3554316242225468,historical_main,,6,3,65b07e1d7f5fdc00459ebb8a02ae0881674135e9bd7f454489c2d204e291d7ea,,
k2mm,dace_gpu,parallel,same_process,observed,0.3665970009751618,historical_main,,6,3,65b07e1d7f5fdc00459ebb8a02ae0881674135e9bd7f454489c2d204e291d7ea,,
k2mm,dace_gpu,auto_opt,same_process,observed,0.3574635109398514,historical_main,,6,3,65b07e1d7f5fdc00459ebb8a02ae0881674135e9bd7f454489c2d204e291d7ea,,
k2mm,cupy,default,same_process,observed,0.2925242769997567,historical_main,,6,3,65b07e1d7f5fdc00459ebb8a02ae0881674135e9bd7f454489c2d204e291d7ea,,selected_process_variability
k3mm,numpy,default,same_process,observed,2.86692027351819,historical_main,,6,3,aad0bebb7814a2ecba71c57046d8003bc43cb0f8e9f62fa7a3c5da967acf1885,,
k3mm,numba,nopython-mode,same_process,observed,2.1361729183699936,historical_main,,6,3,aad0bebb7814a2ecba71c57046d8003bc43cb0f8e9f62fa7a3c5da967acf1885,,new_variability
k3mm,numba,nopython-mode-parallel,same_process,observed,2.115486938273534,historical_main,,6,3,aad0bebb7814a2ecba71c57046d8003bc43cb0f8e9f62fa7a3c5da967acf1885,,new_sampling_or_resources
k3mm,numba,nopython-mode-parallel-range,same_process,N/A,,,,,,,,
k3mm,numba,object-mode,same_process,N/A,,,,,,,,
k3mm,numba,object-mode-parallel,same_process,N/A,,,,,,,,
k3mm,numba,object-mode-parallel-range,same_process,N/A,,,,,,,,
k3mm,dace_cpu,fusion,same_process,observed,3.2638201899826527,historical_main,,6,3,aad0bebb7814a2ecba71c57046d8003bc43cb0f8e9f62fa7a3c5da967acf1885,,
k3mm,dace_cpu,parallel,same_process,observed,3.094224663451314,historical_main,,6,3,aad0bebb7814a2ecba71c57046d8003bc43cb0f8e9f62fa7a3c5da967acf1885,,
k3mm,dace_cpu,auto_opt,same_process,observed,2.462292714510113,historical_main,,6,3,aad0bebb7814a2ecba71c57046d8003bc43cb0f8e9f62fa7a3c5da967acf1885,,
k3mm,dace_gpu,fusion,same_process,observed,0.36045919614844024,historical_main,,6,3,aad0bebb7814a2ecba71c57046d8003bc43cb0f8e9f62fa7a3c5da967acf1885,,new_sampling_or_resources
k3mm,dace_gpu,parallel,same_process,observed,0.3800421725027263,historical_main,,6,3,aad0bebb7814a2ecba71c57046d8003bc43cb0f8e9f62fa7a3c5da967acf1885,,
k3mm,dace_gpu,auto_opt,same_process,observed,0.34726193989627063,historical_main,,6,3,aad0bebb7814a2ecba71c57046d8003bc43cb0f8e9f62fa7a3c5da967acf1885,,
k3mm,cupy,default,same_process,observed,0.2829012714792043,historical_main,,6,3,aad0bebb7814a2ecba71c57046d8003bc43cb0f8e9f62fa7a3c5da967acf1885,,
lenet,numpy,default,same_process,observed,1.2182183023542166,historical_main,,6,3,914661bfde93da5c2e7b1ef256bf97775e395b5980f08a299cd8040e92c0b6ea,,
lenet,numba,nopython-mode,same_process,observed,0.9169190968386829,historical_main,,6,3,914661bfde93da5c2e7b1ef256bf97775e395b5980f08a299cd8040e92c0b6ea,,selected_process_variability
lenet,numba,nopython-mode-parallel,same_process,observed,101.63346698344685,historical_main,,6,3,914661bfde93da5c2e7b1ef256bf97775e395b5980f08a299cd8040e92c0b6ea,,
lenet,numba,nopython-mode-parallel-range,same_process,observed,0.15876444638706744,historical_main,,6,3,914661bfde93da5c2e7b1ef256bf97775e395b5980f08a299cd8040e92c0b6ea,,new_sampling_or_resources;selected_process_variability
lenet,numba,object-mode,same_process,error,,historical_main,,0,0,914661bfde93da5c2e7b1ef256bf97775e395b5980f08a299cd8040e92c0b6ea,,
lenet,numba,object-mode-parallel,same_process,error,,historical_main,,0,0,914661bfde93da5c2e7b1ef256bf97775e395b5980f08a299cd8040e92c0b6ea,,
lenet,numba,object-mode-parallel-range,same_process,observed,1.2618085918948054,historical_main,,6,3,914661bfde93da5c2e7b1ef256bf97775e395b5980f08a299cd8040e92c0b6ea,,selected_process_variability
lenet,dace_cpu,fusion,same_process,observed,3.6376786704640836,historical_main,,6,3,914661bfde93da5c2e7b1ef256bf97775e395b5980f08a299cd8040e92c0b6ea,,selected_process_variability
lenet,dace_cpu,parallel,same_process,observed,2.859926600707695,historical_main,,6,3,914661bfde93da5c2e7b1ef256bf97775e395b5980f08a299cd8040e92c0b6ea,,selected_process_variability
lenet,dace_cpu,auto_opt,same_process,observed,2.897839713143185,historical_main,,6,3,914661bfde93da5c2e7b1ef256bf97775e395b5980f08a299cd8040e92c0b6ea,,selected_process_variability
lenet,dace_gpu,fusion,same_process,error,,historical_main,,0,0,914661bfde93da5c2e7b1ef256bf97775e395b5980f08a299cd8040e92c0b6ea,,
lenet,dace_gpu,parallel,same_process,terminated,,historical_main,,0,0,914661bfde93da5c2e7b1ef256bf97775e395b5980f08a299cd8040e92c0b6ea,,
lenet,dace_gpu,auto_opt,same_process,terminated,,historical_main,,0,0,914661bfde93da5c2e7b1ef256bf97775e395b5980f08a299cd8040e92c0b6ea,,
lenet,cupy,default,same_process,observed,3.2563677108846605,historical_main,,6,3,914661bfde93da5c2e7b1ef256bf97775e395b5980f08a299cd8040e92c0b6ea,,new_variability
lu,numpy,default,same_process,observed,1.3540685609914362,historical_main,,6,3,9ac2f818703fa8aa1a82579828bb4b9f516a133a9d2de36086ba8af196680084,,
lu,numba,nopython-mode,same_process,observed,0.20153564517386258,historical_main,,6,3,9ac2f818703fa8aa1a82579828bb4b9f516a133a9d2de36086ba8af196680084,,selected_process_variability
lu,numba,nopython-mode-parallel,same_process,observed,1.3518907688558102,historical_main,,6,3,9ac2f818703fa8aa1a82579828bb4b9f516a133a9d2de36086ba8af196680084,,
lu,numba,nopython-mode-parallel-range,same_process,N/A,,,,,,,,
lu,numba,object-mode,same_process,N/A,,,,,,,,
lu,numba,object-mode-parallel,same_process,N/A,,,,,,,,
lu,numba,object-mode-parallel-range,same_process,N/A,,,,,,,,
lu,dace_cpu,fusion,same_process,observed,0.12584709911607206,historical_main,,6,3,9ac2f818703fa8aa1a82579828bb4b9f516a133a9d2de36086ba8af196680084,,selected_process_variability
lu,dace_cpu,parallel,same_process,observed,0.13520526723004878,step4/confirmation-L,,6,3,9ac2f818703fa8aa1a82579828bb4b9f516a133a9d2de36086ba8af196680084,,
lu,dace_cpu,auto_opt,same_process,observed,0.11736164707690477,historical_main,,6,3,9ac2f818703fa8aa1a82579828bb4b9f516a133a9d2de36086ba8af196680084,,
lu,dace_gpu,fusion,same_process,observed,10.01011735224165,historical_main,,6,3,9ac2f818703fa8aa1a82579828bb4b9f516a133a9d2de36086ba8af196680084,,
lu,dace_gpu,parallel,same_process,observed,10.22869718587026,historical_main,,6,3,9ac2f818703fa8aa1a82579828bb4b9f516a133a9d2de36086ba8af196680084,,
lu,dace_gpu,auto_opt,same_process,observed,5.6734269629232585,historical_main,,6,3,9ac2f818703fa8aa1a82579828bb4b9f516a133a9d2de36086ba8af196680084,,
lu,cupy,default,same_process,observed,42.819278506794944,historical_main,,6,3,9ac2f818703fa8aa1a82579828bb4b9f516a133a9d2de36086ba8af196680084,,
ludcmp,numpy,default,same_process,observed,1.2345590563490987,historical_main,,6,3,55b9887d27df7b3dc3b8b2e1875facca1a285d1891e4df442fdd18cc865cc7b0,,
ludcmp,numba,nopython-mode,same_process,observed,0.15901526738889515,historical_main,,6,3,55b9887d27df7b3dc3b8b2e1875facca1a285d1891e4df442fdd18cc865cc7b0,,selected_process_variability
ludcmp,numba,nopython-mode-parallel,same_process,observed,0.16087987483479083,historical_main,,6,3,55b9887d27df7b3dc3b8b2e1875facca1a285d1891e4df442fdd18cc865cc7b0,,
ludcmp,numba,nopython-mode-parallel-range,same_process,N/A,,,,,,,,
ludcmp,numba,object-mode,same_process,N/A,,,,,,,,
ludcmp,numba,object-mode-parallel,same_process,N/A,,,,,,,,
ludcmp,numba,object-mode-parallel-range,same_process,N/A,,,,,,,,
ludcmp,dace_cpu,fusion,same_process,observed,0.11045165965333581,historical_main,,6,3,55b9887d27df7b3dc3b8b2e1875facca1a285d1891e4df442fdd18cc865cc7b0,,new_variability;selected_process_variability
ludcmp,dace_cpu,parallel,same_process,observed,0.11980764498002827,historical_main,,6,3,55b9887d27df7b3dc3b8b2e1875facca1a285d1891e4df442fdd18cc865cc7b0,,
ludcmp,dace_cpu,auto_opt,same_process,observed,0.11364304670132697,historical_main,,6,3,55b9887d27df7b3dc3b8b2e1875facca1a285d1891e4df442fdd18cc865cc7b0,,selected_process_variability
ludcmp,dace_gpu,fusion,same_process,observed,9.986627837875858,historical_main,,6,3,55b9887d27df7b3dc3b8b2e1875facca1a285d1891e4df442fdd18cc865cc7b0,,
ludcmp,dace_gpu,parallel,same_process,observed,9.92292849207297,historical_main,,6,3,55b9887d27df7b3dc3b8b2e1875facca1a285d1891e4df442fdd18cc865cc7b0,,
ludcmp,dace_gpu,auto_opt,same_process,observed,7.6369855012744665,historical_main,,6,3,55b9887d27df7b3dc3b8b2e1875facca1a285d1891e4df442fdd18cc865cc7b0,,
ludcmp,cupy,default,same_process,observed,36.87460986850783,historical_main,,6,3,55b9887d27df7b3dc3b8b2e1875facca1a285d1891e4df442fdd18cc865cc7b0,,
mandelbrot1,numpy,default,same_process,observed,0.8551856144331396,historical_main,,6,3,498529c7a9dcc40ab333461ec82b7c16a88eb9014a98ba9ee2910dd66fb9e062,,selected_process_variability
mandelbrot1,numba,nopython-mode,same_process,validation,,historical_main,,0,0,498529c7a9dcc40ab333461ec82b7c16a88eb9014a98ba9ee2910dd66fb9e062,,
mandelbrot1,numba,nopython-mode-parallel,same_process,validation,,historical_main,,0,0,498529c7a9dcc40ab333461ec82b7c16a88eb9014a98ba9ee2910dd66fb9e062,,
mandelbrot1,numba,nopython-mode-parallel-range,same_process,validation,,historical_main,,0,0,498529c7a9dcc40ab333461ec82b7c16a88eb9014a98ba9ee2910dd66fb9e062,,
mandelbrot1,numba,object-mode,same_process,observed,0.790613641962409,historical_main,,2,1,498529c7a9dcc40ab333461ec82b7c16a88eb9014a98ba9ee2910dd66fb9e062,,original_process_only
mandelbrot1,numba,object-mode-parallel,same_process,observed,0.7909119287505746,historical_main,,2,1,498529c7a9dcc40ab333461ec82b7c16a88eb9014a98ba9ee2910dd66fb9e062,,original_process_only
mandelbrot1,numba,object-mode-parallel-range,same_process,N/A,,,,,,,,
mandelbrot1,dace_cpu,fusion,same_process,validation,,historical_main,,0,0,498529c7a9dcc40ab333461ec82b7c16a88eb9014a98ba9ee2910dd66fb9e062,,
mandelbrot1,dace_cpu,parallel,same_process,validation,,historical_main,,0,0,498529c7a9dcc40ab333461ec82b7c16a88eb9014a98ba9ee2910dd66fb9e062,,
mandelbrot1,dace_cpu,auto_opt,same_process,validation,,historical_main,,0,0,498529c7a9dcc40ab333461ec82b7c16a88eb9014a98ba9ee2910dd66fb9e062,,
mandelbrot1,dace_gpu,fusion,same_process,validation,,historical_main,,0,0,498529c7a9dcc40ab333461ec82b7c16a88eb9014a98ba9ee2910dd66fb9e062,,
mandelbrot1,dace_gpu,parallel,same_process,validation,,historical_main,,0,0,498529c7a9dcc40ab333461ec82b7c16a88eb9014a98ba9ee2910dd66fb9e062,,
mandelbrot1,dace_gpu,auto_opt,same_process,validation,,historical_main,,0,0,498529c7a9dcc40ab333461ec82b7c16a88eb9014a98ba9ee2910dd66fb9e062,,
mandelbrot1,cupy,default,same_process,validation,,historical_main,,0,0,498529c7a9dcc40ab333461ec82b7c16a88eb9014a98ba9ee2910dd66fb9e062,,
mandelbrot2,numpy,default,same_process,observed,0.38979549845680594,historical_main,,6,3,e953c506eaf95aed1da28b70ad9b9cbb5c4d6ed77213ce344c94cdacbc5b6ae1,,
mandelbrot2,numba,nopython-mode,same_process,observed,0.6382031899411231,historical_main,,6,3,e953c506eaf95aed1da28b70ad9b9cbb5c4d6ed77213ce344c94cdacbc5b6ae1,,
mandelbrot2,numba,nopython-mode-parallel,same_process,N/A,,,,,,,,
mandelbrot2,numba,nopython-mode-parallel-range,same_process,N/A,,,,,,,,
mandelbrot2,numba,object-mode,same_process,observed,0.4049688365776092,historical_main,,2,1,e953c506eaf95aed1da28b70ad9b9cbb5c4d6ed77213ce344c94cdacbc5b6ae1,,original_process_only
mandelbrot2,numba,object-mode-parallel,same_process,observed,0.35751354740932584,historical_main,,2,1,e953c506eaf95aed1da28b70ad9b9cbb5c4d6ed77213ce344c94cdacbc5b6ae1,,original_process_only
mandelbrot2,numba,object-mode-parallel-range,same_process,N/A,,,,,,,,
mandelbrot2,dace_cpu,fusion,same_process,error,,historical_main,,0,0,e953c506eaf95aed1da28b70ad9b9cbb5c4d6ed77213ce344c94cdacbc5b6ae1,,
mandelbrot2,dace_cpu,parallel,same_process,error,,historical_main,,0,0,e953c506eaf95aed1da28b70ad9b9cbb5c4d6ed77213ce344c94cdacbc5b6ae1,,
mandelbrot2,dace_cpu,auto_opt,same_process,error,,historical_main,,0,0,e953c506eaf95aed1da28b70ad9b9cbb5c4d6ed77213ce344c94cdacbc5b6ae1,,
mandelbrot2,dace_gpu,fusion,same_process,error,,historical_main,,0,0,e953c506eaf95aed1da28b70ad9b9cbb5c4d6ed77213ce344c94cdacbc5b6ae1,,
mandelbrot2,dace_gpu,parallel,same_process,error,,historical_main,,0,0,e953c506eaf95aed1da28b70ad9b9cbb5c4d6ed77213ce344c94cdacbc5b6ae1,,
mandelbrot2,dace_gpu,auto_opt,same_process,error,,historical_main,,0,0,e953c506eaf95aed1da28b70ad9b9cbb5c4d6ed77213ce344c94cdacbc5b6ae1,,
mandelbrot2,cupy,default,same_process,observed,0.2201357155572623,historical_main,,6,3,e953c506eaf95aed1da28b70ad9b9cbb5c4d6ed77213ce344c94cdacbc5b6ae1,,selected_process_variability
mlp,numpy,default,same_process,observed,0.32239801599644125,historical_main,,6,3,87c94f9c003ff974cd198163ffe2fd3948bacd6ba11c6c91faa770e7bcee04e9,,
mlp,numba,nopython-mode,same_process,observed,0.2898677203338593,workload-repairs/matched-L,,6,3,87c94f9c003ff974cd198163ffe2fd3948bacd6ba11c6c91faa770e7bcee04e9,,
mlp,numba,nopython-mode-parallel,same_process,observed,0.6028787628747523,workload-repairs/matched-L,,6,3,87c94f9c003ff974cd198163ffe2fd3948bacd6ba11c6c91faa770e7bcee04e9,,between_process_variability;within_process_variability
mlp,numba,nopython-mode-parallel-range,same_process,observed,0.5543483160436153,workload-repairs/matched-L,,6,3,87c94f9c003ff974cd198163ffe2fd3948bacd6ba11c6c91faa770e7bcee04e9,,
mlp,numba,object-mode,same_process,observed,0.30383958411403,historical_main,,6,3,87c94f9c003ff974cd198163ffe2fd3948bacd6ba11c6c91faa770e7bcee04e9,,new_sampling_or_resources;selected_process_variability
mlp,numba,object-mode-parallel,same_process,observed,0.3099710780661553,historical_main,,6,3,87c94f9c003ff974cd198163ffe2fd3948bacd6ba11c6c91faa770e7bcee04e9,,new_sampling_or_resources;selected_process_variability
mlp,numba,object-mode-parallel-range,same_process,N/A,,,,,,,,
mlp,dace_cpu,fusion,same_process,observed,0.6509321739431471,historical_main,,6,3,87c94f9c003ff974cd198163ffe2fd3948bacd6ba11c6c91faa770e7bcee04e9,,selected_process_variability
mlp,dace_cpu,parallel,same_process,observed,0.6817352951038629,historical_main,,6,3,87c94f9c003ff974cd198163ffe2fd3948bacd6ba11c6c91faa770e7bcee04e9,,selected_process_variability
mlp,dace_cpu,auto_opt,same_process,observed,0.798270229017362,historical_main,,6,3,87c94f9c003ff974cd198163ffe2fd3948bacd6ba11c6c91faa770e7bcee04e9,,selected_process_variability
mlp,dace_gpu,fusion,same_process,observed,1.1805299909319729,historical_main,,6,3,87c94f9c003ff974cd198163ffe2fd3948bacd6ba11c6c91faa770e7bcee04e9,,
mlp,dace_gpu,parallel,same_process,observed,1.3113123662769794,historical_main,,6,3,87c94f9c003ff974cd198163ffe2fd3948bacd6ba11c6c91faa770e7bcee04e9,,selected_process_variability
mlp,dace_gpu,auto_opt,same_process,observed,1.104638103628531,historical_main,,6,3,87c94f9c003ff974cd198163ffe2fd3948bacd6ba11c6c91faa770e7bcee04e9,,selected_process_variability
mlp,cupy,default,same_process,observed,0.9590089966077358,historical_main,,6,3,87c94f9c003ff974cd198163ffe2fd3948bacd6ba11c6c91faa770e7bcee04e9,,selected_process_variability
mvt,numpy,default,same_process,observed,0.15428771008737385,historical_main,,6,3,31a7a541d3eb3d99e166c80b243812e6678c96f5f504254d1acff781fbc1da55,,
mvt,numba,nopython-mode,same_process,observed,0.1534636728465557,historical_main,,6,3,31a7a541d3eb3d99e166c80b243812e6678c96f5f504254d1acff781fbc1da55,,new_sampling_or_resources
mvt,numba,nopython-mode-parallel,same_process,observed,0.14309522765688598,historical_main,,6,3,31a7a541d3eb3d99e166c80b243812e6678c96f5f504254d1acff781fbc1da55,,selected_process_variability
mvt,numba,nopython-mode-parallel-range,same_process,N/A,,,,,,,,
mvt,numba,object-mode,same_process,N/A,,,,,,,,
mvt,numba,object-mode-parallel,same_process,N/A,,,,,,,,
mvt,numba,object-mode-parallel-range,same_process,N/A,,,,,,,,
mvt,dace_cpu,fusion,same_process,observed,0.22939296253025532,historical_main,,6,3,31a7a541d3eb3d99e166c80b243812e6678c96f5f504254d1acff781fbc1da55,,
mvt,dace_cpu,parallel,same_process,observed,0.22789105656556785,historical_main,,6,3,31a7a541d3eb3d99e166c80b243812e6678c96f5f504254d1acff781fbc1da55,,
mvt,dace_cpu,auto_opt,same_process,observed,0.2086546840146184,historical_main,,6,3,31a7a541d3eb3d99e166c80b243812e6678c96f5f504254d1acff781fbc1da55,,
mvt,dace_gpu,fusion,same_process,observed,0.5395575670991093,historical_main,,6,3,31a7a541d3eb3d99e166c80b243812e6678c96f5f504254d1acff781fbc1da55,,
mvt,dace_gpu,parallel,same_process,observed,0.539179464103654,historical_main,,6,3,31a7a541d3eb3d99e166c80b243812e6678c96f5f504254d1acff781fbc1da55,,
mvt,dace_gpu,auto_opt,same_process,observed,0.5443190427031368,historical_main,,6,3,31a7a541d3eb3d99e166c80b243812e6678c96f5f504254d1acff781fbc1da55,,selected_process_variability
mvt,cupy,default,same_process,observed,0.5285316414665431,historical_main,,6,3,31a7a541d3eb3d99e166c80b243812e6678c96f5f504254d1acff781fbc1da55,,
nbody,numpy,default,same_process,validation,,historical_main,,0,0,369f565b2cc3f4d1e7431a758f71f09b2fb5270f7b56b9b6b5de37373d88c636,,
nbody,numba,nopython-mode,same_process,validation,,historical_main,,0,0,369f565b2cc3f4d1e7431a758f71f09b2fb5270f7b56b9b6b5de37373d88c636,,
nbody,numba,nopython-mode-parallel,same_process,N/A,,,,,,,,
nbody,numba,nopython-mode-parallel-range,same_process,N/A,,,,,,,,
nbody,numba,object-mode,same_process,validation,,historical_main,,0,0,369f565b2cc3f4d1e7431a758f71f09b2fb5270f7b56b9b6b5de37373d88c636,,
nbody,numba,object-mode-parallel,same_process,validation,,historical_main,,0,0,369f565b2cc3f4d1e7431a758f71f09b2fb5270f7b56b9b6b5de37373d88c636,,
nbody,numba,object-mode-parallel-range,same_process,N/A,,,,,,,,
nbody,dace_cpu,fusion,same_process,validation,,historical_main,,0,0,369f565b2cc3f4d1e7431a758f71f09b2fb5270f7b56b9b6b5de37373d88c636,,
nbody,dace_cpu,parallel,same_process,validation,,historical_main,,0,0,369f565b2cc3f4d1e7431a758f71f09b2fb5270f7b56b9b6b5de37373d88c636,,
nbody,dace_cpu,auto_opt,same_process,validation,,historical_main,,0,0,369f565b2cc3f4d1e7431a758f71f09b2fb5270f7b56b9b6b5de37373d88c636,,
nbody,dace_gpu,fusion,same_process,validation,,historical_main,,0,0,369f565b2cc3f4d1e7431a758f71f09b2fb5270f7b56b9b6b5de37373d88c636,,
nbody,dace_gpu,parallel,same_process,validation,,historical_main,,0,0,369f565b2cc3f4d1e7431a758f71f09b2fb5270f7b56b9b6b5de37373d88c636,,
nbody,dace_gpu,auto_opt,same_process,validation,,historical_main,,0,0,369f565b2cc3f4d1e7431a758f71f09b2fb5270f7b56b9b6b5de37373d88c636,,
nbody,cupy,default,same_process,validation,,historical_main,,0,0,369f565b2cc3f4d1e7431a758f71f09b2fb5270f7b56b9b6b5de37373d88c636,,
nussinov,numpy,default,same_process,observed,1.1728499236050993,historical_main,,6,3,05b880e157b9ee387cb9be1fa3b10e2f4efe7bed764c6b129b8b31ad87b8df2a,,
nussinov,numba,nopython-mode,same_process,observed,0.002775998553261161,step4/confirmation-L,,6,3,05b880e157b9ee387cb9be1fa3b10e2f4efe7bed764c6b129b8b31ad87b8df2a,,
nussinov,numba,nopython-mode-parallel,same_process,observed,0.005048967199400067,historical_main,,6,3,05b880e157b9ee387cb9be1fa3b10e2f4efe7bed764c6b129b8b31ad87b8df2a,,selected_process_variability
nussinov,numba,nopython-mode-parallel-range,same_process,N/A,,,,,,,,
nussinov,numba,object-mode,same_process,N/A,,,,,,,,
nussinov,numba,object-mode-parallel,same_process,N/A,,,,,,,,
nussinov,numba,object-mode-parallel-range,same_process,N/A,,,,,,,,
nussinov,dace_cpu,fusion,same_process,observed,0.00986722088418901,historical_main,,6,3,05b880e157b9ee387cb9be1fa3b10e2f4efe7bed764c6b129b8b31ad87b8df2a,,selected_process_variability
nussinov,dace_cpu,parallel,same_process,observed,0.008881215704604983,historical_main,,6,3,05b880e157b9ee387cb9be1fa3b10e2f4efe7bed764c6b129b8b31ad87b8df2a,,selected_process_variability
nussinov,dace_cpu,auto_opt,same_process,observed,0.009372076485306025,historical_main,,6,3,05b880e157b9ee387cb9be1fa3b10e2f4efe7bed764c6b129b8b31ad87b8df2a,,selected_process_variability
nussinov,dace_gpu,fusion,same_process,observed,50.56568382168189,historical_main,,6,3,05b880e157b9ee387cb9be1fa3b10e2f4efe7bed764c6b129b8b31ad87b8df2a,,
nussinov,dace_gpu,parallel,same_process,observed,50.27788714435883,historical_main,,6,3,05b880e157b9ee387cb9be1fa3b10e2f4efe7bed764c6b129b8b31ad87b8df2a,,
nussinov,dace_gpu,auto_opt,same_process,observed,51.777795795118436,historical_main,,6,3,05b880e157b9ee387cb9be1fa3b10e2f4efe7bed764c6b129b8b31ad87b8df2a,,selected_process_variability
nussinov,cupy,default,same_process,observed,82.69617036706768,historical_main,,6,3,05b880e157b9ee387cb9be1fa3b10e2f4efe7bed764c6b129b8b31ad87b8df2a,,
resnet,numpy,default,same_process,observed,1.1987555546220392,historical_main,,6,3,070b0fcd2b4f101302a58108dce79a6ea1d6fdbdf9be753fec768d1818ea7464,,
resnet,numba,nopython-mode,same_process,validation,,historical_main,,0,0,070b0fcd2b4f101302a58108dce79a6ea1d6fdbdf9be753fec768d1818ea7464,,
resnet,numba,nopython-mode-parallel,same_process,validation,,historical_main,,0,0,070b0fcd2b4f101302a58108dce79a6ea1d6fdbdf9be753fec768d1818ea7464,,
resnet,numba,nopython-mode-parallel-range,same_process,validation,,historical_main,,0,0,070b0fcd2b4f101302a58108dce79a6ea1d6fdbdf9be753fec768d1818ea7464,,
resnet,numba,object-mode,same_process,error,,historical_main,,0,0,070b0fcd2b4f101302a58108dce79a6ea1d6fdbdf9be753fec768d1818ea7464,,
resnet,numba,object-mode-parallel,same_process,error,,historical_main,,0,0,070b0fcd2b4f101302a58108dce79a6ea1d6fdbdf9be753fec768d1818ea7464,,
resnet,numba,object-mode-parallel-range,same_process,observed,1.1909286796581,historical_main,,6,3,070b0fcd2b4f101302a58108dce79a6ea1d6fdbdf9be753fec768d1818ea7464,,
resnet,dace_cpu,fusion,same_process,observed,2.0745546522084624,historical_main,,6,3,070b0fcd2b4f101302a58108dce79a6ea1d6fdbdf9be753fec768d1818ea7464,,selected_process_variability
resnet,dace_cpu,parallel,same_process,observed,0.9158033556304872,historical_main,,6,3,070b0fcd2b4f101302a58108dce79a6ea1d6fdbdf9be753fec768d1818ea7464,,selected_process_variability
resnet,dace_cpu,auto_opt,same_process,observed,0.768561563687399,historical_main,,6,3,070b0fcd2b4f101302a58108dce79a6ea1d6fdbdf9be753fec768d1818ea7464,,new_variability;selected_process_variability
resnet,dace_gpu,fusion,same_process,validation,,historical_main,,0,0,070b0fcd2b4f101302a58108dce79a6ea1d6fdbdf9be753fec768d1818ea7464,,
resnet,dace_gpu,parallel,same_process,error,,historical_main,,0,0,070b0fcd2b4f101302a58108dce79a6ea1d6fdbdf9be753fec768d1818ea7464,,
resnet,dace_gpu,auto_opt,same_process,error,,historical_main,,0,0,070b0fcd2b4f101302a58108dce79a6ea1d6fdbdf9be753fec768d1818ea7464,,
resnet,cupy,default,same_process,observed,1.1502233606297523,historical_main,,6,3,070b0fcd2b4f101302a58108dce79a6ea1d6fdbdf9be753fec768d1818ea7464,,
scattering_self_energies,numpy,default,same_process,observed,1.0273800145369023,historical_main,,6,3,f7d4f3c7d50b72880addf25da02f47a077e25e5f288758e484adcbc85a181974,,selected_process_variability
scattering_self_energies,numba,nopython-mode,same_process,observed,0.09325084020383656,step4/confirmation-L,,6,3,f7d4f3c7d50b72880addf25da02f47a077e25e5f288758e484adcbc85a181974,,
scattering_self_energies,numba,nopython-mode-parallel,same_process,N/A,,,,,,,,
scattering_self_energies,numba,nopython-mode-parallel-range,same_process,observed,0.39123467239551246,historical_main,,6,3,f7d4f3c7d50b72880addf25da02f47a077e25e5f288758e484adcbc85a181974,,
scattering_self_energies,numba,object-mode,same_process,N/A,,,,,,,,
scattering_self_energies,numba,object-mode-parallel,same_process,N/A,,,,,,,,
scattering_self_energies,numba,object-mode-parallel-range,same_process,N/A,,,,,,,,
scattering_self_energies,dace_cpu,fusion,same_process,observed,7.628670050529763,historical_main,,6,3,f7d4f3c7d50b72880addf25da02f47a077e25e5f288758e484adcbc85a181974,,selected_process_variability
scattering_self_energies,dace_cpu,parallel,same_process,observed,9.27697738353163,historical_main,,6,3,f7d4f3c7d50b72880addf25da02f47a077e25e5f288758e484adcbc85a181974,,selected_process_variability
scattering_self_energies,dace_cpu,auto_opt,same_process,observed,7.4268509689718485,historical_main,,6,3,f7d4f3c7d50b72880addf25da02f47a077e25e5f288758e484adcbc85a181974,,selected_process_variability
scattering_self_energies,dace_gpu,fusion,same_process,observed,6.833423481089994,historical_main,,6,3,f7d4f3c7d50b72880addf25da02f47a077e25e5f288758e484adcbc85a181974,,
scattering_self_energies,dace_gpu,parallel,same_process,observed,6.994993430562317,historical_main,,6,3,f7d4f3c7d50b72880addf25da02f47a077e25e5f288758e484adcbc85a181974,,
scattering_self_energies,dace_gpu,auto_opt,same_process,observed,5.0471635174471885,historical_main,,6,3,f7d4f3c7d50b72880addf25da02f47a077e25e5f288758e484adcbc85a181974,,new_sampling_or_resources
scattering_self_energies,cupy,default,same_process,observed,12.695414496818557,historical_main,,6,3,f7d4f3c7d50b72880addf25da02f47a077e25e5f288758e484adcbc85a181974,,
seidel_2d,numpy,default,same_process,observed,1.0670811131130904,historical_main,,6,3,6d10c80c878e92ea3bdd4f0a16c473438b233d1989ed5a8d0f8d1356e6d0b32b,,
seidel_2d,numba,nopython-mode,same_process,observed,0.012338991044089198,historical_main,,6,3,6d10c80c878e92ea3bdd4f0a16c473438b233d1989ed5a8d0f8d1356e6d0b32b,,new_sampling_or_resources
seidel_2d,numba,nopython-mode-parallel,same_process,validation,,historical_main,,0,0,6d10c80c878e92ea3bdd4f0a16c473438b233d1989ed5a8d0f8d1356e6d0b32b,,
seidel_2d,numba,nopython-mode-parallel-range,same_process,N/A,,,,,,,,
seidel_2d,numba,object-mode,same_process,N/A,,,,,,,,
seidel_2d,numba,object-mode-parallel,same_process,N/A,,,,,,,,
seidel_2d,numba,object-mode-parallel-range,same_process,N/A,,,,,,,,
seidel_2d,dace_cpu,fusion,same_process,observed,0.6185938464477658,historical_main,,6,3,6d10c80c878e92ea3bdd4f0a16c473438b233d1989ed5a8d0f8d1356e6d0b32b,,selected_process_variability
seidel_2d,dace_cpu,parallel,same_process,observed,0.6193840100895613,historical_main,,6,3,6d10c80c878e92ea3bdd4f0a16c473438b233d1989ed5a8d0f8d1356e6d0b32b,,selected_process_variability
seidel_2d,dace_cpu,auto_opt,same_process,observed,0.6850007518660277,historical_main,,6,3,6d10c80c878e92ea3bdd4f0a16c473438b233d1989ed5a8d0f8d1356e6d0b32b,,selected_process_variability
seidel_2d,dace_gpu,fusion,same_process,observed,23.77391218394041,historical_main,,6,3,6d10c80c878e92ea3bdd4f0a16c473438b233d1989ed5a8d0f8d1356e6d0b32b,,
seidel_2d,dace_gpu,parallel,same_process,observed,23.719966757576913,historical_main,,6,3,6d10c80c878e92ea3bdd4f0a16c473438b233d1989ed5a8d0f8d1356e6d0b32b,,
seidel_2d,dace_gpu,auto_opt,same_process,observed,24.2586894154083,historical_main,,6,3,6d10c80c878e92ea3bdd4f0a16c473438b233d1989ed5a8d0f8d1356e6d0b32b,,
seidel_2d,cupy,default,same_process,observed,42.24012964544818,historical_main,,6,3,6d10c80c878e92ea3bdd4f0a16c473438b233d1989ed5a8d0f8d1356e6d0b32b,,
softmax,numpy,default,same_process,observed,1.2258611128199846,historical_main,,6,3,2fcf9437c28756a764115316372f1c170da55c13fa29321255a7dcc2a7583c80,,selected_process_variability
softmax,numba,nopython-mode,same_process,observed,4.3915791511535645,historical_main,,6,3,2fcf9437c28756a764115316372f1c170da55c13fa29321255a7dcc2a7583c80,,
softmax,numba,nopython-mode-parallel,same_process,observed,2.537584192119539,historical_main,,6,3,2fcf9437c28756a764115316372f1c170da55c13fa29321255a7dcc2a7583c80,,selected_process_variability
softmax,numba,nopython-mode-parallel-range,same_process,observed,2.5392290700692683,historical_main,,6,3,2fcf9437c28756a764115316372f1c170da55c13fa29321255a7dcc2a7583c80,,selected_process_variability
softmax,numba,object-mode,same_process,observed,1.2231680466793478,historical_main,,6,3,2fcf9437c28756a764115316372f1c170da55c13fa29321255a7dcc2a7583c80,,new_variability
softmax,numba,object-mode-parallel,same_process,observed,1.0988642694428563,historical_main,,6,3,2fcf9437c28756a764115316372f1c170da55c13fa29321255a7dcc2a7583c80,,new_variability
softmax,numba,object-mode-parallel-range,same_process,N/A,,,,,,,,
softmax,dace_cpu,fusion,same_process,observed,131.4248795537278,historical_main,,6,3,2fcf9437c28756a764115316372f1c170da55c13fa29321255a7dcc2a7583c80,,
softmax,dace_cpu,parallel,same_process,observed,134.46748244250193,historical_main,,6,3,2fcf9437c28756a764115316372f1c170da55c13fa29321255a7dcc2a7583c80,,
softmax,dace_cpu,auto_opt,same_process,observed,140.1217202055268,historical_main,,6,3,2fcf9437c28756a764115316372f1c170da55c13fa29321255a7dcc2a7583c80,,
softmax,dace_gpu,fusion,same_process,observed,0.3149720267392695,historical_main,,6,3,2fcf9437c28756a764115316372f1c170da55c13fa29321255a7dcc2a7583c80,,
softmax,dace_gpu,parallel,same_process,observed,0.29834673181176186,historical_main,,6,3,2fcf9437c28756a764115316372f1c170da55c13fa29321255a7dcc2a7583c80,,
softmax,dace_gpu,auto_opt,same_process,observed,0.28490055724978447,historical_main,,6,3,2fcf9437c28756a764115316372f1c170da55c13fa29321255a7dcc2a7583c80,,
softmax,cupy,default,same_process,observed,0.2733467663638294,historical_main,,6,3,2fcf9437c28756a764115316372f1c170da55c13fa29321255a7dcc2a7583c80,,
spmv,numpy,default,same_process,observed,1.1481759194284678,historical_main,,6,3,830b22cd03e41feb9b883b4b8fc754402901ac74dc9f607cfa3a81bdc5787389,,
spmv,numba,nopython-mode,same_process,observed,0.024211599491536617,historical_main,,6,3,830b22cd03e41feb9b883b4b8fc754402901ac74dc9f607cfa3a81bdc5787389,,
spmv,numba,nopython-mode-parallel,same_process,observed,0.018671741941943765,historical_main,,6,3,830b22cd03e41feb9b883b4b8fc754402901ac74dc9f607cfa3a81bdc5787389,,selected_process_variability
spmv,numba,nopython-mode-parallel-range,same_process,observed,0.003174065612256527,historical_main,,6,3,830b22cd03e41feb9b883b4b8fc754402901ac74dc9f607cfa3a81bdc5787389,,historical_drift_requires_review;new_variability;selected_process_variability
spmv,numba,object-mode,same_process,N/A,,,,,,,,
spmv,numba,object-mode-parallel,same_process,N/A,,,,,,,,
spmv,numba,object-mode-parallel-range,same_process,N/A,,,,,,,,
spmv,dace_cpu,fusion,same_process,observed,8.457816451089457,historical_main,,6,3,830b22cd03e41feb9b883b4b8fc754402901ac74dc9f607cfa3a81bdc5787389,,selected_process_variability
spmv,dace_cpu,parallel,same_process,observed,0.006445311242714524,historical_main,,6,3,830b22cd03e41feb9b883b4b8fc754402901ac74dc9f607cfa3a81bdc5787389,,historical_drift_requires_review;new_variability;selected_process_variability
spmv,dace_cpu,auto_opt,same_process,observed,0.0070749809965491295,historical_main,,6,3,830b22cd03e41feb9b883b4b8fc754402901ac74dc9f607cfa3a81bdc5787389,,selected_process_variability
spmv,dace_gpu,fusion,same_process,observed,50.423293430591,historical_main,,6,3,830b22cd03e41feb9b883b4b8fc754402901ac74dc9f607cfa3a81bdc5787389,,
spmv,dace_gpu,parallel,same_process,observed,0.09488612436689436,historical_main,,6,3,830b22cd03e41feb9b883b4b8fc754402901ac74dc9f607cfa3a81bdc5787389,,new_variability;selected_process_variability
spmv,dace_gpu,auto_opt,same_process,observed,0.09993986994959414,historical_main,,6,3,830b22cd03e41feb9b883b4b8fc754402901ac74dc9f607cfa3a81bdc5787389,,selected_process_variability
spmv,cupy,default,same_process,observed,44.75408536940813,historical_main,,6,3,830b22cd03e41feb9b883b4b8fc754402901ac74dc9f607cfa3a81bdc5787389,,
stockham_fft,numpy,default,same_process,observed,1.0013293041847646,historical_main,,6,3,f6c4acc3fcbed6678c4fad72d834895ca7156ce67f7538ebe2242ed208af3254,,
stockham_fft,numba,nopython-mode,same_process,observed,2.2566900392994285,historical_main,,6,3,f6c4acc3fcbed6678c4fad72d834895ca7156ce67f7538ebe2242ed208af3254,,
stockham_fft,numba,nopython-mode-parallel,same_process,observed,464.56499489117414,historical_main,,6,3,f6c4acc3fcbed6678c4fad72d834895ca7156ce67f7538ebe2242ed208af3254,,
stockham_fft,numba,nopython-mode-parallel-range,same_process,observed,5.862875611055642,historical_main,,6,3,f6c4acc3fcbed6678c4fad72d834895ca7156ce67f7538ebe2242ed208af3254,,
stockham_fft,numba,object-mode,same_process,observed,1.1592463171109557,historical_main,,2,1,f6c4acc3fcbed6678c4fad72d834895ca7156ce67f7538ebe2242ed208af3254,,original_process_only
stockham_fft,numba,object-mode-parallel,same_process,observed,0.9817536524496973,historical_main,,2,1,f6c4acc3fcbed6678c4fad72d834895ca7156ce67f7538ebe2242ed208af3254,,original_process_only
stockham_fft,numba,object-mode-parallel-range,same_process,N/A,,,,,,,,
stockham_fft,dace_cpu,fusion,same_process,error,,historical_main,,0,0,f6c4acc3fcbed6678c4fad72d834895ca7156ce67f7538ebe2242ed208af3254,,
stockham_fft,dace_cpu,parallel,same_process,error,,historical_main,,0,0,f6c4acc3fcbed6678c4fad72d834895ca7156ce67f7538ebe2242ed208af3254,,
stockham_fft,dace_cpu,auto_opt,same_process,error,,historical_main,,0,0,f6c4acc3fcbed6678c4fad72d834895ca7156ce67f7538ebe2242ed208af3254,,
stockham_fft,dace_gpu,fusion,same_process,error,,historical_main,,0,0,f6c4acc3fcbed6678c4fad72d834895ca7156ce67f7538ebe2242ed208af3254,,
stockham_fft,dace_gpu,parallel,same_process,error,,historical_main,,0,0,f6c4acc3fcbed6678c4fad72d834895ca7156ce67f7538ebe2242ed208af3254,,
stockham_fft,dace_gpu,auto_opt,same_process,error,,historical_main,,0,0,f6c4acc3fcbed6678c4fad72d834895ca7156ce67f7538ebe2242ed208af3254,,
stockham_fft,cupy,default,same_process,observed,0.034062273101881146,historical_main,,6,3,f6c4acc3fcbed6678c4fad72d834895ca7156ce67f7538ebe2242ed208af3254,,
symm,numpy,default,same_process,observed,1.2384622981771827,historical_main,,6,3,c983fe23aab1369b59df067f61f46c516f426a2b0a1ea8bdc3779352f6c91630,,
symm,numba,nopython-mode,same_process,observed,0.2340118035208434,historical_main,,6,3,c983fe23aab1369b59df067f61f46c516f426a2b0a1ea8bdc3779352f6c91630,,selected_process_variability
symm,numba,nopython-mode-parallel,same_process,N/A,,,,,,,,
symm,numba,nopython-mode-parallel-range,same_process,observed,0.1683717193081975,historical_main,,6,3,c983fe23aab1369b59df067f61f46c516f426a2b0a1ea8bdc3779352f6c91630,,new_variability;selected_process_variability
symm,numba,object-mode,same_process,N/A,,,,,,,,
symm,numba,object-mode-parallel,same_process,N/A,,,,,,,,
symm,numba,object-mode-parallel-range,same_process,N/A,,,,,,,,
symm,dace_cpu,fusion,same_process,observed,5.643410010728985,historical_main,,6,3,c983fe23aab1369b59df067f61f46c516f426a2b0a1ea8bdc3779352f6c91630,,
symm,dace_cpu,parallel,same_process,observed,5.812807078007609,historical_main,,6,3,c983fe23aab1369b59df067f61f46c516f426a2b0a1ea8bdc3779352f6c91630,,selected_process_variability
symm,dace_cpu,auto_opt,same_process,observed,6.393750446150079,historical_main,,6,3,c983fe23aab1369b59df067f61f46c516f426a2b0a1ea8bdc3779352f6c91630,,selected_process_variability
symm,dace_gpu,fusion,same_process,observed,5.524578198324889,historical_main,,6,3,c983fe23aab1369b59df067f61f46c516f426a2b0a1ea8bdc3779352f6c91630,,selected_process_variability
symm,dace_gpu,parallel,same_process,observed,5.311629232484847,historical_main,,6,3,c983fe23aab1369b59df067f61f46c516f426a2b0a1ea8bdc3779352f6c91630,,
symm,dace_gpu,auto_opt,same_process,observed,4.9315677979029715,historical_main,,6,3,c983fe23aab1369b59df067f61f46c516f426a2b0a1ea8bdc3779352f6c91630,,new_sampling_or_resources;selected_process_variability
symm,cupy,default,same_process,observed,27.179745747940615,historical_main,,6,3,c983fe23aab1369b59df067f61f46c516f426a2b0a1ea8bdc3779352f6c91630,,
syr2k,numpy,default,same_process,observed,1.3520400472916663,historical_main,,6,3,4eed4ab152ea49c0a4cdf942787319238e4b8903146da60692ca376422fc8502,,
syr2k,numba,nopython-mode,same_process,observed,0.12808901048265398,historical_main,,6,3,4eed4ab152ea49c0a4cdf942787319238e4b8903146da60692ca376422fc8502,,new_variability
syr2k,numba,nopython-mode-parallel,same_process,N/A,,,,,,,,
syr2k,numba,nopython-mode-parallel-range,same_process,N/A,,,,,,,,
syr2k,numba,object-mode,same_process,N/A,,,,,,,,
syr2k,numba,object-mode-parallel,same_process,N/A,,,,,,,,
syr2k,numba,object-mode-parallel-range,same_process,N/A,,,,,,,,
syr2k,dace_cpu,fusion,same_process,observed,4.353794454364106,historical_main,,6,3,4eed4ab152ea49c0a4cdf942787319238e4b8903146da60692ca376422fc8502,,
syr2k,dace_cpu,parallel,same_process,observed,4.978939356748015,historical_main,,6,3,4eed4ab152ea49c0a4cdf942787319238e4b8903146da60692ca376422fc8502,,selected_process_variability
syr2k,dace_cpu,auto_opt,same_process,observed,5.131343184970319,historical_main,,6,3,4eed4ab152ea49c0a4cdf942787319238e4b8903146da60692ca376422fc8502,,selected_process_variability
syr2k,dace_gpu,fusion,same_process,observed,5.168913095723838,historical_main,,6,3,4eed4ab152ea49c0a4cdf942787319238e4b8903146da60692ca376422fc8502,,
syr2k,dace_gpu,parallel,same_process,observed,5.574287685798481,historical_main,,6,3,4eed4ab152ea49c0a4cdf942787319238e4b8903146da60692ca376422fc8502,,
syr2k,dace_gpu,auto_opt,same_process,observed,5.193464719457552,historical_main,,6,3,4eed4ab152ea49c0a4cdf942787319238e4b8903146da60692ca376422fc8502,,
syr2k,cupy,default,same_process,observed,14.672014179872349,historical_main,,6,3,4eed4ab152ea49c0a4cdf942787319238e4b8903146da60692ca376422fc8502,,
syrk,numpy,default,same_process,observed,1.2323928298428655,historical_main,,6,3,c9125e156aac0f0083fa4d941c44b5e500809f7d0e4096cfd309983aa1701894,,
syrk,numba,nopython-mode,same_process,observed,0.22308677318505943,historical_main,,6,3,c9125e156aac0f0083fa4d941c44b5e500809f7d0e4096cfd309983aa1701894,,new_sampling_or_resources;selected_process_variability
syrk,numba,nopython-mode-parallel,same_process,N/A,,,,,,,,
syrk,numba,nopython-mode-parallel-range,same_process,N/A,,,,,,,,
syrk,numba,object-mode,same_process,N/A,,,,,,,,
syrk,numba,object-mode-parallel,same_process,N/A,,,,,,,,
syrk,numba,object-mode-parallel-range,same_process,N/A,,,,,,,,
syrk,dace_cpu,fusion,same_process,observed,11.603507605846971,historical_main,,6,3,c9125e156aac0f0083fa4d941c44b5e500809f7d0e4096cfd309983aa1701894,,
syrk,dace_cpu,parallel,same_process,observed,14.465555856470019,historical_main,,6,3,c9125e156aac0f0083fa4d941c44b5e500809f7d0e4096cfd309983aa1701894,,selected_process_variability
syrk,dace_cpu,auto_opt,same_process,observed,13.307412914466113,historical_main,,6,3,c9125e156aac0f0083fa4d941c44b5e500809f7d0e4096cfd309983aa1701894,,selected_process_variability
syrk,dace_gpu,fusion,same_process,observed,2.5443521086126566,historical_main,,6,3,c9125e156aac0f0083fa4d941c44b5e500809f7d0e4096cfd309983aa1701894,,new_variability;selected_process_variability
syrk,dace_gpu,parallel,same_process,observed,2.866969668539241,historical_main,,6,3,c9125e156aac0f0083fa4d941c44b5e500809f7d0e4096cfd309983aa1701894,,selected_process_variability
syrk,dace_gpu,auto_opt,same_process,observed,2.657287781359628,historical_main,,6,3,c9125e156aac0f0083fa4d941c44b5e500809f7d0e4096cfd309983aa1701894,,selected_process_variability
syrk,cupy,default,same_process,observed,16.146741533419117,historical_main,,6,3,c9125e156aac0f0083fa4d941c44b5e500809f7d0e4096cfd309983aa1701894,,
trisolv,numpy,default,same_process,observed,0.14812944689765573,historical_main,,6,3,2ef566c3a7e8536e3be1ae3aaac85d9a03f4836c00d28326cc70cf2e8147fdb1,,selected_process_variability
trisolv,numba,nopython-mode,same_process,observed,0.09425864997319877,historical_main,,6,3,2ef566c3a7e8536e3be1ae3aaac85d9a03f4836c00d28326cc70cf2e8147fdb1,,new_variability;selected_process_variability
trisolv,numba,nopython-mode-parallel,same_process,observed,0.09365752432495356,historical_main,,6,3,2ef566c3a7e8536e3be1ae3aaac85d9a03f4836c00d28326cc70cf2e8147fdb1,,new_reuse_evidence_incomplete;new_sampling_or_resources
trisolv,numba,nopython-mode-parallel-range,same_process,N/A,,,,,,,,
trisolv,numba,object-mode,same_process,N/A,,,,,,,,
trisolv,numba,object-mode-parallel,same_process,N/A,,,,,,,,
trisolv,numba,object-mode-parallel-range,same_process,N/A,,,,,,,,
trisolv,dace_cpu,fusion,same_process,observed,0.09927590400911868,historical_main,,6,3,2ef566c3a7e8536e3be1ae3aaac85d9a03f4836c00d28326cc70cf2e8147fdb1,,selected_process_variability
trisolv,dace_cpu,parallel,same_process,observed,0.09245527489110827,historical_main,,6,3,2ef566c3a7e8536e3be1ae3aaac85d9a03f4836c00d28326cc70cf2e8147fdb1,,new_variability;selected_process_variability
trisolv,dace_cpu,auto_opt,same_process,observed,0.09329328848980367,historical_main,,6,3,2ef566c3a7e8536e3be1ae3aaac85d9a03f4836c00d28326cc70cf2e8147fdb1,,selected_process_variability
trisolv,dace_gpu,fusion,same_process,observed,0.6820751859340817,historical_main,,6,3,2ef566c3a7e8536e3be1ae3aaac85d9a03f4836c00d28326cc70cf2e8147fdb1,,new_variability
trisolv,dace_gpu,parallel,same_process,observed,0.6918828445486724,historical_main,,6,3,2ef566c3a7e8536e3be1ae3aaac85d9a03f4836c00d28326cc70cf2e8147fdb1,,
trisolv,dace_gpu,auto_opt,same_process,observed,0.5883478838950396,historical_main,,6,3,2ef566c3a7e8536e3be1ae3aaac85d9a03f4836c00d28326cc70cf2e8147fdb1,,
trisolv,cupy,default,same_process,observed,1.8243018940556794,historical_main,,6,3,2ef566c3a7e8536e3be1ae3aaac85d9a03f4836c00d28326cc70cf2e8147fdb1,,
trmm,numpy,default,same_process,observed,1.1537109238561243,historical_main,,6,3,9168af76f7b62c6873ac45e920743c46191f055c32ee6a1f1df2aba5ab399d7e,,
trmm,numba,nopython-mode,same_process,observed,0.4257913448382169,historical_main,,6,3,9168af76f7b62c6873ac45e920743c46191f055c32ee6a1f1df2aba5ab399d7e,,
trmm,numba,nopython-mode-parallel,same_process,N/A,,,,,,,,
trmm,numba,nopython-mode-parallel-range,same_process,observed,0.04531315667554736,historical_main,,6,3,9168af76f7b62c6873ac45e920743c46191f055c32ee6a1f1df2aba5ab399d7e,,selected_process_variability
trmm,numba,object-mode,same_process,N/A,,,,,,,,
trmm,numba,object-mode-parallel,same_process,N/A,,,,,,,,
trmm,numba,object-mode-parallel-range,same_process,N/A,,,,,,,,
trmm,dace_cpu,fusion,same_process,observed,0.24742476642131805,historical_main,,6,3,9168af76f7b62c6873ac45e920743c46191f055c32ee6a1f1df2aba5ab399d7e,,
trmm,dace_cpu,parallel,same_process,observed,0.03332373732700944,historical_main,,6,3,9168af76f7b62c6873ac45e920743c46191f055c32ee6a1f1df2aba5ab399d7e,,selected_process_variability
trmm,dace_cpu,auto_opt,same_process,observed,0.032587198074907064,historical_main,,6,3,9168af76f7b62c6873ac45e920743c46191f055c32ee6a1f1df2aba5ab399d7e,,historical_drift_requires_review;new_variability;selected_process_variability
trmm,dace_gpu,fusion,same_process,observed,7.92509742686525,historical_main,,6,3,9168af76f7b62c6873ac45e920743c46191f055c32ee6a1f1df2aba5ab399d7e,,
trmm,dace_gpu,parallel,same_process,observed,0.015171148581430316,historical_main,,6,3,9168af76f7b62c6873ac45e920743c46191f055c32ee6a1f1df2aba5ab399d7e,,
trmm,dace_gpu,auto_opt,same_process,observed,0.014956988394260406,historical_main,,6,3,9168af76f7b62c6873ac45e920743c46191f055c32ee6a1f1df2aba5ab399d7e,,
trmm,cupy,default,same_process,observed,39.192514698719606,historical_main,,6,3,9168af76f7b62c6873ac45e920743c46191f055c32ee6a1f1df2aba5ab399d7e,,
vadv,numpy,default,same_process,observed,0.605131512042135,historical_main,,6,3,300cff4f4ff45aa053437078a699f7f36c3a42bea19f7d989bd20911ef2050f4,,
vadv,numba,nopython-mode,same_process,observed,0.6801864062435925,historical_main,,6,3,300cff4f4ff45aa053437078a699f7f36c3a42bea19f7d989bd20911ef2050f4,,
vadv,numba,nopython-mode-parallel,same_process,observed,0.5591138820163906,historical_main,,6,3,300cff4f4ff45aa053437078a699f7f36c3a42bea19f7d989bd20911ef2050f4,,historical_drift_requires_review;new_variability;selected_process_variability
vadv,numba,nopython-mode-parallel-range,same_process,N/A,,,,,,,,
vadv,numba,object-mode,same_process,N/A,,,,,,,,
vadv,numba,object-mode-parallel,same_process,N/A,,,,,,,,
vadv,numba,object-mode-parallel-range,same_process,N/A,,,,,,,,
vadv,dace_cpu,fusion,same_process,observed,1.347530854633078,historical_main,,6,3,300cff4f4ff45aa053437078a699f7f36c3a42bea19f7d989bd20911ef2050f4,,selected_process_variability
vadv,dace_cpu,parallel,same_process,observed,1.390384456841275,historical_main,,6,3,300cff4f4ff45aa053437078a699f7f36c3a42bea19f7d989bd20911ef2050f4,,selected_process_variability
vadv,dace_cpu,auto_opt,same_process,observed,1.0088444624561816,historical_main,,6,3,300cff4f4ff45aa053437078a699f7f36c3a42bea19f7d989bd20911ef2050f4,,
vadv,dace_gpu,fusion,same_process,observed,0.09156333771534264,historical_main,,6,3,300cff4f4ff45aa053437078a699f7f36c3a42bea19f7d989bd20911ef2050f4,,
vadv,dace_gpu,parallel,same_process,observed,0.09537861915305257,historical_main,,6,3,300cff4f4ff45aa053437078a699f7f36c3a42bea19f7d989bd20911ef2050f4,,
vadv,dace_gpu,auto_opt,same_process,observed,0.09083227394148707,historical_main,,6,3,300cff4f4ff45aa053437078a699f7f36c3a42bea19f7d989bd20911ef2050f4,,
vadv,cupy,default,same_process,observed,0.24165396764874458,historical_main,,6,3,300cff4f4ff45aa053437078a699f7f36c3a42bea19f7d989bd20911ef2050f4,,
adi_corrected,cova_serial_cpu,default,initialization,missing,,cova-L-20260928-201630,f929db7f0404f03c17fe480f504da8ae3cfdbee5,0,0,,[],"['reference_not_ranking', 'historical_competitors_not_rerun', 'system_resources_not_exclusive']"
adi_corrected,cova_serial_cpu,default,fresh_process,missing,,cova-L-20260928-201630,f929db7f0404f03c17fe480f504da8ae3cfdbee5,0,0,,[],"['reference_not_ranking', 'historical_competitors_not_rerun', 'system_resources_not_exclusive']"
adi_corrected,cova_serial_cpu,default,same_process,missing,,cova-L-20260928-201630,f929db7f0404f03c17fe480f504da8ae3cfdbee5,0,0,,[],"['reference_not_ranking', 'historical_competitors_not_rerun', 'system_resources_not_exclusive']"
adi_corrected,cova_openmp_cpu,default,initialization,missing,,cova-L-20260928-201630,f929db7f0404f03c17fe480f504da8ae3cfdbee5,0,0,,[],"['reference_not_ranking', 'historical_competitors_not_rerun', 'system_resources_not_exclusive']"
adi_corrected,cova_openmp_cpu,default,fresh_process,missing,,cova-L-20260928-201630,f929db7f0404f03c17fe480f504da8ae3cfdbee5,0,0,,[],"['reference_not_ranking', 'historical_competitors_not_rerun', 'system_resources_not_exclusive']"
adi_corrected,cova_openmp_cpu,default,same_process,missing,,cova-L-20260928-201630,f929db7f0404f03c17fe480f504da8ae3cfdbee5,0,0,,[],"['reference_not_ranking', 'historical_competitors_not_rerun', 'system_resources_not_exclusive']"
adi_corrected,cova_llvm_cpu_serial,default,initialization,missing,,cova-L-20260928-201630,f929db7f0404f03c17fe480f504da8ae3cfdbee5,0,0,,[],"['reference_not_ranking', 'historical_competitors_not_rerun', 'system_resources_not_exclusive']"
adi_corrected,cova_llvm_cpu_serial,default,fresh_process,missing,,cova-L-20260928-201630,f929db7f0404f03c17fe480f504da8ae3cfdbee5,0,0,,[],"['reference_not_ranking', 'historical_competitors_not_rerun', 'system_resources_not_exclusive']"
adi_corrected,cova_llvm_cpu_serial,default,same_process,missing,,cova-L-20260928-201630,f929db7f0404f03c17fe480f504da8ae3cfdbee5,0,0,,[],"['reference_not_ranking', 'historical_competitors_not_rerun', 'system_resources_not_exclusive']"
adi_corrected,cova_llvm_cpu,default,initialization,observed,3.896879139007069,cova-L-20260928-201630,f929db7f0404f03c17fe480f504da8ae3cfdbee5,1,1,44fae57bf7759f2639279283ba275bd89bd5df1bf8f5d46bee32e1d87e87c452,['cpu'],"['reference_not_ranking', 'historical_competitors_not_rerun', 'system_resources_not_exclusive']"
adi_corrected,cova_llvm_cpu,default,fresh_process,observed,0.338756600569468,cova-L-20260928-201630,f929db7f0404f03c17fe480f504da8ae3cfdbee5,2,2,44fae57bf7759f2639279283ba275bd89bd5df1bf8f5d46bee32e1d87e87c452,['cpu'],"['reference_not_ranking', 'historical_competitors_not_rerun', 'system_resources_not_exclusive']"
adi_corrected,cova_llvm_cpu,default,same_process,observed,0.4149077704641968,cova-L-20260928-201630,f929db7f0404f03c17fe480f504da8ae3cfdbee5,6,3,44fae57bf7759f2639279283ba275bd89bd5df1bf8f5d46bee32e1d87e87c452,['cpu'],"['reference_not_ranking', 'historical_competitors_not_rerun', 'system_resources_not_exclusive']"
adi_corrected,cova_openmp_gpu,default,initialization,missing,,cova-L-20260928-201630,f929db7f0404f03c17fe480f504da8ae3cfdbee5,0,0,,[],"['reference_not_ranking', 'historical_competitors_not_rerun', 'system_resources_not_exclusive', 'gpu_placement_metadata_only']"
adi_corrected,cova_openmp_gpu,default,fresh_process,missing,,cova-L-20260928-201630,f929db7f0404f03c17fe480f504da8ae3cfdbee5,0,0,,[],"['reference_not_ranking', 'historical_competitors_not_rerun', 'system_resources_not_exclusive', 'gpu_placement_metadata_only']"
adi_corrected,cova_openmp_gpu,default,same_process,missing,,cova-L-20260928-201630,f929db7f0404f03c17fe480f504da8ae3cfdbee5,0,0,,[],"['reference_not_ranking', 'historical_competitors_not_rerun', 'system_resources_not_exclusive', 'gpu_placement_metadata_only']"
adi_corrected,cova_llvm_gpu,default,initialization,observed,29.392658884986304,cova-L-20260928-201630,f929db7f0404f03c17fe480f504da8ae3cfdbee5,1,1,44fae57bf7759f2639279283ba275bd89bd5df1bf8f5d46bee32e1d87e87c452,['mixed'],"['reference_not_ranking', 'historical_competitors_not_rerun', 'system_resources_not_exclusive', 'gpu_placement_metadata_only']"
adi_corrected,cova_llvm_gpu,default,fresh_process,observed,24.34347261802759,cova-L-20260928-201630,f929db7f0404f03c17fe480f504da8ae3cfdbee5,2,2,44fae57bf7759f2639279283ba275bd89bd5df1bf8f5d46bee32e1d87e87c452,['mixed'],"['reference_not_ranking', 'historical_competitors_not_rerun', 'system_resources_not_exclusive', 'gpu_placement_metadata_only']"
adi_corrected,cova_llvm_gpu,default,same_process,observed,21.542377239034977,cova-L-20260928-201630,f929db7f0404f03c17fe480f504da8ae3cfdbee5,6,3,44fae57bf7759f2639279283ba275bd89bd5df1bf8f5d46bee32e1d87e87c452,['mixed'],"['reference_not_ranking', 'historical_competitors_not_rerun', 'system_resources_not_exclusive', 'gpu_placement_metadata_only']"
arc_distance,cova_serial_cpu,default,initialization,observed,3.8969664300093427,cova-L-20260928-201630,f929db7f0404f03c17fe480f504da8ae3cfdbee5,1,1,c9a5d51d680eeff18f5d5e1a8bd8a4acc4d771e072238396fee0333ed61696be,['cpu'],"['reference_not_ranking', 'historical_competitors_not_rerun', 'system_resources_not_exclusive']"
arc_distance,cova_serial_cpu,default,fresh_process,observed,2.118298079527449,cova-L-20260928-201630,f929db7f0404f03c17fe480f504da8ae3cfdbee5,2,2,c9a5d51d680eeff18f5d5e1a8bd8a4acc4d771e072238396fee0333ed61696be,['cpu'],"['reference_not_ranking', 'historical_competitors_not_rerun', 'system_resources_not_exclusive']"
arc_distance,cova_serial_cpu,default,same_process,observed,1.2535280174924992,cova-L-20260928-201630,f929db7f0404f03c17fe480f504da8ae3cfdbee5,6,3,c9a5d51d680eeff18f5d5e1a8bd8a4acc4d771e072238396fee0333ed61696be,['cpu'],"['reference_not_ranking', 'historical_competitors_not_rerun', 'system_resources_not_exclusive']"
arc_distance,cova_openmp_cpu,default,initialization,observed,2.9457160111051053,cova-L-20260928-201630,f929db7f0404f03c17fe480f504da8ae3cfdbee5,1,1,c9a5d51d680eeff18f5d5e1a8bd8a4acc4d771e072238396fee0333ed61696be,['cpu'],"['reference_not_ranking', 'historical_competitors_not_rerun', 'system_resources_not_exclusive']"
arc_distance,cova_openmp_cpu,default,fresh_process,observed,0.3521144420374185,cova-L-20260928-201630,f929db7f0404f03c17fe480f504da8ae3cfdbee5,2,2,c9a5d51d680eeff18f5d5e1a8bd8a4acc4d771e072238396fee0333ed61696be,['cpu'],"['reference_not_ranking', 'historical_competitors_not_rerun', 'system_resources_not_exclusive']"
arc_distance,cova_openmp_cpu,default,same_process,observed,0.29804742854321375,cova-L-20260928-201630,f929db7f0404f03c17fe480f504da8ae3cfdbee5,6,3,c9a5d51d680eeff18f5d5e1a8bd8a4acc4d771e072238396fee0333ed61696be,['cpu'],"['reference_not_ranking', 'historical_competitors_not_rerun', 'system_resources_not_exclusive']"
arc_distance,cova_llvm_cpu_serial,default,initialization,observed,3.49386399902869,cova-L-20260928-201630,f929db7f0404f03c17fe480f504da8ae3cfdbee5,1,1,c9a5d51d680eeff18f5d5e1a8bd8a4acc4d771e072238396fee0333ed61696be,['cpu'],"['reference_not_ranking', 'historical_competitors_not_rerun', 'system_resources_not_exclusive']"
arc_distance,cova_llvm_cpu_serial,default,fresh_process,observed,1.1689432570128702,cova-L-20260928-201630,f929db7f0404f03c17fe480f504da8ae3cfdbee5,2,2,c9a5d51d680eeff18f5d5e1a8bd8a4acc4d771e072238396fee0333ed61696be,['cpu'],"['reference_not_ranking', 'historical_competitors_not_rerun', 'system_resources_not_exclusive']"
arc_distance,cova_llvm_cpu_serial,default,same_process,observed,1.607263604993932,cova-L-20260928-201630,f929db7f0404f03c17fe480f504da8ae3cfdbee5,6,3,c9a5d51d680eeff18f5d5e1a8bd8a4acc4d771e072238396fee0333ed61696be,['cpu'],"['reference_not_ranking', 'historical_competitors_not_rerun', 'system_resources_not_exclusive']"
arc_distance,cova_llvm_cpu,default,initialization,observed,3.2083566730143502,cova-L-20260928-201630,f929db7f0404f03c17fe480f504da8ae3cfdbee5,1,1,c9a5d51d680eeff18f5d5e1a8bd8a4acc4d771e072238396fee0333ed61696be,['cpu'],"['reference_not_ranking', 'historical_competitors_not_rerun', 'system_resources_not_exclusive']"
arc_distance,cova_llvm_cpu,default,fresh_process,observed,0.3266951604746282,cova-L-20260928-201630,f929db7f0404f03c17fe480f504da8ae3cfdbee5,2,2,c9a5d51d680eeff18f5d5e1a8bd8a4acc4d771e072238396fee0333ed61696be,['cpu'],"['reference_not_ranking', 'historical_competitors_not_rerun', 'system_resources_not_exclusive']"
arc_distance,cova_llvm_cpu,default,same_process,observed,0.3218579550157301,cova-L-20260928-201630,f929db7f0404f03c17fe480f504da8ae3cfdbee5,6,3,c9a5d51d680eeff18f5d5e1a8bd8a4acc4d771e072238396fee0333ed61696be,['cpu'],"['reference_not_ranking', 'historical_competitors_not_rerun', 'system_resources_not_exclusive']"
arc_distance,cova_openmp_gpu,default,initialization,observed,6.471850442001596,cova-L-20260928-201630,f929db7f0404f03c17fe480f504da8ae3cfdbee5,1,1,c9a5d51d680eeff18f5d5e1a8bd8a4acc4d771e072238396fee0333ed61696be,['gpu'],"['reference_not_ranking', 'historical_competitors_not_rerun', 'system_resources_not_exclusive', 'gpu_placement_metadata_only']"
arc_distance,cova_openmp_gpu,default,fresh_process,observed,0.39463846245780587,cova-L-20260928-201630,f929db7f0404f03c17fe480f504da8ae3cfdbee5,2,2,c9a5d51d680eeff18f5d5e1a8bd8a4acc4d771e072238396fee0333ed61696be,['gpu'],"['reference_not_ranking', 'historical_competitors_not_rerun', 'system_resources_not_exclusive', 'gpu_placement_metadata_only']"
arc_distance,cova_openmp_gpu,default,same_process,observed,0.077139722998254,cova-L-20260928-201630,f929db7f0404f03c17fe480f504da8ae3cfdbee5,6,3,c9a5d51d680eeff18f5d5e1a8bd8a4acc4d771e072238396fee0333ed61696be,['gpu'],"['reference_not_ranking', 'historical_competitors_not_rerun', 'system_resources_not_exclusive', 'gpu_placement_metadata_only']"
arc_distance,cova_llvm_gpu,default,initialization,observed,5.278341997065581,cova-L-20260928-201630,f929db7f0404f03c17fe480f504da8ae3cfdbee5,1,1,c9a5d51d680eeff18f5d5e1a8bd8a4acc4d771e072238396fee0333ed61696be,['gpu'],"['reference_not_ranking', 'historical_competitors_not_rerun', 'system_resources_not_exclusive', 'gpu_placement_metadata_only']"
arc_distance,cova_llvm_gpu,default,fresh_process,observed,0.4169437314849347,cova-L-20260928-201630,f929db7f0404f03c17fe480f504da8ae3cfdbee5,2,2,c9a5d51d680eeff18f5d5e1a8bd8a4acc4d771e072238396fee0333ed61696be,['gpu'],"['reference_not_ranking', 'historical_competitors_not_rerun', 'system_resources_not_exclusive', 'gpu_placement_metadata_only']"
arc_distance,cova_llvm_gpu,default,same_process,observed,0.1060433629900217,cova-L-20260928-201630,f929db7f0404f03c17fe480f504da8ae3cfdbee5,6,3,c9a5d51d680eeff18f5d5e1a8bd8a4acc4d771e072238396fee0333ed61696be,['gpu'],"['reference_not_ranking', 'historical_competitors_not_rerun', 'system_resources_not_exclusive', 'gpu_placement_metadata_only']"
atax,cova_serial_cpu,default,initialization,observed,3.2850528529379517,cova-L-20260928-201630,f929db7f0404f03c17fe480f504da8ae3cfdbee5,1,1,30d1cbd8bc811b325570c9fdb182323781764974a74f27916f06ba12e9a7baef,['cpu'],"['reference_not_ranking', 'historical_competitors_not_rerun', 'system_resources_not_exclusive']"
atax,cova_serial_cpu,default,fresh_process,observed,1.0653431404498406,cova-L-20260928-201630,f929db7f0404f03c17fe480f504da8ae3cfdbee5,2,2,30d1cbd8bc811b325570c9fdb182323781764974a74f27916f06ba12e9a7baef,['cpu'],"['reference_not_ranking', 'historical_competitors_not_rerun', 'system_resources_not_exclusive']"
atax,cova_serial_cpu,default,same_process,observed,1.1643362834583968,cova-L-20260928-201630,f929db7f0404f03c17fe480f504da8ae3cfdbee5,6,3,30d1cbd8bc811b325570c9fdb182323781764974a74f27916f06ba12e9a7baef,['cpu'],"['reference_not_ranking', 'historical_competitors_not_rerun', 'system_resources_not_exclusive']"
atax,cova_openmp_cpu,default,initialization,observed,2.7261860510334373,cova-L-20260928-201630,f929db7f0404f03c17fe480f504da8ae3cfdbee5,1,1,30d1cbd8bc811b325570c9fdb182323781764974a74f27916f06ba12e9a7baef,['cpu'],"['reference_not_ranking', 'historical_competitors_not_rerun', 'system_resources_not_exclusive']"
atax,cova_openmp_cpu,default,fresh_process,observed,0.33771181653719395,cova-L-20260928-201630,f929db7f0404f03c17fe480f504da8ae3cfdbee5,2,2,30d1cbd8bc811b325570c9fdb182323781764974a74f27916f06ba12e9a7baef,['cpu'],"['reference_not_ranking', 'historical_competitors_not_rerun', 'system_resources_not_exclusive']"
atax,cova_openmp_cpu,default,same_process,observed,0.2965419185347855,cova-L-20260928-201630,f929db7f0404f03c17fe480f504da8ae3cfdbee5,6,3,30d1cbd8bc811b325570c9fdb182323781764974a74f27916f06ba12e9a7baef,['cpu'],"['reference_not_ranking', 'historical_competitors_not_rerun', 'system_resources_not_exclusive']"
atax,cova_llvm_cpu_serial,default,initialization,observed,4.182834014063701,cova-L-20260928-201630,f929db7f0404f03c17fe480f504da8ae3cfdbee5,1,1,30d1cbd8bc811b325570c9fdb182323781764974a74f27916f06ba12e9a7baef,['cpu'],"['reference_not_ranking', 'historical_competitors_not_rerun', 'system_resources_not_exclusive']"
atax,cova_llvm_cpu_serial,default,fresh_process,observed,0.16919834353029728,cova-L-20260928-201630,f929db7f0404f03c17fe480f504da8ae3cfdbee5,2,2,30d1cbd8bc811b325570c9fdb182323781764974a74f27916f06ba12e9a7baef,['cpu'],"['reference_not_ranking', 'historical_competitors_not_rerun', 'system_resources_not_exclusive']"
atax,cova_llvm_cpu_serial,default,same_process,observed,0.1571396989747882,cova-L-20260928-201630,f929db7f0404f03c17fe480f504da8ae3cfdbee5,6,3,30d1cbd8bc811b325570c9fdb182323781764974a74f27916f06ba12e9a7baef,['cpu'],"['reference_not_ranking', 'historical_competitors_not_rerun', 'system_resources_not_exclusive']"
atax,cova_llvm_cpu,default,initialization,observed,5.760901576955803,cova-L-20260928-201630,f929db7f0404f03c17fe480f504da8ae3cfdbee5,1,1,30d1cbd8bc811b325570c9fdb182323781764974a74f27916f06ba12e9a7baef,['cpu'],"['reference_not_ranking', 'historical_competitors_not_rerun', 'system_resources_not_exclusive']"
atax,cova_llvm_cpu,default,fresh_process,observed,0.1556768764858134,cova-L-20260928-201630,f929db7f0404f03c17fe480f504da8ae3cfdbee5,2,2,30d1cbd8bc811b325570c9fdb182323781764974a74f27916f06ba12e9a7baef,['cpu'],"['reference_not_ranking', 'historical_competitors_not_rerun', 'system_resources_not_exclusive']"
atax,cova_llvm_cpu,default,same_process,observed,0.14188841951545328,cova-L-20260928-201630,f929db7f0404f03c17fe480f504da8ae3cfdbee5,6,3,30d1cbd8bc811b325570c9fdb182323781764974a74f27916f06ba12e9a7baef,['cpu'],"['reference_not_ranking', 'historical_competitors_not_rerun', 'system_resources_not_exclusive']"
atax,cova_openmp_gpu,default,initialization,observed,6.332322656991892,cova-L-20260928-201630,f929db7f0404f03c17fe480f504da8ae3cfdbee5,1,1,30d1cbd8bc811b325570c9fdb182323781764974a74f27916f06ba12e9a7baef,['gpu'],"['reference_not_ranking', 'historical_competitors_not_rerun', 'system_resources_not_exclusive', 'gpu_placement_metadata_only']"
atax,cova_openmp_gpu,default,fresh_process,observed,0.8327958495356143,cova-L-20260928-201630,f929db7f0404f03c17fe480f504da8ae3cfdbee5,2,2,30d1cbd8bc811b325570c9fdb182323781764974a74f27916f06ba12e9a7baef,['gpu'],"['reference_not_ranking', 'historical_competitors_not_rerun', 'system_resources_not_exclusive', 'gpu_placement_metadata_only']"
atax,cova_openmp_gpu,default,same_process,observed,0.3711748420028016,cova-L-20260928-201630,f929db7f0404f03c17fe480f504da8ae3cfdbee5,6,3,30d1cbd8bc811b325570c9fdb182323781764974a74f27916f06ba12e9a7baef,['gpu'],"['reference_not_ranking', 'historical_competitors_not_rerun', 'system_resources_not_exclusive', 'gpu_placement_metadata_only']"
atax,cova_llvm_gpu,default,initialization,observed,6.822863790905103,cova-L-20260928-201630,f929db7f0404f03c17fe480f504da8ae3cfdbee5,1,1,30d1cbd8bc811b325570c9fdb182323781764974a74f27916f06ba12e9a7baef,['gpu'],"['reference_not_ranking', 'historical_competitors_not_rerun', 'system_resources_not_exclusive', 'gpu_placement_metadata_only']"
atax,cova_llvm_gpu,default,fresh_process,observed,0.7739733224734664,cova-L-20260928-201630,f929db7f0404f03c17fe480f504da8ae3cfdbee5,2,2,30d1cbd8bc811b325570c9fdb182323781764974a74f27916f06ba12e9a7baef,['gpu'],"['reference_not_ranking', 'historical_competitors_not_rerun', 'system_resources_not_exclusive', 'gpu_placement_metadata_only']"
atax,cova_llvm_gpu,default,same_process,observed,0.37644372851355,cova-L-20260928-201630,f929db7f0404f03c17fe480f504da8ae3cfdbee5,6,3,30d1cbd8bc811b325570c9fdb182323781764974a74f27916f06ba12e9a7baef,['gpu'],"['reference_not_ranking', 'historical_competitors_not_rerun', 'system_resources_not_exclusive', 'gpu_placement_metadata_only']"
azimint_hist,cova_serial_cpu,default,initialization,error,,cova-L-20260928-201630,f929db7f0404f03c17fe480f504da8ae3cfdbee5,0,0,d714677a44d27aec51292ca83b9b3ba9c1835b7ac786bbd295a407ecfa03d47f,[],"['reference_not_ranking', 'historical_competitors_not_rerun', 'system_resources_not_exclusive']"
azimint_hist,cova_serial_cpu,default,fresh_process,error,,cova-L-20260928-201630,f929db7f0404f03c17fe480f504da8ae3cfdbee5,0,0,d714677a44d27aec51292ca83b9b3ba9c1835b7ac786bbd295a407ecfa03d47f,[],"['reference_not_ranking', 'historical_competitors_not_rerun', 'system_resources_not_exclusive']"
azimint_hist,cova_serial_cpu,default,same_process,error,,cova-L-20260928-201630,f929db7f0404f03c17fe480f504da8ae3cfdbee5,0,0,d714677a44d27aec51292ca83b9b3ba9c1835b7ac786bbd295a407ecfa03d47f,[],"['reference_not_ranking', 'historical_competitors_not_rerun', 'system_resources_not_exclusive']"
azimint_hist,cova_openmp_cpu,default,initialization,error,,cova-L-20260928-201630,f929db7f0404f03c17fe480f504da8ae3cfdbee5,0,0,d714677a44d27aec51292ca83b9b3ba9c1835b7ac786bbd295a407ecfa03d47f,[],"['reference_not_ranking', 'historical_competitors_not_rerun', 'system_resources_not_exclusive']"
azimint_hist,cova_openmp_cpu,default,fresh_process,error,,cova-L-20260928-201630,f929db7f0404f03c17fe480f504da8ae3cfdbee5,0,0,d714677a44d27aec51292ca83b9b3ba9c1835b7ac786bbd295a407ecfa03d47f,[],"['reference_not_ranking', 'historical_competitors_not_rerun', 'system_resources_not_exclusive']"
azimint_hist,cova_openmp_cpu,default,same_process,error,,cova-L-20260928-201630,f929db7f0404f03c17fe480f504da8ae3cfdbee5,0,0,d714677a44d27aec51292ca83b9b3ba9c1835b7ac786bbd295a407ecfa03d47f,[],"['reference_not_ranking', 'historical_competitors_not_rerun', 'system_resources_not_exclusive']"
azimint_hist,cova_llvm_cpu_serial,default,initialization,error,,cova-L-20260928-201630,f929db7f0404f03c17fe480f504da8ae3cfdbee5,0,0,d714677a44d27aec51292ca83b9b3ba9c1835b7ac786bbd295a407ecfa03d47f,[],"['reference_not_ranking', 'historical_competitors_not_rerun', 'system_resources_not_exclusive']"
azimint_hist,cova_llvm_cpu_serial,default,fresh_process,error,,cova-L-20260928-201630,f929db7f0404f03c17fe480f504da8ae3cfdbee5,0,0,d714677a44d27aec51292ca83b9b3ba9c1835b7ac786bbd295a407ecfa03d47f,[],"['reference_not_ranking', 'historical_competitors_not_rerun', 'system_resources_not_exclusive']"
azimint_hist,cova_llvm_cpu_serial,default,same_process,error,,cova-L-20260928-201630,f929db7f0404f03c17fe480f504da8ae3cfdbee5,0,0,d714677a44d27aec51292ca83b9b3ba9c1835b7ac786bbd295a407ecfa03d47f,[],"['reference_not_ranking', 'historical_competitors_not_rerun', 'system_resources_not_exclusive']"
azimint_hist,cova_llvm_cpu,default,initialization,observed,6.4165589270414785,cova-L-20260928-201630,f929db7f0404f03c17fe480f504da8ae3cfdbee5,1,1,d714677a44d27aec51292ca83b9b3ba9c1835b7ac786bbd295a407ecfa03d47f,['cpu'],"['reference_not_ranking', 'historical_competitors_not_rerun', 'system_resources_not_exclusive']"
azimint_hist,cova_llvm_cpu,default,fresh_process,observed,0.16709636896848679,cova-L-20260928-201630,f929db7f0404f03c17fe480f504da8ae3cfdbee5,2,2,d714677a44d27aec51292ca83b9b3ba9c1835b7ac786bbd295a407ecfa03d47f,['cpu'],"['reference_not_ranking', 'historical_competitors_not_rerun', 'system_resources_not_exclusive']"
azimint_hist,cova_llvm_cpu,default,same_process,observed,0.12012068455806002,cova-L-20260928-201630,f929db7f0404f03c17fe480f504da8ae3cfdbee5,6,3,d714677a44d27aec51292ca83b9b3ba9c1835b7ac786bbd295a407ecfa03d47f,['cpu'],"['reference_not_ranking', 'historical_competitors_not_rerun', 'system_resources_not_exclusive']"
azimint_hist,cova_openmp_gpu,default,initialization,observed,12.861606041900814,cova-L-20260928-201630,f929db7f0404f03c17fe480f504da8ae3cfdbee5,1,1,d714677a44d27aec51292ca83b9b3ba9c1835b7ac786bbd295a407ecfa03d47f,['gpu'],"['reference_not_ranking', 'historical_competitors_not_rerun', 'system_resources_not_exclusive', 'gpu_placement_metadata_only']"
azimint_hist,cova_openmp_gpu,default,fresh_process,observed,6.721618498500902,cova-L-20260928-201630,f929db7f0404f03c17fe480f504da8ae3cfdbee5,2,2,d714677a44d27aec51292ca83b9b3ba9c1835b7ac786bbd295a407ecfa03d47f,['gpu'],"['reference_not_ranking', 'historical_competitors_not_rerun', 'system_resources_not_exclusive', 'gpu_placement_metadata_only']"
azimint_hist,cova_openmp_gpu,default,same_process,observed,6.3790041279862635,cova-L-20260928-201630,f929db7f0404f03c17fe480f504da8ae3cfdbee5,6,3,d714677a44d27aec51292ca83b9b3ba9c1835b7ac786bbd295a407ecfa03d47f,['gpu'],"['reference_not_ranking', 'historical_competitors_not_rerun', 'system_resources_not_exclusive', 'gpu_placement_metadata_only']"
azimint_hist,cova_llvm_gpu,default,initialization,observed,12.242246481007896,cova-L-20260928-201630,f929db7f0404f03c17fe480f504da8ae3cfdbee5,1,1,d714677a44d27aec51292ca83b9b3ba9c1835b7ac786bbd295a407ecfa03d47f,['mixed'],"['reference_not_ranking', 'historical_competitors_not_rerun', 'system_resources_not_exclusive', 'gpu_placement_metadata_only']"
azimint_hist,cova_llvm_gpu,default,fresh_process,observed,7.599591979989782,cova-L-20260928-201630,f929db7f0404f03c17fe480f504da8ae3cfdbee5,2,2,d714677a44d27aec51292ca83b9b3ba9c1835b7ac786bbd295a407ecfa03d47f,['mixed'],"['reference_not_ranking', 'historical_competitors_not_rerun', 'system_resources_not_exclusive', 'gpu_placement_metadata_only']"
azimint_hist,cova_llvm_gpu,default,same_process,observed,7.664351582992822,cova-L-20260928-201630,f929db7f0404f03c17fe480f504da8ae3cfdbee5,6,3,d714677a44d27aec51292ca83b9b3ba9c1835b7ac786bbd295a407ecfa03d47f,['mixed'],"['reference_not_ranking', 'historical_competitors_not_rerun', 'system_resources_not_exclusive', 'gpu_placement_metadata_only']"
azimint_naive,cova_serial_cpu,default,initialization,observed,36.4595213100547,cova-L-20260928-201630,f929db7f0404f03c17fe480f504da8ae3cfdbee5,1,1,10e5a4ce8b6fe96db84b8d28fc35df47e5ddd295dfddf44939fc8ac5c8795b6d,['cpu'],"['reference_not_ranking', 'historical_competitors_not_rerun', 'system_resources_not_exclusive']"
azimint_naive,cova_serial_cpu,default,fresh_process,observed,31.59863593848422,cova-L-20260928-201630,f929db7f0404f03c17fe480f504da8ae3cfdbee5,2,2,10e5a4ce8b6fe96db84b8d28fc35df47e5ddd295dfddf44939fc8ac5c8795b6d,['cpu'],"['reference_not_ranking', 'historical_competitors_not_rerun', 'system_resources_not_exclusive']"
azimint_naive,cova_serial_cpu,default,same_process,observed,32.21799916197779,cova-L-20260928-201630,f929db7f0404f03c17fe480f504da8ae3cfdbee5,6,3,10e5a4ce8b6fe96db84b8d28fc35df47e5ddd295dfddf44939fc8ac5c8795b6d,['cpu'],"['reference_not_ranking', 'historical_competitors_not_rerun', 'system_resources_not_exclusive']"
azimint_naive,cova_openmp_cpu,default,initialization,observed,7.330264677992091,cova-L-20260928-201630,f929db7f0404f03c17fe480f504da8ae3cfdbee5,1,1,10e5a4ce8b6fe96db84b8d28fc35df47e5ddd295dfddf44939fc8ac5c8795b6d,['cpu'],"['reference_not_ranking', 'historical_competitors_not_rerun', 'system_resources_not_exclusive']"
azimint_naive,cova_openmp_cpu,default,fresh_process,observed,6.879157460061833,cova-L-20260928-201630,f929db7f0404f03c17fe480f504da8ae3cfdbee5,2,2,10e5a4ce8b6fe96db84b8d28fc35df47e5ddd295dfddf44939fc8ac5c8795b6d,['cpu'],"['reference_not_ranking', 'historical_competitors_not_rerun', 'system_resources_not_exclusive']"
azimint_naive,cova_openmp_cpu,default,same_process,observed,6.2678429574589245,cova-L-20260928-201630,f929db7f0404f03c17fe480f504da8ae3cfdbee5,6,3,10e5a4ce8b6fe96db84b8d28fc35df47e5ddd295dfddf44939fc8ac5c8795b6d,['cpu'],"['reference_not_ranking', 'historical_competitors_not_rerun', 'system_resources_not_exclusive']"
azimint_naive,cova_llvm_cpu_serial,default,initialization,observed,39.92281047301367,cova-L-20260928-201630,f929db7f0404f03c17fe480f504da8ae3cfdbee5,1,1,10e5a4ce8b6fe96db84b8d28fc35df47e5ddd295dfddf44939fc8ac5c8795b6d,['cpu'],"['reference_not_ranking', 'historical_competitors_not_rerun', 'system_resources_not_exclusive']"
azimint_naive,cova_llvm_cpu_serial,default,fresh_process,observed,38.717219904006924,cova-L-20260928-201630,f929db7f0404f03c17fe480f504da8ae3cfdbee5,2,2,10e5a4ce8b6fe96db84b8d28fc35df47e5ddd295dfddf44939fc8ac5c8795b6d,['cpu'],"['reference_not_ranking', 'historical_competitors_not_rerun', 'system_resources_not_exclusive']"
azimint_naive,cova_llvm_cpu_serial,default,same_process,observed,37.42230824503349,cova-L-20260928-201630,f929db7f0404f03c17fe480f504da8ae3cfdbee5,6,3,10e5a4ce8b6fe96db84b8d28fc35df47e5ddd295dfddf44939fc8ac5c8795b6d,['cpu'],"['reference_not_ranking', 'historical_competitors_not_rerun', 'system_resources_not_exclusive']"
azimint_naive,cova_llvm_cpu,default,initialization,observed,4.1393870890606195,cova-L-20260928-201630,f929db7f0404f03c17fe480f504da8ae3cfdbee5,1,1,10e5a4ce8b6fe96db84b8d28fc35df47e5ddd295dfddf44939fc8ac5c8795b6d,['cpu'],"['reference_not_ranking', 'historical_competitors_not_rerun', 'system_resources_not_exclusive']"
azimint_naive,cova_llvm_cpu,default,fresh_process,observed,2.7407685315120034,2026-09-29-complete-artifact-replay-cohorts,f929db7f0404f03c17fe480f504da8ae3cfdbee5,2,2,10e5a4ce8b6fe96db84b8d28fc35df47e5ddd295dfddf44939fc8ac5c8795b6d,['cpu'],"['reference_not_ranking', 'historical_competitors_not_rerun', 'system_resources_not_exclusive', 'partial_matrix_overlay', 'mixed_sampling_dates', 'replay_only_no_initialization']"
azimint_naive,cova_llvm_cpu,default,same_process,observed,2.4892218755267095,2026-09-29-complete-artifact-replay-cohorts,f929db7f0404f03c17fe480f504da8ae3cfdbee5,4,2,10e5a4ce8b6fe96db84b8d28fc35df47e5ddd295dfddf44939fc8ac5c8795b6d,['cpu'],"['reference_not_ranking', 'historical_competitors_not_rerun', 'system_resources_not_exclusive', 'partial_matrix_overlay', 'mixed_sampling_dates', 'replay_only_no_initialization']"
azimint_naive,cova_openmp_gpu,default,initialization,observed,7.281152451061644,cova-L-20260928-201630,f929db7f0404f03c17fe480f504da8ae3cfdbee5,1,1,10e5a4ce8b6fe96db84b8d28fc35df47e5ddd295dfddf44939fc8ac5c8795b6d,['gpu'],"['reference_not_ranking', 'historical_competitors_not_rerun', 'system_resources_not_exclusive', 'gpu_placement_metadata_only']"
azimint_naive,cova_openmp_gpu,default,fresh_process,observed,1.9483378594741225,cova-L-20260928-201630,f929db7f0404f03c17fe480f504da8ae3cfdbee5,2,2,10e5a4ce8b6fe96db84b8d28fc35df47e5ddd295dfddf44939fc8ac5c8795b6d,['gpu'],"['reference_not_ranking', 'historical_competitors_not_rerun', 'system_resources_not_exclusive', 'gpu_placement_metadata_only']"
azimint_naive,cova_openmp_gpu,default,same_process,observed,1.6515788870165125,cova-L-20260928-201630,f929db7f0404f03c17fe480f504da8ae3cfdbee5,6,3,10e5a4ce8b6fe96db84b8d28fc35df47e5ddd295dfddf44939fc8ac5c8795b6d,['gpu'],"['reference_not_ranking', 'historical_competitors_not_rerun', 'system_resources_not_exclusive', 'gpu_placement_metadata_only']"
azimint_naive,cova_llvm_gpu,default,initialization,observed,15.382762889028527,cova-L-20260928-201630,f929db7f0404f03c17fe480f504da8ae3cfdbee5,1,1,10e5a4ce8b6fe96db84b8d28fc35df47e5ddd295dfddf44939fc8ac5c8795b6d,['mixed'],"['reference_not_ranking', 'historical_competitors_not_rerun', 'system_resources_not_exclusive', 'gpu_placement_metadata_only']"
azimint_naive,cova_llvm_gpu,default,fresh_process,observed,10.47132385452278,cova-L-20260928-201630,f929db7f0404f03c17fe480f504da8ae3cfdbee5,2,2,10e5a4ce8b6fe96db84b8d28fc35df47e5ddd295dfddf44939fc8ac5c8795b6d,['mixed'],"['reference_not_ranking', 'historical_competitors_not_rerun', 'system_resources_not_exclusive', 'gpu_placement_metadata_only']"
azimint_naive,cova_llvm_gpu,default,same_process,observed,10.275885580456816,cova-L-20260928-201630,f929db7f0404f03c17fe480f504da8ae3cfdbee5,6,3,10e5a4ce8b6fe96db84b8d28fc35df47e5ddd295dfddf44939fc8ac5c8795b6d,['mixed'],"['reference_not_ranking', 'historical_competitors_not_rerun', 'system_resources_not_exclusive', 'gpu_placement_metadata_only']"
bicg,cova_serial_cpu,default,initialization,observed,3.6064190679462627,cova-L-20260928-201630,f929db7f0404f03c17fe480f504da8ae3cfdbee5,1,1,77e9adb788612e39af05a751b80c16198c5c53c1997f2c21ca5d1cefa59811c3,['cpu'],"['reference_not_ranking', 'historical_competitors_not_rerun', 'system_resources_not_exclusive']"
bicg,cova_serial_cpu,default,fresh_process,observed,1.0482354699634016,cova-L-20260928-201630,f929db7f0404f03c17fe480f504da8ae3cfdbee5,2,2,77e9adb788612e39af05a751b80c16198c5c53c1997f2c21ca5d1cefa59811c3,['cpu'],"['reference_not_ranking', 'historical_competitors_not_rerun', 'system_resources_not_exclusive']"
bicg,cova_serial_cpu,default,same_process,observed,1.316618001961615,cova-L-20260928-201630,f929db7f0404f03c17fe480f504da8ae3cfdbee5,6,3,77e9adb788612e39af05a751b80c16198c5c53c1997f2c21ca5d1cefa59811c3,['cpu'],"['reference_not_ranking', 'historical_competitors_not_rerun', 'system_resources_not_exclusive']"
bicg,cova_openmp_cpu,default,initialization,observed,3.0829053909983486,cova-L-20260928-201630,f929db7f0404f03c17fe480f504da8ae3cfdbee5,1,1,77e9adb788612e39af05a751b80c16198c5c53c1997f2c21ca5d1cefa59811c3,['cpu'],"['reference_not_ranking', 'historical_competitors_not_rerun', 'system_resources_not_exclusive']"
bicg,cova_openmp_cpu,default,fresh_process,observed,0.4908625159878284,cova-L-20260928-201630,f929db7f0404f03c17fe480f504da8ae3cfdbee5,2,2,77e9adb788612e39af05a751b80c16198c5c53c1997f2c21ca5d1cefa59811c3,['cpu'],"['reference_not_ranking', 'historical_competitors_not_rerun', 'system_resources_not_exclusive']"
bicg,cova_openmp_cpu,default,same_process,observed,0.4653459769906476,cova-L-20260928-201630,f929db7f0404f03c17fe480f504da8ae3cfdbee5,6,3,77e9adb788612e39af05a751b80c16198c5c53c1997f2c21ca5d1cefa59811c3,['cpu'],"['reference_not_ranking', 'historical_competitors_not_rerun', 'system_resources_not_exclusive']"
bicg,cova_llvm_cpu_serial,default,initialization,observed,4.014277087990195,cova-L-20260928-201630,f929db7f0404f03c17fe480f504da8ae3cfdbee5,1,1,77e9adb788612e39af05a751b80c16198c5c53c1997f2c21ca5d1cefa59811c3,['cpu'],"['reference_not_ranking', 'historical_competitors_not_rerun', 'system_resources_not_exclusive']"
bicg,cova_llvm_cpu_serial,default,fresh_process,observed,0.37846825004089624,cova-L-20260928-201630,f929db7f0404f03c17fe480f504da8ae3cfdbee5,2,2,77e9adb788612e39af05a751b80c16198c5c53c1997f2c21ca5d1cefa59811c3,['cpu'],"['reference_not_ranking', 'historical_competitors_not_rerun', 'system_resources_not_exclusive']"
bicg,cova_llvm_cpu_serial,default,same_process,observed,0.17901538696605712,cova-L-20260928-201630,f929db7f0404f03c17fe480f504da8ae3cfdbee5,6,3,77e9adb788612e39af05a751b80c16198c5c53c1997f2c21ca5d1cefa59811c3,['cpu'],"['reference_not_ranking', 'historical_competitors_not_rerun', 'system_resources_not_exclusive']"
bicg,cova_llvm_cpu,default,initialization,observed,6.005891379085369,cova-L-20260928-201630,f929db7f0404f03c17fe480f504da8ae3cfdbee5,1,1,77e9adb788612e39af05a751b80c16198c5c53c1997f2c21ca5d1cefa59811c3,['cpu'],"['reference_not_ranking', 'historical_competitors_not_rerun', 'system_resources_not_exclusive']"
bicg,cova_llvm_cpu,default,fresh_process,observed,0.14975118002621457,cova-L-20260928-201630,f929db7f0404f03c17fe480f504da8ae3cfdbee5,2,2,77e9adb788612e39af05a751b80c16198c5c53c1997f2c21ca5d1cefa59811c3,['cpu'],"['reference_not_ranking', 'historical_competitors_not_rerun', 'system_resources_not_exclusive']"
bicg,cova_llvm_cpu,default,same_process,observed,0.10301235091174021,cova-L-20260928-201630,f929db7f0404f03c17fe480f504da8ae3cfdbee5,6,3,77e9adb788612e39af05a751b80c16198c5c53c1997f2c21ca5d1cefa59811c3,['cpu'],"['reference_not_ranking', 'historical_competitors_not_rerun', 'system_resources_not_exclusive']"
bicg,cova_openmp_gpu,default,initialization,observed,6.845829821075313,cova-L-20260928-201630,f929db7f0404f03c17fe480f504da8ae3cfdbee5,1,1,77e9adb788612e39af05a751b80c16198c5c53c1997f2c21ca5d1cefa59811c3,['gpu'],"['reference_not_ranking', 'historical_competitors_not_rerun', 'system_resources_not_exclusive', 'gpu_placement_metadata_only']"
bicg,cova_openmp_gpu,default,fresh_process,observed,0.7694434245349839,cova-L-20260928-201630,f929db7f0404f03c17fe480f504da8ae3cfdbee5,2,2,77e9adb788612e39af05a751b80c16198c5c53c1997f2c21ca5d1cefa59811c3,['gpu'],"['reference_not_ranking', 'historical_competitors_not_rerun', 'system_resources_not_exclusive', 'gpu_placement_metadata_only']"
bicg,cova_openmp_gpu,default,same_process,observed,0.3720734440139495,cova-L-20260928-201630,f929db7f0404f03c17fe480f504da8ae3cfdbee5,6,3,77e9adb788612e39af05a751b80c16198c5c53c1997f2c21ca5d1cefa59811c3,['gpu'],"['reference_not_ranking', 'historical_competitors_not_rerun', 'system_resources_not_exclusive', 'gpu_placement_metadata_only']"
bicg,cova_llvm_gpu,default,initialization,observed,7.202295279945247,cova-L-20260928-201630,f929db7f0404f03c17fe480f504da8ae3cfdbee5,1,1,77e9adb788612e39af05a751b80c16198c5c53c1997f2c21ca5d1cefa59811c3,['gpu'],"['reference_not_ranking', 'historical_competitors_not_rerun', 'system_resources_not_exclusive', 'gpu_placement_metadata_only']"
bicg,cova_llvm_gpu,default,fresh_process,observed,0.7315993424854241,cova-L-20260928-201630,f929db7f0404f03c17fe480f504da8ae3cfdbee5,2,2,77e9adb788612e39af05a751b80c16198c5c53c1997f2c21ca5d1cefa59811c3,['gpu'],"['reference_not_ranking', 'historical_competitors_not_rerun', 'system_resources_not_exclusive', 'gpu_placement_metadata_only']"
bicg,cova_llvm_gpu,default,same_process,observed,0.3726265690638684,cova-L-20260928-201630,f929db7f0404f03c17fe480f504da8ae3cfdbee5,6,3,77e9adb788612e39af05a751b80c16198c5c53c1997f2c21ca5d1cefa59811c3,['gpu'],"['reference_not_ranking', 'historical_competitors_not_rerun', 'system_resources_not_exclusive', 'gpu_placement_metadata_only']"
cavity_flow,cova_serial_cpu,default,initialization,observed,4.96792836592067,cova-L-20260928-201630,f929db7f0404f03c17fe480f504da8ae3cfdbee5,1,1,33c1dcf4ea4c8afb398c3db57686f19a59239f440846cca31b92bee224e3c662,['cpu'],"['reference_not_ranking', 'historical_competitors_not_rerun', 'system_resources_not_exclusive']"
cavity_flow,cova_serial_cpu,default,fresh_process,observed,0.8628631265019067,cova-L-20260928-201630,f929db7f0404f03c17fe480f504da8ae3cfdbee5,2,2,33c1dcf4ea4c8afb398c3db57686f19a59239f440846cca31b92bee224e3c662,['cpu'],"['reference_not_ranking', 'historical_competitors_not_rerun', 'system_resources_not_exclusive']"
cavity_flow,cova_serial_cpu,default,same_process,observed,0.783890082500875,cova-L-20260928-201630,f929db7f0404f03c17fe480f504da8ae3cfdbee5,6,3,33c1dcf4ea4c8afb398c3db57686f19a59239f440846cca31b92bee224e3c662,['cpu'],"['reference_not_ranking', 'historical_competitors_not_rerun', 'system_resources_not_exclusive']"
cavity_flow,cova_openmp_cpu,default,initialization,observed,4.570128293009475,cova-L-20260928-201630,f929db7f0404f03c17fe480f504da8ae3cfdbee5,1,1,33c1dcf4ea4c8afb398c3db57686f19a59239f440846cca31b92bee224e3c662,['cpu'],"['reference_not_ranking', 'historical_competitors_not_rerun', 'system_resources_not_exclusive']"
cavity_flow,cova_openmp_cpu,default,fresh_process,observed,0.8676801195251755,cova-L-20260928-201630,f929db7f0404f03c17fe480f504da8ae3cfdbee5,2,2,33c1dcf4ea4c8afb398c3db57686f19a59239f440846cca31b92bee224e3c662,['cpu'],"['reference_not_ranking', 'historical_competitors_not_rerun', 'system_resources_not_exclusive']"
cavity_flow,cova_openmp_cpu,default,same_process,observed,0.8241722254897468,cova-L-20260928-201630,f929db7f0404f03c17fe480f504da8ae3cfdbee5,6,3,33c1dcf4ea4c8afb398c3db57686f19a59239f440846cca31b92bee224e3c662,['cpu'],"['reference_not_ranking', 'historical_competitors_not_rerun', 'system_resources_not_exclusive']"
cavity_flow,cova_llvm_cpu_serial,default,initialization,observed,2.765607435023412,cova-L-20260928-201630,f929db7f0404f03c17fe480f504da8ae3cfdbee5,1,1,33c1dcf4ea4c8afb398c3db57686f19a59239f440846cca31b92bee224e3c662,['cpu'],"['reference_not_ranking', 'historical_competitors_not_rerun', 'system_resources_not_exclusive']"
cavity_flow,cova_llvm_cpu_serial,default,fresh_process,observed,0.16264975152444094,cova-L-20260928-201630,f929db7f0404f03c17fe480f504da8ae3cfdbee5,2,2,33c1dcf4ea4c8afb398c3db57686f19a59239f440846cca31b92bee224e3c662,['cpu'],"['reference_not_ranking', 'historical_competitors_not_rerun', 'system_resources_not_exclusive']"
cavity_flow,cova_llvm_cpu_serial,default,same_process,observed,0.13735990202985704,cova-L-20260928-201630,f929db7f0404f03c17fe480f504da8ae3cfdbee5,6,3,33c1dcf4ea4c8afb398c3db57686f19a59239f440846cca31b92bee224e3c662,['cpu'],"['reference_not_ranking', 'historical_competitors_not_rerun', 'system_resources_not_exclusive']"
cavity_flow,cova_llvm_cpu,default,initialization,observed,4.146625121007673,cova-L-20260928-201630,f929db7f0404f03c17fe480f504da8ae3cfdbee5,1,1,33c1dcf4ea4c8afb398c3db57686f19a59239f440846cca31b92bee224e3c662,['cpu'],"['reference_not_ranking', 'historical_competitors_not_rerun', 'system_resources_not_exclusive']"
cavity_flow,cova_llvm_cpu,default,fresh_process,observed,0.1956112869665958,cova-L-20260928-201630,f929db7f0404f03c17fe480f504da8ae3cfdbee5,2,2,33c1dcf4ea4c8afb398c3db57686f19a59239f440846cca31b92bee224e3c662,['cpu'],"['reference_not_ranking', 'historical_competitors_not_rerun', 'system_resources_not_exclusive']"
cavity_flow,cova_llvm_cpu,default,same_process,observed,0.14017217297805473,cova-L-20260928-201630,f929db7f0404f03c17fe480f504da8ae3cfdbee5,6,3,33c1dcf4ea4c8afb398c3db57686f19a59239f440846cca31b92bee224e3c662,['cpu'],"['reference_not_ranking', 'historical_competitors_not_rerun', 'system_resources_not_exclusive']"
cavity_flow,cova_openmp_gpu,default,initialization,observed,6.571909679914825,cova-L-20260928-201630,f929db7f0404f03c17fe480f504da8ae3cfdbee5,1,1,33c1dcf4ea4c8afb398c3db57686f19a59239f440846cca31b92bee224e3c662,['cpu'],"['reference_not_ranking', 'historical_competitors_not_rerun', 'system_resources_not_exclusive', 'gpu_placement_metadata_only']"
cavity_flow,cova_openmp_gpu,default,fresh_process,observed,0.665562188543845,cova-L-20260928-201630,f929db7f0404f03c17fe480f504da8ae3cfdbee5,2,2,33c1dcf4ea4c8afb398c3db57686f19a59239f440846cca31b92bee224e3c662,['cpu'],"['reference_not_ranking', 'historical_competitors_not_rerun', 'system_resources_not_exclusive', 'gpu_placement_metadata_only']"
cavity_flow,cova_openmp_gpu,default,same_process,observed,0.7369718769914471,cova-L-20260928-201630,f929db7f0404f03c17fe480f504da8ae3cfdbee5,6,3,33c1dcf4ea4c8afb398c3db57686f19a59239f440846cca31b92bee224e3c662,['cpu'],"['reference_not_ranking', 'historical_competitors_not_rerun', 'system_resources_not_exclusive', 'gpu_placement_metadata_only']"
cavity_flow,cova_llvm_gpu,default,initialization,observed,31.137201482080854,cova-L-20260928-201630,f929db7f0404f03c17fe480f504da8ae3cfdbee5,1,1,33c1dcf4ea4c8afb398c3db57686f19a59239f440846cca31b92bee224e3c662,['mixed'],"['reference_not_ranking', 'historical_competitors_not_rerun', 'system_resources_not_exclusive', 'gpu_placement_metadata_only']"
cavity_flow,cova_llvm_gpu,default,fresh_process,observed,25.18439589452464,cova-L-20260928-201630,f929db7f0404f03c17fe480f504da8ae3cfdbee5,2,2,33c1dcf4ea4c8afb398c3db57686f19a59239f440846cca31b92bee224e3c662,['mixed'],"['reference_not_ranking', 'historical_competitors_not_rerun', 'system_resources_not_exclusive', 'gpu_placement_metadata_only']"
cavity_flow,cova_llvm_gpu,default,same_process,observed,24.73323255649302,cova-L-20260928-201630,f929db7f0404f03c17fe480f504da8ae3cfdbee5,6,3,33c1dcf4ea4c8afb398c3db57686f19a59239f440846cca31b92bee224e3c662,['mixed'],"['reference_not_ranking', 'historical_competitors_not_rerun', 'system_resources_not_exclusive', 'gpu_placement_metadata_only']"
channel_flow,cova_serial_cpu,default,initialization,observed,19.129460314987227,cova-L-20260928-201630,f929db7f0404f03c17fe480f504da8ae3cfdbee5,1,1,131f13ee629eff4bbfc04696d2acdcf8be8c111de0037039e4ac5c934e15a280,['cpu'],"['reference_not_ranking', 'historical_competitors_not_rerun', 'system_resources_not_exclusive']"
channel_flow,cova_serial_cpu,default,fresh_process,observed,15.519956504984293,cova-L-20260928-201630,f929db7f0404f03c17fe480f504da8ae3cfdbee5,2,2,131f13ee629eff4bbfc04696d2acdcf8be8c111de0037039e4ac5c934e15a280,['cpu'],"['reference_not_ranking', 'historical_competitors_not_rerun', 'system_resources_not_exclusive']"
channel_flow,cova_serial_cpu,default,same_process,observed,13.1015811409452,cova-L-20260928-201630,f929db7f0404f03c17fe480f504da8ae3cfdbee5,6,3,131f13ee629eff4bbfc04696d2acdcf8be8c111de0037039e4ac5c934e15a280,['cpu'],"['reference_not_ranking', 'historical_competitors_not_rerun', 'system_resources_not_exclusive']"
channel_flow,cova_openmp_cpu,default,initialization,observed,13.4202068769373,cova-L-20260928-201630,f929db7f0404f03c17fe480f504da8ae3cfdbee5,1,1,131f13ee629eff4bbfc04696d2acdcf8be8c111de0037039e4ac5c934e15a280,['cpu'],"['reference_not_ranking', 'historical_competitors_not_rerun', 'system_resources_not_exclusive']"
channel_flow,cova_openmp_cpu,default,fresh_process,observed,5.060828545014374,cova-L-20260928-201630,f929db7f0404f03c17fe480f504da8ae3cfdbee5,2,2,131f13ee629eff4bbfc04696d2acdcf8be8c111de0037039e4ac5c934e15a280,['cpu'],"['reference_not_ranking', 'historical_competitors_not_rerun', 'system_resources_not_exclusive']"
channel_flow,cova_openmp_cpu,default,same_process,observed,3.875836381514091,cova-L-20260928-201630,f929db7f0404f03c17fe480f504da8ae3cfdbee5,6,3,131f13ee629eff4bbfc04696d2acdcf8be8c111de0037039e4ac5c934e15a280,['cpu'],"['reference_not_ranking', 'historical_competitors_not_rerun', 'system_resources_not_exclusive']"
channel_flow,cova_llvm_cpu_serial,default,initialization,observed,9.381111980066635,cova-L-20260928-201630,f929db7f0404f03c17fe480f504da8ae3cfdbee5,1,1,131f13ee629eff4bbfc04696d2acdcf8be8c111de0037039e4ac5c934e15a280,['cpu'],"['reference_not_ranking', 'historical_competitors_not_rerun', 'system_resources_not_exclusive']"
channel_flow,cova_llvm_cpu_serial,default,fresh_process,observed,1.6712666089879349,cova-L-20260928-201630,f929db7f0404f03c17fe480f504da8ae3cfdbee5,2,2,131f13ee629eff4bbfc04696d2acdcf8be8c111de0037039e4ac5c934e15a280,['cpu'],"['reference_not_ranking', 'historical_competitors_not_rerun', 'system_resources_not_exclusive']"
channel_flow,cova_llvm_cpu_serial,default,same_process,observed,1.4354962824727409,cova-L-20260928-201630,f929db7f0404f03c17fe480f504da8ae3cfdbee5,6,3,131f13ee629eff4bbfc04696d2acdcf8be8c111de0037039e4ac5c934e15a280,['cpu'],"['reference_not_ranking', 'historical_competitors_not_rerun', 'system_resources_not_exclusive']"
channel_flow,cova_llvm_cpu,default,initialization,observed,15.793693884043023,cova-L-20260928-201630,f929db7f0404f03c17fe480f504da8ae3cfdbee5,1,1,131f13ee629eff4bbfc04696d2acdcf8be8c111de0037039e4ac5c934e15a280,['cpu'],"['reference_not_ranking', 'historical_competitors_not_rerun', 'system_resources_not_exclusive']"
channel_flow,cova_llvm_cpu,default,fresh_process,observed,2.3222551944782026,cova-L-20260928-201630,f929db7f0404f03c17fe480f504da8ae3cfdbee5,2,2,131f13ee629eff4bbfc04696d2acdcf8be8c111de0037039e4ac5c934e15a280,['cpu'],"['reference_not_ranking', 'historical_competitors_not_rerun', 'system_resources_not_exclusive']"
channel_flow,cova_llvm_cpu,default,same_process,observed,1.6106419910211116,cova-L-20260928-201630,f929db7f0404f03c17fe480f504da8ae3cfdbee5,6,3,131f13ee629eff4bbfc04696d2acdcf8be8c111de0037039e4ac5c934e15a280,['cpu'],"['reference_not_ranking', 'historical_competitors_not_rerun', 'system_resources_not_exclusive']"
channel_flow,cova_openmp_gpu,default,initialization,observed,15.40342119091656,cova-L-20260928-201630,f929db7f0404f03c17fe480f504da8ae3cfdbee5,1,1,131f13ee629eff4bbfc04696d2acdcf8be8c111de0037039e4ac5c934e15a280,['cpu'],"['reference_not_ranking', 'historical_competitors_not_rerun', 'system_resources_not_exclusive', 'gpu_placement_metadata_only']"
channel_flow,cova_openmp_gpu,default,fresh_process,observed,5.117461064015515,cova-L-20260928-201630,f929db7f0404f03c17fe480f504da8ae3cfdbee5,2,2,131f13ee629eff4bbfc04696d2acdcf8be8c111de0037039e4ac5c934e15a280,['cpu'],"['reference_not_ranking', 'historical_competitors_not_rerun', 'system_resources_not_exclusive', 'gpu_placement_metadata_only']"
channel_flow,cova_openmp_gpu,default,same_process,observed,4.855310490471311,cova-L-20260928-201630,f929db7f0404f03c17fe480f504da8ae3cfdbee5,6,3,131f13ee629eff4bbfc04696d2acdcf8be8c111de0037039e4ac5c934e15a280,['cpu'],"['reference_not_ranking', 'historical_competitors_not_rerun', 'system_resources_not_exclusive', 'gpu_placement_metadata_only']"
channel_flow,cova_llvm_gpu,default,initialization,observed,251.27626317797694,cova-L-20260928-201630,f929db7f0404f03c17fe480f504da8ae3cfdbee5,1,1,131f13ee629eff4bbfc04696d2acdcf8be8c111de0037039e4ac5c934e15a280,['mixed'],"['reference_not_ranking', 'historical_competitors_not_rerun', 'system_resources_not_exclusive', 'gpu_placement_metadata_only']"
channel_flow,cova_llvm_gpu,default,fresh_process,observed,238.10123987996485,cova-L-20260928-201630,f929db7f0404f03c17fe480f504da8ae3cfdbee5,2,2,131f13ee629eff4bbfc04696d2acdcf8be8c111de0037039e4ac5c934e15a280,['mixed'],"['reference_not_ranking', 'historical_competitors_not_rerun', 'system_resources_not_exclusive', 'gpu_placement_metadata_only']"
channel_flow,cova_llvm_gpu,default,same_process,observed,241.50846352346707,cova-L-20260928-201630,f929db7f0404f03c17fe480f504da8ae3cfdbee5,6,3,131f13ee629eff4bbfc04696d2acdcf8be8c111de0037039e4ac5c934e15a280,['mixed'],"['reference_not_ranking', 'historical_competitors_not_rerun', 'system_resources_not_exclusive', 'gpu_placement_metadata_only']"
cholesky,cova_serial_cpu,default,initialization,observed,2.2772951390361413,cova-L-20260928-201630,f929db7f0404f03c17fe480f504da8ae3cfdbee5,1,1,4fbe26b28e30a4b50af30a63a5f1d483d8c2556910e84aba0ab6422938ce8d60,['cpu'],"['reference_not_ranking', 'historical_competitors_not_rerun', 'system_resources_not_exclusive']"
cholesky,cova_serial_cpu,default,fresh_process,observed,0.16658717003883794,cova-L-20260928-201630,f929db7f0404f03c17fe480f504da8ae3cfdbee5,2,2,4fbe26b28e30a4b50af30a63a5f1d483d8c2556910e84aba0ab6422938ce8d60,['cpu'],"['reference_not_ranking', 'historical_competitors_not_rerun', 'system_resources_not_exclusive']"
cholesky,cova_serial_cpu,default,same_process,observed,0.20843391201924533,cova-L-20260928-201630,f929db7f0404f03c17fe480f504da8ae3cfdbee5,6,3,4fbe26b28e30a4b50af30a63a5f1d483d8c2556910e84aba0ab6422938ce8d60,['cpu'],"['reference_not_ranking', 'historical_competitors_not_rerun', 'system_resources_not_exclusive']"
cholesky,cova_openmp_cpu,default,initialization,observed,2.4999675360741094,cova-L-20260928-201630,f929db7f0404f03c17fe480f504da8ae3cfdbee5,1,1,4fbe26b28e30a4b50af30a63a5f1d483d8c2556910e84aba0ab6422938ce8d60,['cpu'],"['reference_not_ranking', 'historical_competitors_not_rerun', 'system_resources_not_exclusive']"
cholesky,cova_openmp_cpu,default,fresh_process,observed,0.18811846955213696,cova-L-20260928-201630,f929db7f0404f03c17fe480f504da8ae3cfdbee5,2,2,4fbe26b28e30a4b50af30a63a5f1d483d8c2556910e84aba0ab6422938ce8d60,['cpu'],"['reference_not_ranking', 'historical_competitors_not_rerun', 'system_resources_not_exclusive']"
cholesky,cova_openmp_cpu,default,same_process,observed,0.2073012639884837,cova-L-20260928-201630,f929db7f0404f03c17fe480f504da8ae3cfdbee5,6,3,4fbe26b28e30a4b50af30a63a5f1d483d8c2556910e84aba0ab6422938ce8d60,['cpu'],"['reference_not_ranking', 'historical_competitors_not_rerun', 'system_resources_not_exclusive']"
cholesky,cova_llvm_cpu_serial,default,initialization,observed,1.6999597529647872,cova-L-20260928-201630,f929db7f0404f03c17fe480f504da8ae3cfdbee5,1,1,4fbe26b28e30a4b50af30a63a5f1d483d8c2556910e84aba0ab6422938ce8d60,['cpu'],"['reference_not_ranking', 'historical_competitors_not_rerun', 'system_resources_not_exclusive']"
cholesky,cova_llvm_cpu_serial,default,fresh_process,observed,0.19940219452837482,cova-L-20260928-201630,f929db7f0404f03c17fe480f504da8ae3cfdbee5,2,2,4fbe26b28e30a4b50af30a63a5f1d483d8c2556910e84aba0ab6422938ce8d60,['cpu'],"['reference_not_ranking', 'historical_competitors_not_rerun', 'system_resources_not_exclusive']"
cholesky,cova_llvm_cpu_serial,default,same_process,observed,0.216546185023617,cova-L-20260928-201630,f929db7f0404f03c17fe480f504da8ae3cfdbee5,6,3,4fbe26b28e30a4b50af30a63a5f1d483d8c2556910e84aba0ab6422938ce8d60,['cpu'],"['reference_not_ranking', 'historical_competitors_not_rerun', 'system_resources_not_exclusive']"
cholesky,cova_llvm_cpu,default,initialization,observed,2.224616500083357,cova-L-20260928-201630,f929db7f0404f03c17fe480f504da8ae3cfdbee5,1,1,4fbe26b28e30a4b50af30a63a5f1d483d8c2556910e84aba0ab6422938ce8d60,['cpu'],"['reference_not_ranking', 'historical_competitors_not_rerun', 'system_resources_not_exclusive']"
cholesky,cova_llvm_cpu,default,fresh_process,observed,0.1756312235374935,cova-L-20260928-201630,f929db7f0404f03c17fe480f504da8ae3cfdbee5,2,2,4fbe26b28e30a4b50af30a63a5f1d483d8c2556910e84aba0ab6422938ce8d60,['cpu'],"['reference_not_ranking', 'historical_competitors_not_rerun', 'system_resources_not_exclusive']"
cholesky,cova_llvm_cpu,default,same_process,observed,0.21811154449824244,cova-L-20260928-201630,f929db7f0404f03c17fe480f504da8ae3cfdbee5,6,3,4fbe26b28e30a4b50af30a63a5f1d483d8c2556910e84aba0ab6422938ce8d60,['cpu'],"['reference_not_ranking', 'historical_competitors_not_rerun', 'system_resources_not_exclusive']"
cholesky,cova_openmp_gpu,default,initialization,observed,4.103967147995718,cova-L-20260928-201630,f929db7f0404f03c17fe480f504da8ae3cfdbee5,1,1,4fbe26b28e30a4b50af30a63a5f1d483d8c2556910e84aba0ab6422938ce8d60,['cpu'],"['reference_not_ranking', 'historical_competitors_not_rerun', 'system_resources_not_exclusive', 'gpu_placement_metadata_only']"
cholesky,cova_openmp_gpu,default,fresh_process,observed,0.1877771329600364,cova-L-20260928-201630,f929db7f0404f03c17fe480f504da8ae3cfdbee5,2,2,4fbe26b28e30a4b50af30a63a5f1d483d8c2556910e84aba0ab6422938ce8d60,['cpu'],"['reference_not_ranking', 'historical_competitors_not_rerun', 'system_resources_not_exclusive', 'gpu_placement_metadata_only']"
cholesky,cova_openmp_gpu,default,same_process,observed,0.2284908815054223,cova-L-20260928-201630,f929db7f0404f03c17fe480f504da8ae3cfdbee5,6,3,4fbe26b28e30a4b50af30a63a5f1d483d8c2556910e84aba0ab6422938ce8d60,['cpu'],"['reference_not_ranking', 'historical_competitors_not_rerun', 'system_resources_not_exclusive', 'gpu_placement_metadata_only']"
cholesky,cova_llvm_gpu,default,initialization,observed,13.927276917966083,cova-L-20260928-201630,f929db7f0404f03c17fe480f504da8ae3cfdbee5,1,1,4fbe26b28e30a4b50af30a63a5f1d483d8c2556910e84aba0ab6422938ce8d60,['mixed'],"['reference_not_ranking', 'historical_competitors_not_rerun', 'system_resources_not_exclusive', 'gpu_placement_metadata_only']"
cholesky,cova_llvm_gpu,default,fresh_process,observed,9.605349281511735,cova-L-20260928-201630,f929db7f0404f03c17fe480f504da8ae3cfdbee5,2,2,4fbe26b28e30a4b50af30a63a5f1d483d8c2556910e84aba0ab6422938ce8d60,['mixed'],"['reference_not_ranking', 'historical_competitors_not_rerun', 'system_resources_not_exclusive', 'gpu_placement_metadata_only']"
cholesky,cova_llvm_gpu,default,same_process,observed,9.359166403417476,cova-L-20260928-201630,f929db7f0404f03c17fe480f504da8ae3cfdbee5,6,3,4fbe26b28e30a4b50af30a63a5f1d483d8c2556910e84aba0ab6422938ce8d60,['mixed'],"['reference_not_ranking', 'historical_competitors_not_rerun', 'system_resources_not_exclusive', 'gpu_placement_metadata_only']"
cholesky2,cova_serial_cpu,default,initialization,error,,cova-L-20260928-201630,f929db7f0404f03c17fe480f504da8ae3cfdbee5,0,0,b9394a55df0718e0c2862384f101bc746b522dc7acfbed649b0716c8d79c2363,[],"['reference_not_ranking', 'historical_competitors_not_rerun', 'system_resources_not_exclusive']"
cholesky2,cova_serial_cpu,default,fresh_process,error,,cova-L-20260928-201630,f929db7f0404f03c17fe480f504da8ae3cfdbee5,0,0,b9394a55df0718e0c2862384f101bc746b522dc7acfbed649b0716c8d79c2363,[],"['reference_not_ranking', 'historical_competitors_not_rerun', 'system_resources_not_exclusive']"
cholesky2,cova_serial_cpu,default,same_process,error,,cova-L-20260928-201630,f929db7f0404f03c17fe480f504da8ae3cfdbee5,0,0,b9394a55df0718e0c2862384f101bc746b522dc7acfbed649b0716c8d79c2363,[],"['reference_not_ranking', 'historical_competitors_not_rerun', 'system_resources_not_exclusive']"
cholesky2,cova_openmp_cpu,default,initialization,error,,cova-L-20260928-201630,f929db7f0404f03c17fe480f504da8ae3cfdbee5,0,0,b9394a55df0718e0c2862384f101bc746b522dc7acfbed649b0716c8d79c2363,[],"['reference_not_ranking', 'historical_competitors_not_rerun', 'system_resources_not_exclusive']"
cholesky2,cova_openmp_cpu,default,fresh_process,error,,cova-L-20260928-201630,f929db7f0404f03c17fe480f504da8ae3cfdbee5,0,0,b9394a55df0718e0c2862384f101bc746b522dc7acfbed649b0716c8d79c2363,[],"['reference_not_ranking', 'historical_competitors_not_rerun', 'system_resources_not_exclusive']"
cholesky2,cova_openmp_cpu,default,same_process,error,,cova-L-20260928-201630,f929db7f0404f03c17fe480f504da8ae3cfdbee5,0,0,b9394a55df0718e0c2862384f101bc746b522dc7acfbed649b0716c8d79c2363,[],"['reference_not_ranking', 'historical_competitors_not_rerun', 'system_resources_not_exclusive']"
cholesky2,cova_llvm_cpu_serial,default,initialization,observed,8.640324875013903,cova-L-20260928-201630,f929db7f0404f03c17fe480f504da8ae3cfdbee5,1,1,b9394a55df0718e0c2862384f101bc746b522dc7acfbed649b0716c8d79c2363,['cpu'],"['reference_not_ranking', 'historical_competitors_not_rerun', 'system_resources_not_exclusive']"
cholesky2,cova_llvm_cpu_serial,default,fresh_process,observed,3.0709275180124678,cova-L-20260928-201630,f929db7f0404f03c17fe480f504da8ae3cfdbee5,2,2,b9394a55df0718e0c2862384f101bc746b522dc7acfbed649b0716c8d79c2363,['cpu'],"['reference_not_ranking', 'historical_competitors_not_rerun', 'system_resources_not_exclusive']"
cholesky2,cova_llvm_cpu_serial,default,same_process,observed,2.886665865953546,cova-L-20260928-201630,f929db7f0404f03c17fe480f504da8ae3cfdbee5,6,3,b9394a55df0718e0c2862384f101bc746b522dc7acfbed649b0716c8d79c2363,['cpu'],"['reference_not_ranking', 'historical_competitors_not_rerun', 'system_resources_not_exclusive']"
cholesky2,cova_llvm_cpu,default,initialization,observed,9.72430593392346,cova-L-20260928-201630,f929db7f0404f03c17fe480f504da8ae3cfdbee5,1,1,b9394a55df0718e0c2862384f101bc746b522dc7acfbed649b0716c8d79c2363,['cpu'],"['reference_not_ranking', 'historical_competitors_not_rerun', 'system_resources_not_exclusive']"
cholesky2,cova_llvm_cpu,default,fresh_process,observed,2.9699805380078033,cova-L-20260928-201630,f929db7f0404f03c17fe480f504da8ae3cfdbee5,2,2,b9394a55df0718e0c2862384f101bc746b522dc7acfbed649b0716c8d79c2363,['cpu'],"['reference_not_ranking', 'historical_competitors_not_rerun', 'system_resources_not_exclusive']"
cholesky2,cova_llvm_cpu,default,same_process,observed,3.028282910992857,cova-L-20260928-201630,f929db7f0404f03c17fe480f504da8ae3cfdbee5,6,3,b9394a55df0718e0c2862384f101bc746b522dc7acfbed649b0716c8d79c2363,['cpu'],"['reference_not_ranking', 'historical_competitors_not_rerun', 'system_resources_not_exclusive']"
cholesky2,cova_openmp_gpu,default,initialization,error,,cova-L-20260928-201630,f929db7f0404f03c17fe480f504da8ae3cfdbee5,0,0,b9394a55df0718e0c2862384f101bc746b522dc7acfbed649b0716c8d79c2363,[],"['reference_not_ranking', 'historical_competitors_not_rerun', 'system_resources_not_exclusive', 'gpu_placement_metadata_only']"
cholesky2,cova_openmp_gpu,default,fresh_process,error,,cova-L-20260928-201630,f929db7f0404f03c17fe480f504da8ae3cfdbee5,0,0,b9394a55df0718e0c2862384f101bc746b522dc7acfbed649b0716c8d79c2363,[],"['reference_not_ranking', 'historical_competitors_not_rerun', 'system_resources_not_exclusive', 'gpu_placement_metadata_only']"
cholesky2,cova_openmp_gpu,default,same_process,error,,cova-L-20260928-201630,f929db7f0404f03c17fe480f504da8ae3cfdbee5,0,0,b9394a55df0718e0c2862384f101bc746b522dc7acfbed649b0716c8d79c2363,[],"['reference_not_ranking', 'historical_competitors_not_rerun', 'system_resources_not_exclusive', 'gpu_placement_metadata_only']"
cholesky2,cova_llvm_gpu,default,initialization,observed,9.068094834103249,cova-L-20260928-201630,f929db7f0404f03c17fe480f504da8ae3cfdbee5,1,1,b9394a55df0718e0c2862384f101bc746b522dc7acfbed649b0716c8d79c2363,['gpu'],"['reference_not_ranking', 'historical_competitors_not_rerun', 'system_resources_not_exclusive', 'gpu_placement_metadata_only']"
cholesky2,cova_llvm_gpu,default,fresh_process,observed,2.4481562079745345,cova-L-20260928-201630,f929db7f0404f03c17fe480f504da8ae3cfdbee5,2,2,b9394a55df0718e0c2862384f101bc746b522dc7acfbed649b0716c8d79c2363,['gpu'],"['reference_not_ranking', 'historical_competitors_not_rerun', 'system_resources_not_exclusive', 'gpu_placement_metadata_only']"
cholesky2,cova_llvm_gpu,default,same_process,observed,2.1576524000265636,cova-L-20260928-201630,f929db7f0404f03c17fe480f504da8ae3cfdbee5,6,3,b9394a55df0718e0c2862384f101bc746b522dc7acfbed649b0716c8d79c2363,['gpu'],"['reference_not_ranking', 'historical_competitors_not_rerun', 'system_resources_not_exclusive', 'gpu_placement_metadata_only']"
compute,cova_serial_cpu,default,initialization,observed,5.2378139439970255,cova-L-20260928-201630,f929db7f0404f03c17fe480f504da8ae3cfdbee5,1,1,c95ef8e4674e9795c2c4376c3b88240655d27d77a534d2db1cf991c275146691,['cpu'],"['reference_not_ranking', 'historical_competitors_not_rerun', 'system_resources_not_exclusive']"
compute,cova_serial_cpu,default,fresh_process,observed,2.5426140059717,cova-L-20260928-201630,f929db7f0404f03c17fe480f504da8ae3cfdbee5,2,2,c95ef8e4674e9795c2c4376c3b88240655d27d77a534d2db1cf991c275146691,['cpu'],"['reference_not_ranking', 'historical_competitors_not_rerun', 'system_resources_not_exclusive']"
compute,cova_serial_cpu,default,same_process,observed,1.5789608679478988,cova-L-20260928-201630,f929db7f0404f03c17fe480f504da8ae3cfdbee5,6,3,c95ef8e4674e9795c2c4376c3b88240655d27d77a534d2db1cf991c275146691,['cpu'],"['reference_not_ranking', 'historical_competitors_not_rerun', 'system_resources_not_exclusive']"
compute,cova_openmp_cpu,default,initialization,observed,2.4562246059067547,cova-L-20260928-201630,f929db7f0404f03c17fe480f504da8ae3cfdbee5,1,1,c95ef8e4674e9795c2c4376c3b88240655d27d77a534d2db1cf991c275146691,['cpu'],"['reference_not_ranking', 'historical_competitors_not_rerun', 'system_resources_not_exclusive']"
compute,cova_openmp_cpu,default,fresh_process,observed,0.16123202949529514,cova-L-20260928-201630,f929db7f0404f03c17fe480f504da8ae3cfdbee5,2,2,c95ef8e4674e9795c2c4376c3b88240655d27d77a534d2db1cf991c275146691,['cpu'],"['reference_not_ranking', 'historical_competitors_not_rerun', 'system_resources_not_exclusive']"
compute,cova_openmp_cpu,default,same_process,observed,0.13482498098164797,cova-L-20260928-201630,f929db7f0404f03c17fe480f504da8ae3cfdbee5,6,3,c95ef8e4674e9795c2c4376c3b88240655d27d77a534d2db1cf991c275146691,['cpu'],"['reference_not_ranking', 'historical_competitors_not_rerun', 'system_resources_not_exclusive']"
compute,cova_llvm_cpu_serial,default,initialization,observed,4.8592374889412895,cova-L-20260928-201630,f929db7f0404f03c17fe480f504da8ae3cfdbee5,1,1,c95ef8e4674e9795c2c4376c3b88240655d27d77a534d2db1cf991c275146691,['cpu'],"['reference_not_ranking', 'historical_competitors_not_rerun', 'system_resources_not_exclusive']"
compute,cova_llvm_cpu_serial,default,fresh_process,observed,2.432818396948278,cova-L-20260928-201630,f929db7f0404f03c17fe480f504da8ae3cfdbee5,2,2,c95ef8e4674e9795c2c4376c3b88240655d27d77a534d2db1cf991c275146691,['cpu'],"['reference_not_ranking', 'historical_competitors_not_rerun', 'system_resources_not_exclusive']"
compute,cova_llvm_cpu_serial,default,same_process,observed,2.541749065509066,cova-L-20260928-201630,f929db7f0404f03c17fe480f504da8ae3cfdbee5,6,3,c95ef8e4674e9795c2c4376c3b88240655d27d77a534d2db1cf991c275146691,['cpu'],"['reference_not_ranking', 'historical_competitors_not_rerun', 'system_resources_not_exclusive']"
compute,cova_llvm_cpu,default,initialization,observed,4.9459055660991,cova-L-20260928-201630,f929db7f0404f03c17fe480f504da8ae3cfdbee5,1,1,c95ef8e4674e9795c2c4376c3b88240655d27d77a534d2db1cf991c275146691,['cpu'],"['reference_not_ranking', 'historical_competitors_not_rerun', 'system_resources_not_exclusive']"
compute,cova_llvm_cpu,default,fresh_process,observed,2.0235251849517226,cova-L-20260928-201630,f929db7f0404f03c17fe480f504da8ae3cfdbee5,2,2,c95ef8e4674e9795c2c4376c3b88240655d27d77a534d2db1cf991c275146691,['cpu'],"['reference_not_ranking', 'historical_competitors_not_rerun', 'system_resources_not_exclusive']"
compute,cova_llvm_cpu,default,same_process,observed,2.3861887420061976,cova-L-20260928-201630,f929db7f0404f03c17fe480f504da8ae3cfdbee5,6,3,c95ef8e4674e9795c2c4376c3b88240655d27d77a534d2db1cf991c275146691,['cpu'],"['reference_not_ranking', 'historical_competitors_not_rerun', 'system_resources_not_exclusive']"
compute,cova_openmp_gpu,default,initialization,observed,15.722661380073987,cova-L-20260928-201630,f929db7f0404f03c17fe480f504da8ae3cfdbee5,1,1,c95ef8e4674e9795c2c4376c3b88240655d27d77a534d2db1cf991c275146691,['gpu'],"['reference_not_ranking', 'historical_competitors_not_rerun', 'system_resources_not_exclusive', 'gpu_placement_metadata_only']"
compute,cova_openmp_gpu,default,fresh_process,observed,10.47995990794152,cova-L-20260928-201630,f929db7f0404f03c17fe480f504da8ae3cfdbee5,2,2,c95ef8e4674e9795c2c4376c3b88240655d27d77a534d2db1cf991c275146691,['gpu'],"['reference_not_ranking', 'historical_competitors_not_rerun', 'system_resources_not_exclusive', 'gpu_placement_metadata_only']"
compute,cova_openmp_gpu,default,same_process,observed,10.194848740007728,cova-L-20260928-201630,f929db7f0404f03c17fe480f504da8ae3cfdbee5,6,3,c95ef8e4674e9795c2c4376c3b88240655d27d77a534d2db1cf991c275146691,['gpu'],"['reference_not_ranking', 'historical_competitors_not_rerun', 'system_resources_not_exclusive', 'gpu_placement_metadata_only']"
compute,cova_llvm_gpu,default,initialization,observed,5.326733494061045,cova-L-20260928-201630,f929db7f0404f03c17fe480f504da8ae3cfdbee5,1,1,c95ef8e4674e9795c2c4376c3b88240655d27d77a534d2db1cf991c275146691,['gpu'],"['reference_not_ranking', 'historical_competitors_not_rerun', 'system_resources_not_exclusive', 'gpu_placement_metadata_only']"
compute,cova_llvm_gpu,default,fresh_process,observed,1.0697616310208105,cova-L-20260928-201630,f929db7f0404f03c17fe480f504da8ae3cfdbee5,2,2,c95ef8e4674e9795c2c4376c3b88240655d27d77a534d2db1cf991c275146691,['gpu'],"['reference_not_ranking', 'historical_competitors_not_rerun', 'system_resources_not_exclusive', 'gpu_placement_metadata_only']"
compute,cova_llvm_gpu,default,same_process,observed,0.7411872415104881,cova-L-20260928-201630,f929db7f0404f03c17fe480f504da8ae3cfdbee5,6,3,c95ef8e4674e9795c2c4376c3b88240655d27d77a534d2db1cf991c275146691,['gpu'],"['reference_not_ranking', 'historical_competitors_not_rerun', 'system_resources_not_exclusive', 'gpu_placement_metadata_only']"
contour_integral,cova_serial_cpu,default,initialization,error,,cova-L-20260928-201630,f929db7f0404f03c17fe480f504da8ae3cfdbee5,0,0,96e60b8e822b16860d5bd015f984ac2828ce239aab0d0628d36a60c7c4be7697,[],"['reference_not_ranking', 'historical_competitors_not_rerun', 'system_resources_not_exclusive']"
contour_integral,cova_serial_cpu,default,fresh_process,error,,cova-L-20260928-201630,f929db7f0404f03c17fe480f504da8ae3cfdbee5,0,0,96e60b8e822b16860d5bd015f984ac2828ce239aab0d0628d36a60c7c4be7697,[],"['reference_not_ranking', 'historical_competitors_not_rerun', 'system_resources_not_exclusive']"
contour_integral,cova_serial_cpu,default,same_process,error,,cova-L-20260928-201630,f929db7f0404f03c17fe480f504da8ae3cfdbee5,0,0,96e60b8e822b16860d5bd015f984ac2828ce239aab0d0628d36a60c7c4be7697,[],"['reference_not_ranking', 'historical_competitors_not_rerun', 'system_resources_not_exclusive']"
contour_integral,cova_openmp_cpu,default,initialization,error,,cova-L-20260928-201630,f929db7f0404f03c17fe480f504da8ae3cfdbee5,0,0,96e60b8e822b16860d5bd015f984ac2828ce239aab0d0628d36a60c7c4be7697,[],"['reference_not_ranking', 'historical_competitors_not_rerun', 'system_resources_not_exclusive']"
contour_integral,cova_openmp_cpu,default,fresh_process,error,,cova-L-20260928-201630,f929db7f0404f03c17fe480f504da8ae3cfdbee5,0,0,96e60b8e822b16860d5bd015f984ac2828ce239aab0d0628d36a60c7c4be7697,[],"['reference_not_ranking', 'historical_competitors_not_rerun', 'system_resources_not_exclusive']"
contour_integral,cova_openmp_cpu,default,same_process,error,,cova-L-20260928-201630,f929db7f0404f03c17fe480f504da8ae3cfdbee5,0,0,96e60b8e822b16860d5bd015f984ac2828ce239aab0d0628d36a60c7c4be7697,[],"['reference_not_ranking', 'historical_competitors_not_rerun', 'system_resources_not_exclusive']"
contour_integral,cova_llvm_cpu_serial,default,initialization,observed,5.961969500058331,cova-L-20260928-201630,f929db7f0404f03c17fe480f504da8ae3cfdbee5,1,1,96e60b8e822b16860d5bd015f984ac2828ce239aab0d0628d36a60c7c4be7697,['cpu'],"['reference_not_ranking', 'historical_competitors_not_rerun', 'system_resources_not_exclusive']"
contour_integral,cova_llvm_cpu_serial,default,fresh_process,observed,1.019535118539352,cova-L-20260928-201630,f929db7f0404f03c17fe480f504da8ae3cfdbee5,2,2,96e60b8e822b16860d5bd015f984ac2828ce239aab0d0628d36a60c7c4be7697,['cpu'],"['reference_not_ranking', 'historical_competitors_not_rerun', 'system_resources_not_exclusive']"
contour_integral,cova_llvm_cpu_serial,default,same_process,observed,0.9664358585723676,cova-L-20260928-201630,f929db7f0404f03c17fe480f504da8ae3cfdbee5,6,3,96e60b8e822b16860d5bd015f984ac2828ce239aab0d0628d36a60c7c4be7697,['cpu'],"['reference_not_ranking', 'historical_competitors_not_rerun', 'system_resources_not_exclusive']"
contour_integral,cova_llvm_cpu,default,initialization,observed,9.6954259990016,cova-L-20260928-201630,f929db7f0404f03c17fe480f504da8ae3cfdbee5,1,1,96e60b8e822b16860d5bd015f984ac2828ce239aab0d0628d36a60c7c4be7697,['cpu'],"['reference_not_ranking', 'historical_competitors_not_rerun', 'system_resources_not_exclusive']"
contour_integral,cova_llvm_cpu,default,fresh_process,observed,2.85397522902349,cova-L-20260928-201630,f929db7f0404f03c17fe480f504da8ae3cfdbee5,2,2,96e60b8e822b16860d5bd015f984ac2828ce239aab0d0628d36a60c7c4be7697,['cpu'],"['reference_not_ranking', 'historical_competitors_not_rerun', 'system_resources_not_exclusive']"
contour_integral,cova_llvm_cpu,default,same_process,observed,4.5894971495145,cova-L-20260928-201630,f929db7f0404f03c17fe480f504da8ae3cfdbee5,6,3,96e60b8e822b16860d5bd015f984ac2828ce239aab0d0628d36a60c7c4be7697,['cpu'],"['reference_not_ranking', 'historical_competitors_not_rerun', 'system_resources_not_exclusive']"
contour_integral,cova_openmp_gpu,default,initialization,error,,cova-L-20260928-201630,f929db7f0404f03c17fe480f504da8ae3cfdbee5,0,0,96e60b8e822b16860d5bd015f984ac2828ce239aab0d0628d36a60c7c4be7697,[],"['reference_not_ranking', 'historical_competitors_not_rerun', 'system_resources_not_exclusive', 'gpu_placement_metadata_only']"
contour_integral,cova_openmp_gpu,default,fresh_process,error,,cova-L-20260928-201630,f929db7f0404f03c17fe480f504da8ae3cfdbee5,0,0,96e60b8e822b16860d5bd015f984ac2828ce239aab0d0628d36a60c7c4be7697,[],"['reference_not_ranking', 'historical_competitors_not_rerun', 'system_resources_not_exclusive', 'gpu_placement_metadata_only']"
contour_integral,cova_openmp_gpu,default,same_process,error,,cova-L-20260928-201630,f929db7f0404f03c17fe480f504da8ae3cfdbee5,0,0,96e60b8e822b16860d5bd015f984ac2828ce239aab0d0628d36a60c7c4be7697,[],"['reference_not_ranking', 'historical_competitors_not_rerun', 'system_resources_not_exclusive', 'gpu_placement_metadata_only']"
contour_integral,cova_llvm_gpu,default,initialization,observed,9.903908638982102,cova-L-20260928-201630,f929db7f0404f03c17fe480f504da8ae3cfdbee5,1,1,96e60b8e822b16860d5bd015f984ac2828ce239aab0d0628d36a60c7c4be7697,['mixed'],"['reference_not_ranking', 'historical_competitors_not_rerun', 'system_resources_not_exclusive', 'gpu_placement_metadata_only']"
contour_integral,cova_llvm_gpu,default,fresh_process,observed,2.398009811004158,cova-L-20260928-201630,f929db7f0404f03c17fe480f504da8ae3cfdbee5,2,2,96e60b8e822b16860d5bd015f984ac2828ce239aab0d0628d36a60c7c4be7697,['mixed'],"['reference_not_ranking', 'historical_competitors_not_rerun', 'system_resources_not_exclusive', 'gpu_placement_metadata_only']"
contour_integral,cova_llvm_gpu,default,same_process,observed,1.779351820005104,cova-L-20260928-201630,f929db7f0404f03c17fe480f504da8ae3cfdbee5,6,3,96e60b8e822b16860d5bd015f984ac2828ce239aab0d0628d36a60c7c4be7697,['mixed'],"['reference_not_ranking', 'historical_competitors_not_rerun', 'system_resources_not_exclusive', 'gpu_placement_metadata_only']"
conv2d_bias,cova_serial_cpu,default,initialization,observed,3.936728501925245,cova-L-20260928-201630,f929db7f0404f03c17fe480f504da8ae3cfdbee5,1,1,3652f4ad2c784bef2f715b7aa13d7e3a9d461dbdbed77498119dc3c0f00cc660,['cpu'],"['reference_not_ranking', 'historical_competitors_not_rerun', 'system_resources_not_exclusive']"
conv2d_bias,cova_serial_cpu,default,fresh_process,observed,0.10205570398829877,cova-L-20260928-201630,f929db7f0404f03c17fe480f504da8ae3cfdbee5,2,2,3652f4ad2c784bef2f715b7aa13d7e3a9d461dbdbed77498119dc3c0f00cc660,['cpu'],"['reference_not_ranking', 'historical_competitors_not_rerun', 'system_resources_not_exclusive']"
conv2d_bias,cova_serial_cpu,default,same_process,observed,0.10215217951918021,cova-L-20260928-201630,f929db7f0404f03c17fe480f504da8ae3cfdbee5,6,3,3652f4ad2c784bef2f715b7aa13d7e3a9d461dbdbed77498119dc3c0f00cc660,['cpu'],"['reference_not_ranking', 'historical_competitors_not_rerun', 'system_resources_not_exclusive']"
conv2d_bias,cova_openmp_cpu,default,initialization,observed,3.830874280887656,cova-L-20260928-201630,f929db7f0404f03c17fe480f504da8ae3cfdbee5,1,1,3652f4ad2c784bef2f715b7aa13d7e3a9d461dbdbed77498119dc3c0f00cc660,['cpu'],"['reference_not_ranking', 'historical_competitors_not_rerun', 'system_resources_not_exclusive']"
conv2d_bias,cova_openmp_cpu,default,fresh_process,observed,0.11334045504918322,cova-L-20260928-201630,f929db7f0404f03c17fe480f504da8ae3cfdbee5,2,2,3652f4ad2c784bef2f715b7aa13d7e3a9d461dbdbed77498119dc3c0f00cc660,['cpu'],"['reference_not_ranking', 'historical_competitors_not_rerun', 'system_resources_not_exclusive']"
conv2d_bias,cova_openmp_cpu,default,same_process,observed,0.11483303346903995,cova-L-20260928-201630,f929db7f0404f03c17fe480f504da8ae3cfdbee5,6,3,3652f4ad2c784bef2f715b7aa13d7e3a9d461dbdbed77498119dc3c0f00cc660,['cpu'],"['reference_not_ranking', 'historical_competitors_not_rerun', 'system_resources_not_exclusive']"
conv2d_bias,cova_llvm_cpu_serial,default,initialization,observed,2.063390418072231,cova-L-20260928-201630,f929db7f0404f03c17fe480f504da8ae3cfdbee5,1,1,3652f4ad2c784bef2f715b7aa13d7e3a9d461dbdbed77498119dc3c0f00cc660,['cpu'],"['reference_not_ranking', 'historical_competitors_not_rerun', 'system_resources_not_exclusive']"
conv2d_bias,cova_llvm_cpu_serial,default,fresh_process,observed,0.12110425700666383,cova-L-20260928-201630,f929db7f0404f03c17fe480f504da8ae3cfdbee5,2,2,3652f4ad2c784bef2f715b7aa13d7e3a9d461dbdbed77498119dc3c0f00cc660,['cpu'],"['reference_not_ranking', 'historical_competitors_not_rerun', 'system_resources_not_exclusive']"
conv2d_bias,cova_llvm_cpu_serial,default,same_process,observed,0.11325437400955707,cova-L-20260928-201630,f929db7f0404f03c17fe480f504da8ae3cfdbee5,6,3,3652f4ad2c784bef2f715b7aa13d7e3a9d461dbdbed77498119dc3c0f00cc660,['cpu'],"['reference_not_ranking', 'historical_competitors_not_rerun', 'system_resources_not_exclusive']"
conv2d_bias,cova_llvm_cpu,default,initialization,observed,2.715087083983235,cova-L-20260928-201630,f929db7f0404f03c17fe480f504da8ae3cfdbee5,1,1,3652f4ad2c784bef2f715b7aa13d7e3a9d461dbdbed77498119dc3c0f00cc660,['cpu'],"['reference_not_ranking', 'historical_competitors_not_rerun', 'system_resources_not_exclusive']"
conv2d_bias,cova_llvm_cpu,default,fresh_process,observed,0.16336718149250373,cova-L-20260928-201630,f929db7f0404f03c17fe480f504da8ae3cfdbee5,2,2,3652f4ad2c784bef2f715b7aa13d7e3a9d461dbdbed77498119dc3c0f00cc660,['cpu'],"['reference_not_ranking', 'historical_competitors_not_rerun', 'system_resources_not_exclusive']"
conv2d_bias,cova_llvm_cpu,default,same_process,observed,0.09234510356327519,cova-L-20260928-201630,f929db7f0404f03c17fe480f504da8ae3cfdbee5,6,3,3652f4ad2c784bef2f715b7aa13d7e3a9d461dbdbed77498119dc3c0f00cc660,['cpu'],"['reference_not_ranking', 'historical_competitors_not_rerun', 'system_resources_not_exclusive']"
conv2d_bias,cova_openmp_gpu,default,initialization,observed,6.866141962003894,cova-L-20260928-201630,f929db7f0404f03c17fe480f504da8ae3cfdbee5,1,1,3652f4ad2c784bef2f715b7aa13d7e3a9d461dbdbed77498119dc3c0f00cc660,['gpu'],"['reference_not_ranking', 'historical_competitors_not_rerun', 'system_resources_not_exclusive', 'gpu_placement_metadata_only']"
conv2d_bias,cova_openmp_gpu,default,fresh_process,observed,0.29348431900143623,cova-L-20260928-201630,f929db7f0404f03c17fe480f504da8ae3cfdbee5,2,2,3652f4ad2c784bef2f715b7aa13d7e3a9d461dbdbed77498119dc3c0f00cc660,['gpu'],"['reference_not_ranking', 'historical_competitors_not_rerun', 'system_resources_not_exclusive', 'gpu_placement_metadata_only']"
conv2d_bias,cova_openmp_gpu,default,same_process,observed,0.03771255846368149,cova-L-20260928-201630,f929db7f0404f03c17fe480f504da8ae3cfdbee5,6,3,3652f4ad2c784bef2f715b7aa13d7e3a9d461dbdbed77498119dc3c0f00cc660,['gpu'],"['reference_not_ranking', 'historical_competitors_not_rerun', 'system_resources_not_exclusive', 'gpu_placement_metadata_only']"
conv2d_bias,cova_llvm_gpu,default,initialization,observed,15.234620747040026,cova-L-20260928-201630,f929db7f0404f03c17fe480f504da8ae3cfdbee5,1,1,3652f4ad2c784bef2f715b7aa13d7e3a9d461dbdbed77498119dc3c0f00cc660,['mixed'],"['reference_not_ranking', 'historical_competitors_not_rerun', 'system_resources_not_exclusive', 'gpu_placement_metadata_only']"
conv2d_bias,cova_llvm_gpu,default,fresh_process,observed,9.616525628021918,cova-L-20260928-201630,f929db7f0404f03c17fe480f504da8ae3cfdbee5,2,2,3652f4ad2c784bef2f715b7aa13d7e3a9d461dbdbed77498119dc3c0f00cc660,['mixed'],"['reference_not_ranking', 'historical_competitors_not_rerun', 'system_resources_not_exclusive', 'gpu_placement_metadata_only']"
conv2d_bias,cova_llvm_gpu,default,same_process,observed,8.747843002493028,cova-L-20260928-201630,f929db7f0404f03c17fe480f504da8ae3cfdbee5,6,3,3652f4ad2c784bef2f715b7aa13d7e3a9d461dbdbed77498119dc3c0f00cc660,['mixed'],"['reference_not_ranking', 'historical_competitors_not_rerun', 'system_resources_not_exclusive', 'gpu_placement_metadata_only']"
correlation,cova_serial_cpu,default,initialization,observed,10.175759400939569,cova-L-20260928-201630,f929db7f0404f03c17fe480f504da8ae3cfdbee5,1,1,90af084039550dbfa1b2c0aafc8d4694c42209b191fd5b47f0314658efaf5513,['cpu'],"['reference_not_ranking', 'historical_competitors_not_rerun', 'system_resources_not_exclusive']"
correlation,cova_serial_cpu,default,fresh_process,observed,7.8386273515061475,cova-L-20260928-201630,f929db7f0404f03c17fe480f504da8ae3cfdbee5,2,2,90af084039550dbfa1b2c0aafc8d4694c42209b191fd5b47f0314658efaf5513,['cpu'],"['reference_not_ranking', 'historical_competitors_not_rerun', 'system_resources_not_exclusive']"
correlation,cova_serial_cpu,default,same_process,observed,7.0191948335268535,cova-L-20260928-201630,f929db7f0404f03c17fe480f504da8ae3cfdbee5,6,3,90af084039550dbfa1b2c0aafc8d4694c42209b191fd5b47f0314658efaf5513,['cpu'],"['reference_not_ranking', 'historical_competitors_not_rerun', 'system_resources_not_exclusive']"
correlation,cova_openmp_cpu,default,initialization,observed,8.083362439996563,cova-L-20260928-201630,f929db7f0404f03c17fe480f504da8ae3cfdbee5,1,1,90af084039550dbfa1b2c0aafc8d4694c42209b191fd5b47f0314658efaf5513,['cpu'],"['reference_not_ranking', 'historical_competitors_not_rerun', 'system_resources_not_exclusive']"
correlation,cova_openmp_cpu,default,fresh_process,observed,4.696991148055531,cova-L-20260928-201630,f929db7f0404f03c17fe480f504da8ae3cfdbee5,2,2,90af084039550dbfa1b2c0aafc8d4694c42209b191fd5b47f0314658efaf5513,['cpu'],"['reference_not_ranking', 'historical_competitors_not_rerun', 'system_resources_not_exclusive']"
correlation,cova_openmp_cpu,default,same_process,observed,4.910981362510938,cova-L-20260928-201630,f929db7f0404f03c17fe480f504da8ae3cfdbee5,6,3,90af084039550dbfa1b2c0aafc8d4694c42209b191fd5b47f0314658efaf5513,['cpu'],"['reference_not_ranking', 'historical_competitors_not_rerun', 'system_resources_not_exclusive']"
correlation,cova_llvm_cpu_serial,default,initialization,observed,7.912483592052013,cova-L-20260928-201630,f929db7f0404f03c17fe480f504da8ae3cfdbee5,1,1,90af084039550dbfa1b2c0aafc8d4694c42209b191fd5b47f0314658efaf5513,['cpu'],"['reference_not_ranking', 'historical_competitors_not_rerun', 'system_resources_not_exclusive']"
correlation,cova_llvm_cpu_serial,default,fresh_process,observed,3.6024581550154835,cova-L-20260928-201630,f929db7f0404f03c17fe480f504da8ae3cfdbee5,2,2,90af084039550dbfa1b2c0aafc8d4694c42209b191fd5b47f0314658efaf5513,['cpu'],"['reference_not_ranking', 'historical_competitors_not_rerun', 'system_resources_not_exclusive']"
correlation,cova_llvm_cpu_serial,default,same_process,observed,3.252823132555932,cova-L-20260928-201630,f929db7f0404f03c17fe480f504da8ae3cfdbee5,6,3,90af084039550dbfa1b2c0aafc8d4694c42209b191fd5b47f0314658efaf5513,['cpu'],"['reference_not_ranking', 'historical_competitors_not_rerun', 'system_resources_not_exclusive']"
correlation,cova_llvm_cpu,default,initialization,observed,10.417378048994578,cova-L-20260928-201630,f929db7f0404f03c17fe480f504da8ae3cfdbee5,1,1,90af084039550dbfa1b2c0aafc8d4694c42209b191fd5b47f0314658efaf5513,['cpu'],"['reference_not_ranking', 'historical_competitors_not_rerun', 'system_resources_not_exclusive']"
correlation,cova_llvm_cpu,default,fresh_process,observed,3.928432831482496,cova-L-20260928-201630,f929db7f0404f03c17fe480f504da8ae3cfdbee5,2,2,90af084039550dbfa1b2c0aafc8d4694c42209b191fd5b47f0314658efaf5513,['cpu'],"['reference_not_ranking', 'historical_competitors_not_rerun', 'system_resources_not_exclusive']"
correlation,cova_llvm_cpu,default,same_process,observed,3.0969034819863737,cova-L-20260928-201630,f929db7f0404f03c17fe480f504da8ae3cfdbee5,6,3,90af084039550dbfa1b2c0aafc8d4694c42209b191fd5b47f0314658efaf5513,['cpu'],"['reference_not_ranking', 'historical_competitors_not_rerun', 'system_resources_not_exclusive']"
correlation,cova_openmp_gpu,default,initialization,observed,99.12778524891473,cova-L-20260928-201630,f929db7f0404f03c17fe480f504da8ae3cfdbee5,1,1,90af084039550dbfa1b2c0aafc8d4694c42209b191fd5b47f0314658efaf5513,['cpu'],"['reference_not_ranking', 'historical_competitors_not_rerun', 'system_resources_not_exclusive', 'gpu_placement_metadata_only']"
correlation,cova_openmp_gpu,default,fresh_process,observed,92.77036362193758,cova-L-20260928-201630,f929db7f0404f03c17fe480f504da8ae3cfdbee5,2,2,90af084039550dbfa1b2c0aafc8d4694c42209b191fd5b47f0314658efaf5513,['cpu'],"['reference_not_ranking', 'historical_competitors_not_rerun', 'system_resources_not_exclusive', 'gpu_placement_metadata_only']"
correlation,cova_openmp_gpu,default,same_process,observed,92.87090484600049,cova-L-20260928-201630,f929db7f0404f03c17fe480f504da8ae3cfdbee5,6,3,90af084039550dbfa1b2c0aafc8d4694c42209b191fd5b47f0314658efaf5513,['cpu'],"['reference_not_ranking', 'historical_competitors_not_rerun', 'system_resources_not_exclusive', 'gpu_placement_metadata_only']"
correlation,cova_llvm_gpu,default,initialization,observed,13.510740058962256,cova-L-20260928-201630,f929db7f0404f03c17fe480f504da8ae3cfdbee5,1,1,90af084039550dbfa1b2c0aafc8d4694c42209b191fd5b47f0314658efaf5513,['mixed'],"['reference_not_ranking', 'historical_competitors_not_rerun', 'system_resources_not_exclusive', 'gpu_placement_metadata_only']"
correlation,cova_llvm_gpu,default,fresh_process,observed,8.32807937799953,cova-L-20260928-201630,f929db7f0404f03c17fe480f504da8ae3cfdbee5,2,2,90af084039550dbfa1b2c0aafc8d4694c42209b191fd5b47f0314658efaf5513,['mixed'],"['reference_not_ranking', 'historical_competitors_not_rerun', 'system_resources_not_exclusive', 'gpu_placement_metadata_only']"
correlation,cova_llvm_gpu,default,same_process,observed,7.941280787985306,cova-L-20260928-201630,f929db7f0404f03c17fe480f504da8ae3cfdbee5,6,3,90af084039550dbfa1b2c0aafc8d4694c42209b191fd5b47f0314658efaf5513,['mixed'],"['reference_not_ranking', 'historical_competitors_not_rerun', 'system_resources_not_exclusive', 'gpu_placement_metadata_only']"
covariance,cova_serial_cpu,default,initialization,observed,11.272818302037194,cova-L-20260928-201630,f929db7f0404f03c17fe480f504da8ae3cfdbee5,1,1,af17a377caed2a970d699d0afa2fcc0382f2e0ec47bdab98c00e9bb2f70fcc48,['cpu'],"['reference_not_ranking', 'historical_competitors_not_rerun', 'system_resources_not_exclusive']"
covariance,cova_serial_cpu,default,fresh_process,observed,8.210375752532855,cova-L-20260928-201630,f929db7f0404f03c17fe480f504da8ae3cfdbee5,2,2,af17a377caed2a970d699d0afa2fcc0382f2e0ec47bdab98c00e9bb2f70fcc48,['cpu'],"['reference_not_ranking', 'historical_competitors_not_rerun', 'system_resources_not_exclusive']"
covariance,cova_serial_cpu,default,same_process,observed,6.728307288431097,cova-L-20260928-201630,f929db7f0404f03c17fe480f504da8ae3cfdbee5,6,3,af17a377caed2a970d699d0afa2fcc0382f2e0ec47bdab98c00e9bb2f70fcc48,['cpu'],"['reference_not_ranking', 'historical_competitors_not_rerun', 'system_resources_not_exclusive']"
covariance,cova_openmp_cpu,default,initialization,observed,10.562171144993044,cova-L-20260928-201630,f929db7f0404f03c17fe480f504da8ae3cfdbee5,1,1,af17a377caed2a970d699d0afa2fcc0382f2e0ec47bdab98c00e9bb2f70fcc48,['cpu'],"['reference_not_ranking', 'historical_competitors_not_rerun', 'system_resources_not_exclusive']"
covariance,cova_openmp_cpu,default,fresh_process,observed,6.434648203488905,cova-L-20260928-201630,f929db7f0404f03c17fe480f504da8ae3cfdbee5,2,2,af17a377caed2a970d699d0afa2fcc0382f2e0ec47bdab98c00e9bb2f70fcc48,['cpu'],"['reference_not_ranking', 'historical_competitors_not_rerun', 'system_resources_not_exclusive']"
covariance,cova_openmp_cpu,default,same_process,observed,5.996177764434833,cova-L-20260928-201630,f929db7f0404f03c17fe480f504da8ae3cfdbee5,6,3,af17a377caed2a970d699d0afa2fcc0382f2e0ec47bdab98c00e9bb2f70fcc48,['cpu'],"['reference_not_ranking', 'historical_competitors_not_rerun', 'system_resources_not_exclusive']"
covariance,cova_llvm_cpu_serial,default,initialization,observed,6.94585920101963,cova-L-20260928-201630,f929db7f0404f03c17fe480f504da8ae3cfdbee5,1,1,af17a377caed2a970d699d0afa2fcc0382f2e0ec47bdab98c00e9bb2f70fcc48,['cpu'],"['reference_not_ranking', 'historical_competitors_not_rerun', 'system_resources_not_exclusive']"
covariance,cova_llvm_cpu_serial,default,fresh_process,observed,2.6904327624943107,cova-L-20260928-201630,f929db7f0404f03c17fe480f504da8ae3cfdbee5,2,2,af17a377caed2a970d699d0afa2fcc0382f2e0ec47bdab98c00e9bb2f70fcc48,['cpu'],"['reference_not_ranking', 'historical_competitors_not_rerun', 'system_resources_not_exclusive']"
covariance,cova_llvm_cpu_serial,default,same_process,observed,2.729644239472691,cova-L-20260928-201630,f929db7f0404f03c17fe480f504da8ae3cfdbee5,6,3,af17a377caed2a970d699d0afa2fcc0382f2e0ec47bdab98c00e9bb2f70fcc48,['cpu'],"['reference_not_ranking', 'historical_competitors_not_rerun', 'system_resources_not_exclusive']"
covariance,cova_llvm_cpu,default,initialization,observed,10.698476759018376,cova-L-20260928-201630,f929db7f0404f03c17fe480f504da8ae3cfdbee5,1,1,af17a377caed2a970d699d0afa2fcc0382f2e0ec47bdab98c00e9bb2f70fcc48,['cpu'],"['reference_not_ranking', 'historical_competitors_not_rerun', 'system_resources_not_exclusive']"
covariance,cova_llvm_cpu,default,fresh_process,observed,3.217571679968387,cova-L-20260928-201630,f929db7f0404f03c17fe480f504da8ae3cfdbee5,2,2,af17a377caed2a970d699d0afa2fcc0382f2e0ec47bdab98c00e9bb2f70fcc48,['cpu'],"['reference_not_ranking', 'historical_competitors_not_rerun', 'system_resources_not_exclusive']"
covariance,cova_llvm_cpu,default,same_process,observed,2.666656156477984,cova-L-20260928-201630,f929db7f0404f03c17fe480f504da8ae3cfdbee5,6,3,af17a377caed2a970d699d0afa2fcc0382f2e0ec47bdab98c00e9bb2f70fcc48,['cpu'],"['reference_not_ranking', 'historical_competitors_not_rerun', 'system_resources_not_exclusive']"
covariance,cova_openmp_gpu,default,initialization,observed,95.23005832103081,cova-L-20260928-201630,f929db7f0404f03c17fe480f504da8ae3cfdbee5,1,1,af17a377caed2a970d699d0afa2fcc0382f2e0ec47bdab98c00e9bb2f70fcc48,['cpu'],"['reference_not_ranking', 'historical_competitors_not_rerun', 'system_resources_not_exclusive', 'gpu_placement_metadata_only']"
covariance,cova_openmp_gpu,default,fresh_process,observed,93.4750543195405,cova-L-20260928-201630,f929db7f0404f03c17fe480f504da8ae3cfdbee5,2,2,af17a377caed2a970d699d0afa2fcc0382f2e0ec47bdab98c00e9bb2f70fcc48,['cpu'],"['reference_not_ranking', 'historical_competitors_not_rerun', 'system_resources_not_exclusive', 'gpu_placement_metadata_only']"
covariance,cova_openmp_gpu,default,same_process,observed,92.09293391299434,cova-L-20260928-201630,f929db7f0404f03c17fe480f504da8ae3cfdbee5,6,3,af17a377caed2a970d699d0afa2fcc0382f2e0ec47bdab98c00e9bb2f70fcc48,['cpu'],"['reference_not_ranking', 'historical_competitors_not_rerun', 'system_resources_not_exclusive', 'gpu_placement_metadata_only']"
covariance,cova_llvm_gpu,default,initialization,observed,11.938636286999099,cova-L-20260928-201630,f929db7f0404f03c17fe480f504da8ae3cfdbee5,1,1,af17a377caed2a970d699d0afa2fcc0382f2e0ec47bdab98c00e9bb2f70fcc48,['mixed'],"['reference_not_ranking', 'historical_competitors_not_rerun', 'system_resources_not_exclusive', 'gpu_placement_metadata_only']"
covariance,cova_llvm_gpu,default,fresh_process,observed,7.631623482971918,cova-L-20260928-201630,f929db7f0404f03c17fe480f504da8ae3cfdbee5,2,2,af17a377caed2a970d699d0afa2fcc0382f2e0ec47bdab98c00e9bb2f70fcc48,['mixed'],"['reference_not_ranking', 'historical_competitors_not_rerun', 'system_resources_not_exclusive', 'gpu_placement_metadata_only']"
covariance,cova_llvm_gpu,default,same_process,observed,7.105547736457083,cova-L-20260928-201630,f929db7f0404f03c17fe480f504da8ae3cfdbee5,6,3,af17a377caed2a970d699d0afa2fcc0382f2e0ec47bdab98c00e9bb2f70fcc48,['mixed'],"['reference_not_ranking', 'historical_competitors_not_rerun', 'system_resources_not_exclusive', 'gpu_placement_metadata_only']"
covariance2,cova_serial_cpu,default,initialization,observed,30.15340120100882,cova-L-20260928-201630,f929db7f0404f03c17fe480f504da8ae3cfdbee5,1,1,e1424bc66fff5f5bb8acd9b4f317faa2af4ea1da59094eb63d32d82413d01c9b,['cpu'],"['reference_not_ranking', 'historical_competitors_not_rerun', 'system_resources_not_exclusive']"
covariance2,cova_serial_cpu,default,fresh_process,observed,27.928785131429322,cova-L-20260928-201630,f929db7f0404f03c17fe480f504da8ae3cfdbee5,2,2,e1424bc66fff5f5bb8acd9b4f317faa2af4ea1da59094eb63d32d82413d01c9b,['cpu'],"['reference_not_ranking', 'historical_competitors_not_rerun', 'system_resources_not_exclusive']"
covariance2,cova_serial_cpu,default,same_process,observed,27.696033061482012,cova-L-20260928-201630,f929db7f0404f03c17fe480f504da8ae3cfdbee5,6,3,e1424bc66fff5f5bb8acd9b4f317faa2af4ea1da59094eb63d32d82413d01c9b,['cpu'],"['reference_not_ranking', 'historical_competitors_not_rerun', 'system_resources_not_exclusive']"
covariance2,cova_openmp_cpu,default,initialization,observed,13.750669236062095,cova-L-20260928-201630,f929db7f0404f03c17fe480f504da8ae3cfdbee5,1,1,e1424bc66fff5f5bb8acd9b4f317faa2af4ea1da59094eb63d32d82413d01c9b,['cpu'],"['reference_not_ranking', 'historical_competitors_not_rerun', 'system_resources_not_exclusive']"
covariance2,cova_openmp_cpu,default,fresh_process,observed,4.204010468558408,cova-L-20260928-201630,f929db7f0404f03c17fe480f504da8ae3cfdbee5,2,2,e1424bc66fff5f5bb8acd9b4f317faa2af4ea1da59094eb63d32d82413d01c9b,['cpu'],"['reference_not_ranking', 'historical_competitors_not_rerun', 'system_resources_not_exclusive']"
covariance2,cova_openmp_cpu,default,same_process,observed,3.9619842685060576,cova-L-20260928-201630,f929db7f0404f03c17fe480f504da8ae3cfdbee5,6,3,e1424bc66fff5f5bb8acd9b4f317faa2af4ea1da59094eb63d32d82413d01c9b,['cpu'],"['reference_not_ranking', 'historical_competitors_not_rerun', 'system_resources_not_exclusive']"
covariance2,cova_llvm_cpu_serial,default,initialization,observed,4.770095530082472,cova-L-20260928-201630,f929db7f0404f03c17fe480f504da8ae3cfdbee5,1,1,e1424bc66fff5f5bb8acd9b4f317faa2af4ea1da59094eb63d32d82413d01c9b,['cpu'],"['reference_not_ranking', 'historical_competitors_not_rerun', 'system_resources_not_exclusive']"
covariance2,cova_llvm_cpu_serial,default,fresh_process,observed,0.6861900724470615,cova-L-20260928-201630,f929db7f0404f03c17fe480f504da8ae3cfdbee5,2,2,e1424bc66fff5f5bb8acd9b4f317faa2af4ea1da59094eb63d32d82413d01c9b,['cpu'],"['reference_not_ranking', 'historical_competitors_not_rerun', 'system_resources_not_exclusive']"
covariance2,cova_llvm_cpu_serial,default,same_process,observed,0.7685061839292757,cova-L-20260928-201630,f929db7f0404f03c17fe480f504da8ae3cfdbee5,6,3,e1424bc66fff5f5bb8acd9b4f317faa2af4ea1da59094eb63d32d82413d01c9b,['cpu'],"['reference_not_ranking', 'historical_competitors_not_rerun', 'system_resources_not_exclusive']"
covariance2,cova_llvm_cpu,default,initialization,observed,6.951446282095276,cova-L-20260928-201630,f929db7f0404f03c17fe480f504da8ae3cfdbee5,1,1,e1424bc66fff5f5bb8acd9b4f317faa2af4ea1da59094eb63d32d82413d01c9b,['cpu'],"['reference_not_ranking', 'historical_competitors_not_rerun', 'system_resources_not_exclusive']"
covariance2,cova_llvm_cpu,default,fresh_process,observed,0.8173116524703801,cova-L-20260928-201630,f929db7f0404f03c17fe480f504da8ae3cfdbee5,2,2,e1424bc66fff5f5bb8acd9b4f317faa2af4ea1da59094eb63d32d82413d01c9b,['cpu'],"['reference_not_ranking', 'historical_competitors_not_rerun', 'system_resources_not_exclusive']"
covariance2,cova_llvm_cpu,default,same_process,observed,0.7665313294273801,cova-L-20260928-201630,f929db7f0404f03c17fe480f504da8ae3cfdbee5,6,3,e1424bc66fff5f5bb8acd9b4f317faa2af4ea1da59094eb63d32d82413d01c9b,['cpu'],"['reference_not_ranking', 'historical_competitors_not_rerun', 'system_resources_not_exclusive']"
covariance2,cova_openmp_gpu,default,initialization,observed,8.435716708074324,cova-L-20260928-201630,f929db7f0404f03c17fe480f504da8ae3cfdbee5,1,1,e1424bc66fff5f5bb8acd9b4f317faa2af4ea1da59094eb63d32d82413d01c9b,['gpu'],"['reference_not_ranking', 'historical_competitors_not_rerun', 'system_resources_not_exclusive', 'gpu_placement_metadata_only']"
covariance2,cova_openmp_gpu,default,fresh_process,observed,1.6612288634642027,cova-L-20260928-201630,f929db7f0404f03c17fe480f504da8ae3cfdbee5,2,2,e1424bc66fff5f5bb8acd9b4f317faa2af4ea1da59094eb63d32d82413d01c9b,['gpu'],"['reference_not_ranking', 'historical_competitors_not_rerun', 'system_resources_not_exclusive', 'gpu_placement_metadata_only']"
covariance2,cova_openmp_gpu,default,same_process,observed,1.155945393955335,cova-L-20260928-201630,f929db7f0404f03c17fe480f504da8ae3cfdbee5,6,3,e1424bc66fff5f5bb8acd9b4f317faa2af4ea1da59094eb63d32d82413d01c9b,['gpu'],"['reference_not_ranking', 'historical_competitors_not_rerun', 'system_resources_not_exclusive', 'gpu_placement_metadata_only']"
covariance2,cova_llvm_gpu,default,initialization,observed,6.6991724480176345,cova-L-20260928-201630,f929db7f0404f03c17fe480f504da8ae3cfdbee5,1,1,e1424bc66fff5f5bb8acd9b4f317faa2af4ea1da59094eb63d32d82413d01c9b,['gpu'],"['reference_not_ranking', 'historical_competitors_not_rerun', 'system_resources_not_exclusive', 'gpu_placement_metadata_only']"
covariance2,cova_llvm_gpu,default,fresh_process,observed,0.7613068299833685,cova-L-20260928-201630,f929db7f0404f03c17fe480f504da8ae3cfdbee5,2,2,e1424bc66fff5f5bb8acd9b4f317faa2af4ea1da59094eb63d32d82413d01c9b,['gpu'],"['reference_not_ranking', 'historical_competitors_not_rerun', 'system_resources_not_exclusive', 'gpu_placement_metadata_only']"
covariance2,cova_llvm_gpu,default,same_process,observed,0.28097193100256845,cova-L-20260928-201630,f929db7f0404f03c17fe480f504da8ae3cfdbee5,6,3,e1424bc66fff5f5bb8acd9b4f317faa2af4ea1da59094eb63d32d82413d01c9b,['gpu'],"['reference_not_ranking', 'historical_competitors_not_rerun', 'system_resources_not_exclusive', 'gpu_placement_metadata_only']"
crc16,cova_serial_cpu,default,initialization,observed,1.8333966879872605,cova-L-20260928-201630,f929db7f0404f03c17fe480f504da8ae3cfdbee5,1,1,f5e374255acb40d3b61ef049439a216956523578089519cdbac1c787454c279b,['cpu'],"['reference_not_ranking', 'historical_competitors_not_rerun', 'system_resources_not_exclusive']"
crc16,cova_serial_cpu,default,fresh_process,observed,0.022641889518126845,cova-L-20260928-201630,f929db7f0404f03c17fe480f504da8ae3cfdbee5,2,2,f5e374255acb40d3b61ef049439a216956523578089519cdbac1c787454c279b,['cpu'],"['reference_not_ranking', 'historical_competitors_not_rerun', 'system_resources_not_exclusive']"
crc16,cova_serial_cpu,default,same_process,observed,0.01902352599427104,cova-L-20260928-201630,f929db7f0404f03c17fe480f504da8ae3cfdbee5,6,3,f5e374255acb40d3b61ef049439a216956523578089519cdbac1c787454c279b,['cpu'],"['reference_not_ranking', 'historical_competitors_not_rerun', 'system_resources_not_exclusive']"
crc16,cova_openmp_cpu,default,initialization,observed,2.199529033037834,cova-L-20260928-201630,f929db7f0404f03c17fe480f504da8ae3cfdbee5,1,1,f5e374255acb40d3b61ef049439a216956523578089519cdbac1c787454c279b,['cpu'],"['reference_not_ranking', 'historical_competitors_not_rerun', 'system_resources_not_exclusive']"
crc16,cova_openmp_cpu,default,fresh_process,observed,0.02492326602805406,cova-L-20260928-201630,f929db7f0404f03c17fe480f504da8ae3cfdbee5,2,2,f5e374255acb40d3b61ef049439a216956523578089519cdbac1c787454c279b,['cpu'],"['reference_not_ranking', 'historical_competitors_not_rerun', 'system_resources_not_exclusive']"
crc16,cova_openmp_cpu,default,same_process,observed,0.021851786528714,cova-L-20260928-201630,f929db7f0404f03c17fe480f504da8ae3cfdbee5,6,3,f5e374255acb40d3b61ef049439a216956523578089519cdbac1c787454c279b,['cpu'],"['reference_not_ranking', 'historical_competitors_not_rerun', 'system_resources_not_exclusive']"
crc16,cova_llvm_cpu_serial,default,initialization,observed,1.4583041480509564,cova-L-20260928-201630,f929db7f0404f03c17fe480f504da8ae3cfdbee5,1,1,f5e374255acb40d3b61ef049439a216956523578089519cdbac1c787454c279b,['cpu'],"['reference_not_ranking', 'historical_competitors_not_rerun', 'system_resources_not_exclusive']"
crc16,cova_llvm_cpu_serial,default,fresh_process,observed,0.025642117019742727,cova-L-20260928-201630,f929db7f0404f03c17fe480f504da8ae3cfdbee5,2,2,f5e374255acb40d3b61ef049439a216956523578089519cdbac1c787454c279b,['cpu'],"['reference_not_ranking', 'historical_competitors_not_rerun', 'system_resources_not_exclusive']"
crc16,cova_llvm_cpu_serial,default,same_process,observed,0.022173692006617785,cova-L-20260928-201630,f929db7f0404f03c17fe480f504da8ae3cfdbee5,6,3,f5e374255acb40d3b61ef049439a216956523578089519cdbac1c787454c279b,['cpu'],"['reference_not_ranking', 'historical_competitors_not_rerun', 'system_resources_not_exclusive']"
crc16,cova_llvm_cpu,default,initialization,observed,1.7196037139510736,cova-L-20260928-201630,f929db7f0404f03c17fe480f504da8ae3cfdbee5,1,1,f5e374255acb40d3b61ef049439a216956523578089519cdbac1c787454c279b,['cpu'],"['reference_not_ranking', 'historical_competitors_not_rerun', 'system_resources_not_exclusive']"
crc16,cova_llvm_cpu,default,fresh_process,observed,0.02429186803055927,cova-L-20260928-201630,f929db7f0404f03c17fe480f504da8ae3cfdbee5,2,2,f5e374255acb40d3b61ef049439a216956523578089519cdbac1c787454c279b,['cpu'],"['reference_not_ranking', 'historical_competitors_not_rerun', 'system_resources_not_exclusive']"
crc16,cova_llvm_cpu,default,same_process,observed,0.021892992954235524,cova-L-20260928-201630,f929db7f0404f03c17fe480f504da8ae3cfdbee5,6,3,f5e374255acb40d3b61ef049439a216956523578089519cdbac1c787454c279b,['cpu'],"['reference_not_ranking', 'historical_competitors_not_rerun', 'system_resources_not_exclusive']"
crc16,cova_openmp_gpu,default,initialization,observed,5.088930920930579,cova-L-20260928-201630,f929db7f0404f03c17fe480f504da8ae3cfdbee5,1,1,f5e374255acb40d3b61ef049439a216956523578089519cdbac1c787454c279b,['gpu'],"['reference_not_ranking', 'historical_competitors_not_rerun', 'system_resources_not_exclusive', 'gpu_placement_metadata_only']"
crc16,cova_openmp_gpu,default,fresh_process,observed,0.3588389554643072,cova-L-20260928-201630,f929db7f0404f03c17fe480f504da8ae3cfdbee5,2,2,f5e374255acb40d3b61ef049439a216956523578089519cdbac1c787454c279b,['gpu'],"['reference_not_ranking', 'historical_competitors_not_rerun', 'system_resources_not_exclusive', 'gpu_placement_metadata_only']"
crc16,cova_openmp_gpu,default,same_process,observed,0.06216784502612427,cova-L-20260928-201630,f929db7f0404f03c17fe480f504da8ae3cfdbee5,6,3,f5e374255acb40d3b61ef049439a216956523578089519cdbac1c787454c279b,['gpu'],"['reference_not_ranking', 'historical_competitors_not_rerun', 'system_resources_not_exclusive', 'gpu_placement_metadata_only']"
crc16,cova_llvm_gpu,default,initialization,observed,4.42689945991151,cova-L-20260928-201630,f929db7f0404f03c17fe480f504da8ae3cfdbee5,1,1,f5e374255acb40d3b61ef049439a216956523578089519cdbac1c787454c279b,['gpu'],"['reference_not_ranking', 'historical_competitors_not_rerun', 'system_resources_not_exclusive', 'gpu_placement_metadata_only']"
crc16,cova_llvm_gpu,default,fresh_process,observed,0.3718030280433595,cova-L-20260928-201630,f929db7f0404f03c17fe480f504da8ae3cfdbee5,2,2,f5e374255acb40d3b61ef049439a216956523578089519cdbac1c787454c279b,['gpu'],"['reference_not_ranking', 'historical_competitors_not_rerun', 'system_resources_not_exclusive', 'gpu_placement_metadata_only']"
crc16,cova_llvm_gpu,default,same_process,observed,0.11274997802684084,cova-L-20260928-201630,f929db7f0404f03c17fe480f504da8ae3cfdbee5,6,3,f5e374255acb40d3b61ef049439a216956523578089519cdbac1c787454c279b,['gpu'],"['reference_not_ranking', 'historical_competitors_not_rerun', 'system_resources_not_exclusive', 'gpu_placement_metadata_only']"
deriche,cova_serial_cpu,default,initialization,observed,3.972790589905344,cova-L-20260928-201630,f929db7f0404f03c17fe480f504da8ae3cfdbee5,1,1,86bedd90fc265ce6365b560b64f12b89d3c2d5bf501294f5352e2a58074f9840,['cpu'],"['reference_not_ranking', 'historical_competitors_not_rerun', 'system_resources_not_exclusive']"
deriche,cova_serial_cpu,default,fresh_process,observed,1.1063343929708935,cova-L-20260928-201630,f929db7f0404f03c17fe480f504da8ae3cfdbee5,2,2,86bedd90fc265ce6365b560b64f12b89d3c2d5bf501294f5352e2a58074f9840,['cpu'],"['reference_not_ranking', 'historical_competitors_not_rerun', 'system_resources_not_exclusive']"
deriche,cova_serial_cpu,default,same_process,observed,0.9946972824982367,cova-L-20260928-201630,f929db7f0404f03c17fe480f504da8ae3cfdbee5,6,3,86bedd90fc265ce6365b560b64f12b89d3c2d5bf501294f5352e2a58074f9840,['cpu'],"['reference_not_ranking', 'historical_competitors_not_rerun', 'system_resources_not_exclusive']"
deriche,cova_openmp_cpu,default,initialization,observed,6.95326350396499,cova-L-20260928-201630,f929db7f0404f03c17fe480f504da8ae3cfdbee5,1,1,86bedd90fc265ce6365b560b64f12b89d3c2d5bf501294f5352e2a58074f9840,['cpu'],"['reference_not_ranking', 'historical_competitors_not_rerun', 'system_resources_not_exclusive']"
deriche,cova_openmp_cpu,default,fresh_process,observed,3.564230524469167,cova-L-20260928-201630,f929db7f0404f03c17fe480f504da8ae3cfdbee5,2,2,86bedd90fc265ce6365b560b64f12b89d3c2d5bf501294f5352e2a58074f9840,['cpu'],"['reference_not_ranking', 'historical_competitors_not_rerun', 'system_resources_not_exclusive']"
deriche,cova_openmp_cpu,default,same_process,observed,3.8174687925493345,cova-L-20260928-201630,f929db7f0404f03c17fe480f504da8ae3cfdbee5,6,3,86bedd90fc265ce6365b560b64f12b89d3c2d5bf501294f5352e2a58074f9840,['cpu'],"['reference_not_ranking', 'historical_competitors_not_rerun', 'system_resources_not_exclusive']"
deriche,cova_llvm_cpu_serial,default,initialization,observed,3.800605883006938,cova-L-20260928-201630,f929db7f0404f03c17fe480f504da8ae3cfdbee5,1,1,86bedd90fc265ce6365b560b64f12b89d3c2d5bf501294f5352e2a58074f9840,['cpu'],"['reference_not_ranking', 'historical_competitors_not_rerun', 'system_resources_not_exclusive']"
deriche,cova_llvm_cpu_serial,default,fresh_process,observed,1.2323923390358686,cova-L-20260928-201630,f929db7f0404f03c17fe480f504da8ae3cfdbee5,2,2,86bedd90fc265ce6365b560b64f12b89d3c2d5bf501294f5352e2a58074f9840,['cpu'],"['reference_not_ranking', 'historical_competitors_not_rerun', 'system_resources_not_exclusive']"
deriche,cova_llvm_cpu_serial,default,same_process,observed,1.2500794865190983,cova-L-20260928-201630,f929db7f0404f03c17fe480f504da8ae3cfdbee5,6,3,86bedd90fc265ce6365b560b64f12b89d3c2d5bf501294f5352e2a58074f9840,['cpu'],"['reference_not_ranking', 'historical_competitors_not_rerun', 'system_resources_not_exclusive']"
deriche,cova_llvm_cpu,default,initialization,observed,8.100571756949648,cova-L-20260928-201630,f929db7f0404f03c17fe480f504da8ae3cfdbee5,1,1,86bedd90fc265ce6365b560b64f12b89d3c2d5bf501294f5352e2a58074f9840,['cpu'],"['reference_not_ranking', 'historical_competitors_not_rerun', 'system_resources_not_exclusive']"
deriche,cova_llvm_cpu,default,fresh_process,observed,4.264270424551796,cova-L-20260928-201630,f929db7f0404f03c17fe480f504da8ae3cfdbee5,2,2,86bedd90fc265ce6365b560b64f12b89d3c2d5bf501294f5352e2a58074f9840,['cpu'],"['reference_not_ranking', 'historical_competitors_not_rerun', 'system_resources_not_exclusive']"
deriche,cova_llvm_cpu,default,same_process,observed,3.6636836095131002,cova-L-20260928-201630,f929db7f0404f03c17fe480f504da8ae3cfdbee5,6,3,86bedd90fc265ce6365b560b64f12b89d3c2d5bf501294f5352e2a58074f9840,['cpu'],"['reference_not_ranking', 'historical_competitors_not_rerun', 'system_resources_not_exclusive']"
deriche,cova_openmp_gpu,default,initialization,observed,72.16364737704862,cova-L-20260928-201630,f929db7f0404f03c17fe480f504da8ae3cfdbee5,1,1,86bedd90fc265ce6365b560b64f12b89d3c2d5bf501294f5352e2a58074f9840,['gpu'],"['reference_not_ranking', 'historical_competitors_not_rerun', 'system_resources_not_exclusive', 'gpu_placement_metadata_only']"
deriche,cova_openmp_gpu,default,fresh_process,observed,63.27597548800986,cova-L-20260928-201630,f929db7f0404f03c17fe480f504da8ae3cfdbee5,2,2,86bedd90fc265ce6365b560b64f12b89d3c2d5bf501294f5352e2a58074f9840,['gpu'],"['reference_not_ranking', 'historical_competitors_not_rerun', 'system_resources_not_exclusive', 'gpu_placement_metadata_only']"
deriche,cova_openmp_gpu,default,same_process,observed,63.06336943001952,cova-L-20260928-201630,f929db7f0404f03c17fe480f504da8ae3cfdbee5,6,3,86bedd90fc265ce6365b560b64f12b89d3c2d5bf501294f5352e2a58074f9840,['gpu'],"['reference_not_ranking', 'historical_competitors_not_rerun', 'system_resources_not_exclusive', 'gpu_placement_metadata_only']"
deriche,cova_llvm_gpu,default,initialization,observed,11.175805746112019,cova-L-20260928-201630,f929db7f0404f03c17fe480f504da8ae3cfdbee5,1,1,86bedd90fc265ce6365b560b64f12b89d3c2d5bf501294f5352e2a58074f9840,['mixed'],"['reference_not_ranking', 'historical_competitors_not_rerun', 'system_resources_not_exclusive', 'gpu_placement_metadata_only']"
deriche,cova_llvm_gpu,default,fresh_process,observed,4.465986886527389,cova-L-20260928-201630,f929db7f0404f03c17fe480f504da8ae3cfdbee5,2,2,86bedd90fc265ce6365b560b64f12b89d3c2d5bf501294f5352e2a58074f9840,['mixed'],"['reference_not_ranking', 'historical_competitors_not_rerun', 'system_resources_not_exclusive', 'gpu_placement_metadata_only']"
deriche,cova_llvm_gpu,default,same_process,observed,4.585089775035158,cova-L-20260928-201630,f929db7f0404f03c17fe480f504da8ae3cfdbee5,6,3,86bedd90fc265ce6365b560b64f12b89d3c2d5bf501294f5352e2a58074f9840,['mixed'],"['reference_not_ranking', 'historical_competitors_not_rerun', 'system_resources_not_exclusive', 'gpu_placement_metadata_only']"
doitgen,cova_serial_cpu,default,initialization,observed,14.414366397075355,cova-L-20260928-201630,f929db7f0404f03c17fe480f504da8ae3cfdbee5,1,1,e54ec8efb6b8a7fe086a96f3c0074529002b4a5aad97bbd19161c0a49cf1bb9d,['cpu'],"['reference_not_ranking', 'historical_competitors_not_rerun', 'system_resources_not_exclusive']"
doitgen,cova_serial_cpu,default,fresh_process,observed,20.154259978036862,cova-L-20260928-201630,f929db7f0404f03c17fe480f504da8ae3cfdbee5,2,2,e54ec8efb6b8a7fe086a96f3c0074529002b4a5aad97bbd19161c0a49cf1bb9d,['cpu'],"['reference_not_ranking', 'historical_competitors_not_rerun', 'system_resources_not_exclusive']"
doitgen,cova_serial_cpu,default,same_process,observed,19.474258381989785,cova-L-20260928-201630,f929db7f0404f03c17fe480f504da8ae3cfdbee5,6,3,e54ec8efb6b8a7fe086a96f3c0074529002b4a5aad97bbd19161c0a49cf1bb9d,['cpu'],"['reference_not_ranking', 'historical_competitors_not_rerun', 'system_resources_not_exclusive']"
doitgen,cova_openmp_cpu,default,initialization,observed,3.531383616034873,cova-L-20260928-201630,f929db7f0404f03c17fe480f504da8ae3cfdbee5,1,1,e54ec8efb6b8a7fe086a96f3c0074529002b4a5aad97bbd19161c0a49cf1bb9d,['cpu'],"['reference_not_ranking', 'historical_competitors_not_rerun', 'system_resources_not_exclusive']"
doitgen,cova_openmp_cpu,default,fresh_process,observed,1.4239130999776535,cova-L-20260928-201630,f929db7f0404f03c17fe480f504da8ae3cfdbee5,2,2,e54ec8efb6b8a7fe086a96f3c0074529002b4a5aad97bbd19161c0a49cf1bb9d,['cpu'],"['reference_not_ranking', 'historical_competitors_not_rerun', 'system_resources_not_exclusive']"
doitgen,cova_openmp_cpu,default,same_process,observed,1.3704866685438901,cova-L-20260928-201630,f929db7f0404f03c17fe480f504da8ae3cfdbee5,6,3,e54ec8efb6b8a7fe086a96f3c0074529002b4a5aad97bbd19161c0a49cf1bb9d,['cpu'],"['reference_not_ranking', 'historical_competitors_not_rerun', 'system_resources_not_exclusive']"
doitgen,cova_llvm_cpu_serial,default,initialization,observed,4.130901528056711,cova-L-20260928-201630,f929db7f0404f03c17fe480f504da8ae3cfdbee5,1,1,e54ec8efb6b8a7fe086a96f3c0074529002b4a5aad97bbd19161c0a49cf1bb9d,['cpu'],"['reference_not_ranking', 'historical_competitors_not_rerun', 'system_resources_not_exclusive']"
doitgen,cova_llvm_cpu_serial,default,fresh_process,observed,0.6388373475056142,2026-09-29-complete-artifact-replay-cohorts,f929db7f0404f03c17fe480f504da8ae3cfdbee5,2,2,e54ec8efb6b8a7fe086a96f3c0074529002b4a5aad97bbd19161c0a49cf1bb9d,['cpu'],"['reference_not_ranking', 'historical_competitors_not_rerun', 'system_resources_not_exclusive', 'partial_matrix_overlay', 'mixed_sampling_dates', 'replay_only_no_initialization']"
doitgen,cova_llvm_cpu_serial,default,same_process,observed,0.6338562577730045,2026-09-29-complete-artifact-replay-cohorts,f929db7f0404f03c17fe480f504da8ae3cfdbee5,4,2,e54ec8efb6b8a7fe086a96f3c0074529002b4a5aad97bbd19161c0a49cf1bb9d,['cpu'],"['reference_not_ranking', 'historical_competitors_not_rerun', 'system_resources_not_exclusive', 'partial_matrix_overlay', 'mixed_sampling_dates', 'replay_only_no_initialization']"
doitgen,cova_llvm_cpu,default,initialization,observed,6.348757511004806,cova-L-20260928-201630,f929db7f0404f03c17fe480f504da8ae3cfdbee5,1,1,e54ec8efb6b8a7fe086a96f3c0074529002b4a5aad97bbd19161c0a49cf1bb9d,['cpu'],"['reference_not_ranking', 'historical_competitors_not_rerun', 'system_resources_not_exclusive']"
doitgen,cova_llvm_cpu,default,fresh_process,observed,0.6300930504803546,cova-L-20260928-201630,f929db7f0404f03c17fe480f504da8ae3cfdbee5,2,2,e54ec8efb6b8a7fe086a96f3c0074529002b4a5aad97bbd19161c0a49cf1bb9d,['cpu'],"['reference_not_ranking', 'historical_competitors_not_rerun', 'system_resources_not_exclusive']"
doitgen,cova_llvm_cpu,default,same_process,observed,0.49086573300883174,cova-L-20260928-201630,f929db7f0404f03c17fe480f504da8ae3cfdbee5,6,3,e54ec8efb6b8a7fe086a96f3c0074529002b4a5aad97bbd19161c0a49cf1bb9d,['cpu'],"['reference_not_ranking', 'historical_competitors_not_rerun', 'system_resources_not_exclusive']"
doitgen,cova_openmp_gpu,default,initialization,observed,6.749855902977288,cova-L-20260928-201630,f929db7f0404f03c17fe480f504da8ae3cfdbee5,1,1,e54ec8efb6b8a7fe086a96f3c0074529002b4a5aad97bbd19161c0a49cf1bb9d,['gpu'],"['reference_not_ranking', 'historical_competitors_not_rerun', 'system_resources_not_exclusive', 'gpu_placement_metadata_only']"
doitgen,cova_openmp_gpu,default,fresh_process,observed,0.5655261634383351,cova-L-20260928-201630,f929db7f0404f03c17fe480f504da8ae3cfdbee5,2,2,e54ec8efb6b8a7fe086a96f3c0074529002b4a5aad97bbd19161c0a49cf1bb9d,['gpu'],"['reference_not_ranking', 'historical_competitors_not_rerun', 'system_resources_not_exclusive', 'gpu_placement_metadata_only']"
doitgen,cova_openmp_gpu,default,same_process,observed,0.1439010759931989,cova-L-20260928-201630,f929db7f0404f03c17fe480f504da8ae3cfdbee5,6,3,e54ec8efb6b8a7fe086a96f3c0074529002b4a5aad97bbd19161c0a49cf1bb9d,['gpu'],"['reference_not_ranking', 'historical_competitors_not_rerun', 'system_resources_not_exclusive', 'gpu_placement_metadata_only']"
doitgen,cova_llvm_gpu,default,initialization,observed,7.569515140959993,cova-L-20260928-201630,f929db7f0404f03c17fe480f504da8ae3cfdbee5,1,1,e54ec8efb6b8a7fe086a96f3c0074529002b4a5aad97bbd19161c0a49cf1bb9d,['gpu'],"['reference_not_ranking', 'historical_competitors_not_rerun', 'system_resources_not_exclusive', 'gpu_placement_metadata_only']"
doitgen,cova_llvm_gpu,default,fresh_process,observed,0.8594423000467941,cova-L-20260928-201630,f929db7f0404f03c17fe480f504da8ae3cfdbee5,2,2,e54ec8efb6b8a7fe086a96f3c0074529002b4a5aad97bbd19161c0a49cf1bb9d,['gpu'],"['reference_not_ranking', 'historical_competitors_not_rerun', 'system_resources_not_exclusive', 'gpu_placement_metadata_only']"
doitgen,cova_llvm_gpu,default,same_process,observed,0.4320282835396938,cova-L-20260928-201630,f929db7f0404f03c17fe480f504da8ae3cfdbee5,6,3,e54ec8efb6b8a7fe086a96f3c0074529002b4a5aad97bbd19161c0a49cf1bb9d,['gpu'],"['reference_not_ranking', 'historical_competitors_not_rerun', 'system_resources_not_exclusive', 'gpu_placement_metadata_only']"
durbin,cova_serial_cpu,default,initialization,observed,4.66827398200985,cova-L-20260928-201630,f929db7f0404f03c17fe480f504da8ae3cfdbee5,1,1,ce8fe98cca13e7ff78b2059649cf38d58a3f2af294a834c6e4698392b4e95b14,['cpu'],"['reference_not_ranking', 'historical_competitors_not_rerun', 'system_resources_not_exclusive']"
durbin,cova_serial_cpu,default,fresh_process,observed,2.4969704165123403,cova-L-20260928-201630,f929db7f0404f03c17fe480f504da8ae3cfdbee5,2,2,ce8fe98cca13e7ff78b2059649cf38d58a3f2af294a834c6e4698392b4e95b14,['cpu'],"['reference_not_ranking', 'historical_competitors_not_rerun', 'system_resources_not_exclusive']"
durbin,cova_serial_cpu,default,same_process,observed,0.9361257194541395,cova-L-20260928-201630,f929db7f0404f03c17fe480f504da8ae3cfdbee5,6,3,ce8fe98cca13e7ff78b2059649cf38d58a3f2af294a834c6e4698392b4e95b14,['cpu'],"['reference_not_ranking', 'historical_competitors_not_rerun', 'system_resources_not_exclusive']"
durbin,cova_openmp_cpu,default,initialization,observed,5.126061202958226,cova-L-20260928-201630,f929db7f0404f03c17fe480f504da8ae3cfdbee5,1,1,ce8fe98cca13e7ff78b2059649cf38d58a3f2af294a834c6e4698392b4e95b14,['cpu'],"['reference_not_ranking', 'historical_competitors_not_rerun', 'system_resources_not_exclusive']"
durbin,cova_openmp_cpu,default,fresh_process,observed,2.852906175539829,cova-L-20260928-201630,f929db7f0404f03c17fe480f504da8ae3cfdbee5,2,2,ce8fe98cca13e7ff78b2059649cf38d58a3f2af294a834c6e4698392b4e95b14,['cpu'],"['reference_not_ranking', 'historical_competitors_not_rerun', 'system_resources_not_exclusive']"
durbin,cova_openmp_cpu,default,same_process,observed,2.118708426482044,cova-L-20260928-201630,f929db7f0404f03c17fe480f504da8ae3cfdbee5,6,3,ce8fe98cca13e7ff78b2059649cf38d58a3f2af294a834c6e4698392b4e95b14,['cpu'],"['reference_not_ranking', 'historical_competitors_not_rerun', 'system_resources_not_exclusive']"
durbin,cova_llvm_cpu_serial,default,initialization,observed,2.1981851200107485,cova-L-20260928-201630,f929db7f0404f03c17fe480f504da8ae3cfdbee5,1,1,ce8fe98cca13e7ff78b2059649cf38d58a3f2af294a834c6e4698392b4e95b14,['cpu'],"['reference_not_ranking', 'historical_competitors_not_rerun', 'system_resources_not_exclusive']"
durbin,cova_llvm_cpu_serial,default,fresh_process,observed,0.46679543651407585,cova-L-20260928-201630,f929db7f0404f03c17fe480f504da8ae3cfdbee5,2,2,ce8fe98cca13e7ff78b2059649cf38d58a3f2af294a834c6e4698392b4e95b14,['cpu'],"['reference_not_ranking', 'historical_competitors_not_rerun', 'system_resources_not_exclusive']"
durbin,cova_llvm_cpu_serial,default,same_process,observed,0.6051108905230649,cova-L-20260928-201630,f929db7f0404f03c17fe480f504da8ae3cfdbee5,6,3,ce8fe98cca13e7ff78b2059649cf38d58a3f2af294a834c6e4698392b4e95b14,['cpu'],"['reference_not_ranking', 'historical_competitors_not_rerun', 'system_resources_not_exclusive']"
durbin,cova_llvm_cpu,default,initialization,observed,2.3494570050388575,cova-L-20260928-201630,f929db7f0404f03c17fe480f504da8ae3cfdbee5,1,1,ce8fe98cca13e7ff78b2059649cf38d58a3f2af294a834c6e4698392b4e95b14,['cpu'],"['reference_not_ranking', 'historical_competitors_not_rerun', 'system_resources_not_exclusive']"
durbin,cova_llvm_cpu,default,fresh_process,observed,0.5372198390541598,cova-L-20260928-201630,f929db7f0404f03c17fe480f504da8ae3cfdbee5,2,2,ce8fe98cca13e7ff78b2059649cf38d58a3f2af294a834c6e4698392b4e95b14,['cpu'],"['reference_not_ranking', 'historical_competitors_not_rerun', 'system_resources_not_exclusive']"
durbin,cova_llvm_cpu,default,same_process,observed,0.47082965646404773,cova-L-20260928-201630,f929db7f0404f03c17fe480f504da8ae3cfdbee5,6,3,ce8fe98cca13e7ff78b2059649cf38d58a3f2af294a834c6e4698392b4e95b14,['cpu'],"['reference_not_ranking', 'historical_competitors_not_rerun', 'system_resources_not_exclusive']"
durbin,cova_openmp_gpu,default,initialization,observed,7.272732370067388,cova-L-20260928-201630,f929db7f0404f03c17fe480f504da8ae3cfdbee5,1,1,ce8fe98cca13e7ff78b2059649cf38d58a3f2af294a834c6e4698392b4e95b14,['cpu'],"['reference_not_ranking', 'historical_competitors_not_rerun', 'system_resources_not_exclusive', 'gpu_placement_metadata_only']"
durbin,cova_openmp_gpu,default,fresh_process,observed,2.6724065105081536,cova-L-20260928-201630,f929db7f0404f03c17fe480f504da8ae3cfdbee5,2,2,ce8fe98cca13e7ff78b2059649cf38d58a3f2af294a834c6e4698392b4e95b14,['cpu'],"['reference_not_ranking', 'historical_competitors_not_rerun', 'system_resources_not_exclusive', 'gpu_placement_metadata_only']"
durbin,cova_openmp_gpu,default,same_process,observed,2.184236183471512,cova-L-20260928-201630,f929db7f0404f03c17fe480f504da8ae3cfdbee5,6,3,ce8fe98cca13e7ff78b2059649cf38d58a3f2af294a834c6e4698392b4e95b14,['cpu'],"['reference_not_ranking', 'historical_competitors_not_rerun', 'system_resources_not_exclusive', 'gpu_placement_metadata_only']"
durbin,cova_llvm_gpu,default,initialization,observed,34.76166070403997,cova-L-20260928-201630,f929db7f0404f03c17fe480f504da8ae3cfdbee5,1,1,ce8fe98cca13e7ff78b2059649cf38d58a3f2af294a834c6e4698392b4e95b14,['mixed'],"['reference_not_ranking', 'historical_competitors_not_rerun', 'system_resources_not_exclusive', 'gpu_placement_metadata_only']"
durbin,cova_llvm_gpu,default,fresh_process,observed,30.033189960522577,cova-L-20260928-201630,f929db7f0404f03c17fe480f504da8ae3cfdbee5,2,2,ce8fe98cca13e7ff78b2059649cf38d58a3f2af294a834c6e4698392b4e95b14,['mixed'],"['reference_not_ranking', 'historical_competitors_not_rerun', 'system_resources_not_exclusive', 'gpu_placement_metadata_only']"
durbin,cova_llvm_gpu,default,same_process,observed,29.729754852014594,cova-L-20260928-201630,f929db7f0404f03c17fe480f504da8ae3cfdbee5,6,3,ce8fe98cca13e7ff78b2059649cf38d58a3f2af294a834c6e4698392b4e95b14,['mixed'],"['reference_not_ranking', 'historical_competitors_not_rerun', 'system_resources_not_exclusive', 'gpu_placement_metadata_only']"
fdtd_2d,cova_serial_cpu,default,initialization,observed,2.3043485780945048,cova-L-20260928-201630,f929db7f0404f03c17fe480f504da8ae3cfdbee5,1,1,ae503cf8154fbe07791342cfced3146fb8b1e03dbea637ba9add8796956ed94d,['cpu'],"['reference_not_ranking', 'historical_competitors_not_rerun', 'system_resources_not_exclusive']"
fdtd_2d,cova_serial_cpu,default,fresh_process,observed,0.1724336215411313,cova-L-20260928-201630,f929db7f0404f03c17fe480f504da8ae3cfdbee5,2,2,ae503cf8154fbe07791342cfced3146fb8b1e03dbea637ba9add8796956ed94d,['cpu'],"['reference_not_ranking', 'historical_competitors_not_rerun', 'system_resources_not_exclusive']"
fdtd_2d,cova_serial_cpu,default,same_process,observed,0.18318364402512088,cova-L-20260928-201630,f929db7f0404f03c17fe480f504da8ae3cfdbee5,6,3,ae503cf8154fbe07791342cfced3146fb8b1e03dbea637ba9add8796956ed94d,['cpu'],"['reference_not_ranking', 'historical_competitors_not_rerun', 'system_resources_not_exclusive']"
fdtd_2d,cova_openmp_cpu,default,initialization,observed,2.6961679731030017,cova-L-20260928-201630,f929db7f0404f03c17fe480f504da8ae3cfdbee5,1,1,ae503cf8154fbe07791342cfced3146fb8b1e03dbea637ba9add8796956ed94d,['cpu'],"['reference_not_ranking', 'historical_competitors_not_rerun', 'system_resources_not_exclusive']"
fdtd_2d,cova_openmp_cpu,default,fresh_process,observed,0.180599388491828,cova-L-20260928-201630,f929db7f0404f03c17fe480f504da8ae3cfdbee5,2,2,ae503cf8154fbe07791342cfced3146fb8b1e03dbea637ba9add8796956ed94d,['cpu'],"['reference_not_ranking', 'historical_competitors_not_rerun', 'system_resources_not_exclusive']"
fdtd_2d,cova_openmp_cpu,default,same_process,observed,0.1772136585204862,cova-L-20260928-201630,f929db7f0404f03c17fe480f504da8ae3cfdbee5,6,3,ae503cf8154fbe07791342cfced3146fb8b1e03dbea637ba9add8796956ed94d,['cpu'],"['reference_not_ranking', 'historical_competitors_not_rerun', 'system_resources_not_exclusive']"
fdtd_2d,cova_llvm_cpu_serial,default,initialization,observed,2.1251836059382185,cova-L-20260928-201630,f929db7f0404f03c17fe480f504da8ae3cfdbee5,1,1,ae503cf8154fbe07791342cfced3146fb8b1e03dbea637ba9add8796956ed94d,['cpu'],"['reference_not_ranking', 'historical_competitors_not_rerun', 'system_resources_not_exclusive']"
fdtd_2d,cova_llvm_cpu_serial,default,fresh_process,observed,0.16371217899722978,cova-L-20260928-201630,f929db7f0404f03c17fe480f504da8ae3cfdbee5,2,2,ae503cf8154fbe07791342cfced3146fb8b1e03dbea637ba9add8796956ed94d,['cpu'],"['reference_not_ranking', 'historical_competitors_not_rerun', 'system_resources_not_exclusive']"
fdtd_2d,cova_llvm_cpu_serial,default,same_process,observed,0.1835772134945728,cova-L-20260928-201630,f929db7f0404f03c17fe480f504da8ae3cfdbee5,6,3,ae503cf8154fbe07791342cfced3146fb8b1e03dbea637ba9add8796956ed94d,['cpu'],"['reference_not_ranking', 'historical_competitors_not_rerun', 'system_resources_not_exclusive']"
fdtd_2d,cova_llvm_cpu,default,initialization,observed,2.7914912999840453,cova-L-20260928-201630,f929db7f0404f03c17fe480f504da8ae3cfdbee5,1,1,ae503cf8154fbe07791342cfced3146fb8b1e03dbea637ba9add8796956ed94d,['cpu'],"['reference_not_ranking', 'historical_competitors_not_rerun', 'system_resources_not_exclusive']"
fdtd_2d,cova_llvm_cpu,default,fresh_process,observed,0.2628172205295414,cova-L-20260928-201630,f929db7f0404f03c17fe480f504da8ae3cfdbee5,2,2,ae503cf8154fbe07791342cfced3146fb8b1e03dbea637ba9add8796956ed94d,['cpu'],"['reference_not_ranking', 'historical_competitors_not_rerun', 'system_resources_not_exclusive']"
fdtd_2d,cova_llvm_cpu,default,same_process,observed,0.09976990503491834,cova-L-20260928-201630,f929db7f0404f03c17fe480f504da8ae3cfdbee5,6,3,ae503cf8154fbe07791342cfced3146fb8b1e03dbea637ba9add8796956ed94d,['cpu'],"['reference_not_ranking', 'historical_competitors_not_rerun', 'system_resources_not_exclusive']"
fdtd_2d,cova_openmp_gpu,default,initialization,observed,4.826653265976347,cova-L-20260928-201630,f929db7f0404f03c17fe480f504da8ae3cfdbee5,1,1,ae503cf8154fbe07791342cfced3146fb8b1e03dbea637ba9add8796956ed94d,['cpu'],"['reference_not_ranking', 'historical_competitors_not_rerun', 'system_resources_not_exclusive', 'gpu_placement_metadata_only']"
fdtd_2d,cova_openmp_gpu,default,fresh_process,observed,0.16460693249246106,cova-L-20260928-201630,f929db7f0404f03c17fe480f504da8ae3cfdbee5,2,2,ae503cf8154fbe07791342cfced3146fb8b1e03dbea637ba9add8796956ed94d,['cpu'],"['reference_not_ranking', 'historical_competitors_not_rerun', 'system_resources_not_exclusive', 'gpu_placement_metadata_only']"
fdtd_2d,cova_openmp_gpu,default,same_process,observed,0.19227502297144383,cova-L-20260928-201630,f929db7f0404f03c17fe480f504da8ae3cfdbee5,6,3,ae503cf8154fbe07791342cfced3146fb8b1e03dbea637ba9add8796956ed94d,['cpu'],"['reference_not_ranking', 'historical_competitors_not_rerun', 'system_resources_not_exclusive', 'gpu_placement_metadata_only']"
fdtd_2d,cova_llvm_gpu,default,initialization,observed,5.201178731047548,cova-L-20260928-201630,f929db7f0404f03c17fe480f504da8ae3cfdbee5,1,1,ae503cf8154fbe07791342cfced3146fb8b1e03dbea637ba9add8796956ed94d,['mixed'],"['reference_not_ranking', 'historical_competitors_not_rerun', 'system_resources_not_exclusive', 'gpu_placement_metadata_only']"
fdtd_2d,cova_llvm_gpu,default,fresh_process,observed,0.45944437448633835,cova-L-20260928-201630,f929db7f0404f03c17fe480f504da8ae3cfdbee5,2,2,ae503cf8154fbe07791342cfced3146fb8b1e03dbea637ba9add8796956ed94d,['mixed'],"['reference_not_ranking', 'historical_competitors_not_rerun', 'system_resources_not_exclusive', 'gpu_placement_metadata_only']"
fdtd_2d,cova_llvm_gpu,default,same_process,observed,0.15866987797198817,cova-L-20260928-201630,f929db7f0404f03c17fe480f504da8ae3cfdbee5,6,3,ae503cf8154fbe07791342cfced3146fb8b1e03dbea637ba9add8796956ed94d,['mixed'],"['reference_not_ranking', 'historical_competitors_not_rerun', 'system_resources_not_exclusive', 'gpu_placement_metadata_only']"
floyd_warshall,cova_serial_cpu,default,initialization,observed,4.372431489056908,cova-L-20260928-201630,f929db7f0404f03c17fe480f504da8ae3cfdbee5,1,1,d80d0f1e5dc1b065b6ae583f4925157116e2c98d49b252f8e02fa8c4ffe273fe,['cpu'],"['reference_not_ranking', 'historical_competitors_not_rerun', 'system_resources_not_exclusive']"
floyd_warshall,cova_serial_cpu,default,fresh_process,observed,1.7941024165484123,cova-L-20260928-201630,f929db7f0404f03c17fe480f504da8ae3cfdbee5,2,2,d80d0f1e5dc1b065b6ae583f4925157116e2c98d49b252f8e02fa8c4ffe273fe,['cpu'],"['reference_not_ranking', 'historical_competitors_not_rerun', 'system_resources_not_exclusive']"
floyd_warshall,cova_serial_cpu,default,same_process,observed,0.4586801074910909,cova-L-20260928-201630,f929db7f0404f03c17fe480f504da8ae3cfdbee5,6,3,d80d0f1e5dc1b065b6ae583f4925157116e2c98d49b252f8e02fa8c4ffe273fe,['cpu'],"['reference_not_ranking', 'historical_competitors_not_rerun', 'system_resources_not_exclusive']"
floyd_warshall,cova_openmp_cpu,default,initialization,observed,4.50662929401733,cova-L-20260928-201630,f929db7f0404f03c17fe480f504da8ae3cfdbee5,1,1,d80d0f1e5dc1b065b6ae583f4925157116e2c98d49b252f8e02fa8c4ffe273fe,['cpu'],"['reference_not_ranking', 'historical_competitors_not_rerun', 'system_resources_not_exclusive']"
floyd_warshall,cova_openmp_cpu,default,fresh_process,observed,2.1979969305102713,cova-L-20260928-201630,f929db7f0404f03c17fe480f504da8ae3cfdbee5,2,2,d80d0f1e5dc1b065b6ae583f4925157116e2c98d49b252f8e02fa8c4ffe273fe,['cpu'],"['reference_not_ranking', 'historical_competitors_not_rerun', 'system_resources_not_exclusive']"
floyd_warshall,cova_openmp_cpu,default,same_process,observed,1.8086544760153629,cova-L-20260928-201630,f929db7f0404f03c17fe480f504da8ae3cfdbee5,6,3,d80d0f1e5dc1b065b6ae583f4925157116e2c98d49b252f8e02fa8c4ffe273fe,['cpu'],"['reference_not_ranking', 'historical_competitors_not_rerun', 'system_resources_not_exclusive']"
floyd_warshall,cova_llvm_cpu_serial,default,initialization,observed,1.9726720290491357,cova-L-20260928-201630,f929db7f0404f03c17fe480f504da8ae3cfdbee5,1,1,d80d0f1e5dc1b065b6ae583f4925157116e2c98d49b252f8e02fa8c4ffe273fe,['cpu'],"['reference_not_ranking', 'historical_competitors_not_rerun', 'system_resources_not_exclusive']"
floyd_warshall,cova_llvm_cpu_serial,default,fresh_process,observed,0.23733436805196106,cova-L-20260928-201630,f929db7f0404f03c17fe480f504da8ae3cfdbee5,2,2,d80d0f1e5dc1b065b6ae583f4925157116e2c98d49b252f8e02fa8c4ffe273fe,['cpu'],"['reference_not_ranking', 'historical_competitors_not_rerun', 'system_resources_not_exclusive']"
floyd_warshall,cova_llvm_cpu_serial,default,same_process,observed,0.2924087254796177,cova-L-20260928-201630,f929db7f0404f03c17fe480f504da8ae3cfdbee5,6,3,d80d0f1e5dc1b065b6ae583f4925157116e2c98d49b252f8e02fa8c4ffe273fe,['cpu'],"['reference_not_ranking', 'historical_competitors_not_rerun', 'system_resources_not_exclusive']"
floyd_warshall,cova_llvm_cpu,default,initialization,observed,2.1623350440058857,cova-L-20260928-201630,f929db7f0404f03c17fe480f504da8ae3cfdbee5,1,1,d80d0f1e5dc1b065b6ae583f4925157116e2c98d49b252f8e02fa8c4ffe273fe,['cpu'],"['reference_not_ranking', 'historical_competitors_not_rerun', 'system_resources_not_exclusive']"
floyd_warshall,cova_llvm_cpu,default,fresh_process,observed,0.5990663559641689,cova-L-20260928-201630,f929db7f0404f03c17fe480f504da8ae3cfdbee5,2,2,d80d0f1e5dc1b065b6ae583f4925157116e2c98d49b252f8e02fa8c4ffe273fe,['cpu'],"['reference_not_ranking', 'historical_competitors_not_rerun', 'system_resources_not_exclusive']"
floyd_warshall,cova_llvm_cpu,default,same_process,observed,0.37801465002121404,cova-L-20260928-201630,f929db7f0404f03c17fe480f504da8ae3cfdbee5,6,3,d80d0f1e5dc1b065b6ae583f4925157116e2c98d49b252f8e02fa8c4ffe273fe,['cpu'],"['reference_not_ranking', 'historical_competitors_not_rerun', 'system_resources_not_exclusive']"
floyd_warshall,cova_openmp_gpu,default,initialization,observed,7.181550654000603,cova-L-20260928-201630,f929db7f0404f03c17fe480f504da8ae3cfdbee5,1,1,d80d0f1e5dc1b065b6ae583f4925157116e2c98d49b252f8e02fa8c4ffe273fe,['cpu'],"['reference_not_ranking', 'historical_competitors_not_rerun', 'system_resources_not_exclusive', 'gpu_placement_metadata_only']"
floyd_warshall,cova_openmp_gpu,default,fresh_process,observed,2.06623012048658,cova-L-20260928-201630,f929db7f0404f03c17fe480f504da8ae3cfdbee5,2,2,d80d0f1e5dc1b065b6ae583f4925157116e2c98d49b252f8e02fa8c4ffe273fe,['cpu'],"['reference_not_ranking', 'historical_competitors_not_rerun', 'system_resources_not_exclusive', 'gpu_placement_metadata_only']"
floyd_warshall,cova_openmp_gpu,default,same_process,observed,1.8137237819610164,cova-L-20260928-201630,f929db7f0404f03c17fe480f504da8ae3cfdbee5,6,3,d80d0f1e5dc1b065b6ae583f4925157116e2c98d49b252f8e02fa8c4ffe273fe,['cpu'],"['reference_not_ranking', 'historical_competitors_not_rerun', 'system_resources_not_exclusive', 'gpu_placement_metadata_only']"
floyd_warshall,cova_llvm_gpu,default,initialization,observed,6.68657619995065,cova-L-20260928-201630,f929db7f0404f03c17fe480f504da8ae3cfdbee5,1,1,d80d0f1e5dc1b065b6ae583f4925157116e2c98d49b252f8e02fa8c4ffe273fe,['mixed'],"['reference_not_ranking', 'historical_competitors_not_rerun', 'system_resources_not_exclusive', 'gpu_placement_metadata_only']"
floyd_warshall,cova_llvm_gpu,default,fresh_process,observed,2.579692827013787,cova-L-20260928-201630,f929db7f0404f03c17fe480f504da8ae3cfdbee5,2,2,d80d0f1e5dc1b065b6ae583f4925157116e2c98d49b252f8e02fa8c4ffe273fe,['mixed'],"['reference_not_ranking', 'historical_competitors_not_rerun', 'system_resources_not_exclusive', 'gpu_placement_metadata_only']"
floyd_warshall,cova_llvm_gpu,default,same_process,observed,2.125132854504045,cova-L-20260928-201630,f929db7f0404f03c17fe480f504da8ae3cfdbee5,6,3,d80d0f1e5dc1b065b6ae583f4925157116e2c98d49b252f8e02fa8c4ffe273fe,['mixed'],"['reference_not_ranking', 'historical_competitors_not_rerun', 'system_resources_not_exclusive', 'gpu_placement_metadata_only']"
gemm,cova_serial_cpu,default,initialization,observed,129.28485491499305,cova-L-20260928-201630,f929db7f0404f03c17fe480f504da8ae3cfdbee5,1,1,a7cad45e3e7e87c02c7a2df12b4f75774f21a5cca78b504ff8830be9107f34b6,['cpu'],"['reference_not_ranking', 'historical_competitors_not_rerun', 'system_resources_not_exclusive']"
gemm,cova_serial_cpu,default,fresh_process,observed,128.26898556645028,cova-L-20260928-201630,f929db7f0404f03c17fe480f504da8ae3cfdbee5,2,2,a7cad45e3e7e87c02c7a2df12b4f75774f21a5cca78b504ff8830be9107f34b6,['cpu'],"['reference_not_ranking', 'historical_competitors_not_rerun', 'system_resources_not_exclusive']"
gemm,cova_serial_cpu,default,same_process,observed,126.89496099646203,cova-L-20260928-201630,f929db7f0404f03c17fe480f504da8ae3cfdbee5,6,3,a7cad45e3e7e87c02c7a2df12b4f75774f21a5cca78b504ff8830be9107f34b6,['cpu'],"['reference_not_ranking', 'historical_competitors_not_rerun', 'system_resources_not_exclusive']"
gemm,cova_openmp_cpu,default,initialization,observed,36.01811963797081,cova-L-20260928-201630,f929db7f0404f03c17fe480f504da8ae3cfdbee5,1,1,a7cad45e3e7e87c02c7a2df12b4f75774f21a5cca78b504ff8830be9107f34b6,['cpu'],"['reference_not_ranking', 'historical_competitors_not_rerun', 'system_resources_not_exclusive']"
gemm,cova_openmp_cpu,default,fresh_process,observed,38.5924929875182,cova-L-20260928-201630,f929db7f0404f03c17fe480f504da8ae3cfdbee5,2,2,a7cad45e3e7e87c02c7a2df12b4f75774f21a5cca78b504ff8830be9107f34b6,['cpu'],"['reference_not_ranking', 'historical_competitors_not_rerun', 'system_resources_not_exclusive']"
gemm,cova_openmp_cpu,default,same_process,observed,49.69493565696757,cova-L-20260928-201630,f929db7f0404f03c17fe480f504da8ae3cfdbee5,6,3,a7cad45e3e7e87c02c7a2df12b4f75774f21a5cca78b504ff8830be9107f34b6,['cpu'],"['reference_not_ranking', 'historical_competitors_not_rerun', 'system_resources_not_exclusive']"
gemm,cova_llvm_cpu_serial,default,initialization,observed,5.974933146033436,cova-L-20260928-201630,f929db7f0404f03c17fe480f504da8ae3cfdbee5,1,1,a7cad45e3e7e87c02c7a2df12b4f75774f21a5cca78b504ff8830be9107f34b6,['cpu'],"['reference_not_ranking', 'historical_competitors_not_rerun', 'system_resources_not_exclusive']"
gemm,cova_llvm_cpu_serial,default,fresh_process,observed,2.2760211040149443,cova-L-20260928-201630,f929db7f0404f03c17fe480f504da8ae3cfdbee5,2,2,a7cad45e3e7e87c02c7a2df12b4f75774f21a5cca78b504ff8830be9107f34b6,['cpu'],"['reference_not_ranking', 'historical_competitors_not_rerun', 'system_resources_not_exclusive']"
gemm,cova_llvm_cpu_serial,default,same_process,observed,2.278116713045165,cova-L-20260928-201630,f929db7f0404f03c17fe480f504da8ae3cfdbee5,6,3,a7cad45e3e7e87c02c7a2df12b4f75774f21a5cca78b504ff8830be9107f34b6,['cpu'],"['reference_not_ranking', 'historical_competitors_not_rerun', 'system_resources_not_exclusive']"
gemm,cova_llvm_cpu,default,initialization,observed,7.653735970030539,cova-L-20260928-201630,f929db7f0404f03c17fe480f504da8ae3cfdbee5,1,1,a7cad45e3e7e87c02c7a2df12b4f75774f21a5cca78b504ff8830be9107f34b6,['cpu'],"['reference_not_ranking', 'historical_competitors_not_rerun', 'system_resources_not_exclusive']"
gemm,cova_llvm_cpu,default,fresh_process,observed,2.327492573938798,cova-L-20260928-201630,f929db7f0404f03c17fe480f504da8ae3cfdbee5,2,2,a7cad45e3e7e87c02c7a2df12b4f75774f21a5cca78b504ff8830be9107f34b6,['cpu'],"['reference_not_ranking', 'historical_competitors_not_rerun', 'system_resources_not_exclusive']"
gemm,cova_llvm_cpu,default,same_process,observed,2.2668781325337477,cova-L-20260928-201630,f929db7f0404f03c17fe480f504da8ae3cfdbee5,6,3,a7cad45e3e7e87c02c7a2df12b4f75774f21a5cca78b504ff8830be9107f34b6,['cpu'],"['reference_not_ranking', 'historical_competitors_not_rerun', 'system_resources_not_exclusive']"
gemm,cova_openmp_gpu,default,initialization,observed,6.957459765020758,cova-L-20260928-201630,f929db7f0404f03c17fe480f504da8ae3cfdbee5,1,1,a7cad45e3e7e87c02c7a2df12b4f75774f21a5cca78b504ff8830be9107f34b6,['gpu'],"['reference_not_ranking', 'historical_competitors_not_rerun', 'system_resources_not_exclusive', 'gpu_placement_metadata_only']"
gemm,cova_openmp_gpu,default,fresh_process,observed,1.0659690569736995,cova-L-20260928-201630,f929db7f0404f03c17fe480f504da8ae3cfdbee5,2,2,a7cad45e3e7e87c02c7a2df12b4f75774f21a5cca78b504ff8830be9107f34b6,['gpu'],"['reference_not_ranking', 'historical_competitors_not_rerun', 'system_resources_not_exclusive', 'gpu_placement_metadata_only']"
gemm,cova_openmp_gpu,default,same_process,observed,0.6779794279718772,cova-L-20260928-201630,f929db7f0404f03c17fe480f504da8ae3cfdbee5,6,3,a7cad45e3e7e87c02c7a2df12b4f75774f21a5cca78b504ff8830be9107f34b6,['gpu'],"['reference_not_ranking', 'historical_competitors_not_rerun', 'system_resources_not_exclusive', 'gpu_placement_metadata_only']"
gemm,cova_llvm_gpu,default,initialization,observed,7.350582251092419,cova-L-20260928-201630,f929db7f0404f03c17fe480f504da8ae3cfdbee5,1,1,a7cad45e3e7e87c02c7a2df12b4f75774f21a5cca78b504ff8830be9107f34b6,['gpu'],"['reference_not_ranking', 'historical_competitors_not_rerun', 'system_resources_not_exclusive', 'gpu_placement_metadata_only']"
gemm,cova_llvm_gpu,default,fresh_process,observed,0.6608990604872815,cova-L-20260928-201630,f929db7f0404f03c17fe480f504da8ae3cfdbee5,2,2,a7cad45e3e7e87c02c7a2df12b4f75774f21a5cca78b504ff8830be9107f34b6,['gpu'],"['reference_not_ranking', 'historical_competitors_not_rerun', 'system_resources_not_exclusive', 'gpu_placement_metadata_only']"
gemm,cova_llvm_gpu,default,same_process,observed,0.342451581498608,cova-L-20260928-201630,f929db7f0404f03c17fe480f504da8ae3cfdbee5,6,3,a7cad45e3e7e87c02c7a2df12b4f75774f21a5cca78b504ff8830be9107f34b6,['gpu'],"['reference_not_ranking', 'historical_competitors_not_rerun', 'system_resources_not_exclusive', 'gpu_placement_metadata_only']"
gemver,cova_serial_cpu,default,initialization,observed,3.9719502039952204,cova-L-20260928-201630,f929db7f0404f03c17fe480f504da8ae3cfdbee5,1,1,8f83d1ce5ccca10e01496b8b60f5d329e3f1f9e85ecb87f3b836424334239f88,['cpu'],"['reference_not_ranking', 'historical_competitors_not_rerun', 'system_resources_not_exclusive']"
gemver,cova_serial_cpu,default,fresh_process,observed,1.3103064260212705,cova-L-20260928-201630,f929db7f0404f03c17fe480f504da8ae3cfdbee5,2,2,8f83d1ce5ccca10e01496b8b60f5d329e3f1f9e85ecb87f3b836424334239f88,['cpu'],"['reference_not_ranking', 'historical_competitors_not_rerun', 'system_resources_not_exclusive']"
gemver,cova_serial_cpu,default,same_process,observed,0.6480611620354466,cova-L-20260928-201630,f929db7f0404f03c17fe480f504da8ae3cfdbee5,6,3,8f83d1ce5ccca10e01496b8b60f5d329e3f1f9e85ecb87f3b836424334239f88,['cpu'],"['reference_not_ranking', 'historical_competitors_not_rerun', 'system_resources_not_exclusive']"
gemver,cova_openmp_cpu,default,initialization,observed,4.455877632950433,cova-L-20260928-201630,f929db7f0404f03c17fe480f504da8ae3cfdbee5,1,1,8f83d1ce5ccca10e01496b8b60f5d329e3f1f9e85ecb87f3b836424334239f88,['cpu'],"['reference_not_ranking', 'historical_competitors_not_rerun', 'system_resources_not_exclusive']"
gemver,cova_openmp_cpu,default,fresh_process,observed,1.1958994294400327,cova-L-20260928-201630,f929db7f0404f03c17fe480f504da8ae3cfdbee5,2,2,8f83d1ce5ccca10e01496b8b60f5d329e3f1f9e85ecb87f3b836424334239f88,['cpu'],"['reference_not_ranking', 'historical_competitors_not_rerun', 'system_resources_not_exclusive']"
gemver,cova_openmp_cpu,default,same_process,observed,1.2435264235245995,cova-L-20260928-201630,f929db7f0404f03c17fe480f504da8ae3cfdbee5,6,3,8f83d1ce5ccca10e01496b8b60f5d329e3f1f9e85ecb87f3b836424334239f88,['cpu'],"['reference_not_ranking', 'historical_competitors_not_rerun', 'system_resources_not_exclusive']"
gemver,cova_llvm_cpu_serial,default,initialization,observed,4.793612205074169,cova-L-20260928-201630,f929db7f0404f03c17fe480f504da8ae3cfdbee5,1,1,8f83d1ce5ccca10e01496b8b60f5d329e3f1f9e85ecb87f3b836424334239f88,['cpu'],"['reference_not_ranking', 'historical_competitors_not_rerun', 'system_resources_not_exclusive']"
gemver,cova_llvm_cpu_serial,default,fresh_process,observed,0.31738038698676974,cova-L-20260928-201630,f929db7f0404f03c17fe480f504da8ae3cfdbee5,2,2,8f83d1ce5ccca10e01496b8b60f5d329e3f1f9e85ecb87f3b836424334239f88,['cpu'],"['reference_not_ranking', 'historical_competitors_not_rerun', 'system_resources_not_exclusive']"
gemver,cova_llvm_cpu_serial,default,same_process,observed,0.38027067499933764,cova-L-20260928-201630,f929db7f0404f03c17fe480f504da8ae3cfdbee5,6,3,8f83d1ce5ccca10e01496b8b60f5d329e3f1f9e85ecb87f3b836424334239f88,['cpu'],"['reference_not_ranking', 'historical_competitors_not_rerun', 'system_resources_not_exclusive']"
gemver,cova_llvm_cpu,default,initialization,observed,4.692990134935826,cova-L-20260928-201630,f929db7f0404f03c17fe480f504da8ae3cfdbee5,1,1,8f83d1ce5ccca10e01496b8b60f5d329e3f1f9e85ecb87f3b836424334239f88,['cpu'],"['reference_not_ranking', 'historical_competitors_not_rerun', 'system_resources_not_exclusive']"
gemver,cova_llvm_cpu,default,fresh_process,observed,1.6357422730652615,cova-L-20260928-201630,f929db7f0404f03c17fe480f504da8ae3cfdbee5,2,2,8f83d1ce5ccca10e01496b8b60f5d329e3f1f9e85ecb87f3b836424334239f88,['cpu'],"['reference_not_ranking', 'historical_competitors_not_rerun', 'system_resources_not_exclusive']"
gemver,cova_llvm_cpu,default,same_process,observed,1.3892481929506175,cova-L-20260928-201630,f929db7f0404f03c17fe480f504da8ae3cfdbee5,6,3,8f83d1ce5ccca10e01496b8b60f5d329e3f1f9e85ecb87f3b836424334239f88,['cpu'],"['reference_not_ranking', 'historical_competitors_not_rerun', 'system_resources_not_exclusive']"
gemver,cova_openmp_gpu,default,initialization,observed,7.64520761591848,cova-L-20260928-201630,f929db7f0404f03c17fe480f504da8ae3cfdbee5,1,1,8f83d1ce5ccca10e01496b8b60f5d329e3f1f9e85ecb87f3b836424334239f88,['gpu'],"['reference_not_ranking', 'historical_competitors_not_rerun', 'system_resources_not_exclusive', 'gpu_placement_metadata_only']"
gemver,cova_openmp_gpu,default,fresh_process,observed,0.8304231480578892,cova-L-20260928-201630,f929db7f0404f03c17fe480f504da8ae3cfdbee5,2,2,8f83d1ce5ccca10e01496b8b60f5d329e3f1f9e85ecb87f3b836424334239f88,['gpu'],"['reference_not_ranking', 'historical_competitors_not_rerun', 'system_resources_not_exclusive', 'gpu_placement_metadata_only']"
gemver,cova_openmp_gpu,default,same_process,observed,0.44183677848195657,cova-L-20260928-201630,f929db7f0404f03c17fe480f504da8ae3cfdbee5,6,3,8f83d1ce5ccca10e01496b8b60f5d329e3f1f9e85ecb87f3b836424334239f88,['gpu'],"['reference_not_ranking', 'historical_competitors_not_rerun', 'system_resources_not_exclusive', 'gpu_placement_metadata_only']"
gemver,cova_llvm_gpu,default,initialization,observed,9.152018076041713,cova-L-20260928-201630,f929db7f0404f03c17fe480f504da8ae3cfdbee5,1,1,8f83d1ce5ccca10e01496b8b60f5d329e3f1f9e85ecb87f3b836424334239f88,['gpu'],"['reference_not_ranking', 'historical_competitors_not_rerun', 'system_resources_not_exclusive', 'gpu_placement_metadata_only']"
gemver,cova_llvm_gpu,default,fresh_process,observed,0.7605220245895907,cova-L-20260928-201630,f929db7f0404f03c17fe480f504da8ae3cfdbee5,2,2,8f83d1ce5ccca10e01496b8b60f5d329e3f1f9e85ecb87f3b836424334239f88,['gpu'],"['reference_not_ranking', 'historical_competitors_not_rerun', 'system_resources_not_exclusive', 'gpu_placement_metadata_only']"
gemver,cova_llvm_gpu,default,same_process,observed,0.4526417714660056,cova-L-20260928-201630,f929db7f0404f03c17fe480f504da8ae3cfdbee5,6,3,8f83d1ce5ccca10e01496b8b60f5d329e3f1f9e85ecb87f3b836424334239f88,['gpu'],"['reference_not_ranking', 'historical_competitors_not_rerun', 'system_resources_not_exclusive', 'gpu_placement_metadata_only']"
gesummv,cova_serial_cpu,default,initialization,observed,5.299073674948886,cova-L-20260928-201630,f929db7f0404f03c17fe480f504da8ae3cfdbee5,1,1,603add7d548bef0a20a6309fbf3785c05014a0b3550717c6d424278bd55d2518,['cpu'],"['reference_not_ranking', 'historical_competitors_not_rerun', 'system_resources_not_exclusive']"
gesummv,cova_serial_cpu,default,fresh_process,observed,2.1866564879892394,cova-L-20260928-201630,f929db7f0404f03c17fe480f504da8ae3cfdbee5,2,2,603add7d548bef0a20a6309fbf3785c05014a0b3550717c6d424278bd55d2518,['cpu'],"['reference_not_ranking', 'historical_competitors_not_rerun', 'system_resources_not_exclusive']"
gesummv,cova_serial_cpu,default,same_process,observed,0.8888265364803374,cova-L-20260928-201630,f929db7f0404f03c17fe480f504da8ae3cfdbee5,6,3,603add7d548bef0a20a6309fbf3785c05014a0b3550717c6d424278bd55d2518,['cpu'],"['reference_not_ranking', 'historical_competitors_not_rerun', 'system_resources_not_exclusive']"
gesummv,cova_openmp_cpu,default,initialization,observed,5.152720017940737,cova-L-20260928-201630,f929db7f0404f03c17fe480f504da8ae3cfdbee5,1,1,603add7d548bef0a20a6309fbf3785c05014a0b3550717c6d424278bd55d2518,['cpu'],"['reference_not_ranking', 'historical_competitors_not_rerun', 'system_resources_not_exclusive']"
gesummv,cova_openmp_cpu,default,fresh_process,observed,2.978873038024176,cova-L-20260928-201630,f929db7f0404f03c17fe480f504da8ae3cfdbee5,2,2,603add7d548bef0a20a6309fbf3785c05014a0b3550717c6d424278bd55d2518,['cpu'],"['reference_not_ranking', 'historical_competitors_not_rerun', 'system_resources_not_exclusive']"
gesummv,cova_openmp_cpu,default,same_process,observed,2.2296262934687547,cova-L-20260928-201630,f929db7f0404f03c17fe480f504da8ae3cfdbee5,6,3,603add7d548bef0a20a6309fbf3785c05014a0b3550717c6d424278bd55d2518,['cpu'],"['reference_not_ranking', 'historical_competitors_not_rerun', 'system_resources_not_exclusive']"
gesummv,cova_llvm_cpu_serial,default,initialization,observed,3.9701168399769813,cova-L-20260928-201630,f929db7f0404f03c17fe480f504da8ae3cfdbee5,1,1,603add7d548bef0a20a6309fbf3785c05014a0b3550717c6d424278bd55d2518,['cpu'],"['reference_not_ranking', 'historical_competitors_not_rerun', 'system_resources_not_exclusive']"
gesummv,cova_llvm_cpu_serial,default,fresh_process,observed,0.0787484945030883,cova-L-20260928-201630,f929db7f0404f03c17fe480f504da8ae3cfdbee5,2,2,603add7d548bef0a20a6309fbf3785c05014a0b3550717c6d424278bd55d2518,['cpu'],"['reference_not_ranking', 'historical_competitors_not_rerun', 'system_resources_not_exclusive']"
gesummv,cova_llvm_cpu_serial,default,same_process,observed,0.0714401020668447,cova-L-20260928-201630,f929db7f0404f03c17fe480f504da8ae3cfdbee5,6,3,603add7d548bef0a20a6309fbf3785c05014a0b3550717c6d424278bd55d2518,['cpu'],"['reference_not_ranking', 'historical_competitors_not_rerun', 'system_resources_not_exclusive']"
gesummv,cova_llvm_cpu,default,initialization,observed,5.750810549943708,cova-L-20260928-201630,f929db7f0404f03c17fe480f504da8ae3cfdbee5,1,1,603add7d548bef0a20a6309fbf3785c05014a0b3550717c6d424278bd55d2518,['cpu'],"['reference_not_ranking', 'historical_competitors_not_rerun', 'system_resources_not_exclusive']"
gesummv,cova_llvm_cpu,default,fresh_process,observed,3.261141001014039,cova-L-20260928-201630,f929db7f0404f03c17fe480f504da8ae3cfdbee5,2,2,603add7d548bef0a20a6309fbf3785c05014a0b3550717c6d424278bd55d2518,['cpu'],"['reference_not_ranking', 'historical_competitors_not_rerun', 'system_resources_not_exclusive']"
gesummv,cova_llvm_cpu,default,same_process,observed,2.5147747980081476,cova-L-20260928-201630,f929db7f0404f03c17fe480f504da8ae3cfdbee5,6,3,603add7d548bef0a20a6309fbf3785c05014a0b3550717c6d424278bd55d2518,['cpu'],"['reference_not_ranking', 'historical_competitors_not_rerun', 'system_resources_not_exclusive']"
gesummv,cova_openmp_gpu,default,initialization,observed,6.636711957049556,cova-L-20260928-201630,f929db7f0404f03c17fe480f504da8ae3cfdbee5,1,1,603add7d548bef0a20a6309fbf3785c05014a0b3550717c6d424278bd55d2518,['gpu'],"['reference_not_ranking', 'historical_competitors_not_rerun', 'system_resources_not_exclusive', 'gpu_placement_metadata_only']"
gesummv,cova_openmp_gpu,default,fresh_process,observed,0.6547504435293376,cova-L-20260928-201630,f929db7f0404f03c17fe480f504da8ae3cfdbee5,2,2,603add7d548bef0a20a6309fbf3785c05014a0b3550717c6d424278bd55d2518,['gpu'],"['reference_not_ranking', 'historical_competitors_not_rerun', 'system_resources_not_exclusive', 'gpu_placement_metadata_only']"
gesummv,cova_openmp_gpu,default,same_process,observed,0.2950455984682776,cova-L-20260928-201630,f929db7f0404f03c17fe480f504da8ae3cfdbee5,6,3,603add7d548bef0a20a6309fbf3785c05014a0b3550717c6d424278bd55d2518,['gpu'],"['reference_not_ranking', 'historical_competitors_not_rerun', 'system_resources_not_exclusive', 'gpu_placement_metadata_only']"
gesummv,cova_llvm_gpu,default,initialization,observed,7.020727560971864,cova-L-20260928-201630,f929db7f0404f03c17fe480f504da8ae3cfdbee5,1,1,603add7d548bef0a20a6309fbf3785c05014a0b3550717c6d424278bd55d2518,['gpu'],"['reference_not_ranking', 'historical_competitors_not_rerun', 'system_resources_not_exclusive', 'gpu_placement_metadata_only']"
gesummv,cova_llvm_gpu,default,fresh_process,observed,0.6858006165130064,cova-L-20260928-201630,f929db7f0404f03c17fe480f504da8ae3cfdbee5,2,2,603add7d548bef0a20a6309fbf3785c05014a0b3550717c6d424278bd55d2518,['gpu'],"['reference_not_ranking', 'historical_competitors_not_rerun', 'system_resources_not_exclusive', 'gpu_placement_metadata_only']"
gesummv,cova_llvm_gpu,default,same_process,observed,0.29874697350896895,cova-L-20260928-201630,f929db7f0404f03c17fe480f504da8ae3cfdbee5,6,3,603add7d548bef0a20a6309fbf3785c05014a0b3550717c6d424278bd55d2518,['gpu'],"['reference_not_ranking', 'historical_competitors_not_rerun', 'system_resources_not_exclusive', 'gpu_placement_metadata_only']"
go_fast,cova_serial_cpu,default,initialization,observed,5.544527761056088,cova-L-20260928-201630,f929db7f0404f03c17fe480f504da8ae3cfdbee5,1,1,27869e2eab641d51a4dcb8b144e082c2564882966a28c404e3c13fdb484f75cf,['cpu'],"['reference_not_ranking', 'historical_competitors_not_rerun', 'system_resources_not_exclusive']"
go_fast,cova_serial_cpu,default,fresh_process,observed,3.068588877446018,cova-L-20260928-201630,f929db7f0404f03c17fe480f504da8ae3cfdbee5,2,2,27869e2eab641d51a4dcb8b144e082c2564882966a28c404e3c13fdb484f75cf,['cpu'],"['reference_not_ranking', 'historical_competitors_not_rerun', 'system_resources_not_exclusive']"
go_fast,cova_serial_cpu,default,same_process,observed,1.3162413370446302,cova-L-20260928-201630,f929db7f0404f03c17fe480f504da8ae3cfdbee5,6,3,27869e2eab641d51a4dcb8b144e082c2564882966a28c404e3c13fdb484f75cf,['cpu'],"['reference_not_ranking', 'historical_competitors_not_rerun', 'system_resources_not_exclusive']"
go_fast,cova_openmp_cpu,default,initialization,observed,2.3582673139171675,cova-L-20260928-201630,f929db7f0404f03c17fe480f504da8ae3cfdbee5,1,1,27869e2eab641d51a4dcb8b144e082c2564882966a28c404e3c13fdb484f75cf,['cpu'],"['reference_not_ranking', 'historical_competitors_not_rerun', 'system_resources_not_exclusive']"
go_fast,cova_openmp_cpu,default,fresh_process,observed,0.15922274644253775,cova-L-20260928-201630,f929db7f0404f03c17fe480f504da8ae3cfdbee5,2,2,27869e2eab641d51a4dcb8b144e082c2564882966a28c404e3c13fdb484f75cf,['cpu'],"['reference_not_ranking', 'historical_competitors_not_rerun', 'system_resources_not_exclusive']"
go_fast,cova_openmp_cpu,default,same_process,observed,0.13951079052640125,cova-L-20260928-201630,f929db7f0404f03c17fe480f504da8ae3cfdbee5,6,3,27869e2eab641d51a4dcb8b144e082c2564882966a28c404e3c13fdb484f75cf,['cpu'],"['reference_not_ranking', 'historical_competitors_not_rerun', 'system_resources_not_exclusive']"
go_fast,cova_llvm_cpu_serial,default,initialization,observed,6.149123556097038,cova-L-20260928-201630,f929db7f0404f03c17fe480f504da8ae3cfdbee5,1,1,27869e2eab641d51a4dcb8b144e082c2564882966a28c404e3c13fdb484f75cf,['cpu'],"['reference_not_ranking', 'historical_competitors_not_rerun', 'system_resources_not_exclusive']"
go_fast,cova_llvm_cpu_serial,default,fresh_process,observed,4.042645653069485,cova-L-20260928-201630,f929db7f0404f03c17fe480f504da8ae3cfdbee5,2,2,27869e2eab641d51a4dcb8b144e082c2564882966a28c404e3c13fdb484f75cf,['cpu'],"['reference_not_ranking', 'historical_competitors_not_rerun', 'system_resources_not_exclusive']"
go_fast,cova_llvm_cpu_serial,default,same_process,observed,3.8499586840043776,cova-L-20260928-201630,f929db7f0404f03c17fe480f504da8ae3cfdbee5,6,3,27869e2eab641d51a4dcb8b144e082c2564882966a28c404e3c13fdb484f75cf,['cpu'],"['reference_not_ranking', 'historical_competitors_not_rerun', 'system_resources_not_exclusive']"
go_fast,cova_llvm_cpu,default,initialization,observed,6.40622483601328,cova-L-20260928-201630,f929db7f0404f03c17fe480f504da8ae3cfdbee5,1,1,27869e2eab641d51a4dcb8b144e082c2564882966a28c404e3c13fdb484f75cf,['cpu'],"['reference_not_ranking', 'historical_competitors_not_rerun', 'system_resources_not_exclusive']"
go_fast,cova_llvm_cpu,default,fresh_process,observed,3.96029242296936,cova-L-20260928-201630,f929db7f0404f03c17fe480f504da8ae3cfdbee5,2,2,27869e2eab641d51a4dcb8b144e082c2564882966a28c404e3c13fdb484f75cf,['cpu'],"['reference_not_ranking', 'historical_competitors_not_rerun', 'system_resources_not_exclusive']"
go_fast,cova_llvm_cpu,default,same_process,observed,3.9618969125440344,cova-L-20260928-201630,f929db7f0404f03c17fe480f504da8ae3cfdbee5,6,3,27869e2eab641d51a4dcb8b144e082c2564882966a28c404e3c13fdb484f75cf,['cpu'],"['reference_not_ranking', 'historical_competitors_not_rerun', 'system_resources_not_exclusive']"
go_fast,cova_openmp_gpu,default,initialization,observed,7.886428675963543,cova-L-20260928-201630,f929db7f0404f03c17fe480f504da8ae3cfdbee5,1,1,27869e2eab641d51a4dcb8b144e082c2564882966a28c404e3c13fdb484f75cf,['cpu'],"['reference_not_ranking', 'historical_competitors_not_rerun', 'system_resources_not_exclusive', 'gpu_placement_metadata_only']"
go_fast,cova_openmp_gpu,default,fresh_process,observed,3.094781569961924,cova-L-20260928-201630,f929db7f0404f03c17fe480f504da8ae3cfdbee5,2,2,27869e2eab641d51a4dcb8b144e082c2564882966a28c404e3c13fdb484f75cf,['cpu'],"['reference_not_ranking', 'historical_competitors_not_rerun', 'system_resources_not_exclusive', 'gpu_placement_metadata_only']"
go_fast,cova_openmp_gpu,default,same_process,observed,3.2552725650020875,cova-L-20260928-201630,f929db7f0404f03c17fe480f504da8ae3cfdbee5,6,3,27869e2eab641d51a4dcb8b144e082c2564882966a28c404e3c13fdb484f75cf,['cpu'],"['reference_not_ranking', 'historical_competitors_not_rerun', 'system_resources_not_exclusive', 'gpu_placement_metadata_only']"
go_fast,cova_llvm_gpu,default,initialization,observed,30.019584471010603,cova-L-20260928-201630,f929db7f0404f03c17fe480f504da8ae3cfdbee5,1,1,27869e2eab641d51a4dcb8b144e082c2564882966a28c404e3c13fdb484f75cf,['gpu'],"['reference_not_ranking', 'historical_competitors_not_rerun', 'system_resources_not_exclusive', 'gpu_placement_metadata_only']"
go_fast,cova_llvm_gpu,default,fresh_process,observed,10.593677907483652,cova-L-20260928-201630,f929db7f0404f03c17fe480f504da8ae3cfdbee5,2,2,27869e2eab641d51a4dcb8b144e082c2564882966a28c404e3c13fdb484f75cf,['gpu'],"['reference_not_ranking', 'historical_competitors_not_rerun', 'system_resources_not_exclusive', 'gpu_placement_metadata_only']"
go_fast,cova_llvm_gpu,default,same_process,observed,8.753996787534561,cova-L-20260928-201630,f929db7f0404f03c17fe480f504da8ae3cfdbee5,6,3,27869e2eab641d51a4dcb8b144e082c2564882966a28c404e3c13fdb484f75cf,['gpu'],"['reference_not_ranking', 'historical_competitors_not_rerun', 'system_resources_not_exclusive', 'gpu_placement_metadata_only']"
gramschmidt,cova_serial_cpu,default,initialization,observed,2.5205921679735184,cova-L-20260928-201630,f929db7f0404f03c17fe480f504da8ae3cfdbee5,1,1,0cd9b7683af012b2f89286b1d7f883de9ac11e0a801ad6a40757c753baba615b,['cpu'],"['reference_not_ranking', 'historical_competitors_not_rerun', 'system_resources_not_exclusive']"
gramschmidt,cova_serial_cpu,default,fresh_process,observed,0.38530445797368884,cova-L-20260928-201630,f929db7f0404f03c17fe480f504da8ae3cfdbee5,2,2,0cd9b7683af012b2f89286b1d7f883de9ac11e0a801ad6a40757c753baba615b,['cpu'],"['reference_not_ranking', 'historical_competitors_not_rerun', 'system_resources_not_exclusive']"
gramschmidt,cova_serial_cpu,default,same_process,observed,0.3698734899517149,cova-L-20260928-201630,f929db7f0404f03c17fe480f504da8ae3cfdbee5,6,3,0cd9b7683af012b2f89286b1d7f883de9ac11e0a801ad6a40757c753baba615b,['cpu'],"['reference_not_ranking', 'historical_competitors_not_rerun', 'system_resources_not_exclusive']"
gramschmidt,cova_openmp_cpu,default,initialization,observed,2.8649754259968176,cova-L-20260928-201630,f929db7f0404f03c17fe480f504da8ae3cfdbee5,1,1,0cd9b7683af012b2f89286b1d7f883de9ac11e0a801ad6a40757c753baba615b,['cpu'],"['reference_not_ranking', 'historical_competitors_not_rerun', 'system_resources_not_exclusive']"
gramschmidt,cova_openmp_cpu,default,fresh_process,observed,0.39459022402297705,cova-L-20260928-201630,f929db7f0404f03c17fe480f504da8ae3cfdbee5,2,2,0cd9b7683af012b2f89286b1d7f883de9ac11e0a801ad6a40757c753baba615b,['cpu'],"['reference_not_ranking', 'historical_competitors_not_rerun', 'system_resources_not_exclusive']"
gramschmidt,cova_openmp_cpu,default,same_process,observed,0.418540163023863,cova-L-20260928-201630,f929db7f0404f03c17fe480f504da8ae3cfdbee5,6,3,0cd9b7683af012b2f89286b1d7f883de9ac11e0a801ad6a40757c753baba615b,['cpu'],"['reference_not_ranking', 'historical_competitors_not_rerun', 'system_resources_not_exclusive']"
gramschmidt,cova_llvm_cpu_serial,default,initialization,observed,2.252133605070412,cova-L-20260928-201630,f929db7f0404f03c17fe480f504da8ae3cfdbee5,1,1,0cd9b7683af012b2f89286b1d7f883de9ac11e0a801ad6a40757c753baba615b,['cpu'],"['reference_not_ranking', 'historical_competitors_not_rerun', 'system_resources_not_exclusive']"
gramschmidt,cova_llvm_cpu_serial,default,fresh_process,observed,0.3282771655358374,cova-L-20260928-201630,f929db7f0404f03c17fe480f504da8ae3cfdbee5,2,2,0cd9b7683af012b2f89286b1d7f883de9ac11e0a801ad6a40757c753baba615b,['cpu'],"['reference_not_ranking', 'historical_competitors_not_rerun', 'system_resources_not_exclusive']"
gramschmidt,cova_llvm_cpu_serial,default,same_process,observed,0.3744462790200487,cova-L-20260928-201630,f929db7f0404f03c17fe480f504da8ae3cfdbee5,6,3,0cd9b7683af012b2f89286b1d7f883de9ac11e0a801ad6a40757c753baba615b,['cpu'],"['reference_not_ranking', 'historical_competitors_not_rerun', 'system_resources_not_exclusive']"
gramschmidt,cova_llvm_cpu,default,initialization,observed,2.8629464600235224,cova-L-20260928-201630,f929db7f0404f03c17fe480f504da8ae3cfdbee5,1,1,0cd9b7683af012b2f89286b1d7f883de9ac11e0a801ad6a40757c753baba615b,['cpu'],"['reference_not_ranking', 'historical_competitors_not_rerun', 'system_resources_not_exclusive']"
gramschmidt,cova_llvm_cpu,default,fresh_process,observed,0.3274619685835205,cova-L-20260928-201630,f929db7f0404f03c17fe480f504da8ae3cfdbee5,2,2,0cd9b7683af012b2f89286b1d7f883de9ac11e0a801ad6a40757c753baba615b,['cpu'],"['reference_not_ranking', 'historical_competitors_not_rerun', 'system_resources_not_exclusive']"
gramschmidt,cova_llvm_cpu,default,same_process,observed,0.3742374005378224,cova-L-20260928-201630,f929db7f0404f03c17fe480f504da8ae3cfdbee5,6,3,0cd9b7683af012b2f89286b1d7f883de9ac11e0a801ad6a40757c753baba615b,['cpu'],"['reference_not_ranking', 'historical_competitors_not_rerun', 'system_resources_not_exclusive']"
gramschmidt,cova_openmp_gpu,default,initialization,observed,5.055220106965862,cova-L-20260928-201630,f929db7f0404f03c17fe480f504da8ae3cfdbee5,1,1,0cd9b7683af012b2f89286b1d7f883de9ac11e0a801ad6a40757c753baba615b,['cpu'],"['reference_not_ranking', 'historical_competitors_not_rerun', 'system_resources_not_exclusive', 'gpu_placement_metadata_only']"
gramschmidt,cova_openmp_gpu,default,fresh_process,observed,0.4728941690409556,cova-L-20260928-201630,f929db7f0404f03c17fe480f504da8ae3cfdbee5,2,2,0cd9b7683af012b2f89286b1d7f883de9ac11e0a801ad6a40757c753baba615b,['cpu'],"['reference_not_ranking', 'historical_competitors_not_rerun', 'system_resources_not_exclusive', 'gpu_placement_metadata_only']"
gramschmidt,cova_openmp_gpu,default,same_process,observed,0.3462007379857823,cova-L-20260928-201630,f929db7f0404f03c17fe480f504da8ae3cfdbee5,6,3,0cd9b7683af012b2f89286b1d7f883de9ac11e0a801ad6a40757c753baba615b,['cpu'],"['reference_not_ranking', 'historical_competitors_not_rerun', 'system_resources_not_exclusive', 'gpu_placement_metadata_only']"
gramschmidt,cova_llvm_gpu,default,initialization,observed,59.319795660092495,cova-L-20260928-201630,f929db7f0404f03c17fe480f504da8ae3cfdbee5,1,1,0cd9b7683af012b2f89286b1d7f883de9ac11e0a801ad6a40757c753baba615b,['mixed'],"['reference_not_ranking', 'historical_competitors_not_rerun', 'system_resources_not_exclusive', 'gpu_placement_metadata_only']"
gramschmidt,cova_llvm_gpu,default,fresh_process,observed,69.41527641704306,cova-L-20260928-201630,f929db7f0404f03c17fe480f504da8ae3cfdbee5,2,2,0cd9b7683af012b2f89286b1d7f883de9ac11e0a801ad6a40757c753baba615b,['mixed'],"['reference_not_ranking', 'historical_competitors_not_rerun', 'system_resources_not_exclusive', 'gpu_placement_metadata_only']"
gramschmidt,cova_llvm_gpu,default,same_process,observed,71.20131562754977,cova-L-20260928-201630,f929db7f0404f03c17fe480f504da8ae3cfdbee5,6,3,0cd9b7683af012b2f89286b1d7f883de9ac11e0a801ad6a40757c753baba615b,['mixed'],"['reference_not_ranking', 'historical_competitors_not_rerun', 'system_resources_not_exclusive', 'gpu_placement_metadata_only']"
hdiff,cova_serial_cpu,default,initialization,observed,4.914664210053161,cova-L-20260928-201630,f929db7f0404f03c17fe480f504da8ae3cfdbee5,1,1,e800ed3dc8d530d7e84b4a637b91cc6d9bc1280101023ee86a27f69cfa34eec1,['cpu'],"['reference_not_ranking', 'historical_competitors_not_rerun', 'system_resources_not_exclusive']"
hdiff,cova_serial_cpu,default,fresh_process,observed,1.968275083519984,cova-L-20260928-201630,f929db7f0404f03c17fe480f504da8ae3cfdbee5,2,2,e800ed3dc8d530d7e84b4a637b91cc6d9bc1280101023ee86a27f69cfa34eec1,['cpu'],"['reference_not_ranking', 'historical_competitors_not_rerun', 'system_resources_not_exclusive']"
hdiff,cova_serial_cpu,default,same_process,observed,0.5401859635021538,cova-L-20260928-201630,f929db7f0404f03c17fe480f504da8ae3cfdbee5,6,3,e800ed3dc8d530d7e84b4a637b91cc6d9bc1280101023ee86a27f69cfa34eec1,['cpu'],"['reference_not_ranking', 'historical_competitors_not_rerun', 'system_resources_not_exclusive']"
hdiff,cova_openmp_cpu,default,initialization,observed,4.391496098949574,cova-L-20260928-201630,f929db7f0404f03c17fe480f504da8ae3cfdbee5,1,1,e800ed3dc8d530d7e84b4a637b91cc6d9bc1280101023ee86a27f69cfa34eec1,['cpu'],"['reference_not_ranking', 'historical_competitors_not_rerun', 'system_resources_not_exclusive']"
hdiff,cova_openmp_cpu,default,fresh_process,observed,1.1444012904539704,cova-L-20260928-201630,f929db7f0404f03c17fe480f504da8ae3cfdbee5,2,2,e800ed3dc8d530d7e84b4a637b91cc6d9bc1280101023ee86a27f69cfa34eec1,['cpu'],"['reference_not_ranking', 'historical_competitors_not_rerun', 'system_resources_not_exclusive']"
hdiff,cova_openmp_cpu,default,same_process,observed,1.3682434299844317,cova-L-20260928-201630,f929db7f0404f03c17fe480f504da8ae3cfdbee5,6,3,e800ed3dc8d530d7e84b4a637b91cc6d9bc1280101023ee86a27f69cfa34eec1,['cpu'],"['reference_not_ranking', 'historical_competitors_not_rerun', 'system_resources_not_exclusive']"
hdiff,cova_llvm_cpu_serial,default,initialization,observed,4.166655412991531,cova-L-20260928-201630,f929db7f0404f03c17fe480f504da8ae3cfdbee5,1,1,e800ed3dc8d530d7e84b4a637b91cc6d9bc1280101023ee86a27f69cfa34eec1,['cpu'],"['reference_not_ranking', 'historical_competitors_not_rerun', 'system_resources_not_exclusive']"
hdiff,cova_llvm_cpu_serial,default,fresh_process,observed,1.8533840520540252,cova-L-20260928-201630,f929db7f0404f03c17fe480f504da8ae3cfdbee5,2,2,e800ed3dc8d530d7e84b4a637b91cc6d9bc1280101023ee86a27f69cfa34eec1,['cpu'],"['reference_not_ranking', 'historical_competitors_not_rerun', 'system_resources_not_exclusive']"
hdiff,cova_llvm_cpu_serial,default,same_process,observed,1.9568469825317152,cova-L-20260928-201630,f929db7f0404f03c17fe480f504da8ae3cfdbee5,6,3,e800ed3dc8d530d7e84b4a637b91cc6d9bc1280101023ee86a27f69cfa34eec1,['cpu'],"['reference_not_ranking', 'historical_competitors_not_rerun', 'system_resources_not_exclusive']"
hdiff,cova_llvm_cpu,default,initialization,observed,5.036459214985371,cova-L-20260928-201630,f929db7f0404f03c17fe480f504da8ae3cfdbee5,1,1,e800ed3dc8d530d7e84b4a637b91cc6d9bc1280101023ee86a27f69cfa34eec1,['cpu'],"['reference_not_ranking', 'historical_competitors_not_rerun', 'system_resources_not_exclusive']"
hdiff,cova_llvm_cpu,default,fresh_process,observed,0.8276538279606029,cova-L-20260928-201630,f929db7f0404f03c17fe480f504da8ae3cfdbee5,2,2,e800ed3dc8d530d7e84b4a637b91cc6d9bc1280101023ee86a27f69cfa34eec1,['cpu'],"['reference_not_ranking', 'historical_competitors_not_rerun', 'system_resources_not_exclusive']"
hdiff,cova_llvm_cpu,default,same_process,observed,0.8328065439709462,cova-L-20260928-201630,f929db7f0404f03c17fe480f504da8ae3cfdbee5,6,3,e800ed3dc8d530d7e84b4a637b91cc6d9bc1280101023ee86a27f69cfa34eec1,['cpu'],"['reference_not_ranking', 'historical_competitors_not_rerun', 'system_resources_not_exclusive']"
hdiff,cova_openmp_gpu,default,initialization,observed,9.992015779018402,cova-L-20260928-201630,f929db7f0404f03c17fe480f504da8ae3cfdbee5,1,1,e800ed3dc8d530d7e84b4a637b91cc6d9bc1280101023ee86a27f69cfa34eec1,['gpu'],"['reference_not_ranking', 'historical_competitors_not_rerun', 'system_resources_not_exclusive', 'gpu_placement_metadata_only']"
hdiff,cova_openmp_gpu,default,fresh_process,observed,2.4052848009741865,2026-09-29-complete-artifact-replay-cohorts,f929db7f0404f03c17fe480f504da8ae3cfdbee5,2,2,e800ed3dc8d530d7e84b4a637b91cc6d9bc1280101023ee86a27f69cfa34eec1,['gpu'],"['reference_not_ranking', 'historical_competitors_not_rerun', 'system_resources_not_exclusive', 'gpu_placement_metadata_only', 'partial_matrix_overlay', 'mixed_sampling_dates', 'replay_only_no_initialization']"
hdiff,cova_openmp_gpu,default,same_process,observed,2.04783884077915,2026-09-29-complete-artifact-replay-cohorts,f929db7f0404f03c17fe480f504da8ae3cfdbee5,4,2,e800ed3dc8d530d7e84b4a637b91cc6d9bc1280101023ee86a27f69cfa34eec1,['gpu'],"['reference_not_ranking', 'historical_competitors_not_rerun', 'system_resources_not_exclusive', 'gpu_placement_metadata_only', 'partial_matrix_overlay', 'mixed_sampling_dates', 'replay_only_no_initialization']"
hdiff,cova_llvm_gpu,default,initialization,observed,5.832556398003362,cova-L-20260928-201630,f929db7f0404f03c17fe480f504da8ae3cfdbee5,1,1,e800ed3dc8d530d7e84b4a637b91cc6d9bc1280101023ee86a27f69cfa34eec1,['gpu'],"['reference_not_ranking', 'historical_competitors_not_rerun', 'system_resources_not_exclusive', 'gpu_placement_metadata_only']"
hdiff,cova_llvm_gpu,default,fresh_process,observed,0.5174943989841267,cova-L-20260928-201630,f929db7f0404f03c17fe480f504da8ae3cfdbee5,2,2,e800ed3dc8d530d7e84b4a637b91cc6d9bc1280101023ee86a27f69cfa34eec1,['gpu'],"['reference_not_ranking', 'historical_competitors_not_rerun', 'system_resources_not_exclusive', 'gpu_placement_metadata_only']"
hdiff,cova_llvm_gpu,default,same_process,observed,0.23820919200079516,cova-L-20260928-201630,f929db7f0404f03c17fe480f504da8ae3cfdbee5,6,3,e800ed3dc8d530d7e84b4a637b91cc6d9bc1280101023ee86a27f69cfa34eec1,['gpu'],"['reference_not_ranking', 'historical_competitors_not_rerun', 'system_resources_not_exclusive', 'gpu_placement_metadata_only']"
heat_3d,cova_serial_cpu,default,initialization,observed,2.2694750369992107,cova-L-20260928-201630,f929db7f0404f03c17fe480f504da8ae3cfdbee5,1,1,a81cc292224c841a9ce27e90c6d26d29c8ea5a75badeca9376911772a40bf22f,['cpu'],"['reference_not_ranking', 'historical_competitors_not_rerun', 'system_resources_not_exclusive']"
heat_3d,cova_serial_cpu,default,fresh_process,observed,0.08847281703492627,cova-L-20260928-201630,f929db7f0404f03c17fe480f504da8ae3cfdbee5,2,2,a81cc292224c841a9ce27e90c6d26d29c8ea5a75badeca9376911772a40bf22f,['cpu'],"['reference_not_ranking', 'historical_competitors_not_rerun', 'system_resources_not_exclusive']"
heat_3d,cova_serial_cpu,default,same_process,observed,0.09269580850377679,cova-L-20260928-201630,f929db7f0404f03c17fe480f504da8ae3cfdbee5,6,3,a81cc292224c841a9ce27e90c6d26d29c8ea5a75badeca9376911772a40bf22f,['cpu'],"['reference_not_ranking', 'historical_competitors_not_rerun', 'system_resources_not_exclusive']"
heat_3d,cova_openmp_cpu,default,initialization,observed,2.5255372369429097,cova-L-20260928-201630,f929db7f0404f03c17fe480f504da8ae3cfdbee5,1,1,a81cc292224c841a9ce27e90c6d26d29c8ea5a75badeca9376911772a40bf22f,['cpu'],"['reference_not_ranking', 'historical_competitors_not_rerun', 'system_resources_not_exclusive']"
heat_3d,cova_openmp_cpu,default,fresh_process,observed,0.11123092751950026,cova-L-20260928-201630,f929db7f0404f03c17fe480f504da8ae3cfdbee5,2,2,a81cc292224c841a9ce27e90c6d26d29c8ea5a75badeca9376911772a40bf22f,['cpu'],"['reference_not_ranking', 'historical_competitors_not_rerun', 'system_resources_not_exclusive']"
heat_3d,cova_openmp_cpu,default,same_process,observed,0.100588912027888,cova-L-20260928-201630,f929db7f0404f03c17fe480f504da8ae3cfdbee5,6,3,a81cc292224c841a9ce27e90c6d26d29c8ea5a75badeca9376911772a40bf22f,['cpu'],"['reference_not_ranking', 'historical_competitors_not_rerun', 'system_resources_not_exclusive']"
heat_3d,cova_llvm_cpu_serial,default,initialization,observed,1.599859384004958,cova-L-20260928-201630,f929db7f0404f03c17fe480f504da8ae3cfdbee5,1,1,a81cc292224c841a9ce27e90c6d26d29c8ea5a75badeca9376911772a40bf22f,['cpu'],"['reference_not_ranking', 'historical_competitors_not_rerun', 'system_resources_not_exclusive']"
heat_3d,cova_llvm_cpu_serial,default,fresh_process,observed,0.08401097398018464,cova-L-20260928-201630,f929db7f0404f03c17fe480f504da8ae3cfdbee5,2,2,a81cc292224c841a9ce27e90c6d26d29c8ea5a75badeca9376911772a40bf22f,['cpu'],"['reference_not_ranking', 'historical_competitors_not_rerun', 'system_resources_not_exclusive']"
heat_3d,cova_llvm_cpu_serial,default,same_process,observed,0.0840824514743872,cova-L-20260928-201630,f929db7f0404f03c17fe480f504da8ae3cfdbee5,6,3,a81cc292224c841a9ce27e90c6d26d29c8ea5a75badeca9376911772a40bf22f,['cpu'],"['reference_not_ranking', 'historical_competitors_not_rerun', 'system_resources_not_exclusive']"
heat_3d,cova_llvm_cpu,default,initialization,observed,2.3637335440143943,cova-L-20260928-201630,f929db7f0404f03c17fe480f504da8ae3cfdbee5,1,1,a81cc292224c841a9ce27e90c6d26d29c8ea5a75badeca9376911772a40bf22f,['cpu'],"['reference_not_ranking', 'historical_competitors_not_rerun', 'system_resources_not_exclusive']"
heat_3d,cova_llvm_cpu,default,fresh_process,observed,0.25232156849233434,cova-L-20260928-201630,f929db7f0404f03c17fe480f504da8ae3cfdbee5,2,2,a81cc292224c841a9ce27e90c6d26d29c8ea5a75badeca9376911772a40bf22f,['cpu'],"['reference_not_ranking', 'historical_competitors_not_rerun', 'system_resources_not_exclusive']"
heat_3d,cova_llvm_cpu,default,same_process,observed,0.15871459199115634,cova-L-20260928-201630,f929db7f0404f03c17fe480f504da8ae3cfdbee5,6,3,a81cc292224c841a9ce27e90c6d26d29c8ea5a75badeca9376911772a40bf22f,['cpu'],"['reference_not_ranking', 'historical_competitors_not_rerun', 'system_resources_not_exclusive']"
heat_3d,cova_openmp_gpu,default,initialization,observed,3.9576006940333173,cova-L-20260928-201630,f929db7f0404f03c17fe480f504da8ae3cfdbee5,1,1,a81cc292224c841a9ce27e90c6d26d29c8ea5a75badeca9376911772a40bf22f,['cpu'],"['reference_not_ranking', 'historical_competitors_not_rerun', 'system_resources_not_exclusive', 'gpu_placement_metadata_only']"
heat_3d,cova_openmp_gpu,default,fresh_process,observed,0.10215441649779677,cova-L-20260928-201630,f929db7f0404f03c17fe480f504da8ae3cfdbee5,2,2,a81cc292224c841a9ce27e90c6d26d29c8ea5a75badeca9376911772a40bf22f,['cpu'],"['reference_not_ranking', 'historical_competitors_not_rerun', 'system_resources_not_exclusive', 'gpu_placement_metadata_only']"
heat_3d,cova_openmp_gpu,default,same_process,observed,0.09418758598621935,cova-L-20260928-201630,f929db7f0404f03c17fe480f504da8ae3cfdbee5,6,3,a81cc292224c841a9ce27e90c6d26d29c8ea5a75badeca9376911772a40bf22f,['cpu'],"['reference_not_ranking', 'historical_competitors_not_rerun', 'system_resources_not_exclusive', 'gpu_placement_metadata_only']"
heat_3d,cova_llvm_gpu,default,initialization,observed,4.8097554029664025,cova-L-20260928-201630,f929db7f0404f03c17fe480f504da8ae3cfdbee5,1,1,a81cc292224c841a9ce27e90c6d26d29c8ea5a75badeca9376911772a40bf22f,['gpu'],"['reference_not_ranking', 'historical_competitors_not_rerun', 'system_resources_not_exclusive', 'gpu_placement_metadata_only']"
heat_3d,cova_llvm_gpu,default,fresh_process,observed,0.37987794051878154,cova-L-20260928-201630,f929db7f0404f03c17fe480f504da8ae3cfdbee5,2,2,a81cc292224c841a9ce27e90c6d26d29c8ea5a75badeca9376911772a40bf22f,['gpu'],"['reference_not_ranking', 'historical_competitors_not_rerun', 'system_resources_not_exclusive', 'gpu_placement_metadata_only']"
heat_3d,cova_llvm_gpu,default,same_process,observed,0.2844921940122731,cova-L-20260928-201630,f929db7f0404f03c17fe480f504da8ae3cfdbee5,6,3,a81cc292224c841a9ce27e90c6d26d29c8ea5a75badeca9376911772a40bf22f,['gpu'],"['reference_not_ranking', 'historical_competitors_not_rerun', 'system_resources_not_exclusive', 'gpu_placement_metadata_only']"
jacobi_1d,cova_serial_cpu,default,initialization,observed,2.9463480450212955,cova-L-20260928-201630,f929db7f0404f03c17fe480f504da8ae3cfdbee5,1,1,16a5a1662f12689fbf187fbb656ac8e1d9c5d1f78efc866cd0f41cf46b753592,['cpu'],"['reference_not_ranking', 'historical_competitors_not_rerun', 'system_resources_not_exclusive']"
jacobi_1d,cova_serial_cpu,default,fresh_process,observed,0.8245991629664786,cova-L-20260928-201630,f929db7f0404f03c17fe480f504da8ae3cfdbee5,2,2,16a5a1662f12689fbf187fbb656ac8e1d9c5d1f78efc866cd0f41cf46b753592,['cpu'],"['reference_not_ranking', 'historical_competitors_not_rerun', 'system_resources_not_exclusive']"
jacobi_1d,cova_serial_cpu,default,same_process,observed,0.8989696999778971,cova-L-20260928-201630,f929db7f0404f03c17fe480f504da8ae3cfdbee5,6,3,16a5a1662f12689fbf187fbb656ac8e1d9c5d1f78efc866cd0f41cf46b753592,['cpu'],"['reference_not_ranking', 'historical_competitors_not_rerun', 'system_resources_not_exclusive']"
jacobi_1d,cova_openmp_cpu,default,initialization,observed,2.848348206956871,cova-L-20260928-201630,f929db7f0404f03c17fe480f504da8ae3cfdbee5,1,1,16a5a1662f12689fbf187fbb656ac8e1d9c5d1f78efc866cd0f41cf46b753592,['cpu'],"['reference_not_ranking', 'historical_competitors_not_rerun', 'system_resources_not_exclusive']"
jacobi_1d,cova_openmp_cpu,default,fresh_process,observed,0.9652480880031362,cova-L-20260928-201630,f929db7f0404f03c17fe480f504da8ae3cfdbee5,2,2,16a5a1662f12689fbf187fbb656ac8e1d9c5d1f78efc866cd0f41cf46b753592,['cpu'],"['reference_not_ranking', 'historical_competitors_not_rerun', 'system_resources_not_exclusive']"
jacobi_1d,cova_openmp_cpu,default,same_process,observed,0.9850873334798962,cova-L-20260928-201630,f929db7f0404f03c17fe480f504da8ae3cfdbee5,6,3,16a5a1662f12689fbf187fbb656ac8e1d9c5d1f78efc866cd0f41cf46b753592,['cpu'],"['reference_not_ranking', 'historical_competitors_not_rerun', 'system_resources_not_exclusive']"
jacobi_1d,cova_llvm_cpu_serial,default,initialization,observed,2.373024386004545,cova-L-20260928-201630,f929db7f0404f03c17fe480f504da8ae3cfdbee5,1,1,16a5a1662f12689fbf187fbb656ac8e1d9c5d1f78efc866cd0f41cf46b753592,['cpu'],"['reference_not_ranking', 'historical_competitors_not_rerun', 'system_resources_not_exclusive']"
jacobi_1d,cova_llvm_cpu_serial,default,fresh_process,observed,0.7692831635358743,cova-L-20260928-201630,f929db7f0404f03c17fe480f504da8ae3cfdbee5,2,2,16a5a1662f12689fbf187fbb656ac8e1d9c5d1f78efc866cd0f41cf46b753592,['cpu'],"['reference_not_ranking', 'historical_competitors_not_rerun', 'system_resources_not_exclusive']"
jacobi_1d,cova_llvm_cpu_serial,default,same_process,observed,0.8336307600256987,cova-L-20260928-201630,f929db7f0404f03c17fe480f504da8ae3cfdbee5,6,3,16a5a1662f12689fbf187fbb656ac8e1d9c5d1f78efc866cd0f41cf46b753592,['cpu'],"['reference_not_ranking', 'historical_competitors_not_rerun', 'system_resources_not_exclusive']"
jacobi_1d,cova_llvm_cpu,default,initialization,observed,2.8419885949697345,cova-L-20260928-201630,f929db7f0404f03c17fe480f504da8ae3cfdbee5,1,1,16a5a1662f12689fbf187fbb656ac8e1d9c5d1f78efc866cd0f41cf46b753592,['cpu'],"['reference_not_ranking', 'historical_competitors_not_rerun', 'system_resources_not_exclusive']"
jacobi_1d,cova_llvm_cpu,default,fresh_process,observed,0.8548420250299387,cova-L-20260928-201630,f929db7f0404f03c17fe480f504da8ae3cfdbee5,2,2,16a5a1662f12689fbf187fbb656ac8e1d9c5d1f78efc866cd0f41cf46b753592,['cpu'],"['reference_not_ranking', 'historical_competitors_not_rerun', 'system_resources_not_exclusive']"
jacobi_1d,cova_llvm_cpu,default,same_process,observed,0.7959832570049912,cova-L-20260928-201630,f929db7f0404f03c17fe480f504da8ae3cfdbee5,6,3,16a5a1662f12689fbf187fbb656ac8e1d9c5d1f78efc866cd0f41cf46b753592,['cpu'],"['reference_not_ranking', 'historical_competitors_not_rerun', 'system_resources_not_exclusive']"
jacobi_1d,cova_openmp_gpu,default,initialization,observed,5.237816975917667,cova-L-20260928-201630,f929db7f0404f03c17fe480f504da8ae3cfdbee5,1,1,16a5a1662f12689fbf187fbb656ac8e1d9c5d1f78efc866cd0f41cf46b753592,['cpu'],"['reference_not_ranking', 'historical_competitors_not_rerun', 'system_resources_not_exclusive', 'gpu_placement_metadata_only']"
jacobi_1d,cova_openmp_gpu,default,fresh_process,observed,0.7882014415226877,cova-L-20260928-201630,f929db7f0404f03c17fe480f504da8ae3cfdbee5,2,2,16a5a1662f12689fbf187fbb656ac8e1d9c5d1f78efc866cd0f41cf46b753592,['cpu'],"['reference_not_ranking', 'historical_competitors_not_rerun', 'system_resources_not_exclusive', 'gpu_placement_metadata_only']"
jacobi_1d,cova_openmp_gpu,default,same_process,observed,0.8442930129822344,cova-L-20260928-201630,f929db7f0404f03c17fe480f504da8ae3cfdbee5,6,3,16a5a1662f12689fbf187fbb656ac8e1d9c5d1f78efc866cd0f41cf46b753592,['cpu'],"['reference_not_ranking', 'historical_competitors_not_rerun', 'system_resources_not_exclusive', 'gpu_placement_metadata_only']"
jacobi_1d,cova_llvm_gpu,default,initialization,observed,7.528063487960026,cova-L-20260928-201630,f929db7f0404f03c17fe480f504da8ae3cfdbee5,1,1,16a5a1662f12689fbf187fbb656ac8e1d9c5d1f78efc866cd0f41cf46b753592,['gpu'],"['reference_not_ranking', 'historical_competitors_not_rerun', 'system_resources_not_exclusive', 'gpu_placement_metadata_only']"
jacobi_1d,cova_llvm_gpu,default,fresh_process,observed,6.510950967494864,cova-L-20260928-201630,f929db7f0404f03c17fe480f504da8ae3cfdbee5,2,2,16a5a1662f12689fbf187fbb656ac8e1d9c5d1f78efc866cd0f41cf46b753592,['gpu'],"['reference_not_ranking', 'historical_competitors_not_rerun', 'system_resources_not_exclusive', 'gpu_placement_metadata_only']"
jacobi_1d,cova_llvm_gpu,default,same_process,observed,4.180327446432784,cova-L-20260928-201630,f929db7f0404f03c17fe480f504da8ae3cfdbee5,6,3,16a5a1662f12689fbf187fbb656ac8e1d9c5d1f78efc866cd0f41cf46b753592,['gpu'],"['reference_not_ranking', 'historical_competitors_not_rerun', 'system_resources_not_exclusive', 'gpu_placement_metadata_only']"
jacobi_2d,cova_serial_cpu,default,initialization,observed,2.1211248020408675,cova-L-20260928-201630,f929db7f0404f03c17fe480f504da8ae3cfdbee5,1,1,88fcc37626b242ba2751f475ada3090117847e04203daddbc9456f9d0e7e584d,['cpu'],"['reference_not_ranking', 'historical_competitors_not_rerun', 'system_resources_not_exclusive']"
jacobi_2d,cova_serial_cpu,default,fresh_process,observed,0.1395915119210258,cova-L-20260928-201630,f929db7f0404f03c17fe480f504da8ae3cfdbee5,2,2,88fcc37626b242ba2751f475ada3090117847e04203daddbc9456f9d0e7e584d,['cpu'],"['reference_not_ranking', 'historical_competitors_not_rerun', 'system_resources_not_exclusive']"
jacobi_2d,cova_serial_cpu,default,same_process,observed,0.16043478052597493,cova-L-20260928-201630,f929db7f0404f03c17fe480f504da8ae3cfdbee5,6,3,88fcc37626b242ba2751f475ada3090117847e04203daddbc9456f9d0e7e584d,['cpu'],"['reference_not_ranking', 'historical_competitors_not_rerun', 'system_resources_not_exclusive']"
jacobi_2d,cova_openmp_cpu,default,initialization,observed,2.4758656120393425,cova-L-20260928-201630,f929db7f0404f03c17fe480f504da8ae3cfdbee5,1,1,88fcc37626b242ba2751f475ada3090117847e04203daddbc9456f9d0e7e584d,['cpu'],"['reference_not_ranking', 'historical_competitors_not_rerun', 'system_resources_not_exclusive']"
jacobi_2d,cova_openmp_cpu,default,fresh_process,observed,0.17120063153561205,cova-L-20260928-201630,f929db7f0404f03c17fe480f504da8ae3cfdbee5,2,2,88fcc37626b242ba2751f475ada3090117847e04203daddbc9456f9d0e7e584d,['cpu'],"['reference_not_ranking', 'historical_competitors_not_rerun', 'system_resources_not_exclusive']"
jacobi_2d,cova_openmp_cpu,default,same_process,observed,0.1529330785269849,cova-L-20260928-201630,f929db7f0404f03c17fe480f504da8ae3cfdbee5,6,3,88fcc37626b242ba2751f475ada3090117847e04203daddbc9456f9d0e7e584d,['cpu'],"['reference_not_ranking', 'historical_competitors_not_rerun', 'system_resources_not_exclusive']"
jacobi_2d,cova_llvm_cpu_serial,default,initialization,observed,2.1946562379598618,cova-L-20260928-201630,f929db7f0404f03c17fe480f504da8ae3cfdbee5,1,1,88fcc37626b242ba2751f475ada3090117847e04203daddbc9456f9d0e7e584d,['cpu'],"['reference_not_ranking', 'historical_competitors_not_rerun', 'system_resources_not_exclusive']"
jacobi_2d,cova_llvm_cpu_serial,default,fresh_process,observed,0.13187145249685273,cova-L-20260928-201630,f929db7f0404f03c17fe480f504da8ae3cfdbee5,2,2,88fcc37626b242ba2751f475ada3090117847e04203daddbc9456f9d0e7e584d,['cpu'],"['reference_not_ranking', 'historical_competitors_not_rerun', 'system_resources_not_exclusive']"
jacobi_2d,cova_llvm_cpu_serial,default,same_process,observed,0.16131822345778346,cova-L-20260928-201630,f929db7f0404f03c17fe480f504da8ae3cfdbee5,6,3,88fcc37626b242ba2751f475ada3090117847e04203daddbc9456f9d0e7e584d,['cpu'],"['reference_not_ranking', 'historical_competitors_not_rerun', 'system_resources_not_exclusive']"
jacobi_2d,cova_llvm_cpu,default,initialization,observed,2.3529987109359354,cova-L-20260928-201630,f929db7f0404f03c17fe480f504da8ae3cfdbee5,1,1,88fcc37626b242ba2751f475ada3090117847e04203daddbc9456f9d0e7e584d,['cpu'],"['reference_not_ranking', 'historical_competitors_not_rerun', 'system_resources_not_exclusive']"
jacobi_2d,cova_llvm_cpu,default,fresh_process,observed,0.2971227720263414,cova-L-20260928-201630,f929db7f0404f03c17fe480f504da8ae3cfdbee5,2,2,88fcc37626b242ba2751f475ada3090117847e04203daddbc9456f9d0e7e584d,['cpu'],"['reference_not_ranking', 'historical_competitors_not_rerun', 'system_resources_not_exclusive']"
jacobi_2d,cova_llvm_cpu,default,same_process,observed,0.1629604269983247,cova-L-20260928-201630,f929db7f0404f03c17fe480f504da8ae3cfdbee5,6,3,88fcc37626b242ba2751f475ada3090117847e04203daddbc9456f9d0e7e584d,['cpu'],"['reference_not_ranking', 'historical_competitors_not_rerun', 'system_resources_not_exclusive']"
jacobi_2d,cova_openmp_gpu,default,initialization,observed,4.4451425559818745,cova-L-20260928-201630,f929db7f0404f03c17fe480f504da8ae3cfdbee5,1,1,88fcc37626b242ba2751f475ada3090117847e04203daddbc9456f9d0e7e584d,['cpu'],"['reference_not_ranking', 'historical_competitors_not_rerun', 'system_resources_not_exclusive', 'gpu_placement_metadata_only']"
jacobi_2d,cova_openmp_gpu,default,fresh_process,observed,0.1557457844610326,cova-L-20260928-201630,f929db7f0404f03c17fe480f504da8ae3cfdbee5,2,2,88fcc37626b242ba2751f475ada3090117847e04203daddbc9456f9d0e7e584d,['cpu'],"['reference_not_ranking', 'historical_competitors_not_rerun', 'system_resources_not_exclusive', 'gpu_placement_metadata_only']"
jacobi_2d,cova_openmp_gpu,default,same_process,observed,0.17502651846734807,cova-L-20260928-201630,f929db7f0404f03c17fe480f504da8ae3cfdbee5,6,3,88fcc37626b242ba2751f475ada3090117847e04203daddbc9456f9d0e7e584d,['cpu'],"['reference_not_ranking', 'historical_competitors_not_rerun', 'system_resources_not_exclusive', 'gpu_placement_metadata_only']"
jacobi_2d,cova_llvm_gpu,default,initialization,observed,5.1697203470394015,cova-L-20260928-201630,f929db7f0404f03c17fe480f504da8ae3cfdbee5,1,1,88fcc37626b242ba2751f475ada3090117847e04203daddbc9456f9d0e7e584d,['gpu'],"['reference_not_ranking', 'historical_competitors_not_rerun', 'system_resources_not_exclusive', 'gpu_placement_metadata_only']"
jacobi_2d,cova_llvm_gpu,default,fresh_process,observed,0.35145416046725586,cova-L-20260928-201630,f929db7f0404f03c17fe480f504da8ae3cfdbee5,2,2,88fcc37626b242ba2751f475ada3090117847e04203daddbc9456f9d0e7e584d,['gpu'],"['reference_not_ranking', 'historical_competitors_not_rerun', 'system_resources_not_exclusive', 'gpu_placement_metadata_only']"
jacobi_2d,cova_llvm_gpu,default,same_process,observed,0.10860960750142112,cova-L-20260928-201630,f929db7f0404f03c17fe480f504da8ae3cfdbee5,6,3,88fcc37626b242ba2751f475ada3090117847e04203daddbc9456f9d0e7e584d,['gpu'],"['reference_not_ranking', 'historical_competitors_not_rerun', 'system_resources_not_exclusive', 'gpu_placement_metadata_only']"
k2mm,cova_serial_cpu,default,initialization,observed,171.8816338169854,cova-L-20260928-201630,f929db7f0404f03c17fe480f504da8ae3cfdbee5,1,1,65b07e1d7f5fdc00459ebb8a02ae0881674135e9bd7f454489c2d204e291d7ea,['cpu'],"['reference_not_ranking', 'historical_competitors_not_rerun', 'system_resources_not_exclusive']"
k2mm,cova_serial_cpu,default,fresh_process,observed,174.3014520399738,cova-L-20260928-201630,f929db7f0404f03c17fe480f504da8ae3cfdbee5,2,2,65b07e1d7f5fdc00459ebb8a02ae0881674135e9bd7f454489c2d204e291d7ea,['cpu'],"['reference_not_ranking', 'historical_competitors_not_rerun', 'system_resources_not_exclusive']"
k2mm,cova_serial_cpu,default,same_process,observed,168.9825316000497,cova-L-20260928-201630,f929db7f0404f03c17fe480f504da8ae3cfdbee5,6,3,65b07e1d7f5fdc00459ebb8a02ae0881674135e9bd7f454489c2d204e291d7ea,['cpu'],"['reference_not_ranking', 'historical_competitors_not_rerun', 'system_resources_not_exclusive']"
k2mm,cova_openmp_cpu,default,initialization,observed,60.44354238407686,cova-L-20260928-201630,f929db7f0404f03c17fe480f504da8ae3cfdbee5,1,1,65b07e1d7f5fdc00459ebb8a02ae0881674135e9bd7f454489c2d204e291d7ea,['cpu'],"['reference_not_ranking', 'historical_competitors_not_rerun', 'system_resources_not_exclusive']"
k2mm,cova_openmp_cpu,default,fresh_process,observed,87.55807593802456,cova-L-20260928-201630,f929db7f0404f03c17fe480f504da8ae3cfdbee5,2,2,65b07e1d7f5fdc00459ebb8a02ae0881674135e9bd7f454489c2d204e291d7ea,['cpu'],"['reference_not_ranking', 'historical_competitors_not_rerun', 'system_resources_not_exclusive']"
k2mm,cova_openmp_cpu,default,same_process,observed,64.75199864403112,cova-L-20260928-201630,f929db7f0404f03c17fe480f504da8ae3cfdbee5,6,3,65b07e1d7f5fdc00459ebb8a02ae0881674135e9bd7f454489c2d204e291d7ea,['cpu'],"['reference_not_ranking', 'historical_competitors_not_rerun', 'system_resources_not_exclusive']"
k2mm,cova_llvm_cpu_serial,default,initialization,observed,6.289608508930542,cova-L-20260928-201630,f929db7f0404f03c17fe480f504da8ae3cfdbee5,1,1,65b07e1d7f5fdc00459ebb8a02ae0881674135e9bd7f454489c2d204e291d7ea,['cpu'],"['reference_not_ranking', 'historical_competitors_not_rerun', 'system_resources_not_exclusive']"
k2mm,cova_llvm_cpu_serial,default,fresh_process,observed,3.0286990299937315,cova-L-20260928-201630,f929db7f0404f03c17fe480f504da8ae3cfdbee5,2,2,65b07e1d7f5fdc00459ebb8a02ae0881674135e9bd7f454489c2d204e291d7ea,['cpu'],"['reference_not_ranking', 'historical_competitors_not_rerun', 'system_resources_not_exclusive']"
k2mm,cova_llvm_cpu_serial,default,same_process,observed,2.879045194014907,cova-L-20260928-201630,f929db7f0404f03c17fe480f504da8ae3cfdbee5,6,3,65b07e1d7f5fdc00459ebb8a02ae0881674135e9bd7f454489c2d204e291d7ea,['cpu'],"['reference_not_ranking', 'historical_competitors_not_rerun', 'system_resources_not_exclusive']"
k2mm,cova_llvm_cpu,default,initialization,observed,9.976863465970382,cova-L-20260928-201630,f929db7f0404f03c17fe480f504da8ae3cfdbee5,1,1,65b07e1d7f5fdc00459ebb8a02ae0881674135e9bd7f454489c2d204e291d7ea,['cpu'],"['reference_not_ranking', 'historical_competitors_not_rerun', 'system_resources_not_exclusive']"
k2mm,cova_llvm_cpu,default,fresh_process,observed,3.0257094880216755,cova-L-20260928-201630,f929db7f0404f03c17fe480f504da8ae3cfdbee5,2,2,65b07e1d7f5fdc00459ebb8a02ae0881674135e9bd7f454489c2d204e291d7ea,['cpu'],"['reference_not_ranking', 'historical_competitors_not_rerun', 'system_resources_not_exclusive']"
k2mm,cova_llvm_cpu,default,same_process,observed,3.0253343545482494,cova-L-20260928-201630,f929db7f0404f03c17fe480f504da8ae3cfdbee5,6,3,65b07e1d7f5fdc00459ebb8a02ae0881674135e9bd7f454489c2d204e291d7ea,['cpu'],"['reference_not_ranking', 'historical_competitors_not_rerun', 'system_resources_not_exclusive']"
k2mm,cova_openmp_gpu,default,initialization,observed,7.265033076051623,cova-L-20260928-201630,f929db7f0404f03c17fe480f504da8ae3cfdbee5,1,1,65b07e1d7f5fdc00459ebb8a02ae0881674135e9bd7f454489c2d204e291d7ea,['gpu'],"['reference_not_ranking', 'historical_competitors_not_rerun', 'system_resources_not_exclusive', 'gpu_placement_metadata_only']"
k2mm,cova_openmp_gpu,default,fresh_process,observed,1.141516559466254,cova-L-20260928-201630,f929db7f0404f03c17fe480f504da8ae3cfdbee5,2,2,65b07e1d7f5fdc00459ebb8a02ae0881674135e9bd7f454489c2d204e291d7ea,['gpu'],"['reference_not_ranking', 'historical_competitors_not_rerun', 'system_resources_not_exclusive', 'gpu_placement_metadata_only']"
k2mm,cova_openmp_gpu,default,same_process,observed,0.7149980455287732,cova-L-20260928-201630,f929db7f0404f03c17fe480f504da8ae3cfdbee5,6,3,65b07e1d7f5fdc00459ebb8a02ae0881674135e9bd7f454489c2d204e291d7ea,['gpu'],"['reference_not_ranking', 'historical_competitors_not_rerun', 'system_resources_not_exclusive', 'gpu_placement_metadata_only']"
k2mm,cova_llvm_gpu,default,initialization,observed,7.170398256974295,cova-L-20260928-201630,f929db7f0404f03c17fe480f504da8ae3cfdbee5,1,1,65b07e1d7f5fdc00459ebb8a02ae0881674135e9bd7f454489c2d204e291d7ea,['gpu'],"['reference_not_ranking', 'historical_competitors_not_rerun', 'system_resources_not_exclusive', 'gpu_placement_metadata_only']"
k2mm,cova_llvm_gpu,default,fresh_process,observed,0.8865699915331788,cova-L-20260928-201630,f929db7f0404f03c17fe480f504da8ae3cfdbee5,2,2,65b07e1d7f5fdc00459ebb8a02ae0881674135e9bd7f454489c2d204e291d7ea,['gpu'],"['reference_not_ranking', 'historical_competitors_not_rerun', 'system_resources_not_exclusive', 'gpu_placement_metadata_only']"
k2mm,cova_llvm_gpu,default,same_process,observed,0.48782016849145293,cova-L-20260928-201630,f929db7f0404f03c17fe480f504da8ae3cfdbee5,6,3,65b07e1d7f5fdc00459ebb8a02ae0881674135e9bd7f454489c2d204e291d7ea,['gpu'],"['reference_not_ranking', 'historical_competitors_not_rerun', 'system_resources_not_exclusive', 'gpu_placement_metadata_only']"
k3mm,cova_serial_cpu,default,initialization,observed,269.8017713329755,cova-L-20260928-201630,f929db7f0404f03c17fe480f504da8ae3cfdbee5,1,1,aad0bebb7814a2ecba71c57046d8003bc43cb0f8e9f62fa7a3c5da967acf1885,['cpu'],"['reference_not_ranking', 'historical_competitors_not_rerun', 'system_resources_not_exclusive']"
k3mm,cova_serial_cpu,default,fresh_process,observed,237.50015438749688,cova-L-20260928-201630,f929db7f0404f03c17fe480f504da8ae3cfdbee5,2,2,aad0bebb7814a2ecba71c57046d8003bc43cb0f8e9f62fa7a3c5da967acf1885,['cpu'],"['reference_not_ranking', 'historical_competitors_not_rerun', 'system_resources_not_exclusive']"
k3mm,cova_serial_cpu,default,same_process,observed,237.80228343448834,cova-L-20260928-201630,f929db7f0404f03c17fe480f504da8ae3cfdbee5,6,3,aad0bebb7814a2ecba71c57046d8003bc43cb0f8e9f62fa7a3c5da967acf1885,['cpu'],"['reference_not_ranking', 'historical_competitors_not_rerun', 'system_resources_not_exclusive']"
k3mm,cova_openmp_cpu,default,initialization,observed,79.63795167102944,cova-L-20260928-201630,f929db7f0404f03c17fe480f504da8ae3cfdbee5,1,1,aad0bebb7814a2ecba71c57046d8003bc43cb0f8e9f62fa7a3c5da967acf1885,['cpu'],"['reference_not_ranking', 'historical_competitors_not_rerun', 'system_resources_not_exclusive']"
k3mm,cova_openmp_cpu,default,fresh_process,observed,84.88341051398311,cova-L-20260928-201630,f929db7f0404f03c17fe480f504da8ae3cfdbee5,2,2,aad0bebb7814a2ecba71c57046d8003bc43cb0f8e9f62fa7a3c5da967acf1885,['cpu'],"['reference_not_ranking', 'historical_competitors_not_rerun', 'system_resources_not_exclusive']"
k3mm,cova_openmp_cpu,default,same_process,observed,98.650031133031,cova-L-20260928-201630,f929db7f0404f03c17fe480f504da8ae3cfdbee5,6,3,aad0bebb7814a2ecba71c57046d8003bc43cb0f8e9f62fa7a3c5da967acf1885,['cpu'],"['reference_not_ranking', 'historical_competitors_not_rerun', 'system_resources_not_exclusive']"
k3mm,cova_llvm_cpu_serial,default,initialization,observed,7.222348794923164,cova-L-20260928-201630,f929db7f0404f03c17fe480f504da8ae3cfdbee5,1,1,aad0bebb7814a2ecba71c57046d8003bc43cb0f8e9f62fa7a3c5da967acf1885,['cpu'],"['reference_not_ranking', 'historical_competitors_not_rerun', 'system_resources_not_exclusive']"
k3mm,cova_llvm_cpu_serial,default,fresh_process,observed,3.7708132434636354,cova-L-20260928-201630,f929db7f0404f03c17fe480f504da8ae3cfdbee5,2,2,aad0bebb7814a2ecba71c57046d8003bc43cb0f8e9f62fa7a3c5da967acf1885,['cpu'],"['reference_not_ranking', 'historical_competitors_not_rerun', 'system_resources_not_exclusive']"
k3mm,cova_llvm_cpu_serial,default,same_process,observed,3.3489282664377242,cova-L-20260928-201630,f929db7f0404f03c17fe480f504da8ae3cfdbee5,6,3,aad0bebb7814a2ecba71c57046d8003bc43cb0f8e9f62fa7a3c5da967acf1885,['cpu'],"['reference_not_ranking', 'historical_competitors_not_rerun', 'system_resources_not_exclusive']"
k3mm,cova_llvm_cpu,default,initialization,observed,8.964312699972652,cova-L-20260928-201630,f929db7f0404f03c17fe480f504da8ae3cfdbee5,1,1,aad0bebb7814a2ecba71c57046d8003bc43cb0f8e9f62fa7a3c5da967acf1885,['cpu'],"['reference_not_ranking', 'historical_competitors_not_rerun', 'system_resources_not_exclusive']"
k3mm,cova_llvm_cpu,default,fresh_process,observed,3.5367355350172147,cova-L-20260928-201630,f929db7f0404f03c17fe480f504da8ae3cfdbee5,2,2,aad0bebb7814a2ecba71c57046d8003bc43cb0f8e9f62fa7a3c5da967acf1885,['cpu'],"['reference_not_ranking', 'historical_competitors_not_rerun', 'system_resources_not_exclusive']"
k3mm,cova_llvm_cpu,default,same_process,observed,3.4502623445005156,cova-L-20260928-201630,f929db7f0404f03c17fe480f504da8ae3cfdbee5,6,3,aad0bebb7814a2ecba71c57046d8003bc43cb0f8e9f62fa7a3c5da967acf1885,['cpu'],"['reference_not_ranking', 'historical_competitors_not_rerun', 'system_resources_not_exclusive']"
k3mm,cova_openmp_gpu,default,initialization,observed,6.856023755972274,cova-L-20260928-201630,f929db7f0404f03c17fe480f504da8ae3cfdbee5,1,1,aad0bebb7814a2ecba71c57046d8003bc43cb0f8e9f62fa7a3c5da967acf1885,['gpu'],"['reference_not_ranking', 'historical_competitors_not_rerun', 'system_resources_not_exclusive', 'gpu_placement_metadata_only']"
k3mm,cova_openmp_gpu,default,fresh_process,observed,0.8810673379921354,cova-L-20260928-201630,f929db7f0404f03c17fe480f504da8ae3cfdbee5,2,2,aad0bebb7814a2ecba71c57046d8003bc43cb0f8e9f62fa7a3c5da967acf1885,['gpu'],"['reference_not_ranking', 'historical_competitors_not_rerun', 'system_resources_not_exclusive', 'gpu_placement_metadata_only']"
k3mm,cova_openmp_gpu,default,same_process,observed,0.35502383846323937,cova-L-20260928-201630,f929db7f0404f03c17fe480f504da8ae3cfdbee5,6,3,aad0bebb7814a2ecba71c57046d8003bc43cb0f8e9f62fa7a3c5da967acf1885,['gpu'],"['reference_not_ranking', 'historical_competitors_not_rerun', 'system_resources_not_exclusive', 'gpu_placement_metadata_only']"
k3mm,cova_llvm_gpu,default,initialization,observed,6.454145669937134,cova-L-20260928-201630,f929db7f0404f03c17fe480f504da8ae3cfdbee5,1,1,aad0bebb7814a2ecba71c57046d8003bc43cb0f8e9f62fa7a3c5da967acf1885,['gpu'],"['reference_not_ranking', 'historical_competitors_not_rerun', 'system_resources_not_exclusive', 'gpu_placement_metadata_only']"
k3mm,cova_llvm_gpu,default,fresh_process,observed,0.8617131484788842,cova-L-20260928-201630,f929db7f0404f03c17fe480f504da8ae3cfdbee5,2,2,aad0bebb7814a2ecba71c57046d8003bc43cb0f8e9f62fa7a3c5da967acf1885,['gpu'],"['reference_not_ranking', 'historical_competitors_not_rerun', 'system_resources_not_exclusive', 'gpu_placement_metadata_only']"
k3mm,cova_llvm_gpu,default,same_process,observed,0.5379392374888994,cova-L-20260928-201630,f929db7f0404f03c17fe480f504da8ae3cfdbee5,6,3,aad0bebb7814a2ecba71c57046d8003bc43cb0f8e9f62fa7a3c5da967acf1885,['gpu'],"['reference_not_ranking', 'historical_competitors_not_rerun', 'system_resources_not_exclusive', 'gpu_placement_metadata_only']"
lenet,cova_serial_cpu,default,initialization,observed,7.187702881987207,cova-L-20260928-201630,f929db7f0404f03c17fe480f504da8ae3cfdbee5,1,1,914661bfde93da5c2e7b1ef256bf97775e395b5980f08a299cd8040e92c0b6ea,['cpu'],"['reference_not_ranking', 'historical_competitors_not_rerun', 'system_resources_not_exclusive']"
lenet,cova_serial_cpu,default,fresh_process,observed,0.1222829875187017,cova-L-20260928-201630,f929db7f0404f03c17fe480f504da8ae3cfdbee5,2,2,914661bfde93da5c2e7b1ef256bf97775e395b5980f08a299cd8040e92c0b6ea,['cpu'],"['reference_not_ranking', 'historical_competitors_not_rerun', 'system_resources_not_exclusive']"
lenet,cova_serial_cpu,default,same_process,observed,0.09883146203355864,cova-L-20260928-201630,f929db7f0404f03c17fe480f504da8ae3cfdbee5,6,3,914661bfde93da5c2e7b1ef256bf97775e395b5980f08a299cd8040e92c0b6ea,['cpu'],"['reference_not_ranking', 'historical_competitors_not_rerun', 'system_resources_not_exclusive']"
lenet,cova_openmp_cpu,default,initialization,observed,6.62563736201264,cova-L-20260928-201630,f929db7f0404f03c17fe480f504da8ae3cfdbee5,1,1,914661bfde93da5c2e7b1ef256bf97775e395b5980f08a299cd8040e92c0b6ea,['cpu'],"['reference_not_ranking', 'historical_competitors_not_rerun', 'system_resources_not_exclusive']"
lenet,cova_openmp_cpu,default,fresh_process,observed,0.24837401398690417,cova-L-20260928-201630,f929db7f0404f03c17fe480f504da8ae3cfdbee5,2,2,914661bfde93da5c2e7b1ef256bf97775e395b5980f08a299cd8040e92c0b6ea,['cpu'],"['reference_not_ranking', 'historical_competitors_not_rerun', 'system_resources_not_exclusive']"
lenet,cova_openmp_cpu,default,same_process,observed,0.1969841084210202,cova-L-20260928-201630,f929db7f0404f03c17fe480f504da8ae3cfdbee5,6,3,914661bfde93da5c2e7b1ef256bf97775e395b5980f08a299cd8040e92c0b6ea,['cpu'],"['reference_not_ranking', 'historical_competitors_not_rerun', 'system_resources_not_exclusive']"
lenet,cova_llvm_cpu_serial,default,initialization,observed,6.937491468968801,cova-L-20260928-201630,f929db7f0404f03c17fe480f504da8ae3cfdbee5,1,1,914661bfde93da5c2e7b1ef256bf97775e395b5980f08a299cd8040e92c0b6ea,['cpu'],"['reference_not_ranking', 'historical_competitors_not_rerun', 'system_resources_not_exclusive']"
lenet,cova_llvm_cpu_serial,default,fresh_process,observed,0.13404353003716096,cova-L-20260928-201630,f929db7f0404f03c17fe480f504da8ae3cfdbee5,2,2,914661bfde93da5c2e7b1ef256bf97775e395b5980f08a299cd8040e92c0b6ea,['cpu'],"['reference_not_ranking', 'historical_competitors_not_rerun', 'system_resources_not_exclusive']"
lenet,cova_llvm_cpu_serial,default,same_process,observed,0.09731355350231752,cova-L-20260928-201630,f929db7f0404f03c17fe480f504da8ae3cfdbee5,6,3,914661bfde93da5c2e7b1ef256bf97775e395b5980f08a299cd8040e92c0b6ea,['cpu'],"['reference_not_ranking', 'historical_competitors_not_rerun', 'system_resources_not_exclusive']"
lenet,cova_llvm_cpu,default,initialization,observed,11.45892917807214,cova-L-20260928-201630,f929db7f0404f03c17fe480f504da8ae3cfdbee5,1,1,914661bfde93da5c2e7b1ef256bf97775e395b5980f08a299cd8040e92c0b6ea,['cpu'],"['reference_not_ranking', 'historical_competitors_not_rerun', 'system_resources_not_exclusive']"
lenet,cova_llvm_cpu,default,fresh_process,observed,0.2454346200102009,cova-L-20260928-201630,f929db7f0404f03c17fe480f504da8ae3cfdbee5,2,2,914661bfde93da5c2e7b1ef256bf97775e395b5980f08a299cd8040e92c0b6ea,['cpu'],"['reference_not_ranking', 'historical_competitors_not_rerun', 'system_resources_not_exclusive']"
lenet,cova_llvm_cpu,default,same_process,observed,0.09039046947145835,cova-L-20260928-201630,f929db7f0404f03c17fe480f504da8ae3cfdbee5,6,3,914661bfde93da5c2e7b1ef256bf97775e395b5980f08a299cd8040e92c0b6ea,['cpu'],"['reference_not_ranking', 'historical_competitors_not_rerun', 'system_resources_not_exclusive']"
lenet,cova_openmp_gpu,default,initialization,observed,14.050643304013647,cova-L-20260928-201630,f929db7f0404f03c17fe480f504da8ae3cfdbee5,1,1,914661bfde93da5c2e7b1ef256bf97775e395b5980f08a299cd8040e92c0b6ea,['gpu'],"['reference_not_ranking', 'historical_competitors_not_rerun', 'system_resources_not_exclusive', 'gpu_placement_metadata_only']"
lenet,cova_openmp_gpu,default,fresh_process,observed,1.2516712890355848,cova-L-20260928-201630,f929db7f0404f03c17fe480f504da8ae3cfdbee5,2,2,914661bfde93da5c2e7b1ef256bf97775e395b5980f08a299cd8040e92c0b6ea,['gpu'],"['reference_not_ranking', 'historical_competitors_not_rerun', 'system_resources_not_exclusive', 'gpu_placement_metadata_only']"
lenet,cova_openmp_gpu,default,same_process,observed,0.6088104070513509,cova-L-20260928-201630,f929db7f0404f03c17fe480f504da8ae3cfdbee5,6,3,914661bfde93da5c2e7b1ef256bf97775e395b5980f08a299cd8040e92c0b6ea,['gpu'],"['reference_not_ranking', 'historical_competitors_not_rerun', 'system_resources_not_exclusive', 'gpu_placement_metadata_only']"
lenet,cova_llvm_gpu,default,initialization,observed,106.24596409499645,cova-L-20260928-201630,f929db7f0404f03c17fe480f504da8ae3cfdbee5,1,1,914661bfde93da5c2e7b1ef256bf97775e395b5980f08a299cd8040e92c0b6ea,['mixed'],"['reference_not_ranking', 'historical_competitors_not_rerun', 'system_resources_not_exclusive', 'gpu_placement_metadata_only']"
lenet,cova_llvm_gpu,default,fresh_process,observed,17.351505233556964,2026-09-29-complete-artifact-replay-cohorts,f929db7f0404f03c17fe480f504da8ae3cfdbee5,2,2,914661bfde93da5c2e7b1ef256bf97775e395b5980f08a299cd8040e92c0b6ea,['mixed'],"['reference_not_ranking', 'historical_competitors_not_rerun', 'system_resources_not_exclusive', 'gpu_placement_metadata_only', 'partial_matrix_overlay', 'mixed_sampling_dates', 'replay_only_no_initialization']"
lenet,cova_llvm_gpu,default,same_process,observed,14.349175053706858,2026-09-29-complete-artifact-replay-cohorts,f929db7f0404f03c17fe480f504da8ae3cfdbee5,4,2,914661bfde93da5c2e7b1ef256bf97775e395b5980f08a299cd8040e92c0b6ea,['mixed'],"['reference_not_ranking', 'historical_competitors_not_rerun', 'system_resources_not_exclusive', 'gpu_placement_metadata_only', 'partial_matrix_overlay', 'mixed_sampling_dates', 'replay_only_no_initialization']"
lu,cova_serial_cpu,default,initialization,observed,2.0554025010205805,cova-L-20260928-201630,f929db7f0404f03c17fe480f504da8ae3cfdbee5,1,1,9ac2f818703fa8aa1a82579828bb4b9f516a133a9d2de36086ba8af196680084,['cpu'],"['reference_not_ranking', 'historical_competitors_not_rerun', 'system_resources_not_exclusive']"
lu,cova_serial_cpu,default,fresh_process,observed,0.15291856246767566,cova-L-20260928-201630,f929db7f0404f03c17fe480f504da8ae3cfdbee5,2,2,9ac2f818703fa8aa1a82579828bb4b9f516a133a9d2de36086ba8af196680084,['cpu'],"['reference_not_ranking', 'historical_competitors_not_rerun', 'system_resources_not_exclusive']"
lu,cova_serial_cpu,default,same_process,observed,0.2018486624583602,cova-L-20260928-201630,f929db7f0404f03c17fe480f504da8ae3cfdbee5,6,3,9ac2f818703fa8aa1a82579828bb4b9f516a133a9d2de36086ba8af196680084,['cpu'],"['reference_not_ranking', 'historical_competitors_not_rerun', 'system_resources_not_exclusive']"
lu,cova_openmp_cpu,default,initialization,observed,2.5431491329800338,cova-L-20260928-201630,f929db7f0404f03c17fe480f504da8ae3cfdbee5,1,1,9ac2f818703fa8aa1a82579828bb4b9f516a133a9d2de36086ba8af196680084,['cpu'],"['reference_not_ranking', 'historical_competitors_not_rerun', 'system_resources_not_exclusive']"
lu,cova_openmp_cpu,default,fresh_process,observed,0.1842692144564353,cova-L-20260928-201630,f929db7f0404f03c17fe480f504da8ae3cfdbee5,2,2,9ac2f818703fa8aa1a82579828bb4b9f516a133a9d2de36086ba8af196680084,['cpu'],"['reference_not_ranking', 'historical_competitors_not_rerun', 'system_resources_not_exclusive']"
lu,cova_openmp_cpu,default,same_process,observed,0.19988129305420443,cova-L-20260928-201630,f929db7f0404f03c17fe480f504da8ae3cfdbee5,6,3,9ac2f818703fa8aa1a82579828bb4b9f516a133a9d2de36086ba8af196680084,['cpu'],"['reference_not_ranking', 'historical_competitors_not_rerun', 'system_resources_not_exclusive']"
lu,cova_llvm_cpu_serial,default,initialization,observed,1.8072139419382438,cova-L-20260928-201630,f929db7f0404f03c17fe480f504da8ae3cfdbee5,1,1,9ac2f818703fa8aa1a82579828bb4b9f516a133a9d2de36086ba8af196680084,['cpu'],"['reference_not_ranking', 'historical_competitors_not_rerun', 'system_resources_not_exclusive']"
lu,cova_llvm_cpu_serial,default,fresh_process,observed,0.18224008003016934,cova-L-20260928-201630,f929db7f0404f03c17fe480f504da8ae3cfdbee5,2,2,9ac2f818703fa8aa1a82579828bb4b9f516a133a9d2de36086ba8af196680084,['cpu'],"['reference_not_ranking', 'historical_competitors_not_rerun', 'system_resources_not_exclusive']"
lu,cova_llvm_cpu_serial,default,same_process,observed,0.19766305451048538,cova-L-20260928-201630,f929db7f0404f03c17fe480f504da8ae3cfdbee5,6,3,9ac2f818703fa8aa1a82579828bb4b9f516a133a9d2de36086ba8af196680084,['cpu'],"['reference_not_ranking', 'historical_competitors_not_rerun', 'system_resources_not_exclusive']"
lu,cova_llvm_cpu,default,initialization,observed,2.0156726950081065,cova-L-20260928-201630,f929db7f0404f03c17fe480f504da8ae3cfdbee5,1,1,9ac2f818703fa8aa1a82579828bb4b9f516a133a9d2de36086ba8af196680084,['cpu'],"['reference_not_ranking', 'historical_competitors_not_rerun', 'system_resources_not_exclusive']"
lu,cova_llvm_cpu,default,fresh_process,observed,0.18298720353050157,cova-L-20260928-201630,f929db7f0404f03c17fe480f504da8ae3cfdbee5,2,2,9ac2f818703fa8aa1a82579828bb4b9f516a133a9d2de36086ba8af196680084,['cpu'],"['reference_not_ranking', 'historical_competitors_not_rerun', 'system_resources_not_exclusive']"
lu,cova_llvm_cpu,default,same_process,observed,0.17805829999269918,cova-L-20260928-201630,f929db7f0404f03c17fe480f504da8ae3cfdbee5,6,3,9ac2f818703fa8aa1a82579828bb4b9f516a133a9d2de36086ba8af196680084,['cpu'],"['reference_not_ranking', 'historical_competitors_not_rerun', 'system_resources_not_exclusive']"
lu,cova_openmp_gpu,default,initialization,observed,4.322078685974702,cova-L-20260928-201630,f929db7f0404f03c17fe480f504da8ae3cfdbee5,1,1,9ac2f818703fa8aa1a82579828bb4b9f516a133a9d2de36086ba8af196680084,['cpu'],"['reference_not_ranking', 'historical_competitors_not_rerun', 'system_resources_not_exclusive', 'gpu_placement_metadata_only']"
lu,cova_openmp_gpu,default,fresh_process,observed,0.17402047652285546,cova-L-20260928-201630,f929db7f0404f03c17fe480f504da8ae3cfdbee5,2,2,9ac2f818703fa8aa1a82579828bb4b9f516a133a9d2de36086ba8af196680084,['cpu'],"['reference_not_ranking', 'historical_competitors_not_rerun', 'system_resources_not_exclusive', 'gpu_placement_metadata_only']"
lu,cova_openmp_gpu,default,same_process,observed,0.16240641148760915,cova-L-20260928-201630,f929db7f0404f03c17fe480f504da8ae3cfdbee5,6,3,9ac2f818703fa8aa1a82579828bb4b9f516a133a9d2de36086ba8af196680084,['cpu'],"['reference_not_ranking', 'historical_competitors_not_rerun', 'system_resources_not_exclusive', 'gpu_placement_metadata_only']"
lu,cova_llvm_gpu,default,initialization,observed,28.968039592029527,cova-L-20260928-201630,f929db7f0404f03c17fe480f504da8ae3cfdbee5,1,1,9ac2f818703fa8aa1a82579828bb4b9f516a133a9d2de36086ba8af196680084,['gpu'],"['reference_not_ranking', 'historical_competitors_not_rerun', 'system_resources_not_exclusive', 'gpu_placement_metadata_only']"
lu,cova_llvm_gpu,default,fresh_process,observed,23.577398298482876,cova-L-20260928-201630,f929db7f0404f03c17fe480f504da8ae3cfdbee5,2,2,9ac2f818703fa8aa1a82579828bb4b9f516a133a9d2de36086ba8af196680084,['gpu'],"['reference_not_ranking', 'historical_competitors_not_rerun', 'system_resources_not_exclusive', 'gpu_placement_metadata_only']"
lu,cova_llvm_gpu,default,same_process,observed,22.214120846008882,cova-L-20260928-201630,f929db7f0404f03c17fe480f504da8ae3cfdbee5,6,3,9ac2f818703fa8aa1a82579828bb4b9f516a133a9d2de36086ba8af196680084,['gpu'],"['reference_not_ranking', 'historical_competitors_not_rerun', 'system_resources_not_exclusive', 'gpu_placement_metadata_only']"
ludcmp,cova_serial_cpu,default,initialization,observed,2.370737139019184,cova-L-20260928-201630,f929db7f0404f03c17fe480f504da8ae3cfdbee5,1,1,55b9887d27df7b3dc3b8b2e1875facca1a285d1891e4df442fdd18cc865cc7b0,['cpu'],"['reference_not_ranking', 'historical_competitors_not_rerun', 'system_resources_not_exclusive']"
ludcmp,cova_serial_cpu,default,fresh_process,observed,0.153729839483276,cova-L-20260928-201630,f929db7f0404f03c17fe480f504da8ae3cfdbee5,2,2,55b9887d27df7b3dc3b8b2e1875facca1a285d1891e4df442fdd18cc865cc7b0,['cpu'],"['reference_not_ranking', 'historical_competitors_not_rerun', 'system_resources_not_exclusive']"
ludcmp,cova_serial_cpu,default,same_process,observed,0.16608147998340428,cova-L-20260928-201630,f929db7f0404f03c17fe480f504da8ae3cfdbee5,6,3,55b9887d27df7b3dc3b8b2e1875facca1a285d1891e4df442fdd18cc865cc7b0,['cpu'],"['reference_not_ranking', 'historical_competitors_not_rerun', 'system_resources_not_exclusive']"
ludcmp,cova_openmp_cpu,default,initialization,observed,2.727370021981187,cova-L-20260928-201630,f929db7f0404f03c17fe480f504da8ae3cfdbee5,1,1,55b9887d27df7b3dc3b8b2e1875facca1a285d1891e4df442fdd18cc865cc7b0,['cpu'],"['reference_not_ranking', 'historical_competitors_not_rerun', 'system_resources_not_exclusive']"
ludcmp,cova_openmp_cpu,default,fresh_process,observed,0.1787760845036246,cova-L-20260928-201630,f929db7f0404f03c17fe480f504da8ae3cfdbee5,2,2,55b9887d27df7b3dc3b8b2e1875facca1a285d1891e4df442fdd18cc865cc7b0,['cpu'],"['reference_not_ranking', 'historical_competitors_not_rerun', 'system_resources_not_exclusive']"
ludcmp,cova_openmp_cpu,default,same_process,observed,0.14528428594348952,cova-L-20260928-201630,f929db7f0404f03c17fe480f504da8ae3cfdbee5,6,3,55b9887d27df7b3dc3b8b2e1875facca1a285d1891e4df442fdd18cc865cc7b0,['cpu'],"['reference_not_ranking', 'historical_competitors_not_rerun', 'system_resources_not_exclusive']"
ludcmp,cova_llvm_cpu_serial,default,initialization,observed,1.9386808129493147,cova-L-20260928-201630,f929db7f0404f03c17fe480f504da8ae3cfdbee5,1,1,55b9887d27df7b3dc3b8b2e1875facca1a285d1891e4df442fdd18cc865cc7b0,['cpu'],"['reference_not_ranking', 'historical_competitors_not_rerun', 'system_resources_not_exclusive']"
ludcmp,cova_llvm_cpu_serial,default,fresh_process,observed,0.13365706201875582,cova-L-20260928-201630,f929db7f0404f03c17fe480f504da8ae3cfdbee5,2,2,55b9887d27df7b3dc3b8b2e1875facca1a285d1891e4df442fdd18cc865cc7b0,['cpu'],"['reference_not_ranking', 'historical_competitors_not_rerun', 'system_resources_not_exclusive']"
ludcmp,cova_llvm_cpu_serial,default,same_process,observed,0.1477904404164292,cova-L-20260928-201630,f929db7f0404f03c17fe480f504da8ae3cfdbee5,6,3,55b9887d27df7b3dc3b8b2e1875facca1a285d1891e4df442fdd18cc865cc7b0,['cpu'],"['reference_not_ranking', 'historical_competitors_not_rerun', 'system_resources_not_exclusive']"
ludcmp,cova_llvm_cpu,default,initialization,observed,2.255463262088597,cova-L-20260928-201630,f929db7f0404f03c17fe480f504da8ae3cfdbee5,1,1,55b9887d27df7b3dc3b8b2e1875facca1a285d1891e4df442fdd18cc865cc7b0,['cpu'],"['reference_not_ranking', 'historical_competitors_not_rerun', 'system_resources_not_exclusive']"
ludcmp,cova_llvm_cpu,default,fresh_process,observed,0.1328720974852331,cova-L-20260928-201630,f929db7f0404f03c17fe480f504da8ae3cfdbee5,2,2,55b9887d27df7b3dc3b8b2e1875facca1a285d1891e4df442fdd18cc865cc7b0,['cpu'],"['reference_not_ranking', 'historical_competitors_not_rerun', 'system_resources_not_exclusive']"
ludcmp,cova_llvm_cpu,default,same_process,observed,0.1643855960574001,cova-L-20260928-201630,f929db7f0404f03c17fe480f504da8ae3cfdbee5,6,3,55b9887d27df7b3dc3b8b2e1875facca1a285d1891e4df442fdd18cc865cc7b0,['cpu'],"['reference_not_ranking', 'historical_competitors_not_rerun', 'system_resources_not_exclusive']"
ludcmp,cova_openmp_gpu,default,initialization,observed,4.559897992992774,cova-L-20260928-201630,f929db7f0404f03c17fe480f504da8ae3cfdbee5,1,1,55b9887d27df7b3dc3b8b2e1875facca1a285d1891e4df442fdd18cc865cc7b0,['cpu'],"['reference_not_ranking', 'historical_competitors_not_rerun', 'system_resources_not_exclusive', 'gpu_placement_metadata_only']"
ludcmp,cova_openmp_gpu,default,fresh_process,observed,0.17358868749579415,cova-L-20260928-201630,f929db7f0404f03c17fe480f504da8ae3cfdbee5,2,2,55b9887d27df7b3dc3b8b2e1875facca1a285d1891e4df442fdd18cc865cc7b0,['cpu'],"['reference_not_ranking', 'historical_competitors_not_rerun', 'system_resources_not_exclusive', 'gpu_placement_metadata_only']"
ludcmp,cova_openmp_gpu,default,same_process,observed,0.1764792604953982,cova-L-20260928-201630,f929db7f0404f03c17fe480f504da8ae3cfdbee5,6,3,55b9887d27df7b3dc3b8b2e1875facca1a285d1891e4df442fdd18cc865cc7b0,['cpu'],"['reference_not_ranking', 'historical_competitors_not_rerun', 'system_resources_not_exclusive', 'gpu_placement_metadata_only']"
ludcmp,cova_llvm_gpu,default,initialization,observed,24.951875663013197,cova-L-20260928-201630,f929db7f0404f03c17fe480f504da8ae3cfdbee5,1,1,55b9887d27df7b3dc3b8b2e1875facca1a285d1891e4df442fdd18cc865cc7b0,['mixed'],"['reference_not_ranking', 'historical_competitors_not_rerun', 'system_resources_not_exclusive', 'gpu_placement_metadata_only']"
ludcmp,cova_llvm_gpu,default,fresh_process,observed,18.24868067598436,cova-L-20260928-201630,f929db7f0404f03c17fe480f504da8ae3cfdbee5,2,2,55b9887d27df7b3dc3b8b2e1875facca1a285d1891e4df442fdd18cc865cc7b0,['mixed'],"['reference_not_ranking', 'historical_competitors_not_rerun', 'system_resources_not_exclusive', 'gpu_placement_metadata_only']"
ludcmp,cova_llvm_gpu,default,same_process,observed,17.068458968016785,cova-L-20260928-201630,f929db7f0404f03c17fe480f504da8ae3cfdbee5,6,3,55b9887d27df7b3dc3b8b2e1875facca1a285d1891e4df442fdd18cc865cc7b0,['mixed'],"['reference_not_ranking', 'historical_competitors_not_rerun', 'system_resources_not_exclusive', 'gpu_placement_metadata_only']"
mandelbrot1,cova_serial_cpu,default,initialization,error,,cova-L-20260928-201630,f929db7f0404f03c17fe480f504da8ae3cfdbee5,0,0,498529c7a9dcc40ab333461ec82b7c16a88eb9014a98ba9ee2910dd66fb9e062,[],"['reference_not_ranking', 'historical_competitors_not_rerun', 'system_resources_not_exclusive']"
mandelbrot1,cova_serial_cpu,default,fresh_process,error,,cova-L-20260928-201630,f929db7f0404f03c17fe480f504da8ae3cfdbee5,0,0,498529c7a9dcc40ab333461ec82b7c16a88eb9014a98ba9ee2910dd66fb9e062,[],"['reference_not_ranking', 'historical_competitors_not_rerun', 'system_resources_not_exclusive']"
mandelbrot1,cova_serial_cpu,default,same_process,error,,cova-L-20260928-201630,f929db7f0404f03c17fe480f504da8ae3cfdbee5,0,0,498529c7a9dcc40ab333461ec82b7c16a88eb9014a98ba9ee2910dd66fb9e062,[],"['reference_not_ranking', 'historical_competitors_not_rerun', 'system_resources_not_exclusive']"
mandelbrot1,cova_openmp_cpu,default,initialization,error,,cova-L-20260928-201630,f929db7f0404f03c17fe480f504da8ae3cfdbee5,0,0,498529c7a9dcc40ab333461ec82b7c16a88eb9014a98ba9ee2910dd66fb9e062,[],"['reference_not_ranking', 'historical_competitors_not_rerun', 'system_resources_not_exclusive']"
mandelbrot1,cova_openmp_cpu,default,fresh_process,error,,cova-L-20260928-201630,f929db7f0404f03c17fe480f504da8ae3cfdbee5,0,0,498529c7a9dcc40ab333461ec82b7c16a88eb9014a98ba9ee2910dd66fb9e062,[],"['reference_not_ranking', 'historical_competitors_not_rerun', 'system_resources_not_exclusive']"
mandelbrot1,cova_openmp_cpu,default,same_process,error,,cova-L-20260928-201630,f929db7f0404f03c17fe480f504da8ae3cfdbee5,0,0,498529c7a9dcc40ab333461ec82b7c16a88eb9014a98ba9ee2910dd66fb9e062,[],"['reference_not_ranking', 'historical_competitors_not_rerun', 'system_resources_not_exclusive']"
mandelbrot1,cova_llvm_cpu_serial,default,initialization,observed,2.6449741749092937,cova-L-20260928-201630,f929db7f0404f03c17fe480f504da8ae3cfdbee5,1,1,498529c7a9dcc40ab333461ec82b7c16a88eb9014a98ba9ee2910dd66fb9e062,['cpu'],"['reference_not_ranking', 'historical_competitors_not_rerun', 'system_resources_not_exclusive']"
mandelbrot1,cova_llvm_cpu_serial,default,fresh_process,observed,0.8234274230198935,cova-L-20260928-201630,f929db7f0404f03c17fe480f504da8ae3cfdbee5,2,2,498529c7a9dcc40ab333461ec82b7c16a88eb9014a98ba9ee2910dd66fb9e062,['cpu'],"['reference_not_ranking', 'historical_competitors_not_rerun', 'system_resources_not_exclusive']"
mandelbrot1,cova_llvm_cpu_serial,default,same_process,observed,0.7958138350513764,cova-L-20260928-201630,f929db7f0404f03c17fe480f504da8ae3cfdbee5,6,3,498529c7a9dcc40ab333461ec82b7c16a88eb9014a98ba9ee2910dd66fb9e062,['cpu'],"['reference_not_ranking', 'historical_competitors_not_rerun', 'system_resources_not_exclusive']"
mandelbrot1,cova_llvm_cpu,default,initialization,observed,2.940396610996686,cova-L-20260928-201630,f929db7f0404f03c17fe480f504da8ae3cfdbee5,1,1,498529c7a9dcc40ab333461ec82b7c16a88eb9014a98ba9ee2910dd66fb9e062,['cpu'],"['reference_not_ranking', 'historical_competitors_not_rerun', 'system_resources_not_exclusive']"
mandelbrot1,cova_llvm_cpu,default,fresh_process,observed,0.30896019941428676,2026-09-29-complete-artifact-replay-cohorts,f929db7f0404f03c17fe480f504da8ae3cfdbee5,2,2,498529c7a9dcc40ab333461ec82b7c16a88eb9014a98ba9ee2910dd66fb9e062,['cpu'],"['reference_not_ranking', 'historical_competitors_not_rerun', 'system_resources_not_exclusive', 'partial_matrix_overlay', 'mixed_sampling_dates', 'replay_only_no_initialization', 'residual_variability_unresolved']"
mandelbrot1,cova_llvm_cpu,default,same_process,observed,0.18765783123672009,2026-09-29-complete-artifact-replay-cohorts,f929db7f0404f03c17fe480f504da8ae3cfdbee5,4,2,498529c7a9dcc40ab333461ec82b7c16a88eb9014a98ba9ee2910dd66fb9e062,['cpu'],"['reference_not_ranking', 'historical_competitors_not_rerun', 'system_resources_not_exclusive', 'partial_matrix_overlay', 'mixed_sampling_dates', 'replay_only_no_initialization', 'residual_variability_unresolved']"
mandelbrot1,cova_openmp_gpu,default,initialization,error,,cova-L-20260928-201630,f929db7f0404f03c17fe480f504da8ae3cfdbee5,0,0,498529c7a9dcc40ab333461ec82b7c16a88eb9014a98ba9ee2910dd66fb9e062,[],"['reference_not_ranking', 'historical_competitors_not_rerun', 'system_resources_not_exclusive', 'gpu_placement_metadata_only']"
mandelbrot1,cova_openmp_gpu,default,fresh_process,error,,cova-L-20260928-201630,f929db7f0404f03c17fe480f504da8ae3cfdbee5,0,0,498529c7a9dcc40ab333461ec82b7c16a88eb9014a98ba9ee2910dd66fb9e062,[],"['reference_not_ranking', 'historical_competitors_not_rerun', 'system_resources_not_exclusive', 'gpu_placement_metadata_only']"
mandelbrot1,cova_openmp_gpu,default,same_process,error,,cova-L-20260928-201630,f929db7f0404f03c17fe480f504da8ae3cfdbee5,0,0,498529c7a9dcc40ab333461ec82b7c16a88eb9014a98ba9ee2910dd66fb9e062,[],"['reference_not_ranking', 'historical_competitors_not_rerun', 'system_resources_not_exclusive', 'gpu_placement_metadata_only']"
mandelbrot1,cova_llvm_gpu,default,initialization,observed,9.850821052095853,cova-L-20260928-201630,f929db7f0404f03c17fe480f504da8ae3cfdbee5,1,1,498529c7a9dcc40ab333461ec82b7c16a88eb9014a98ba9ee2910dd66fb9e062,['mixed'],"['reference_not_ranking', 'historical_competitors_not_rerun', 'system_resources_not_exclusive', 'gpu_placement_metadata_only']"
mandelbrot1,cova_llvm_gpu,default,fresh_process,observed,2.1923459964455105,cova-L-20260928-201630,f929db7f0404f03c17fe480f504da8ae3cfdbee5,2,2,498529c7a9dcc40ab333461ec82b7c16a88eb9014a98ba9ee2910dd66fb9e062,['mixed'],"['reference_not_ranking', 'historical_competitors_not_rerun', 'system_resources_not_exclusive', 'gpu_placement_metadata_only']"
mandelbrot1,cova_llvm_gpu,default,same_process,observed,1.8001414089812897,cova-L-20260928-201630,f929db7f0404f03c17fe480f504da8ae3cfdbee5,6,3,498529c7a9dcc40ab333461ec82b7c16a88eb9014a98ba9ee2910dd66fb9e062,['mixed'],"['reference_not_ranking', 'historical_competitors_not_rerun', 'system_resources_not_exclusive', 'gpu_placement_metadata_only']"
mandelbrot2,cova_serial_cpu,default,initialization,error,,cova-L-20260928-201630,f929db7f0404f03c17fe480f504da8ae3cfdbee5,0,0,e953c506eaf95aed1da28b70ad9b9cbb5c4d6ed77213ce344c94cdacbc5b6ae1,[],"['reference_not_ranking', 'historical_competitors_not_rerun', 'system_resources_not_exclusive']"
mandelbrot2,cova_serial_cpu,default,fresh_process,error,,cova-L-20260928-201630,f929db7f0404f03c17fe480f504da8ae3cfdbee5,0,0,e953c506eaf95aed1da28b70ad9b9cbb5c4d6ed77213ce344c94cdacbc5b6ae1,[],"['reference_not_ranking', 'historical_competitors_not_rerun', 'system_resources_not_exclusive']"
mandelbrot2,cova_serial_cpu,default,same_process,error,,cova-L-20260928-201630,f929db7f0404f03c17fe480f504da8ae3cfdbee5,0,0,e953c506eaf95aed1da28b70ad9b9cbb5c4d6ed77213ce344c94cdacbc5b6ae1,[],"['reference_not_ranking', 'historical_competitors_not_rerun', 'system_resources_not_exclusive']"
mandelbrot2,cova_openmp_cpu,default,initialization,error,,cova-L-20260928-201630,f929db7f0404f03c17fe480f504da8ae3cfdbee5,0,0,e953c506eaf95aed1da28b70ad9b9cbb5c4d6ed77213ce344c94cdacbc5b6ae1,[],"['reference_not_ranking', 'historical_competitors_not_rerun', 'system_resources_not_exclusive']"
mandelbrot2,cova_openmp_cpu,default,fresh_process,error,,cova-L-20260928-201630,f929db7f0404f03c17fe480f504da8ae3cfdbee5,0,0,e953c506eaf95aed1da28b70ad9b9cbb5c4d6ed77213ce344c94cdacbc5b6ae1,[],"['reference_not_ranking', 'historical_competitors_not_rerun', 'system_resources_not_exclusive']"
mandelbrot2,cova_openmp_cpu,default,same_process,error,,cova-L-20260928-201630,f929db7f0404f03c17fe480f504da8ae3cfdbee5,0,0,e953c506eaf95aed1da28b70ad9b9cbb5c4d6ed77213ce344c94cdacbc5b6ae1,[],"['reference_not_ranking', 'historical_competitors_not_rerun', 'system_resources_not_exclusive']"
mandelbrot2,cova_llvm_cpu_serial,default,initialization,error,,cova-L-20260928-201630,f929db7f0404f03c17fe480f504da8ae3cfdbee5,0,0,e953c506eaf95aed1da28b70ad9b9cbb5c4d6ed77213ce344c94cdacbc5b6ae1,[],"['reference_not_ranking', 'historical_competitors_not_rerun', 'system_resources_not_exclusive']"
mandelbrot2,cova_llvm_cpu_serial,default,fresh_process,error,,cova-L-20260928-201630,f929db7f0404f03c17fe480f504da8ae3cfdbee5,0,0,e953c506eaf95aed1da28b70ad9b9cbb5c4d6ed77213ce344c94cdacbc5b6ae1,[],"['reference_not_ranking', 'historical_competitors_not_rerun', 'system_resources_not_exclusive']"
mandelbrot2,cova_llvm_cpu_serial,default,same_process,error,,cova-L-20260928-201630,f929db7f0404f03c17fe480f504da8ae3cfdbee5,0,0,e953c506eaf95aed1da28b70ad9b9cbb5c4d6ed77213ce344c94cdacbc5b6ae1,[],"['reference_not_ranking', 'historical_competitors_not_rerun', 'system_resources_not_exclusive']"
mandelbrot2,cova_llvm_cpu,default,initialization,observed,5.903417053050362,cova-L-20260928-201630,f929db7f0404f03c17fe480f504da8ae3cfdbee5,1,1,e953c506eaf95aed1da28b70ad9b9cbb5c4d6ed77213ce344c94cdacbc5b6ae1,['cpu'],"['reference_not_ranking', 'historical_competitors_not_rerun', 'system_resources_not_exclusive']"
mandelbrot2,cova_llvm_cpu,default,fresh_process,observed,1.8772292624926195,2026-09-29-complete-artifact-replay-cohorts,f929db7f0404f03c17fe480f504da8ae3cfdbee5,4,4,e953c506eaf95aed1da28b70ad9b9cbb5c4d6ed77213ce344c94cdacbc5b6ae1,['cpu'],"['reference_not_ranking', 'historical_competitors_not_rerun', 'system_resources_not_exclusive', 'partial_matrix_overlay', 'mixed_sampling_dates', 'replay_only_no_initialization', 'residual_variability_unresolved']"
mandelbrot2,cova_llvm_cpu,default,same_process,observed,1.3594449942465872,2026-09-29-complete-artifact-replay-cohorts,f929db7f0404f03c17fe480f504da8ae3cfdbee5,14,4,e953c506eaf95aed1da28b70ad9b9cbb5c4d6ed77213ce344c94cdacbc5b6ae1,['cpu'],"['reference_not_ranking', 'historical_competitors_not_rerun', 'system_resources_not_exclusive', 'partial_matrix_overlay', 'mixed_sampling_dates', 'replay_only_no_initialization', 'residual_variability_unresolved']"
mandelbrot2,cova_openmp_gpu,default,initialization,error,,cova-L-20260928-201630,f929db7f0404f03c17fe480f504da8ae3cfdbee5,0,0,e953c506eaf95aed1da28b70ad9b9cbb5c4d6ed77213ce344c94cdacbc5b6ae1,[],"['reference_not_ranking', 'historical_competitors_not_rerun', 'system_resources_not_exclusive', 'gpu_placement_metadata_only']"
mandelbrot2,cova_openmp_gpu,default,fresh_process,error,,cova-L-20260928-201630,f929db7f0404f03c17fe480f504da8ae3cfdbee5,0,0,e953c506eaf95aed1da28b70ad9b9cbb5c4d6ed77213ce344c94cdacbc5b6ae1,[],"['reference_not_ranking', 'historical_competitors_not_rerun', 'system_resources_not_exclusive', 'gpu_placement_metadata_only']"
mandelbrot2,cova_openmp_gpu,default,same_process,error,,cova-L-20260928-201630,f929db7f0404f03c17fe480f504da8ae3cfdbee5,0,0,e953c506eaf95aed1da28b70ad9b9cbb5c4d6ed77213ce344c94cdacbc5b6ae1,[],"['reference_not_ranking', 'historical_competitors_not_rerun', 'system_resources_not_exclusive', 'gpu_placement_metadata_only']"
mandelbrot2,cova_llvm_gpu,default,initialization,observed,14.311646802001633,cova-L-20260928-201630,f929db7f0404f03c17fe480f504da8ae3cfdbee5,1,1,e953c506eaf95aed1da28b70ad9b9cbb5c4d6ed77213ce344c94cdacbc5b6ae1,['mixed'],"['reference_not_ranking', 'historical_competitors_not_rerun', 'system_resources_not_exclusive', 'gpu_placement_metadata_only']"
mandelbrot2,cova_llvm_gpu,default,fresh_process,observed,4.087072085996624,2026-09-29-complete-artifact-replay-cohorts,f929db7f0404f03c17fe480f504da8ae3cfdbee5,2,2,e953c506eaf95aed1da28b70ad9b9cbb5c4d6ed77213ce344c94cdacbc5b6ae1,['mixed'],"['reference_not_ranking', 'historical_competitors_not_rerun', 'system_resources_not_exclusive', 'gpu_placement_metadata_only', 'partial_matrix_overlay', 'mixed_sampling_dates', 'replay_only_no_initialization']"
mandelbrot2,cova_llvm_gpu,default,same_process,observed,3.8339498882414773,2026-09-29-complete-artifact-replay-cohorts,f929db7f0404f03c17fe480f504da8ae3cfdbee5,4,2,e953c506eaf95aed1da28b70ad9b9cbb5c4d6ed77213ce344c94cdacbc5b6ae1,['mixed'],"['reference_not_ranking', 'historical_competitors_not_rerun', 'system_resources_not_exclusive', 'gpu_placement_metadata_only', 'partial_matrix_overlay', 'mixed_sampling_dates', 'replay_only_no_initialization']"
mlp,cova_serial_cpu,default,initialization,observed,12.066014603013173,cova-L-20260928-201630,f929db7f0404f03c17fe480f504da8ae3cfdbee5,1,1,87c94f9c003ff974cd198163ffe2fd3948bacd6ba11c6c91faa770e7bcee04e9,['cpu'],"['reference_not_ranking', 'historical_competitors_not_rerun', 'system_resources_not_exclusive']"
mlp,cova_serial_cpu,default,fresh_process,observed,9.101990587019827,cova-L-20260928-201630,f929db7f0404f03c17fe480f504da8ae3cfdbee5,2,2,87c94f9c003ff974cd198163ffe2fd3948bacd6ba11c6c91faa770e7bcee04e9,['cpu'],"['reference_not_ranking', 'historical_competitors_not_rerun', 'system_resources_not_exclusive']"
mlp,cova_serial_cpu,default,same_process,observed,8.965525500942022,cova-L-20260928-201630,f929db7f0404f03c17fe480f504da8ae3cfdbee5,6,3,87c94f9c003ff974cd198163ffe2fd3948bacd6ba11c6c91faa770e7bcee04e9,['cpu'],"['reference_not_ranking', 'historical_competitors_not_rerun', 'system_resources_not_exclusive']"
mlp,cova_openmp_cpu,default,initialization,observed,8.718441547011025,cova-L-20260928-201630,f929db7f0404f03c17fe480f504da8ae3cfdbee5,1,1,87c94f9c003ff974cd198163ffe2fd3948bacd6ba11c6c91faa770e7bcee04e9,['cpu'],"['reference_not_ranking', 'historical_competitors_not_rerun', 'system_resources_not_exclusive']"
mlp,cova_openmp_cpu,default,fresh_process,observed,9.60882798343664,cova-L-20260928-201630,f929db7f0404f03c17fe480f504da8ae3cfdbee5,2,2,87c94f9c003ff974cd198163ffe2fd3948bacd6ba11c6c91faa770e7bcee04e9,['cpu'],"['reference_not_ranking', 'historical_competitors_not_rerun', 'system_resources_not_exclusive']"
mlp,cova_openmp_cpu,default,same_process,observed,13.421556571964175,cova-L-20260928-201630,f929db7f0404f03c17fe480f504da8ae3cfdbee5,6,3,87c94f9c003ff974cd198163ffe2fd3948bacd6ba11c6c91faa770e7bcee04e9,['cpu'],"['reference_not_ranking', 'historical_competitors_not_rerun', 'system_resources_not_exclusive']"
mlp,cova_llvm_cpu_serial,default,initialization,observed,5.493038317072205,cova-L-20260928-201630,f929db7f0404f03c17fe480f504da8ae3cfdbee5,1,1,87c94f9c003ff974cd198163ffe2fd3948bacd6ba11c6c91faa770e7bcee04e9,['cpu'],"['reference_not_ranking', 'historical_competitors_not_rerun', 'system_resources_not_exclusive']"
mlp,cova_llvm_cpu_serial,default,fresh_process,observed,0.22744304250227287,cova-L-20260928-201630,f929db7f0404f03c17fe480f504da8ae3cfdbee5,2,2,87c94f9c003ff974cd198163ffe2fd3948bacd6ba11c6c91faa770e7bcee04e9,['cpu'],"['reference_not_ranking', 'historical_competitors_not_rerun', 'system_resources_not_exclusive']"
mlp,cova_llvm_cpu_serial,default,same_process,observed,0.21821674902457744,cova-L-20260928-201630,f929db7f0404f03c17fe480f504da8ae3cfdbee5,6,3,87c94f9c003ff974cd198163ffe2fd3948bacd6ba11c6c91faa770e7bcee04e9,['cpu'],"['reference_not_ranking', 'historical_competitors_not_rerun', 'system_resources_not_exclusive']"
mlp,cova_llvm_cpu,default,initialization,observed,7.58530412602704,cova-L-20260928-201630,f929db7f0404f03c17fe480f504da8ae3cfdbee5,1,1,87c94f9c003ff974cd198163ffe2fd3948bacd6ba11c6c91faa770e7bcee04e9,['cpu'],"['reference_not_ranking', 'historical_competitors_not_rerun', 'system_resources_not_exclusive']"
mlp,cova_llvm_cpu,default,fresh_process,observed,0.45963683747686446,cova-L-20260928-201630,f929db7f0404f03c17fe480f504da8ae3cfdbee5,2,2,87c94f9c003ff974cd198163ffe2fd3948bacd6ba11c6c91faa770e7bcee04e9,['cpu'],"['reference_not_ranking', 'historical_competitors_not_rerun', 'system_resources_not_exclusive']"
mlp,cova_llvm_cpu,default,same_process,observed,0.6188619245658629,cova-L-20260928-201630,f929db7f0404f03c17fe480f504da8ae3cfdbee5,6,3,87c94f9c003ff974cd198163ffe2fd3948bacd6ba11c6c91faa770e7bcee04e9,['cpu'],"['reference_not_ranking', 'historical_competitors_not_rerun', 'system_resources_not_exclusive']"
mlp,cova_openmp_gpu,default,initialization,observed,8.646131863933988,cova-L-20260928-201630,f929db7f0404f03c17fe480f504da8ae3cfdbee5,1,1,87c94f9c003ff974cd198163ffe2fd3948bacd6ba11c6c91faa770e7bcee04e9,['gpu'],"['reference_not_ranking', 'historical_competitors_not_rerun', 'system_resources_not_exclusive', 'gpu_placement_metadata_only']"
mlp,cova_openmp_gpu,default,fresh_process,observed,1.5329173994250596,cova-L-20260928-201630,f929db7f0404f03c17fe480f504da8ae3cfdbee5,2,2,87c94f9c003ff974cd198163ffe2fd3948bacd6ba11c6c91faa770e7bcee04e9,['gpu'],"['reference_not_ranking', 'historical_competitors_not_rerun', 'system_resources_not_exclusive', 'gpu_placement_metadata_only']"
mlp,cova_openmp_gpu,default,same_process,observed,0.6770459224935621,cova-L-20260928-201630,f929db7f0404f03c17fe480f504da8ae3cfdbee5,6,3,87c94f9c003ff974cd198163ffe2fd3948bacd6ba11c6c91faa770e7bcee04e9,['gpu'],"['reference_not_ranking', 'historical_competitors_not_rerun', 'system_resources_not_exclusive', 'gpu_placement_metadata_only']"
mlp,cova_llvm_gpu,default,initialization,observed,8.925026791053824,cova-L-20260928-201630,f929db7f0404f03c17fe480f504da8ae3cfdbee5,1,1,87c94f9c003ff974cd198163ffe2fd3948bacd6ba11c6c91faa770e7bcee04e9,['gpu'],"['reference_not_ranking', 'historical_competitors_not_rerun', 'system_resources_not_exclusive', 'gpu_placement_metadata_only']"
mlp,cova_llvm_gpu,default,fresh_process,observed,1.883295685518533,cova-L-20260928-201630,f929db7f0404f03c17fe480f504da8ae3cfdbee5,2,2,87c94f9c003ff974cd198163ffe2fd3948bacd6ba11c6c91faa770e7bcee04e9,['gpu'],"['reference_not_ranking', 'historical_competitors_not_rerun', 'system_resources_not_exclusive', 'gpu_placement_metadata_only']"
mlp,cova_llvm_gpu,default,same_process,observed,1.56352056999458,cova-L-20260928-201630,f929db7f0404f03c17fe480f504da8ae3cfdbee5,6,3,87c94f9c003ff974cd198163ffe2fd3948bacd6ba11c6c91faa770e7bcee04e9,['gpu'],"['reference_not_ranking', 'historical_competitors_not_rerun', 'system_resources_not_exclusive', 'gpu_placement_metadata_only']"
mvt,cova_serial_cpu,default,initialization,observed,3.4817358610453084,cova-L-20260928-201630,f929db7f0404f03c17fe480f504da8ae3cfdbee5,1,1,31a7a541d3eb3d99e166c80b243812e6678c96f5f504254d1acff781fbc1da55,['cpu'],"['reference_not_ranking', 'historical_competitors_not_rerun', 'system_resources_not_exclusive']"
mvt,cova_serial_cpu,default,fresh_process,observed,0.9335691614542156,cova-L-20260928-201630,f929db7f0404f03c17fe480f504da8ae3cfdbee5,2,2,31a7a541d3eb3d99e166c80b243812e6678c96f5f504254d1acff781fbc1da55,['cpu'],"['reference_not_ranking', 'historical_competitors_not_rerun', 'system_resources_not_exclusive']"
mvt,cova_serial_cpu,default,same_process,observed,1.2207096344791353,cova-L-20260928-201630,f929db7f0404f03c17fe480f504da8ae3cfdbee5,6,3,31a7a541d3eb3d99e166c80b243812e6678c96f5f504254d1acff781fbc1da55,['cpu'],"['reference_not_ranking', 'historical_competitors_not_rerun', 'system_resources_not_exclusive']"
mvt,cova_openmp_cpu,default,initialization,observed,2.813375831930898,cova-L-20260928-201630,f929db7f0404f03c17fe480f504da8ae3cfdbee5,1,1,31a7a541d3eb3d99e166c80b243812e6678c96f5f504254d1acff781fbc1da55,['cpu'],"['reference_not_ranking', 'historical_competitors_not_rerun', 'system_resources_not_exclusive']"
mvt,cova_openmp_cpu,default,fresh_process,observed,0.3983360644779168,cova-L-20260928-201630,f929db7f0404f03c17fe480f504da8ae3cfdbee5,2,2,31a7a541d3eb3d99e166c80b243812e6678c96f5f504254d1acff781fbc1da55,['cpu'],"['reference_not_ranking', 'historical_competitors_not_rerun', 'system_resources_not_exclusive']"
mvt,cova_openmp_cpu,default,same_process,observed,0.3837617145036347,cova-L-20260928-201630,f929db7f0404f03c17fe480f504da8ae3cfdbee5,6,3,31a7a541d3eb3d99e166c80b243812e6678c96f5f504254d1acff781fbc1da55,['cpu'],"['reference_not_ranking', 'historical_competitors_not_rerun', 'system_resources_not_exclusive']"
mvt,cova_llvm_cpu_serial,default,initialization,observed,3.8105309220263734,cova-L-20260928-201630,f929db7f0404f03c17fe480f504da8ae3cfdbee5,1,1,31a7a541d3eb3d99e166c80b243812e6678c96f5f504254d1acff781fbc1da55,['cpu'],"['reference_not_ranking', 'historical_competitors_not_rerun', 'system_resources_not_exclusive']"
mvt,cova_llvm_cpu_serial,default,fresh_process,observed,0.2614414359559305,cova-L-20260928-201630,f929db7f0404f03c17fe480f504da8ae3cfdbee5,2,2,31a7a541d3eb3d99e166c80b243812e6678c96f5f504254d1acff781fbc1da55,['cpu'],"['reference_not_ranking', 'historical_competitors_not_rerun', 'system_resources_not_exclusive']"
mvt,cova_llvm_cpu_serial,default,same_process,observed,0.14904509851476178,cova-L-20260928-201630,f929db7f0404f03c17fe480f504da8ae3cfdbee5,6,3,31a7a541d3eb3d99e166c80b243812e6678c96f5f504254d1acff781fbc1da55,['cpu'],"['reference_not_ranking', 'historical_competitors_not_rerun', 'system_resources_not_exclusive']"
mvt,cova_llvm_cpu,default,initialization,observed,5.536188015015796,cova-L-20260928-201630,f929db7f0404f03c17fe480f504da8ae3cfdbee5,1,1,31a7a541d3eb3d99e166c80b243812e6678c96f5f504254d1acff781fbc1da55,['cpu'],"['reference_not_ranking', 'historical_competitors_not_rerun', 'system_resources_not_exclusive']"
mvt,cova_llvm_cpu,default,fresh_process,observed,0.15454413049155846,cova-L-20260928-201630,f929db7f0404f03c17fe480f504da8ae3cfdbee5,2,2,31a7a541d3eb3d99e166c80b243812e6678c96f5f504254d1acff781fbc1da55,['cpu'],"['reference_not_ranking', 'historical_competitors_not_rerun', 'system_resources_not_exclusive']"
mvt,cova_llvm_cpu,default,same_process,observed,0.0981282735010609,cova-L-20260928-201630,f929db7f0404f03c17fe480f504da8ae3cfdbee5,6,3,31a7a541d3eb3d99e166c80b243812e6678c96f5f504254d1acff781fbc1da55,['cpu'],"['reference_not_ranking', 'historical_competitors_not_rerun', 'system_resources_not_exclusive']"
mvt,cova_openmp_gpu,default,initialization,observed,7.393324306001887,cova-L-20260928-201630,f929db7f0404f03c17fe480f504da8ae3cfdbee5,1,1,31a7a541d3eb3d99e166c80b243812e6678c96f5f504254d1acff781fbc1da55,['gpu'],"['reference_not_ranking', 'historical_competitors_not_rerun', 'system_resources_not_exclusive', 'gpu_placement_metadata_only']"
mvt,cova_openmp_gpu,default,fresh_process,observed,0.9068732780287974,cova-L-20260928-201630,f929db7f0404f03c17fe480f504da8ae3cfdbee5,2,2,31a7a541d3eb3d99e166c80b243812e6678c96f5f504254d1acff781fbc1da55,['gpu'],"['reference_not_ranking', 'historical_competitors_not_rerun', 'system_resources_not_exclusive', 'gpu_placement_metadata_only']"
mvt,cova_openmp_gpu,default,same_process,observed,0.3585519159096293,cova-L-20260928-201630,f929db7f0404f03c17fe480f504da8ae3cfdbee5,6,3,31a7a541d3eb3d99e166c80b243812e6678c96f5f504254d1acff781fbc1da55,['gpu'],"['reference_not_ranking', 'historical_competitors_not_rerun', 'system_resources_not_exclusive', 'gpu_placement_metadata_only']"
mvt,cova_llvm_gpu,default,initialization,observed,6.802143046981655,cova-L-20260928-201630,f929db7f0404f03c17fe480f504da8ae3cfdbee5,1,1,31a7a541d3eb3d99e166c80b243812e6678c96f5f504254d1acff781fbc1da55,['gpu'],"['reference_not_ranking', 'historical_competitors_not_rerun', 'system_resources_not_exclusive', 'gpu_placement_metadata_only']"
mvt,cova_llvm_gpu,default,fresh_process,observed,0.8828445420367643,cova-L-20260928-201630,f929db7f0404f03c17fe480f504da8ae3cfdbee5,2,2,31a7a541d3eb3d99e166c80b243812e6678c96f5f504254d1acff781fbc1da55,['gpu'],"['reference_not_ranking', 'historical_competitors_not_rerun', 'system_resources_not_exclusive', 'gpu_placement_metadata_only']"
mvt,cova_llvm_gpu,default,same_process,observed,0.36637469253037125,cova-L-20260928-201630,f929db7f0404f03c17fe480f504da8ae3cfdbee5,6,3,31a7a541d3eb3d99e166c80b243812e6678c96f5f504254d1acff781fbc1da55,['gpu'],"['reference_not_ranking', 'historical_competitors_not_rerun', 'system_resources_not_exclusive', 'gpu_placement_metadata_only']"
nbody,cova_serial_cpu,default,initialization,validation,,cova-L-20260928-201630,f929db7f0404f03c17fe480f504da8ae3cfdbee5,0,0,369f565b2cc3f4d1e7431a758f71f09b2fb5270f7b56b9b6b5de37373d88c636,['cpu'],"['reference_not_ranking', 'historical_competitors_not_rerun', 'system_resources_not_exclusive']"
nbody,cova_serial_cpu,default,fresh_process,validation,,cova-L-20260928-201630,f929db7f0404f03c17fe480f504da8ae3cfdbee5,0,0,369f565b2cc3f4d1e7431a758f71f09b2fb5270f7b56b9b6b5de37373d88c636,['cpu'],"['reference_not_ranking', 'historical_competitors_not_rerun', 'system_resources_not_exclusive']"
nbody,cova_serial_cpu,default,same_process,validation,,cova-L-20260928-201630,f929db7f0404f03c17fe480f504da8ae3cfdbee5,0,0,369f565b2cc3f4d1e7431a758f71f09b2fb5270f7b56b9b6b5de37373d88c636,['cpu'],"['reference_not_ranking', 'historical_competitors_not_rerun', 'system_resources_not_exclusive']"
nbody,cova_openmp_cpu,default,initialization,validation,,cova-L-20260928-201630,f929db7f0404f03c17fe480f504da8ae3cfdbee5,0,0,369f565b2cc3f4d1e7431a758f71f09b2fb5270f7b56b9b6b5de37373d88c636,['cpu'],"['reference_not_ranking', 'historical_competitors_not_rerun', 'system_resources_not_exclusive']"
nbody,cova_openmp_cpu,default,fresh_process,validation,,cova-L-20260928-201630,f929db7f0404f03c17fe480f504da8ae3cfdbee5,0,0,369f565b2cc3f4d1e7431a758f71f09b2fb5270f7b56b9b6b5de37373d88c636,['cpu'],"['reference_not_ranking', 'historical_competitors_not_rerun', 'system_resources_not_exclusive']"
nbody,cova_openmp_cpu,default,same_process,validation,,cova-L-20260928-201630,f929db7f0404f03c17fe480f504da8ae3cfdbee5,0,0,369f565b2cc3f4d1e7431a758f71f09b2fb5270f7b56b9b6b5de37373d88c636,['cpu'],"['reference_not_ranking', 'historical_competitors_not_rerun', 'system_resources_not_exclusive']"
nbody,cova_llvm_cpu_serial,default,initialization,validation,,cova-L-20260928-201630,f929db7f0404f03c17fe480f504da8ae3cfdbee5,0,0,369f565b2cc3f4d1e7431a758f71f09b2fb5270f7b56b9b6b5de37373d88c636,['cpu'],"['reference_not_ranking', 'historical_competitors_not_rerun', 'system_resources_not_exclusive']"
nbody,cova_llvm_cpu_serial,default,fresh_process,validation,,cova-L-20260928-201630,f929db7f0404f03c17fe480f504da8ae3cfdbee5,0,0,369f565b2cc3f4d1e7431a758f71f09b2fb5270f7b56b9b6b5de37373d88c636,['cpu'],"['reference_not_ranking', 'historical_competitors_not_rerun', 'system_resources_not_exclusive']"
nbody,cova_llvm_cpu_serial,default,same_process,validation,,cova-L-20260928-201630,f929db7f0404f03c17fe480f504da8ae3cfdbee5,0,0,369f565b2cc3f4d1e7431a758f71f09b2fb5270f7b56b9b6b5de37373d88c636,['cpu'],"['reference_not_ranking', 'historical_competitors_not_rerun', 'system_resources_not_exclusive']"
nbody,cova_llvm_cpu,default,initialization,validation,,cova-L-20260928-201630,f929db7f0404f03c17fe480f504da8ae3cfdbee5,0,0,369f565b2cc3f4d1e7431a758f71f09b2fb5270f7b56b9b6b5de37373d88c636,['cpu'],"['reference_not_ranking', 'historical_competitors_not_rerun', 'system_resources_not_exclusive']"
nbody,cova_llvm_cpu,default,fresh_process,validation,,cova-L-20260928-201630,f929db7f0404f03c17fe480f504da8ae3cfdbee5,0,0,369f565b2cc3f4d1e7431a758f71f09b2fb5270f7b56b9b6b5de37373d88c636,['cpu'],"['reference_not_ranking', 'historical_competitors_not_rerun', 'system_resources_not_exclusive']"
nbody,cova_llvm_cpu,default,same_process,validation,,cova-L-20260928-201630,f929db7f0404f03c17fe480f504da8ae3cfdbee5,0,0,369f565b2cc3f4d1e7431a758f71f09b2fb5270f7b56b9b6b5de37373d88c636,['cpu'],"['reference_not_ranking', 'historical_competitors_not_rerun', 'system_resources_not_exclusive']"
nbody,cova_openmp_gpu,default,initialization,validation,,cova-L-20260928-201630,f929db7f0404f03c17fe480f504da8ae3cfdbee5,0,0,369f565b2cc3f4d1e7431a758f71f09b2fb5270f7b56b9b6b5de37373d88c636,['mixed'],"['reference_not_ranking', 'historical_competitors_not_rerun', 'system_resources_not_exclusive', 'gpu_placement_metadata_only']"
nbody,cova_openmp_gpu,default,fresh_process,validation,,cova-L-20260928-201630,f929db7f0404f03c17fe480f504da8ae3cfdbee5,0,0,369f565b2cc3f4d1e7431a758f71f09b2fb5270f7b56b9b6b5de37373d88c636,['mixed'],"['reference_not_ranking', 'historical_competitors_not_rerun', 'system_resources_not_exclusive', 'gpu_placement_metadata_only']"
nbody,cova_openmp_gpu,default,same_process,validation,,cova-L-20260928-201630,f929db7f0404f03c17fe480f504da8ae3cfdbee5,0,0,369f565b2cc3f4d1e7431a758f71f09b2fb5270f7b56b9b6b5de37373d88c636,['mixed'],"['reference_not_ranking', 'historical_competitors_not_rerun', 'system_resources_not_exclusive', 'gpu_placement_metadata_only']"
nbody,cova_llvm_gpu,default,initialization,validation,,cova-L-20260928-201630,f929db7f0404f03c17fe480f504da8ae3cfdbee5,0,0,369f565b2cc3f4d1e7431a758f71f09b2fb5270f7b56b9b6b5de37373d88c636,['mixed'],"['reference_not_ranking', 'historical_competitors_not_rerun', 'system_resources_not_exclusive', 'gpu_placement_metadata_only']"
nbody,cova_llvm_gpu,default,fresh_process,validation,,cova-L-20260928-201630,f929db7f0404f03c17fe480f504da8ae3cfdbee5,0,0,369f565b2cc3f4d1e7431a758f71f09b2fb5270f7b56b9b6b5de37373d88c636,['mixed'],"['reference_not_ranking', 'historical_competitors_not_rerun', 'system_resources_not_exclusive', 'gpu_placement_metadata_only']"
nbody,cova_llvm_gpu,default,same_process,validation,,cova-L-20260928-201630,f929db7f0404f03c17fe480f504da8ae3cfdbee5,0,0,369f565b2cc3f4d1e7431a758f71f09b2fb5270f7b56b9b6b5de37373d88c636,['mixed'],"['reference_not_ranking', 'historical_competitors_not_rerun', 'system_resources_not_exclusive', 'gpu_placement_metadata_only']"
nussinov,cova_serial_cpu,default,initialization,observed,2.0843254359206185,cova-L-20260928-201630,f929db7f0404f03c17fe480f504da8ae3cfdbee5,1,1,05b880e157b9ee387cb9be1fa3b10e2f4efe7bed764c6b129b8b31ad87b8df2a,['cpu'],"['reference_not_ranking', 'historical_competitors_not_rerun', 'system_resources_not_exclusive']"
nussinov,cova_serial_cpu,default,fresh_process,observed,0.025255470536649227,cova-L-20260928-201630,f929db7f0404f03c17fe480f504da8ae3cfdbee5,2,2,05b880e157b9ee387cb9be1fa3b10e2f4efe7bed764c6b129b8b31ad87b8df2a,['cpu'],"['reference_not_ranking', 'historical_competitors_not_rerun', 'system_resources_not_exclusive']"
nussinov,cova_serial_cpu,default,same_process,observed,0.01847724599065259,cova-L-20260928-201630,f929db7f0404f03c17fe480f504da8ae3cfdbee5,6,3,05b880e157b9ee387cb9be1fa3b10e2f4efe7bed764c6b129b8b31ad87b8df2a,['cpu'],"['reference_not_ranking', 'historical_competitors_not_rerun', 'system_resources_not_exclusive']"
nussinov,cova_openmp_cpu,default,initialization,observed,5.234765915898606,cova-L-20260928-201630,f929db7f0404f03c17fe480f504da8ae3cfdbee5,1,1,05b880e157b9ee387cb9be1fa3b10e2f4efe7bed764c6b129b8b31ad87b8df2a,['cpu'],"['reference_not_ranking', 'historical_competitors_not_rerun', 'system_resources_not_exclusive']"
nussinov,cova_openmp_cpu,default,fresh_process,observed,3.154078295570798,cova-L-20260928-201630,f929db7f0404f03c17fe480f504da8ae3cfdbee5,2,2,05b880e157b9ee387cb9be1fa3b10e2f4efe7bed764c6b129b8b31ad87b8df2a,['cpu'],"['reference_not_ranking', 'historical_competitors_not_rerun', 'system_resources_not_exclusive']"
nussinov,cova_openmp_cpu,default,same_process,observed,2.3777546784840524,cova-L-20260928-201630,f929db7f0404f03c17fe480f504da8ae3cfdbee5,6,3,05b880e157b9ee387cb9be1fa3b10e2f4efe7bed764c6b129b8b31ad87b8df2a,['cpu'],"['reference_not_ranking', 'historical_competitors_not_rerun', 'system_resources_not_exclusive']"
nussinov,cova_llvm_cpu_serial,default,initialization,observed,1.4889901609858498,cova-L-20260928-201630,f929db7f0404f03c17fe480f504da8ae3cfdbee5,1,1,05b880e157b9ee387cb9be1fa3b10e2f4efe7bed764c6b129b8b31ad87b8df2a,['cpu'],"['reference_not_ranking', 'historical_competitors_not_rerun', 'system_resources_not_exclusive']"
nussinov,cova_llvm_cpu_serial,default,fresh_process,observed,0.024645071476697922,cova-L-20260928-201630,f929db7f0404f03c17fe480f504da8ae3cfdbee5,2,2,05b880e157b9ee387cb9be1fa3b10e2f4efe7bed764c6b129b8b31ad87b8df2a,['cpu'],"['reference_not_ranking', 'historical_competitors_not_rerun', 'system_resources_not_exclusive']"
nussinov,cova_llvm_cpu_serial,default,same_process,observed,0.017281106032896787,cova-L-20260928-201630,f929db7f0404f03c17fe480f504da8ae3cfdbee5,6,3,05b880e157b9ee387cb9be1fa3b10e2f4efe7bed764c6b129b8b31ad87b8df2a,['cpu'],"['reference_not_ranking', 'historical_competitors_not_rerun', 'system_resources_not_exclusive']"
nussinov,cova_llvm_cpu,default,initialization,observed,2.1006710360525176,cova-L-20260928-201630,f929db7f0404f03c17fe480f504da8ae3cfdbee5,1,1,05b880e157b9ee387cb9be1fa3b10e2f4efe7bed764c6b129b8b31ad87b8df2a,['cpu'],"['reference_not_ranking', 'historical_competitors_not_rerun', 'system_resources_not_exclusive']"
nussinov,cova_llvm_cpu,default,fresh_process,observed,0.026322991005145013,cova-L-20260928-201630,f929db7f0404f03c17fe480f504da8ae3cfdbee5,2,2,05b880e157b9ee387cb9be1fa3b10e2f4efe7bed764c6b129b8b31ad87b8df2a,['cpu'],"['reference_not_ranking', 'historical_competitors_not_rerun', 'system_resources_not_exclusive']"
nussinov,cova_llvm_cpu,default,same_process,observed,0.018691646517254412,cova-L-20260928-201630,f929db7f0404f03c17fe480f504da8ae3cfdbee5,6,3,05b880e157b9ee387cb9be1fa3b10e2f4efe7bed764c6b129b8b31ad87b8df2a,['cpu'],"['reference_not_ranking', 'historical_competitors_not_rerun', 'system_resources_not_exclusive']"
nussinov,cova_openmp_gpu,default,initialization,observed,7.9780437459703535,cova-L-20260928-201630,f929db7f0404f03c17fe480f504da8ae3cfdbee5,1,1,05b880e157b9ee387cb9be1fa3b10e2f4efe7bed764c6b129b8b31ad87b8df2a,['cpu'],"['reference_not_ranking', 'historical_competitors_not_rerun', 'system_resources_not_exclusive', 'gpu_placement_metadata_only']"
nussinov,cova_openmp_gpu,default,fresh_process,observed,2.662924939999357,cova-L-20260928-201630,f929db7f0404f03c17fe480f504da8ae3cfdbee5,2,2,05b880e157b9ee387cb9be1fa3b10e2f4efe7bed764c6b129b8b31ad87b8df2a,['cpu'],"['reference_not_ranking', 'historical_competitors_not_rerun', 'system_resources_not_exclusive', 'gpu_placement_metadata_only']"
nussinov,cova_openmp_gpu,default,same_process,observed,2.2386874345247634,cova-L-20260928-201630,f929db7f0404f03c17fe480f504da8ae3cfdbee5,6,3,05b880e157b9ee387cb9be1fa3b10e2f4efe7bed764c6b129b8b31ad87b8df2a,['cpu'],"['reference_not_ranking', 'historical_competitors_not_rerun', 'system_resources_not_exclusive', 'gpu_placement_metadata_only']"
nussinov,cova_llvm_gpu,default,initialization,observed,4.732865848927759,cova-L-20260928-201630,f929db7f0404f03c17fe480f504da8ae3cfdbee5,1,1,05b880e157b9ee387cb9be1fa3b10e2f4efe7bed764c6b129b8b31ad87b8df2a,['mixed'],"['reference_not_ranking', 'historical_competitors_not_rerun', 'system_resources_not_exclusive', 'gpu_placement_metadata_only']"
nussinov,cova_llvm_gpu,default,fresh_process,observed,0.7672399774892256,cova-L-20260928-201630,f929db7f0404f03c17fe480f504da8ae3cfdbee5,2,2,05b880e157b9ee387cb9be1fa3b10e2f4efe7bed764c6b129b8b31ad87b8df2a,['mixed'],"['reference_not_ranking', 'historical_competitors_not_rerun', 'system_resources_not_exclusive', 'gpu_placement_metadata_only']"
nussinov,cova_llvm_gpu,default,same_process,observed,0.42732811451423913,cova-L-20260928-201630,f929db7f0404f03c17fe480f504da8ae3cfdbee5,6,3,05b880e157b9ee387cb9be1fa3b10e2f4efe7bed764c6b129b8b31ad87b8df2a,['mixed'],"['reference_not_ranking', 'historical_competitors_not_rerun', 'system_resources_not_exclusive', 'gpu_placement_metadata_only']"
resnet,cova_serial_cpu,default,initialization,observed,5.204563609906472,cova-L-20260928-201630,f929db7f0404f03c17fe480f504da8ae3cfdbee5,1,1,070b0fcd2b4f101302a58108dce79a6ea1d6fdbdf9be753fec768d1818ea7464,['cpu'],"['reference_not_ranking', 'historical_competitors_not_rerun', 'system_resources_not_exclusive']"
resnet,cova_serial_cpu,default,fresh_process,observed,0.41913273895625025,cova-L-20260928-201630,f929db7f0404f03c17fe480f504da8ae3cfdbee5,2,2,070b0fcd2b4f101302a58108dce79a6ea1d6fdbdf9be753fec768d1818ea7464,['cpu'],"['reference_not_ranking', 'historical_competitors_not_rerun', 'system_resources_not_exclusive']"
resnet,cova_serial_cpu,default,same_process,observed,0.32495127606671304,cova-L-20260928-201630,f929db7f0404f03c17fe480f504da8ae3cfdbee5,6,3,070b0fcd2b4f101302a58108dce79a6ea1d6fdbdf9be753fec768d1818ea7464,['cpu'],"['reference_not_ranking', 'historical_competitors_not_rerun', 'system_resources_not_exclusive']"
resnet,cova_openmp_cpu,default,initialization,observed,6.107626160024665,cova-L-20260928-201630,f929db7f0404f03c17fe480f504da8ae3cfdbee5,1,1,070b0fcd2b4f101302a58108dce79a6ea1d6fdbdf9be753fec768d1818ea7464,['cpu'],"['reference_not_ranking', 'historical_competitors_not_rerun', 'system_resources_not_exclusive']"
resnet,cova_openmp_cpu,default,fresh_process,observed,0.794730817025993,cova-L-20260928-201630,f929db7f0404f03c17fe480f504da8ae3cfdbee5,2,2,070b0fcd2b4f101302a58108dce79a6ea1d6fdbdf9be753fec768d1818ea7464,['cpu'],"['reference_not_ranking', 'historical_competitors_not_rerun', 'system_resources_not_exclusive']"
resnet,cova_openmp_cpu,default,same_process,observed,0.7566021844977513,cova-L-20260928-201630,f929db7f0404f03c17fe480f504da8ae3cfdbee5,6,3,070b0fcd2b4f101302a58108dce79a6ea1d6fdbdf9be753fec768d1818ea7464,['cpu'],"['reference_not_ranking', 'historical_competitors_not_rerun', 'system_resources_not_exclusive']"
resnet,cova_llvm_cpu_serial,default,initialization,observed,5.7333393869921565,cova-L-20260928-201630,f929db7f0404f03c17fe480f504da8ae3cfdbee5,1,1,070b0fcd2b4f101302a58108dce79a6ea1d6fdbdf9be753fec768d1818ea7464,['cpu'],"['reference_not_ranking', 'historical_competitors_not_rerun', 'system_resources_not_exclusive']"
resnet,cova_llvm_cpu_serial,default,fresh_process,observed,0.44820186600554734,cova-L-20260928-201630,f929db7f0404f03c17fe480f504da8ae3cfdbee5,2,2,070b0fcd2b4f101302a58108dce79a6ea1d6fdbdf9be753fec768d1818ea7464,['cpu'],"['reference_not_ranking', 'historical_competitors_not_rerun', 'system_resources_not_exclusive']"
resnet,cova_llvm_cpu_serial,default,same_process,observed,0.48277554305968806,cova-L-20260928-201630,f929db7f0404f03c17fe480f504da8ae3cfdbee5,6,3,070b0fcd2b4f101302a58108dce79a6ea1d6fdbdf9be753fec768d1818ea7464,['cpu'],"['reference_not_ranking', 'historical_competitors_not_rerun', 'system_resources_not_exclusive']"
resnet,cova_llvm_cpu,default,initialization,observed,10.254721575998701,cova-L-20260928-201630,f929db7f0404f03c17fe480f504da8ae3cfdbee5,1,1,070b0fcd2b4f101302a58108dce79a6ea1d6fdbdf9be753fec768d1818ea7464,['cpu'],"['reference_not_ranking', 'historical_competitors_not_rerun', 'system_resources_not_exclusive']"
resnet,cova_llvm_cpu,default,fresh_process,observed,0.6295477239764296,cova-L-20260928-201630,f929db7f0404f03c17fe480f504da8ae3cfdbee5,2,2,070b0fcd2b4f101302a58108dce79a6ea1d6fdbdf9be753fec768d1818ea7464,['cpu'],"['reference_not_ranking', 'historical_competitors_not_rerun', 'system_resources_not_exclusive']"
resnet,cova_llvm_cpu,default,same_process,observed,0.5429210750153288,cova-L-20260928-201630,f929db7f0404f03c17fe480f504da8ae3cfdbee5,6,3,070b0fcd2b4f101302a58108dce79a6ea1d6fdbdf9be753fec768d1818ea7464,['cpu'],"['reference_not_ranking', 'historical_competitors_not_rerun', 'system_resources_not_exclusive']"
resnet,cova_openmp_gpu,default,initialization,observed,197.896313786041,cova-L-20260928-201630,f929db7f0404f03c17fe480f504da8ae3cfdbee5,1,1,070b0fcd2b4f101302a58108dce79a6ea1d6fdbdf9be753fec768d1818ea7464,['gpu'],"['reference_not_ranking', 'historical_competitors_not_rerun', 'system_resources_not_exclusive', 'gpu_placement_metadata_only']"
resnet,cova_openmp_gpu,default,fresh_process,observed,211.87692960293498,cova-L-20260928-201630,f929db7f0404f03c17fe480f504da8ae3cfdbee5,2,2,070b0fcd2b4f101302a58108dce79a6ea1d6fdbdf9be753fec768d1818ea7464,['gpu'],"['reference_not_ranking', 'historical_competitors_not_rerun', 'system_resources_not_exclusive', 'gpu_placement_metadata_only']"
resnet,cova_openmp_gpu,default,same_process,observed,202.33020772854798,cova-L-20260928-201630,f929db7f0404f03c17fe480f504da8ae3cfdbee5,6,3,070b0fcd2b4f101302a58108dce79a6ea1d6fdbdf9be753fec768d1818ea7464,['gpu'],"['reference_not_ranking', 'historical_competitors_not_rerun', 'system_resources_not_exclusive', 'gpu_placement_metadata_only']"
resnet,cova_llvm_gpu,default,initialization,observed,28.481580419000238,cova-L-20260928-201630,f929db7f0404f03c17fe480f504da8ae3cfdbee5,1,1,070b0fcd2b4f101302a58108dce79a6ea1d6fdbdf9be753fec768d1818ea7464,['mixed'],"['reference_not_ranking', 'historical_competitors_not_rerun', 'system_resources_not_exclusive', 'gpu_placement_metadata_only']"
resnet,cova_llvm_gpu,default,fresh_process,observed,24.746109632018488,cova-L-20260928-201630,f929db7f0404f03c17fe480f504da8ae3cfdbee5,2,2,070b0fcd2b4f101302a58108dce79a6ea1d6fdbdf9be753fec768d1818ea7464,['mixed'],"['reference_not_ranking', 'historical_competitors_not_rerun', 'system_resources_not_exclusive', 'gpu_placement_metadata_only']"
resnet,cova_llvm_gpu,default,same_process,observed,21.98115126049379,cova-L-20260928-201630,f929db7f0404f03c17fe480f504da8ae3cfdbee5,6,3,070b0fcd2b4f101302a58108dce79a6ea1d6fdbdf9be753fec768d1818ea7464,['mixed'],"['reference_not_ranking', 'historical_competitors_not_rerun', 'system_resources_not_exclusive', 'gpu_placement_metadata_only']"
scattering_self_energies,cova_serial_cpu,default,initialization,error,,cova-L-20260928-201630,f929db7f0404f03c17fe480f504da8ae3cfdbee5,0,0,f7d4f3c7d50b72880addf25da02f47a077e25e5f288758e484adcbc85a181974,[],"['reference_not_ranking', 'historical_competitors_not_rerun', 'system_resources_not_exclusive']"
scattering_self_energies,cova_serial_cpu,default,fresh_process,error,,cova-L-20260928-201630,f929db7f0404f03c17fe480f504da8ae3cfdbee5,0,0,f7d4f3c7d50b72880addf25da02f47a077e25e5f288758e484adcbc85a181974,[],"['reference_not_ranking', 'historical_competitors_not_rerun', 'system_resources_not_exclusive']"
scattering_self_energies,cova_serial_cpu,default,same_process,error,,cova-L-20260928-201630,f929db7f0404f03c17fe480f504da8ae3cfdbee5,0,0,f7d4f3c7d50b72880addf25da02f47a077e25e5f288758e484adcbc85a181974,[],"['reference_not_ranking', 'historical_competitors_not_rerun', 'system_resources_not_exclusive']"
scattering_self_energies,cova_openmp_cpu,default,initialization,error,,cova-L-20260928-201630,f929db7f0404f03c17fe480f504da8ae3cfdbee5,0,0,f7d4f3c7d50b72880addf25da02f47a077e25e5f288758e484adcbc85a181974,[],"['reference_not_ranking', 'historical_competitors_not_rerun', 'system_resources_not_exclusive']"
scattering_self_energies,cova_openmp_cpu,default,fresh_process,error,,cova-L-20260928-201630,f929db7f0404f03c17fe480f504da8ae3cfdbee5,0,0,f7d4f3c7d50b72880addf25da02f47a077e25e5f288758e484adcbc85a181974,[],"['reference_not_ranking', 'historical_competitors_not_rerun', 'system_resources_not_exclusive']"
scattering_self_energies,cova_openmp_cpu,default,same_process,error,,cova-L-20260928-201630,f929db7f0404f03c17fe480f504da8ae3cfdbee5,0,0,f7d4f3c7d50b72880addf25da02f47a077e25e5f288758e484adcbc85a181974,[],"['reference_not_ranking', 'historical_competitors_not_rerun', 'system_resources_not_exclusive']"
scattering_self_energies,cova_llvm_cpu_serial,default,initialization,observed,2.051815717946738,cova-L-20260928-201630,f929db7f0404f03c17fe480f504da8ae3cfdbee5,1,1,f7d4f3c7d50b72880addf25da02f47a077e25e5f288758e484adcbc85a181974,['cpu'],"['reference_not_ranking', 'historical_competitors_not_rerun', 'system_resources_not_exclusive']"
scattering_self_energies,cova_llvm_cpu_serial,default,fresh_process,observed,0.04602979001356289,cova-L-20260928-201630,f929db7f0404f03c17fe480f504da8ae3cfdbee5,2,2,f7d4f3c7d50b72880addf25da02f47a077e25e5f288758e484adcbc85a181974,['cpu'],"['reference_not_ranking', 'historical_competitors_not_rerun', 'system_resources_not_exclusive']"
scattering_self_energies,cova_llvm_cpu_serial,default,same_process,observed,0.045986960525624454,cova-L-20260928-201630,f929db7f0404f03c17fe480f504da8ae3cfdbee5,6,3,f7d4f3c7d50b72880addf25da02f47a077e25e5f288758e484adcbc85a181974,['cpu'],"['reference_not_ranking', 'historical_competitors_not_rerun', 'system_resources_not_exclusive']"
scattering_self_energies,cova_llvm_cpu,default,initialization,observed,2.209827388986014,cova-L-20260928-201630,f929db7f0404f03c17fe480f504da8ae3cfdbee5,1,1,f7d4f3c7d50b72880addf25da02f47a077e25e5f288758e484adcbc85a181974,['cpu'],"['reference_not_ranking', 'historical_competitors_not_rerun', 'system_resources_not_exclusive']"
scattering_self_energies,cova_llvm_cpu,default,fresh_process,observed,0.04029656550846994,cova-L-20260928-201630,f929db7f0404f03c17fe480f504da8ae3cfdbee5,2,2,f7d4f3c7d50b72880addf25da02f47a077e25e5f288758e484adcbc85a181974,['cpu'],"['reference_not_ranking', 'historical_competitors_not_rerun', 'system_resources_not_exclusive']"
scattering_self_energies,cova_llvm_cpu,default,same_process,observed,0.03406815748894587,cova-L-20260928-201630,f929db7f0404f03c17fe480f504da8ae3cfdbee5,6,3,f7d4f3c7d50b72880addf25da02f47a077e25e5f288758e484adcbc85a181974,['cpu'],"['reference_not_ranking', 'historical_competitors_not_rerun', 'system_resources_not_exclusive']"
scattering_self_energies,cova_openmp_gpu,default,initialization,error,,cova-L-20260928-201630,f929db7f0404f03c17fe480f504da8ae3cfdbee5,0,0,f7d4f3c7d50b72880addf25da02f47a077e25e5f288758e484adcbc85a181974,[],"['reference_not_ranking', 'historical_competitors_not_rerun', 'system_resources_not_exclusive', 'gpu_placement_metadata_only']"
scattering_self_energies,cova_openmp_gpu,default,fresh_process,error,,cova-L-20260928-201630,f929db7f0404f03c17fe480f504da8ae3cfdbee5,0,0,f7d4f3c7d50b72880addf25da02f47a077e25e5f288758e484adcbc85a181974,[],"['reference_not_ranking', 'historical_competitors_not_rerun', 'system_resources_not_exclusive', 'gpu_placement_metadata_only']"
scattering_self_energies,cova_openmp_gpu,default,same_process,error,,cova-L-20260928-201630,f929db7f0404f03c17fe480f504da8ae3cfdbee5,0,0,f7d4f3c7d50b72880addf25da02f47a077e25e5f288758e484adcbc85a181974,[],"['reference_not_ranking', 'historical_competitors_not_rerun', 'system_resources_not_exclusive', 'gpu_placement_metadata_only']"
scattering_self_energies,cova_llvm_gpu,default,initialization,observed,98.02637580095325,cova-L-20260928-201630,f929db7f0404f03c17fe480f504da8ae3cfdbee5,1,1,f7d4f3c7d50b72880addf25da02f47a077e25e5f288758e484adcbc85a181974,['mixed'],"['reference_not_ranking', 'historical_competitors_not_rerun', 'system_resources_not_exclusive', 'gpu_placement_metadata_only']"
scattering_self_energies,cova_llvm_gpu,default,fresh_process,observed,56.03114547644509,cova-L-20260928-201630,f929db7f0404f03c17fe480f504da8ae3cfdbee5,2,2,f7d4f3c7d50b72880addf25da02f47a077e25e5f288758e484adcbc85a181974,['mixed'],"['reference_not_ranking', 'historical_competitors_not_rerun', 'system_resources_not_exclusive', 'gpu_placement_metadata_only']"
scattering_self_energies,cova_llvm_gpu,default,same_process,observed,76.53199425700586,cova-L-20260928-201630,f929db7f0404f03c17fe480f504da8ae3cfdbee5,6,3,f7d4f3c7d50b72880addf25da02f47a077e25e5f288758e484adcbc85a181974,['mixed'],"['reference_not_ranking', 'historical_competitors_not_rerun', 'system_resources_not_exclusive', 'gpu_placement_metadata_only']"
seidel_2d,cova_serial_cpu,default,initialization,observed,2.125540151959285,cova-L-20260928-201630,f929db7f0404f03c17fe480f504da8ae3cfdbee5,1,1,6d10c80c878e92ea3bdd4f0a16c473438b233d1989ed5a8d0f8d1356e6d0b32b,['cpu'],"['reference_not_ranking', 'historical_competitors_not_rerun', 'system_resources_not_exclusive']"
seidel_2d,cova_serial_cpu,default,fresh_process,observed,0.03635898797074333,cova-L-20260928-201630,f929db7f0404f03c17fe480f504da8ae3cfdbee5,2,2,6d10c80c878e92ea3bdd4f0a16c473438b233d1989ed5a8d0f8d1356e6d0b32b,['cpu'],"['reference_not_ranking', 'historical_competitors_not_rerun', 'system_resources_not_exclusive']"
seidel_2d,cova_serial_cpu,default,same_process,observed,0.037973139551468194,cova-L-20260928-201630,f929db7f0404f03c17fe480f504da8ae3cfdbee5,6,3,6d10c80c878e92ea3bdd4f0a16c473438b233d1989ed5a8d0f8d1356e6d0b32b,['cpu'],"['reference_not_ranking', 'historical_competitors_not_rerun', 'system_resources_not_exclusive']"
seidel_2d,cova_openmp_cpu,default,initialization,observed,2.28529139701277,cova-L-20260928-201630,f929db7f0404f03c17fe480f504da8ae3cfdbee5,1,1,6d10c80c878e92ea3bdd4f0a16c473438b233d1989ed5a8d0f8d1356e6d0b32b,['cpu'],"['reference_not_ranking', 'historical_competitors_not_rerun', 'system_resources_not_exclusive']"
seidel_2d,cova_openmp_cpu,default,fresh_process,observed,0.046459132980089635,cova-L-20260928-201630,f929db7f0404f03c17fe480f504da8ae3cfdbee5,2,2,6d10c80c878e92ea3bdd4f0a16c473438b233d1989ed5a8d0f8d1356e6d0b32b,['cpu'],"['reference_not_ranking', 'historical_competitors_not_rerun', 'system_resources_not_exclusive']"
seidel_2d,cova_openmp_cpu,default,same_process,observed,0.047891228983644396,cova-L-20260928-201630,f929db7f0404f03c17fe480f504da8ae3cfdbee5,6,3,6d10c80c878e92ea3bdd4f0a16c473438b233d1989ed5a8d0f8d1356e6d0b32b,['cpu'],"['reference_not_ranking', 'historical_competitors_not_rerun', 'system_resources_not_exclusive']"
seidel_2d,cova_llvm_cpu_serial,default,initialization,observed,1.7235662969760597,cova-L-20260928-201630,f929db7f0404f03c17fe480f504da8ae3cfdbee5,1,1,6d10c80c878e92ea3bdd4f0a16c473438b233d1989ed5a8d0f8d1356e6d0b32b,['cpu'],"['reference_not_ranking', 'historical_competitors_not_rerun', 'system_resources_not_exclusive']"
seidel_2d,cova_llvm_cpu_serial,default,fresh_process,observed,0.03795192000688985,cova-L-20260928-201630,f929db7f0404f03c17fe480f504da8ae3cfdbee5,2,2,6d10c80c878e92ea3bdd4f0a16c473438b233d1989ed5a8d0f8d1356e6d0b32b,['cpu'],"['reference_not_ranking', 'historical_competitors_not_rerun', 'system_resources_not_exclusive']"
seidel_2d,cova_llvm_cpu_serial,default,same_process,observed,0.037448411458171904,cova-L-20260928-201630,f929db7f0404f03c17fe480f504da8ae3cfdbee5,6,3,6d10c80c878e92ea3bdd4f0a16c473438b233d1989ed5a8d0f8d1356e6d0b32b,['cpu'],"['reference_not_ranking', 'historical_competitors_not_rerun', 'system_resources_not_exclusive']"
seidel_2d,cova_llvm_cpu,default,initialization,observed,2.4234301089309156,cova-L-20260928-201630,f929db7f0404f03c17fe480f504da8ae3cfdbee5,1,1,6d10c80c878e92ea3bdd4f0a16c473438b233d1989ed5a8d0f8d1356e6d0b32b,['cpu'],"['reference_not_ranking', 'historical_competitors_not_rerun', 'system_resources_not_exclusive']"
seidel_2d,cova_llvm_cpu,default,fresh_process,observed,0.040662575513124466,cova-L-20260928-201630,f929db7f0404f03c17fe480f504da8ae3cfdbee5,2,2,6d10c80c878e92ea3bdd4f0a16c473438b233d1989ed5a8d0f8d1356e6d0b32b,['cpu'],"['reference_not_ranking', 'historical_competitors_not_rerun', 'system_resources_not_exclusive']"
seidel_2d,cova_llvm_cpu,default,same_process,observed,0.0345498199458234,cova-L-20260928-201630,f929db7f0404f03c17fe480f504da8ae3cfdbee5,6,3,6d10c80c878e92ea3bdd4f0a16c473438b233d1989ed5a8d0f8d1356e6d0b32b,['cpu'],"['reference_not_ranking', 'historical_competitors_not_rerun', 'system_resources_not_exclusive']"
seidel_2d,cova_openmp_gpu,default,initialization,observed,4.754762855940498,cova-L-20260928-201630,f929db7f0404f03c17fe480f504da8ae3cfdbee5,1,1,6d10c80c878e92ea3bdd4f0a16c473438b233d1989ed5a8d0f8d1356e6d0b32b,['cpu'],"['reference_not_ranking', 'historical_competitors_not_rerun', 'system_resources_not_exclusive', 'gpu_placement_metadata_only']"
seidel_2d,cova_openmp_gpu,default,fresh_process,observed,0.05055545346112922,cova-L-20260928-201630,f929db7f0404f03c17fe480f504da8ae3cfdbee5,2,2,6d10c80c878e92ea3bdd4f0a16c473438b233d1989ed5a8d0f8d1356e6d0b32b,['cpu'],"['reference_not_ranking', 'historical_competitors_not_rerun', 'system_resources_not_exclusive', 'gpu_placement_metadata_only']"
seidel_2d,cova_openmp_gpu,default,same_process,observed,0.04589039698475972,cova-L-20260928-201630,f929db7f0404f03c17fe480f504da8ae3cfdbee5,6,3,6d10c80c878e92ea3bdd4f0a16c473438b233d1989ed5a8d0f8d1356e6d0b32b,['cpu'],"['reference_not_ranking', 'historical_competitors_not_rerun', 'system_resources_not_exclusive', 'gpu_placement_metadata_only']"
seidel_2d,cova_llvm_gpu,default,initialization,observed,6.95110583899077,cova-L-20260928-201630,f929db7f0404f03c17fe480f504da8ae3cfdbee5,1,1,6d10c80c878e92ea3bdd4f0a16c473438b233d1989ed5a8d0f8d1356e6d0b32b,['gpu'],"['reference_not_ranking', 'historical_competitors_not_rerun', 'system_resources_not_exclusive', 'gpu_placement_metadata_only']"
seidel_2d,cova_llvm_gpu,default,fresh_process,observed,2.5347582095419057,cova-L-20260928-201630,f929db7f0404f03c17fe480f504da8ae3cfdbee5,2,2,6d10c80c878e92ea3bdd4f0a16c473438b233d1989ed5a8d0f8d1356e6d0b32b,['gpu'],"['reference_not_ranking', 'historical_competitors_not_rerun', 'system_resources_not_exclusive', 'gpu_placement_metadata_only']"
seidel_2d,cova_llvm_gpu,default,same_process,observed,2.2863915624911897,cova-L-20260928-201630,f929db7f0404f03c17fe480f504da8ae3cfdbee5,6,3,6d10c80c878e92ea3bdd4f0a16c473438b233d1989ed5a8d0f8d1356e6d0b32b,['gpu'],"['reference_not_ranking', 'historical_competitors_not_rerun', 'system_resources_not_exclusive', 'gpu_placement_metadata_only']"
softmax,cova_serial_cpu,default,initialization,observed,4.8812922548968345,cova-L-20260928-201630,f929db7f0404f03c17fe480f504da8ae3cfdbee5,1,1,2fcf9437c28756a764115316372f1c170da55c13fa29321255a7dcc2a7583c80,['cpu'],"['reference_not_ranking', 'historical_competitors_not_rerun', 'system_resources_not_exclusive']"
softmax,cova_serial_cpu,default,fresh_process,observed,2.5678956740302965,cova-L-20260928-201630,f929db7f0404f03c17fe480f504da8ae3cfdbee5,2,2,2fcf9437c28756a764115316372f1c170da55c13fa29321255a7dcc2a7583c80,['cpu'],"['reference_not_ranking', 'historical_competitors_not_rerun', 'system_resources_not_exclusive']"
softmax,cova_serial_cpu,default,same_process,observed,1.5161851975135505,cova-L-20260928-201630,f929db7f0404f03c17fe480f504da8ae3cfdbee5,6,3,2fcf9437c28756a764115316372f1c170da55c13fa29321255a7dcc2a7583c80,['cpu'],"['reference_not_ranking', 'historical_competitors_not_rerun', 'system_resources_not_exclusive']"
softmax,cova_openmp_cpu,default,initialization,observed,2.902225964004174,cova-L-20260928-201630,f929db7f0404f03c17fe480f504da8ae3cfdbee5,1,1,2fcf9437c28756a764115316372f1c170da55c13fa29321255a7dcc2a7583c80,['cpu'],"['reference_not_ranking', 'historical_competitors_not_rerun', 'system_resources_not_exclusive']"
softmax,cova_openmp_cpu,default,fresh_process,observed,0.4118054495193064,cova-L-20260928-201630,f929db7f0404f03c17fe480f504da8ae3cfdbee5,2,2,2fcf9437c28756a764115316372f1c170da55c13fa29321255a7dcc2a7583c80,['cpu'],"['reference_not_ranking', 'historical_competitors_not_rerun', 'system_resources_not_exclusive']"
softmax,cova_openmp_cpu,default,same_process,observed,0.41264644352486357,cova-L-20260928-201630,f929db7f0404f03c17fe480f504da8ae3cfdbee5,6,3,2fcf9437c28756a764115316372f1c170da55c13fa29321255a7dcc2a7583c80,['cpu'],"['reference_not_ranking', 'historical_competitors_not_rerun', 'system_resources_not_exclusive']"
softmax,cova_llvm_cpu_serial,default,initialization,observed,4.88211681402754,cova-L-20260928-201630,f929db7f0404f03c17fe480f504da8ae3cfdbee5,1,1,2fcf9437c28756a764115316372f1c170da55c13fa29321255a7dcc2a7583c80,['cpu'],"['reference_not_ranking', 'historical_competitors_not_rerun', 'system_resources_not_exclusive']"
softmax,cova_llvm_cpu_serial,default,fresh_process,observed,2.477765098505188,cova-L-20260928-201630,f929db7f0404f03c17fe480f504da8ae3cfdbee5,2,2,2fcf9437c28756a764115316372f1c170da55c13fa29321255a7dcc2a7583c80,['cpu'],"['reference_not_ranking', 'historical_competitors_not_rerun', 'system_resources_not_exclusive']"
softmax,cova_llvm_cpu_serial,default,same_process,observed,2.010480777011253,cova-L-20260928-201630,f929db7f0404f03c17fe480f504da8ae3cfdbee5,6,3,2fcf9437c28756a764115316372f1c170da55c13fa29321255a7dcc2a7583c80,['cpu'],"['reference_not_ranking', 'historical_competitors_not_rerun', 'system_resources_not_exclusive']"
softmax,cova_llvm_cpu,default,initialization,observed,5.457534815999679,cova-L-20260928-201630,f929db7f0404f03c17fe480f504da8ae3cfdbee5,1,1,2fcf9437c28756a764115316372f1c170da55c13fa29321255a7dcc2a7583c80,['cpu'],"['reference_not_ranking', 'historical_competitors_not_rerun', 'system_resources_not_exclusive']"
softmax,cova_llvm_cpu,default,fresh_process,observed,0.5738177435123362,cova-L-20260928-201630,f929db7f0404f03c17fe480f504da8ae3cfdbee5,2,2,2fcf9437c28756a764115316372f1c170da55c13fa29321255a7dcc2a7583c80,['cpu'],"['reference_not_ranking', 'historical_competitors_not_rerun', 'system_resources_not_exclusive']"
softmax,cova_llvm_cpu,default,same_process,observed,0.45477460796246305,cova-L-20260928-201630,f929db7f0404f03c17fe480f504da8ae3cfdbee5,6,3,2fcf9437c28756a764115316372f1c170da55c13fa29321255a7dcc2a7583c80,['cpu'],"['reference_not_ranking', 'historical_competitors_not_rerun', 'system_resources_not_exclusive']"
softmax,cova_openmp_gpu,default,initialization,observed,6.407046696986072,cova-L-20260928-201630,f929db7f0404f03c17fe480f504da8ae3cfdbee5,1,1,2fcf9437c28756a764115316372f1c170da55c13fa29321255a7dcc2a7583c80,['gpu'],"['reference_not_ranking', 'historical_competitors_not_rerun', 'system_resources_not_exclusive', 'gpu_placement_metadata_only']"
softmax,cova_openmp_gpu,default,fresh_process,observed,0.7255253655021079,cova-L-20260928-201630,f929db7f0404f03c17fe480f504da8ae3cfdbee5,2,2,2fcf9437c28756a764115316372f1c170da55c13fa29321255a7dcc2a7583c80,['gpu'],"['reference_not_ranking', 'historical_competitors_not_rerun', 'system_resources_not_exclusive', 'gpu_placement_metadata_only']"
softmax,cova_openmp_gpu,default,same_process,observed,0.4440016079461202,cova-L-20260928-201630,f929db7f0404f03c17fe480f504da8ae3cfdbee5,6,3,2fcf9437c28756a764115316372f1c170da55c13fa29321255a7dcc2a7583c80,['gpu'],"['reference_not_ranking', 'historical_competitors_not_rerun', 'system_resources_not_exclusive', 'gpu_placement_metadata_only']"
softmax,cova_llvm_gpu,default,initialization,observed,5.292825166019611,cova-L-20260928-201630,f929db7f0404f03c17fe480f504da8ae3cfdbee5,1,1,2fcf9437c28756a764115316372f1c170da55c13fa29321255a7dcc2a7583c80,['gpu'],"['reference_not_ranking', 'historical_competitors_not_rerun', 'system_resources_not_exclusive', 'gpu_placement_metadata_only']"
softmax,cova_llvm_gpu,default,fresh_process,observed,0.846256714547053,cova-L-20260928-201630,f929db7f0404f03c17fe480f504da8ae3cfdbee5,2,2,2fcf9437c28756a764115316372f1c170da55c13fa29321255a7dcc2a7583c80,['gpu'],"['reference_not_ranking', 'historical_competitors_not_rerun', 'system_resources_not_exclusive', 'gpu_placement_metadata_only']"
softmax,cova_llvm_gpu,default,same_process,observed,0.49018611951032653,cova-L-20260928-201630,f929db7f0404f03c17fe480f504da8ae3cfdbee5,6,3,2fcf9437c28756a764115316372f1c170da55c13fa29321255a7dcc2a7583c80,['gpu'],"['reference_not_ranking', 'historical_competitors_not_rerun', 'system_resources_not_exclusive', 'gpu_placement_metadata_only']"
spmv,cova_serial_cpu,default,initialization,observed,1.835540710017085,cova-L-20260928-201630,f929db7f0404f03c17fe480f504da8ae3cfdbee5,1,1,830b22cd03e41feb9b883b4b8fc754402901ac74dc9f607cfa3a81bdc5787389,['cpu'],"['reference_not_ranking', 'historical_competitors_not_rerun', 'system_resources_not_exclusive']"
spmv,cova_serial_cpu,default,fresh_process,observed,0.03231582255102694,cova-L-20260928-201630,f929db7f0404f03c17fe480f504da8ae3cfdbee5,2,2,830b22cd03e41feb9b883b4b8fc754402901ac74dc9f607cfa3a81bdc5787389,['cpu'],"['reference_not_ranking', 'historical_competitors_not_rerun', 'system_resources_not_exclusive']"
spmv,cova_serial_cpu,default,same_process,observed,0.022295657021459192,cova-L-20260928-201630,f929db7f0404f03c17fe480f504da8ae3cfdbee5,6,3,830b22cd03e41feb9b883b4b8fc754402901ac74dc9f607cfa3a81bdc5787389,['cpu'],"['reference_not_ranking', 'historical_competitors_not_rerun', 'system_resources_not_exclusive']"
spmv,cova_openmp_cpu,default,initialization,observed,2.4621298640267923,cova-L-20260928-201630,f929db7f0404f03c17fe480f504da8ae3cfdbee5,1,1,830b22cd03e41feb9b883b4b8fc754402901ac74dc9f607cfa3a81bdc5787389,['cpu'],"['reference_not_ranking', 'historical_competitors_not_rerun', 'system_resources_not_exclusive']"
spmv,cova_openmp_cpu,default,fresh_process,observed,0.04189261997817084,cova-L-20260928-201630,f929db7f0404f03c17fe480f504da8ae3cfdbee5,2,2,830b22cd03e41feb9b883b4b8fc754402901ac74dc9f607cfa3a81bdc5787389,['cpu'],"['reference_not_ranking', 'historical_competitors_not_rerun', 'system_resources_not_exclusive']"
spmv,cova_openmp_cpu,default,same_process,observed,0.027041374472901225,cova-L-20260928-201630,f929db7f0404f03c17fe480f504da8ae3cfdbee5,6,3,830b22cd03e41feb9b883b4b8fc754402901ac74dc9f607cfa3a81bdc5787389,['cpu'],"['reference_not_ranking', 'historical_competitors_not_rerun', 'system_resources_not_exclusive']"
spmv,cova_llvm_cpu_serial,default,initialization,observed,1.821322110015899,cova-L-20260928-201630,f929db7f0404f03c17fe480f504da8ae3cfdbee5,1,1,830b22cd03e41feb9b883b4b8fc754402901ac74dc9f607cfa3a81bdc5787389,['cpu'],"['reference_not_ranking', 'historical_competitors_not_rerun', 'system_resources_not_exclusive']"
spmv,cova_llvm_cpu_serial,default,fresh_process,observed,0.02655165601754561,cova-L-20260928-201630,f929db7f0404f03c17fe480f504da8ae3cfdbee5,2,2,830b22cd03e41feb9b883b4b8fc754402901ac74dc9f607cfa3a81bdc5787389,['cpu'],"['reference_not_ranking', 'historical_competitors_not_rerun', 'system_resources_not_exclusive']"
spmv,cova_llvm_cpu_serial,default,same_process,observed,0.023554830986540765,cova-L-20260928-201630,f929db7f0404f03c17fe480f504da8ae3cfdbee5,6,3,830b22cd03e41feb9b883b4b8fc754402901ac74dc9f607cfa3a81bdc5787389,['cpu'],"['reference_not_ranking', 'historical_competitors_not_rerun', 'system_resources_not_exclusive']"
spmv,cova_llvm_cpu,default,initialization,observed,1.8720576730556786,cova-L-20260928-201630,f929db7f0404f03c17fe480f504da8ae3cfdbee5,1,1,830b22cd03e41feb9b883b4b8fc754402901ac74dc9f607cfa3a81bdc5787389,['cpu'],"['reference_not_ranking', 'historical_competitors_not_rerun', 'system_resources_not_exclusive']"
spmv,cova_llvm_cpu,default,fresh_process,observed,0.11214718798873946,cova-L-20260928-201630,f929db7f0404f03c17fe480f504da8ae3cfdbee5,2,2,830b22cd03e41feb9b883b4b8fc754402901ac74dc9f607cfa3a81bdc5787389,['cpu'],"['reference_not_ranking', 'historical_competitors_not_rerun', 'system_resources_not_exclusive']"
spmv,cova_llvm_cpu,default,same_process,observed,0.016913798521272838,cova-L-20260928-201630,f929db7f0404f03c17fe480f504da8ae3cfdbee5,6,3,830b22cd03e41feb9b883b4b8fc754402901ac74dc9f607cfa3a81bdc5787389,['cpu'],"['reference_not_ranking', 'historical_competitors_not_rerun', 'system_resources_not_exclusive']"
spmv,cova_openmp_gpu,default,initialization,observed,5.184442737023346,cova-L-20260928-201630,f929db7f0404f03c17fe480f504da8ae3cfdbee5,1,1,830b22cd03e41feb9b883b4b8fc754402901ac74dc9f607cfa3a81bdc5787389,['gpu'],"['reference_not_ranking', 'historical_competitors_not_rerun', 'system_resources_not_exclusive', 'gpu_placement_metadata_only']"
spmv,cova_openmp_gpu,default,fresh_process,observed,0.44796261651208624,cova-L-20260928-201630,f929db7f0404f03c17fe480f504da8ae3cfdbee5,2,2,830b22cd03e41feb9b883b4b8fc754402901ac74dc9f607cfa3a81bdc5787389,['gpu'],"['reference_not_ranking', 'historical_competitors_not_rerun', 'system_resources_not_exclusive', 'gpu_placement_metadata_only']"
spmv,cova_openmp_gpu,default,same_process,observed,0.02945993997855112,cova-L-20260928-201630,f929db7f0404f03c17fe480f504da8ae3cfdbee5,6,3,830b22cd03e41feb9b883b4b8fc754402901ac74dc9f607cfa3a81bdc5787389,['gpu'],"['reference_not_ranking', 'historical_competitors_not_rerun', 'system_resources_not_exclusive', 'gpu_placement_metadata_only']"
spmv,cova_llvm_gpu,default,initialization,observed,4.4424922039033845,cova-L-20260928-201630,f929db7f0404f03c17fe480f504da8ae3cfdbee5,1,1,830b22cd03e41feb9b883b4b8fc754402901ac74dc9f607cfa3a81bdc5787389,['gpu'],"['reference_not_ranking', 'historical_competitors_not_rerun', 'system_resources_not_exclusive', 'gpu_placement_metadata_only']"
spmv,cova_llvm_gpu,default,fresh_process,observed,0.4166099965805188,cova-L-20260928-201630,f929db7f0404f03c17fe480f504da8ae3cfdbee5,2,2,830b22cd03e41feb9b883b4b8fc754402901ac74dc9f607cfa3a81bdc5787389,['gpu'],"['reference_not_ranking', 'historical_competitors_not_rerun', 'system_resources_not_exclusive', 'gpu_placement_metadata_only']"
spmv,cova_llvm_gpu,default,same_process,observed,0.046381637977901846,cova-L-20260928-201630,f929db7f0404f03c17fe480f504da8ae3cfdbee5,6,3,830b22cd03e41feb9b883b4b8fc754402901ac74dc9f607cfa3a81bdc5787389,['gpu'],"['reference_not_ranking', 'historical_competitors_not_rerun', 'system_resources_not_exclusive', 'gpu_placement_metadata_only']"
stockham_fft,cova_serial_cpu,default,initialization,error,,cova-L-20260928-201630,f929db7f0404f03c17fe480f504da8ae3cfdbee5,0,0,f6c4acc3fcbed6678c4fad72d834895ca7156ce67f7538ebe2242ed208af3254,[],"['reference_not_ranking', 'historical_competitors_not_rerun', 'system_resources_not_exclusive']"
stockham_fft,cova_serial_cpu,default,fresh_process,error,,cova-L-20260928-201630,f929db7f0404f03c17fe480f504da8ae3cfdbee5,0,0,f6c4acc3fcbed6678c4fad72d834895ca7156ce67f7538ebe2242ed208af3254,[],"['reference_not_ranking', 'historical_competitors_not_rerun', 'system_resources_not_exclusive']"
stockham_fft,cova_serial_cpu,default,same_process,error,,cova-L-20260928-201630,f929db7f0404f03c17fe480f504da8ae3cfdbee5,0,0,f6c4acc3fcbed6678c4fad72d834895ca7156ce67f7538ebe2242ed208af3254,[],"['reference_not_ranking', 'historical_competitors_not_rerun', 'system_resources_not_exclusive']"
stockham_fft,cova_openmp_cpu,default,initialization,error,,cova-L-20260928-201630,f929db7f0404f03c17fe480f504da8ae3cfdbee5,0,0,f6c4acc3fcbed6678c4fad72d834895ca7156ce67f7538ebe2242ed208af3254,[],"['reference_not_ranking', 'historical_competitors_not_rerun', 'system_resources_not_exclusive']"
stockham_fft,cova_openmp_cpu,default,fresh_process,error,,cova-L-20260928-201630,f929db7f0404f03c17fe480f504da8ae3cfdbee5,0,0,f6c4acc3fcbed6678c4fad72d834895ca7156ce67f7538ebe2242ed208af3254,[],"['reference_not_ranking', 'historical_competitors_not_rerun', 'system_resources_not_exclusive']"
stockham_fft,cova_openmp_cpu,default,same_process,error,,cova-L-20260928-201630,f929db7f0404f03c17fe480f504da8ae3cfdbee5,0,0,f6c4acc3fcbed6678c4fad72d834895ca7156ce67f7538ebe2242ed208af3254,[],"['reference_not_ranking', 'historical_competitors_not_rerun', 'system_resources_not_exclusive']"
stockham_fft,cova_llvm_cpu_serial,default,initialization,error,,cova-L-20260928-201630,f929db7f0404f03c17fe480f504da8ae3cfdbee5,0,0,f6c4acc3fcbed6678c4fad72d834895ca7156ce67f7538ebe2242ed208af3254,[],"['reference_not_ranking', 'historical_competitors_not_rerun', 'system_resources_not_exclusive']"
stockham_fft,cova_llvm_cpu_serial,default,fresh_process,error,,cova-L-20260928-201630,f929db7f0404f03c17fe480f504da8ae3cfdbee5,0,0,f6c4acc3fcbed6678c4fad72d834895ca7156ce67f7538ebe2242ed208af3254,[],"['reference_not_ranking', 'historical_competitors_not_rerun', 'system_resources_not_exclusive']"
stockham_fft,cova_llvm_cpu_serial,default,same_process,error,,cova-L-20260928-201630,f929db7f0404f03c17fe480f504da8ae3cfdbee5,0,0,f6c4acc3fcbed6678c4fad72d834895ca7156ce67f7538ebe2242ed208af3254,[],"['reference_not_ranking', 'historical_competitors_not_rerun', 'system_resources_not_exclusive']"
stockham_fft,cova_llvm_cpu,default,initialization,observed,6.682171443942934,cova-L-20260928-201630,f929db7f0404f03c17fe480f504da8ae3cfdbee5,1,1,f6c4acc3fcbed6678c4fad72d834895ca7156ce67f7538ebe2242ed208af3254,['cpu'],"['reference_not_ranking', 'historical_competitors_not_rerun', 'system_resources_not_exclusive']"
stockham_fft,cova_llvm_cpu,default,fresh_process,observed,4.591713118483312,cova-L-20260928-201630,f929db7f0404f03c17fe480f504da8ae3cfdbee5,2,2,f6c4acc3fcbed6678c4fad72d834895ca7156ce67f7538ebe2242ed208af3254,['cpu'],"['reference_not_ranking', 'historical_competitors_not_rerun', 'system_resources_not_exclusive']"
stockham_fft,cova_llvm_cpu,default,same_process,observed,3.9756937834899873,cova-L-20260928-201630,f929db7f0404f03c17fe480f504da8ae3cfdbee5,6,3,f6c4acc3fcbed6678c4fad72d834895ca7156ce67f7538ebe2242ed208af3254,['cpu'],"['reference_not_ranking', 'historical_competitors_not_rerun', 'system_resources_not_exclusive']"
stockham_fft,cova_openmp_gpu,default,initialization,error,,cova-L-20260928-201630,f929db7f0404f03c17fe480f504da8ae3cfdbee5,0,0,f6c4acc3fcbed6678c4fad72d834895ca7156ce67f7538ebe2242ed208af3254,[],"['reference_not_ranking', 'historical_competitors_not_rerun', 'system_resources_not_exclusive', 'gpu_placement_metadata_only']"
stockham_fft,cova_openmp_gpu,default,fresh_process,error,,cova-L-20260928-201630,f929db7f0404f03c17fe480f504da8ae3cfdbee5,0,0,f6c4acc3fcbed6678c4fad72d834895ca7156ce67f7538ebe2242ed208af3254,[],"['reference_not_ranking', 'historical_competitors_not_rerun', 'system_resources_not_exclusive', 'gpu_placement_metadata_only']"
stockham_fft,cova_openmp_gpu,default,same_process,error,,cova-L-20260928-201630,f929db7f0404f03c17fe480f504da8ae3cfdbee5,0,0,f6c4acc3fcbed6678c4fad72d834895ca7156ce67f7538ebe2242ed208af3254,[],"['reference_not_ranking', 'historical_competitors_not_rerun', 'system_resources_not_exclusive', 'gpu_placement_metadata_only']"
stockham_fft,cova_llvm_gpu,default,initialization,observed,9.23131652304437,cova-L-20260928-201630,f929db7f0404f03c17fe480f504da8ae3cfdbee5,1,1,f6c4acc3fcbed6678c4fad72d834895ca7156ce67f7538ebe2242ed208af3254,['mixed'],"['reference_not_ranking', 'historical_competitors_not_rerun', 'system_resources_not_exclusive', 'gpu_placement_metadata_only']"
stockham_fft,cova_llvm_gpu,default,fresh_process,observed,3.2614267980097793,cova-L-20260928-201630,f929db7f0404f03c17fe480f504da8ae3cfdbee5,2,2,f6c4acc3fcbed6678c4fad72d834895ca7156ce67f7538ebe2242ed208af3254,['mixed'],"['reference_not_ranking', 'historical_competitors_not_rerun', 'system_resources_not_exclusive', 'gpu_placement_metadata_only']"
stockham_fft,cova_llvm_gpu,default,same_process,observed,4.106170574959833,cova-L-20260928-201630,f929db7f0404f03c17fe480f504da8ae3cfdbee5,6,3,f6c4acc3fcbed6678c4fad72d834895ca7156ce67f7538ebe2242ed208af3254,['mixed'],"['reference_not_ranking', 'historical_competitors_not_rerun', 'system_resources_not_exclusive', 'gpu_placement_metadata_only']"
symm,cova_serial_cpu,default,initialization,observed,2.0802093979436904,cova-L-20260928-201630,f929db7f0404f03c17fe480f504da8ae3cfdbee5,1,1,c983fe23aab1369b59df067f61f46c516f426a2b0a1ea8bdc3779352f6c91630,['cpu'],"['reference_not_ranking', 'historical_competitors_not_rerun', 'system_resources_not_exclusive']"
symm,cova_serial_cpu,default,fresh_process,observed,0.09120388200972229,cova-L-20260928-201630,f929db7f0404f03c17fe480f504da8ae3cfdbee5,2,2,c983fe23aab1369b59df067f61f46c516f426a2b0a1ea8bdc3779352f6c91630,['cpu'],"['reference_not_ranking', 'historical_competitors_not_rerun', 'system_resources_not_exclusive']"
symm,cova_serial_cpu,default,same_process,observed,0.08756874600658193,cova-L-20260928-201630,f929db7f0404f03c17fe480f504da8ae3cfdbee5,6,3,c983fe23aab1369b59df067f61f46c516f426a2b0a1ea8bdc3779352f6c91630,['cpu'],"['reference_not_ranking', 'historical_competitors_not_rerun', 'system_resources_not_exclusive']"
symm,cova_openmp_cpu,default,initialization,observed,2.591441944008693,cova-L-20260928-201630,f929db7f0404f03c17fe480f504da8ae3cfdbee5,1,1,c983fe23aab1369b59df067f61f46c516f426a2b0a1ea8bdc3779352f6c91630,['cpu'],"['reference_not_ranking', 'historical_competitors_not_rerun', 'system_resources_not_exclusive']"
symm,cova_openmp_cpu,default,fresh_process,observed,0.11003560852259398,cova-L-20260928-201630,f929db7f0404f03c17fe480f504da8ae3cfdbee5,2,2,c983fe23aab1369b59df067f61f46c516f426a2b0a1ea8bdc3779352f6c91630,['cpu'],"['reference_not_ranking', 'historical_competitors_not_rerun', 'system_resources_not_exclusive']"
symm,cova_openmp_cpu,default,same_process,observed,0.11606696853414178,cova-L-20260928-201630,f929db7f0404f03c17fe480f504da8ae3cfdbee5,6,3,c983fe23aab1369b59df067f61f46c516f426a2b0a1ea8bdc3779352f6c91630,['cpu'],"['reference_not_ranking', 'historical_competitors_not_rerun', 'system_resources_not_exclusive']"
symm,cova_llvm_cpu_serial,default,initialization,observed,1.9315978399245068,cova-L-20260928-201630,f929db7f0404f03c17fe480f504da8ae3cfdbee5,1,1,c983fe23aab1369b59df067f61f46c516f426a2b0a1ea8bdc3779352f6c91630,['cpu'],"['reference_not_ranking', 'historical_competitors_not_rerun', 'system_resources_not_exclusive']"
symm,cova_llvm_cpu_serial,default,fresh_process,observed,0.091970247507561,cova-L-20260928-201630,f929db7f0404f03c17fe480f504da8ae3cfdbee5,2,2,c983fe23aab1369b59df067f61f46c516f426a2b0a1ea8bdc3779352f6c91630,['cpu'],"['reference_not_ranking', 'historical_competitors_not_rerun', 'system_resources_not_exclusive']"
symm,cova_llvm_cpu_serial,default,same_process,observed,0.0845523364841938,cova-L-20260928-201630,f929db7f0404f03c17fe480f504da8ae3cfdbee5,6,3,c983fe23aab1369b59df067f61f46c516f426a2b0a1ea8bdc3779352f6c91630,['cpu'],"['reference_not_ranking', 'historical_competitors_not_rerun', 'system_resources_not_exclusive']"
symm,cova_llvm_cpu,default,initialization,observed,2.049893742077984,cova-L-20260928-201630,f929db7f0404f03c17fe480f504da8ae3cfdbee5,1,1,c983fe23aab1369b59df067f61f46c516f426a2b0a1ea8bdc3779352f6c91630,['cpu'],"['reference_not_ranking', 'historical_competitors_not_rerun', 'system_resources_not_exclusive']"
symm,cova_llvm_cpu,default,fresh_process,observed,0.10481648851418868,cova-L-20260928-201630,f929db7f0404f03c17fe480f504da8ae3cfdbee5,2,2,c983fe23aab1369b59df067f61f46c516f426a2b0a1ea8bdc3779352f6c91630,['cpu'],"['reference_not_ranking', 'historical_competitors_not_rerun', 'system_resources_not_exclusive']"
symm,cova_llvm_cpu,default,same_process,observed,0.10447847348405048,cova-L-20260928-201630,f929db7f0404f03c17fe480f504da8ae3cfdbee5,6,3,c983fe23aab1369b59df067f61f46c516f426a2b0a1ea8bdc3779352f6c91630,['cpu'],"['reference_not_ranking', 'historical_competitors_not_rerun', 'system_resources_not_exclusive']"
symm,cova_openmp_gpu,default,initialization,observed,16.327230433002114,cova-L-20260928-201630,f929db7f0404f03c17fe480f504da8ae3cfdbee5,1,1,c983fe23aab1369b59df067f61f46c516f426a2b0a1ea8bdc3779352f6c91630,['gpu'],"['reference_not_ranking', 'historical_competitors_not_rerun', 'system_resources_not_exclusive', 'gpu_placement_metadata_only']"
symm,cova_openmp_gpu,default,fresh_process,observed,8.50401461852016,cova-L-20260928-201630,f929db7f0404f03c17fe480f504da8ae3cfdbee5,2,2,c983fe23aab1369b59df067f61f46c516f426a2b0a1ea8bdc3779352f6c91630,['gpu'],"['reference_not_ranking', 'historical_competitors_not_rerun', 'system_resources_not_exclusive', 'gpu_placement_metadata_only']"
symm,cova_openmp_gpu,default,same_process,observed,10.037017159513198,cova-L-20260928-201630,f929db7f0404f03c17fe480f504da8ae3cfdbee5,6,3,c983fe23aab1369b59df067f61f46c516f426a2b0a1ea8bdc3779352f6c91630,['gpu'],"['reference_not_ranking', 'historical_competitors_not_rerun', 'system_resources_not_exclusive', 'gpu_placement_metadata_only']"
symm,cova_llvm_gpu,default,initialization,observed,4.846443413989618,cova-L-20260928-201630,f929db7f0404f03c17fe480f504da8ae3cfdbee5,1,1,c983fe23aab1369b59df067f61f46c516f426a2b0a1ea8bdc3779352f6c91630,['mixed'],"['reference_not_ranking', 'historical_competitors_not_rerun', 'system_resources_not_exclusive', 'gpu_placement_metadata_only']"
symm,cova_llvm_gpu,default,fresh_process,observed,0.5357998550753109,cova-L-20260928-201630,f929db7f0404f03c17fe480f504da8ae3cfdbee5,2,2,c983fe23aab1369b59df067f61f46c516f426a2b0a1ea8bdc3779352f6c91630,['mixed'],"['reference_not_ranking', 'historical_competitors_not_rerun', 'system_resources_not_exclusive', 'gpu_placement_metadata_only']"
symm,cova_llvm_gpu,default,same_process,observed,0.5234743344481103,cova-L-20260928-201630,f929db7f0404f03c17fe480f504da8ae3cfdbee5,6,3,c983fe23aab1369b59df067f61f46c516f426a2b0a1ea8bdc3779352f6c91630,['mixed'],"['reference_not_ranking', 'historical_competitors_not_rerun', 'system_resources_not_exclusive', 'gpu_placement_metadata_only']"
syr2k,cova_serial_cpu,default,initialization,observed,2.1218192889355123,cova-L-20260928-201630,f929db7f0404f03c17fe480f504da8ae3cfdbee5,1,1,4eed4ab152ea49c0a4cdf942787319238e4b8903146da60692ca376422fc8502,['cpu'],"['reference_not_ranking', 'historical_competitors_not_rerun', 'system_resources_not_exclusive']"
syr2k,cova_serial_cpu,default,fresh_process,observed,0.0627598415594548,cova-L-20260928-201630,f929db7f0404f03c17fe480f504da8ae3cfdbee5,2,2,4eed4ab152ea49c0a4cdf942787319238e4b8903146da60692ca376422fc8502,['cpu'],"['reference_not_ranking', 'historical_competitors_not_rerun', 'system_resources_not_exclusive']"
syr2k,cova_serial_cpu,default,same_process,observed,0.08019579795654863,cova-L-20260928-201630,f929db7f0404f03c17fe480f504da8ae3cfdbee5,6,3,4eed4ab152ea49c0a4cdf942787319238e4b8903146da60692ca376422fc8502,['cpu'],"['reference_not_ranking', 'historical_competitors_not_rerun', 'system_resources_not_exclusive']"
syr2k,cova_openmp_cpu,default,initialization,observed,2.272479285020381,cova-L-20260928-201630,f929db7f0404f03c17fe480f504da8ae3cfdbee5,1,1,4eed4ab152ea49c0a4cdf942787319238e4b8903146da60692ca376422fc8502,['cpu'],"['reference_not_ranking', 'historical_competitors_not_rerun', 'system_resources_not_exclusive']"
syr2k,cova_openmp_cpu,default,fresh_process,observed,0.045948078972287476,cova-L-20260928-201630,f929db7f0404f03c17fe480f504da8ae3cfdbee5,2,2,4eed4ab152ea49c0a4cdf942787319238e4b8903146da60692ca376422fc8502,['cpu'],"['reference_not_ranking', 'historical_competitors_not_rerun', 'system_resources_not_exclusive']"
syr2k,cova_openmp_cpu,default,same_process,observed,0.02539684606017545,cova-L-20260928-201630,f929db7f0404f03c17fe480f504da8ae3cfdbee5,6,3,4eed4ab152ea49c0a4cdf942787319238e4b8903146da60692ca376422fc8502,['cpu'],"['reference_not_ranking', 'historical_competitors_not_rerun', 'system_resources_not_exclusive']"
syr2k,cova_llvm_cpu_serial,default,initialization,observed,1.9024953299667686,cova-L-20260928-201630,f929db7f0404f03c17fe480f504da8ae3cfdbee5,1,1,4eed4ab152ea49c0a4cdf942787319238e4b8903146da60692ca376422fc8502,['cpu'],"['reference_not_ranking', 'historical_competitors_not_rerun', 'system_resources_not_exclusive']"
syr2k,cova_llvm_cpu_serial,default,fresh_process,observed,0.07320547051494941,cova-L-20260928-201630,f929db7f0404f03c17fe480f504da8ae3cfdbee5,2,2,4eed4ab152ea49c0a4cdf942787319238e4b8903146da60692ca376422fc8502,['cpu'],"['reference_not_ranking', 'historical_competitors_not_rerun', 'system_resources_not_exclusive']"
syr2k,cova_llvm_cpu_serial,default,same_process,observed,0.0748564344830811,cova-L-20260928-201630,f929db7f0404f03c17fe480f504da8ae3cfdbee5,6,3,4eed4ab152ea49c0a4cdf942787319238e4b8903146da60692ca376422fc8502,['cpu'],"['reference_not_ranking', 'historical_competitors_not_rerun', 'system_resources_not_exclusive']"
syr2k,cova_llvm_cpu,default,initialization,observed,1.9512237990275025,cova-L-20260928-201630,f929db7f0404f03c17fe480f504da8ae3cfdbee5,1,1,4eed4ab152ea49c0a4cdf942787319238e4b8903146da60692ca376422fc8502,['cpu'],"['reference_not_ranking', 'historical_competitors_not_rerun', 'system_resources_not_exclusive']"
syr2k,cova_llvm_cpu,default,fresh_process,observed,0.08885051653487608,cova-L-20260928-201630,f929db7f0404f03c17fe480f504da8ae3cfdbee5,2,2,4eed4ab152ea49c0a4cdf942787319238e4b8903146da60692ca376422fc8502,['cpu'],"['reference_not_ranking', 'historical_competitors_not_rerun', 'system_resources_not_exclusive']"
syr2k,cova_llvm_cpu,default,same_process,observed,0.026531993004027754,cova-L-20260928-201630,f929db7f0404f03c17fe480f504da8ae3cfdbee5,6,3,4eed4ab152ea49c0a4cdf942787319238e4b8903146da60692ca376422fc8502,['cpu'],"['reference_not_ranking', 'historical_competitors_not_rerun', 'system_resources_not_exclusive']"
syr2k,cova_openmp_gpu,default,initialization,observed,5.452815521974117,cova-L-20260928-201630,f929db7f0404f03c17fe480f504da8ae3cfdbee5,1,1,4eed4ab152ea49c0a4cdf942787319238e4b8903146da60692ca376422fc8502,['gpu'],"['reference_not_ranking', 'historical_competitors_not_rerun', 'system_resources_not_exclusive', 'gpu_placement_metadata_only']"
syr2k,cova_openmp_gpu,default,fresh_process,observed,0.5542200829950161,cova-L-20260928-201630,f929db7f0404f03c17fe480f504da8ae3cfdbee5,2,2,4eed4ab152ea49c0a4cdf942787319238e4b8903146da60692ca376422fc8502,['gpu'],"['reference_not_ranking', 'historical_competitors_not_rerun', 'system_resources_not_exclusive', 'gpu_placement_metadata_only']"
syr2k,cova_openmp_gpu,default,same_process,observed,0.1543671350227669,cova-L-20260928-201630,f929db7f0404f03c17fe480f504da8ae3cfdbee5,6,3,4eed4ab152ea49c0a4cdf942787319238e4b8903146da60692ca376422fc8502,['gpu'],"['reference_not_ranking', 'historical_competitors_not_rerun', 'system_resources_not_exclusive', 'gpu_placement_metadata_only']"
syr2k,cova_llvm_gpu,default,initialization,observed,4.805942866019905,cova-L-20260928-201630,f929db7f0404f03c17fe480f504da8ae3cfdbee5,1,1,4eed4ab152ea49c0a4cdf942787319238e4b8903146da60692ca376422fc8502,['gpu'],"['reference_not_ranking', 'historical_competitors_not_rerun', 'system_resources_not_exclusive', 'gpu_placement_metadata_only']"
syr2k,cova_llvm_gpu,default,fresh_process,observed,0.3714572780299932,cova-L-20260928-201630,f929db7f0404f03c17fe480f504da8ae3cfdbee5,2,2,4eed4ab152ea49c0a4cdf942787319238e4b8903146da60692ca376422fc8502,['gpu'],"['reference_not_ranking', 'historical_competitors_not_rerun', 'system_resources_not_exclusive', 'gpu_placement_metadata_only']"
syr2k,cova_llvm_gpu,default,same_process,observed,0.0623815759900026,cova-L-20260928-201630,f929db7f0404f03c17fe480f504da8ae3cfdbee5,6,3,4eed4ab152ea49c0a4cdf942787319238e4b8903146da60692ca376422fc8502,['gpu'],"['reference_not_ranking', 'historical_competitors_not_rerun', 'system_resources_not_exclusive', 'gpu_placement_metadata_only']"
syrk,cova_serial_cpu,default,initialization,observed,2.1510716319317,cova-L-20260928-201630,f929db7f0404f03c17fe480f504da8ae3cfdbee5,1,1,c9125e156aac0f0083fa4d941c44b5e500809f7d0e4096cfd309983aa1701894,['cpu'],"['reference_not_ranking', 'historical_competitors_not_rerun', 'system_resources_not_exclusive']"
syrk,cova_serial_cpu,default,fresh_process,observed,0.0863124934840016,cova-L-20260928-201630,f929db7f0404f03c17fe480f504da8ae3cfdbee5,2,2,c9125e156aac0f0083fa4d941c44b5e500809f7d0e4096cfd309983aa1701894,['cpu'],"['reference_not_ranking', 'historical_competitors_not_rerun', 'system_resources_not_exclusive']"
syrk,cova_serial_cpu,default,same_process,observed,0.10809791245264933,cova-L-20260928-201630,f929db7f0404f03c17fe480f504da8ae3cfdbee5,6,3,c9125e156aac0f0083fa4d941c44b5e500809f7d0e4096cfd309983aa1701894,['cpu'],"['reference_not_ranking', 'historical_competitors_not_rerun', 'system_resources_not_exclusive']"
syrk,cova_openmp_cpu,default,initialization,observed,2.2929085310315713,cova-L-20260928-201630,f929db7f0404f03c17fe480f504da8ae3cfdbee5,1,1,c9125e156aac0f0083fa4d941c44b5e500809f7d0e4096cfd309983aa1701894,['cpu'],"['reference_not_ranking', 'historical_competitors_not_rerun', 'system_resources_not_exclusive']"
syrk,cova_openmp_cpu,default,fresh_process,observed,0.046684382017701864,cova-L-20260928-201630,f929db7f0404f03c17fe480f504da8ae3cfdbee5,2,2,c9125e156aac0f0083fa4d941c44b5e500809f7d0e4096cfd309983aa1701894,['cpu'],"['reference_not_ranking', 'historical_competitors_not_rerun', 'system_resources_not_exclusive']"
syrk,cova_openmp_cpu,default,same_process,observed,0.029319918539840728,cova-L-20260928-201630,f929db7f0404f03c17fe480f504da8ae3cfdbee5,6,3,c9125e156aac0f0083fa4d941c44b5e500809f7d0e4096cfd309983aa1701894,['cpu'],"['reference_not_ranking', 'historical_competitors_not_rerun', 'system_resources_not_exclusive']"
syrk,cova_llvm_cpu_serial,default,initialization,observed,1.5424463259987533,cova-L-20260928-201630,f929db7f0404f03c17fe480f504da8ae3cfdbee5,1,1,c9125e156aac0f0083fa4d941c44b5e500809f7d0e4096cfd309983aa1701894,['cpu'],"['reference_not_ranking', 'historical_competitors_not_rerun', 'system_resources_not_exclusive']"
syrk,cova_llvm_cpu_serial,default,fresh_process,observed,0.08401396498084068,cova-L-20260928-201630,f929db7f0404f03c17fe480f504da8ae3cfdbee5,2,2,c9125e156aac0f0083fa4d941c44b5e500809f7d0e4096cfd309983aa1701894,['cpu'],"['reference_not_ranking', 'historical_competitors_not_rerun', 'system_resources_not_exclusive']"
syrk,cova_llvm_cpu_serial,default,same_process,observed,0.08603498054435477,cova-L-20260928-201630,f929db7f0404f03c17fe480f504da8ae3cfdbee5,6,3,c9125e156aac0f0083fa4d941c44b5e500809f7d0e4096cfd309983aa1701894,['cpu'],"['reference_not_ranking', 'historical_competitors_not_rerun', 'system_resources_not_exclusive']"
syrk,cova_llvm_cpu,default,initialization,observed,1.9737910539843142,cova-L-20260928-201630,f929db7f0404f03c17fe480f504da8ae3cfdbee5,1,1,c9125e156aac0f0083fa4d941c44b5e500809f7d0e4096cfd309983aa1701894,['cpu'],"['reference_not_ranking', 'historical_competitors_not_rerun', 'system_resources_not_exclusive']"
syrk,cova_llvm_cpu,default,fresh_process,observed,0.06263616547221318,cova-L-20260928-201630,f929db7f0404f03c17fe480f504da8ae3cfdbee5,2,2,c9125e156aac0f0083fa4d941c44b5e500809f7d0e4096cfd309983aa1701894,['cpu'],"['reference_not_ranking', 'historical_competitors_not_rerun', 'system_resources_not_exclusive']"
syrk,cova_llvm_cpu,default,same_process,observed,0.02386178250890225,cova-L-20260928-201630,f929db7f0404f03c17fe480f504da8ae3cfdbee5,6,3,c9125e156aac0f0083fa4d941c44b5e500809f7d0e4096cfd309983aa1701894,['cpu'],"['reference_not_ranking', 'historical_competitors_not_rerun', 'system_resources_not_exclusive']"
syrk,cova_openmp_gpu,default,initialization,observed,4.910776274977252,cova-L-20260928-201630,f929db7f0404f03c17fe480f504da8ae3cfdbee5,1,1,c9125e156aac0f0083fa4d941c44b5e500809f7d0e4096cfd309983aa1701894,['gpu'],"['reference_not_ranking', 'historical_competitors_not_rerun', 'system_resources_not_exclusive', 'gpu_placement_metadata_only']"
syrk,cova_openmp_gpu,default,fresh_process,observed,0.33738431899109855,cova-L-20260928-201630,f929db7f0404f03c17fe480f504da8ae3cfdbee5,2,2,c9125e156aac0f0083fa4d941c44b5e500809f7d0e4096cfd309983aa1701894,['gpu'],"['reference_not_ranking', 'historical_competitors_not_rerun', 'system_resources_not_exclusive', 'gpu_placement_metadata_only']"
syrk,cova_openmp_gpu,default,same_process,observed,0.13019399193581194,cova-L-20260928-201630,f929db7f0404f03c17fe480f504da8ae3cfdbee5,6,3,c9125e156aac0f0083fa4d941c44b5e500809f7d0e4096cfd309983aa1701894,['gpu'],"['reference_not_ranking', 'historical_competitors_not_rerun', 'system_resources_not_exclusive', 'gpu_placement_metadata_only']"
syrk,cova_llvm_gpu,default,initialization,observed,4.886670100968331,cova-L-20260928-201630,f929db7f0404f03c17fe480f504da8ae3cfdbee5,1,1,c9125e156aac0f0083fa4d941c44b5e500809f7d0e4096cfd309983aa1701894,['gpu'],"['reference_not_ranking', 'historical_competitors_not_rerun', 'system_resources_not_exclusive', 'gpu_placement_metadata_only']"
syrk,cova_llvm_gpu,default,fresh_process,observed,0.4539358345209621,cova-L-20260928-201630,f929db7f0404f03c17fe480f504da8ae3cfdbee5,2,2,c9125e156aac0f0083fa4d941c44b5e500809f7d0e4096cfd309983aa1701894,['gpu'],"['reference_not_ranking', 'historical_competitors_not_rerun', 'system_resources_not_exclusive', 'gpu_placement_metadata_only']"
syrk,cova_llvm_gpu,default,same_process,observed,0.09996233746642247,cova-L-20260928-201630,f929db7f0404f03c17fe480f504da8ae3cfdbee5,6,3,c9125e156aac0f0083fa4d941c44b5e500809f7d0e4096cfd309983aa1701894,['gpu'],"['reference_not_ranking', 'historical_competitors_not_rerun', 'system_resources_not_exclusive', 'gpu_placement_metadata_only']"
trisolv,cova_serial_cpu,default,initialization,observed,2.111049372004345,cova-L-20260928-201630,f929db7f0404f03c17fe480f504da8ae3cfdbee5,1,1,2ef566c3a7e8536e3be1ae3aaac85d9a03f4836c00d28326cc70cf2e8147fdb1,['cpu'],"['reference_not_ranking', 'historical_competitors_not_rerun', 'system_resources_not_exclusive']"
trisolv,cova_serial_cpu,default,fresh_process,observed,0.09387452754890546,cova-L-20260928-201630,f929db7f0404f03c17fe480f504da8ae3cfdbee5,2,2,2ef566c3a7e8536e3be1ae3aaac85d9a03f4836c00d28326cc70cf2e8147fdb1,['cpu'],"['reference_not_ranking', 'historical_competitors_not_rerun', 'system_resources_not_exclusive']"
trisolv,cova_serial_cpu,default,same_process,observed,0.14365766942501068,cova-L-20260928-201630,f929db7f0404f03c17fe480f504da8ae3cfdbee5,6,3,2ef566c3a7e8536e3be1ae3aaac85d9a03f4836c00d28326cc70cf2e8147fdb1,['cpu'],"['reference_not_ranking', 'historical_competitors_not_rerun', 'system_resources_not_exclusive']"
trisolv,cova_openmp_cpu,default,initialization,observed,2.574289260082878,cova-L-20260928-201630,f929db7f0404f03c17fe480f504da8ae3cfdbee5,1,1,2ef566c3a7e8536e3be1ae3aaac85d9a03f4836c00d28326cc70cf2e8147fdb1,['cpu'],"['reference_not_ranking', 'historical_competitors_not_rerun', 'system_resources_not_exclusive']"
trisolv,cova_openmp_cpu,default,fresh_process,observed,0.09951954748248681,cova-L-20260928-201630,f929db7f0404f03c17fe480f504da8ae3cfdbee5,2,2,2ef566c3a7e8536e3be1ae3aaac85d9a03f4836c00d28326cc70cf2e8147fdb1,['cpu'],"['reference_not_ranking', 'historical_competitors_not_rerun', 'system_resources_not_exclusive']"
trisolv,cova_openmp_cpu,default,same_process,observed,0.18646666302811354,cova-L-20260928-201630,f929db7f0404f03c17fe480f504da8ae3cfdbee5,6,3,2ef566c3a7e8536e3be1ae3aaac85d9a03f4836c00d28326cc70cf2e8147fdb1,['cpu'],"['reference_not_ranking', 'historical_competitors_not_rerun', 'system_resources_not_exclusive']"
trisolv,cova_llvm_cpu_serial,default,initialization,observed,1.8298258049180731,cova-L-20260928-201630,f929db7f0404f03c17fe480f504da8ae3cfdbee5,1,1,2ef566c3a7e8536e3be1ae3aaac85d9a03f4836c00d28326cc70cf2e8147fdb1,['cpu'],"['reference_not_ranking', 'historical_competitors_not_rerun', 'system_resources_not_exclusive']"
trisolv,cova_llvm_cpu_serial,default,fresh_process,observed,0.09760135901160538,cova-L-20260928-201630,f929db7f0404f03c17fe480f504da8ae3cfdbee5,2,2,2ef566c3a7e8536e3be1ae3aaac85d9a03f4836c00d28326cc70cf2e8147fdb1,['cpu'],"['reference_not_ranking', 'historical_competitors_not_rerun', 'system_resources_not_exclusive']"
trisolv,cova_llvm_cpu_serial,default,same_process,observed,0.14963883045129478,cova-L-20260928-201630,f929db7f0404f03c17fe480f504da8ae3cfdbee5,6,3,2ef566c3a7e8536e3be1ae3aaac85d9a03f4836c00d28326cc70cf2e8147fdb1,['cpu'],"['reference_not_ranking', 'historical_competitors_not_rerun', 'system_resources_not_exclusive']"
trisolv,cova_llvm_cpu,default,initialization,observed,1.8894582929788157,cova-L-20260928-201630,f929db7f0404f03c17fe480f504da8ae3cfdbee5,1,1,2ef566c3a7e8536e3be1ae3aaac85d9a03f4836c00d28326cc70cf2e8147fdb1,['cpu'],"['reference_not_ranking', 'historical_competitors_not_rerun', 'system_resources_not_exclusive']"
trisolv,cova_llvm_cpu,default,fresh_process,observed,0.09889548202045262,cova-L-20260928-201630,f929db7f0404f03c17fe480f504da8ae3cfdbee5,2,2,2ef566c3a7e8536e3be1ae3aaac85d9a03f4836c00d28326cc70cf2e8147fdb1,['cpu'],"['reference_not_ranking', 'historical_competitors_not_rerun', 'system_resources_not_exclusive']"
trisolv,cova_llvm_cpu,default,same_process,observed,0.15339264750946313,cova-L-20260928-201630,f929db7f0404f03c17fe480f504da8ae3cfdbee5,6,3,2ef566c3a7e8536e3be1ae3aaac85d9a03f4836c00d28326cc70cf2e8147fdb1,['cpu'],"['reference_not_ranking', 'historical_competitors_not_rerun', 'system_resources_not_exclusive']"
trisolv,cova_openmp_gpu,default,initialization,observed,4.150519601069391,cova-L-20260928-201630,f929db7f0404f03c17fe480f504da8ae3cfdbee5,1,1,2ef566c3a7e8536e3be1ae3aaac85d9a03f4836c00d28326cc70cf2e8147fdb1,['cpu'],"['reference_not_ranking', 'historical_competitors_not_rerun', 'system_resources_not_exclusive', 'gpu_placement_metadata_only']"
trisolv,cova_openmp_gpu,default,fresh_process,observed,0.1616785929654725,cova-L-20260928-201630,f929db7f0404f03c17fe480f504da8ae3cfdbee5,2,2,2ef566c3a7e8536e3be1ae3aaac85d9a03f4836c00d28326cc70cf2e8147fdb1,['cpu'],"['reference_not_ranking', 'historical_competitors_not_rerun', 'system_resources_not_exclusive', 'gpu_placement_metadata_only']"
trisolv,cova_openmp_gpu,default,same_process,observed,0.144371485512238,cova-L-20260928-201630,f929db7f0404f03c17fe480f504da8ae3cfdbee5,6,3,2ef566c3a7e8536e3be1ae3aaac85d9a03f4836c00d28326cc70cf2e8147fdb1,['cpu'],"['reference_not_ranking', 'historical_competitors_not_rerun', 'system_resources_not_exclusive', 'gpu_placement_metadata_only']"
trisolv,cova_llvm_gpu,default,initialization,observed,26.001775906071998,cova-L-20260928-201630,f929db7f0404f03c17fe480f504da8ae3cfdbee5,1,1,2ef566c3a7e8536e3be1ae3aaac85d9a03f4836c00d28326cc70cf2e8147fdb1,['gpu'],"['reference_not_ranking', 'historical_competitors_not_rerun', 'system_resources_not_exclusive', 'gpu_placement_metadata_only']"
trisolv,cova_llvm_gpu,default,fresh_process,observed,20.15658926696051,cova-L-20260928-201630,f929db7f0404f03c17fe480f504da8ae3cfdbee5,2,2,2ef566c3a7e8536e3be1ae3aaac85d9a03f4836c00d28326cc70cf2e8147fdb1,['gpu'],"['reference_not_ranking', 'historical_competitors_not_rerun', 'system_resources_not_exclusive', 'gpu_placement_metadata_only']"
trisolv,cova_llvm_gpu,default,same_process,observed,20.451473563502077,cova-L-20260928-201630,f929db7f0404f03c17fe480f504da8ae3cfdbee5,6,3,2ef566c3a7e8536e3be1ae3aaac85d9a03f4836c00d28326cc70cf2e8147fdb1,['gpu'],"['reference_not_ranking', 'historical_competitors_not_rerun', 'system_resources_not_exclusive', 'gpu_placement_metadata_only']"
trmm,cova_serial_cpu,default,initialization,observed,2.347058873041533,cova-L-20260928-201630,f929db7f0404f03c17fe480f504da8ae3cfdbee5,1,1,9168af76f7b62c6873ac45e920743c46191f055c32ee6a1f1df2aba5ab399d7e,['cpu'],"['reference_not_ranking', 'historical_competitors_not_rerun', 'system_resources_not_exclusive']"
trmm,cova_serial_cpu,default,fresh_process,observed,0.2488743524882011,cova-L-20260928-201630,f929db7f0404f03c17fe480f504da8ae3cfdbee5,2,2,9168af76f7b62c6873ac45e920743c46191f055c32ee6a1f1df2aba5ab399d7e,['cpu'],"['reference_not_ranking', 'historical_competitors_not_rerun', 'system_resources_not_exclusive']"
trmm,cova_serial_cpu,default,same_process,observed,0.2333796265302226,cova-L-20260928-201630,f929db7f0404f03c17fe480f504da8ae3cfdbee5,6,3,9168af76f7b62c6873ac45e920743c46191f055c32ee6a1f1df2aba5ab399d7e,['cpu'],"['reference_not_ranking', 'historical_competitors_not_rerun', 'system_resources_not_exclusive']"
trmm,cova_openmp_cpu,default,initialization,observed,2.1634310849476606,cova-L-20260928-201630,f929db7f0404f03c17fe480f504da8ae3cfdbee5,1,1,9168af76f7b62c6873ac45e920743c46191f055c32ee6a1f1df2aba5ab399d7e,['cpu'],"['reference_not_ranking', 'historical_competitors_not_rerun', 'system_resources_not_exclusive']"
trmm,cova_openmp_cpu,default,fresh_process,observed,0.25616001652088016,cova-L-20260928-201630,f929db7f0404f03c17fe480f504da8ae3cfdbee5,2,2,9168af76f7b62c6873ac45e920743c46191f055c32ee6a1f1df2aba5ab399d7e,['cpu'],"['reference_not_ranking', 'historical_competitors_not_rerun', 'system_resources_not_exclusive']"
trmm,cova_openmp_cpu,default,same_process,observed,0.2840958834858611,cova-L-20260928-201630,f929db7f0404f03c17fe480f504da8ae3cfdbee5,6,3,9168af76f7b62c6873ac45e920743c46191f055c32ee6a1f1df2aba5ab399d7e,['cpu'],"['reference_not_ranking', 'historical_competitors_not_rerun', 'system_resources_not_exclusive']"
trmm,cova_llvm_cpu_serial,default,initialization,observed,1.8487917709862813,cova-L-20260928-201630,f929db7f0404f03c17fe480f504da8ae3cfdbee5,1,1,9168af76f7b62c6873ac45e920743c46191f055c32ee6a1f1df2aba5ab399d7e,['cpu'],"['reference_not_ranking', 'historical_competitors_not_rerun', 'system_resources_not_exclusive']"
trmm,cova_llvm_cpu_serial,default,fresh_process,observed,0.24174050148576498,cova-L-20260928-201630,f929db7f0404f03c17fe480f504da8ae3cfdbee5,2,2,9168af76f7b62c6873ac45e920743c46191f055c32ee6a1f1df2aba5ab399d7e,['cpu'],"['reference_not_ranking', 'historical_competitors_not_rerun', 'system_resources_not_exclusive']"
trmm,cova_llvm_cpu_serial,default,same_process,observed,0.3007437264895998,cova-L-20260928-201630,f929db7f0404f03c17fe480f504da8ae3cfdbee5,6,3,9168af76f7b62c6873ac45e920743c46191f055c32ee6a1f1df2aba5ab399d7e,['cpu'],"['reference_not_ranking', 'historical_competitors_not_rerun', 'system_resources_not_exclusive']"
trmm,cova_llvm_cpu,default,initialization,observed,2.0505029580090195,cova-L-20260928-201630,f929db7f0404f03c17fe480f504da8ae3cfdbee5,1,1,9168af76f7b62c6873ac45e920743c46191f055c32ee6a1f1df2aba5ab399d7e,['cpu'],"['reference_not_ranking', 'historical_competitors_not_rerun', 'system_resources_not_exclusive']"
trmm,cova_llvm_cpu,default,fresh_process,observed,0.23857183050131425,cova-L-20260928-201630,f929db7f0404f03c17fe480f504da8ae3cfdbee5,2,2,9168af76f7b62c6873ac45e920743c46191f055c32ee6a1f1df2aba5ab399d7e,['cpu'],"['reference_not_ranking', 'historical_competitors_not_rerun', 'system_resources_not_exclusive']"
trmm,cova_llvm_cpu,default,same_process,observed,0.23054434853838757,cova-L-20260928-201630,f929db7f0404f03c17fe480f504da8ae3cfdbee5,6,3,9168af76f7b62c6873ac45e920743c46191f055c32ee6a1f1df2aba5ab399d7e,['cpu'],"['reference_not_ranking', 'historical_competitors_not_rerun', 'system_resources_not_exclusive']"
trmm,cova_openmp_gpu,default,initialization,observed,4.237384964944795,cova-L-20260928-201630,f929db7f0404f03c17fe480f504da8ae3cfdbee5,1,1,9168af76f7b62c6873ac45e920743c46191f055c32ee6a1f1df2aba5ab399d7e,['cpu'],"['reference_not_ranking', 'historical_competitors_not_rerun', 'system_resources_not_exclusive', 'gpu_placement_metadata_only']"
trmm,cova_openmp_gpu,default,fresh_process,observed,0.2810371084487997,cova-L-20260928-201630,f929db7f0404f03c17fe480f504da8ae3cfdbee5,2,2,9168af76f7b62c6873ac45e920743c46191f055c32ee6a1f1df2aba5ab399d7e,['cpu'],"['reference_not_ranking', 'historical_competitors_not_rerun', 'system_resources_not_exclusive', 'gpu_placement_metadata_only']"
trmm,cova_openmp_gpu,default,same_process,observed,0.2673581085400656,cova-L-20260928-201630,f929db7f0404f03c17fe480f504da8ae3cfdbee5,6,3,9168af76f7b62c6873ac45e920743c46191f055c32ee6a1f1df2aba5ab399d7e,['cpu'],"['reference_not_ranking', 'historical_competitors_not_rerun', 'system_resources_not_exclusive', 'gpu_placement_metadata_only']"
trmm,cova_llvm_gpu,default,initialization,observed,5.023924171109684,cova-L-20260928-201630,f929db7f0404f03c17fe480f504da8ae3cfdbee5,1,1,9168af76f7b62c6873ac45e920743c46191f055c32ee6a1f1df2aba5ab399d7e,['gpu'],"['reference_not_ranking', 'historical_competitors_not_rerun', 'system_resources_not_exclusive', 'gpu_placement_metadata_only']"
trmm,cova_llvm_gpu,default,fresh_process,observed,1.0892517589963973,cova-L-20260928-201630,f929db7f0404f03c17fe480f504da8ae3cfdbee5,2,2,9168af76f7b62c6873ac45e920743c46191f055c32ee6a1f1df2aba5ab399d7e,['gpu'],"['reference_not_ranking', 'historical_competitors_not_rerun', 'system_resources_not_exclusive', 'gpu_placement_metadata_only']"
trmm,cova_llvm_gpu,default,same_process,observed,0.08672068396117538,cova-L-20260928-201630,f929db7f0404f03c17fe480f504da8ae3cfdbee5,6,3,9168af76f7b62c6873ac45e920743c46191f055c32ee6a1f1df2aba5ab399d7e,['gpu'],"['reference_not_ranking', 'historical_competitors_not_rerun', 'system_resources_not_exclusive', 'gpu_placement_metadata_only']"
vadv,cova_serial_cpu,default,initialization,observed,18.921268646023236,cova-L-20260928-201630,f929db7f0404f03c17fe480f504da8ae3cfdbee5,1,1,300cff4f4ff45aa053437078a699f7f36c3a42bea19f7d989bd20911ef2050f4,['cpu'],"['reference_not_ranking', 'historical_competitors_not_rerun', 'system_resources_not_exclusive']"
vadv,cova_serial_cpu,default,fresh_process,observed,9.290209377009887,2026-09-29-complete-artifact-replay-cohorts,f929db7f0404f03c17fe480f504da8ae3cfdbee5,2,2,300cff4f4ff45aa053437078a699f7f36c3a42bea19f7d989bd20911ef2050f4,['cpu'],"['reference_not_ranking', 'historical_competitors_not_rerun', 'system_resources_not_exclusive', 'partial_matrix_overlay', 'mixed_sampling_dates', 'replay_only_no_initialization']"
vadv,cova_serial_cpu,default,same_process,observed,9.563333964819321,2026-09-29-complete-artifact-replay-cohorts,f929db7f0404f03c17fe480f504da8ae3cfdbee5,4,2,300cff4f4ff45aa053437078a699f7f36c3a42bea19f7d989bd20911ef2050f4,['cpu'],"['reference_not_ranking', 'historical_competitors_not_rerun', 'system_resources_not_exclusive', 'partial_matrix_overlay', 'mixed_sampling_dates', 'replay_only_no_initialization']"
vadv,cova_openmp_cpu,default,initialization,observed,14.6293569089612,cova-L-20260928-201630,f929db7f0404f03c17fe480f504da8ae3cfdbee5,1,1,300cff4f4ff45aa053437078a699f7f36c3a42bea19f7d989bd20911ef2050f4,['cpu'],"['reference_not_ranking', 'historical_competitors_not_rerun', 'system_resources_not_exclusive']"
vadv,cova_openmp_cpu,default,fresh_process,observed,9.933727384486701,cova-L-20260928-201630,f929db7f0404f03c17fe480f504da8ae3cfdbee5,2,2,300cff4f4ff45aa053437078a699f7f36c3a42bea19f7d989bd20911ef2050f4,['cpu'],"['reference_not_ranking', 'historical_competitors_not_rerun', 'system_resources_not_exclusive']"
vadv,cova_openmp_cpu,default,same_process,observed,9.940283924457617,cova-L-20260928-201630,f929db7f0404f03c17fe480f504da8ae3cfdbee5,6,3,300cff4f4ff45aa053437078a699f7f36c3a42bea19f7d989bd20911ef2050f4,['cpu'],"['reference_not_ranking', 'historical_competitors_not_rerun', 'system_resources_not_exclusive']"
vadv,cova_llvm_cpu_serial,default,initialization,observed,14.667249966063537,cova-L-20260928-201630,f929db7f0404f03c17fe480f504da8ae3cfdbee5,1,1,300cff4f4ff45aa053437078a699f7f36c3a42bea19f7d989bd20911ef2050f4,['cpu'],"['reference_not_ranking', 'historical_competitors_not_rerun', 'system_resources_not_exclusive']"
vadv,cova_llvm_cpu_serial,default,fresh_process,observed,8.094390734971967,cova-L-20260928-201630,f929db7f0404f03c17fe480f504da8ae3cfdbee5,2,2,300cff4f4ff45aa053437078a699f7f36c3a42bea19f7d989bd20911ef2050f4,['cpu'],"['reference_not_ranking', 'historical_competitors_not_rerun', 'system_resources_not_exclusive']"
vadv,cova_llvm_cpu_serial,default,same_process,observed,7.9166019124677405,cova-L-20260928-201630,f929db7f0404f03c17fe480f504da8ae3cfdbee5,6,3,300cff4f4ff45aa053437078a699f7f36c3a42bea19f7d989bd20911ef2050f4,['cpu'],"['reference_not_ranking', 'historical_competitors_not_rerun', 'system_resources_not_exclusive']"
vadv,cova_llvm_cpu,default,initialization,observed,17.979298174963333,cova-L-20260928-201630,f929db7f0404f03c17fe480f504da8ae3cfdbee5,1,1,300cff4f4ff45aa053437078a699f7f36c3a42bea19f7d989bd20911ef2050f4,['cpu'],"['reference_not_ranking', 'historical_competitors_not_rerun', 'system_resources_not_exclusive']"
vadv,cova_llvm_cpu,default,fresh_process,observed,4.701878552499693,cova-L-20260928-201630,f929db7f0404f03c17fe480f504da8ae3cfdbee5,2,2,300cff4f4ff45aa053437078a699f7f36c3a42bea19f7d989bd20911ef2050f4,['cpu'],"['reference_not_ranking', 'historical_competitors_not_rerun', 'system_resources_not_exclusive']"
vadv,cova_llvm_cpu,default,same_process,observed,3.959112352516968,cova-L-20260928-201630,f929db7f0404f03c17fe480f504da8ae3cfdbee5,6,3,300cff4f4ff45aa053437078a699f7f36c3a42bea19f7d989bd20911ef2050f4,['cpu'],"['reference_not_ranking', 'historical_competitors_not_rerun', 'system_resources_not_exclusive']"
vadv,cova_openmp_gpu,default,initialization,observed,20.894361318903975,cova-L-20260928-201630,f929db7f0404f03c17fe480f504da8ae3cfdbee5,1,1,300cff4f4ff45aa053437078a699f7f36c3a42bea19f7d989bd20911ef2050f4,['cpu'],"['reference_not_ranking', 'historical_competitors_not_rerun', 'system_resources_not_exclusive', 'gpu_placement_metadata_only']"
vadv,cova_openmp_gpu,default,fresh_process,observed,8.85897888202453,cova-L-20260928-201630,f929db7f0404f03c17fe480f504da8ae3cfdbee5,2,2,300cff4f4ff45aa053437078a699f7f36c3a42bea19f7d989bd20911ef2050f4,['cpu'],"['reference_not_ranking', 'historical_competitors_not_rerun', 'system_resources_not_exclusive', 'gpu_placement_metadata_only']"
vadv,cova_openmp_gpu,default,same_process,observed,8.527707376517355,cova-L-20260928-201630,f929db7f0404f03c17fe480f504da8ae3cfdbee5,6,3,300cff4f4ff45aa053437078a699f7f36c3a42bea19f7d989bd20911ef2050f4,['cpu'],"['reference_not_ranking', 'historical_competitors_not_rerun', 'system_resources_not_exclusive', 'gpu_placement_metadata_only']"
vadv,cova_llvm_gpu,default,initialization,observed,26.519627277040854,cova-L-20260928-201630,f929db7f0404f03c17fe480f504da8ae3cfdbee5,1,1,300cff4f4ff45aa053437078a699f7f36c3a42bea19f7d989bd20911ef2050f4,['mixed'],"['reference_not_ranking', 'historical_competitors_not_rerun', 'system_resources_not_exclusive', 'gpu_placement_metadata_only']"
vadv,cova_llvm_gpu,default,fresh_process,observed,9.000395533454139,2026-09-29-complete-artifact-replay-cohorts,f929db7f0404f03c17fe480f504da8ae3cfdbee5,2,2,300cff4f4ff45aa053437078a699f7f36c3a42bea19f7d989bd20911ef2050f4,['mixed'],"['reference_not_ranking', 'historical_competitors_not_rerun', 'system_resources_not_exclusive', 'gpu_placement_metadata_only', 'partial_matrix_overlay', 'mixed_sampling_dates', 'replay_only_no_initialization']"
vadv,cova_llvm_gpu,default,same_process,observed,6.83660454544588,2026-09-29-complete-artifact-replay-cohorts,f929db7f0404f03c17fe480f504da8ae3cfdbee5,4,2,300cff4f4ff45aa053437078a699f7f36c3a42bea19f7d989bd20911ef2050f4,['mixed'],"['reference_not_ranking', 'historical_competitors_not_rerun', 'system_resources_not_exclusive', 'gpu_placement_metadata_only', 'partial_matrix_overlay', 'mixed_sampling_dates', 'replay_only_no_initialization']"
