benchmark,framework,implementation,phase,state,seconds,source_benchmark,source_version,samples,processes,golden_key,golden_sha256,reported_devices,restriction_reasons
adi_corrected,numpy,default,initialization,observed,1.523410082794726,adi_corrected,,3,3,72849b544ae3b8773b18c95384e36f194ea524782f4feabfed03a3b4194872e9,44fae57bf7759f2639279283ba275bd89bd5df1bf8f5d46bee32e1d87e87c452,,between_process_variability
adi_corrected,numba,nopython-mode,initialization,observed,4.630719186738133,adi_corrected,,3,3,72849b544ae3b8773b18c95384e36f194ea524782f4feabfed03a3b4194872e9,44fae57bf7759f2639279283ba275bd89bd5df1bf8f5d46bee32e1d87e87c452,,
adi_corrected,numba,nopython-mode-parallel,initialization,observed,31.77548001939431,adi_corrected,,3,3,72849b544ae3b8773b18c95384e36f194ea524782f4feabfed03a3b4194872e9,44fae57bf7759f2639279283ba275bd89bd5df1bf8f5d46bee32e1d87e87c452,,between_process_variability
adi_corrected,numba,nopython-mode-parallel-range,initialization,N/A,,,,,,,,,
adi_corrected,numba,object-mode,initialization,N/A,,,,,,,,,
adi_corrected,numba,object-mode-parallel,initialization,N/A,,,,,,,,,
adi_corrected,numba,object-mode-parallel-range,initialization,N/A,,,,,,,,,
adi_corrected,dace_cpu,fusion,initialization,observed,22.62076201895252,adi_corrected,,3,3,72849b544ae3b8773b18c95384e36f194ea524782f4feabfed03a3b4194872e9,44fae57bf7759f2639279283ba275bd89bd5df1bf8f5d46bee32e1d87e87c452,,between_process_variability
adi_corrected,dace_cpu,parallel,initialization,observed,23.499315812252462,adi_corrected,,3,3,72849b544ae3b8773b18c95384e36f194ea524782f4feabfed03a3b4194872e9,44fae57bf7759f2639279283ba275bd89bd5df1bf8f5d46bee32e1d87e87c452,,between_process_variability
adi_corrected,dace_cpu,auto_opt,initialization,observed,23.016679828986526,adi_corrected,,3,3,72849b544ae3b8773b18c95384e36f194ea524782f4feabfed03a3b4194872e9,44fae57bf7759f2639279283ba275bd89bd5df1bf8f5d46bee32e1d87e87c452,,
adi_corrected,dace_gpu,fusion,initialization,observed,31.46354488423094,adi_corrected,,3,3,72849b544ae3b8773b18c95384e36f194ea524782f4feabfed03a3b4194872e9,44fae57bf7759f2639279283ba275bd89bd5df1bf8f5d46bee32e1d87e87c452,,
adi_corrected,dace_gpu,parallel,initialization,observed,31.093344418797642,adi_corrected,,3,3,72849b544ae3b8773b18c95384e36f194ea524782f4feabfed03a3b4194872e9,44fae57bf7759f2639279283ba275bd89bd5df1bf8f5d46bee32e1d87e87c452,,
adi_corrected,dace_gpu,auto_opt,initialization,observed,34.26996370591223,adi_corrected,,3,3,72849b544ae3b8773b18c95384e36f194ea524782f4feabfed03a3b4194872e9,44fae57bf7759f2639279283ba275bd89bd5df1bf8f5d46bee32e1d87e87c452,,
adi_corrected,cupy,default,initialization,observed,15.462024519685656,adi_corrected,,3,3,72849b544ae3b8773b18c95384e36f194ea524782f4feabfed03a3b4194872e9,44fae57bf7759f2639279283ba275bd89bd5df1bf8f5d46bee32e1d87e87c452,,between_process_variability
arc_distance,numpy,default,initialization,observed,1.0591460932046175,arc_distance,,1,1,d2c2cc16a18a69316144dced56e13ec50585fb90292fd8c9251b0cd2d83afd8e,c9a5d51d680eeff18f5d5e1a8bd8a4acc4d771e072238396fee0333ed61696be,,
arc_distance,numba,nopython-mode,initialization,observed,2.4792272113263607,arc_distance,,1,1,d2c2cc16a18a69316144dced56e13ec50585fb90292fd8c9251b0cd2d83afd8e,c9a5d51d680eeff18f5d5e1a8bd8a4acc4d771e072238396fee0333ed61696be,,
arc_distance,numba,nopython-mode-parallel,initialization,observed,1.5481611918658018,arc_distance,,1,1,d2c2cc16a18a69316144dced56e13ec50585fb90292fd8c9251b0cd2d83afd8e,c9a5d51d680eeff18f5d5e1a8bd8a4acc4d771e072238396fee0333ed61696be,,
arc_distance,numba,nopython-mode-parallel-range,initialization,N/A,,,,,,,,,
arc_distance,numba,object-mode,initialization,N/A,,,,,,,,,
arc_distance,numba,object-mode-parallel,initialization,N/A,,,,,,,,,
arc_distance,numba,object-mode-parallel-range,initialization,N/A,,,,,,,,,
arc_distance,dace_cpu,fusion,initialization,observed,6.692087715957314,arc_distance,,1,1,d2c2cc16a18a69316144dced56e13ec50585fb90292fd8c9251b0cd2d83afd8e,c9a5d51d680eeff18f5d5e1a8bd8a4acc4d771e072238396fee0333ed61696be,,
arc_distance,dace_cpu,parallel,initialization,observed,6.617998419795185,arc_distance,,1,1,d2c2cc16a18a69316144dced56e13ec50585fb90292fd8c9251b0cd2d83afd8e,c9a5d51d680eeff18f5d5e1a8bd8a4acc4d771e072238396fee0333ed61696be,,
arc_distance,dace_cpu,auto_opt,initialization,observed,6.82259490294382,arc_distance,,1,1,d2c2cc16a18a69316144dced56e13ec50585fb90292fd8c9251b0cd2d83afd8e,c9a5d51d680eeff18f5d5e1a8bd8a4acc4d771e072238396fee0333ed61696be,,
arc_distance,dace_gpu,fusion,initialization,observed,25.697793082799762,arc_distance,,1,1,d2c2cc16a18a69316144dced56e13ec50585fb90292fd8c9251b0cd2d83afd8e,c9a5d51d680eeff18f5d5e1a8bd8a4acc4d771e072238396fee0333ed61696be,,
arc_distance,dace_gpu,parallel,initialization,observed,23.85904806992039,arc_distance,,1,1,d2c2cc16a18a69316144dced56e13ec50585fb90292fd8c9251b0cd2d83afd8e,c9a5d51d680eeff18f5d5e1a8bd8a4acc4d771e072238396fee0333ed61696be,,
arc_distance,dace_gpu,auto_opt,initialization,observed,25.08999514626339,arc_distance,,1,1,d2c2cc16a18a69316144dced56e13ec50585fb90292fd8c9251b0cd2d83afd8e,c9a5d51d680eeff18f5d5e1a8bd8a4acc4d771e072238396fee0333ed61696be,,
arc_distance,cupy,default,initialization,observed,1.655647800769657,arc_distance,,1,1,d2c2cc16a18a69316144dced56e13ec50585fb90292fd8c9251b0cd2d83afd8e,c9a5d51d680eeff18f5d5e1a8bd8a4acc4d771e072238396fee0333ed61696be,,
atax,numpy,default,initialization,observed,0.14480328187346458,atax,,1,1,68c6513b767fc4fe61dbe15c9629b1ea75eae7d2a20436521c52c551d6698648,30d1cbd8bc811b325570c9fdb182323781764974a74f27916f06ba12e9a7baef,,
atax,numba,nopython-mode,initialization,observed,1.5100604458712041,atax,,1,1,68c6513b767fc4fe61dbe15c9629b1ea75eae7d2a20436521c52c551d6698648,30d1cbd8bc811b325570c9fdb182323781764974a74f27916f06ba12e9a7baef,,
atax,numba,nopython-mode-parallel,initialization,observed,1.6111895120702684,atax,,1,1,68c6513b767fc4fe61dbe15c9629b1ea75eae7d2a20436521c52c551d6698648,30d1cbd8bc811b325570c9fdb182323781764974a74f27916f06ba12e9a7baef,,
atax,numba,nopython-mode-parallel-range,initialization,N/A,,,,,,,,,
atax,numba,object-mode,initialization,N/A,,,,,,,,,
atax,numba,object-mode-parallel,initialization,N/A,,,,,,,,,
atax,numba,object-mode-parallel-range,initialization,N/A,,,,,,,,,
atax,dace_cpu,fusion,initialization,observed,7.468842007685453,atax,,1,1,68c6513b767fc4fe61dbe15c9629b1ea75eae7d2a20436521c52c551d6698648,30d1cbd8bc811b325570c9fdb182323781764974a74f27916f06ba12e9a7baef,,
atax,dace_cpu,parallel,initialization,observed,7.207164629828185,atax,,1,1,68c6513b767fc4fe61dbe15c9629b1ea75eae7d2a20436521c52c551d6698648,30d1cbd8bc811b325570c9fdb182323781764974a74f27916f06ba12e9a7baef,,
atax,dace_cpu,auto_opt,initialization,observed,7.436477560084313,atax,,1,1,68c6513b767fc4fe61dbe15c9629b1ea75eae7d2a20436521c52c551d6698648,30d1cbd8bc811b325570c9fdb182323781764974a74f27916f06ba12e9a7baef,,
atax,dace_gpu,fusion,initialization,observed,30.9332552771084,atax,,1,1,68c6513b767fc4fe61dbe15c9629b1ea75eae7d2a20436521c52c551d6698648,30d1cbd8bc811b325570c9fdb182323781764974a74f27916f06ba12e9a7baef,,
atax,dace_gpu,parallel,initialization,observed,28.363382969982922,atax,,1,1,68c6513b767fc4fe61dbe15c9629b1ea75eae7d2a20436521c52c551d6698648,30d1cbd8bc811b325570c9fdb182323781764974a74f27916f06ba12e9a7baef,,
atax,dace_gpu,auto_opt,initialization,observed,28.862349746748805,atax,,1,1,68c6513b767fc4fe61dbe15c9629b1ea75eae7d2a20436521c52c551d6698648,30d1cbd8bc811b325570c9fdb182323781764974a74f27916f06ba12e9a7baef,,
atax,cupy,default,initialization,observed,3.31989177595824,atax,,1,1,68c6513b767fc4fe61dbe15c9629b1ea75eae7d2a20436521c52c551d6698648,30d1cbd8bc811b325570c9fdb182323781764974a74f27916f06ba12e9a7baef,,
azimint_hist,numpy,default,initialization,observed,0.5724683250300586,azimint_hist,,1,1,f5914dfb9f4cc36109a1c231938d0863c485540d7d58b79bed61050dcb1e083e,d714677a44d27aec51292ca83b9b3ba9c1835b7ac786bbd295a407ecfa03d47f,,
azimint_hist,numba,nopython-mode,initialization,observed,2.015096148941666,azimint_hist,,1,1,f5914dfb9f4cc36109a1c231938d0863c485540d7d58b79bed61050dcb1e083e,d714677a44d27aec51292ca83b9b3ba9c1835b7ac786bbd295a407ecfa03d47f,,
azimint_hist,numba,nopython-mode-parallel,initialization,observed,3.2756062117405236,azimint_hist,,1,1,f5914dfb9f4cc36109a1c231938d0863c485540d7d58b79bed61050dcb1e083e,d714677a44d27aec51292ca83b9b3ba9c1835b7ac786bbd295a407ecfa03d47f,,
azimint_hist,numba,nopython-mode-parallel-range,initialization,observed,5.709220761898905,azimint_hist_private,,3,3,ee08d8b3d6c42ca8c49f15064988585a960e19f6df094ce2408581b17b4d3570,d714677a44d27aec51292ca83b9b3ba9c1835b7ac786bbd295a407ecfa03d47f,,
azimint_hist,numba,object-mode,initialization,observed,1.6050016479566693,azimint_hist,,1,1,f5914dfb9f4cc36109a1c231938d0863c485540d7d58b79bed61050dcb1e083e,d714677a44d27aec51292ca83b9b3ba9c1835b7ac786bbd295a407ecfa03d47f,,
azimint_hist,numba,object-mode-parallel,initialization,observed,1.7339732651598752,azimint_hist,,1,1,f5914dfb9f4cc36109a1c231938d0863c485540d7d58b79bed61050dcb1e083e,d714677a44d27aec51292ca83b9b3ba9c1835b7ac786bbd295a407ecfa03d47f,,
azimint_hist,numba,object-mode-parallel-range,initialization,N/A,,,,,,,,,
azimint_hist,dace_cpu,fusion,initialization,observed,224.5468876049854,azimint_hist,,1,1,f5914dfb9f4cc36109a1c231938d0863c485540d7d58b79bed61050dcb1e083e,d714677a44d27aec51292ca83b9b3ba9c1835b7ac786bbd295a407ecfa03d47f,,
azimint_hist,dace_cpu,parallel,initialization,observed,217.06198547920212,azimint_hist,,1,1,f5914dfb9f4cc36109a1c231938d0863c485540d7d58b79bed61050dcb1e083e,d714677a44d27aec51292ca83b9b3ba9c1835b7ac786bbd295a407ecfa03d47f,,
azimint_hist,dace_cpu,auto_opt,initialization,observed,215.74654809897766,azimint_hist,,1,1,f5914dfb9f4cc36109a1c231938d0863c485540d7d58b79bed61050dcb1e083e,d714677a44d27aec51292ca83b9b3ba9c1835b7ac786bbd295a407ecfa03d47f,,
azimint_hist,dace_gpu,fusion,initialization,observed,24.531392528209835,azimint_hist,,1,1,f5914dfb9f4cc36109a1c231938d0863c485540d7d58b79bed61050dcb1e083e,d714677a44d27aec51292ca83b9b3ba9c1835b7ac786bbd295a407ecfa03d47f,,
azimint_hist,dace_gpu,parallel,initialization,observed,26.742535097058862,azimint_hist,,1,1,f5914dfb9f4cc36109a1c231938d0863c485540d7d58b79bed61050dcb1e083e,d714677a44d27aec51292ca83b9b3ba9c1835b7ac786bbd295a407ecfa03d47f,,
azimint_hist,dace_gpu,auto_opt,initialization,observed,27.821278055664152,azimint_hist,,1,1,f5914dfb9f4cc36109a1c231938d0863c485540d7d58b79bed61050dcb1e083e,d714677a44d27aec51292ca83b9b3ba9c1835b7ac786bbd295a407ecfa03d47f,,
azimint_hist,cupy,default,initialization,observed,1.963979098945856,azimint_hist,,1,1,f5914dfb9f4cc36109a1c231938d0863c485540d7d58b79bed61050dcb1e083e,d714677a44d27aec51292ca83b9b3ba9c1835b7ac786bbd295a407ecfa03d47f,,
azimint_naive,numpy,default,initialization,observed,49.487638163845986,azimint_naive,,1,1,7ce93eb427426de57f9dd024b84b3ccd522ed34eea578a05eb7d30f002985156,10e5a4ce8b6fe96db84b8d28fc35df47e5ddd295dfddf44939fc8ac5c8795b6d,,
azimint_naive,numba,nopython-mode,initialization,observed,70.13723061187193,azimint_naive,,1,1,7ce93eb427426de57f9dd024b84b3ccd522ed34eea578a05eb7d30f002985156,10e5a4ce8b6fe96db84b8d28fc35df47e5ddd295dfddf44939fc8ac5c8795b6d,,
azimint_naive,numba,nopython-mode-parallel,initialization,observed,50.68507061479613,azimint_naive,,1,1,7ce93eb427426de57f9dd024b84b3ccd522ed34eea578a05eb7d30f002985156,10e5a4ce8b6fe96db84b8d28fc35df47e5ddd295dfddf44939fc8ac5c8795b6d,,
azimint_naive,numba,nopython-mode-parallel-range,initialization,observed,6.615525438915938,azimint_naive,,1,1,7ce93eb427426de57f9dd024b84b3ccd522ed34eea578a05eb7d30f002985156,10e5a4ce8b6fe96db84b8d28fc35df47e5ddd295dfddf44939fc8ac5c8795b6d,,
azimint_naive,numba,object-mode,initialization,N/A,,,,,,,,,
azimint_naive,numba,object-mode-parallel,initialization,N/A,,,,,,,,,
azimint_naive,numba,object-mode-parallel-range,initialization,N/A,,,,,,,,,
azimint_naive,dace_cpu,fusion,initialization,observed,80.51875601895154,azimint_naive,,1,1,7ce93eb427426de57f9dd024b84b3ccd522ed34eea578a05eb7d30f002985156,10e5a4ce8b6fe96db84b8d28fc35df47e5ddd295dfddf44939fc8ac5c8795b6d,,
azimint_naive,dace_cpu,parallel,initialization,observed,66.99361746991053,azimint_naive,,1,1,7ce93eb427426de57f9dd024b84b3ccd522ed34eea578a05eb7d30f002985156,10e5a4ce8b6fe96db84b8d28fc35df47e5ddd295dfddf44939fc8ac5c8795b6d,,
azimint_naive,dace_cpu,auto_opt,initialization,observed,73.463956059888,azimint_naive,,1,1,7ce93eb427426de57f9dd024b84b3ccd522ed34eea578a05eb7d30f002985156,10e5a4ce8b6fe96db84b8d28fc35df47e5ddd295dfddf44939fc8ac5c8795b6d,,
azimint_naive,dace_gpu,fusion,initialization,observed,27.694643353112042,azimint_naive,,1,1,7ce93eb427426de57f9dd024b84b3ccd522ed34eea578a05eb7d30f002985156,10e5a4ce8b6fe96db84b8d28fc35df47e5ddd295dfddf44939fc8ac5c8795b6d,,
azimint_naive,dace_gpu,parallel,initialization,error,,azimint_naive,,0,0,7ce93eb427426de57f9dd024b84b3ccd522ed34eea578a05eb7d30f002985156,10e5a4ce8b6fe96db84b8d28fc35df47e5ddd295dfddf44939fc8ac5c8795b6d,,
azimint_naive,dace_gpu,auto_opt,initialization,error,,azimint_naive,,0,0,7ce93eb427426de57f9dd024b84b3ccd522ed34eea578a05eb7d30f002985156,10e5a4ce8b6fe96db84b8d28fc35df47e5ddd295dfddf44939fc8ac5c8795b6d,,
azimint_naive,cupy,default,initialization,observed,4.114629360381514,azimint_naive,,1,1,7ce93eb427426de57f9dd024b84b3ccd522ed34eea578a05eb7d30f002985156,10e5a4ce8b6fe96db84b8d28fc35df47e5ddd295dfddf44939fc8ac5c8795b6d,,
bicg,numpy,default,initialization,observed,0.14816331584006548,bicg,,1,1,16d618b4e97f8f1b6191fe3f76123e77b6b198e5982ffa6fbd2528fa69701078,77e9adb788612e39af05a751b80c16198c5c53c1997f2c21ca5d1cefa59811c3,,
bicg,numba,nopython-mode,initialization,observed,1.6311889942735434,bicg,,1,1,16d618b4e97f8f1b6191fe3f76123e77b6b198e5982ffa6fbd2528fa69701078,77e9adb788612e39af05a751b80c16198c5c53c1997f2c21ca5d1cefa59811c3,,
bicg,numba,nopython-mode-parallel,initialization,observed,1.0399853847920895,bicg,,1,1,16d618b4e97f8f1b6191fe3f76123e77b6b198e5982ffa6fbd2528fa69701078,77e9adb788612e39af05a751b80c16198c5c53c1997f2c21ca5d1cefa59811c3,,
bicg,numba,nopython-mode-parallel-range,initialization,N/A,,,,,,,,,
bicg,numba,object-mode,initialization,N/A,,,,,,,,,
bicg,numba,object-mode-parallel,initialization,N/A,,,,,,,,,
bicg,numba,object-mode-parallel-range,initialization,N/A,,,,,,,,,
bicg,dace_cpu,fusion,initialization,observed,7.409877752885222,bicg,,1,1,16d618b4e97f8f1b6191fe3f76123e77b6b198e5982ffa6fbd2528fa69701078,77e9adb788612e39af05a751b80c16198c5c53c1997f2c21ca5d1cefa59811c3,,
bicg,dace_cpu,parallel,initialization,observed,7.216289222706109,bicg,,1,1,16d618b4e97f8f1b6191fe3f76123e77b6b198e5982ffa6fbd2528fa69701078,77e9adb788612e39af05a751b80c16198c5c53c1997f2c21ca5d1cefa59811c3,,
bicg,dace_cpu,auto_opt,initialization,observed,7.393626807723194,bicg,,1,1,16d618b4e97f8f1b6191fe3f76123e77b6b198e5982ffa6fbd2528fa69701078,77e9adb788612e39af05a751b80c16198c5c53c1997f2c21ca5d1cefa59811c3,,
bicg,dace_gpu,fusion,initialization,observed,28.238394767045975,bicg,,1,1,16d618b4e97f8f1b6191fe3f76123e77b6b198e5982ffa6fbd2528fa69701078,77e9adb788612e39af05a751b80c16198c5c53c1997f2c21ca5d1cefa59811c3,,
bicg,dace_gpu,parallel,initialization,observed,27.36415921896696,bicg,,1,1,16d618b4e97f8f1b6191fe3f76123e77b6b198e5982ffa6fbd2528fa69701078,77e9adb788612e39af05a751b80c16198c5c53c1997f2c21ca5d1cefa59811c3,,
bicg,dace_gpu,auto_opt,initialization,observed,26.339258632156998,bicg,,1,1,16d618b4e97f8f1b6191fe3f76123e77b6b198e5982ffa6fbd2528fa69701078,77e9adb788612e39af05a751b80c16198c5c53c1997f2c21ca5d1cefa59811c3,,
bicg,cupy,default,initialization,observed,3.217120140325278,bicg,,1,1,16d618b4e97f8f1b6191fe3f76123e77b6b198e5982ffa6fbd2528fa69701078,77e9adb788612e39af05a751b80c16198c5c53c1997f2c21ca5d1cefa59811c3,,
cavity_flow,numpy,default,initialization,observed,0.7528192489407957,cavity_flow,,1,1,210af7f0234bb993fa8cb9e063c162a3f185d3fc74aad9308835699b7e5a18da,33c1dcf4ea4c8afb398c3db57686f19a59239f440846cca31b92bee224e3c662,,
cavity_flow,numba,nopython-mode,initialization,observed,9.045360945165157,cavity_flow,,1,1,210af7f0234bb993fa8cb9e063c162a3f185d3fc74aad9308835699b7e5a18da,33c1dcf4ea4c8afb398c3db57686f19a59239f440846cca31b92bee224e3c662,,
cavity_flow,numba,nopython-mode-parallel,initialization,error,,cavity_flow,,0,0,210af7f0234bb993fa8cb9e063c162a3f185d3fc74aad9308835699b7e5a18da,33c1dcf4ea4c8afb398c3db57686f19a59239f440846cca31b92bee224e3c662,,
cavity_flow,numba,nopython-mode-parallel-range,initialization,N/A,,,,,,,,,
cavity_flow,numba,object-mode,initialization,N/A,,,,,,,,,
cavity_flow,numba,object-mode-parallel,initialization,N/A,,,,,,,,,
cavity_flow,numba,object-mode-parallel-range,initialization,N/A,,,,,,,,,
cavity_flow,dace_cpu,fusion,initialization,observed,15.789043120108545,cavity_flow,,1,1,210af7f0234bb993fa8cb9e063c162a3f185d3fc74aad9308835699b7e5a18da,33c1dcf4ea4c8afb398c3db57686f19a59239f440846cca31b92bee224e3c662,,
cavity_flow,dace_cpu,parallel,initialization,observed,14.250274941790849,cavity_flow,,1,1,210af7f0234bb993fa8cb9e063c162a3f185d3fc74aad9308835699b7e5a18da,33c1dcf4ea4c8afb398c3db57686f19a59239f440846cca31b92bee224e3c662,,
cavity_flow,dace_cpu,auto_opt,initialization,observed,19.076331539079547,cavity_flow,,1,1,210af7f0234bb993fa8cb9e063c162a3f185d3fc74aad9308835699b7e5a18da,33c1dcf4ea4c8afb398c3db57686f19a59239f440846cca31b92bee224e3c662,,
cavity_flow,dace_gpu,fusion,initialization,observed,29.77706649992615,cavity_flow,,1,1,210af7f0234bb993fa8cb9e063c162a3f185d3fc74aad9308835699b7e5a18da,33c1dcf4ea4c8afb398c3db57686f19a59239f440846cca31b92bee224e3c662,,
cavity_flow,dace_gpu,parallel,initialization,observed,30.18305176589638,cavity_flow,,1,1,210af7f0234bb993fa8cb9e063c162a3f185d3fc74aad9308835699b7e5a18da,33c1dcf4ea4c8afb398c3db57686f19a59239f440846cca31b92bee224e3c662,,
cavity_flow,dace_gpu,auto_opt,initialization,observed,34.42104831384495,cavity_flow,,1,1,210af7f0234bb993fa8cb9e063c162a3f185d3fc74aad9308835699b7e5a18da,33c1dcf4ea4c8afb398c3db57686f19a59239f440846cca31b92bee224e3c662,,
cavity_flow,cupy,default,initialization,observed,4.077347380109131,cavity_flow,,1,1,210af7f0234bb993fa8cb9e063c162a3f185d3fc74aad9308835699b7e5a18da,33c1dcf4ea4c8afb398c3db57686f19a59239f440846cca31b92bee224e3c662,,
channel_flow,numpy,default,initialization,observed,5.99419139418751,channel_flow,,1,1,a5826f86fe64a72734a89619a6e971effc8ed8ebe00f99337006d700704bed0f,131f13ee629eff4bbfc04696d2acdcf8be8c111de0037039e4ac5c934e15a280,,
channel_flow,numba,nopython-mode,initialization,observed,19.47094691777602,channel_flow,,1,1,a5826f86fe64a72734a89619a6e971effc8ed8ebe00f99337006d700704bed0f,131f13ee629eff4bbfc04696d2acdcf8be8c111de0037039e4ac5c934e15a280,,
channel_flow,numba,nopython-mode-parallel,initialization,observed,53.71464171027765,channel_flow,,1,1,a5826f86fe64a72734a89619a6e971effc8ed8ebe00f99337006d700704bed0f,131f13ee629eff4bbfc04696d2acdcf8be8c111de0037039e4ac5c934e15a280,,
channel_flow,numba,nopython-mode-parallel-range,initialization,N/A,,,,,,,,,
channel_flow,numba,object-mode,initialization,N/A,,,,,,,,,
channel_flow,numba,object-mode-parallel,initialization,N/A,,,,,,,,,
channel_flow,numba,object-mode-parallel-range,initialization,N/A,,,,,,,,,
channel_flow,dace_cpu,fusion,initialization,observed,132.92077636811882,channel_flow,,1,1,a5826f86fe64a72734a89619a6e971effc8ed8ebe00f99337006d700704bed0f,131f13ee629eff4bbfc04696d2acdcf8be8c111de0037039e4ac5c934e15a280,,
channel_flow,dace_cpu,parallel,initialization,observed,126.79350018221885,channel_flow,,1,1,a5826f86fe64a72734a89619a6e971effc8ed8ebe00f99337006d700704bed0f,131f13ee629eff4bbfc04696d2acdcf8be8c111de0037039e4ac5c934e15a280,,
channel_flow,dace_cpu,auto_opt,initialization,observed,100.3632717630826,channel_flow,,1,1,a5826f86fe64a72734a89619a6e971effc8ed8ebe00f99337006d700704bed0f,131f13ee629eff4bbfc04696d2acdcf8be8c111de0037039e4ac5c934e15a280,,
channel_flow,dace_gpu,fusion,initialization,observed,44.14638776099309,channel_flow,,1,1,a5826f86fe64a72734a89619a6e971effc8ed8ebe00f99337006d700704bed0f,131f13ee629eff4bbfc04696d2acdcf8be8c111de0037039e4ac5c934e15a280,,
channel_flow,dace_gpu,parallel,initialization,observed,46.02949420362711,channel_flow,,1,1,a5826f86fe64a72734a89619a6e971effc8ed8ebe00f99337006d700704bed0f,131f13ee629eff4bbfc04696d2acdcf8be8c111de0037039e4ac5c934e15a280,,
channel_flow,dace_gpu,auto_opt,initialization,observed,51.42089199088514,channel_flow,,1,1,a5826f86fe64a72734a89619a6e971effc8ed8ebe00f99337006d700704bed0f,131f13ee629eff4bbfc04696d2acdcf8be8c111de0037039e4ac5c934e15a280,,
channel_flow,cupy,default,initialization,observed,18.45487123169005,channel_flow,,1,1,a5826f86fe64a72734a89619a6e971effc8ed8ebe00f99337006d700704bed0f,131f13ee629eff4bbfc04696d2acdcf8be8c111de0037039e4ac5c934e15a280,,
cholesky,numpy,default,initialization,observed,1.0605820999480784,cholesky,,1,1,56dfb1eba239c26e0b2a9d37a7e4204bca4b6420c1c6db5a29f0fa62a44c6bf8,4fbe26b28e30a4b50af30a63a5f1d483d8c2556910e84aba0ab6422938ce8d60,,
cholesky,numba,nopython-mode,initialization,observed,0.8830124549567699,cholesky,,1,1,56dfb1eba239c26e0b2a9d37a7e4204bca4b6420c1c6db5a29f0fa62a44c6bf8,4fbe26b28e30a4b50af30a63a5f1d483d8c2556910e84aba0ab6422938ce8d60,,
cholesky,numba,nopython-mode-parallel,initialization,observed,27.392068014945835,cholesky,,1,1,56dfb1eba239c26e0b2a9d37a7e4204bca4b6420c1c6db5a29f0fa62a44c6bf8,4fbe26b28e30a4b50af30a63a5f1d483d8c2556910e84aba0ab6422938ce8d60,,
cholesky,numba,nopython-mode-parallel-range,initialization,N/A,,,,,,,,,
cholesky,numba,object-mode,initialization,N/A,,,,,,,,,
cholesky,numba,object-mode-parallel,initialization,N/A,,,,,,,,,
cholesky,numba,object-mode-parallel-range,initialization,N/A,,,,,,,,,
cholesky,dace_cpu,fusion,initialization,observed,7.9123483300209045,cholesky,,1,1,56dfb1eba239c26e0b2a9d37a7e4204bca4b6420c1c6db5a29f0fa62a44c6bf8,4fbe26b28e30a4b50af30a63a5f1d483d8c2556910e84aba0ab6422938ce8d60,,
cholesky,dace_cpu,parallel,initialization,observed,8.3633100730367,cholesky,,1,1,56dfb1eba239c26e0b2a9d37a7e4204bca4b6420c1c6db5a29f0fa62a44c6bf8,4fbe26b28e30a4b50af30a63a5f1d483d8c2556910e84aba0ab6422938ce8d60,,
cholesky,dace_cpu,auto_opt,initialization,observed,8.609443576075137,cholesky,,1,1,56dfb1eba239c26e0b2a9d37a7e4204bca4b6420c1c6db5a29f0fa62a44c6bf8,4fbe26b28e30a4b50af30a63a5f1d483d8c2556910e84aba0ab6422938ce8d60,,
cholesky,dace_gpu,fusion,initialization,observed,35.547578083816916,cholesky,,1,1,56dfb1eba239c26e0b2a9d37a7e4204bca4b6420c1c6db5a29f0fa62a44c6bf8,4fbe26b28e30a4b50af30a63a5f1d483d8c2556910e84aba0ab6422938ce8d60,,
cholesky,dace_gpu,parallel,initialization,observed,36.35151871712878,cholesky,,1,1,56dfb1eba239c26e0b2a9d37a7e4204bca4b6420c1c6db5a29f0fa62a44c6bf8,4fbe26b28e30a4b50af30a63a5f1d483d8c2556910e84aba0ab6422938ce8d60,,
cholesky,dace_gpu,auto_opt,initialization,observed,31.984843814279884,cholesky,,1,1,56dfb1eba239c26e0b2a9d37a7e4204bca4b6420c1c6db5a29f0fa62a44c6bf8,4fbe26b28e30a4b50af30a63a5f1d483d8c2556910e84aba0ab6422938ce8d60,,
cholesky,cupy,default,initialization,observed,37.63448516605422,cholesky,,1,1,56dfb1eba239c26e0b2a9d37a7e4204bca4b6420c1c6db5a29f0fa62a44c6bf8,4fbe26b28e30a4b50af30a63a5f1d483d8c2556910e84aba0ab6422938ce8d60,,
cholesky2,numpy,default,initialization,observed,1.3711764090694487,cholesky2,,1,1,d99d5b0becbfb22bf45157e320f447a583444c901fafb55b0e5b1a90147a5923,b9394a55df0718e0c2862384f101bc746b522dc7acfbed649b0716c8d79c2363,,
cholesky2,numba,nopython-mode,initialization,observed,9.993163611274213,cholesky2,,1,1,d99d5b0becbfb22bf45157e320f447a583444c901fafb55b0e5b1a90147a5923,b9394a55df0718e0c2862384f101bc746b522dc7acfbed649b0716c8d79c2363,,
cholesky2,numba,nopython-mode-parallel,initialization,observed,8.03618407389149,cholesky2,,1,1,d99d5b0becbfb22bf45157e320f447a583444c901fafb55b0e5b1a90147a5923,b9394a55df0718e0c2862384f101bc746b522dc7acfbed649b0716c8d79c2363,,
cholesky2,numba,nopython-mode-parallel-range,initialization,N/A,,,,,,,,,
cholesky2,numba,object-mode,initialization,N/A,,,,,,,,,
cholesky2,numba,object-mode-parallel,initialization,N/A,,,,,,,,,
cholesky2,numba,object-mode-parallel-range,initialization,N/A,,,,,,,,,
cholesky2,dace_cpu,fusion,initialization,observed,10.224742176942527,cholesky2,,1,1,d99d5b0becbfb22bf45157e320f447a583444c901fafb55b0e5b1a90147a5923,b9394a55df0718e0c2862384f101bc746b522dc7acfbed649b0716c8d79c2363,,
cholesky2,dace_cpu,parallel,initialization,observed,9.698891278821975,cholesky2,,1,1,d99d5b0becbfb22bf45157e320f447a583444c901fafb55b0e5b1a90147a5923,b9394a55df0718e0c2862384f101bc746b522dc7acfbed649b0716c8d79c2363,,
cholesky2,dace_cpu,auto_opt,initialization,observed,9.714175839908421,cholesky2,,1,1,d99d5b0becbfb22bf45157e320f447a583444c901fafb55b0e5b1a90147a5923,b9394a55df0718e0c2862384f101bc746b522dc7acfbed649b0716c8d79c2363,,
cholesky2,dace_gpu,fusion,initialization,observed,25.9224493089132,cholesky2,,1,1,d99d5b0becbfb22bf45157e320f447a583444c901fafb55b0e5b1a90147a5923,b9394a55df0718e0c2862384f101bc746b522dc7acfbed649b0716c8d79c2363,,
cholesky2,dace_gpu,parallel,initialization,observed,24.49498424399644,cholesky2,,1,1,d99d5b0becbfb22bf45157e320f447a583444c901fafb55b0e5b1a90147a5923,b9394a55df0718e0c2862384f101bc746b522dc7acfbed649b0716c8d79c2363,,
cholesky2,dace_gpu,auto_opt,initialization,observed,26.144051112700254,cholesky2,,1,1,d99d5b0becbfb22bf45157e320f447a583444c901fafb55b0e5b1a90147a5923,b9394a55df0718e0c2862384f101bc746b522dc7acfbed649b0716c8d79c2363,,
cholesky2,cupy,default,initialization,observed,1.928509792778641,cholesky2,,1,1,d99d5b0becbfb22bf45157e320f447a583444c901fafb55b0e5b1a90147a5923,b9394a55df0718e0c2862384f101bc746b522dc7acfbed649b0716c8d79c2363,,
compute,numpy,default,initialization,observed,0.9323477079160511,compute,,1,1,edf335f51b0a6a5a63d4d1e8c77cdda9a31939cdf30081571adf738ae28f7732,c95ef8e4674e9795c2c4376c3b88240655d27d77a534d2db1cf991c275146691,,
compute,numba,nopython-mode,initialization,observed,3.0755125461146235,compute,,1,1,edf335f51b0a6a5a63d4d1e8c77cdda9a31939cdf30081571adf738ae28f7732,c95ef8e4674e9795c2c4376c3b88240655d27d77a534d2db1cf991c275146691,,
compute,numba,nopython-mode-parallel,initialization,observed,1.2519607902504504,compute,,1,1,edf335f51b0a6a5a63d4d1e8c77cdda9a31939cdf30081571adf738ae28f7732,c95ef8e4674e9795c2c4376c3b88240655d27d77a534d2db1cf991c275146691,,
compute,numba,nopython-mode-parallel-range,initialization,N/A,,,,,,,,,
compute,numba,object-mode,initialization,observed,6.708856028970331,compute,,1,1,edf335f51b0a6a5a63d4d1e8c77cdda9a31939cdf30081571adf738ae28f7732,c95ef8e4674e9795c2c4376c3b88240655d27d77a534d2db1cf991c275146691,,
compute,numba,object-mode-parallel,initialization,observed,7.773639142978936,compute,,1,1,edf335f51b0a6a5a63d4d1e8c77cdda9a31939cdf30081571adf738ae28f7732,c95ef8e4674e9795c2c4376c3b88240655d27d77a534d2db1cf991c275146691,,
compute,numba,object-mode-parallel-range,initialization,N/A,,,,,,,,,
compute,dace_cpu,fusion,initialization,observed,6.489122825209051,compute,,1,1,edf335f51b0a6a5a63d4d1e8c77cdda9a31939cdf30081571adf738ae28f7732,c95ef8e4674e9795c2c4376c3b88240655d27d77a534d2db1cf991c275146691,,
compute,dace_cpu,parallel,initialization,observed,6.442659340798855,compute,,1,1,edf335f51b0a6a5a63d4d1e8c77cdda9a31939cdf30081571adf738ae28f7732,c95ef8e4674e9795c2c4376c3b88240655d27d77a534d2db1cf991c275146691,,
compute,dace_cpu,auto_opt,initialization,observed,7.039985387120396,compute,,1,1,edf335f51b0a6a5a63d4d1e8c77cdda9a31939cdf30081571adf738ae28f7732,c95ef8e4674e9795c2c4376c3b88240655d27d77a534d2db1cf991c275146691,,
compute,dace_gpu,fusion,initialization,observed,26.187216436024755,compute,,1,1,edf335f51b0a6a5a63d4d1e8c77cdda9a31939cdf30081571adf738ae28f7732,c95ef8e4674e9795c2c4376c3b88240655d27d77a534d2db1cf991c275146691,,
compute,dace_gpu,parallel,initialization,observed,27.641239306889474,compute,,1,1,edf335f51b0a6a5a63d4d1e8c77cdda9a31939cdf30081571adf738ae28f7732,c95ef8e4674e9795c2c4376c3b88240655d27d77a534d2db1cf991c275146691,,
compute,dace_gpu,auto_opt,initialization,observed,27.88517654221505,compute,,1,1,edf335f51b0a6a5a63d4d1e8c77cdda9a31939cdf30081571adf738ae28f7732,c95ef8e4674e9795c2c4376c3b88240655d27d77a534d2db1cf991c275146691,,
compute,cupy,default,initialization,observed,5.895034016110003,compute,,1,1,edf335f51b0a6a5a63d4d1e8c77cdda9a31939cdf30081571adf738ae28f7732,c95ef8e4674e9795c2c4376c3b88240655d27d77a534d2db1cf991c275146691,,
contour_integral,numpy,default,initialization,observed,2.2635715110227466,contour_integral,,1,1,b7bd5d51e17faaa7d7b471e2377876f282bd7deed775cb160db56f12df313057,96e60b8e822b16860d5bd015f984ac2828ce239aab0d0628d36a60c7c4be7697,,
contour_integral,numba,nopython-mode,initialization,observed,8.163138031959534,contour_integral,,1,1,b7bd5d51e17faaa7d7b471e2377876f282bd7deed775cb160db56f12df313057,96e60b8e822b16860d5bd015f984ac2828ce239aab0d0628d36a60c7c4be7697,,
contour_integral,numba,nopython-mode-parallel,initialization,observed,12.412202365230769,contour_integral,,1,1,b7bd5d51e17faaa7d7b471e2377876f282bd7deed775cb160db56f12df313057,96e60b8e822b16860d5bd015f984ac2828ce239aab0d0628d36a60c7c4be7697,,
contour_integral,numba,nopython-mode-parallel-range,initialization,observed,17.237144980113953,contour_integral,,1,1,b7bd5d51e17faaa7d7b471e2377876f282bd7deed775cb160db56f12df313057,96e60b8e822b16860d5bd015f984ac2828ce239aab0d0628d36a60c7c4be7697,,
contour_integral,numba,object-mode,initialization,N/A,,,,,,,,,
contour_integral,numba,object-mode-parallel,initialization,N/A,,,,,,,,,
contour_integral,numba,object-mode-parallel-range,initialization,N/A,,,,,,,,,
contour_integral,dace_cpu,fusion,initialization,observed,14.761631520930678,contour_integral,,1,1,b7bd5d51e17faaa7d7b471e2377876f282bd7deed775cb160db56f12df313057,96e60b8e822b16860d5bd015f984ac2828ce239aab0d0628d36a60c7c4be7697,,
contour_integral,dace_cpu,parallel,initialization,observed,15.144992767367512,contour_integral,,1,1,b7bd5d51e17faaa7d7b471e2377876f282bd7deed775cb160db56f12df313057,96e60b8e822b16860d5bd015f984ac2828ce239aab0d0628d36a60c7c4be7697,,
contour_integral,dace_cpu,auto_opt,initialization,observed,15.273606209084392,contour_integral,,1,1,b7bd5d51e17faaa7d7b471e2377876f282bd7deed775cb160db56f12df313057,96e60b8e822b16860d5bd015f984ac2828ce239aab0d0628d36a60c7c4be7697,,
contour_integral,dace_gpu,fusion,initialization,validation,,contour_integral,,0,0,b7bd5d51e17faaa7d7b471e2377876f282bd7deed775cb160db56f12df313057,96e60b8e822b16860d5bd015f984ac2828ce239aab0d0628d36a60c7c4be7697,,
contour_integral,dace_gpu,parallel,initialization,validation,,contour_integral,,0,0,b7bd5d51e17faaa7d7b471e2377876f282bd7deed775cb160db56f12df313057,96e60b8e822b16860d5bd015f984ac2828ce239aab0d0628d36a60c7c4be7697,,
contour_integral,dace_gpu,auto_opt,initialization,validation,,contour_integral,,0,0,b7bd5d51e17faaa7d7b471e2377876f282bd7deed775cb160db56f12df313057,96e60b8e822b16860d5bd015f984ac2828ce239aab0d0628d36a60c7c4be7697,,
contour_integral,cupy,default,initialization,observed,2.150626828894019,contour_integral,,1,1,b7bd5d51e17faaa7d7b471e2377876f282bd7deed775cb160db56f12df313057,96e60b8e822b16860d5bd015f984ac2828ce239aab0d0628d36a60c7c4be7697,,
conv2d_bias,numpy,default,initialization,observed,1.616322009358555,conv2d_bias,,1,1,c47a0f873d63acc5fa1d36e1061d8e90bf59c5186703fc221aaf46384c6dbae8,3652f4ad2c784bef2f715b7aa13d7e3a9d461dbdbed77498119dc3c0f00cc660,,
conv2d_bias,numba,nopython-mode,initialization,observed,31.725043590180576,conv2d_bias,,1,1,c47a0f873d63acc5fa1d36e1061d8e90bf59c5186703fc221aaf46384c6dbae8,3652f4ad2c784bef2f715b7aa13d7e3a9d461dbdbed77498119dc3c0f00cc660,,
conv2d_bias,numba,nopython-mode-parallel,initialization,observed,33.64510569628328,conv2d_bias,,1,1,c47a0f873d63acc5fa1d36e1061d8e90bf59c5186703fc221aaf46384c6dbae8,3652f4ad2c784bef2f715b7aa13d7e3a9d461dbdbed77498119dc3c0f00cc660,,
conv2d_bias,numba,nopython-mode-parallel-range,initialization,observed,47.05568096367642,conv2d_bias,,1,1,c47a0f873d63acc5fa1d36e1061d8e90bf59c5186703fc221aaf46384c6dbae8,3652f4ad2c784bef2f715b7aa13d7e3a9d461dbdbed77498119dc3c0f00cc660,,
conv2d_bias,numba,object-mode,initialization,error,,conv2d_bias,,0,0,c47a0f873d63acc5fa1d36e1061d8e90bf59c5186703fc221aaf46384c6dbae8,3652f4ad2c784bef2f715b7aa13d7e3a9d461dbdbed77498119dc3c0f00cc660,,
conv2d_bias,numba,object-mode-parallel,initialization,error,,conv2d_bias,,0,0,c47a0f873d63acc5fa1d36e1061d8e90bf59c5186703fc221aaf46384c6dbae8,3652f4ad2c784bef2f715b7aa13d7e3a9d461dbdbed77498119dc3c0f00cc660,,
conv2d_bias,numba,object-mode-parallel-range,initialization,observed,3.2542546880431473,conv2d_bias,,1,1,c47a0f873d63acc5fa1d36e1061d8e90bf59c5186703fc221aaf46384c6dbae8,3652f4ad2c784bef2f715b7aa13d7e3a9d461dbdbed77498119dc3c0f00cc660,,
conv2d_bias,dace_cpu,fusion,initialization,observed,10.763654218055308,conv2d_bias,,1,1,c47a0f873d63acc5fa1d36e1061d8e90bf59c5186703fc221aaf46384c6dbae8,3652f4ad2c784bef2f715b7aa13d7e3a9d461dbdbed77498119dc3c0f00cc660,,
conv2d_bias,dace_cpu,parallel,initialization,observed,11.61171009298414,conv2d_bias,,1,1,c47a0f873d63acc5fa1d36e1061d8e90bf59c5186703fc221aaf46384c6dbae8,3652f4ad2c784bef2f715b7aa13d7e3a9d461dbdbed77498119dc3c0f00cc660,,
conv2d_bias,dace_cpu,auto_opt,initialization,observed,11.540937293786556,conv2d_bias,,1,1,c47a0f873d63acc5fa1d36e1061d8e90bf59c5186703fc221aaf46384c6dbae8,3652f4ad2c784bef2f715b7aa13d7e3a9d461dbdbed77498119dc3c0f00cc660,,
conv2d_bias,dace_gpu,fusion,initialization,validation,,conv2d_bias,,0,0,c47a0f873d63acc5fa1d36e1061d8e90bf59c5186703fc221aaf46384c6dbae8,3652f4ad2c784bef2f715b7aa13d7e3a9d461dbdbed77498119dc3c0f00cc660,,
conv2d_bias,dace_gpu,parallel,initialization,validation,,conv2d_bias,,0,0,c47a0f873d63acc5fa1d36e1061d8e90bf59c5186703fc221aaf46384c6dbae8,3652f4ad2c784bef2f715b7aa13d7e3a9d461dbdbed77498119dc3c0f00cc660,,
conv2d_bias,dace_gpu,auto_opt,initialization,validation,,conv2d_bias,,0,0,c47a0f873d63acc5fa1d36e1061d8e90bf59c5186703fc221aaf46384c6dbae8,3652f4ad2c784bef2f715b7aa13d7e3a9d461dbdbed77498119dc3c0f00cc660,,
conv2d_bias,cupy,default,initialization,observed,2.37950681662187,conv2d_bias,,1,1,c47a0f873d63acc5fa1d36e1061d8e90bf59c5186703fc221aaf46384c6dbae8,3652f4ad2c784bef2f715b7aa13d7e3a9d461dbdbed77498119dc3c0f00cc660,,
correlation,numpy,default,initialization,observed,1.3548629749566317,correlation,,1,1,5bed53d94756b29d6c326b3510b9e7380e2b6d4931a68ec824535ca294b9c166,90af084039550dbfa1b2c0aafc8d4694c42209b191fd5b47f0314658efaf5513,,
correlation,numba,nopython-mode,initialization,observed,154.1558623528108,correlation,,1,1,5bed53d94756b29d6c326b3510b9e7380e2b6d4931a68ec824535ca294b9c166,90af084039550dbfa1b2c0aafc8d4694c42209b191fd5b47f0314658efaf5513,,
correlation,numba,nopython-mode-parallel,initialization,error,,correlation,,0,0,5bed53d94756b29d6c326b3510b9e7380e2b6d4931a68ec824535ca294b9c166,90af084039550dbfa1b2c0aafc8d4694c42209b191fd5b47f0314658efaf5513,,
correlation,numba,nopython-mode-parallel-range,initialization,error,,correlation,,0,0,5bed53d94756b29d6c326b3510b9e7380e2b6d4931a68ec824535ca294b9c166,90af084039550dbfa1b2c0aafc8d4694c42209b191fd5b47f0314658efaf5513,,
correlation,numba,object-mode,initialization,observed,154.2142096296884,correlation,,1,1,5bed53d94756b29d6c326b3510b9e7380e2b6d4931a68ec824535ca294b9c166,90af084039550dbfa1b2c0aafc8d4694c42209b191fd5b47f0314658efaf5513,,
correlation,numba,object-mode-parallel,initialization,observed,269.79632226517424,correlation,,1,1,5bed53d94756b29d6c326b3510b9e7380e2b6d4931a68ec824535ca294b9c166,90af084039550dbfa1b2c0aafc8d4694c42209b191fd5b47f0314658efaf5513,,
correlation,numba,object-mode-parallel-range,initialization,observed,2.8347903341054916,correlation,,1,1,5bed53d94756b29d6c326b3510b9e7380e2b6d4931a68ec824535ca294b9c166,90af084039550dbfa1b2c0aafc8d4694c42209b191fd5b47f0314658efaf5513,,
correlation,dace_cpu,fusion,initialization,observed,10.811444736085832,correlation,,1,1,5bed53d94756b29d6c326b3510b9e7380e2b6d4931a68ec824535ca294b9c166,90af084039550dbfa1b2c0aafc8d4694c42209b191fd5b47f0314658efaf5513,,
correlation,dace_cpu,parallel,initialization,observed,10.597626477014273,correlation,,1,1,5bed53d94756b29d6c326b3510b9e7380e2b6d4931a68ec824535ca294b9c166,90af084039550dbfa1b2c0aafc8d4694c42209b191fd5b47f0314658efaf5513,,
correlation,dace_cpu,auto_opt,initialization,observed,10.668187091127038,correlation,,1,1,5bed53d94756b29d6c326b3510b9e7380e2b6d4931a68ec824535ca294b9c166,90af084039550dbfa1b2c0aafc8d4694c42209b191fd5b47f0314658efaf5513,,
correlation,dace_gpu,fusion,initialization,observed,27.07021830789745,correlation,,1,1,5bed53d94756b29d6c326b3510b9e7380e2b6d4931a68ec824535ca294b9c166,90af084039550dbfa1b2c0aafc8d4694c42209b191fd5b47f0314658efaf5513,,
correlation,dace_gpu,parallel,initialization,observed,26.95434442674741,correlation,,1,1,5bed53d94756b29d6c326b3510b9e7380e2b6d4931a68ec824535ca294b9c166,90af084039550dbfa1b2c0aafc8d4694c42209b191fd5b47f0314658efaf5513,,
correlation,dace_gpu,auto_opt,initialization,observed,26.93333340389654,correlation,,1,1,5bed53d94756b29d6c326b3510b9e7380e2b6d4931a68ec824535ca294b9c166,90af084039550dbfa1b2c0aafc8d4694c42209b191fd5b47f0314658efaf5513,,
correlation,cupy,default,initialization,observed,3.107904550153762,correlation_return,,3,3,4708febb51509c27799764226558ac090461d90855debef2b30a03c03ef57f6e,a80325d29cec49a59ec855ace66ce22deb5c4598a5707696210d3afdf6a571ee,,
covariance,numpy,default,initialization,observed,1.2904733791947365,covariance,,1,1,58b3a80d268ca9926b9a85556fa505122524ca4c66cc443c90a1e88c8ffec02f,af17a377caed2a970d699d0afa2fcc0382f2e0ec47bdab98c00e9bb2f70fcc48,,
covariance,numba,nopython-mode,initialization,observed,157.044028126169,covariance,,1,1,58b3a80d268ca9926b9a85556fa505122524ca4c66cc443c90a1e88c8ffec02f,af17a377caed2a970d699d0afa2fcc0382f2e0ec47bdab98c00e9bb2f70fcc48,,
covariance,numba,nopython-mode-parallel,initialization,error,,covariance,,0,0,58b3a80d268ca9926b9a85556fa505122524ca4c66cc443c90a1e88c8ffec02f,af17a377caed2a970d699d0afa2fcc0382f2e0ec47bdab98c00e9bb2f70fcc48,,
covariance,numba,nopython-mode-parallel-range,initialization,error,,covariance,,0,0,58b3a80d268ca9926b9a85556fa505122524ca4c66cc443c90a1e88c8ffec02f,af17a377caed2a970d699d0afa2fcc0382f2e0ec47bdab98c00e9bb2f70fcc48,,
covariance,numba,object-mode,initialization,observed,146.2564051663503,covariance,,1,1,58b3a80d268ca9926b9a85556fa505122524ca4c66cc443c90a1e88c8ffec02f,af17a377caed2a970d699d0afa2fcc0382f2e0ec47bdab98c00e9bb2f70fcc48,,
covariance,numba,object-mode-parallel,initialization,observed,287.0829481589608,covariance,,1,1,58b3a80d268ca9926b9a85556fa505122524ca4c66cc443c90a1e88c8ffec02f,af17a377caed2a970d699d0afa2fcc0382f2e0ec47bdab98c00e9bb2f70fcc48,,
covariance,numba,object-mode-parallel-range,initialization,observed,2.710553392767906,covariance,,1,1,58b3a80d268ca9926b9a85556fa505122524ca4c66cc443c90a1e88c8ffec02f,af17a377caed2a970d699d0afa2fcc0382f2e0ec47bdab98c00e9bb2f70fcc48,,
covariance,dace_cpu,fusion,initialization,observed,75.4776813313365,covariance,,1,1,58b3a80d268ca9926b9a85556fa505122524ca4c66cc443c90a1e88c8ffec02f,af17a377caed2a970d699d0afa2fcc0382f2e0ec47bdab98c00e9bb2f70fcc48,,
covariance,dace_cpu,parallel,initialization,observed,75.83774845674634,covariance,,1,1,58b3a80d268ca9926b9a85556fa505122524ca4c66cc443c90a1e88c8ffec02f,af17a377caed2a970d699d0afa2fcc0382f2e0ec47bdab98c00e9bb2f70fcc48,,
covariance,dace_cpu,auto_opt,initialization,observed,77.29270648676902,covariance,,1,1,58b3a80d268ca9926b9a85556fa505122524ca4c66cc443c90a1e88c8ffec02f,af17a377caed2a970d699d0afa2fcc0382f2e0ec47bdab98c00e9bb2f70fcc48,,
covariance,dace_gpu,fusion,initialization,observed,26.987462419085205,covariance,,1,1,58b3a80d268ca9926b9a85556fa505122524ca4c66cc443c90a1e88c8ffec02f,af17a377caed2a970d699d0afa2fcc0382f2e0ec47bdab98c00e9bb2f70fcc48,,
covariance,dace_gpu,parallel,initialization,observed,26.614316229708493,covariance,,1,1,58b3a80d268ca9926b9a85556fa505122524ca4c66cc443c90a1e88c8ffec02f,af17a377caed2a970d699d0afa2fcc0382f2e0ec47bdab98c00e9bb2f70fcc48,,
covariance,dace_gpu,auto_opt,initialization,observed,26.717754100915045,covariance,,1,1,58b3a80d268ca9926b9a85556fa505122524ca4c66cc443c90a1e88c8ffec02f,af17a377caed2a970d699d0afa2fcc0382f2e0ec47bdab98c00e9bb2f70fcc48,,
covariance,cupy,default,initialization,observed,2.374072381760925,covariance,,1,1,58b3a80d268ca9926b9a85556fa505122524ca4c66cc443c90a1e88c8ffec02f,af17a377caed2a970d699d0afa2fcc0382f2e0ec47bdab98c00e9bb2f70fcc48,,
covariance2,numpy,default,initialization,observed,0.1929613151587546,covariance2,,1,1,b81db17e032d058c24615c34bdcb3c48ed5a23e6cf458082da80be982f4559fa,e1424bc66fff5f5bb8acd9b4f317faa2af4ea1da59094eb63d32d82413d01c9b,,
covariance2,numba,nopython-mode,initialization,observed,4.487876869738102,covariance2,,1,1,b81db17e032d058c24615c34bdcb3c48ed5a23e6cf458082da80be982f4559fa,e1424bc66fff5f5bb8acd9b4f317faa2af4ea1da59094eb63d32d82413d01c9b,,
covariance2,numba,nopython-mode-parallel,initialization,N/A,,,,,,,,,
covariance2,numba,nopython-mode-parallel-range,initialization,N/A,,,,,,,,,
covariance2,numba,object-mode,initialization,N/A,,,,,,,,,
covariance2,numba,object-mode-parallel,initialization,N/A,,,,,,,,,
covariance2,numba,object-mode-parallel-range,initialization,N/A,,,,,,,,,
covariance2,dace_cpu,fusion,initialization,missing,,covariance2,,0,0,b81db17e032d058c24615c34bdcb3c48ed5a23e6cf458082da80be982f4559fa,e1424bc66fff5f5bb8acd9b4f317faa2af4ea1da59094eb63d32d82413d01c9b,,
covariance2,dace_cpu,parallel,initialization,missing,,covariance2,,0,0,b81db17e032d058c24615c34bdcb3c48ed5a23e6cf458082da80be982f4559fa,e1424bc66fff5f5bb8acd9b4f317faa2af4ea1da59094eb63d32d82413d01c9b,,
covariance2,dace_cpu,auto_opt,initialization,missing,,covariance2,,0,0,b81db17e032d058c24615c34bdcb3c48ed5a23e6cf458082da80be982f4559fa,e1424bc66fff5f5bb8acd9b4f317faa2af4ea1da59094eb63d32d82413d01c9b,,
covariance2,dace_gpu,fusion,initialization,missing,,covariance2,,0,0,b81db17e032d058c24615c34bdcb3c48ed5a23e6cf458082da80be982f4559fa,e1424bc66fff5f5bb8acd9b4f317faa2af4ea1da59094eb63d32d82413d01c9b,,
covariance2,dace_gpu,parallel,initialization,missing,,covariance2,,0,0,b81db17e032d058c24615c34bdcb3c48ed5a23e6cf458082da80be982f4559fa,e1424bc66fff5f5bb8acd9b4f317faa2af4ea1da59094eb63d32d82413d01c9b,,
covariance2,dace_gpu,auto_opt,initialization,missing,,covariance2,,0,0,b81db17e032d058c24615c34bdcb3c48ed5a23e6cf458082da80be982f4559fa,e1424bc66fff5f5bb8acd9b4f317faa2af4ea1da59094eb63d32d82413d01c9b,,
covariance2,cupy,default,initialization,missing,,covariance2,,0,0,b81db17e032d058c24615c34bdcb3c48ed5a23e6cf458082da80be982f4559fa,e1424bc66fff5f5bb8acd9b4f317faa2af4ea1da59094eb63d32d82413d01c9b,,
crc16,numpy,default,initialization,observed,0.7487953980453312,crc16,,1,1,a7203e25a233dc7df7310c8693f87c1b6b61fb79f1dbf0005a64f986bb9b4471,f5e374255acb40d3b61ef049439a216956523578089519cdbac1c787454c279b,,
crc16,numba,nopython-mode,initialization,observed,0.6362396730110049,crc16,,1,1,a7203e25a233dc7df7310c8693f87c1b6b61fb79f1dbf0005a64f986bb9b4471,f5e374255acb40d3b61ef049439a216956523578089519cdbac1c787454c279b,,
crc16,numba,nopython-mode-parallel,initialization,observed,0.5408185129053891,crc16,,1,1,a7203e25a233dc7df7310c8693f87c1b6b61fb79f1dbf0005a64f986bb9b4471,f5e374255acb40d3b61ef049439a216956523578089519cdbac1c787454c279b,,
crc16,numba,nopython-mode-parallel-range,initialization,N/A,,,,,,,,,
crc16,numba,object-mode,initialization,N/A,,,,,,,,,
crc16,numba,object-mode-parallel,initialization,N/A,,,,,,,,,
crc16,numba,object-mode-parallel-range,initialization,N/A,,,,,,,,,
crc16,dace_cpu,fusion,initialization,observed,6.165899017825723,crc16,,1,1,a7203e25a233dc7df7310c8693f87c1b6b61fb79f1dbf0005a64f986bb9b4471,f5e374255acb40d3b61ef049439a216956523578089519cdbac1c787454c279b,,
crc16,dace_cpu,parallel,initialization,observed,6.765040454920381,crc16,,1,1,a7203e25a233dc7df7310c8693f87c1b6b61fb79f1dbf0005a64f986bb9b4471,f5e374255acb40d3b61ef049439a216956523578089519cdbac1c787454c279b,,
crc16,dace_cpu,auto_opt,initialization,observed,7.355117025785148,crc16,,1,1,a7203e25a233dc7df7310c8693f87c1b6b61fb79f1dbf0005a64f986bb9b4471,f5e374255acb40d3b61ef049439a216956523578089519cdbac1c787454c279b,,
crc16,dace_gpu,fusion,initialization,observed,28.98808261891827,crc16,,1,1,a7203e25a233dc7df7310c8693f87c1b6b61fb79f1dbf0005a64f986bb9b4471,f5e374255acb40d3b61ef049439a216956523578089519cdbac1c787454c279b,,
crc16,dace_gpu,parallel,initialization,observed,30.63403259124607,crc16,,1,1,a7203e25a233dc7df7310c8693f87c1b6b61fb79f1dbf0005a64f986bb9b4471,f5e374255acb40d3b61ef049439a216956523578089519cdbac1c787454c279b,,
crc16,dace_gpu,auto_opt,initialization,observed,28.87912840396166,crc16,,1,1,a7203e25a233dc7df7310c8693f87c1b6b61fb79f1dbf0005a64f986bb9b4471,f5e374255acb40d3b61ef049439a216956523578089519cdbac1c787454c279b,,
crc16,cupy,default,initialization,observed,103.98502915818244,crc16,,1,1,a7203e25a233dc7df7310c8693f87c1b6b61fb79f1dbf0005a64f986bb9b4471,f5e374255acb40d3b61ef049439a216956523578089519cdbac1c787454c279b,,
deriche,numpy,default,initialization,observed,0.7217139629647136,deriche,,1,1,ef9e5773989e084d7d1b667806f77c2b4ac4ac430dad3a2726f189d79dc3abc8,86bedd90fc265ce6365b560b64f12b89d3c2d5bf501294f5352e2a58074f9840,,
deriche,numba,nopython-mode,initialization,observed,7.380466990172863,deriche,,1,1,ef9e5773989e084d7d1b667806f77c2b4ac4ac430dad3a2726f189d79dc3abc8,86bedd90fc265ce6365b560b64f12b89d3c2d5bf501294f5352e2a58074f9840,,
deriche,numba,nopython-mode-parallel,initialization,observed,8.507665740791708,deriche,,1,1,ef9e5773989e084d7d1b667806f77c2b4ac4ac430dad3a2726f189d79dc3abc8,86bedd90fc265ce6365b560b64f12b89d3c2d5bf501294f5352e2a58074f9840,,
deriche,numba,nopython-mode-parallel-range,initialization,N/A,,,,,,,,,
deriche,numba,object-mode,initialization,N/A,,,,,,,,,
deriche,numba,object-mode-parallel,initialization,N/A,,,,,,,,,
deriche,numba,object-mode-parallel-range,initialization,N/A,,,,,,,,,
deriche,dace_cpu,fusion,initialization,observed,13.876569213811308,deriche,,1,1,ef9e5773989e084d7d1b667806f77c2b4ac4ac430dad3a2726f189d79dc3abc8,86bedd90fc265ce6365b560b64f12b89d3c2d5bf501294f5352e2a58074f9840,,
deriche,dace_cpu,parallel,initialization,observed,16.45218941476196,deriche,,1,1,ef9e5773989e084d7d1b667806f77c2b4ac4ac430dad3a2726f189d79dc3abc8,86bedd90fc265ce6365b560b64f12b89d3c2d5bf501294f5352e2a58074f9840,,
deriche,dace_cpu,auto_opt,initialization,observed,25.22158470796421,deriche,,1,1,ef9e5773989e084d7d1b667806f77c2b4ac4ac430dad3a2726f189d79dc3abc8,86bedd90fc265ce6365b560b64f12b89d3c2d5bf501294f5352e2a58074f9840,,
deriche,dace_gpu,fusion,initialization,observed,29.751087272074074,deriche,,1,1,ef9e5773989e084d7d1b667806f77c2b4ac4ac430dad3a2726f189d79dc3abc8,86bedd90fc265ce6365b560b64f12b89d3c2d5bf501294f5352e2a58074f9840,,
deriche,dace_gpu,parallel,initialization,observed,29.05145581299439,deriche,,1,1,ef9e5773989e084d7d1b667806f77c2b4ac4ac430dad3a2726f189d79dc3abc8,86bedd90fc265ce6365b560b64f12b89d3c2d5bf501294f5352e2a58074f9840,,
deriche,dace_gpu,auto_opt,initialization,observed,32.36977037321776,deriche,,1,1,ef9e5773989e084d7d1b667806f77c2b4ac4ac430dad3a2726f189d79dc3abc8,86bedd90fc265ce6365b560b64f12b89d3c2d5bf501294f5352e2a58074f9840,,
deriche,cupy,default,initialization,observed,5.046684381086379,deriche,,1,1,ef9e5773989e084d7d1b667806f77c2b4ac4ac430dad3a2726f189d79dc3abc8,86bedd90fc265ce6365b560b64f12b89d3c2d5bf501294f5352e2a58074f9840,,
doitgen,numpy,default,initialization,observed,2.4251418919302523,doitgen,,1,1,0a710e9d831ec217703666c373d0b37a2be01b536d40ad9f598bb77b08a6f7ff,e54ec8efb6b8a7fe086a96f3c0074529002b4a5aad97bbd19161c0a49cf1bb9d,,
doitgen,numba,nopython-mode,initialization,observed,3.9598200088366866,doitgen,,1,1,0a710e9d831ec217703666c373d0b37a2be01b536d40ad9f598bb77b08a6f7ff,e54ec8efb6b8a7fe086a96f3c0074529002b4a5aad97bbd19161c0a49cf1bb9d,,
doitgen,numba,nopython-mode-parallel,initialization,N/A,,,,,,,,,
doitgen,numba,nopython-mode-parallel-range,initialization,N/A,,,,,,,,,
doitgen,numba,object-mode,initialization,observed,3.4359586592763662,doitgen,,1,1,0a710e9d831ec217703666c373d0b37a2be01b536d40ad9f598bb77b08a6f7ff,e54ec8efb6b8a7fe086a96f3c0074529002b4a5aad97bbd19161c0a49cf1bb9d,,
doitgen,numba,object-mode-parallel,initialization,observed,3.3497588629834354,doitgen,,1,1,0a710e9d831ec217703666c373d0b37a2be01b536d40ad9f598bb77b08a6f7ff,e54ec8efb6b8a7fe086a96f3c0074529002b4a5aad97bbd19161c0a49cf1bb9d,,
doitgen,numba,object-mode-parallel-range,initialization,N/A,,,,,,,,,
doitgen,dace_cpu,fusion,initialization,observed,9.239840122871101,doitgen,,1,1,0a710e9d831ec217703666c373d0b37a2be01b536d40ad9f598bb77b08a6f7ff,e54ec8efb6b8a7fe086a96f3c0074529002b4a5aad97bbd19161c0a49cf1bb9d,,
doitgen,dace_cpu,parallel,initialization,observed,8.135546861216426,doitgen,,1,1,0a710e9d831ec217703666c373d0b37a2be01b536d40ad9f598bb77b08a6f7ff,e54ec8efb6b8a7fe086a96f3c0074529002b4a5aad97bbd19161c0a49cf1bb9d,,
doitgen,dace_cpu,auto_opt,initialization,observed,8.391144447028637,doitgen,,1,1,0a710e9d831ec217703666c373d0b37a2be01b536d40ad9f598bb77b08a6f7ff,e54ec8efb6b8a7fe086a96f3c0074529002b4a5aad97bbd19161c0a49cf1bb9d,,
doitgen,dace_gpu,fusion,initialization,observed,24.87409816775471,doitgen,,1,1,0a710e9d831ec217703666c373d0b37a2be01b536d40ad9f598bb77b08a6f7ff,e54ec8efb6b8a7fe086a96f3c0074529002b4a5aad97bbd19161c0a49cf1bb9d,,
doitgen,dace_gpu,parallel,initialization,observed,25.530400487128645,doitgen,,1,1,0a710e9d831ec217703666c373d0b37a2be01b536d40ad9f598bb77b08a6f7ff,e54ec8efb6b8a7fe086a96f3c0074529002b4a5aad97bbd19161c0a49cf1bb9d,,
doitgen,dace_gpu,auto_opt,initialization,observed,25.741328636184335,doitgen,,1,1,0a710e9d831ec217703666c373d0b37a2be01b536d40ad9f598bb77b08a6f7ff,e54ec8efb6b8a7fe086a96f3c0074529002b4a5aad97bbd19161c0a49cf1bb9d,,
doitgen,cupy,default,initialization,observed,1.0572994258254766,doitgen,,1,1,0a710e9d831ec217703666c373d0b37a2be01b536d40ad9f598bb77b08a6f7ff,e54ec8efb6b8a7fe086a96f3c0074529002b4a5aad97bbd19161c0a49cf1bb9d,,
durbin,numpy,default,initialization,observed,2.146892559248954,durbin,,1,1,7437c8bf3a6ba1cbc2df811774313bdf292efa8f737e2b875afbdc1c26ff99aa,ce8fe98cca13e7ff78b2059649cf38d58a3f2af294a834c6e4698392b4e95b14,,
durbin,numba,nopython-mode,initialization,observed,4.959580887109041,durbin,,1,1,7437c8bf3a6ba1cbc2df811774313bdf292efa8f737e2b875afbdc1c26ff99aa,ce8fe98cca13e7ff78b2059649cf38d58a3f2af294a834c6e4698392b4e95b14,,
durbin,numba,nopython-mode-parallel,initialization,error,,durbin,,0,0,7437c8bf3a6ba1cbc2df811774313bdf292efa8f737e2b875afbdc1c26ff99aa,ce8fe98cca13e7ff78b2059649cf38d58a3f2af294a834c6e4698392b4e95b14,,
durbin,numba,nopython-mode-parallel-range,initialization,N/A,,,,,,,,,
durbin,numba,object-mode,initialization,N/A,,,,,,,,,
durbin,numba,object-mode-parallel,initialization,N/A,,,,,,,,,
durbin,numba,object-mode-parallel-range,initialization,N/A,,,,,,,,,
durbin,dace_cpu,fusion,initialization,timeout,,durbin,,0,0,7437c8bf3a6ba1cbc2df811774313bdf292efa8f737e2b875afbdc1c26ff99aa,ce8fe98cca13e7ff78b2059649cf38d58a3f2af294a834c6e4698392b4e95b14,,
durbin,dace_cpu,parallel,initialization,timeout,,durbin,,0,0,7437c8bf3a6ba1cbc2df811774313bdf292efa8f737e2b875afbdc1c26ff99aa,ce8fe98cca13e7ff78b2059649cf38d58a3f2af294a834c6e4698392b4e95b14,,
durbin,dace_cpu,auto_opt,initialization,timeout,,durbin,,0,0,7437c8bf3a6ba1cbc2df811774313bdf292efa8f737e2b875afbdc1c26ff99aa,ce8fe98cca13e7ff78b2059649cf38d58a3f2af294a834c6e4698392b4e95b14,,
durbin,dace_gpu,fusion,initialization,observed,27.575484881177545,durbin,,1,1,7437c8bf3a6ba1cbc2df811774313bdf292efa8f737e2b875afbdc1c26ff99aa,ce8fe98cca13e7ff78b2059649cf38d58a3f2af294a834c6e4698392b4e95b14,,
durbin,dace_gpu,parallel,initialization,observed,26.616175407078117,durbin,,1,1,7437c8bf3a6ba1cbc2df811774313bdf292efa8f737e2b875afbdc1c26ff99aa,ce8fe98cca13e7ff78b2059649cf38d58a3f2af294a834c6e4698392b4e95b14,,
durbin,dace_gpu,auto_opt,initialization,observed,28.43076949985698,durbin,,1,1,7437c8bf3a6ba1cbc2df811774313bdf292efa8f737e2b875afbdc1c26ff99aa,ce8fe98cca13e7ff78b2059649cf38d58a3f2af294a834c6e4698392b4e95b14,,
durbin,cupy,default,initialization,observed,7.614144416060299,durbin,,1,1,7437c8bf3a6ba1cbc2df811774313bdf292efa8f737e2b875afbdc1c26ff99aa,ce8fe98cca13e7ff78b2059649cf38d58a3f2af294a834c6e4698392b4e95b14,,
fdtd_2d,numpy,default,initialization,observed,0.9280092613771558,fdtd_2d,,1,1,06e26254e9c8b359ff97a77665932fc3543384ca179dea039154450eff6c94ff,ae503cf8154fbe07791342cfced3146fb8b1e03dbea637ba9add8796956ed94d,,
fdtd_2d,numba,nopython-mode,initialization,observed,5.39118787040934,fdtd_2d,,1,1,06e26254e9c8b359ff97a77665932fc3543384ca179dea039154450eff6c94ff,ae503cf8154fbe07791342cfced3146fb8b1e03dbea637ba9add8796956ed94d,,
fdtd_2d,numba,nopython-mode-parallel,initialization,observed,4.865152378100902,fdtd_2d,,1,1,06e26254e9c8b359ff97a77665932fc3543384ca179dea039154450eff6c94ff,ae503cf8154fbe07791342cfced3146fb8b1e03dbea637ba9add8796956ed94d,,
fdtd_2d,numba,nopython-mode-parallel-range,initialization,N/A,,,,,,,,,
fdtd_2d,numba,object-mode,initialization,N/A,,,,,,,,,
fdtd_2d,numba,object-mode-parallel,initialization,N/A,,,,,,,,,
fdtd_2d,numba,object-mode-parallel-range,initialization,N/A,,,,,,,,,
fdtd_2d,dace_cpu,fusion,initialization,observed,9.468729082029313,fdtd_2d,,1,1,06e26254e9c8b359ff97a77665932fc3543384ca179dea039154450eff6c94ff,ae503cf8154fbe07791342cfced3146fb8b1e03dbea637ba9add8796956ed94d,,
fdtd_2d,dace_cpu,parallel,initialization,observed,8.051801183726639,fdtd_2d,,1,1,06e26254e9c8b359ff97a77665932fc3543384ca179dea039154450eff6c94ff,ae503cf8154fbe07791342cfced3146fb8b1e03dbea637ba9add8796956ed94d,,
fdtd_2d,dace_cpu,auto_opt,initialization,observed,8.663285209797323,fdtd_2d,,1,1,06e26254e9c8b359ff97a77665932fc3543384ca179dea039154450eff6c94ff,ae503cf8154fbe07791342cfced3146fb8b1e03dbea637ba9add8796956ed94d,,
fdtd_2d,dace_gpu,fusion,initialization,observed,24.331480995286256,fdtd_2d,,1,1,06e26254e9c8b359ff97a77665932fc3543384ca179dea039154450eff6c94ff,ae503cf8154fbe07791342cfced3146fb8b1e03dbea637ba9add8796956ed94d,,
fdtd_2d,dace_gpu,parallel,initialization,observed,23.837761318776757,fdtd_2d,,1,1,06e26254e9c8b359ff97a77665932fc3543384ca179dea039154450eff6c94ff,ae503cf8154fbe07791342cfced3146fb8b1e03dbea637ba9add8796956ed94d,,
fdtd_2d,dace_gpu,auto_opt,initialization,observed,24.41831828095019,fdtd_2d,,1,1,06e26254e9c8b359ff97a77665932fc3543384ca179dea039154450eff6c94ff,ae503cf8154fbe07791342cfced3146fb8b1e03dbea637ba9add8796956ed94d,,
fdtd_2d,cupy,default,initialization,observed,1.2440094677731395,fdtd_2d,,1,1,06e26254e9c8b359ff97a77665932fc3543384ca179dea039154450eff6c94ff,ae503cf8154fbe07791342cfced3146fb8b1e03dbea637ba9add8796956ed94d,,
floyd_warshall,numpy,default,initialization,observed,3.189187823794782,floyd_warshall,,1,1,a3edbd966d81083b8e17c12c5e476ba6f92ae518095bf60f44db36d16648859a,d80d0f1e5dc1b065b6ae583f4925157116e2c98d49b252f8e02fa8c4ffe273fe,,
floyd_warshall,numba,nopython-mode,initialization,observed,3.3609989802353084,floyd_warshall,,1,1,a3edbd966d81083b8e17c12c5e476ba6f92ae518095bf60f44db36d16648859a,d80d0f1e5dc1b065b6ae583f4925157116e2c98d49b252f8e02fa8c4ffe273fe,,
floyd_warshall,numba,nopython-mode-parallel,initialization,observed,42.60169953061268,floyd_warshall,,1,1,a3edbd966d81083b8e17c12c5e476ba6f92ae518095bf60f44db36d16648859a,d80d0f1e5dc1b065b6ae583f4925157116e2c98d49b252f8e02fa8c4ffe273fe,,
floyd_warshall,numba,nopython-mode-parallel-range,initialization,observed,1.9268981241621077,floyd_warshall,,1,1,a3edbd966d81083b8e17c12c5e476ba6f92ae518095bf60f44db36d16648859a,d80d0f1e5dc1b065b6ae583f4925157116e2c98d49b252f8e02fa8c4ffe273fe,,
floyd_warshall,numba,object-mode,initialization,observed,6.165036448277533,floyd_warshall,,1,1,a3edbd966d81083b8e17c12c5e476ba6f92ae518095bf60f44db36d16648859a,d80d0f1e5dc1b065b6ae583f4925157116e2c98d49b252f8e02fa8c4ffe273fe,,
floyd_warshall,numba,object-mode-parallel,initialization,observed,3.9040585700422525,floyd_warshall,,1,1,a3edbd966d81083b8e17c12c5e476ba6f92ae518095bf60f44db36d16648859a,d80d0f1e5dc1b065b6ae583f4925157116e2c98d49b252f8e02fa8c4ffe273fe,,
floyd_warshall,numba,object-mode-parallel-range,initialization,N/A,,,,,,,,,
floyd_warshall,dace_cpu,fusion,initialization,observed,9.391505000181496,floyd_warshall,,1,1,a3edbd966d81083b8e17c12c5e476ba6f92ae518095bf60f44db36d16648859a,d80d0f1e5dc1b065b6ae583f4925157116e2c98d49b252f8e02fa8c4ffe273fe,,
floyd_warshall,dace_cpu,parallel,initialization,observed,8.150915299076587,floyd_warshall,,1,1,a3edbd966d81083b8e17c12c5e476ba6f92ae518095bf60f44db36d16648859a,d80d0f1e5dc1b065b6ae583f4925157116e2c98d49b252f8e02fa8c4ffe273fe,,
floyd_warshall,dace_cpu,auto_opt,initialization,observed,13.2313291891478,floyd_warshall,,1,1,a3edbd966d81083b8e17c12c5e476ba6f92ae518095bf60f44db36d16648859a,d80d0f1e5dc1b065b6ae583f4925157116e2c98d49b252f8e02fa8c4ffe273fe,,
floyd_warshall,dace_gpu,fusion,initialization,observed,24.777229404076934,floyd_warshall,,1,1,a3edbd966d81083b8e17c12c5e476ba6f92ae518095bf60f44db36d16648859a,d80d0f1e5dc1b065b6ae583f4925157116e2c98d49b252f8e02fa8c4ffe273fe,,
floyd_warshall,dace_gpu,parallel,initialization,observed,23.562041949946433,floyd_warshall,,1,1,a3edbd966d81083b8e17c12c5e476ba6f92ae518095bf60f44db36d16648859a,d80d0f1e5dc1b065b6ae583f4925157116e2c98d49b252f8e02fa8c4ffe273fe,,
floyd_warshall,dace_gpu,auto_opt,initialization,observed,24.492629836313426,floyd_warshall,,1,1,a3edbd966d81083b8e17c12c5e476ba6f92ae518095bf60f44db36d16648859a,d80d0f1e5dc1b065b6ae583f4925157116e2c98d49b252f8e02fa8c4ffe273fe,,
floyd_warshall,cupy,default,initialization,observed,30.896165271755308,floyd_warshall,,1,1,a3edbd966d81083b8e17c12c5e476ba6f92ae518095bf60f44db36d16648859a,d80d0f1e5dc1b065b6ae583f4925157116e2c98d49b252f8e02fa8c4ffe273fe,,
gemm,numpy,default,initialization,observed,1.5086175869219005,gemm,,3,3,0c0d6b6a480e5bce18192950eed6fa367ca1dff111ffe96afd63e44b0357c489,a7cad45e3e7e87c02c7a2df12b4f75774f21a5cca78b504ff8830be9107f34b6,,
gemm,numba,nopython-mode,initialization,observed,6.391301319934428,gemm,,3,3,0c0d6b6a480e5bce18192950eed6fa367ca1dff111ffe96afd63e44b0357c489,a7cad45e3e7e87c02c7a2df12b4f75774f21a5cca78b504ff8830be9107f34b6,,
gemm,numba,nopython-mode-parallel,initialization,observed,5.302855405956507,gemm,,1,1,0c0d6b6a480e5bce18192950eed6fa367ca1dff111ffe96afd63e44b0357c489,a7cad45e3e7e87c02c7a2df12b4f75774f21a5cca78b504ff8830be9107f34b6,,
gemm,numba,nopython-mode-parallel-range,initialization,N/A,,,,,,,,,
gemm,numba,object-mode,initialization,N/A,,,,,,,,,
gemm,numba,object-mode-parallel,initialization,N/A,,,,,,,,,
gemm,numba,object-mode-parallel-range,initialization,N/A,,,,,,,,,
gemm,dace_cpu,fusion,initialization,observed,9.77202535001561,gemm,,1,1,0c0d6b6a480e5bce18192950eed6fa367ca1dff111ffe96afd63e44b0357c489,a7cad45e3e7e87c02c7a2df12b4f75774f21a5cca78b504ff8830be9107f34b6,,
gemm,dace_cpu,parallel,initialization,observed,9.345642597880214,gemm,,1,1,0c0d6b6a480e5bce18192950eed6fa367ca1dff111ffe96afd63e44b0357c489,a7cad45e3e7e87c02c7a2df12b4f75774f21a5cca78b504ff8830be9107f34b6,,
gemm,dace_cpu,auto_opt,initialization,observed,8.862731767818332,gemm,,3,3,0c0d6b6a480e5bce18192950eed6fa367ca1dff111ffe96afd63e44b0357c489,a7cad45e3e7e87c02c7a2df12b4f75774f21a5cca78b504ff8830be9107f34b6,,
gemm,dace_gpu,fusion,initialization,observed,25.930840488988906,gemm,,1,1,0c0d6b6a480e5bce18192950eed6fa367ca1dff111ffe96afd63e44b0357c489,a7cad45e3e7e87c02c7a2df12b4f75774f21a5cca78b504ff8830be9107f34b6,,
gemm,dace_gpu,parallel,initialization,observed,25.907588075846434,gemm,,1,1,0c0d6b6a480e5bce18192950eed6fa367ca1dff111ffe96afd63e44b0357c489,a7cad45e3e7e87c02c7a2df12b4f75774f21a5cca78b504ff8830be9107f34b6,,
gemm,dace_gpu,auto_opt,initialization,observed,24.66880088299513,gemm,,3,3,0c0d6b6a480e5bce18192950eed6fa367ca1dff111ffe96afd63e44b0357c489,a7cad45e3e7e87c02c7a2df12b4f75774f21a5cca78b504ff8830be9107f34b6,,
gemm,cupy,default,initialization,observed,1.7203475679270923,gemm,,3,3,0c0d6b6a480e5bce18192950eed6fa367ca1dff111ffe96afd63e44b0357c489,a7cad45e3e7e87c02c7a2df12b4f75774f21a5cca78b504ff8830be9107f34b6,,
gemver,numpy,default,initialization,observed,0.4990034499205649,gemver,,1,1,85cc572cc7692fb81b6c77506a30c2af771c098b9e57d5abf57198c996aa6ef6,8f83d1ce5ccca10e01496b8b60f5d329e3f1f9e85ecb87f3b836424334239f88,,
gemver,numba,nopython-mode,initialization,observed,5.576162105891854,gemver,,1,1,85cc572cc7692fb81b6c77506a30c2af771c098b9e57d5abf57198c996aa6ef6,8f83d1ce5ccca10e01496b8b60f5d329e3f1f9e85ecb87f3b836424334239f88,,
gemver,numba,nopython-mode-parallel,initialization,observed,5.889352237805724,gemver,,1,1,85cc572cc7692fb81b6c77506a30c2af771c098b9e57d5abf57198c996aa6ef6,8f83d1ce5ccca10e01496b8b60f5d329e3f1f9e85ecb87f3b836424334239f88,,
gemver,numba,nopython-mode-parallel-range,initialization,N/A,,,,,,,,,
gemver,numba,object-mode,initialization,N/A,,,,,,,,,
gemver,numba,object-mode-parallel,initialization,N/A,,,,,,,,,
gemver,numba,object-mode-parallel-range,initialization,N/A,,,,,,,,,
gemver,dace_cpu,fusion,initialization,observed,8.837276265025139,gemver,,1,1,85cc572cc7692fb81b6c77506a30c2af771c098b9e57d5abf57198c996aa6ef6,8f83d1ce5ccca10e01496b8b60f5d329e3f1f9e85ecb87f3b836424334239f88,,
gemver,dace_cpu,parallel,initialization,observed,7.856259983032942,gemver,,1,1,85cc572cc7692fb81b6c77506a30c2af771c098b9e57d5abf57198c996aa6ef6,8f83d1ce5ccca10e01496b8b60f5d329e3f1f9e85ecb87f3b836424334239f88,,
gemver,dace_cpu,auto_opt,initialization,observed,8.641155363060534,gemver,,1,1,85cc572cc7692fb81b6c77506a30c2af771c098b9e57d5abf57198c996aa6ef6,8f83d1ce5ccca10e01496b8b60f5d329e3f1f9e85ecb87f3b836424334239f88,,
gemver,dace_gpu,fusion,initialization,observed,26.323128167074174,gemver,,1,1,85cc572cc7692fb81b6c77506a30c2af771c098b9e57d5abf57198c996aa6ef6,8f83d1ce5ccca10e01496b8b60f5d329e3f1f9e85ecb87f3b836424334239f88,,
gemver,dace_gpu,parallel,initialization,observed,27.553270027972758,gemver,,1,1,85cc572cc7692fb81b6c77506a30c2af771c098b9e57d5abf57198c996aa6ef6,8f83d1ce5ccca10e01496b8b60f5d329e3f1f9e85ecb87f3b836424334239f88,,
gemver,dace_gpu,auto_opt,initialization,observed,27.34596169507131,gemver,,1,1,85cc572cc7692fb81b6c77506a30c2af771c098b9e57d5abf57198c996aa6ef6,8f83d1ce5ccca10e01496b8b60f5d329e3f1f9e85ecb87f3b836424334239f88,,
gemver,cupy,default,initialization,observed,1.9394895089790225,gemver,,1,1,85cc572cc7692fb81b6c77506a30c2af771c098b9e57d5abf57198c996aa6ef6,8f83d1ce5ccca10e01496b8b60f5d329e3f1f9e85ecb87f3b836424334239f88,,
gesummv,numpy,default,initialization,observed,0.5083143329247832,gesummv,,1,1,0e62642787bfd7976dde4296be195e5cc2dd07cdd198d1233ad748fdaaf9fc80,603add7d548bef0a20a6309fbf3785c05014a0b3550717c6d424278bd55d2518,,
gesummv,numba,nopython-mode,initialization,observed,3.3640420236624777,gesummv,,1,1,0e62642787bfd7976dde4296be195e5cc2dd07cdd198d1233ad748fdaaf9fc80,603add7d548bef0a20a6309fbf3785c05014a0b3550717c6d424278bd55d2518,,
gesummv,numba,nopython-mode-parallel,initialization,observed,3.4151016790419817,gesummv,,1,1,0e62642787bfd7976dde4296be195e5cc2dd07cdd198d1233ad748fdaaf9fc80,603add7d548bef0a20a6309fbf3785c05014a0b3550717c6d424278bd55d2518,,
gesummv,numba,nopython-mode-parallel-range,initialization,N/A,,,,,,,,,
gesummv,numba,object-mode,initialization,N/A,,,,,,,,,
gesummv,numba,object-mode-parallel,initialization,N/A,,,,,,,,,
gesummv,numba,object-mode-parallel-range,initialization,N/A,,,,,,,,,
gesummv,dace_cpu,fusion,initialization,observed,8.324008306022733,gesummv,,1,1,0e62642787bfd7976dde4296be195e5cc2dd07cdd198d1233ad748fdaaf9fc80,603add7d548bef0a20a6309fbf3785c05014a0b3550717c6d424278bd55d2518,,
gesummv,dace_cpu,parallel,initialization,observed,8.345491072162986,gesummv,,1,1,0e62642787bfd7976dde4296be195e5cc2dd07cdd198d1233ad748fdaaf9fc80,603add7d548bef0a20a6309fbf3785c05014a0b3550717c6d424278bd55d2518,,
gesummv,dace_cpu,auto_opt,initialization,observed,7.841965825296938,gesummv,,1,1,0e62642787bfd7976dde4296be195e5cc2dd07cdd198d1233ad748fdaaf9fc80,603add7d548bef0a20a6309fbf3785c05014a0b3550717c6d424278bd55d2518,,
gesummv,dace_gpu,fusion,initialization,observed,27.18543485691771,gesummv,,1,1,0e62642787bfd7976dde4296be195e5cc2dd07cdd198d1233ad748fdaaf9fc80,603add7d548bef0a20a6309fbf3785c05014a0b3550717c6d424278bd55d2518,,
gesummv,dace_gpu,parallel,initialization,observed,26.138695780653507,gesummv,,1,1,0e62642787bfd7976dde4296be195e5cc2dd07cdd198d1233ad748fdaaf9fc80,603add7d548bef0a20a6309fbf3785c05014a0b3550717c6d424278bd55d2518,,
gesummv,dace_gpu,auto_opt,initialization,observed,26.86468879831955,gesummv,,1,1,0e62642787bfd7976dde4296be195e5cc2dd07cdd198d1233ad748fdaaf9fc80,603add7d548bef0a20a6309fbf3785c05014a0b3550717c6d424278bd55d2518,,
gesummv,cupy,default,initialization,observed,3.483096824027598,gesummv,,1,1,0e62642787bfd7976dde4296be195e5cc2dd07cdd198d1233ad748fdaaf9fc80,603add7d548bef0a20a6309fbf3785c05014a0b3550717c6d424278bd55d2518,,
go_fast,numpy,default,initialization,observed,2.4479173170402646,go_fast,,1,1,ae81860b1a6b200efcca939dedfc2ee5e6a861d07af0c13d6e54e4f1ed9dfb3a,27869e2eab641d51a4dcb8b144e082c2564882966a28c404e3c13fdb484f75cf,,
go_fast,numba,nopython-mode,initialization,observed,2.265467449091375,go_fast,,1,1,ae81860b1a6b200efcca939dedfc2ee5e6a861d07af0c13d6e54e4f1ed9dfb3a,27869e2eab641d51a4dcb8b144e082c2564882966a28c404e3c13fdb484f75cf,,
go_fast,numba,nopython-mode-parallel,initialization,observed,1.098809420131147,go_fast,,1,1,ae81860b1a6b200efcca939dedfc2ee5e6a861d07af0c13d6e54e4f1ed9dfb3a,27869e2eab641d51a4dcb8b144e082c2564882966a28c404e3c13fdb484f75cf,,
go_fast,numba,nopython-mode-parallel-range,initialization,observed,1.6884049661457539,go_fast,,1,1,ae81860b1a6b200efcca939dedfc2ee5e6a861d07af0c13d6e54e4f1ed9dfb3a,27869e2eab641d51a4dcb8b144e082c2564882966a28c404e3c13fdb484f75cf,,
go_fast,numba,object-mode,initialization,N/A,,,,,,,,,
go_fast,numba,object-mode-parallel,initialization,N/A,,,,,,,,,
go_fast,numba,object-mode-parallel-range,initialization,N/A,,,,,,,,,
go_fast,dace_cpu,fusion,initialization,observed,6.548822151031345,go_fast,,1,1,ae81860b1a6b200efcca939dedfc2ee5e6a861d07af0c13d6e54e4f1ed9dfb3a,27869e2eab641d51a4dcb8b144e082c2564882966a28c404e3c13fdb484f75cf,,
go_fast,dace_cpu,parallel,initialization,observed,6.679475946817547,go_fast,,1,1,ae81860b1a6b200efcca939dedfc2ee5e6a861d07af0c13d6e54e4f1ed9dfb3a,27869e2eab641d51a4dcb8b144e082c2564882966a28c404e3c13fdb484f75cf,,
go_fast,dace_cpu,auto_opt,initialization,observed,6.59930736804381,go_fast,,1,1,ae81860b1a6b200efcca939dedfc2ee5e6a861d07af0c13d6e54e4f1ed9dfb3a,27869e2eab641d51a4dcb8b144e082c2564882966a28c404e3c13fdb484f75cf,,
go_fast,dace_gpu,fusion,initialization,observed,30.00197203690186,go_fast,,1,1,ae81860b1a6b200efcca939dedfc2ee5e6a861d07af0c13d6e54e4f1ed9dfb3a,27869e2eab641d51a4dcb8b144e082c2564882966a28c404e3c13fdb484f75cf,,
go_fast,dace_gpu,parallel,initialization,observed,29.766241437755525,go_fast,,1,1,ae81860b1a6b200efcca939dedfc2ee5e6a861d07af0c13d6e54e4f1ed9dfb3a,27869e2eab641d51a4dcb8b144e082c2564882966a28c404e3c13fdb484f75cf,,
go_fast,dace_gpu,auto_opt,initialization,observed,30.058872350025922,go_fast,,1,1,ae81860b1a6b200efcca939dedfc2ee5e6a861d07af0c13d6e54e4f1ed9dfb3a,27869e2eab641d51a4dcb8b144e082c2564882966a28c404e3c13fdb484f75cf,,
go_fast,cupy,default,initialization,observed,6.051337908022106,go_fast,,1,1,ae81860b1a6b200efcca939dedfc2ee5e6a861d07af0c13d6e54e4f1ed9dfb3a,27869e2eab641d51a4dcb8b144e082c2564882966a28c404e3c13fdb484f75cf,,
gramschmidt,numpy,default,initialization,observed,1.0729618319310248,gramschmidt,,1,1,1f3d8680c6c62cb57662259efbd6317e805dc931a93921d1f417b2d9a8b00706,0cd9b7683af012b2f89286b1d7f883de9ac11e0a801ad6a40757c753baba615b,,
gramschmidt,numba,nopython-mode,initialization,observed,3.8238882031291723,gramschmidt,,1,1,1f3d8680c6c62cb57662259efbd6317e805dc931a93921d1f417b2d9a8b00706,0cd9b7683af012b2f89286b1d7f883de9ac11e0a801ad6a40757c753baba615b,,
gramschmidt,numba,nopython-mode-parallel,initialization,observed,22.822883512824774,gramschmidt,,1,1,1f3d8680c6c62cb57662259efbd6317e805dc931a93921d1f417b2d9a8b00706,0cd9b7683af012b2f89286b1d7f883de9ac11e0a801ad6a40757c753baba615b,,
gramschmidt,numba,nopython-mode-parallel-range,initialization,N/A,,,,,,,,,
gramschmidt,numba,object-mode,initialization,N/A,,,,,,,,,
gramschmidt,numba,object-mode-parallel,initialization,N/A,,,,,,,,,
gramschmidt,numba,object-mode-parallel-range,initialization,N/A,,,,,,,,,
gramschmidt,dace_cpu,fusion,initialization,observed,13.734198743011802,gramschmidt,,1,1,1f3d8680c6c62cb57662259efbd6317e805dc931a93921d1f417b2d9a8b00706,0cd9b7683af012b2f89286b1d7f883de9ac11e0a801ad6a40757c753baba615b,,
gramschmidt,dace_cpu,parallel,initialization,observed,20.02870833594352,gramschmidt,,1,1,1f3d8680c6c62cb57662259efbd6317e805dc931a93921d1f417b2d9a8b00706,0cd9b7683af012b2f89286b1d7f883de9ac11e0a801ad6a40757c753baba615b,,
gramschmidt,dace_cpu,auto_opt,initialization,observed,15.353186623193324,gramschmidt,,1,1,1f3d8680c6c62cb57662259efbd6317e805dc931a93921d1f417b2d9a8b00706,0cd9b7683af012b2f89286b1d7f883de9ac11e0a801ad6a40757c753baba615b,,
gramschmidt,dace_gpu,fusion,initialization,observed,33.466076088137925,gramschmidt,,1,1,1f3d8680c6c62cb57662259efbd6317e805dc931a93921d1f417b2d9a8b00706,0cd9b7683af012b2f89286b1d7f883de9ac11e0a801ad6a40757c753baba615b,,
gramschmidt,dace_gpu,parallel,initialization,observed,32.47456274507567,gramschmidt,,1,1,1f3d8680c6c62cb57662259efbd6317e805dc931a93921d1f417b2d9a8b00706,0cd9b7683af012b2f89286b1d7f883de9ac11e0a801ad6a40757c753baba615b,,
gramschmidt,dace_gpu,auto_opt,initialization,observed,30.827379394788295,gramschmidt,,1,1,1f3d8680c6c62cb57662259efbd6317e805dc931a93921d1f417b2d9a8b00706,0cd9b7683af012b2f89286b1d7f883de9ac11e0a801ad6a40757c753baba615b,,
gramschmidt,cupy,default,initialization,observed,16.19159107422456,gramschmidt,,1,1,1f3d8680c6c62cb57662259efbd6317e805dc931a93921d1f417b2d9a8b00706,0cd9b7683af012b2f89286b1d7f883de9ac11e0a801ad6a40757c753baba615b,,
hdiff,numpy,default,initialization,observed,0.4068624279461801,hdiff,,1,1,db572ba94a6764cd4f333fd1c155d8498c95bfc20a8f378ce3588d5b7ef038ef,e800ed3dc8d530d7e84b4a637b91cc6d9bc1280101023ee86a27f69cfa34eec1,,
hdiff,numba,nopython-mode,initialization,observed,10.247378773987293,hdiff,,1,1,db572ba94a6764cd4f333fd1c155d8498c95bfc20a8f378ce3588d5b7ef038ef,e800ed3dc8d530d7e84b4a637b91cc6d9bc1280101023ee86a27f69cfa34eec1,,
hdiff,numba,nopython-mode-parallel,initialization,observed,6.053360493853688,hdiff,,1,1,db572ba94a6764cd4f333fd1c155d8498c95bfc20a8f378ce3588d5b7ef038ef,e800ed3dc8d530d7e84b4a637b91cc6d9bc1280101023ee86a27f69cfa34eec1,,
hdiff,numba,nopython-mode-parallel-range,initialization,N/A,,,,,,,,,
hdiff,numba,object-mode,initialization,N/A,,,,,,,,,
hdiff,numba,object-mode-parallel,initialization,N/A,,,,,,,,,
hdiff,numba,object-mode-parallel-range,initialization,N/A,,,,,,,,,
hdiff,dace_cpu,fusion,initialization,observed,8.95725152688101,hdiff,,1,1,db572ba94a6764cd4f333fd1c155d8498c95bfc20a8f378ce3588d5b7ef038ef,e800ed3dc8d530d7e84b4a637b91cc6d9bc1280101023ee86a27f69cfa34eec1,,
hdiff,dace_cpu,parallel,initialization,observed,9.408354936167598,hdiff,,1,1,db572ba94a6764cd4f333fd1c155d8498c95bfc20a8f378ce3588d5b7ef038ef,e800ed3dc8d530d7e84b4a637b91cc6d9bc1280101023ee86a27f69cfa34eec1,,
hdiff,dace_cpu,auto_opt,initialization,observed,8.824895591009408,hdiff,,1,1,db572ba94a6764cd4f333fd1c155d8498c95bfc20a8f378ce3588d5b7ef038ef,e800ed3dc8d530d7e84b4a637b91cc6d9bc1280101023ee86a27f69cfa34eec1,,
hdiff,dace_gpu,fusion,initialization,observed,26.581071421969682,hdiff,,1,1,db572ba94a6764cd4f333fd1c155d8498c95bfc20a8f378ce3588d5b7ef038ef,e800ed3dc8d530d7e84b4a637b91cc6d9bc1280101023ee86a27f69cfa34eec1,,
hdiff,dace_gpu,parallel,initialization,observed,26.69005433190614,hdiff,,1,1,db572ba94a6764cd4f333fd1c155d8498c95bfc20a8f378ce3588d5b7ef038ef,e800ed3dc8d530d7e84b4a637b91cc6d9bc1280101023ee86a27f69cfa34eec1,,
hdiff,dace_gpu,auto_opt,initialization,observed,26.593160702846944,hdiff,,1,1,db572ba94a6764cd4f333fd1c155d8498c95bfc20a8f378ce3588d5b7ef038ef,e800ed3dc8d530d7e84b4a637b91cc6d9bc1280101023ee86a27f69cfa34eec1,,
hdiff,cupy,default,initialization,observed,2.0447673848830163,hdiff,,1,1,db572ba94a6764cd4f333fd1c155d8498c95bfc20a8f378ce3588d5b7ef038ef,e800ed3dc8d530d7e84b4a637b91cc6d9bc1280101023ee86a27f69cfa34eec1,,
heat_3d,numpy,default,initialization,observed,0.7158247376792133,heat_3d,,1,1,30fe858bb26413e6677f8fa2af4b685936ad2acf33485956268a9184b302da55,a81cc292224c841a9ce27e90c6d26d29c8ea5a75badeca9376911772a40bf22f,,
heat_3d,numba,nopython-mode,initialization,observed,6.458601436112076,heat_3d,,1,1,30fe858bb26413e6677f8fa2af4b685936ad2acf33485956268a9184b302da55,a81cc292224c841a9ce27e90c6d26d29c8ea5a75badeca9376911772a40bf22f,,
heat_3d,numba,nopython-mode-parallel,initialization,observed,4.626929311081767,heat_3d,,1,1,30fe858bb26413e6677f8fa2af4b685936ad2acf33485956268a9184b302da55,a81cc292224c841a9ce27e90c6d26d29c8ea5a75badeca9376911772a40bf22f,,
heat_3d,numba,nopython-mode-parallel-range,initialization,N/A,,,,,,,,,
heat_3d,numba,object-mode,initialization,N/A,,,,,,,,,
heat_3d,numba,object-mode-parallel,initialization,N/A,,,,,,,,,
heat_3d,numba,object-mode-parallel-range,initialization,N/A,,,,,,,,,
heat_3d,dace_cpu,fusion,initialization,observed,12.053856790997088,heat_3d,,1,1,30fe858bb26413e6677f8fa2af4b685936ad2acf33485956268a9184b302da55,a81cc292224c841a9ce27e90c6d26d29c8ea5a75badeca9376911772a40bf22f,,
heat_3d,dace_cpu,parallel,initialization,observed,8.946702999994159,heat_3d,,1,1,30fe858bb26413e6677f8fa2af4b685936ad2acf33485956268a9184b302da55,a81cc292224c841a9ce27e90c6d26d29c8ea5a75badeca9376911772a40bf22f,,
heat_3d,dace_cpu,auto_opt,initialization,observed,10.290463716723025,heat_3d,,1,1,30fe858bb26413e6677f8fa2af4b685936ad2acf33485956268a9184b302da55,a81cc292224c841a9ce27e90c6d26d29c8ea5a75badeca9376911772a40bf22f,,
heat_3d,dace_gpu,fusion,initialization,observed,26.635221369098872,heat_3d,,1,1,30fe858bb26413e6677f8fa2af4b685936ad2acf33485956268a9184b302da55,a81cc292224c841a9ce27e90c6d26d29c8ea5a75badeca9376911772a40bf22f,,
heat_3d,dace_gpu,parallel,initialization,observed,26.688231648877263,heat_3d,,1,1,30fe858bb26413e6677f8fa2af4b685936ad2acf33485956268a9184b302da55,a81cc292224c841a9ce27e90c6d26d29c8ea5a75badeca9376911772a40bf22f,,
heat_3d,dace_gpu,auto_opt,initialization,observed,27.322003464680165,heat_3d,,1,1,30fe858bb26413e6677f8fa2af4b685936ad2acf33485956268a9184b302da55,a81cc292224c841a9ce27e90c6d26d29c8ea5a75badeca9376911772a40bf22f,,
heat_3d,cupy,default,initialization,observed,1.1857709158211946,heat_3d,,1,1,30fe858bb26413e6677f8fa2af4b685936ad2acf33485956268a9184b302da55,a81cc292224c841a9ce27e90c6d26d29c8ea5a75badeca9376911772a40bf22f,,
jacobi_1d,numpy,default,initialization,observed,0.9330027452670038,jacobi_1d,,1,1,dd2d6ec412835edbbe4a018d3544e156d3fdd08552a444b52727b05fa47d8a06,16a5a1662f12689fbf187fbb656ac8e1d9c5d1f78efc866cd0f41cf46b753592,,
jacobi_1d,numba,nopython-mode,initialization,observed,3.663746506907046,jacobi_1d,,1,1,dd2d6ec412835edbbe4a018d3544e156d3fdd08552a444b52727b05fa47d8a06,16a5a1662f12689fbf187fbb656ac8e1d9c5d1f78efc866cd0f41cf46b753592,,
jacobi_1d,numba,nopython-mode-parallel,initialization,observed,11.914910160005093,jacobi_1d,,1,1,dd2d6ec412835edbbe4a018d3544e156d3fdd08552a444b52727b05fa47d8a06,16a5a1662f12689fbf187fbb656ac8e1d9c5d1f78efc866cd0f41cf46b753592,,
jacobi_1d,numba,nopython-mode-parallel-range,initialization,N/A,,,,,,,,,
jacobi_1d,numba,object-mode,initialization,N/A,,,,,,,,,
jacobi_1d,numba,object-mode-parallel,initialization,N/A,,,,,,,,,
jacobi_1d,numba,object-mode-parallel-range,initialization,N/A,,,,,,,,,
jacobi_1d,dace_cpu,fusion,initialization,observed,11.500665922183543,jacobi_1d,,1,1,dd2d6ec412835edbbe4a018d3544e156d3fdd08552a444b52727b05fa47d8a06,16a5a1662f12689fbf187fbb656ac8e1d9c5d1f78efc866cd0f41cf46b753592,,
jacobi_1d,dace_cpu,parallel,initialization,observed,12.888628751039505,jacobi_1d,,1,1,dd2d6ec412835edbbe4a018d3544e156d3fdd08552a444b52727b05fa47d8a06,16a5a1662f12689fbf187fbb656ac8e1d9c5d1f78efc866cd0f41cf46b753592,,
jacobi_1d,dace_cpu,auto_opt,initialization,observed,7.756553470157087,jacobi_1d,,1,1,dd2d6ec412835edbbe4a018d3544e156d3fdd08552a444b52727b05fa47d8a06,16a5a1662f12689fbf187fbb656ac8e1d9c5d1f78efc866cd0f41cf46b753592,,
jacobi_1d,dace_gpu,fusion,initialization,observed,23.443071306683123,jacobi_1d,,1,1,dd2d6ec412835edbbe4a018d3544e156d3fdd08552a444b52727b05fa47d8a06,16a5a1662f12689fbf187fbb656ac8e1d9c5d1f78efc866cd0f41cf46b753592,,
jacobi_1d,dace_gpu,parallel,initialization,observed,23.066507272887975,jacobi_1d,,1,1,dd2d6ec412835edbbe4a018d3544e156d3fdd08552a444b52727b05fa47d8a06,16a5a1662f12689fbf187fbb656ac8e1d9c5d1f78efc866cd0f41cf46b753592,,
jacobi_1d,dace_gpu,auto_opt,initialization,observed,24.265657715965062,jacobi_1d,,1,1,dd2d6ec412835edbbe4a018d3544e156d3fdd08552a444b52727b05fa47d8a06,16a5a1662f12689fbf187fbb656ac8e1d9c5d1f78efc866cd0f41cf46b753592,,
jacobi_1d,cupy,default,initialization,observed,2.1545063527300954,jacobi_1d,,1,1,dd2d6ec412835edbbe4a018d3544e156d3fdd08552a444b52727b05fa47d8a06,16a5a1662f12689fbf187fbb656ac8e1d9c5d1f78efc866cd0f41cf46b753592,,
jacobi_2d,numpy,default,initialization,observed,0.7418692582286894,jacobi_2d,,1,1,bb0f1b25c2ede622f6875f9761e2dec03fcebb4785d6110e5288554d5cfdd9f9,88fcc37626b242ba2751f475ada3090117847e04203daddbc9456f9d0e7e584d,,
jacobi_2d,numba,nopython-mode,initialization,observed,4.825022734235972,jacobi_2d,,1,1,bb0f1b25c2ede622f6875f9761e2dec03fcebb4785d6110e5288554d5cfdd9f9,88fcc37626b242ba2751f475ada3090117847e04203daddbc9456f9d0e7e584d,,
jacobi_2d,numba,nopython-mode-parallel,initialization,observed,5.954851483926177,jacobi_2d,,1,1,bb0f1b25c2ede622f6875f9761e2dec03fcebb4785d6110e5288554d5cfdd9f9,88fcc37626b242ba2751f475ada3090117847e04203daddbc9456f9d0e7e584d,,
jacobi_2d,numba,nopython-mode-parallel-range,initialization,N/A,,,,,,,,,
jacobi_2d,numba,object-mode,initialization,N/A,,,,,,,,,
jacobi_2d,numba,object-mode-parallel,initialization,N/A,,,,,,,,,
jacobi_2d,numba,object-mode-parallel-range,initialization,N/A,,,,,,,,,
jacobi_2d,dace_cpu,fusion,initialization,observed,7.72362027131021,jacobi_2d,,1,1,bb0f1b25c2ede622f6875f9761e2dec03fcebb4785d6110e5288554d5cfdd9f9,88fcc37626b242ba2751f475ada3090117847e04203daddbc9456f9d0e7e584d,,
jacobi_2d,dace_cpu,parallel,initialization,observed,7.524194007273763,jacobi_2d,,1,1,bb0f1b25c2ede622f6875f9761e2dec03fcebb4785d6110e5288554d5cfdd9f9,88fcc37626b242ba2751f475ada3090117847e04203daddbc9456f9d0e7e584d,,
jacobi_2d,dace_cpu,auto_opt,initialization,observed,7.602765464223921,jacobi_2d,,1,1,bb0f1b25c2ede622f6875f9761e2dec03fcebb4785d6110e5288554d5cfdd9f9,88fcc37626b242ba2751f475ada3090117847e04203daddbc9456f9d0e7e584d,,
jacobi_2d,dace_gpu,fusion,initialization,observed,24.085311328992248,jacobi_2d,,1,1,bb0f1b25c2ede622f6875f9761e2dec03fcebb4785d6110e5288554d5cfdd9f9,88fcc37626b242ba2751f475ada3090117847e04203daddbc9456f9d0e7e584d,,
jacobi_2d,dace_gpu,parallel,initialization,observed,23.516354208812118,jacobi_2d,,1,1,bb0f1b25c2ede622f6875f9761e2dec03fcebb4785d6110e5288554d5cfdd9f9,88fcc37626b242ba2751f475ada3090117847e04203daddbc9456f9d0e7e584d,,
jacobi_2d,dace_gpu,auto_opt,initialization,observed,25.21518014697358,jacobi_2d,,1,1,bb0f1b25c2ede622f6875f9761e2dec03fcebb4785d6110e5288554d5cfdd9f9,88fcc37626b242ba2751f475ada3090117847e04203daddbc9456f9d0e7e584d,,
jacobi_2d,cupy,default,initialization,observed,0.8972387351095676,jacobi_2d,,1,1,bb0f1b25c2ede622f6875f9761e2dec03fcebb4785d6110e5288554d5cfdd9f9,88fcc37626b242ba2751f475ada3090117847e04203daddbc9456f9d0e7e584d,,
k2mm,numpy,default,initialization,observed,2.2109293341636658,k2mm,,1,1,f489fedc570b7b5da546ee0999db718675f9a6e714d3093820decf3f58d34325,65b07e1d7f5fdc00459ebb8a02ae0881674135e9bd7f454489c2d204e291d7ea,,
k2mm,numba,nopython-mode,initialization,observed,6.442804472986609,k2mm,,1,1,f489fedc570b7b5da546ee0999db718675f9a6e714d3093820decf3f58d34325,65b07e1d7f5fdc00459ebb8a02ae0881674135e9bd7f454489c2d204e291d7ea,,
k2mm,numba,nopython-mode-parallel,initialization,observed,6.76964684901759,k2mm,,1,1,f489fedc570b7b5da546ee0999db718675f9a6e714d3093820decf3f58d34325,65b07e1d7f5fdc00459ebb8a02ae0881674135e9bd7f454489c2d204e291d7ea,,
k2mm,numba,nopython-mode-parallel-range,initialization,N/A,,,,,,,,,
k2mm,numba,object-mode,initialization,N/A,,,,,,,,,
k2mm,numba,object-mode-parallel,initialization,N/A,,,,,,,,,
k2mm,numba,object-mode-parallel-range,initialization,N/A,,,,,,,,,
k2mm,dace_cpu,fusion,initialization,observed,10.452783833723515,k2mm,,1,1,f489fedc570b7b5da546ee0999db718675f9a6e714d3093820decf3f58d34325,65b07e1d7f5fdc00459ebb8a02ae0881674135e9bd7f454489c2d204e291d7ea,,
k2mm,dace_cpu,parallel,initialization,observed,9.944604415912181,k2mm,,1,1,f489fedc570b7b5da546ee0999db718675f9a6e714d3093820decf3f58d34325,65b07e1d7f5fdc00459ebb8a02ae0881674135e9bd7f454489c2d204e291d7ea,,
k2mm,dace_cpu,auto_opt,initialization,observed,10.596097548957914,k2mm,,1,1,f489fedc570b7b5da546ee0999db718675f9a6e714d3093820decf3f58d34325,65b07e1d7f5fdc00459ebb8a02ae0881674135e9bd7f454489c2d204e291d7ea,,
k2mm,dace_gpu,fusion,initialization,observed,25.912629330996424,k2mm,,1,1,f489fedc570b7b5da546ee0999db718675f9a6e714d3093820decf3f58d34325,65b07e1d7f5fdc00459ebb8a02ae0881674135e9bd7f454489c2d204e291d7ea,,
k2mm,dace_gpu,parallel,initialization,observed,25.265068490989506,k2mm,,1,1,f489fedc570b7b5da546ee0999db718675f9a6e714d3093820decf3f58d34325,65b07e1d7f5fdc00459ebb8a02ae0881674135e9bd7f454489c2d204e291d7ea,,
k2mm,dace_gpu,auto_opt,initialization,observed,26.40856627514586,k2mm,,1,1,f489fedc570b7b5da546ee0999db718675f9a6e714d3093820decf3f58d34325,65b07e1d7f5fdc00459ebb8a02ae0881674135e9bd7f454489c2d204e291d7ea,,
k2mm,cupy,default,initialization,observed,2.0978481923229992,k2mm,,1,1,f489fedc570b7b5da546ee0999db718675f9a6e714d3093820decf3f58d34325,65b07e1d7f5fdc00459ebb8a02ae0881674135e9bd7f454489c2d204e291d7ea,,
k3mm,numpy,default,initialization,observed,2.910554438829422,k3mm,,1,1,4e368169475a2a62e9d6b60f9f0f38731e82923b1a6bcbfe2a2be25f4a23617d,aad0bebb7814a2ecba71c57046d8003bc43cb0f8e9f62fa7a3c5da967acf1885,,
k3mm,numba,nopython-mode,initialization,observed,3.3014389341697097,k3mm,,1,1,4e368169475a2a62e9d6b60f9f0f38731e82923b1a6bcbfe2a2be25f4a23617d,aad0bebb7814a2ecba71c57046d8003bc43cb0f8e9f62fa7a3c5da967acf1885,,
k3mm,numba,nopython-mode-parallel,initialization,observed,2.9166546193882823,k3mm,,1,1,4e368169475a2a62e9d6b60f9f0f38731e82923b1a6bcbfe2a2be25f4a23617d,aad0bebb7814a2ecba71c57046d8003bc43cb0f8e9f62fa7a3c5da967acf1885,,
k3mm,numba,nopython-mode-parallel-range,initialization,N/A,,,,,,,,,
k3mm,numba,object-mode,initialization,N/A,,,,,,,,,
k3mm,numba,object-mode-parallel,initialization,N/A,,,,,,,,,
k3mm,numba,object-mode-parallel-range,initialization,N/A,,,,,,,,,
k3mm,dace_cpu,fusion,initialization,observed,10.327534917276353,k3mm,,1,1,4e368169475a2a62e9d6b60f9f0f38731e82923b1a6bcbfe2a2be25f4a23617d,aad0bebb7814a2ecba71c57046d8003bc43cb0f8e9f62fa7a3c5da967acf1885,,
k3mm,dace_cpu,parallel,initialization,observed,10.645838209893554,k3mm,,1,1,4e368169475a2a62e9d6b60f9f0f38731e82923b1a6bcbfe2a2be25f4a23617d,aad0bebb7814a2ecba71c57046d8003bc43cb0f8e9f62fa7a3c5da967acf1885,,
k3mm,dace_cpu,auto_opt,initialization,observed,10.340289637912065,k3mm,,1,1,4e368169475a2a62e9d6b60f9f0f38731e82923b1a6bcbfe2a2be25f4a23617d,aad0bebb7814a2ecba71c57046d8003bc43cb0f8e9f62fa7a3c5da967acf1885,,
k3mm,dace_gpu,fusion,initialization,observed,25.39816907607019,k3mm,,1,1,4e368169475a2a62e9d6b60f9f0f38731e82923b1a6bcbfe2a2be25f4a23617d,aad0bebb7814a2ecba71c57046d8003bc43cb0f8e9f62fa7a3c5da967acf1885,,
k3mm,dace_gpu,parallel,initialization,observed,25.95840795431286,k3mm,,1,1,4e368169475a2a62e9d6b60f9f0f38731e82923b1a6bcbfe2a2be25f4a23617d,aad0bebb7814a2ecba71c57046d8003bc43cb0f8e9f62fa7a3c5da967acf1885,,
k3mm,dace_gpu,auto_opt,initialization,observed,25.277339932043105,k3mm,,1,1,4e368169475a2a62e9d6b60f9f0f38731e82923b1a6bcbfe2a2be25f4a23617d,aad0bebb7814a2ecba71c57046d8003bc43cb0f8e9f62fa7a3c5da967acf1885,,
k3mm,cupy,default,initialization,observed,1.9112180839292705,k3mm,,1,1,4e368169475a2a62e9d6b60f9f0f38731e82923b1a6bcbfe2a2be25f4a23617d,aad0bebb7814a2ecba71c57046d8003bc43cb0f8e9f62fa7a3c5da967acf1885,,
lenet,numpy,default,initialization,observed,1.1061678072437644,lenet,,1,1,c03e6ed4aa80ca847e538ab41f9b22060f454237935c67944c81ced7dd93a48b,914661bfde93da5c2e7b1ef256bf97775e395b5980f08a299cd8040e92c0b6ea,,
lenet,numba,nopython-mode,initialization,observed,34.97239969717339,lenet,,1,1,c03e6ed4aa80ca847e538ab41f9b22060f454237935c67944c81ced7dd93a48b,914661bfde93da5c2e7b1ef256bf97775e395b5980f08a299cd8040e92c0b6ea,,
lenet,numba,nopython-mode-parallel,initialization,observed,135.4249222362414,lenet,,1,1,c03e6ed4aa80ca847e538ab41f9b22060f454237935c67944c81ced7dd93a48b,914661bfde93da5c2e7b1ef256bf97775e395b5980f08a299cd8040e92c0b6ea,,
lenet,numba,nopython-mode-parallel-range,initialization,observed,53.57194124208763,lenet,,1,1,c03e6ed4aa80ca847e538ab41f9b22060f454237935c67944c81ced7dd93a48b,914661bfde93da5c2e7b1ef256bf97775e395b5980f08a299cd8040e92c0b6ea,,
lenet,numba,object-mode,initialization,error,,lenet,,0,0,c03e6ed4aa80ca847e538ab41f9b22060f454237935c67944c81ced7dd93a48b,914661bfde93da5c2e7b1ef256bf97775e395b5980f08a299cd8040e92c0b6ea,,
lenet,numba,object-mode-parallel,initialization,error,,lenet,,0,0,c03e6ed4aa80ca847e538ab41f9b22060f454237935c67944c81ced7dd93a48b,914661bfde93da5c2e7b1ef256bf97775e395b5980f08a299cd8040e92c0b6ea,,
lenet,numba,object-mode-parallel-range,initialization,observed,5.323483441956341,lenet,,1,1,c03e6ed4aa80ca847e538ab41f9b22060f454237935c67944c81ced7dd93a48b,914661bfde93da5c2e7b1ef256bf97775e395b5980f08a299cd8040e92c0b6ea,,
lenet,dace_cpu,fusion,initialization,observed,22.215500634163618,lenet,,1,1,c03e6ed4aa80ca847e538ab41f9b22060f454237935c67944c81ced7dd93a48b,914661bfde93da5c2e7b1ef256bf97775e395b5980f08a299cd8040e92c0b6ea,,
lenet,dace_cpu,parallel,initialization,observed,22.742724264971912,lenet,,1,1,c03e6ed4aa80ca847e538ab41f9b22060f454237935c67944c81ced7dd93a48b,914661bfde93da5c2e7b1ef256bf97775e395b5980f08a299cd8040e92c0b6ea,,
lenet,dace_cpu,auto_opt,initialization,observed,18.374189427122474,lenet,,1,1,c03e6ed4aa80ca847e538ab41f9b22060f454237935c67944c81ced7dd93a48b,914661bfde93da5c2e7b1ef256bf97775e395b5980f08a299cd8040e92c0b6ea,,
lenet,dace_gpu,fusion,initialization,error,,lenet,,0,0,c03e6ed4aa80ca847e538ab41f9b22060f454237935c67944c81ced7dd93a48b,914661bfde93da5c2e7b1ef256bf97775e395b5980f08a299cd8040e92c0b6ea,,
lenet,dace_gpu,parallel,initialization,terminated,,lenet,,0,0,c03e6ed4aa80ca847e538ab41f9b22060f454237935c67944c81ced7dd93a48b,914661bfde93da5c2e7b1ef256bf97775e395b5980f08a299cd8040e92c0b6ea,,
lenet,dace_gpu,auto_opt,initialization,terminated,,lenet,,0,0,c03e6ed4aa80ca847e538ab41f9b22060f454237935c67944c81ced7dd93a48b,914661bfde93da5c2e7b1ef256bf97775e395b5980f08a299cd8040e92c0b6ea,,
lenet,cupy,default,initialization,observed,5.393859545700252,lenet,,1,1,c03e6ed4aa80ca847e538ab41f9b22060f454237935c67944c81ced7dd93a48b,914661bfde93da5c2e7b1ef256bf97775e395b5980f08a299cd8040e92c0b6ea,,
lu,numpy,default,initialization,observed,1.3111815750598907,lu,,1,1,a94cc969fb7abca21f73c7702df3d7b5782724193307a4c14a3543791e733d27,9ac2f818703fa8aa1a82579828bb4b9f516a133a9d2de36086ba8af196680084,,
lu,numba,nopython-mode,initialization,observed,1.0699980007484555,lu,,1,1,a94cc969fb7abca21f73c7702df3d7b5782724193307a4c14a3543791e733d27,9ac2f818703fa8aa1a82579828bb4b9f516a133a9d2de36086ba8af196680084,,
lu,numba,nopython-mode-parallel,initialization,observed,1.2985168537124991,lu,,1,1,a94cc969fb7abca21f73c7702df3d7b5782724193307a4c14a3543791e733d27,9ac2f818703fa8aa1a82579828bb4b9f516a133a9d2de36086ba8af196680084,,
lu,numba,nopython-mode-parallel-range,initialization,N/A,,,,,,,,,
lu,numba,object-mode,initialization,N/A,,,,,,,,,
lu,numba,object-mode-parallel,initialization,N/A,,,,,,,,,
lu,numba,object-mode-parallel-range,initialization,N/A,,,,,,,,,
lu,dace_cpu,fusion,initialization,observed,7.42715958179906,lu,,1,1,a94cc969fb7abca21f73c7702df3d7b5782724193307a4c14a3543791e733d27,9ac2f818703fa8aa1a82579828bb4b9f516a133a9d2de36086ba8af196680084,,
lu,dace_cpu,parallel,initialization,observed,8.078511223662645,lu,,1,1,a94cc969fb7abca21f73c7702df3d7b5782724193307a4c14a3543791e733d27,9ac2f818703fa8aa1a82579828bb4b9f516a133a9d2de36086ba8af196680084,,
lu,dace_cpu,auto_opt,initialization,observed,8.091028229799122,lu,,1,1,a94cc969fb7abca21f73c7702df3d7b5782724193307a4c14a3543791e733d27,9ac2f818703fa8aa1a82579828bb4b9f516a133a9d2de36086ba8af196680084,,
lu,dace_gpu,fusion,initialization,observed,37.711796834133565,lu,,1,1,a94cc969fb7abca21f73c7702df3d7b5782724193307a4c14a3543791e733d27,9ac2f818703fa8aa1a82579828bb4b9f516a133a9d2de36086ba8af196680084,,
lu,dace_gpu,parallel,initialization,observed,35.61761504318565,lu,,1,1,a94cc969fb7abca21f73c7702df3d7b5782724193307a4c14a3543791e733d27,9ac2f818703fa8aa1a82579828bb4b9f516a133a9d2de36086ba8af196680084,,
lu,dace_gpu,auto_opt,initialization,observed,32.7889325148426,lu,,1,1,a94cc969fb7abca21f73c7702df3d7b5782724193307a4c14a3543791e733d27,9ac2f818703fa8aa1a82579828bb4b9f516a133a9d2de36086ba8af196680084,,
lu,cupy,default,initialization,observed,44.36192465014756,lu,,1,1,a94cc969fb7abca21f73c7702df3d7b5782724193307a4c14a3543791e733d27,9ac2f818703fa8aa1a82579828bb4b9f516a133a9d2de36086ba8af196680084,,
ludcmp,numpy,default,initialization,observed,1.3158224578946829,ludcmp,,1,1,08caec57fa049fbfa751e34e1064de164ddf556d58ef07942503bdb64d23c766,55b9887d27df7b3dc3b8b2e1875facca1a285d1891e4df442fdd18cc865cc7b0,,
ludcmp,numba,nopython-mode,initialization,observed,1.8598755989223719,ludcmp,,1,1,08caec57fa049fbfa751e34e1064de164ddf556d58ef07942503bdb64d23c766,55b9887d27df7b3dc3b8b2e1875facca1a285d1891e4df442fdd18cc865cc7b0,,
ludcmp,numba,nopython-mode-parallel,initialization,observed,1.5263622258789837,ludcmp,,1,1,08caec57fa049fbfa751e34e1064de164ddf556d58ef07942503bdb64d23c766,55b9887d27df7b3dc3b8b2e1875facca1a285d1891e4df442fdd18cc865cc7b0,,
ludcmp,numba,nopython-mode-parallel-range,initialization,N/A,,,,,,,,,
ludcmp,numba,object-mode,initialization,N/A,,,,,,,,,
ludcmp,numba,object-mode-parallel,initialization,N/A,,,,,,,,,
ludcmp,numba,object-mode-parallel-range,initialization,N/A,,,,,,,,,
ludcmp,dace_cpu,fusion,initialization,observed,9.113136226776987,ludcmp,,1,1,08caec57fa049fbfa751e34e1064de164ddf556d58ef07942503bdb64d23c766,55b9887d27df7b3dc3b8b2e1875facca1a285d1891e4df442fdd18cc865cc7b0,,
ludcmp,dace_cpu,parallel,initialization,observed,9.484173050150275,ludcmp,,1,1,08caec57fa049fbfa751e34e1064de164ddf556d58ef07942503bdb64d23c766,55b9887d27df7b3dc3b8b2e1875facca1a285d1891e4df442fdd18cc865cc7b0,,
ludcmp,dace_cpu,auto_opt,initialization,observed,9.39109695982188,ludcmp,,1,1,08caec57fa049fbfa751e34e1064de164ddf556d58ef07942503bdb64d23c766,55b9887d27df7b3dc3b8b2e1875facca1a285d1891e4df442fdd18cc865cc7b0,,
ludcmp,dace_gpu,fusion,initialization,observed,37.8421868882142,ludcmp,,1,1,08caec57fa049fbfa751e34e1064de164ddf556d58ef07942503bdb64d23c766,55b9887d27df7b3dc3b8b2e1875facca1a285d1891e4df442fdd18cc865cc7b0,,
ludcmp,dace_gpu,parallel,initialization,observed,38.13815686292946,ludcmp,,1,1,08caec57fa049fbfa751e34e1064de164ddf556d58ef07942503bdb64d23c766,55b9887d27df7b3dc3b8b2e1875facca1a285d1891e4df442fdd18cc865cc7b0,,
ludcmp,dace_gpu,auto_opt,initialization,observed,36.01309609087184,ludcmp,,1,1,08caec57fa049fbfa751e34e1064de164ddf556d58ef07942503bdb64d23c766,55b9887d27df7b3dc3b8b2e1875facca1a285d1891e4df442fdd18cc865cc7b0,,
ludcmp,cupy,default,initialization,observed,40.9051949349232,ludcmp,,1,1,08caec57fa049fbfa751e34e1064de164ddf556d58ef07942503bdb64d23c766,55b9887d27df7b3dc3b8b2e1875facca1a285d1891e4df442fdd18cc865cc7b0,,
mandelbrot1,numpy,default,initialization,observed,0.7361361598595977,mandelbrot1,,1,1,7ec93ae18ee3844a817e6cc0a79455bc5862c76f047319aefde16f510ddde641,498529c7a9dcc40ab333461ec82b7c16a88eb9014a98ba9ee2910dd66fb9e062,,
mandelbrot1,numba,nopython-mode,initialization,validation,,mandelbrot1,,0,0,7ec93ae18ee3844a817e6cc0a79455bc5862c76f047319aefde16f510ddde641,498529c7a9dcc40ab333461ec82b7c16a88eb9014a98ba9ee2910dd66fb9e062,,
mandelbrot1,numba,nopython-mode-parallel,initialization,validation,,mandelbrot1,,0,0,7ec93ae18ee3844a817e6cc0a79455bc5862c76f047319aefde16f510ddde641,498529c7a9dcc40ab333461ec82b7c16a88eb9014a98ba9ee2910dd66fb9e062,,
mandelbrot1,numba,nopython-mode-parallel-range,initialization,validation,,mandelbrot1,,0,0,7ec93ae18ee3844a817e6cc0a79455bc5862c76f047319aefde16f510ddde641,498529c7a9dcc40ab333461ec82b7c16a88eb9014a98ba9ee2910dd66fb9e062,,
mandelbrot1,numba,object-mode,initialization,observed,2.4166291560977697,mandelbrot1,,1,1,7ec93ae18ee3844a817e6cc0a79455bc5862c76f047319aefde16f510ddde641,498529c7a9dcc40ab333461ec82b7c16a88eb9014a98ba9ee2910dd66fb9e062,,
mandelbrot1,numba,object-mode-parallel,initialization,observed,2.1899723508395255,mandelbrot1,,1,1,7ec93ae18ee3844a817e6cc0a79455bc5862c76f047319aefde16f510ddde641,498529c7a9dcc40ab333461ec82b7c16a88eb9014a98ba9ee2910dd66fb9e062,,
mandelbrot1,numba,object-mode-parallel-range,initialization,N/A,,,,,,,,,
mandelbrot1,dace_cpu,fusion,initialization,validation,,mandelbrot1,,0,0,7ec93ae18ee3844a817e6cc0a79455bc5862c76f047319aefde16f510ddde641,498529c7a9dcc40ab333461ec82b7c16a88eb9014a98ba9ee2910dd66fb9e062,,
mandelbrot1,dace_cpu,parallel,initialization,validation,,mandelbrot1,,0,0,7ec93ae18ee3844a817e6cc0a79455bc5862c76f047319aefde16f510ddde641,498529c7a9dcc40ab333461ec82b7c16a88eb9014a98ba9ee2910dd66fb9e062,,
mandelbrot1,dace_cpu,auto_opt,initialization,validation,,mandelbrot1,,0,0,7ec93ae18ee3844a817e6cc0a79455bc5862c76f047319aefde16f510ddde641,498529c7a9dcc40ab333461ec82b7c16a88eb9014a98ba9ee2910dd66fb9e062,,
mandelbrot1,dace_gpu,fusion,initialization,validation,,mandelbrot1,,0,0,7ec93ae18ee3844a817e6cc0a79455bc5862c76f047319aefde16f510ddde641,498529c7a9dcc40ab333461ec82b7c16a88eb9014a98ba9ee2910dd66fb9e062,,
mandelbrot1,dace_gpu,parallel,initialization,validation,,mandelbrot1,,0,0,7ec93ae18ee3844a817e6cc0a79455bc5862c76f047319aefde16f510ddde641,498529c7a9dcc40ab333461ec82b7c16a88eb9014a98ba9ee2910dd66fb9e062,,
mandelbrot1,dace_gpu,auto_opt,initialization,validation,,mandelbrot1,,0,0,7ec93ae18ee3844a817e6cc0a79455bc5862c76f047319aefde16f510ddde641,498529c7a9dcc40ab333461ec82b7c16a88eb9014a98ba9ee2910dd66fb9e062,,
mandelbrot1,cupy,default,initialization,validation,,mandelbrot1,,0,0,7ec93ae18ee3844a817e6cc0a79455bc5862c76f047319aefde16f510ddde641,498529c7a9dcc40ab333461ec82b7c16a88eb9014a98ba9ee2910dd66fb9e062,,
mandelbrot2,numpy,default,initialization,observed,0.393826347310096,mandelbrot2,,1,1,7fb4071f3c8e581537c1201436e2e0f64673e094a239bc776fcd1d6c96095d69,e953c506eaf95aed1da28b70ad9b9cbb5c4d6ed77213ce344c94cdacbc5b6ae1,,
mandelbrot2,numba,nopython-mode,initialization,observed,2.9376358329318464,mandelbrot2,,1,1,7fb4071f3c8e581537c1201436e2e0f64673e094a239bc776fcd1d6c96095d69,e953c506eaf95aed1da28b70ad9b9cbb5c4d6ed77213ce344c94cdacbc5b6ae1,,
mandelbrot2,numba,nopython-mode-parallel,initialization,N/A,,,,,,,,,
mandelbrot2,numba,nopython-mode-parallel-range,initialization,N/A,,,,,,,,,
mandelbrot2,numba,object-mode,initialization,observed,2.3408714840188622,mandelbrot2,,1,1,7fb4071f3c8e581537c1201436e2e0f64673e094a239bc776fcd1d6c96095d69,e953c506eaf95aed1da28b70ad9b9cbb5c4d6ed77213ce344c94cdacbc5b6ae1,,
mandelbrot2,numba,object-mode-parallel,initialization,observed,2.11795953521505,mandelbrot2,,1,1,7fb4071f3c8e581537c1201436e2e0f64673e094a239bc776fcd1d6c96095d69,e953c506eaf95aed1da28b70ad9b9cbb5c4d6ed77213ce344c94cdacbc5b6ae1,,
mandelbrot2,numba,object-mode-parallel-range,initialization,N/A,,,,,,,,,
mandelbrot2,dace_cpu,fusion,initialization,error,,mandelbrot2,,0,0,7fb4071f3c8e581537c1201436e2e0f64673e094a239bc776fcd1d6c96095d69,e953c506eaf95aed1da28b70ad9b9cbb5c4d6ed77213ce344c94cdacbc5b6ae1,,
mandelbrot2,dace_cpu,parallel,initialization,error,,mandelbrot2,,0,0,7fb4071f3c8e581537c1201436e2e0f64673e094a239bc776fcd1d6c96095d69,e953c506eaf95aed1da28b70ad9b9cbb5c4d6ed77213ce344c94cdacbc5b6ae1,,
mandelbrot2,dace_cpu,auto_opt,initialization,error,,mandelbrot2,,0,0,7fb4071f3c8e581537c1201436e2e0f64673e094a239bc776fcd1d6c96095d69,e953c506eaf95aed1da28b70ad9b9cbb5c4d6ed77213ce344c94cdacbc5b6ae1,,
mandelbrot2,dace_gpu,fusion,initialization,error,,mandelbrot2,,0,0,7fb4071f3c8e581537c1201436e2e0f64673e094a239bc776fcd1d6c96095d69,e953c506eaf95aed1da28b70ad9b9cbb5c4d6ed77213ce344c94cdacbc5b6ae1,,
mandelbrot2,dace_gpu,parallel,initialization,error,,mandelbrot2,,0,0,7fb4071f3c8e581537c1201436e2e0f64673e094a239bc776fcd1d6c96095d69,e953c506eaf95aed1da28b70ad9b9cbb5c4d6ed77213ce344c94cdacbc5b6ae1,,
mandelbrot2,dace_gpu,auto_opt,initialization,error,,mandelbrot2,,0,0,7fb4071f3c8e581537c1201436e2e0f64673e094a239bc776fcd1d6c96095d69,e953c506eaf95aed1da28b70ad9b9cbb5c4d6ed77213ce344c94cdacbc5b6ae1,,
mandelbrot2,cupy,default,initialization,observed,3.266545271035284,mandelbrot2,,1,1,7fb4071f3c8e581537c1201436e2e0f64673e094a239bc776fcd1d6c96095d69,e953c506eaf95aed1da28b70ad9b9cbb5c4d6ed77213ce344c94cdacbc5b6ae1,,
mlp,numpy,default,initialization,observed,0.30217056116089225,mlp,,1,1,5a57834b626ad11a97469e2ed2472df251c3e8ff143b8d8d463672e399d900be,87c94f9c003ff974cd198163ffe2fd3948bacd6ba11c6c91faa770e7bcee04e9,,
mlp,numba,nopython-mode,initialization,observed,4.686780816875398,mlp_rowmax,,3,3,5a57834b626ad11a97469e2ed2472df251c3e8ff143b8d8d463672e399d900be,87c94f9c003ff974cd198163ffe2fd3948bacd6ba11c6c91faa770e7bcee04e9,,between_process_variability
mlp,numba,nopython-mode-parallel,initialization,observed,5.5300102713517845,mlp_rowmax,,3,3,5a57834b626ad11a97469e2ed2472df251c3e8ff143b8d8d463672e399d900be,87c94f9c003ff974cd198163ffe2fd3948bacd6ba11c6c91faa770e7bcee04e9,,
mlp,numba,nopython-mode-parallel-range,initialization,observed,5.666933577042073,mlp_rowmax,,3,3,5a57834b626ad11a97469e2ed2472df251c3e8ff143b8d8d463672e399d900be,87c94f9c003ff974cd198163ffe2fd3948bacd6ba11c6c91faa770e7bcee04e9,,
mlp,numba,object-mode,initialization,observed,2.0170405018143356,mlp,,1,1,5a57834b626ad11a97469e2ed2472df251c3e8ff143b8d8d463672e399d900be,87c94f9c003ff974cd198163ffe2fd3948bacd6ba11c6c91faa770e7bcee04e9,,
mlp,numba,object-mode-parallel,initialization,observed,0.72721943911165,mlp,,1,1,5a57834b626ad11a97469e2ed2472df251c3e8ff143b8d8d463672e399d900be,87c94f9c003ff974cd198163ffe2fd3948bacd6ba11c6c91faa770e7bcee04e9,,
mlp,numba,object-mode-parallel-range,initialization,N/A,,,,,,,,,
mlp,dace_cpu,fusion,initialization,observed,10.06669110013172,mlp,,1,1,5a57834b626ad11a97469e2ed2472df251c3e8ff143b8d8d463672e399d900be,87c94f9c003ff974cd198163ffe2fd3948bacd6ba11c6c91faa770e7bcee04e9,,
mlp,dace_cpu,parallel,initialization,observed,9.617677529808134,mlp,,1,1,5a57834b626ad11a97469e2ed2472df251c3e8ff143b8d8d463672e399d900be,87c94f9c003ff974cd198163ffe2fd3948bacd6ba11c6c91faa770e7bcee04e9,,
mlp,dace_cpu,auto_opt,initialization,observed,9.813369386829436,mlp,,1,1,5a57834b626ad11a97469e2ed2472df251c3e8ff143b8d8d463672e399d900be,87c94f9c003ff974cd198163ffe2fd3948bacd6ba11c6c91faa770e7bcee04e9,,
mlp,dace_gpu,fusion,initialization,observed,32.05190148204565,mlp,,1,1,5a57834b626ad11a97469e2ed2472df251c3e8ff143b8d8d463672e399d900be,87c94f9c003ff974cd198163ffe2fd3948bacd6ba11c6c91faa770e7bcee04e9,,
mlp,dace_gpu,parallel,initialization,observed,33.066156620159745,mlp,,1,1,5a57834b626ad11a97469e2ed2472df251c3e8ff143b8d8d463672e399d900be,87c94f9c003ff974cd198163ffe2fd3948bacd6ba11c6c91faa770e7bcee04e9,,
mlp,dace_gpu,auto_opt,initialization,observed,34.572569899261,mlp,,1,1,5a57834b626ad11a97469e2ed2472df251c3e8ff143b8d8d463672e399d900be,87c94f9c003ff974cd198163ffe2fd3948bacd6ba11c6c91faa770e7bcee04e9,,
mlp,cupy,default,initialization,observed,6.754996418021619,mlp,,1,1,5a57834b626ad11a97469e2ed2472df251c3e8ff143b8d8d463672e399d900be,87c94f9c003ff974cd198163ffe2fd3948bacd6ba11c6c91faa770e7bcee04e9,,
mvt,numpy,default,initialization,observed,0.14880966627970338,mvt,,1,1,6d38d7a7e4ccc0cd21261ff27458bbfec43022e90858441b148c763f459bdc05,31a7a541d3eb3d99e166c80b243812e6678c96f5f504254d1acff781fbc1da55,,
mvt,numba,nopython-mode,initialization,observed,2.142551082652062,mvt,,1,1,6d38d7a7e4ccc0cd21261ff27458bbfec43022e90858441b148c763f459bdc05,31a7a541d3eb3d99e166c80b243812e6678c96f5f504254d1acff781fbc1da55,,
mvt,numba,nopython-mode-parallel,initialization,observed,0.13332420634105802,mvt,,1,1,6d38d7a7e4ccc0cd21261ff27458bbfec43022e90858441b148c763f459bdc05,31a7a541d3eb3d99e166c80b243812e6678c96f5f504254d1acff781fbc1da55,,
mvt,numba,nopython-mode-parallel-range,initialization,N/A,,,,,,,,,
mvt,numba,object-mode,initialization,N/A,,,,,,,,,
mvt,numba,object-mode-parallel,initialization,N/A,,,,,,,,,
mvt,numba,object-mode-parallel-range,initialization,N/A,,,,,,,,,
mvt,dace_cpu,fusion,initialization,observed,8.019035278819501,mvt,,1,1,6d38d7a7e4ccc0cd21261ff27458bbfec43022e90858441b148c763f459bdc05,31a7a541d3eb3d99e166c80b243812e6678c96f5f504254d1acff781fbc1da55,,
mvt,dace_cpu,parallel,initialization,observed,8.117608161177486,mvt,,1,1,6d38d7a7e4ccc0cd21261ff27458bbfec43022e90858441b148c763f459bdc05,31a7a541d3eb3d99e166c80b243812e6678c96f5f504254d1acff781fbc1da55,,
mvt,dace_cpu,auto_opt,initialization,observed,7.8437756188213825,mvt,,1,1,6d38d7a7e4ccc0cd21261ff27458bbfec43022e90858441b148c763f459bdc05,31a7a541d3eb3d99e166c80b243812e6678c96f5f504254d1acff781fbc1da55,,
mvt,dace_gpu,fusion,initialization,observed,29.35436182981357,mvt,,1,1,6d38d7a7e4ccc0cd21261ff27458bbfec43022e90858441b148c763f459bdc05,31a7a541d3eb3d99e166c80b243812e6678c96f5f504254d1acff781fbc1da55,,
mvt,dace_gpu,parallel,initialization,observed,28.301522678229958,mvt,,1,1,6d38d7a7e4ccc0cd21261ff27458bbfec43022e90858441b148c763f459bdc05,31a7a541d3eb3d99e166c80b243812e6678c96f5f504254d1acff781fbc1da55,,
mvt,dace_gpu,auto_opt,initialization,observed,27.448345596902072,mvt,,1,1,6d38d7a7e4ccc0cd21261ff27458bbfec43022e90858441b148c763f459bdc05,31a7a541d3eb3d99e166c80b243812e6678c96f5f504254d1acff781fbc1da55,,
mvt,cupy,default,initialization,observed,3.424843600951135,mvt,,1,1,6d38d7a7e4ccc0cd21261ff27458bbfec43022e90858441b148c763f459bdc05,31a7a541d3eb3d99e166c80b243812e6678c96f5f504254d1acff781fbc1da55,,
nbody,numpy,default,initialization,validation,,nbody,,0,0,eb19dd29eced1356f5981ddd1d68235062b1cd0e3e730e4069acc2a4f30a6512,369f565b2cc3f4d1e7431a758f71f09b2fb5270f7b56b9b6b5de37373d88c636,,
nbody,numba,nopython-mode,initialization,validation,,nbody,,0,0,eb19dd29eced1356f5981ddd1d68235062b1cd0e3e730e4069acc2a4f30a6512,369f565b2cc3f4d1e7431a758f71f09b2fb5270f7b56b9b6b5de37373d88c636,,
nbody,numba,nopython-mode-parallel,initialization,N/A,,,,,,,,,
nbody,numba,nopython-mode-parallel-range,initialization,N/A,,,,,,,,,
nbody,numba,object-mode,initialization,validation,,nbody,,0,0,eb19dd29eced1356f5981ddd1d68235062b1cd0e3e730e4069acc2a4f30a6512,369f565b2cc3f4d1e7431a758f71f09b2fb5270f7b56b9b6b5de37373d88c636,,
nbody,numba,object-mode-parallel,initialization,validation,,nbody,,0,0,eb19dd29eced1356f5981ddd1d68235062b1cd0e3e730e4069acc2a4f30a6512,369f565b2cc3f4d1e7431a758f71f09b2fb5270f7b56b9b6b5de37373d88c636,,
nbody,numba,object-mode-parallel-range,initialization,N/A,,,,,,,,,
nbody,dace_cpu,fusion,initialization,validation,,nbody,,0,0,eb19dd29eced1356f5981ddd1d68235062b1cd0e3e730e4069acc2a4f30a6512,369f565b2cc3f4d1e7431a758f71f09b2fb5270f7b56b9b6b5de37373d88c636,,
nbody,dace_cpu,parallel,initialization,validation,,nbody,,0,0,eb19dd29eced1356f5981ddd1d68235062b1cd0e3e730e4069acc2a4f30a6512,369f565b2cc3f4d1e7431a758f71f09b2fb5270f7b56b9b6b5de37373d88c636,,
nbody,dace_cpu,auto_opt,initialization,validation,,nbody,,0,0,eb19dd29eced1356f5981ddd1d68235062b1cd0e3e730e4069acc2a4f30a6512,369f565b2cc3f4d1e7431a758f71f09b2fb5270f7b56b9b6b5de37373d88c636,,
nbody,dace_gpu,fusion,initialization,validation,,nbody,,0,0,eb19dd29eced1356f5981ddd1d68235062b1cd0e3e730e4069acc2a4f30a6512,369f565b2cc3f4d1e7431a758f71f09b2fb5270f7b56b9b6b5de37373d88c636,,
nbody,dace_gpu,parallel,initialization,validation,,nbody,,0,0,eb19dd29eced1356f5981ddd1d68235062b1cd0e3e730e4069acc2a4f30a6512,369f565b2cc3f4d1e7431a758f71f09b2fb5270f7b56b9b6b5de37373d88c636,,
nbody,dace_gpu,auto_opt,initialization,validation,,nbody,,0,0,eb19dd29eced1356f5981ddd1d68235062b1cd0e3e730e4069acc2a4f30a6512,369f565b2cc3f4d1e7431a758f71f09b2fb5270f7b56b9b6b5de37373d88c636,,
nbody,cupy,default,initialization,validation,,nbody,,0,0,eb19dd29eced1356f5981ddd1d68235062b1cd0e3e730e4069acc2a4f30a6512,369f565b2cc3f4d1e7431a758f71f09b2fb5270f7b56b9b6b5de37373d88c636,,
nussinov,numpy,default,initialization,observed,1.037553166039288,nussinov,,1,1,7de19d1b6c54c559477765ce530898d3c0e580b07d787f443f19ff85acf43418,05b880e157b9ee387cb9be1fa3b10e2f4efe7bed764c6b129b8b31ad87b8df2a,,
nussinov,numba,nopython-mode,initialization,observed,1.0347153428010643,nussinov,,1,1,7de19d1b6c54c559477765ce530898d3c0e580b07d787f443f19ff85acf43418,05b880e157b9ee387cb9be1fa3b10e2f4efe7bed764c6b129b8b31ad87b8df2a,,
nussinov,numba,nopython-mode-parallel,initialization,observed,1.883261158131063,nussinov,,1,1,7de19d1b6c54c559477765ce530898d3c0e580b07d787f443f19ff85acf43418,05b880e157b9ee387cb9be1fa3b10e2f4efe7bed764c6b129b8b31ad87b8df2a,,
nussinov,numba,nopython-mode-parallel-range,initialization,N/A,,,,,,,,,
nussinov,numba,object-mode,initialization,N/A,,,,,,,,,
nussinov,numba,object-mode-parallel,initialization,N/A,,,,,,,,,
nussinov,numba,object-mode-parallel-range,initialization,N/A,,,,,,,,,
nussinov,dace_cpu,fusion,initialization,observed,7.602158050052822,nussinov,,1,1,7de19d1b6c54c559477765ce530898d3c0e580b07d787f443f19ff85acf43418,05b880e157b9ee387cb9be1fa3b10e2f4efe7bed764c6b129b8b31ad87b8df2a,,
nussinov,dace_cpu,parallel,initialization,observed,7.553409188985825,nussinov,,1,1,7de19d1b6c54c559477765ce530898d3c0e580b07d787f443f19ff85acf43418,05b880e157b9ee387cb9be1fa3b10e2f4efe7bed764c6b129b8b31ad87b8df2a,,
nussinov,dace_cpu,auto_opt,initialization,observed,8.416657428722829,nussinov,,1,1,7de19d1b6c54c559477765ce530898d3c0e580b07d787f443f19ff85acf43418,05b880e157b9ee387cb9be1fa3b10e2f4efe7bed764c6b129b8b31ad87b8df2a,,
nussinov,dace_gpu,fusion,initialization,observed,74.79433048935607,nussinov,,1,1,7de19d1b6c54c559477765ce530898d3c0e580b07d787f443f19ff85acf43418,05b880e157b9ee387cb9be1fa3b10e2f4efe7bed764c6b129b8b31ad87b8df2a,,
nussinov,dace_gpu,parallel,initialization,observed,76.98463614610955,nussinov,,1,1,7de19d1b6c54c559477765ce530898d3c0e580b07d787f443f19ff85acf43418,05b880e157b9ee387cb9be1fa3b10e2f4efe7bed764c6b129b8b31ad87b8df2a,,
nussinov,dace_gpu,auto_opt,initialization,observed,80.35382881201804,nussinov,,1,1,7de19d1b6c54c559477765ce530898d3c0e580b07d787f443f19ff85acf43418,05b880e157b9ee387cb9be1fa3b10e2f4efe7bed764c6b129b8b31ad87b8df2a,,
nussinov,cupy,default,initialization,observed,83.5971072530374,nussinov,,1,1,7de19d1b6c54c559477765ce530898d3c0e580b07d787f443f19ff85acf43418,05b880e157b9ee387cb9be1fa3b10e2f4efe7bed764c6b129b8b31ad87b8df2a,,
resnet,numpy,default,initialization,observed,1.0153009011410177,resnet,,1,1,9c64e5659fe9a99f38dfdee95f8c4b5ec1e0daa0e4544948c4f88bb50e6edbfa,070b0fcd2b4f101302a58108dce79a6ea1d6fdbdf9be753fec768d1818ea7464,,
resnet,numba,nopython-mode,initialization,validation,,resnet,,0,0,9c64e5659fe9a99f38dfdee95f8c4b5ec1e0daa0e4544948c4f88bb50e6edbfa,070b0fcd2b4f101302a58108dce79a6ea1d6fdbdf9be753fec768d1818ea7464,,
resnet,numba,nopython-mode-parallel,initialization,validation,,resnet,,0,0,9c64e5659fe9a99f38dfdee95f8c4b5ec1e0daa0e4544948c4f88bb50e6edbfa,070b0fcd2b4f101302a58108dce79a6ea1d6fdbdf9be753fec768d1818ea7464,,
resnet,numba,nopython-mode-parallel-range,initialization,validation,,resnet,,0,0,9c64e5659fe9a99f38dfdee95f8c4b5ec1e0daa0e4544948c4f88bb50e6edbfa,070b0fcd2b4f101302a58108dce79a6ea1d6fdbdf9be753fec768d1818ea7464,,
resnet,numba,object-mode,initialization,error,,resnet,,0,0,9c64e5659fe9a99f38dfdee95f8c4b5ec1e0daa0e4544948c4f88bb50e6edbfa,070b0fcd2b4f101302a58108dce79a6ea1d6fdbdf9be753fec768d1818ea7464,,
resnet,numba,object-mode-parallel,initialization,error,,resnet,,0,0,9c64e5659fe9a99f38dfdee95f8c4b5ec1e0daa0e4544948c4f88bb50e6edbfa,070b0fcd2b4f101302a58108dce79a6ea1d6fdbdf9be753fec768d1818ea7464,,
resnet,numba,object-mode-parallel-range,initialization,observed,4.701267703436315,resnet,,1,1,9c64e5659fe9a99f38dfdee95f8c4b5ec1e0daa0e4544948c4f88bb50e6edbfa,070b0fcd2b4f101302a58108dce79a6ea1d6fdbdf9be753fec768d1818ea7464,,
resnet,dace_cpu,fusion,initialization,observed,19.134284674189985,resnet,,1,1,9c64e5659fe9a99f38dfdee95f8c4b5ec1e0daa0e4544948c4f88bb50e6edbfa,070b0fcd2b4f101302a58108dce79a6ea1d6fdbdf9be753fec768d1818ea7464,,
resnet,dace_cpu,parallel,initialization,observed,18.256665990687907,resnet,,1,1,9c64e5659fe9a99f38dfdee95f8c4b5ec1e0daa0e4544948c4f88bb50e6edbfa,070b0fcd2b4f101302a58108dce79a6ea1d6fdbdf9be753fec768d1818ea7464,,
resnet,dace_cpu,auto_opt,initialization,observed,17.649635599926114,resnet,,1,1,9c64e5659fe9a99f38dfdee95f8c4b5ec1e0daa0e4544948c4f88bb50e6edbfa,070b0fcd2b4f101302a58108dce79a6ea1d6fdbdf9be753fec768d1818ea7464,,
resnet,dace_gpu,fusion,initialization,validation,,resnet,,0,0,9c64e5659fe9a99f38dfdee95f8c4b5ec1e0daa0e4544948c4f88bb50e6edbfa,070b0fcd2b4f101302a58108dce79a6ea1d6fdbdf9be753fec768d1818ea7464,,
resnet,dace_gpu,parallel,initialization,error,,resnet,,0,0,9c64e5659fe9a99f38dfdee95f8c4b5ec1e0daa0e4544948c4f88bb50e6edbfa,070b0fcd2b4f101302a58108dce79a6ea1d6fdbdf9be753fec768d1818ea7464,,
resnet,dace_gpu,auto_opt,initialization,error,,resnet,,0,0,9c64e5659fe9a99f38dfdee95f8c4b5ec1e0daa0e4544948c4f88bb50e6edbfa,070b0fcd2b4f101302a58108dce79a6ea1d6fdbdf9be753fec768d1818ea7464,,
resnet,cupy,default,initialization,observed,4.610798355191946,resnet,,1,1,9c64e5659fe9a99f38dfdee95f8c4b5ec1e0daa0e4544948c4f88bb50e6edbfa,070b0fcd2b4f101302a58108dce79a6ea1d6fdbdf9be753fec768d1818ea7464,,
scattering_self_energies,numpy,default,initialization,observed,1.1205472480505705,scattering_self_energies,,1,1,dfe8b7a530913f54e6164d2f20cb5a63e6c95544a680629acde629144cff7caa,f7d4f3c7d50b72880addf25da02f47a077e25e5f288758e484adcbc85a181974,,
scattering_self_energies,numba,nopython-mode,initialization,observed,6.811039125081152,scattering_self_energies,,1,1,dfe8b7a530913f54e6164d2f20cb5a63e6c95544a680629acde629144cff7caa,f7d4f3c7d50b72880addf25da02f47a077e25e5f288758e484adcbc85a181974,,
scattering_self_energies,numba,nopython-mode-parallel,initialization,N/A,,,,,,,,,
scattering_self_energies,numba,nopython-mode-parallel-range,initialization,observed,6.814131252933294,scattering_self_energies,,1,1,dfe8b7a530913f54e6164d2f20cb5a63e6c95544a680629acde629144cff7caa,f7d4f3c7d50b72880addf25da02f47a077e25e5f288758e484adcbc85a181974,,
scattering_self_energies,numba,object-mode,initialization,N/A,,,,,,,,,
scattering_self_energies,numba,object-mode-parallel,initialization,N/A,,,,,,,,,
scattering_self_energies,numba,object-mode-parallel-range,initialization,N/A,,,,,,,,,
scattering_self_energies,dace_cpu,fusion,initialization,observed,16.625836399383843,scattering_self_energies,,1,1,dfe8b7a530913f54e6164d2f20cb5a63e6c95544a680629acde629144cff7caa,f7d4f3c7d50b72880addf25da02f47a077e25e5f288758e484adcbc85a181974,,
scattering_self_energies,dace_cpu,parallel,initialization,observed,16.56544102076441,scattering_self_energies,,1,1,dfe8b7a530913f54e6164d2f20cb5a63e6c95544a680629acde629144cff7caa,f7d4f3c7d50b72880addf25da02f47a077e25e5f288758e484adcbc85a181974,,
scattering_self_energies,dace_cpu,auto_opt,initialization,observed,18.969248744193465,scattering_self_energies,,1,1,dfe8b7a530913f54e6164d2f20cb5a63e6c95544a680629acde629144cff7caa,f7d4f3c7d50b72880addf25da02f47a077e25e5f288758e484adcbc85a181974,,
scattering_self_energies,dace_gpu,fusion,initialization,observed,34.81004026532173,scattering_self_energies,,1,1,dfe8b7a530913f54e6164d2f20cb5a63e6c95544a680629acde629144cff7caa,f7d4f3c7d50b72880addf25da02f47a077e25e5f288758e484adcbc85a181974,,
scattering_self_energies,dace_gpu,parallel,initialization,observed,34.21574733313173,scattering_self_energies,,1,1,dfe8b7a530913f54e6164d2f20cb5a63e6c95544a680629acde629144cff7caa,f7d4f3c7d50b72880addf25da02f47a077e25e5f288758e484adcbc85a181974,,
scattering_self_energies,dace_gpu,auto_opt,initialization,observed,33.709098272025585,scattering_self_energies,,1,1,dfe8b7a530913f54e6164d2f20cb5a63e6c95544a680629acde629144cff7caa,f7d4f3c7d50b72880addf25da02f47a077e25e5f288758e484adcbc85a181974,,
scattering_self_energies,cupy,default,initialization,observed,13.473704956006259,scattering_self_energies,,1,1,dfe8b7a530913f54e6164d2f20cb5a63e6c95544a680629acde629144cff7caa,f7d4f3c7d50b72880addf25da02f47a077e25e5f288758e484adcbc85a181974,,
seidel_2d,numpy,default,initialization,observed,1.0712013537995517,seidel_2d,,1,1,ee1919384d25883ff17bfcdb49d28a5d6dabc6f97d12c672811043a4107874a9,6d10c80c878e92ea3bdd4f0a16c473438b233d1989ed5a8d0f8d1356e6d0b32b,,
seidel_2d,numba,nopython-mode,initialization,observed,3.192523478064686,seidel_2d,,1,1,ee1919384d25883ff17bfcdb49d28a5d6dabc6f97d12c672811043a4107874a9,6d10c80c878e92ea3bdd4f0a16c473438b233d1989ed5a8d0f8d1356e6d0b32b,,
seidel_2d,numba,nopython-mode-parallel,initialization,validation,,seidel_2d,,0,0,ee1919384d25883ff17bfcdb49d28a5d6dabc6f97d12c672811043a4107874a9,6d10c80c878e92ea3bdd4f0a16c473438b233d1989ed5a8d0f8d1356e6d0b32b,,
seidel_2d,numba,nopython-mode-parallel-range,initialization,N/A,,,,,,,,,
seidel_2d,numba,object-mode,initialization,N/A,,,,,,,,,
seidel_2d,numba,object-mode-parallel,initialization,N/A,,,,,,,,,
seidel_2d,numba,object-mode-parallel-range,initialization,N/A,,,,,,,,,
seidel_2d,dace_cpu,fusion,initialization,observed,12.104492409154773,seidel_2d,,1,1,ee1919384d25883ff17bfcdb49d28a5d6dabc6f97d12c672811043a4107874a9,6d10c80c878e92ea3bdd4f0a16c473438b233d1989ed5a8d0f8d1356e6d0b32b,,
seidel_2d,dace_cpu,parallel,initialization,observed,8.09411391057074,seidel_2d,,1,1,ee1919384d25883ff17bfcdb49d28a5d6dabc6f97d12c672811043a4107874a9,6d10c80c878e92ea3bdd4f0a16c473438b233d1989ed5a8d0f8d1356e6d0b32b,,
seidel_2d,dace_cpu,auto_opt,initialization,observed,9.444131677038968,seidel_2d,,1,1,ee1919384d25883ff17bfcdb49d28a5d6dabc6f97d12c672811043a4107874a9,6d10c80c878e92ea3bdd4f0a16c473438b233d1989ed5a8d0f8d1356e6d0b32b,,
seidel_2d,dace_gpu,fusion,initialization,observed,47.393972070887685,seidel_2d,,1,1,ee1919384d25883ff17bfcdb49d28a5d6dabc6f97d12c672811043a4107874a9,6d10c80c878e92ea3bdd4f0a16c473438b233d1989ed5a8d0f8d1356e6d0b32b,,
seidel_2d,dace_gpu,parallel,initialization,observed,49.76919958461076,seidel_2d,,1,1,ee1919384d25883ff17bfcdb49d28a5d6dabc6f97d12c672811043a4107874a9,6d10c80c878e92ea3bdd4f0a16c473438b233d1989ed5a8d0f8d1356e6d0b32b,,
seidel_2d,dace_gpu,auto_opt,initialization,observed,48.88607633206993,seidel_2d,,1,1,ee1919384d25883ff17bfcdb49d28a5d6dabc6f97d12c672811043a4107874a9,6d10c80c878e92ea3bdd4f0a16c473438b233d1989ed5a8d0f8d1356e6d0b32b,,
seidel_2d,cupy,default,initialization,observed,43.65656332205981,seidel_2d,,1,1,ee1919384d25883ff17bfcdb49d28a5d6dabc6f97d12c672811043a4107874a9,6d10c80c878e92ea3bdd4f0a16c473438b233d1989ed5a8d0f8d1356e6d0b32b,,
softmax,numpy,default,initialization,observed,0.9853595881722867,softmax,,1,1,4c2cc8073ef8741ed9febc8a4ff62219351eab9b80f103f3f9ef78cbfb3d3a24,2fcf9437c28756a764115316372f1c170da55c13fa29321255a7dcc2a7583c80,,
softmax,numba,nopython-mode,initialization,observed,17.431252031587064,softmax,,1,1,4c2cc8073ef8741ed9febc8a4ff62219351eab9b80f103f3f9ef78cbfb3d3a24,2fcf9437c28756a764115316372f1c170da55c13fa29321255a7dcc2a7583c80,,
softmax,numba,nopython-mode-parallel,initialization,observed,10.118999214842916,softmax,,1,1,4c2cc8073ef8741ed9febc8a4ff62219351eab9b80f103f3f9ef78cbfb3d3a24,2fcf9437c28756a764115316372f1c170da55c13fa29321255a7dcc2a7583c80,,
softmax,numba,nopython-mode-parallel-range,initialization,observed,9.117478166241199,softmax,,1,1,4c2cc8073ef8741ed9febc8a4ff62219351eab9b80f103f3f9ef78cbfb3d3a24,2fcf9437c28756a764115316372f1c170da55c13fa29321255a7dcc2a7583c80,,
softmax,numba,object-mode,initialization,observed,2.0915191122330725,softmax,,1,1,4c2cc8073ef8741ed9febc8a4ff62219351eab9b80f103f3f9ef78cbfb3d3a24,2fcf9437c28756a764115316372f1c170da55c13fa29321255a7dcc2a7583c80,,
softmax,numba,object-mode-parallel,initialization,observed,1.9232904752716422,softmax,,1,1,4c2cc8073ef8741ed9febc8a4ff62219351eab9b80f103f3f9ef78cbfb3d3a24,2fcf9437c28756a764115316372f1c170da55c13fa29321255a7dcc2a7583c80,,
softmax,numba,object-mode-parallel-range,initialization,N/A,,,,,,,,,
softmax,dace_cpu,fusion,initialization,observed,132.58057712996379,softmax,,1,1,4c2cc8073ef8741ed9febc8a4ff62219351eab9b80f103f3f9ef78cbfb3d3a24,2fcf9437c28756a764115316372f1c170da55c13fa29321255a7dcc2a7583c80,,
softmax,dace_cpu,parallel,initialization,observed,132.69706842303276,softmax,,1,1,4c2cc8073ef8741ed9febc8a4ff62219351eab9b80f103f3f9ef78cbfb3d3a24,2fcf9437c28756a764115316372f1c170da55c13fa29321255a7dcc2a7583c80,,
softmax,dace_cpu,auto_opt,initialization,observed,129.03222173498943,softmax,,1,1,4c2cc8073ef8741ed9febc8a4ff62219351eab9b80f103f3f9ef78cbfb3d3a24,2fcf9437c28756a764115316372f1c170da55c13fa29321255a7dcc2a7583c80,,
softmax,dace_gpu,fusion,initialization,observed,25.266033546067774,softmax,,1,1,4c2cc8073ef8741ed9febc8a4ff62219351eab9b80f103f3f9ef78cbfb3d3a24,2fcf9437c28756a764115316372f1c170da55c13fa29321255a7dcc2a7583c80,,
softmax,dace_gpu,parallel,initialization,observed,25.639057566877455,softmax,,1,1,4c2cc8073ef8741ed9febc8a4ff62219351eab9b80f103f3f9ef78cbfb3d3a24,2fcf9437c28756a764115316372f1c170da55c13fa29321255a7dcc2a7583c80,,
softmax,dace_gpu,auto_opt,initialization,observed,25.71525832777843,softmax,,1,1,4c2cc8073ef8741ed9febc8a4ff62219351eab9b80f103f3f9ef78cbfb3d3a24,2fcf9437c28756a764115316372f1c170da55c13fa29321255a7dcc2a7583c80,,
softmax,cupy,default,initialization,observed,2.007953512016684,softmax,,1,1,4c2cc8073ef8741ed9febc8a4ff62219351eab9b80f103f3f9ef78cbfb3d3a24,2fcf9437c28756a764115316372f1c170da55c13fa29321255a7dcc2a7583c80,,
spmv,numpy,default,initialization,observed,1.0353514971211553,spmv,,1,1,da225492dbcd662f48fe5c413e0af07e8fbf1265c8b2c20e9564383e2e55d8ad,830b22cd03e41feb9b883b4b8fc754402901ac74dc9f607cfa3a81bdc5787389,,
spmv,numba,nopython-mode,initialization,observed,0.901435995940119,spmv,,1,1,da225492dbcd662f48fe5c413e0af07e8fbf1265c8b2c20e9564383e2e55d8ad,830b22cd03e41feb9b883b4b8fc754402901ac74dc9f607cfa3a81bdc5787389,,
spmv,numba,nopython-mode-parallel,initialization,observed,0.9047066648490727,spmv,,1,1,da225492dbcd662f48fe5c413e0af07e8fbf1265c8b2c20e9564383e2e55d8ad,830b22cd03e41feb9b883b4b8fc754402901ac74dc9f607cfa3a81bdc5787389,,
spmv,numba,nopython-mode-parallel-range,initialization,observed,1.5283950609155,spmv,,1,1,da225492dbcd662f48fe5c413e0af07e8fbf1265c8b2c20e9564383e2e55d8ad,830b22cd03e41feb9b883b4b8fc754402901ac74dc9f607cfa3a81bdc5787389,,
spmv,numba,object-mode,initialization,N/A,,,,,,,,,
spmv,numba,object-mode-parallel,initialization,N/A,,,,,,,,,
spmv,numba,object-mode-parallel-range,initialization,N/A,,,,,,,,,
spmv,dace_cpu,fusion,initialization,observed,18.95263891434297,spmv,,1,1,da225492dbcd662f48fe5c413e0af07e8fbf1265c8b2c20e9564383e2e55d8ad,830b22cd03e41feb9b883b4b8fc754402901ac74dc9f607cfa3a81bdc5787389,,
spmv,dace_cpu,parallel,initialization,observed,8.365361483767629,spmv,,1,1,da225492dbcd662f48fe5c413e0af07e8fbf1265c8b2c20e9564383e2e55d8ad,830b22cd03e41feb9b883b4b8fc754402901ac74dc9f607cfa3a81bdc5787389,,
spmv,dace_cpu,auto_opt,initialization,observed,8.119165342766792,spmv,,1,1,da225492dbcd662f48fe5c413e0af07e8fbf1265c8b2c20e9564383e2e55d8ad,830b22cd03e41feb9b883b4b8fc754402901ac74dc9f607cfa3a81bdc5787389,,
spmv,dace_gpu,fusion,initialization,observed,76.37172489007935,spmv,,1,1,da225492dbcd662f48fe5c413e0af07e8fbf1265c8b2c20e9564383e2e55d8ad,830b22cd03e41feb9b883b4b8fc754402901ac74dc9f607cfa3a81bdc5787389,,
spmv,dace_gpu,parallel,initialization,observed,24.482417160179466,spmv,,1,1,da225492dbcd662f48fe5c413e0af07e8fbf1265c8b2c20e9564383e2e55d8ad,830b22cd03e41feb9b883b4b8fc754402901ac74dc9f607cfa3a81bdc5787389,,
spmv,dace_gpu,auto_opt,initialization,observed,24.261024232953787,spmv,,1,1,da225492dbcd662f48fe5c413e0af07e8fbf1265c8b2c20e9564383e2e55d8ad,830b22cd03e41feb9b883b4b8fc754402901ac74dc9f607cfa3a81bdc5787389,,
spmv,cupy,default,initialization,observed,49.15039758896455,spmv,,1,1,da225492dbcd662f48fe5c413e0af07e8fbf1265c8b2c20e9564383e2e55d8ad,830b22cd03e41feb9b883b4b8fc754402901ac74dc9f607cfa3a81bdc5787389,,
stockham_fft,numpy,default,initialization,observed,0.9943697666749358,stockham_fft,,1,1,6d6ff6409e820c0b1abb2d24a7ede6af7390464b8d347a4cba678562e2b4f111,f6c4acc3fcbed6678c4fad72d834895ca7156ce67f7538ebe2242ed208af3254,,
stockham_fft,numba,nopython-mode,initialization,observed,10.626992653589696,stockham_fft,,1,1,6d6ff6409e820c0b1abb2d24a7ede6af7390464b8d347a4cba678562e2b4f111,f6c4acc3fcbed6678c4fad72d834895ca7156ce67f7538ebe2242ed208af3254,,
stockham_fft,numba,nopython-mode-parallel,initialization,observed,495.4024904877879,stockham_fft,,1,1,6d6ff6409e820c0b1abb2d24a7ede6af7390464b8d347a4cba678562e2b4f111,f6c4acc3fcbed6678c4fad72d834895ca7156ce67f7538ebe2242ed208af3254,,
stockham_fft,numba,nopython-mode-parallel-range,initialization,observed,15.765964715275913,stockham_fft,,1,1,6d6ff6409e820c0b1abb2d24a7ede6af7390464b8d347a4cba678562e2b4f111,f6c4acc3fcbed6678c4fad72d834895ca7156ce67f7538ebe2242ed208af3254,,
stockham_fft,numba,object-mode,initialization,observed,7.512921472080052,stockham_fft,,1,1,6d6ff6409e820c0b1abb2d24a7ede6af7390464b8d347a4cba678562e2b4f111,f6c4acc3fcbed6678c4fad72d834895ca7156ce67f7538ebe2242ed208af3254,,
stockham_fft,numba,object-mode-parallel,initialization,observed,8.430784314870834,stockham_fft,,1,1,6d6ff6409e820c0b1abb2d24a7ede6af7390464b8d347a4cba678562e2b4f111,f6c4acc3fcbed6678c4fad72d834895ca7156ce67f7538ebe2242ed208af3254,,
stockham_fft,numba,object-mode-parallel-range,initialization,N/A,,,,,,,,,
stockham_fft,dace_cpu,fusion,initialization,error,,stockham_fft,,0,0,6d6ff6409e820c0b1abb2d24a7ede6af7390464b8d347a4cba678562e2b4f111,f6c4acc3fcbed6678c4fad72d834895ca7156ce67f7538ebe2242ed208af3254,,
stockham_fft,dace_cpu,parallel,initialization,error,,stockham_fft,,0,0,6d6ff6409e820c0b1abb2d24a7ede6af7390464b8d347a4cba678562e2b4f111,f6c4acc3fcbed6678c4fad72d834895ca7156ce67f7538ebe2242ed208af3254,,
stockham_fft,dace_cpu,auto_opt,initialization,error,,stockham_fft,,0,0,6d6ff6409e820c0b1abb2d24a7ede6af7390464b8d347a4cba678562e2b4f111,f6c4acc3fcbed6678c4fad72d834895ca7156ce67f7538ebe2242ed208af3254,,
stockham_fft,dace_gpu,fusion,initialization,error,,stockham_fft,,0,0,6d6ff6409e820c0b1abb2d24a7ede6af7390464b8d347a4cba678562e2b4f111,f6c4acc3fcbed6678c4fad72d834895ca7156ce67f7538ebe2242ed208af3254,,
stockham_fft,dace_gpu,parallel,initialization,error,,stockham_fft,,0,0,6d6ff6409e820c0b1abb2d24a7ede6af7390464b8d347a4cba678562e2b4f111,f6c4acc3fcbed6678c4fad72d834895ca7156ce67f7538ebe2242ed208af3254,,
stockham_fft,dace_gpu,auto_opt,initialization,error,,stockham_fft,,0,0,6d6ff6409e820c0b1abb2d24a7ede6af7390464b8d347a4cba678562e2b4f111,f6c4acc3fcbed6678c4fad72d834895ca7156ce67f7538ebe2242ed208af3254,,
stockham_fft,cupy,default,initialization,observed,2.556117749772966,stockham_fft,,1,1,6d6ff6409e820c0b1abb2d24a7ede6af7390464b8d347a4cba678562e2b4f111,f6c4acc3fcbed6678c4fad72d834895ca7156ce67f7538ebe2242ed208af3254,,
symm,numpy,default,initialization,observed,1.0982685312628746,symm,,1,1,9a79ab11f86fec484ee78c92c02c8f9588bcdd801caf9345beae289adb5ce087,c983fe23aab1369b59df067f61f46c516f426a2b0a1ea8bdc3779352f6c91630,,
symm,numba,nopython-mode,initialization,observed,3.4068369367159903,symm,,1,1,9a79ab11f86fec484ee78c92c02c8f9588bcdd801caf9345beae289adb5ce087,c983fe23aab1369b59df067f61f46c516f426a2b0a1ea8bdc3779352f6c91630,,
symm,numba,nopython-mode-parallel,initialization,N/A,,,,,,,,,
symm,numba,nopython-mode-parallel-range,initialization,observed,4.893575239926577,symm,,1,1,9a79ab11f86fec484ee78c92c02c8f9588bcdd801caf9345beae289adb5ce087,c983fe23aab1369b59df067f61f46c516f426a2b0a1ea8bdc3779352f6c91630,,
symm,numba,object-mode,initialization,N/A,,,,,,,,,
symm,numba,object-mode-parallel,initialization,N/A,,,,,,,,,
symm,numba,object-mode-parallel-range,initialization,N/A,,,,,,,,,
symm,dace_cpu,fusion,initialization,observed,13.852508843876421,symm,,1,1,9a79ab11f86fec484ee78c92c02c8f9588bcdd801caf9345beae289adb5ce087,c983fe23aab1369b59df067f61f46c516f426a2b0a1ea8bdc3779352f6c91630,,
symm,dace_cpu,parallel,initialization,observed,15.264435464981943,symm,,1,1,9a79ab11f86fec484ee78c92c02c8f9588bcdd801caf9345beae289adb5ce087,c983fe23aab1369b59df067f61f46c516f426a2b0a1ea8bdc3779352f6c91630,,
symm,dace_cpu,auto_opt,initialization,observed,16.55990988900885,symm,,1,1,9a79ab11f86fec484ee78c92c02c8f9588bcdd801caf9345beae289adb5ce087,c983fe23aab1369b59df067f61f46c516f426a2b0a1ea8bdc3779352f6c91630,,
symm,dace_gpu,fusion,initialization,observed,31.0815694979392,symm,,1,1,9a79ab11f86fec484ee78c92c02c8f9588bcdd801caf9345beae289adb5ce087,c983fe23aab1369b59df067f61f46c516f426a2b0a1ea8bdc3779352f6c91630,,
symm,dace_gpu,parallel,initialization,observed,31.084322485607117,symm,,1,1,9a79ab11f86fec484ee78c92c02c8f9588bcdd801caf9345beae289adb5ce087,c983fe23aab1369b59df067f61f46c516f426a2b0a1ea8bdc3779352f6c91630,,
symm,dace_gpu,auto_opt,initialization,observed,31.00928775407374,symm,,1,1,9a79ab11f86fec484ee78c92c02c8f9588bcdd801caf9345beae289adb5ce087,c983fe23aab1369b59df067f61f46c516f426a2b0a1ea8bdc3779352f6c91630,,
symm,cupy,default,initialization,observed,27.33446105895564,symm,,1,1,9a79ab11f86fec484ee78c92c02c8f9588bcdd801caf9345beae289adb5ce087,c983fe23aab1369b59df067f61f46c516f426a2b0a1ea8bdc3779352f6c91630,,
syr2k,numpy,default,initialization,observed,1.2871588137932122,syr2k,,1,1,e7abbc19895a88befab489211bc20dc301be2dede982f39fba4c4f210583f274,4eed4ab152ea49c0a4cdf942787319238e4b8903146da60692ca376422fc8502,,
syr2k,numba,nopython-mode,initialization,observed,3.2902804533950984,syr2k,,1,1,e7abbc19895a88befab489211bc20dc301be2dede982f39fba4c4f210583f274,4eed4ab152ea49c0a4cdf942787319238e4b8903146da60692ca376422fc8502,,
syr2k,numba,nopython-mode-parallel,initialization,N/A,,,,,,,,,
syr2k,numba,nopython-mode-parallel-range,initialization,N/A,,,,,,,,,
syr2k,numba,object-mode,initialization,N/A,,,,,,,,,
syr2k,numba,object-mode-parallel,initialization,N/A,,,,,,,,,
syr2k,numba,object-mode-parallel-range,initialization,N/A,,,,,,,,,
syr2k,dace_cpu,fusion,initialization,observed,19.57628774829209,syr2k,,1,1,e7abbc19895a88befab489211bc20dc301be2dede982f39fba4c4f210583f274,4eed4ab152ea49c0a4cdf942787319238e4b8903146da60692ca376422fc8502,,
syr2k,dace_cpu,parallel,initialization,observed,12.258277501910925,syr2k,,1,1,e7abbc19895a88befab489211bc20dc301be2dede982f39fba4c4f210583f274,4eed4ab152ea49c0a4cdf942787319238e4b8903146da60692ca376422fc8502,,
syr2k,dace_cpu,auto_opt,initialization,observed,12.340764577966183,syr2k,,1,1,e7abbc19895a88befab489211bc20dc301be2dede982f39fba4c4f210583f274,4eed4ab152ea49c0a4cdf942787319238e4b8903146da60692ca376422fc8502,,
syr2k,dace_gpu,fusion,initialization,observed,29.85969970189035,syr2k,,1,1,e7abbc19895a88befab489211bc20dc301be2dede982f39fba4c4f210583f274,4eed4ab152ea49c0a4cdf942787319238e4b8903146da60692ca376422fc8502,,
syr2k,dace_gpu,parallel,initialization,observed,29.329762999899685,syr2k,,1,1,e7abbc19895a88befab489211bc20dc301be2dede982f39fba4c4f210583f274,4eed4ab152ea49c0a4cdf942787319238e4b8903146da60692ca376422fc8502,,
syr2k,dace_gpu,auto_opt,initialization,observed,30.728303954936564,syr2k,,1,1,e7abbc19895a88befab489211bc20dc301be2dede982f39fba4c4f210583f274,4eed4ab152ea49c0a4cdf942787319238e4b8903146da60692ca376422fc8502,,
syr2k,cupy,default,initialization,observed,15.769932680297643,syr2k,,1,1,e7abbc19895a88befab489211bc20dc301be2dede982f39fba4c4f210583f274,4eed4ab152ea49c0a4cdf942787319238e4b8903146da60692ca376422fc8502,,
syrk,numpy,default,initialization,observed,1.1201689317822456,syrk,,1,1,92484da5155c3406ad7a24b9d17a47e4e5ea9277c45b375c935d26bea371609c,c9125e156aac0f0083fa4d941c44b5e500809f7d0e4096cfd309983aa1701894,,
syrk,numba,nopython-mode,initialization,observed,3.484825688879937,syrk,,1,1,92484da5155c3406ad7a24b9d17a47e4e5ea9277c45b375c935d26bea371609c,c9125e156aac0f0083fa4d941c44b5e500809f7d0e4096cfd309983aa1701894,,
syrk,numba,nopython-mode-parallel,initialization,N/A,,,,,,,,,
syrk,numba,nopython-mode-parallel-range,initialization,N/A,,,,,,,,,
syrk,numba,object-mode,initialization,N/A,,,,,,,,,
syrk,numba,object-mode-parallel,initialization,N/A,,,,,,,,,
syrk,numba,object-mode-parallel-range,initialization,N/A,,,,,,,,,
syrk,dace_cpu,fusion,initialization,observed,18.342617716174573,syrk,,1,1,92484da5155c3406ad7a24b9d17a47e4e5ea9277c45b375c935d26bea371609c,c9125e156aac0f0083fa4d941c44b5e500809f7d0e4096cfd309983aa1701894,,
syrk,dace_cpu,parallel,initialization,observed,15.515250287950039,syrk,,1,1,92484da5155c3406ad7a24b9d17a47e4e5ea9277c45b375c935d26bea371609c,c9125e156aac0f0083fa4d941c44b5e500809f7d0e4096cfd309983aa1701894,,
syrk,dace_cpu,auto_opt,initialization,observed,25.357539963908494,syrk,,1,1,92484da5155c3406ad7a24b9d17a47e4e5ea9277c45b375c935d26bea371609c,c9125e156aac0f0083fa4d941c44b5e500809f7d0e4096cfd309983aa1701894,,
syrk,dace_gpu,fusion,initialization,observed,27.86460325308144,syrk,,1,1,92484da5155c3406ad7a24b9d17a47e4e5ea9277c45b375c935d26bea371609c,c9125e156aac0f0083fa4d941c44b5e500809f7d0e4096cfd309983aa1701894,,
syrk,dace_gpu,parallel,initialization,observed,26.860819813329726,syrk,,1,1,92484da5155c3406ad7a24b9d17a47e4e5ea9277c45b375c935d26bea371609c,c9125e156aac0f0083fa4d941c44b5e500809f7d0e4096cfd309983aa1701894,,
syrk,dace_gpu,auto_opt,initialization,observed,27.349548561964184,syrk,,1,1,92484da5155c3406ad7a24b9d17a47e4e5ea9277c45b375c935d26bea371609c,c9125e156aac0f0083fa4d941c44b5e500809f7d0e4096cfd309983aa1701894,,
syrk,cupy,default,initialization,observed,17.87904472509399,syrk,,1,1,92484da5155c3406ad7a24b9d17a47e4e5ea9277c45b375c935d26bea371609c,c9125e156aac0f0083fa4d941c44b5e500809f7d0e4096cfd309983aa1701894,,
trisolv,numpy,default,initialization,observed,0.1254898183979094,trisolv,,1,1,4f5471ef60c1579f85ae344ab83c59b28f7f210b0a535e59616ed8d3e93dce87,2ef566c3a7e8536e3be1ae3aaac85d9a03f4836c00d28326cc70cf2e8147fdb1,,
trisolv,numba,nopython-mode,initialization,observed,0.9728491599671543,trisolv,,1,1,4f5471ef60c1579f85ae344ab83c59b28f7f210b0a535e59616ed8d3e93dce87,2ef566c3a7e8536e3be1ae3aaac85d9a03f4836c00d28326cc70cf2e8147fdb1,,
trisolv,numba,nopython-mode-parallel,initialization,observed,0.5424559023231268,trisolv,,1,1,4f5471ef60c1579f85ae344ab83c59b28f7f210b0a535e59616ed8d3e93dce87,2ef566c3a7e8536e3be1ae3aaac85d9a03f4836c00d28326cc70cf2e8147fdb1,,
trisolv,numba,nopython-mode-parallel-range,initialization,N/A,,,,,,,,,
trisolv,numba,object-mode,initialization,N/A,,,,,,,,,
trisolv,numba,object-mode-parallel,initialization,N/A,,,,,,,,,
trisolv,numba,object-mode-parallel-range,initialization,N/A,,,,,,,,,
trisolv,dace_cpu,fusion,initialization,observed,7.99218431301415,trisolv,,1,1,4f5471ef60c1579f85ae344ab83c59b28f7f210b0a535e59616ed8d3e93dce87,2ef566c3a7e8536e3be1ae3aaac85d9a03f4836c00d28326cc70cf2e8147fdb1,,
trisolv,dace_cpu,parallel,initialization,observed,7.415661205071956,trisolv,,1,1,4f5471ef60c1579f85ae344ab83c59b28f7f210b0a535e59616ed8d3e93dce87,2ef566c3a7e8536e3be1ae3aaac85d9a03f4836c00d28326cc70cf2e8147fdb1,,
trisolv,dace_cpu,auto_opt,initialization,observed,7.926291062962264,trisolv,,1,1,4f5471ef60c1579f85ae344ab83c59b28f7f210b0a535e59616ed8d3e93dce87,2ef566c3a7e8536e3be1ae3aaac85d9a03f4836c00d28326cc70cf2e8147fdb1,,
trisolv,dace_gpu,fusion,initialization,observed,25.902279714122415,trisolv,,1,1,4f5471ef60c1579f85ae344ab83c59b28f7f210b0a535e59616ed8d3e93dce87,2ef566c3a7e8536e3be1ae3aaac85d9a03f4836c00d28326cc70cf2e8147fdb1,,
trisolv,dace_gpu,parallel,initialization,observed,28.50410772766918,trisolv,,1,1,4f5471ef60c1579f85ae344ab83c59b28f7f210b0a535e59616ed8d3e93dce87,2ef566c3a7e8536e3be1ae3aaac85d9a03f4836c00d28326cc70cf2e8147fdb1,,
trisolv,dace_gpu,auto_opt,initialization,observed,27.254752072971314,trisolv,,1,1,4f5471ef60c1579f85ae344ab83c59b28f7f210b0a535e59616ed8d3e93dce87,2ef566c3a7e8536e3be1ae3aaac85d9a03f4836c00d28326cc70cf2e8147fdb1,,
trisolv,cupy,default,initialization,observed,2.9954309170134366,trisolv,,1,1,4f5471ef60c1579f85ae344ab83c59b28f7f210b0a535e59616ed8d3e93dce87,2ef566c3a7e8536e3be1ae3aaac85d9a03f4836c00d28326cc70cf2e8147fdb1,,
trmm,numpy,default,initialization,observed,1.1364069366827607,trmm,,1,1,3f94b2a3aeb62dabee33d3188a61d501e42975b8a01970dd7d3717b65c060956,9168af76f7b62c6873ac45e920743c46191f055c32ee6a1f1df2aba5ab399d7e,,
trmm,numba,nopython-mode,initialization,observed,1.3523548902012408,trmm,,1,1,3f94b2a3aeb62dabee33d3188a61d501e42975b8a01970dd7d3717b65c060956,9168af76f7b62c6873ac45e920743c46191f055c32ee6a1f1df2aba5ab399d7e,,
trmm,numba,nopython-mode-parallel,initialization,N/A,,,,,,,,,
trmm,numba,nopython-mode-parallel-range,initialization,observed,2.045079145114869,trmm,,1,1,3f94b2a3aeb62dabee33d3188a61d501e42975b8a01970dd7d3717b65c060956,9168af76f7b62c6873ac45e920743c46191f055c32ee6a1f1df2aba5ab399d7e,,
trmm,numba,object-mode,initialization,N/A,,,,,,,,,
trmm,numba,object-mode-parallel,initialization,N/A,,,,,,,,,
trmm,numba,object-mode-parallel-range,initialization,N/A,,,,,,,,,
trmm,dace_cpu,fusion,initialization,observed,8.06083415215835,trmm,,1,1,3f94b2a3aeb62dabee33d3188a61d501e42975b8a01970dd7d3717b65c060956,9168af76f7b62c6873ac45e920743c46191f055c32ee6a1f1df2aba5ab399d7e,,
trmm,dace_cpu,parallel,initialization,observed,8.091374730225652,trmm,,1,1,3f94b2a3aeb62dabee33d3188a61d501e42975b8a01970dd7d3717b65c060956,9168af76f7b62c6873ac45e920743c46191f055c32ee6a1f1df2aba5ab399d7e,,
trmm,dace_cpu,auto_opt,initialization,observed,8.5166468010284,trmm,,1,1,3f94b2a3aeb62dabee33d3188a61d501e42975b8a01970dd7d3717b65c060956,9168af76f7b62c6873ac45e920743c46191f055c32ee6a1f1df2aba5ab399d7e,,
trmm,dace_gpu,fusion,initialization,observed,33.48553410731256,trmm,,1,1,3f94b2a3aeb62dabee33d3188a61d501e42975b8a01970dd7d3717b65c060956,9168af76f7b62c6873ac45e920743c46191f055c32ee6a1f1df2aba5ab399d7e,,
trmm,dace_gpu,parallel,initialization,observed,24.965527827851474,trmm,,1,1,3f94b2a3aeb62dabee33d3188a61d501e42975b8a01970dd7d3717b65c060956,9168af76f7b62c6873ac45e920743c46191f055c32ee6a1f1df2aba5ab399d7e,,
trmm,dace_gpu,auto_opt,initialization,observed,24.321132538840175,trmm,,1,1,3f94b2a3aeb62dabee33d3188a61d501e42975b8a01970dd7d3717b65c060956,9168af76f7b62c6873ac45e920743c46191f055c32ee6a1f1df2aba5ab399d7e,,
trmm,cupy,default,initialization,observed,38.920332147274166,trmm,,1,1,3f94b2a3aeb62dabee33d3188a61d501e42975b8a01970dd7d3717b65c060956,9168af76f7b62c6873ac45e920743c46191f055c32ee6a1f1df2aba5ab399d7e,,
vadv,numpy,default,initialization,observed,0.6227978481911123,vadv,,1,1,af48764eed52bcbfa917a57089296ce3be876f060430fae648ab359316609f14,300cff4f4ff45aa053437078a699f7f36c3a42bea19f7d989bd20911ef2050f4,,
vadv,numba,nopython-mode,initialization,observed,12.066285389941186,vadv,,1,1,af48764eed52bcbfa917a57089296ce3be876f060430fae648ab359316609f14,300cff4f4ff45aa053437078a699f7f36c3a42bea19f7d989bd20911ef2050f4,,
vadv,numba,nopython-mode-parallel,initialization,observed,14.237118144985288,vadv,,1,1,af48764eed52bcbfa917a57089296ce3be876f060430fae648ab359316609f14,300cff4f4ff45aa053437078a699f7f36c3a42bea19f7d989bd20911ef2050f4,,
vadv,numba,nopython-mode-parallel-range,initialization,N/A,,,,,,,,,
vadv,numba,object-mode,initialization,N/A,,,,,,,,,
vadv,numba,object-mode-parallel,initialization,N/A,,,,,,,,,
vadv,numba,object-mode-parallel-range,initialization,N/A,,,,,,,,,
vadv,dace_cpu,fusion,initialization,observed,17.944832335226238,vadv,,1,1,af48764eed52bcbfa917a57089296ce3be876f060430fae648ab359316609f14,300cff4f4ff45aa053437078a699f7f36c3a42bea19f7d989bd20911ef2050f4,,
vadv,dace_cpu,parallel,initialization,observed,14.889657327905297,vadv,,1,1,af48764eed52bcbfa917a57089296ce3be876f060430fae648ab359316609f14,300cff4f4ff45aa053437078a699f7f36c3a42bea19f7d989bd20911ef2050f4,,
vadv,dace_cpu,auto_opt,initialization,observed,18.838356964755803,vadv,,1,1,af48764eed52bcbfa917a57089296ce3be876f060430fae648ab359316609f14,300cff4f4ff45aa053437078a699f7f36c3a42bea19f7d989bd20911ef2050f4,,
vadv,dace_gpu,fusion,initialization,observed,31.07827088283375,vadv,,1,1,af48764eed52bcbfa917a57089296ce3be876f060430fae648ab359316609f14,300cff4f4ff45aa053437078a699f7f36c3a42bea19f7d989bd20911ef2050f4,,
vadv,dace_gpu,parallel,initialization,observed,32.037406301125884,vadv,,1,1,af48764eed52bcbfa917a57089296ce3be876f060430fae648ab359316609f14,300cff4f4ff45aa053437078a699f7f36c3a42bea19f7d989bd20911ef2050f4,,
vadv,dace_gpu,auto_opt,initialization,observed,35.85156685858965,vadv,,1,1,af48764eed52bcbfa917a57089296ce3be876f060430fae648ab359316609f14,300cff4f4ff45aa053437078a699f7f36c3a42bea19f7d989bd20911ef2050f4,,
vadv,cupy,default,initialization,observed,3.4180203108116984,vadv,,1,1,af48764eed52bcbfa917a57089296ce3be876f060430fae648ab359316609f14,300cff4f4ff45aa053437078a699f7f36c3a42bea19f7d989bd20911ef2050f4,,
adi_corrected,numpy,default,fresh_process,observed,1.5164293255656958,adi_corrected,,2,2,72849b544ae3b8773b18c95384e36f194ea524782f4feabfed03a3b4194872e9,44fae57bf7759f2639279283ba275bd89bd5df1bf8f5d46bee32e1d87e87c452,,two_later_processes_only
adi_corrected,numba,nopython-mode,fresh_process,observed,0.7577252851333469,adi_corrected,,2,2,72849b544ae3b8773b18c95384e36f194ea524782f4feabfed03a3b4194872e9,44fae57bf7759f2639279283ba275bd89bd5df1bf8f5d46bee32e1d87e87c452,,two_later_processes_only
adi_corrected,numba,nopython-mode-parallel,fresh_process,observed,22.90513593587093,adi_corrected,,2,2,72849b544ae3b8773b18c95384e36f194ea524782f4feabfed03a3b4194872e9,44fae57bf7759f2639279283ba275bd89bd5df1bf8f5d46bee32e1d87e87c452,,two_later_processes_only
adi_corrected,numba,nopython-mode-parallel-range,fresh_process,N/A,,,,,,,,,
adi_corrected,numba,object-mode,fresh_process,N/A,,,,,,,,,
adi_corrected,numba,object-mode-parallel,fresh_process,N/A,,,,,,,,,
adi_corrected,numba,object-mode-parallel-range,fresh_process,N/A,,,,,,,,,
adi_corrected,dace_cpu,fusion,fresh_process,observed,10.098866401938722,adi_corrected,,2,2,72849b544ae3b8773b18c95384e36f194ea524782f4feabfed03a3b4194872e9,44fae57bf7759f2639279283ba275bd89bd5df1bf8f5d46bee32e1d87e87c452,,two_later_processes_only
adi_corrected,dace_cpu,parallel,fresh_process,observed,15.06541076186113,adi_corrected,,2,2,72849b544ae3b8773b18c95384e36f194ea524782f4feabfed03a3b4194872e9,44fae57bf7759f2639279283ba275bd89bd5df1bf8f5d46bee32e1d87e87c452,,between_process_variability;two_later_processes_only
adi_corrected,dace_cpu,auto_opt,fresh_process,observed,10.875353836454451,adi_corrected,,2,2,72849b544ae3b8773b18c95384e36f194ea524782f4feabfed03a3b4194872e9,44fae57bf7759f2639279283ba275bd89bd5df1bf8f5d46bee32e1d87e87c452,,between_process_variability;two_later_processes_only
adi_corrected,dace_gpu,fusion,fresh_process,observed,3.7989869902376086,adi_corrected,,2,2,72849b544ae3b8773b18c95384e36f194ea524782f4feabfed03a3b4194872e9,44fae57bf7759f2639279283ba275bd89bd5df1bf8f5d46bee32e1d87e87c452,,two_later_processes_only
adi_corrected,dace_gpu,parallel,fresh_process,observed,3.8573342571035028,adi_corrected,,2,2,72849b544ae3b8773b18c95384e36f194ea524782f4feabfed03a3b4194872e9,44fae57bf7759f2639279283ba275bd89bd5df1bf8f5d46bee32e1d87e87c452,,two_later_processes_only
adi_corrected,dace_gpu,auto_opt,fresh_process,observed,2.8108490293379873,adi_corrected,,2,2,72849b544ae3b8773b18c95384e36f194ea524782f4feabfed03a3b4194872e9,44fae57bf7759f2639279283ba275bd89bd5df1bf8f5d46bee32e1d87e87c452,,two_later_processes_only
adi_corrected,cupy,default,fresh_process,observed,15.057022232329473,adi_corrected,,2,2,72849b544ae3b8773b18c95384e36f194ea524782f4feabfed03a3b4194872e9,44fae57bf7759f2639279283ba275bd89bd5df1bf8f5d46bee32e1d87e87c452,,between_process_variability;two_later_processes_only
arc_distance,numpy,default,fresh_process,observed,0.8117980558890849,arc_distance,,2,2,d2c2cc16a18a69316144dced56e13ec50585fb90292fd8c9251b0cd2d83afd8e,c9a5d51d680eeff18f5d5e1a8bd8a4acc4d771e072238396fee0333ed61696be,,
arc_distance,numba,nopython-mode,fresh_process,observed,1.0321764044929296,arc_distance,,2,2,d2c2cc16a18a69316144dced56e13ec50585fb90292fd8c9251b0cd2d83afd8e,c9a5d51d680eeff18f5d5e1a8bd8a4acc4d771e072238396fee0333ed61696be,,historical_disk_cache_hit_not_recorded;selected_process_variability
arc_distance,numba,nopython-mode-parallel,fresh_process,observed,0.4440649109892547,arc_distance,,2,2,d2c2cc16a18a69316144dced56e13ec50585fb90292fd8c9251b0cd2d83afd8e,c9a5d51d680eeff18f5d5e1a8bd8a4acc4d771e072238396fee0333ed61696be,,historical_disk_cache_hit_not_recorded;new_sampling_or_resources
arc_distance,numba,nopython-mode-parallel-range,fresh_process,N/A,,,,,,,,,
arc_distance,numba,object-mode,fresh_process,N/A,,,,,,,,,
arc_distance,numba,object-mode-parallel,fresh_process,N/A,,,,,,,,,
arc_distance,numba,object-mode-parallel-range,fresh_process,N/A,,,,,,,,,
arc_distance,dace_cpu,fusion,fresh_process,observed,0.18789491639472544,arc_distance,,2,2,d2c2cc16a18a69316144dced56e13ec50585fb90292fd8c9251b0cd2d83afd8e,c9a5d51d680eeff18f5d5e1a8bd8a4acc4d771e072238396fee0333ed61696be,,selected_process_variability
arc_distance,dace_cpu,parallel,fresh_process,observed,0.09064533584751189,arc_distance,,2,2,d2c2cc16a18a69316144dced56e13ec50585fb90292fd8c9251b0cd2d83afd8e,c9a5d51d680eeff18f5d5e1a8bd8a4acc4d771e072238396fee0333ed61696be,,
arc_distance,dace_cpu,auto_opt,fresh_process,observed,0.1180240549147129,arc_distance,,2,2,d2c2cc16a18a69316144dced56e13ec50585fb90292fd8c9251b0cd2d83afd8e,c9a5d51d680eeff18f5d5e1a8bd8a4acc4d771e072238396fee0333ed61696be,,
arc_distance,dace_gpu,fusion,fresh_process,observed,1.2293855850584805,arc_distance,,2,2,d2c2cc16a18a69316144dced56e13ec50585fb90292fd8c9251b0cd2d83afd8e,c9a5d51d680eeff18f5d5e1a8bd8a4acc4d771e072238396fee0333ed61696be,,
arc_distance,dace_gpu,parallel,fresh_process,observed,1.2894859723746777,arc_distance,,2,2,d2c2cc16a18a69316144dced56e13ec50585fb90292fd8c9251b0cd2d83afd8e,c9a5d51d680eeff18f5d5e1a8bd8a4acc4d771e072238396fee0333ed61696be,,selected_process_variability
arc_distance,dace_gpu,auto_opt,fresh_process,observed,1.0195952674839646,arc_distance,,2,2,d2c2cc16a18a69316144dced56e13ec50585fb90292fd8c9251b0cd2d83afd8e,c9a5d51d680eeff18f5d5e1a8bd8a4acc4d771e072238396fee0333ed61696be,,selected_process_variability
arc_distance,cupy,default,fresh_process,observed,0.679697688203305,arc_distance,,2,2,d2c2cc16a18a69316144dced56e13ec50585fb90292fd8c9251b0cd2d83afd8e,c9a5d51d680eeff18f5d5e1a8bd8a4acc4d771e072238396fee0333ed61696be,,
atax,numpy,default,fresh_process,observed,0.1465723409783095,atax,,2,2,68c6513b767fc4fe61dbe15c9629b1ea75eae7d2a20436521c52c551d6698648,30d1cbd8bc811b325570c9fdb182323781764974a74f27916f06ba12e9a7baef,,
atax,numba,nopython-mode,fresh_process,observed,0.5088877864181995,atax,,2,2,68c6513b767fc4fe61dbe15c9629b1ea75eae7d2a20436521c52c551d6698648,30d1cbd8bc811b325570c9fdb182323781764974a74f27916f06ba12e9a7baef,,historical_disk_cache_hit_not_recorded;new_variability;selected_process_variability
atax,numba,nopython-mode-parallel,fresh_process,observed,0.49195505189709365,atax,,2,2,68c6513b767fc4fe61dbe15c9629b1ea75eae7d2a20436521c52c551d6698648,30d1cbd8bc811b325570c9fdb182323781764974a74f27916f06ba12e9a7baef,,historical_disk_cache_hit_not_recorded;new_sampling_or_resources;selected_process_variability
atax,numba,nopython-mode-parallel-range,fresh_process,N/A,,,,,,,,,
atax,numba,object-mode,fresh_process,N/A,,,,,,,,,
atax,numba,object-mode-parallel,fresh_process,N/A,,,,,,,,,
atax,numba,object-mode-parallel-range,fresh_process,N/A,,,,,,,,,
atax,dace_cpu,fusion,fresh_process,observed,0.25688714860007167,atax,,2,2,68c6513b767fc4fe61dbe15c9629b1ea75eae7d2a20436521c52c551d6698648,30d1cbd8bc811b325570c9fdb182323781764974a74f27916f06ba12e9a7baef,,selected_process_variability
atax,dace_cpu,parallel,fresh_process,observed,0.2721983448136598,atax,,2,2,68c6513b767fc4fe61dbe15c9629b1ea75eae7d2a20436521c52c551d6698648,30d1cbd8bc811b325570c9fdb182323781764974a74f27916f06ba12e9a7baef,,
atax,dace_cpu,auto_opt,fresh_process,observed,0.2210165646392852,atax,,2,2,68c6513b767fc4fe61dbe15c9629b1ea75eae7d2a20436521c52c551d6698648,30d1cbd8bc811b325570c9fdb182323781764974a74f27916f06ba12e9a7baef,,
atax,dace_gpu,fusion,fresh_process,observed,4.220081411069259,atax,,2,2,68c6513b767fc4fe61dbe15c9629b1ea75eae7d2a20436521c52c551d6698648,30d1cbd8bc811b325570c9fdb182323781764974a74f27916f06ba12e9a7baef,,
atax,dace_gpu,parallel,fresh_process,observed,4.732696828432381,atax,,2,2,68c6513b767fc4fe61dbe15c9629b1ea75eae7d2a20436521c52c551d6698648,30d1cbd8bc811b325570c9fdb182323781764974a74f27916f06ba12e9a7baef,,
atax,dace_gpu,auto_opt,fresh_process,observed,4.904325125971809,atax,,2,2,68c6513b767fc4fe61dbe15c9629b1ea75eae7d2a20436521c52c551d6698648,30d1cbd8bc811b325570c9fdb182323781764974a74f27916f06ba12e9a7baef,,new_sampling_or_resources
atax,cupy,default,fresh_process,observed,3.2517523909918964,atax,,2,2,68c6513b767fc4fe61dbe15c9629b1ea75eae7d2a20436521c52c551d6698648,30d1cbd8bc811b325570c9fdb182323781764974a74f27916f06ba12e9a7baef,,
azimint_hist,numpy,default,fresh_process,observed,0.5683719590306282,azimint_hist,,2,2,f5914dfb9f4cc36109a1c231938d0863c485540d7d58b79bed61050dcb1e083e,d714677a44d27aec51292ca83b9b3ba9c1835b7ac786bbd295a407ecfa03d47f,,
azimint_hist,numba,nopython-mode,fresh_process,observed,0.7414346649311483,azimint_hist,,2,2,f5914dfb9f4cc36109a1c231938d0863c485540d7d58b79bed61050dcb1e083e,d714677a44d27aec51292ca83b9b3ba9c1835b7ac786bbd295a407ecfa03d47f,,historical_disk_cache_hit_not_recorded;selected_process_variability
azimint_hist,numba,nopython-mode-parallel,fresh_process,observed,0.5893898657523096,azimint_hist,,3,3,f5914dfb9f4cc36109a1c231938d0863c485540d7d58b79bed61050dcb1e083e,d714677a44d27aec51292ca83b9b3ba9c1835b7ac786bbd295a407ecfa03d47f,,
azimint_hist,numba,nopython-mode-parallel-range,fresh_process,observed,0.5617487819399685,azimint_hist_private,,2,2,ee08d8b3d6c42ca8c49f15064988585a960e19f6df094ce2408581b17b4d3570,d714677a44d27aec51292ca83b9b3ba9c1835b7ac786bbd295a407ecfa03d47f,,two_later_processes_only
azimint_hist,numba,object-mode,fresh_process,observed,1.195653245318681,azimint_hist,,2,2,f5914dfb9f4cc36109a1c231938d0863c485540d7d58b79bed61050dcb1e083e,d714677a44d27aec51292ca83b9b3ba9c1835b7ac786bbd295a407ecfa03d47f,,historical_disk_cache_hit_not_recorded
azimint_hist,numba,object-mode-parallel,fresh_process,observed,1.0695663094520569,azimint_hist,,2,2,f5914dfb9f4cc36109a1c231938d0863c485540d7d58b79bed61050dcb1e083e,d714677a44d27aec51292ca83b9b3ba9c1835b7ac786bbd295a407ecfa03d47f,,historical_disk_cache_hit_not_recorded;selected_process_variability
azimint_hist,numba,object-mode-parallel-range,fresh_process,N/A,,,,,,,,,
azimint_hist,dace_cpu,fusion,fresh_process,observed,203.721938429866,azimint_hist,,2,2,f5914dfb9f4cc36109a1c231938d0863c485540d7d58b79bed61050dcb1e083e,d714677a44d27aec51292ca83b9b3ba9c1835b7ac786bbd295a407ecfa03d47f,,
azimint_hist,dace_cpu,parallel,fresh_process,observed,210.1493331922684,azimint_hist,,2,2,f5914dfb9f4cc36109a1c231938d0863c485540d7d58b79bed61050dcb1e083e,d714677a44d27aec51292ca83b9b3ba9c1835b7ac786bbd295a407ecfa03d47f,,
azimint_hist,dace_cpu,auto_opt,fresh_process,observed,211.76648022443987,azimint_hist,,2,2,f5914dfb9f4cc36109a1c231938d0863c485540d7d58b79bed61050dcb1e083e,d714677a44d27aec51292ca83b9b3ba9c1835b7ac786bbd295a407ecfa03d47f,,
azimint_hist,dace_gpu,fusion,fresh_process,observed,1.913728392450139,azimint_hist,,2,2,f5914dfb9f4cc36109a1c231938d0863c485540d7d58b79bed61050dcb1e083e,d714677a44d27aec51292ca83b9b3ba9c1835b7ac786bbd295a407ecfa03d47f,,
azimint_hist,dace_gpu,parallel,fresh_process,observed,1.78567876922898,azimint_hist,,2,2,f5914dfb9f4cc36109a1c231938d0863c485540d7d58b79bed61050dcb1e083e,d714677a44d27aec51292ca83b9b3ba9c1835b7ac786bbd295a407ecfa03d47f,,
azimint_hist,dace_gpu,auto_opt,fresh_process,observed,1.7349061777349561,azimint_hist,,2,2,f5914dfb9f4cc36109a1c231938d0863c485540d7d58b79bed61050dcb1e083e,d714677a44d27aec51292ca83b9b3ba9c1835b7ac786bbd295a407ecfa03d47f,,
azimint_hist,cupy,default,fresh_process,observed,1.2280330143403262,azimint_hist,,2,2,f5914dfb9f4cc36109a1c231938d0863c485540d7d58b79bed61050dcb1e083e,d714677a44d27aec51292ca83b9b3ba9c1835b7ac786bbd295a407ecfa03d47f,,
azimint_naive,numpy,default,fresh_process,observed,50.28241103910841,azimint_naive,,2,2,7ce93eb427426de57f9dd024b84b3ccd522ed34eea578a05eb7d30f002985156,10e5a4ce8b6fe96db84b8d28fc35df47e5ddd295dfddf44939fc8ac5c8795b6d,,
azimint_naive,numba,nopython-mode,fresh_process,observed,69.91668749344535,azimint_naive,,2,2,7ce93eb427426de57f9dd024b84b3ccd522ed34eea578a05eb7d30f002985156,10e5a4ce8b6fe96db84b8d28fc35df47e5ddd295dfddf44939fc8ac5c8795b6d,,historical_disk_cache_hit_not_recorded
azimint_naive,numba,nopython-mode-parallel,fresh_process,observed,47.32269604946487,azimint_naive,,2,2,7ce93eb427426de57f9dd024b84b3ccd522ed34eea578a05eb7d30f002985156,10e5a4ce8b6fe96db84b8d28fc35df47e5ddd295dfddf44939fc8ac5c8795b6d,,historical_disk_cache_hit_not_recorded
azimint_naive,numba,nopython-mode-parallel-range,fresh_process,observed,5.051992319058627,azimint_naive,,3,3,7ce93eb427426de57f9dd024b84b3ccd522ed34eea578a05eb7d30f002985156,10e5a4ce8b6fe96db84b8d28fc35df47e5ddd295dfddf44939fc8ac5c8795b6d,,
azimint_naive,numba,object-mode,fresh_process,N/A,,,,,,,,,
azimint_naive,numba,object-mode-parallel,fresh_process,N/A,,,,,,,,,
azimint_naive,numba,object-mode-parallel-range,fresh_process,N/A,,,,,,,,,
azimint_naive,dace_cpu,fusion,fresh_process,observed,78.85715127387084,azimint_naive,,2,2,7ce93eb427426de57f9dd024b84b3ccd522ed34eea578a05eb7d30f002985156,10e5a4ce8b6fe96db84b8d28fc35df47e5ddd295dfddf44939fc8ac5c8795b6d,,
azimint_naive,dace_cpu,parallel,fresh_process,observed,61.480623566312715,azimint_naive,,2,2,7ce93eb427426de57f9dd024b84b3ccd522ed34eea578a05eb7d30f002985156,10e5a4ce8b6fe96db84b8d28fc35df47e5ddd295dfddf44939fc8ac5c8795b6d,,
azimint_naive,dace_cpu,auto_opt,fresh_process,observed,65.3069911992643,azimint_naive,,2,2,7ce93eb427426de57f9dd024b84b3ccd522ed34eea578a05eb7d30f002985156,10e5a4ce8b6fe96db84b8d28fc35df47e5ddd295dfddf44939fc8ac5c8795b6d,,
azimint_naive,dace_gpu,fusion,fresh_process,observed,3.6203142371959984,azimint_naive,,2,2,7ce93eb427426de57f9dd024b84b3ccd522ed34eea578a05eb7d30f002985156,10e5a4ce8b6fe96db84b8d28fc35df47e5ddd295dfddf44939fc8ac5c8795b6d,,
azimint_naive,dace_gpu,parallel,fresh_process,error,,azimint_naive,,0,0,7ce93eb427426de57f9dd024b84b3ccd522ed34eea578a05eb7d30f002985156,10e5a4ce8b6fe96db84b8d28fc35df47e5ddd295dfddf44939fc8ac5c8795b6d,,
azimint_naive,dace_gpu,auto_opt,fresh_process,error,,azimint_naive,,0,0,7ce93eb427426de57f9dd024b84b3ccd522ed34eea578a05eb7d30f002985156,10e5a4ce8b6fe96db84b8d28fc35df47e5ddd295dfddf44939fc8ac5c8795b6d,,
azimint_naive,cupy,default,fresh_process,observed,2.7803389406763017,azimint_naive,,2,2,7ce93eb427426de57f9dd024b84b3ccd522ed34eea578a05eb7d30f002985156,10e5a4ce8b6fe96db84b8d28fc35df47e5ddd295dfddf44939fc8ac5c8795b6d,,
bicg,numpy,default,fresh_process,observed,0.15100386342965066,bicg,,2,2,16d618b4e97f8f1b6191fe3f76123e77b6b198e5982ffa6fbd2528fa69701078,77e9adb788612e39af05a751b80c16198c5c53c1997f2c21ca5d1cefa59811c3,,
bicg,numba,nopython-mode,fresh_process,observed,0.4465670573990792,bicg,,2,2,16d618b4e97f8f1b6191fe3f76123e77b6b198e5982ffa6fbd2528fa69701078,77e9adb788612e39af05a751b80c16198c5c53c1997f2c21ca5d1cefa59811c3,,historical_disk_cache_hit_not_recorded;new_sampling_or_resources;selected_process_variability
bicg,numba,nopython-mode-parallel,fresh_process,observed,0.5278241948690265,bicg,,2,2,16d618b4e97f8f1b6191fe3f76123e77b6b198e5982ffa6fbd2528fa69701078,77e9adb788612e39af05a751b80c16198c5c53c1997f2c21ca5d1cefa59811c3,,historical_disk_cache_hit_not_recorded;new_sampling_or_resources
bicg,numba,nopython-mode-parallel-range,fresh_process,N/A,,,,,,,,,
bicg,numba,object-mode,fresh_process,N/A,,,,,,,,,
bicg,numba,object-mode-parallel,fresh_process,N/A,,,,,,,,,
bicg,numba,object-mode-parallel-range,fresh_process,N/A,,,,,,,,,
bicg,dace_cpu,fusion,fresh_process,observed,0.24033312988467515,bicg,,2,2,16d618b4e97f8f1b6191fe3f76123e77b6b198e5982ffa6fbd2528fa69701078,77e9adb788612e39af05a751b80c16198c5c53c1997f2c21ca5d1cefa59811c3,,
bicg,dace_cpu,parallel,fresh_process,observed,0.266887697391212,bicg,,2,2,16d618b4e97f8f1b6191fe3f76123e77b6b198e5982ffa6fbd2528fa69701078,77e9adb788612e39af05a751b80c16198c5c53c1997f2c21ca5d1cefa59811c3,,
bicg,dace_cpu,auto_opt,fresh_process,observed,0.2665499341674149,bicg,,2,2,16d618b4e97f8f1b6191fe3f76123e77b6b198e5982ffa6fbd2528fa69701078,77e9adb788612e39af05a751b80c16198c5c53c1997f2c21ca5d1cefa59811c3,,
bicg,dace_gpu,fusion,fresh_process,observed,4.659672528970987,bicg,,2,2,16d618b4e97f8f1b6191fe3f76123e77b6b198e5982ffa6fbd2528fa69701078,77e9adb788612e39af05a751b80c16198c5c53c1997f2c21ca5d1cefa59811c3,,
bicg,dace_gpu,parallel,fresh_process,observed,4.266141481464729,bicg,,2,2,16d618b4e97f8f1b6191fe3f76123e77b6b198e5982ffa6fbd2528fa69701078,77e9adb788612e39af05a751b80c16198c5c53c1997f2c21ca5d1cefa59811c3,,
bicg,dace_gpu,auto_opt,fresh_process,observed,4.916640255367383,bicg,,2,2,16d618b4e97f8f1b6191fe3f76123e77b6b198e5982ffa6fbd2528fa69701078,77e9adb788612e39af05a751b80c16198c5c53c1997f2c21ca5d1cefa59811c3,,
bicg,cupy,default,fresh_process,observed,3.238005718914792,bicg,,2,2,16d618b4e97f8f1b6191fe3f76123e77b6b198e5982ffa6fbd2528fa69701078,77e9adb788612e39af05a751b80c16198c5c53c1997f2c21ca5d1cefa59811c3,,
cavity_flow,numpy,default,fresh_process,observed,0.8752484156284481,cavity_flow,,2,2,210af7f0234bb993fa8cb9e063c162a3f185d3fc74aad9308835699b7e5a18da,33c1dcf4ea4c8afb398c3db57686f19a59239f440846cca31b92bee224e3c662,,selected_process_variability
cavity_flow,numba,nopython-mode,fresh_process,observed,1.2211127157788724,cavity_flow,,2,2,210af7f0234bb993fa8cb9e063c162a3f185d3fc74aad9308835699b7e5a18da,33c1dcf4ea4c8afb398c3db57686f19a59239f440846cca31b92bee224e3c662,,historical_disk_cache_hit_not_recorded;new_variability;selected_process_variability
cavity_flow,numba,nopython-mode-parallel,fresh_process,error,,cavity_flow,,0,0,210af7f0234bb993fa8cb9e063c162a3f185d3fc74aad9308835699b7e5a18da,33c1dcf4ea4c8afb398c3db57686f19a59239f440846cca31b92bee224e3c662,,
cavity_flow,numba,nopython-mode-parallel-range,fresh_process,N/A,,,,,,,,,
cavity_flow,numba,object-mode,fresh_process,N/A,,,,,,,,,
cavity_flow,numba,object-mode-parallel,fresh_process,N/A,,,,,,,,,
cavity_flow,numba,object-mode-parallel-range,fresh_process,N/A,,,,,,,,,
cavity_flow,dace_cpu,fusion,fresh_process,observed,2.4380389130674303,cavity_flow,,2,2,210af7f0234bb993fa8cb9e063c162a3f185d3fc74aad9308835699b7e5a18da,33c1dcf4ea4c8afb398c3db57686f19a59239f440846cca31b92bee224e3c662,,selected_process_variability
cavity_flow,dace_cpu,parallel,fresh_process,observed,3.138917423086241,cavity_flow,,2,2,210af7f0234bb993fa8cb9e063c162a3f185d3fc74aad9308835699b7e5a18da,33c1dcf4ea4c8afb398c3db57686f19a59239f440846cca31b92bee224e3c662,,
cavity_flow,dace_cpu,auto_opt,fresh_process,observed,3.273331986507401,cavity_flow,,2,2,210af7f0234bb993fa8cb9e063c162a3f185d3fc74aad9308835699b7e5a18da,33c1dcf4ea4c8afb398c3db57686f19a59239f440846cca31b92bee224e3c662,,selected_process_variability
cavity_flow,dace_gpu,fusion,fresh_process,observed,1.3207676568999887,cavity_flow,,2,2,210af7f0234bb993fa8cb9e063c162a3f185d3fc74aad9308835699b7e5a18da,33c1dcf4ea4c8afb398c3db57686f19a59239f440846cca31b92bee224e3c662,,
cavity_flow,dace_gpu,parallel,fresh_process,observed,1.5216455729678273,cavity_flow,,2,2,210af7f0234bb993fa8cb9e063c162a3f185d3fc74aad9308835699b7e5a18da,33c1dcf4ea4c8afb398c3db57686f19a59239f440846cca31b92bee224e3c662,,
cavity_flow,dace_gpu,auto_opt,fresh_process,observed,1.2927306855563074,cavity_flow,,2,2,210af7f0234bb993fa8cb9e063c162a3f185d3fc74aad9308835699b7e5a18da,33c1dcf4ea4c8afb398c3db57686f19a59239f440846cca31b92bee224e3c662,,
cavity_flow,cupy,default,fresh_process,observed,1.455444363411516,cavity_flow,,2,2,210af7f0234bb993fa8cb9e063c162a3f185d3fc74aad9308835699b7e5a18da,33c1dcf4ea4c8afb398c3db57686f19a59239f440846cca31b92bee224e3c662,,
channel_flow,numpy,default,fresh_process,observed,6.0521047580987215,channel_flow,,2,2,a5826f86fe64a72734a89619a6e971effc8ed8ebe00f99337006d700704bed0f,131f13ee629eff4bbfc04696d2acdcf8be8c111de0037039e4ac5c934e15a280,,
channel_flow,numba,nopython-mode,fresh_process,observed,5.568120387848467,channel_flow,,3,3,a5826f86fe64a72734a89619a6e971effc8ed8ebe00f99337006d700704bed0f,131f13ee629eff4bbfc04696d2acdcf8be8c111de0037039e4ac5c934e15a280,,
channel_flow,numba,nopython-mode-parallel,fresh_process,observed,37.06304540974088,channel_flow,,2,2,a5826f86fe64a72734a89619a6e971effc8ed8ebe00f99337006d700704bed0f,131f13ee629eff4bbfc04696d2acdcf8be8c111de0037039e4ac5c934e15a280,,historical_disk_cache_hit_not_recorded;selected_process_variability
channel_flow,numba,nopython-mode-parallel-range,fresh_process,N/A,,,,,,,,,
channel_flow,numba,object-mode,fresh_process,N/A,,,,,,,,,
channel_flow,numba,object-mode-parallel,fresh_process,N/A,,,,,,,,,
channel_flow,numba,object-mode-parallel-range,fresh_process,N/A,,,,,,,,,
channel_flow,dace_cpu,fusion,fresh_process,observed,65.2761451692786,channel_flow,,2,2,a5826f86fe64a72734a89619a6e971effc8ed8ebe00f99337006d700704bed0f,131f13ee629eff4bbfc04696d2acdcf8be8c111de0037039e4ac5c934e15a280,,
channel_flow,dace_cpu,parallel,fresh_process,observed,86.19857327337377,channel_flow,,2,2,a5826f86fe64a72734a89619a6e971effc8ed8ebe00f99337006d700704bed0f,131f13ee629eff4bbfc04696d2acdcf8be8c111de0037039e4ac5c934e15a280,,selected_process_variability
channel_flow,dace_cpu,auto_opt,fresh_process,observed,74.22929596924223,channel_flow,,2,2,a5826f86fe64a72734a89619a6e971effc8ed8ebe00f99337006d700704bed0f,131f13ee629eff4bbfc04696d2acdcf8be8c111de0037039e4ac5c934e15a280,,
channel_flow,dace_gpu,fusion,fresh_process,observed,4.2982027374673635,channel_flow,,2,2,a5826f86fe64a72734a89619a6e971effc8ed8ebe00f99337006d700704bed0f,131f13ee629eff4bbfc04696d2acdcf8be8c111de0037039e4ac5c934e15a280,,
channel_flow,dace_gpu,parallel,fresh_process,observed,4.752133580390364,channel_flow,,2,2,a5826f86fe64a72734a89619a6e971effc8ed8ebe00f99337006d700704bed0f,131f13ee629eff4bbfc04696d2acdcf8be8c111de0037039e4ac5c934e15a280,,
channel_flow,dace_gpu,auto_opt,fresh_process,observed,4.157260471954942,channel_flow,,2,2,a5826f86fe64a72734a89619a6e971effc8ed8ebe00f99337006d700704bed0f,131f13ee629eff4bbfc04696d2acdcf8be8c111de0037039e4ac5c934e15a280,,
channel_flow,cupy,default,fresh_process,observed,16.067436214070767,channel_flow,,2,2,a5826f86fe64a72734a89619a6e971effc8ed8ebe00f99337006d700704bed0f,131f13ee629eff4bbfc04696d2acdcf8be8c111de0037039e4ac5c934e15a280,,
cholesky,numpy,default,fresh_process,observed,0.900651439325884,cholesky,,2,2,56dfb1eba239c26e0b2a9d37a7e4204bca4b6420c1c6db5a29f0fa62a44c6bf8,4fbe26b28e30a4b50af30a63a5f1d483d8c2556910e84aba0ab6422938ce8d60,,
cholesky,numba,nopython-mode,fresh_process,observed,0.41100653097964823,cholesky,,2,2,56dfb1eba239c26e0b2a9d37a7e4204bca4b6420c1c6db5a29f0fa62a44c6bf8,4fbe26b28e30a4b50af30a63a5f1d483d8c2556910e84aba0ab6422938ce8d60,,historical_disk_cache_hit_not_recorded
cholesky,numba,nopython-mode-parallel,fresh_process,observed,31.421136639313772,cholesky,,2,2,56dfb1eba239c26e0b2a9d37a7e4204bca4b6420c1c6db5a29f0fa62a44c6bf8,4fbe26b28e30a4b50af30a63a5f1d483d8c2556910e84aba0ab6422938ce8d60,,historical_disk_cache_hit_not_recorded;selected_process_variability
cholesky,numba,nopython-mode-parallel-range,fresh_process,N/A,,,,,,,,,
cholesky,numba,object-mode,fresh_process,N/A,,,,,,,,,
cholesky,numba,object-mode-parallel,fresh_process,N/A,,,,,,,,,
cholesky,numba,object-mode-parallel-range,fresh_process,N/A,,,,,,,,,
cholesky,dace_cpu,fusion,fresh_process,observed,0.13287807744927704,cholesky,,2,2,56dfb1eba239c26e0b2a9d37a7e4204bca4b6420c1c6db5a29f0fa62a44c6bf8,4fbe26b28e30a4b50af30a63a5f1d483d8c2556910e84aba0ab6422938ce8d60,,
cholesky,dace_cpu,parallel,fresh_process,observed,0.1442104745656252,cholesky,,2,2,56dfb1eba239c26e0b2a9d37a7e4204bca4b6420c1c6db5a29f0fa62a44c6bf8,4fbe26b28e30a4b50af30a63a5f1d483d8c2556910e84aba0ab6422938ce8d60,,new_variability
cholesky,dace_cpu,auto_opt,fresh_process,observed,0.1345283049158752,cholesky,,2,2,56dfb1eba239c26e0b2a9d37a7e4204bca4b6420c1c6db5a29f0fa62a44c6bf8,4fbe26b28e30a4b50af30a63a5f1d483d8c2556910e84aba0ab6422938ce8d60,,
cholesky,dace_gpu,fusion,fresh_process,observed,10.738129266770557,cholesky,,2,2,56dfb1eba239c26e0b2a9d37a7e4204bca4b6420c1c6db5a29f0fa62a44c6bf8,4fbe26b28e30a4b50af30a63a5f1d483d8c2556910e84aba0ab6422938ce8d60,,
cholesky,dace_gpu,parallel,fresh_process,observed,11.171732318587601,cholesky,,2,2,56dfb1eba239c26e0b2a9d37a7e4204bca4b6420c1c6db5a29f0fa62a44c6bf8,4fbe26b28e30a4b50af30a63a5f1d483d8c2556910e84aba0ab6422938ce8d60,,
cholesky,dace_gpu,auto_opt,fresh_process,observed,7.174501878442243,cholesky,,2,2,56dfb1eba239c26e0b2a9d37a7e4204bca4b6420c1c6db5a29f0fa62a44c6bf8,4fbe26b28e30a4b50af30a63a5f1d483d8c2556910e84aba0ab6422938ce8d60,,
cholesky,cupy,default,fresh_process,observed,33.674924639519304,cholesky,,2,2,56dfb1eba239c26e0b2a9d37a7e4204bca4b6420c1c6db5a29f0fa62a44c6bf8,4fbe26b28e30a4b50af30a63a5f1d483d8c2556910e84aba0ab6422938ce8d60,,
cholesky2,numpy,default,fresh_process,observed,1.3846663804724813,cholesky2,,2,2,d99d5b0becbfb22bf45157e320f447a583444c901fafb55b0e5b1a90147a5923,b9394a55df0718e0c2862384f101bc746b522dc7acfbed649b0716c8d79c2363,,
cholesky2,numba,nopython-mode,fresh_process,observed,3.2693611006252468,cholesky2,,2,2,d99d5b0becbfb22bf45157e320f447a583444c901fafb55b0e5b1a90147a5923,b9394a55df0718e0c2862384f101bc746b522dc7acfbed649b0716c8d79c2363,,historical_disk_cache_hit_not_recorded
cholesky2,numba,nopython-mode-parallel,fresh_process,observed,3.2853615330532193,cholesky2,,2,2,d99d5b0becbfb22bf45157e320f447a583444c901fafb55b0e5b1a90147a5923,b9394a55df0718e0c2862384f101bc746b522dc7acfbed649b0716c8d79c2363,,historical_disk_cache_hit_not_recorded;selected_process_variability
cholesky2,numba,nopython-mode-parallel-range,fresh_process,N/A,,,,,,,,,
cholesky2,numba,object-mode,fresh_process,N/A,,,,,,,,,
cholesky2,numba,object-mode-parallel,fresh_process,N/A,,,,,,,,,
cholesky2,numba,object-mode-parallel-range,fresh_process,N/A,,,,,,,,,
cholesky2,dace_cpu,fusion,fresh_process,observed,1.4776654115412384,cholesky2,,2,2,d99d5b0becbfb22bf45157e320f447a583444c901fafb55b0e5b1a90147a5923,b9394a55df0718e0c2862384f101bc746b522dc7acfbed649b0716c8d79c2363,,
cholesky2,dace_cpu,parallel,fresh_process,observed,1.5782965084072202,cholesky2,,2,2,d99d5b0becbfb22bf45157e320f447a583444c901fafb55b0e5b1a90147a5923,b9394a55df0718e0c2862384f101bc746b522dc7acfbed649b0716c8d79c2363,,
cholesky2,dace_cpu,auto_opt,fresh_process,observed,1.798612975049764,cholesky2,,2,2,d99d5b0becbfb22bf45157e320f447a583444c901fafb55b0e5b1a90147a5923,b9394a55df0718e0c2862384f101bc746b522dc7acfbed649b0716c8d79c2363,,
cholesky2,dace_gpu,fusion,fresh_process,observed,1.838538309559226,cholesky2,,2,2,d99d5b0becbfb22bf45157e320f447a583444c901fafb55b0e5b1a90147a5923,b9394a55df0718e0c2862384f101bc746b522dc7acfbed649b0716c8d79c2363,,
cholesky2,dace_gpu,parallel,fresh_process,observed,1.8257392689120024,cholesky2,,2,2,d99d5b0becbfb22bf45157e320f447a583444c901fafb55b0e5b1a90147a5923,b9394a55df0718e0c2862384f101bc746b522dc7acfbed649b0716c8d79c2363,,
cholesky2,dace_gpu,auto_opt,fresh_process,observed,1.8864347590133548,cholesky2,,2,2,d99d5b0becbfb22bf45157e320f447a583444c901fafb55b0e5b1a90147a5923,b9394a55df0718e0c2862384f101bc746b522dc7acfbed649b0716c8d79c2363,,
cholesky2,cupy,default,fresh_process,observed,1.0982298112940043,cholesky2,,2,2,d99d5b0becbfb22bf45157e320f447a583444c901fafb55b0e5b1a90147a5923,b9394a55df0718e0c2862384f101bc746b522dc7acfbed649b0716c8d79c2363,,selected_process_variability
compute,numpy,default,fresh_process,observed,0.930502540897578,compute,,2,2,edf335f51b0a6a5a63d4d1e8c77cdda9a31939cdf30081571adf738ae28f7732,c95ef8e4674e9795c2c4376c3b88240655d27d77a534d2db1cf991c275146691,,
compute,numba,nopython-mode,fresh_process,observed,1.6656409914139658,compute,,2,2,edf335f51b0a6a5a63d4d1e8c77cdda9a31939cdf30081571adf738ae28f7732,c95ef8e4674e9795c2c4376c3b88240655d27d77a534d2db1cf991c275146691,,historical_disk_cache_hit_not_recorded;selected_process_variability
compute,numba,nopython-mode-parallel,fresh_process,observed,0.620152433635667,compute,,2,2,edf335f51b0a6a5a63d4d1e8c77cdda9a31939cdf30081571adf738ae28f7732,c95ef8e4674e9795c2c4376c3b88240655d27d77a534d2db1cf991c275146691,,historical_disk_cache_hit_not_recorded;new_sampling_or_resources
compute,numba,nopython-mode-parallel-range,fresh_process,N/A,,,,,,,,,
compute,numba,object-mode,fresh_process,observed,8.939881059341133,compute,,2,2,edf335f51b0a6a5a63d4d1e8c77cdda9a31939cdf30081571adf738ae28f7732,c95ef8e4674e9795c2c4376c3b88240655d27d77a534d2db1cf991c275146691,,historical_disk_cache_hit_not_recorded;selected_process_variability
compute,numba,object-mode-parallel,fresh_process,observed,6.6840949659235775,compute,,2,2,edf335f51b0a6a5a63d4d1e8c77cdda9a31939cdf30081571adf738ae28f7732,c95ef8e4674e9795c2c4376c3b88240655d27d77a534d2db1cf991c275146691,,historical_disk_cache_hit_not_recorded
compute,numba,object-mode-parallel-range,fresh_process,N/A,,,,,,,,,
compute,dace_cpu,fusion,fresh_process,observed,0.22619228181429207,compute,,2,2,edf335f51b0a6a5a63d4d1e8c77cdda9a31939cdf30081571adf738ae28f7732,c95ef8e4674e9795c2c4376c3b88240655d27d77a534d2db1cf991c275146691,,
compute,dace_cpu,parallel,fresh_process,observed,0.23364514554850757,compute,,2,2,edf335f51b0a6a5a63d4d1e8c77cdda9a31939cdf30081571adf738ae28f7732,c95ef8e4674e9795c2c4376c3b88240655d27d77a534d2db1cf991c275146691,,selected_process_variability
compute,dace_cpu,auto_opt,fresh_process,observed,0.20753429410979152,compute,,2,2,edf335f51b0a6a5a63d4d1e8c77cdda9a31939cdf30081571adf738ae28f7732,c95ef8e4674e9795c2c4376c3b88240655d27d77a534d2db1cf991c275146691,,
compute,dace_gpu,fusion,fresh_process,observed,3.867477460997179,compute,,2,2,edf335f51b0a6a5a63d4d1e8c77cdda9a31939cdf30081571adf738ae28f7732,c95ef8e4674e9795c2c4376c3b88240655d27d77a534d2db1cf991c275146691,,
compute,dace_gpu,parallel,fresh_process,observed,3.6504466531332582,compute,,2,2,edf335f51b0a6a5a63d4d1e8c77cdda9a31939cdf30081571adf738ae28f7732,c95ef8e4674e9795c2c4376c3b88240655d27d77a534d2db1cf991c275146691,,
compute,dace_gpu,auto_opt,fresh_process,observed,3.8334494319278747,compute,,2,2,edf335f51b0a6a5a63d4d1e8c77cdda9a31939cdf30081571adf738ae28f7732,c95ef8e4674e9795c2c4376c3b88240655d27d77a534d2db1cf991c275146691,,
compute,cupy,default,fresh_process,observed,7.170667099999264,compute,,2,2,edf335f51b0a6a5a63d4d1e8c77cdda9a31939cdf30081571adf738ae28f7732,c95ef8e4674e9795c2c4376c3b88240655d27d77a534d2db1cf991c275146691,,selected_process_variability
contour_integral,numpy,default,fresh_process,observed,2.0966431507840753,contour_integral,,2,2,b7bd5d51e17faaa7d7b471e2377876f282bd7deed775cb160db56f12df313057,96e60b8e822b16860d5bd015f984ac2828ce239aab0d0628d36a60c7c4be7697,,
contour_integral,numba,nopython-mode,fresh_process,observed,2.421845736913383,contour_integral,,3,3,b7bd5d51e17faaa7d7b471e2377876f282bd7deed775cb160db56f12df313057,96e60b8e822b16860d5bd015f984ac2828ce239aab0d0628d36a60c7c4be7697,,
contour_integral,numba,nopython-mode-parallel,fresh_process,observed,5.912880250019953,contour_integral,,2,2,b7bd5d51e17faaa7d7b471e2377876f282bd7deed775cb160db56f12df313057,96e60b8e822b16860d5bd015f984ac2828ce239aab0d0628d36a60c7c4be7697,,historical_disk_cache_hit_not_recorded
contour_integral,numba,nopython-mode-parallel-range,fresh_process,observed,3.0286486851982772,contour_integral,,2,2,b7bd5d51e17faaa7d7b471e2377876f282bd7deed775cb160db56f12df313057,96e60b8e822b16860d5bd015f984ac2828ce239aab0d0628d36a60c7c4be7697,,historical_disk_cache_hit_not_recorded
contour_integral,numba,object-mode,fresh_process,N/A,,,,,,,,,
contour_integral,numba,object-mode-parallel,fresh_process,N/A,,,,,,,,,
contour_integral,numba,object-mode-parallel-range,fresh_process,N/A,,,,,,,,,
contour_integral,dace_cpu,fusion,fresh_process,observed,6.139534032670781,contour_integral,,2,2,b7bd5d51e17faaa7d7b471e2377876f282bd7deed775cb160db56f12df313057,96e60b8e822b16860d5bd015f984ac2828ce239aab0d0628d36a60c7c4be7697,,
contour_integral,dace_cpu,parallel,fresh_process,observed,6.278572529554367,contour_integral,,2,2,b7bd5d51e17faaa7d7b471e2377876f282bd7deed775cb160db56f12df313057,96e60b8e822b16860d5bd015f984ac2828ce239aab0d0628d36a60c7c4be7697,,
contour_integral,dace_cpu,auto_opt,fresh_process,observed,5.838365772971883,contour_integral,,2,2,b7bd5d51e17faaa7d7b471e2377876f282bd7deed775cb160db56f12df313057,96e60b8e822b16860d5bd015f984ac2828ce239aab0d0628d36a60c7c4be7697,,
contour_integral,dace_gpu,fusion,fresh_process,validation,,contour_integral,,0,0,b7bd5d51e17faaa7d7b471e2377876f282bd7deed775cb160db56f12df313057,96e60b8e822b16860d5bd015f984ac2828ce239aab0d0628d36a60c7c4be7697,,
contour_integral,dace_gpu,parallel,fresh_process,validation,,contour_integral,,0,0,b7bd5d51e17faaa7d7b471e2377876f282bd7deed775cb160db56f12df313057,96e60b8e822b16860d5bd015f984ac2828ce239aab0d0628d36a60c7c4be7697,,
contour_integral,dace_gpu,auto_opt,fresh_process,validation,,contour_integral,,0,0,b7bd5d51e17faaa7d7b471e2377876f282bd7deed775cb160db56f12df313057,96e60b8e822b16860d5bd015f984ac2828ce239aab0d0628d36a60c7c4be7697,,
contour_integral,cupy,default,fresh_process,observed,0.8410511242691427,contour_integral,,2,2,b7bd5d51e17faaa7d7b471e2377876f282bd7deed775cb160db56f12df313057,96e60b8e822b16860d5bd015f984ac2828ce239aab0d0628d36a60c7c4be7697,,
conv2d_bias,numpy,default,fresh_process,observed,1.8212799390312284,conv2d_bias,,2,2,c47a0f873d63acc5fa1d36e1061d8e90bf59c5186703fc221aaf46384c6dbae8,3652f4ad2c784bef2f715b7aa13d7e3a9d461dbdbed77498119dc3c0f00cc660,,selected_process_variability
conv2d_bias,numba,nopython-mode,fresh_process,observed,1.8158268425613642,conv2d_bias,,2,2,c47a0f873d63acc5fa1d36e1061d8e90bf59c5186703fc221aaf46384c6dbae8,3652f4ad2c784bef2f715b7aa13d7e3a9d461dbdbed77498119dc3c0f00cc660,,historical_disk_cache_hit_not_recorded
conv2d_bias,numba,nopython-mode-parallel,fresh_process,observed,5.48130616126582,conv2d_bias,,2,2,c47a0f873d63acc5fa1d36e1061d8e90bf59c5186703fc221aaf46384c6dbae8,3652f4ad2c784bef2f715b7aa13d7e3a9d461dbdbed77498119dc3c0f00cc660,,historical_disk_cache_hit_not_recorded
conv2d_bias,numba,nopython-mode-parallel-range,fresh_process,observed,0.5734574808739126,conv2d_bias,,2,2,c47a0f873d63acc5fa1d36e1061d8e90bf59c5186703fc221aaf46384c6dbae8,3652f4ad2c784bef2f715b7aa13d7e3a9d461dbdbed77498119dc3c0f00cc660,,historical_disk_cache_hit_not_recorded;new_variability;selected_process_variability
conv2d_bias,numba,object-mode,fresh_process,error,,conv2d_bias,,0,0,c47a0f873d63acc5fa1d36e1061d8e90bf59c5186703fc221aaf46384c6dbae8,3652f4ad2c784bef2f715b7aa13d7e3a9d461dbdbed77498119dc3c0f00cc660,,
conv2d_bias,numba,object-mode-parallel,fresh_process,error,,conv2d_bias,,0,0,c47a0f873d63acc5fa1d36e1061d8e90bf59c5186703fc221aaf46384c6dbae8,3652f4ad2c784bef2f715b7aa13d7e3a9d461dbdbed77498119dc3c0f00cc660,,
conv2d_bias,numba,object-mode-parallel-range,fresh_process,observed,3.2497348724864423,conv2d_bias,,2,2,c47a0f873d63acc5fa1d36e1061d8e90bf59c5186703fc221aaf46384c6dbae8,3652f4ad2c784bef2f715b7aa13d7e3a9d461dbdbed77498119dc3c0f00cc660,,historical_disk_cache_hit_not_recorded
conv2d_bias,dace_cpu,fusion,fresh_process,observed,2.888467335840687,conv2d_bias,,2,2,c47a0f873d63acc5fa1d36e1061d8e90bf59c5186703fc221aaf46384c6dbae8,3652f4ad2c784bef2f715b7aa13d7e3a9d461dbdbed77498119dc3c0f00cc660,,
conv2d_bias,dace_cpu,parallel,fresh_process,observed,2.681452530901879,conv2d_bias,,2,2,c47a0f873d63acc5fa1d36e1061d8e90bf59c5186703fc221aaf46384c6dbae8,3652f4ad2c784bef2f715b7aa13d7e3a9d461dbdbed77498119dc3c0f00cc660,,selected_process_variability
conv2d_bias,dace_cpu,auto_opt,fresh_process,observed,2.6508522289805114,conv2d_bias,,2,2,c47a0f873d63acc5fa1d36e1061d8e90bf59c5186703fc221aaf46384c6dbae8,3652f4ad2c784bef2f715b7aa13d7e3a9d461dbdbed77498119dc3c0f00cc660,,selected_process_variability
conv2d_bias,dace_gpu,fusion,fresh_process,validation,,conv2d_bias,,0,0,c47a0f873d63acc5fa1d36e1061d8e90bf59c5186703fc221aaf46384c6dbae8,3652f4ad2c784bef2f715b7aa13d7e3a9d461dbdbed77498119dc3c0f00cc660,,
conv2d_bias,dace_gpu,parallel,fresh_process,validation,,conv2d_bias,,0,0,c47a0f873d63acc5fa1d36e1061d8e90bf59c5186703fc221aaf46384c6dbae8,3652f4ad2c784bef2f715b7aa13d7e3a9d461dbdbed77498119dc3c0f00cc660,,
conv2d_bias,dace_gpu,auto_opt,fresh_process,validation,,conv2d_bias,,0,0,c47a0f873d63acc5fa1d36e1061d8e90bf59c5186703fc221aaf46384c6dbae8,3652f4ad2c784bef2f715b7aa13d7e3a9d461dbdbed77498119dc3c0f00cc660,,
conv2d_bias,cupy,default,fresh_process,observed,1.9604354004841298,conv2d_bias,,2,2,c47a0f873d63acc5fa1d36e1061d8e90bf59c5186703fc221aaf46384c6dbae8,3652f4ad2c784bef2f715b7aa13d7e3a9d461dbdbed77498119dc3c0f00cc660,,selected_process_variability
correlation,numpy,default,fresh_process,observed,1.2518357958178967,correlation,,2,2,5bed53d94756b29d6c326b3510b9e7380e2b6d4931a68ec824535ca294b9c166,90af084039550dbfa1b2c0aafc8d4694c42209b191fd5b47f0314658efaf5513,,
correlation,numba,nopython-mode,fresh_process,observed,155.50382782053202,correlation,,2,2,5bed53d94756b29d6c326b3510b9e7380e2b6d4931a68ec824535ca294b9c166,90af084039550dbfa1b2c0aafc8d4694c42209b191fd5b47f0314658efaf5513,,historical_disk_cache_hit_not_recorded
correlation,numba,nopython-mode-parallel,fresh_process,error,,correlation,,0,0,5bed53d94756b29d6c326b3510b9e7380e2b6d4931a68ec824535ca294b9c166,90af084039550dbfa1b2c0aafc8d4694c42209b191fd5b47f0314658efaf5513,,
correlation,numba,nopython-mode-parallel-range,fresh_process,error,,correlation,,0,0,5bed53d94756b29d6c326b3510b9e7380e2b6d4931a68ec824535ca294b9c166,90af084039550dbfa1b2c0aafc8d4694c42209b191fd5b47f0314658efaf5513,,
correlation,numba,object-mode,fresh_process,unsupported,,correlation,,0,0,5bed53d94756b29d6c326b3510b9e7380e2b6d4931a68ec824535ca294b9c166,90af084039550dbfa1b2c0aafc8d4694c42209b191fd5b47f0314658efaf5513,,
correlation,numba,object-mode-parallel,fresh_process,unsupported,,correlation,,0,0,5bed53d94756b29d6c326b3510b9e7380e2b6d4931a68ec824535ca294b9c166,90af084039550dbfa1b2c0aafc8d4694c42209b191fd5b47f0314658efaf5513,,
correlation,numba,object-mode-parallel-range,fresh_process,unsupported,,correlation,,0,0,5bed53d94756b29d6c326b3510b9e7380e2b6d4931a68ec824535ca294b9c166,90af084039550dbfa1b2c0aafc8d4694c42209b191fd5b47f0314658efaf5513,,
correlation,dace_cpu,fusion,fresh_process,observed,1.361503324471414,correlation,,2,2,5bed53d94756b29d6c326b3510b9e7380e2b6d4931a68ec824535ca294b9c166,90af084039550dbfa1b2c0aafc8d4694c42209b191fd5b47f0314658efaf5513,,
correlation,dace_cpu,parallel,fresh_process,observed,1.4941546393092722,correlation,,2,2,5bed53d94756b29d6c326b3510b9e7380e2b6d4931a68ec824535ca294b9c166,90af084039550dbfa1b2c0aafc8d4694c42209b191fd5b47f0314658efaf5513,,
correlation,dace_cpu,auto_opt,fresh_process,observed,1.3967713550664485,correlation,,2,2,5bed53d94756b29d6c326b3510b9e7380e2b6d4931a68ec824535ca294b9c166,90af084039550dbfa1b2c0aafc8d4694c42209b191fd5b47f0314658efaf5513,,
correlation,dace_gpu,fusion,fresh_process,observed,1.848588825436309,correlation,,2,2,5bed53d94756b29d6c326b3510b9e7380e2b6d4931a68ec824535ca294b9c166,90af084039550dbfa1b2c0aafc8d4694c42209b191fd5b47f0314658efaf5513,,
correlation,dace_gpu,parallel,fresh_process,observed,1.9672994611319155,correlation,,2,2,5bed53d94756b29d6c326b3510b9e7380e2b6d4931a68ec824535ca294b9c166,90af084039550dbfa1b2c0aafc8d4694c42209b191fd5b47f0314658efaf5513,,
correlation,dace_gpu,auto_opt,fresh_process,observed,1.834411138901487,correlation,,2,2,5bed53d94756b29d6c326b3510b9e7380e2b6d4931a68ec824535ca294b9c166,90af084039550dbfa1b2c0aafc8d4694c42209b191fd5b47f0314658efaf5513,,
correlation,cupy,default,fresh_process,observed,1.364117636345327,correlation_return,,2,2,4708febb51509c27799764226558ac090461d90855debef2b30a03c03ef57f6e,a80325d29cec49a59ec855ace66ce22deb5c4598a5707696210d3afdf6a571ee,,between_process_variability;two_later_processes_only
covariance,numpy,default,fresh_process,observed,1.2197463980410248,covariance,,2,2,58b3a80d268ca9926b9a85556fa505122524ca4c66cc443c90a1e88c8ffec02f,af17a377caed2a970d699d0afa2fcc0382f2e0ec47bdab98c00e9bb2f70fcc48,,
covariance,numba,nopython-mode,fresh_process,observed,141.6968495505862,covariance,,2,2,58b3a80d268ca9926b9a85556fa505122524ca4c66cc443c90a1e88c8ffec02f,af17a377caed2a970d699d0afa2fcc0382f2e0ec47bdab98c00e9bb2f70fcc48,,historical_disk_cache_hit_not_recorded
covariance,numba,nopython-mode-parallel,fresh_process,error,,covariance,,0,0,58b3a80d268ca9926b9a85556fa505122524ca4c66cc443c90a1e88c8ffec02f,af17a377caed2a970d699d0afa2fcc0382f2e0ec47bdab98c00e9bb2f70fcc48,,
covariance,numba,nopython-mode-parallel-range,fresh_process,error,,covariance,,0,0,58b3a80d268ca9926b9a85556fa505122524ca4c66cc443c90a1e88c8ffec02f,af17a377caed2a970d699d0afa2fcc0382f2e0ec47bdab98c00e9bb2f70fcc48,,
covariance,numba,object-mode,fresh_process,unsupported,,covariance,,0,0,58b3a80d268ca9926b9a85556fa505122524ca4c66cc443c90a1e88c8ffec02f,af17a377caed2a970d699d0afa2fcc0382f2e0ec47bdab98c00e9bb2f70fcc48,,
covariance,numba,object-mode-parallel,fresh_process,unsupported,,covariance,,0,0,58b3a80d268ca9926b9a85556fa505122524ca4c66cc443c90a1e88c8ffec02f,af17a377caed2a970d699d0afa2fcc0382f2e0ec47bdab98c00e9bb2f70fcc48,,
covariance,numba,object-mode-parallel-range,fresh_process,unsupported,,covariance,,0,0,58b3a80d268ca9926b9a85556fa505122524ca4c66cc443c90a1e88c8ffec02f,af17a377caed2a970d699d0afa2fcc0382f2e0ec47bdab98c00e9bb2f70fcc48,,
covariance,dace_cpu,fusion,fresh_process,observed,68.64072177442722,covariance,,2,2,58b3a80d268ca9926b9a85556fa505122524ca4c66cc443c90a1e88c8ffec02f,af17a377caed2a970d699d0afa2fcc0382f2e0ec47bdab98c00e9bb2f70fcc48,,
covariance,dace_cpu,parallel,fresh_process,observed,67.8752073738724,covariance,,2,2,58b3a80d268ca9926b9a85556fa505122524ca4c66cc443c90a1e88c8ffec02f,af17a377caed2a970d699d0afa2fcc0382f2e0ec47bdab98c00e9bb2f70fcc48,,
covariance,dace_cpu,auto_opt,fresh_process,observed,69.27061506686732,covariance,,2,2,58b3a80d268ca9926b9a85556fa505122524ca4c66cc443c90a1e88c8ffec02f,af17a377caed2a970d699d0afa2fcc0382f2e0ec47bdab98c00e9bb2f70fcc48,,
covariance,dace_gpu,fusion,fresh_process,observed,1.9386972507927567,covariance,,2,2,58b3a80d268ca9926b9a85556fa505122524ca4c66cc443c90a1e88c8ffec02f,af17a377caed2a970d699d0afa2fcc0382f2e0ec47bdab98c00e9bb2f70fcc48,,
covariance,dace_gpu,parallel,fresh_process,observed,1.8819544911384583,covariance,,2,2,58b3a80d268ca9926b9a85556fa505122524ca4c66cc443c90a1e88c8ffec02f,af17a377caed2a970d699d0afa2fcc0382f2e0ec47bdab98c00e9bb2f70fcc48,,
covariance,dace_gpu,auto_opt,fresh_process,observed,1.780530338641256,covariance,,2,2,58b3a80d268ca9926b9a85556fa505122524ca4c66cc443c90a1e88c8ffec02f,af17a377caed2a970d699d0afa2fcc0382f2e0ec47bdab98c00e9bb2f70fcc48,,
covariance,cupy,default,fresh_process,observed,1.6382684307172894,covariance,,2,2,58b3a80d268ca9926b9a85556fa505122524ca4c66cc443c90a1e88c8ffec02f,af17a377caed2a970d699d0afa2fcc0382f2e0ec47bdab98c00e9bb2f70fcc48,,
covariance2,numpy,default,fresh_process,observed,0.20067922258749604,covariance2,,2,2,b81db17e032d058c24615c34bdcb3c48ed5a23e6cf458082da80be982f4559fa,e1424bc66fff5f5bb8acd9b4f317faa2af4ea1da59094eb63d32d82413d01c9b,,
covariance2,numba,nopython-mode,fresh_process,observed,0.8093745766673237,covariance2,,2,2,b81db17e032d058c24615c34bdcb3c48ed5a23e6cf458082da80be982f4559fa,e1424bc66fff5f5bb8acd9b4f317faa2af4ea1da59094eb63d32d82413d01c9b,,historical_disk_cache_hit_not_recorded
covariance2,numba,nopython-mode-parallel,fresh_process,N/A,,,,,,,,,
covariance2,numba,nopython-mode-parallel-range,fresh_process,N/A,,,,,,,,,
covariance2,numba,object-mode,fresh_process,N/A,,,,,,,,,
covariance2,numba,object-mode-parallel,fresh_process,N/A,,,,,,,,,
covariance2,numba,object-mode-parallel-range,fresh_process,N/A,,,,,,,,,
covariance2,dace_cpu,fusion,fresh_process,missing,,covariance2,,0,0,b81db17e032d058c24615c34bdcb3c48ed5a23e6cf458082da80be982f4559fa,e1424bc66fff5f5bb8acd9b4f317faa2af4ea1da59094eb63d32d82413d01c9b,,
covariance2,dace_cpu,parallel,fresh_process,missing,,covariance2,,0,0,b81db17e032d058c24615c34bdcb3c48ed5a23e6cf458082da80be982f4559fa,e1424bc66fff5f5bb8acd9b4f317faa2af4ea1da59094eb63d32d82413d01c9b,,
covariance2,dace_cpu,auto_opt,fresh_process,missing,,covariance2,,0,0,b81db17e032d058c24615c34bdcb3c48ed5a23e6cf458082da80be982f4559fa,e1424bc66fff5f5bb8acd9b4f317faa2af4ea1da59094eb63d32d82413d01c9b,,
covariance2,dace_gpu,fusion,fresh_process,missing,,covariance2,,0,0,b81db17e032d058c24615c34bdcb3c48ed5a23e6cf458082da80be982f4559fa,e1424bc66fff5f5bb8acd9b4f317faa2af4ea1da59094eb63d32d82413d01c9b,,
covariance2,dace_gpu,parallel,fresh_process,missing,,covariance2,,0,0,b81db17e032d058c24615c34bdcb3c48ed5a23e6cf458082da80be982f4559fa,e1424bc66fff5f5bb8acd9b4f317faa2af4ea1da59094eb63d32d82413d01c9b,,
covariance2,dace_gpu,auto_opt,fresh_process,missing,,covariance2,,0,0,b81db17e032d058c24615c34bdcb3c48ed5a23e6cf458082da80be982f4559fa,e1424bc66fff5f5bb8acd9b4f317faa2af4ea1da59094eb63d32d82413d01c9b,,
covariance2,cupy,default,fresh_process,missing,,covariance2,,0,0,b81db17e032d058c24615c34bdcb3c48ed5a23e6cf458082da80be982f4559fa,e1424bc66fff5f5bb8acd9b4f317faa2af4ea1da59094eb63d32d82413d01c9b,,
crc16,numpy,default,fresh_process,observed,0.7455242641735822,crc16,,2,2,a7203e25a233dc7df7310c8693f87c1b6b61fb79f1dbf0005a64f986bb9b4471,f5e374255acb40d3b61ef049439a216956523578089519cdbac1c787454c279b,,
crc16,numba,nopython-mode,fresh_process,observed,0.37726258486509323,crc16,,2,2,a7203e25a233dc7df7310c8693f87c1b6b61fb79f1dbf0005a64f986bb9b4471,f5e374255acb40d3b61ef049439a216956523578089519cdbac1c787454c279b,,historical_disk_cache_hit_not_recorded
crc16,numba,nopython-mode-parallel,fresh_process,observed,0.38756797881796956,crc16,,3,3,a7203e25a233dc7df7310c8693f87c1b6b61fb79f1dbf0005a64f986bb9b4471,f5e374255acb40d3b61ef049439a216956523578089519cdbac1c787454c279b,,
crc16,numba,nopython-mode-parallel-range,fresh_process,N/A,,,,,,,,,
crc16,numba,object-mode,fresh_process,N/A,,,,,,,,,
crc16,numba,object-mode-parallel,fresh_process,N/A,,,,,,,,,
crc16,numba,object-mode-parallel-range,fresh_process,N/A,,,,,,,,,
crc16,dace_cpu,fusion,fresh_process,observed,0.03434290084987879,crc16,,2,2,a7203e25a233dc7df7310c8693f87c1b6b61fb79f1dbf0005a64f986bb9b4471,f5e374255acb40d3b61ef049439a216956523578089519cdbac1c787454c279b,,
crc16,dace_cpu,parallel,fresh_process,observed,0.0808100055437535,crc16,,2,2,a7203e25a233dc7df7310c8693f87c1b6b61fb79f1dbf0005a64f986bb9b4471,f5e374255acb40d3b61ef049439a216956523578089519cdbac1c787454c279b,,
crc16,dace_cpu,auto_opt,fresh_process,observed,0.041475013829767704,crc16,,2,2,a7203e25a233dc7df7310c8693f87c1b6b61fb79f1dbf0005a64f986bb9b4471,f5e374255acb40d3b61ef049439a216956523578089519cdbac1c787454c279b,,
crc16,dace_gpu,fusion,fresh_process,observed,6.585593188647181,crc16,,2,2,a7203e25a233dc7df7310c8693f87c1b6b61fb79f1dbf0005a64f986bb9b4471,f5e374255acb40d3b61ef049439a216956523578089519cdbac1c787454c279b,,
crc16,dace_gpu,parallel,fresh_process,observed,6.670509045943618,crc16,,2,2,a7203e25a233dc7df7310c8693f87c1b6b61fb79f1dbf0005a64f986bb9b4471,f5e374255acb40d3b61ef049439a216956523578089519cdbac1c787454c279b,,
crc16,dace_gpu,auto_opt,fresh_process,observed,6.66623241500929,crc16,,2,2,a7203e25a233dc7df7310c8693f87c1b6b61fb79f1dbf0005a64f986bb9b4471,f5e374255acb40d3b61ef049439a216956523578089519cdbac1c787454c279b,,
crc16,cupy,default,fresh_process,observed,101.84519536118023,crc16,,2,2,a7203e25a233dc7df7310c8693f87c1b6b61fb79f1dbf0005a64f986bb9b4471,f5e374255acb40d3b61ef049439a216956523578089519cdbac1c787454c279b,,
deriche,numpy,default,fresh_process,observed,0.7761478875763714,deriche,,2,2,ef9e5773989e084d7d1b667806f77c2b4ac4ac430dad3a2726f189d79dc3abc8,86bedd90fc265ce6365b560b64f12b89d3c2d5bf501294f5352e2a58074f9840,,
deriche,numba,nopython-mode,fresh_process,observed,1.3075762679800391,deriche,,2,2,ef9e5773989e084d7d1b667806f77c2b4ac4ac430dad3a2726f189d79dc3abc8,86bedd90fc265ce6365b560b64f12b89d3c2d5bf501294f5352e2a58074f9840,,historical_disk_cache_hit_not_recorded
deriche,numba,nopython-mode-parallel,fresh_process,observed,3.0416816528886557,deriche,,2,2,ef9e5773989e084d7d1b667806f77c2b4ac4ac430dad3a2726f189d79dc3abc8,86bedd90fc265ce6365b560b64f12b89d3c2d5bf501294f5352e2a58074f9840,,historical_disk_cache_hit_not_recorded
deriche,numba,nopython-mode-parallel-range,fresh_process,N/A,,,,,,,,,
deriche,numba,object-mode,fresh_process,N/A,,,,,,,,,
deriche,numba,object-mode-parallel,fresh_process,N/A,,,,,,,,,
deriche,numba,object-mode-parallel-range,fresh_process,N/A,,,,,,,,,
deriche,dace_cpu,fusion,fresh_process,observed,2.4205315546132624,deriche,,2,2,ef9e5773989e084d7d1b667806f77c2b4ac4ac430dad3a2726f189d79dc3abc8,86bedd90fc265ce6365b560b64f12b89d3c2d5bf501294f5352e2a58074f9840,,
deriche,dace_cpu,parallel,fresh_process,observed,2.49813388613984,deriche,,2,2,ef9e5773989e084d7d1b667806f77c2b4ac4ac430dad3a2726f189d79dc3abc8,86bedd90fc265ce6365b560b64f12b89d3c2d5bf501294f5352e2a58074f9840,,selected_process_variability
deriche,dace_cpu,auto_opt,fresh_process,observed,2.1355449955444783,deriche,,2,2,ef9e5773989e084d7d1b667806f77c2b4ac4ac430dad3a2726f189d79dc3abc8,86bedd90fc265ce6365b560b64f12b89d3c2d5bf501294f5352e2a58074f9840,,selected_process_variability
deriche,dace_gpu,fusion,fresh_process,observed,2.0043478768784553,deriche,,2,2,ef9e5773989e084d7d1b667806f77c2b4ac4ac430dad3a2726f189d79dc3abc8,86bedd90fc265ce6365b560b64f12b89d3c2d5bf501294f5352e2a58074f9840,,
deriche,dace_gpu,parallel,fresh_process,observed,2.097470312844962,deriche,,2,2,ef9e5773989e084d7d1b667806f77c2b4ac4ac430dad3a2726f189d79dc3abc8,86bedd90fc265ce6365b560b64f12b89d3c2d5bf501294f5352e2a58074f9840,,
deriche,dace_gpu,auto_opt,fresh_process,observed,1.9319251929409802,deriche,,3,3,ef9e5773989e084d7d1b667806f77c2b4ac4ac430dad3a2726f189d79dc3abc8,86bedd90fc265ce6365b560b64f12b89d3c2d5bf501294f5352e2a58074f9840,,
deriche,cupy,default,fresh_process,observed,2.913272342644632,deriche,,2,2,ef9e5773989e084d7d1b667806f77c2b4ac4ac430dad3a2726f189d79dc3abc8,86bedd90fc265ce6365b560b64f12b89d3c2d5bf501294f5352e2a58074f9840,,
doitgen,numpy,default,fresh_process,observed,2.3344925926066935,doitgen,,2,2,0a710e9d831ec217703666c373d0b37a2be01b536d40ad9f598bb77b08a6f7ff,e54ec8efb6b8a7fe086a96f3c0074529002b4a5aad97bbd19161c0a49cf1bb9d,,
doitgen,numba,nopython-mode,fresh_process,observed,2.312975214328617,doitgen,,2,2,0a710e9d831ec217703666c373d0b37a2be01b536d40ad9f598bb77b08a6f7ff,e54ec8efb6b8a7fe086a96f3c0074529002b4a5aad97bbd19161c0a49cf1bb9d,,historical_disk_cache_hit_not_recorded;selected_process_variability
doitgen,numba,nopython-mode-parallel,fresh_process,N/A,,,,,,,,,
doitgen,numba,nopython-mode-parallel-range,fresh_process,N/A,,,,,,,,,
doitgen,numba,object-mode,fresh_process,observed,2.7369218131061643,doitgen,,2,2,0a710e9d831ec217703666c373d0b37a2be01b536d40ad9f598bb77b08a6f7ff,e54ec8efb6b8a7fe086a96f3c0074529002b4a5aad97bbd19161c0a49cf1bb9d,,historical_disk_cache_hit_not_recorded
doitgen,numba,object-mode-parallel,fresh_process,observed,2.5652546985074878,doitgen,,2,2,0a710e9d831ec217703666c373d0b37a2be01b536d40ad9f598bb77b08a6f7ff,e54ec8efb6b8a7fe086a96f3c0074529002b4a5aad97bbd19161c0a49cf1bb9d,,historical_disk_cache_hit_not_recorded;selected_process_variability
doitgen,numba,object-mode-parallel-range,fresh_process,N/A,,,,,,,,,
doitgen,dace_cpu,fusion,fresh_process,observed,0.41451522149145603,doitgen,,2,2,0a710e9d831ec217703666c373d0b37a2be01b536d40ad9f598bb77b08a6f7ff,e54ec8efb6b8a7fe086a96f3c0074529002b4a5aad97bbd19161c0a49cf1bb9d,,selected_process_variability
doitgen,dace_cpu,parallel,fresh_process,observed,0.33624730398878455,doitgen,,2,2,0a710e9d831ec217703666c373d0b37a2be01b536d40ad9f598bb77b08a6f7ff,e54ec8efb6b8a7fe086a96f3c0074529002b4a5aad97bbd19161c0a49cf1bb9d,,new_sampling_or_resources;selected_process_variability
doitgen,dace_cpu,auto_opt,fresh_process,observed,0.4118162146769464,doitgen,,2,2,0a710e9d831ec217703666c373d0b37a2be01b536d40ad9f598bb77b08a6f7ff,e54ec8efb6b8a7fe086a96f3c0074529002b4a5aad97bbd19161c0a49cf1bb9d,,
doitgen,dace_gpu,fusion,fresh_process,observed,1.40497175604105,doitgen,,2,2,0a710e9d831ec217703666c373d0b37a2be01b536d40ad9f598bb77b08a6f7ff,e54ec8efb6b8a7fe086a96f3c0074529002b4a5aad97bbd19161c0a49cf1bb9d,,
doitgen,dace_gpu,parallel,fresh_process,observed,1.407622690545395,doitgen,,2,2,0a710e9d831ec217703666c373d0b37a2be01b536d40ad9f598bb77b08a6f7ff,e54ec8efb6b8a7fe086a96f3c0074529002b4a5aad97bbd19161c0a49cf1bb9d,,
doitgen,dace_gpu,auto_opt,fresh_process,observed,1.4745149943046272,doitgen,,2,2,0a710e9d831ec217703666c373d0b37a2be01b536d40ad9f598bb77b08a6f7ff,e54ec8efb6b8a7fe086a96f3c0074529002b4a5aad97bbd19161c0a49cf1bb9d,,
doitgen,cupy,default,fresh_process,observed,0.8623226569034159,doitgen,,2,2,0a710e9d831ec217703666c373d0b37a2be01b536d40ad9f598bb77b08a6f7ff,e54ec8efb6b8a7fe086a96f3c0074529002b4a5aad97bbd19161c0a49cf1bb9d,,
durbin,numpy,default,fresh_process,observed,2.2192536680959165,durbin,,3,3,7437c8bf3a6ba1cbc2df811774313bdf292efa8f737e2b875afbdc1c26ff99aa,ce8fe98cca13e7ff78b2059649cf38d58a3f2af294a834c6e4698392b4e95b14,,
durbin,numba,nopython-mode,fresh_process,observed,2.4587439647875726,durbin,,2,2,7437c8bf3a6ba1cbc2df811774313bdf292efa8f737e2b875afbdc1c26ff99aa,ce8fe98cca13e7ff78b2059649cf38d58a3f2af294a834c6e4698392b4e95b14,,historical_disk_cache_hit_not_recorded;new_variability;selected_process_variability
durbin,numba,nopython-mode-parallel,fresh_process,error,,durbin,,0,0,7437c8bf3a6ba1cbc2df811774313bdf292efa8f737e2b875afbdc1c26ff99aa,ce8fe98cca13e7ff78b2059649cf38d58a3f2af294a834c6e4698392b4e95b14,,
durbin,numba,nopython-mode-parallel-range,fresh_process,N/A,,,,,,,,,
durbin,numba,object-mode,fresh_process,N/A,,,,,,,,,
durbin,numba,object-mode-parallel,fresh_process,N/A,,,,,,,,,
durbin,numba,object-mode-parallel-range,fresh_process,N/A,,,,,,,,,
durbin,dace_cpu,fusion,fresh_process,timeout,,durbin,,0,0,7437c8bf3a6ba1cbc2df811774313bdf292efa8f737e2b875afbdc1c26ff99aa,ce8fe98cca13e7ff78b2059649cf38d58a3f2af294a834c6e4698392b4e95b14,,
durbin,dace_cpu,parallel,fresh_process,timeout,,durbin,,0,0,7437c8bf3a6ba1cbc2df811774313bdf292efa8f737e2b875afbdc1c26ff99aa,ce8fe98cca13e7ff78b2059649cf38d58a3f2af294a834c6e4698392b4e95b14,,
durbin,dace_cpu,auto_opt,fresh_process,timeout,,durbin,,0,0,7437c8bf3a6ba1cbc2df811774313bdf292efa8f737e2b875afbdc1c26ff99aa,ce8fe98cca13e7ff78b2059649cf38d58a3f2af294a834c6e4698392b4e95b14,,
durbin,dace_gpu,fusion,fresh_process,observed,2.660711203934625,durbin,,2,2,7437c8bf3a6ba1cbc2df811774313bdf292efa8f737e2b875afbdc1c26ff99aa,ce8fe98cca13e7ff78b2059649cf38d58a3f2af294a834c6e4698392b4e95b14,,
durbin,dace_gpu,parallel,fresh_process,observed,2.651708386838436,durbin,,2,2,7437c8bf3a6ba1cbc2df811774313bdf292efa8f737e2b875afbdc1c26ff99aa,ce8fe98cca13e7ff78b2059649cf38d58a3f2af294a834c6e4698392b4e95b14,,
durbin,dace_gpu,auto_opt,fresh_process,observed,2.643585845362395,durbin,,2,2,7437c8bf3a6ba1cbc2df811774313bdf292efa8f737e2b875afbdc1c26ff99aa,ce8fe98cca13e7ff78b2059649cf38d58a3f2af294a834c6e4698392b4e95b14,,
durbin,cupy,default,fresh_process,observed,4.654028359102085,durbin,,2,2,7437c8bf3a6ba1cbc2df811774313bdf292efa8f737e2b875afbdc1c26ff99aa,ce8fe98cca13e7ff78b2059649cf38d58a3f2af294a834c6e4698392b4e95b14,,
fdtd_2d,numpy,default,fresh_process,observed,0.8279869044199586,fdtd_2d,,2,2,06e26254e9c8b359ff97a77665932fc3543384ca179dea039154450eff6c94ff,ae503cf8154fbe07791342cfced3146fb8b1e03dbea637ba9add8796956ed94d,,
fdtd_2d,numba,nopython-mode,fresh_process,observed,1.937805100576952,fdtd_2d,,2,2,06e26254e9c8b359ff97a77665932fc3543384ca179dea039154450eff6c94ff,ae503cf8154fbe07791342cfced3146fb8b1e03dbea637ba9add8796956ed94d,,historical_disk_cache_hit_not_recorded;selected_process_variability
fdtd_2d,numba,nopython-mode-parallel,fresh_process,observed,1.2545836050994694,fdtd_2d,,2,2,06e26254e9c8b359ff97a77665932fc3543384ca179dea039154450eff6c94ff,ae503cf8154fbe07791342cfced3146fb8b1e03dbea637ba9add8796956ed94d,,historical_disk_cache_hit_not_recorded
fdtd_2d,numba,nopython-mode-parallel-range,fresh_process,N/A,,,,,,,,,
fdtd_2d,numba,object-mode,fresh_process,N/A,,,,,,,,,
fdtd_2d,numba,object-mode-parallel,fresh_process,N/A,,,,,,,,,
fdtd_2d,numba,object-mode-parallel-range,fresh_process,N/A,,,,,,,,,
fdtd_2d,dace_cpu,fusion,fresh_process,observed,0.6757033632602543,fdtd_2d,,2,2,06e26254e9c8b359ff97a77665932fc3543384ca179dea039154450eff6c94ff,ae503cf8154fbe07791342cfced3146fb8b1e03dbea637ba9add8796956ed94d,,selected_process_variability
fdtd_2d,dace_cpu,parallel,fresh_process,observed,0.18274329393170774,fdtd_2d,,2,2,06e26254e9c8b359ff97a77665932fc3543384ca179dea039154450eff6c94ff,ae503cf8154fbe07791342cfced3146fb8b1e03dbea637ba9add8796956ed94d,,historical_drift_requires_review;new_variability
fdtd_2d,dace_cpu,auto_opt,fresh_process,observed,0.21423389692790806,fdtd_2d,,2,2,06e26254e9c8b359ff97a77665932fc3543384ca179dea039154450eff6c94ff,ae503cf8154fbe07791342cfced3146fb8b1e03dbea637ba9add8796956ed94d,,new_variability
fdtd_2d,dace_gpu,fusion,fresh_process,observed,1.0829361046198756,fdtd_2d,,2,2,06e26254e9c8b359ff97a77665932fc3543384ca179dea039154450eff6c94ff,ae503cf8154fbe07791342cfced3146fb8b1e03dbea637ba9add8796956ed94d,,
fdtd_2d,dace_gpu,parallel,fresh_process,observed,1.1272427036892623,fdtd_2d,,2,2,06e26254e9c8b359ff97a77665932fc3543384ca179dea039154450eff6c94ff,ae503cf8154fbe07791342cfced3146fb8b1e03dbea637ba9add8796956ed94d,,
fdtd_2d,dace_gpu,auto_opt,fresh_process,observed,1.0833789275493473,fdtd_2d,,2,2,06e26254e9c8b359ff97a77665932fc3543384ca179dea039154450eff6c94ff,ae503cf8154fbe07791342cfced3146fb8b1e03dbea637ba9add8796956ed94d,,
fdtd_2d,cupy,default,fresh_process,observed,0.36578590143471956,fdtd_2d,,2,2,06e26254e9c8b359ff97a77665932fc3543384ca179dea039154450eff6c94ff,ae503cf8154fbe07791342cfced3146fb8b1e03dbea637ba9add8796956ed94d,,
floyd_warshall,numpy,default,fresh_process,observed,3.943877471378073,floyd_warshall,,2,2,a3edbd966d81083b8e17c12c5e476ba6f92ae518095bf60f44db36d16648859a,d80d0f1e5dc1b065b6ae583f4925157116e2c98d49b252f8e02fa8c4ffe273fe,,selected_process_variability
floyd_warshall,numba,nopython-mode,fresh_process,observed,1.748187678400427,floyd_warshall,,2,2,a3edbd966d81083b8e17c12c5e476ba6f92ae518095bf60f44db36d16648859a,d80d0f1e5dc1b065b6ae583f4925157116e2c98d49b252f8e02fa8c4ffe273fe,,historical_disk_cache_hit_not_recorded;selected_process_variability
floyd_warshall,numba,nopython-mode-parallel,fresh_process,observed,60.35854955133982,floyd_warshall,,2,2,a3edbd966d81083b8e17c12c5e476ba6f92ae518095bf60f44db36d16648859a,d80d0f1e5dc1b065b6ae583f4925157116e2c98d49b252f8e02fa8c4ffe273fe,,historical_disk_cache_hit_not_recorded;selected_process_variability
floyd_warshall,numba,nopython-mode-parallel-range,fresh_process,observed,1.2170568408910185,floyd_warshall,,2,2,a3edbd966d81083b8e17c12c5e476ba6f92ae518095bf60f44db36d16648859a,d80d0f1e5dc1b065b6ae583f4925157116e2c98d49b252f8e02fa8c4ffe273fe,,historical_disk_cache_hit_not_recorded;historical_drift_requires_review;new_reuse_evidence_incomplete;new_sampling_or_resources;selected_process_variability
floyd_warshall,numba,object-mode,fresh_process,unsupported,,floyd_warshall,,0,0,a3edbd966d81083b8e17c12c5e476ba6f92ae518095bf60f44db36d16648859a,d80d0f1e5dc1b065b6ae583f4925157116e2c98d49b252f8e02fa8c4ffe273fe,,
floyd_warshall,numba,object-mode-parallel,fresh_process,unsupported,,floyd_warshall,,0,0,a3edbd966d81083b8e17c12c5e476ba6f92ae518095bf60f44db36d16648859a,d80d0f1e5dc1b065b6ae583f4925157116e2c98d49b252f8e02fa8c4ffe273fe,,
floyd_warshall,numba,object-mode-parallel-range,fresh_process,N/A,,,,,,,,,
floyd_warshall,dace_cpu,fusion,fresh_process,observed,1.0561244895216078,floyd_warshall,,2,2,a3edbd966d81083b8e17c12c5e476ba6f92ae518095bf60f44db36d16648859a,d80d0f1e5dc1b065b6ae583f4925157116e2c98d49b252f8e02fa8c4ffe273fe,,historical_drift_requires_review;new_variability;selected_process_variability
floyd_warshall,dace_cpu,parallel,fresh_process,observed,1.691643798025325,floyd_warshall,,2,2,a3edbd966d81083b8e17c12c5e476ba6f92ae518095bf60f44db36d16648859a,d80d0f1e5dc1b065b6ae583f4925157116e2c98d49b252f8e02fa8c4ffe273fe,,selected_process_variability
floyd_warshall,dace_cpu,auto_opt,fresh_process,observed,1.2187602913472801,floyd_warshall,,2,2,a3edbd966d81083b8e17c12c5e476ba6f92ae518095bf60f44db36d16648859a,d80d0f1e5dc1b065b6ae583f4925157116e2c98d49b252f8e02fa8c4ffe273fe,,
floyd_warshall,dace_gpu,fusion,fresh_process,observed,1.3010784585494548,floyd_warshall,,2,2,a3edbd966d81083b8e17c12c5e476ba6f92ae518095bf60f44db36d16648859a,d80d0f1e5dc1b065b6ae583f4925157116e2c98d49b252f8e02fa8c4ffe273fe,,
floyd_warshall,dace_gpu,parallel,fresh_process,observed,1.3643564728554338,floyd_warshall,,2,2,a3edbd966d81083b8e17c12c5e476ba6f92ae518095bf60f44db36d16648859a,d80d0f1e5dc1b065b6ae583f4925157116e2c98d49b252f8e02fa8c4ffe273fe,,
floyd_warshall,dace_gpu,auto_opt,fresh_process,observed,1.0705181690864265,floyd_warshall,,2,2,a3edbd966d81083b8e17c12c5e476ba6f92ae518095bf60f44db36d16648859a,d80d0f1e5dc1b065b6ae583f4925157116e2c98d49b252f8e02fa8c4ffe273fe,,
floyd_warshall,cupy,default,fresh_process,observed,27.16406354843639,floyd_warshall,,2,2,a3edbd966d81083b8e17c12c5e476ba6f92ae518095bf60f44db36d16648859a,d80d0f1e5dc1b065b6ae583f4925157116e2c98d49b252f8e02fa8c4ffe273fe,,
gemm,numpy,default,fresh_process,observed,1.575534057803452,gemm,,2,2,0c0d6b6a480e5bce18192950eed6fa367ca1dff111ffe96afd63e44b0357c489,a7cad45e3e7e87c02c7a2df12b4f75774f21a5cca78b504ff8830be9107f34b6,,
gemm,numba,nopython-mode,fresh_process,observed,2.513459076639265,gemm,,2,2,0c0d6b6a480e5bce18192950eed6fa367ca1dff111ffe96afd63e44b0357c489,a7cad45e3e7e87c02c7a2df12b4f75774f21a5cca78b504ff8830be9107f34b6,,historical_disk_cache_hit_not_recorded;selected_process_variability
gemm,numba,nopython-mode-parallel,fresh_process,observed,2.11255634855479,gemm,,2,2,0c0d6b6a480e5bce18192950eed6fa367ca1dff111ffe96afd63e44b0357c489,a7cad45e3e7e87c02c7a2df12b4f75774f21a5cca78b504ff8830be9107f34b6,,historical_disk_cache_hit_not_recorded
gemm,numba,nopython-mode-parallel-range,fresh_process,N/A,,,,,,,,,
gemm,numba,object-mode,fresh_process,N/A,,,,,,,,,
gemm,numba,object-mode-parallel,fresh_process,N/A,,,,,,,,,
gemm,numba,object-mode-parallel-range,fresh_process,N/A,,,,,,,,,
gemm,dace_cpu,fusion,fresh_process,observed,1.9782636186573654,gemm,,2,2,0c0d6b6a480e5bce18192950eed6fa367ca1dff111ffe96afd63e44b0357c489,a7cad45e3e7e87c02c7a2df12b4f75774f21a5cca78b504ff8830be9107f34b6,,
gemm,dace_cpu,parallel,fresh_process,observed,1.9538516530301422,gemm,,2,2,0c0d6b6a480e5bce18192950eed6fa367ca1dff111ffe96afd63e44b0357c489,a7cad45e3e7e87c02c7a2df12b4f75774f21a5cca78b504ff8830be9107f34b6,,
gemm,dace_cpu,auto_opt,fresh_process,observed,1.840387946460396,gemm,,2,2,0c0d6b6a480e5bce18192950eed6fa367ca1dff111ffe96afd63e44b0357c489,a7cad45e3e7e87c02c7a2df12b4f75774f21a5cca78b504ff8830be9107f34b6,,
gemm,dace_gpu,fusion,fresh_process,observed,1.8363502162974328,gemm,,2,2,0c0d6b6a480e5bce18192950eed6fa367ca1dff111ffe96afd63e44b0357c489,a7cad45e3e7e87c02c7a2df12b4f75774f21a5cca78b504ff8830be9107f34b6,,new_sampling_or_resources
gemm,dace_gpu,parallel,fresh_process,observed,2.076354480115697,gemm,,2,2,0c0d6b6a480e5bce18192950eed6fa367ca1dff111ffe96afd63e44b0357c489,a7cad45e3e7e87c02c7a2df12b4f75774f21a5cca78b504ff8830be9107f34b6,,
gemm,dace_gpu,auto_opt,fresh_process,observed,1.8803998206276447,gemm,,2,2,0c0d6b6a480e5bce18192950eed6fa367ca1dff111ffe96afd63e44b0357c489,a7cad45e3e7e87c02c7a2df12b4f75774f21a5cca78b504ff8830be9107f34b6,,
gemm,cupy,default,fresh_process,observed,1.5735979247838259,gemm,,3,3,0c0d6b6a480e5bce18192950eed6fa367ca1dff111ffe96afd63e44b0357c489,a7cad45e3e7e87c02c7a2df12b4f75774f21a5cca78b504ff8830be9107f34b6,,
gemver,numpy,default,fresh_process,observed,0.6026282894890755,gemver,,2,2,85cc572cc7692fb81b6c77506a30c2af771c098b9e57d5abf57198c996aa6ef6,8f83d1ce5ccca10e01496b8b60f5d329e3f1f9e85ecb87f3b836424334239f88,,selected_process_variability
gemver,numba,nopython-mode,fresh_process,observed,2.804091793950647,gemver,,2,2,85cc572cc7692fb81b6c77506a30c2af771c098b9e57d5abf57198c996aa6ef6,8f83d1ce5ccca10e01496b8b60f5d329e3f1f9e85ecb87f3b836424334239f88,,historical_disk_cache_hit_not_recorded;selected_process_variability
gemver,numba,nopython-mode-parallel,fresh_process,observed,1.7750503465067595,gemver,,2,2,85cc572cc7692fb81b6c77506a30c2af771c098b9e57d5abf57198c996aa6ef6,8f83d1ce5ccca10e01496b8b60f5d329e3f1f9e85ecb87f3b836424334239f88,,historical_disk_cache_hit_not_recorded;selected_process_variability
gemver,numba,nopython-mode-parallel-range,fresh_process,N/A,,,,,,,,,
gemver,numba,object-mode,fresh_process,N/A,,,,,,,,,
gemver,numba,object-mode-parallel,fresh_process,N/A,,,,,,,,,
gemver,numba,object-mode-parallel-range,fresh_process,N/A,,,,,,,,,
gemver,dace_cpu,fusion,fresh_process,observed,0.4604000239633024,gemver,,2,2,85cc572cc7692fb81b6c77506a30c2af771c098b9e57d5abf57198c996aa6ef6,8f83d1ce5ccca10e01496b8b60f5d329e3f1f9e85ecb87f3b836424334239f88,,
gemver,dace_cpu,parallel,fresh_process,observed,0.5419858074747026,gemver,,2,2,85cc572cc7692fb81b6c77506a30c2af771c098b9e57d5abf57198c996aa6ef6,8f83d1ce5ccca10e01496b8b60f5d329e3f1f9e85ecb87f3b836424334239f88,,
gemver,dace_cpu,auto_opt,fresh_process,observed,0.34501629532314837,gemver,,2,2,85cc572cc7692fb81b6c77506a30c2af771c098b9e57d5abf57198c996aa6ef6,8f83d1ce5ccca10e01496b8b60f5d329e3f1f9e85ecb87f3b836424334239f88,,new_variability;selected_process_variability
gemver,dace_gpu,fusion,fresh_process,observed,2.0221829847432673,gemver,,2,2,85cc572cc7692fb81b6c77506a30c2af771c098b9e57d5abf57198c996aa6ef6,8f83d1ce5ccca10e01496b8b60f5d329e3f1f9e85ecb87f3b836424334239f88,,selected_process_variability
gemver,dace_gpu,parallel,fresh_process,observed,2.4321597970556468,gemver,,2,2,85cc572cc7692fb81b6c77506a30c2af771c098b9e57d5abf57198c996aa6ef6,8f83d1ce5ccca10e01496b8b60f5d329e3f1f9e85ecb87f3b836424334239f88,,selected_process_variability
gemver,dace_gpu,auto_opt,fresh_process,observed,2.290662037441507,gemver,,2,2,85cc572cc7692fb81b6c77506a30c2af771c098b9e57d5abf57198c996aa6ef6,8f83d1ce5ccca10e01496b8b60f5d329e3f1f9e85ecb87f3b836424334239f88,,
gemver,cupy,default,fresh_process,observed,1.5661897496320307,gemver,,2,2,85cc572cc7692fb81b6c77506a30c2af771c098b9e57d5abf57198c996aa6ef6,8f83d1ce5ccca10e01496b8b60f5d329e3f1f9e85ecb87f3b836424334239f88,,
gesummv,numpy,default,fresh_process,observed,0.5368479494936764,gesummv,,2,2,0e62642787bfd7976dde4296be195e5cc2dd07cdd198d1233ad748fdaaf9fc80,603add7d548bef0a20a6309fbf3785c05014a0b3550717c6d424278bd55d2518,,
gesummv,numba,nopython-mode,fresh_process,observed,2.3739106664434075,gesummv,,2,2,0e62642787bfd7976dde4296be195e5cc2dd07cdd198d1233ad748fdaaf9fc80,603add7d548bef0a20a6309fbf3785c05014a0b3550717c6d424278bd55d2518,,historical_disk_cache_hit_not_recorded;selected_process_variability
gesummv,numba,nopython-mode-parallel,fresh_process,observed,0.8868005406111479,gesummv,,2,2,0e62642787bfd7976dde4296be195e5cc2dd07cdd198d1233ad748fdaaf9fc80,603add7d548bef0a20a6309fbf3785c05014a0b3550717c6d424278bd55d2518,,historical_disk_cache_hit_not_recorded
gesummv,numba,nopython-mode-parallel-range,fresh_process,N/A,,,,,,,,,
gesummv,numba,object-mode,fresh_process,N/A,,,,,,,,,
gesummv,numba,object-mode-parallel,fresh_process,N/A,,,,,,,,,
gesummv,numba,object-mode-parallel-range,fresh_process,N/A,,,,,,,,,
gesummv,dace_cpu,fusion,fresh_process,observed,0.7188429513480514,gesummv,,2,2,0e62642787bfd7976dde4296be195e5cc2dd07cdd198d1233ad748fdaaf9fc80,603add7d548bef0a20a6309fbf3785c05014a0b3550717c6d424278bd55d2518,,
gesummv,dace_cpu,parallel,fresh_process,observed,0.6782295929733664,gesummv,,2,2,0e62642787bfd7976dde4296be195e5cc2dd07cdd198d1233ad748fdaaf9fc80,603add7d548bef0a20a6309fbf3785c05014a0b3550717c6d424278bd55d2518,,selected_process_variability
gesummv,dace_cpu,auto_opt,fresh_process,observed,0.40323270997032523,gesummv,,2,2,0e62642787bfd7976dde4296be195e5cc2dd07cdd198d1233ad748fdaaf9fc80,603add7d548bef0a20a6309fbf3785c05014a0b3550717c6d424278bd55d2518,,new_sampling_or_resources
gesummv,dace_gpu,fusion,fresh_process,observed,3.1756253479979932,gesummv,,2,2,0e62642787bfd7976dde4296be195e5cc2dd07cdd198d1233ad748fdaaf9fc80,603add7d548bef0a20a6309fbf3785c05014a0b3550717c6d424278bd55d2518,,
gesummv,dace_gpu,parallel,fresh_process,observed,3.1248196801170707,gesummv,,2,2,0e62642787bfd7976dde4296be195e5cc2dd07cdd198d1233ad748fdaaf9fc80,603add7d548bef0a20a6309fbf3785c05014a0b3550717c6d424278bd55d2518,,
gesummv,dace_gpu,auto_opt,fresh_process,observed,3.2714439153205603,gesummv,,2,2,0e62642787bfd7976dde4296be195e5cc2dd07cdd198d1233ad748fdaaf9fc80,603add7d548bef0a20a6309fbf3785c05014a0b3550717c6d424278bd55d2518,,
gesummv,cupy,default,fresh_process,observed,3.1301723700016737,gesummv,,2,2,0e62642787bfd7976dde4296be195e5cc2dd07cdd198d1233ad748fdaaf9fc80,603add7d548bef0a20a6309fbf3785c05014a0b3550717c6d424278bd55d2518,,
go_fast,numpy,default,fresh_process,observed,1.508423276245594,go_fast,,2,2,ae81860b1a6b200efcca939dedfc2ee5e6a861d07af0c13d6e54e4f1ed9dfb3a,27869e2eab641d51a4dcb8b144e082c2564882966a28c404e3c13fdb484f75cf,,
go_fast,numba,nopython-mode,fresh_process,observed,2.3616835079155862,go_fast,,2,2,ae81860b1a6b200efcca939dedfc2ee5e6a861d07af0c13d6e54e4f1ed9dfb3a,27869e2eab641d51a4dcb8b144e082c2564882966a28c404e3c13fdb484f75cf,,historical_disk_cache_hit_not_recorded;selected_process_variability
go_fast,numba,nopython-mode-parallel,fresh_process,observed,0.48070120182819664,go_fast,,2,2,ae81860b1a6b200efcca939dedfc2ee5e6a861d07af0c13d6e54e4f1ed9dfb3a,27869e2eab641d51a4dcb8b144e082c2564882966a28c404e3c13fdb484f75cf,,historical_disk_cache_hit_not_recorded;selected_process_variability
go_fast,numba,nopython-mode-parallel-range,fresh_process,observed,0.5665151679422706,go_fast,,2,2,ae81860b1a6b200efcca939dedfc2ee5e6a861d07af0c13d6e54e4f1ed9dfb3a,27869e2eab641d51a4dcb8b144e082c2564882966a28c404e3c13fdb484f75cf,,historical_disk_cache_hit_not_recorded;selected_process_variability
go_fast,numba,object-mode,fresh_process,N/A,,,,,,,,,
go_fast,numba,object-mode-parallel,fresh_process,N/A,,,,,,,,,
go_fast,numba,object-mode-parallel-range,fresh_process,N/A,,,,,,,,,
go_fast,dace_cpu,fusion,fresh_process,observed,0.17427136562764645,go_fast,,2,2,ae81860b1a6b200efcca939dedfc2ee5e6a861d07af0c13d6e54e4f1ed9dfb3a,27869e2eab641d51a4dcb8b144e082c2564882966a28c404e3c13fdb484f75cf,,
go_fast,dace_cpu,parallel,fresh_process,observed,0.1755939326249063,go_fast,,2,2,ae81860b1a6b200efcca939dedfc2ee5e6a861d07af0c13d6e54e4f1ed9dfb3a,27869e2eab641d51a4dcb8b144e082c2564882966a28c404e3c13fdb484f75cf,,
go_fast,dace_cpu,auto_opt,fresh_process,observed,0.16769443452358246,go_fast,,2,2,ae81860b1a6b200efcca939dedfc2ee5e6a861d07af0c13d6e54e4f1ed9dfb3a,27869e2eab641d51a4dcb8b144e082c2564882966a28c404e3c13fdb484f75cf,,
go_fast,dace_gpu,fusion,fresh_process,observed,8.061225130688399,go_fast,,2,2,ae81860b1a6b200efcca939dedfc2ee5e6a861d07af0c13d6e54e4f1ed9dfb3a,27869e2eab641d51a4dcb8b144e082c2564882966a28c404e3c13fdb484f75cf,,
go_fast,dace_gpu,parallel,fresh_process,observed,7.894141655648127,go_fast,,2,2,ae81860b1a6b200efcca939dedfc2ee5e6a861d07af0c13d6e54e4f1ed9dfb3a,27869e2eab641d51a4dcb8b144e082c2564882966a28c404e3c13fdb484f75cf,,
go_fast,dace_gpu,auto_opt,fresh_process,observed,7.694712881930172,go_fast,,2,2,ae81860b1a6b200efcca939dedfc2ee5e6a861d07af0c13d6e54e4f1ed9dfb3a,27869e2eab641d51a4dcb8b144e082c2564882966a28c404e3c13fdb484f75cf,,new_sampling_or_resources
go_fast,cupy,default,fresh_process,observed,6.074419156415388,go_fast,,2,2,ae81860b1a6b200efcca939dedfc2ee5e6a861d07af0c13d6e54e4f1ed9dfb3a,27869e2eab641d51a4dcb8b144e082c2564882966a28c404e3c13fdb484f75cf,,selected_process_variability
gramschmidt,numpy,default,fresh_process,observed,1.0858090061228722,gramschmidt,,2,2,1f3d8680c6c62cb57662259efbd6317e805dc931a93921d1f417b2d9a8b00706,0cd9b7683af012b2f89286b1d7f883de9ac11e0a801ad6a40757c753baba615b,,selected_process_variability
gramschmidt,numba,nopython-mode,fresh_process,observed,1.147527648601681,gramschmidt,,2,2,1f3d8680c6c62cb57662259efbd6317e805dc931a93921d1f417b2d9a8b00706,0cd9b7683af012b2f89286b1d7f883de9ac11e0a801ad6a40757c753baba615b,,historical_disk_cache_hit_not_recorded;new_sampling_or_resources
gramschmidt,numba,nopython-mode-parallel,fresh_process,observed,18.20342695270665,gramschmidt,,2,2,1f3d8680c6c62cb57662259efbd6317e805dc931a93921d1f417b2d9a8b00706,0cd9b7683af012b2f89286b1d7f883de9ac11e0a801ad6a40757c753baba615b,,historical_disk_cache_hit_not_recorded;selected_process_variability
gramschmidt,numba,nopython-mode-parallel-range,fresh_process,N/A,,,,,,,,,
gramschmidt,numba,object-mode,fresh_process,N/A,,,,,,,,,
gramschmidt,numba,object-mode-parallel,fresh_process,N/A,,,,,,,,,
gramschmidt,numba,object-mode-parallel-range,fresh_process,N/A,,,,,,,,,
gramschmidt,dace_cpu,fusion,fresh_process,observed,9.61729541560635,gramschmidt,,2,2,1f3d8680c6c62cb57662259efbd6317e805dc931a93921d1f417b2d9a8b00706,0cd9b7683af012b2f89286b1d7f883de9ac11e0a801ad6a40757c753baba615b,,selected_process_variability
gramschmidt,dace_cpu,parallel,fresh_process,observed,6.612586978357285,gramschmidt,,2,2,1f3d8680c6c62cb57662259efbd6317e805dc931a93921d1f417b2d9a8b00706,0cd9b7683af012b2f89286b1d7f883de9ac11e0a801ad6a40757c753baba615b,,selected_process_variability
gramschmidt,dace_cpu,auto_opt,fresh_process,observed,7.274100935086608,gramschmidt,,2,2,1f3d8680c6c62cb57662259efbd6317e805dc931a93921d1f417b2d9a8b00706,0cd9b7683af012b2f89286b1d7f883de9ac11e0a801ad6a40757c753baba615b,,selected_process_variability
gramschmidt,dace_gpu,fusion,fresh_process,observed,7.374871401581913,gramschmidt,,2,2,1f3d8680c6c62cb57662259efbd6317e805dc931a93921d1f417b2d9a8b00706,0cd9b7683af012b2f89286b1d7f883de9ac11e0a801ad6a40757c753baba615b,,
gramschmidt,dace_gpu,parallel,fresh_process,observed,6.865608723601326,gramschmidt,,2,2,1f3d8680c6c62cb57662259efbd6317e805dc931a93921d1f417b2d9a8b00706,0cd9b7683af012b2f89286b1d7f883de9ac11e0a801ad6a40757c753baba615b,,
gramschmidt,dace_gpu,auto_opt,fresh_process,observed,5.668603061931208,gramschmidt,,2,2,1f3d8680c6c62cb57662259efbd6317e805dc931a93921d1f417b2d9a8b00706,0cd9b7683af012b2f89286b1d7f883de9ac11e0a801ad6a40757c753baba615b,,
gramschmidt,cupy,default,fresh_process,observed,15.848903930746019,gramschmidt,,2,2,1f3d8680c6c62cb57662259efbd6317e805dc931a93921d1f417b2d9a8b00706,0cd9b7683af012b2f89286b1d7f883de9ac11e0a801ad6a40757c753baba615b,,
hdiff,numpy,default,fresh_process,observed,0.40804213332012296,hdiff,,2,2,db572ba94a6764cd4f333fd1c155d8498c95bfc20a8f378ce3588d5b7ef038ef,e800ed3dc8d530d7e84b4a637b91cc6d9bc1280101023ee86a27f69cfa34eec1,,
hdiff,numba,nopython-mode,fresh_process,observed,1.9846440160181373,hdiff,,2,2,db572ba94a6764cd4f333fd1c155d8498c95bfc20a8f378ce3588d5b7ef038ef,e800ed3dc8d530d7e84b4a637b91cc6d9bc1280101023ee86a27f69cfa34eec1,,historical_disk_cache_hit_not_recorded;selected_process_variability
hdiff,numba,nopython-mode-parallel,fresh_process,observed,1.2316251290030777,hdiff,,2,2,db572ba94a6764cd4f333fd1c155d8498c95bfc20a8f378ce3588d5b7ef038ef,e800ed3dc8d530d7e84b4a637b91cc6d9bc1280101023ee86a27f69cfa34eec1,,historical_disk_cache_hit_not_recorded
hdiff,numba,nopython-mode-parallel-range,fresh_process,N/A,,,,,,,,,
hdiff,numba,object-mode,fresh_process,N/A,,,,,,,,,
hdiff,numba,object-mode-parallel,fresh_process,N/A,,,,,,,,,
hdiff,numba,object-mode-parallel-range,fresh_process,N/A,,,,,,,,,
hdiff,dace_cpu,fusion,fresh_process,observed,0.354211249621585,hdiff,,2,2,db572ba94a6764cd4f333fd1c155d8498c95bfc20a8f378ce3588d5b7ef038ef,e800ed3dc8d530d7e84b4a637b91cc6d9bc1280101023ee86a27f69cfa34eec1,,
hdiff,dace_cpu,parallel,fresh_process,observed,0.2670638137497008,hdiff,,2,2,db572ba94a6764cd4f333fd1c155d8498c95bfc20a8f378ce3588d5b7ef038ef,e800ed3dc8d530d7e84b4a637b91cc6d9bc1280101023ee86a27f69cfa34eec1,,selected_process_variability
hdiff,dace_cpu,auto_opt,fresh_process,observed,0.1666844084393233,hdiff,,2,2,db572ba94a6764cd4f333fd1c155d8498c95bfc20a8f378ce3588d5b7ef038ef,e800ed3dc8d530d7e84b4a637b91cc6d9bc1280101023ee86a27f69cfa34eec1,,new_variability;selected_process_variability
hdiff,dace_gpu,fusion,fresh_process,observed,1.3204149245284498,hdiff,,2,2,db572ba94a6764cd4f333fd1c155d8498c95bfc20a8f378ce3588d5b7ef038ef,e800ed3dc8d530d7e84b4a637b91cc6d9bc1280101023ee86a27f69cfa34eec1,,
hdiff,dace_gpu,parallel,fresh_process,observed,1.3692541101481766,hdiff,,2,2,db572ba94a6764cd4f333fd1c155d8498c95bfc20a8f378ce3588d5b7ef038ef,e800ed3dc8d530d7e84b4a637b91cc6d9bc1280101023ee86a27f69cfa34eec1,,
hdiff,dace_gpu,auto_opt,fresh_process,observed,1.2749485459644347,hdiff,,2,2,db572ba94a6764cd4f333fd1c155d8498c95bfc20a8f378ce3588d5b7ef038ef,e800ed3dc8d530d7e84b4a637b91cc6d9bc1280101023ee86a27f69cfa34eec1,,
hdiff,cupy,default,fresh_process,observed,0.7989566912874579,hdiff,,2,2,db572ba94a6764cd4f333fd1c155d8498c95bfc20a8f378ce3588d5b7ef038ef,e800ed3dc8d530d7e84b4a637b91cc6d9bc1280101023ee86a27f69cfa34eec1,,
heat_3d,numpy,default,fresh_process,observed,0.7097185191232711,heat_3d,,2,2,30fe858bb26413e6677f8fa2af4b685936ad2acf33485956268a9184b302da55,a81cc292224c841a9ce27e90c6d26d29c8ea5a75badeca9376911772a40bf22f,,
heat_3d,numba,nopython-mode,fresh_process,observed,1.8416414218954742,heat_3d,,2,2,30fe858bb26413e6677f8fa2af4b685936ad2acf33485956268a9184b302da55,a81cc292224c841a9ce27e90c6d26d29c8ea5a75badeca9376911772a40bf22f,,historical_disk_cache_hit_not_recorded
heat_3d,numba,nopython-mode-parallel,fresh_process,observed,0.8782040076330304,heat_3d,,2,2,30fe858bb26413e6677f8fa2af4b685936ad2acf33485956268a9184b302da55,a81cc292224c841a9ce27e90c6d26d29c8ea5a75badeca9376911772a40bf22f,,historical_disk_cache_hit_not_recorded
heat_3d,numba,nopython-mode-parallel-range,fresh_process,N/A,,,,,,,,,
heat_3d,numba,object-mode,fresh_process,N/A,,,,,,,,,
heat_3d,numba,object-mode-parallel,fresh_process,N/A,,,,,,,,,
heat_3d,numba,object-mode-parallel-range,fresh_process,N/A,,,,,,,,,
heat_3d,dace_cpu,fusion,fresh_process,observed,0.22353142639622092,heat_3d,,2,2,30fe858bb26413e6677f8fa2af4b685936ad2acf33485956268a9184b302da55,a81cc292224c841a9ce27e90c6d26d29c8ea5a75badeca9376911772a40bf22f,,new_variability;selected_process_variability
heat_3d,dace_cpu,parallel,fresh_process,observed,0.2816667470615357,heat_3d,,2,2,30fe858bb26413e6677f8fa2af4b685936ad2acf33485956268a9184b302da55,a81cc292224c841a9ce27e90c6d26d29c8ea5a75badeca9376911772a40bf22f,,selected_process_variability
heat_3d,dace_cpu,auto_opt,fresh_process,observed,0.6356667336076498,heat_3d,,2,2,30fe858bb26413e6677f8fa2af4b685936ad2acf33485956268a9184b302da55,a81cc292224c841a9ce27e90c6d26d29c8ea5a75badeca9376911772a40bf22f,,historical_drift_requires_review;new_variability;selected_process_variability
heat_3d,dace_gpu,fusion,fresh_process,observed,1.0731062716804445,heat_3d,,2,2,30fe858bb26413e6677f8fa2af4b685936ad2acf33485956268a9184b302da55,a81cc292224c841a9ce27e90c6d26d29c8ea5a75badeca9376911772a40bf22f,,
heat_3d,dace_gpu,parallel,fresh_process,observed,1.076761010568589,heat_3d,,2,2,30fe858bb26413e6677f8fa2af4b685936ad2acf33485956268a9184b302da55,a81cc292224c841a9ce27e90c6d26d29c8ea5a75badeca9376911772a40bf22f,,
heat_3d,dace_gpu,auto_opt,fresh_process,observed,0.9441868409048766,heat_3d,,2,2,30fe858bb26413e6677f8fa2af4b685936ad2acf33485956268a9184b302da55,a81cc292224c841a9ce27e90c6d26d29c8ea5a75badeca9376911772a40bf22f,,
heat_3d,cupy,default,fresh_process,observed,0.384562193416059,heat_3d,,2,2,30fe858bb26413e6677f8fa2af4b685936ad2acf33485956268a9184b302da55,a81cc292224c841a9ce27e90c6d26d29c8ea5a75badeca9376911772a40bf22f,,
jacobi_1d,numpy,default,fresh_process,observed,0.9518350919242948,jacobi_1d,,2,2,dd2d6ec412835edbbe4a018d3544e156d3fdd08552a444b52727b05fa47d8a06,16a5a1662f12689fbf187fbb656ac8e1d9c5d1f78efc866cd0f41cf46b753592,,
jacobi_1d,numba,nopython-mode,fresh_process,observed,1.4569375815335661,jacobi_1d,,2,2,dd2d6ec412835edbbe4a018d3544e156d3fdd08552a444b52727b05fa47d8a06,16a5a1662f12689fbf187fbb656ac8e1d9c5d1f78efc866cd0f41cf46b753592,,historical_disk_cache_hit_not_recorded;selected_process_variability
jacobi_1d,numba,nopython-mode-parallel,fresh_process,observed,2.6565264265518636,jacobi_1d,,2,2,dd2d6ec412835edbbe4a018d3544e156d3fdd08552a444b52727b05fa47d8a06,16a5a1662f12689fbf187fbb656ac8e1d9c5d1f78efc866cd0f41cf46b753592,,historical_disk_cache_hit_not_recorded
jacobi_1d,numba,nopython-mode-parallel-range,fresh_process,N/A,,,,,,,,,
jacobi_1d,numba,object-mode,fresh_process,N/A,,,,,,,,,
jacobi_1d,numba,object-mode-parallel,fresh_process,N/A,,,,,,,,,
jacobi_1d,numba,object-mode-parallel-range,fresh_process,N/A,,,,,,,,,
jacobi_1d,dace_cpu,fusion,fresh_process,observed,1.6315719166304916,jacobi_1d,,2,2,dd2d6ec412835edbbe4a018d3544e156d3fdd08552a444b52727b05fa47d8a06,16a5a1662f12689fbf187fbb656ac8e1d9c5d1f78efc866cd0f41cf46b753592,,selected_process_variability
jacobi_1d,dace_cpu,parallel,fresh_process,observed,0.7957123655360192,jacobi_1d,,2,2,dd2d6ec412835edbbe4a018d3544e156d3fdd08552a444b52727b05fa47d8a06,16a5a1662f12689fbf187fbb656ac8e1d9c5d1f78efc866cd0f41cf46b753592,,selected_process_variability
jacobi_1d,dace_cpu,auto_opt,fresh_process,observed,0.7417174358852208,jacobi_1d,,2,2,dd2d6ec412835edbbe4a018d3544e156d3fdd08552a444b52727b05fa47d8a06,16a5a1662f12689fbf187fbb656ac8e1d9c5d1f78efc866cd0f41cf46b753592,,historical_drift_requires_review;new_variability
jacobi_1d,dace_gpu,fusion,fresh_process,observed,1.0436423022765666,jacobi_1d,,2,2,dd2d6ec412835edbbe4a018d3544e156d3fdd08552a444b52727b05fa47d8a06,16a5a1662f12689fbf187fbb656ac8e1d9c5d1f78efc866cd0f41cf46b753592,,
jacobi_1d,dace_gpu,parallel,fresh_process,observed,1.1943461468908936,jacobi_1d,,2,2,dd2d6ec412835edbbe4a018d3544e156d3fdd08552a444b52727b05fa47d8a06,16a5a1662f12689fbf187fbb656ac8e1d9c5d1f78efc866cd0f41cf46b753592,,
jacobi_1d,dace_gpu,auto_opt,fresh_process,observed,1.122632726561278,jacobi_1d,,2,2,dd2d6ec412835edbbe4a018d3544e156d3fdd08552a444b52727b05fa47d8a06,16a5a1662f12689fbf187fbb656ac8e1d9c5d1f78efc866cd0f41cf46b753592,,
jacobi_1d,cupy,default,fresh_process,observed,1.8643087500240654,jacobi_1d,,2,2,dd2d6ec412835edbbe4a018d3544e156d3fdd08552a444b52727b05fa47d8a06,16a5a1662f12689fbf187fbb656ac8e1d9c5d1f78efc866cd0f41cf46b753592,,selected_process_variability
jacobi_2d,numpy,default,fresh_process,observed,0.8285560689400882,jacobi_2d,,2,2,bb0f1b25c2ede622f6875f9761e2dec03fcebb4785d6110e5288554d5cfdd9f9,88fcc37626b242ba2751f475ada3090117847e04203daddbc9456f9d0e7e584d,,selected_process_variability
jacobi_2d,numba,nopython-mode,fresh_process,observed,1.5769779649563134,jacobi_2d,,2,2,bb0f1b25c2ede622f6875f9761e2dec03fcebb4785d6110e5288554d5cfdd9f9,88fcc37626b242ba2751f475ada3090117847e04203daddbc9456f9d0e7e584d,,historical_disk_cache_hit_not_recorded;selected_process_variability
jacobi_2d,numba,nopython-mode-parallel,fresh_process,observed,0.6172126750461757,jacobi_2d,,2,2,bb0f1b25c2ede622f6875f9761e2dec03fcebb4785d6110e5288554d5cfdd9f9,88fcc37626b242ba2751f475ada3090117847e04203daddbc9456f9d0e7e584d,,historical_disk_cache_hit_not_recorded
jacobi_2d,numba,nopython-mode-parallel-range,fresh_process,N/A,,,,,,,,,
jacobi_2d,numba,object-mode,fresh_process,N/A,,,,,,,,,
jacobi_2d,numba,object-mode-parallel,fresh_process,N/A,,,,,,,,,
jacobi_2d,numba,object-mode-parallel-range,fresh_process,N/A,,,,,,,,,
jacobi_2d,dace_cpu,fusion,fresh_process,observed,0.14847016194835305,jacobi_2d,,2,2,bb0f1b25c2ede622f6875f9761e2dec03fcebb4785d6110e5288554d5cfdd9f9,88fcc37626b242ba2751f475ada3090117847e04203daddbc9456f9d0e7e584d,,new_variability;selected_process_variability
jacobi_2d,dace_cpu,parallel,fresh_process,observed,0.15400996594689786,jacobi_2d,,2,2,bb0f1b25c2ede622f6875f9761e2dec03fcebb4785d6110e5288554d5cfdd9f9,88fcc37626b242ba2751f475ada3090117847e04203daddbc9456f9d0e7e584d,,selected_process_variability
jacobi_2d,dace_cpu,auto_opt,fresh_process,observed,0.18344702338799834,jacobi_2d,,2,2,bb0f1b25c2ede622f6875f9761e2dec03fcebb4785d6110e5288554d5cfdd9f9,88fcc37626b242ba2751f475ada3090117847e04203daddbc9456f9d0e7e584d,,selected_process_variability
jacobi_2d,dace_gpu,fusion,fresh_process,observed,1.0284559184219688,jacobi_2d,,2,2,bb0f1b25c2ede622f6875f9761e2dec03fcebb4785d6110e5288554d5cfdd9f9,88fcc37626b242ba2751f475ada3090117847e04203daddbc9456f9d0e7e584d,,
jacobi_2d,dace_gpu,parallel,fresh_process,observed,1.0472056299913675,jacobi_2d,,2,2,bb0f1b25c2ede622f6875f9761e2dec03fcebb4785d6110e5288554d5cfdd9f9,88fcc37626b242ba2751f475ada3090117847e04203daddbc9456f9d0e7e584d,,
jacobi_2d,dace_gpu,auto_opt,fresh_process,observed,1.0420634325128049,jacobi_2d,,2,2,bb0f1b25c2ede622f6875f9761e2dec03fcebb4785d6110e5288554d5cfdd9f9,88fcc37626b242ba2751f475ada3090117847e04203daddbc9456f9d0e7e584d,,
jacobi_2d,cupy,default,fresh_process,observed,0.3909181661438197,jacobi_2d,,2,2,bb0f1b25c2ede622f6875f9761e2dec03fcebb4785d6110e5288554d5cfdd9f9,88fcc37626b242ba2751f475ada3090117847e04203daddbc9456f9d0e7e584d,,selected_process_variability
k2mm,numpy,default,fresh_process,observed,2.0532683965284377,k2mm,,2,2,f489fedc570b7b5da546ee0999db718675f9a6e714d3093820decf3f58d34325,65b07e1d7f5fdc00459ebb8a02ae0881674135e9bd7f454489c2d204e291d7ea,,
k2mm,numba,nopython-mode,fresh_process,observed,2.967376737156883,k2mm,,2,2,f489fedc570b7b5da546ee0999db718675f9a6e714d3093820decf3f58d34325,65b07e1d7f5fdc00459ebb8a02ae0881674135e9bd7f454489c2d204e291d7ea,,historical_disk_cache_hit_not_recorded;selected_process_variability
k2mm,numba,nopython-mode-parallel,fresh_process,observed,2.3301752966362983,k2mm,,2,2,f489fedc570b7b5da546ee0999db718675f9a6e714d3093820decf3f58d34325,65b07e1d7f5fdc00459ebb8a02ae0881674135e9bd7f454489c2d204e291d7ea,,historical_disk_cache_hit_not_recorded;new_variability
k2mm,numba,nopython-mode-parallel-range,fresh_process,N/A,,,,,,,,,
k2mm,numba,object-mode,fresh_process,N/A,,,,,,,,,
k2mm,numba,object-mode-parallel,fresh_process,N/A,,,,,,,,,
k2mm,numba,object-mode-parallel-range,fresh_process,N/A,,,,,,,,,
k2mm,dace_cpu,fusion,fresh_process,observed,2.692401094129309,k2mm,,2,2,f489fedc570b7b5da546ee0999db718675f9a6e714d3093820decf3f58d34325,65b07e1d7f5fdc00459ebb8a02ae0881674135e9bd7f454489c2d204e291d7ea,,
k2mm,dace_cpu,parallel,fresh_process,observed,2.696388622513041,k2mm,,2,2,f489fedc570b7b5da546ee0999db718675f9a6e714d3093820decf3f58d34325,65b07e1d7f5fdc00459ebb8a02ae0881674135e9bd7f454489c2d204e291d7ea,,
k2mm,dace_cpu,auto_opt,fresh_process,observed,2.7566758170723915,k2mm,,2,2,f489fedc570b7b5da546ee0999db718675f9a6e714d3093820decf3f58d34325,65b07e1d7f5fdc00459ebb8a02ae0881674135e9bd7f454489c2d204e291d7ea,,
k2mm,dace_gpu,fusion,fresh_process,observed,1.9594754062127322,k2mm,,2,2,f489fedc570b7b5da546ee0999db718675f9a6e714d3093820decf3f58d34325,65b07e1d7f5fdc00459ebb8a02ae0881674135e9bd7f454489c2d204e291d7ea,,
k2mm,dace_gpu,parallel,fresh_process,observed,1.9290667253080755,k2mm,,2,2,f489fedc570b7b5da546ee0999db718675f9a6e714d3093820decf3f58d34325,65b07e1d7f5fdc00459ebb8a02ae0881674135e9bd7f454489c2d204e291d7ea,,
k2mm,dace_gpu,auto_opt,fresh_process,observed,1.864347881404683,k2mm,,2,2,f489fedc570b7b5da546ee0999db718675f9a6e714d3093820decf3f58d34325,65b07e1d7f5fdc00459ebb8a02ae0881674135e9bd7f454489c2d204e291d7ea,,
k2mm,cupy,default,fresh_process,observed,1.9692345985677093,k2mm,,2,2,f489fedc570b7b5da546ee0999db718675f9a6e714d3093820decf3f58d34325,65b07e1d7f5fdc00459ebb8a02ae0881674135e9bd7f454489c2d204e291d7ea,,
k3mm,numpy,default,fresh_process,observed,2.820507371565327,k3mm,,2,2,4e368169475a2a62e9d6b60f9f0f38731e82923b1a6bcbfe2a2be25f4a23617d,aad0bebb7814a2ecba71c57046d8003bc43cb0f8e9f62fa7a3c5da967acf1885,,
k3mm,numba,nopython-mode,fresh_process,observed,2.337248228956014,k3mm,,3,3,4e368169475a2a62e9d6b60f9f0f38731e82923b1a6bcbfe2a2be25f4a23617d,aad0bebb7814a2ecba71c57046d8003bc43cb0f8e9f62fa7a3c5da967acf1885,,
k3mm,numba,nopython-mode-parallel,fresh_process,observed,2.6329376441426575,k3mm,,2,2,4e368169475a2a62e9d6b60f9f0f38731e82923b1a6bcbfe2a2be25f4a23617d,aad0bebb7814a2ecba71c57046d8003bc43cb0f8e9f62fa7a3c5da967acf1885,,historical_disk_cache_hit_not_recorded;new_sampling_or_resources;selected_process_variability
k3mm,numba,nopython-mode-parallel-range,fresh_process,N/A,,,,,,,,,
k3mm,numba,object-mode,fresh_process,N/A,,,,,,,,,
k3mm,numba,object-mode-parallel,fresh_process,N/A,,,,,,,,,
k3mm,numba,object-mode-parallel-range,fresh_process,N/A,,,,,,,,,
k3mm,dace_cpu,fusion,fresh_process,observed,3.15106938383542,k3mm,,2,2,4e368169475a2a62e9d6b60f9f0f38731e82923b1a6bcbfe2a2be25f4a23617d,aad0bebb7814a2ecba71c57046d8003bc43cb0f8e9f62fa7a3c5da967acf1885,,
k3mm,dace_cpu,parallel,fresh_process,observed,3.188647888135165,k3mm,,2,2,4e368169475a2a62e9d6b60f9f0f38731e82923b1a6bcbfe2a2be25f4a23617d,aad0bebb7814a2ecba71c57046d8003bc43cb0f8e9f62fa7a3c5da967acf1885,,
k3mm,dace_cpu,auto_opt,fresh_process,observed,3.0691593042574823,k3mm,,2,2,4e368169475a2a62e9d6b60f9f0f38731e82923b1a6bcbfe2a2be25f4a23617d,aad0bebb7814a2ecba71c57046d8003bc43cb0f8e9f62fa7a3c5da967acf1885,,
k3mm,dace_gpu,fusion,fresh_process,observed,1.6184567175805569,k3mm,,2,2,4e368169475a2a62e9d6b60f9f0f38731e82923b1a6bcbfe2a2be25f4a23617d,aad0bebb7814a2ecba71c57046d8003bc43cb0f8e9f62fa7a3c5da967acf1885,,new_sampling_or_resources;selected_process_variability
k3mm,dace_gpu,parallel,fresh_process,observed,1.8610814560670406,k3mm,,2,2,4e368169475a2a62e9d6b60f9f0f38731e82923b1a6bcbfe2a2be25f4a23617d,aad0bebb7814a2ecba71c57046d8003bc43cb0f8e9f62fa7a3c5da967acf1885,,
k3mm,dace_gpu,auto_opt,fresh_process,observed,1.835048909066245,k3mm,,2,2,4e368169475a2a62e9d6b60f9f0f38731e82923b1a6bcbfe2a2be25f4a23617d,aad0bebb7814a2ecba71c57046d8003bc43cb0f8e9f62fa7a3c5da967acf1885,,
k3mm,cupy,default,fresh_process,observed,2.018368734046817,k3mm,,2,2,4e368169475a2a62e9d6b60f9f0f38731e82923b1a6bcbfe2a2be25f4a23617d,aad0bebb7814a2ecba71c57046d8003bc43cb0f8e9f62fa7a3c5da967acf1885,,
lenet,numpy,default,fresh_process,observed,1.1066677293274552,lenet,,2,2,c03e6ed4aa80ca847e538ab41f9b22060f454237935c67944c81ced7dd93a48b,914661bfde93da5c2e7b1ef256bf97775e395b5980f08a299cd8040e92c0b6ea,,
lenet,numba,nopython-mode,fresh_process,observed,1.5900505029130727,lenet,,2,2,c03e6ed4aa80ca847e538ab41f9b22060f454237935c67944c81ced7dd93a48b,914661bfde93da5c2e7b1ef256bf97775e395b5980f08a299cd8040e92c0b6ea,,historical_disk_cache_hit_not_recorded;selected_process_variability
lenet,numba,nopython-mode-parallel,fresh_process,observed,101.45742868748493,lenet,,2,2,c03e6ed4aa80ca847e538ab41f9b22060f454237935c67944c81ced7dd93a48b,914661bfde93da5c2e7b1ef256bf97775e395b5980f08a299cd8040e92c0b6ea,,historical_disk_cache_hit_not_recorded
lenet,numba,nopython-mode-parallel-range,fresh_process,observed,0.6386903726961464,lenet,,2,2,c03e6ed4aa80ca847e538ab41f9b22060f454237935c67944c81ced7dd93a48b,914661bfde93da5c2e7b1ef256bf97775e395b5980f08a299cd8040e92c0b6ea,,historical_disk_cache_hit_not_recorded;new_sampling_or_resources
lenet,numba,object-mode,fresh_process,error,,lenet,,0,0,c03e6ed4aa80ca847e538ab41f9b22060f454237935c67944c81ced7dd93a48b,914661bfde93da5c2e7b1ef256bf97775e395b5980f08a299cd8040e92c0b6ea,,
lenet,numba,object-mode-parallel,fresh_process,error,,lenet,,0,0,c03e6ed4aa80ca847e538ab41f9b22060f454237935c67944c81ced7dd93a48b,914661bfde93da5c2e7b1ef256bf97775e395b5980f08a299cd8040e92c0b6ea,,
lenet,numba,object-mode-parallel-range,fresh_process,observed,4.7676549886818975,lenet,,2,2,c03e6ed4aa80ca847e538ab41f9b22060f454237935c67944c81ced7dd93a48b,914661bfde93da5c2e7b1ef256bf97775e395b5980f08a299cd8040e92c0b6ea,,historical_disk_cache_hit_not_recorded
lenet,dace_cpu,fusion,fresh_process,observed,6.0293601078446954,lenet,,2,2,c03e6ed4aa80ca847e538ab41f9b22060f454237935c67944c81ced7dd93a48b,914661bfde93da5c2e7b1ef256bf97775e395b5980f08a299cd8040e92c0b6ea,,selected_process_variability
lenet,dace_cpu,parallel,fresh_process,observed,3.8597676414065063,lenet,,2,2,c03e6ed4aa80ca847e538ab41f9b22060f454237935c67944c81ced7dd93a48b,914661bfde93da5c2e7b1ef256bf97775e395b5980f08a299cd8040e92c0b6ea,,
lenet,dace_cpu,auto_opt,fresh_process,observed,5.709929041564465,lenet,,2,2,c03e6ed4aa80ca847e538ab41f9b22060f454237935c67944c81ced7dd93a48b,914661bfde93da5c2e7b1ef256bf97775e395b5980f08a299cd8040e92c0b6ea,,selected_process_variability
lenet,dace_gpu,fusion,fresh_process,error,,lenet,,0,0,c03e6ed4aa80ca847e538ab41f9b22060f454237935c67944c81ced7dd93a48b,914661bfde93da5c2e7b1ef256bf97775e395b5980f08a299cd8040e92c0b6ea,,
lenet,dace_gpu,parallel,fresh_process,terminated,,lenet,,0,0,c03e6ed4aa80ca847e538ab41f9b22060f454237935c67944c81ced7dd93a48b,914661bfde93da5c2e7b1ef256bf97775e395b5980f08a299cd8040e92c0b6ea,,
lenet,dace_gpu,auto_opt,fresh_process,terminated,,lenet,,0,0,c03e6ed4aa80ca847e538ab41f9b22060f454237935c67944c81ced7dd93a48b,914661bfde93da5c2e7b1ef256bf97775e395b5980f08a299cd8040e92c0b6ea,,
lenet,cupy,default,fresh_process,observed,3.887651725206524,lenet,,3,3,c03e6ed4aa80ca847e538ab41f9b22060f454237935c67944c81ced7dd93a48b,914661bfde93da5c2e7b1ef256bf97775e395b5980f08a299cd8040e92c0b6ea,,
lu,numpy,default,fresh_process,observed,1.4885260344017297,lu,,2,2,a94cc969fb7abca21f73c7702df3d7b5782724193307a4c14a3543791e733d27,9ac2f818703fa8aa1a82579828bb4b9f516a133a9d2de36086ba8af196680084,,selected_process_variability
lu,numba,nopython-mode,fresh_process,observed,0.5321924705058336,lu,,2,2,a94cc969fb7abca21f73c7702df3d7b5782724193307a4c14a3543791e733d27,9ac2f818703fa8aa1a82579828bb4b9f516a133a9d2de36086ba8af196680084,,historical_disk_cache_hit_not_recorded
lu,numba,nopython-mode-parallel,fresh_process,observed,1.2961092831101269,lu,,2,2,a94cc969fb7abca21f73c7702df3d7b5782724193307a4c14a3543791e733d27,9ac2f818703fa8aa1a82579828bb4b9f516a133a9d2de36086ba8af196680084,,
lu,numba,nopython-mode-parallel-range,fresh_process,N/A,,,,,,,,,
lu,numba,object-mode,fresh_process,N/A,,,,,,,,,
lu,numba,object-mode-parallel,fresh_process,N/A,,,,,,,,,
lu,numba,object-mode-parallel-range,fresh_process,N/A,,,,,,,,,
lu,dace_cpu,fusion,fresh_process,observed,0.23565210681408644,lu,,2,2,a94cc969fb7abca21f73c7702df3d7b5782724193307a4c14a3543791e733d27,9ac2f818703fa8aa1a82579828bb4b9f516a133a9d2de36086ba8af196680084,,selected_process_variability
lu,dace_cpu,parallel,fresh_process,observed,0.21672979602590203,lu,,3,3,a94cc969fb7abca21f73c7702df3d7b5782724193307a4c14a3543791e733d27,9ac2f818703fa8aa1a82579828bb4b9f516a133a9d2de36086ba8af196680084,,
lu,dace_cpu,auto_opt,fresh_process,observed,0.19312061462551355,lu,,2,2,a94cc969fb7abca21f73c7702df3d7b5782724193307a4c14a3543791e733d27,9ac2f818703fa8aa1a82579828bb4b9f516a133a9d2de36086ba8af196680084,,
lu,dace_gpu,fusion,fresh_process,observed,11.570990483276546,lu,,2,2,a94cc969fb7abca21f73c7702df3d7b5782724193307a4c14a3543791e733d27,9ac2f818703fa8aa1a82579828bb4b9f516a133a9d2de36086ba8af196680084,,
lu,dace_gpu,parallel,fresh_process,observed,11.642245190450922,lu,,2,2,a94cc969fb7abca21f73c7702df3d7b5782724193307a4c14a3543791e733d27,9ac2f818703fa8aa1a82579828bb4b9f516a133a9d2de36086ba8af196680084,,
lu,dace_gpu,auto_opt,fresh_process,observed,7.362898249644786,lu,,2,2,a94cc969fb7abca21f73c7702df3d7b5782724193307a4c14a3543791e733d27,9ac2f818703fa8aa1a82579828bb4b9f516a133a9d2de36086ba8af196680084,,
lu,cupy,default,fresh_process,observed,44.45577939786017,lu,,2,2,a94cc969fb7abca21f73c7702df3d7b5782724193307a4c14a3543791e733d27,9ac2f818703fa8aa1a82579828bb4b9f516a133a9d2de36086ba8af196680084,,
ludcmp,numpy,default,fresh_process,observed,1.1596099834423512,ludcmp,,2,2,08caec57fa049fbfa751e34e1064de164ddf556d58ef07942503bdb64d23c766,55b9887d27df7b3dc3b8b2e1875facca1a285d1891e4df442fdd18cc865cc7b0,,
ludcmp,numba,nopython-mode,fresh_process,observed,0.48121073958463967,ludcmp,,2,2,08caec57fa049fbfa751e34e1064de164ddf556d58ef07942503bdb64d23c766,55b9887d27df7b3dc3b8b2e1875facca1a285d1891e4df442fdd18cc865cc7b0,,historical_disk_cache_hit_not_recorded
ludcmp,numba,nopython-mode-parallel,fresh_process,observed,0.5347837109584361,ludcmp,,2,2,08caec57fa049fbfa751e34e1064de164ddf556d58ef07942503bdb64d23c766,55b9887d27df7b3dc3b8b2e1875facca1a285d1891e4df442fdd18cc865cc7b0,,historical_disk_cache_hit_not_recorded
ludcmp,numba,nopython-mode-parallel-range,fresh_process,N/A,,,,,,,,,
ludcmp,numba,object-mode,fresh_process,N/A,,,,,,,,,
ludcmp,numba,object-mode-parallel,fresh_process,N/A,,,,,,,,,
ludcmp,numba,object-mode-parallel-range,fresh_process,N/A,,,,,,,,,
ludcmp,dace_cpu,fusion,fresh_process,observed,0.3113857372663915,ludcmp,,3,3,08caec57fa049fbfa751e34e1064de164ddf556d58ef07942503bdb64d23c766,55b9887d27df7b3dc3b8b2e1875facca1a285d1891e4df442fdd18cc865cc7b0,,
ludcmp,dace_cpu,parallel,fresh_process,observed,0.3049129818100482,ludcmp,,2,2,08caec57fa049fbfa751e34e1064de164ddf556d58ef07942503bdb64d23c766,55b9887d27df7b3dc3b8b2e1875facca1a285d1891e4df442fdd18cc865cc7b0,,
ludcmp,dace_cpu,auto_opt,fresh_process,observed,0.3189949281513691,ludcmp,,2,2,08caec57fa049fbfa751e34e1064de164ddf556d58ef07942503bdb64d23c766,55b9887d27df7b3dc3b8b2e1875facca1a285d1891e4df442fdd18cc865cc7b0,,
ludcmp,dace_gpu,fusion,fresh_process,observed,11.113047736464068,ludcmp,,2,2,08caec57fa049fbfa751e34e1064de164ddf556d58ef07942503bdb64d23c766,55b9887d27df7b3dc3b8b2e1875facca1a285d1891e4df442fdd18cc865cc7b0,,
ludcmp,dace_gpu,parallel,fresh_process,observed,11.60524599486962,ludcmp,,2,2,08caec57fa049fbfa751e34e1064de164ddf556d58ef07942503bdb64d23c766,55b9887d27df7b3dc3b8b2e1875facca1a285d1891e4df442fdd18cc865cc7b0,,
ludcmp,dace_gpu,auto_opt,fresh_process,observed,8.97995548369363,ludcmp,,2,2,08caec57fa049fbfa751e34e1064de164ddf556d58ef07942503bdb64d23c766,55b9887d27df7b3dc3b8b2e1875facca1a285d1891e4df442fdd18cc865cc7b0,,
ludcmp,cupy,default,fresh_process,observed,39.04078080691397,ludcmp,,2,2,08caec57fa049fbfa751e34e1064de164ddf556d58ef07942503bdb64d23c766,55b9887d27df7b3dc3b8b2e1875facca1a285d1891e4df442fdd18cc865cc7b0,,
mandelbrot1,numpy,default,fresh_process,observed,0.7565514408051968,mandelbrot1,,2,2,7ec93ae18ee3844a817e6cc0a79455bc5862c76f047319aefde16f510ddde641,498529c7a9dcc40ab333461ec82b7c16a88eb9014a98ba9ee2910dd66fb9e062,,
mandelbrot1,numba,nopython-mode,fresh_process,validation,,mandelbrot1,,0,0,7ec93ae18ee3844a817e6cc0a79455bc5862c76f047319aefde16f510ddde641,498529c7a9dcc40ab333461ec82b7c16a88eb9014a98ba9ee2910dd66fb9e062,,
mandelbrot1,numba,nopython-mode-parallel,fresh_process,validation,,mandelbrot1,,0,0,7ec93ae18ee3844a817e6cc0a79455bc5862c76f047319aefde16f510ddde641,498529c7a9dcc40ab333461ec82b7c16a88eb9014a98ba9ee2910dd66fb9e062,,
mandelbrot1,numba,nopython-mode-parallel-range,fresh_process,validation,,mandelbrot1,,0,0,7ec93ae18ee3844a817e6cc0a79455bc5862c76f047319aefde16f510ddde641,498529c7a9dcc40ab333461ec82b7c16a88eb9014a98ba9ee2910dd66fb9e062,,
mandelbrot1,numba,object-mode,fresh_process,unsupported,,mandelbrot1,,0,0,7ec93ae18ee3844a817e6cc0a79455bc5862c76f047319aefde16f510ddde641,498529c7a9dcc40ab333461ec82b7c16a88eb9014a98ba9ee2910dd66fb9e062,,
mandelbrot1,numba,object-mode-parallel,fresh_process,unsupported,,mandelbrot1,,0,0,7ec93ae18ee3844a817e6cc0a79455bc5862c76f047319aefde16f510ddde641,498529c7a9dcc40ab333461ec82b7c16a88eb9014a98ba9ee2910dd66fb9e062,,
mandelbrot1,numba,object-mode-parallel-range,fresh_process,N/A,,,,,,,,,
mandelbrot1,dace_cpu,fusion,fresh_process,validation,,mandelbrot1,,0,0,7ec93ae18ee3844a817e6cc0a79455bc5862c76f047319aefde16f510ddde641,498529c7a9dcc40ab333461ec82b7c16a88eb9014a98ba9ee2910dd66fb9e062,,
mandelbrot1,dace_cpu,parallel,fresh_process,validation,,mandelbrot1,,0,0,7ec93ae18ee3844a817e6cc0a79455bc5862c76f047319aefde16f510ddde641,498529c7a9dcc40ab333461ec82b7c16a88eb9014a98ba9ee2910dd66fb9e062,,
mandelbrot1,dace_cpu,auto_opt,fresh_process,validation,,mandelbrot1,,0,0,7ec93ae18ee3844a817e6cc0a79455bc5862c76f047319aefde16f510ddde641,498529c7a9dcc40ab333461ec82b7c16a88eb9014a98ba9ee2910dd66fb9e062,,
mandelbrot1,dace_gpu,fusion,fresh_process,validation,,mandelbrot1,,0,0,7ec93ae18ee3844a817e6cc0a79455bc5862c76f047319aefde16f510ddde641,498529c7a9dcc40ab333461ec82b7c16a88eb9014a98ba9ee2910dd66fb9e062,,
mandelbrot1,dace_gpu,parallel,fresh_process,validation,,mandelbrot1,,0,0,7ec93ae18ee3844a817e6cc0a79455bc5862c76f047319aefde16f510ddde641,498529c7a9dcc40ab333461ec82b7c16a88eb9014a98ba9ee2910dd66fb9e062,,
mandelbrot1,dace_gpu,auto_opt,fresh_process,validation,,mandelbrot1,,0,0,7ec93ae18ee3844a817e6cc0a79455bc5862c76f047319aefde16f510ddde641,498529c7a9dcc40ab333461ec82b7c16a88eb9014a98ba9ee2910dd66fb9e062,,
mandelbrot1,cupy,default,fresh_process,validation,,mandelbrot1,,0,0,7ec93ae18ee3844a817e6cc0a79455bc5862c76f047319aefde16f510ddde641,498529c7a9dcc40ab333461ec82b7c16a88eb9014a98ba9ee2910dd66fb9e062,,
mandelbrot2,numpy,default,fresh_process,observed,0.2979930283036083,mandelbrot2,,2,2,7fb4071f3c8e581537c1201436e2e0f64673e094a239bc776fcd1d6c96095d69,e953c506eaf95aed1da28b70ad9b9cbb5c4d6ed77213ce344c94cdacbc5b6ae1,,
mandelbrot2,numba,nopython-mode,fresh_process,observed,0.8560407843906432,mandelbrot2,,2,2,7fb4071f3c8e581537c1201436e2e0f64673e094a239bc776fcd1d6c96095d69,e953c506eaf95aed1da28b70ad9b9cbb5c4d6ed77213ce344c94cdacbc5b6ae1,,historical_disk_cache_hit_not_recorded
mandelbrot2,numba,nopython-mode-parallel,fresh_process,N/A,,,,,,,,,
mandelbrot2,numba,nopython-mode-parallel-range,fresh_process,N/A,,,,,,,,,
mandelbrot2,numba,object-mode,fresh_process,unsupported,,mandelbrot2,,0,0,7fb4071f3c8e581537c1201436e2e0f64673e094a239bc776fcd1d6c96095d69,e953c506eaf95aed1da28b70ad9b9cbb5c4d6ed77213ce344c94cdacbc5b6ae1,,
mandelbrot2,numba,object-mode-parallel,fresh_process,unsupported,,mandelbrot2,,0,0,7fb4071f3c8e581537c1201436e2e0f64673e094a239bc776fcd1d6c96095d69,e953c506eaf95aed1da28b70ad9b9cbb5c4d6ed77213ce344c94cdacbc5b6ae1,,
mandelbrot2,numba,object-mode-parallel-range,fresh_process,N/A,,,,,,,,,
mandelbrot2,dace_cpu,fusion,fresh_process,error,,mandelbrot2,,0,0,7fb4071f3c8e581537c1201436e2e0f64673e094a239bc776fcd1d6c96095d69,e953c506eaf95aed1da28b70ad9b9cbb5c4d6ed77213ce344c94cdacbc5b6ae1,,
mandelbrot2,dace_cpu,parallel,fresh_process,error,,mandelbrot2,,0,0,7fb4071f3c8e581537c1201436e2e0f64673e094a239bc776fcd1d6c96095d69,e953c506eaf95aed1da28b70ad9b9cbb5c4d6ed77213ce344c94cdacbc5b6ae1,,
mandelbrot2,dace_cpu,auto_opt,fresh_process,error,,mandelbrot2,,0,0,7fb4071f3c8e581537c1201436e2e0f64673e094a239bc776fcd1d6c96095d69,e953c506eaf95aed1da28b70ad9b9cbb5c4d6ed77213ce344c94cdacbc5b6ae1,,
mandelbrot2,dace_gpu,fusion,fresh_process,error,,mandelbrot2,,0,0,7fb4071f3c8e581537c1201436e2e0f64673e094a239bc776fcd1d6c96095d69,e953c506eaf95aed1da28b70ad9b9cbb5c4d6ed77213ce344c94cdacbc5b6ae1,,
mandelbrot2,dace_gpu,parallel,fresh_process,error,,mandelbrot2,,0,0,7fb4071f3c8e581537c1201436e2e0f64673e094a239bc776fcd1d6c96095d69,e953c506eaf95aed1da28b70ad9b9cbb5c4d6ed77213ce344c94cdacbc5b6ae1,,
mandelbrot2,dace_gpu,auto_opt,fresh_process,error,,mandelbrot2,,0,0,7fb4071f3c8e581537c1201436e2e0f64673e094a239bc776fcd1d6c96095d69,e953c506eaf95aed1da28b70ad9b9cbb5c4d6ed77213ce344c94cdacbc5b6ae1,,
mandelbrot2,cupy,default,fresh_process,observed,0.5327554929535836,mandelbrot2,,2,2,7fb4071f3c8e581537c1201436e2e0f64673e094a239bc776fcd1d6c96095d69,e953c506eaf95aed1da28b70ad9b9cbb5c4d6ed77213ce344c94cdacbc5b6ae1,,
mlp,numpy,default,fresh_process,observed,0.5649673414882272,mlp,,2,2,5a57834b626ad11a97469e2ed2472df251c3e8ff143b8d8d463672e399d900be,87c94f9c003ff974cd198163ffe2fd3948bacd6ba11c6c91faa770e7bcee04e9,,selected_process_variability
mlp,numba,nopython-mode,fresh_process,observed,0.758670290466398,mlp_rowmax,,2,2,5a57834b626ad11a97469e2ed2472df251c3e8ff143b8d8d463672e399d900be,87c94f9c003ff974cd198163ffe2fd3948bacd6ba11c6c91faa770e7bcee04e9,,two_later_processes_only
mlp,numba,nopython-mode-parallel,fresh_process,observed,0.9395491669420153,mlp_rowmax,,2,2,5a57834b626ad11a97469e2ed2472df251c3e8ff143b8d8d463672e399d900be,87c94f9c003ff974cd198163ffe2fd3948bacd6ba11c6c91faa770e7bcee04e9,,two_later_processes_only
mlp,numba,nopython-mode-parallel-range,fresh_process,observed,1.0149530954658985,mlp_rowmax,,2,2,5a57834b626ad11a97469e2ed2472df251c3e8ff143b8d8d463672e399d900be,87c94f9c003ff974cd198163ffe2fd3948bacd6ba11c6c91faa770e7bcee04e9,,between_process_variability;two_later_processes_only
mlp,numba,object-mode,fresh_process,observed,0.8198036691173911,mlp,,2,2,5a57834b626ad11a97469e2ed2472df251c3e8ff143b8d8d463672e399d900be,87c94f9c003ff974cd198163ffe2fd3948bacd6ba11c6c91faa770e7bcee04e9,,historical_disk_cache_hit_not_recorded;new_sampling_or_resources;selected_process_variability
mlp,numba,object-mode-parallel,fresh_process,observed,0.8296504004392773,mlp,,2,2,5a57834b626ad11a97469e2ed2472df251c3e8ff143b8d8d463672e399d900be,87c94f9c003ff974cd198163ffe2fd3948bacd6ba11c6c91faa770e7bcee04e9,,historical_disk_cache_hit_not_recorded;new_sampling_or_resources
mlp,numba,object-mode-parallel-range,fresh_process,N/A,,,,,,,,,
mlp,dace_cpu,fusion,fresh_process,observed,0.774975640932098,mlp,,2,2,5a57834b626ad11a97469e2ed2472df251c3e8ff143b8d8d463672e399d900be,87c94f9c003ff974cd198163ffe2fd3948bacd6ba11c6c91faa770e7bcee04e9,,
mlp,dace_cpu,parallel,fresh_process,observed,0.9877401064150035,mlp,,2,2,5a57834b626ad11a97469e2ed2472df251c3e8ff143b8d8d463672e399d900be,87c94f9c003ff974cd198163ffe2fd3948bacd6ba11c6c91faa770e7bcee04e9,,
mlp,dace_cpu,auto_opt,fresh_process,observed,0.8195928109344095,mlp,,2,2,5a57834b626ad11a97469e2ed2472df251c3e8ff143b8d8d463672e399d900be,87c94f9c003ff974cd198163ffe2fd3948bacd6ba11c6c91faa770e7bcee04e9,,
mlp,dace_gpu,fusion,fresh_process,observed,5.832735071191564,mlp,,2,2,5a57834b626ad11a97469e2ed2472df251c3e8ff143b8d8d463672e399d900be,87c94f9c003ff974cd198163ffe2fd3948bacd6ba11c6c91faa770e7bcee04e9,,
mlp,dace_gpu,parallel,fresh_process,observed,5.209098531398922,mlp,,2,2,5a57834b626ad11a97469e2ed2472df251c3e8ff143b8d8d463672e399d900be,87c94f9c003ff974cd198163ffe2fd3948bacd6ba11c6c91faa770e7bcee04e9,,
mlp,dace_gpu,auto_opt,fresh_process,observed,5.073441692860797,mlp,,2,2,5a57834b626ad11a97469e2ed2472df251c3e8ff143b8d8d463672e399d900be,87c94f9c003ff974cd198163ffe2fd3948bacd6ba11c6c91faa770e7bcee04e9,,
mlp,cupy,default,fresh_process,observed,8.155428058933467,mlp,,2,2,5a57834b626ad11a97469e2ed2472df251c3e8ff143b8d8d463672e399d900be,87c94f9c003ff974cd198163ffe2fd3948bacd6ba11c6c91faa770e7bcee04e9,,
mvt,numpy,default,fresh_process,observed,0.1557039914187044,mvt,,2,2,6d38d7a7e4ccc0cd21261ff27458bbfec43022e90858441b148c763f459bdc05,31a7a541d3eb3d99e166c80b243812e6678c96f5f504254d1acff781fbc1da55,,
mvt,numba,nopython-mode,fresh_process,observed,0.39663036284036934,mvt,,2,2,6d38d7a7e4ccc0cd21261ff27458bbfec43022e90858441b148c763f459bdc05,31a7a541d3eb3d99e166c80b243812e6678c96f5f504254d1acff781fbc1da55,,historical_disk_cache_hit_not_recorded;new_sampling_or_resources
mvt,numba,nopython-mode-parallel,fresh_process,observed,0.1516732075251639,mvt,,2,2,6d38d7a7e4ccc0cd21261ff27458bbfec43022e90858441b148c763f459bdc05,31a7a541d3eb3d99e166c80b243812e6678c96f5f504254d1acff781fbc1da55,,
mvt,numba,nopython-mode-parallel-range,fresh_process,N/A,,,,,,,,,
mvt,numba,object-mode,fresh_process,N/A,,,,,,,,,
mvt,numba,object-mode-parallel,fresh_process,N/A,,,,,,,,,
mvt,numba,object-mode-parallel-range,fresh_process,N/A,,,,,,,,,
mvt,dace_cpu,fusion,fresh_process,observed,0.2878661707509309,mvt,,2,2,6d38d7a7e4ccc0cd21261ff27458bbfec43022e90858441b148c763f459bdc05,31a7a541d3eb3d99e166c80b243812e6678c96f5f504254d1acff781fbc1da55,,
mvt,dace_cpu,parallel,fresh_process,observed,0.3301446344703436,mvt,,2,2,6d38d7a7e4ccc0cd21261ff27458bbfec43022e90858441b148c763f459bdc05,31a7a541d3eb3d99e166c80b243812e6678c96f5f504254d1acff781fbc1da55,,selected_process_variability
mvt,dace_cpu,auto_opt,fresh_process,observed,0.3197173494845629,mvt,,2,2,6d38d7a7e4ccc0cd21261ff27458bbfec43022e90858441b148c763f459bdc05,31a7a541d3eb3d99e166c80b243812e6678c96f5f504254d1acff781fbc1da55,,
mvt,dace_gpu,fusion,fresh_process,observed,4.591378204524517,mvt,,2,2,6d38d7a7e4ccc0cd21261ff27458bbfec43022e90858441b148c763f459bdc05,31a7a541d3eb3d99e166c80b243812e6678c96f5f504254d1acff781fbc1da55,,
mvt,dace_gpu,parallel,fresh_process,observed,4.53271124092862,mvt,,2,2,6d38d7a7e4ccc0cd21261ff27458bbfec43022e90858441b148c763f459bdc05,31a7a541d3eb3d99e166c80b243812e6678c96f5f504254d1acff781fbc1da55,,
mvt,dace_gpu,auto_opt,fresh_process,observed,4.553059909958392,mvt,,2,2,6d38d7a7e4ccc0cd21261ff27458bbfec43022e90858441b148c763f459bdc05,31a7a541d3eb3d99e166c80b243812e6678c96f5f504254d1acff781fbc1da55,,
mvt,cupy,default,fresh_process,observed,3.366375411627814,mvt,,2,2,6d38d7a7e4ccc0cd21261ff27458bbfec43022e90858441b148c763f459bdc05,31a7a541d3eb3d99e166c80b243812e6678c96f5f504254d1acff781fbc1da55,,
nbody,numpy,default,fresh_process,validation,,nbody,,0,0,eb19dd29eced1356f5981ddd1d68235062b1cd0e3e730e4069acc2a4f30a6512,369f565b2cc3f4d1e7431a758f71f09b2fb5270f7b56b9b6b5de37373d88c636,,
nbody,numba,nopython-mode,fresh_process,validation,,nbody,,0,0,eb19dd29eced1356f5981ddd1d68235062b1cd0e3e730e4069acc2a4f30a6512,369f565b2cc3f4d1e7431a758f71f09b2fb5270f7b56b9b6b5de37373d88c636,,
nbody,numba,nopython-mode-parallel,fresh_process,N/A,,,,,,,,,
nbody,numba,nopython-mode-parallel-range,fresh_process,N/A,,,,,,,,,
nbody,numba,object-mode,fresh_process,validation,,nbody,,0,0,eb19dd29eced1356f5981ddd1d68235062b1cd0e3e730e4069acc2a4f30a6512,369f565b2cc3f4d1e7431a758f71f09b2fb5270f7b56b9b6b5de37373d88c636,,
nbody,numba,object-mode-parallel,fresh_process,validation,,nbody,,0,0,eb19dd29eced1356f5981ddd1d68235062b1cd0e3e730e4069acc2a4f30a6512,369f565b2cc3f4d1e7431a758f71f09b2fb5270f7b56b9b6b5de37373d88c636,,
nbody,numba,object-mode-parallel-range,fresh_process,N/A,,,,,,,,,
nbody,dace_cpu,fusion,fresh_process,validation,,nbody,,0,0,eb19dd29eced1356f5981ddd1d68235062b1cd0e3e730e4069acc2a4f30a6512,369f565b2cc3f4d1e7431a758f71f09b2fb5270f7b56b9b6b5de37373d88c636,,
nbody,dace_cpu,parallel,fresh_process,validation,,nbody,,0,0,eb19dd29eced1356f5981ddd1d68235062b1cd0e3e730e4069acc2a4f30a6512,369f565b2cc3f4d1e7431a758f71f09b2fb5270f7b56b9b6b5de37373d88c636,,
nbody,dace_cpu,auto_opt,fresh_process,validation,,nbody,,0,0,eb19dd29eced1356f5981ddd1d68235062b1cd0e3e730e4069acc2a4f30a6512,369f565b2cc3f4d1e7431a758f71f09b2fb5270f7b56b9b6b5de37373d88c636,,
nbody,dace_gpu,fusion,fresh_process,validation,,nbody,,0,0,eb19dd29eced1356f5981ddd1d68235062b1cd0e3e730e4069acc2a4f30a6512,369f565b2cc3f4d1e7431a758f71f09b2fb5270f7b56b9b6b5de37373d88c636,,
nbody,dace_gpu,parallel,fresh_process,validation,,nbody,,0,0,eb19dd29eced1356f5981ddd1d68235062b1cd0e3e730e4069acc2a4f30a6512,369f565b2cc3f4d1e7431a758f71f09b2fb5270f7b56b9b6b5de37373d88c636,,
nbody,dace_gpu,auto_opt,fresh_process,validation,,nbody,,0,0,eb19dd29eced1356f5981ddd1d68235062b1cd0e3e730e4069acc2a4f30a6512,369f565b2cc3f4d1e7431a758f71f09b2fb5270f7b56b9b6b5de37373d88c636,,
nbody,cupy,default,fresh_process,validation,,nbody,,0,0,eb19dd29eced1356f5981ddd1d68235062b1cd0e3e730e4069acc2a4f30a6512,369f565b2cc3f4d1e7431a758f71f09b2fb5270f7b56b9b6b5de37373d88c636,,
nussinov,numpy,default,fresh_process,observed,1.1818466545082629,nussinov,,2,2,7de19d1b6c54c559477765ce530898d3c0e580b07d787f443f19ff85acf43418,05b880e157b9ee387cb9be1fa3b10e2f4efe7bed764c6b129b8b31ad87b8df2a,,selected_process_variability
nussinov,numba,nopython-mode,fresh_process,observed,0.3827205812558532,nussinov,,3,3,7de19d1b6c54c559477765ce530898d3c0e580b07d787f443f19ff85acf43418,05b880e157b9ee387cb9be1fa3b10e2f4efe7bed764c6b129b8b31ad87b8df2a,,
nussinov,numba,nopython-mode-parallel,fresh_process,observed,0.4268762734718621,nussinov,,2,2,7de19d1b6c54c559477765ce530898d3c0e580b07d787f443f19ff85acf43418,05b880e157b9ee387cb9be1fa3b10e2f4efe7bed764c6b129b8b31ad87b8df2a,,historical_disk_cache_hit_not_recorded
nussinov,numba,nopython-mode-parallel-range,fresh_process,N/A,,,,,,,,,
nussinov,numba,object-mode,fresh_process,N/A,,,,,,,,,
nussinov,numba,object-mode-parallel,fresh_process,N/A,,,,,,,,,
nussinov,numba,object-mode-parallel-range,fresh_process,N/A,,,,,,,,,
nussinov,dace_cpu,fusion,fresh_process,observed,0.11886003683321178,nussinov,,2,2,7de19d1b6c54c559477765ce530898d3c0e580b07d787f443f19ff85acf43418,05b880e157b9ee387cb9be1fa3b10e2f4efe7bed764c6b129b8b31ad87b8df2a,,
nussinov,dace_cpu,parallel,fresh_process,observed,0.14606020343489945,nussinov,,2,2,7de19d1b6c54c559477765ce530898d3c0e580b07d787f443f19ff85acf43418,05b880e157b9ee387cb9be1fa3b10e2f4efe7bed764c6b129b8b31ad87b8df2a,,selected_process_variability
nussinov,dace_cpu,auto_opt,fresh_process,observed,0.11915854411199689,nussinov,,2,2,7de19d1b6c54c559477765ce530898d3c0e580b07d787f443f19ff85acf43418,05b880e157b9ee387cb9be1fa3b10e2f4efe7bed764c6b129b8b31ad87b8df2a,,
nussinov,dace_gpu,fusion,fresh_process,observed,54.63294255663641,nussinov,,2,2,7de19d1b6c54c559477765ce530898d3c0e580b07d787f443f19ff85acf43418,05b880e157b9ee387cb9be1fa3b10e2f4efe7bed764c6b129b8b31ad87b8df2a,,
nussinov,dace_gpu,parallel,fresh_process,observed,50.56861848710105,nussinov,,2,2,7de19d1b6c54c559477765ce530898d3c0e580b07d787f443f19ff85acf43418,05b880e157b9ee387cb9be1fa3b10e2f4efe7bed764c6b129b8b31ad87b8df2a,,
nussinov,dace_gpu,auto_opt,fresh_process,observed,59.8618344378192,nussinov,,2,2,7de19d1b6c54c559477765ce530898d3c0e580b07d787f443f19ff85acf43418,05b880e157b9ee387cb9be1fa3b10e2f4efe7bed764c6b129b8b31ad87b8df2a,,
nussinov,cupy,default,fresh_process,observed,82.82467692997307,nussinov,,2,2,7de19d1b6c54c559477765ce530898d3c0e580b07d787f443f19ff85acf43418,05b880e157b9ee387cb9be1fa3b10e2f4efe7bed764c6b129b8b31ad87b8df2a,,
resnet,numpy,default,fresh_process,observed,1.177767850458622,resnet,,2,2,9c64e5659fe9a99f38dfdee95f8c4b5ec1e0daa0e4544948c4f88bb50e6edbfa,070b0fcd2b4f101302a58108dce79a6ea1d6fdbdf9be753fec768d1818ea7464,,selected_process_variability
resnet,numba,nopython-mode,fresh_process,validation,,resnet,,0,0,9c64e5659fe9a99f38dfdee95f8c4b5ec1e0daa0e4544948c4f88bb50e6edbfa,070b0fcd2b4f101302a58108dce79a6ea1d6fdbdf9be753fec768d1818ea7464,,
resnet,numba,nopython-mode-parallel,fresh_process,validation,,resnet,,0,0,9c64e5659fe9a99f38dfdee95f8c4b5ec1e0daa0e4544948c4f88bb50e6edbfa,070b0fcd2b4f101302a58108dce79a6ea1d6fdbdf9be753fec768d1818ea7464,,
resnet,numba,nopython-mode-parallel-range,fresh_process,validation,,resnet,,0,0,9c64e5659fe9a99f38dfdee95f8c4b5ec1e0daa0e4544948c4f88bb50e6edbfa,070b0fcd2b4f101302a58108dce79a6ea1d6fdbdf9be753fec768d1818ea7464,,
resnet,numba,object-mode,fresh_process,error,,resnet,,0,0,9c64e5659fe9a99f38dfdee95f8c4b5ec1e0daa0e4544948c4f88bb50e6edbfa,070b0fcd2b4f101302a58108dce79a6ea1d6fdbdf9be753fec768d1818ea7464,,
resnet,numba,object-mode-parallel,fresh_process,error,,resnet,,0,0,9c64e5659fe9a99f38dfdee95f8c4b5ec1e0daa0e4544948c4f88bb50e6edbfa,070b0fcd2b4f101302a58108dce79a6ea1d6fdbdf9be753fec768d1818ea7464,,
resnet,numba,object-mode-parallel-range,fresh_process,observed,5.666075829416513,resnet,,2,2,9c64e5659fe9a99f38dfdee95f8c4b5ec1e0daa0e4544948c4f88bb50e6edbfa,070b0fcd2b4f101302a58108dce79a6ea1d6fdbdf9be753fec768d1818ea7464,,historical_disk_cache_hit_not_recorded
resnet,dace_cpu,fusion,fresh_process,observed,4.652916104067117,resnet,,2,2,9c64e5659fe9a99f38dfdee95f8c4b5ec1e0daa0e4544948c4f88bb50e6edbfa,070b0fcd2b4f101302a58108dce79a6ea1d6fdbdf9be753fec768d1818ea7464,,selected_process_variability
resnet,dace_cpu,parallel,fresh_process,observed,1.2810171248856932,resnet,,2,2,9c64e5659fe9a99f38dfdee95f8c4b5ec1e0daa0e4544948c4f88bb50e6edbfa,070b0fcd2b4f101302a58108dce79a6ea1d6fdbdf9be753fec768d1818ea7464,,selected_process_variability
resnet,dace_cpu,auto_opt,fresh_process,observed,1.8515615987125784,resnet,,2,2,9c64e5659fe9a99f38dfdee95f8c4b5ec1e0daa0e4544948c4f88bb50e6edbfa,070b0fcd2b4f101302a58108dce79a6ea1d6fdbdf9be753fec768d1818ea7464,,new_variability;selected_process_variability
resnet,dace_gpu,fusion,fresh_process,validation,,resnet,,0,0,9c64e5659fe9a99f38dfdee95f8c4b5ec1e0daa0e4544948c4f88bb50e6edbfa,070b0fcd2b4f101302a58108dce79a6ea1d6fdbdf9be753fec768d1818ea7464,,
resnet,dace_gpu,parallel,fresh_process,error,,resnet,,0,0,9c64e5659fe9a99f38dfdee95f8c4b5ec1e0daa0e4544948c4f88bb50e6edbfa,070b0fcd2b4f101302a58108dce79a6ea1d6fdbdf9be753fec768d1818ea7464,,
resnet,dace_gpu,auto_opt,fresh_process,error,,resnet,,0,0,9c64e5659fe9a99f38dfdee95f8c4b5ec1e0daa0e4544948c4f88bb50e6edbfa,070b0fcd2b4f101302a58108dce79a6ea1d6fdbdf9be753fec768d1818ea7464,,
resnet,cupy,default,fresh_process,observed,1.4851903992239386,resnet,,2,2,9c64e5659fe9a99f38dfdee95f8c4b5ec1e0daa0e4544948c4f88bb50e6edbfa,070b0fcd2b4f101302a58108dce79a6ea1d6fdbdf9be753fec768d1818ea7464,,selected_process_variability
scattering_self_energies,numpy,default,fresh_process,observed,0.9706076644361019,scattering_self_energies,,2,2,dfe8b7a530913f54e6164d2f20cb5a63e6c95544a680629acde629144cff7caa,f7d4f3c7d50b72880addf25da02f47a077e25e5f288758e484adcbc85a181974,,selected_process_variability
scattering_self_energies,numba,nopython-mode,fresh_process,observed,0.47250950848683715,scattering_self_energies,,2,2,dfe8b7a530913f54e6164d2f20cb5a63e6c95544a680629acde629144cff7caa,f7d4f3c7d50b72880addf25da02f47a077e25e5f288758e484adcbc85a181974,,historical_disk_cache_hit_not_recorded;new_variability
scattering_self_energies,numba,nopython-mode-parallel,fresh_process,N/A,,,,,,,,,
scattering_self_energies,numba,nopython-mode-parallel-range,fresh_process,observed,0.7956447023898363,scattering_self_energies,,2,2,dfe8b7a530913f54e6164d2f20cb5a63e6c95544a680629acde629144cff7caa,f7d4f3c7d50b72880addf25da02f47a077e25e5f288758e484adcbc85a181974,,historical_disk_cache_hit_not_recorded
scattering_self_energies,numba,object-mode,fresh_process,N/A,,,,,,,,,
scattering_self_energies,numba,object-mode-parallel,fresh_process,N/A,,,,,,,,,
scattering_self_energies,numba,object-mode-parallel-range,fresh_process,N/A,,,,,,,,,
scattering_self_energies,dace_cpu,fusion,fresh_process,observed,12.634935783455148,scattering_self_energies,,2,2,dfe8b7a530913f54e6164d2f20cb5a63e6c95544a680629acde629144cff7caa,f7d4f3c7d50b72880addf25da02f47a077e25e5f288758e484adcbc85a181974,,selected_process_variability
scattering_self_energies,dace_cpu,parallel,fresh_process,observed,7.190640052547678,scattering_self_energies,,2,2,dfe8b7a530913f54e6164d2f20cb5a63e6c95544a680629acde629144cff7caa,f7d4f3c7d50b72880addf25da02f47a077e25e5f288758e484adcbc85a181974,,
scattering_self_energies,dace_cpu,auto_opt,fresh_process,observed,7.197699956130236,scattering_self_energies,,2,2,dfe8b7a530913f54e6164d2f20cb5a63e6c95544a680629acde629144cff7caa,f7d4f3c7d50b72880addf25da02f47a077e25e5f288758e484adcbc85a181974,,selected_process_variability
scattering_self_energies,dace_gpu,fusion,fresh_process,observed,8.305201302515343,scattering_self_energies,,2,2,dfe8b7a530913f54e6164d2f20cb5a63e6c95544a680629acde629144cff7caa,f7d4f3c7d50b72880addf25da02f47a077e25e5f288758e484adcbc85a181974,,
scattering_self_energies,dace_gpu,parallel,fresh_process,observed,8.191349643282592,scattering_self_energies,,2,2,dfe8b7a530913f54e6164d2f20cb5a63e6c95544a680629acde629144cff7caa,f7d4f3c7d50b72880addf25da02f47a077e25e5f288758e484adcbc85a181974,,
scattering_self_energies,dace_gpu,auto_opt,fresh_process,observed,7.034236142877489,scattering_self_energies,,2,2,dfe8b7a530913f54e6164d2f20cb5a63e6c95544a680629acde629144cff7caa,f7d4f3c7d50b72880addf25da02f47a077e25e5f288758e484adcbc85a181974,,new_sampling_or_resources;selected_process_variability
scattering_self_energies,cupy,default,fresh_process,observed,14.942927783587947,scattering_self_energies,,2,2,dfe8b7a530913f54e6164d2f20cb5a63e6c95544a680629acde629144cff7caa,f7d4f3c7d50b72880addf25da02f47a077e25e5f288758e484adcbc85a181974,,
seidel_2d,numpy,default,fresh_process,observed,0.8659303758759052,seidel_2d,,2,2,ee1919384d25883ff17bfcdb49d28a5d6dabc6f97d12c672811043a4107874a9,6d10c80c878e92ea3bdd4f0a16c473438b233d1989ed5a8d0f8d1356e6d0b32b,,selected_process_variability
seidel_2d,numba,nopython-mode,fresh_process,observed,0.38532000919803977,seidel_2d,,2,2,ee1919384d25883ff17bfcdb49d28a5d6dabc6f97d12c672811043a4107874a9,6d10c80c878e92ea3bdd4f0a16c473438b233d1989ed5a8d0f8d1356e6d0b32b,,historical_disk_cache_hit_not_recorded;new_sampling_or_resources
seidel_2d,numba,nopython-mode-parallel,fresh_process,validation,,seidel_2d,,0,0,ee1919384d25883ff17bfcdb49d28a5d6dabc6f97d12c672811043a4107874a9,6d10c80c878e92ea3bdd4f0a16c473438b233d1989ed5a8d0f8d1356e6d0b32b,,
seidel_2d,numba,nopython-mode-parallel-range,fresh_process,N/A,,,,,,,,,
seidel_2d,numba,object-mode,fresh_process,N/A,,,,,,,,,
seidel_2d,numba,object-mode-parallel,fresh_process,N/A,,,,,,,,,
seidel_2d,numba,object-mode-parallel-range,fresh_process,N/A,,,,,,,,,
seidel_2d,dace_cpu,fusion,fresh_process,observed,0.6786881471052766,seidel_2d,,2,2,ee1919384d25883ff17bfcdb49d28a5d6dabc6f97d12c672811043a4107874a9,6d10c80c878e92ea3bdd4f0a16c473438b233d1989ed5a8d0f8d1356e6d0b32b,,selected_process_variability
seidel_2d,dace_cpu,parallel,fresh_process,observed,0.8620774189475924,seidel_2d,,2,2,ee1919384d25883ff17bfcdb49d28a5d6dabc6f97d12c672811043a4107874a9,6d10c80c878e92ea3bdd4f0a16c473438b233d1989ed5a8d0f8d1356e6d0b32b,,selected_process_variability
seidel_2d,dace_cpu,auto_opt,fresh_process,observed,1.0120595344342291,seidel_2d,,2,2,ee1919384d25883ff17bfcdb49d28a5d6dabc6f97d12c672811043a4107874a9,6d10c80c878e92ea3bdd4f0a16c473438b233d1989ed5a8d0f8d1356e6d0b32b,,selected_process_variability
seidel_2d,dace_gpu,fusion,fresh_process,observed,25.262350417207927,seidel_2d,,2,2,ee1919384d25883ff17bfcdb49d28a5d6dabc6f97d12c672811043a4107874a9,6d10c80c878e92ea3bdd4f0a16c473438b233d1989ed5a8d0f8d1356e6d0b32b,,
seidel_2d,dace_gpu,parallel,fresh_process,observed,25.193761825328693,seidel_2d,,2,2,ee1919384d25883ff17bfcdb49d28a5d6dabc6f97d12c672811043a4107874a9,6d10c80c878e92ea3bdd4f0a16c473438b233d1989ed5a8d0f8d1356e6d0b32b,,
seidel_2d,dace_gpu,auto_opt,fresh_process,observed,24.037017334019765,seidel_2d,,2,2,ee1919384d25883ff17bfcdb49d28a5d6dabc6f97d12c672811043a4107874a9,6d10c80c878e92ea3bdd4f0a16c473438b233d1989ed5a8d0f8d1356e6d0b32b,,
seidel_2d,cupy,default,fresh_process,observed,48.019061104161665,seidel_2d,,2,2,ee1919384d25883ff17bfcdb49d28a5d6dabc6f97d12c672811043a4107874a9,6d10c80c878e92ea3bdd4f0a16c473438b233d1989ed5a8d0f8d1356e6d0b32b,,
softmax,numpy,default,fresh_process,observed,1.2409008564427495,softmax,,2,2,4c2cc8073ef8741ed9febc8a4ff62219351eab9b80f103f3f9ef78cbfb3d3a24,2fcf9437c28756a764115316372f1c170da55c13fa29321255a7dcc2a7583c80,,selected_process_variability
softmax,numba,nopython-mode,fresh_process,observed,4.614631859352812,softmax,,2,2,4c2cc8073ef8741ed9febc8a4ff62219351eab9b80f103f3f9ef78cbfb3d3a24,2fcf9437c28756a764115316372f1c170da55c13fa29321255a7dcc2a7583c80,,historical_disk_cache_hit_not_recorded;selected_process_variability
softmax,numba,nopython-mode-parallel,fresh_process,observed,2.8636349115986377,softmax,,2,2,4c2cc8073ef8741ed9febc8a4ff62219351eab9b80f103f3f9ef78cbfb3d3a24,2fcf9437c28756a764115316372f1c170da55c13fa29321255a7dcc2a7583c80,,historical_disk_cache_hit_not_recorded;selected_process_variability
softmax,numba,nopython-mode-parallel-range,fresh_process,observed,2.549623488681391,softmax,,2,2,4c2cc8073ef8741ed9febc8a4ff62219351eab9b80f103f3f9ef78cbfb3d3a24,2fcf9437c28756a764115316372f1c170da55c13fa29321255a7dcc2a7583c80,,historical_disk_cache_hit_not_recorded
softmax,numba,object-mode,fresh_process,observed,1.3196150565054268,softmax,,2,2,4c2cc8073ef8741ed9febc8a4ff62219351eab9b80f103f3f9ef78cbfb3d3a24,2fcf9437c28756a764115316372f1c170da55c13fa29321255a7dcc2a7583c80,,historical_disk_cache_hit_not_recorded;new_variability
softmax,numba,object-mode-parallel,fresh_process,observed,1.491204075049609,softmax,,2,2,4c2cc8073ef8741ed9febc8a4ff62219351eab9b80f103f3f9ef78cbfb3d3a24,2fcf9437c28756a764115316372f1c170da55c13fa29321255a7dcc2a7583c80,,historical_disk_cache_hit_not_recorded;new_variability;selected_process_variability
softmax,numba,object-mode-parallel-range,fresh_process,N/A,,,,,,,,,
softmax,dace_cpu,fusion,fresh_process,observed,142.22912638331763,softmax,,2,2,4c2cc8073ef8741ed9febc8a4ff62219351eab9b80f103f3f9ef78cbfb3d3a24,2fcf9437c28756a764115316372f1c170da55c13fa29321255a7dcc2a7583c80,,
softmax,dace_cpu,parallel,fresh_process,observed,137.3293159310706,softmax,,2,2,4c2cc8073ef8741ed9febc8a4ff62219351eab9b80f103f3f9ef78cbfb3d3a24,2fcf9437c28756a764115316372f1c170da55c13fa29321255a7dcc2a7583c80,,
softmax,dace_cpu,auto_opt,fresh_process,observed,129.7314774559345,softmax,,2,2,4c2cc8073ef8741ed9febc8a4ff62219351eab9b80f103f3f9ef78cbfb3d3a24,2fcf9437c28756a764115316372f1c170da55c13fa29321255a7dcc2a7583c80,,selected_process_variability
softmax,dace_gpu,fusion,fresh_process,observed,2.319031174760312,softmax,,2,2,4c2cc8073ef8741ed9febc8a4ff62219351eab9b80f103f3f9ef78cbfb3d3a24,2fcf9437c28756a764115316372f1c170da55c13fa29321255a7dcc2a7583c80,,
softmax,dace_gpu,parallel,fresh_process,observed,2.1514157105702907,softmax,,2,2,4c2cc8073ef8741ed9febc8a4ff62219351eab9b80f103f3f9ef78cbfb3d3a24,2fcf9437c28756a764115316372f1c170da55c13fa29321255a7dcc2a7583c80,,
softmax,dace_gpu,auto_opt,fresh_process,observed,2.368399287108332,softmax,,2,2,4c2cc8073ef8741ed9febc8a4ff62219351eab9b80f103f3f9ef78cbfb3d3a24,2fcf9437c28756a764115316372f1c170da55c13fa29321255a7dcc2a7583c80,,selected_process_variability
softmax,cupy,default,fresh_process,observed,1.4103203704580665,softmax,,2,2,4c2cc8073ef8741ed9febc8a4ff62219351eab9b80f103f3f9ef78cbfb3d3a24,2fcf9437c28756a764115316372f1c170da55c13fa29321255a7dcc2a7583c80,,
spmv,numpy,default,fresh_process,observed,1.0020210989750922,spmv,,2,2,da225492dbcd662f48fe5c413e0af07e8fbf1265c8b2c20e9564383e2e55d8ad,830b22cd03e41feb9b883b4b8fc754402901ac74dc9f607cfa3a81bdc5787389,,
spmv,numba,nopython-mode,fresh_process,observed,0.44695254834368825,spmv,,2,2,da225492dbcd662f48fe5c413e0af07e8fbf1265c8b2c20e9564383e2e55d8ad,830b22cd03e41feb9b883b4b8fc754402901ac74dc9f607cfa3a81bdc5787389,,historical_disk_cache_hit_not_recorded
spmv,numba,nopython-mode-parallel,fresh_process,observed,0.4491193909198046,spmv,,2,2,da225492dbcd662f48fe5c413e0af07e8fbf1265c8b2c20e9564383e2e55d8ad,830b22cd03e41feb9b883b4b8fc754402901ac74dc9f607cfa3a81bdc5787389,,historical_disk_cache_hit_not_recorded
spmv,numba,nopython-mode-parallel-range,fresh_process,observed,0.49502430530264974,spmv,,3,3,da225492dbcd662f48fe5c413e0af07e8fbf1265c8b2c20e9564383e2e55d8ad,830b22cd03e41feb9b883b4b8fc754402901ac74dc9f607cfa3a81bdc5787389,,
spmv,numba,object-mode,fresh_process,N/A,,,,,,,,,
spmv,numba,object-mode-parallel,fresh_process,N/A,,,,,,,,,
spmv,numba,object-mode-parallel-range,fresh_process,N/A,,,,,,,,,
spmv,dace_cpu,fusion,fresh_process,observed,10.897731587290764,spmv,,2,2,da225492dbcd662f48fe5c413e0af07e8fbf1265c8b2c20e9564383e2e55d8ad,830b22cd03e41feb9b883b4b8fc754402901ac74dc9f607cfa3a81bdc5787389,,selected_process_variability
spmv,dace_cpu,parallel,fresh_process,observed,0.169465112965554,spmv,,3,3,da225492dbcd662f48fe5c413e0af07e8fbf1265c8b2c20e9564383e2e55d8ad,830b22cd03e41feb9b883b4b8fc754402901ac74dc9f607cfa3a81bdc5787389,,
spmv,dace_cpu,auto_opt,fresh_process,observed,0.17304516094736755,spmv,,2,2,da225492dbcd662f48fe5c413e0af07e8fbf1265c8b2c20e9564383e2e55d8ad,830b22cd03e41feb9b883b4b8fc754402901ac74dc9f607cfa3a81bdc5787389,,
spmv,dace_gpu,fusion,fresh_process,observed,51.487834649626166,spmv,,2,2,da225492dbcd662f48fe5c413e0af07e8fbf1265c8b2c20e9564383e2e55d8ad,830b22cd03e41feb9b883b4b8fc754402901ac74dc9f607cfa3a81bdc5787389,,
spmv,dace_gpu,parallel,fresh_process,observed,1.218885692069307,spmv,,2,2,da225492dbcd662f48fe5c413e0af07e8fbf1265c8b2c20e9564383e2e55d8ad,830b22cd03e41feb9b883b4b8fc754402901ac74dc9f607cfa3a81bdc5787389,,new_variability
spmv,dace_gpu,auto_opt,fresh_process,observed,1.2605390548706055,spmv,,2,2,da225492dbcd662f48fe5c413e0af07e8fbf1265c8b2c20e9564383e2e55d8ad,830b22cd03e41feb9b883b4b8fc754402901ac74dc9f607cfa3a81bdc5787389,,
spmv,cupy,default,fresh_process,observed,48.64895432558842,spmv,,2,2,da225492dbcd662f48fe5c413e0af07e8fbf1265c8b2c20e9564383e2e55d8ad,830b22cd03e41feb9b883b4b8fc754402901ac74dc9f607cfa3a81bdc5787389,,
stockham_fft,numpy,default,fresh_process,observed,1.066049661487341,stockham_fft,,2,2,6d6ff6409e820c0b1abb2d24a7ede6af7390464b8d347a4cba678562e2b4f111,f6c4acc3fcbed6678c4fad72d834895ca7156ce67f7538ebe2242ed208af3254,,selected_process_variability
stockham_fft,numba,nopython-mode,fresh_process,observed,3.1309677055105567,stockham_fft,,2,2,6d6ff6409e820c0b1abb2d24a7ede6af7390464b8d347a4cba678562e2b4f111,f6c4acc3fcbed6678c4fad72d834895ca7156ce67f7538ebe2242ed208af3254,,historical_disk_cache_hit_not_recorded;selected_process_variability
stockham_fft,numba,nopython-mode-parallel,fresh_process,observed,455.47170538664795,stockham_fft,,2,2,6d6ff6409e820c0b1abb2d24a7ede6af7390464b8d347a4cba678562e2b4f111,f6c4acc3fcbed6678c4fad72d834895ca7156ce67f7538ebe2242ed208af3254,,historical_disk_cache_hit_not_recorded
stockham_fft,numba,nopython-mode-parallel-range,fresh_process,observed,6.6100824910681695,stockham_fft,,2,2,6d6ff6409e820c0b1abb2d24a7ede6af7390464b8d347a4cba678562e2b4f111,f6c4acc3fcbed6678c4fad72d834895ca7156ce67f7538ebe2242ed208af3254,,historical_disk_cache_hit_not_recorded
stockham_fft,numba,object-mode,fresh_process,unsupported,,stockham_fft,,0,0,6d6ff6409e820c0b1abb2d24a7ede6af7390464b8d347a4cba678562e2b4f111,f6c4acc3fcbed6678c4fad72d834895ca7156ce67f7538ebe2242ed208af3254,,
stockham_fft,numba,object-mode-parallel,fresh_process,unsupported,,stockham_fft,,0,0,6d6ff6409e820c0b1abb2d24a7ede6af7390464b8d347a4cba678562e2b4f111,f6c4acc3fcbed6678c4fad72d834895ca7156ce67f7538ebe2242ed208af3254,,
stockham_fft,numba,object-mode-parallel-range,fresh_process,N/A,,,,,,,,,
stockham_fft,dace_cpu,fusion,fresh_process,error,,stockham_fft,,0,0,6d6ff6409e820c0b1abb2d24a7ede6af7390464b8d347a4cba678562e2b4f111,f6c4acc3fcbed6678c4fad72d834895ca7156ce67f7538ebe2242ed208af3254,,
stockham_fft,dace_cpu,parallel,fresh_process,error,,stockham_fft,,0,0,6d6ff6409e820c0b1abb2d24a7ede6af7390464b8d347a4cba678562e2b4f111,f6c4acc3fcbed6678c4fad72d834895ca7156ce67f7538ebe2242ed208af3254,,
stockham_fft,dace_cpu,auto_opt,fresh_process,error,,stockham_fft,,0,0,6d6ff6409e820c0b1abb2d24a7ede6af7390464b8d347a4cba678562e2b4f111,f6c4acc3fcbed6678c4fad72d834895ca7156ce67f7538ebe2242ed208af3254,,
stockham_fft,dace_gpu,fusion,fresh_process,error,,stockham_fft,,0,0,6d6ff6409e820c0b1abb2d24a7ede6af7390464b8d347a4cba678562e2b4f111,f6c4acc3fcbed6678c4fad72d834895ca7156ce67f7538ebe2242ed208af3254,,
stockham_fft,dace_gpu,parallel,fresh_process,error,,stockham_fft,,0,0,6d6ff6409e820c0b1abb2d24a7ede6af7390464b8d347a4cba678562e2b4f111,f6c4acc3fcbed6678c4fad72d834895ca7156ce67f7538ebe2242ed208af3254,,
stockham_fft,dace_gpu,auto_opt,fresh_process,error,,stockham_fft,,0,0,6d6ff6409e820c0b1abb2d24a7ede6af7390464b8d347a4cba678562e2b4f111,f6c4acc3fcbed6678c4fad72d834895ca7156ce67f7538ebe2242ed208af3254,,
stockham_fft,cupy,default,fresh_process,observed,0.6418123808689415,stockham_fft,,2,2,6d6ff6409e820c0b1abb2d24a7ede6af7390464b8d347a4cba678562e2b4f111,f6c4acc3fcbed6678c4fad72d834895ca7156ce67f7538ebe2242ed208af3254,,
symm,numpy,default,fresh_process,observed,1.0862132105976343,symm,,2,2,9a79ab11f86fec484ee78c92c02c8f9588bcdd801caf9345beae289adb5ce087,c983fe23aab1369b59df067f61f46c516f426a2b0a1ea8bdc3779352f6c91630,,
symm,numba,nopython-mode,fresh_process,observed,0.5838726405054331,symm,,2,2,9a79ab11f86fec484ee78c92c02c8f9588bcdd801caf9345beae289adb5ce087,c983fe23aab1369b59df067f61f46c516f426a2b0a1ea8bdc3779352f6c91630,,historical_disk_cache_hit_not_recorded
symm,numba,nopython-mode-parallel,fresh_process,N/A,,,,,,,,,
symm,numba,nopython-mode-parallel-range,fresh_process,observed,0.5052559680771083,symm,,2,2,9a79ab11f86fec484ee78c92c02c8f9588bcdd801caf9345beae289adb5ce087,c983fe23aab1369b59df067f61f46c516f426a2b0a1ea8bdc3779352f6c91630,,historical_disk_cache_hit_not_recorded;new_variability
symm,numba,object-mode,fresh_process,N/A,,,,,,,,,
symm,numba,object-mode-parallel,fresh_process,N/A,,,,,,,,,
symm,numba,object-mode-parallel-range,fresh_process,N/A,,,,,,,,,
symm,dace_cpu,fusion,fresh_process,observed,10.06557415984571,symm,,2,2,9a79ab11f86fec484ee78c92c02c8f9588bcdd801caf9345beae289adb5ce087,c983fe23aab1369b59df067f61f46c516f426a2b0a1ea8bdc3779352f6c91630,,selected_process_variability
symm,dace_cpu,parallel,fresh_process,observed,8.260547450045124,symm,,2,2,9a79ab11f86fec484ee78c92c02c8f9588bcdd801caf9345beae289adb5ce087,c983fe23aab1369b59df067f61f46c516f426a2b0a1ea8bdc3779352f6c91630,,selected_process_variability
symm,dace_cpu,auto_opt,fresh_process,observed,5.775119072524831,symm,,2,2,9a79ab11f86fec484ee78c92c02c8f9588bcdd801caf9345beae289adb5ce087,c983fe23aab1369b59df067f61f46c516f426a2b0a1ea8bdc3779352f6c91630,,
symm,dace_gpu,fusion,fresh_process,observed,7.539232618641108,symm,,2,2,9a79ab11f86fec484ee78c92c02c8f9588bcdd801caf9345beae289adb5ce087,c983fe23aab1369b59df067f61f46c516f426a2b0a1ea8bdc3779352f6c91630,,selected_process_variability
symm,dace_gpu,parallel,fresh_process,observed,6.596138948807493,symm,,2,2,9a79ab11f86fec484ee78c92c02c8f9588bcdd801caf9345beae289adb5ce087,c983fe23aab1369b59df067f61f46c516f426a2b0a1ea8bdc3779352f6c91630,,
symm,dace_gpu,auto_opt,fresh_process,observed,6.352005960652605,symm,,2,2,9a79ab11f86fec484ee78c92c02c8f9588bcdd801caf9345beae289adb5ce087,c983fe23aab1369b59df067f61f46c516f426a2b0a1ea8bdc3779352f6c91630,,new_sampling_or_resources
symm,cupy,default,fresh_process,observed,29.256437418051064,symm,,2,2,9a79ab11f86fec484ee78c92c02c8f9588bcdd801caf9345beae289adb5ce087,c983fe23aab1369b59df067f61f46c516f426a2b0a1ea8bdc3779352f6c91630,,
syr2k,numpy,default,fresh_process,observed,1.2800214015878737,syr2k,,2,2,e7abbc19895a88befab489211bc20dc301be2dede982f39fba4c4f210583f274,4eed4ab152ea49c0a4cdf942787319238e4b8903146da60692ca376422fc8502,,
syr2k,numba,nopython-mode,fresh_process,observed,0.47323784977197647,syr2k,,3,3,e7abbc19895a88befab489211bc20dc301be2dede982f39fba4c4f210583f274,4eed4ab152ea49c0a4cdf942787319238e4b8903146da60692ca376422fc8502,,
syr2k,numba,nopython-mode-parallel,fresh_process,N/A,,,,,,,,,
syr2k,numba,nopython-mode-parallel-range,fresh_process,N/A,,,,,,,,,
syr2k,numba,object-mode,fresh_process,N/A,,,,,,,,,
syr2k,numba,object-mode-parallel,fresh_process,N/A,,,,,,,,,
syr2k,numba,object-mode-parallel-range,fresh_process,N/A,,,,,,,,,
syr2k,dace_cpu,fusion,fresh_process,observed,4.78890973306261,syr2k,,2,2,e7abbc19895a88befab489211bc20dc301be2dede982f39fba4c4f210583f274,4eed4ab152ea49c0a4cdf942787319238e4b8903146da60692ca376422fc8502,,selected_process_variability
syr2k,dace_cpu,parallel,fresh_process,observed,4.5015582870692015,syr2k,,2,2,e7abbc19895a88befab489211bc20dc301be2dede982f39fba4c4f210583f274,4eed4ab152ea49c0a4cdf942787319238e4b8903146da60692ca376422fc8502,,
syr2k,dace_cpu,auto_opt,fresh_process,observed,5.018153309356421,syr2k,,2,2,e7abbc19895a88befab489211bc20dc301be2dede982f39fba4c4f210583f274,4eed4ab152ea49c0a4cdf942787319238e4b8903146da60692ca376422fc8502,,
syr2k,dace_gpu,fusion,fresh_process,observed,6.544248347636312,syr2k,,2,2,e7abbc19895a88befab489211bc20dc301be2dede982f39fba4c4f210583f274,4eed4ab152ea49c0a4cdf942787319238e4b8903146da60692ca376422fc8502,,
syr2k,dace_gpu,parallel,fresh_process,observed,6.830536323832348,syr2k,,2,2,e7abbc19895a88befab489211bc20dc301be2dede982f39fba4c4f210583f274,4eed4ab152ea49c0a4cdf942787319238e4b8903146da60692ca376422fc8502,,
syr2k,dace_gpu,auto_opt,fresh_process,observed,6.526945609599352,syr2k,,2,2,e7abbc19895a88befab489211bc20dc301be2dede982f39fba4c4f210583f274,4eed4ab152ea49c0a4cdf942787319238e4b8903146da60692ca376422fc8502,,
syr2k,cupy,default,fresh_process,observed,15.047397871501744,syr2k,,2,2,e7abbc19895a88befab489211bc20dc301be2dede982f39fba4c4f210583f274,4eed4ab152ea49c0a4cdf942787319238e4b8903146da60692ca376422fc8502,,
syrk,numpy,default,fresh_process,observed,1.229210434248671,syrk,,2,2,92484da5155c3406ad7a24b9d17a47e4e5ea9277c45b375c935d26bea371609c,c9125e156aac0f0083fa4d941c44b5e500809f7d0e4096cfd309983aa1701894,,selected_process_variability
syrk,numba,nopython-mode,fresh_process,observed,0.6510874775703996,syrk,,2,2,92484da5155c3406ad7a24b9d17a47e4e5ea9277c45b375c935d26bea371609c,c9125e156aac0f0083fa4d941c44b5e500809f7d0e4096cfd309983aa1701894,,historical_disk_cache_hit_not_recorded;new_sampling_or_resources
syrk,numba,nopython-mode-parallel,fresh_process,N/A,,,,,,,,,
syrk,numba,nopython-mode-parallel-range,fresh_process,N/A,,,,,,,,,
syrk,numba,object-mode,fresh_process,N/A,,,,,,,,,
syrk,numba,object-mode-parallel,fresh_process,N/A,,,,,,,,,
syrk,numba,object-mode-parallel-range,fresh_process,N/A,,,,,,,,,
syrk,dace_cpu,fusion,fresh_process,observed,9.464182910509408,syrk,,2,2,92484da5155c3406ad7a24b9d17a47e4e5ea9277c45b375c935d26bea371609c,c9125e156aac0f0083fa4d941c44b5e500809f7d0e4096cfd309983aa1701894,,
syrk,dace_cpu,parallel,fresh_process,observed,9.679564230842516,syrk,,2,2,92484da5155c3406ad7a24b9d17a47e4e5ea9277c45b375c935d26bea371609c,c9125e156aac0f0083fa4d941c44b5e500809f7d0e4096cfd309983aa1701894,,
syrk,dace_cpu,auto_opt,fresh_process,observed,9.754695964045823,syrk,,2,2,92484da5155c3406ad7a24b9d17a47e4e5ea9277c45b375c935d26bea371609c,c9125e156aac0f0083fa4d941c44b5e500809f7d0e4096cfd309983aa1701894,,
syrk,dace_gpu,fusion,fresh_process,observed,4.041527729481459,syrk,,2,2,92484da5155c3406ad7a24b9d17a47e4e5ea9277c45b375c935d26bea371609c,c9125e156aac0f0083fa4d941c44b5e500809f7d0e4096cfd309983aa1701894,,new_variability
syrk,dace_gpu,parallel,fresh_process,observed,4.127045931527391,syrk,,2,2,92484da5155c3406ad7a24b9d17a47e4e5ea9277c45b375c935d26bea371609c,c9125e156aac0f0083fa4d941c44b5e500809f7d0e4096cfd309983aa1701894,,
syrk,dace_gpu,auto_opt,fresh_process,observed,4.374573675915599,syrk,,2,2,92484da5155c3406ad7a24b9d17a47e4e5ea9277c45b375c935d26bea371609c,c9125e156aac0f0083fa4d941c44b5e500809f7d0e4096cfd309983aa1701894,,
syrk,cupy,default,fresh_process,observed,18.53497647657059,syrk,,2,2,92484da5155c3406ad7a24b9d17a47e4e5ea9277c45b375c935d26bea371609c,c9125e156aac0f0083fa4d941c44b5e500809f7d0e4096cfd309983aa1701894,,
trisolv,numpy,default,fresh_process,observed,0.1258380631916225,trisolv,,2,2,4f5471ef60c1579f85ae344ab83c59b28f7f210b0a535e59616ed8d3e93dce87,2ef566c3a7e8536e3be1ae3aaac85d9a03f4836c00d28326cc70cf2e8147fdb1,,selected_process_variability
trisolv,numba,nopython-mode,fresh_process,observed,0.3318290370516479,trisolv,,2,2,4f5471ef60c1579f85ae344ab83c59b28f7f210b0a535e59616ed8d3e93dce87,2ef566c3a7e8536e3be1ae3aaac85d9a03f4836c00d28326cc70cf2e8147fdb1,,historical_disk_cache_hit_not_recorded;new_variability
trisolv,numba,nopython-mode-parallel,fresh_process,observed,0.35148413851857185,trisolv,,2,2,4f5471ef60c1579f85ae344ab83c59b28f7f210b0a535e59616ed8d3e93dce87,2ef566c3a7e8536e3be1ae3aaac85d9a03f4836c00d28326cc70cf2e8147fdb1,,historical_disk_cache_hit_not_recorded;new_reuse_evidence_incomplete;new_sampling_or_resources
trisolv,numba,nopython-mode-parallel-range,fresh_process,N/A,,,,,,,,,
trisolv,numba,object-mode,fresh_process,N/A,,,,,,,,,
trisolv,numba,object-mode-parallel,fresh_process,N/A,,,,,,,,,
trisolv,numba,object-mode-parallel-range,fresh_process,N/A,,,,,,,,,
trisolv,dace_cpu,fusion,fresh_process,observed,0.1527056279592216,trisolv,,2,2,4f5471ef60c1579f85ae344ab83c59b28f7f210b0a535e59616ed8d3e93dce87,2ef566c3a7e8536e3be1ae3aaac85d9a03f4836c00d28326cc70cf2e8147fdb1,,
trisolv,dace_cpu,parallel,fresh_process,observed,0.13944565015845,trisolv,,2,2,4f5471ef60c1579f85ae344ab83c59b28f7f210b0a535e59616ed8d3e93dce87,2ef566c3a7e8536e3be1ae3aaac85d9a03f4836c00d28326cc70cf2e8147fdb1,,new_variability
trisolv,dace_cpu,auto_opt,fresh_process,observed,0.20315711433067918,trisolv,,2,2,4f5471ef60c1579f85ae344ab83c59b28f7f210b0a535e59616ed8d3e93dce87,2ef566c3a7e8536e3be1ae3aaac85d9a03f4836c00d28326cc70cf2e8147fdb1,,selected_process_variability
trisolv,dace_gpu,fusion,fresh_process,observed,3.57215956132859,trisolv,,3,3,4f5471ef60c1579f85ae344ab83c59b28f7f210b0a535e59616ed8d3e93dce87,2ef566c3a7e8536e3be1ae3aaac85d9a03f4836c00d28326cc70cf2e8147fdb1,,
trisolv,dace_gpu,parallel,fresh_process,observed,3.296557787572965,trisolv,,2,2,4f5471ef60c1579f85ae344ab83c59b28f7f210b0a535e59616ed8d3e93dce87,2ef566c3a7e8536e3be1ae3aaac85d9a03f4836c00d28326cc70cf2e8147fdb1,,
trisolv,dace_gpu,auto_opt,fresh_process,observed,3.3670023968443274,trisolv,,2,2,4f5471ef60c1579f85ae344ab83c59b28f7f210b0a535e59616ed8d3e93dce87,2ef566c3a7e8536e3be1ae3aaac85d9a03f4836c00d28326cc70cf2e8147fdb1,,
trisolv,cupy,default,fresh_process,observed,3.3600495734717697,trisolv,,2,2,4f5471ef60c1579f85ae344ab83c59b28f7f210b0a535e59616ed8d3e93dce87,2ef566c3a7e8536e3be1ae3aaac85d9a03f4836c00d28326cc70cf2e8147fdb1,,
trmm,numpy,default,fresh_process,observed,0.9842940240632743,trmm,,2,2,3f94b2a3aeb62dabee33d3188a61d501e42975b8a01970dd7d3717b65c060956,9168af76f7b62c6873ac45e920743c46191f055c32ee6a1f1df2aba5ab399d7e,,
trmm,numba,nopython-mode,fresh_process,observed,0.6818725385237485,trmm,,2,2,3f94b2a3aeb62dabee33d3188a61d501e42975b8a01970dd7d3717b65c060956,9168af76f7b62c6873ac45e920743c46191f055c32ee6a1f1df2aba5ab399d7e,,historical_disk_cache_hit_not_recorded
trmm,numba,nopython-mode-parallel,fresh_process,N/A,,,,,,,,,
trmm,numba,nopython-mode-parallel-range,fresh_process,observed,0.48108339053578675,trmm,,2,2,3f94b2a3aeb62dabee33d3188a61d501e42975b8a01970dd7d3717b65c060956,9168af76f7b62c6873ac45e920743c46191f055c32ee6a1f1df2aba5ab399d7e,,historical_disk_cache_hit_not_recorded
trmm,numba,object-mode,fresh_process,N/A,,,,,,,,,
trmm,numba,object-mode-parallel,fresh_process,N/A,,,,,,,,,
trmm,numba,object-mode-parallel-range,fresh_process,N/A,,,,,,,,,
trmm,dace_cpu,fusion,fresh_process,observed,0.393180065555498,trmm,,2,2,3f94b2a3aeb62dabee33d3188a61d501e42975b8a01970dd7d3717b65c060956,9168af76f7b62c6873ac45e920743c46191f055c32ee6a1f1df2aba5ab399d7e,,
trmm,dace_cpu,parallel,fresh_process,observed,0.7108327669557184,trmm,,2,2,3f94b2a3aeb62dabee33d3188a61d501e42975b8a01970dd7d3717b65c060956,9168af76f7b62c6873ac45e920743c46191f055c32ee6a1f1df2aba5ab399d7e,,selected_process_variability
trmm,dace_cpu,auto_opt,fresh_process,observed,0.2345502427779138,trmm,,2,2,3f94b2a3aeb62dabee33d3188a61d501e42975b8a01970dd7d3717b65c060956,9168af76f7b62c6873ac45e920743c46191f055c32ee6a1f1df2aba5ab399d7e,,historical_drift_requires_review;new_variability
trmm,dace_gpu,fusion,fresh_process,observed,9.52454808470793,trmm,,2,2,3f94b2a3aeb62dabee33d3188a61d501e42975b8a01970dd7d3717b65c060956,9168af76f7b62c6873ac45e920743c46191f055c32ee6a1f1df2aba5ab399d7e,,
trmm,dace_gpu,parallel,fresh_process,observed,1.0712595048826188,trmm,,2,2,3f94b2a3aeb62dabee33d3188a61d501e42975b8a01970dd7d3717b65c060956,9168af76f7b62c6873ac45e920743c46191f055c32ee6a1f1df2aba5ab399d7e,,
trmm,dace_gpu,auto_opt,fresh_process,observed,0.9786516937892884,trmm,,2,2,3f94b2a3aeb62dabee33d3188a61d501e42975b8a01970dd7d3717b65c060956,9168af76f7b62c6873ac45e920743c46191f055c32ee6a1f1df2aba5ab399d7e,,
trmm,cupy,default,fresh_process,observed,41.62624907982536,trmm,,2,2,3f94b2a3aeb62dabee33d3188a61d501e42975b8a01970dd7d3717b65c060956,9168af76f7b62c6873ac45e920743c46191f055c32ee6a1f1df2aba5ab399d7e,,
vadv,numpy,default,fresh_process,observed,0.5336718820035458,vadv,,2,2,af48764eed52bcbfa917a57089296ce3be876f060430fae648ab359316609f14,300cff4f4ff45aa053437078a699f7f36c3a42bea19f7d989bd20911ef2050f4,,
vadv,numba,nopython-mode,fresh_process,observed,0.9863045550882816,vadv,,2,2,af48764eed52bcbfa917a57089296ce3be876f060430fae648ab359316609f14,300cff4f4ff45aa053437078a699f7f36c3a42bea19f7d989bd20911ef2050f4,,historical_disk_cache_hit_not_recorded
vadv,numba,nopython-mode-parallel,fresh_process,observed,0.9887338769622147,vadv,,2,2,af48764eed52bcbfa917a57089296ce3be876f060430fae648ab359316609f14,300cff4f4ff45aa053437078a699f7f36c3a42bea19f7d989bd20911ef2050f4,,historical_disk_cache_hit_not_recorded;new_variability;selected_process_variability
vadv,numba,nopython-mode-parallel-range,fresh_process,N/A,,,,,,,,,
vadv,numba,object-mode,fresh_process,N/A,,,,,,,,,
vadv,numba,object-mode-parallel,fresh_process,N/A,,,,,,,,,
vadv,numba,object-mode-parallel-range,fresh_process,N/A,,,,,,,,,
vadv,dace_cpu,fusion,fresh_process,observed,1.6689188960008323,vadv,,2,2,af48764eed52bcbfa917a57089296ce3be876f060430fae648ab359316609f14,300cff4f4ff45aa053437078a699f7f36c3a42bea19f7d989bd20911ef2050f4,,selected_process_variability
vadv,dace_cpu,parallel,fresh_process,observed,1.9038442277815193,vadv,,2,2,af48764eed52bcbfa917a57089296ce3be876f060430fae648ab359316609f14,300cff4f4ff45aa053437078a699f7f36c3a42bea19f7d989bd20911ef2050f4,,
vadv,dace_cpu,auto_opt,fresh_process,observed,1.13075587246567,vadv,,2,2,af48764eed52bcbfa917a57089296ce3be876f060430fae648ab359316609f14,300cff4f4ff45aa053437078a699f7f36c3a42bea19f7d989bd20911ef2050f4,,selected_process_variability
vadv,dace_gpu,fusion,fresh_process,observed,1.350721751106903,vadv,,2,2,af48764eed52bcbfa917a57089296ce3be876f060430fae648ab359316609f14,300cff4f4ff45aa053437078a699f7f36c3a42bea19f7d989bd20911ef2050f4,,
vadv,dace_gpu,parallel,fresh_process,observed,1.4460291375871748,vadv,,2,2,af48764eed52bcbfa917a57089296ce3be876f060430fae648ab359316609f14,300cff4f4ff45aa053437078a699f7f36c3a42bea19f7d989bd20911ef2050f4,,
vadv,dace_gpu,auto_opt,fresh_process,observed,1.2930060781072825,vadv,,2,2,af48764eed52bcbfa917a57089296ce3be876f060430fae648ab359316609f14,300cff4f4ff45aa053437078a699f7f36c3a42bea19f7d989bd20911ef2050f4,,
vadv,cupy,default,fresh_process,observed,0.6964666780550033,vadv,,2,2,af48764eed52bcbfa917a57089296ce3be876f060430fae648ab359316609f14,300cff4f4ff45aa053437078a699f7f36c3a42bea19f7d989bd20911ef2050f4,,
adi_corrected,numpy,default,same_process,observed,1.458284042077139,adi_corrected,,6,3,72849b544ae3b8773b18c95384e36f194ea524782f4feabfed03a3b4194872e9,44fae57bf7759f2639279283ba275bd89bd5df1bf8f5d46bee32e1d87e87c452,,within_process_variability
adi_corrected,numba,nopython-mode,same_process,observed,0.43468998349271715,adi_corrected,,6,3,72849b544ae3b8773b18c95384e36f194ea524782f4feabfed03a3b4194872e9,44fae57bf7759f2639279283ba275bd89bd5df1bf8f5d46bee32e1d87e87c452,,
adi_corrected,numba,nopython-mode-parallel,same_process,observed,20.889299074187875,adi_corrected,,6,3,72849b544ae3b8773b18c95384e36f194ea524782f4feabfed03a3b4194872e9,44fae57bf7759f2639279283ba275bd89bd5df1bf8f5d46bee32e1d87e87c452,,
adi_corrected,numba,nopython-mode-parallel-range,same_process,N/A,,,,,,,,,
adi_corrected,numba,object-mode,same_process,N/A,,,,,,,,,
adi_corrected,numba,object-mode-parallel,same_process,N/A,,,,,,,,,
adi_corrected,numba,object-mode-parallel-range,same_process,N/A,,,,,,,,,
adi_corrected,dace_cpu,fusion,same_process,observed,11.978657625149935,adi_corrected,,6,3,72849b544ae3b8773b18c95384e36f194ea524782f4feabfed03a3b4194872e9,44fae57bf7759f2639279283ba275bd89bd5df1bf8f5d46bee32e1d87e87c452,,between_process_variability;within_process_variability
adi_corrected,dace_cpu,parallel,same_process,observed,11.952720863977447,adi_corrected,,6,3,72849b544ae3b8773b18c95384e36f194ea524782f4feabfed03a3b4194872e9,44fae57bf7759f2639279283ba275bd89bd5df1bf8f5d46bee32e1d87e87c452,,between_process_variability;within_process_variability
adi_corrected,dace_cpu,auto_opt,same_process,observed,7.046265729703009,adi_corrected,,6,3,72849b544ae3b8773b18c95384e36f194ea524782f4feabfed03a3b4194872e9,44fae57bf7759f2639279283ba275bd89bd5df1bf8f5d46bee32e1d87e87c452,,within_process_variability
adi_corrected,dace_gpu,fusion,same_process,observed,2.190986584406346,adi_corrected,,6,3,72849b544ae3b8773b18c95384e36f194ea524782f4feabfed03a3b4194872e9,44fae57bf7759f2639279283ba275bd89bd5df1bf8f5d46bee32e1d87e87c452,,within_process_variability
adi_corrected,dace_gpu,parallel,same_process,observed,2.2287025714758784,adi_corrected,,6,3,72849b544ae3b8773b18c95384e36f194ea524782f4feabfed03a3b4194872e9,44fae57bf7759f2639279283ba275bd89bd5df1bf8f5d46bee32e1d87e87c452,,within_process_variability
adi_corrected,dace_gpu,auto_opt,same_process,observed,1.806956218322739,adi_corrected,,6,3,72849b544ae3b8773b18c95384e36f194ea524782f4feabfed03a3b4194872e9,44fae57bf7759f2639279283ba275bd89bd5df1bf8f5d46bee32e1d87e87c452,,between_process_variability;within_process_variability
adi_corrected,cupy,default,same_process,observed,13.604371078545228,adi_corrected,,6,3,72849b544ae3b8773b18c95384e36f194ea524782f4feabfed03a3b4194872e9,44fae57bf7759f2639279283ba275bd89bd5df1bf8f5d46bee32e1d87e87c452,,
arc_distance,numpy,default,same_process,observed,1.0510801384225488,arc_distance,,6,3,d2c2cc16a18a69316144dced56e13ec50585fb90292fd8c9251b0cd2d83afd8e,c9a5d51d680eeff18f5d5e1a8bd8a4acc4d771e072238396fee0333ed61696be,,selected_process_variability
arc_distance,numba,nopython-mode,same_process,observed,0.9651417015120387,arc_distance,,6,3,d2c2cc16a18a69316144dced56e13ec50585fb90292fd8c9251b0cd2d83afd8e,c9a5d51d680eeff18f5d5e1a8bd8a4acc4d771e072238396fee0333ed61696be,,
arc_distance,numba,nopython-mode-parallel,same_process,observed,0.024825048400089145,arc_distance,,6,3,d2c2cc16a18a69316144dced56e13ec50585fb90292fd8c9251b0cd2d83afd8e,c9a5d51d680eeff18f5d5e1a8bd8a4acc4d771e072238396fee0333ed61696be,,new_sampling_or_resources
arc_distance,numba,nopython-mode-parallel-range,same_process,N/A,,,,,,,,,
arc_distance,numba,object-mode,same_process,N/A,,,,,,,,,
arc_distance,numba,object-mode-parallel,same_process,N/A,,,,,,,,,
arc_distance,numba,object-mode-parallel-range,same_process,N/A,,,,,,,,,
arc_distance,dace_cpu,fusion,same_process,observed,0.06322911777533591,arc_distance,,6,3,d2c2cc16a18a69316144dced56e13ec50585fb90292fd8c9251b0cd2d83afd8e,c9a5d51d680eeff18f5d5e1a8bd8a4acc4d771e072238396fee0333ed61696be,,
arc_distance,dace_cpu,parallel,same_process,observed,0.03273178869858384,arc_distance,,6,3,d2c2cc16a18a69316144dced56e13ec50585fb90292fd8c9251b0cd2d83afd8e,c9a5d51d680eeff18f5d5e1a8bd8a4acc4d771e072238396fee0333ed61696be,,
arc_distance,dace_cpu,auto_opt,same_process,observed,0.02558079012669623,arc_distance,,6,3,d2c2cc16a18a69316144dced56e13ec50585fb90292fd8c9251b0cd2d83afd8e,c9a5d51d680eeff18f5d5e1a8bd8a4acc4d771e072238396fee0333ed61696be,,selected_process_variability
arc_distance,dace_gpu,fusion,same_process,observed,0.067253896035254,arc_distance,,6,3,d2c2cc16a18a69316144dced56e13ec50585fb90292fd8c9251b0cd2d83afd8e,c9a5d51d680eeff18f5d5e1a8bd8a4acc4d771e072238396fee0333ed61696be,,
arc_distance,dace_gpu,parallel,same_process,observed,0.06633821269497275,arc_distance,,6,3,d2c2cc16a18a69316144dced56e13ec50585fb90292fd8c9251b0cd2d83afd8e,c9a5d51d680eeff18f5d5e1a8bd8a4acc4d771e072238396fee0333ed61696be,,
arc_distance,dace_gpu,auto_opt,same_process,observed,0.06681370479054749,arc_distance,,6,3,d2c2cc16a18a69316144dced56e13ec50585fb90292fd8c9251b0cd2d83afd8e,c9a5d51d680eeff18f5d5e1a8bd8a4acc4d771e072238396fee0333ed61696be,,selected_process_variability
arc_distance,cupy,default,same_process,observed,0.05203251959756017,arc_distance,,6,3,d2c2cc16a18a69316144dced56e13ec50585fb90292fd8c9251b0cd2d83afd8e,c9a5d51d680eeff18f5d5e1a8bd8a4acc4d771e072238396fee0333ed61696be,,
atax,numpy,default,same_process,observed,0.1494451747275889,atax,,6,3,68c6513b767fc4fe61dbe15c9629b1ea75eae7d2a20436521c52c551d6698648,30d1cbd8bc811b325570c9fdb182323781764974a74f27916f06ba12e9a7baef,,
atax,numba,nopython-mode,same_process,observed,0.17004491086117923,atax,,6,3,68c6513b767fc4fe61dbe15c9629b1ea75eae7d2a20436521c52c551d6698648,30d1cbd8bc811b325570c9fdb182323781764974a74f27916f06ba12e9a7baef,,
atax,numba,nopython-mode-parallel,same_process,observed,0.15652874414809048,atax,,6,3,68c6513b767fc4fe61dbe15c9629b1ea75eae7d2a20436521c52c551d6698648,30d1cbd8bc811b325570c9fdb182323781764974a74f27916f06ba12e9a7baef,,new_sampling_or_resources
atax,numba,nopython-mode-parallel-range,same_process,N/A,,,,,,,,,
atax,numba,object-mode,same_process,N/A,,,,,,,,,
atax,numba,object-mode-parallel,same_process,N/A,,,,,,,,,
atax,numba,object-mode-parallel-range,same_process,N/A,,,,,,,,,
atax,dace_cpu,fusion,same_process,observed,0.15360833215527236,atax,,6,3,68c6513b767fc4fe61dbe15c9629b1ea75eae7d2a20436521c52c551d6698648,30d1cbd8bc811b325570c9fdb182323781764974a74f27916f06ba12e9a7baef,,selected_process_variability
atax,dace_cpu,parallel,same_process,observed,0.16458525974303484,atax,,6,3,68c6513b767fc4fe61dbe15c9629b1ea75eae7d2a20436521c52c551d6698648,30d1cbd8bc811b325570c9fdb182323781764974a74f27916f06ba12e9a7baef,,
atax,dace_cpu,auto_opt,same_process,observed,0.16618844657205045,atax,,6,3,68c6513b767fc4fe61dbe15c9629b1ea75eae7d2a20436521c52c551d6698648,30d1cbd8bc811b325570c9fdb182323781764974a74f27916f06ba12e9a7baef,,
atax,dace_gpu,fusion,same_process,observed,0.7224379933904856,atax,,6,3,68c6513b767fc4fe61dbe15c9629b1ea75eae7d2a20436521c52c551d6698648,30d1cbd8bc811b325570c9fdb182323781764974a74f27916f06ba12e9a7baef,,
atax,dace_gpu,parallel,same_process,observed,0.8444033621344715,atax,,6,3,68c6513b767fc4fe61dbe15c9629b1ea75eae7d2a20436521c52c551d6698648,30d1cbd8bc811b325570c9fdb182323781764974a74f27916f06ba12e9a7baef,,selected_process_variability
atax,dace_gpu,auto_opt,same_process,observed,0.6410210044123232,atax,,6,3,68c6513b767fc4fe61dbe15c9629b1ea75eae7d2a20436521c52c551d6698648,30d1cbd8bc811b325570c9fdb182323781764974a74f27916f06ba12e9a7baef,,new_sampling_or_resources;selected_process_variability
atax,cupy,default,same_process,observed,0.7361808838322759,atax,,6,3,68c6513b767fc4fe61dbe15c9629b1ea75eae7d2a20436521c52c551d6698648,30d1cbd8bc811b325570c9fdb182323781764974a74f27916f06ba12e9a7baef,,selected_process_variability
azimint_hist,numpy,default,same_process,observed,0.8934347296599299,azimint_hist,,6,3,f5914dfb9f4cc36109a1c231938d0863c485540d7d58b79bed61050dcb1e083e,d714677a44d27aec51292ca83b9b3ba9c1835b7ac786bbd295a407ecfa03d47f,,
azimint_hist,numba,nopython-mode,same_process,observed,0.4390292807947844,azimint_hist,,6,3,f5914dfb9f4cc36109a1c231938d0863c485540d7d58b79bed61050dcb1e083e,d714677a44d27aec51292ca83b9b3ba9c1835b7ac786bbd295a407ecfa03d47f,,selected_process_variability
azimint_hist,numba,nopython-mode-parallel,same_process,observed,0.34147315099835396,azimint_hist,,6,3,f5914dfb9f4cc36109a1c231938d0863c485540d7d58b79bed61050dcb1e083e,d714677a44d27aec51292ca83b9b3ba9c1835b7ac786bbd295a407ecfa03d47f,,new_variability;selected_process_variability
azimint_hist,numba,nopython-mode-parallel-range,same_process,observed,0.20821919851005077,azimint_hist_private,,6,3,ee08d8b3d6c42ca8c49f15064988585a960e19f6df094ce2408581b17b4d3570,d714677a44d27aec51292ca83b9b3ba9c1835b7ac786bbd295a407ecfa03d47f,,between_process_variability;within_process_variability
azimint_hist,numba,object-mode,same_process,observed,0.8815285942982882,azimint_hist,,6,3,f5914dfb9f4cc36109a1c231938d0863c485540d7d58b79bed61050dcb1e083e,d714677a44d27aec51292ca83b9b3ba9c1835b7ac786bbd295a407ecfa03d47f,,selected_process_variability
azimint_hist,numba,object-mode-parallel,same_process,observed,0.8807986723259091,azimint_hist,,6,3,f5914dfb9f4cc36109a1c231938d0863c485540d7d58b79bed61050dcb1e083e,d714677a44d27aec51292ca83b9b3ba9c1835b7ac786bbd295a407ecfa03d47f,,
azimint_hist,numba,object-mode-parallel-range,same_process,N/A,,,,,,,,,
azimint_hist,dace_cpu,fusion,same_process,observed,206.08818334992975,azimint_hist,,6,3,f5914dfb9f4cc36109a1c231938d0863c485540d7d58b79bed61050dcb1e083e,d714677a44d27aec51292ca83b9b3ba9c1835b7ac786bbd295a407ecfa03d47f,,
azimint_hist,dace_cpu,parallel,same_process,observed,207.69774318509735,azimint_hist,,6,3,f5914dfb9f4cc36109a1c231938d0863c485540d7d58b79bed61050dcb1e083e,d714677a44d27aec51292ca83b9b3ba9c1835b7ac786bbd295a407ecfa03d47f,,
azimint_hist,dace_cpu,auto_opt,same_process,observed,205.1634535123594,azimint_hist,,6,3,f5914dfb9f4cc36109a1c231938d0863c485540d7d58b79bed61050dcb1e083e,d714677a44d27aec51292ca83b9b3ba9c1835b7ac786bbd295a407ecfa03d47f,,
azimint_hist,dace_gpu,fusion,same_process,observed,0.1294139523524791,azimint_hist,,6,3,f5914dfb9f4cc36109a1c231938d0863c485540d7d58b79bed61050dcb1e083e,d714677a44d27aec51292ca83b9b3ba9c1835b7ac786bbd295a407ecfa03d47f,,selected_process_variability
azimint_hist,dace_gpu,parallel,same_process,observed,0.11311910441145301,azimint_hist,,6,3,f5914dfb9f4cc36109a1c231938d0863c485540d7d58b79bed61050dcb1e083e,d714677a44d27aec51292ca83b9b3ba9c1835b7ac786bbd295a407ecfa03d47f,,selected_process_variability
azimint_hist,dace_gpu,auto_opt,same_process,observed,0.10413758712820709,azimint_hist,,6,3,f5914dfb9f4cc36109a1c231938d0863c485540d7d58b79bed61050dcb1e083e,d714677a44d27aec51292ca83b9b3ba9c1835b7ac786bbd295a407ecfa03d47f,,
azimint_hist,cupy,default,same_process,observed,0.0896183461882174,azimint_hist,,6,3,f5914dfb9f4cc36109a1c231938d0863c485540d7d58b79bed61050dcb1e083e,d714677a44d27aec51292ca83b9b3ba9c1835b7ac786bbd295a407ecfa03d47f,,
azimint_naive,numpy,default,same_process,observed,50.88145265937783,azimint_naive,,6,3,7ce93eb427426de57f9dd024b84b3ccd522ed34eea578a05eb7d30f002985156,10e5a4ce8b6fe96db84b8d28fc35df47e5ddd295dfddf44939fc8ac5c8795b6d,,
azimint_naive,numba,nopython-mode,same_process,observed,69.13778434507549,azimint_naive,,6,3,7ce93eb427426de57f9dd024b84b3ccd522ed34eea578a05eb7d30f002985156,10e5a4ce8b6fe96db84b8d28fc35df47e5ddd295dfddf44939fc8ac5c8795b6d,,
azimint_naive,numba,nopython-mode-parallel,same_process,observed,50.11639688606374,azimint_naive,,6,3,7ce93eb427426de57f9dd024b84b3ccd522ed34eea578a05eb7d30f002985156,10e5a4ce8b6fe96db84b8d28fc35df47e5ddd295dfddf44939fc8ac5c8795b6d,,
azimint_naive,numba,nopython-mode-parallel-range,same_process,observed,4.9999262457713485,azimint_naive,,6,3,7ce93eb427426de57f9dd024b84b3ccd522ed34eea578a05eb7d30f002985156,10e5a4ce8b6fe96db84b8d28fc35df47e5ddd295dfddf44939fc8ac5c8795b6d,,new_variability;selected_process_variability
azimint_naive,numba,object-mode,same_process,N/A,,,,,,,,,
azimint_naive,numba,object-mode-parallel,same_process,N/A,,,,,,,,,
azimint_naive,numba,object-mode-parallel-range,same_process,N/A,,,,,,,,,
azimint_naive,dace_cpu,fusion,same_process,observed,77.00971734710038,azimint_naive,,6,3,7ce93eb427426de57f9dd024b84b3ccd522ed34eea578a05eb7d30f002985156,10e5a4ce8b6fe96db84b8d28fc35df47e5ddd295dfddf44939fc8ac5c8795b6d,,
azimint_naive,dace_cpu,parallel,same_process,observed,62.27395945042372,azimint_naive,,6,3,7ce93eb427426de57f9dd024b84b3ccd522ed34eea578a05eb7d30f002985156,10e5a4ce8b6fe96db84b8d28fc35df47e5ddd295dfddf44939fc8ac5c8795b6d,,
azimint_naive,dace_cpu,auto_opt,same_process,observed,58.98443955439143,azimint_naive,,6,3,7ce93eb427426de57f9dd024b84b3ccd522ed34eea578a05eb7d30f002985156,10e5a4ce8b6fe96db84b8d28fc35df47e5ddd295dfddf44939fc8ac5c8795b6d,,
azimint_naive,dace_gpu,fusion,same_process,observed,1.9366249847225845,azimint_naive,,6,3,7ce93eb427426de57f9dd024b84b3ccd522ed34eea578a05eb7d30f002985156,10e5a4ce8b6fe96db84b8d28fc35df47e5ddd295dfddf44939fc8ac5c8795b6d,,
azimint_naive,dace_gpu,parallel,same_process,error,,azimint_naive,,0,0,7ce93eb427426de57f9dd024b84b3ccd522ed34eea578a05eb7d30f002985156,10e5a4ce8b6fe96db84b8d28fc35df47e5ddd295dfddf44939fc8ac5c8795b6d,,
azimint_naive,dace_gpu,auto_opt,same_process,error,,azimint_naive,,0,0,7ce93eb427426de57f9dd024b84b3ccd522ed34eea578a05eb7d30f002985156,10e5a4ce8b6fe96db84b8d28fc35df47e5ddd295dfddf44939fc8ac5c8795b6d,,
azimint_naive,cupy,default,same_process,observed,1.5592211834155023,azimint_naive,,6,3,7ce93eb427426de57f9dd024b84b3ccd522ed34eea578a05eb7d30f002985156,10e5a4ce8b6fe96db84b8d28fc35df47e5ddd295dfddf44939fc8ac5c8795b6d,,
bicg,numpy,default,same_process,observed,0.15520893991924822,bicg,,6,3,16d618b4e97f8f1b6191fe3f76123e77b6b198e5982ffa6fbd2528fa69701078,77e9adb788612e39af05a751b80c16198c5c53c1997f2c21ca5d1cefa59811c3,,
bicg,numba,nopython-mode,same_process,observed,0.1617144886404276,bicg,,6,3,16d618b4e97f8f1b6191fe3f76123e77b6b198e5982ffa6fbd2528fa69701078,77e9adb788612e39af05a751b80c16198c5c53c1997f2c21ca5d1cefa59811c3,,new_sampling_or_resources
bicg,numba,nopython-mode-parallel,same_process,observed,0.1638614444527775,bicg,,6,3,16d618b4e97f8f1b6191fe3f76123e77b6b198e5982ffa6fbd2528fa69701078,77e9adb788612e39af05a751b80c16198c5c53c1997f2c21ca5d1cefa59811c3,,new_sampling_or_resources
bicg,numba,nopython-mode-parallel-range,same_process,N/A,,,,,,,,,
bicg,numba,object-mode,same_process,N/A,,,,,,,,,
bicg,numba,object-mode-parallel,same_process,N/A,,,,,,,,,
bicg,numba,object-mode-parallel-range,same_process,N/A,,,,,,,,,
bicg,dace_cpu,fusion,same_process,observed,0.16082521807402372,bicg,,6,3,16d618b4e97f8f1b6191fe3f76123e77b6b198e5982ffa6fbd2528fa69701078,77e9adb788612e39af05a751b80c16198c5c53c1997f2c21ca5d1cefa59811c3,,
bicg,dace_cpu,parallel,same_process,observed,0.16303626215085387,bicg,,6,3,16d618b4e97f8f1b6191fe3f76123e77b6b198e5982ffa6fbd2528fa69701078,77e9adb788612e39af05a751b80c16198c5c53c1997f2c21ca5d1cefa59811c3,,
bicg,dace_cpu,auto_opt,same_process,observed,0.15883183339610696,bicg,,6,3,16d618b4e97f8f1b6191fe3f76123e77b6b198e5982ffa6fbd2528fa69701078,77e9adb788612e39af05a751b80c16198c5c53c1997f2c21ca5d1cefa59811c3,,
bicg,dace_gpu,fusion,same_process,observed,0.6829204261302948,bicg,,6,3,16d618b4e97f8f1b6191fe3f76123e77b6b198e5982ffa6fbd2528fa69701078,77e9adb788612e39af05a751b80c16198c5c53c1997f2c21ca5d1cefa59811c3,,selected_process_variability
bicg,dace_gpu,parallel,same_process,observed,0.5129600355867296,bicg,,6,3,16d618b4e97f8f1b6191fe3f76123e77b6b198e5982ffa6fbd2528fa69701078,77e9adb788612e39af05a751b80c16198c5c53c1997f2c21ca5d1cefa59811c3,,
bicg,dace_gpu,auto_opt,same_process,observed,0.7175189480185509,bicg,,6,3,16d618b4e97f8f1b6191fe3f76123e77b6b198e5982ffa6fbd2528fa69701078,77e9adb788612e39af05a751b80c16198c5c53c1997f2c21ca5d1cefa59811c3,,selected_process_variability
bicg,cupy,default,same_process,observed,0.5371737889945507,bicg,,6,3,16d618b4e97f8f1b6191fe3f76123e77b6b198e5982ffa6fbd2528fa69701078,77e9adb788612e39af05a751b80c16198c5c53c1997f2c21ca5d1cefa59811c3,,
cavity_flow,numpy,default,same_process,observed,0.8037164411507547,cavity_flow,,6,3,210af7f0234bb993fa8cb9e063c162a3f185d3fc74aad9308835699b7e5a18da,33c1dcf4ea4c8afb398c3db57686f19a59239f440846cca31b92bee224e3c662,,selected_process_variability
cavity_flow,numba,nopython-mode,same_process,observed,0.9125166046433151,cavity_flow,,6,3,210af7f0234bb993fa8cb9e063c162a3f185d3fc74aad9308835699b7e5a18da,33c1dcf4ea4c8afb398c3db57686f19a59239f440846cca31b92bee224e3c662,,new_variability
cavity_flow,numba,nopython-mode-parallel,same_process,error,,cavity_flow,,0,0,210af7f0234bb993fa8cb9e063c162a3f185d3fc74aad9308835699b7e5a18da,33c1dcf4ea4c8afb398c3db57686f19a59239f440846cca31b92bee224e3c662,,
cavity_flow,numba,nopython-mode-parallel-range,same_process,N/A,,,,,,,,,
cavity_flow,numba,object-mode,same_process,N/A,,,,,,,,,
cavity_flow,numba,object-mode-parallel,same_process,N/A,,,,,,,,,
cavity_flow,numba,object-mode-parallel-range,same_process,N/A,,,,,,,,,
cavity_flow,dace_cpu,fusion,same_process,observed,1.487795248394832,cavity_flow,,6,3,210af7f0234bb993fa8cb9e063c162a3f185d3fc74aad9308835699b7e5a18da,33c1dcf4ea4c8afb398c3db57686f19a59239f440846cca31b92bee224e3c662,,selected_process_variability
cavity_flow,dace_cpu,parallel,same_process,observed,1.6304478840902448,cavity_flow,,6,3,210af7f0234bb993fa8cb9e063c162a3f185d3fc74aad9308835699b7e5a18da,33c1dcf4ea4c8afb398c3db57686f19a59239f440846cca31b92bee224e3c662,,selected_process_variability
cavity_flow,dace_cpu,auto_opt,same_process,observed,1.3505476645659655,cavity_flow,,6,3,210af7f0234bb993fa8cb9e063c162a3f185d3fc74aad9308835699b7e5a18da,33c1dcf4ea4c8afb398c3db57686f19a59239f440846cca31b92bee224e3c662,,selected_process_variability
cavity_flow,dace_gpu,fusion,same_process,observed,0.0935156533960253,cavity_flow,,6,3,210af7f0234bb993fa8cb9e063c162a3f185d3fc74aad9308835699b7e5a18da,33c1dcf4ea4c8afb398c3db57686f19a59239f440846cca31b92bee224e3c662,,
cavity_flow,dace_gpu,parallel,same_process,observed,0.09893592400476336,cavity_flow,,6,3,210af7f0234bb993fa8cb9e063c162a3f185d3fc74aad9308835699b7e5a18da,33c1dcf4ea4c8afb398c3db57686f19a59239f440846cca31b92bee224e3c662,,
cavity_flow,dace_gpu,auto_opt,same_process,observed,0.09496762650087476,cavity_flow,,6,3,210af7f0234bb993fa8cb9e063c162a3f185d3fc74aad9308835699b7e5a18da,33c1dcf4ea4c8afb398c3db57686f19a59239f440846cca31b92bee224e3c662,,
cavity_flow,cupy,default,same_process,observed,1.1785930234473199,cavity_flow,,6,3,210af7f0234bb993fa8cb9e063c162a3f185d3fc74aad9308835699b7e5a18da,33c1dcf4ea4c8afb398c3db57686f19a59239f440846cca31b92bee224e3c662,,
channel_flow,numpy,default,same_process,observed,6.160018040100113,channel_flow,,6,3,a5826f86fe64a72734a89619a6e971effc8ed8ebe00f99337006d700704bed0f,131f13ee629eff4bbfc04696d2acdcf8be8c111de0037039e4ac5c934e15a280,,
channel_flow,numba,nopython-mode,same_process,observed,5.101512953173369,channel_flow,,6,3,a5826f86fe64a72734a89619a6e971effc8ed8ebe00f99337006d700704bed0f,131f13ee629eff4bbfc04696d2acdcf8be8c111de0037039e4ac5c934e15a280,,new_variability
channel_flow,numba,nopython-mode-parallel,same_process,observed,39.62363031692803,channel_flow,,6,3,a5826f86fe64a72734a89619a6e971effc8ed8ebe00f99337006d700704bed0f,131f13ee629eff4bbfc04696d2acdcf8be8c111de0037039e4ac5c934e15a280,,selected_process_variability
channel_flow,numba,nopython-mode-parallel-range,same_process,N/A,,,,,,,,,
channel_flow,numba,object-mode,same_process,N/A,,,,,,,,,
channel_flow,numba,object-mode-parallel,same_process,N/A,,,,,,,,,
channel_flow,numba,object-mode-parallel-range,same_process,N/A,,,,,,,,,
channel_flow,dace_cpu,fusion,same_process,observed,67.9188453310635,channel_flow,,6,3,a5826f86fe64a72734a89619a6e971effc8ed8ebe00f99337006d700704bed0f,131f13ee629eff4bbfc04696d2acdcf8be8c111de0037039e4ac5c934e15a280,,selected_process_variability
channel_flow,dace_cpu,parallel,same_process,observed,92.7350221965462,channel_flow,,6,3,a5826f86fe64a72734a89619a6e971effc8ed8ebe00f99337006d700704bed0f,131f13ee629eff4bbfc04696d2acdcf8be8c111de0037039e4ac5c934e15a280,,selected_process_variability
channel_flow,dace_cpu,auto_opt,same_process,observed,69.32119531696662,channel_flow,,6,3,a5826f86fe64a72734a89619a6e971effc8ed8ebe00f99337006d700704bed0f,131f13ee629eff4bbfc04696d2acdcf8be8c111de0037039e4ac5c934e15a280,,
channel_flow,dace_gpu,fusion,same_process,observed,1.0023384348023683,channel_flow,,6,3,a5826f86fe64a72734a89619a6e971effc8ed8ebe00f99337006d700704bed0f,131f13ee629eff4bbfc04696d2acdcf8be8c111de0037039e4ac5c934e15a280,,selected_process_variability
channel_flow,dace_gpu,parallel,same_process,observed,0.9665189718361944,channel_flow,,6,3,a5826f86fe64a72734a89619a6e971effc8ed8ebe00f99337006d700704bed0f,131f13ee629eff4bbfc04696d2acdcf8be8c111de0037039e4ac5c934e15a280,,selected_process_variability
channel_flow,dace_gpu,auto_opt,same_process,observed,0.9550046629738063,channel_flow,,6,3,a5826f86fe64a72734a89619a6e971effc8ed8ebe00f99337006d700704bed0f,131f13ee629eff4bbfc04696d2acdcf8be8c111de0037039e4ac5c934e15a280,,
channel_flow,cupy,default,same_process,observed,14.761373931309208,channel_flow,,6,3,a5826f86fe64a72734a89619a6e971effc8ed8ebe00f99337006d700704bed0f,131f13ee629eff4bbfc04696d2acdcf8be8c111de0037039e4ac5c934e15a280,,
cholesky,numpy,default,same_process,observed,1.058578894007951,cholesky,,6,3,56dfb1eba239c26e0b2a9d37a7e4204bca4b6420c1c6db5a29f0fa62a44c6bf8,4fbe26b28e30a4b50af30a63a5f1d483d8c2556910e84aba0ab6422938ce8d60,,selected_process_variability
cholesky,numba,nopython-mode,same_process,observed,0.05008461605757475,cholesky,,6,3,56dfb1eba239c26e0b2a9d37a7e4204bca4b6420c1c6db5a29f0fa62a44c6bf8,4fbe26b28e30a4b50af30a63a5f1d483d8c2556910e84aba0ab6422938ce8d60,,selected_process_variability
cholesky,numba,nopython-mode-parallel,same_process,observed,31.253249505069107,cholesky,,6,3,56dfb1eba239c26e0b2a9d37a7e4204bca4b6420c1c6db5a29f0fa62a44c6bf8,4fbe26b28e30a4b50af30a63a5f1d483d8c2556910e84aba0ab6422938ce8d60,,selected_process_variability
cholesky,numba,nopython-mode-parallel-range,same_process,N/A,,,,,,,,,
cholesky,numba,object-mode,same_process,N/A,,,,,,,,,
cholesky,numba,object-mode-parallel,same_process,N/A,,,,,,,,,
cholesky,numba,object-mode-parallel-range,same_process,N/A,,,,,,,,,
cholesky,dace_cpu,fusion,same_process,observed,0.04706500587053597,cholesky,,6,3,56dfb1eba239c26e0b2a9d37a7e4204bca4b6420c1c6db5a29f0fa62a44c6bf8,4fbe26b28e30a4b50af30a63a5f1d483d8c2556910e84aba0ab6422938ce8d60,,
cholesky,dace_cpu,parallel,same_process,observed,0.03599056578241289,cholesky,,6,3,56dfb1eba239c26e0b2a9d37a7e4204bca4b6420c1c6db5a29f0fa62a44c6bf8,4fbe26b28e30a4b50af30a63a5f1d483d8c2556910e84aba0ab6422938ce8d60,,new_variability;selected_process_variability
cholesky,dace_cpu,auto_opt,same_process,observed,0.03702618204988539,cholesky,,6,3,56dfb1eba239c26e0b2a9d37a7e4204bca4b6420c1c6db5a29f0fa62a44c6bf8,4fbe26b28e30a4b50af30a63a5f1d483d8c2556910e84aba0ab6422938ce8d60,,selected_process_variability
cholesky,dace_gpu,fusion,same_process,observed,9.332791646011174,cholesky,,6,3,56dfb1eba239c26e0b2a9d37a7e4204bca4b6420c1c6db5a29f0fa62a44c6bf8,4fbe26b28e30a4b50af30a63a5f1d483d8c2556910e84aba0ab6422938ce8d60,,
cholesky,dace_gpu,parallel,same_process,observed,9.788779673399404,cholesky,,6,3,56dfb1eba239c26e0b2a9d37a7e4204bca4b6420c1c6db5a29f0fa62a44c6bf8,4fbe26b28e30a4b50af30a63a5f1d483d8c2556910e84aba0ab6422938ce8d60,,
cholesky,dace_gpu,auto_opt,same_process,observed,5.8121407851576805,cholesky,,6,3,56dfb1eba239c26e0b2a9d37a7e4204bca4b6420c1c6db5a29f0fa62a44c6bf8,4fbe26b28e30a4b50af30a63a5f1d483d8c2556910e84aba0ab6422938ce8d60,,
cholesky,cupy,default,same_process,observed,34.01391176995821,cholesky,,6,3,56dfb1eba239c26e0b2a9d37a7e4204bca4b6420c1c6db5a29f0fa62a44c6bf8,4fbe26b28e30a4b50af30a63a5f1d483d8c2556910e84aba0ab6422938ce8d60,,
cholesky2,numpy,default,same_process,observed,1.5806561016943306,cholesky2,,6,3,d99d5b0becbfb22bf45157e320f447a583444c901fafb55b0e5b1a90147a5923,b9394a55df0718e0c2862384f101bc746b522dc7acfbed649b0716c8d79c2363,,
cholesky2,numba,nopython-mode,same_process,observed,3.069501759018749,cholesky2,,6,3,d99d5b0becbfb22bf45157e320f447a583444c901fafb55b0e5b1a90147a5923,b9394a55df0718e0c2862384f101bc746b522dc7acfbed649b0716c8d79c2363,,selected_process_variability
cholesky2,numba,nopython-mode-parallel,same_process,observed,3.082715938333422,cholesky2,,6,3,d99d5b0becbfb22bf45157e320f447a583444c901fafb55b0e5b1a90147a5923,b9394a55df0718e0c2862384f101bc746b522dc7acfbed649b0716c8d79c2363,,
cholesky2,numba,nopython-mode-parallel-range,same_process,N/A,,,,,,,,,
cholesky2,numba,object-mode,same_process,N/A,,,,,,,,,
cholesky2,numba,object-mode-parallel,same_process,N/A,,,,,,,,,
cholesky2,numba,object-mode-parallel-range,same_process,N/A,,,,,,,,,
cholesky2,dace_cpu,fusion,same_process,observed,1.5832325329538435,cholesky2,,6,3,d99d5b0becbfb22bf45157e320f447a583444c901fafb55b0e5b1a90147a5923,b9394a55df0718e0c2862384f101bc746b522dc7acfbed649b0716c8d79c2363,,
cholesky2,dace_cpu,parallel,same_process,observed,1.7494011404924095,cholesky2,,6,3,d99d5b0becbfb22bf45157e320f447a583444c901fafb55b0e5b1a90147a5923,b9394a55df0718e0c2862384f101bc746b522dc7acfbed649b0716c8d79c2363,,
cholesky2,dace_cpu,auto_opt,same_process,observed,1.1732408641837537,cholesky2,,6,3,d99d5b0becbfb22bf45157e320f447a583444c901fafb55b0e5b1a90147a5923,b9394a55df0718e0c2862384f101bc746b522dc7acfbed649b0716c8d79c2363,,
cholesky2,dace_gpu,fusion,same_process,observed,0.2374129386153072,cholesky2,,6,3,d99d5b0becbfb22bf45157e320f447a583444c901fafb55b0e5b1a90147a5923,b9394a55df0718e0c2862384f101bc746b522dc7acfbed649b0716c8d79c2363,,
cholesky2,dace_gpu,parallel,same_process,observed,0.25219702371396124,cholesky2,,6,3,d99d5b0becbfb22bf45157e320f447a583444c901fafb55b0e5b1a90147a5923,b9394a55df0718e0c2862384f101bc746b522dc7acfbed649b0716c8d79c2363,,
cholesky2,dace_gpu,auto_opt,same_process,observed,0.2616209664847702,cholesky2,,6,3,d99d5b0becbfb22bf45157e320f447a583444c901fafb55b0e5b1a90147a5923,b9394a55df0718e0c2862384f101bc746b522dc7acfbed649b0716c8d79c2363,,selected_process_variability
cholesky2,cupy,default,same_process,observed,0.2552615695167333,cholesky2,,6,3,d99d5b0becbfb22bf45157e320f447a583444c901fafb55b0e5b1a90147a5923,b9394a55df0718e0c2862384f101bc746b522dc7acfbed649b0716c8d79c2363,,
compute,numpy,default,same_process,observed,1.1551719848066568,compute,,6,3,edf335f51b0a6a5a63d4d1e8c77cdda9a31939cdf30081571adf738ae28f7732,c95ef8e4674e9795c2c4376c3b88240655d27d77a534d2db1cf991c275146691,,
compute,numba,nopython-mode,same_process,observed,1.3100029181223363,compute,,6,3,edf335f51b0a6a5a63d4d1e8c77cdda9a31939cdf30081571adf738ae28f7732,c95ef8e4674e9795c2c4376c3b88240655d27d77a534d2db1cf991c275146691,,
compute,numba,nopython-mode-parallel,same_process,observed,0.10984547948464751,compute,,6,3,edf335f51b0a6a5a63d4d1e8c77cdda9a31939cdf30081571adf738ae28f7732,c95ef8e4674e9795c2c4376c3b88240655d27d77a534d2db1cf991c275146691,,new_sampling_or_resources
compute,numba,nopython-mode-parallel-range,same_process,N/A,,,,,,,,,
compute,numba,object-mode,same_process,observed,5.540590897668153,compute,,6,3,edf335f51b0a6a5a63d4d1e8c77cdda9a31939cdf30081571adf738ae28f7732,c95ef8e4674e9795c2c4376c3b88240655d27d77a534d2db1cf991c275146691,,selected_process_variability
compute,numba,object-mode-parallel,same_process,observed,1.5780437095090747,compute,,6,3,edf335f51b0a6a5a63d4d1e8c77cdda9a31939cdf30081571adf738ae28f7732,c95ef8e4674e9795c2c4376c3b88240655d27d77a534d2db1cf991c275146691,,selected_process_variability
compute,numba,object-mode-parallel-range,same_process,N/A,,,,,,,,,
compute,dace_cpu,fusion,same_process,observed,0.09666985715739429,compute,,6,3,edf335f51b0a6a5a63d4d1e8c77cdda9a31939cdf30081571adf738ae28f7732,c95ef8e4674e9795c2c4376c3b88240655d27d77a534d2db1cf991c275146691,,
compute,dace_cpu,parallel,same_process,observed,0.10578517452813685,compute,,6,3,edf335f51b0a6a5a63d4d1e8c77cdda9a31939cdf30081571adf738ae28f7732,c95ef8e4674e9795c2c4376c3b88240655d27d77a534d2db1cf991c275146691,,
compute,dace_cpu,auto_opt,same_process,observed,0.10993086383678019,compute,,6,3,edf335f51b0a6a5a63d4d1e8c77cdda9a31939cdf30081571adf738ae28f7732,c95ef8e4674e9795c2c4376c3b88240655d27d77a534d2db1cf991c275146691,,selected_process_variability
compute,dace_gpu,fusion,same_process,observed,1.0625894288532436,compute,,6,3,edf335f51b0a6a5a63d4d1e8c77cdda9a31939cdf30081571adf738ae28f7732,c95ef8e4674e9795c2c4376c3b88240655d27d77a534d2db1cf991c275146691,,selected_process_variability
compute,dace_gpu,parallel,same_process,observed,0.9263504270929843,compute,,6,3,edf335f51b0a6a5a63d4d1e8c77cdda9a31939cdf30081571adf738ae28f7732,c95ef8e4674e9795c2c4376c3b88240655d27d77a534d2db1cf991c275146691,,
compute,dace_gpu,auto_opt,same_process,observed,0.9355083941482008,compute,,6,3,edf335f51b0a6a5a63d4d1e8c77cdda9a31939cdf30081571adf738ae28f7732,c95ef8e4674e9795c2c4376c3b88240655d27d77a534d2db1cf991c275146691,,selected_process_variability
compute,cupy,default,same_process,observed,0.9726193840615451,compute,,6,3,edf335f51b0a6a5a63d4d1e8c77cdda9a31939cdf30081571adf738ae28f7732,c95ef8e4674e9795c2c4376c3b88240655d27d77a534d2db1cf991c275146691,,selected_process_variability
contour_integral,numpy,default,same_process,observed,1.931109658908099,contour_integral,,6,3,b7bd5d51e17faaa7d7b471e2377876f282bd7deed775cb160db56f12df313057,96e60b8e822b16860d5bd015f984ac2828ce239aab0d0628d36a60c7c4be7697,,
contour_integral,numba,nopython-mode,same_process,observed,1.5844547713641077,contour_integral,,6,3,b7bd5d51e17faaa7d7b471e2377876f282bd7deed775cb160db56f12df313057,96e60b8e822b16860d5bd015f984ac2828ce239aab0d0628d36a60c7c4be7697,,
contour_integral,numba,nopython-mode-parallel,same_process,observed,5.2994347487110645,contour_integral,,6,3,b7bd5d51e17faaa7d7b471e2377876f282bd7deed775cb160db56f12df313057,96e60b8e822b16860d5bd015f984ac2828ce239aab0d0628d36a60c7c4be7697,,
contour_integral,numba,nopython-mode-parallel-range,same_process,observed,2.5672220014967024,contour_integral,,6,3,b7bd5d51e17faaa7d7b471e2377876f282bd7deed775cb160db56f12df313057,96e60b8e822b16860d5bd015f984ac2828ce239aab0d0628d36a60c7c4be7697,,selected_process_variability
contour_integral,numba,object-mode,same_process,N/A,,,,,,,,,
contour_integral,numba,object-mode-parallel,same_process,N/A,,,,,,,,,
contour_integral,numba,object-mode-parallel-range,same_process,N/A,,,,,,,,,
contour_integral,dace_cpu,fusion,same_process,observed,5.489873724523932,contour_integral,,6,3,b7bd5d51e17faaa7d7b471e2377876f282bd7deed775cb160db56f12df313057,96e60b8e822b16860d5bd015f984ac2828ce239aab0d0628d36a60c7c4be7697,,
contour_integral,dace_cpu,parallel,same_process,observed,5.624615268083289,contour_integral,,6,3,b7bd5d51e17faaa7d7b471e2377876f282bd7deed775cb160db56f12df313057,96e60b8e822b16860d5bd015f984ac2828ce239aab0d0628d36a60c7c4be7697,,
contour_integral,dace_cpu,auto_opt,same_process,observed,5.329034561524168,contour_integral,,6,3,b7bd5d51e17faaa7d7b471e2377876f282bd7deed775cb160db56f12df313057,96e60b8e822b16860d5bd015f984ac2828ce239aab0d0628d36a60c7c4be7697,,
contour_integral,dace_gpu,fusion,same_process,validation,,contour_integral,,0,0,b7bd5d51e17faaa7d7b471e2377876f282bd7deed775cb160db56f12df313057,96e60b8e822b16860d5bd015f984ac2828ce239aab0d0628d36a60c7c4be7697,,
contour_integral,dace_gpu,parallel,same_process,validation,,contour_integral,,0,0,b7bd5d51e17faaa7d7b471e2377876f282bd7deed775cb160db56f12df313057,96e60b8e822b16860d5bd015f984ac2828ce239aab0d0628d36a60c7c4be7697,,
contour_integral,dace_gpu,auto_opt,same_process,validation,,contour_integral,,0,0,b7bd5d51e17faaa7d7b471e2377876f282bd7deed775cb160db56f12df313057,96e60b8e822b16860d5bd015f984ac2828ce239aab0d0628d36a60c7c4be7697,,
contour_integral,cupy,default,same_process,observed,0.14394093584269285,contour_integral,,6,3,b7bd5d51e17faaa7d7b471e2377876f282bd7deed775cb160db56f12df313057,96e60b8e822b16860d5bd015f984ac2828ce239aab0d0628d36a60c7c4be7697,,
conv2d_bias,numpy,default,same_process,observed,1.5503567855339497,conv2d_bias,,6,3,c47a0f873d63acc5fa1d36e1061d8e90bf59c5186703fc221aaf46384c6dbae8,3652f4ad2c784bef2f715b7aa13d7e3a9d461dbdbed77498119dc3c0f00cc660,,
conv2d_bias,numba,nopython-mode,same_process,observed,1.3890525214374065,conv2d_bias,,6,3,c47a0f873d63acc5fa1d36e1061d8e90bf59c5186703fc221aaf46384c6dbae8,3652f4ad2c784bef2f715b7aa13d7e3a9d461dbdbed77498119dc3c0f00cc660,,
conv2d_bias,numba,nopython-mode-parallel,same_process,observed,5.3943648361600935,conv2d_bias,,6,3,c47a0f873d63acc5fa1d36e1061d8e90bf59c5186703fc221aaf46384c6dbae8,3652f4ad2c784bef2f715b7aa13d7e3a9d461dbdbed77498119dc3c0f00cc660,,selected_process_variability
conv2d_bias,numba,nopython-mode-parallel-range,same_process,observed,0.03500425047241151,conv2d_bias,,6,3,c47a0f873d63acc5fa1d36e1061d8e90bf59c5186703fc221aaf46384c6dbae8,3652f4ad2c784bef2f715b7aa13d7e3a9d461dbdbed77498119dc3c0f00cc660,,
conv2d_bias,numba,object-mode,same_process,error,,conv2d_bias,,0,0,c47a0f873d63acc5fa1d36e1061d8e90bf59c5186703fc221aaf46384c6dbae8,3652f4ad2c784bef2f715b7aa13d7e3a9d461dbdbed77498119dc3c0f00cc660,,
conv2d_bias,numba,object-mode-parallel,same_process,error,,conv2d_bias,,0,0,c47a0f873d63acc5fa1d36e1061d8e90bf59c5186703fc221aaf46384c6dbae8,3652f4ad2c784bef2f715b7aa13d7e3a9d461dbdbed77498119dc3c0f00cc660,,
conv2d_bias,numba,object-mode-parallel-range,same_process,observed,1.5721917084883898,conv2d_bias,,6,3,c47a0f873d63acc5fa1d36e1061d8e90bf59c5186703fc221aaf46384c6dbae8,3652f4ad2c784bef2f715b7aa13d7e3a9d461dbdbed77498119dc3c0f00cc660,,
conv2d_bias,dace_cpu,fusion,same_process,observed,1.5552259276155382,conv2d_bias,,6,3,c47a0f873d63acc5fa1d36e1061d8e90bf59c5186703fc221aaf46384c6dbae8,3652f4ad2c784bef2f715b7aa13d7e3a9d461dbdbed77498119dc3c0f00cc660,,
conv2d_bias,dace_cpu,parallel,same_process,observed,2.098586641717702,conv2d_bias,,6,3,c47a0f873d63acc5fa1d36e1061d8e90bf59c5186703fc221aaf46384c6dbae8,3652f4ad2c784bef2f715b7aa13d7e3a9d461dbdbed77498119dc3c0f00cc660,,selected_process_variability
conv2d_bias,dace_cpu,auto_opt,same_process,observed,1.3739547519944608,conv2d_bias,,6,3,c47a0f873d63acc5fa1d36e1061d8e90bf59c5186703fc221aaf46384c6dbae8,3652f4ad2c784bef2f715b7aa13d7e3a9d461dbdbed77498119dc3c0f00cc660,,selected_process_variability
conv2d_bias,dace_gpu,fusion,same_process,validation,,conv2d_bias,,0,0,c47a0f873d63acc5fa1d36e1061d8e90bf59c5186703fc221aaf46384c6dbae8,3652f4ad2c784bef2f715b7aa13d7e3a9d461dbdbed77498119dc3c0f00cc660,,
conv2d_bias,dace_gpu,parallel,same_process,validation,,conv2d_bias,,0,0,c47a0f873d63acc5fa1d36e1061d8e90bf59c5186703fc221aaf46384c6dbae8,3652f4ad2c784bef2f715b7aa13d7e3a9d461dbdbed77498119dc3c0f00cc660,,
conv2d_bias,dace_gpu,auto_opt,same_process,validation,,conv2d_bias,,0,0,c47a0f873d63acc5fa1d36e1061d8e90bf59c5186703fc221aaf46384c6dbae8,3652f4ad2c784bef2f715b7aa13d7e3a9d461dbdbed77498119dc3c0f00cc660,,
conv2d_bias,cupy,default,same_process,observed,1.41621497948654,conv2d_bias,,6,3,c47a0f873d63acc5fa1d36e1061d8e90bf59c5186703fc221aaf46384c6dbae8,3652f4ad2c784bef2f715b7aa13d7e3a9d461dbdbed77498119dc3c0f00cc660,,selected_process_variability
correlation,numpy,default,same_process,observed,1.1385203395038843,correlation,,6,3,5bed53d94756b29d6c326b3510b9e7380e2b6d4931a68ec824535ca294b9c166,90af084039550dbfa1b2c0aafc8d4694c42209b191fd5b47f0314658efaf5513,,
correlation,numba,nopython-mode,same_process,observed,129.55802419781685,correlation,,6,3,5bed53d94756b29d6c326b3510b9e7380e2b6d4931a68ec824535ca294b9c166,90af084039550dbfa1b2c0aafc8d4694c42209b191fd5b47f0314658efaf5513,,
correlation,numba,nopython-mode-parallel,same_process,error,,correlation,,0,0,5bed53d94756b29d6c326b3510b9e7380e2b6d4931a68ec824535ca294b9c166,90af084039550dbfa1b2c0aafc8d4694c42209b191fd5b47f0314658efaf5513,,
correlation,numba,nopython-mode-parallel-range,same_process,error,,correlation,,0,0,5bed53d94756b29d6c326b3510b9e7380e2b6d4931a68ec824535ca294b9c166,90af084039550dbfa1b2c0aafc8d4694c42209b191fd5b47f0314658efaf5513,,
correlation,numba,object-mode,same_process,observed,142.91911065601744,correlation,,2,1,5bed53d94756b29d6c326b3510b9e7380e2b6d4931a68ec824535ca294b9c166,90af084039550dbfa1b2c0aafc8d4694c42209b191fd5b47f0314658efaf5513,,original_process_only
correlation,numba,object-mode-parallel,same_process,observed,264.68816314986907,correlation,,2,1,5bed53d94756b29d6c326b3510b9e7380e2b6d4931a68ec824535ca294b9c166,90af084039550dbfa1b2c0aafc8d4694c42209b191fd5b47f0314658efaf5513,,original_process_only
correlation,numba,object-mode-parallel-range,same_process,observed,1.177569132996723,correlation,,2,1,5bed53d94756b29d6c326b3510b9e7380e2b6d4931a68ec824535ca294b9c166,90af084039550dbfa1b2c0aafc8d4694c42209b191fd5b47f0314658efaf5513,,original_process_only
correlation,dace_cpu,fusion,same_process,observed,1.0664125273469836,correlation,,6,3,5bed53d94756b29d6c326b3510b9e7380e2b6d4931a68ec824535ca294b9c166,90af084039550dbfa1b2c0aafc8d4694c42209b191fd5b47f0314658efaf5513,,
correlation,dace_cpu,parallel,same_process,observed,1.0667160591110587,correlation,,6,3,5bed53d94756b29d6c326b3510b9e7380e2b6d4931a68ec824535ca294b9c166,90af084039550dbfa1b2c0aafc8d4694c42209b191fd5b47f0314658efaf5513,,
correlation,dace_cpu,auto_opt,same_process,observed,1.0424840548075736,correlation,,6,3,5bed53d94756b29d6c326b3510b9e7380e2b6d4931a68ec824535ca294b9c166,90af084039550dbfa1b2c0aafc8d4694c42209b191fd5b47f0314658efaf5513,,
correlation,dace_gpu,fusion,same_process,observed,0.283395150443539,correlation,,6,3,5bed53d94756b29d6c326b3510b9e7380e2b6d4931a68ec824535ca294b9c166,90af084039550dbfa1b2c0aafc8d4694c42209b191fd5b47f0314658efaf5513,,
correlation,dace_gpu,parallel,same_process,observed,0.271758780349046,correlation,,6,3,5bed53d94756b29d6c326b3510b9e7380e2b6d4931a68ec824535ca294b9c166,90af084039550dbfa1b2c0aafc8d4694c42209b191fd5b47f0314658efaf5513,,
correlation,dace_gpu,auto_opt,same_process,observed,0.26664564036764205,correlation,,6,3,5bed53d94756b29d6c326b3510b9e7380e2b6d4931a68ec824535ca294b9c166,90af084039550dbfa1b2c0aafc8d4694c42209b191fd5b47f0314658efaf5513,,
correlation,cupy,default,same_process,observed,0.6748116491362453,correlation_return,,6,3,4708febb51509c27799764226558ac090461d90855debef2b30a03c03ef57f6e,a80325d29cec49a59ec855ace66ce22deb5c4598a5707696210d3afdf6a571ee,,
covariance,numpy,default,same_process,observed,1.0573648714926094,covariance,,6,3,58b3a80d268ca9926b9a85556fa505122524ca4c66cc443c90a1e88c8ffec02f,af17a377caed2a970d699d0afa2fcc0382f2e0ec47bdab98c00e9bb2f70fcc48,,
covariance,numba,nopython-mode,same_process,observed,140.9942357945256,covariance,,6,3,58b3a80d268ca9926b9a85556fa505122524ca4c66cc443c90a1e88c8ffec02f,af17a377caed2a970d699d0afa2fcc0382f2e0ec47bdab98c00e9bb2f70fcc48,,
covariance,numba,nopython-mode-parallel,same_process,error,,covariance,,0,0,58b3a80d268ca9926b9a85556fa505122524ca4c66cc443c90a1e88c8ffec02f,af17a377caed2a970d699d0afa2fcc0382f2e0ec47bdab98c00e9bb2f70fcc48,,
covariance,numba,nopython-mode-parallel-range,same_process,error,,covariance,,0,0,58b3a80d268ca9926b9a85556fa505122524ca4c66cc443c90a1e88c8ffec02f,af17a377caed2a970d699d0afa2fcc0382f2e0ec47bdab98c00e9bb2f70fcc48,,
covariance,numba,object-mode,same_process,observed,128.52520835981704,covariance,,2,1,58b3a80d268ca9926b9a85556fa505122524ca4c66cc443c90a1e88c8ffec02f,af17a377caed2a970d699d0afa2fcc0382f2e0ec47bdab98c00e9bb2f70fcc48,,original_process_only
covariance,numba,object-mode-parallel,same_process,observed,264.90272490214556,covariance,,2,1,58b3a80d268ca9926b9a85556fa505122524ca4c66cc443c90a1e88c8ffec02f,af17a377caed2a970d699d0afa2fcc0382f2e0ec47bdab98c00e9bb2f70fcc48,,original_process_only
covariance,numba,object-mode-parallel-range,same_process,observed,1.1021533955354244,covariance,,2,1,58b3a80d268ca9926b9a85556fa505122524ca4c66cc443c90a1e88c8ffec02f,af17a377caed2a970d699d0afa2fcc0382f2e0ec47bdab98c00e9bb2f70fcc48,,original_process_only
covariance,dace_cpu,fusion,same_process,observed,67.46892202831805,covariance,,6,3,58b3a80d268ca9926b9a85556fa505122524ca4c66cc443c90a1e88c8ffec02f,af17a377caed2a970d699d0afa2fcc0382f2e0ec47bdab98c00e9bb2f70fcc48,,
covariance,dace_cpu,parallel,same_process,observed,68.59450922580436,covariance,,6,3,58b3a80d268ca9926b9a85556fa505122524ca4c66cc443c90a1e88c8ffec02f,af17a377caed2a970d699d0afa2fcc0382f2e0ec47bdab98c00e9bb2f70fcc48,,
covariance,dace_cpu,auto_opt,same_process,observed,66.30823536333628,covariance,,6,3,58b3a80d268ca9926b9a85556fa505122524ca4c66cc443c90a1e88c8ffec02f,af17a377caed2a970d699d0afa2fcc0382f2e0ec47bdab98c00e9bb2f70fcc48,,
covariance,dace_gpu,fusion,same_process,observed,0.3092083816882223,covariance,,6,3,58b3a80d268ca9926b9a85556fa505122524ca4c66cc443c90a1e88c8ffec02f,af17a377caed2a970d699d0afa2fcc0382f2e0ec47bdab98c00e9bb2f70fcc48,,
covariance,dace_gpu,parallel,same_process,observed,0.3051314549520612,covariance,,6,3,58b3a80d268ca9926b9a85556fa505122524ca4c66cc443c90a1e88c8ffec02f,af17a377caed2a970d699d0afa2fcc0382f2e0ec47bdab98c00e9bb2f70fcc48,,
covariance,dace_gpu,auto_opt,same_process,observed,0.30949099035933614,covariance,,6,3,58b3a80d268ca9926b9a85556fa505122524ca4c66cc443c90a1e88c8ffec02f,af17a377caed2a970d699d0afa2fcc0382f2e0ec47bdab98c00e9bb2f70fcc48,,
covariance,cupy,default,same_process,observed,0.8645136223640293,covariance,,6,3,58b3a80d268ca9926b9a85556fa505122524ca4c66cc443c90a1e88c8ffec02f,af17a377caed2a970d699d0afa2fcc0382f2e0ec47bdab98c00e9bb2f70fcc48,,
covariance2,numpy,default,same_process,observed,0.21784149738959968,covariance2,,6,3,b81db17e032d058c24615c34bdcb3c48ed5a23e6cf458082da80be982f4559fa,e1424bc66fff5f5bb8acd9b4f317faa2af4ea1da59094eb63d32d82413d01c9b,,
covariance2,numba,nopython-mode,same_process,observed,0.41528259706683457,covariance2,,6,3,b81db17e032d058c24615c34bdcb3c48ed5a23e6cf458082da80be982f4559fa,e1424bc66fff5f5bb8acd9b4f317faa2af4ea1da59094eb63d32d82413d01c9b,,
covariance2,numba,nopython-mode-parallel,same_process,N/A,,,,,,,,,
covariance2,numba,nopython-mode-parallel-range,same_process,N/A,,,,,,,,,
covariance2,numba,object-mode,same_process,N/A,,,,,,,,,
covariance2,numba,object-mode-parallel,same_process,N/A,,,,,,,,,
covariance2,numba,object-mode-parallel-range,same_process,N/A,,,,,,,,,
covariance2,dace_cpu,fusion,same_process,missing,,covariance2,,0,0,b81db17e032d058c24615c34bdcb3c48ed5a23e6cf458082da80be982f4559fa,e1424bc66fff5f5bb8acd9b4f317faa2af4ea1da59094eb63d32d82413d01c9b,,
covariance2,dace_cpu,parallel,same_process,missing,,covariance2,,0,0,b81db17e032d058c24615c34bdcb3c48ed5a23e6cf458082da80be982f4559fa,e1424bc66fff5f5bb8acd9b4f317faa2af4ea1da59094eb63d32d82413d01c9b,,
covariance2,dace_cpu,auto_opt,same_process,missing,,covariance2,,0,0,b81db17e032d058c24615c34bdcb3c48ed5a23e6cf458082da80be982f4559fa,e1424bc66fff5f5bb8acd9b4f317faa2af4ea1da59094eb63d32d82413d01c9b,,
covariance2,dace_gpu,fusion,same_process,missing,,covariance2,,0,0,b81db17e032d058c24615c34bdcb3c48ed5a23e6cf458082da80be982f4559fa,e1424bc66fff5f5bb8acd9b4f317faa2af4ea1da59094eb63d32d82413d01c9b,,
covariance2,dace_gpu,parallel,same_process,missing,,covariance2,,0,0,b81db17e032d058c24615c34bdcb3c48ed5a23e6cf458082da80be982f4559fa,e1424bc66fff5f5bb8acd9b4f317faa2af4ea1da59094eb63d32d82413d01c9b,,
covariance2,dace_gpu,auto_opt,same_process,missing,,covariance2,,0,0,b81db17e032d058c24615c34bdcb3c48ed5a23e6cf458082da80be982f4559fa,e1424bc66fff5f5bb8acd9b4f317faa2af4ea1da59094eb63d32d82413d01c9b,,
covariance2,cupy,default,same_process,missing,,covariance2,,0,0,b81db17e032d058c24615c34bdcb3c48ed5a23e6cf458082da80be982f4559fa,e1424bc66fff5f5bb8acd9b4f317faa2af4ea1da59094eb63d32d82413d01c9b,,
crc16,numpy,default,same_process,observed,0.9557864274829626,crc16,,6,3,a7203e25a233dc7df7310c8693f87c1b6b61fb79f1dbf0005a64f986bb9b4471,f5e374255acb40d3b61ef049439a216956523578089519cdbac1c787454c279b,,
crc16,numba,nopython-mode,same_process,observed,0.0020530009642243385,crc16,,6,3,a7203e25a233dc7df7310c8693f87c1b6b61fb79f1dbf0005a64f986bb9b4471,f5e374255acb40d3b61ef049439a216956523578089519cdbac1c787454c279b,,
crc16,numba,nopython-mode-parallel,same_process,observed,0.0016456348821520805,crc16,,6,3,a7203e25a233dc7df7310c8693f87c1b6b61fb79f1dbf0005a64f986bb9b4471,f5e374255acb40d3b61ef049439a216956523578089519cdbac1c787454c279b,,
crc16,numba,nopython-mode-parallel-range,same_process,N/A,,,,,,,,,
crc16,numba,object-mode,same_process,N/A,,,,,,,,,
crc16,numba,object-mode-parallel,same_process,N/A,,,,,,,,,
crc16,numba,object-mode-parallel-range,same_process,N/A,,,,,,,,,
crc16,dace_cpu,fusion,same_process,observed,0.0020406232215464115,crc16,,6,3,a7203e25a233dc7df7310c8693f87c1b6b61fb79f1dbf0005a64f986bb9b4471,f5e374255acb40d3b61ef049439a216956523578089519cdbac1c787454c279b,,selected_process_variability
crc16,dace_cpu,parallel,same_process,observed,0.0019588349387049675,crc16,,6,3,a7203e25a233dc7df7310c8693f87c1b6b61fb79f1dbf0005a64f986bb9b4471,f5e374255acb40d3b61ef049439a216956523578089519cdbac1c787454c279b,,selected_process_variability
crc16,dace_cpu,auto_opt,same_process,observed,0.007341634947806597,crc16,,6,3,a7203e25a233dc7df7310c8693f87c1b6b61fb79f1dbf0005a64f986bb9b4471,f5e374255acb40d3b61ef049439a216956523578089519cdbac1c787454c279b,,
crc16,dace_gpu,fusion,same_process,observed,5.195878328988329,crc16,,6,3,a7203e25a233dc7df7310c8693f87c1b6b61fb79f1dbf0005a64f986bb9b4471,f5e374255acb40d3b61ef049439a216956523578089519cdbac1c787454c279b,,
crc16,dace_gpu,parallel,same_process,observed,5.170322899939492,crc16,,6,3,a7203e25a233dc7df7310c8693f87c1b6b61fb79f1dbf0005a64f986bb9b4471,f5e374255acb40d3b61ef049439a216956523578089519cdbac1c787454c279b,,
crc16,dace_gpu,auto_opt,same_process,observed,5.129670782480389,crc16,,6,3,a7203e25a233dc7df7310c8693f87c1b6b61fb79f1dbf0005a64f986bb9b4471,f5e374255acb40d3b61ef049439a216956523578089519cdbac1c787454c279b,,
crc16,cupy,default,same_process,observed,102.20021218457259,crc16,,6,3,a7203e25a233dc7df7310c8693f87c1b6b61fb79f1dbf0005a64f986bb9b4471,f5e374255acb40d3b61ef049439a216956523578089519cdbac1c787454c279b,,
deriche,numpy,default,same_process,observed,0.8914826686959714,deriche,,6,3,ef9e5773989e084d7d1b667806f77c2b4ac4ac430dad3a2726f189d79dc3abc8,86bedd90fc265ce6365b560b64f12b89d3c2d5bf501294f5352e2a58074f9840,,
deriche,numba,nopython-mode,same_process,observed,1.0704175224527717,deriche,,6,3,ef9e5773989e084d7d1b667806f77c2b4ac4ac430dad3a2726f189d79dc3abc8,86bedd90fc265ce6365b560b64f12b89d3c2d5bf501294f5352e2a58074f9840,,
deriche,numba,nopython-mode-parallel,same_process,observed,3.038944523083046,deriche,,6,3,ef9e5773989e084d7d1b667806f77c2b4ac4ac430dad3a2726f189d79dc3abc8,86bedd90fc265ce6365b560b64f12b89d3c2d5bf501294f5352e2a58074f9840,,selected_process_variability
deriche,numba,nopython-mode-parallel-range,same_process,N/A,,,,,,,,,
deriche,numba,object-mode,same_process,N/A,,,,,,,,,
deriche,numba,object-mode-parallel,same_process,N/A,,,,,,,,,
deriche,numba,object-mode-parallel-range,same_process,N/A,,,,,,,,,
deriche,dace_cpu,fusion,same_process,observed,2.1948094435501844,deriche,,6,3,ef9e5773989e084d7d1b667806f77c2b4ac4ac430dad3a2726f189d79dc3abc8,86bedd90fc265ce6365b560b64f12b89d3c2d5bf501294f5352e2a58074f9840,,
deriche,dace_cpu,parallel,same_process,observed,2.2293529990129173,deriche,,6,3,ef9e5773989e084d7d1b667806f77c2b4ac4ac430dad3a2726f189d79dc3abc8,86bedd90fc265ce6365b560b64f12b89d3c2d5bf501294f5352e2a58074f9840,,selected_process_variability
deriche,dace_cpu,auto_opt,same_process,observed,1.5801757730077952,deriche,,6,3,ef9e5773989e084d7d1b667806f77c2b4ac4ac430dad3a2726f189d79dc3abc8,86bedd90fc265ce6365b560b64f12b89d3c2d5bf501294f5352e2a58074f9840,,selected_process_variability
deriche,dace_gpu,fusion,same_process,observed,0.667675465811044,deriche,,6,3,ef9e5773989e084d7d1b667806f77c2b4ac4ac430dad3a2726f189d79dc3abc8,86bedd90fc265ce6365b560b64f12b89d3c2d5bf501294f5352e2a58074f9840,,
deriche,dace_gpu,parallel,same_process,observed,0.7149740003515035,deriche,,6,3,ef9e5773989e084d7d1b667806f77c2b4ac4ac430dad3a2726f189d79dc3abc8,86bedd90fc265ce6365b560b64f12b89d3c2d5bf501294f5352e2a58074f9840,,selected_process_variability
deriche,dace_gpu,auto_opt,same_process,observed,0.19579404219985008,deriche,,6,3,ef9e5773989e084d7d1b667806f77c2b4ac4ac430dad3a2726f189d79dc3abc8,86bedd90fc265ce6365b560b64f12b89d3c2d5bf501294f5352e2a58074f9840,,new_variability
deriche,cupy,default,same_process,observed,2.4019219467882067,deriche,,6,3,ef9e5773989e084d7d1b667806f77c2b4ac4ac430dad3a2726f189d79dc3abc8,86bedd90fc265ce6365b560b64f12b89d3c2d5bf501294f5352e2a58074f9840,,
doitgen,numpy,default,same_process,observed,1.7532269721850753,doitgen,,6,3,0a710e9d831ec217703666c373d0b37a2be01b536d40ad9f598bb77b08a6f7ff,e54ec8efb6b8a7fe086a96f3c0074529002b4a5aad97bbd19161c0a49cf1bb9d,,
doitgen,numba,nopython-mode,same_process,observed,2.079097245587036,doitgen,,6,3,0a710e9d831ec217703666c373d0b37a2be01b536d40ad9f598bb77b08a6f7ff,e54ec8efb6b8a7fe086a96f3c0074529002b4a5aad97bbd19161c0a49cf1bb9d,,
doitgen,numba,nopython-mode-parallel,same_process,N/A,,,,,,,,,
doitgen,numba,nopython-mode-parallel-range,same_process,N/A,,,,,,,,,
doitgen,numba,object-mode,same_process,observed,2.1650513825006783,doitgen,,6,3,0a710e9d831ec217703666c373d0b37a2be01b536d40ad9f598bb77b08a6f7ff,e54ec8efb6b8a7fe086a96f3c0074529002b4a5aad97bbd19161c0a49cf1bb9d,,
doitgen,numba,object-mode-parallel,same_process,observed,1.989500498631969,doitgen,,6,3,0a710e9d831ec217703666c373d0b37a2be01b536d40ad9f598bb77b08a6f7ff,e54ec8efb6b8a7fe086a96f3c0074529002b4a5aad97bbd19161c0a49cf1bb9d,,
doitgen,numba,object-mode-parallel-range,same_process,N/A,,,,,,,,,
doitgen,dace_cpu,fusion,same_process,observed,0.3085375044029206,doitgen,,6,3,0a710e9d831ec217703666c373d0b37a2be01b536d40ad9f598bb77b08a6f7ff,e54ec8efb6b8a7fe086a96f3c0074529002b4a5aad97bbd19161c0a49cf1bb9d,,
doitgen,dace_cpu,parallel,same_process,observed,0.28031793842092156,doitgen,,6,3,0a710e9d831ec217703666c373d0b37a2be01b536d40ad9f598bb77b08a6f7ff,e54ec8efb6b8a7fe086a96f3c0074529002b4a5aad97bbd19161c0a49cf1bb9d,,new_sampling_or_resources;selected_process_variability
doitgen,dace_cpu,auto_opt,same_process,observed,0.29095402592793107,doitgen,,6,3,0a710e9d831ec217703666c373d0b37a2be01b536d40ad9f598bb77b08a6f7ff,e54ec8efb6b8a7fe086a96f3c0074529002b4a5aad97bbd19161c0a49cf1bb9d,,selected_process_variability
doitgen,dace_gpu,fusion,same_process,observed,0.11004126560874283,doitgen,,6,3,0a710e9d831ec217703666c373d0b37a2be01b536d40ad9f598bb77b08a6f7ff,e54ec8efb6b8a7fe086a96f3c0074529002b4a5aad97bbd19161c0a49cf1bb9d,,
doitgen,dace_gpu,parallel,same_process,observed,0.10538004711270332,doitgen,,6,3,0a710e9d831ec217703666c373d0b37a2be01b536d40ad9f598bb77b08a6f7ff,e54ec8efb6b8a7fe086a96f3c0074529002b4a5aad97bbd19161c0a49cf1bb9d,,
doitgen,dace_gpu,auto_opt,same_process,observed,0.11884870543144643,doitgen,,6,3,0a710e9d831ec217703666c373d0b37a2be01b536d40ad9f598bb77b08a6f7ff,e54ec8efb6b8a7fe086a96f3c0074529002b4a5aad97bbd19161c0a49cf1bb9d,,selected_process_variability
doitgen,cupy,default,same_process,observed,0.1348729704041034,doitgen,,6,3,0a710e9d831ec217703666c373d0b37a2be01b536d40ad9f598bb77b08a6f7ff,e54ec8efb6b8a7fe086a96f3c0074529002b4a5aad97bbd19161c0a49cf1bb9d,,
durbin,numpy,default,same_process,observed,1.8511984068900347,durbin,,6,3,7437c8bf3a6ba1cbc2df811774313bdf292efa8f737e2b875afbdc1c26ff99aa,ce8fe98cca13e7ff78b2059649cf38d58a3f2af294a834c6e4698392b4e95b14,,new_variability;selected_process_variability
durbin,numba,nopython-mode,same_process,observed,1.698292258894071,durbin,,6,3,7437c8bf3a6ba1cbc2df811774313bdf292efa8f737e2b875afbdc1c26ff99aa,ce8fe98cca13e7ff78b2059649cf38d58a3f2af294a834c6e4698392b4e95b14,,new_variability;selected_process_variability
durbin,numba,nopython-mode-parallel,same_process,error,,durbin,,0,0,7437c8bf3a6ba1cbc2df811774313bdf292efa8f737e2b875afbdc1c26ff99aa,ce8fe98cca13e7ff78b2059649cf38d58a3f2af294a834c6e4698392b4e95b14,,
durbin,numba,nopython-mode-parallel-range,same_process,N/A,,,,,,,,,
durbin,numba,object-mode,same_process,N/A,,,,,,,,,
durbin,numba,object-mode-parallel,same_process,N/A,,,,,,,,,
durbin,numba,object-mode-parallel-range,same_process,N/A,,,,,,,,,
durbin,dace_cpu,fusion,same_process,timeout,,durbin,,0,0,7437c8bf3a6ba1cbc2df811774313bdf292efa8f737e2b875afbdc1c26ff99aa,ce8fe98cca13e7ff78b2059649cf38d58a3f2af294a834c6e4698392b4e95b14,,
durbin,dace_cpu,parallel,same_process,timeout,,durbin,,0,0,7437c8bf3a6ba1cbc2df811774313bdf292efa8f737e2b875afbdc1c26ff99aa,ce8fe98cca13e7ff78b2059649cf38d58a3f2af294a834c6e4698392b4e95b14,,
durbin,dace_cpu,auto_opt,same_process,timeout,,durbin,,0,0,7437c8bf3a6ba1cbc2df811774313bdf292efa8f737e2b875afbdc1c26ff99aa,ce8fe98cca13e7ff78b2059649cf38d58a3f2af294a834c6e4698392b4e95b14,,
durbin,dace_gpu,fusion,same_process,observed,1.1554079020861536,durbin,,6,3,7437c8bf3a6ba1cbc2df811774313bdf292efa8f737e2b875afbdc1c26ff99aa,ce8fe98cca13e7ff78b2059649cf38d58a3f2af294a834c6e4698392b4e95b14,,
durbin,dace_gpu,parallel,same_process,observed,1.304891778388992,durbin,,6,3,7437c8bf3a6ba1cbc2df811774313bdf292efa8f737e2b875afbdc1c26ff99aa,ce8fe98cca13e7ff78b2059649cf38d58a3f2af294a834c6e4698392b4e95b14,,selected_process_variability
durbin,dace_gpu,auto_opt,same_process,observed,1.1743357272353023,durbin,,6,3,7437c8bf3a6ba1cbc2df811774313bdf292efa8f737e2b875afbdc1c26ff99aa,ce8fe98cca13e7ff78b2059649cf38d58a3f2af294a834c6e4698392b4e95b14,,selected_process_variability
durbin,cupy,default,same_process,observed,4.089670399436727,durbin,,6,3,7437c8bf3a6ba1cbc2df811774313bdf292efa8f737e2b875afbdc1c26ff99aa,ce8fe98cca13e7ff78b2059649cf38d58a3f2af294a834c6e4698392b4e95b14,,
fdtd_2d,numpy,default,same_process,observed,0.9214490347076207,fdtd_2d,,6,3,06e26254e9c8b359ff97a77665932fc3543384ca179dea039154450eff6c94ff,ae503cf8154fbe07791342cfced3146fb8b1e03dbea637ba9add8796956ed94d,,
fdtd_2d,numba,nopython-mode,same_process,observed,1.543296976480633,fdtd_2d,,6,3,06e26254e9c8b359ff97a77665932fc3543384ca179dea039154450eff6c94ff,ae503cf8154fbe07791342cfced3146fb8b1e03dbea637ba9add8796956ed94d,,selected_process_variability
fdtd_2d,numba,nopython-mode-parallel,same_process,observed,0.6996350130066276,fdtd_2d,,6,3,06e26254e9c8b359ff97a77665932fc3543384ca179dea039154450eff6c94ff,ae503cf8154fbe07791342cfced3146fb8b1e03dbea637ba9add8796956ed94d,,selected_process_variability
fdtd_2d,numba,nopython-mode-parallel-range,same_process,N/A,,,,,,,,,
fdtd_2d,numba,object-mode,same_process,N/A,,,,,,,,,
fdtd_2d,numba,object-mode-parallel,same_process,N/A,,,,,,,,,
fdtd_2d,numba,object-mode-parallel-range,same_process,N/A,,,,,,,,,
fdtd_2d,dace_cpu,fusion,same_process,observed,0.1378003868740052,fdtd_2d,,6,3,06e26254e9c8b359ff97a77665932fc3543384ca179dea039154450eff6c94ff,ae503cf8154fbe07791342cfced3146fb8b1e03dbea637ba9add8796956ed94d,,
fdtd_2d,dace_cpu,parallel,same_process,observed,0.11088409158401191,fdtd_2d,,6,3,06e26254e9c8b359ff97a77665932fc3543384ca179dea039154450eff6c94ff,ae503cf8154fbe07791342cfced3146fb8b1e03dbea637ba9add8796956ed94d,,historical_drift_requires_review;new_variability;selected_process_variability
fdtd_2d,dace_cpu,auto_opt,same_process,observed,0.0762522870209068,fdtd_2d,,6,3,06e26254e9c8b359ff97a77665932fc3543384ca179dea039154450eff6c94ff,ae503cf8154fbe07791342cfced3146fb8b1e03dbea637ba9add8796956ed94d,,new_variability;selected_process_variability
fdtd_2d,dace_gpu,fusion,same_process,observed,0.02990884054452181,fdtd_2d,,6,3,06e26254e9c8b359ff97a77665932fc3543384ca179dea039154450eff6c94ff,ae503cf8154fbe07791342cfced3146fb8b1e03dbea637ba9add8796956ed94d,,
fdtd_2d,dace_gpu,parallel,same_process,observed,0.03205440496094525,fdtd_2d,,6,3,06e26254e9c8b359ff97a77665932fc3543384ca179dea039154450eff6c94ff,ae503cf8154fbe07791342cfced3146fb8b1e03dbea637ba9add8796956ed94d,,selected_process_variability
fdtd_2d,dace_gpu,auto_opt,same_process,observed,0.02874508104287088,fdtd_2d,,6,3,06e26254e9c8b359ff97a77665932fc3543384ca179dea039154450eff6c94ff,ae503cf8154fbe07791342cfced3146fb8b1e03dbea637ba9add8796956ed94d,,
fdtd_2d,cupy,default,same_process,observed,0.0619077708106488,fdtd_2d,,6,3,06e26254e9c8b359ff97a77665932fc3543384ca179dea039154450eff6c94ff,ae503cf8154fbe07791342cfced3146fb8b1e03dbea637ba9add8796956ed94d,,
floyd_warshall,numpy,default,same_process,observed,0.8424520744010806,floyd_warshall,,6,3,a3edbd966d81083b8e17c12c5e476ba6f92ae518095bf60f44db36d16648859a,d80d0f1e5dc1b065b6ae583f4925157116e2c98d49b252f8e02fa8c4ffe273fe,,
floyd_warshall,numba,nopython-mode,same_process,observed,1.2750969959888607,floyd_warshall,,6,3,a3edbd966d81083b8e17c12c5e476ba6f92ae518095bf60f44db36d16648859a,d80d0f1e5dc1b065b6ae583f4925157116e2c98d49b252f8e02fa8c4ffe273fe,,
floyd_warshall,numba,nopython-mode-parallel,same_process,observed,54.914537087548524,floyd_warshall,,6,3,a3edbd966d81083b8e17c12c5e476ba6f92ae518095bf60f44db36d16648859a,d80d0f1e5dc1b065b6ae583f4925157116e2c98d49b252f8e02fa8c4ffe273fe,,
floyd_warshall,numba,nopython-mode-parallel-range,same_process,observed,0.16354669514112175,floyd_warshall,,6,3,a3edbd966d81083b8e17c12c5e476ba6f92ae518095bf60f44db36d16648859a,d80d0f1e5dc1b065b6ae583f4925157116e2c98d49b252f8e02fa8c4ffe273fe,,new_reuse_evidence_incomplete;new_sampling_or_resources;selected_process_variability
floyd_warshall,numba,object-mode,same_process,observed,0.7265297179110348,floyd_warshall,,2,1,a3edbd966d81083b8e17c12c5e476ba6f92ae518095bf60f44db36d16648859a,d80d0f1e5dc1b065b6ae583f4925157116e2c98d49b252f8e02fa8c4ffe273fe,,original_process_only
floyd_warshall,numba,object-mode-parallel,same_process,observed,0.8364987552631646,floyd_warshall,,2,1,a3edbd966d81083b8e17c12c5e476ba6f92ae518095bf60f44db36d16648859a,d80d0f1e5dc1b065b6ae583f4925157116e2c98d49b252f8e02fa8c4ffe273fe,,original_process_only
floyd_warshall,numba,object-mode-parallel-range,same_process,N/A,,,,,,,,,
floyd_warshall,dace_cpu,fusion,same_process,observed,1.2175254439935088,floyd_warshall,,6,3,a3edbd966d81083b8e17c12c5e476ba6f92ae518095bf60f44db36d16648859a,d80d0f1e5dc1b065b6ae583f4925157116e2c98d49b252f8e02fa8c4ffe273fe,,historical_drift_requires_review;new_variability;selected_process_variability
floyd_warshall,dace_cpu,parallel,same_process,observed,1.60642482037656,floyd_warshall,,6,3,a3edbd966d81083b8e17c12c5e476ba6f92ae518095bf60f44db36d16648859a,d80d0f1e5dc1b065b6ae583f4925157116e2c98d49b252f8e02fa8c4ffe273fe,,selected_process_variability
floyd_warshall,dace_cpu,auto_opt,same_process,observed,1.1386950453743339,floyd_warshall,,6,3,a3edbd966d81083b8e17c12c5e476ba6f92ae518095bf60f44db36d16648859a,d80d0f1e5dc1b065b6ae583f4925157116e2c98d49b252f8e02fa8c4ffe273fe,,selected_process_variability
floyd_warshall,dace_gpu,fusion,same_process,observed,0.27194924047216773,floyd_warshall,,6,3,a3edbd966d81083b8e17c12c5e476ba6f92ae518095bf60f44db36d16648859a,d80d0f1e5dc1b065b6ae583f4925157116e2c98d49b252f8e02fa8c4ffe273fe,,selected_process_variability
floyd_warshall,dace_gpu,parallel,same_process,observed,0.2318952779751271,floyd_warshall,,6,3,a3edbd966d81083b8e17c12c5e476ba6f92ae518095bf60f44db36d16648859a,d80d0f1e5dc1b065b6ae583f4925157116e2c98d49b252f8e02fa8c4ffe273fe,,
floyd_warshall,dace_gpu,auto_opt,same_process,observed,0.041893128072842956,floyd_warshall,,6,3,a3edbd966d81083b8e17c12c5e476ba6f92ae518095bf60f44db36d16648859a,d80d0f1e5dc1b065b6ae583f4925157116e2c98d49b252f8e02fa8c4ffe273fe,,
floyd_warshall,cupy,default,same_process,observed,27.126964075956494,floyd_warshall,,6,3,a3edbd966d81083b8e17c12c5e476ba6f92ae518095bf60f44db36d16648859a,d80d0f1e5dc1b065b6ae583f4925157116e2c98d49b252f8e02fa8c4ffe273fe,,
gemm,numpy,default,same_process,observed,1.6002213060855865,gemm,,6,3,0c0d6b6a480e5bce18192950eed6fa367ca1dff111ffe96afd63e44b0357c489,a7cad45e3e7e87c02c7a2df12b4f75774f21a5cca78b504ff8830be9107f34b6,,
gemm,numba,nopython-mode,same_process,observed,1.93670438346453,gemm,,6,3,0c0d6b6a480e5bce18192950eed6fa367ca1dff111ffe96afd63e44b0357c489,a7cad45e3e7e87c02c7a2df12b4f75774f21a5cca78b504ff8830be9107f34b6,,
gemm,numba,nopython-mode-parallel,same_process,observed,1.7350574389565736,gemm,,6,3,0c0d6b6a480e5bce18192950eed6fa367ca1dff111ffe96afd63e44b0357c489,a7cad45e3e7e87c02c7a2df12b4f75774f21a5cca78b504ff8830be9107f34b6,,
gemm,numba,nopython-mode-parallel-range,same_process,N/A,,,,,,,,,
gemm,numba,object-mode,same_process,N/A,,,,,,,,,
gemm,numba,object-mode-parallel,same_process,N/A,,,,,,,,,
gemm,numba,object-mode-parallel-range,same_process,N/A,,,,,,,,,
gemm,dace_cpu,fusion,same_process,observed,1.7880673233885318,gemm,,6,3,0c0d6b6a480e5bce18192950eed6fa367ca1dff111ffe96afd63e44b0357c489,a7cad45e3e7e87c02c7a2df12b4f75774f21a5cca78b504ff8830be9107f34b6,,
gemm,dace_cpu,parallel,same_process,observed,1.749459313461557,gemm,,6,3,0c0d6b6a480e5bce18192950eed6fa367ca1dff111ffe96afd63e44b0357c489,a7cad45e3e7e87c02c7a2df12b4f75774f21a5cca78b504ff8830be9107f34b6,,
gemm,dace_cpu,auto_opt,same_process,observed,1.3806745358742774,gemm,,6,3,0c0d6b6a480e5bce18192950eed6fa367ca1dff111ffe96afd63e44b0357c489,a7cad45e3e7e87c02c7a2df12b4f75774f21a5cca78b504ff8830be9107f34b6,,
gemm,dace_gpu,fusion,same_process,observed,0.3638619452249259,gemm,,6,3,0c0d6b6a480e5bce18192950eed6fa367ca1dff111ffe96afd63e44b0357c489,a7cad45e3e7e87c02c7a2df12b4f75774f21a5cca78b504ff8830be9107f34b6,,new_sampling_or_resources
gemm,dace_gpu,parallel,same_process,observed,0.3731258176267147,gemm,,6,3,0c0d6b6a480e5bce18192950eed6fa367ca1dff111ffe96afd63e44b0357c489,a7cad45e3e7e87c02c7a2df12b4f75774f21a5cca78b504ff8830be9107f34b6,,
gemm,dace_gpu,auto_opt,same_process,observed,0.36505951965227723,gemm,,6,3,0c0d6b6a480e5bce18192950eed6fa367ca1dff111ffe96afd63e44b0357c489,a7cad45e3e7e87c02c7a2df12b4f75774f21a5cca78b504ff8830be9107f34b6,,
gemm,cupy,default,same_process,observed,0.5652077640406787,gemm,,6,3,0c0d6b6a480e5bce18192950eed6fa367ca1dff111ffe96afd63e44b0357c489,a7cad45e3e7e87c02c7a2df12b4f75774f21a5cca78b504ff8830be9107f34b6,,new_variability
gemver,numpy,default,same_process,observed,0.5883583254180849,gemver,,6,3,85cc572cc7692fb81b6c77506a30c2af771c098b9e57d5abf57198c996aa6ef6,8f83d1ce5ccca10e01496b8b60f5d329e3f1f9e85ecb87f3b836424334239f88,,selected_process_variability
gemver,numba,nopython-mode,same_process,observed,2.3233632585033774,gemver,,6,3,85cc572cc7692fb81b6c77506a30c2af771c098b9e57d5abf57198c996aa6ef6,8f83d1ce5ccca10e01496b8b60f5d329e3f1f9e85ecb87f3b836424334239f88,,
gemver,numba,nopython-mode-parallel,same_process,observed,1.7612820642534643,gemver,,6,3,85cc572cc7692fb81b6c77506a30c2af771c098b9e57d5abf57198c996aa6ef6,8f83d1ce5ccca10e01496b8b60f5d329e3f1f9e85ecb87f3b836424334239f88,,
gemver,numba,nopython-mode-parallel-range,same_process,N/A,,,,,,,,,
gemver,numba,object-mode,same_process,N/A,,,,,,,,,
gemver,numba,object-mode-parallel,same_process,N/A,,,,,,,,,
gemver,numba,object-mode-parallel-range,same_process,N/A,,,,,,,,,
gemver,dace_cpu,fusion,same_process,observed,0.34380610357038677,gemver,,6,3,85cc572cc7692fb81b6c77506a30c2af771c098b9e57d5abf57198c996aa6ef6,8f83d1ce5ccca10e01496b8b60f5d329e3f1f9e85ecb87f3b836424334239f88,,
gemver,dace_cpu,parallel,same_process,observed,0.37073459569364786,gemver,,6,3,85cc572cc7692fb81b6c77506a30c2af771c098b9e57d5abf57198c996aa6ef6,8f83d1ce5ccca10e01496b8b60f5d329e3f1f9e85ecb87f3b836424334239f88,,
gemver,dace_cpu,auto_opt,same_process,observed,0.17954581207595766,gemver,,6,3,85cc572cc7692fb81b6c77506a30c2af771c098b9e57d5abf57198c996aa6ef6,8f83d1ce5ccca10e01496b8b60f5d329e3f1f9e85ecb87f3b836424334239f88,,new_variability;selected_process_variability
gemver,dace_gpu,fusion,same_process,observed,0.33601812832057476,gemver,,6,3,85cc572cc7692fb81b6c77506a30c2af771c098b9e57d5abf57198c996aa6ef6,8f83d1ce5ccca10e01496b8b60f5d329e3f1f9e85ecb87f3b836424334239f88,,
gemver,dace_gpu,parallel,same_process,observed,0.3322433060966432,gemver,,6,3,85cc572cc7692fb81b6c77506a30c2af771c098b9e57d5abf57198c996aa6ef6,8f83d1ce5ccca10e01496b8b60f5d329e3f1f9e85ecb87f3b836424334239f88,,selected_process_variability
gemver,dace_gpu,auto_opt,same_process,observed,0.33730357023887336,gemver,,6,3,85cc572cc7692fb81b6c77506a30c2af771c098b9e57d5abf57198c996aa6ef6,8f83d1ce5ccca10e01496b8b60f5d329e3f1f9e85ecb87f3b836424334239f88,,
gemver,cupy,default,same_process,observed,0.3241181015037,gemver,,6,3,85cc572cc7692fb81b6c77506a30c2af771c098b9e57d5abf57198c996aa6ef6,8f83d1ce5ccca10e01496b8b60f5d329e3f1f9e85ecb87f3b836424334239f88,,
gesummv,numpy,default,same_process,observed,0.6353807004634291,gesummv,,6,3,0e62642787bfd7976dde4296be195e5cc2dd07cdd198d1233ad748fdaaf9fc80,603add7d548bef0a20a6309fbf3785c05014a0b3550717c6d424278bd55d2518,,
gesummv,numba,nopython-mode,same_process,observed,2.089407311519608,gesummv,,6,3,0e62642787bfd7976dde4296be195e5cc2dd07cdd198d1233ad748fdaaf9fc80,603add7d548bef0a20a6309fbf3785c05014a0b3550717c6d424278bd55d2518,,
gesummv,numba,nopython-mode-parallel,same_process,observed,0.5979615803807974,gesummv,,6,3,0e62642787bfd7976dde4296be195e5cc2dd07cdd198d1233ad748fdaaf9fc80,603add7d548bef0a20a6309fbf3785c05014a0b3550717c6d424278bd55d2518,,
gesummv,numba,nopython-mode-parallel-range,same_process,N/A,,,,,,,,,
gesummv,numba,object-mode,same_process,N/A,,,,,,,,,
gesummv,numba,object-mode-parallel,same_process,N/A,,,,,,,,,
gesummv,numba,object-mode-parallel-range,same_process,N/A,,,,,,,,,
gesummv,dace_cpu,fusion,same_process,observed,0.5999037129804492,gesummv,,6,3,0e62642787bfd7976dde4296be195e5cc2dd07cdd198d1233ad748fdaaf9fc80,603add7d548bef0a20a6309fbf3785c05014a0b3550717c6d424278bd55d2518,,
gesummv,dace_cpu,parallel,same_process,observed,0.6344496814999729,gesummv,,6,3,0e62642787bfd7976dde4296be195e5cc2dd07cdd198d1233ad748fdaaf9fc80,603add7d548bef0a20a6309fbf3785c05014a0b3550717c6d424278bd55d2518,,
gesummv,dace_cpu,auto_opt,same_process,observed,0.27964783925563097,gesummv,,6,3,0e62642787bfd7976dde4296be195e5cc2dd07cdd198d1233ad748fdaaf9fc80,603add7d548bef0a20a6309fbf3785c05014a0b3550717c6d424278bd55d2518,,new_sampling_or_resources;selected_process_variability
gesummv,dace_gpu,fusion,same_process,observed,0.6184362459462136,gesummv,,6,3,0e62642787bfd7976dde4296be195e5cc2dd07cdd198d1233ad748fdaaf9fc80,603add7d548bef0a20a6309fbf3785c05014a0b3550717c6d424278bd55d2518,,selected_process_variability
gesummv,dace_gpu,parallel,same_process,observed,0.593438204145059,gesummv,,6,3,0e62642787bfd7976dde4296be195e5cc2dd07cdd198d1233ad748fdaaf9fc80,603add7d548bef0a20a6309fbf3785c05014a0b3550717c6d424278bd55d2518,,selected_process_variability
gesummv,dace_gpu,auto_opt,same_process,observed,0.4301165430806577,gesummv,,6,3,0e62642787bfd7976dde4296be195e5cc2dd07cdd198d1233ad748fdaaf9fc80,603add7d548bef0a20a6309fbf3785c05014a0b3550717c6d424278bd55d2518,,
gesummv,cupy,default,same_process,observed,0.37579919560812414,gesummv,,6,3,0e62642787bfd7976dde4296be195e5cc2dd07cdd198d1233ad748fdaaf9fc80,603add7d548bef0a20a6309fbf3785c05014a0b3550717c6d424278bd55d2518,,selected_process_variability
go_fast,numpy,default,same_process,observed,1.8910328133497387,go_fast,,6,3,ae81860b1a6b200efcca939dedfc2ee5e6a861d07af0c13d6e54e4f1ed9dfb3a,27869e2eab641d51a4dcb8b144e082c2564882966a28c404e3c13fdb484f75cf,,selected_process_variability
go_fast,numba,nopython-mode,same_process,observed,1.777317581931129,go_fast,,6,3,ae81860b1a6b200efcca939dedfc2ee5e6a861d07af0c13d6e54e4f1ed9dfb3a,27869e2eab641d51a4dcb8b144e082c2564882966a28c404e3c13fdb484f75cf,,
go_fast,numba,nopython-mode-parallel,same_process,observed,0.18497937684878707,go_fast,,6,3,ae81860b1a6b200efcca939dedfc2ee5e6a861d07af0c13d6e54e4f1ed9dfb3a,27869e2eab641d51a4dcb8b144e082c2564882966a28c404e3c13fdb484f75cf,,
go_fast,numba,nopython-mode-parallel-range,same_process,observed,0.19141392968595028,go_fast,,6,3,ae81860b1a6b200efcca939dedfc2ee5e6a861d07af0c13d6e54e4f1ed9dfb3a,27869e2eab641d51a4dcb8b144e082c2564882966a28c404e3c13fdb484f75cf,,
go_fast,numba,object-mode,same_process,N/A,,,,,,,,,
go_fast,numba,object-mode-parallel,same_process,N/A,,,,,,,,,
go_fast,numba,object-mode-parallel-range,same_process,N/A,,,,,,,,,
go_fast,dace_cpu,fusion,same_process,observed,0.10139065608382225,go_fast,,6,3,ae81860b1a6b200efcca939dedfc2ee5e6a861d07af0c13d6e54e4f1ed9dfb3a,27869e2eab641d51a4dcb8b144e082c2564882966a28c404e3c13fdb484f75cf,,
go_fast,dace_cpu,parallel,same_process,observed,0.10089353355579078,go_fast,,6,3,ae81860b1a6b200efcca939dedfc2ee5e6a861d07af0c13d6e54e4f1ed9dfb3a,27869e2eab641d51a4dcb8b144e082c2564882966a28c404e3c13fdb484f75cf,,
go_fast,dace_cpu,auto_opt,same_process,observed,0.10152458376251161,go_fast,,6,3,ae81860b1a6b200efcca939dedfc2ee5e6a861d07af0c13d6e54e4f1ed9dfb3a,27869e2eab641d51a4dcb8b144e082c2564882966a28c404e3c13fdb484f75cf,,
go_fast,dace_gpu,fusion,same_process,observed,4.557372236158699,go_fast,,6,3,ae81860b1a6b200efcca939dedfc2ee5e6a861d07af0c13d6e54e4f1ed9dfb3a,27869e2eab641d51a4dcb8b144e082c2564882966a28c404e3c13fdb484f75cf,,selected_process_variability
go_fast,dace_gpu,parallel,same_process,observed,2.3086955179460347,go_fast,,6,3,ae81860b1a6b200efcca939dedfc2ee5e6a861d07af0c13d6e54e4f1ed9dfb3a,27869e2eab641d51a4dcb8b144e082c2564882966a28c404e3c13fdb484f75cf,,selected_process_variability
go_fast,dace_gpu,auto_opt,same_process,observed,1.4667178397066891,go_fast,,6,3,ae81860b1a6b200efcca939dedfc2ee5e6a861d07af0c13d6e54e4f1ed9dfb3a,27869e2eab641d51a4dcb8b144e082c2564882966a28c404e3c13fdb484f75cf,,new_sampling_or_resources;selected_process_variability
go_fast,cupy,default,same_process,observed,2.764574703061953,go_fast,,6,3,ae81860b1a6b200efcca939dedfc2ee5e6a861d07af0c13d6e54e4f1ed9dfb3a,27869e2eab641d51a4dcb8b144e082c2564882966a28c404e3c13fdb484f75cf,,selected_process_variability
gramschmidt,numpy,default,same_process,observed,1.10854187537916,gramschmidt,,6,3,1f3d8680c6c62cb57662259efbd6317e805dc931a93921d1f417b2d9a8b00706,0cd9b7683af012b2f89286b1d7f883de9ac11e0a801ad6a40757c753baba615b,,selected_process_variability
gramschmidt,numba,nopython-mode,same_process,observed,0.7341345613822341,gramschmidt,,6,3,1f3d8680c6c62cb57662259efbd6317e805dc931a93921d1f417b2d9a8b00706,0cd9b7683af012b2f89286b1d7f883de9ac11e0a801ad6a40757c753baba615b,,new_sampling_or_resources
gramschmidt,numba,nopython-mode-parallel,same_process,observed,15.611070972401649,gramschmidt,,6,3,1f3d8680c6c62cb57662259efbd6317e805dc931a93921d1f417b2d9a8b00706,0cd9b7683af012b2f89286b1d7f883de9ac11e0a801ad6a40757c753baba615b,,selected_process_variability
gramschmidt,numba,nopython-mode-parallel-range,same_process,N/A,,,,,,,,,
gramschmidt,numba,object-mode,same_process,N/A,,,,,,,,,
gramschmidt,numba,object-mode-parallel,same_process,N/A,,,,,,,,,
gramschmidt,numba,object-mode-parallel-range,same_process,N/A,,,,,,,,,
gramschmidt,dace_cpu,fusion,same_process,observed,7.907473184168339,gramschmidt,,6,3,1f3d8680c6c62cb57662259efbd6317e805dc931a93921d1f417b2d9a8b00706,0cd9b7683af012b2f89286b1d7f883de9ac11e0a801ad6a40757c753baba615b,,selected_process_variability
gramschmidt,dace_cpu,parallel,same_process,observed,9.249906998127699,gramschmidt,,6,3,1f3d8680c6c62cb57662259efbd6317e805dc931a93921d1f417b2d9a8b00706,0cd9b7683af012b2f89286b1d7f883de9ac11e0a801ad6a40757c753baba615b,,selected_process_variability
gramschmidt,dace_cpu,auto_opt,same_process,observed,7.649010805645958,gramschmidt,,6,3,1f3d8680c6c62cb57662259efbd6317e805dc931a93921d1f417b2d9a8b00706,0cd9b7683af012b2f89286b1d7f883de9ac11e0a801ad6a40757c753baba615b,,selected_process_variability
gramschmidt,dace_gpu,fusion,same_process,observed,4.96073037199676,gramschmidt,,6,3,1f3d8680c6c62cb57662259efbd6317e805dc931a93921d1f417b2d9a8b00706,0cd9b7683af012b2f89286b1d7f883de9ac11e0a801ad6a40757c753baba615b,,
gramschmidt,dace_gpu,parallel,same_process,observed,5.1383538455702364,gramschmidt,,6,3,1f3d8680c6c62cb57662259efbd6317e805dc931a93921d1f417b2d9a8b00706,0cd9b7683af012b2f89286b1d7f883de9ac11e0a801ad6a40757c753baba615b,,
gramschmidt,dace_gpu,auto_opt,same_process,observed,4.22075219405815,gramschmidt,,6,3,1f3d8680c6c62cb57662259efbd6317e805dc931a93921d1f417b2d9a8b00706,0cd9b7683af012b2f89286b1d7f883de9ac11e0a801ad6a40757c753baba615b,,
gramschmidt,cupy,default,same_process,observed,15.680323245935142,gramschmidt,,6,3,1f3d8680c6c62cb57662259efbd6317e805dc931a93921d1f417b2d9a8b00706,0cd9b7683af012b2f89286b1d7f883de9ac11e0a801ad6a40757c753baba615b,,
hdiff,numpy,default,same_process,observed,0.6146578975021839,hdiff,,6,3,db572ba94a6764cd4f333fd1c155d8498c95bfc20a8f378ce3588d5b7ef038ef,e800ed3dc8d530d7e84b4a637b91cc6d9bc1280101023ee86a27f69cfa34eec1,,
hdiff,numba,nopython-mode,same_process,observed,1.7501525161787868,hdiff,,6,3,db572ba94a6764cd4f333fd1c155d8498c95bfc20a8f378ce3588d5b7ef038ef,e800ed3dc8d530d7e84b4a637b91cc6d9bc1280101023ee86a27f69cfa34eec1,,
hdiff,numba,nopython-mode-parallel,same_process,observed,0.9298878845293075,hdiff,,6,3,db572ba94a6764cd4f333fd1c155d8498c95bfc20a8f378ce3588d5b7ef038ef,e800ed3dc8d530d7e84b4a637b91cc6d9bc1280101023ee86a27f69cfa34eec1,,
hdiff,numba,nopython-mode-parallel-range,same_process,N/A,,,,,,,,,
hdiff,numba,object-mode,same_process,N/A,,,,,,,,,
hdiff,numba,object-mode-parallel,same_process,N/A,,,,,,,,,
hdiff,numba,object-mode-parallel-range,same_process,N/A,,,,,,,,,
hdiff,dace_cpu,fusion,same_process,observed,0.22005048813298345,hdiff,,6,3,db572ba94a6764cd4f333fd1c155d8498c95bfc20a8f378ce3588d5b7ef038ef,e800ed3dc8d530d7e84b4a637b91cc6d9bc1280101023ee86a27f69cfa34eec1,,
hdiff,dace_cpu,parallel,same_process,observed,0.14505493850447237,hdiff,,6,3,db572ba94a6764cd4f333fd1c155d8498c95bfc20a8f378ce3588d5b7ef038ef,e800ed3dc8d530d7e84b4a637b91cc6d9bc1280101023ee86a27f69cfa34eec1,,
hdiff,dace_cpu,auto_opt,same_process,observed,0.058689799858257174,hdiff,,6,3,db572ba94a6764cd4f333fd1c155d8498c95bfc20a8f378ce3588d5b7ef038ef,e800ed3dc8d530d7e84b4a637b91cc6d9bc1280101023ee86a27f69cfa34eec1,,new_variability;selected_process_variability
hdiff,dace_gpu,fusion,same_process,observed,0.14289144263602793,hdiff,,6,3,db572ba94a6764cd4f333fd1c155d8498c95bfc20a8f378ce3588d5b7ef038ef,e800ed3dc8d530d7e84b4a637b91cc6d9bc1280101023ee86a27f69cfa34eec1,,
hdiff,dace_gpu,parallel,same_process,observed,0.13305062148720026,hdiff,,6,3,db572ba94a6764cd4f333fd1c155d8498c95bfc20a8f378ce3588d5b7ef038ef,e800ed3dc8d530d7e84b4a637b91cc6d9bc1280101023ee86a27f69cfa34eec1,,
hdiff,dace_gpu,auto_opt,same_process,observed,0.15528974472545087,hdiff,,6,3,db572ba94a6764cd4f333fd1c155d8498c95bfc20a8f378ce3588d5b7ef038ef,e800ed3dc8d530d7e84b4a637b91cc6d9bc1280101023ee86a27f69cfa34eec1,,selected_process_variability
hdiff,cupy,default,same_process,observed,0.2424111282452941,hdiff,,6,3,db572ba94a6764cd4f333fd1c155d8498c95bfc20a8f378ce3588d5b7ef038ef,e800ed3dc8d530d7e84b4a637b91cc6d9bc1280101023ee86a27f69cfa34eec1,,selected_process_variability
heat_3d,numpy,default,same_process,observed,0.8782126880250871,heat_3d,,6,3,30fe858bb26413e6677f8fa2af4b685936ad2acf33485956268a9184b302da55,a81cc292224c841a9ce27e90c6d26d29c8ea5a75badeca9376911772a40bf22f,,selected_process_variability
heat_3d,numba,nopython-mode,same_process,observed,1.4593154878821224,heat_3d,,6,3,30fe858bb26413e6677f8fa2af4b685936ad2acf33485956268a9184b302da55,a81cc292224c841a9ce27e90c6d26d29c8ea5a75badeca9376911772a40bf22f,,
heat_3d,numba,nopython-mode-parallel,same_process,observed,0.18890414549969137,heat_3d,,6,3,30fe858bb26413e6677f8fa2af4b685936ad2acf33485956268a9184b302da55,a81cc292224c841a9ce27e90c6d26d29c8ea5a75badeca9376911772a40bf22f,,selected_process_variability
heat_3d,numba,nopython-mode-parallel-range,same_process,N/A,,,,,,,,,
heat_3d,numba,object-mode,same_process,N/A,,,,,,,,,
heat_3d,numba,object-mode-parallel,same_process,N/A,,,,,,,,,
heat_3d,numba,object-mode-parallel-range,same_process,N/A,,,,,,,,,
heat_3d,dace_cpu,fusion,same_process,observed,0.1194505374878645,heat_3d,,6,3,30fe858bb26413e6677f8fa2af4b685936ad2acf33485956268a9184b302da55,a81cc292224c841a9ce27e90c6d26d29c8ea5a75badeca9376911772a40bf22f,,new_variability;selected_process_variability
heat_3d,dace_cpu,parallel,same_process,observed,0.13896504370495677,heat_3d,,6,3,30fe858bb26413e6677f8fa2af4b685936ad2acf33485956268a9184b302da55,a81cc292224c841a9ce27e90c6d26d29c8ea5a75badeca9376911772a40bf22f,,selected_process_variability
heat_3d,dace_cpu,auto_opt,same_process,observed,0.07449874375015497,heat_3d,,6,3,30fe858bb26413e6677f8fa2af4b685936ad2acf33485956268a9184b302da55,a81cc292224c841a9ce27e90c6d26d29c8ea5a75badeca9376911772a40bf22f,,historical_drift_requires_review;new_variability;selected_process_variability
heat_3d,dace_gpu,fusion,same_process,observed,0.009517868980765343,heat_3d,,6,3,30fe858bb26413e6677f8fa2af4b685936ad2acf33485956268a9184b302da55,a81cc292224c841a9ce27e90c6d26d29c8ea5a75badeca9376911772a40bf22f,,
heat_3d,dace_gpu,parallel,same_process,observed,0.009074982721358538,heat_3d,,6,3,30fe858bb26413e6677f8fa2af4b685936ad2acf33485956268a9184b302da55,a81cc292224c841a9ce27e90c6d26d29c8ea5a75badeca9376911772a40bf22f,,
heat_3d,dace_gpu,auto_opt,same_process,observed,0.009743925416842103,heat_3d,,6,3,30fe858bb26413e6677f8fa2af4b685936ad2acf33485956268a9184b302da55,a81cc292224c841a9ce27e90c6d26d29c8ea5a75badeca9376911772a40bf22f,,
heat_3d,cupy,default,same_process,observed,0.09724960220046341,heat_3d,,6,3,30fe858bb26413e6677f8fa2af4b685936ad2acf33485956268a9184b302da55,a81cc292224c841a9ce27e90c6d26d29c8ea5a75badeca9376911772a40bf22f,,
jacobi_1d,numpy,default,same_process,observed,1.1216757763177156,jacobi_1d,,6,3,dd2d6ec412835edbbe4a018d3544e156d3fdd08552a444b52727b05fa47d8a06,16a5a1662f12689fbf187fbb656ac8e1d9c5d1f78efc866cd0f41cf46b753592,,
jacobi_1d,numba,nopython-mode,same_process,observed,0.9804196804761887,jacobi_1d,,6,3,dd2d6ec412835edbbe4a018d3544e156d3fdd08552a444b52727b05fa47d8a06,16a5a1662f12689fbf187fbb656ac8e1d9c5d1f78efc866cd0f41cf46b753592,,
jacobi_1d,numba,nopython-mode-parallel,same_process,observed,2.376702905166894,jacobi_1d,,6,3,dd2d6ec412835edbbe4a018d3544e156d3fdd08552a444b52727b05fa47d8a06,16a5a1662f12689fbf187fbb656ac8e1d9c5d1f78efc866cd0f41cf46b753592,,selected_process_variability
jacobi_1d,numba,nopython-mode-parallel-range,same_process,N/A,,,,,,,,,
jacobi_1d,numba,object-mode,same_process,N/A,,,,,,,,,
jacobi_1d,numba,object-mode-parallel,same_process,N/A,,,,,,,,,
jacobi_1d,numba,object-mode-parallel-range,same_process,N/A,,,,,,,,,
jacobi_1d,dace_cpu,fusion,same_process,observed,0.6315957785118371,jacobi_1d,,6,3,dd2d6ec412835edbbe4a018d3544e156d3fdd08552a444b52727b05fa47d8a06,16a5a1662f12689fbf187fbb656ac8e1d9c5d1f78efc866cd0f41cf46b753592,,selected_process_variability
jacobi_1d,dace_cpu,parallel,same_process,observed,0.6387734569143504,jacobi_1d,,6,3,dd2d6ec412835edbbe4a018d3544e156d3fdd08552a444b52727b05fa47d8a06,16a5a1662f12689fbf187fbb656ac8e1d9c5d1f78efc866cd0f41cf46b753592,,selected_process_variability
jacobi_1d,dace_cpu,auto_opt,same_process,observed,0.6153249740600586,jacobi_1d,,6,3,dd2d6ec412835edbbe4a018d3544e156d3fdd08552a444b52727b05fa47d8a06,16a5a1662f12689fbf187fbb656ac8e1d9c5d1f78efc866cd0f41cf46b753592,,new_variability;selected_process_variability
jacobi_1d,dace_gpu,fusion,same_process,observed,0.08053507492877543,jacobi_1d,,6,3,dd2d6ec412835edbbe4a018d3544e156d3fdd08552a444b52727b05fa47d8a06,16a5a1662f12689fbf187fbb656ac8e1d9c5d1f78efc866cd0f41cf46b753592,,
jacobi_1d,dace_gpu,parallel,same_process,observed,0.0827586124651134,jacobi_1d,,6,3,dd2d6ec412835edbbe4a018d3544e156d3fdd08552a444b52727b05fa47d8a06,16a5a1662f12689fbf187fbb656ac8e1d9c5d1f78efc866cd0f41cf46b753592,,selected_process_variability
jacobi_1d,dace_gpu,auto_opt,same_process,observed,0.09004494827240705,jacobi_1d,,6,3,dd2d6ec412835edbbe4a018d3544e156d3fdd08552a444b52727b05fa47d8a06,16a5a1662f12689fbf187fbb656ac8e1d9c5d1f78efc866cd0f41cf46b753592,,
jacobi_1d,cupy,default,same_process,observed,1.3764915780629963,jacobi_1d,,6,3,dd2d6ec412835edbbe4a018d3544e156d3fdd08552a444b52727b05fa47d8a06,16a5a1662f12689fbf187fbb656ac8e1d9c5d1f78efc866cd0f41cf46b753592,,
jacobi_2d,numpy,default,same_process,observed,0.8872587350197136,jacobi_2d,,6,3,bb0f1b25c2ede622f6875f9761e2dec03fcebb4785d6110e5288554d5cfdd9f9,88fcc37626b242ba2751f475ada3090117847e04203daddbc9456f9d0e7e584d,,selected_process_variability
jacobi_2d,numba,nopython-mode,same_process,observed,1.045855440897867,jacobi_2d,,6,3,bb0f1b25c2ede622f6875f9761e2dec03fcebb4785d6110e5288554d5cfdd9f9,88fcc37626b242ba2751f475ada3090117847e04203daddbc9456f9d0e7e584d,,selected_process_variability
jacobi_2d,numba,nopython-mode-parallel,same_process,observed,0.26079966756515205,jacobi_2d,,6,3,bb0f1b25c2ede622f6875f9761e2dec03fcebb4785d6110e5288554d5cfdd9f9,88fcc37626b242ba2751f475ada3090117847e04203daddbc9456f9d0e7e584d,,selected_process_variability
jacobi_2d,numba,nopython-mode-parallel-range,same_process,N/A,,,,,,,,,
jacobi_2d,numba,object-mode,same_process,N/A,,,,,,,,,
jacobi_2d,numba,object-mode-parallel,same_process,N/A,,,,,,,,,
jacobi_2d,numba,object-mode-parallel-range,same_process,N/A,,,,,,,,,
jacobi_2d,dace_cpu,fusion,same_process,observed,0.0693710504565388,jacobi_2d,,6,3,bb0f1b25c2ede622f6875f9761e2dec03fcebb4785d6110e5288554d5cfdd9f9,88fcc37626b242ba2751f475ada3090117847e04203daddbc9456f9d0e7e584d,,historical_drift_requires_review;new_variability;selected_process_variability
jacobi_2d,dace_cpu,parallel,same_process,observed,0.07860687817446887,jacobi_2d,,6,3,bb0f1b25c2ede622f6875f9761e2dec03fcebb4785d6110e5288554d5cfdd9f9,88fcc37626b242ba2751f475ada3090117847e04203daddbc9456f9d0e7e584d,,selected_process_variability
jacobi_2d,dace_cpu,auto_opt,same_process,observed,0.19050053041428328,jacobi_2d,,6,3,bb0f1b25c2ede622f6875f9761e2dec03fcebb4785d6110e5288554d5cfdd9f9,88fcc37626b242ba2751f475ada3090117847e04203daddbc9456f9d0e7e584d,,selected_process_variability
jacobi_2d,dace_gpu,fusion,same_process,observed,0.017323338193818927,jacobi_2d,,6,3,bb0f1b25c2ede622f6875f9761e2dec03fcebb4785d6110e5288554d5cfdd9f9,88fcc37626b242ba2751f475ada3090117847e04203daddbc9456f9d0e7e584d,,
jacobi_2d,dace_gpu,parallel,same_process,observed,0.01564208813942969,jacobi_2d,,6,3,bb0f1b25c2ede622f6875f9761e2dec03fcebb4785d6110e5288554d5cfdd9f9,88fcc37626b242ba2751f475ada3090117847e04203daddbc9456f9d0e7e584d,,
jacobi_2d,dace_gpu,auto_opt,same_process,observed,0.016838960582390428,jacobi_2d,,6,3,bb0f1b25c2ede622f6875f9761e2dec03fcebb4785d6110e5288554d5cfdd9f9,88fcc37626b242ba2751f475ada3090117847e04203daddbc9456f9d0e7e584d,,
jacobi_2d,cupy,default,same_process,observed,0.07298464654013515,jacobi_2d,,6,3,bb0f1b25c2ede622f6875f9761e2dec03fcebb4785d6110e5288554d5cfdd9f9,88fcc37626b242ba2751f475ada3090117847e04203daddbc9456f9d0e7e584d,,
k2mm,numpy,default,same_process,observed,2.2397228186018765,k2mm,,6,3,f489fedc570b7b5da546ee0999db718675f9a6e714d3093820decf3f58d34325,65b07e1d7f5fdc00459ebb8a02ae0881674135e9bd7f454489c2d204e291d7ea,,
k2mm,numba,nopython-mode,same_process,observed,2.2972591924481094,k2mm,,6,3,f489fedc570b7b5da546ee0999db718675f9a6e714d3093820decf3f58d34325,65b07e1d7f5fdc00459ebb8a02ae0881674135e9bd7f454489c2d204e291d7ea,,
k2mm,numba,nopython-mode-parallel,same_process,observed,2.096170983975753,k2mm,,6,3,f489fedc570b7b5da546ee0999db718675f9a6e714d3093820decf3f58d34325,65b07e1d7f5fdc00459ebb8a02ae0881674135e9bd7f454489c2d204e291d7ea,,
k2mm,numba,nopython-mode-parallel-range,same_process,N/A,,,,,,,,,
k2mm,numba,object-mode,same_process,N/A,,,,,,,,,
k2mm,numba,object-mode-parallel,same_process,N/A,,,,,,,,,
k2mm,numba,object-mode-parallel-range,same_process,N/A,,,,,,,,,
k2mm,dace_cpu,fusion,same_process,observed,2.605555043090135,k2mm,,6,3,f489fedc570b7b5da546ee0999db718675f9a6e714d3093820decf3f58d34325,65b07e1d7f5fdc00459ebb8a02ae0881674135e9bd7f454489c2d204e291d7ea,,
k2mm,dace_cpu,parallel,same_process,observed,2.736533680697903,k2mm,,6,3,f489fedc570b7b5da546ee0999db718675f9a6e714d3093820decf3f58d34325,65b07e1d7f5fdc00459ebb8a02ae0881674135e9bd7f454489c2d204e291d7ea,,
k2mm,dace_cpu,auto_opt,same_process,observed,1.964834839105606,k2mm,,6,3,f489fedc570b7b5da546ee0999db718675f9a6e714d3093820decf3f58d34325,65b07e1d7f5fdc00459ebb8a02ae0881674135e9bd7f454489c2d204e291d7ea,,
k2mm,dace_gpu,fusion,same_process,observed,0.3554316242225468,k2mm,,6,3,f489fedc570b7b5da546ee0999db718675f9a6e714d3093820decf3f58d34325,65b07e1d7f5fdc00459ebb8a02ae0881674135e9bd7f454489c2d204e291d7ea,,
k2mm,dace_gpu,parallel,same_process,observed,0.3665970009751618,k2mm,,6,3,f489fedc570b7b5da546ee0999db718675f9a6e714d3093820decf3f58d34325,65b07e1d7f5fdc00459ebb8a02ae0881674135e9bd7f454489c2d204e291d7ea,,
k2mm,dace_gpu,auto_opt,same_process,observed,0.3574635109398514,k2mm,,6,3,f489fedc570b7b5da546ee0999db718675f9a6e714d3093820decf3f58d34325,65b07e1d7f5fdc00459ebb8a02ae0881674135e9bd7f454489c2d204e291d7ea,,
k2mm,cupy,default,same_process,observed,0.2925242769997567,k2mm,,6,3,f489fedc570b7b5da546ee0999db718675f9a6e714d3093820decf3f58d34325,65b07e1d7f5fdc00459ebb8a02ae0881674135e9bd7f454489c2d204e291d7ea,,selected_process_variability
k3mm,numpy,default,same_process,observed,2.86692027351819,k3mm,,6,3,4e368169475a2a62e9d6b60f9f0f38731e82923b1a6bcbfe2a2be25f4a23617d,aad0bebb7814a2ecba71c57046d8003bc43cb0f8e9f62fa7a3c5da967acf1885,,
k3mm,numba,nopython-mode,same_process,observed,2.1361729183699936,k3mm,,6,3,4e368169475a2a62e9d6b60f9f0f38731e82923b1a6bcbfe2a2be25f4a23617d,aad0bebb7814a2ecba71c57046d8003bc43cb0f8e9f62fa7a3c5da967acf1885,,new_variability
k3mm,numba,nopython-mode-parallel,same_process,observed,2.115486938273534,k3mm,,6,3,4e368169475a2a62e9d6b60f9f0f38731e82923b1a6bcbfe2a2be25f4a23617d,aad0bebb7814a2ecba71c57046d8003bc43cb0f8e9f62fa7a3c5da967acf1885,,new_sampling_or_resources
k3mm,numba,nopython-mode-parallel-range,same_process,N/A,,,,,,,,,
k3mm,numba,object-mode,same_process,N/A,,,,,,,,,
k3mm,numba,object-mode-parallel,same_process,N/A,,,,,,,,,
k3mm,numba,object-mode-parallel-range,same_process,N/A,,,,,,,,,
k3mm,dace_cpu,fusion,same_process,observed,3.2638201899826527,k3mm,,6,3,4e368169475a2a62e9d6b60f9f0f38731e82923b1a6bcbfe2a2be25f4a23617d,aad0bebb7814a2ecba71c57046d8003bc43cb0f8e9f62fa7a3c5da967acf1885,,
k3mm,dace_cpu,parallel,same_process,observed,3.094224663451314,k3mm,,6,3,4e368169475a2a62e9d6b60f9f0f38731e82923b1a6bcbfe2a2be25f4a23617d,aad0bebb7814a2ecba71c57046d8003bc43cb0f8e9f62fa7a3c5da967acf1885,,
k3mm,dace_cpu,auto_opt,same_process,observed,2.462292714510113,k3mm,,6,3,4e368169475a2a62e9d6b60f9f0f38731e82923b1a6bcbfe2a2be25f4a23617d,aad0bebb7814a2ecba71c57046d8003bc43cb0f8e9f62fa7a3c5da967acf1885,,
k3mm,dace_gpu,fusion,same_process,observed,0.36045919614844024,k3mm,,6,3,4e368169475a2a62e9d6b60f9f0f38731e82923b1a6bcbfe2a2be25f4a23617d,aad0bebb7814a2ecba71c57046d8003bc43cb0f8e9f62fa7a3c5da967acf1885,,new_sampling_or_resources
k3mm,dace_gpu,parallel,same_process,observed,0.3800421725027263,k3mm,,6,3,4e368169475a2a62e9d6b60f9f0f38731e82923b1a6bcbfe2a2be25f4a23617d,aad0bebb7814a2ecba71c57046d8003bc43cb0f8e9f62fa7a3c5da967acf1885,,
k3mm,dace_gpu,auto_opt,same_process,observed,0.34726193989627063,k3mm,,6,3,4e368169475a2a62e9d6b60f9f0f38731e82923b1a6bcbfe2a2be25f4a23617d,aad0bebb7814a2ecba71c57046d8003bc43cb0f8e9f62fa7a3c5da967acf1885,,
k3mm,cupy,default,same_process,observed,0.2829012714792043,k3mm,,6,3,4e368169475a2a62e9d6b60f9f0f38731e82923b1a6bcbfe2a2be25f4a23617d,aad0bebb7814a2ecba71c57046d8003bc43cb0f8e9f62fa7a3c5da967acf1885,,
lenet,numpy,default,same_process,observed,1.2182183023542166,lenet,,6,3,c03e6ed4aa80ca847e538ab41f9b22060f454237935c67944c81ced7dd93a48b,914661bfde93da5c2e7b1ef256bf97775e395b5980f08a299cd8040e92c0b6ea,,
lenet,numba,nopython-mode,same_process,observed,0.9169190968386829,lenet,,6,3,c03e6ed4aa80ca847e538ab41f9b22060f454237935c67944c81ced7dd93a48b,914661bfde93da5c2e7b1ef256bf97775e395b5980f08a299cd8040e92c0b6ea,,selected_process_variability
lenet,numba,nopython-mode-parallel,same_process,observed,101.63346698344685,lenet,,6,3,c03e6ed4aa80ca847e538ab41f9b22060f454237935c67944c81ced7dd93a48b,914661bfde93da5c2e7b1ef256bf97775e395b5980f08a299cd8040e92c0b6ea,,
lenet,numba,nopython-mode-parallel-range,same_process,observed,0.15876444638706744,lenet,,6,3,c03e6ed4aa80ca847e538ab41f9b22060f454237935c67944c81ced7dd93a48b,914661bfde93da5c2e7b1ef256bf97775e395b5980f08a299cd8040e92c0b6ea,,new_sampling_or_resources;selected_process_variability
lenet,numba,object-mode,same_process,error,,lenet,,0,0,c03e6ed4aa80ca847e538ab41f9b22060f454237935c67944c81ced7dd93a48b,914661bfde93da5c2e7b1ef256bf97775e395b5980f08a299cd8040e92c0b6ea,,
lenet,numba,object-mode-parallel,same_process,error,,lenet,,0,0,c03e6ed4aa80ca847e538ab41f9b22060f454237935c67944c81ced7dd93a48b,914661bfde93da5c2e7b1ef256bf97775e395b5980f08a299cd8040e92c0b6ea,,
lenet,numba,object-mode-parallel-range,same_process,observed,1.2618085918948054,lenet,,6,3,c03e6ed4aa80ca847e538ab41f9b22060f454237935c67944c81ced7dd93a48b,914661bfde93da5c2e7b1ef256bf97775e395b5980f08a299cd8040e92c0b6ea,,selected_process_variability
lenet,dace_cpu,fusion,same_process,observed,3.6376786704640836,lenet,,6,3,c03e6ed4aa80ca847e538ab41f9b22060f454237935c67944c81ced7dd93a48b,914661bfde93da5c2e7b1ef256bf97775e395b5980f08a299cd8040e92c0b6ea,,selected_process_variability
lenet,dace_cpu,parallel,same_process,observed,2.859926600707695,lenet,,6,3,c03e6ed4aa80ca847e538ab41f9b22060f454237935c67944c81ced7dd93a48b,914661bfde93da5c2e7b1ef256bf97775e395b5980f08a299cd8040e92c0b6ea,,selected_process_variability
lenet,dace_cpu,auto_opt,same_process,observed,2.897839713143185,lenet,,6,3,c03e6ed4aa80ca847e538ab41f9b22060f454237935c67944c81ced7dd93a48b,914661bfde93da5c2e7b1ef256bf97775e395b5980f08a299cd8040e92c0b6ea,,selected_process_variability
lenet,dace_gpu,fusion,same_process,error,,lenet,,0,0,c03e6ed4aa80ca847e538ab41f9b22060f454237935c67944c81ced7dd93a48b,914661bfde93da5c2e7b1ef256bf97775e395b5980f08a299cd8040e92c0b6ea,,
lenet,dace_gpu,parallel,same_process,terminated,,lenet,,0,0,c03e6ed4aa80ca847e538ab41f9b22060f454237935c67944c81ced7dd93a48b,914661bfde93da5c2e7b1ef256bf97775e395b5980f08a299cd8040e92c0b6ea,,
lenet,dace_gpu,auto_opt,same_process,terminated,,lenet,,0,0,c03e6ed4aa80ca847e538ab41f9b22060f454237935c67944c81ced7dd93a48b,914661bfde93da5c2e7b1ef256bf97775e395b5980f08a299cd8040e92c0b6ea,,
lenet,cupy,default,same_process,observed,3.2563677108846605,lenet,,6,3,c03e6ed4aa80ca847e538ab41f9b22060f454237935c67944c81ced7dd93a48b,914661bfde93da5c2e7b1ef256bf97775e395b5980f08a299cd8040e92c0b6ea,,new_variability
lu,numpy,default,same_process,observed,1.3540685609914362,lu,,6,3,a94cc969fb7abca21f73c7702df3d7b5782724193307a4c14a3543791e733d27,9ac2f818703fa8aa1a82579828bb4b9f516a133a9d2de36086ba8af196680084,,
lu,numba,nopython-mode,same_process,observed,0.20153564517386258,lu,,6,3,a94cc969fb7abca21f73c7702df3d7b5782724193307a4c14a3543791e733d27,9ac2f818703fa8aa1a82579828bb4b9f516a133a9d2de36086ba8af196680084,,selected_process_variability
lu,numba,nopython-mode-parallel,same_process,observed,1.3518907688558102,lu,,6,3,a94cc969fb7abca21f73c7702df3d7b5782724193307a4c14a3543791e733d27,9ac2f818703fa8aa1a82579828bb4b9f516a133a9d2de36086ba8af196680084,,
lu,numba,nopython-mode-parallel-range,same_process,N/A,,,,,,,,,
lu,numba,object-mode,same_process,N/A,,,,,,,,,
lu,numba,object-mode-parallel,same_process,N/A,,,,,,,,,
lu,numba,object-mode-parallel-range,same_process,N/A,,,,,,,,,
lu,dace_cpu,fusion,same_process,observed,0.12584709911607206,lu,,6,3,a94cc969fb7abca21f73c7702df3d7b5782724193307a4c14a3543791e733d27,9ac2f818703fa8aa1a82579828bb4b9f516a133a9d2de36086ba8af196680084,,selected_process_variability
lu,dace_cpu,parallel,same_process,observed,0.13520526723004878,lu,,6,3,a94cc969fb7abca21f73c7702df3d7b5782724193307a4c14a3543791e733d27,9ac2f818703fa8aa1a82579828bb4b9f516a133a9d2de36086ba8af196680084,,
lu,dace_cpu,auto_opt,same_process,observed,0.11736164707690477,lu,,6,3,a94cc969fb7abca21f73c7702df3d7b5782724193307a4c14a3543791e733d27,9ac2f818703fa8aa1a82579828bb4b9f516a133a9d2de36086ba8af196680084,,
lu,dace_gpu,fusion,same_process,observed,10.01011735224165,lu,,6,3,a94cc969fb7abca21f73c7702df3d7b5782724193307a4c14a3543791e733d27,9ac2f818703fa8aa1a82579828bb4b9f516a133a9d2de36086ba8af196680084,,
lu,dace_gpu,parallel,same_process,observed,10.22869718587026,lu,,6,3,a94cc969fb7abca21f73c7702df3d7b5782724193307a4c14a3543791e733d27,9ac2f818703fa8aa1a82579828bb4b9f516a133a9d2de36086ba8af196680084,,
lu,dace_gpu,auto_opt,same_process,observed,5.6734269629232585,lu,,6,3,a94cc969fb7abca21f73c7702df3d7b5782724193307a4c14a3543791e733d27,9ac2f818703fa8aa1a82579828bb4b9f516a133a9d2de36086ba8af196680084,,
lu,cupy,default,same_process,observed,42.819278506794944,lu,,6,3,a94cc969fb7abca21f73c7702df3d7b5782724193307a4c14a3543791e733d27,9ac2f818703fa8aa1a82579828bb4b9f516a133a9d2de36086ba8af196680084,,
ludcmp,numpy,default,same_process,observed,1.2345590563490987,ludcmp,,6,3,08caec57fa049fbfa751e34e1064de164ddf556d58ef07942503bdb64d23c766,55b9887d27df7b3dc3b8b2e1875facca1a285d1891e4df442fdd18cc865cc7b0,,
ludcmp,numba,nopython-mode,same_process,observed,0.15901526738889515,ludcmp,,6,3,08caec57fa049fbfa751e34e1064de164ddf556d58ef07942503bdb64d23c766,55b9887d27df7b3dc3b8b2e1875facca1a285d1891e4df442fdd18cc865cc7b0,,selected_process_variability
ludcmp,numba,nopython-mode-parallel,same_process,observed,0.16087987483479083,ludcmp,,6,3,08caec57fa049fbfa751e34e1064de164ddf556d58ef07942503bdb64d23c766,55b9887d27df7b3dc3b8b2e1875facca1a285d1891e4df442fdd18cc865cc7b0,,
ludcmp,numba,nopython-mode-parallel-range,same_process,N/A,,,,,,,,,
ludcmp,numba,object-mode,same_process,N/A,,,,,,,,,
ludcmp,numba,object-mode-parallel,same_process,N/A,,,,,,,,,
ludcmp,numba,object-mode-parallel-range,same_process,N/A,,,,,,,,,
ludcmp,dace_cpu,fusion,same_process,observed,0.11045165965333581,ludcmp,,6,3,08caec57fa049fbfa751e34e1064de164ddf556d58ef07942503bdb64d23c766,55b9887d27df7b3dc3b8b2e1875facca1a285d1891e4df442fdd18cc865cc7b0,,new_variability;selected_process_variability
ludcmp,dace_cpu,parallel,same_process,observed,0.11980764498002827,ludcmp,,6,3,08caec57fa049fbfa751e34e1064de164ddf556d58ef07942503bdb64d23c766,55b9887d27df7b3dc3b8b2e1875facca1a285d1891e4df442fdd18cc865cc7b0,,
ludcmp,dace_cpu,auto_opt,same_process,observed,0.11364304670132697,ludcmp,,6,3,08caec57fa049fbfa751e34e1064de164ddf556d58ef07942503bdb64d23c766,55b9887d27df7b3dc3b8b2e1875facca1a285d1891e4df442fdd18cc865cc7b0,,selected_process_variability
ludcmp,dace_gpu,fusion,same_process,observed,9.986627837875858,ludcmp,,6,3,08caec57fa049fbfa751e34e1064de164ddf556d58ef07942503bdb64d23c766,55b9887d27df7b3dc3b8b2e1875facca1a285d1891e4df442fdd18cc865cc7b0,,
ludcmp,dace_gpu,parallel,same_process,observed,9.92292849207297,ludcmp,,6,3,08caec57fa049fbfa751e34e1064de164ddf556d58ef07942503bdb64d23c766,55b9887d27df7b3dc3b8b2e1875facca1a285d1891e4df442fdd18cc865cc7b0,,
ludcmp,dace_gpu,auto_opt,same_process,observed,7.6369855012744665,ludcmp,,6,3,08caec57fa049fbfa751e34e1064de164ddf556d58ef07942503bdb64d23c766,55b9887d27df7b3dc3b8b2e1875facca1a285d1891e4df442fdd18cc865cc7b0,,
ludcmp,cupy,default,same_process,observed,36.87460986850783,ludcmp,,6,3,08caec57fa049fbfa751e34e1064de164ddf556d58ef07942503bdb64d23c766,55b9887d27df7b3dc3b8b2e1875facca1a285d1891e4df442fdd18cc865cc7b0,,
mandelbrot1,numpy,default,same_process,observed,0.8551856144331396,mandelbrot1,,6,3,7ec93ae18ee3844a817e6cc0a79455bc5862c76f047319aefde16f510ddde641,498529c7a9dcc40ab333461ec82b7c16a88eb9014a98ba9ee2910dd66fb9e062,,selected_process_variability
mandelbrot1,numba,nopython-mode,same_process,validation,,mandelbrot1,,0,0,7ec93ae18ee3844a817e6cc0a79455bc5862c76f047319aefde16f510ddde641,498529c7a9dcc40ab333461ec82b7c16a88eb9014a98ba9ee2910dd66fb9e062,,
mandelbrot1,numba,nopython-mode-parallel,same_process,validation,,mandelbrot1,,0,0,7ec93ae18ee3844a817e6cc0a79455bc5862c76f047319aefde16f510ddde641,498529c7a9dcc40ab333461ec82b7c16a88eb9014a98ba9ee2910dd66fb9e062,,
mandelbrot1,numba,nopython-mode-parallel-range,same_process,validation,,mandelbrot1,,0,0,7ec93ae18ee3844a817e6cc0a79455bc5862c76f047319aefde16f510ddde641,498529c7a9dcc40ab333461ec82b7c16a88eb9014a98ba9ee2910dd66fb9e062,,
mandelbrot1,numba,object-mode,same_process,observed,0.790613641962409,mandelbrot1,,2,1,7ec93ae18ee3844a817e6cc0a79455bc5862c76f047319aefde16f510ddde641,498529c7a9dcc40ab333461ec82b7c16a88eb9014a98ba9ee2910dd66fb9e062,,original_process_only
mandelbrot1,numba,object-mode-parallel,same_process,observed,0.7909119287505746,mandelbrot1,,2,1,7ec93ae18ee3844a817e6cc0a79455bc5862c76f047319aefde16f510ddde641,498529c7a9dcc40ab333461ec82b7c16a88eb9014a98ba9ee2910dd66fb9e062,,original_process_only
mandelbrot1,numba,object-mode-parallel-range,same_process,N/A,,,,,,,,,
mandelbrot1,dace_cpu,fusion,same_process,validation,,mandelbrot1,,0,0,7ec93ae18ee3844a817e6cc0a79455bc5862c76f047319aefde16f510ddde641,498529c7a9dcc40ab333461ec82b7c16a88eb9014a98ba9ee2910dd66fb9e062,,
mandelbrot1,dace_cpu,parallel,same_process,validation,,mandelbrot1,,0,0,7ec93ae18ee3844a817e6cc0a79455bc5862c76f047319aefde16f510ddde641,498529c7a9dcc40ab333461ec82b7c16a88eb9014a98ba9ee2910dd66fb9e062,,
mandelbrot1,dace_cpu,auto_opt,same_process,validation,,mandelbrot1,,0,0,7ec93ae18ee3844a817e6cc0a79455bc5862c76f047319aefde16f510ddde641,498529c7a9dcc40ab333461ec82b7c16a88eb9014a98ba9ee2910dd66fb9e062,,
mandelbrot1,dace_gpu,fusion,same_process,validation,,mandelbrot1,,0,0,7ec93ae18ee3844a817e6cc0a79455bc5862c76f047319aefde16f510ddde641,498529c7a9dcc40ab333461ec82b7c16a88eb9014a98ba9ee2910dd66fb9e062,,
mandelbrot1,dace_gpu,parallel,same_process,validation,,mandelbrot1,,0,0,7ec93ae18ee3844a817e6cc0a79455bc5862c76f047319aefde16f510ddde641,498529c7a9dcc40ab333461ec82b7c16a88eb9014a98ba9ee2910dd66fb9e062,,
mandelbrot1,dace_gpu,auto_opt,same_process,validation,,mandelbrot1,,0,0,7ec93ae18ee3844a817e6cc0a79455bc5862c76f047319aefde16f510ddde641,498529c7a9dcc40ab333461ec82b7c16a88eb9014a98ba9ee2910dd66fb9e062,,
mandelbrot1,cupy,default,same_process,validation,,mandelbrot1,,0,0,7ec93ae18ee3844a817e6cc0a79455bc5862c76f047319aefde16f510ddde641,498529c7a9dcc40ab333461ec82b7c16a88eb9014a98ba9ee2910dd66fb9e062,,
mandelbrot2,numpy,default,same_process,observed,0.38979549845680594,mandelbrot2,,6,3,7fb4071f3c8e581537c1201436e2e0f64673e094a239bc776fcd1d6c96095d69,e953c506eaf95aed1da28b70ad9b9cbb5c4d6ed77213ce344c94cdacbc5b6ae1,,
mandelbrot2,numba,nopython-mode,same_process,observed,0.6382031899411231,mandelbrot2,,6,3,7fb4071f3c8e581537c1201436e2e0f64673e094a239bc776fcd1d6c96095d69,e953c506eaf95aed1da28b70ad9b9cbb5c4d6ed77213ce344c94cdacbc5b6ae1,,
mandelbrot2,numba,nopython-mode-parallel,same_process,N/A,,,,,,,,,
mandelbrot2,numba,nopython-mode-parallel-range,same_process,N/A,,,,,,,,,
mandelbrot2,numba,object-mode,same_process,observed,0.4049688365776092,mandelbrot2,,2,1,7fb4071f3c8e581537c1201436e2e0f64673e094a239bc776fcd1d6c96095d69,e953c506eaf95aed1da28b70ad9b9cbb5c4d6ed77213ce344c94cdacbc5b6ae1,,original_process_only
mandelbrot2,numba,object-mode-parallel,same_process,observed,0.35751354740932584,mandelbrot2,,2,1,7fb4071f3c8e581537c1201436e2e0f64673e094a239bc776fcd1d6c96095d69,e953c506eaf95aed1da28b70ad9b9cbb5c4d6ed77213ce344c94cdacbc5b6ae1,,original_process_only
mandelbrot2,numba,object-mode-parallel-range,same_process,N/A,,,,,,,,,
mandelbrot2,dace_cpu,fusion,same_process,error,,mandelbrot2,,0,0,7fb4071f3c8e581537c1201436e2e0f64673e094a239bc776fcd1d6c96095d69,e953c506eaf95aed1da28b70ad9b9cbb5c4d6ed77213ce344c94cdacbc5b6ae1,,
mandelbrot2,dace_cpu,parallel,same_process,error,,mandelbrot2,,0,0,7fb4071f3c8e581537c1201436e2e0f64673e094a239bc776fcd1d6c96095d69,e953c506eaf95aed1da28b70ad9b9cbb5c4d6ed77213ce344c94cdacbc5b6ae1,,
mandelbrot2,dace_cpu,auto_opt,same_process,error,,mandelbrot2,,0,0,7fb4071f3c8e581537c1201436e2e0f64673e094a239bc776fcd1d6c96095d69,e953c506eaf95aed1da28b70ad9b9cbb5c4d6ed77213ce344c94cdacbc5b6ae1,,
mandelbrot2,dace_gpu,fusion,same_process,error,,mandelbrot2,,0,0,7fb4071f3c8e581537c1201436e2e0f64673e094a239bc776fcd1d6c96095d69,e953c506eaf95aed1da28b70ad9b9cbb5c4d6ed77213ce344c94cdacbc5b6ae1,,
mandelbrot2,dace_gpu,parallel,same_process,error,,mandelbrot2,,0,0,7fb4071f3c8e581537c1201436e2e0f64673e094a239bc776fcd1d6c96095d69,e953c506eaf95aed1da28b70ad9b9cbb5c4d6ed77213ce344c94cdacbc5b6ae1,,
mandelbrot2,dace_gpu,auto_opt,same_process,error,,mandelbrot2,,0,0,7fb4071f3c8e581537c1201436e2e0f64673e094a239bc776fcd1d6c96095d69,e953c506eaf95aed1da28b70ad9b9cbb5c4d6ed77213ce344c94cdacbc5b6ae1,,
mandelbrot2,cupy,default,same_process,observed,0.2201357155572623,mandelbrot2,,6,3,7fb4071f3c8e581537c1201436e2e0f64673e094a239bc776fcd1d6c96095d69,e953c506eaf95aed1da28b70ad9b9cbb5c4d6ed77213ce344c94cdacbc5b6ae1,,selected_process_variability
mlp,numpy,default,same_process,observed,0.32239801599644125,mlp,,6,3,5a57834b626ad11a97469e2ed2472df251c3e8ff143b8d8d463672e399d900be,87c94f9c003ff974cd198163ffe2fd3948bacd6ba11c6c91faa770e7bcee04e9,,
mlp,numba,nopython-mode,same_process,observed,0.2898677203338593,mlp_rowmax,,6,3,5a57834b626ad11a97469e2ed2472df251c3e8ff143b8d8d463672e399d900be,87c94f9c003ff974cd198163ffe2fd3948bacd6ba11c6c91faa770e7bcee04e9,,
mlp,numba,nopython-mode-parallel,same_process,observed,0.6028787628747523,mlp_rowmax,,6,3,5a57834b626ad11a97469e2ed2472df251c3e8ff143b8d8d463672e399d900be,87c94f9c003ff974cd198163ffe2fd3948bacd6ba11c6c91faa770e7bcee04e9,,between_process_variability;within_process_variability
mlp,numba,nopython-mode-parallel-range,same_process,observed,0.5543483160436153,mlp_rowmax,,6,3,5a57834b626ad11a97469e2ed2472df251c3e8ff143b8d8d463672e399d900be,87c94f9c003ff974cd198163ffe2fd3948bacd6ba11c6c91faa770e7bcee04e9,,
mlp,numba,object-mode,same_process,observed,0.30383958411403,mlp,,6,3,5a57834b626ad11a97469e2ed2472df251c3e8ff143b8d8d463672e399d900be,87c94f9c003ff974cd198163ffe2fd3948bacd6ba11c6c91faa770e7bcee04e9,,new_sampling_or_resources;selected_process_variability
mlp,numba,object-mode-parallel,same_process,observed,0.3099710780661553,mlp,,6,3,5a57834b626ad11a97469e2ed2472df251c3e8ff143b8d8d463672e399d900be,87c94f9c003ff974cd198163ffe2fd3948bacd6ba11c6c91faa770e7bcee04e9,,new_sampling_or_resources;selected_process_variability
mlp,numba,object-mode-parallel-range,same_process,N/A,,,,,,,,,
mlp,dace_cpu,fusion,same_process,observed,0.6509321739431471,mlp,,6,3,5a57834b626ad11a97469e2ed2472df251c3e8ff143b8d8d463672e399d900be,87c94f9c003ff974cd198163ffe2fd3948bacd6ba11c6c91faa770e7bcee04e9,,selected_process_variability
mlp,dace_cpu,parallel,same_process,observed,0.6817352951038629,mlp,,6,3,5a57834b626ad11a97469e2ed2472df251c3e8ff143b8d8d463672e399d900be,87c94f9c003ff974cd198163ffe2fd3948bacd6ba11c6c91faa770e7bcee04e9,,selected_process_variability
mlp,dace_cpu,auto_opt,same_process,observed,0.798270229017362,mlp,,6,3,5a57834b626ad11a97469e2ed2472df251c3e8ff143b8d8d463672e399d900be,87c94f9c003ff974cd198163ffe2fd3948bacd6ba11c6c91faa770e7bcee04e9,,selected_process_variability
mlp,dace_gpu,fusion,same_process,observed,1.1805299909319729,mlp,,6,3,5a57834b626ad11a97469e2ed2472df251c3e8ff143b8d8d463672e399d900be,87c94f9c003ff974cd198163ffe2fd3948bacd6ba11c6c91faa770e7bcee04e9,,
mlp,dace_gpu,parallel,same_process,observed,1.3113123662769794,mlp,,6,3,5a57834b626ad11a97469e2ed2472df251c3e8ff143b8d8d463672e399d900be,87c94f9c003ff974cd198163ffe2fd3948bacd6ba11c6c91faa770e7bcee04e9,,selected_process_variability
mlp,dace_gpu,auto_opt,same_process,observed,1.104638103628531,mlp,,6,3,5a57834b626ad11a97469e2ed2472df251c3e8ff143b8d8d463672e399d900be,87c94f9c003ff974cd198163ffe2fd3948bacd6ba11c6c91faa770e7bcee04e9,,selected_process_variability
mlp,cupy,default,same_process,observed,0.9590089966077358,mlp,,6,3,5a57834b626ad11a97469e2ed2472df251c3e8ff143b8d8d463672e399d900be,87c94f9c003ff974cd198163ffe2fd3948bacd6ba11c6c91faa770e7bcee04e9,,selected_process_variability
mvt,numpy,default,same_process,observed,0.15428771008737385,mvt,,6,3,6d38d7a7e4ccc0cd21261ff27458bbfec43022e90858441b148c763f459bdc05,31a7a541d3eb3d99e166c80b243812e6678c96f5f504254d1acff781fbc1da55,,
mvt,numba,nopython-mode,same_process,observed,0.1534636728465557,mvt,,6,3,6d38d7a7e4ccc0cd21261ff27458bbfec43022e90858441b148c763f459bdc05,31a7a541d3eb3d99e166c80b243812e6678c96f5f504254d1acff781fbc1da55,,new_sampling_or_resources
mvt,numba,nopython-mode-parallel,same_process,observed,0.14309522765688598,mvt,,6,3,6d38d7a7e4ccc0cd21261ff27458bbfec43022e90858441b148c763f459bdc05,31a7a541d3eb3d99e166c80b243812e6678c96f5f504254d1acff781fbc1da55,,selected_process_variability
mvt,numba,nopython-mode-parallel-range,same_process,N/A,,,,,,,,,
mvt,numba,object-mode,same_process,N/A,,,,,,,,,
mvt,numba,object-mode-parallel,same_process,N/A,,,,,,,,,
mvt,numba,object-mode-parallel-range,same_process,N/A,,,,,,,,,
mvt,dace_cpu,fusion,same_process,observed,0.22939296253025532,mvt,,6,3,6d38d7a7e4ccc0cd21261ff27458bbfec43022e90858441b148c763f459bdc05,31a7a541d3eb3d99e166c80b243812e6678c96f5f504254d1acff781fbc1da55,,
mvt,dace_cpu,parallel,same_process,observed,0.22789105656556785,mvt,,6,3,6d38d7a7e4ccc0cd21261ff27458bbfec43022e90858441b148c763f459bdc05,31a7a541d3eb3d99e166c80b243812e6678c96f5f504254d1acff781fbc1da55,,
mvt,dace_cpu,auto_opt,same_process,observed,0.2086546840146184,mvt,,6,3,6d38d7a7e4ccc0cd21261ff27458bbfec43022e90858441b148c763f459bdc05,31a7a541d3eb3d99e166c80b243812e6678c96f5f504254d1acff781fbc1da55,,
mvt,dace_gpu,fusion,same_process,observed,0.5395575670991093,mvt,,6,3,6d38d7a7e4ccc0cd21261ff27458bbfec43022e90858441b148c763f459bdc05,31a7a541d3eb3d99e166c80b243812e6678c96f5f504254d1acff781fbc1da55,,
mvt,dace_gpu,parallel,same_process,observed,0.539179464103654,mvt,,6,3,6d38d7a7e4ccc0cd21261ff27458bbfec43022e90858441b148c763f459bdc05,31a7a541d3eb3d99e166c80b243812e6678c96f5f504254d1acff781fbc1da55,,
mvt,dace_gpu,auto_opt,same_process,observed,0.5443190427031368,mvt,,6,3,6d38d7a7e4ccc0cd21261ff27458bbfec43022e90858441b148c763f459bdc05,31a7a541d3eb3d99e166c80b243812e6678c96f5f504254d1acff781fbc1da55,,selected_process_variability
mvt,cupy,default,same_process,observed,0.5285316414665431,mvt,,6,3,6d38d7a7e4ccc0cd21261ff27458bbfec43022e90858441b148c763f459bdc05,31a7a541d3eb3d99e166c80b243812e6678c96f5f504254d1acff781fbc1da55,,
nbody,numpy,default,same_process,validation,,nbody,,0,0,eb19dd29eced1356f5981ddd1d68235062b1cd0e3e730e4069acc2a4f30a6512,369f565b2cc3f4d1e7431a758f71f09b2fb5270f7b56b9b6b5de37373d88c636,,
nbody,numba,nopython-mode,same_process,validation,,nbody,,0,0,eb19dd29eced1356f5981ddd1d68235062b1cd0e3e730e4069acc2a4f30a6512,369f565b2cc3f4d1e7431a758f71f09b2fb5270f7b56b9b6b5de37373d88c636,,
nbody,numba,nopython-mode-parallel,same_process,N/A,,,,,,,,,
nbody,numba,nopython-mode-parallel-range,same_process,N/A,,,,,,,,,
nbody,numba,object-mode,same_process,validation,,nbody,,0,0,eb19dd29eced1356f5981ddd1d68235062b1cd0e3e730e4069acc2a4f30a6512,369f565b2cc3f4d1e7431a758f71f09b2fb5270f7b56b9b6b5de37373d88c636,,
nbody,numba,object-mode-parallel,same_process,validation,,nbody,,0,0,eb19dd29eced1356f5981ddd1d68235062b1cd0e3e730e4069acc2a4f30a6512,369f565b2cc3f4d1e7431a758f71f09b2fb5270f7b56b9b6b5de37373d88c636,,
nbody,numba,object-mode-parallel-range,same_process,N/A,,,,,,,,,
nbody,dace_cpu,fusion,same_process,validation,,nbody,,0,0,eb19dd29eced1356f5981ddd1d68235062b1cd0e3e730e4069acc2a4f30a6512,369f565b2cc3f4d1e7431a758f71f09b2fb5270f7b56b9b6b5de37373d88c636,,
nbody,dace_cpu,parallel,same_process,validation,,nbody,,0,0,eb19dd29eced1356f5981ddd1d68235062b1cd0e3e730e4069acc2a4f30a6512,369f565b2cc3f4d1e7431a758f71f09b2fb5270f7b56b9b6b5de37373d88c636,,
nbody,dace_cpu,auto_opt,same_process,validation,,nbody,,0,0,eb19dd29eced1356f5981ddd1d68235062b1cd0e3e730e4069acc2a4f30a6512,369f565b2cc3f4d1e7431a758f71f09b2fb5270f7b56b9b6b5de37373d88c636,,
nbody,dace_gpu,fusion,same_process,validation,,nbody,,0,0,eb19dd29eced1356f5981ddd1d68235062b1cd0e3e730e4069acc2a4f30a6512,369f565b2cc3f4d1e7431a758f71f09b2fb5270f7b56b9b6b5de37373d88c636,,
nbody,dace_gpu,parallel,same_process,validation,,nbody,,0,0,eb19dd29eced1356f5981ddd1d68235062b1cd0e3e730e4069acc2a4f30a6512,369f565b2cc3f4d1e7431a758f71f09b2fb5270f7b56b9b6b5de37373d88c636,,
nbody,dace_gpu,auto_opt,same_process,validation,,nbody,,0,0,eb19dd29eced1356f5981ddd1d68235062b1cd0e3e730e4069acc2a4f30a6512,369f565b2cc3f4d1e7431a758f71f09b2fb5270f7b56b9b6b5de37373d88c636,,
nbody,cupy,default,same_process,validation,,nbody,,0,0,eb19dd29eced1356f5981ddd1d68235062b1cd0e3e730e4069acc2a4f30a6512,369f565b2cc3f4d1e7431a758f71f09b2fb5270f7b56b9b6b5de37373d88c636,,
nussinov,numpy,default,same_process,observed,1.1728499236050993,nussinov,,6,3,7de19d1b6c54c559477765ce530898d3c0e580b07d787f443f19ff85acf43418,05b880e157b9ee387cb9be1fa3b10e2f4efe7bed764c6b129b8b31ad87b8df2a,,
nussinov,numba,nopython-mode,same_process,observed,0.002775998553261161,nussinov,,6,3,7de19d1b6c54c559477765ce530898d3c0e580b07d787f443f19ff85acf43418,05b880e157b9ee387cb9be1fa3b10e2f4efe7bed764c6b129b8b31ad87b8df2a,,
nussinov,numba,nopython-mode-parallel,same_process,observed,0.005048967199400067,nussinov,,6,3,7de19d1b6c54c559477765ce530898d3c0e580b07d787f443f19ff85acf43418,05b880e157b9ee387cb9be1fa3b10e2f4efe7bed764c6b129b8b31ad87b8df2a,,selected_process_variability
nussinov,numba,nopython-mode-parallel-range,same_process,N/A,,,,,,,,,
nussinov,numba,object-mode,same_process,N/A,,,,,,,,,
nussinov,numba,object-mode-parallel,same_process,N/A,,,,,,,,,
nussinov,numba,object-mode-parallel-range,same_process,N/A,,,,,,,,,
nussinov,dace_cpu,fusion,same_process,observed,0.00986722088418901,nussinov,,6,3,7de19d1b6c54c559477765ce530898d3c0e580b07d787f443f19ff85acf43418,05b880e157b9ee387cb9be1fa3b10e2f4efe7bed764c6b129b8b31ad87b8df2a,,selected_process_variability
nussinov,dace_cpu,parallel,same_process,observed,0.008881215704604983,nussinov,,6,3,7de19d1b6c54c559477765ce530898d3c0e580b07d787f443f19ff85acf43418,05b880e157b9ee387cb9be1fa3b10e2f4efe7bed764c6b129b8b31ad87b8df2a,,selected_process_variability
nussinov,dace_cpu,auto_opt,same_process,observed,0.009372076485306025,nussinov,,6,3,7de19d1b6c54c559477765ce530898d3c0e580b07d787f443f19ff85acf43418,05b880e157b9ee387cb9be1fa3b10e2f4efe7bed764c6b129b8b31ad87b8df2a,,selected_process_variability
nussinov,dace_gpu,fusion,same_process,observed,50.56568382168189,nussinov,,6,3,7de19d1b6c54c559477765ce530898d3c0e580b07d787f443f19ff85acf43418,05b880e157b9ee387cb9be1fa3b10e2f4efe7bed764c6b129b8b31ad87b8df2a,,
nussinov,dace_gpu,parallel,same_process,observed,50.27788714435883,nussinov,,6,3,7de19d1b6c54c559477765ce530898d3c0e580b07d787f443f19ff85acf43418,05b880e157b9ee387cb9be1fa3b10e2f4efe7bed764c6b129b8b31ad87b8df2a,,
nussinov,dace_gpu,auto_opt,same_process,observed,51.777795795118436,nussinov,,6,3,7de19d1b6c54c559477765ce530898d3c0e580b07d787f443f19ff85acf43418,05b880e157b9ee387cb9be1fa3b10e2f4efe7bed764c6b129b8b31ad87b8df2a,,selected_process_variability
nussinov,cupy,default,same_process,observed,82.69617036706768,nussinov,,6,3,7de19d1b6c54c559477765ce530898d3c0e580b07d787f443f19ff85acf43418,05b880e157b9ee387cb9be1fa3b10e2f4efe7bed764c6b129b8b31ad87b8df2a,,
resnet,numpy,default,same_process,observed,1.1987555546220392,resnet,,6,3,9c64e5659fe9a99f38dfdee95f8c4b5ec1e0daa0e4544948c4f88bb50e6edbfa,070b0fcd2b4f101302a58108dce79a6ea1d6fdbdf9be753fec768d1818ea7464,,
resnet,numba,nopython-mode,same_process,validation,,resnet,,0,0,9c64e5659fe9a99f38dfdee95f8c4b5ec1e0daa0e4544948c4f88bb50e6edbfa,070b0fcd2b4f101302a58108dce79a6ea1d6fdbdf9be753fec768d1818ea7464,,
resnet,numba,nopython-mode-parallel,same_process,validation,,resnet,,0,0,9c64e5659fe9a99f38dfdee95f8c4b5ec1e0daa0e4544948c4f88bb50e6edbfa,070b0fcd2b4f101302a58108dce79a6ea1d6fdbdf9be753fec768d1818ea7464,,
resnet,numba,nopython-mode-parallel-range,same_process,validation,,resnet,,0,0,9c64e5659fe9a99f38dfdee95f8c4b5ec1e0daa0e4544948c4f88bb50e6edbfa,070b0fcd2b4f101302a58108dce79a6ea1d6fdbdf9be753fec768d1818ea7464,,
resnet,numba,object-mode,same_process,error,,resnet,,0,0,9c64e5659fe9a99f38dfdee95f8c4b5ec1e0daa0e4544948c4f88bb50e6edbfa,070b0fcd2b4f101302a58108dce79a6ea1d6fdbdf9be753fec768d1818ea7464,,
resnet,numba,object-mode-parallel,same_process,error,,resnet,,0,0,9c64e5659fe9a99f38dfdee95f8c4b5ec1e0daa0e4544948c4f88bb50e6edbfa,070b0fcd2b4f101302a58108dce79a6ea1d6fdbdf9be753fec768d1818ea7464,,
resnet,numba,object-mode-parallel-range,same_process,observed,1.1909286796581,resnet,,6,3,9c64e5659fe9a99f38dfdee95f8c4b5ec1e0daa0e4544948c4f88bb50e6edbfa,070b0fcd2b4f101302a58108dce79a6ea1d6fdbdf9be753fec768d1818ea7464,,
resnet,dace_cpu,fusion,same_process,observed,2.0745546522084624,resnet,,6,3,9c64e5659fe9a99f38dfdee95f8c4b5ec1e0daa0e4544948c4f88bb50e6edbfa,070b0fcd2b4f101302a58108dce79a6ea1d6fdbdf9be753fec768d1818ea7464,,selected_process_variability
resnet,dace_cpu,parallel,same_process,observed,0.9158033556304872,resnet,,6,3,9c64e5659fe9a99f38dfdee95f8c4b5ec1e0daa0e4544948c4f88bb50e6edbfa,070b0fcd2b4f101302a58108dce79a6ea1d6fdbdf9be753fec768d1818ea7464,,selected_process_variability
resnet,dace_cpu,auto_opt,same_process,observed,0.768561563687399,resnet,,6,3,9c64e5659fe9a99f38dfdee95f8c4b5ec1e0daa0e4544948c4f88bb50e6edbfa,070b0fcd2b4f101302a58108dce79a6ea1d6fdbdf9be753fec768d1818ea7464,,new_variability;selected_process_variability
resnet,dace_gpu,fusion,same_process,validation,,resnet,,0,0,9c64e5659fe9a99f38dfdee95f8c4b5ec1e0daa0e4544948c4f88bb50e6edbfa,070b0fcd2b4f101302a58108dce79a6ea1d6fdbdf9be753fec768d1818ea7464,,
resnet,dace_gpu,parallel,same_process,error,,resnet,,0,0,9c64e5659fe9a99f38dfdee95f8c4b5ec1e0daa0e4544948c4f88bb50e6edbfa,070b0fcd2b4f101302a58108dce79a6ea1d6fdbdf9be753fec768d1818ea7464,,
resnet,dace_gpu,auto_opt,same_process,error,,resnet,,0,0,9c64e5659fe9a99f38dfdee95f8c4b5ec1e0daa0e4544948c4f88bb50e6edbfa,070b0fcd2b4f101302a58108dce79a6ea1d6fdbdf9be753fec768d1818ea7464,,
resnet,cupy,default,same_process,observed,1.1502233606297523,resnet,,6,3,9c64e5659fe9a99f38dfdee95f8c4b5ec1e0daa0e4544948c4f88bb50e6edbfa,070b0fcd2b4f101302a58108dce79a6ea1d6fdbdf9be753fec768d1818ea7464,,
scattering_self_energies,numpy,default,same_process,observed,1.0273800145369023,scattering_self_energies,,6,3,dfe8b7a530913f54e6164d2f20cb5a63e6c95544a680629acde629144cff7caa,f7d4f3c7d50b72880addf25da02f47a077e25e5f288758e484adcbc85a181974,,selected_process_variability
scattering_self_energies,numba,nopython-mode,same_process,observed,0.09325084020383656,scattering_self_energies,,6,3,dfe8b7a530913f54e6164d2f20cb5a63e6c95544a680629acde629144cff7caa,f7d4f3c7d50b72880addf25da02f47a077e25e5f288758e484adcbc85a181974,,
scattering_self_energies,numba,nopython-mode-parallel,same_process,N/A,,,,,,,,,
scattering_self_energies,numba,nopython-mode-parallel-range,same_process,observed,0.39123467239551246,scattering_self_energies,,6,3,dfe8b7a530913f54e6164d2f20cb5a63e6c95544a680629acde629144cff7caa,f7d4f3c7d50b72880addf25da02f47a077e25e5f288758e484adcbc85a181974,,
scattering_self_energies,numba,object-mode,same_process,N/A,,,,,,,,,
scattering_self_energies,numba,object-mode-parallel,same_process,N/A,,,,,,,,,
scattering_self_energies,numba,object-mode-parallel-range,same_process,N/A,,,,,,,,,
scattering_self_energies,dace_cpu,fusion,same_process,observed,7.628670050529763,scattering_self_energies,,6,3,dfe8b7a530913f54e6164d2f20cb5a63e6c95544a680629acde629144cff7caa,f7d4f3c7d50b72880addf25da02f47a077e25e5f288758e484adcbc85a181974,,selected_process_variability
scattering_self_energies,dace_cpu,parallel,same_process,observed,9.27697738353163,scattering_self_energies,,6,3,dfe8b7a530913f54e6164d2f20cb5a63e6c95544a680629acde629144cff7caa,f7d4f3c7d50b72880addf25da02f47a077e25e5f288758e484adcbc85a181974,,selected_process_variability
scattering_self_energies,dace_cpu,auto_opt,same_process,observed,7.4268509689718485,scattering_self_energies,,6,3,dfe8b7a530913f54e6164d2f20cb5a63e6c95544a680629acde629144cff7caa,f7d4f3c7d50b72880addf25da02f47a077e25e5f288758e484adcbc85a181974,,selected_process_variability
scattering_self_energies,dace_gpu,fusion,same_process,observed,6.833423481089994,scattering_self_energies,,6,3,dfe8b7a530913f54e6164d2f20cb5a63e6c95544a680629acde629144cff7caa,f7d4f3c7d50b72880addf25da02f47a077e25e5f288758e484adcbc85a181974,,
scattering_self_energies,dace_gpu,parallel,same_process,observed,6.994993430562317,scattering_self_energies,,6,3,dfe8b7a530913f54e6164d2f20cb5a63e6c95544a680629acde629144cff7caa,f7d4f3c7d50b72880addf25da02f47a077e25e5f288758e484adcbc85a181974,,
scattering_self_energies,dace_gpu,auto_opt,same_process,observed,5.0471635174471885,scattering_self_energies,,6,3,dfe8b7a530913f54e6164d2f20cb5a63e6c95544a680629acde629144cff7caa,f7d4f3c7d50b72880addf25da02f47a077e25e5f288758e484adcbc85a181974,,new_sampling_or_resources
scattering_self_energies,cupy,default,same_process,observed,12.695414496818557,scattering_self_energies,,6,3,dfe8b7a530913f54e6164d2f20cb5a63e6c95544a680629acde629144cff7caa,f7d4f3c7d50b72880addf25da02f47a077e25e5f288758e484adcbc85a181974,,
seidel_2d,numpy,default,same_process,observed,1.0670811131130904,seidel_2d,,6,3,ee1919384d25883ff17bfcdb49d28a5d6dabc6f97d12c672811043a4107874a9,6d10c80c878e92ea3bdd4f0a16c473438b233d1989ed5a8d0f8d1356e6d0b32b,,
seidel_2d,numba,nopython-mode,same_process,observed,0.012338991044089198,seidel_2d,,6,3,ee1919384d25883ff17bfcdb49d28a5d6dabc6f97d12c672811043a4107874a9,6d10c80c878e92ea3bdd4f0a16c473438b233d1989ed5a8d0f8d1356e6d0b32b,,new_sampling_or_resources
seidel_2d,numba,nopython-mode-parallel,same_process,validation,,seidel_2d,,0,0,ee1919384d25883ff17bfcdb49d28a5d6dabc6f97d12c672811043a4107874a9,6d10c80c878e92ea3bdd4f0a16c473438b233d1989ed5a8d0f8d1356e6d0b32b,,
seidel_2d,numba,nopython-mode-parallel-range,same_process,N/A,,,,,,,,,
seidel_2d,numba,object-mode,same_process,N/A,,,,,,,,,
seidel_2d,numba,object-mode-parallel,same_process,N/A,,,,,,,,,
seidel_2d,numba,object-mode-parallel-range,same_process,N/A,,,,,,,,,
seidel_2d,dace_cpu,fusion,same_process,observed,0.6185938464477658,seidel_2d,,6,3,ee1919384d25883ff17bfcdb49d28a5d6dabc6f97d12c672811043a4107874a9,6d10c80c878e92ea3bdd4f0a16c473438b233d1989ed5a8d0f8d1356e6d0b32b,,selected_process_variability
seidel_2d,dace_cpu,parallel,same_process,observed,0.6193840100895613,seidel_2d,,6,3,ee1919384d25883ff17bfcdb49d28a5d6dabc6f97d12c672811043a4107874a9,6d10c80c878e92ea3bdd4f0a16c473438b233d1989ed5a8d0f8d1356e6d0b32b,,selected_process_variability
seidel_2d,dace_cpu,auto_opt,same_process,observed,0.6850007518660277,seidel_2d,,6,3,ee1919384d25883ff17bfcdb49d28a5d6dabc6f97d12c672811043a4107874a9,6d10c80c878e92ea3bdd4f0a16c473438b233d1989ed5a8d0f8d1356e6d0b32b,,selected_process_variability
seidel_2d,dace_gpu,fusion,same_process,observed,23.77391218394041,seidel_2d,,6,3,ee1919384d25883ff17bfcdb49d28a5d6dabc6f97d12c672811043a4107874a9,6d10c80c878e92ea3bdd4f0a16c473438b233d1989ed5a8d0f8d1356e6d0b32b,,
seidel_2d,dace_gpu,parallel,same_process,observed,23.719966757576913,seidel_2d,,6,3,ee1919384d25883ff17bfcdb49d28a5d6dabc6f97d12c672811043a4107874a9,6d10c80c878e92ea3bdd4f0a16c473438b233d1989ed5a8d0f8d1356e6d0b32b,,
seidel_2d,dace_gpu,auto_opt,same_process,observed,24.2586894154083,seidel_2d,,6,3,ee1919384d25883ff17bfcdb49d28a5d6dabc6f97d12c672811043a4107874a9,6d10c80c878e92ea3bdd4f0a16c473438b233d1989ed5a8d0f8d1356e6d0b32b,,
seidel_2d,cupy,default,same_process,observed,42.24012964544818,seidel_2d,,6,3,ee1919384d25883ff17bfcdb49d28a5d6dabc6f97d12c672811043a4107874a9,6d10c80c878e92ea3bdd4f0a16c473438b233d1989ed5a8d0f8d1356e6d0b32b,,
softmax,numpy,default,same_process,observed,1.2258611128199846,softmax,,6,3,4c2cc8073ef8741ed9febc8a4ff62219351eab9b80f103f3f9ef78cbfb3d3a24,2fcf9437c28756a764115316372f1c170da55c13fa29321255a7dcc2a7583c80,,selected_process_variability
softmax,numba,nopython-mode,same_process,observed,4.3915791511535645,softmax,,6,3,4c2cc8073ef8741ed9febc8a4ff62219351eab9b80f103f3f9ef78cbfb3d3a24,2fcf9437c28756a764115316372f1c170da55c13fa29321255a7dcc2a7583c80,,
softmax,numba,nopython-mode-parallel,same_process,observed,2.537584192119539,softmax,,6,3,4c2cc8073ef8741ed9febc8a4ff62219351eab9b80f103f3f9ef78cbfb3d3a24,2fcf9437c28756a764115316372f1c170da55c13fa29321255a7dcc2a7583c80,,selected_process_variability
softmax,numba,nopython-mode-parallel-range,same_process,observed,2.5392290700692683,softmax,,6,3,4c2cc8073ef8741ed9febc8a4ff62219351eab9b80f103f3f9ef78cbfb3d3a24,2fcf9437c28756a764115316372f1c170da55c13fa29321255a7dcc2a7583c80,,selected_process_variability
softmax,numba,object-mode,same_process,observed,1.2231680466793478,softmax,,6,3,4c2cc8073ef8741ed9febc8a4ff62219351eab9b80f103f3f9ef78cbfb3d3a24,2fcf9437c28756a764115316372f1c170da55c13fa29321255a7dcc2a7583c80,,new_variability
softmax,numba,object-mode-parallel,same_process,observed,1.0988642694428563,softmax,,6,3,4c2cc8073ef8741ed9febc8a4ff62219351eab9b80f103f3f9ef78cbfb3d3a24,2fcf9437c28756a764115316372f1c170da55c13fa29321255a7dcc2a7583c80,,new_variability
softmax,numba,object-mode-parallel-range,same_process,N/A,,,,,,,,,
softmax,dace_cpu,fusion,same_process,observed,131.4248795537278,softmax,,6,3,4c2cc8073ef8741ed9febc8a4ff62219351eab9b80f103f3f9ef78cbfb3d3a24,2fcf9437c28756a764115316372f1c170da55c13fa29321255a7dcc2a7583c80,,
softmax,dace_cpu,parallel,same_process,observed,134.46748244250193,softmax,,6,3,4c2cc8073ef8741ed9febc8a4ff62219351eab9b80f103f3f9ef78cbfb3d3a24,2fcf9437c28756a764115316372f1c170da55c13fa29321255a7dcc2a7583c80,,
softmax,dace_cpu,auto_opt,same_process,observed,140.1217202055268,softmax,,6,3,4c2cc8073ef8741ed9febc8a4ff62219351eab9b80f103f3f9ef78cbfb3d3a24,2fcf9437c28756a764115316372f1c170da55c13fa29321255a7dcc2a7583c80,,
softmax,dace_gpu,fusion,same_process,observed,0.3149720267392695,softmax,,6,3,4c2cc8073ef8741ed9febc8a4ff62219351eab9b80f103f3f9ef78cbfb3d3a24,2fcf9437c28756a764115316372f1c170da55c13fa29321255a7dcc2a7583c80,,
softmax,dace_gpu,parallel,same_process,observed,0.29834673181176186,softmax,,6,3,4c2cc8073ef8741ed9febc8a4ff62219351eab9b80f103f3f9ef78cbfb3d3a24,2fcf9437c28756a764115316372f1c170da55c13fa29321255a7dcc2a7583c80,,
softmax,dace_gpu,auto_opt,same_process,observed,0.28490055724978447,softmax,,6,3,4c2cc8073ef8741ed9febc8a4ff62219351eab9b80f103f3f9ef78cbfb3d3a24,2fcf9437c28756a764115316372f1c170da55c13fa29321255a7dcc2a7583c80,,
softmax,cupy,default,same_process,observed,0.2733467663638294,softmax,,6,3,4c2cc8073ef8741ed9febc8a4ff62219351eab9b80f103f3f9ef78cbfb3d3a24,2fcf9437c28756a764115316372f1c170da55c13fa29321255a7dcc2a7583c80,,
spmv,numpy,default,same_process,observed,1.1481759194284678,spmv,,6,3,da225492dbcd662f48fe5c413e0af07e8fbf1265c8b2c20e9564383e2e55d8ad,830b22cd03e41feb9b883b4b8fc754402901ac74dc9f607cfa3a81bdc5787389,,
spmv,numba,nopython-mode,same_process,observed,0.024211599491536617,spmv,,6,3,da225492dbcd662f48fe5c413e0af07e8fbf1265c8b2c20e9564383e2e55d8ad,830b22cd03e41feb9b883b4b8fc754402901ac74dc9f607cfa3a81bdc5787389,,
spmv,numba,nopython-mode-parallel,same_process,observed,0.018671741941943765,spmv,,6,3,da225492dbcd662f48fe5c413e0af07e8fbf1265c8b2c20e9564383e2e55d8ad,830b22cd03e41feb9b883b4b8fc754402901ac74dc9f607cfa3a81bdc5787389,,selected_process_variability
spmv,numba,nopython-mode-parallel-range,same_process,observed,0.003174065612256527,spmv,,6,3,da225492dbcd662f48fe5c413e0af07e8fbf1265c8b2c20e9564383e2e55d8ad,830b22cd03e41feb9b883b4b8fc754402901ac74dc9f607cfa3a81bdc5787389,,historical_drift_requires_review;new_variability;selected_process_variability
spmv,numba,object-mode,same_process,N/A,,,,,,,,,
spmv,numba,object-mode-parallel,same_process,N/A,,,,,,,,,
spmv,numba,object-mode-parallel-range,same_process,N/A,,,,,,,,,
spmv,dace_cpu,fusion,same_process,observed,8.457816451089457,spmv,,6,3,da225492dbcd662f48fe5c413e0af07e8fbf1265c8b2c20e9564383e2e55d8ad,830b22cd03e41feb9b883b4b8fc754402901ac74dc9f607cfa3a81bdc5787389,,selected_process_variability
spmv,dace_cpu,parallel,same_process,observed,0.006445311242714524,spmv,,6,3,da225492dbcd662f48fe5c413e0af07e8fbf1265c8b2c20e9564383e2e55d8ad,830b22cd03e41feb9b883b4b8fc754402901ac74dc9f607cfa3a81bdc5787389,,historical_drift_requires_review;new_variability;selected_process_variability
spmv,dace_cpu,auto_opt,same_process,observed,0.0070749809965491295,spmv,,6,3,da225492dbcd662f48fe5c413e0af07e8fbf1265c8b2c20e9564383e2e55d8ad,830b22cd03e41feb9b883b4b8fc754402901ac74dc9f607cfa3a81bdc5787389,,selected_process_variability
spmv,dace_gpu,fusion,same_process,observed,50.423293430591,spmv,,6,3,da225492dbcd662f48fe5c413e0af07e8fbf1265c8b2c20e9564383e2e55d8ad,830b22cd03e41feb9b883b4b8fc754402901ac74dc9f607cfa3a81bdc5787389,,
spmv,dace_gpu,parallel,same_process,observed,0.09488612436689436,spmv,,6,3,da225492dbcd662f48fe5c413e0af07e8fbf1265c8b2c20e9564383e2e55d8ad,830b22cd03e41feb9b883b4b8fc754402901ac74dc9f607cfa3a81bdc5787389,,new_variability;selected_process_variability
spmv,dace_gpu,auto_opt,same_process,observed,0.09993986994959414,spmv,,6,3,da225492dbcd662f48fe5c413e0af07e8fbf1265c8b2c20e9564383e2e55d8ad,830b22cd03e41feb9b883b4b8fc754402901ac74dc9f607cfa3a81bdc5787389,,selected_process_variability
spmv,cupy,default,same_process,observed,44.75408536940813,spmv,,6,3,da225492dbcd662f48fe5c413e0af07e8fbf1265c8b2c20e9564383e2e55d8ad,830b22cd03e41feb9b883b4b8fc754402901ac74dc9f607cfa3a81bdc5787389,,
stockham_fft,numpy,default,same_process,observed,1.0013293041847646,stockham_fft,,6,3,6d6ff6409e820c0b1abb2d24a7ede6af7390464b8d347a4cba678562e2b4f111,f6c4acc3fcbed6678c4fad72d834895ca7156ce67f7538ebe2242ed208af3254,,
stockham_fft,numba,nopython-mode,same_process,observed,2.2566900392994285,stockham_fft,,6,3,6d6ff6409e820c0b1abb2d24a7ede6af7390464b8d347a4cba678562e2b4f111,f6c4acc3fcbed6678c4fad72d834895ca7156ce67f7538ebe2242ed208af3254,,
stockham_fft,numba,nopython-mode-parallel,same_process,observed,464.56499489117414,stockham_fft,,6,3,6d6ff6409e820c0b1abb2d24a7ede6af7390464b8d347a4cba678562e2b4f111,f6c4acc3fcbed6678c4fad72d834895ca7156ce67f7538ebe2242ed208af3254,,
stockham_fft,numba,nopython-mode-parallel-range,same_process,observed,5.862875611055642,stockham_fft,,6,3,6d6ff6409e820c0b1abb2d24a7ede6af7390464b8d347a4cba678562e2b4f111,f6c4acc3fcbed6678c4fad72d834895ca7156ce67f7538ebe2242ed208af3254,,
stockham_fft,numba,object-mode,same_process,observed,1.1592463171109557,stockham_fft,,2,1,6d6ff6409e820c0b1abb2d24a7ede6af7390464b8d347a4cba678562e2b4f111,f6c4acc3fcbed6678c4fad72d834895ca7156ce67f7538ebe2242ed208af3254,,original_process_only
stockham_fft,numba,object-mode-parallel,same_process,observed,0.9817536524496973,stockham_fft,,2,1,6d6ff6409e820c0b1abb2d24a7ede6af7390464b8d347a4cba678562e2b4f111,f6c4acc3fcbed6678c4fad72d834895ca7156ce67f7538ebe2242ed208af3254,,original_process_only
stockham_fft,numba,object-mode-parallel-range,same_process,N/A,,,,,,,,,
stockham_fft,dace_cpu,fusion,same_process,error,,stockham_fft,,0,0,6d6ff6409e820c0b1abb2d24a7ede6af7390464b8d347a4cba678562e2b4f111,f6c4acc3fcbed6678c4fad72d834895ca7156ce67f7538ebe2242ed208af3254,,
stockham_fft,dace_cpu,parallel,same_process,error,,stockham_fft,,0,0,6d6ff6409e820c0b1abb2d24a7ede6af7390464b8d347a4cba678562e2b4f111,f6c4acc3fcbed6678c4fad72d834895ca7156ce67f7538ebe2242ed208af3254,,
stockham_fft,dace_cpu,auto_opt,same_process,error,,stockham_fft,,0,0,6d6ff6409e820c0b1abb2d24a7ede6af7390464b8d347a4cba678562e2b4f111,f6c4acc3fcbed6678c4fad72d834895ca7156ce67f7538ebe2242ed208af3254,,
stockham_fft,dace_gpu,fusion,same_process,error,,stockham_fft,,0,0,6d6ff6409e820c0b1abb2d24a7ede6af7390464b8d347a4cba678562e2b4f111,f6c4acc3fcbed6678c4fad72d834895ca7156ce67f7538ebe2242ed208af3254,,
stockham_fft,dace_gpu,parallel,same_process,error,,stockham_fft,,0,0,6d6ff6409e820c0b1abb2d24a7ede6af7390464b8d347a4cba678562e2b4f111,f6c4acc3fcbed6678c4fad72d834895ca7156ce67f7538ebe2242ed208af3254,,
stockham_fft,dace_gpu,auto_opt,same_process,error,,stockham_fft,,0,0,6d6ff6409e820c0b1abb2d24a7ede6af7390464b8d347a4cba678562e2b4f111,f6c4acc3fcbed6678c4fad72d834895ca7156ce67f7538ebe2242ed208af3254,,
stockham_fft,cupy,default,same_process,observed,0.034062273101881146,stockham_fft,,6,3,6d6ff6409e820c0b1abb2d24a7ede6af7390464b8d347a4cba678562e2b4f111,f6c4acc3fcbed6678c4fad72d834895ca7156ce67f7538ebe2242ed208af3254,,
symm,numpy,default,same_process,observed,1.2384622981771827,symm,,6,3,9a79ab11f86fec484ee78c92c02c8f9588bcdd801caf9345beae289adb5ce087,c983fe23aab1369b59df067f61f46c516f426a2b0a1ea8bdc3779352f6c91630,,
symm,numba,nopython-mode,same_process,observed,0.2340118035208434,symm,,6,3,9a79ab11f86fec484ee78c92c02c8f9588bcdd801caf9345beae289adb5ce087,c983fe23aab1369b59df067f61f46c516f426a2b0a1ea8bdc3779352f6c91630,,selected_process_variability
symm,numba,nopython-mode-parallel,same_process,N/A,,,,,,,,,
symm,numba,nopython-mode-parallel-range,same_process,observed,0.1683717193081975,symm,,6,3,9a79ab11f86fec484ee78c92c02c8f9588bcdd801caf9345beae289adb5ce087,c983fe23aab1369b59df067f61f46c516f426a2b0a1ea8bdc3779352f6c91630,,new_variability;selected_process_variability
symm,numba,object-mode,same_process,N/A,,,,,,,,,
symm,numba,object-mode-parallel,same_process,N/A,,,,,,,,,
symm,numba,object-mode-parallel-range,same_process,N/A,,,,,,,,,
symm,dace_cpu,fusion,same_process,observed,5.643410010728985,symm,,6,3,9a79ab11f86fec484ee78c92c02c8f9588bcdd801caf9345beae289adb5ce087,c983fe23aab1369b59df067f61f46c516f426a2b0a1ea8bdc3779352f6c91630,,
symm,dace_cpu,parallel,same_process,observed,5.812807078007609,symm,,6,3,9a79ab11f86fec484ee78c92c02c8f9588bcdd801caf9345beae289adb5ce087,c983fe23aab1369b59df067f61f46c516f426a2b0a1ea8bdc3779352f6c91630,,selected_process_variability
symm,dace_cpu,auto_opt,same_process,observed,6.393750446150079,symm,,6,3,9a79ab11f86fec484ee78c92c02c8f9588bcdd801caf9345beae289adb5ce087,c983fe23aab1369b59df067f61f46c516f426a2b0a1ea8bdc3779352f6c91630,,selected_process_variability
symm,dace_gpu,fusion,same_process,observed,5.524578198324889,symm,,6,3,9a79ab11f86fec484ee78c92c02c8f9588bcdd801caf9345beae289adb5ce087,c983fe23aab1369b59df067f61f46c516f426a2b0a1ea8bdc3779352f6c91630,,selected_process_variability
symm,dace_gpu,parallel,same_process,observed,5.311629232484847,symm,,6,3,9a79ab11f86fec484ee78c92c02c8f9588bcdd801caf9345beae289adb5ce087,c983fe23aab1369b59df067f61f46c516f426a2b0a1ea8bdc3779352f6c91630,,
symm,dace_gpu,auto_opt,same_process,observed,4.9315677979029715,symm,,6,3,9a79ab11f86fec484ee78c92c02c8f9588bcdd801caf9345beae289adb5ce087,c983fe23aab1369b59df067f61f46c516f426a2b0a1ea8bdc3779352f6c91630,,new_sampling_or_resources;selected_process_variability
symm,cupy,default,same_process,observed,27.179745747940615,symm,,6,3,9a79ab11f86fec484ee78c92c02c8f9588bcdd801caf9345beae289adb5ce087,c983fe23aab1369b59df067f61f46c516f426a2b0a1ea8bdc3779352f6c91630,,
syr2k,numpy,default,same_process,observed,1.3520400472916663,syr2k,,6,3,e7abbc19895a88befab489211bc20dc301be2dede982f39fba4c4f210583f274,4eed4ab152ea49c0a4cdf942787319238e4b8903146da60692ca376422fc8502,,
syr2k,numba,nopython-mode,same_process,observed,0.12808901048265398,syr2k,,6,3,e7abbc19895a88befab489211bc20dc301be2dede982f39fba4c4f210583f274,4eed4ab152ea49c0a4cdf942787319238e4b8903146da60692ca376422fc8502,,new_variability
syr2k,numba,nopython-mode-parallel,same_process,N/A,,,,,,,,,
syr2k,numba,nopython-mode-parallel-range,same_process,N/A,,,,,,,,,
syr2k,numba,object-mode,same_process,N/A,,,,,,,,,
syr2k,numba,object-mode-parallel,same_process,N/A,,,,,,,,,
syr2k,numba,object-mode-parallel-range,same_process,N/A,,,,,,,,,
syr2k,dace_cpu,fusion,same_process,observed,4.353794454364106,syr2k,,6,3,e7abbc19895a88befab489211bc20dc301be2dede982f39fba4c4f210583f274,4eed4ab152ea49c0a4cdf942787319238e4b8903146da60692ca376422fc8502,,
syr2k,dace_cpu,parallel,same_process,observed,4.978939356748015,syr2k,,6,3,e7abbc19895a88befab489211bc20dc301be2dede982f39fba4c4f210583f274,4eed4ab152ea49c0a4cdf942787319238e4b8903146da60692ca376422fc8502,,selected_process_variability
syr2k,dace_cpu,auto_opt,same_process,observed,5.131343184970319,syr2k,,6,3,e7abbc19895a88befab489211bc20dc301be2dede982f39fba4c4f210583f274,4eed4ab152ea49c0a4cdf942787319238e4b8903146da60692ca376422fc8502,,selected_process_variability
syr2k,dace_gpu,fusion,same_process,observed,5.168913095723838,syr2k,,6,3,e7abbc19895a88befab489211bc20dc301be2dede982f39fba4c4f210583f274,4eed4ab152ea49c0a4cdf942787319238e4b8903146da60692ca376422fc8502,,
syr2k,dace_gpu,parallel,same_process,observed,5.574287685798481,syr2k,,6,3,e7abbc19895a88befab489211bc20dc301be2dede982f39fba4c4f210583f274,4eed4ab152ea49c0a4cdf942787319238e4b8903146da60692ca376422fc8502,,
syr2k,dace_gpu,auto_opt,same_process,observed,5.193464719457552,syr2k,,6,3,e7abbc19895a88befab489211bc20dc301be2dede982f39fba4c4f210583f274,4eed4ab152ea49c0a4cdf942787319238e4b8903146da60692ca376422fc8502,,
syr2k,cupy,default,same_process,observed,14.672014179872349,syr2k,,6,3,e7abbc19895a88befab489211bc20dc301be2dede982f39fba4c4f210583f274,4eed4ab152ea49c0a4cdf942787319238e4b8903146da60692ca376422fc8502,,
syrk,numpy,default,same_process,observed,1.2323928298428655,syrk,,6,3,92484da5155c3406ad7a24b9d17a47e4e5ea9277c45b375c935d26bea371609c,c9125e156aac0f0083fa4d941c44b5e500809f7d0e4096cfd309983aa1701894,,
syrk,numba,nopython-mode,same_process,observed,0.22308677318505943,syrk,,6,3,92484da5155c3406ad7a24b9d17a47e4e5ea9277c45b375c935d26bea371609c,c9125e156aac0f0083fa4d941c44b5e500809f7d0e4096cfd309983aa1701894,,new_sampling_or_resources;selected_process_variability
syrk,numba,nopython-mode-parallel,same_process,N/A,,,,,,,,,
syrk,numba,nopython-mode-parallel-range,same_process,N/A,,,,,,,,,
syrk,numba,object-mode,same_process,N/A,,,,,,,,,
syrk,numba,object-mode-parallel,same_process,N/A,,,,,,,,,
syrk,numba,object-mode-parallel-range,same_process,N/A,,,,,,,,,
syrk,dace_cpu,fusion,same_process,observed,11.603507605846971,syrk,,6,3,92484da5155c3406ad7a24b9d17a47e4e5ea9277c45b375c935d26bea371609c,c9125e156aac0f0083fa4d941c44b5e500809f7d0e4096cfd309983aa1701894,,
syrk,dace_cpu,parallel,same_process,observed,14.465555856470019,syrk,,6,3,92484da5155c3406ad7a24b9d17a47e4e5ea9277c45b375c935d26bea371609c,c9125e156aac0f0083fa4d941c44b5e500809f7d0e4096cfd309983aa1701894,,selected_process_variability
syrk,dace_cpu,auto_opt,same_process,observed,13.307412914466113,syrk,,6,3,92484da5155c3406ad7a24b9d17a47e4e5ea9277c45b375c935d26bea371609c,c9125e156aac0f0083fa4d941c44b5e500809f7d0e4096cfd309983aa1701894,,selected_process_variability
syrk,dace_gpu,fusion,same_process,observed,2.5443521086126566,syrk,,6,3,92484da5155c3406ad7a24b9d17a47e4e5ea9277c45b375c935d26bea371609c,c9125e156aac0f0083fa4d941c44b5e500809f7d0e4096cfd309983aa1701894,,new_variability;selected_process_variability
syrk,dace_gpu,parallel,same_process,observed,2.866969668539241,syrk,,6,3,92484da5155c3406ad7a24b9d17a47e4e5ea9277c45b375c935d26bea371609c,c9125e156aac0f0083fa4d941c44b5e500809f7d0e4096cfd309983aa1701894,,selected_process_variability
syrk,dace_gpu,auto_opt,same_process,observed,2.657287781359628,syrk,,6,3,92484da5155c3406ad7a24b9d17a47e4e5ea9277c45b375c935d26bea371609c,c9125e156aac0f0083fa4d941c44b5e500809f7d0e4096cfd309983aa1701894,,selected_process_variability
syrk,cupy,default,same_process,observed,16.146741533419117,syrk,,6,3,92484da5155c3406ad7a24b9d17a47e4e5ea9277c45b375c935d26bea371609c,c9125e156aac0f0083fa4d941c44b5e500809f7d0e4096cfd309983aa1701894,,
trisolv,numpy,default,same_process,observed,0.14812944689765573,trisolv,,6,3,4f5471ef60c1579f85ae344ab83c59b28f7f210b0a535e59616ed8d3e93dce87,2ef566c3a7e8536e3be1ae3aaac85d9a03f4836c00d28326cc70cf2e8147fdb1,,selected_process_variability
trisolv,numba,nopython-mode,same_process,observed,0.09425864997319877,trisolv,,6,3,4f5471ef60c1579f85ae344ab83c59b28f7f210b0a535e59616ed8d3e93dce87,2ef566c3a7e8536e3be1ae3aaac85d9a03f4836c00d28326cc70cf2e8147fdb1,,new_variability;selected_process_variability
trisolv,numba,nopython-mode-parallel,same_process,observed,0.09365752432495356,trisolv,,6,3,4f5471ef60c1579f85ae344ab83c59b28f7f210b0a535e59616ed8d3e93dce87,2ef566c3a7e8536e3be1ae3aaac85d9a03f4836c00d28326cc70cf2e8147fdb1,,new_reuse_evidence_incomplete;new_sampling_or_resources
trisolv,numba,nopython-mode-parallel-range,same_process,N/A,,,,,,,,,
trisolv,numba,object-mode,same_process,N/A,,,,,,,,,
trisolv,numba,object-mode-parallel,same_process,N/A,,,,,,,,,
trisolv,numba,object-mode-parallel-range,same_process,N/A,,,,,,,,,
trisolv,dace_cpu,fusion,same_process,observed,0.09927590400911868,trisolv,,6,3,4f5471ef60c1579f85ae344ab83c59b28f7f210b0a535e59616ed8d3e93dce87,2ef566c3a7e8536e3be1ae3aaac85d9a03f4836c00d28326cc70cf2e8147fdb1,,selected_process_variability
trisolv,dace_cpu,parallel,same_process,observed,0.09245527489110827,trisolv,,6,3,4f5471ef60c1579f85ae344ab83c59b28f7f210b0a535e59616ed8d3e93dce87,2ef566c3a7e8536e3be1ae3aaac85d9a03f4836c00d28326cc70cf2e8147fdb1,,new_variability;selected_process_variability
trisolv,dace_cpu,auto_opt,same_process,observed,0.09329328848980367,trisolv,,6,3,4f5471ef60c1579f85ae344ab83c59b28f7f210b0a535e59616ed8d3e93dce87,2ef566c3a7e8536e3be1ae3aaac85d9a03f4836c00d28326cc70cf2e8147fdb1,,selected_process_variability
trisolv,dace_gpu,fusion,same_process,observed,0.6820751859340817,trisolv,,6,3,4f5471ef60c1579f85ae344ab83c59b28f7f210b0a535e59616ed8d3e93dce87,2ef566c3a7e8536e3be1ae3aaac85d9a03f4836c00d28326cc70cf2e8147fdb1,,new_variability
trisolv,dace_gpu,parallel,same_process,observed,0.6918828445486724,trisolv,,6,3,4f5471ef60c1579f85ae344ab83c59b28f7f210b0a535e59616ed8d3e93dce87,2ef566c3a7e8536e3be1ae3aaac85d9a03f4836c00d28326cc70cf2e8147fdb1,,
trisolv,dace_gpu,auto_opt,same_process,observed,0.5883478838950396,trisolv,,6,3,4f5471ef60c1579f85ae344ab83c59b28f7f210b0a535e59616ed8d3e93dce87,2ef566c3a7e8536e3be1ae3aaac85d9a03f4836c00d28326cc70cf2e8147fdb1,,
trisolv,cupy,default,same_process,observed,1.8243018940556794,trisolv,,6,3,4f5471ef60c1579f85ae344ab83c59b28f7f210b0a535e59616ed8d3e93dce87,2ef566c3a7e8536e3be1ae3aaac85d9a03f4836c00d28326cc70cf2e8147fdb1,,
trmm,numpy,default,same_process,observed,1.1537109238561243,trmm,,6,3,3f94b2a3aeb62dabee33d3188a61d501e42975b8a01970dd7d3717b65c060956,9168af76f7b62c6873ac45e920743c46191f055c32ee6a1f1df2aba5ab399d7e,,
trmm,numba,nopython-mode,same_process,observed,0.4257913448382169,trmm,,6,3,3f94b2a3aeb62dabee33d3188a61d501e42975b8a01970dd7d3717b65c060956,9168af76f7b62c6873ac45e920743c46191f055c32ee6a1f1df2aba5ab399d7e,,
trmm,numba,nopython-mode-parallel,same_process,N/A,,,,,,,,,
trmm,numba,nopython-mode-parallel-range,same_process,observed,0.04531315667554736,trmm,,6,3,3f94b2a3aeb62dabee33d3188a61d501e42975b8a01970dd7d3717b65c060956,9168af76f7b62c6873ac45e920743c46191f055c32ee6a1f1df2aba5ab399d7e,,selected_process_variability
trmm,numba,object-mode,same_process,N/A,,,,,,,,,
trmm,numba,object-mode-parallel,same_process,N/A,,,,,,,,,
trmm,numba,object-mode-parallel-range,same_process,N/A,,,,,,,,,
trmm,dace_cpu,fusion,same_process,observed,0.24742476642131805,trmm,,6,3,3f94b2a3aeb62dabee33d3188a61d501e42975b8a01970dd7d3717b65c060956,9168af76f7b62c6873ac45e920743c46191f055c32ee6a1f1df2aba5ab399d7e,,
trmm,dace_cpu,parallel,same_process,observed,0.03332373732700944,trmm,,6,3,3f94b2a3aeb62dabee33d3188a61d501e42975b8a01970dd7d3717b65c060956,9168af76f7b62c6873ac45e920743c46191f055c32ee6a1f1df2aba5ab399d7e,,selected_process_variability
trmm,dace_cpu,auto_opt,same_process,observed,0.032587198074907064,trmm,,6,3,3f94b2a3aeb62dabee33d3188a61d501e42975b8a01970dd7d3717b65c060956,9168af76f7b62c6873ac45e920743c46191f055c32ee6a1f1df2aba5ab399d7e,,historical_drift_requires_review;new_variability;selected_process_variability
trmm,dace_gpu,fusion,same_process,observed,7.92509742686525,trmm,,6,3,3f94b2a3aeb62dabee33d3188a61d501e42975b8a01970dd7d3717b65c060956,9168af76f7b62c6873ac45e920743c46191f055c32ee6a1f1df2aba5ab399d7e,,
trmm,dace_gpu,parallel,same_process,observed,0.015171148581430316,trmm,,6,3,3f94b2a3aeb62dabee33d3188a61d501e42975b8a01970dd7d3717b65c060956,9168af76f7b62c6873ac45e920743c46191f055c32ee6a1f1df2aba5ab399d7e,,
trmm,dace_gpu,auto_opt,same_process,observed,0.014956988394260406,trmm,,6,3,3f94b2a3aeb62dabee33d3188a61d501e42975b8a01970dd7d3717b65c060956,9168af76f7b62c6873ac45e920743c46191f055c32ee6a1f1df2aba5ab399d7e,,
trmm,cupy,default,same_process,observed,39.192514698719606,trmm,,6,3,3f94b2a3aeb62dabee33d3188a61d501e42975b8a01970dd7d3717b65c060956,9168af76f7b62c6873ac45e920743c46191f055c32ee6a1f1df2aba5ab399d7e,,
vadv,numpy,default,same_process,observed,0.605131512042135,vadv,,6,3,af48764eed52bcbfa917a57089296ce3be876f060430fae648ab359316609f14,300cff4f4ff45aa053437078a699f7f36c3a42bea19f7d989bd20911ef2050f4,,
vadv,numba,nopython-mode,same_process,observed,0.6801864062435925,vadv,,6,3,af48764eed52bcbfa917a57089296ce3be876f060430fae648ab359316609f14,300cff4f4ff45aa053437078a699f7f36c3a42bea19f7d989bd20911ef2050f4,,
vadv,numba,nopython-mode-parallel,same_process,observed,0.5591138820163906,vadv,,6,3,af48764eed52bcbfa917a57089296ce3be876f060430fae648ab359316609f14,300cff4f4ff45aa053437078a699f7f36c3a42bea19f7d989bd20911ef2050f4,,historical_drift_requires_review;new_variability;selected_process_variability
vadv,numba,nopython-mode-parallel-range,same_process,N/A,,,,,,,,,
vadv,numba,object-mode,same_process,N/A,,,,,,,,,
vadv,numba,object-mode-parallel,same_process,N/A,,,,,,,,,
vadv,numba,object-mode-parallel-range,same_process,N/A,,,,,,,,,
vadv,dace_cpu,fusion,same_process,observed,1.347530854633078,vadv,,6,3,af48764eed52bcbfa917a57089296ce3be876f060430fae648ab359316609f14,300cff4f4ff45aa053437078a699f7f36c3a42bea19f7d989bd20911ef2050f4,,selected_process_variability
vadv,dace_cpu,parallel,same_process,observed,1.390384456841275,vadv,,6,3,af48764eed52bcbfa917a57089296ce3be876f060430fae648ab359316609f14,300cff4f4ff45aa053437078a699f7f36c3a42bea19f7d989bd20911ef2050f4,,selected_process_variability
vadv,dace_cpu,auto_opt,same_process,observed,1.0088444624561816,vadv,,6,3,af48764eed52bcbfa917a57089296ce3be876f060430fae648ab359316609f14,300cff4f4ff45aa053437078a699f7f36c3a42bea19f7d989bd20911ef2050f4,,
vadv,dace_gpu,fusion,same_process,observed,0.09156333771534264,vadv,,6,3,af48764eed52bcbfa917a57089296ce3be876f060430fae648ab359316609f14,300cff4f4ff45aa053437078a699f7f36c3a42bea19f7d989bd20911ef2050f4,,
vadv,dace_gpu,parallel,same_process,observed,0.09537861915305257,vadv,,6,3,af48764eed52bcbfa917a57089296ce3be876f060430fae648ab359316609f14,300cff4f4ff45aa053437078a699f7f36c3a42bea19f7d989bd20911ef2050f4,,
vadv,dace_gpu,auto_opt,same_process,observed,0.09083227394148707,vadv,,6,3,af48764eed52bcbfa917a57089296ce3be876f060430fae648ab359316609f14,300cff4f4ff45aa053437078a699f7f36c3a42bea19f7d989bd20911ef2050f4,,
vadv,cupy,default,same_process,observed,0.24165396764874458,vadv,,6,3,af48764eed52bcbfa917a57089296ce3be876f060430fae648ab359316609f14,300cff4f4ff45aa053437078a699f7f36c3a42bea19f7d989bd20911ef2050f4,,
adi_corrected,cova_serial_cpu,default,initialization,missing,,adi_corrected,275b9806d38b1fd8119ee27bbc86fe06cc1e39a5,0,0,,,[],"['reference_not_ranking', 'historical_competitors_not_rerun', 'system_resources_not_exclusive']"
adi_corrected,cova_serial_cpu,default,fresh_process,missing,,adi_corrected,275b9806d38b1fd8119ee27bbc86fe06cc1e39a5,0,0,,,[],"['reference_not_ranking', 'historical_competitors_not_rerun', 'system_resources_not_exclusive']"
adi_corrected,cova_serial_cpu,default,same_process,missing,,adi_corrected,275b9806d38b1fd8119ee27bbc86fe06cc1e39a5,0,0,,,[],"['reference_not_ranking', 'historical_competitors_not_rerun', 'system_resources_not_exclusive']"
adi_corrected,cova_openmp_cpu,default,initialization,missing,,adi_corrected,275b9806d38b1fd8119ee27bbc86fe06cc1e39a5,0,0,,,[],"['reference_not_ranking', 'historical_competitors_not_rerun', 'system_resources_not_exclusive']"
adi_corrected,cova_openmp_cpu,default,fresh_process,missing,,adi_corrected,275b9806d38b1fd8119ee27bbc86fe06cc1e39a5,0,0,,,[],"['reference_not_ranking', 'historical_competitors_not_rerun', 'system_resources_not_exclusive']"
adi_corrected,cova_openmp_cpu,default,same_process,missing,,adi_corrected,275b9806d38b1fd8119ee27bbc86fe06cc1e39a5,0,0,,,[],"['reference_not_ranking', 'historical_competitors_not_rerun', 'system_resources_not_exclusive']"
adi_corrected,cova_llvm_cpu_serial,default,initialization,missing,,adi_corrected,275b9806d38b1fd8119ee27bbc86fe06cc1e39a5,0,0,,,[],"['reference_not_ranking', 'historical_competitors_not_rerun', 'system_resources_not_exclusive']"
adi_corrected,cova_llvm_cpu_serial,default,fresh_process,missing,,adi_corrected,275b9806d38b1fd8119ee27bbc86fe06cc1e39a5,0,0,,,[],"['reference_not_ranking', 'historical_competitors_not_rerun', 'system_resources_not_exclusive']"
adi_corrected,cova_llvm_cpu_serial,default,same_process,missing,,adi_corrected,275b9806d38b1fd8119ee27bbc86fe06cc1e39a5,0,0,,,[],"['reference_not_ranking', 'historical_competitors_not_rerun', 'system_resources_not_exclusive']"
adi_corrected,cova_llvm_cpu,default,initialization,observed,3.3225427960278466,adi_corrected,275b9806d38b1fd8119ee27bbc86fe06cc1e39a5,1,1,72849b544ae3b8773b18c95384e36f194ea524782f4feabfed03a3b4194872e9,44fae57bf7759f2639279283ba275bd89bd5df1bf8f5d46bee32e1d87e87c452,['cpu'],"['reference_not_ranking', 'historical_competitors_not_rerun', 'system_resources_not_exclusive']"
adi_corrected,cova_llvm_cpu,default,fresh_process,observed,0.3570749380160123,adi_corrected,275b9806d38b1fd8119ee27bbc86fe06cc1e39a5,2,2,72849b544ae3b8773b18c95384e36f194ea524782f4feabfed03a3b4194872e9,44fae57bf7759f2639279283ba275bd89bd5df1bf8f5d46bee32e1d87e87c452,['cpu'],"['reference_not_ranking', 'historical_competitors_not_rerun', 'system_resources_not_exclusive']"
adi_corrected,cova_llvm_cpu,default,same_process,observed,0.42113772447919473,adi_corrected,275b9806d38b1fd8119ee27bbc86fe06cc1e39a5,6,3,72849b544ae3b8773b18c95384e36f194ea524782f4feabfed03a3b4194872e9,44fae57bf7759f2639279283ba275bd89bd5df1bf8f5d46bee32e1d87e87c452,['cpu'],"['reference_not_ranking', 'historical_competitors_not_rerun', 'system_resources_not_exclusive']"
adi_corrected,cova_openmp_gpu,default,initialization,missing,,adi_corrected,275b9806d38b1fd8119ee27bbc86fe06cc1e39a5,0,0,,,[],"['reference_not_ranking', 'historical_competitors_not_rerun', 'system_resources_not_exclusive', 'gpu_placement_metadata_only']"
adi_corrected,cova_openmp_gpu,default,fresh_process,missing,,adi_corrected,275b9806d38b1fd8119ee27bbc86fe06cc1e39a5,0,0,,,[],"['reference_not_ranking', 'historical_competitors_not_rerun', 'system_resources_not_exclusive', 'gpu_placement_metadata_only']"
adi_corrected,cova_openmp_gpu,default,same_process,missing,,adi_corrected,275b9806d38b1fd8119ee27bbc86fe06cc1e39a5,0,0,,,[],"['reference_not_ranking', 'historical_competitors_not_rerun', 'system_resources_not_exclusive', 'gpu_placement_metadata_only']"
adi_corrected,cova_llvm_gpu,default,initialization,observed,28.42173970094882,adi_corrected,275b9806d38b1fd8119ee27bbc86fe06cc1e39a5,1,1,72849b544ae3b8773b18c95384e36f194ea524782f4feabfed03a3b4194872e9,44fae57bf7759f2639279283ba275bd89bd5df1bf8f5d46bee32e1d87e87c452,['mixed'],"['reference_not_ranking', 'historical_competitors_not_rerun', 'system_resources_not_exclusive', 'gpu_placement_metadata_only']"
adi_corrected,cova_llvm_gpu,default,fresh_process,observed,22.088548315980006,adi_corrected,275b9806d38b1fd8119ee27bbc86fe06cc1e39a5,2,2,72849b544ae3b8773b18c95384e36f194ea524782f4feabfed03a3b4194872e9,44fae57bf7759f2639279283ba275bd89bd5df1bf8f5d46bee32e1d87e87c452,['mixed'],"['reference_not_ranking', 'historical_competitors_not_rerun', 'system_resources_not_exclusive', 'gpu_placement_metadata_only']"
adi_corrected,cova_llvm_gpu,default,same_process,observed,21.40795592649374,adi_corrected,275b9806d38b1fd8119ee27bbc86fe06cc1e39a5,6,3,72849b544ae3b8773b18c95384e36f194ea524782f4feabfed03a3b4194872e9,44fae57bf7759f2639279283ba275bd89bd5df1bf8f5d46bee32e1d87e87c452,['mixed'],"['reference_not_ranking', 'historical_competitors_not_rerun', 'system_resources_not_exclusive', 'gpu_placement_metadata_only']"
arc_distance,cova_serial_cpu,default,initialization,observed,4.280120235984214,arc_distance,275b9806d38b1fd8119ee27bbc86fe06cc1e39a5,1,1,d2c2cc16a18a69316144dced56e13ec50585fb90292fd8c9251b0cd2d83afd8e,c9a5d51d680eeff18f5d5e1a8bd8a4acc4d771e072238396fee0333ed61696be,['cpu'],"['reference_not_ranking', 'historical_competitors_not_rerun', 'system_resources_not_exclusive']"
arc_distance,cova_serial_cpu,default,fresh_process,observed,1.6373100415221415,arc_distance,275b9806d38b1fd8119ee27bbc86fe06cc1e39a5,2,2,d2c2cc16a18a69316144dced56e13ec50585fb90292fd8c9251b0cd2d83afd8e,c9a5d51d680eeff18f5d5e1a8bd8a4acc4d771e072238396fee0333ed61696be,['cpu'],"['reference_not_ranking', 'historical_competitors_not_rerun', 'system_resources_not_exclusive']"
arc_distance,cova_serial_cpu,default,same_process,observed,1.0682620244915597,arc_distance,275b9806d38b1fd8119ee27bbc86fe06cc1e39a5,6,3,d2c2cc16a18a69316144dced56e13ec50585fb90292fd8c9251b0cd2d83afd8e,c9a5d51d680eeff18f5d5e1a8bd8a4acc4d771e072238396fee0333ed61696be,['cpu'],"['reference_not_ranking', 'historical_competitors_not_rerun', 'system_resources_not_exclusive']"
arc_distance,cova_openmp_cpu,default,initialization,observed,2.9709215780021623,arc_distance,275b9806d38b1fd8119ee27bbc86fe06cc1e39a5,1,1,d2c2cc16a18a69316144dced56e13ec50585fb90292fd8c9251b0cd2d83afd8e,c9a5d51d680eeff18f5d5e1a8bd8a4acc4d771e072238396fee0333ed61696be,['cpu'],"['reference_not_ranking', 'historical_competitors_not_rerun', 'system_resources_not_exclusive']"
arc_distance,cova_openmp_cpu,default,fresh_process,observed,0.2760425820015371,arc_distance,275b9806d38b1fd8119ee27bbc86fe06cc1e39a5,2,2,d2c2cc16a18a69316144dced56e13ec50585fb90292fd8c9251b0cd2d83afd8e,c9a5d51d680eeff18f5d5e1a8bd8a4acc4d771e072238396fee0333ed61696be,['cpu'],"['reference_not_ranking', 'historical_competitors_not_rerun', 'system_resources_not_exclusive']"
arc_distance,cova_openmp_cpu,default,same_process,observed,0.2823922084644437,arc_distance,275b9806d38b1fd8119ee27bbc86fe06cc1e39a5,6,3,d2c2cc16a18a69316144dced56e13ec50585fb90292fd8c9251b0cd2d83afd8e,c9a5d51d680eeff18f5d5e1a8bd8a4acc4d771e072238396fee0333ed61696be,['cpu'],"['reference_not_ranking', 'historical_competitors_not_rerun', 'system_resources_not_exclusive']"
arc_distance,cova_llvm_cpu_serial,default,initialization,observed,3.4456442010123283,arc_distance,275b9806d38b1fd8119ee27bbc86fe06cc1e39a5,1,1,d2c2cc16a18a69316144dced56e13ec50585fb90292fd8c9251b0cd2d83afd8e,c9a5d51d680eeff18f5d5e1a8bd8a4acc4d771e072238396fee0333ed61696be,['cpu'],"['reference_not_ranking', 'historical_competitors_not_rerun', 'system_resources_not_exclusive']"
arc_distance,cova_llvm_cpu_serial,default,fresh_process,observed,1.2304908015066758,arc_distance,275b9806d38b1fd8119ee27bbc86fe06cc1e39a5,2,2,d2c2cc16a18a69316144dced56e13ec50585fb90292fd8c9251b0cd2d83afd8e,c9a5d51d680eeff18f5d5e1a8bd8a4acc4d771e072238396fee0333ed61696be,['cpu'],"['reference_not_ranking', 'historical_competitors_not_rerun', 'system_resources_not_exclusive']"
arc_distance,cova_llvm_cpu_serial,default,same_process,observed,1.5781162889907137,arc_distance,275b9806d38b1fd8119ee27bbc86fe06cc1e39a5,6,3,d2c2cc16a18a69316144dced56e13ec50585fb90292fd8c9251b0cd2d83afd8e,c9a5d51d680eeff18f5d5e1a8bd8a4acc4d771e072238396fee0333ed61696be,['cpu'],"['reference_not_ranking', 'historical_competitors_not_rerun', 'system_resources_not_exclusive']"
arc_distance,cova_llvm_cpu,default,initialization,observed,2.798271697945893,arc_distance,275b9806d38b1fd8119ee27bbc86fe06cc1e39a5,1,1,d2c2cc16a18a69316144dced56e13ec50585fb90292fd8c9251b0cd2d83afd8e,c9a5d51d680eeff18f5d5e1a8bd8a4acc4d771e072238396fee0333ed61696be,['cpu'],"['reference_not_ranking', 'historical_competitors_not_rerun', 'system_resources_not_exclusive']"
arc_distance,cova_llvm_cpu,default,fresh_process,observed,0.3190152660245076,arc_distance,275b9806d38b1fd8119ee27bbc86fe06cc1e39a5,2,2,d2c2cc16a18a69316144dced56e13ec50585fb90292fd8c9251b0cd2d83afd8e,c9a5d51d680eeff18f5d5e1a8bd8a4acc4d771e072238396fee0333ed61696be,['cpu'],"['reference_not_ranking', 'historical_competitors_not_rerun', 'system_resources_not_exclusive']"
arc_distance,cova_llvm_cpu,default,same_process,observed,0.34175905800657347,arc_distance,275b9806d38b1fd8119ee27bbc86fe06cc1e39a5,6,3,d2c2cc16a18a69316144dced56e13ec50585fb90292fd8c9251b0cd2d83afd8e,c9a5d51d680eeff18f5d5e1a8bd8a4acc4d771e072238396fee0333ed61696be,['cpu'],"['reference_not_ranking', 'historical_competitors_not_rerun', 'system_resources_not_exclusive']"
arc_distance,cova_openmp_gpu,default,initialization,observed,6.617147385026328,arc_distance,275b9806d38b1fd8119ee27bbc86fe06cc1e39a5,1,1,d2c2cc16a18a69316144dced56e13ec50585fb90292fd8c9251b0cd2d83afd8e,c9a5d51d680eeff18f5d5e1a8bd8a4acc4d771e072238396fee0333ed61696be,['gpu'],"['reference_not_ranking', 'historical_competitors_not_rerun', 'system_resources_not_exclusive', 'gpu_placement_metadata_only']"
arc_distance,cova_openmp_gpu,default,fresh_process,observed,0.3675872664898634,arc_distance,275b9806d38b1fd8119ee27bbc86fe06cc1e39a5,2,2,d2c2cc16a18a69316144dced56e13ec50585fb90292fd8c9251b0cd2d83afd8e,c9a5d51d680eeff18f5d5e1a8bd8a4acc4d771e072238396fee0333ed61696be,['gpu'],"['reference_not_ranking', 'historical_competitors_not_rerun', 'system_resources_not_exclusive', 'gpu_placement_metadata_only']"
arc_distance,cova_openmp_gpu,default,same_process,observed,0.07672640099190176,arc_distance,275b9806d38b1fd8119ee27bbc86fe06cc1e39a5,6,3,d2c2cc16a18a69316144dced56e13ec50585fb90292fd8c9251b0cd2d83afd8e,c9a5d51d680eeff18f5d5e1a8bd8a4acc4d771e072238396fee0333ed61696be,['gpu'],"['reference_not_ranking', 'historical_competitors_not_rerun', 'system_resources_not_exclusive', 'gpu_placement_metadata_only']"
arc_distance,cova_llvm_gpu,default,initialization,observed,6.010437737917528,arc_distance,275b9806d38b1fd8119ee27bbc86fe06cc1e39a5,1,1,d2c2cc16a18a69316144dced56e13ec50585fb90292fd8c9251b0cd2d83afd8e,c9a5d51d680eeff18f5d5e1a8bd8a4acc4d771e072238396fee0333ed61696be,['gpu'],"['reference_not_ranking', 'historical_competitors_not_rerun', 'system_resources_not_exclusive', 'gpu_placement_metadata_only']"
arc_distance,cova_llvm_gpu,default,fresh_process,observed,0.8398872960242443,arc_distance,275b9806d38b1fd8119ee27bbc86fe06cc1e39a5,2,2,d2c2cc16a18a69316144dced56e13ec50585fb90292fd8c9251b0cd2d83afd8e,c9a5d51d680eeff18f5d5e1a8bd8a4acc4d771e072238396fee0333ed61696be,['gpu'],"['reference_not_ranking', 'historical_competitors_not_rerun', 'system_resources_not_exclusive', 'gpu_placement_metadata_only']"
arc_distance,cova_llvm_gpu,default,same_process,observed,0.5761772909900174,arc_distance,275b9806d38b1fd8119ee27bbc86fe06cc1e39a5,6,3,d2c2cc16a18a69316144dced56e13ec50585fb90292fd8c9251b0cd2d83afd8e,c9a5d51d680eeff18f5d5e1a8bd8a4acc4d771e072238396fee0333ed61696be,['gpu'],"['reference_not_ranking', 'historical_competitors_not_rerun', 'system_resources_not_exclusive', 'gpu_placement_metadata_only']"
atax,cova_serial_cpu,default,initialization,observed,3.391866786056198,atax,275b9806d38b1fd8119ee27bbc86fe06cc1e39a5,1,1,68c6513b767fc4fe61dbe15c9629b1ea75eae7d2a20436521c52c551d6698648,30d1cbd8bc811b325570c9fdb182323781764974a74f27916f06ba12e9a7baef,['cpu'],"['reference_not_ranking', 'historical_competitors_not_rerun', 'system_resources_not_exclusive']"
atax,cova_serial_cpu,default,fresh_process,observed,0.8868531044572592,atax,275b9806d38b1fd8119ee27bbc86fe06cc1e39a5,2,2,68c6513b767fc4fe61dbe15c9629b1ea75eae7d2a20436521c52c551d6698648,30d1cbd8bc811b325570c9fdb182323781764974a74f27916f06ba12e9a7baef,['cpu'],"['reference_not_ranking', 'historical_competitors_not_rerun', 'system_resources_not_exclusive']"
atax,cova_serial_cpu,default,same_process,observed,1.1342280874960124,atax,275b9806d38b1fd8119ee27bbc86fe06cc1e39a5,6,3,68c6513b767fc4fe61dbe15c9629b1ea75eae7d2a20436521c52c551d6698648,30d1cbd8bc811b325570c9fdb182323781764974a74f27916f06ba12e9a7baef,['cpu'],"['reference_not_ranking', 'historical_competitors_not_rerun', 'system_resources_not_exclusive']"
atax,cova_openmp_cpu,default,initialization,observed,2.6850870540365577,atax,275b9806d38b1fd8119ee27bbc86fe06cc1e39a5,1,1,68c6513b767fc4fe61dbe15c9629b1ea75eae7d2a20436521c52c551d6698648,30d1cbd8bc811b325570c9fdb182323781764974a74f27916f06ba12e9a7baef,['cpu'],"['reference_not_ranking', 'historical_competitors_not_rerun', 'system_resources_not_exclusive']"
atax,cova_openmp_cpu,default,fresh_process,observed,0.31052270147483796,atax,275b9806d38b1fd8119ee27bbc86fe06cc1e39a5,2,2,68c6513b767fc4fe61dbe15c9629b1ea75eae7d2a20436521c52c551d6698648,30d1cbd8bc811b325570c9fdb182323781764974a74f27916f06ba12e9a7baef,['cpu'],"['reference_not_ranking', 'historical_competitors_not_rerun', 'system_resources_not_exclusive']"
atax,cova_openmp_cpu,default,same_process,observed,0.31662686652271077,atax,275b9806d38b1fd8119ee27bbc86fe06cc1e39a5,6,3,68c6513b767fc4fe61dbe15c9629b1ea75eae7d2a20436521c52c551d6698648,30d1cbd8bc811b325570c9fdb182323781764974a74f27916f06ba12e9a7baef,['cpu'],"['reference_not_ranking', 'historical_competitors_not_rerun', 'system_resources_not_exclusive']"
atax,cova_llvm_cpu_serial,default,initialization,observed,3.3568162759765983,atax,275b9806d38b1fd8119ee27bbc86fe06cc1e39a5,1,1,68c6513b767fc4fe61dbe15c9629b1ea75eae7d2a20436521c52c551d6698648,30d1cbd8bc811b325570c9fdb182323781764974a74f27916f06ba12e9a7baef,['cpu'],"['reference_not_ranking', 'historical_competitors_not_rerun', 'system_resources_not_exclusive']"
atax,cova_llvm_cpu_serial,default,fresh_process,observed,0.15121719846501946,atax,275b9806d38b1fd8119ee27bbc86fe06cc1e39a5,2,2,68c6513b767fc4fe61dbe15c9629b1ea75eae7d2a20436521c52c551d6698648,30d1cbd8bc811b325570c9fdb182323781764974a74f27916f06ba12e9a7baef,['cpu'],"['reference_not_ranking', 'historical_competitors_not_rerun', 'system_resources_not_exclusive']"
atax,cova_llvm_cpu_serial,default,same_process,observed,0.14734939445042983,atax,275b9806d38b1fd8119ee27bbc86fe06cc1e39a5,6,3,68c6513b767fc4fe61dbe15c9629b1ea75eae7d2a20436521c52c551d6698648,30d1cbd8bc811b325570c9fdb182323781764974a74f27916f06ba12e9a7baef,['cpu'],"['reference_not_ranking', 'historical_competitors_not_rerun', 'system_resources_not_exclusive']"
atax,cova_llvm_cpu,default,initialization,observed,5.514205124927685,atax,275b9806d38b1fd8119ee27bbc86fe06cc1e39a5,1,1,68c6513b767fc4fe61dbe15c9629b1ea75eae7d2a20436521c52c551d6698648,30d1cbd8bc811b325570c9fdb182323781764974a74f27916f06ba12e9a7baef,['cpu'],"['reference_not_ranking', 'historical_competitors_not_rerun', 'system_resources_not_exclusive']"
atax,cova_llvm_cpu,default,fresh_process,observed,0.14208332652924582,atax,275b9806d38b1fd8119ee27bbc86fe06cc1e39a5,2,2,68c6513b767fc4fe61dbe15c9629b1ea75eae7d2a20436521c52c551d6698648,30d1cbd8bc811b325570c9fdb182323781764974a74f27916f06ba12e9a7baef,['cpu'],"['reference_not_ranking', 'historical_competitors_not_rerun', 'system_resources_not_exclusive']"
atax,cova_llvm_cpu,default,same_process,observed,0.13712261599721387,atax,275b9806d38b1fd8119ee27bbc86fe06cc1e39a5,6,3,68c6513b767fc4fe61dbe15c9629b1ea75eae7d2a20436521c52c551d6698648,30d1cbd8bc811b325570c9fdb182323781764974a74f27916f06ba12e9a7baef,['cpu'],"['reference_not_ranking', 'historical_competitors_not_rerun', 'system_resources_not_exclusive']"
atax,cova_openmp_gpu,default,initialization,observed,6.695023293956183,atax,275b9806d38b1fd8119ee27bbc86fe06cc1e39a5,1,1,68c6513b767fc4fe61dbe15c9629b1ea75eae7d2a20436521c52c551d6698648,30d1cbd8bc811b325570c9fdb182323781764974a74f27916f06ba12e9a7baef,['gpu'],"['reference_not_ranking', 'historical_competitors_not_rerun', 'system_resources_not_exclusive', 'gpu_placement_metadata_only']"
atax,cova_openmp_gpu,default,fresh_process,observed,0.7657440745970234,atax,275b9806d38b1fd8119ee27bbc86fe06cc1e39a5,2,2,68c6513b767fc4fe61dbe15c9629b1ea75eae7d2a20436521c52c551d6698648,30d1cbd8bc811b325570c9fdb182323781764974a74f27916f06ba12e9a7baef,['gpu'],"['reference_not_ranking', 'historical_competitors_not_rerun', 'system_resources_not_exclusive', 'gpu_placement_metadata_only']"
atax,cova_openmp_gpu,default,same_process,observed,0.37033581151627004,atax,275b9806d38b1fd8119ee27bbc86fe06cc1e39a5,6,3,68c6513b767fc4fe61dbe15c9629b1ea75eae7d2a20436521c52c551d6698648,30d1cbd8bc811b325570c9fdb182323781764974a74f27916f06ba12e9a7baef,['gpu'],"['reference_not_ranking', 'historical_competitors_not_rerun', 'system_resources_not_exclusive', 'gpu_placement_metadata_only']"
atax,cova_llvm_gpu,default,initialization,observed,6.761136088054627,atax,275b9806d38b1fd8119ee27bbc86fe06cc1e39a5,1,1,68c6513b767fc4fe61dbe15c9629b1ea75eae7d2a20436521c52c551d6698648,30d1cbd8bc811b325570c9fdb182323781764974a74f27916f06ba12e9a7baef,['gpu'],"['reference_not_ranking', 'historical_competitors_not_rerun', 'system_resources_not_exclusive', 'gpu_placement_metadata_only']"
atax,cova_llvm_gpu,default,fresh_process,observed,0.7409836300066672,atax,275b9806d38b1fd8119ee27bbc86fe06cc1e39a5,2,2,68c6513b767fc4fe61dbe15c9629b1ea75eae7d2a20436521c52c551d6698648,30d1cbd8bc811b325570c9fdb182323781764974a74f27916f06ba12e9a7baef,['gpu'],"['reference_not_ranking', 'historical_competitors_not_rerun', 'system_resources_not_exclusive', 'gpu_placement_metadata_only']"
atax,cova_llvm_gpu,default,same_process,observed,0.37670219055144116,atax,275b9806d38b1fd8119ee27bbc86fe06cc1e39a5,6,3,68c6513b767fc4fe61dbe15c9629b1ea75eae7d2a20436521c52c551d6698648,30d1cbd8bc811b325570c9fdb182323781764974a74f27916f06ba12e9a7baef,['gpu'],"['reference_not_ranking', 'historical_competitors_not_rerun', 'system_resources_not_exclusive', 'gpu_placement_metadata_only']"
azimint_hist,cova_serial_cpu,default,initialization,error,,azimint_hist,275b9806d38b1fd8119ee27bbc86fe06cc1e39a5,0,0,f5914dfb9f4cc36109a1c231938d0863c485540d7d58b79bed61050dcb1e083e,d714677a44d27aec51292ca83b9b3ba9c1835b7ac786bbd295a407ecfa03d47f,[],"['reference_not_ranking', 'historical_competitors_not_rerun', 'system_resources_not_exclusive']"
azimint_hist,cova_serial_cpu,default,fresh_process,error,,azimint_hist,275b9806d38b1fd8119ee27bbc86fe06cc1e39a5,0,0,f5914dfb9f4cc36109a1c231938d0863c485540d7d58b79bed61050dcb1e083e,d714677a44d27aec51292ca83b9b3ba9c1835b7ac786bbd295a407ecfa03d47f,[],"['reference_not_ranking', 'historical_competitors_not_rerun', 'system_resources_not_exclusive']"
azimint_hist,cova_serial_cpu,default,same_process,error,,azimint_hist,275b9806d38b1fd8119ee27bbc86fe06cc1e39a5,0,0,f5914dfb9f4cc36109a1c231938d0863c485540d7d58b79bed61050dcb1e083e,d714677a44d27aec51292ca83b9b3ba9c1835b7ac786bbd295a407ecfa03d47f,[],"['reference_not_ranking', 'historical_competitors_not_rerun', 'system_resources_not_exclusive']"
azimint_hist,cova_openmp_cpu,default,initialization,error,,azimint_hist,275b9806d38b1fd8119ee27bbc86fe06cc1e39a5,0,0,f5914dfb9f4cc36109a1c231938d0863c485540d7d58b79bed61050dcb1e083e,d714677a44d27aec51292ca83b9b3ba9c1835b7ac786bbd295a407ecfa03d47f,[],"['reference_not_ranking', 'historical_competitors_not_rerun', 'system_resources_not_exclusive']"
azimint_hist,cova_openmp_cpu,default,fresh_process,error,,azimint_hist,275b9806d38b1fd8119ee27bbc86fe06cc1e39a5,0,0,f5914dfb9f4cc36109a1c231938d0863c485540d7d58b79bed61050dcb1e083e,d714677a44d27aec51292ca83b9b3ba9c1835b7ac786bbd295a407ecfa03d47f,[],"['reference_not_ranking', 'historical_competitors_not_rerun', 'system_resources_not_exclusive']"
azimint_hist,cova_openmp_cpu,default,same_process,error,,azimint_hist,275b9806d38b1fd8119ee27bbc86fe06cc1e39a5,0,0,f5914dfb9f4cc36109a1c231938d0863c485540d7d58b79bed61050dcb1e083e,d714677a44d27aec51292ca83b9b3ba9c1835b7ac786bbd295a407ecfa03d47f,[],"['reference_not_ranking', 'historical_competitors_not_rerun', 'system_resources_not_exclusive']"
azimint_hist,cova_llvm_cpu_serial,default,initialization,error,,azimint_hist,275b9806d38b1fd8119ee27bbc86fe06cc1e39a5,0,0,f5914dfb9f4cc36109a1c231938d0863c485540d7d58b79bed61050dcb1e083e,d714677a44d27aec51292ca83b9b3ba9c1835b7ac786bbd295a407ecfa03d47f,[],"['reference_not_ranking', 'historical_competitors_not_rerun', 'system_resources_not_exclusive']"
azimint_hist,cova_llvm_cpu_serial,default,fresh_process,error,,azimint_hist,275b9806d38b1fd8119ee27bbc86fe06cc1e39a5,0,0,f5914dfb9f4cc36109a1c231938d0863c485540d7d58b79bed61050dcb1e083e,d714677a44d27aec51292ca83b9b3ba9c1835b7ac786bbd295a407ecfa03d47f,[],"['reference_not_ranking', 'historical_competitors_not_rerun', 'system_resources_not_exclusive']"
azimint_hist,cova_llvm_cpu_serial,default,same_process,error,,azimint_hist,275b9806d38b1fd8119ee27bbc86fe06cc1e39a5,0,0,f5914dfb9f4cc36109a1c231938d0863c485540d7d58b79bed61050dcb1e083e,d714677a44d27aec51292ca83b9b3ba9c1835b7ac786bbd295a407ecfa03d47f,[],"['reference_not_ranking', 'historical_competitors_not_rerun', 'system_resources_not_exclusive']"
azimint_hist,cova_llvm_cpu,default,initialization,observed,7.30164204002358,azimint_hist_cova_helper,275b9806d38b1fd8119ee27bbc86fe06cc1e39a5,1,1,f5914dfb9f4cc36109a1c231938d0863c485540d7d58b79bed61050dcb1e083e,d714677a44d27aec51292ca83b9b3ba9c1835b7ac786bbd295a407ecfa03d47f,['cpu'],"['reference_not_ranking', 'historical_competitors_not_rerun', 'system_resources_not_exclusive']"
azimint_hist,cova_llvm_cpu,default,fresh_process,observed,0.1509759130422026,azimint_hist_cova_helper,275b9806d38b1fd8119ee27bbc86fe06cc1e39a5,2,2,f5914dfb9f4cc36109a1c231938d0863c485540d7d58b79bed61050dcb1e083e,d714677a44d27aec51292ca83b9b3ba9c1835b7ac786bbd295a407ecfa03d47f,['cpu'],"['reference_not_ranking', 'historical_competitors_not_rerun', 'system_resources_not_exclusive']"
azimint_hist,cova_llvm_cpu,default,same_process,observed,0.1639387750183232,azimint_hist_cova_helper,275b9806d38b1fd8119ee27bbc86fe06cc1e39a5,6,3,f5914dfb9f4cc36109a1c231938d0863c485540d7d58b79bed61050dcb1e083e,d714677a44d27aec51292ca83b9b3ba9c1835b7ac786bbd295a407ecfa03d47f,['cpu'],"['reference_not_ranking', 'historical_competitors_not_rerun', 'system_resources_not_exclusive']"
azimint_hist,cova_openmp_gpu,default,initialization,observed,13.119471629033796,azimint_hist_cova_helper,275b9806d38b1fd8119ee27bbc86fe06cc1e39a5,1,1,f5914dfb9f4cc36109a1c231938d0863c485540d7d58b79bed61050dcb1e083e,d714677a44d27aec51292ca83b9b3ba9c1835b7ac786bbd295a407ecfa03d47f,['gpu'],"['reference_not_ranking', 'historical_competitors_not_rerun', 'system_resources_not_exclusive', 'gpu_placement_metadata_only']"
azimint_hist,cova_openmp_gpu,default,fresh_process,observed,6.726797577983234,azimint_hist_cova_helper,275b9806d38b1fd8119ee27bbc86fe06cc1e39a5,2,2,f5914dfb9f4cc36109a1c231938d0863c485540d7d58b79bed61050dcb1e083e,d714677a44d27aec51292ca83b9b3ba9c1835b7ac786bbd295a407ecfa03d47f,['gpu'],"['reference_not_ranking', 'historical_competitors_not_rerun', 'system_resources_not_exclusive', 'gpu_placement_metadata_only']"
azimint_hist,cova_openmp_gpu,default,same_process,observed,6.377572486002464,azimint_hist_cova_helper,275b9806d38b1fd8119ee27bbc86fe06cc1e39a5,6,3,f5914dfb9f4cc36109a1c231938d0863c485540d7d58b79bed61050dcb1e083e,d714677a44d27aec51292ca83b9b3ba9c1835b7ac786bbd295a407ecfa03d47f,['gpu'],"['reference_not_ranking', 'historical_competitors_not_rerun', 'system_resources_not_exclusive', 'gpu_placement_metadata_only']"
azimint_hist,cova_llvm_gpu,default,initialization,observed,12.664678525994532,azimint_hist_cova_helper,275b9806d38b1fd8119ee27bbc86fe06cc1e39a5,1,1,f5914dfb9f4cc36109a1c231938d0863c485540d7d58b79bed61050dcb1e083e,d714677a44d27aec51292ca83b9b3ba9c1835b7ac786bbd295a407ecfa03d47f,['mixed'],"['reference_not_ranking', 'historical_competitors_not_rerun', 'system_resources_not_exclusive', 'gpu_placement_metadata_only']"
azimint_hist,cova_llvm_gpu,default,fresh_process,observed,7.618791356042493,azimint_hist_cova_helper,275b9806d38b1fd8119ee27bbc86fe06cc1e39a5,2,2,f5914dfb9f4cc36109a1c231938d0863c485540d7d58b79bed61050dcb1e083e,d714677a44d27aec51292ca83b9b3ba9c1835b7ac786bbd295a407ecfa03d47f,['mixed'],"['reference_not_ranking', 'historical_competitors_not_rerun', 'system_resources_not_exclusive', 'gpu_placement_metadata_only']"
azimint_hist,cova_llvm_gpu,default,same_process,observed,7.859963362978306,azimint_hist_cova_helper,275b9806d38b1fd8119ee27bbc86fe06cc1e39a5,6,3,f5914dfb9f4cc36109a1c231938d0863c485540d7d58b79bed61050dcb1e083e,d714677a44d27aec51292ca83b9b3ba9c1835b7ac786bbd295a407ecfa03d47f,['mixed'],"['reference_not_ranking', 'historical_competitors_not_rerun', 'system_resources_not_exclusive', 'gpu_placement_metadata_only']"
azimint_naive,cova_serial_cpu,default,initialization,observed,34.141793265007436,azimint_naive,275b9806d38b1fd8119ee27bbc86fe06cc1e39a5,1,1,7ce93eb427426de57f9dd024b84b3ccd522ed34eea578a05eb7d30f002985156,10e5a4ce8b6fe96db84b8d28fc35df47e5ddd295dfddf44939fc8ac5c8795b6d,['cpu'],"['reference_not_ranking', 'historical_competitors_not_rerun', 'system_resources_not_exclusive']"
azimint_naive,cova_serial_cpu,default,fresh_process,observed,31.70653707202291,azimint_naive,275b9806d38b1fd8119ee27bbc86fe06cc1e39a5,2,2,7ce93eb427426de57f9dd024b84b3ccd522ed34eea578a05eb7d30f002985156,10e5a4ce8b6fe96db84b8d28fc35df47e5ddd295dfddf44939fc8ac5c8795b6d,['cpu'],"['reference_not_ranking', 'historical_competitors_not_rerun', 'system_resources_not_exclusive']"
azimint_naive,cova_serial_cpu,default,same_process,observed,31.515254352998454,azimint_naive,275b9806d38b1fd8119ee27bbc86fe06cc1e39a5,6,3,7ce93eb427426de57f9dd024b84b3ccd522ed34eea578a05eb7d30f002985156,10e5a4ce8b6fe96db84b8d28fc35df47e5ddd295dfddf44939fc8ac5c8795b6d,['cpu'],"['reference_not_ranking', 'historical_competitors_not_rerun', 'system_resources_not_exclusive']"
azimint_naive,cova_openmp_cpu,default,initialization,observed,8.822484678006731,azimint_naive,275b9806d38b1fd8119ee27bbc86fe06cc1e39a5,1,1,7ce93eb427426de57f9dd024b84b3ccd522ed34eea578a05eb7d30f002985156,10e5a4ce8b6fe96db84b8d28fc35df47e5ddd295dfddf44939fc8ac5c8795b6d,['cpu'],"['reference_not_ranking', 'historical_competitors_not_rerun', 'system_resources_not_exclusive']"
azimint_naive,cova_openmp_cpu,default,fresh_process,observed,5.408796046918724,azimint_naive,275b9806d38b1fd8119ee27bbc86fe06cc1e39a5,2,2,7ce93eb427426de57f9dd024b84b3ccd522ed34eea578a05eb7d30f002985156,10e5a4ce8b6fe96db84b8d28fc35df47e5ddd295dfddf44939fc8ac5c8795b6d,['cpu'],"['reference_not_ranking', 'historical_competitors_not_rerun', 'system_resources_not_exclusive']"
azimint_naive,cova_openmp_cpu,default,same_process,observed,5.202072302461602,azimint_naive,275b9806d38b1fd8119ee27bbc86fe06cc1e39a5,6,3,7ce93eb427426de57f9dd024b84b3ccd522ed34eea578a05eb7d30f002985156,10e5a4ce8b6fe96db84b8d28fc35df47e5ddd295dfddf44939fc8ac5c8795b6d,['cpu'],"['reference_not_ranking', 'historical_competitors_not_rerun', 'system_resources_not_exclusive']"
azimint_naive,cova_llvm_cpu_serial,default,initialization,observed,39.34436381200794,azimint_naive,275b9806d38b1fd8119ee27bbc86fe06cc1e39a5,1,1,7ce93eb427426de57f9dd024b84b3ccd522ed34eea578a05eb7d30f002985156,10e5a4ce8b6fe96db84b8d28fc35df47e5ddd295dfddf44939fc8ac5c8795b6d,['cpu'],"['reference_not_ranking', 'historical_competitors_not_rerun', 'system_resources_not_exclusive']"
azimint_naive,cova_llvm_cpu_serial,default,fresh_process,observed,37.40296594996471,azimint_naive,275b9806d38b1fd8119ee27bbc86fe06cc1e39a5,2,2,7ce93eb427426de57f9dd024b84b3ccd522ed34eea578a05eb7d30f002985156,10e5a4ce8b6fe96db84b8d28fc35df47e5ddd295dfddf44939fc8ac5c8795b6d,['cpu'],"['reference_not_ranking', 'historical_competitors_not_rerun', 'system_resources_not_exclusive']"
azimint_naive,cova_llvm_cpu_serial,default,same_process,observed,37.187950685911346,azimint_naive,275b9806d38b1fd8119ee27bbc86fe06cc1e39a5,6,3,7ce93eb427426de57f9dd024b84b3ccd522ed34eea578a05eb7d30f002985156,10e5a4ce8b6fe96db84b8d28fc35df47e5ddd295dfddf44939fc8ac5c8795b6d,['cpu'],"['reference_not_ranking', 'historical_competitors_not_rerun', 'system_resources_not_exclusive']"
azimint_naive,cova_llvm_cpu,default,initialization,observed,38.96416097506881,azimint_naive,275b9806d38b1fd8119ee27bbc86fe06cc1e39a5,1,1,7ce93eb427426de57f9dd024b84b3ccd522ed34eea578a05eb7d30f002985156,10e5a4ce8b6fe96db84b8d28fc35df47e5ddd295dfddf44939fc8ac5c8795b6d,['cpu'],"['reference_not_ranking', 'historical_competitors_not_rerun', 'system_resources_not_exclusive']"
azimint_naive,cova_llvm_cpu,default,fresh_process,observed,36.87015724048251,azimint_naive,275b9806d38b1fd8119ee27bbc86fe06cc1e39a5,2,2,7ce93eb427426de57f9dd024b84b3ccd522ed34eea578a05eb7d30f002985156,10e5a4ce8b6fe96db84b8d28fc35df47e5ddd295dfddf44939fc8ac5c8795b6d,['cpu'],"['reference_not_ranking', 'historical_competitors_not_rerun', 'system_resources_not_exclusive']"
azimint_naive,cova_llvm_cpu,default,same_process,observed,37.18806731351651,azimint_naive,275b9806d38b1fd8119ee27bbc86fe06cc1e39a5,6,3,7ce93eb427426de57f9dd024b84b3ccd522ed34eea578a05eb7d30f002985156,10e5a4ce8b6fe96db84b8d28fc35df47e5ddd295dfddf44939fc8ac5c8795b6d,['cpu'],"['reference_not_ranking', 'historical_competitors_not_rerun', 'system_resources_not_exclusive']"
azimint_naive,cova_openmp_gpu,default,initialization,observed,7.28363669407554,azimint_naive,275b9806d38b1fd8119ee27bbc86fe06cc1e39a5,1,1,7ce93eb427426de57f9dd024b84b3ccd522ed34eea578a05eb7d30f002985156,10e5a4ce8b6fe96db84b8d28fc35df47e5ddd295dfddf44939fc8ac5c8795b6d,['gpu'],"['reference_not_ranking', 'historical_competitors_not_rerun', 'system_resources_not_exclusive', 'gpu_placement_metadata_only']"
azimint_naive,cova_openmp_gpu,default,fresh_process,observed,1.9900432525319047,azimint_naive,275b9806d38b1fd8119ee27bbc86fe06cc1e39a5,2,2,7ce93eb427426de57f9dd024b84b3ccd522ed34eea578a05eb7d30f002985156,10e5a4ce8b6fe96db84b8d28fc35df47e5ddd295dfddf44939fc8ac5c8795b6d,['gpu'],"['reference_not_ranking', 'historical_competitors_not_rerun', 'system_resources_not_exclusive', 'gpu_placement_metadata_only']"
azimint_naive,cova_openmp_gpu,default,same_process,observed,1.6536728690261953,azimint_naive,275b9806d38b1fd8119ee27bbc86fe06cc1e39a5,6,3,7ce93eb427426de57f9dd024b84b3ccd522ed34eea578a05eb7d30f002985156,10e5a4ce8b6fe96db84b8d28fc35df47e5ddd295dfddf44939fc8ac5c8795b6d,['gpu'],"['reference_not_ranking', 'historical_competitors_not_rerun', 'system_resources_not_exclusive', 'gpu_placement_metadata_only']"
azimint_naive,cova_llvm_gpu,default,initialization,observed,14.746946289902553,azimint_naive,275b9806d38b1fd8119ee27bbc86fe06cc1e39a5,1,1,7ce93eb427426de57f9dd024b84b3ccd522ed34eea578a05eb7d30f002985156,10e5a4ce8b6fe96db84b8d28fc35df47e5ddd295dfddf44939fc8ac5c8795b6d,['mixed'],"['reference_not_ranking', 'historical_competitors_not_rerun', 'system_resources_not_exclusive', 'gpu_placement_metadata_only']"
azimint_naive,cova_llvm_gpu,default,fresh_process,observed,10.623380320961587,azimint_naive,275b9806d38b1fd8119ee27bbc86fe06cc1e39a5,2,2,7ce93eb427426de57f9dd024b84b3ccd522ed34eea578a05eb7d30f002985156,10e5a4ce8b6fe96db84b8d28fc35df47e5ddd295dfddf44939fc8ac5c8795b6d,['mixed'],"['reference_not_ranking', 'historical_competitors_not_rerun', 'system_resources_not_exclusive', 'gpu_placement_metadata_only']"
azimint_naive,cova_llvm_gpu,default,same_process,observed,10.257928731560241,azimint_naive,275b9806d38b1fd8119ee27bbc86fe06cc1e39a5,6,3,7ce93eb427426de57f9dd024b84b3ccd522ed34eea578a05eb7d30f002985156,10e5a4ce8b6fe96db84b8d28fc35df47e5ddd295dfddf44939fc8ac5c8795b6d,['mixed'],"['reference_not_ranking', 'historical_competitors_not_rerun', 'system_resources_not_exclusive', 'gpu_placement_metadata_only']"
bicg,cova_serial_cpu,default,initialization,observed,3.65025548893027,bicg,275b9806d38b1fd8119ee27bbc86fe06cc1e39a5,1,1,16d618b4e97f8f1b6191fe3f76123e77b6b198e5982ffa6fbd2528fa69701078,77e9adb788612e39af05a751b80c16198c5c53c1997f2c21ca5d1cefa59811c3,['cpu'],"['reference_not_ranking', 'historical_competitors_not_rerun', 'system_resources_not_exclusive']"
bicg,cova_serial_cpu,default,fresh_process,observed,1.1213448049966246,bicg,275b9806d38b1fd8119ee27bbc86fe06cc1e39a5,2,2,16d618b4e97f8f1b6191fe3f76123e77b6b198e5982ffa6fbd2528fa69701078,77e9adb788612e39af05a751b80c16198c5c53c1997f2c21ca5d1cefa59811c3,['cpu'],"['reference_not_ranking', 'historical_competitors_not_rerun', 'system_resources_not_exclusive']"
bicg,cova_serial_cpu,default,same_process,observed,1.2833110140054487,bicg,275b9806d38b1fd8119ee27bbc86fe06cc1e39a5,6,3,16d618b4e97f8f1b6191fe3f76123e77b6b198e5982ffa6fbd2528fa69701078,77e9adb788612e39af05a751b80c16198c5c53c1997f2c21ca5d1cefa59811c3,['cpu'],"['reference_not_ranking', 'historical_competitors_not_rerun', 'system_resources_not_exclusive']"
bicg,cova_openmp_cpu,default,initialization,observed,2.9730608660029247,bicg,275b9806d38b1fd8119ee27bbc86fe06cc1e39a5,1,1,16d618b4e97f8f1b6191fe3f76123e77b6b198e5982ffa6fbd2528fa69701078,77e9adb788612e39af05a751b80c16198c5c53c1997f2c21ca5d1cefa59811c3,['cpu'],"['reference_not_ranking', 'historical_competitors_not_rerun', 'system_resources_not_exclusive']"
bicg,cova_openmp_cpu,default,fresh_process,observed,0.5534730780054815,bicg,275b9806d38b1fd8119ee27bbc86fe06cc1e39a5,2,2,16d618b4e97f8f1b6191fe3f76123e77b6b198e5982ffa6fbd2528fa69701078,77e9adb788612e39af05a751b80c16198c5c53c1997f2c21ca5d1cefa59811c3,['cpu'],"['reference_not_ranking', 'historical_competitors_not_rerun', 'system_resources_not_exclusive']"
bicg,cova_openmp_cpu,default,same_process,observed,0.6418592800037004,bicg,275b9806d38b1fd8119ee27bbc86fe06cc1e39a5,6,3,16d618b4e97f8f1b6191fe3f76123e77b6b198e5982ffa6fbd2528fa69701078,77e9adb788612e39af05a751b80c16198c5c53c1997f2c21ca5d1cefa59811c3,['cpu'],"['reference_not_ranking', 'historical_competitors_not_rerun', 'system_resources_not_exclusive']"
bicg,cova_llvm_cpu_serial,default,initialization,observed,4.2790860320674255,bicg,275b9806d38b1fd8119ee27bbc86fe06cc1e39a5,1,1,16d618b4e97f8f1b6191fe3f76123e77b6b198e5982ffa6fbd2528fa69701078,77e9adb788612e39af05a751b80c16198c5c53c1997f2c21ca5d1cefa59811c3,['cpu'],"['reference_not_ranking', 'historical_competitors_not_rerun', 'system_resources_not_exclusive']"
bicg,cova_llvm_cpu_serial,default,fresh_process,observed,0.17056875204434618,bicg,275b9806d38b1fd8119ee27bbc86fe06cc1e39a5,2,2,16d618b4e97f8f1b6191fe3f76123e77b6b198e5982ffa6fbd2528fa69701078,77e9adb788612e39af05a751b80c16198c5c53c1997f2c21ca5d1cefa59811c3,['cpu'],"['reference_not_ranking', 'historical_competitors_not_rerun', 'system_resources_not_exclusive']"
bicg,cova_llvm_cpu_serial,default,same_process,observed,0.15630848403088748,bicg,275b9806d38b1fd8119ee27bbc86fe06cc1e39a5,6,3,16d618b4e97f8f1b6191fe3f76123e77b6b198e5982ffa6fbd2528fa69701078,77e9adb788612e39af05a751b80c16198c5c53c1997f2c21ca5d1cefa59811c3,['cpu'],"['reference_not_ranking', 'historical_competitors_not_rerun', 'system_resources_not_exclusive']"
bicg,cova_llvm_cpu,default,initialization,observed,6.659044377040118,bicg,275b9806d38b1fd8119ee27bbc86fe06cc1e39a5,1,1,16d618b4e97f8f1b6191fe3f76123e77b6b198e5982ffa6fbd2528fa69701078,77e9adb788612e39af05a751b80c16198c5c53c1997f2c21ca5d1cefa59811c3,['cpu'],"['reference_not_ranking', 'historical_competitors_not_rerun', 'system_resources_not_exclusive']"
bicg,cova_llvm_cpu,default,fresh_process,observed,0.14294789306586608,bicg,275b9806d38b1fd8119ee27bbc86fe06cc1e39a5,2,2,16d618b4e97f8f1b6191fe3f76123e77b6b198e5982ffa6fbd2528fa69701078,77e9adb788612e39af05a751b80c16198c5c53c1997f2c21ca5d1cefa59811c3,['cpu'],"['reference_not_ranking', 'historical_competitors_not_rerun', 'system_resources_not_exclusive']"
bicg,cova_llvm_cpu,default,same_process,observed,0.10216688551008701,bicg,275b9806d38b1fd8119ee27bbc86fe06cc1e39a5,6,3,16d618b4e97f8f1b6191fe3f76123e77b6b198e5982ffa6fbd2528fa69701078,77e9adb788612e39af05a751b80c16198c5c53c1997f2c21ca5d1cefa59811c3,['cpu'],"['reference_not_ranking', 'historical_competitors_not_rerun', 'system_resources_not_exclusive']"
bicg,cova_openmp_gpu,default,initialization,observed,6.523697572061792,bicg,275b9806d38b1fd8119ee27bbc86fe06cc1e39a5,1,1,16d618b4e97f8f1b6191fe3f76123e77b6b198e5982ffa6fbd2528fa69701078,77e9adb788612e39af05a751b80c16198c5c53c1997f2c21ca5d1cefa59811c3,['gpu'],"['reference_not_ranking', 'historical_competitors_not_rerun', 'system_resources_not_exclusive', 'gpu_placement_metadata_only']"
bicg,cova_openmp_gpu,default,fresh_process,observed,0.7892898940481246,bicg,275b9806d38b1fd8119ee27bbc86fe06cc1e39a5,2,2,16d618b4e97f8f1b6191fe3f76123e77b6b198e5982ffa6fbd2528fa69701078,77e9adb788612e39af05a751b80c16198c5c53c1997f2c21ca5d1cefa59811c3,['gpu'],"['reference_not_ranking', 'historical_competitors_not_rerun', 'system_resources_not_exclusive', 'gpu_placement_metadata_only']"
bicg,cova_openmp_gpu,default,same_process,observed,0.36765455052955076,bicg,275b9806d38b1fd8119ee27bbc86fe06cc1e39a5,6,3,16d618b4e97f8f1b6191fe3f76123e77b6b198e5982ffa6fbd2528fa69701078,77e9adb788612e39af05a751b80c16198c5c53c1997f2c21ca5d1cefa59811c3,['gpu'],"['reference_not_ranking', 'historical_competitors_not_rerun', 'system_resources_not_exclusive', 'gpu_placement_metadata_only']"
bicg,cova_llvm_gpu,default,initialization,observed,7.0548076019622386,bicg,275b9806d38b1fd8119ee27bbc86fe06cc1e39a5,1,1,16d618b4e97f8f1b6191fe3f76123e77b6b198e5982ffa6fbd2528fa69701078,77e9adb788612e39af05a751b80c16198c5c53c1997f2c21ca5d1cefa59811c3,['gpu'],"['reference_not_ranking', 'historical_competitors_not_rerun', 'system_resources_not_exclusive', 'gpu_placement_metadata_only']"
bicg,cova_llvm_gpu,default,fresh_process,observed,0.7692781115765683,bicg,275b9806d38b1fd8119ee27bbc86fe06cc1e39a5,2,2,16d618b4e97f8f1b6191fe3f76123e77b6b198e5982ffa6fbd2528fa69701078,77e9adb788612e39af05a751b80c16198c5c53c1997f2c21ca5d1cefa59811c3,['gpu'],"['reference_not_ranking', 'historical_competitors_not_rerun', 'system_resources_not_exclusive', 'gpu_placement_metadata_only']"
bicg,cova_llvm_gpu,default,same_process,observed,0.37309789954451844,bicg,275b9806d38b1fd8119ee27bbc86fe06cc1e39a5,6,3,16d618b4e97f8f1b6191fe3f76123e77b6b198e5982ffa6fbd2528fa69701078,77e9adb788612e39af05a751b80c16198c5c53c1997f2c21ca5d1cefa59811c3,['gpu'],"['reference_not_ranking', 'historical_competitors_not_rerun', 'system_resources_not_exclusive', 'gpu_placement_metadata_only']"
cavity_flow,cova_serial_cpu,default,initialization,observed,4.389102605055086,cavity_flow,275b9806d38b1fd8119ee27bbc86fe06cc1e39a5,1,1,210af7f0234bb993fa8cb9e063c162a3f185d3fc74aad9308835699b7e5a18da,33c1dcf4ea4c8afb398c3db57686f19a59239f440846cca31b92bee224e3c662,['cpu'],"['reference_not_ranking', 'historical_competitors_not_rerun', 'system_resources_not_exclusive']"
cavity_flow,cova_serial_cpu,default,fresh_process,observed,0.7957740704878233,cavity_flow,275b9806d38b1fd8119ee27bbc86fe06cc1e39a5,2,2,210af7f0234bb993fa8cb9e063c162a3f185d3fc74aad9308835699b7e5a18da,33c1dcf4ea4c8afb398c3db57686f19a59239f440846cca31b92bee224e3c662,['cpu'],"['reference_not_ranking', 'historical_competitors_not_rerun', 'system_resources_not_exclusive']"
cavity_flow,cova_serial_cpu,default,same_process,observed,0.7632062240154482,cavity_flow,275b9806d38b1fd8119ee27bbc86fe06cc1e39a5,6,3,210af7f0234bb993fa8cb9e063c162a3f185d3fc74aad9308835699b7e5a18da,33c1dcf4ea4c8afb398c3db57686f19a59239f440846cca31b92bee224e3c662,['cpu'],"['reference_not_ranking', 'historical_competitors_not_rerun', 'system_resources_not_exclusive']"
cavity_flow,cova_openmp_cpu,default,initialization,observed,4.761402949923649,cavity_flow,275b9806d38b1fd8119ee27bbc86fe06cc1e39a5,1,1,210af7f0234bb993fa8cb9e063c162a3f185d3fc74aad9308835699b7e5a18da,33c1dcf4ea4c8afb398c3db57686f19a59239f440846cca31b92bee224e3c662,['cpu'],"['reference_not_ranking', 'historical_competitors_not_rerun', 'system_resources_not_exclusive']"
cavity_flow,cova_openmp_cpu,default,fresh_process,observed,0.9440926639945246,cavity_flow,275b9806d38b1fd8119ee27bbc86fe06cc1e39a5,2,2,210af7f0234bb993fa8cb9e063c162a3f185d3fc74aad9308835699b7e5a18da,33c1dcf4ea4c8afb398c3db57686f19a59239f440846cca31b92bee224e3c662,['cpu'],"['reference_not_ranking', 'historical_competitors_not_rerun', 'system_resources_not_exclusive']"
cavity_flow,cova_openmp_cpu,default,same_process,observed,0.7748619945487007,cavity_flow,275b9806d38b1fd8119ee27bbc86fe06cc1e39a5,6,3,210af7f0234bb993fa8cb9e063c162a3f185d3fc74aad9308835699b7e5a18da,33c1dcf4ea4c8afb398c3db57686f19a59239f440846cca31b92bee224e3c662,['cpu'],"['reference_not_ranking', 'historical_competitors_not_rerun', 'system_resources_not_exclusive']"
cavity_flow,cova_llvm_cpu_serial,default,initialization,observed,3.3404337789397687,cavity_flow,275b9806d38b1fd8119ee27bbc86fe06cc1e39a5,1,1,210af7f0234bb993fa8cb9e063c162a3f185d3fc74aad9308835699b7e5a18da,33c1dcf4ea4c8afb398c3db57686f19a59239f440846cca31b92bee224e3c662,['cpu'],"['reference_not_ranking', 'historical_competitors_not_rerun', 'system_resources_not_exclusive']"
cavity_flow,cova_llvm_cpu_serial,default,fresh_process,observed,0.16345454251859337,cavity_flow,275b9806d38b1fd8119ee27bbc86fe06cc1e39a5,2,2,210af7f0234bb993fa8cb9e063c162a3f185d3fc74aad9308835699b7e5a18da,33c1dcf4ea4c8afb398c3db57686f19a59239f440846cca31b92bee224e3c662,['cpu'],"['reference_not_ranking', 'historical_competitors_not_rerun', 'system_resources_not_exclusive']"
cavity_flow,cova_llvm_cpu_serial,default,same_process,observed,0.17456340201897547,cavity_flow,275b9806d38b1fd8119ee27bbc86fe06cc1e39a5,6,3,210af7f0234bb993fa8cb9e063c162a3f185d3fc74aad9308835699b7e5a18da,33c1dcf4ea4c8afb398c3db57686f19a59239f440846cca31b92bee224e3c662,['cpu'],"['reference_not_ranking', 'historical_competitors_not_rerun', 'system_resources_not_exclusive']"
cavity_flow,cova_llvm_cpu,default,initialization,observed,3.5050552990287542,cavity_flow,275b9806d38b1fd8119ee27bbc86fe06cc1e39a5,1,1,210af7f0234bb993fa8cb9e063c162a3f185d3fc74aad9308835699b7e5a18da,33c1dcf4ea4c8afb398c3db57686f19a59239f440846cca31b92bee224e3c662,['cpu'],"['reference_not_ranking', 'historical_competitors_not_rerun', 'system_resources_not_exclusive']"
cavity_flow,cova_llvm_cpu,default,fresh_process,observed,0.16152022499591112,cavity_flow,275b9806d38b1fd8119ee27bbc86fe06cc1e39a5,2,2,210af7f0234bb993fa8cb9e063c162a3f185d3fc74aad9308835699b7e5a18da,33c1dcf4ea4c8afb398c3db57686f19a59239f440846cca31b92bee224e3c662,['cpu'],"['reference_not_ranking', 'historical_competitors_not_rerun', 'system_resources_not_exclusive']"
cavity_flow,cova_llvm_cpu,default,same_process,observed,0.175502042460721,cavity_flow,275b9806d38b1fd8119ee27bbc86fe06cc1e39a5,6,3,210af7f0234bb993fa8cb9e063c162a3f185d3fc74aad9308835699b7e5a18da,33c1dcf4ea4c8afb398c3db57686f19a59239f440846cca31b92bee224e3c662,['cpu'],"['reference_not_ranking', 'historical_competitors_not_rerun', 'system_resources_not_exclusive']"
cavity_flow,cova_openmp_gpu,default,initialization,observed,6.5103271279949695,cavity_flow,275b9806d38b1fd8119ee27bbc86fe06cc1e39a5,1,1,210af7f0234bb993fa8cb9e063c162a3f185d3fc74aad9308835699b7e5a18da,33c1dcf4ea4c8afb398c3db57686f19a59239f440846cca31b92bee224e3c662,['cpu'],"['reference_not_ranking', 'historical_competitors_not_rerun', 'system_resources_not_exclusive', 'gpu_placement_metadata_only']"
cavity_flow,cova_openmp_gpu,default,fresh_process,observed,0.6986353360116482,cavity_flow,275b9806d38b1fd8119ee27bbc86fe06cc1e39a5,2,2,210af7f0234bb993fa8cb9e063c162a3f185d3fc74aad9308835699b7e5a18da,33c1dcf4ea4c8afb398c3db57686f19a59239f440846cca31b92bee224e3c662,['cpu'],"['reference_not_ranking', 'historical_competitors_not_rerun', 'system_resources_not_exclusive', 'gpu_placement_metadata_only']"
cavity_flow,cova_openmp_gpu,default,same_process,observed,0.7280153160099871,cavity_flow,275b9806d38b1fd8119ee27bbc86fe06cc1e39a5,6,3,210af7f0234bb993fa8cb9e063c162a3f185d3fc74aad9308835699b7e5a18da,33c1dcf4ea4c8afb398c3db57686f19a59239f440846cca31b92bee224e3c662,['cpu'],"['reference_not_ranking', 'historical_competitors_not_rerun', 'system_resources_not_exclusive', 'gpu_placement_metadata_only']"
cavity_flow,cova_llvm_gpu,default,initialization,observed,37.50705622101668,cavity_flow,275b9806d38b1fd8119ee27bbc86fe06cc1e39a5,1,1,210af7f0234bb993fa8cb9e063c162a3f185d3fc74aad9308835699b7e5a18da,33c1dcf4ea4c8afb398c3db57686f19a59239f440846cca31b92bee224e3c662,['mixed'],"['reference_not_ranking', 'historical_competitors_not_rerun', 'system_resources_not_exclusive', 'gpu_placement_metadata_only']"
cavity_flow,cova_llvm_gpu,default,fresh_process,observed,30.544413751049433,cavity_flow,275b9806d38b1fd8119ee27bbc86fe06cc1e39a5,2,2,210af7f0234bb993fa8cb9e063c162a3f185d3fc74aad9308835699b7e5a18da,33c1dcf4ea4c8afb398c3db57686f19a59239f440846cca31b92bee224e3c662,['mixed'],"['reference_not_ranking', 'historical_competitors_not_rerun', 'system_resources_not_exclusive', 'gpu_placement_metadata_only']"
cavity_flow,cova_llvm_gpu,default,same_process,observed,30.515875857963692,cavity_flow,275b9806d38b1fd8119ee27bbc86fe06cc1e39a5,6,3,210af7f0234bb993fa8cb9e063c162a3f185d3fc74aad9308835699b7e5a18da,33c1dcf4ea4c8afb398c3db57686f19a59239f440846cca31b92bee224e3c662,['mixed'],"['reference_not_ranking', 'historical_competitors_not_rerun', 'system_resources_not_exclusive', 'gpu_placement_metadata_only']"
channel_flow,cova_serial_cpu,default,initialization,observed,15.900444976985455,channel_flow,275b9806d38b1fd8119ee27bbc86fe06cc1e39a5,1,1,a5826f86fe64a72734a89619a6e971effc8ed8ebe00f99337006d700704bed0f,131f13ee629eff4bbfc04696d2acdcf8be8c111de0037039e4ac5c934e15a280,['cpu'],"['reference_not_ranking', 'historical_competitors_not_rerun', 'system_resources_not_exclusive']"
channel_flow,cova_serial_cpu,default,fresh_process,observed,12.687705754477065,channel_flow,275b9806d38b1fd8119ee27bbc86fe06cc1e39a5,2,2,a5826f86fe64a72734a89619a6e971effc8ed8ebe00f99337006d700704bed0f,131f13ee629eff4bbfc04696d2acdcf8be8c111de0037039e4ac5c934e15a280,['cpu'],"['reference_not_ranking', 'historical_competitors_not_rerun', 'system_resources_not_exclusive']"
channel_flow,cova_serial_cpu,default,same_process,observed,10.177549302519765,channel_flow,275b9806d38b1fd8119ee27bbc86fe06cc1e39a5,6,3,a5826f86fe64a72734a89619a6e971effc8ed8ebe00f99337006d700704bed0f,131f13ee629eff4bbfc04696d2acdcf8be8c111de0037039e4ac5c934e15a280,['cpu'],"['reference_not_ranking', 'historical_competitors_not_rerun', 'system_resources_not_exclusive']"
channel_flow,cova_openmp_cpu,default,initialization,observed,14.591319103026763,channel_flow,275b9806d38b1fd8119ee27bbc86fe06cc1e39a5,1,1,a5826f86fe64a72734a89619a6e971effc8ed8ebe00f99337006d700704bed0f,131f13ee629eff4bbfc04696d2acdcf8be8c111de0037039e4ac5c934e15a280,['cpu'],"['reference_not_ranking', 'historical_competitors_not_rerun', 'system_resources_not_exclusive']"
channel_flow,cova_openmp_cpu,default,fresh_process,observed,6.162722573499195,channel_flow,275b9806d38b1fd8119ee27bbc86fe06cc1e39a5,2,2,a5826f86fe64a72734a89619a6e971effc8ed8ebe00f99337006d700704bed0f,131f13ee629eff4bbfc04696d2acdcf8be8c111de0037039e4ac5c934e15a280,['cpu'],"['reference_not_ranking', 'historical_competitors_not_rerun', 'system_resources_not_exclusive']"
channel_flow,cova_openmp_cpu,default,same_process,observed,5.767687544459477,channel_flow,275b9806d38b1fd8119ee27bbc86fe06cc1e39a5,6,3,a5826f86fe64a72734a89619a6e971effc8ed8ebe00f99337006d700704bed0f,131f13ee629eff4bbfc04696d2acdcf8be8c111de0037039e4ac5c934e15a280,['cpu'],"['reference_not_ranking', 'historical_competitors_not_rerun', 'system_resources_not_exclusive']"
channel_flow,cova_llvm_cpu_serial,default,initialization,observed,9.979078072006814,channel_flow,275b9806d38b1fd8119ee27bbc86fe06cc1e39a5,1,1,a5826f86fe64a72734a89619a6e971effc8ed8ebe00f99337006d700704bed0f,131f13ee629eff4bbfc04696d2acdcf8be8c111de0037039e4ac5c934e15a280,['cpu'],"['reference_not_ranking', 'historical_competitors_not_rerun', 'system_resources_not_exclusive']"
channel_flow,cova_llvm_cpu_serial,default,fresh_process,observed,1.5348800020292401,channel_flow,275b9806d38b1fd8119ee27bbc86fe06cc1e39a5,2,2,a5826f86fe64a72734a89619a6e971effc8ed8ebe00f99337006d700704bed0f,131f13ee629eff4bbfc04696d2acdcf8be8c111de0037039e4ac5c934e15a280,['cpu'],"['reference_not_ranking', 'historical_competitors_not_rerun', 'system_resources_not_exclusive']"
channel_flow,cova_llvm_cpu_serial,default,same_process,observed,1.478004737989977,channel_flow,275b9806d38b1fd8119ee27bbc86fe06cc1e39a5,6,3,a5826f86fe64a72734a89619a6e971effc8ed8ebe00f99337006d700704bed0f,131f13ee629eff4bbfc04696d2acdcf8be8c111de0037039e4ac5c934e15a280,['cpu'],"['reference_not_ranking', 'historical_competitors_not_rerun', 'system_resources_not_exclusive']"
channel_flow,cova_llvm_cpu,default,initialization,observed,11.787030447972938,channel_flow,275b9806d38b1fd8119ee27bbc86fe06cc1e39a5,1,1,a5826f86fe64a72734a89619a6e971effc8ed8ebe00f99337006d700704bed0f,131f13ee629eff4bbfc04696d2acdcf8be8c111de0037039e4ac5c934e15a280,['cpu'],"['reference_not_ranking', 'historical_competitors_not_rerun', 'system_resources_not_exclusive']"
channel_flow,cova_llvm_cpu,default,fresh_process,observed,1.6360915015102364,channel_flow,275b9806d38b1fd8119ee27bbc86fe06cc1e39a5,2,2,a5826f86fe64a72734a89619a6e971effc8ed8ebe00f99337006d700704bed0f,131f13ee629eff4bbfc04696d2acdcf8be8c111de0037039e4ac5c934e15a280,['cpu'],"['reference_not_ranking', 'historical_competitors_not_rerun', 'system_resources_not_exclusive']"
channel_flow,cova_llvm_cpu,default,same_process,observed,1.47814375750022,channel_flow,275b9806d38b1fd8119ee27bbc86fe06cc1e39a5,6,3,a5826f86fe64a72734a89619a6e971effc8ed8ebe00f99337006d700704bed0f,131f13ee629eff4bbfc04696d2acdcf8be8c111de0037039e4ac5c934e15a280,['cpu'],"['reference_not_ranking', 'historical_competitors_not_rerun', 'system_resources_not_exclusive']"
channel_flow,cova_openmp_gpu,default,initialization,observed,17.36529943300411,channel_flow,275b9806d38b1fd8119ee27bbc86fe06cc1e39a5,1,1,a5826f86fe64a72734a89619a6e971effc8ed8ebe00f99337006d700704bed0f,131f13ee629eff4bbfc04696d2acdcf8be8c111de0037039e4ac5c934e15a280,['cpu'],"['reference_not_ranking', 'historical_competitors_not_rerun', 'system_resources_not_exclusive', 'gpu_placement_metadata_only']"
channel_flow,cova_openmp_gpu,default,fresh_process,observed,5.77085544943111,channel_flow,275b9806d38b1fd8119ee27bbc86fe06cc1e39a5,2,2,a5826f86fe64a72734a89619a6e971effc8ed8ebe00f99337006d700704bed0f,131f13ee629eff4bbfc04696d2acdcf8be8c111de0037039e4ac5c934e15a280,['cpu'],"['reference_not_ranking', 'historical_competitors_not_rerun', 'system_resources_not_exclusive', 'gpu_placement_metadata_only']"
channel_flow,cova_openmp_gpu,default,same_process,observed,4.704005501582287,channel_flow,275b9806d38b1fd8119ee27bbc86fe06cc1e39a5,6,3,a5826f86fe64a72734a89619a6e971effc8ed8ebe00f99337006d700704bed0f,131f13ee629eff4bbfc04696d2acdcf8be8c111de0037039e4ac5c934e15a280,['cpu'],"['reference_not_ranking', 'historical_competitors_not_rerun', 'system_resources_not_exclusive', 'gpu_placement_metadata_only']"
channel_flow,cova_llvm_gpu,default,initialization,observed,344.4711973059457,channel_flow,275b9806d38b1fd8119ee27bbc86fe06cc1e39a5,1,1,a5826f86fe64a72734a89619a6e971effc8ed8ebe00f99337006d700704bed0f,131f13ee629eff4bbfc04696d2acdcf8be8c111de0037039e4ac5c934e15a280,['mixed'],"['reference_not_ranking', 'historical_competitors_not_rerun', 'system_resources_not_exclusive', 'gpu_placement_metadata_only']"
channel_flow,cova_llvm_gpu,default,fresh_process,observed,335.00789653800894,channel_flow,275b9806d38b1fd8119ee27bbc86fe06cc1e39a5,2,2,a5826f86fe64a72734a89619a6e971effc8ed8ebe00f99337006d700704bed0f,131f13ee629eff4bbfc04696d2acdcf8be8c111de0037039e4ac5c934e15a280,['mixed'],"['reference_not_ranking', 'historical_competitors_not_rerun', 'system_resources_not_exclusive', 'gpu_placement_metadata_only']"
channel_flow,cova_llvm_gpu,default,same_process,observed,334.4523462030338,channel_flow,275b9806d38b1fd8119ee27bbc86fe06cc1e39a5,6,3,a5826f86fe64a72734a89619a6e971effc8ed8ebe00f99337006d700704bed0f,131f13ee629eff4bbfc04696d2acdcf8be8c111de0037039e4ac5c934e15a280,['mixed'],"['reference_not_ranking', 'historical_competitors_not_rerun', 'system_resources_not_exclusive', 'gpu_placement_metadata_only']"
cholesky,cova_serial_cpu,default,initialization,observed,2.193992845946923,cholesky,275b9806d38b1fd8119ee27bbc86fe06cc1e39a5,1,1,56dfb1eba239c26e0b2a9d37a7e4204bca4b6420c1c6db5a29f0fa62a44c6bf8,4fbe26b28e30a4b50af30a63a5f1d483d8c2556910e84aba0ab6422938ce8d60,['cpu'],"['reference_not_ranking', 'historical_competitors_not_rerun', 'system_resources_not_exclusive']"
cholesky,cova_serial_cpu,default,fresh_process,observed,0.1902073664823547,cholesky,275b9806d38b1fd8119ee27bbc86fe06cc1e39a5,2,2,56dfb1eba239c26e0b2a9d37a7e4204bca4b6420c1c6db5a29f0fa62a44c6bf8,4fbe26b28e30a4b50af30a63a5f1d483d8c2556910e84aba0ab6422938ce8d60,['cpu'],"['reference_not_ranking', 'historical_competitors_not_rerun', 'system_resources_not_exclusive']"
cholesky,cova_serial_cpu,default,same_process,observed,0.20806624443503097,cholesky,275b9806d38b1fd8119ee27bbc86fe06cc1e39a5,6,3,56dfb1eba239c26e0b2a9d37a7e4204bca4b6420c1c6db5a29f0fa62a44c6bf8,4fbe26b28e30a4b50af30a63a5f1d483d8c2556910e84aba0ab6422938ce8d60,['cpu'],"['reference_not_ranking', 'historical_competitors_not_rerun', 'system_resources_not_exclusive']"
cholesky,cova_openmp_cpu,default,initialization,observed,2.5660395880695432,cholesky,275b9806d38b1fd8119ee27bbc86fe06cc1e39a5,1,1,56dfb1eba239c26e0b2a9d37a7e4204bca4b6420c1c6db5a29f0fa62a44c6bf8,4fbe26b28e30a4b50af30a63a5f1d483d8c2556910e84aba0ab6422938ce8d60,['cpu'],"['reference_not_ranking', 'historical_competitors_not_rerun', 'system_resources_not_exclusive']"
cholesky,cova_openmp_cpu,default,fresh_process,observed,0.18101056100567803,cholesky,275b9806d38b1fd8119ee27bbc86fe06cc1e39a5,2,2,56dfb1eba239c26e0b2a9d37a7e4204bca4b6420c1c6db5a29f0fa62a44c6bf8,4fbe26b28e30a4b50af30a63a5f1d483d8c2556910e84aba0ab6422938ce8d60,['cpu'],"['reference_not_ranking', 'historical_competitors_not_rerun', 'system_resources_not_exclusive']"
cholesky,cova_openmp_cpu,default,same_process,observed,0.21613288699882105,cholesky,275b9806d38b1fd8119ee27bbc86fe06cc1e39a5,6,3,56dfb1eba239c26e0b2a9d37a7e4204bca4b6420c1c6db5a29f0fa62a44c6bf8,4fbe26b28e30a4b50af30a63a5f1d483d8c2556910e84aba0ab6422938ce8d60,['cpu'],"['reference_not_ranking', 'historical_competitors_not_rerun', 'system_resources_not_exclusive']"
cholesky,cova_llvm_cpu_serial,default,initialization,observed,1.904911104007624,cholesky,275b9806d38b1fd8119ee27bbc86fe06cc1e39a5,1,1,56dfb1eba239c26e0b2a9d37a7e4204bca4b6420c1c6db5a29f0fa62a44c6bf8,4fbe26b28e30a4b50af30a63a5f1d483d8c2556910e84aba0ab6422938ce8d60,['cpu'],"['reference_not_ranking', 'historical_competitors_not_rerun', 'system_resources_not_exclusive']"
cholesky,cova_llvm_cpu_serial,default,fresh_process,observed,0.17353370250202715,cholesky,275b9806d38b1fd8119ee27bbc86fe06cc1e39a5,2,2,56dfb1eba239c26e0b2a9d37a7e4204bca4b6420c1c6db5a29f0fa62a44c6bf8,4fbe26b28e30a4b50af30a63a5f1d483d8c2556910e84aba0ab6422938ce8d60,['cpu'],"['reference_not_ranking', 'historical_competitors_not_rerun', 'system_resources_not_exclusive']"
cholesky,cova_llvm_cpu_serial,default,same_process,observed,0.2157687779981643,cholesky,275b9806d38b1fd8119ee27bbc86fe06cc1e39a5,6,3,56dfb1eba239c26e0b2a9d37a7e4204bca4b6420c1c6db5a29f0fa62a44c6bf8,4fbe26b28e30a4b50af30a63a5f1d483d8c2556910e84aba0ab6422938ce8d60,['cpu'],"['reference_not_ranking', 'historical_competitors_not_rerun', 'system_resources_not_exclusive']"
cholesky,cova_llvm_cpu,default,initialization,observed,2.016765054082498,cholesky,275b9806d38b1fd8119ee27bbc86fe06cc1e39a5,1,1,56dfb1eba239c26e0b2a9d37a7e4204bca4b6420c1c6db5a29f0fa62a44c6bf8,4fbe26b28e30a4b50af30a63a5f1d483d8c2556910e84aba0ab6422938ce8d60,['cpu'],"['reference_not_ranking', 'historical_competitors_not_rerun', 'system_resources_not_exclusive']"
cholesky,cova_llvm_cpu,default,fresh_process,observed,0.1989194474881515,cholesky,275b9806d38b1fd8119ee27bbc86fe06cc1e39a5,2,2,56dfb1eba239c26e0b2a9d37a7e4204bca4b6420c1c6db5a29f0fa62a44c6bf8,4fbe26b28e30a4b50af30a63a5f1d483d8c2556910e84aba0ab6422938ce8d60,['cpu'],"['reference_not_ranking', 'historical_competitors_not_rerun', 'system_resources_not_exclusive']"
cholesky,cova_llvm_cpu,default,same_process,observed,0.2068451975355856,cholesky,275b9806d38b1fd8119ee27bbc86fe06cc1e39a5,6,3,56dfb1eba239c26e0b2a9d37a7e4204bca4b6420c1c6db5a29f0fa62a44c6bf8,4fbe26b28e30a4b50af30a63a5f1d483d8c2556910e84aba0ab6422938ce8d60,['cpu'],"['reference_not_ranking', 'historical_competitors_not_rerun', 'system_resources_not_exclusive']"
cholesky,cova_openmp_gpu,default,initialization,observed,3.8071572959888726,cholesky,275b9806d38b1fd8119ee27bbc86fe06cc1e39a5,1,1,56dfb1eba239c26e0b2a9d37a7e4204bca4b6420c1c6db5a29f0fa62a44c6bf8,4fbe26b28e30a4b50af30a63a5f1d483d8c2556910e84aba0ab6422938ce8d60,['cpu'],"['reference_not_ranking', 'historical_competitors_not_rerun', 'system_resources_not_exclusive', 'gpu_placement_metadata_only']"
cholesky,cova_openmp_gpu,default,fresh_process,observed,0.18924638844328,cholesky,275b9806d38b1fd8119ee27bbc86fe06cc1e39a5,2,2,56dfb1eba239c26e0b2a9d37a7e4204bca4b6420c1c6db5a29f0fa62a44c6bf8,4fbe26b28e30a4b50af30a63a5f1d483d8c2556910e84aba0ab6422938ce8d60,['cpu'],"['reference_not_ranking', 'historical_competitors_not_rerun', 'system_resources_not_exclusive', 'gpu_placement_metadata_only']"
cholesky,cova_openmp_gpu,default,same_process,observed,0.22763908049091697,cholesky,275b9806d38b1fd8119ee27bbc86fe06cc1e39a5,6,3,56dfb1eba239c26e0b2a9d37a7e4204bca4b6420c1c6db5a29f0fa62a44c6bf8,4fbe26b28e30a4b50af30a63a5f1d483d8c2556910e84aba0ab6422938ce8d60,['cpu'],"['reference_not_ranking', 'historical_competitors_not_rerun', 'system_resources_not_exclusive', 'gpu_placement_metadata_only']"
cholesky,cova_llvm_gpu,default,initialization,observed,14.095899541978724,cholesky,275b9806d38b1fd8119ee27bbc86fe06cc1e39a5,1,1,56dfb1eba239c26e0b2a9d37a7e4204bca4b6420c1c6db5a29f0fa62a44c6bf8,4fbe26b28e30a4b50af30a63a5f1d483d8c2556910e84aba0ab6422938ce8d60,['mixed'],"['reference_not_ranking', 'historical_competitors_not_rerun', 'system_resources_not_exclusive', 'gpu_placement_metadata_only']"
cholesky,cova_llvm_gpu,default,fresh_process,observed,9.584984518005513,cholesky,275b9806d38b1fd8119ee27bbc86fe06cc1e39a5,2,2,56dfb1eba239c26e0b2a9d37a7e4204bca4b6420c1c6db5a29f0fa62a44c6bf8,4fbe26b28e30a4b50af30a63a5f1d483d8c2556910e84aba0ab6422938ce8d60,['mixed'],"['reference_not_ranking', 'historical_competitors_not_rerun', 'system_resources_not_exclusive', 'gpu_placement_metadata_only']"
cholesky,cova_llvm_gpu,default,same_process,observed,9.36055739450967,cholesky,275b9806d38b1fd8119ee27bbc86fe06cc1e39a5,6,3,56dfb1eba239c26e0b2a9d37a7e4204bca4b6420c1c6db5a29f0fa62a44c6bf8,4fbe26b28e30a4b50af30a63a5f1d483d8c2556910e84aba0ab6422938ce8d60,['mixed'],"['reference_not_ranking', 'historical_competitors_not_rerun', 'system_resources_not_exclusive', 'gpu_placement_metadata_only']"
cholesky2,cova_serial_cpu,default,initialization,error,,cholesky2,275b9806d38b1fd8119ee27bbc86fe06cc1e39a5,0,0,d99d5b0becbfb22bf45157e320f447a583444c901fafb55b0e5b1a90147a5923,b9394a55df0718e0c2862384f101bc746b522dc7acfbed649b0716c8d79c2363,[],"['reference_not_ranking', 'historical_competitors_not_rerun', 'system_resources_not_exclusive']"
cholesky2,cova_serial_cpu,default,fresh_process,error,,cholesky2,275b9806d38b1fd8119ee27bbc86fe06cc1e39a5,0,0,d99d5b0becbfb22bf45157e320f447a583444c901fafb55b0e5b1a90147a5923,b9394a55df0718e0c2862384f101bc746b522dc7acfbed649b0716c8d79c2363,[],"['reference_not_ranking', 'historical_competitors_not_rerun', 'system_resources_not_exclusive']"
cholesky2,cova_serial_cpu,default,same_process,error,,cholesky2,275b9806d38b1fd8119ee27bbc86fe06cc1e39a5,0,0,d99d5b0becbfb22bf45157e320f447a583444c901fafb55b0e5b1a90147a5923,b9394a55df0718e0c2862384f101bc746b522dc7acfbed649b0716c8d79c2363,[],"['reference_not_ranking', 'historical_competitors_not_rerun', 'system_resources_not_exclusive']"
cholesky2,cova_openmp_cpu,default,initialization,error,,cholesky2,275b9806d38b1fd8119ee27bbc86fe06cc1e39a5,0,0,d99d5b0becbfb22bf45157e320f447a583444c901fafb55b0e5b1a90147a5923,b9394a55df0718e0c2862384f101bc746b522dc7acfbed649b0716c8d79c2363,[],"['reference_not_ranking', 'historical_competitors_not_rerun', 'system_resources_not_exclusive']"
cholesky2,cova_openmp_cpu,default,fresh_process,error,,cholesky2,275b9806d38b1fd8119ee27bbc86fe06cc1e39a5,0,0,d99d5b0becbfb22bf45157e320f447a583444c901fafb55b0e5b1a90147a5923,b9394a55df0718e0c2862384f101bc746b522dc7acfbed649b0716c8d79c2363,[],"['reference_not_ranking', 'historical_competitors_not_rerun', 'system_resources_not_exclusive']"
cholesky2,cova_openmp_cpu,default,same_process,error,,cholesky2,275b9806d38b1fd8119ee27bbc86fe06cc1e39a5,0,0,d99d5b0becbfb22bf45157e320f447a583444c901fafb55b0e5b1a90147a5923,b9394a55df0718e0c2862384f101bc746b522dc7acfbed649b0716c8d79c2363,[],"['reference_not_ranking', 'historical_competitors_not_rerun', 'system_resources_not_exclusive']"
cholesky2,cova_llvm_cpu_serial,default,initialization,observed,7.776965072960593,cholesky2,275b9806d38b1fd8119ee27bbc86fe06cc1e39a5,1,1,d99d5b0becbfb22bf45157e320f447a583444c901fafb55b0e5b1a90147a5923,b9394a55df0718e0c2862384f101bc746b522dc7acfbed649b0716c8d79c2363,['cpu'],"['reference_not_ranking', 'historical_competitors_not_rerun', 'system_resources_not_exclusive']"
cholesky2,cova_llvm_cpu_serial,default,fresh_process,observed,2.504926108988002,cholesky2,275b9806d38b1fd8119ee27bbc86fe06cc1e39a5,2,2,d99d5b0becbfb22bf45157e320f447a583444c901fafb55b0e5b1a90147a5923,b9394a55df0718e0c2862384f101bc746b522dc7acfbed649b0716c8d79c2363,['cpu'],"['reference_not_ranking', 'historical_competitors_not_rerun', 'system_resources_not_exclusive']"
cholesky2,cova_llvm_cpu_serial,default,same_process,observed,2.7870625169598497,cholesky2,275b9806d38b1fd8119ee27bbc86fe06cc1e39a5,6,3,d99d5b0becbfb22bf45157e320f447a583444c901fafb55b0e5b1a90147a5923,b9394a55df0718e0c2862384f101bc746b522dc7acfbed649b0716c8d79c2363,['cpu'],"['reference_not_ranking', 'historical_competitors_not_rerun', 'system_resources_not_exclusive']"
cholesky2,cova_llvm_cpu,default,initialization,observed,8.996107758022845,cholesky2,275b9806d38b1fd8119ee27bbc86fe06cc1e39a5,1,1,d99d5b0becbfb22bf45157e320f447a583444c901fafb55b0e5b1a90147a5923,b9394a55df0718e0c2862384f101bc746b522dc7acfbed649b0716c8d79c2363,['cpu'],"['reference_not_ranking', 'historical_competitors_not_rerun', 'system_resources_not_exclusive']"
cholesky2,cova_llvm_cpu,default,fresh_process,observed,2.7253010495333,cholesky2,275b9806d38b1fd8119ee27bbc86fe06cc1e39a5,2,2,d99d5b0becbfb22bf45157e320f447a583444c901fafb55b0e5b1a90147a5923,b9394a55df0718e0c2862384f101bc746b522dc7acfbed649b0716c8d79c2363,['cpu'],"['reference_not_ranking', 'historical_competitors_not_rerun', 'system_resources_not_exclusive']"
cholesky2,cova_llvm_cpu,default,same_process,observed,2.667758150550071,cholesky2,275b9806d38b1fd8119ee27bbc86fe06cc1e39a5,6,3,d99d5b0becbfb22bf45157e320f447a583444c901fafb55b0e5b1a90147a5923,b9394a55df0718e0c2862384f101bc746b522dc7acfbed649b0716c8d79c2363,['cpu'],"['reference_not_ranking', 'historical_competitors_not_rerun', 'system_resources_not_exclusive']"
cholesky2,cova_openmp_gpu,default,initialization,error,,cholesky2,275b9806d38b1fd8119ee27bbc86fe06cc1e39a5,0,0,d99d5b0becbfb22bf45157e320f447a583444c901fafb55b0e5b1a90147a5923,b9394a55df0718e0c2862384f101bc746b522dc7acfbed649b0716c8d79c2363,[],"['reference_not_ranking', 'historical_competitors_not_rerun', 'system_resources_not_exclusive', 'gpu_placement_metadata_only']"
cholesky2,cova_openmp_gpu,default,fresh_process,error,,cholesky2,275b9806d38b1fd8119ee27bbc86fe06cc1e39a5,0,0,d99d5b0becbfb22bf45157e320f447a583444c901fafb55b0e5b1a90147a5923,b9394a55df0718e0c2862384f101bc746b522dc7acfbed649b0716c8d79c2363,[],"['reference_not_ranking', 'historical_competitors_not_rerun', 'system_resources_not_exclusive', 'gpu_placement_metadata_only']"
cholesky2,cova_openmp_gpu,default,same_process,error,,cholesky2,275b9806d38b1fd8119ee27bbc86fe06cc1e39a5,0,0,d99d5b0becbfb22bf45157e320f447a583444c901fafb55b0e5b1a90147a5923,b9394a55df0718e0c2862384f101bc746b522dc7acfbed649b0716c8d79c2363,[],"['reference_not_ranking', 'historical_competitors_not_rerun', 'system_resources_not_exclusive', 'gpu_placement_metadata_only']"
cholesky2,cova_llvm_gpu,default,initialization,observed,9.075230541056953,cholesky2,275b9806d38b1fd8119ee27bbc86fe06cc1e39a5,1,1,d99d5b0becbfb22bf45157e320f447a583444c901fafb55b0e5b1a90147a5923,b9394a55df0718e0c2862384f101bc746b522dc7acfbed649b0716c8d79c2363,['gpu'],"['reference_not_ranking', 'historical_competitors_not_rerun', 'system_resources_not_exclusive', 'gpu_placement_metadata_only']"
cholesky2,cova_llvm_gpu,default,fresh_process,observed,2.036355230025947,cholesky2,275b9806d38b1fd8119ee27bbc86fe06cc1e39a5,2,2,d99d5b0becbfb22bf45157e320f447a583444c901fafb55b0e5b1a90147a5923,b9394a55df0718e0c2862384f101bc746b522dc7acfbed649b0716c8d79c2363,['gpu'],"['reference_not_ranking', 'historical_competitors_not_rerun', 'system_resources_not_exclusive', 'gpu_placement_metadata_only']"
cholesky2,cova_llvm_gpu,default,same_process,observed,2.0800719624967314,cholesky2,275b9806d38b1fd8119ee27bbc86fe06cc1e39a5,6,3,d99d5b0becbfb22bf45157e320f447a583444c901fafb55b0e5b1a90147a5923,b9394a55df0718e0c2862384f101bc746b522dc7acfbed649b0716c8d79c2363,['gpu'],"['reference_not_ranking', 'historical_competitors_not_rerun', 'system_resources_not_exclusive', 'gpu_placement_metadata_only']"
compute,cova_serial_cpu,default,initialization,observed,5.002050018985756,compute,275b9806d38b1fd8119ee27bbc86fe06cc1e39a5,1,1,edf335f51b0a6a5a63d4d1e8c77cdda9a31939cdf30081571adf738ae28f7732,c95ef8e4674e9795c2c4376c3b88240655d27d77a534d2db1cf991c275146691,['cpu'],"['reference_not_ranking', 'historical_competitors_not_rerun', 'system_resources_not_exclusive']"
compute,cova_serial_cpu,default,fresh_process,observed,2.500744891469367,compute,275b9806d38b1fd8119ee27bbc86fe06cc1e39a5,2,2,edf335f51b0a6a5a63d4d1e8c77cdda9a31939cdf30081571adf738ae28f7732,c95ef8e4674e9795c2c4376c3b88240655d27d77a534d2db1cf991c275146691,['cpu'],"['reference_not_ranking', 'historical_competitors_not_rerun', 'system_resources_not_exclusive']"
compute,cova_serial_cpu,default,same_process,observed,1.4030732789542526,compute,275b9806d38b1fd8119ee27bbc86fe06cc1e39a5,6,3,edf335f51b0a6a5a63d4d1e8c77cdda9a31939cdf30081571adf738ae28f7732,c95ef8e4674e9795c2c4376c3b88240655d27d77a534d2db1cf991c275146691,['cpu'],"['reference_not_ranking', 'historical_competitors_not_rerun', 'system_resources_not_exclusive']"
compute,cova_openmp_cpu,default,initialization,observed,2.558003550977446,compute,275b9806d38b1fd8119ee27bbc86fe06cc1e39a5,1,1,edf335f51b0a6a5a63d4d1e8c77cdda9a31939cdf30081571adf738ae28f7732,c95ef8e4674e9795c2c4376c3b88240655d27d77a534d2db1cf991c275146691,['cpu'],"['reference_not_ranking', 'historical_competitors_not_rerun', 'system_resources_not_exclusive']"
compute,cova_openmp_cpu,default,fresh_process,observed,0.1616954724304378,compute,275b9806d38b1fd8119ee27bbc86fe06cc1e39a5,2,2,edf335f51b0a6a5a63d4d1e8c77cdda9a31939cdf30081571adf738ae28f7732,c95ef8e4674e9795c2c4376c3b88240655d27d77a534d2db1cf991c275146691,['cpu'],"['reference_not_ranking', 'historical_competitors_not_rerun', 'system_resources_not_exclusive']"
compute,cova_openmp_cpu,default,same_process,observed,0.13910350349033251,compute,275b9806d38b1fd8119ee27bbc86fe06cc1e39a5,6,3,edf335f51b0a6a5a63d4d1e8c77cdda9a31939cdf30081571adf738ae28f7732,c95ef8e4674e9795c2c4376c3b88240655d27d77a534d2db1cf991c275146691,['cpu'],"['reference_not_ranking', 'historical_competitors_not_rerun', 'system_resources_not_exclusive']"
compute,cova_llvm_cpu_serial,default,initialization,observed,5.057346325018443,compute,275b9806d38b1fd8119ee27bbc86fe06cc1e39a5,1,1,edf335f51b0a6a5a63d4d1e8c77cdda9a31939cdf30081571adf738ae28f7732,c95ef8e4674e9795c2c4376c3b88240655d27d77a534d2db1cf991c275146691,['cpu'],"['reference_not_ranking', 'historical_competitors_not_rerun', 'system_resources_not_exclusive']"
compute,cova_llvm_cpu_serial,default,fresh_process,observed,2.671657389495522,compute,275b9806d38b1fd8119ee27bbc86fe06cc1e39a5,2,2,edf335f51b0a6a5a63d4d1e8c77cdda9a31939cdf30081571adf738ae28f7732,c95ef8e4674e9795c2c4376c3b88240655d27d77a534d2db1cf991c275146691,['cpu'],"['reference_not_ranking', 'historical_competitors_not_rerun', 'system_resources_not_exclusive']"
compute,cova_llvm_cpu_serial,default,same_process,observed,2.462137617461849,compute,275b9806d38b1fd8119ee27bbc86fe06cc1e39a5,6,3,edf335f51b0a6a5a63d4d1e8c77cdda9a31939cdf30081571adf738ae28f7732,c95ef8e4674e9795c2c4376c3b88240655d27d77a534d2db1cf991c275146691,['cpu'],"['reference_not_ranking', 'historical_competitors_not_rerun', 'system_resources_not_exclusive']"
compute,cova_llvm_cpu,default,initialization,observed,5.005427230964415,compute,275b9806d38b1fd8119ee27bbc86fe06cc1e39a5,1,1,edf335f51b0a6a5a63d4d1e8c77cdda9a31939cdf30081571adf738ae28f7732,c95ef8e4674e9795c2c4376c3b88240655d27d77a534d2db1cf991c275146691,['cpu'],"['reference_not_ranking', 'historical_competitors_not_rerun', 'system_resources_not_exclusive']"
compute,cova_llvm_cpu,default,fresh_process,observed,2.7729590795352124,compute,275b9806d38b1fd8119ee27bbc86fe06cc1e39a5,2,2,edf335f51b0a6a5a63d4d1e8c77cdda9a31939cdf30081571adf738ae28f7732,c95ef8e4674e9795c2c4376c3b88240655d27d77a534d2db1cf991c275146691,['cpu'],"['reference_not_ranking', 'historical_competitors_not_rerun', 'system_resources_not_exclusive']"
compute,cova_llvm_cpu,default,same_process,observed,2.669082475535106,compute,275b9806d38b1fd8119ee27bbc86fe06cc1e39a5,6,3,edf335f51b0a6a5a63d4d1e8c77cdda9a31939cdf30081571adf738ae28f7732,c95ef8e4674e9795c2c4376c3b88240655d27d77a534d2db1cf991c275146691,['cpu'],"['reference_not_ranking', 'historical_competitors_not_rerun', 'system_resources_not_exclusive']"
compute,cova_openmp_gpu,default,initialization,observed,15.359790378948674,compute,275b9806d38b1fd8119ee27bbc86fe06cc1e39a5,1,1,edf335f51b0a6a5a63d4d1e8c77cdda9a31939cdf30081571adf738ae28f7732,c95ef8e4674e9795c2c4376c3b88240655d27d77a534d2db1cf991c275146691,['gpu'],"['reference_not_ranking', 'historical_competitors_not_rerun', 'system_resources_not_exclusive', 'gpu_placement_metadata_only']"
compute,cova_openmp_gpu,default,fresh_process,observed,9.956275224569254,compute,275b9806d38b1fd8119ee27bbc86fe06cc1e39a5,2,2,edf335f51b0a6a5a63d4d1e8c77cdda9a31939cdf30081571adf738ae28f7732,c95ef8e4674e9795c2c4376c3b88240655d27d77a534d2db1cf991c275146691,['gpu'],"['reference_not_ranking', 'historical_competitors_not_rerun', 'system_resources_not_exclusive', 'gpu_placement_metadata_only']"
compute,cova_openmp_gpu,default,same_process,observed,9.776241633982863,compute,275b9806d38b1fd8119ee27bbc86fe06cc1e39a5,6,3,edf335f51b0a6a5a63d4d1e8c77cdda9a31939cdf30081571adf738ae28f7732,c95ef8e4674e9795c2c4376c3b88240655d27d77a534d2db1cf991c275146691,['gpu'],"['reference_not_ranking', 'historical_competitors_not_rerun', 'system_resources_not_exclusive', 'gpu_placement_metadata_only']"
compute,cova_llvm_gpu,default,initialization,observed,5.196437761071138,compute,275b9806d38b1fd8119ee27bbc86fe06cc1e39a5,1,1,edf335f51b0a6a5a63d4d1e8c77cdda9a31939cdf30081571adf738ae28f7732,c95ef8e4674e9795c2c4376c3b88240655d27d77a534d2db1cf991c275146691,['gpu'],"['reference_not_ranking', 'historical_competitors_not_rerun', 'system_resources_not_exclusive', 'gpu_placement_metadata_only']"
compute,cova_llvm_gpu,default,fresh_process,observed,1.0168101434828714,compute,275b9806d38b1fd8119ee27bbc86fe06cc1e39a5,2,2,edf335f51b0a6a5a63d4d1e8c77cdda9a31939cdf30081571adf738ae28f7732,c95ef8e4674e9795c2c4376c3b88240655d27d77a534d2db1cf991c275146691,['gpu'],"['reference_not_ranking', 'historical_competitors_not_rerun', 'system_resources_not_exclusive', 'gpu_placement_metadata_only']"
compute,cova_llvm_gpu,default,same_process,observed,0.7454719794914126,compute,275b9806d38b1fd8119ee27bbc86fe06cc1e39a5,6,3,edf335f51b0a6a5a63d4d1e8c77cdda9a31939cdf30081571adf738ae28f7732,c95ef8e4674e9795c2c4376c3b88240655d27d77a534d2db1cf991c275146691,['gpu'],"['reference_not_ranking', 'historical_competitors_not_rerun', 'system_resources_not_exclusive', 'gpu_placement_metadata_only']"
contour_integral,cova_serial_cpu,default,initialization,error,,contour_integral,275b9806d38b1fd8119ee27bbc86fe06cc1e39a5,0,0,b7bd5d51e17faaa7d7b471e2377876f282bd7deed775cb160db56f12df313057,96e60b8e822b16860d5bd015f984ac2828ce239aab0d0628d36a60c7c4be7697,[],"['reference_not_ranking', 'historical_competitors_not_rerun', 'system_resources_not_exclusive']"
contour_integral,cova_serial_cpu,default,fresh_process,error,,contour_integral,275b9806d38b1fd8119ee27bbc86fe06cc1e39a5,0,0,b7bd5d51e17faaa7d7b471e2377876f282bd7deed775cb160db56f12df313057,96e60b8e822b16860d5bd015f984ac2828ce239aab0d0628d36a60c7c4be7697,[],"['reference_not_ranking', 'historical_competitors_not_rerun', 'system_resources_not_exclusive']"
contour_integral,cova_serial_cpu,default,same_process,error,,contour_integral,275b9806d38b1fd8119ee27bbc86fe06cc1e39a5,0,0,b7bd5d51e17faaa7d7b471e2377876f282bd7deed775cb160db56f12df313057,96e60b8e822b16860d5bd015f984ac2828ce239aab0d0628d36a60c7c4be7697,[],"['reference_not_ranking', 'historical_competitors_not_rerun', 'system_resources_not_exclusive']"
contour_integral,cova_openmp_cpu,default,initialization,error,,contour_integral,275b9806d38b1fd8119ee27bbc86fe06cc1e39a5,0,0,b7bd5d51e17faaa7d7b471e2377876f282bd7deed775cb160db56f12df313057,96e60b8e822b16860d5bd015f984ac2828ce239aab0d0628d36a60c7c4be7697,[],"['reference_not_ranking', 'historical_competitors_not_rerun', 'system_resources_not_exclusive']"
contour_integral,cova_openmp_cpu,default,fresh_process,error,,contour_integral,275b9806d38b1fd8119ee27bbc86fe06cc1e39a5,0,0,b7bd5d51e17faaa7d7b471e2377876f282bd7deed775cb160db56f12df313057,96e60b8e822b16860d5bd015f984ac2828ce239aab0d0628d36a60c7c4be7697,[],"['reference_not_ranking', 'historical_competitors_not_rerun', 'system_resources_not_exclusive']"
contour_integral,cova_openmp_cpu,default,same_process,error,,contour_integral,275b9806d38b1fd8119ee27bbc86fe06cc1e39a5,0,0,b7bd5d51e17faaa7d7b471e2377876f282bd7deed775cb160db56f12df313057,96e60b8e822b16860d5bd015f984ac2828ce239aab0d0628d36a60c7c4be7697,[],"['reference_not_ranking', 'historical_competitors_not_rerun', 'system_resources_not_exclusive']"
contour_integral,cova_llvm_cpu_serial,default,initialization,observed,6.279452845919877,contour_integral,275b9806d38b1fd8119ee27bbc86fe06cc1e39a5,1,1,b7bd5d51e17faaa7d7b471e2377876f282bd7deed775cb160db56f12df313057,96e60b8e822b16860d5bd015f984ac2828ce239aab0d0628d36a60c7c4be7697,['cpu'],"['reference_not_ranking', 'historical_competitors_not_rerun', 'system_resources_not_exclusive']"
contour_integral,cova_llvm_cpu_serial,default,fresh_process,observed,1.0706216574762948,contour_integral,275b9806d38b1fd8119ee27bbc86fe06cc1e39a5,2,2,b7bd5d51e17faaa7d7b471e2377876f282bd7deed775cb160db56f12df313057,96e60b8e822b16860d5bd015f984ac2828ce239aab0d0628d36a60c7c4be7697,['cpu'],"['reference_not_ranking', 'historical_competitors_not_rerun', 'system_resources_not_exclusive']"
contour_integral,cova_llvm_cpu_serial,default,same_process,observed,0.9499152569915168,contour_integral,275b9806d38b1fd8119ee27bbc86fe06cc1e39a5,6,3,b7bd5d51e17faaa7d7b471e2377876f282bd7deed775cb160db56f12df313057,96e60b8e822b16860d5bd015f984ac2828ce239aab0d0628d36a60c7c4be7697,['cpu'],"['reference_not_ranking', 'historical_competitors_not_rerun', 'system_resources_not_exclusive']"
contour_integral,cova_llvm_cpu,default,initialization,observed,9.799633539980277,contour_integral,275b9806d38b1fd8119ee27bbc86fe06cc1e39a5,1,1,b7bd5d51e17faaa7d7b471e2377876f282bd7deed775cb160db56f12df313057,96e60b8e822b16860d5bd015f984ac2828ce239aab0d0628d36a60c7c4be7697,['cpu'],"['reference_not_ranking', 'historical_competitors_not_rerun', 'system_resources_not_exclusive']"
contour_integral,cova_llvm_cpu,default,fresh_process,observed,2.835268705501221,contour_integral,275b9806d38b1fd8119ee27bbc86fe06cc1e39a5,2,2,b7bd5d51e17faaa7d7b471e2377876f282bd7deed775cb160db56f12df313057,96e60b8e822b16860d5bd015f984ac2828ce239aab0d0628d36a60c7c4be7697,['cpu'],"['reference_not_ranking', 'historical_competitors_not_rerun', 'system_resources_not_exclusive']"
contour_integral,cova_llvm_cpu,default,same_process,observed,4.254834773018956,contour_integral,275b9806d38b1fd8119ee27bbc86fe06cc1e39a5,6,3,b7bd5d51e17faaa7d7b471e2377876f282bd7deed775cb160db56f12df313057,96e60b8e822b16860d5bd015f984ac2828ce239aab0d0628d36a60c7c4be7697,['cpu'],"['reference_not_ranking', 'historical_competitors_not_rerun', 'system_resources_not_exclusive']"
contour_integral,cova_openmp_gpu,default,initialization,error,,contour_integral,275b9806d38b1fd8119ee27bbc86fe06cc1e39a5,0,0,b7bd5d51e17faaa7d7b471e2377876f282bd7deed775cb160db56f12df313057,96e60b8e822b16860d5bd015f984ac2828ce239aab0d0628d36a60c7c4be7697,[],"['reference_not_ranking', 'historical_competitors_not_rerun', 'system_resources_not_exclusive', 'gpu_placement_metadata_only']"
contour_integral,cova_openmp_gpu,default,fresh_process,error,,contour_integral,275b9806d38b1fd8119ee27bbc86fe06cc1e39a5,0,0,b7bd5d51e17faaa7d7b471e2377876f282bd7deed775cb160db56f12df313057,96e60b8e822b16860d5bd015f984ac2828ce239aab0d0628d36a60c7c4be7697,[],"['reference_not_ranking', 'historical_competitors_not_rerun', 'system_resources_not_exclusive', 'gpu_placement_metadata_only']"
contour_integral,cova_openmp_gpu,default,same_process,error,,contour_integral,275b9806d38b1fd8119ee27bbc86fe06cc1e39a5,0,0,b7bd5d51e17faaa7d7b471e2377876f282bd7deed775cb160db56f12df313057,96e60b8e822b16860d5bd015f984ac2828ce239aab0d0628d36a60c7c4be7697,[],"['reference_not_ranking', 'historical_competitors_not_rerun', 'system_resources_not_exclusive', 'gpu_placement_metadata_only']"
contour_integral,cova_llvm_gpu,default,initialization,observed,9.634624239988625,contour_integral,275b9806d38b1fd8119ee27bbc86fe06cc1e39a5,1,1,b7bd5d51e17faaa7d7b471e2377876f282bd7deed775cb160db56f12df313057,96e60b8e822b16860d5bd015f984ac2828ce239aab0d0628d36a60c7c4be7697,['mixed'],"['reference_not_ranking', 'historical_competitors_not_rerun', 'system_resources_not_exclusive', 'gpu_placement_metadata_only']"
contour_integral,cova_llvm_gpu,default,fresh_process,observed,2.540823604504112,contour_integral,275b9806d38b1fd8119ee27bbc86fe06cc1e39a5,2,2,b7bd5d51e17faaa7d7b471e2377876f282bd7deed775cb160db56f12df313057,96e60b8e822b16860d5bd015f984ac2828ce239aab0d0628d36a60c7c4be7697,['mixed'],"['reference_not_ranking', 'historical_competitors_not_rerun', 'system_resources_not_exclusive', 'gpu_placement_metadata_only']"
contour_integral,cova_llvm_gpu,default,same_process,observed,1.7127513839513995,contour_integral,275b9806d38b1fd8119ee27bbc86fe06cc1e39a5,6,3,b7bd5d51e17faaa7d7b471e2377876f282bd7deed775cb160db56f12df313057,96e60b8e822b16860d5bd015f984ac2828ce239aab0d0628d36a60c7c4be7697,['mixed'],"['reference_not_ranking', 'historical_competitors_not_rerun', 'system_resources_not_exclusive', 'gpu_placement_metadata_only']"
conv2d_bias,cova_serial_cpu,default,initialization,observed,3.9541356089757755,conv2d_bias,275b9806d38b1fd8119ee27bbc86fe06cc1e39a5,1,1,c47a0f873d63acc5fa1d36e1061d8e90bf59c5186703fc221aaf46384c6dbae8,3652f4ad2c784bef2f715b7aa13d7e3a9d461dbdbed77498119dc3c0f00cc660,['cpu'],"['reference_not_ranking', 'historical_competitors_not_rerun', 'system_resources_not_exclusive']"
conv2d_bias,cova_serial_cpu,default,fresh_process,observed,0.10157165594864637,conv2d_bias,275b9806d38b1fd8119ee27bbc86fe06cc1e39a5,2,2,c47a0f873d63acc5fa1d36e1061d8e90bf59c5186703fc221aaf46384c6dbae8,3652f4ad2c784bef2f715b7aa13d7e3a9d461dbdbed77498119dc3c0f00cc660,['cpu'],"['reference_not_ranking', 'historical_competitors_not_rerun', 'system_resources_not_exclusive']"
conv2d_bias,cova_serial_cpu,default,same_process,observed,0.10927591798827052,conv2d_bias,275b9806d38b1fd8119ee27bbc86fe06cc1e39a5,6,3,c47a0f873d63acc5fa1d36e1061d8e90bf59c5186703fc221aaf46384c6dbae8,3652f4ad2c784bef2f715b7aa13d7e3a9d461dbdbed77498119dc3c0f00cc660,['cpu'],"['reference_not_ranking', 'historical_competitors_not_rerun', 'system_resources_not_exclusive']"
conv2d_bias,cova_openmp_cpu,default,initialization,observed,4.098704279051162,conv2d_bias,275b9806d38b1fd8119ee27bbc86fe06cc1e39a5,1,1,c47a0f873d63acc5fa1d36e1061d8e90bf59c5186703fc221aaf46384c6dbae8,3652f4ad2c784bef2f715b7aa13d7e3a9d461dbdbed77498119dc3c0f00cc660,['cpu'],"['reference_not_ranking', 'historical_competitors_not_rerun', 'system_resources_not_exclusive']"
conv2d_bias,cova_openmp_cpu,default,fresh_process,observed,0.1075973219703883,conv2d_bias,275b9806d38b1fd8119ee27bbc86fe06cc1e39a5,2,2,c47a0f873d63acc5fa1d36e1061d8e90bf59c5186703fc221aaf46384c6dbae8,3652f4ad2c784bef2f715b7aa13d7e3a9d461dbdbed77498119dc3c0f00cc660,['cpu'],"['reference_not_ranking', 'historical_competitors_not_rerun', 'system_resources_not_exclusive']"
conv2d_bias,cova_openmp_cpu,default,same_process,observed,0.10228027449920774,conv2d_bias,275b9806d38b1fd8119ee27bbc86fe06cc1e39a5,6,3,c47a0f873d63acc5fa1d36e1061d8e90bf59c5186703fc221aaf46384c6dbae8,3652f4ad2c784bef2f715b7aa13d7e3a9d461dbdbed77498119dc3c0f00cc660,['cpu'],"['reference_not_ranking', 'historical_competitors_not_rerun', 'system_resources_not_exclusive']"
conv2d_bias,cova_llvm_cpu_serial,default,initialization,observed,2.3179763050284237,conv2d_bias,275b9806d38b1fd8119ee27bbc86fe06cc1e39a5,1,1,c47a0f873d63acc5fa1d36e1061d8e90bf59c5186703fc221aaf46384c6dbae8,3652f4ad2c784bef2f715b7aa13d7e3a9d461dbdbed77498119dc3c0f00cc660,['cpu'],"['reference_not_ranking', 'historical_competitors_not_rerun', 'system_resources_not_exclusive']"
conv2d_bias,cova_llvm_cpu_serial,default,fresh_process,observed,0.23853110102936625,conv2d_bias,275b9806d38b1fd8119ee27bbc86fe06cc1e39a5,2,2,c47a0f873d63acc5fa1d36e1061d8e90bf59c5186703fc221aaf46384c6dbae8,3652f4ad2c784bef2f715b7aa13d7e3a9d461dbdbed77498119dc3c0f00cc660,['cpu'],"['reference_not_ranking', 'historical_competitors_not_rerun', 'system_resources_not_exclusive']"
conv2d_bias,cova_llvm_cpu_serial,default,same_process,observed,0.29247075255261734,conv2d_bias,275b9806d38b1fd8119ee27bbc86fe06cc1e39a5,6,3,c47a0f873d63acc5fa1d36e1061d8e90bf59c5186703fc221aaf46384c6dbae8,3652f4ad2c784bef2f715b7aa13d7e3a9d461dbdbed77498119dc3c0f00cc660,['cpu'],"['reference_not_ranking', 'historical_competitors_not_rerun', 'system_resources_not_exclusive']"
conv2d_bias,cova_llvm_cpu,default,initialization,observed,2.233376045944169,conv2d_bias,275b9806d38b1fd8119ee27bbc86fe06cc1e39a5,1,1,c47a0f873d63acc5fa1d36e1061d8e90bf59c5186703fc221aaf46384c6dbae8,3652f4ad2c784bef2f715b7aa13d7e3a9d461dbdbed77498119dc3c0f00cc660,['cpu'],"['reference_not_ranking', 'historical_competitors_not_rerun', 'system_resources_not_exclusive']"
conv2d_bias,cova_llvm_cpu,default,fresh_process,observed,0.23228905152063817,conv2d_bias,275b9806d38b1fd8119ee27bbc86fe06cc1e39a5,2,2,c47a0f873d63acc5fa1d36e1061d8e90bf59c5186703fc221aaf46384c6dbae8,3652f4ad2c784bef2f715b7aa13d7e3a9d461dbdbed77498119dc3c0f00cc660,['cpu'],"['reference_not_ranking', 'historical_competitors_not_rerun', 'system_resources_not_exclusive']"
conv2d_bias,cova_llvm_cpu,default,same_process,observed,0.291500277526211,conv2d_bias,275b9806d38b1fd8119ee27bbc86fe06cc1e39a5,6,3,c47a0f873d63acc5fa1d36e1061d8e90bf59c5186703fc221aaf46384c6dbae8,3652f4ad2c784bef2f715b7aa13d7e3a9d461dbdbed77498119dc3c0f00cc660,['cpu'],"['reference_not_ranking', 'historical_competitors_not_rerun', 'system_resources_not_exclusive']"
conv2d_bias,cova_openmp_gpu,default,initialization,observed,7.072776385000907,conv2d_bias,275b9806d38b1fd8119ee27bbc86fe06cc1e39a5,1,1,c47a0f873d63acc5fa1d36e1061d8e90bf59c5186703fc221aaf46384c6dbae8,3652f4ad2c784bef2f715b7aa13d7e3a9d461dbdbed77498119dc3c0f00cc660,['gpu'],"['reference_not_ranking', 'historical_competitors_not_rerun', 'system_resources_not_exclusive', 'gpu_placement_metadata_only']"
conv2d_bias,cova_openmp_gpu,default,fresh_process,observed,0.28782747499644756,conv2d_bias,275b9806d38b1fd8119ee27bbc86fe06cc1e39a5,2,2,c47a0f873d63acc5fa1d36e1061d8e90bf59c5186703fc221aaf46384c6dbae8,3652f4ad2c784bef2f715b7aa13d7e3a9d461dbdbed77498119dc3c0f00cc660,['gpu'],"['reference_not_ranking', 'historical_competitors_not_rerun', 'system_resources_not_exclusive', 'gpu_placement_metadata_only']"
conv2d_bias,cova_openmp_gpu,default,same_process,observed,0.039701227040495723,conv2d_bias,275b9806d38b1fd8119ee27bbc86fe06cc1e39a5,6,3,c47a0f873d63acc5fa1d36e1061d8e90bf59c5186703fc221aaf46384c6dbae8,3652f4ad2c784bef2f715b7aa13d7e3a9d461dbdbed77498119dc3c0f00cc660,['gpu'],"['reference_not_ranking', 'historical_competitors_not_rerun', 'system_resources_not_exclusive', 'gpu_placement_metadata_only']"
conv2d_bias,cova_llvm_gpu,default,initialization,observed,13.147994551924057,conv2d_bias,275b9806d38b1fd8119ee27bbc86fe06cc1e39a5,1,1,c47a0f873d63acc5fa1d36e1061d8e90bf59c5186703fc221aaf46384c6dbae8,3652f4ad2c784bef2f715b7aa13d7e3a9d461dbdbed77498119dc3c0f00cc660,['mixed'],"['reference_not_ranking', 'historical_competitors_not_rerun', 'system_resources_not_exclusive', 'gpu_placement_metadata_only']"
conv2d_bias,cova_llvm_gpu,default,fresh_process,observed,7.411847977084108,conv2d_bias,275b9806d38b1fd8119ee27bbc86fe06cc1e39a5,2,2,c47a0f873d63acc5fa1d36e1061d8e90bf59c5186703fc221aaf46384c6dbae8,3652f4ad2c784bef2f715b7aa13d7e3a9d461dbdbed77498119dc3c0f00cc660,['mixed'],"['reference_not_ranking', 'historical_competitors_not_rerun', 'system_resources_not_exclusive', 'gpu_placement_metadata_only']"
conv2d_bias,cova_llvm_gpu,default,same_process,observed,7.15622996800812,conv2d_bias,275b9806d38b1fd8119ee27bbc86fe06cc1e39a5,6,3,c47a0f873d63acc5fa1d36e1061d8e90bf59c5186703fc221aaf46384c6dbae8,3652f4ad2c784bef2f715b7aa13d7e3a9d461dbdbed77498119dc3c0f00cc660,['mixed'],"['reference_not_ranking', 'historical_competitors_not_rerun', 'system_resources_not_exclusive', 'gpu_placement_metadata_only']"
correlation,cova_serial_cpu,default,initialization,observed,100.74152835202403,correlation,275b9806d38b1fd8119ee27bbc86fe06cc1e39a5,1,1,5bed53d94756b29d6c326b3510b9e7380e2b6d4931a68ec824535ca294b9c166,90af084039550dbfa1b2c0aafc8d4694c42209b191fd5b47f0314658efaf5513,['cpu'],"['reference_not_ranking', 'historical_competitors_not_rerun', 'system_resources_not_exclusive']"
correlation,cova_serial_cpu,default,fresh_process,observed,96.04750039550709,correlation,275b9806d38b1fd8119ee27bbc86fe06cc1e39a5,2,2,5bed53d94756b29d6c326b3510b9e7380e2b6d4931a68ec824535ca294b9c166,90af084039550dbfa1b2c0aafc8d4694c42209b191fd5b47f0314658efaf5513,['cpu'],"['reference_not_ranking', 'historical_competitors_not_rerun', 'system_resources_not_exclusive']"
correlation,cova_serial_cpu,default,same_process,observed,89.86055665649474,correlation,275b9806d38b1fd8119ee27bbc86fe06cc1e39a5,6,3,5bed53d94756b29d6c326b3510b9e7380e2b6d4931a68ec824535ca294b9c166,90af084039550dbfa1b2c0aafc8d4694c42209b191fd5b47f0314658efaf5513,['cpu'],"['reference_not_ranking', 'historical_competitors_not_rerun', 'system_resources_not_exclusive']"
correlation,cova_openmp_cpu,default,initialization,observed,61.633782572927885,correlation,275b9806d38b1fd8119ee27bbc86fe06cc1e39a5,1,1,5bed53d94756b29d6c326b3510b9e7380e2b6d4931a68ec824535ca294b9c166,90af084039550dbfa1b2c0aafc8d4694c42209b191fd5b47f0314658efaf5513,['cpu'],"['reference_not_ranking', 'historical_competitors_not_rerun', 'system_resources_not_exclusive']"
correlation,cova_openmp_cpu,default,fresh_process,observed,62.80262443248648,correlation,275b9806d38b1fd8119ee27bbc86fe06cc1e39a5,2,2,5bed53d94756b29d6c326b3510b9e7380e2b6d4931a68ec824535ca294b9c166,90af084039550dbfa1b2c0aafc8d4694c42209b191fd5b47f0314658efaf5513,['cpu'],"['reference_not_ranking', 'historical_competitors_not_rerun', 'system_resources_not_exclusive']"
correlation,cova_openmp_cpu,default,same_process,observed,58.42979008652037,correlation,275b9806d38b1fd8119ee27bbc86fe06cc1e39a5,6,3,5bed53d94756b29d6c326b3510b9e7380e2b6d4931a68ec824535ca294b9c166,90af084039550dbfa1b2c0aafc8d4694c42209b191fd5b47f0314658efaf5513,['cpu'],"['reference_not_ranking', 'historical_competitors_not_rerun', 'system_resources_not_exclusive']"
correlation,cova_llvm_cpu_serial,default,initialization,observed,7.583606854081154,correlation,275b9806d38b1fd8119ee27bbc86fe06cc1e39a5,1,1,5bed53d94756b29d6c326b3510b9e7380e2b6d4931a68ec824535ca294b9c166,90af084039550dbfa1b2c0aafc8d4694c42209b191fd5b47f0314658efaf5513,['cpu'],"['reference_not_ranking', 'historical_competitors_not_rerun', 'system_resources_not_exclusive']"
correlation,cova_llvm_cpu_serial,default,fresh_process,observed,3.1457850695587695,correlation,275b9806d38b1fd8119ee27bbc86fe06cc1e39a5,2,2,5bed53d94756b29d6c326b3510b9e7380e2b6d4931a68ec824535ca294b9c166,90af084039550dbfa1b2c0aafc8d4694c42209b191fd5b47f0314658efaf5513,['cpu'],"['reference_not_ranking', 'historical_competitors_not_rerun', 'system_resources_not_exclusive']"
correlation,cova_llvm_cpu_serial,default,same_process,observed,3.0195021830149926,correlation,275b9806d38b1fd8119ee27bbc86fe06cc1e39a5,6,3,5bed53d94756b29d6c326b3510b9e7380e2b6d4931a68ec824535ca294b9c166,90af084039550dbfa1b2c0aafc8d4694c42209b191fd5b47f0314658efaf5513,['cpu'],"['reference_not_ranking', 'historical_competitors_not_rerun', 'system_resources_not_exclusive']"
correlation,cova_llvm_cpu,default,initialization,observed,9.590103138005361,correlation,275b9806d38b1fd8119ee27bbc86fe06cc1e39a5,1,1,5bed53d94756b29d6c326b3510b9e7380e2b6d4931a68ec824535ca294b9c166,90af084039550dbfa1b2c0aafc8d4694c42209b191fd5b47f0314658efaf5513,['cpu'],"['reference_not_ranking', 'historical_competitors_not_rerun', 'system_resources_not_exclusive']"
correlation,cova_llvm_cpu,default,fresh_process,observed,3.5408715860103257,correlation,275b9806d38b1fd8119ee27bbc86fe06cc1e39a5,2,2,5bed53d94756b29d6c326b3510b9e7380e2b6d4931a68ec824535ca294b9c166,90af084039550dbfa1b2c0aafc8d4694c42209b191fd5b47f0314658efaf5513,['cpu'],"['reference_not_ranking', 'historical_competitors_not_rerun', 'system_resources_not_exclusive']"
correlation,cova_llvm_cpu,default,same_process,observed,2.9559844449395314,correlation,275b9806d38b1fd8119ee27bbc86fe06cc1e39a5,6,3,5bed53d94756b29d6c326b3510b9e7380e2b6d4931a68ec824535ca294b9c166,90af084039550dbfa1b2c0aafc8d4694c42209b191fd5b47f0314658efaf5513,['cpu'],"['reference_not_ranking', 'historical_competitors_not_rerun', 'system_resources_not_exclusive']"
correlation,cova_openmp_gpu,default,initialization,observed,97.89774563303217,correlation,275b9806d38b1fd8119ee27bbc86fe06cc1e39a5,1,1,5bed53d94756b29d6c326b3510b9e7380e2b6d4931a68ec824535ca294b9c166,90af084039550dbfa1b2c0aafc8d4694c42209b191fd5b47f0314658efaf5513,['cpu'],"['reference_not_ranking', 'historical_competitors_not_rerun', 'system_resources_not_exclusive', 'gpu_placement_metadata_only']"
correlation,cova_openmp_gpu,default,fresh_process,observed,92.16363431495847,correlation,275b9806d38b1fd8119ee27bbc86fe06cc1e39a5,2,2,5bed53d94756b29d6c326b3510b9e7380e2b6d4931a68ec824535ca294b9c166,90af084039550dbfa1b2c0aafc8d4694c42209b191fd5b47f0314658efaf5513,['cpu'],"['reference_not_ranking', 'historical_competitors_not_rerun', 'system_resources_not_exclusive', 'gpu_placement_metadata_only']"
correlation,cova_openmp_gpu,default,same_process,observed,91.91686941252556,correlation,275b9806d38b1fd8119ee27bbc86fe06cc1e39a5,6,3,5bed53d94756b29d6c326b3510b9e7380e2b6d4931a68ec824535ca294b9c166,90af084039550dbfa1b2c0aafc8d4694c42209b191fd5b47f0314658efaf5513,['cpu'],"['reference_not_ranking', 'historical_competitors_not_rerun', 'system_resources_not_exclusive', 'gpu_placement_metadata_only']"
correlation,cova_llvm_gpu,default,initialization,observed,13.440917755942792,correlation,275b9806d38b1fd8119ee27bbc86fe06cc1e39a5,1,1,5bed53d94756b29d6c326b3510b9e7380e2b6d4931a68ec824535ca294b9c166,90af084039550dbfa1b2c0aafc8d4694c42209b191fd5b47f0314658efaf5513,['mixed'],"['reference_not_ranking', 'historical_competitors_not_rerun', 'system_resources_not_exclusive', 'gpu_placement_metadata_only']"
correlation,cova_llvm_gpu,default,fresh_process,observed,8.108421479002573,correlation,275b9806d38b1fd8119ee27bbc86fe06cc1e39a5,2,2,5bed53d94756b29d6c326b3510b9e7380e2b6d4931a68ec824535ca294b9c166,90af084039550dbfa1b2c0aafc8d4694c42209b191fd5b47f0314658efaf5513,['mixed'],"['reference_not_ranking', 'historical_competitors_not_rerun', 'system_resources_not_exclusive', 'gpu_placement_metadata_only']"
correlation,cova_llvm_gpu,default,same_process,observed,7.961087313015014,correlation,275b9806d38b1fd8119ee27bbc86fe06cc1e39a5,6,3,5bed53d94756b29d6c326b3510b9e7380e2b6d4931a68ec824535ca294b9c166,90af084039550dbfa1b2c0aafc8d4694c42209b191fd5b47f0314658efaf5513,['mixed'],"['reference_not_ranking', 'historical_competitors_not_rerun', 'system_resources_not_exclusive', 'gpu_placement_metadata_only']"
covariance,cova_serial_cpu,default,initialization,observed,93.67030985699967,covariance,275b9806d38b1fd8119ee27bbc86fe06cc1e39a5,1,1,58b3a80d268ca9926b9a85556fa505122524ca4c66cc443c90a1e88c8ffec02f,af17a377caed2a970d699d0afa2fcc0382f2e0ec47bdab98c00e9bb2f70fcc48,['cpu'],"['reference_not_ranking', 'historical_competitors_not_rerun', 'system_resources_not_exclusive']"
covariance,cova_serial_cpu,default,fresh_process,observed,92.70451686100569,covariance,275b9806d38b1fd8119ee27bbc86fe06cc1e39a5,2,2,58b3a80d268ca9926b9a85556fa505122524ca4c66cc443c90a1e88c8ffec02f,af17a377caed2a970d699d0afa2fcc0382f2e0ec47bdab98c00e9bb2f70fcc48,['cpu'],"['reference_not_ranking', 'historical_competitors_not_rerun', 'system_resources_not_exclusive']"
covariance,cova_serial_cpu,default,same_process,observed,90.37722523947014,covariance,275b9806d38b1fd8119ee27bbc86fe06cc1e39a5,6,3,58b3a80d268ca9926b9a85556fa505122524ca4c66cc443c90a1e88c8ffec02f,af17a377caed2a970d699d0afa2fcc0382f2e0ec47bdab98c00e9bb2f70fcc48,['cpu'],"['reference_not_ranking', 'historical_competitors_not_rerun', 'system_resources_not_exclusive']"
covariance,cova_openmp_cpu,default,initialization,observed,68.29201575601473,covariance,275b9806d38b1fd8119ee27bbc86fe06cc1e39a5,1,1,58b3a80d268ca9926b9a85556fa505122524ca4c66cc443c90a1e88c8ffec02f,af17a377caed2a970d699d0afa2fcc0382f2e0ec47bdab98c00e9bb2f70fcc48,['cpu'],"['reference_not_ranking', 'historical_competitors_not_rerun', 'system_resources_not_exclusive']"
covariance,cova_openmp_cpu,default,fresh_process,observed,64.03844795847544,covariance,275b9806d38b1fd8119ee27bbc86fe06cc1e39a5,2,2,58b3a80d268ca9926b9a85556fa505122524ca4c66cc443c90a1e88c8ffec02f,af17a377caed2a970d699d0afa2fcc0382f2e0ec47bdab98c00e9bb2f70fcc48,['cpu'],"['reference_not_ranking', 'historical_competitors_not_rerun', 'system_resources_not_exclusive']"
covariance,cova_openmp_cpu,default,same_process,observed,70.9199052855256,covariance,275b9806d38b1fd8119ee27bbc86fe06cc1e39a5,6,3,58b3a80d268ca9926b9a85556fa505122524ca4c66cc443c90a1e88c8ffec02f,af17a377caed2a970d699d0afa2fcc0382f2e0ec47bdab98c00e9bb2f70fcc48,['cpu'],"['reference_not_ranking', 'historical_competitors_not_rerun', 'system_resources_not_exclusive']"
covariance,cova_llvm_cpu_serial,default,initialization,observed,6.60432371601928,covariance,275b9806d38b1fd8119ee27bbc86fe06cc1e39a5,1,1,58b3a80d268ca9926b9a85556fa505122524ca4c66cc443c90a1e88c8ffec02f,af17a377caed2a970d699d0afa2fcc0382f2e0ec47bdab98c00e9bb2f70fcc48,['cpu'],"['reference_not_ranking', 'historical_competitors_not_rerun', 'system_resources_not_exclusive']"
covariance,cova_llvm_cpu_serial,default,fresh_process,observed,2.803173923981376,covariance,275b9806d38b1fd8119ee27bbc86fe06cc1e39a5,2,2,58b3a80d268ca9926b9a85556fa505122524ca4c66cc443c90a1e88c8ffec02f,af17a377caed2a970d699d0afa2fcc0382f2e0ec47bdab98c00e9bb2f70fcc48,['cpu'],"['reference_not_ranking', 'historical_competitors_not_rerun', 'system_resources_not_exclusive']"
covariance,cova_llvm_cpu_serial,default,same_process,observed,2.7390452419640496,covariance,275b9806d38b1fd8119ee27bbc86fe06cc1e39a5,6,3,58b3a80d268ca9926b9a85556fa505122524ca4c66cc443c90a1e88c8ffec02f,af17a377caed2a970d699d0afa2fcc0382f2e0ec47bdab98c00e9bb2f70fcc48,['cpu'],"['reference_not_ranking', 'historical_competitors_not_rerun', 'system_resources_not_exclusive']"
covariance,cova_llvm_cpu,default,initialization,observed,9.543658551992849,covariance,275b9806d38b1fd8119ee27bbc86fe06cc1e39a5,1,1,58b3a80d268ca9926b9a85556fa505122524ca4c66cc443c90a1e88c8ffec02f,af17a377caed2a970d699d0afa2fcc0382f2e0ec47bdab98c00e9bb2f70fcc48,['cpu'],"['reference_not_ranking', 'historical_competitors_not_rerun', 'system_resources_not_exclusive']"
covariance,cova_llvm_cpu,default,fresh_process,observed,3.2657864209613763,covariance,275b9806d38b1fd8119ee27bbc86fe06cc1e39a5,2,2,58b3a80d268ca9926b9a85556fa505122524ca4c66cc443c90a1e88c8ffec02f,af17a377caed2a970d699d0afa2fcc0382f2e0ec47bdab98c00e9bb2f70fcc48,['cpu'],"['reference_not_ranking', 'historical_competitors_not_rerun', 'system_resources_not_exclusive']"
covariance,cova_llvm_cpu,default,same_process,observed,2.8062803080538288,covariance,275b9806d38b1fd8119ee27bbc86fe06cc1e39a5,6,3,58b3a80d268ca9926b9a85556fa505122524ca4c66cc443c90a1e88c8ffec02f,af17a377caed2a970d699d0afa2fcc0382f2e0ec47bdab98c00e9bb2f70fcc48,['cpu'],"['reference_not_ranking', 'historical_competitors_not_rerun', 'system_resources_not_exclusive']"
covariance,cova_openmp_gpu,default,initialization,observed,99.19859561196063,covariance,275b9806d38b1fd8119ee27bbc86fe06cc1e39a5,1,1,58b3a80d268ca9926b9a85556fa505122524ca4c66cc443c90a1e88c8ffec02f,af17a377caed2a970d699d0afa2fcc0382f2e0ec47bdab98c00e9bb2f70fcc48,['cpu'],"['reference_not_ranking', 'historical_competitors_not_rerun', 'system_resources_not_exclusive', 'gpu_placement_metadata_only']"
covariance,cova_openmp_gpu,default,fresh_process,observed,91.26066454098327,covariance,275b9806d38b1fd8119ee27bbc86fe06cc1e39a5,2,2,58b3a80d268ca9926b9a85556fa505122524ca4c66cc443c90a1e88c8ffec02f,af17a377caed2a970d699d0afa2fcc0382f2e0ec47bdab98c00e9bb2f70fcc48,['cpu'],"['reference_not_ranking', 'historical_competitors_not_rerun', 'system_resources_not_exclusive', 'gpu_placement_metadata_only']"
covariance,cova_openmp_gpu,default,same_process,observed,92.44790988101158,covariance,275b9806d38b1fd8119ee27bbc86fe06cc1e39a5,6,3,58b3a80d268ca9926b9a85556fa505122524ca4c66cc443c90a1e88c8ffec02f,af17a377caed2a970d699d0afa2fcc0382f2e0ec47bdab98c00e9bb2f70fcc48,['cpu'],"['reference_not_ranking', 'historical_competitors_not_rerun', 'system_resources_not_exclusive', 'gpu_placement_metadata_only']"
covariance,cova_llvm_gpu,default,initialization,observed,12.523600485990755,covariance,275b9806d38b1fd8119ee27bbc86fe06cc1e39a5,1,1,58b3a80d268ca9926b9a85556fa505122524ca4c66cc443c90a1e88c8ffec02f,af17a377caed2a970d699d0afa2fcc0382f2e0ec47bdab98c00e9bb2f70fcc48,['mixed'],"['reference_not_ranking', 'historical_competitors_not_rerun', 'system_resources_not_exclusive', 'gpu_placement_metadata_only']"
covariance,cova_llvm_gpu,default,fresh_process,observed,7.604964526952244,covariance,275b9806d38b1fd8119ee27bbc86fe06cc1e39a5,2,2,58b3a80d268ca9926b9a85556fa505122524ca4c66cc443c90a1e88c8ffec02f,af17a377caed2a970d699d0afa2fcc0382f2e0ec47bdab98c00e9bb2f70fcc48,['mixed'],"['reference_not_ranking', 'historical_competitors_not_rerun', 'system_resources_not_exclusive', 'gpu_placement_metadata_only']"
covariance,cova_llvm_gpu,default,same_process,observed,7.1887826200108975,covariance,275b9806d38b1fd8119ee27bbc86fe06cc1e39a5,6,3,58b3a80d268ca9926b9a85556fa505122524ca4c66cc443c90a1e88c8ffec02f,af17a377caed2a970d699d0afa2fcc0382f2e0ec47bdab98c00e9bb2f70fcc48,['mixed'],"['reference_not_ranking', 'historical_competitors_not_rerun', 'system_resources_not_exclusive', 'gpu_placement_metadata_only']"
covariance2,cova_serial_cpu,default,initialization,observed,29.93207152595278,covariance2,275b9806d38b1fd8119ee27bbc86fe06cc1e39a5,1,1,b81db17e032d058c24615c34bdcb3c48ed5a23e6cf458082da80be982f4559fa,e1424bc66fff5f5bb8acd9b4f317faa2af4ea1da59094eb63d32d82413d01c9b,['cpu'],"['reference_not_ranking', 'historical_competitors_not_rerun', 'system_resources_not_exclusive']"
covariance2,cova_serial_cpu,default,fresh_process,observed,26.818595605553128,covariance2,275b9806d38b1fd8119ee27bbc86fe06cc1e39a5,2,2,b81db17e032d058c24615c34bdcb3c48ed5a23e6cf458082da80be982f4559fa,e1424bc66fff5f5bb8acd9b4f317faa2af4ea1da59094eb63d32d82413d01c9b,['cpu'],"['reference_not_ranking', 'historical_competitors_not_rerun', 'system_resources_not_exclusive']"
covariance2,cova_serial_cpu,default,same_process,observed,26.57994015805889,covariance2,275b9806d38b1fd8119ee27bbc86fe06cc1e39a5,6,3,b81db17e032d058c24615c34bdcb3c48ed5a23e6cf458082da80be982f4559fa,e1424bc66fff5f5bb8acd9b4f317faa2af4ea1da59094eb63d32d82413d01c9b,['cpu'],"['reference_not_ranking', 'historical_competitors_not_rerun', 'system_resources_not_exclusive']"
covariance2,cova_openmp_cpu,default,initialization,observed,6.55046046199277,covariance2,275b9806d38b1fd8119ee27bbc86fe06cc1e39a5,1,1,b81db17e032d058c24615c34bdcb3c48ed5a23e6cf458082da80be982f4559fa,e1424bc66fff5f5bb8acd9b4f317faa2af4ea1da59094eb63d32d82413d01c9b,['cpu'],"['reference_not_ranking', 'historical_competitors_not_rerun', 'system_resources_not_exclusive']"
covariance2,cova_openmp_cpu,default,fresh_process,observed,3.978150704468135,covariance2,275b9806d38b1fd8119ee27bbc86fe06cc1e39a5,2,2,b81db17e032d058c24615c34bdcb3c48ed5a23e6cf458082da80be982f4559fa,e1424bc66fff5f5bb8acd9b4f317faa2af4ea1da59094eb63d32d82413d01c9b,['cpu'],"['reference_not_ranking', 'historical_competitors_not_rerun', 'system_resources_not_exclusive']"
covariance2,cova_openmp_cpu,default,same_process,observed,3.6891961969668046,covariance2,275b9806d38b1fd8119ee27bbc86fe06cc1e39a5,6,3,b81db17e032d058c24615c34bdcb3c48ed5a23e6cf458082da80be982f4559fa,e1424bc66fff5f5bb8acd9b4f317faa2af4ea1da59094eb63d32d82413d01c9b,['cpu'],"['reference_not_ranking', 'historical_competitors_not_rerun', 'system_resources_not_exclusive']"
covariance2,cova_llvm_cpu_serial,default,initialization,observed,4.818784842034802,covariance2,275b9806d38b1fd8119ee27bbc86fe06cc1e39a5,1,1,b81db17e032d058c24615c34bdcb3c48ed5a23e6cf458082da80be982f4559fa,e1424bc66fff5f5bb8acd9b4f317faa2af4ea1da59094eb63d32d82413d01c9b,['cpu'],"['reference_not_ranking', 'historical_competitors_not_rerun', 'system_resources_not_exclusive']"
covariance2,cova_llvm_cpu_serial,default,fresh_process,observed,0.7197318894905038,covariance2,275b9806d38b1fd8119ee27bbc86fe06cc1e39a5,2,2,b81db17e032d058c24615c34bdcb3c48ed5a23e6cf458082da80be982f4559fa,e1424bc66fff5f5bb8acd9b4f317faa2af4ea1da59094eb63d32d82413d01c9b,['cpu'],"['reference_not_ranking', 'historical_competitors_not_rerun', 'system_resources_not_exclusive']"
covariance2,cova_llvm_cpu_serial,default,same_process,observed,0.7924508389551193,covariance2,275b9806d38b1fd8119ee27bbc86fe06cc1e39a5,6,3,b81db17e032d058c24615c34bdcb3c48ed5a23e6cf458082da80be982f4559fa,e1424bc66fff5f5bb8acd9b4f317faa2af4ea1da59094eb63d32d82413d01c9b,['cpu'],"['reference_not_ranking', 'historical_competitors_not_rerun', 'system_resources_not_exclusive']"
covariance2,cova_llvm_cpu,default,initialization,observed,6.644323152024299,covariance2,275b9806d38b1fd8119ee27bbc86fe06cc1e39a5,1,1,b81db17e032d058c24615c34bdcb3c48ed5a23e6cf458082da80be982f4559fa,e1424bc66fff5f5bb8acd9b4f317faa2af4ea1da59094eb63d32d82413d01c9b,['cpu'],"['reference_not_ranking', 'historical_competitors_not_rerun', 'system_resources_not_exclusive']"
covariance2,cova_llvm_cpu,default,fresh_process,observed,0.9511739850277081,covariance2,275b9806d38b1fd8119ee27bbc86fe06cc1e39a5,2,2,b81db17e032d058c24615c34bdcb3c48ed5a23e6cf458082da80be982f4559fa,e1424bc66fff5f5bb8acd9b4f317faa2af4ea1da59094eb63d32d82413d01c9b,['cpu'],"['reference_not_ranking', 'historical_competitors_not_rerun', 'system_resources_not_exclusive']"
covariance2,cova_llvm_cpu,default,same_process,observed,0.8160498250508681,covariance2,275b9806d38b1fd8119ee27bbc86fe06cc1e39a5,6,3,b81db17e032d058c24615c34bdcb3c48ed5a23e6cf458082da80be982f4559fa,e1424bc66fff5f5bb8acd9b4f317faa2af4ea1da59094eb63d32d82413d01c9b,['cpu'],"['reference_not_ranking', 'historical_competitors_not_rerun', 'system_resources_not_exclusive']"
covariance2,cova_openmp_gpu,default,initialization,observed,7.976550529943779,covariance2,275b9806d38b1fd8119ee27bbc86fe06cc1e39a5,1,1,b81db17e032d058c24615c34bdcb3c48ed5a23e6cf458082da80be982f4559fa,e1424bc66fff5f5bb8acd9b4f317faa2af4ea1da59094eb63d32d82413d01c9b,['gpu'],"['reference_not_ranking', 'historical_competitors_not_rerun', 'system_resources_not_exclusive', 'gpu_placement_metadata_only']"
covariance2,cova_openmp_gpu,default,fresh_process,observed,1.5947428970248438,covariance2,275b9806d38b1fd8119ee27bbc86fe06cc1e39a5,2,2,b81db17e032d058c24615c34bdcb3c48ed5a23e6cf458082da80be982f4559fa,e1424bc66fff5f5bb8acd9b4f317faa2af4ea1da59094eb63d32d82413d01c9b,['gpu'],"['reference_not_ranking', 'historical_competitors_not_rerun', 'system_resources_not_exclusive', 'gpu_placement_metadata_only']"
covariance2,cova_openmp_gpu,default,same_process,observed,1.167543707008008,covariance2,275b9806d38b1fd8119ee27bbc86fe06cc1e39a5,6,3,b81db17e032d058c24615c34bdcb3c48ed5a23e6cf458082da80be982f4559fa,e1424bc66fff5f5bb8acd9b4f317faa2af4ea1da59094eb63d32d82413d01c9b,['gpu'],"['reference_not_ranking', 'historical_competitors_not_rerun', 'system_resources_not_exclusive', 'gpu_placement_metadata_only']"
covariance2,cova_llvm_gpu,default,initialization,observed,6.808449854957871,covariance2,275b9806d38b1fd8119ee27bbc86fe06cc1e39a5,1,1,b81db17e032d058c24615c34bdcb3c48ed5a23e6cf458082da80be982f4559fa,e1424bc66fff5f5bb8acd9b4f317faa2af4ea1da59094eb63d32d82413d01c9b,['gpu'],"['reference_not_ranking', 'historical_competitors_not_rerun', 'system_resources_not_exclusive', 'gpu_placement_metadata_only']"
covariance2,cova_llvm_gpu,default,fresh_process,observed,0.7743772940011695,covariance2,275b9806d38b1fd8119ee27bbc86fe06cc1e39a5,2,2,b81db17e032d058c24615c34bdcb3c48ed5a23e6cf458082da80be982f4559fa,e1424bc66fff5f5bb8acd9b4f317faa2af4ea1da59094eb63d32d82413d01c9b,['gpu'],"['reference_not_ranking', 'historical_competitors_not_rerun', 'system_resources_not_exclusive', 'gpu_placement_metadata_only']"
covariance2,cova_llvm_gpu,default,same_process,observed,0.29840270103886724,covariance2,275b9806d38b1fd8119ee27bbc86fe06cc1e39a5,6,3,b81db17e032d058c24615c34bdcb3c48ed5a23e6cf458082da80be982f4559fa,e1424bc66fff5f5bb8acd9b4f317faa2af4ea1da59094eb63d32d82413d01c9b,['gpu'],"['reference_not_ranking', 'historical_competitors_not_rerun', 'system_resources_not_exclusive', 'gpu_placement_metadata_only']"
crc16,cova_serial_cpu,default,initialization,observed,1.9334503959398717,crc16,275b9806d38b1fd8119ee27bbc86fe06cc1e39a5,1,1,a7203e25a233dc7df7310c8693f87c1b6b61fb79f1dbf0005a64f986bb9b4471,f5e374255acb40d3b61ef049439a216956523578089519cdbac1c787454c279b,['cpu'],"['reference_not_ranking', 'historical_competitors_not_rerun', 'system_resources_not_exclusive']"
crc16,cova_serial_cpu,default,fresh_process,observed,0.024015887989662588,crc16,275b9806d38b1fd8119ee27bbc86fe06cc1e39a5,2,2,a7203e25a233dc7df7310c8693f87c1b6b61fb79f1dbf0005a64f986bb9b4471,f5e374255acb40d3b61ef049439a216956523578089519cdbac1c787454c279b,['cpu'],"['reference_not_ranking', 'historical_competitors_not_rerun', 'system_resources_not_exclusive']"
crc16,cova_serial_cpu,default,same_process,observed,0.01781008648686111,crc16,275b9806d38b1fd8119ee27bbc86fe06cc1e39a5,6,3,a7203e25a233dc7df7310c8693f87c1b6b61fb79f1dbf0005a64f986bb9b4471,f5e374255acb40d3b61ef049439a216956523578089519cdbac1c787454c279b,['cpu'],"['reference_not_ranking', 'historical_competitors_not_rerun', 'system_resources_not_exclusive']"
crc16,cova_openmp_cpu,default,initialization,observed,2.2842899699462578,crc16,275b9806d38b1fd8119ee27bbc86fe06cc1e39a5,1,1,a7203e25a233dc7df7310c8693f87c1b6b61fb79f1dbf0005a64f986bb9b4471,f5e374255acb40d3b61ef049439a216956523578089519cdbac1c787454c279b,['cpu'],"['reference_not_ranking', 'historical_competitors_not_rerun', 'system_resources_not_exclusive']"
crc16,cova_openmp_cpu,default,fresh_process,observed,0.02405640296638012,crc16,275b9806d38b1fd8119ee27bbc86fe06cc1e39a5,2,2,a7203e25a233dc7df7310c8693f87c1b6b61fb79f1dbf0005a64f986bb9b4471,f5e374255acb40d3b61ef049439a216956523578089519cdbac1c787454c279b,['cpu'],"['reference_not_ranking', 'historical_competitors_not_rerun', 'system_resources_not_exclusive']"
crc16,cova_openmp_cpu,default,same_process,observed,0.021298433479387313,crc16,275b9806d38b1fd8119ee27bbc86fe06cc1e39a5,6,3,a7203e25a233dc7df7310c8693f87c1b6b61fb79f1dbf0005a64f986bb9b4471,f5e374255acb40d3b61ef049439a216956523578089519cdbac1c787454c279b,['cpu'],"['reference_not_ranking', 'historical_competitors_not_rerun', 'system_resources_not_exclusive']"
crc16,cova_llvm_cpu_serial,default,initialization,observed,1.41613928694278,crc16,275b9806d38b1fd8119ee27bbc86fe06cc1e39a5,1,1,a7203e25a233dc7df7310c8693f87c1b6b61fb79f1dbf0005a64f986bb9b4471,f5e374255acb40d3b61ef049439a216956523578089519cdbac1c787454c279b,['cpu'],"['reference_not_ranking', 'historical_competitors_not_rerun', 'system_resources_not_exclusive']"
crc16,cova_llvm_cpu_serial,default,fresh_process,observed,0.028224954032339156,crc16,275b9806d38b1fd8119ee27bbc86fe06cc1e39a5,2,2,a7203e25a233dc7df7310c8693f87c1b6b61fb79f1dbf0005a64f986bb9b4471,f5e374255acb40d3b61ef049439a216956523578089519cdbac1c787454c279b,['cpu'],"['reference_not_ranking', 'historical_competitors_not_rerun', 'system_resources_not_exclusive']"
crc16,cova_llvm_cpu_serial,default,same_process,observed,0.02180510404286906,crc16,275b9806d38b1fd8119ee27bbc86fe06cc1e39a5,6,3,a7203e25a233dc7df7310c8693f87c1b6b61fb79f1dbf0005a64f986bb9b4471,f5e374255acb40d3b61ef049439a216956523578089519cdbac1c787454c279b,['cpu'],"['reference_not_ranking', 'historical_competitors_not_rerun', 'system_resources_not_exclusive']"
crc16,cova_llvm_cpu,default,initialization,observed,1.6893804729916155,crc16,275b9806d38b1fd8119ee27bbc86fe06cc1e39a5,1,1,a7203e25a233dc7df7310c8693f87c1b6b61fb79f1dbf0005a64f986bb9b4471,f5e374255acb40d3b61ef049439a216956523578089519cdbac1c787454c279b,['cpu'],"['reference_not_ranking', 'historical_competitors_not_rerun', 'system_resources_not_exclusive']"
crc16,cova_llvm_cpu,default,fresh_process,observed,0.022389804536942393,crc16,275b9806d38b1fd8119ee27bbc86fe06cc1e39a5,2,2,a7203e25a233dc7df7310c8693f87c1b6b61fb79f1dbf0005a64f986bb9b4471,f5e374255acb40d3b61ef049439a216956523578089519cdbac1c787454c279b,['cpu'],"['reference_not_ranking', 'historical_competitors_not_rerun', 'system_resources_not_exclusive']"
crc16,cova_llvm_cpu,default,same_process,observed,0.022160551510751247,crc16,275b9806d38b1fd8119ee27bbc86fe06cc1e39a5,6,3,a7203e25a233dc7df7310c8693f87c1b6b61fb79f1dbf0005a64f986bb9b4471,f5e374255acb40d3b61ef049439a216956523578089519cdbac1c787454c279b,['cpu'],"['reference_not_ranking', 'historical_competitors_not_rerun', 'system_resources_not_exclusive']"
crc16,cova_openmp_gpu,default,initialization,observed,4.9772318720351905,crc16,275b9806d38b1fd8119ee27bbc86fe06cc1e39a5,1,1,a7203e25a233dc7df7310c8693f87c1b6b61fb79f1dbf0005a64f986bb9b4471,f5e374255acb40d3b61ef049439a216956523578089519cdbac1c787454c279b,['gpu'],"['reference_not_ranking', 'historical_competitors_not_rerun', 'system_resources_not_exclusive', 'gpu_placement_metadata_only']"
crc16,cova_openmp_gpu,default,fresh_process,observed,0.3878867590101436,crc16,275b9806d38b1fd8119ee27bbc86fe06cc1e39a5,2,2,a7203e25a233dc7df7310c8693f87c1b6b61fb79f1dbf0005a64f986bb9b4471,f5e374255acb40d3b61ef049439a216956523578089519cdbac1c787454c279b,['gpu'],"['reference_not_ranking', 'historical_competitors_not_rerun', 'system_resources_not_exclusive', 'gpu_placement_metadata_only']"
crc16,cova_openmp_gpu,default,same_process,observed,0.06210457149427384,crc16,275b9806d38b1fd8119ee27bbc86fe06cc1e39a5,6,3,a7203e25a233dc7df7310c8693f87c1b6b61fb79f1dbf0005a64f986bb9b4471,f5e374255acb40d3b61ef049439a216956523578089519cdbac1c787454c279b,['gpu'],"['reference_not_ranking', 'historical_competitors_not_rerun', 'system_resources_not_exclusive', 'gpu_placement_metadata_only']"
crc16,cova_llvm_gpu,default,initialization,observed,4.338626589043997,crc16,275b9806d38b1fd8119ee27bbc86fe06cc1e39a5,1,1,a7203e25a233dc7df7310c8693f87c1b6b61fb79f1dbf0005a64f986bb9b4471,f5e374255acb40d3b61ef049439a216956523578089519cdbac1c787454c279b,['gpu'],"['reference_not_ranking', 'historical_competitors_not_rerun', 'system_resources_not_exclusive', 'gpu_placement_metadata_only']"
crc16,cova_llvm_gpu,default,fresh_process,observed,0.3792338889907114,crc16,275b9806d38b1fd8119ee27bbc86fe06cc1e39a5,2,2,a7203e25a233dc7df7310c8693f87c1b6b61fb79f1dbf0005a64f986bb9b4471,f5e374255acb40d3b61ef049439a216956523578089519cdbac1c787454c279b,['gpu'],"['reference_not_ranking', 'historical_competitors_not_rerun', 'system_resources_not_exclusive', 'gpu_placement_metadata_only']"
crc16,cova_llvm_gpu,default,same_process,observed,0.10958926053717732,crc16,275b9806d38b1fd8119ee27bbc86fe06cc1e39a5,6,3,a7203e25a233dc7df7310c8693f87c1b6b61fb79f1dbf0005a64f986bb9b4471,f5e374255acb40d3b61ef049439a216956523578089519cdbac1c787454c279b,['gpu'],"['reference_not_ranking', 'historical_competitors_not_rerun', 'system_resources_not_exclusive', 'gpu_placement_metadata_only']"
deriche,cova_serial_cpu,default,initialization,observed,3.8547955179819837,deriche,275b9806d38b1fd8119ee27bbc86fe06cc1e39a5,1,1,ef9e5773989e084d7d1b667806f77c2b4ac4ac430dad3a2726f189d79dc3abc8,86bedd90fc265ce6365b560b64f12b89d3c2d5bf501294f5352e2a58074f9840,['cpu'],"['reference_not_ranking', 'historical_competitors_not_rerun', 'system_resources_not_exclusive']"
deriche,cova_serial_cpu,default,fresh_process,observed,1.0951914004981518,deriche,275b9806d38b1fd8119ee27bbc86fe06cc1e39a5,2,2,ef9e5773989e084d7d1b667806f77c2b4ac4ac430dad3a2726f189d79dc3abc8,86bedd90fc265ce6365b560b64f12b89d3c2d5bf501294f5352e2a58074f9840,['cpu'],"['reference_not_ranking', 'historical_competitors_not_rerun', 'system_resources_not_exclusive']"
deriche,cova_serial_cpu,default,same_process,observed,1.016681351524312,deriche,275b9806d38b1fd8119ee27bbc86fe06cc1e39a5,6,3,ef9e5773989e084d7d1b667806f77c2b4ac4ac430dad3a2726f189d79dc3abc8,86bedd90fc265ce6365b560b64f12b89d3c2d5bf501294f5352e2a58074f9840,['cpu'],"['reference_not_ranking', 'historical_competitors_not_rerun', 'system_resources_not_exclusive']"
deriche,cova_openmp_cpu,default,initialization,observed,8.433401002082974,deriche,275b9806d38b1fd8119ee27bbc86fe06cc1e39a5,1,1,ef9e5773989e084d7d1b667806f77c2b4ac4ac430dad3a2726f189d79dc3abc8,86bedd90fc265ce6365b560b64f12b89d3c2d5bf501294f5352e2a58074f9840,['cpu'],"['reference_not_ranking', 'historical_competitors_not_rerun', 'system_resources_not_exclusive']"
deriche,cova_openmp_cpu,default,fresh_process,observed,3.471271905465983,deriche,275b9806d38b1fd8119ee27bbc86fe06cc1e39a5,2,2,ef9e5773989e084d7d1b667806f77c2b4ac4ac430dad3a2726f189d79dc3abc8,86bedd90fc265ce6365b560b64f12b89d3c2d5bf501294f5352e2a58074f9840,['cpu'],"['reference_not_ranking', 'historical_competitors_not_rerun', 'system_resources_not_exclusive']"
deriche,cova_openmp_cpu,default,same_process,observed,3.271801460068673,deriche,275b9806d38b1fd8119ee27bbc86fe06cc1e39a5,6,3,ef9e5773989e084d7d1b667806f77c2b4ac4ac430dad3a2726f189d79dc3abc8,86bedd90fc265ce6365b560b64f12b89d3c2d5bf501294f5352e2a58074f9840,['cpu'],"['reference_not_ranking', 'historical_competitors_not_rerun', 'system_resources_not_exclusive']"
deriche,cova_llvm_cpu_serial,default,initialization,observed,3.678664318053052,deriche,275b9806d38b1fd8119ee27bbc86fe06cc1e39a5,1,1,ef9e5773989e084d7d1b667806f77c2b4ac4ac430dad3a2726f189d79dc3abc8,86bedd90fc265ce6365b560b64f12b89d3c2d5bf501294f5352e2a58074f9840,['cpu'],"['reference_not_ranking', 'historical_competitors_not_rerun', 'system_resources_not_exclusive']"
deriche,cova_llvm_cpu_serial,default,fresh_process,observed,1.1112914074910805,deriche,275b9806d38b1fd8119ee27bbc86fe06cc1e39a5,2,2,ef9e5773989e084d7d1b667806f77c2b4ac4ac430dad3a2726f189d79dc3abc8,86bedd90fc265ce6365b560b64f12b89d3c2d5bf501294f5352e2a58074f9840,['cpu'],"['reference_not_ranking', 'historical_competitors_not_rerun', 'system_resources_not_exclusive']"
deriche,cova_llvm_cpu_serial,default,same_process,observed,1.2888073039939627,deriche,275b9806d38b1fd8119ee27bbc86fe06cc1e39a5,6,3,ef9e5773989e084d7d1b667806f77c2b4ac4ac430dad3a2726f189d79dc3abc8,86bedd90fc265ce6365b560b64f12b89d3c2d5bf501294f5352e2a58074f9840,['cpu'],"['reference_not_ranking', 'historical_competitors_not_rerun', 'system_resources_not_exclusive']"
deriche,cova_llvm_cpu,default,initialization,observed,6.900241783005185,deriche,275b9806d38b1fd8119ee27bbc86fe06cc1e39a5,1,1,ef9e5773989e084d7d1b667806f77c2b4ac4ac430dad3a2726f189d79dc3abc8,86bedd90fc265ce6365b560b64f12b89d3c2d5bf501294f5352e2a58074f9840,['cpu'],"['reference_not_ranking', 'historical_competitors_not_rerun', 'system_resources_not_exclusive']"
deriche,cova_llvm_cpu,default,fresh_process,observed,4.3557931300019845,deriche,275b9806d38b1fd8119ee27bbc86fe06cc1e39a5,2,2,ef9e5773989e084d7d1b667806f77c2b4ac4ac430dad3a2726f189d79dc3abc8,86bedd90fc265ce6365b560b64f12b89d3c2d5bf501294f5352e2a58074f9840,['cpu'],"['reference_not_ranking', 'historical_competitors_not_rerun', 'system_resources_not_exclusive']"
deriche,cova_llvm_cpu,default,same_process,observed,2.7402711524628103,deriche,275b9806d38b1fd8119ee27bbc86fe06cc1e39a5,6,3,ef9e5773989e084d7d1b667806f77c2b4ac4ac430dad3a2726f189d79dc3abc8,86bedd90fc265ce6365b560b64f12b89d3c2d5bf501294f5352e2a58074f9840,['cpu'],"['reference_not_ranking', 'historical_competitors_not_rerun', 'system_resources_not_exclusive']"
deriche,cova_openmp_gpu,default,initialization,observed,71.72285874804948,deriche,275b9806d38b1fd8119ee27bbc86fe06cc1e39a5,1,1,ef9e5773989e084d7d1b667806f77c2b4ac4ac430dad3a2726f189d79dc3abc8,86bedd90fc265ce6365b560b64f12b89d3c2d5bf501294f5352e2a58074f9840,['gpu'],"['reference_not_ranking', 'historical_competitors_not_rerun', 'system_resources_not_exclusive', 'gpu_placement_metadata_only']"
deriche,cova_openmp_gpu,default,fresh_process,observed,63.1327515320736,deriche,275b9806d38b1fd8119ee27bbc86fe06cc1e39a5,2,2,ef9e5773989e084d7d1b667806f77c2b4ac4ac430dad3a2726f189d79dc3abc8,86bedd90fc265ce6365b560b64f12b89d3c2d5bf501294f5352e2a58074f9840,['gpu'],"['reference_not_ranking', 'historical_competitors_not_rerun', 'system_resources_not_exclusive', 'gpu_placement_metadata_only']"
deriche,cova_openmp_gpu,default,same_process,observed,62.89109622454271,deriche,275b9806d38b1fd8119ee27bbc86fe06cc1e39a5,6,3,ef9e5773989e084d7d1b667806f77c2b4ac4ac430dad3a2726f189d79dc3abc8,86bedd90fc265ce6365b560b64f12b89d3c2d5bf501294f5352e2a58074f9840,['gpu'],"['reference_not_ranking', 'historical_competitors_not_rerun', 'system_resources_not_exclusive', 'gpu_placement_metadata_only']"
deriche,cova_llvm_gpu,default,initialization,observed,11.311552040977404,deriche,275b9806d38b1fd8119ee27bbc86fe06cc1e39a5,1,1,ef9e5773989e084d7d1b667806f77c2b4ac4ac430dad3a2726f189d79dc3abc8,86bedd90fc265ce6365b560b64f12b89d3c2d5bf501294f5352e2a58074f9840,['mixed'],"['reference_not_ranking', 'historical_competitors_not_rerun', 'system_resources_not_exclusive', 'gpu_placement_metadata_only']"
deriche,cova_llvm_gpu,default,fresh_process,observed,4.102962149481755,deriche,275b9806d38b1fd8119ee27bbc86fe06cc1e39a5,2,2,ef9e5773989e084d7d1b667806f77c2b4ac4ac430dad3a2726f189d79dc3abc8,86bedd90fc265ce6365b560b64f12b89d3c2d5bf501294f5352e2a58074f9840,['mixed'],"['reference_not_ranking', 'historical_competitors_not_rerun', 'system_resources_not_exclusive', 'gpu_placement_metadata_only']"
deriche,cova_llvm_gpu,default,same_process,observed,3.7861830350011587,deriche,275b9806d38b1fd8119ee27bbc86fe06cc1e39a5,6,3,ef9e5773989e084d7d1b667806f77c2b4ac4ac430dad3a2726f189d79dc3abc8,86bedd90fc265ce6365b560b64f12b89d3c2d5bf501294f5352e2a58074f9840,['mixed'],"['reference_not_ranking', 'historical_competitors_not_rerun', 'system_resources_not_exclusive', 'gpu_placement_metadata_only']"
doitgen,cova_serial_cpu,default,initialization,observed,13.180347557994537,doitgen,275b9806d38b1fd8119ee27bbc86fe06cc1e39a5,1,1,0a710e9d831ec217703666c373d0b37a2be01b536d40ad9f598bb77b08a6f7ff,e54ec8efb6b8a7fe086a96f3c0074529002b4a5aad97bbd19161c0a49cf1bb9d,['cpu'],"['reference_not_ranking', 'historical_competitors_not_rerun', 'system_resources_not_exclusive']"
doitgen,cova_serial_cpu,default,fresh_process,observed,16.68359055701876,doitgen,275b9806d38b1fd8119ee27bbc86fe06cc1e39a5,2,2,0a710e9d831ec217703666c373d0b37a2be01b536d40ad9f598bb77b08a6f7ff,e54ec8efb6b8a7fe086a96f3c0074529002b4a5aad97bbd19161c0a49cf1bb9d,['cpu'],"['reference_not_ranking', 'historical_competitors_not_rerun', 'system_resources_not_exclusive']"
doitgen,cova_serial_cpu,default,same_process,observed,10.512097716506105,doitgen,275b9806d38b1fd8119ee27bbc86fe06cc1e39a5,6,3,0a710e9d831ec217703666c373d0b37a2be01b536d40ad9f598bb77b08a6f7ff,e54ec8efb6b8a7fe086a96f3c0074529002b4a5aad97bbd19161c0a49cf1bb9d,['cpu'],"['reference_not_ranking', 'historical_competitors_not_rerun', 'system_resources_not_exclusive']"
doitgen,cova_openmp_cpu,default,initialization,observed,4.0998179509770125,doitgen,275b9806d38b1fd8119ee27bbc86fe06cc1e39a5,1,1,0a710e9d831ec217703666c373d0b37a2be01b536d40ad9f598bb77b08a6f7ff,e54ec8efb6b8a7fe086a96f3c0074529002b4a5aad97bbd19161c0a49cf1bb9d,['cpu'],"['reference_not_ranking', 'historical_competitors_not_rerun', 'system_resources_not_exclusive']"
doitgen,cova_openmp_cpu,default,fresh_process,observed,1.8683740519918501,doitgen,275b9806d38b1fd8119ee27bbc86fe06cc1e39a5,2,2,0a710e9d831ec217703666c373d0b37a2be01b536d40ad9f598bb77b08a6f7ff,e54ec8efb6b8a7fe086a96f3c0074529002b4a5aad97bbd19161c0a49cf1bb9d,['cpu'],"['reference_not_ranking', 'historical_competitors_not_rerun', 'system_resources_not_exclusive']"
doitgen,cova_openmp_cpu,default,same_process,observed,1.680869743518997,doitgen,275b9806d38b1fd8119ee27bbc86fe06cc1e39a5,6,3,0a710e9d831ec217703666c373d0b37a2be01b536d40ad9f598bb77b08a6f7ff,e54ec8efb6b8a7fe086a96f3c0074529002b4a5aad97bbd19161c0a49cf1bb9d,['cpu'],"['reference_not_ranking', 'historical_competitors_not_rerun', 'system_resources_not_exclusive']"
doitgen,cova_llvm_cpu_serial,default,initialization,observed,4.801831064047292,doitgen,275b9806d38b1fd8119ee27bbc86fe06cc1e39a5,1,1,0a710e9d831ec217703666c373d0b37a2be01b536d40ad9f598bb77b08a6f7ff,e54ec8efb6b8a7fe086a96f3c0074529002b4a5aad97bbd19161c0a49cf1bb9d,['cpu'],"['reference_not_ranking', 'historical_competitors_not_rerun', 'system_resources_not_exclusive']"
doitgen,cova_llvm_cpu_serial,default,fresh_process,observed,0.7030132535146549,doitgen,275b9806d38b1fd8119ee27bbc86fe06cc1e39a5,2,2,0a710e9d831ec217703666c373d0b37a2be01b536d40ad9f598bb77b08a6f7ff,e54ec8efb6b8a7fe086a96f3c0074529002b4a5aad97bbd19161c0a49cf1bb9d,['cpu'],"['reference_not_ranking', 'historical_competitors_not_rerun', 'system_resources_not_exclusive']"
doitgen,cova_llvm_cpu_serial,default,same_process,observed,0.8127338785561733,doitgen,275b9806d38b1fd8119ee27bbc86fe06cc1e39a5,6,3,0a710e9d831ec217703666c373d0b37a2be01b536d40ad9f598bb77b08a6f7ff,e54ec8efb6b8a7fe086a96f3c0074529002b4a5aad97bbd19161c0a49cf1bb9d,['cpu'],"['reference_not_ranking', 'historical_competitors_not_rerun', 'system_resources_not_exclusive']"
doitgen,cova_llvm_cpu,default,initialization,observed,6.351029250072315,doitgen,275b9806d38b1fd8119ee27bbc86fe06cc1e39a5,1,1,0a710e9d831ec217703666c373d0b37a2be01b536d40ad9f598bb77b08a6f7ff,e54ec8efb6b8a7fe086a96f3c0074529002b4a5aad97bbd19161c0a49cf1bb9d,['cpu'],"['reference_not_ranking', 'historical_competitors_not_rerun', 'system_resources_not_exclusive']"
doitgen,cova_llvm_cpu,default,fresh_process,observed,0.7668728514690883,doitgen,275b9806d38b1fd8119ee27bbc86fe06cc1e39a5,2,2,0a710e9d831ec217703666c373d0b37a2be01b536d40ad9f598bb77b08a6f7ff,e54ec8efb6b8a7fe086a96f3c0074529002b4a5aad97bbd19161c0a49cf1bb9d,['cpu'],"['reference_not_ranking', 'historical_competitors_not_rerun', 'system_resources_not_exclusive']"
doitgen,cova_llvm_cpu,default,same_process,observed,0.7581830585259013,doitgen,275b9806d38b1fd8119ee27bbc86fe06cc1e39a5,6,3,0a710e9d831ec217703666c373d0b37a2be01b536d40ad9f598bb77b08a6f7ff,e54ec8efb6b8a7fe086a96f3c0074529002b4a5aad97bbd19161c0a49cf1bb9d,['cpu'],"['reference_not_ranking', 'historical_competitors_not_rerun', 'system_resources_not_exclusive']"
doitgen,cova_openmp_gpu,default,initialization,observed,7.533995000994764,doitgen,275b9806d38b1fd8119ee27bbc86fe06cc1e39a5,1,1,0a710e9d831ec217703666c373d0b37a2be01b536d40ad9f598bb77b08a6f7ff,e54ec8efb6b8a7fe086a96f3c0074529002b4a5aad97bbd19161c0a49cf1bb9d,['gpu'],"['reference_not_ranking', 'historical_competitors_not_rerun', 'system_resources_not_exclusive', 'gpu_placement_metadata_only']"
doitgen,cova_openmp_gpu,default,fresh_process,observed,1.2979315420379862,doitgen,275b9806d38b1fd8119ee27bbc86fe06cc1e39a5,2,2,0a710e9d831ec217703666c373d0b37a2be01b536d40ad9f598bb77b08a6f7ff,e54ec8efb6b8a7fe086a96f3c0074529002b4a5aad97bbd19161c0a49cf1bb9d,['gpu'],"['reference_not_ranking', 'historical_competitors_not_rerun', 'system_resources_not_exclusive', 'gpu_placement_metadata_only']"
doitgen,cova_openmp_gpu,default,same_process,observed,0.8355076860170811,doitgen,275b9806d38b1fd8119ee27bbc86fe06cc1e39a5,6,3,0a710e9d831ec217703666c373d0b37a2be01b536d40ad9f598bb77b08a6f7ff,e54ec8efb6b8a7fe086a96f3c0074529002b4a5aad97bbd19161c0a49cf1bb9d,['gpu'],"['reference_not_ranking', 'historical_competitors_not_rerun', 'system_resources_not_exclusive', 'gpu_placement_metadata_only']"
doitgen,cova_llvm_gpu,default,initialization,observed,7.61414300405886,doitgen,275b9806d38b1fd8119ee27bbc86fe06cc1e39a5,1,1,0a710e9d831ec217703666c373d0b37a2be01b536d40ad9f598bb77b08a6f7ff,e54ec8efb6b8a7fe086a96f3c0074529002b4a5aad97bbd19161c0a49cf1bb9d,['gpu'],"['reference_not_ranking', 'historical_competitors_not_rerun', 'system_resources_not_exclusive', 'gpu_placement_metadata_only']"
doitgen,cova_llvm_gpu,default,fresh_process,observed,0.9005795805132948,doitgen,275b9806d38b1fd8119ee27bbc86fe06cc1e39a5,2,2,0a710e9d831ec217703666c373d0b37a2be01b536d40ad9f598bb77b08a6f7ff,e54ec8efb6b8a7fe086a96f3c0074529002b4a5aad97bbd19161c0a49cf1bb9d,['gpu'],"['reference_not_ranking', 'historical_competitors_not_rerun', 'system_resources_not_exclusive', 'gpu_placement_metadata_only']"
doitgen,cova_llvm_gpu,default,same_process,observed,0.4879160394775681,doitgen,275b9806d38b1fd8119ee27bbc86fe06cc1e39a5,6,3,0a710e9d831ec217703666c373d0b37a2be01b536d40ad9f598bb77b08a6f7ff,e54ec8efb6b8a7fe086a96f3c0074529002b4a5aad97bbd19161c0a49cf1bb9d,['gpu'],"['reference_not_ranking', 'historical_competitors_not_rerun', 'system_resources_not_exclusive', 'gpu_placement_metadata_only']"
durbin,cova_serial_cpu,default,initialization,observed,4.954481042921543,durbin,275b9806d38b1fd8119ee27bbc86fe06cc1e39a5,1,1,7437c8bf3a6ba1cbc2df811774313bdf292efa8f737e2b875afbdc1c26ff99aa,ce8fe98cca13e7ff78b2059649cf38d58a3f2af294a834c6e4698392b4e95b14,['cpu'],"['reference_not_ranking', 'historical_competitors_not_rerun', 'system_resources_not_exclusive']"
durbin,cova_serial_cpu,default,fresh_process,observed,2.1702203274471685,durbin,275b9806d38b1fd8119ee27bbc86fe06cc1e39a5,2,2,7437c8bf3a6ba1cbc2df811774313bdf292efa8f737e2b875afbdc1c26ff99aa,ce8fe98cca13e7ff78b2059649cf38d58a3f2af294a834c6e4698392b4e95b14,['cpu'],"['reference_not_ranking', 'historical_competitors_not_rerun', 'system_resources_not_exclusive']"
durbin,cova_serial_cpu,default,same_process,observed,0.8496856130077504,durbin,275b9806d38b1fd8119ee27bbc86fe06cc1e39a5,6,3,7437c8bf3a6ba1cbc2df811774313bdf292efa8f737e2b875afbdc1c26ff99aa,ce8fe98cca13e7ff78b2059649cf38d58a3f2af294a834c6e4698392b4e95b14,['cpu'],"['reference_not_ranking', 'historical_competitors_not_rerun', 'system_resources_not_exclusive']"
durbin,cova_openmp_cpu,default,initialization,observed,5.080660621984862,durbin,275b9806d38b1fd8119ee27bbc86fe06cc1e39a5,1,1,7437c8bf3a6ba1cbc2df811774313bdf292efa8f737e2b875afbdc1c26ff99aa,ce8fe98cca13e7ff78b2059649cf38d58a3f2af294a834c6e4698392b4e95b14,['cpu'],"['reference_not_ranking', 'historical_competitors_not_rerun', 'system_resources_not_exclusive']"
durbin,cova_openmp_cpu,default,fresh_process,observed,2.533081860980019,durbin,275b9806d38b1fd8119ee27bbc86fe06cc1e39a5,2,2,7437c8bf3a6ba1cbc2df811774313bdf292efa8f737e2b875afbdc1c26ff99aa,ce8fe98cca13e7ff78b2059649cf38d58a3f2af294a834c6e4698392b4e95b14,['cpu'],"['reference_not_ranking', 'historical_competitors_not_rerun', 'system_resources_not_exclusive']"
durbin,cova_openmp_cpu,default,same_process,observed,2.723814911500085,durbin,275b9806d38b1fd8119ee27bbc86fe06cc1e39a5,6,3,7437c8bf3a6ba1cbc2df811774313bdf292efa8f737e2b875afbdc1c26ff99aa,ce8fe98cca13e7ff78b2059649cf38d58a3f2af294a834c6e4698392b4e95b14,['cpu'],"['reference_not_ranking', 'historical_competitors_not_rerun', 'system_resources_not_exclusive']"
durbin,cova_llvm_cpu_serial,default,initialization,observed,2.2914982640650123,durbin,275b9806d38b1fd8119ee27bbc86fe06cc1e39a5,1,1,7437c8bf3a6ba1cbc2df811774313bdf292efa8f737e2b875afbdc1c26ff99aa,ce8fe98cca13e7ff78b2059649cf38d58a3f2af294a834c6e4698392b4e95b14,['cpu'],"['reference_not_ranking', 'historical_competitors_not_rerun', 'system_resources_not_exclusive']"
durbin,cova_llvm_cpu_serial,default,fresh_process,observed,0.46802713646320626,durbin,275b9806d38b1fd8119ee27bbc86fe06cc1e39a5,2,2,7437c8bf3a6ba1cbc2df811774313bdf292efa8f737e2b875afbdc1c26ff99aa,ce8fe98cca13e7ff78b2059649cf38d58a3f2af294a834c6e4698392b4e95b14,['cpu'],"['reference_not_ranking', 'historical_competitors_not_rerun', 'system_resources_not_exclusive']"
durbin,cova_llvm_cpu_serial,default,same_process,observed,0.6087551065138541,durbin,275b9806d38b1fd8119ee27bbc86fe06cc1e39a5,6,3,7437c8bf3a6ba1cbc2df811774313bdf292efa8f737e2b875afbdc1c26ff99aa,ce8fe98cca13e7ff78b2059649cf38d58a3f2af294a834c6e4698392b4e95b14,['cpu'],"['reference_not_ranking', 'historical_competitors_not_rerun', 'system_resources_not_exclusive']"
durbin,cova_llvm_cpu,default,initialization,observed,2.3580933189950883,durbin,275b9806d38b1fd8119ee27bbc86fe06cc1e39a5,1,1,7437c8bf3a6ba1cbc2df811774313bdf292efa8f737e2b875afbdc1c26ff99aa,ce8fe98cca13e7ff78b2059649cf38d58a3f2af294a834c6e4698392b4e95b14,['cpu'],"['reference_not_ranking', 'historical_competitors_not_rerun', 'system_resources_not_exclusive']"
durbin,cova_llvm_cpu,default,fresh_process,observed,0.5392880800063722,durbin,275b9806d38b1fd8119ee27bbc86fe06cc1e39a5,2,2,7437c8bf3a6ba1cbc2df811774313bdf292efa8f737e2b875afbdc1c26ff99aa,ce8fe98cca13e7ff78b2059649cf38d58a3f2af294a834c6e4698392b4e95b14,['cpu'],"['reference_not_ranking', 'historical_competitors_not_rerun', 'system_resources_not_exclusive']"
durbin,cova_llvm_cpu,default,same_process,observed,0.6045493970159441,durbin,275b9806d38b1fd8119ee27bbc86fe06cc1e39a5,6,3,7437c8bf3a6ba1cbc2df811774313bdf292efa8f737e2b875afbdc1c26ff99aa,ce8fe98cca13e7ff78b2059649cf38d58a3f2af294a834c6e4698392b4e95b14,['cpu'],"['reference_not_ranking', 'historical_competitors_not_rerun', 'system_resources_not_exclusive']"
durbin,cova_openmp_gpu,default,initialization,observed,7.425242293975316,durbin,275b9806d38b1fd8119ee27bbc86fe06cc1e39a5,1,1,7437c8bf3a6ba1cbc2df811774313bdf292efa8f737e2b875afbdc1c26ff99aa,ce8fe98cca13e7ff78b2059649cf38d58a3f2af294a834c6e4698392b4e95b14,['cpu'],"['reference_not_ranking', 'historical_competitors_not_rerun', 'system_resources_not_exclusive', 'gpu_placement_metadata_only']"
durbin,cova_openmp_gpu,default,fresh_process,observed,2.5226571619859897,durbin,275b9806d38b1fd8119ee27bbc86fe06cc1e39a5,2,2,7437c8bf3a6ba1cbc2df811774313bdf292efa8f737e2b875afbdc1c26ff99aa,ce8fe98cca13e7ff78b2059649cf38d58a3f2af294a834c6e4698392b4e95b14,['cpu'],"['reference_not_ranking', 'historical_competitors_not_rerun', 'system_resources_not_exclusive', 'gpu_placement_metadata_only']"
durbin,cova_openmp_gpu,default,same_process,observed,2.232318121998105,durbin,275b9806d38b1fd8119ee27bbc86fe06cc1e39a5,6,3,7437c8bf3a6ba1cbc2df811774313bdf292efa8f737e2b875afbdc1c26ff99aa,ce8fe98cca13e7ff78b2059649cf38d58a3f2af294a834c6e4698392b4e95b14,['cpu'],"['reference_not_ranking', 'historical_competitors_not_rerun', 'system_resources_not_exclusive', 'gpu_placement_metadata_only']"
durbin,cova_llvm_gpu,default,initialization,observed,79.03843575296924,durbin,275b9806d38b1fd8119ee27bbc86fe06cc1e39a5,1,1,7437c8bf3a6ba1cbc2df811774313bdf292efa8f737e2b875afbdc1c26ff99aa,ce8fe98cca13e7ff78b2059649cf38d58a3f2af294a834c6e4698392b4e95b14,['mixed'],"['reference_not_ranking', 'historical_competitors_not_rerun', 'system_resources_not_exclusive', 'gpu_placement_metadata_only']"
durbin,cova_llvm_gpu,default,fresh_process,observed,68.16701054346049,durbin,275b9806d38b1fd8119ee27bbc86fe06cc1e39a5,2,2,7437c8bf3a6ba1cbc2df811774313bdf292efa8f737e2b875afbdc1c26ff99aa,ce8fe98cca13e7ff78b2059649cf38d58a3f2af294a834c6e4698392b4e95b14,['mixed'],"['reference_not_ranking', 'historical_competitors_not_rerun', 'system_resources_not_exclusive', 'gpu_placement_metadata_only']"
durbin,cova_llvm_gpu,default,same_process,observed,71.69072410848457,durbin,275b9806d38b1fd8119ee27bbc86fe06cc1e39a5,6,3,7437c8bf3a6ba1cbc2df811774313bdf292efa8f737e2b875afbdc1c26ff99aa,ce8fe98cca13e7ff78b2059649cf38d58a3f2af294a834c6e4698392b4e95b14,['mixed'],"['reference_not_ranking', 'historical_competitors_not_rerun', 'system_resources_not_exclusive', 'gpu_placement_metadata_only']"
fdtd_2d,cova_serial_cpu,default,initialization,observed,2.4629188729450107,fdtd_2d,275b9806d38b1fd8119ee27bbc86fe06cc1e39a5,1,1,06e26254e9c8b359ff97a77665932fc3543384ca179dea039154450eff6c94ff,ae503cf8154fbe07791342cfced3146fb8b1e03dbea637ba9add8796956ed94d,['cpu'],"['reference_not_ranking', 'historical_competitors_not_rerun', 'system_resources_not_exclusive']"
fdtd_2d,cova_serial_cpu,default,fresh_process,observed,0.1568736860062927,fdtd_2d,275b9806d38b1fd8119ee27bbc86fe06cc1e39a5,2,2,06e26254e9c8b359ff97a77665932fc3543384ca179dea039154450eff6c94ff,ae503cf8154fbe07791342cfced3146fb8b1e03dbea637ba9add8796956ed94d,['cpu'],"['reference_not_ranking', 'historical_competitors_not_rerun', 'system_resources_not_exclusive']"
fdtd_2d,cova_serial_cpu,default,same_process,observed,0.17840287694707513,fdtd_2d,275b9806d38b1fd8119ee27bbc86fe06cc1e39a5,6,3,06e26254e9c8b359ff97a77665932fc3543384ca179dea039154450eff6c94ff,ae503cf8154fbe07791342cfced3146fb8b1e03dbea637ba9add8796956ed94d,['cpu'],"['reference_not_ranking', 'historical_competitors_not_rerun', 'system_resources_not_exclusive']"
fdtd_2d,cova_openmp_cpu,default,initialization,observed,2.802407748065889,fdtd_2d,275b9806d38b1fd8119ee27bbc86fe06cc1e39a5,1,1,06e26254e9c8b359ff97a77665932fc3543384ca179dea039154450eff6c94ff,ae503cf8154fbe07791342cfced3146fb8b1e03dbea637ba9add8796956ed94d,['cpu'],"['reference_not_ranking', 'historical_competitors_not_rerun', 'system_resources_not_exclusive']"
fdtd_2d,cova_openmp_cpu,default,fresh_process,observed,0.17084001103648916,fdtd_2d,275b9806d38b1fd8119ee27bbc86fe06cc1e39a5,2,2,06e26254e9c8b359ff97a77665932fc3543384ca179dea039154450eff6c94ff,ae503cf8154fbe07791342cfced3146fb8b1e03dbea637ba9add8796956ed94d,['cpu'],"['reference_not_ranking', 'historical_competitors_not_rerun', 'system_resources_not_exclusive']"
fdtd_2d,cova_openmp_cpu,default,same_process,observed,0.18971097352914512,fdtd_2d,275b9806d38b1fd8119ee27bbc86fe06cc1e39a5,6,3,06e26254e9c8b359ff97a77665932fc3543384ca179dea039154450eff6c94ff,ae503cf8154fbe07791342cfced3146fb8b1e03dbea637ba9add8796956ed94d,['cpu'],"['reference_not_ranking', 'historical_competitors_not_rerun', 'system_resources_not_exclusive']"
fdtd_2d,cova_llvm_cpu_serial,default,initialization,observed,2.3317108739865944,fdtd_2d,275b9806d38b1fd8119ee27bbc86fe06cc1e39a5,1,1,06e26254e9c8b359ff97a77665932fc3543384ca179dea039154450eff6c94ff,ae503cf8154fbe07791342cfced3146fb8b1e03dbea637ba9add8796956ed94d,['cpu'],"['reference_not_ranking', 'historical_competitors_not_rerun', 'system_resources_not_exclusive']"
fdtd_2d,cova_llvm_cpu_serial,default,fresh_process,observed,0.18006286746822298,fdtd_2d,275b9806d38b1fd8119ee27bbc86fe06cc1e39a5,2,2,06e26254e9c8b359ff97a77665932fc3543384ca179dea039154450eff6c94ff,ae503cf8154fbe07791342cfced3146fb8b1e03dbea637ba9add8796956ed94d,['cpu'],"['reference_not_ranking', 'historical_competitors_not_rerun', 'system_resources_not_exclusive']"
fdtd_2d,cova_llvm_cpu_serial,default,same_process,observed,0.18373385549057275,fdtd_2d,275b9806d38b1fd8119ee27bbc86fe06cc1e39a5,6,3,06e26254e9c8b359ff97a77665932fc3543384ca179dea039154450eff6c94ff,ae503cf8154fbe07791342cfced3146fb8b1e03dbea637ba9add8796956ed94d,['cpu'],"['reference_not_ranking', 'historical_competitors_not_rerun', 'system_resources_not_exclusive']"
fdtd_2d,cova_llvm_cpu,default,initialization,observed,2.3904021059861407,fdtd_2d,275b9806d38b1fd8119ee27bbc86fe06cc1e39a5,1,1,06e26254e9c8b359ff97a77665932fc3543384ca179dea039154450eff6c94ff,ae503cf8154fbe07791342cfced3146fb8b1e03dbea637ba9add8796956ed94d,['cpu'],"['reference_not_ranking', 'historical_competitors_not_rerun', 'system_resources_not_exclusive']"
fdtd_2d,cova_llvm_cpu,default,fresh_process,observed,0.14874999353196472,fdtd_2d,275b9806d38b1fd8119ee27bbc86fe06cc1e39a5,2,2,06e26254e9c8b359ff97a77665932fc3543384ca179dea039154450eff6c94ff,ae503cf8154fbe07791342cfced3146fb8b1e03dbea637ba9add8796956ed94d,['cpu'],"['reference_not_ranking', 'historical_competitors_not_rerun', 'system_resources_not_exclusive']"
fdtd_2d,cova_llvm_cpu,default,same_process,observed,0.18019344145432115,fdtd_2d,275b9806d38b1fd8119ee27bbc86fe06cc1e39a5,6,3,06e26254e9c8b359ff97a77665932fc3543384ca179dea039154450eff6c94ff,ae503cf8154fbe07791342cfced3146fb8b1e03dbea637ba9add8796956ed94d,['cpu'],"['reference_not_ranking', 'historical_competitors_not_rerun', 'system_resources_not_exclusive']"
fdtd_2d,cova_openmp_gpu,default,initialization,observed,4.749500663019717,fdtd_2d,275b9806d38b1fd8119ee27bbc86fe06cc1e39a5,1,1,06e26254e9c8b359ff97a77665932fc3543384ca179dea039154450eff6c94ff,ae503cf8154fbe07791342cfced3146fb8b1e03dbea637ba9add8796956ed94d,['cpu'],"['reference_not_ranking', 'historical_competitors_not_rerun', 'system_resources_not_exclusive', 'gpu_placement_metadata_only']"
fdtd_2d,cova_openmp_gpu,default,fresh_process,observed,0.17509080446325243,fdtd_2d,275b9806d38b1fd8119ee27bbc86fe06cc1e39a5,2,2,06e26254e9c8b359ff97a77665932fc3543384ca179dea039154450eff6c94ff,ae503cf8154fbe07791342cfced3146fb8b1e03dbea637ba9add8796956ed94d,['cpu'],"['reference_not_ranking', 'historical_competitors_not_rerun', 'system_resources_not_exclusive', 'gpu_placement_metadata_only']"
fdtd_2d,cova_openmp_gpu,default,same_process,observed,0.19047327048610896,fdtd_2d,275b9806d38b1fd8119ee27bbc86fe06cc1e39a5,6,3,06e26254e9c8b359ff97a77665932fc3543384ca179dea039154450eff6c94ff,ae503cf8154fbe07791342cfced3146fb8b1e03dbea637ba9add8796956ed94d,['cpu'],"['reference_not_ranking', 'historical_competitors_not_rerun', 'system_resources_not_exclusive', 'gpu_placement_metadata_only']"
fdtd_2d,cova_llvm_gpu,default,initialization,observed,5.355267609003931,fdtd_2d,275b9806d38b1fd8119ee27bbc86fe06cc1e39a5,1,1,06e26254e9c8b359ff97a77665932fc3543384ca179dea039154450eff6c94ff,ae503cf8154fbe07791342cfced3146fb8b1e03dbea637ba9add8796956ed94d,['mixed'],"['reference_not_ranking', 'historical_competitors_not_rerun', 'system_resources_not_exclusive', 'gpu_placement_metadata_only']"
fdtd_2d,cova_llvm_gpu,default,fresh_process,observed,0.45183567848289385,fdtd_2d,275b9806d38b1fd8119ee27bbc86fe06cc1e39a5,2,2,06e26254e9c8b359ff97a77665932fc3543384ca179dea039154450eff6c94ff,ae503cf8154fbe07791342cfced3146fb8b1e03dbea637ba9add8796956ed94d,['mixed'],"['reference_not_ranking', 'historical_competitors_not_rerun', 'system_resources_not_exclusive', 'gpu_placement_metadata_only']"
fdtd_2d,cova_llvm_gpu,default,same_process,observed,0.1606957944459282,fdtd_2d,275b9806d38b1fd8119ee27bbc86fe06cc1e39a5,6,3,06e26254e9c8b359ff97a77665932fc3543384ca179dea039154450eff6c94ff,ae503cf8154fbe07791342cfced3146fb8b1e03dbea637ba9add8796956ed94d,['mixed'],"['reference_not_ranking', 'historical_competitors_not_rerun', 'system_resources_not_exclusive', 'gpu_placement_metadata_only']"
floyd_warshall,cova_serial_cpu,default,initialization,observed,4.466795657062903,floyd_warshall,275b9806d38b1fd8119ee27bbc86fe06cc1e39a5,1,1,a3edbd966d81083b8e17c12c5e476ba6f92ae518095bf60f44db36d16648859a,d80d0f1e5dc1b065b6ae583f4925157116e2c98d49b252f8e02fa8c4ffe273fe,['cpu'],"['reference_not_ranking', 'historical_competitors_not_rerun', 'system_resources_not_exclusive']"
floyd_warshall,cova_serial_cpu,default,fresh_process,observed,2.021809572004713,floyd_warshall,275b9806d38b1fd8119ee27bbc86fe06cc1e39a5,2,2,a3edbd966d81083b8e17c12c5e476ba6f92ae518095bf60f44db36d16648859a,d80d0f1e5dc1b065b6ae583f4925157116e2c98d49b252f8e02fa8c4ffe273fe,['cpu'],"['reference_not_ranking', 'historical_competitors_not_rerun', 'system_resources_not_exclusive']"
floyd_warshall,cova_serial_cpu,default,same_process,observed,1.4032078085001558,floyd_warshall,275b9806d38b1fd8119ee27bbc86fe06cc1e39a5,6,3,a3edbd966d81083b8e17c12c5e476ba6f92ae518095bf60f44db36d16648859a,d80d0f1e5dc1b065b6ae583f4925157116e2c98d49b252f8e02fa8c4ffe273fe,['cpu'],"['reference_not_ranking', 'historical_competitors_not_rerun', 'system_resources_not_exclusive']"
floyd_warshall,cova_openmp_cpu,default,initialization,observed,4.694442159961909,floyd_warshall,275b9806d38b1fd8119ee27bbc86fe06cc1e39a5,1,1,a3edbd966d81083b8e17c12c5e476ba6f92ae518095bf60f44db36d16648859a,d80d0f1e5dc1b065b6ae583f4925157116e2c98d49b252f8e02fa8c4ffe273fe,['cpu'],"['reference_not_ranking', 'historical_competitors_not_rerun', 'system_resources_not_exclusive']"
floyd_warshall,cova_openmp_cpu,default,fresh_process,observed,2.1671543325064704,floyd_warshall,275b9806d38b1fd8119ee27bbc86fe06cc1e39a5,2,2,a3edbd966d81083b8e17c12c5e476ba6f92ae518095bf60f44db36d16648859a,d80d0f1e5dc1b065b6ae583f4925157116e2c98d49b252f8e02fa8c4ffe273fe,['cpu'],"['reference_not_ranking', 'historical_competitors_not_rerun', 'system_resources_not_exclusive']"
floyd_warshall,cova_openmp_cpu,default,same_process,observed,2.262456254044082,floyd_warshall,275b9806d38b1fd8119ee27bbc86fe06cc1e39a5,6,3,a3edbd966d81083b8e17c12c5e476ba6f92ae518095bf60f44db36d16648859a,d80d0f1e5dc1b065b6ae583f4925157116e2c98d49b252f8e02fa8c4ffe273fe,['cpu'],"['reference_not_ranking', 'historical_competitors_not_rerun', 'system_resources_not_exclusive']"
floyd_warshall,cova_llvm_cpu_serial,default,initialization,observed,1.9582249999511987,floyd_warshall,275b9806d38b1fd8119ee27bbc86fe06cc1e39a5,1,1,a3edbd966d81083b8e17c12c5e476ba6f92ae518095bf60f44db36d16648859a,d80d0f1e5dc1b065b6ae583f4925157116e2c98d49b252f8e02fa8c4ffe273fe,['cpu'],"['reference_not_ranking', 'historical_competitors_not_rerun', 'system_resources_not_exclusive']"
floyd_warshall,cova_llvm_cpu_serial,default,fresh_process,observed,0.23733196157263592,floyd_warshall,275b9806d38b1fd8119ee27bbc86fe06cc1e39a5,2,2,a3edbd966d81083b8e17c12c5e476ba6f92ae518095bf60f44db36d16648859a,d80d0f1e5dc1b065b6ae583f4925157116e2c98d49b252f8e02fa8c4ffe273fe,['cpu'],"['reference_not_ranking', 'historical_competitors_not_rerun', 'system_resources_not_exclusive']"
floyd_warshall,cova_llvm_cpu_serial,default,same_process,observed,0.28248086746316403,floyd_warshall,275b9806d38b1fd8119ee27bbc86fe06cc1e39a5,6,3,a3edbd966d81083b8e17c12c5e476ba6f92ae518095bf60f44db36d16648859a,d80d0f1e5dc1b065b6ae583f4925157116e2c98d49b252f8e02fa8c4ffe273fe,['cpu'],"['reference_not_ranking', 'historical_competitors_not_rerun', 'system_resources_not_exclusive']"
floyd_warshall,cova_llvm_cpu,default,initialization,observed,2.995724721928127,floyd_warshall,275b9806d38b1fd8119ee27bbc86fe06cc1e39a5,1,1,a3edbd966d81083b8e17c12c5e476ba6f92ae518095bf60f44db36d16648859a,d80d0f1e5dc1b065b6ae583f4925157116e2c98d49b252f8e02fa8c4ffe273fe,['cpu'],"['reference_not_ranking', 'historical_competitors_not_rerun', 'system_resources_not_exclusive']"
floyd_warshall,cova_llvm_cpu,default,fresh_process,observed,1.2142246910370886,floyd_warshall,275b9806d38b1fd8119ee27bbc86fe06cc1e39a5,2,2,a3edbd966d81083b8e17c12c5e476ba6f92ae518095bf60f44db36d16648859a,d80d0f1e5dc1b065b6ae583f4925157116e2c98d49b252f8e02fa8c4ffe273fe,['cpu'],"['reference_not_ranking', 'historical_competitors_not_rerun', 'system_resources_not_exclusive']"
floyd_warshall,cova_llvm_cpu,default,same_process,observed,0.6630028720246628,floyd_warshall,275b9806d38b1fd8119ee27bbc86fe06cc1e39a5,6,3,a3edbd966d81083b8e17c12c5e476ba6f92ae518095bf60f44db36d16648859a,d80d0f1e5dc1b065b6ae583f4925157116e2c98d49b252f8e02fa8c4ffe273fe,['cpu'],"['reference_not_ranking', 'historical_competitors_not_rerun', 'system_resources_not_exclusive']"
floyd_warshall,cova_openmp_gpu,default,initialization,observed,6.980164235923439,floyd_warshall,275b9806d38b1fd8119ee27bbc86fe06cc1e39a5,1,1,a3edbd966d81083b8e17c12c5e476ba6f92ae518095bf60f44db36d16648859a,d80d0f1e5dc1b065b6ae583f4925157116e2c98d49b252f8e02fa8c4ffe273fe,['cpu'],"['reference_not_ranking', 'historical_competitors_not_rerun', 'system_resources_not_exclusive', 'gpu_placement_metadata_only']"
floyd_warshall,cova_openmp_gpu,default,fresh_process,observed,2.0947816660045646,floyd_warshall,275b9806d38b1fd8119ee27bbc86fe06cc1e39a5,2,2,a3edbd966d81083b8e17c12c5e476ba6f92ae518095bf60f44db36d16648859a,d80d0f1e5dc1b065b6ae583f4925157116e2c98d49b252f8e02fa8c4ffe273fe,['cpu'],"['reference_not_ranking', 'historical_competitors_not_rerun', 'system_resources_not_exclusive', 'gpu_placement_metadata_only']"
floyd_warshall,cova_openmp_gpu,default,same_process,observed,2.53231198200956,floyd_warshall,275b9806d38b1fd8119ee27bbc86fe06cc1e39a5,6,3,a3edbd966d81083b8e17c12c5e476ba6f92ae518095bf60f44db36d16648859a,d80d0f1e5dc1b065b6ae583f4925157116e2c98d49b252f8e02fa8c4ffe273fe,['cpu'],"['reference_not_ranking', 'historical_competitors_not_rerun', 'system_resources_not_exclusive', 'gpu_placement_metadata_only']"
floyd_warshall,cova_llvm_gpu,default,initialization,observed,70.87825931992847,floyd_warshall,275b9806d38b1fd8119ee27bbc86fe06cc1e39a5,1,1,a3edbd966d81083b8e17c12c5e476ba6f92ae518095bf60f44db36d16648859a,d80d0f1e5dc1b065b6ae583f4925157116e2c98d49b252f8e02fa8c4ffe273fe,['mixed'],"['reference_not_ranking', 'historical_competitors_not_rerun', 'system_resources_not_exclusive', 'gpu_placement_metadata_only']"
floyd_warshall,cova_llvm_gpu,default,fresh_process,observed,66.58612035500119,floyd_warshall,275b9806d38b1fd8119ee27bbc86fe06cc1e39a5,2,2,a3edbd966d81083b8e17c12c5e476ba6f92ae518095bf60f44db36d16648859a,d80d0f1e5dc1b065b6ae583f4925157116e2c98d49b252f8e02fa8c4ffe273fe,['mixed'],"['reference_not_ranking', 'historical_competitors_not_rerun', 'system_resources_not_exclusive', 'gpu_placement_metadata_only']"
floyd_warshall,cova_llvm_gpu,default,same_process,observed,66.54770298150834,floyd_warshall,275b9806d38b1fd8119ee27bbc86fe06cc1e39a5,6,3,a3edbd966d81083b8e17c12c5e476ba6f92ae518095bf60f44db36d16648859a,d80d0f1e5dc1b065b6ae583f4925157116e2c98d49b252f8e02fa8c4ffe273fe,['mixed'],"['reference_not_ranking', 'historical_competitors_not_rerun', 'system_resources_not_exclusive', 'gpu_placement_metadata_only']"
gemm,cova_serial_cpu,default,initialization,observed,127.60908250394277,gemm,275b9806d38b1fd8119ee27bbc86fe06cc1e39a5,1,1,0c0d6b6a480e5bce18192950eed6fa367ca1dff111ffe96afd63e44b0357c489,a7cad45e3e7e87c02c7a2df12b4f75774f21a5cca78b504ff8830be9107f34b6,['cpu'],"['reference_not_ranking', 'historical_competitors_not_rerun', 'system_resources_not_exclusive']"
gemm,cova_serial_cpu,default,fresh_process,observed,133.44213820795994,gemm,275b9806d38b1fd8119ee27bbc86fe06cc1e39a5,2,2,0c0d6b6a480e5bce18192950eed6fa367ca1dff111ffe96afd63e44b0357c489,a7cad45e3e7e87c02c7a2df12b4f75774f21a5cca78b504ff8830be9107f34b6,['cpu'],"['reference_not_ranking', 'historical_competitors_not_rerun', 'system_resources_not_exclusive']"
gemm,cova_serial_cpu,default,same_process,observed,122.76491818000795,gemm,275b9806d38b1fd8119ee27bbc86fe06cc1e39a5,6,3,0c0d6b6a480e5bce18192950eed6fa367ca1dff111ffe96afd63e44b0357c489,a7cad45e3e7e87c02c7a2df12b4f75774f21a5cca78b504ff8830be9107f34b6,['cpu'],"['reference_not_ranking', 'historical_competitors_not_rerun', 'system_resources_not_exclusive']"
gemm,cova_openmp_cpu,default,initialization,observed,28.06600748898927,gemm,275b9806d38b1fd8119ee27bbc86fe06cc1e39a5,1,1,0c0d6b6a480e5bce18192950eed6fa367ca1dff111ffe96afd63e44b0357c489,a7cad45e3e7e87c02c7a2df12b4f75774f21a5cca78b504ff8830be9107f34b6,['cpu'],"['reference_not_ranking', 'historical_competitors_not_rerun', 'system_resources_not_exclusive']"
gemm,cova_openmp_cpu,default,fresh_process,observed,34.97040743398247,gemm,275b9806d38b1fd8119ee27bbc86fe06cc1e39a5,2,2,0c0d6b6a480e5bce18192950eed6fa367ca1dff111ffe96afd63e44b0357c489,a7cad45e3e7e87c02c7a2df12b4f75774f21a5cca78b504ff8830be9107f34b6,['cpu'],"['reference_not_ranking', 'historical_competitors_not_rerun', 'system_resources_not_exclusive']"
gemm,cova_openmp_cpu,default,same_process,observed,30.541981041023973,gemm,275b9806d38b1fd8119ee27bbc86fe06cc1e39a5,6,3,0c0d6b6a480e5bce18192950eed6fa367ca1dff111ffe96afd63e44b0357c489,a7cad45e3e7e87c02c7a2df12b4f75774f21a5cca78b504ff8830be9107f34b6,['cpu'],"['reference_not_ranking', 'historical_competitors_not_rerun', 'system_resources_not_exclusive']"
gemm,cova_llvm_cpu_serial,default,initialization,observed,6.183618003968149,gemm,275b9806d38b1fd8119ee27bbc86fe06cc1e39a5,1,1,0c0d6b6a480e5bce18192950eed6fa367ca1dff111ffe96afd63e44b0357c489,a7cad45e3e7e87c02c7a2df12b4f75774f21a5cca78b504ff8830be9107f34b6,['cpu'],"['reference_not_ranking', 'historical_competitors_not_rerun', 'system_resources_not_exclusive']"
gemm,cova_llvm_cpu_serial,default,fresh_process,observed,2.3742311209789477,gemm,275b9806d38b1fd8119ee27bbc86fe06cc1e39a5,2,2,0c0d6b6a480e5bce18192950eed6fa367ca1dff111ffe96afd63e44b0357c489,a7cad45e3e7e87c02c7a2df12b4f75774f21a5cca78b504ff8830be9107f34b6,['cpu'],"['reference_not_ranking', 'historical_competitors_not_rerun', 'system_resources_not_exclusive']"
gemm,cova_llvm_cpu_serial,default,same_process,observed,2.28869328298606,gemm,275b9806d38b1fd8119ee27bbc86fe06cc1e39a5,6,3,0c0d6b6a480e5bce18192950eed6fa367ca1dff111ffe96afd63e44b0357c489,a7cad45e3e7e87c02c7a2df12b4f75774f21a5cca78b504ff8830be9107f34b6,['cpu'],"['reference_not_ranking', 'historical_competitors_not_rerun', 'system_resources_not_exclusive']"
gemm,cova_llvm_cpu,default,initialization,observed,7.767969229025766,gemm,275b9806d38b1fd8119ee27bbc86fe06cc1e39a5,1,1,0c0d6b6a480e5bce18192950eed6fa367ca1dff111ffe96afd63e44b0357c489,a7cad45e3e7e87c02c7a2df12b4f75774f21a5cca78b504ff8830be9107f34b6,['cpu'],"['reference_not_ranking', 'historical_competitors_not_rerun', 'system_resources_not_exclusive']"
gemm,cova_llvm_cpu,default,fresh_process,observed,2.349494634952862,gemm,275b9806d38b1fd8119ee27bbc86fe06cc1e39a5,2,2,0c0d6b6a480e5bce18192950eed6fa367ca1dff111ffe96afd63e44b0357c489,a7cad45e3e7e87c02c7a2df12b4f75774f21a5cca78b504ff8830be9107f34b6,['cpu'],"['reference_not_ranking', 'historical_competitors_not_rerun', 'system_resources_not_exclusive']"
gemm,cova_llvm_cpu,default,same_process,observed,2.3444197310018353,gemm,275b9806d38b1fd8119ee27bbc86fe06cc1e39a5,6,3,0c0d6b6a480e5bce18192950eed6fa367ca1dff111ffe96afd63e44b0357c489,a7cad45e3e7e87c02c7a2df12b4f75774f21a5cca78b504ff8830be9107f34b6,['cpu'],"['reference_not_ranking', 'historical_competitors_not_rerun', 'system_resources_not_exclusive']"
gemm,cova_openmp_gpu,default,initialization,observed,7.151666025980376,gemm,275b9806d38b1fd8119ee27bbc86fe06cc1e39a5,1,1,0c0d6b6a480e5bce18192950eed6fa367ca1dff111ffe96afd63e44b0357c489,a7cad45e3e7e87c02c7a2df12b4f75774f21a5cca78b504ff8830be9107f34b6,['gpu'],"['reference_not_ranking', 'historical_competitors_not_rerun', 'system_resources_not_exclusive', 'gpu_placement_metadata_only']"
gemm,cova_openmp_gpu,default,fresh_process,observed,1.1167139419703744,gemm,275b9806d38b1fd8119ee27bbc86fe06cc1e39a5,2,2,0c0d6b6a480e5bce18192950eed6fa367ca1dff111ffe96afd63e44b0357c489,a7cad45e3e7e87c02c7a2df12b4f75774f21a5cca78b504ff8830be9107f34b6,['gpu'],"['reference_not_ranking', 'historical_competitors_not_rerun', 'system_resources_not_exclusive', 'gpu_placement_metadata_only']"
gemm,cova_openmp_gpu,default,same_process,observed,0.6821905014803633,gemm,275b9806d38b1fd8119ee27bbc86fe06cc1e39a5,6,3,0c0d6b6a480e5bce18192950eed6fa367ca1dff111ffe96afd63e44b0357c489,a7cad45e3e7e87c02c7a2df12b4f75774f21a5cca78b504ff8830be9107f34b6,['gpu'],"['reference_not_ranking', 'historical_competitors_not_rerun', 'system_resources_not_exclusive', 'gpu_placement_metadata_only']"
gemm,cova_llvm_gpu,default,initialization,observed,7.460195317980833,gemm,275b9806d38b1fd8119ee27bbc86fe06cc1e39a5,1,1,0c0d6b6a480e5bce18192950eed6fa367ca1dff111ffe96afd63e44b0357c489,a7cad45e3e7e87c02c7a2df12b4f75774f21a5cca78b504ff8830be9107f34b6,['gpu'],"['reference_not_ranking', 'historical_competitors_not_rerun', 'system_resources_not_exclusive', 'gpu_placement_metadata_only']"
gemm,cova_llvm_gpu,default,fresh_process,observed,0.6795904850005172,gemm,275b9806d38b1fd8119ee27bbc86fe06cc1e39a5,2,2,0c0d6b6a480e5bce18192950eed6fa367ca1dff111ffe96afd63e44b0357c489,a7cad45e3e7e87c02c7a2df12b4f75774f21a5cca78b504ff8830be9107f34b6,['gpu'],"['reference_not_ranking', 'historical_competitors_not_rerun', 'system_resources_not_exclusive', 'gpu_placement_metadata_only']"
gemm,cova_llvm_gpu,default,same_process,observed,0.34494959004223347,gemm,275b9806d38b1fd8119ee27bbc86fe06cc1e39a5,6,3,0c0d6b6a480e5bce18192950eed6fa367ca1dff111ffe96afd63e44b0357c489,a7cad45e3e7e87c02c7a2df12b4f75774f21a5cca78b504ff8830be9107f34b6,['gpu'],"['reference_not_ranking', 'historical_competitors_not_rerun', 'system_resources_not_exclusive', 'gpu_placement_metadata_only']"
gemver,cova_serial_cpu,default,initialization,observed,4.264775092015043,gemver,275b9806d38b1fd8119ee27bbc86fe06cc1e39a5,1,1,85cc572cc7692fb81b6c77506a30c2af771c098b9e57d5abf57198c996aa6ef6,8f83d1ce5ccca10e01496b8b60f5d329e3f1f9e85ecb87f3b836424334239f88,['cpu'],"['reference_not_ranking', 'historical_competitors_not_rerun', 'system_resources_not_exclusive']"
gemver,cova_serial_cpu,default,fresh_process,observed,0.9091574780177325,gemver,275b9806d38b1fd8119ee27bbc86fe06cc1e39a5,2,2,85cc572cc7692fb81b6c77506a30c2af771c098b9e57d5abf57198c996aa6ef6,8f83d1ce5ccca10e01496b8b60f5d329e3f1f9e85ecb87f3b836424334239f88,['cpu'],"['reference_not_ranking', 'historical_competitors_not_rerun', 'system_resources_not_exclusive']"
gemver,cova_serial_cpu,default,same_process,observed,0.668391169514507,gemver,275b9806d38b1fd8119ee27bbc86fe06cc1e39a5,6,3,85cc572cc7692fb81b6c77506a30c2af771c098b9e57d5abf57198c996aa6ef6,8f83d1ce5ccca10e01496b8b60f5d329e3f1f9e85ecb87f3b836424334239f88,['cpu'],"['reference_not_ranking', 'historical_competitors_not_rerun', 'system_resources_not_exclusive']"
gemver,cova_openmp_cpu,default,initialization,observed,4.639049494056962,gemver,275b9806d38b1fd8119ee27bbc86fe06cc1e39a5,1,1,85cc572cc7692fb81b6c77506a30c2af771c098b9e57d5abf57198c996aa6ef6,8f83d1ce5ccca10e01496b8b60f5d329e3f1f9e85ecb87f3b836424334239f88,['cpu'],"['reference_not_ranking', 'historical_competitors_not_rerun', 'system_resources_not_exclusive']"
gemver,cova_openmp_cpu,default,fresh_process,observed,1.33219820499653,gemver,275b9806d38b1fd8119ee27bbc86fe06cc1e39a5,2,2,85cc572cc7692fb81b6c77506a30c2af771c098b9e57d5abf57198c996aa6ef6,8f83d1ce5ccca10e01496b8b60f5d329e3f1f9e85ecb87f3b836424334239f88,['cpu'],"['reference_not_ranking', 'historical_competitors_not_rerun', 'system_resources_not_exclusive']"
gemver,cova_openmp_cpu,default,same_process,observed,1.2132718004868366,gemver,275b9806d38b1fd8119ee27bbc86fe06cc1e39a5,6,3,85cc572cc7692fb81b6c77506a30c2af771c098b9e57d5abf57198c996aa6ef6,8f83d1ce5ccca10e01496b8b60f5d329e3f1f9e85ecb87f3b836424334239f88,['cpu'],"['reference_not_ranking', 'historical_competitors_not_rerun', 'system_resources_not_exclusive']"
gemver,cova_llvm_cpu_serial,default,initialization,observed,4.766795374918729,gemver,275b9806d38b1fd8119ee27bbc86fe06cc1e39a5,1,1,85cc572cc7692fb81b6c77506a30c2af771c098b9e57d5abf57198c996aa6ef6,8f83d1ce5ccca10e01496b8b60f5d329e3f1f9e85ecb87f3b836424334239f88,['cpu'],"['reference_not_ranking', 'historical_competitors_not_rerun', 'system_resources_not_exclusive']"
gemver,cova_llvm_cpu_serial,default,fresh_process,observed,0.472772573470138,gemver,275b9806d38b1fd8119ee27bbc86fe06cc1e39a5,2,2,85cc572cc7692fb81b6c77506a30c2af771c098b9e57d5abf57198c996aa6ef6,8f83d1ce5ccca10e01496b8b60f5d329e3f1f9e85ecb87f3b836424334239f88,['cpu'],"['reference_not_ranking', 'historical_competitors_not_rerun', 'system_resources_not_exclusive']"
gemver,cova_llvm_cpu_serial,default,same_process,observed,0.3515782914473675,gemver,275b9806d38b1fd8119ee27bbc86fe06cc1e39a5,6,3,85cc572cc7692fb81b6c77506a30c2af771c098b9e57d5abf57198c996aa6ef6,8f83d1ce5ccca10e01496b8b60f5d329e3f1f9e85ecb87f3b836424334239f88,['cpu'],"['reference_not_ranking', 'historical_competitors_not_rerun', 'system_resources_not_exclusive']"
gemver,cova_llvm_cpu,default,initialization,observed,4.216201459988952,gemver,275b9806d38b1fd8119ee27bbc86fe06cc1e39a5,1,1,85cc572cc7692fb81b6c77506a30c2af771c098b9e57d5abf57198c996aa6ef6,8f83d1ce5ccca10e01496b8b60f5d329e3f1f9e85ecb87f3b836424334239f88,['cpu'],"['reference_not_ranking', 'historical_competitors_not_rerun', 'system_resources_not_exclusive']"
gemver,cova_llvm_cpu,default,fresh_process,observed,1.2995803424855694,gemver,275b9806d38b1fd8119ee27bbc86fe06cc1e39a5,2,2,85cc572cc7692fb81b6c77506a30c2af771c098b9e57d5abf57198c996aa6ef6,8f83d1ce5ccca10e01496b8b60f5d329e3f1f9e85ecb87f3b836424334239f88,['cpu'],"['reference_not_ranking', 'historical_competitors_not_rerun', 'system_resources_not_exclusive']"
gemver,cova_llvm_cpu,default,same_process,observed,1.1975226410431787,gemver,275b9806d38b1fd8119ee27bbc86fe06cc1e39a5,6,3,85cc572cc7692fb81b6c77506a30c2af771c098b9e57d5abf57198c996aa6ef6,8f83d1ce5ccca10e01496b8b60f5d329e3f1f9e85ecb87f3b836424334239f88,['cpu'],"['reference_not_ranking', 'historical_competitors_not_rerun', 'system_resources_not_exclusive']"
gemver,cova_openmp_gpu,default,initialization,observed,7.605238648015074,gemver,275b9806d38b1fd8119ee27bbc86fe06cc1e39a5,1,1,85cc572cc7692fb81b6c77506a30c2af771c098b9e57d5abf57198c996aa6ef6,8f83d1ce5ccca10e01496b8b60f5d329e3f1f9e85ecb87f3b836424334239f88,['gpu'],"['reference_not_ranking', 'historical_competitors_not_rerun', 'system_resources_not_exclusive', 'gpu_placement_metadata_only']"
gemver,cova_openmp_gpu,default,fresh_process,observed,0.7656198520562612,gemver,275b9806d38b1fd8119ee27bbc86fe06cc1e39a5,2,2,85cc572cc7692fb81b6c77506a30c2af771c098b9e57d5abf57198c996aa6ef6,8f83d1ce5ccca10e01496b8b60f5d329e3f1f9e85ecb87f3b836424334239f88,['gpu'],"['reference_not_ranking', 'historical_competitors_not_rerun', 'system_resources_not_exclusive', 'gpu_placement_metadata_only']"
gemver,cova_openmp_gpu,default,same_process,observed,0.4573456769576296,gemver,275b9806d38b1fd8119ee27bbc86fe06cc1e39a5,6,3,85cc572cc7692fb81b6c77506a30c2af771c098b9e57d5abf57198c996aa6ef6,8f83d1ce5ccca10e01496b8b60f5d329e3f1f9e85ecb87f3b836424334239f88,['gpu'],"['reference_not_ranking', 'historical_competitors_not_rerun', 'system_resources_not_exclusive', 'gpu_placement_metadata_only']"
gemver,cova_llvm_gpu,default,initialization,observed,19.419705791049637,gemver,275b9806d38b1fd8119ee27bbc86fe06cc1e39a5,1,1,85cc572cc7692fb81b6c77506a30c2af771c098b9e57d5abf57198c996aa6ef6,8f83d1ce5ccca10e01496b8b60f5d329e3f1f9e85ecb87f3b836424334239f88,['gpu'],"['reference_not_ranking', 'historical_competitors_not_rerun', 'system_resources_not_exclusive', 'gpu_placement_metadata_only']"
gemver,cova_llvm_gpu,default,fresh_process,observed,12.369175968051422,gemver,275b9806d38b1fd8119ee27bbc86fe06cc1e39a5,2,2,85cc572cc7692fb81b6c77506a30c2af771c098b9e57d5abf57198c996aa6ef6,8f83d1ce5ccca10e01496b8b60f5d329e3f1f9e85ecb87f3b836424334239f88,['gpu'],"['reference_not_ranking', 'historical_competitors_not_rerun', 'system_resources_not_exclusive', 'gpu_placement_metadata_only']"
gemver,cova_llvm_gpu,default,same_process,observed,11.904301874048542,gemver,275b9806d38b1fd8119ee27bbc86fe06cc1e39a5,6,3,85cc572cc7692fb81b6c77506a30c2af771c098b9e57d5abf57198c996aa6ef6,8f83d1ce5ccca10e01496b8b60f5d329e3f1f9e85ecb87f3b836424334239f88,['gpu'],"['reference_not_ranking', 'historical_competitors_not_rerun', 'system_resources_not_exclusive', 'gpu_placement_metadata_only']"
gesummv,cova_serial_cpu,default,initialization,observed,4.926000328967348,gesummv,275b9806d38b1fd8119ee27bbc86fe06cc1e39a5,1,1,0e62642787bfd7976dde4296be195e5cc2dd07cdd198d1233ad748fdaaf9fc80,603add7d548bef0a20a6309fbf3785c05014a0b3550717c6d424278bd55d2518,['cpu'],"['reference_not_ranking', 'historical_competitors_not_rerun', 'system_resources_not_exclusive']"
gesummv,cova_serial_cpu,default,fresh_process,observed,2.3463633369538,gesummv,275b9806d38b1fd8119ee27bbc86fe06cc1e39a5,2,2,0e62642787bfd7976dde4296be195e5cc2dd07cdd198d1233ad748fdaaf9fc80,603add7d548bef0a20a6309fbf3785c05014a0b3550717c6d424278bd55d2518,['cpu'],"['reference_not_ranking', 'historical_competitors_not_rerun', 'system_resources_not_exclusive']"
gesummv,cova_serial_cpu,default,same_process,observed,0.9194151684641838,gesummv,275b9806d38b1fd8119ee27bbc86fe06cc1e39a5,6,3,0e62642787bfd7976dde4296be195e5cc2dd07cdd198d1233ad748fdaaf9fc80,603add7d548bef0a20a6309fbf3785c05014a0b3550717c6d424278bd55d2518,['cpu'],"['reference_not_ranking', 'historical_competitors_not_rerun', 'system_resources_not_exclusive']"
gesummv,cova_openmp_cpu,default,initialization,observed,5.657145068049431,gesummv,275b9806d38b1fd8119ee27bbc86fe06cc1e39a5,1,1,0e62642787bfd7976dde4296be195e5cc2dd07cdd198d1233ad748fdaaf9fc80,603add7d548bef0a20a6309fbf3785c05014a0b3550717c6d424278bd55d2518,['cpu'],"['reference_not_ranking', 'historical_competitors_not_rerun', 'system_resources_not_exclusive']"
gesummv,cova_openmp_cpu,default,fresh_process,observed,3.0043544835061766,gesummv,275b9806d38b1fd8119ee27bbc86fe06cc1e39a5,2,2,0e62642787bfd7976dde4296be195e5cc2dd07cdd198d1233ad748fdaaf9fc80,603add7d548bef0a20a6309fbf3785c05014a0b3550717c6d424278bd55d2518,['cpu'],"['reference_not_ranking', 'historical_competitors_not_rerun', 'system_resources_not_exclusive']"
gesummv,cova_openmp_cpu,default,same_process,observed,2.3762037100386806,gesummv,275b9806d38b1fd8119ee27bbc86fe06cc1e39a5,6,3,0e62642787bfd7976dde4296be195e5cc2dd07cdd198d1233ad748fdaaf9fc80,603add7d548bef0a20a6309fbf3785c05014a0b3550717c6d424278bd55d2518,['cpu'],"['reference_not_ranking', 'historical_competitors_not_rerun', 'system_resources_not_exclusive']"
gesummv,cova_llvm_cpu_serial,default,initialization,observed,4.109364425064996,gesummv,275b9806d38b1fd8119ee27bbc86fe06cc1e39a5,1,1,0e62642787bfd7976dde4296be195e5cc2dd07cdd198d1233ad748fdaaf9fc80,603add7d548bef0a20a6309fbf3785c05014a0b3550717c6d424278bd55d2518,['cpu'],"['reference_not_ranking', 'historical_competitors_not_rerun', 'system_resources_not_exclusive']"
gesummv,cova_llvm_cpu_serial,default,fresh_process,observed,0.08083753800019622,gesummv,275b9806d38b1fd8119ee27bbc86fe06cc1e39a5,2,2,0e62642787bfd7976dde4296be195e5cc2dd07cdd198d1233ad748fdaaf9fc80,603add7d548bef0a20a6309fbf3785c05014a0b3550717c6d424278bd55d2518,['cpu'],"['reference_not_ranking', 'historical_competitors_not_rerun', 'system_resources_not_exclusive']"
gesummv,cova_llvm_cpu_serial,default,same_process,observed,0.06891433749115095,gesummv,275b9806d38b1fd8119ee27bbc86fe06cc1e39a5,6,3,0e62642787bfd7976dde4296be195e5cc2dd07cdd198d1233ad748fdaaf9fc80,603add7d548bef0a20a6309fbf3785c05014a0b3550717c6d424278bd55d2518,['cpu'],"['reference_not_ranking', 'historical_competitors_not_rerun', 'system_resources_not_exclusive']"
gesummv,cova_llvm_cpu,default,initialization,observed,4.662588145001791,gesummv,275b9806d38b1fd8119ee27bbc86fe06cc1e39a5,1,1,0e62642787bfd7976dde4296be195e5cc2dd07cdd198d1233ad748fdaaf9fc80,603add7d548bef0a20a6309fbf3785c05014a0b3550717c6d424278bd55d2518,['cpu'],"['reference_not_ranking', 'historical_competitors_not_rerun', 'system_resources_not_exclusive']"
gesummv,cova_llvm_cpu,default,fresh_process,observed,3.0699927460518666,gesummv,275b9806d38b1fd8119ee27bbc86fe06cc1e39a5,2,2,0e62642787bfd7976dde4296be195e5cc2dd07cdd198d1233ad748fdaaf9fc80,603add7d548bef0a20a6309fbf3785c05014a0b3550717c6d424278bd55d2518,['cpu'],"['reference_not_ranking', 'historical_competitors_not_rerun', 'system_resources_not_exclusive']"
gesummv,cova_llvm_cpu,default,same_process,observed,2.4545840734499507,gesummv,275b9806d38b1fd8119ee27bbc86fe06cc1e39a5,6,3,0e62642787bfd7976dde4296be195e5cc2dd07cdd198d1233ad748fdaaf9fc80,603add7d548bef0a20a6309fbf3785c05014a0b3550717c6d424278bd55d2518,['cpu'],"['reference_not_ranking', 'historical_competitors_not_rerun', 'system_resources_not_exclusive']"
gesummv,cova_openmp_gpu,default,initialization,observed,6.822353408904746,gesummv,275b9806d38b1fd8119ee27bbc86fe06cc1e39a5,1,1,0e62642787bfd7976dde4296be195e5cc2dd07cdd198d1233ad748fdaaf9fc80,603add7d548bef0a20a6309fbf3785c05014a0b3550717c6d424278bd55d2518,['gpu'],"['reference_not_ranking', 'historical_competitors_not_rerun', 'system_resources_not_exclusive', 'gpu_placement_metadata_only']"
gesummv,cova_openmp_gpu,default,fresh_process,observed,0.6663972105598077,gesummv,275b9806d38b1fd8119ee27bbc86fe06cc1e39a5,2,2,0e62642787bfd7976dde4296be195e5cc2dd07cdd198d1233ad748fdaaf9fc80,603add7d548bef0a20a6309fbf3785c05014a0b3550717c6d424278bd55d2518,['gpu'],"['reference_not_ranking', 'historical_competitors_not_rerun', 'system_resources_not_exclusive', 'gpu_placement_metadata_only']"
gesummv,cova_openmp_gpu,default,same_process,observed,0.2958240655134432,gesummv,275b9806d38b1fd8119ee27bbc86fe06cc1e39a5,6,3,0e62642787bfd7976dde4296be195e5cc2dd07cdd198d1233ad748fdaaf9fc80,603add7d548bef0a20a6309fbf3785c05014a0b3550717c6d424278bd55d2518,['gpu'],"['reference_not_ranking', 'historical_competitors_not_rerun', 'system_resources_not_exclusive', 'gpu_placement_metadata_only']"
gesummv,cova_llvm_gpu,default,initialization,observed,6.818934360984713,gesummv,275b9806d38b1fd8119ee27bbc86fe06cc1e39a5,1,1,0e62642787bfd7976dde4296be195e5cc2dd07cdd198d1233ad748fdaaf9fc80,603add7d548bef0a20a6309fbf3785c05014a0b3550717c6d424278bd55d2518,['gpu'],"['reference_not_ranking', 'historical_competitors_not_rerun', 'system_resources_not_exclusive', 'gpu_placement_metadata_only']"
gesummv,cova_llvm_gpu,default,fresh_process,observed,0.8954657585127279,gesummv,275b9806d38b1fd8119ee27bbc86fe06cc1e39a5,2,2,0e62642787bfd7976dde4296be195e5cc2dd07cdd198d1233ad748fdaaf9fc80,603add7d548bef0a20a6309fbf3785c05014a0b3550717c6d424278bd55d2518,['gpu'],"['reference_not_ranking', 'historical_competitors_not_rerun', 'system_resources_not_exclusive', 'gpu_placement_metadata_only']"
gesummv,cova_llvm_gpu,default,same_process,observed,0.3162986944662407,gesummv,275b9806d38b1fd8119ee27bbc86fe06cc1e39a5,6,3,0e62642787bfd7976dde4296be195e5cc2dd07cdd198d1233ad748fdaaf9fc80,603add7d548bef0a20a6309fbf3785c05014a0b3550717c6d424278bd55d2518,['gpu'],"['reference_not_ranking', 'historical_competitors_not_rerun', 'system_resources_not_exclusive', 'gpu_placement_metadata_only']"
go_fast,cova_serial_cpu,default,initialization,observed,5.644820370012894,go_fast,275b9806d38b1fd8119ee27bbc86fe06cc1e39a5,1,1,ae81860b1a6b200efcca939dedfc2ee5e6a861d07af0c13d6e54e4f1ed9dfb3a,27869e2eab641d51a4dcb8b144e082c2564882966a28c404e3c13fdb484f75cf,['cpu'],"['reference_not_ranking', 'historical_competitors_not_rerun', 'system_resources_not_exclusive']"
go_fast,cova_serial_cpu,default,fresh_process,observed,2.691079142037779,go_fast,275b9806d38b1fd8119ee27bbc86fe06cc1e39a5,2,2,ae81860b1a6b200efcca939dedfc2ee5e6a861d07af0c13d6e54e4f1ed9dfb3a,27869e2eab641d51a4dcb8b144e082c2564882966a28c404e3c13fdb484f75cf,['cpu'],"['reference_not_ranking', 'historical_competitors_not_rerun', 'system_resources_not_exclusive']"
go_fast,cova_serial_cpu,default,same_process,observed,1.176998382434249,go_fast,275b9806d38b1fd8119ee27bbc86fe06cc1e39a5,6,3,ae81860b1a6b200efcca939dedfc2ee5e6a861d07af0c13d6e54e4f1ed9dfb3a,27869e2eab641d51a4dcb8b144e082c2564882966a28c404e3c13fdb484f75cf,['cpu'],"['reference_not_ranking', 'historical_competitors_not_rerun', 'system_resources_not_exclusive']"
go_fast,cova_openmp_cpu,default,initialization,observed,2.5329196939710528,go_fast,275b9806d38b1fd8119ee27bbc86fe06cc1e39a5,1,1,ae81860b1a6b200efcca939dedfc2ee5e6a861d07af0c13d6e54e4f1ed9dfb3a,27869e2eab641d51a4dcb8b144e082c2564882966a28c404e3c13fdb484f75cf,['cpu'],"['reference_not_ranking', 'historical_competitors_not_rerun', 'system_resources_not_exclusive']"
go_fast,cova_openmp_cpu,default,fresh_process,observed,0.15064646844984964,go_fast,275b9806d38b1fd8119ee27bbc86fe06cc1e39a5,2,2,ae81860b1a6b200efcca939dedfc2ee5e6a861d07af0c13d6e54e4f1ed9dfb3a,27869e2eab641d51a4dcb8b144e082c2564882966a28c404e3c13fdb484f75cf,['cpu'],"['reference_not_ranking', 'historical_competitors_not_rerun', 'system_resources_not_exclusive']"
go_fast,cova_openmp_cpu,default,same_process,observed,0.13722622446948662,go_fast,275b9806d38b1fd8119ee27bbc86fe06cc1e39a5,6,3,ae81860b1a6b200efcca939dedfc2ee5e6a861d07af0c13d6e54e4f1ed9dfb3a,27869e2eab641d51a4dcb8b144e082c2564882966a28c404e3c13fdb484f75cf,['cpu'],"['reference_not_ranking', 'historical_competitors_not_rerun', 'system_resources_not_exclusive']"
go_fast,cova_llvm_cpu_serial,default,initialization,observed,5.215666576987132,go_fast,275b9806d38b1fd8119ee27bbc86fe06cc1e39a5,1,1,ae81860b1a6b200efcca939dedfc2ee5e6a861d07af0c13d6e54e4f1ed9dfb3a,27869e2eab641d51a4dcb8b144e082c2564882966a28c404e3c13fdb484f75cf,['cpu'],"['reference_not_ranking', 'historical_competitors_not_rerun', 'system_resources_not_exclusive']"
go_fast,cova_llvm_cpu_serial,default,fresh_process,observed,2.897478337981738,go_fast,275b9806d38b1fd8119ee27bbc86fe06cc1e39a5,2,2,ae81860b1a6b200efcca939dedfc2ee5e6a861d07af0c13d6e54e4f1ed9dfb3a,27869e2eab641d51a4dcb8b144e082c2564882966a28c404e3c13fdb484f75cf,['cpu'],"['reference_not_ranking', 'historical_competitors_not_rerun', 'system_resources_not_exclusive']"
go_fast,cova_llvm_cpu_serial,default,same_process,observed,3.1453564789844677,go_fast,275b9806d38b1fd8119ee27bbc86fe06cc1e39a5,6,3,ae81860b1a6b200efcca939dedfc2ee5e6a861d07af0c13d6e54e4f1ed9dfb3a,27869e2eab641d51a4dcb8b144e082c2564882966a28c404e3c13fdb484f75cf,['cpu'],"['reference_not_ranking', 'historical_competitors_not_rerun', 'system_resources_not_exclusive']"
go_fast,cova_llvm_cpu,default,initialization,observed,5.497138358070515,go_fast,275b9806d38b1fd8119ee27bbc86fe06cc1e39a5,1,1,ae81860b1a6b200efcca939dedfc2ee5e6a861d07af0c13d6e54e4f1ed9dfb3a,27869e2eab641d51a4dcb8b144e082c2564882966a28c404e3c13fdb484f75cf,['cpu'],"['reference_not_ranking', 'historical_competitors_not_rerun', 'system_resources_not_exclusive']"
go_fast,cova_llvm_cpu,default,fresh_process,observed,3.046404331573285,go_fast,275b9806d38b1fd8119ee27bbc86fe06cc1e39a5,2,2,ae81860b1a6b200efcca939dedfc2ee5e6a861d07af0c13d6e54e4f1ed9dfb3a,27869e2eab641d51a4dcb8b144e082c2564882966a28c404e3c13fdb484f75cf,['cpu'],"['reference_not_ranking', 'historical_competitors_not_rerun', 'system_resources_not_exclusive']"
go_fast,cova_llvm_cpu,default,same_process,observed,3.1561177870607935,go_fast,275b9806d38b1fd8119ee27bbc86fe06cc1e39a5,6,3,ae81860b1a6b200efcca939dedfc2ee5e6a861d07af0c13d6e54e4f1ed9dfb3a,27869e2eab641d51a4dcb8b144e082c2564882966a28c404e3c13fdb484f75cf,['cpu'],"['reference_not_ranking', 'historical_competitors_not_rerun', 'system_resources_not_exclusive']"
go_fast,cova_openmp_gpu,default,initialization,observed,8.412054497050121,go_fast,275b9806d38b1fd8119ee27bbc86fe06cc1e39a5,1,1,ae81860b1a6b200efcca939dedfc2ee5e6a861d07af0c13d6e54e4f1ed9dfb3a,27869e2eab641d51a4dcb8b144e082c2564882966a28c404e3c13fdb484f75cf,['cpu'],"['reference_not_ranking', 'historical_competitors_not_rerun', 'system_resources_not_exclusive', 'gpu_placement_metadata_only']"
go_fast,cova_openmp_gpu,default,fresh_process,observed,3.2477711099782027,go_fast,275b9806d38b1fd8119ee27bbc86fe06cc1e39a5,2,2,ae81860b1a6b200efcca939dedfc2ee5e6a861d07af0c13d6e54e4f1ed9dfb3a,27869e2eab641d51a4dcb8b144e082c2564882966a28c404e3c13fdb484f75cf,['cpu'],"['reference_not_ranking', 'historical_competitors_not_rerun', 'system_resources_not_exclusive', 'gpu_placement_metadata_only']"
go_fast,cova_openmp_gpu,default,same_process,observed,3.3963099120301194,go_fast,275b9806d38b1fd8119ee27bbc86fe06cc1e39a5,6,3,ae81860b1a6b200efcca939dedfc2ee5e6a861d07af0c13d6e54e4f1ed9dfb3a,27869e2eab641d51a4dcb8b144e082c2564882966a28c404e3c13fdb484f75cf,['cpu'],"['reference_not_ranking', 'historical_competitors_not_rerun', 'system_resources_not_exclusive', 'gpu_placement_metadata_only']"
go_fast,cova_llvm_gpu,default,initialization,observed,22.48355815198738,go_fast,275b9806d38b1fd8119ee27bbc86fe06cc1e39a5,1,1,ae81860b1a6b200efcca939dedfc2ee5e6a861d07af0c13d6e54e4f1ed9dfb3a,27869e2eab641d51a4dcb8b144e082c2564882966a28c404e3c13fdb484f75cf,['gpu'],"['reference_not_ranking', 'historical_competitors_not_rerun', 'system_resources_not_exclusive', 'gpu_placement_metadata_only']"
go_fast,cova_llvm_gpu,default,fresh_process,observed,6.792758191993926,go_fast,275b9806d38b1fd8119ee27bbc86fe06cc1e39a5,2,2,ae81860b1a6b200efcca939dedfc2ee5e6a861d07af0c13d6e54e4f1ed9dfb3a,27869e2eab641d51a4dcb8b144e082c2564882966a28c404e3c13fdb484f75cf,['gpu'],"['reference_not_ranking', 'historical_competitors_not_rerun', 'system_resources_not_exclusive', 'gpu_placement_metadata_only']"
go_fast,cova_llvm_gpu,default,same_process,observed,6.100185645511374,go_fast,275b9806d38b1fd8119ee27bbc86fe06cc1e39a5,6,3,ae81860b1a6b200efcca939dedfc2ee5e6a861d07af0c13d6e54e4f1ed9dfb3a,27869e2eab641d51a4dcb8b144e082c2564882966a28c404e3c13fdb484f75cf,['gpu'],"['reference_not_ranking', 'historical_competitors_not_rerun', 'system_resources_not_exclusive', 'gpu_placement_metadata_only']"
gramschmidt,cova_serial_cpu,default,initialization,observed,2.499015574925579,gramschmidt,275b9806d38b1fd8119ee27bbc86fe06cc1e39a5,1,1,1f3d8680c6c62cb57662259efbd6317e805dc931a93921d1f417b2d9a8b00706,0cd9b7683af012b2f89286b1d7f883de9ac11e0a801ad6a40757c753baba615b,['cpu'],"['reference_not_ranking', 'historical_competitors_not_rerun', 'system_resources_not_exclusive']"
gramschmidt,cova_serial_cpu,default,fresh_process,observed,0.3337623755214736,gramschmidt,275b9806d38b1fd8119ee27bbc86fe06cc1e39a5,2,2,1f3d8680c6c62cb57662259efbd6317e805dc931a93921d1f417b2d9a8b00706,0cd9b7683af012b2f89286b1d7f883de9ac11e0a801ad6a40757c753baba615b,['cpu'],"['reference_not_ranking', 'historical_competitors_not_rerun', 'system_resources_not_exclusive']"
gramschmidt,cova_serial_cpu,default,same_process,observed,0.41489848849596456,gramschmidt,275b9806d38b1fd8119ee27bbc86fe06cc1e39a5,6,3,1f3d8680c6c62cb57662259efbd6317e805dc931a93921d1f417b2d9a8b00706,0cd9b7683af012b2f89286b1d7f883de9ac11e0a801ad6a40757c753baba615b,['cpu'],"['reference_not_ranking', 'historical_competitors_not_rerun', 'system_resources_not_exclusive']"
gramschmidt,cova_openmp_cpu,default,initialization,observed,2.8346318079857156,gramschmidt,275b9806d38b1fd8119ee27bbc86fe06cc1e39a5,1,1,1f3d8680c6c62cb57662259efbd6317e805dc931a93921d1f417b2d9a8b00706,0cd9b7683af012b2f89286b1d7f883de9ac11e0a801ad6a40757c753baba615b,['cpu'],"['reference_not_ranking', 'historical_competitors_not_rerun', 'system_resources_not_exclusive']"
gramschmidt,cova_openmp_cpu,default,fresh_process,observed,0.39337541052373126,gramschmidt,275b9806d38b1fd8119ee27bbc86fe06cc1e39a5,2,2,1f3d8680c6c62cb57662259efbd6317e805dc931a93921d1f417b2d9a8b00706,0cd9b7683af012b2f89286b1d7f883de9ac11e0a801ad6a40757c753baba615b,['cpu'],"['reference_not_ranking', 'historical_competitors_not_rerun', 'system_resources_not_exclusive']"
gramschmidt,cova_openmp_cpu,default,same_process,observed,0.4209221749333665,gramschmidt,275b9806d38b1fd8119ee27bbc86fe06cc1e39a5,6,3,1f3d8680c6c62cb57662259efbd6317e805dc931a93921d1f417b2d9a8b00706,0cd9b7683af012b2f89286b1d7f883de9ac11e0a801ad6a40757c753baba615b,['cpu'],"['reference_not_ranking', 'historical_competitors_not_rerun', 'system_resources_not_exclusive']"
gramschmidt,cova_llvm_cpu_serial,default,initialization,observed,2.1483780100243166,gramschmidt,275b9806d38b1fd8119ee27bbc86fe06cc1e39a5,1,1,1f3d8680c6c62cb57662259efbd6317e805dc931a93921d1f417b2d9a8b00706,0cd9b7683af012b2f89286b1d7f883de9ac11e0a801ad6a40757c753baba615b,['cpu'],"['reference_not_ranking', 'historical_competitors_not_rerun', 'system_resources_not_exclusive']"
gramschmidt,cova_llvm_cpu_serial,default,fresh_process,observed,0.3329439544468187,gramschmidt,275b9806d38b1fd8119ee27bbc86fe06cc1e39a5,2,2,1f3d8680c6c62cb57662259efbd6317e805dc931a93921d1f417b2d9a8b00706,0cd9b7683af012b2f89286b1d7f883de9ac11e0a801ad6a40757c753baba615b,['cpu'],"['reference_not_ranking', 'historical_competitors_not_rerun', 'system_resources_not_exclusive']"
gramschmidt,cova_llvm_cpu_serial,default,same_process,observed,0.41474508243845776,gramschmidt,275b9806d38b1fd8119ee27bbc86fe06cc1e39a5,6,3,1f3d8680c6c62cb57662259efbd6317e805dc931a93921d1f417b2d9a8b00706,0cd9b7683af012b2f89286b1d7f883de9ac11e0a801ad6a40757c753baba615b,['cpu'],"['reference_not_ranking', 'historical_competitors_not_rerun', 'system_resources_not_exclusive']"
gramschmidt,cova_llvm_cpu,default,initialization,observed,2.3175741320010275,gramschmidt,275b9806d38b1fd8119ee27bbc86fe06cc1e39a5,1,1,1f3d8680c6c62cb57662259efbd6317e805dc931a93921d1f417b2d9a8b00706,0cd9b7683af012b2f89286b1d7f883de9ac11e0a801ad6a40757c753baba615b,['cpu'],"['reference_not_ranking', 'historical_competitors_not_rerun', 'system_resources_not_exclusive']"
gramschmidt,cova_llvm_cpu,default,fresh_process,observed,0.33227719098795205,gramschmidt,275b9806d38b1fd8119ee27bbc86fe06cc1e39a5,2,2,1f3d8680c6c62cb57662259efbd6317e805dc931a93921d1f417b2d9a8b00706,0cd9b7683af012b2f89286b1d7f883de9ac11e0a801ad6a40757c753baba615b,['cpu'],"['reference_not_ranking', 'historical_competitors_not_rerun', 'system_resources_not_exclusive']"
gramschmidt,cova_llvm_cpu,default,same_process,observed,0.4173089250107296,gramschmidt,275b9806d38b1fd8119ee27bbc86fe06cc1e39a5,6,3,1f3d8680c6c62cb57662259efbd6317e805dc931a93921d1f417b2d9a8b00706,0cd9b7683af012b2f89286b1d7f883de9ac11e0a801ad6a40757c753baba615b,['cpu'],"['reference_not_ranking', 'historical_competitors_not_rerun', 'system_resources_not_exclusive']"
gramschmidt,cova_openmp_gpu,default,initialization,observed,5.081692848005332,gramschmidt,275b9806d38b1fd8119ee27bbc86fe06cc1e39a5,1,1,1f3d8680c6c62cb57662259efbd6317e805dc931a93921d1f417b2d9a8b00706,0cd9b7683af012b2f89286b1d7f883de9ac11e0a801ad6a40757c753baba615b,['cpu'],"['reference_not_ranking', 'historical_competitors_not_rerun', 'system_resources_not_exclusive', 'gpu_placement_metadata_only']"
gramschmidt,cova_openmp_gpu,default,fresh_process,observed,0.366706068511121,gramschmidt,275b9806d38b1fd8119ee27bbc86fe06cc1e39a5,2,2,1f3d8680c6c62cb57662259efbd6317e805dc931a93921d1f417b2d9a8b00706,0cd9b7683af012b2f89286b1d7f883de9ac11e0a801ad6a40757c753baba615b,['cpu'],"['reference_not_ranking', 'historical_competitors_not_rerun', 'system_resources_not_exclusive', 'gpu_placement_metadata_only']"
gramschmidt,cova_openmp_gpu,default,same_process,observed,0.35512005048803985,gramschmidt,275b9806d38b1fd8119ee27bbc86fe06cc1e39a5,6,3,1f3d8680c6c62cb57662259efbd6317e805dc931a93921d1f417b2d9a8b00706,0cd9b7683af012b2f89286b1d7f883de9ac11e0a801ad6a40757c753baba615b,['cpu'],"['reference_not_ranking', 'historical_competitors_not_rerun', 'system_resources_not_exclusive', 'gpu_placement_metadata_only']"
gramschmidt,cova_llvm_gpu,default,initialization,observed,34.57717920502182,gramschmidt,275b9806d38b1fd8119ee27bbc86fe06cc1e39a5,1,1,1f3d8680c6c62cb57662259efbd6317e805dc931a93921d1f417b2d9a8b00706,0cd9b7683af012b2f89286b1d7f883de9ac11e0a801ad6a40757c753baba615b,['mixed'],"['reference_not_ranking', 'historical_competitors_not_rerun', 'system_resources_not_exclusive', 'gpu_placement_metadata_only']"
gramschmidt,cova_llvm_gpu,default,fresh_process,observed,29.698614367458504,gramschmidt,275b9806d38b1fd8119ee27bbc86fe06cc1e39a5,2,2,1f3d8680c6c62cb57662259efbd6317e805dc931a93921d1f417b2d9a8b00706,0cd9b7683af012b2f89286b1d7f883de9ac11e0a801ad6a40757c753baba615b,['mixed'],"['reference_not_ranking', 'historical_competitors_not_rerun', 'system_resources_not_exclusive', 'gpu_placement_metadata_only']"
gramschmidt,cova_llvm_gpu,default,same_process,observed,29.421074401470833,gramschmidt,275b9806d38b1fd8119ee27bbc86fe06cc1e39a5,6,3,1f3d8680c6c62cb57662259efbd6317e805dc931a93921d1f417b2d9a8b00706,0cd9b7683af012b2f89286b1d7f883de9ac11e0a801ad6a40757c753baba615b,['mixed'],"['reference_not_ranking', 'historical_competitors_not_rerun', 'system_resources_not_exclusive', 'gpu_placement_metadata_only']"
hdiff,cova_serial_cpu,default,initialization,observed,5.338858572067693,hdiff,275b9806d38b1fd8119ee27bbc86fe06cc1e39a5,1,1,db572ba94a6764cd4f333fd1c155d8498c95bfc20a8f378ce3588d5b7ef038ef,e800ed3dc8d530d7e84b4a637b91cc6d9bc1280101023ee86a27f69cfa34eec1,['cpu'],"['reference_not_ranking', 'historical_competitors_not_rerun', 'system_resources_not_exclusive']"
hdiff,cova_serial_cpu,default,fresh_process,observed,1.6864885200047866,hdiff,275b9806d38b1fd8119ee27bbc86fe06cc1e39a5,2,2,db572ba94a6764cd4f333fd1c155d8498c95bfc20a8f378ce3588d5b7ef038ef,e800ed3dc8d530d7e84b4a637b91cc6d9bc1280101023ee86a27f69cfa34eec1,['cpu'],"['reference_not_ranking', 'historical_competitors_not_rerun', 'system_resources_not_exclusive']"
hdiff,cova_serial_cpu,default,same_process,observed,1.3506879464839585,hdiff,275b9806d38b1fd8119ee27bbc86fe06cc1e39a5,6,3,db572ba94a6764cd4f333fd1c155d8498c95bfc20a8f378ce3588d5b7ef038ef,e800ed3dc8d530d7e84b4a637b91cc6d9bc1280101023ee86a27f69cfa34eec1,['cpu'],"['reference_not_ranking', 'historical_competitors_not_rerun', 'system_resources_not_exclusive']"
hdiff,cova_openmp_cpu,default,initialization,observed,5.564732618047856,hdiff,275b9806d38b1fd8119ee27bbc86fe06cc1e39a5,1,1,db572ba94a6764cd4f333fd1c155d8498c95bfc20a8f378ce3588d5b7ef038ef,e800ed3dc8d530d7e84b4a637b91cc6d9bc1280101023ee86a27f69cfa34eec1,['cpu'],"['reference_not_ranking', 'historical_competitors_not_rerun', 'system_resources_not_exclusive']"
hdiff,cova_openmp_cpu,default,fresh_process,observed,1.9932916174875572,hdiff,275b9806d38b1fd8119ee27bbc86fe06cc1e39a5,2,2,db572ba94a6764cd4f333fd1c155d8498c95bfc20a8f378ce3588d5b7ef038ef,e800ed3dc8d530d7e84b4a637b91cc6d9bc1280101023ee86a27f69cfa34eec1,['cpu'],"['reference_not_ranking', 'historical_competitors_not_rerun', 'system_resources_not_exclusive']"
hdiff,cova_openmp_cpu,default,same_process,observed,2.1740374480141327,hdiff,275b9806d38b1fd8119ee27bbc86fe06cc1e39a5,6,3,db572ba94a6764cd4f333fd1c155d8498c95bfc20a8f378ce3588d5b7ef038ef,e800ed3dc8d530d7e84b4a637b91cc6d9bc1280101023ee86a27f69cfa34eec1,['cpu'],"['reference_not_ranking', 'historical_competitors_not_rerun', 'system_resources_not_exclusive']"
hdiff,cova_llvm_cpu_serial,default,initialization,observed,4.697613473981619,hdiff,275b9806d38b1fd8119ee27bbc86fe06cc1e39a5,1,1,db572ba94a6764cd4f333fd1c155d8498c95bfc20a8f378ce3588d5b7ef038ef,e800ed3dc8d530d7e84b4a637b91cc6d9bc1280101023ee86a27f69cfa34eec1,['cpu'],"['reference_not_ranking', 'historical_competitors_not_rerun', 'system_resources_not_exclusive']"
hdiff,cova_llvm_cpu_serial,default,fresh_process,observed,1.685097603010945,hdiff,275b9806d38b1fd8119ee27bbc86fe06cc1e39a5,2,2,db572ba94a6764cd4f333fd1c155d8498c95bfc20a8f378ce3588d5b7ef038ef,e800ed3dc8d530d7e84b4a637b91cc6d9bc1280101023ee86a27f69cfa34eec1,['cpu'],"['reference_not_ranking', 'historical_competitors_not_rerun', 'system_resources_not_exclusive']"
hdiff,cova_llvm_cpu_serial,default,same_process,observed,2.0369279265287332,hdiff,275b9806d38b1fd8119ee27bbc86fe06cc1e39a5,6,3,db572ba94a6764cd4f333fd1c155d8498c95bfc20a8f378ce3588d5b7ef038ef,e800ed3dc8d530d7e84b4a637b91cc6d9bc1280101023ee86a27f69cfa34eec1,['cpu'],"['reference_not_ranking', 'historical_competitors_not_rerun', 'system_resources_not_exclusive']"
hdiff,cova_llvm_cpu,default,initialization,observed,4.312801191932522,hdiff,275b9806d38b1fd8119ee27bbc86fe06cc1e39a5,1,1,db572ba94a6764cd4f333fd1c155d8498c95bfc20a8f378ce3588d5b7ef038ef,e800ed3dc8d530d7e84b4a637b91cc6d9bc1280101023ee86a27f69cfa34eec1,['cpu'],"['reference_not_ranking', 'historical_competitors_not_rerun', 'system_resources_not_exclusive']"
hdiff,cova_llvm_cpu,default,fresh_process,observed,2.0848896275274456,hdiff,275b9806d38b1fd8119ee27bbc86fe06cc1e39a5,2,2,db572ba94a6764cd4f333fd1c155d8498c95bfc20a8f378ce3588d5b7ef038ef,e800ed3dc8d530d7e84b4a637b91cc6d9bc1280101023ee86a27f69cfa34eec1,['cpu'],"['reference_not_ranking', 'historical_competitors_not_rerun', 'system_resources_not_exclusive']"
hdiff,cova_llvm_cpu,default,same_process,observed,1.2534501014160924,hdiff,275b9806d38b1fd8119ee27bbc86fe06cc1e39a5,6,3,db572ba94a6764cd4f333fd1c155d8498c95bfc20a8f378ce3588d5b7ef038ef,e800ed3dc8d530d7e84b4a637b91cc6d9bc1280101023ee86a27f69cfa34eec1,['cpu'],"['reference_not_ranking', 'historical_competitors_not_rerun', 'system_resources_not_exclusive']"
hdiff,cova_openmp_gpu,default,initialization,observed,12.94787264498882,hdiff,275b9806d38b1fd8119ee27bbc86fe06cc1e39a5,1,1,db572ba94a6764cd4f333fd1c155d8498c95bfc20a8f378ce3588d5b7ef038ef,e800ed3dc8d530d7e84b4a637b91cc6d9bc1280101023ee86a27f69cfa34eec1,['gpu'],"['reference_not_ranking', 'historical_competitors_not_rerun', 'system_resources_not_exclusive', 'gpu_placement_metadata_only']"
hdiff,cova_openmp_gpu,default,fresh_process,observed,3.8464815545012243,hdiff,275b9806d38b1fd8119ee27bbc86fe06cc1e39a5,2,2,db572ba94a6764cd4f333fd1c155d8498c95bfc20a8f378ce3588d5b7ef038ef,e800ed3dc8d530d7e84b4a637b91cc6d9bc1280101023ee86a27f69cfa34eec1,['gpu'],"['reference_not_ranking', 'historical_competitors_not_rerun', 'system_resources_not_exclusive', 'gpu_placement_metadata_only']"
hdiff,cova_openmp_gpu,default,same_process,observed,3.5574135594652034,hdiff,275b9806d38b1fd8119ee27bbc86fe06cc1e39a5,6,3,db572ba94a6764cd4f333fd1c155d8498c95bfc20a8f378ce3588d5b7ef038ef,e800ed3dc8d530d7e84b4a637b91cc6d9bc1280101023ee86a27f69cfa34eec1,['gpu'],"['reference_not_ranking', 'historical_competitors_not_rerun', 'system_resources_not_exclusive', 'gpu_placement_metadata_only']"
hdiff,cova_llvm_gpu,default,initialization,observed,7.984540392062627,hdiff,275b9806d38b1fd8119ee27bbc86fe06cc1e39a5,1,1,db572ba94a6764cd4f333fd1c155d8498c95bfc20a8f378ce3588d5b7ef038ef,e800ed3dc8d530d7e84b4a637b91cc6d9bc1280101023ee86a27f69cfa34eec1,['gpu'],"['reference_not_ranking', 'historical_competitors_not_rerun', 'system_resources_not_exclusive', 'gpu_placement_metadata_only']"
hdiff,cova_llvm_gpu,default,fresh_process,observed,2.1515115934889764,hdiff,275b9806d38b1fd8119ee27bbc86fe06cc1e39a5,2,2,db572ba94a6764cd4f333fd1c155d8498c95bfc20a8f378ce3588d5b7ef038ef,e800ed3dc8d530d7e84b4a637b91cc6d9bc1280101023ee86a27f69cfa34eec1,['gpu'],"['reference_not_ranking', 'historical_competitors_not_rerun', 'system_resources_not_exclusive', 'gpu_placement_metadata_only']"
hdiff,cova_llvm_gpu,default,same_process,observed,1.9236046114820056,hdiff,275b9806d38b1fd8119ee27bbc86fe06cc1e39a5,6,3,db572ba94a6764cd4f333fd1c155d8498c95bfc20a8f378ce3588d5b7ef038ef,e800ed3dc8d530d7e84b4a637b91cc6d9bc1280101023ee86a27f69cfa34eec1,['gpu'],"['reference_not_ranking', 'historical_competitors_not_rerun', 'system_resources_not_exclusive', 'gpu_placement_metadata_only']"
heat_3d,cova_serial_cpu,default,initialization,observed,2.2542763219680637,heat_3d,275b9806d38b1fd8119ee27bbc86fe06cc1e39a5,1,1,30fe858bb26413e6677f8fa2af4b685936ad2acf33485956268a9184b302da55,a81cc292224c841a9ce27e90c6d26d29c8ea5a75badeca9376911772a40bf22f,['cpu'],"['reference_not_ranking', 'historical_competitors_not_rerun', 'system_resources_not_exclusive']"
heat_3d,cova_serial_cpu,default,fresh_process,observed,0.09104174049571157,heat_3d,275b9806d38b1fd8119ee27bbc86fe06cc1e39a5,2,2,30fe858bb26413e6677f8fa2af4b685936ad2acf33485956268a9184b302da55,a81cc292224c841a9ce27e90c6d26d29c8ea5a75badeca9376911772a40bf22f,['cpu'],"['reference_not_ranking', 'historical_competitors_not_rerun', 'system_resources_not_exclusive']"
heat_3d,cova_serial_cpu,default,same_process,observed,0.08957561053102836,heat_3d,275b9806d38b1fd8119ee27bbc86fe06cc1e39a5,6,3,30fe858bb26413e6677f8fa2af4b685936ad2acf33485956268a9184b302da55,a81cc292224c841a9ce27e90c6d26d29c8ea5a75badeca9376911772a40bf22f,['cpu'],"['reference_not_ranking', 'historical_competitors_not_rerun', 'system_resources_not_exclusive']"
heat_3d,cova_openmp_cpu,default,initialization,observed,2.6224600459681824,heat_3d,275b9806d38b1fd8119ee27bbc86fe06cc1e39a5,1,1,30fe858bb26413e6677f8fa2af4b685936ad2acf33485956268a9184b302da55,a81cc292224c841a9ce27e90c6d26d29c8ea5a75badeca9376911772a40bf22f,['cpu'],"['reference_not_ranking', 'historical_competitors_not_rerun', 'system_resources_not_exclusive']"
heat_3d,cova_openmp_cpu,default,fresh_process,observed,0.09740779997082427,heat_3d,275b9806d38b1fd8119ee27bbc86fe06cc1e39a5,2,2,30fe858bb26413e6677f8fa2af4b685936ad2acf33485956268a9184b302da55,a81cc292224c841a9ce27e90c6d26d29c8ea5a75badeca9376911772a40bf22f,['cpu'],"['reference_not_ranking', 'historical_competitors_not_rerun', 'system_resources_not_exclusive']"
heat_3d,cova_openmp_cpu,default,same_process,observed,0.09744472953025252,heat_3d,275b9806d38b1fd8119ee27bbc86fe06cc1e39a5,6,3,30fe858bb26413e6677f8fa2af4b685936ad2acf33485956268a9184b302da55,a81cc292224c841a9ce27e90c6d26d29c8ea5a75badeca9376911772a40bf22f,['cpu'],"['reference_not_ranking', 'historical_competitors_not_rerun', 'system_resources_not_exclusive']"
heat_3d,cova_llvm_cpu_serial,default,initialization,observed,1.8823866450693458,heat_3d,275b9806d38b1fd8119ee27bbc86fe06cc1e39a5,1,1,30fe858bb26413e6677f8fa2af4b685936ad2acf33485956268a9184b302da55,a81cc292224c841a9ce27e90c6d26d29c8ea5a75badeca9376911772a40bf22f,['cpu'],"['reference_not_ranking', 'historical_competitors_not_rerun', 'system_resources_not_exclusive']"
heat_3d,cova_llvm_cpu_serial,default,fresh_process,observed,0.09206837596138939,heat_3d,275b9806d38b1fd8119ee27bbc86fe06cc1e39a5,2,2,30fe858bb26413e6677f8fa2af4b685936ad2acf33485956268a9184b302da55,a81cc292224c841a9ce27e90c6d26d29c8ea5a75badeca9376911772a40bf22f,['cpu'],"['reference_not_ranking', 'historical_competitors_not_rerun', 'system_resources_not_exclusive']"
heat_3d,cova_llvm_cpu_serial,default,same_process,observed,0.06799255101941526,heat_3d,275b9806d38b1fd8119ee27bbc86fe06cc1e39a5,6,3,30fe858bb26413e6677f8fa2af4b685936ad2acf33485956268a9184b302da55,a81cc292224c841a9ce27e90c6d26d29c8ea5a75badeca9376911772a40bf22f,['cpu'],"['reference_not_ranking', 'historical_competitors_not_rerun', 'system_resources_not_exclusive']"
heat_3d,cova_llvm_cpu,default,initialization,observed,1.860577823012136,heat_3d,275b9806d38b1fd8119ee27bbc86fe06cc1e39a5,1,1,30fe858bb26413e6677f8fa2af4b685936ad2acf33485956268a9184b302da55,a81cc292224c841a9ce27e90c6d26d29c8ea5a75badeca9376911772a40bf22f,['cpu'],"['reference_not_ranking', 'historical_competitors_not_rerun', 'system_resources_not_exclusive']"
heat_3d,cova_llvm_cpu,default,fresh_process,observed,0.0844948030426167,heat_3d,275b9806d38b1fd8119ee27bbc86fe06cc1e39a5,2,2,30fe858bb26413e6677f8fa2af4b685936ad2acf33485956268a9184b302da55,a81cc292224c841a9ce27e90c6d26d29c8ea5a75badeca9376911772a40bf22f,['cpu'],"['reference_not_ranking', 'historical_competitors_not_rerun', 'system_resources_not_exclusive']"
heat_3d,cova_llvm_cpu,default,same_process,observed,0.08747931552352384,heat_3d,275b9806d38b1fd8119ee27bbc86fe06cc1e39a5,6,3,30fe858bb26413e6677f8fa2af4b685936ad2acf33485956268a9184b302da55,a81cc292224c841a9ce27e90c6d26d29c8ea5a75badeca9376911772a40bf22f,['cpu'],"['reference_not_ranking', 'historical_competitors_not_rerun', 'system_resources_not_exclusive']"
heat_3d,cova_openmp_gpu,default,initialization,observed,4.396973529015668,heat_3d,275b9806d38b1fd8119ee27bbc86fe06cc1e39a5,1,1,30fe858bb26413e6677f8fa2af4b685936ad2acf33485956268a9184b302da55,a81cc292224c841a9ce27e90c6d26d29c8ea5a75badeca9376911772a40bf22f,['cpu'],"['reference_not_ranking', 'historical_competitors_not_rerun', 'system_resources_not_exclusive', 'gpu_placement_metadata_only']"
heat_3d,cova_openmp_gpu,default,fresh_process,observed,0.09764133096905425,heat_3d,275b9806d38b1fd8119ee27bbc86fe06cc1e39a5,2,2,30fe858bb26413e6677f8fa2af4b685936ad2acf33485956268a9184b302da55,a81cc292224c841a9ce27e90c6d26d29c8ea5a75badeca9376911772a40bf22f,['cpu'],"['reference_not_ranking', 'historical_competitors_not_rerun', 'system_resources_not_exclusive', 'gpu_placement_metadata_only']"
heat_3d,cova_openmp_gpu,default,same_process,observed,0.09802659502020106,heat_3d,275b9806d38b1fd8119ee27bbc86fe06cc1e39a5,6,3,30fe858bb26413e6677f8fa2af4b685936ad2acf33485956268a9184b302da55,a81cc292224c841a9ce27e90c6d26d29c8ea5a75badeca9376911772a40bf22f,['cpu'],"['reference_not_ranking', 'historical_competitors_not_rerun', 'system_resources_not_exclusive', 'gpu_placement_metadata_only']"
heat_3d,cova_llvm_gpu,default,initialization,observed,4.876778707955964,heat_3d,275b9806d38b1fd8119ee27bbc86fe06cc1e39a5,1,1,30fe858bb26413e6677f8fa2af4b685936ad2acf33485956268a9184b302da55,a81cc292224c841a9ce27e90c6d26d29c8ea5a75badeca9376911772a40bf22f,['gpu'],"['reference_not_ranking', 'historical_competitors_not_rerun', 'system_resources_not_exclusive', 'gpu_placement_metadata_only']"
heat_3d,cova_llvm_gpu,default,fresh_process,observed,0.36332236154703423,heat_3d,275b9806d38b1fd8119ee27bbc86fe06cc1e39a5,2,2,30fe858bb26413e6677f8fa2af4b685936ad2acf33485956268a9184b302da55,a81cc292224c841a9ce27e90c6d26d29c8ea5a75badeca9376911772a40bf22f,['gpu'],"['reference_not_ranking', 'historical_competitors_not_rerun', 'system_resources_not_exclusive', 'gpu_placement_metadata_only']"
heat_3d,cova_llvm_gpu,default,same_process,observed,0.0610261905239895,heat_3d,275b9806d38b1fd8119ee27bbc86fe06cc1e39a5,6,3,30fe858bb26413e6677f8fa2af4b685936ad2acf33485956268a9184b302da55,a81cc292224c841a9ce27e90c6d26d29c8ea5a75badeca9376911772a40bf22f,['gpu'],"['reference_not_ranking', 'historical_competitors_not_rerun', 'system_resources_not_exclusive', 'gpu_placement_metadata_only']"
jacobi_1d,cova_serial_cpu,default,initialization,observed,2.837606412009336,jacobi_1d,275b9806d38b1fd8119ee27bbc86fe06cc1e39a5,1,1,dd2d6ec412835edbbe4a018d3544e156d3fdd08552a444b52727b05fa47d8a06,16a5a1662f12689fbf187fbb656ac8e1d9c5d1f78efc866cd0f41cf46b753592,['cpu'],"['reference_not_ranking', 'historical_competitors_not_rerun', 'system_resources_not_exclusive']"
jacobi_1d,cova_serial_cpu,default,fresh_process,observed,0.7579011469497345,jacobi_1d,275b9806d38b1fd8119ee27bbc86fe06cc1e39a5,2,2,dd2d6ec412835edbbe4a018d3544e156d3fdd08552a444b52727b05fa47d8a06,16a5a1662f12689fbf187fbb656ac8e1d9c5d1f78efc866cd0f41cf46b753592,['cpu'],"['reference_not_ranking', 'historical_competitors_not_rerun', 'system_resources_not_exclusive']"
jacobi_1d,cova_serial_cpu,default,same_process,observed,0.9527172995149158,jacobi_1d,275b9806d38b1fd8119ee27bbc86fe06cc1e39a5,6,3,dd2d6ec412835edbbe4a018d3544e156d3fdd08552a444b52727b05fa47d8a06,16a5a1662f12689fbf187fbb656ac8e1d9c5d1f78efc866cd0f41cf46b753592,['cpu'],"['reference_not_ranking', 'historical_competitors_not_rerun', 'system_resources_not_exclusive']"
jacobi_1d,cova_openmp_cpu,default,initialization,observed,3.081991526996717,jacobi_1d,275b9806d38b1fd8119ee27bbc86fe06cc1e39a5,1,1,dd2d6ec412835edbbe4a018d3544e156d3fdd08552a444b52727b05fa47d8a06,16a5a1662f12689fbf187fbb656ac8e1d9c5d1f78efc866cd0f41cf46b753592,['cpu'],"['reference_not_ranking', 'historical_competitors_not_rerun', 'system_resources_not_exclusive']"
jacobi_1d,cova_openmp_cpu,default,fresh_process,observed,0.7566122825373895,jacobi_1d,275b9806d38b1fd8119ee27bbc86fe06cc1e39a5,2,2,dd2d6ec412835edbbe4a018d3544e156d3fdd08552a444b52727b05fa47d8a06,16a5a1662f12689fbf187fbb656ac8e1d9c5d1f78efc866cd0f41cf46b753592,['cpu'],"['reference_not_ranking', 'historical_competitors_not_rerun', 'system_resources_not_exclusive']"
jacobi_1d,cova_openmp_cpu,default,same_process,observed,0.9622163774911314,jacobi_1d,275b9806d38b1fd8119ee27bbc86fe06cc1e39a5,6,3,dd2d6ec412835edbbe4a018d3544e156d3fdd08552a444b52727b05fa47d8a06,16a5a1662f12689fbf187fbb656ac8e1d9c5d1f78efc866cd0f41cf46b753592,['cpu'],"['reference_not_ranking', 'historical_competitors_not_rerun', 'system_resources_not_exclusive']"
jacobi_1d,cova_llvm_cpu_serial,default,initialization,observed,2.400803668075241,jacobi_1d,275b9806d38b1fd8119ee27bbc86fe06cc1e39a5,1,1,dd2d6ec412835edbbe4a018d3544e156d3fdd08552a444b52727b05fa47d8a06,16a5a1662f12689fbf187fbb656ac8e1d9c5d1f78efc866cd0f41cf46b753592,['cpu'],"['reference_not_ranking', 'historical_competitors_not_rerun', 'system_resources_not_exclusive']"
jacobi_1d,cova_llvm_cpu_serial,default,fresh_process,observed,0.8715090614859946,jacobi_1d,275b9806d38b1fd8119ee27bbc86fe06cc1e39a5,2,2,dd2d6ec412835edbbe4a018d3544e156d3fdd08552a444b52727b05fa47d8a06,16a5a1662f12689fbf187fbb656ac8e1d9c5d1f78efc866cd0f41cf46b753592,['cpu'],"['reference_not_ranking', 'historical_competitors_not_rerun', 'system_resources_not_exclusive']"
jacobi_1d,cova_llvm_cpu_serial,default,same_process,observed,0.9592455365345813,jacobi_1d,275b9806d38b1fd8119ee27bbc86fe06cc1e39a5,6,3,dd2d6ec412835edbbe4a018d3544e156d3fdd08552a444b52727b05fa47d8a06,16a5a1662f12689fbf187fbb656ac8e1d9c5d1f78efc866cd0f41cf46b753592,['cpu'],"['reference_not_ranking', 'historical_competitors_not_rerun', 'system_resources_not_exclusive']"
jacobi_1d,cova_llvm_cpu,default,initialization,observed,2.3628403230104595,jacobi_1d,275b9806d38b1fd8119ee27bbc86fe06cc1e39a5,1,1,dd2d6ec412835edbbe4a018d3544e156d3fdd08552a444b52727b05fa47d8a06,16a5a1662f12689fbf187fbb656ac8e1d9c5d1f78efc866cd0f41cf46b753592,['cpu'],"['reference_not_ranking', 'historical_competitors_not_rerun', 'system_resources_not_exclusive']"
jacobi_1d,cova_llvm_cpu,default,fresh_process,observed,0.7712734760134481,jacobi_1d,275b9806d38b1fd8119ee27bbc86fe06cc1e39a5,2,2,dd2d6ec412835edbbe4a018d3544e156d3fdd08552a444b52727b05fa47d8a06,16a5a1662f12689fbf187fbb656ac8e1d9c5d1f78efc866cd0f41cf46b753592,['cpu'],"['reference_not_ranking', 'historical_competitors_not_rerun', 'system_resources_not_exclusive']"
jacobi_1d,cova_llvm_cpu,default,same_process,observed,0.7548349974676967,jacobi_1d,275b9806d38b1fd8119ee27bbc86fe06cc1e39a5,6,3,dd2d6ec412835edbbe4a018d3544e156d3fdd08552a444b52727b05fa47d8a06,16a5a1662f12689fbf187fbb656ac8e1d9c5d1f78efc866cd0f41cf46b753592,['cpu'],"['reference_not_ranking', 'historical_competitors_not_rerun', 'system_resources_not_exclusive']"
jacobi_1d,cova_openmp_gpu,default,initialization,observed,5.226625406066887,jacobi_1d,275b9806d38b1fd8119ee27bbc86fe06cc1e39a5,1,1,dd2d6ec412835edbbe4a018d3544e156d3fdd08552a444b52727b05fa47d8a06,16a5a1662f12689fbf187fbb656ac8e1d9c5d1f78efc866cd0f41cf46b753592,['cpu'],"['reference_not_ranking', 'historical_competitors_not_rerun', 'system_resources_not_exclusive', 'gpu_placement_metadata_only']"
jacobi_1d,cova_openmp_gpu,default,fresh_process,observed,0.7594828480505385,jacobi_1d,275b9806d38b1fd8119ee27bbc86fe06cc1e39a5,2,2,dd2d6ec412835edbbe4a018d3544e156d3fdd08552a444b52727b05fa47d8a06,16a5a1662f12689fbf187fbb656ac8e1d9c5d1f78efc866cd0f41cf46b753592,['cpu'],"['reference_not_ranking', 'historical_competitors_not_rerun', 'system_resources_not_exclusive', 'gpu_placement_metadata_only']"
jacobi_1d,cova_openmp_gpu,default,same_process,observed,0.8665568189462647,jacobi_1d,275b9806d38b1fd8119ee27bbc86fe06cc1e39a5,6,3,dd2d6ec412835edbbe4a018d3544e156d3fdd08552a444b52727b05fa47d8a06,16a5a1662f12689fbf187fbb656ac8e1d9c5d1f78efc866cd0f41cf46b753592,['cpu'],"['reference_not_ranking', 'historical_competitors_not_rerun', 'system_resources_not_exclusive', 'gpu_placement_metadata_only']"
jacobi_1d,cova_llvm_gpu,default,initialization,observed,7.728115531965159,jacobi_1d,275b9806d38b1fd8119ee27bbc86fe06cc1e39a5,1,1,dd2d6ec412835edbbe4a018d3544e156d3fdd08552a444b52727b05fa47d8a06,16a5a1662f12689fbf187fbb656ac8e1d9c5d1f78efc866cd0f41cf46b753592,['gpu'],"['reference_not_ranking', 'historical_competitors_not_rerun', 'system_resources_not_exclusive', 'gpu_placement_metadata_only']"
jacobi_1d,cova_llvm_gpu,default,fresh_process,observed,2.9284875774756074,jacobi_1d,275b9806d38b1fd8119ee27bbc86fe06cc1e39a5,2,2,dd2d6ec412835edbbe4a018d3544e156d3fdd08552a444b52727b05fa47d8a06,16a5a1662f12689fbf187fbb656ac8e1d9c5d1f78efc866cd0f41cf46b753592,['gpu'],"['reference_not_ranking', 'historical_competitors_not_rerun', 'system_resources_not_exclusive', 'gpu_placement_metadata_only']"
jacobi_1d,cova_llvm_gpu,default,same_process,observed,2.2233760625240393,jacobi_1d,275b9806d38b1fd8119ee27bbc86fe06cc1e39a5,6,3,dd2d6ec412835edbbe4a018d3544e156d3fdd08552a444b52727b05fa47d8a06,16a5a1662f12689fbf187fbb656ac8e1d9c5d1f78efc866cd0f41cf46b753592,['gpu'],"['reference_not_ranking', 'historical_competitors_not_rerun', 'system_resources_not_exclusive', 'gpu_placement_metadata_only']"
jacobi_2d,cova_serial_cpu,default,initialization,observed,2.216849607997574,jacobi_2d,275b9806d38b1fd8119ee27bbc86fe06cc1e39a5,1,1,bb0f1b25c2ede622f6875f9761e2dec03fcebb4785d6110e5288554d5cfdd9f9,88fcc37626b242ba2751f475ada3090117847e04203daddbc9456f9d0e7e584d,['cpu'],"['reference_not_ranking', 'historical_competitors_not_rerun', 'system_resources_not_exclusive']"
jacobi_2d,cova_serial_cpu,default,fresh_process,observed,0.13926304050255567,jacobi_2d,275b9806d38b1fd8119ee27bbc86fe06cc1e39a5,2,2,bb0f1b25c2ede622f6875f9761e2dec03fcebb4785d6110e5288554d5cfdd9f9,88fcc37626b242ba2751f475ada3090117847e04203daddbc9456f9d0e7e584d,['cpu'],"['reference_not_ranking', 'historical_competitors_not_rerun', 'system_resources_not_exclusive']"
jacobi_2d,cova_serial_cpu,default,same_process,observed,0.16207573900464922,jacobi_2d,275b9806d38b1fd8119ee27bbc86fe06cc1e39a5,6,3,bb0f1b25c2ede622f6875f9761e2dec03fcebb4785d6110e5288554d5cfdd9f9,88fcc37626b242ba2751f475ada3090117847e04203daddbc9456f9d0e7e584d,['cpu'],"['reference_not_ranking', 'historical_competitors_not_rerun', 'system_resources_not_exclusive']"
jacobi_2d,cova_openmp_cpu,default,initialization,observed,2.4289050369989127,jacobi_2d,275b9806d38b1fd8119ee27bbc86fe06cc1e39a5,1,1,bb0f1b25c2ede622f6875f9761e2dec03fcebb4785d6110e5288554d5cfdd9f9,88fcc37626b242ba2751f475ada3090117847e04203daddbc9456f9d0e7e584d,['cpu'],"['reference_not_ranking', 'historical_competitors_not_rerun', 'system_resources_not_exclusive']"
jacobi_2d,cova_openmp_cpu,default,fresh_process,observed,0.1453525949618779,jacobi_2d,275b9806d38b1fd8119ee27bbc86fe06cc1e39a5,2,2,bb0f1b25c2ede622f6875f9761e2dec03fcebb4785d6110e5288554d5cfdd9f9,88fcc37626b242ba2751f475ada3090117847e04203daddbc9456f9d0e7e584d,['cpu'],"['reference_not_ranking', 'historical_competitors_not_rerun', 'system_resources_not_exclusive']"
jacobi_2d,cova_openmp_cpu,default,same_process,observed,0.15025894151767716,jacobi_2d,275b9806d38b1fd8119ee27bbc86fe06cc1e39a5,6,3,bb0f1b25c2ede622f6875f9761e2dec03fcebb4785d6110e5288554d5cfdd9f9,88fcc37626b242ba2751f475ada3090117847e04203daddbc9456f9d0e7e584d,['cpu'],"['reference_not_ranking', 'historical_competitors_not_rerun', 'system_resources_not_exclusive']"
jacobi_2d,cova_llvm_cpu_serial,default,initialization,observed,2.2787804709514603,jacobi_2d,275b9806d38b1fd8119ee27bbc86fe06cc1e39a5,1,1,bb0f1b25c2ede622f6875f9761e2dec03fcebb4785d6110e5288554d5cfdd9f9,88fcc37626b242ba2751f475ada3090117847e04203daddbc9456f9d0e7e584d,['cpu'],"['reference_not_ranking', 'historical_competitors_not_rerun', 'system_resources_not_exclusive']"
jacobi_2d,cova_llvm_cpu_serial,default,fresh_process,observed,0.1441494250902906,jacobi_2d,275b9806d38b1fd8119ee27bbc86fe06cc1e39a5,2,2,bb0f1b25c2ede622f6875f9761e2dec03fcebb4785d6110e5288554d5cfdd9f9,88fcc37626b242ba2751f475ada3090117847e04203daddbc9456f9d0e7e584d,['cpu'],"['reference_not_ranking', 'historical_competitors_not_rerun', 'system_resources_not_exclusive']"
jacobi_2d,cova_llvm_cpu_serial,default,same_process,observed,0.1620880325208418,jacobi_2d,275b9806d38b1fd8119ee27bbc86fe06cc1e39a5,6,3,bb0f1b25c2ede622f6875f9761e2dec03fcebb4785d6110e5288554d5cfdd9f9,88fcc37626b242ba2751f475ada3090117847e04203daddbc9456f9d0e7e584d,['cpu'],"['reference_not_ranking', 'historical_competitors_not_rerun', 'system_resources_not_exclusive']"
jacobi_2d,cova_llvm_cpu,default,initialization,observed,2.2942049429984763,jacobi_2d,275b9806d38b1fd8119ee27bbc86fe06cc1e39a5,1,1,bb0f1b25c2ede622f6875f9761e2dec03fcebb4785d6110e5288554d5cfdd9f9,88fcc37626b242ba2751f475ada3090117847e04203daddbc9456f9d0e7e584d,['cpu'],"['reference_not_ranking', 'historical_competitors_not_rerun', 'system_resources_not_exclusive']"
jacobi_2d,cova_llvm_cpu,default,fresh_process,observed,0.15518163953674957,jacobi_2d,275b9806d38b1fd8119ee27bbc86fe06cc1e39a5,2,2,bb0f1b25c2ede622f6875f9761e2dec03fcebb4785d6110e5288554d5cfdd9f9,88fcc37626b242ba2751f475ada3090117847e04203daddbc9456f9d0e7e584d,['cpu'],"['reference_not_ranking', 'historical_competitors_not_rerun', 'system_resources_not_exclusive']"
jacobi_2d,cova_llvm_cpu,default,same_process,observed,0.1652193380286917,jacobi_2d,275b9806d38b1fd8119ee27bbc86fe06cc1e39a5,6,3,bb0f1b25c2ede622f6875f9761e2dec03fcebb4785d6110e5288554d5cfdd9f9,88fcc37626b242ba2751f475ada3090117847e04203daddbc9456f9d0e7e584d,['cpu'],"['reference_not_ranking', 'historical_competitors_not_rerun', 'system_resources_not_exclusive']"
jacobi_2d,cova_openmp_gpu,default,initialization,observed,4.374792824033648,jacobi_2d,275b9806d38b1fd8119ee27bbc86fe06cc1e39a5,1,1,bb0f1b25c2ede622f6875f9761e2dec03fcebb4785d6110e5288554d5cfdd9f9,88fcc37626b242ba2751f475ada3090117847e04203daddbc9456f9d0e7e584d,['cpu'],"['reference_not_ranking', 'historical_competitors_not_rerun', 'system_resources_not_exclusive', 'gpu_placement_metadata_only']"
jacobi_2d,cova_openmp_gpu,default,fresh_process,observed,0.15901724400464445,jacobi_2d,275b9806d38b1fd8119ee27bbc86fe06cc1e39a5,2,2,bb0f1b25c2ede622f6875f9761e2dec03fcebb4785d6110e5288554d5cfdd9f9,88fcc37626b242ba2751f475ada3090117847e04203daddbc9456f9d0e7e584d,['cpu'],"['reference_not_ranking', 'historical_competitors_not_rerun', 'system_resources_not_exclusive', 'gpu_placement_metadata_only']"
jacobi_2d,cova_openmp_gpu,default,same_process,observed,0.17479179904330522,jacobi_2d,275b9806d38b1fd8119ee27bbc86fe06cc1e39a5,6,3,bb0f1b25c2ede622f6875f9761e2dec03fcebb4785d6110e5288554d5cfdd9f9,88fcc37626b242ba2751f475ada3090117847e04203daddbc9456f9d0e7e584d,['cpu'],"['reference_not_ranking', 'historical_competitors_not_rerun', 'system_resources_not_exclusive', 'gpu_placement_metadata_only']"
jacobi_2d,cova_llvm_gpu,default,initialization,observed,4.940096327103674,jacobi_2d,275b9806d38b1fd8119ee27bbc86fe06cc1e39a5,1,1,bb0f1b25c2ede622f6875f9761e2dec03fcebb4785d6110e5288554d5cfdd9f9,88fcc37626b242ba2751f475ada3090117847e04203daddbc9456f9d0e7e584d,['gpu'],"['reference_not_ranking', 'historical_competitors_not_rerun', 'system_resources_not_exclusive', 'gpu_placement_metadata_only']"
jacobi_2d,cova_llvm_gpu,default,fresh_process,observed,0.35147332394262776,jacobi_2d,275b9806d38b1fd8119ee27bbc86fe06cc1e39a5,2,2,bb0f1b25c2ede622f6875f9761e2dec03fcebb4785d6110e5288554d5cfdd9f9,88fcc37626b242ba2751f475ada3090117847e04203daddbc9456f9d0e7e584d,['gpu'],"['reference_not_ranking', 'historical_competitors_not_rerun', 'system_resources_not_exclusive', 'gpu_placement_metadata_only']"
jacobi_2d,cova_llvm_gpu,default,same_process,observed,0.05933899903902784,jacobi_2d,275b9806d38b1fd8119ee27bbc86fe06cc1e39a5,6,3,bb0f1b25c2ede622f6875f9761e2dec03fcebb4785d6110e5288554d5cfdd9f9,88fcc37626b242ba2751f475ada3090117847e04203daddbc9456f9d0e7e584d,['gpu'],"['reference_not_ranking', 'historical_competitors_not_rerun', 'system_resources_not_exclusive', 'gpu_placement_metadata_only']"
k2mm,cova_serial_cpu,default,initialization,observed,169.87278966105077,k2mm,275b9806d38b1fd8119ee27bbc86fe06cc1e39a5,1,1,f489fedc570b7b5da546ee0999db718675f9a6e714d3093820decf3f58d34325,65b07e1d7f5fdc00459ebb8a02ae0881674135e9bd7f454489c2d204e291d7ea,['cpu'],"['reference_not_ranking', 'historical_competitors_not_rerun', 'system_resources_not_exclusive']"
k2mm,cova_serial_cpu,default,fresh_process,observed,182.18523328204174,k2mm,275b9806d38b1fd8119ee27bbc86fe06cc1e39a5,2,2,f489fedc570b7b5da546ee0999db718675f9a6e714d3093820decf3f58d34325,65b07e1d7f5fdc00459ebb8a02ae0881674135e9bd7f454489c2d204e291d7ea,['cpu'],"['reference_not_ranking', 'historical_competitors_not_rerun', 'system_resources_not_exclusive']"
k2mm,cova_serial_cpu,default,same_process,observed,166.74765479500638,k2mm,275b9806d38b1fd8119ee27bbc86fe06cc1e39a5,6,3,f489fedc570b7b5da546ee0999db718675f9a6e714d3093820decf3f58d34325,65b07e1d7f5fdc00459ebb8a02ae0881674135e9bd7f454489c2d204e291d7ea,['cpu'],"['reference_not_ranking', 'historical_competitors_not_rerun', 'system_resources_not_exclusive']"
k2mm,cova_openmp_cpu,default,initialization,observed,32.67940856097266,k2mm,275b9806d38b1fd8119ee27bbc86fe06cc1e39a5,1,1,f489fedc570b7b5da546ee0999db718675f9a6e714d3093820decf3f58d34325,65b07e1d7f5fdc00459ebb8a02ae0881674135e9bd7f454489c2d204e291d7ea,['cpu'],"['reference_not_ranking', 'historical_competitors_not_rerun', 'system_resources_not_exclusive']"
k2mm,cova_openmp_cpu,default,fresh_process,observed,30.943260014988482,k2mm,275b9806d38b1fd8119ee27bbc86fe06cc1e39a5,2,2,f489fedc570b7b5da546ee0999db718675f9a6e714d3093820decf3f58d34325,65b07e1d7f5fdc00459ebb8a02ae0881674135e9bd7f454489c2d204e291d7ea,['cpu'],"['reference_not_ranking', 'historical_competitors_not_rerun', 'system_resources_not_exclusive']"
k2mm,cova_openmp_cpu,default,same_process,observed,30.17982055648463,k2mm,275b9806d38b1fd8119ee27bbc86fe06cc1e39a5,6,3,f489fedc570b7b5da546ee0999db718675f9a6e714d3093820decf3f58d34325,65b07e1d7f5fdc00459ebb8a02ae0881674135e9bd7f454489c2d204e291d7ea,['cpu'],"['reference_not_ranking', 'historical_competitors_not_rerun', 'system_resources_not_exclusive']"
k2mm,cova_llvm_cpu_serial,default,initialization,observed,6.340351294027641,k2mm,275b9806d38b1fd8119ee27bbc86fe06cc1e39a5,1,1,f489fedc570b7b5da546ee0999db718675f9a6e714d3093820decf3f58d34325,65b07e1d7f5fdc00459ebb8a02ae0881674135e9bd7f454489c2d204e291d7ea,['cpu'],"['reference_not_ranking', 'historical_competitors_not_rerun', 'system_resources_not_exclusive']"
k2mm,cova_llvm_cpu_serial,default,fresh_process,observed,3.2549706764984876,k2mm,275b9806d38b1fd8119ee27bbc86fe06cc1e39a5,2,2,f489fedc570b7b5da546ee0999db718675f9a6e714d3093820decf3f58d34325,65b07e1d7f5fdc00459ebb8a02ae0881674135e9bd7f454489c2d204e291d7ea,['cpu'],"['reference_not_ranking', 'historical_competitors_not_rerun', 'system_resources_not_exclusive']"
k2mm,cova_llvm_cpu_serial,default,same_process,observed,3.109339662012644,k2mm,275b9806d38b1fd8119ee27bbc86fe06cc1e39a5,6,3,f489fedc570b7b5da546ee0999db718675f9a6e714d3093820decf3f58d34325,65b07e1d7f5fdc00459ebb8a02ae0881674135e9bd7f454489c2d204e291d7ea,['cpu'],"['reference_not_ranking', 'historical_competitors_not_rerun', 'system_resources_not_exclusive']"
k2mm,cova_llvm_cpu,default,initialization,observed,8.507885891012847,k2mm,275b9806d38b1fd8119ee27bbc86fe06cc1e39a5,1,1,f489fedc570b7b5da546ee0999db718675f9a6e714d3093820decf3f58d34325,65b07e1d7f5fdc00459ebb8a02ae0881674135e9bd7f454489c2d204e291d7ea,['cpu'],"['reference_not_ranking', 'historical_competitors_not_rerun', 'system_resources_not_exclusive']"
k2mm,cova_llvm_cpu,default,fresh_process,observed,3.0284741180366836,k2mm,275b9806d38b1fd8119ee27bbc86fe06cc1e39a5,2,2,f489fedc570b7b5da546ee0999db718675f9a6e714d3093820decf3f58d34325,65b07e1d7f5fdc00459ebb8a02ae0881674135e9bd7f454489c2d204e291d7ea,['cpu'],"['reference_not_ranking', 'historical_competitors_not_rerun', 'system_resources_not_exclusive']"
k2mm,cova_llvm_cpu,default,same_process,observed,2.9859852514928207,k2mm,275b9806d38b1fd8119ee27bbc86fe06cc1e39a5,6,3,f489fedc570b7b5da546ee0999db718675f9a6e714d3093820decf3f58d34325,65b07e1d7f5fdc00459ebb8a02ae0881674135e9bd7f454489c2d204e291d7ea,['cpu'],"['reference_not_ranking', 'historical_competitors_not_rerun', 'system_resources_not_exclusive']"
k2mm,cova_openmp_gpu,default,initialization,observed,7.407406354090199,k2mm,275b9806d38b1fd8119ee27bbc86fe06cc1e39a5,1,1,f489fedc570b7b5da546ee0999db718675f9a6e714d3093820decf3f58d34325,65b07e1d7f5fdc00459ebb8a02ae0881674135e9bd7f454489c2d204e291d7ea,['gpu'],"['reference_not_ranking', 'historical_competitors_not_rerun', 'system_resources_not_exclusive', 'gpu_placement_metadata_only']"
k2mm,cova_openmp_gpu,default,fresh_process,observed,0.9127252415055409,k2mm,275b9806d38b1fd8119ee27bbc86fe06cc1e39a5,2,2,f489fedc570b7b5da546ee0999db718675f9a6e714d3093820decf3f58d34325,65b07e1d7f5fdc00459ebb8a02ae0881674135e9bd7f454489c2d204e291d7ea,['gpu'],"['reference_not_ranking', 'historical_competitors_not_rerun', 'system_resources_not_exclusive', 'gpu_placement_metadata_only']"
k2mm,cova_openmp_gpu,default,same_process,observed,0.6566263454733416,k2mm,275b9806d38b1fd8119ee27bbc86fe06cc1e39a5,6,3,f489fedc570b7b5da546ee0999db718675f9a6e714d3093820decf3f58d34325,65b07e1d7f5fdc00459ebb8a02ae0881674135e9bd7f454489c2d204e291d7ea,['gpu'],"['reference_not_ranking', 'historical_competitors_not_rerun', 'system_resources_not_exclusive', 'gpu_placement_metadata_only']"
k2mm,cova_llvm_gpu,default,initialization,observed,7.365314477006905,k2mm,275b9806d38b1fd8119ee27bbc86fe06cc1e39a5,1,1,f489fedc570b7b5da546ee0999db718675f9a6e714d3093820decf3f58d34325,65b07e1d7f5fdc00459ebb8a02ae0881674135e9bd7f454489c2d204e291d7ea,['gpu'],"['reference_not_ranking', 'historical_competitors_not_rerun', 'system_resources_not_exclusive', 'gpu_placement_metadata_only']"
k2mm,cova_llvm_gpu,default,fresh_process,observed,0.8297714345389977,k2mm,275b9806d38b1fd8119ee27bbc86fe06cc1e39a5,2,2,f489fedc570b7b5da546ee0999db718675f9a6e714d3093820decf3f58d34325,65b07e1d7f5fdc00459ebb8a02ae0881674135e9bd7f454489c2d204e291d7ea,['gpu'],"['reference_not_ranking', 'historical_competitors_not_rerun', 'system_resources_not_exclusive', 'gpu_placement_metadata_only']"
k2mm,cova_llvm_gpu,default,same_process,observed,0.40855597046902403,k2mm,275b9806d38b1fd8119ee27bbc86fe06cc1e39a5,6,3,f489fedc570b7b5da546ee0999db718675f9a6e714d3093820decf3f58d34325,65b07e1d7f5fdc00459ebb8a02ae0881674135e9bd7f454489c2d204e291d7ea,['gpu'],"['reference_not_ranking', 'historical_competitors_not_rerun', 'system_resources_not_exclusive', 'gpu_placement_metadata_only']"
k3mm,cova_serial_cpu,default,initialization,observed,231.89258087601047,k3mm,275b9806d38b1fd8119ee27bbc86fe06cc1e39a5,1,1,4e368169475a2a62e9d6b60f9f0f38731e82923b1a6bcbfe2a2be25f4a23617d,aad0bebb7814a2ecba71c57046d8003bc43cb0f8e9f62fa7a3c5da967acf1885,['cpu'],"['reference_not_ranking', 'historical_competitors_not_rerun', 'system_resources_not_exclusive']"
k3mm,cova_serial_cpu,default,fresh_process,observed,251.096220308973,k3mm,275b9806d38b1fd8119ee27bbc86fe06cc1e39a5,2,2,4e368169475a2a62e9d6b60f9f0f38731e82923b1a6bcbfe2a2be25f4a23617d,aad0bebb7814a2ecba71c57046d8003bc43cb0f8e9f62fa7a3c5da967acf1885,['cpu'],"['reference_not_ranking', 'historical_competitors_not_rerun', 'system_resources_not_exclusive']"
k3mm,cova_serial_cpu,default,same_process,observed,238.02342163800495,k3mm,275b9806d38b1fd8119ee27bbc86fe06cc1e39a5,6,3,4e368169475a2a62e9d6b60f9f0f38731e82923b1a6bcbfe2a2be25f4a23617d,aad0bebb7814a2ecba71c57046d8003bc43cb0f8e9f62fa7a3c5da967acf1885,['cpu'],"['reference_not_ranking', 'historical_competitors_not_rerun', 'system_resources_not_exclusive']"
k3mm,cova_openmp_cpu,default,initialization,observed,53.11151598196011,k3mm,275b9806d38b1fd8119ee27bbc86fe06cc1e39a5,1,1,4e368169475a2a62e9d6b60f9f0f38731e82923b1a6bcbfe2a2be25f4a23617d,aad0bebb7814a2ecba71c57046d8003bc43cb0f8e9f62fa7a3c5da967acf1885,['cpu'],"['reference_not_ranking', 'historical_competitors_not_rerun', 'system_resources_not_exclusive']"
k3mm,cova_openmp_cpu,default,fresh_process,observed,44.70303171797423,k3mm,275b9806d38b1fd8119ee27bbc86fe06cc1e39a5,2,2,4e368169475a2a62e9d6b60f9f0f38731e82923b1a6bcbfe2a2be25f4a23617d,aad0bebb7814a2ecba71c57046d8003bc43cb0f8e9f62fa7a3c5da967acf1885,['cpu'],"['reference_not_ranking', 'historical_competitors_not_rerun', 'system_resources_not_exclusive']"
k3mm,cova_openmp_cpu,default,same_process,observed,56.34839468105929,k3mm,275b9806d38b1fd8119ee27bbc86fe06cc1e39a5,6,3,4e368169475a2a62e9d6b60f9f0f38731e82923b1a6bcbfe2a2be25f4a23617d,aad0bebb7814a2ecba71c57046d8003bc43cb0f8e9f62fa7a3c5da967acf1885,['cpu'],"['reference_not_ranking', 'historical_competitors_not_rerun', 'system_resources_not_exclusive']"
k3mm,cova_llvm_cpu_serial,default,initialization,observed,7.263882149942219,k3mm,275b9806d38b1fd8119ee27bbc86fe06cc1e39a5,1,1,4e368169475a2a62e9d6b60f9f0f38731e82923b1a6bcbfe2a2be25f4a23617d,aad0bebb7814a2ecba71c57046d8003bc43cb0f8e9f62fa7a3c5da967acf1885,['cpu'],"['reference_not_ranking', 'historical_competitors_not_rerun', 'system_resources_not_exclusive']"
k3mm,cova_llvm_cpu_serial,default,fresh_process,observed,3.767506925505586,k3mm,275b9806d38b1fd8119ee27bbc86fe06cc1e39a5,2,2,4e368169475a2a62e9d6b60f9f0f38731e82923b1a6bcbfe2a2be25f4a23617d,aad0bebb7814a2ecba71c57046d8003bc43cb0f8e9f62fa7a3c5da967acf1885,['cpu'],"['reference_not_ranking', 'historical_competitors_not_rerun', 'system_resources_not_exclusive']"
k3mm,cova_llvm_cpu_serial,default,same_process,observed,3.3367803875007667,k3mm,275b9806d38b1fd8119ee27bbc86fe06cc1e39a5,6,3,4e368169475a2a62e9d6b60f9f0f38731e82923b1a6bcbfe2a2be25f4a23617d,aad0bebb7814a2ecba71c57046d8003bc43cb0f8e9f62fa7a3c5da967acf1885,['cpu'],"['reference_not_ranking', 'historical_competitors_not_rerun', 'system_resources_not_exclusive']"
k3mm,cova_llvm_cpu,default,initialization,observed,9.317632988095284,k3mm,275b9806d38b1fd8119ee27bbc86fe06cc1e39a5,1,1,4e368169475a2a62e9d6b60f9f0f38731e82923b1a6bcbfe2a2be25f4a23617d,aad0bebb7814a2ecba71c57046d8003bc43cb0f8e9f62fa7a3c5da967acf1885,['cpu'],"['reference_not_ranking', 'historical_competitors_not_rerun', 'system_resources_not_exclusive']"
k3mm,cova_llvm_cpu,default,fresh_process,observed,4.07855675148312,k3mm,275b9806d38b1fd8119ee27bbc86fe06cc1e39a5,2,2,4e368169475a2a62e9d6b60f9f0f38731e82923b1a6bcbfe2a2be25f4a23617d,aad0bebb7814a2ecba71c57046d8003bc43cb0f8e9f62fa7a3c5da967acf1885,['cpu'],"['reference_not_ranking', 'historical_competitors_not_rerun', 'system_resources_not_exclusive']"
k3mm,cova_llvm_cpu,default,same_process,observed,3.275903137982823,k3mm,275b9806d38b1fd8119ee27bbc86fe06cc1e39a5,6,3,4e368169475a2a62e9d6b60f9f0f38731e82923b1a6bcbfe2a2be25f4a23617d,aad0bebb7814a2ecba71c57046d8003bc43cb0f8e9f62fa7a3c5da967acf1885,['cpu'],"['reference_not_ranking', 'historical_competitors_not_rerun', 'system_resources_not_exclusive']"
k3mm,cova_openmp_gpu,default,initialization,observed,6.424316772958264,k3mm,275b9806d38b1fd8119ee27bbc86fe06cc1e39a5,1,1,4e368169475a2a62e9d6b60f9f0f38731e82923b1a6bcbfe2a2be25f4a23617d,aad0bebb7814a2ecba71c57046d8003bc43cb0f8e9f62fa7a3c5da967acf1885,['gpu'],"['reference_not_ranking', 'historical_competitors_not_rerun', 'system_resources_not_exclusive', 'gpu_placement_metadata_only']"
k3mm,cova_openmp_gpu,default,fresh_process,observed,0.6902244704542682,k3mm,275b9806d38b1fd8119ee27bbc86fe06cc1e39a5,2,2,4e368169475a2a62e9d6b60f9f0f38731e82923b1a6bcbfe2a2be25f4a23617d,aad0bebb7814a2ecba71c57046d8003bc43cb0f8e9f62fa7a3c5da967acf1885,['gpu'],"['reference_not_ranking', 'historical_competitors_not_rerun', 'system_resources_not_exclusive', 'gpu_placement_metadata_only']"
k3mm,cova_openmp_gpu,default,same_process,observed,0.33666425151750445,k3mm,275b9806d38b1fd8119ee27bbc86fe06cc1e39a5,6,3,4e368169475a2a62e9d6b60f9f0f38731e82923b1a6bcbfe2a2be25f4a23617d,aad0bebb7814a2ecba71c57046d8003bc43cb0f8e9f62fa7a3c5da967acf1885,['gpu'],"['reference_not_ranking', 'historical_competitors_not_rerun', 'system_resources_not_exclusive', 'gpu_placement_metadata_only']"
k3mm,cova_llvm_gpu,default,initialization,observed,7.293047131039202,k3mm,275b9806d38b1fd8119ee27bbc86fe06cc1e39a5,1,1,4e368169475a2a62e9d6b60f9f0f38731e82923b1a6bcbfe2a2be25f4a23617d,aad0bebb7814a2ecba71c57046d8003bc43cb0f8e9f62fa7a3c5da967acf1885,['gpu'],"['reference_not_ranking', 'historical_competitors_not_rerun', 'system_resources_not_exclusive', 'gpu_placement_metadata_only']"
k3mm,cova_llvm_gpu,default,fresh_process,observed,0.8864572684979066,k3mm,275b9806d38b1fd8119ee27bbc86fe06cc1e39a5,2,2,4e368169475a2a62e9d6b60f9f0f38731e82923b1a6bcbfe2a2be25f4a23617d,aad0bebb7814a2ecba71c57046d8003bc43cb0f8e9f62fa7a3c5da967acf1885,['gpu'],"['reference_not_ranking', 'historical_competitors_not_rerun', 'system_resources_not_exclusive', 'gpu_placement_metadata_only']"
k3mm,cova_llvm_gpu,default,same_process,observed,0.4644904134911485,k3mm,275b9806d38b1fd8119ee27bbc86fe06cc1e39a5,6,3,4e368169475a2a62e9d6b60f9f0f38731e82923b1a6bcbfe2a2be25f4a23617d,aad0bebb7814a2ecba71c57046d8003bc43cb0f8e9f62fa7a3c5da967acf1885,['gpu'],"['reference_not_ranking', 'historical_competitors_not_rerun', 'system_resources_not_exclusive', 'gpu_placement_metadata_only']"
lenet,cova_serial_cpu,default,initialization,observed,6.635117874946445,lenet,275b9806d38b1fd8119ee27bbc86fe06cc1e39a5,1,1,c03e6ed4aa80ca847e538ab41f9b22060f454237935c67944c81ced7dd93a48b,914661bfde93da5c2e7b1ef256bf97775e395b5980f08a299cd8040e92c0b6ea,['cpu'],"['reference_not_ranking', 'historical_competitors_not_rerun', 'system_resources_not_exclusive']"
lenet,cova_serial_cpu,default,fresh_process,observed,0.12626721698325127,lenet,275b9806d38b1fd8119ee27bbc86fe06cc1e39a5,2,2,c03e6ed4aa80ca847e538ab41f9b22060f454237935c67944c81ced7dd93a48b,914661bfde93da5c2e7b1ef256bf97775e395b5980f08a299cd8040e92c0b6ea,['cpu'],"['reference_not_ranking', 'historical_competitors_not_rerun', 'system_resources_not_exclusive']"
lenet,cova_serial_cpu,default,same_process,observed,0.10125144949415699,lenet,275b9806d38b1fd8119ee27bbc86fe06cc1e39a5,6,3,c03e6ed4aa80ca847e538ab41f9b22060f454237935c67944c81ced7dd93a48b,914661bfde93da5c2e7b1ef256bf97775e395b5980f08a299cd8040e92c0b6ea,['cpu'],"['reference_not_ranking', 'historical_competitors_not_rerun', 'system_resources_not_exclusive']"
lenet,cova_openmp_cpu,default,initialization,observed,7.313529634964652,lenet,275b9806d38b1fd8119ee27bbc86fe06cc1e39a5,1,1,c03e6ed4aa80ca847e538ab41f9b22060f454237935c67944c81ced7dd93a48b,914661bfde93da5c2e7b1ef256bf97775e395b5980f08a299cd8040e92c0b6ea,['cpu'],"['reference_not_ranking', 'historical_competitors_not_rerun', 'system_resources_not_exclusive']"
lenet,cova_openmp_cpu,default,fresh_process,observed,0.14591831451980397,lenet,275b9806d38b1fd8119ee27bbc86fe06cc1e39a5,2,2,c03e6ed4aa80ca847e538ab41f9b22060f454237935c67944c81ced7dd93a48b,914661bfde93da5c2e7b1ef256bf97775e395b5980f08a299cd8040e92c0b6ea,['cpu'],"['reference_not_ranking', 'historical_competitors_not_rerun', 'system_resources_not_exclusive']"
lenet,cova_openmp_cpu,default,same_process,observed,0.10740845295367762,lenet,275b9806d38b1fd8119ee27bbc86fe06cc1e39a5,6,3,c03e6ed4aa80ca847e538ab41f9b22060f454237935c67944c81ced7dd93a48b,914661bfde93da5c2e7b1ef256bf97775e395b5980f08a299cd8040e92c0b6ea,['cpu'],"['reference_not_ranking', 'historical_competitors_not_rerun', 'system_resources_not_exclusive']"
lenet,cova_llvm_cpu_serial,default,initialization,observed,7.03659057803452,lenet,275b9806d38b1fd8119ee27bbc86fe06cc1e39a5,1,1,c03e6ed4aa80ca847e538ab41f9b22060f454237935c67944c81ced7dd93a48b,914661bfde93da5c2e7b1ef256bf97775e395b5980f08a299cd8040e92c0b6ea,['cpu'],"['reference_not_ranking', 'historical_competitors_not_rerun', 'system_resources_not_exclusive']"
lenet,cova_llvm_cpu_serial,default,fresh_process,observed,0.16673513094428927,lenet,275b9806d38b1fd8119ee27bbc86fe06cc1e39a5,2,2,c03e6ed4aa80ca847e538ab41f9b22060f454237935c67944c81ced7dd93a48b,914661bfde93da5c2e7b1ef256bf97775e395b5980f08a299cd8040e92c0b6ea,['cpu'],"['reference_not_ranking', 'historical_competitors_not_rerun', 'system_resources_not_exclusive']"
lenet,cova_llvm_cpu_serial,default,same_process,observed,0.13706457149237394,lenet,275b9806d38b1fd8119ee27bbc86fe06cc1e39a5,6,3,c03e6ed4aa80ca847e538ab41f9b22060f454237935c67944c81ced7dd93a48b,914661bfde93da5c2e7b1ef256bf97775e395b5980f08a299cd8040e92c0b6ea,['cpu'],"['reference_not_ranking', 'historical_competitors_not_rerun', 'system_resources_not_exclusive']"
lenet,cova_llvm_cpu,default,initialization,observed,9.406160283018835,lenet,275b9806d38b1fd8119ee27bbc86fe06cc1e39a5,1,1,c03e6ed4aa80ca847e538ab41f9b22060f454237935c67944c81ced7dd93a48b,914661bfde93da5c2e7b1ef256bf97775e395b5980f08a299cd8040e92c0b6ea,['cpu'],"['reference_not_ranking', 'historical_competitors_not_rerun', 'system_resources_not_exclusive']"
lenet,cova_llvm_cpu,default,fresh_process,observed,0.3622466824599542,lenet,275b9806d38b1fd8119ee27bbc86fe06cc1e39a5,2,2,c03e6ed4aa80ca847e538ab41f9b22060f454237935c67944c81ced7dd93a48b,914661bfde93da5c2e7b1ef256bf97775e395b5980f08a299cd8040e92c0b6ea,['cpu'],"['reference_not_ranking', 'historical_competitors_not_rerun', 'system_resources_not_exclusive']"
lenet,cova_llvm_cpu,default,same_process,observed,0.15302212751703337,lenet,275b9806d38b1fd8119ee27bbc86fe06cc1e39a5,6,3,c03e6ed4aa80ca847e538ab41f9b22060f454237935c67944c81ced7dd93a48b,914661bfde93da5c2e7b1ef256bf97775e395b5980f08a299cd8040e92c0b6ea,['cpu'],"['reference_not_ranking', 'historical_competitors_not_rerun', 'system_resources_not_exclusive']"
lenet,cova_openmp_gpu,default,initialization,observed,14.590088903903961,lenet,275b9806d38b1fd8119ee27bbc86fe06cc1e39a5,1,1,c03e6ed4aa80ca847e538ab41f9b22060f454237935c67944c81ced7dd93a48b,914661bfde93da5c2e7b1ef256bf97775e395b5980f08a299cd8040e92c0b6ea,['gpu'],"['reference_not_ranking', 'historical_competitors_not_rerun', 'system_resources_not_exclusive', 'gpu_placement_metadata_only']"
lenet,cova_openmp_gpu,default,fresh_process,observed,0.9192970409640111,lenet,275b9806d38b1fd8119ee27bbc86fe06cc1e39a5,2,2,c03e6ed4aa80ca847e538ab41f9b22060f454237935c67944c81ced7dd93a48b,914661bfde93da5c2e7b1ef256bf97775e395b5980f08a299cd8040e92c0b6ea,['gpu'],"['reference_not_ranking', 'historical_competitors_not_rerun', 'system_resources_not_exclusive', 'gpu_placement_metadata_only']"
lenet,cova_openmp_gpu,default,same_process,observed,0.27291684597730637,lenet,275b9806d38b1fd8119ee27bbc86fe06cc1e39a5,6,3,c03e6ed4aa80ca847e538ab41f9b22060f454237935c67944c81ced7dd93a48b,914661bfde93da5c2e7b1ef256bf97775e395b5980f08a299cd8040e92c0b6ea,['gpu'],"['reference_not_ranking', 'historical_competitors_not_rerun', 'system_resources_not_exclusive', 'gpu_placement_metadata_only']"
lenet,cova_llvm_gpu,default,initialization,observed,23.73013047699351,lenet,275b9806d38b1fd8119ee27bbc86fe06cc1e39a5,1,1,c03e6ed4aa80ca847e538ab41f9b22060f454237935c67944c81ced7dd93a48b,914661bfde93da5c2e7b1ef256bf97775e395b5980f08a299cd8040e92c0b6ea,['mixed'],"['reference_not_ranking', 'historical_competitors_not_rerun', 'system_resources_not_exclusive', 'gpu_placement_metadata_only']"
lenet,cova_llvm_gpu,default,fresh_process,observed,15.050506328989286,lenet,275b9806d38b1fd8119ee27bbc86fe06cc1e39a5,2,2,c03e6ed4aa80ca847e538ab41f9b22060f454237935c67944c81ced7dd93a48b,914661bfde93da5c2e7b1ef256bf97775e395b5980f08a299cd8040e92c0b6ea,['mixed'],"['reference_not_ranking', 'historical_competitors_not_rerun', 'system_resources_not_exclusive', 'gpu_placement_metadata_only']"
lenet,cova_llvm_gpu,default,same_process,observed,13.60933213046519,lenet,275b9806d38b1fd8119ee27bbc86fe06cc1e39a5,6,3,c03e6ed4aa80ca847e538ab41f9b22060f454237935c67944c81ced7dd93a48b,914661bfde93da5c2e7b1ef256bf97775e395b5980f08a299cd8040e92c0b6ea,['mixed'],"['reference_not_ranking', 'historical_competitors_not_rerun', 'system_resources_not_exclusive', 'gpu_placement_metadata_only']"
lu,cova_serial_cpu,default,initialization,observed,2.2248752219602466,lu,275b9806d38b1fd8119ee27bbc86fe06cc1e39a5,1,1,a94cc969fb7abca21f73c7702df3d7b5782724193307a4c14a3543791e733d27,9ac2f818703fa8aa1a82579828bb4b9f516a133a9d2de36086ba8af196680084,['cpu'],"['reference_not_ranking', 'historical_competitors_not_rerun', 'system_resources_not_exclusive']"
lu,cova_serial_cpu,default,fresh_process,observed,0.18819688149960712,lu,275b9806d38b1fd8119ee27bbc86fe06cc1e39a5,2,2,a94cc969fb7abca21f73c7702df3d7b5782724193307a4c14a3543791e733d27,9ac2f818703fa8aa1a82579828bb4b9f516a133a9d2de36086ba8af196680084,['cpu'],"['reference_not_ranking', 'historical_competitors_not_rerun', 'system_resources_not_exclusive']"
lu,cova_serial_cpu,default,same_process,observed,0.20093408599495888,lu,275b9806d38b1fd8119ee27bbc86fe06cc1e39a5,6,3,a94cc969fb7abca21f73c7702df3d7b5782724193307a4c14a3543791e733d27,9ac2f818703fa8aa1a82579828bb4b9f516a133a9d2de36086ba8af196680084,['cpu'],"['reference_not_ranking', 'historical_competitors_not_rerun', 'system_resources_not_exclusive']"
lu,cova_openmp_cpu,default,initialization,observed,2.5906817089999095,lu,275b9806d38b1fd8119ee27bbc86fe06cc1e39a5,1,1,a94cc969fb7abca21f73c7702df3d7b5782724193307a4c14a3543791e733d27,9ac2f818703fa8aa1a82579828bb4b9f516a133a9d2de36086ba8af196680084,['cpu'],"['reference_not_ranking', 'historical_competitors_not_rerun', 'system_resources_not_exclusive']"
lu,cova_openmp_cpu,default,fresh_process,observed,0.1736289485124871,lu,275b9806d38b1fd8119ee27bbc86fe06cc1e39a5,2,2,a94cc969fb7abca21f73c7702df3d7b5782724193307a4c14a3543791e733d27,9ac2f818703fa8aa1a82579828bb4b9f516a133a9d2de36086ba8af196680084,['cpu'],"['reference_not_ranking', 'historical_competitors_not_rerun', 'system_resources_not_exclusive']"
lu,cova_openmp_cpu,default,same_process,observed,0.20525408844696358,lu,275b9806d38b1fd8119ee27bbc86fe06cc1e39a5,6,3,a94cc969fb7abca21f73c7702df3d7b5782724193307a4c14a3543791e733d27,9ac2f818703fa8aa1a82579828bb4b9f516a133a9d2de36086ba8af196680084,['cpu'],"['reference_not_ranking', 'historical_competitors_not_rerun', 'system_resources_not_exclusive']"
lu,cova_llvm_cpu_serial,default,initialization,observed,1.8354245810769498,lu,275b9806d38b1fd8119ee27bbc86fe06cc1e39a5,1,1,a94cc969fb7abca21f73c7702df3d7b5782724193307a4c14a3543791e733d27,9ac2f818703fa8aa1a82579828bb4b9f516a133a9d2de36086ba8af196680084,['cpu'],"['reference_not_ranking', 'historical_competitors_not_rerun', 'system_resources_not_exclusive']"
lu,cova_llvm_cpu_serial,default,fresh_process,observed,0.1604385314276442,lu,275b9806d38b1fd8119ee27bbc86fe06cc1e39a5,2,2,a94cc969fb7abca21f73c7702df3d7b5782724193307a4c14a3543791e733d27,9ac2f818703fa8aa1a82579828bb4b9f516a133a9d2de36086ba8af196680084,['cpu'],"['reference_not_ranking', 'historical_competitors_not_rerun', 'system_resources_not_exclusive']"
lu,cova_llvm_cpu_serial,default,same_process,observed,0.1990188520285301,lu,275b9806d38b1fd8119ee27bbc86fe06cc1e39a5,6,3,a94cc969fb7abca21f73c7702df3d7b5782724193307a4c14a3543791e733d27,9ac2f818703fa8aa1a82579828bb4b9f516a133a9d2de36086ba8af196680084,['cpu'],"['reference_not_ranking', 'historical_competitors_not_rerun', 'system_resources_not_exclusive']"
lu,cova_llvm_cpu,default,initialization,observed,1.9572926929686219,lu,275b9806d38b1fd8119ee27bbc86fe06cc1e39a5,1,1,a94cc969fb7abca21f73c7702df3d7b5782724193307a4c14a3543791e733d27,9ac2f818703fa8aa1a82579828bb4b9f516a133a9d2de36086ba8af196680084,['cpu'],"['reference_not_ranking', 'historical_competitors_not_rerun', 'system_resources_not_exclusive']"
lu,cova_llvm_cpu,default,fresh_process,observed,0.1613089754828252,lu,275b9806d38b1fd8119ee27bbc86fe06cc1e39a5,2,2,a94cc969fb7abca21f73c7702df3d7b5782724193307a4c14a3543791e733d27,9ac2f818703fa8aa1a82579828bb4b9f516a133a9d2de36086ba8af196680084,['cpu'],"['reference_not_ranking', 'historical_competitors_not_rerun', 'system_resources_not_exclusive']"
lu,cova_llvm_cpu,default,same_process,observed,0.19901894504437223,lu,275b9806d38b1fd8119ee27bbc86fe06cc1e39a5,6,3,a94cc969fb7abca21f73c7702df3d7b5782724193307a4c14a3543791e733d27,9ac2f818703fa8aa1a82579828bb4b9f516a133a9d2de36086ba8af196680084,['cpu'],"['reference_not_ranking', 'historical_competitors_not_rerun', 'system_resources_not_exclusive']"
lu,cova_openmp_gpu,default,initialization,observed,4.477588279987685,lu,275b9806d38b1fd8119ee27bbc86fe06cc1e39a5,1,1,a94cc969fb7abca21f73c7702df3d7b5782724193307a4c14a3543791e733d27,9ac2f818703fa8aa1a82579828bb4b9f516a133a9d2de36086ba8af196680084,['cpu'],"['reference_not_ranking', 'historical_competitors_not_rerun', 'system_resources_not_exclusive', 'gpu_placement_metadata_only']"
lu,cova_openmp_gpu,default,fresh_process,observed,0.17934961448190734,lu,275b9806d38b1fd8119ee27bbc86fe06cc1e39a5,2,2,a94cc969fb7abca21f73c7702df3d7b5782724193307a4c14a3543791e733d27,9ac2f818703fa8aa1a82579828bb4b9f516a133a9d2de36086ba8af196680084,['cpu'],"['reference_not_ranking', 'historical_competitors_not_rerun', 'system_resources_not_exclusive', 'gpu_placement_metadata_only']"
lu,cova_openmp_gpu,default,same_process,observed,0.211729898059275,lu,275b9806d38b1fd8119ee27bbc86fe06cc1e39a5,6,3,a94cc969fb7abca21f73c7702df3d7b5782724193307a4c14a3543791e733d27,9ac2f818703fa8aa1a82579828bb4b9f516a133a9d2de36086ba8af196680084,['cpu'],"['reference_not_ranking', 'historical_competitors_not_rerun', 'system_resources_not_exclusive', 'gpu_placement_metadata_only']"
lu,cova_llvm_gpu,default,initialization,observed,13.05812534794677,lu,275b9806d38b1fd8119ee27bbc86fe06cc1e39a5,1,1,a94cc969fb7abca21f73c7702df3d7b5782724193307a4c14a3543791e733d27,9ac2f818703fa8aa1a82579828bb4b9f516a133a9d2de36086ba8af196680084,['gpu'],"['reference_not_ranking', 'historical_competitors_not_rerun', 'system_resources_not_exclusive', 'gpu_placement_metadata_only']"
lu,cova_llvm_gpu,default,fresh_process,observed,8.89256166596897,lu,275b9806d38b1fd8119ee27bbc86fe06cc1e39a5,2,2,a94cc969fb7abca21f73c7702df3d7b5782724193307a4c14a3543791e733d27,9ac2f818703fa8aa1a82579828bb4b9f516a133a9d2de36086ba8af196680084,['gpu'],"['reference_not_ranking', 'historical_competitors_not_rerun', 'system_resources_not_exclusive', 'gpu_placement_metadata_only']"
lu,cova_llvm_gpu,default,same_process,observed,8.627476451045368,lu,275b9806d38b1fd8119ee27bbc86fe06cc1e39a5,6,3,a94cc969fb7abca21f73c7702df3d7b5782724193307a4c14a3543791e733d27,9ac2f818703fa8aa1a82579828bb4b9f516a133a9d2de36086ba8af196680084,['gpu'],"['reference_not_ranking', 'historical_competitors_not_rerun', 'system_resources_not_exclusive', 'gpu_placement_metadata_only']"
ludcmp,cova_serial_cpu,default,initialization,observed,2.202769530005753,ludcmp,275b9806d38b1fd8119ee27bbc86fe06cc1e39a5,1,1,08caec57fa049fbfa751e34e1064de164ddf556d58ef07942503bdb64d23c766,55b9887d27df7b3dc3b8b2e1875facca1a285d1891e4df442fdd18cc865cc7b0,['cpu'],"['reference_not_ranking', 'historical_competitors_not_rerun', 'system_resources_not_exclusive']"
ludcmp,cova_serial_cpu,default,fresh_process,observed,0.15542909951182082,ludcmp,275b9806d38b1fd8119ee27bbc86fe06cc1e39a5,2,2,08caec57fa049fbfa751e34e1064de164ddf556d58ef07942503bdb64d23c766,55b9887d27df7b3dc3b8b2e1875facca1a285d1891e4df442fdd18cc865cc7b0,['cpu'],"['reference_not_ranking', 'historical_competitors_not_rerun', 'system_resources_not_exclusive']"
ludcmp,cova_serial_cpu,default,same_process,observed,0.1670892465626821,ludcmp,275b9806d38b1fd8119ee27bbc86fe06cc1e39a5,6,3,08caec57fa049fbfa751e34e1064de164ddf556d58ef07942503bdb64d23c766,55b9887d27df7b3dc3b8b2e1875facca1a285d1891e4df442fdd18cc865cc7b0,['cpu'],"['reference_not_ranking', 'historical_competitors_not_rerun', 'system_resources_not_exclusive']"
ludcmp,cova_openmp_cpu,default,initialization,observed,2.7732386050047353,ludcmp,275b9806d38b1fd8119ee27bbc86fe06cc1e39a5,1,1,08caec57fa049fbfa751e34e1064de164ddf556d58ef07942503bdb64d23c766,55b9887d27df7b3dc3b8b2e1875facca1a285d1891e4df442fdd18cc865cc7b0,['cpu'],"['reference_not_ranking', 'historical_competitors_not_rerun', 'system_resources_not_exclusive']"
ludcmp,cova_openmp_cpu,default,fresh_process,observed,0.15056076901964843,ludcmp,275b9806d38b1fd8119ee27bbc86fe06cc1e39a5,2,2,08caec57fa049fbfa751e34e1064de164ddf556d58ef07942503bdb64d23c766,55b9887d27df7b3dc3b8b2e1875facca1a285d1891e4df442fdd18cc865cc7b0,['cpu'],"['reference_not_ranking', 'historical_competitors_not_rerun', 'system_resources_not_exclusive']"
ludcmp,cova_openmp_cpu,default,same_process,observed,0.16316489147720858,ludcmp,275b9806d38b1fd8119ee27bbc86fe06cc1e39a5,6,3,08caec57fa049fbfa751e34e1064de164ddf556d58ef07942503bdb64d23c766,55b9887d27df7b3dc3b8b2e1875facca1a285d1891e4df442fdd18cc865cc7b0,['cpu'],"['reference_not_ranking', 'historical_competitors_not_rerun', 'system_resources_not_exclusive']"
ludcmp,cova_llvm_cpu_serial,default,initialization,observed,1.9797315640607849,ludcmp,275b9806d38b1fd8119ee27bbc86fe06cc1e39a5,1,1,08caec57fa049fbfa751e34e1064de164ddf556d58ef07942503bdb64d23c766,55b9887d27df7b3dc3b8b2e1875facca1a285d1891e4df442fdd18cc865cc7b0,['cpu'],"['reference_not_ranking', 'historical_competitors_not_rerun', 'system_resources_not_exclusive']"
ludcmp,cova_llvm_cpu_serial,default,fresh_process,observed,0.15432228246936575,ludcmp,275b9806d38b1fd8119ee27bbc86fe06cc1e39a5,2,2,08caec57fa049fbfa751e34e1064de164ddf556d58ef07942503bdb64d23c766,55b9887d27df7b3dc3b8b2e1875facca1a285d1891e4df442fdd18cc865cc7b0,['cpu'],"['reference_not_ranking', 'historical_competitors_not_rerun', 'system_resources_not_exclusive']"
ludcmp,cova_llvm_cpu_serial,default,same_process,observed,0.16512590844649822,ludcmp,275b9806d38b1fd8119ee27bbc86fe06cc1e39a5,6,3,08caec57fa049fbfa751e34e1064de164ddf556d58ef07942503bdb64d23c766,55b9887d27df7b3dc3b8b2e1875facca1a285d1891e4df442fdd18cc865cc7b0,['cpu'],"['reference_not_ranking', 'historical_competitors_not_rerun', 'system_resources_not_exclusive']"
ludcmp,cova_llvm_cpu,default,initialization,observed,2.0258095369208604,ludcmp,275b9806d38b1fd8119ee27bbc86fe06cc1e39a5,1,1,08caec57fa049fbfa751e34e1064de164ddf556d58ef07942503bdb64d23c766,55b9887d27df7b3dc3b8b2e1875facca1a285d1891e4df442fdd18cc865cc7b0,['cpu'],"['reference_not_ranking', 'historical_competitors_not_rerun', 'system_resources_not_exclusive']"
ludcmp,cova_llvm_cpu,default,fresh_process,observed,0.1364029974793084,ludcmp,275b9806d38b1fd8119ee27bbc86fe06cc1e39a5,2,2,08caec57fa049fbfa751e34e1064de164ddf556d58ef07942503bdb64d23c766,55b9887d27df7b3dc3b8b2e1875facca1a285d1891e4df442fdd18cc865cc7b0,['cpu'],"['reference_not_ranking', 'historical_competitors_not_rerun', 'system_resources_not_exclusive']"
ludcmp,cova_llvm_cpu,default,same_process,observed,0.1642510009696707,ludcmp,275b9806d38b1fd8119ee27bbc86fe06cc1e39a5,6,3,08caec57fa049fbfa751e34e1064de164ddf556d58ef07942503bdb64d23c766,55b9887d27df7b3dc3b8b2e1875facca1a285d1891e4df442fdd18cc865cc7b0,['cpu'],"['reference_not_ranking', 'historical_competitors_not_rerun', 'system_resources_not_exclusive']"
ludcmp,cova_openmp_gpu,default,initialization,observed,4.596764642978087,ludcmp,275b9806d38b1fd8119ee27bbc86fe06cc1e39a5,1,1,08caec57fa049fbfa751e34e1064de164ddf556d58ef07942503bdb64d23c766,55b9887d27df7b3dc3b8b2e1875facca1a285d1891e4df442fdd18cc865cc7b0,['cpu'],"['reference_not_ranking', 'historical_competitors_not_rerun', 'system_resources_not_exclusive', 'gpu_placement_metadata_only']"
ludcmp,cova_openmp_gpu,default,fresh_process,observed,0.15489213197724894,ludcmp,275b9806d38b1fd8119ee27bbc86fe06cc1e39a5,2,2,08caec57fa049fbfa751e34e1064de164ddf556d58ef07942503bdb64d23c766,55b9887d27df7b3dc3b8b2e1875facca1a285d1891e4df442fdd18cc865cc7b0,['cpu'],"['reference_not_ranking', 'historical_competitors_not_rerun', 'system_resources_not_exclusive', 'gpu_placement_metadata_only']"
ludcmp,cova_openmp_gpu,default,same_process,observed,0.17776691151084378,ludcmp,275b9806d38b1fd8119ee27bbc86fe06cc1e39a5,6,3,08caec57fa049fbfa751e34e1064de164ddf556d58ef07942503bdb64d23c766,55b9887d27df7b3dc3b8b2e1875facca1a285d1891e4df442fdd18cc865cc7b0,['cpu'],"['reference_not_ranking', 'historical_competitors_not_rerun', 'system_resources_not_exclusive', 'gpu_placement_metadata_only']"
ludcmp,cova_llvm_gpu,default,initialization,observed,12.025391991017386,ludcmp,275b9806d38b1fd8119ee27bbc86fe06cc1e39a5,1,1,08caec57fa049fbfa751e34e1064de164ddf556d58ef07942503bdb64d23c766,55b9887d27df7b3dc3b8b2e1875facca1a285d1891e4df442fdd18cc865cc7b0,['mixed'],"['reference_not_ranking', 'historical_competitors_not_rerun', 'system_resources_not_exclusive', 'gpu_placement_metadata_only']"
ludcmp,cova_llvm_gpu,default,fresh_process,observed,7.423256626003422,ludcmp,275b9806d38b1fd8119ee27bbc86fe06cc1e39a5,2,2,08caec57fa049fbfa751e34e1064de164ddf556d58ef07942503bdb64d23c766,55b9887d27df7b3dc3b8b2e1875facca1a285d1891e4df442fdd18cc865cc7b0,['mixed'],"['reference_not_ranking', 'historical_competitors_not_rerun', 'system_resources_not_exclusive', 'gpu_placement_metadata_only']"
ludcmp,cova_llvm_gpu,default,same_process,observed,7.132214295561425,ludcmp,275b9806d38b1fd8119ee27bbc86fe06cc1e39a5,6,3,08caec57fa049fbfa751e34e1064de164ddf556d58ef07942503bdb64d23c766,55b9887d27df7b3dc3b8b2e1875facca1a285d1891e4df442fdd18cc865cc7b0,['mixed'],"['reference_not_ranking', 'historical_competitors_not_rerun', 'system_resources_not_exclusive', 'gpu_placement_metadata_only']"
mandelbrot1,cova_serial_cpu,default,initialization,error,,mandelbrot1,275b9806d38b1fd8119ee27bbc86fe06cc1e39a5,0,0,7ec93ae18ee3844a817e6cc0a79455bc5862c76f047319aefde16f510ddde641,498529c7a9dcc40ab333461ec82b7c16a88eb9014a98ba9ee2910dd66fb9e062,[],"['reference_not_ranking', 'historical_competitors_not_rerun', 'system_resources_not_exclusive']"
mandelbrot1,cova_serial_cpu,default,fresh_process,error,,mandelbrot1,275b9806d38b1fd8119ee27bbc86fe06cc1e39a5,0,0,7ec93ae18ee3844a817e6cc0a79455bc5862c76f047319aefde16f510ddde641,498529c7a9dcc40ab333461ec82b7c16a88eb9014a98ba9ee2910dd66fb9e062,[],"['reference_not_ranking', 'historical_competitors_not_rerun', 'system_resources_not_exclusive']"
mandelbrot1,cova_serial_cpu,default,same_process,error,,mandelbrot1,275b9806d38b1fd8119ee27bbc86fe06cc1e39a5,0,0,7ec93ae18ee3844a817e6cc0a79455bc5862c76f047319aefde16f510ddde641,498529c7a9dcc40ab333461ec82b7c16a88eb9014a98ba9ee2910dd66fb9e062,[],"['reference_not_ranking', 'historical_competitors_not_rerun', 'system_resources_not_exclusive']"
mandelbrot1,cova_openmp_cpu,default,initialization,error,,mandelbrot1,275b9806d38b1fd8119ee27bbc86fe06cc1e39a5,0,0,7ec93ae18ee3844a817e6cc0a79455bc5862c76f047319aefde16f510ddde641,498529c7a9dcc40ab333461ec82b7c16a88eb9014a98ba9ee2910dd66fb9e062,[],"['reference_not_ranking', 'historical_competitors_not_rerun', 'system_resources_not_exclusive']"
mandelbrot1,cova_openmp_cpu,default,fresh_process,error,,mandelbrot1,275b9806d38b1fd8119ee27bbc86fe06cc1e39a5,0,0,7ec93ae18ee3844a817e6cc0a79455bc5862c76f047319aefde16f510ddde641,498529c7a9dcc40ab333461ec82b7c16a88eb9014a98ba9ee2910dd66fb9e062,[],"['reference_not_ranking', 'historical_competitors_not_rerun', 'system_resources_not_exclusive']"
mandelbrot1,cova_openmp_cpu,default,same_process,error,,mandelbrot1,275b9806d38b1fd8119ee27bbc86fe06cc1e39a5,0,0,7ec93ae18ee3844a817e6cc0a79455bc5862c76f047319aefde16f510ddde641,498529c7a9dcc40ab333461ec82b7c16a88eb9014a98ba9ee2910dd66fb9e062,[],"['reference_not_ranking', 'historical_competitors_not_rerun', 'system_resources_not_exclusive']"
mandelbrot1,cova_llvm_cpu_serial,default,initialization,observed,2.8306574389571324,mandelbrot1,275b9806d38b1fd8119ee27bbc86fe06cc1e39a5,1,1,7ec93ae18ee3844a817e6cc0a79455bc5862c76f047319aefde16f510ddde641,498529c7a9dcc40ab333461ec82b7c16a88eb9014a98ba9ee2910dd66fb9e062,['cpu'],"['reference_not_ranking', 'historical_competitors_not_rerun', 'system_resources_not_exclusive']"
mandelbrot1,cova_llvm_cpu_serial,default,fresh_process,observed,0.7905552410520613,mandelbrot1,275b9806d38b1fd8119ee27bbc86fe06cc1e39a5,2,2,7ec93ae18ee3844a817e6cc0a79455bc5862c76f047319aefde16f510ddde641,498529c7a9dcc40ab333461ec82b7c16a88eb9014a98ba9ee2910dd66fb9e062,['cpu'],"['reference_not_ranking', 'historical_competitors_not_rerun', 'system_resources_not_exclusive']"
mandelbrot1,cova_llvm_cpu_serial,default,same_process,observed,0.9348842459730804,mandelbrot1,275b9806d38b1fd8119ee27bbc86fe06cc1e39a5,6,3,7ec93ae18ee3844a817e6cc0a79455bc5862c76f047319aefde16f510ddde641,498529c7a9dcc40ab333461ec82b7c16a88eb9014a98ba9ee2910dd66fb9e062,['cpu'],"['reference_not_ranking', 'historical_competitors_not_rerun', 'system_resources_not_exclusive']"
mandelbrot1,cova_llvm_cpu,default,initialization,observed,4.8960427440470085,mandelbrot1,275b9806d38b1fd8119ee27bbc86fe06cc1e39a5,1,1,7ec93ae18ee3844a817e6cc0a79455bc5862c76f047319aefde16f510ddde641,498529c7a9dcc40ab333461ec82b7c16a88eb9014a98ba9ee2910dd66fb9e062,['cpu'],"['reference_not_ranking', 'historical_competitors_not_rerun', 'system_resources_not_exclusive']"
mandelbrot1,cova_llvm_cpu,default,fresh_process,observed,1.7492049629800022,mandelbrot1,275b9806d38b1fd8119ee27bbc86fe06cc1e39a5,2,2,7ec93ae18ee3844a817e6cc0a79455bc5862c76f047319aefde16f510ddde641,498529c7a9dcc40ab333461ec82b7c16a88eb9014a98ba9ee2910dd66fb9e062,['cpu'],"['reference_not_ranking', 'historical_competitors_not_rerun', 'system_resources_not_exclusive']"
mandelbrot1,cova_llvm_cpu,default,same_process,observed,1.2489413560251705,mandelbrot1,275b9806d38b1fd8119ee27bbc86fe06cc1e39a5,6,3,7ec93ae18ee3844a817e6cc0a79455bc5862c76f047319aefde16f510ddde641,498529c7a9dcc40ab333461ec82b7c16a88eb9014a98ba9ee2910dd66fb9e062,['cpu'],"['reference_not_ranking', 'historical_competitors_not_rerun', 'system_resources_not_exclusive']"
mandelbrot1,cova_openmp_gpu,default,initialization,error,,mandelbrot1,275b9806d38b1fd8119ee27bbc86fe06cc1e39a5,0,0,7ec93ae18ee3844a817e6cc0a79455bc5862c76f047319aefde16f510ddde641,498529c7a9dcc40ab333461ec82b7c16a88eb9014a98ba9ee2910dd66fb9e062,[],"['reference_not_ranking', 'historical_competitors_not_rerun', 'system_resources_not_exclusive', 'gpu_placement_metadata_only']"
mandelbrot1,cova_openmp_gpu,default,fresh_process,error,,mandelbrot1,275b9806d38b1fd8119ee27bbc86fe06cc1e39a5,0,0,7ec93ae18ee3844a817e6cc0a79455bc5862c76f047319aefde16f510ddde641,498529c7a9dcc40ab333461ec82b7c16a88eb9014a98ba9ee2910dd66fb9e062,[],"['reference_not_ranking', 'historical_competitors_not_rerun', 'system_resources_not_exclusive', 'gpu_placement_metadata_only']"
mandelbrot1,cova_openmp_gpu,default,same_process,error,,mandelbrot1,275b9806d38b1fd8119ee27bbc86fe06cc1e39a5,0,0,7ec93ae18ee3844a817e6cc0a79455bc5862c76f047319aefde16f510ddde641,498529c7a9dcc40ab333461ec82b7c16a88eb9014a98ba9ee2910dd66fb9e062,[],"['reference_not_ranking', 'historical_competitors_not_rerun', 'system_resources_not_exclusive', 'gpu_placement_metadata_only']"
mandelbrot1,cova_llvm_gpu,default,initialization,observed,24.247233755071647,mandelbrot1,275b9806d38b1fd8119ee27bbc86fe06cc1e39a5,1,1,7ec93ae18ee3844a817e6cc0a79455bc5862c76f047319aefde16f510ddde641,498529c7a9dcc40ab333461ec82b7c16a88eb9014a98ba9ee2910dd66fb9e062,['mixed'],"['reference_not_ranking', 'historical_competitors_not_rerun', 'system_resources_not_exclusive', 'gpu_placement_metadata_only']"
mandelbrot1,cova_llvm_gpu,default,fresh_process,observed,19.732828990498092,mandelbrot1,275b9806d38b1fd8119ee27bbc86fe06cc1e39a5,2,2,7ec93ae18ee3844a817e6cc0a79455bc5862c76f047319aefde16f510ddde641,498529c7a9dcc40ab333461ec82b7c16a88eb9014a98ba9ee2910dd66fb9e062,['mixed'],"['reference_not_ranking', 'historical_competitors_not_rerun', 'system_resources_not_exclusive', 'gpu_placement_metadata_only']"
mandelbrot1,cova_llvm_gpu,default,same_process,observed,19.495534013491124,mandelbrot1,275b9806d38b1fd8119ee27bbc86fe06cc1e39a5,6,3,7ec93ae18ee3844a817e6cc0a79455bc5862c76f047319aefde16f510ddde641,498529c7a9dcc40ab333461ec82b7c16a88eb9014a98ba9ee2910dd66fb9e062,['mixed'],"['reference_not_ranking', 'historical_competitors_not_rerun', 'system_resources_not_exclusive', 'gpu_placement_metadata_only']"
mandelbrot2,cova_serial_cpu,default,initialization,error,,mandelbrot2,275b9806d38b1fd8119ee27bbc86fe06cc1e39a5,0,0,7fb4071f3c8e581537c1201436e2e0f64673e094a239bc776fcd1d6c96095d69,e953c506eaf95aed1da28b70ad9b9cbb5c4d6ed77213ce344c94cdacbc5b6ae1,[],"['reference_not_ranking', 'historical_competitors_not_rerun', 'system_resources_not_exclusive']"
mandelbrot2,cova_serial_cpu,default,fresh_process,error,,mandelbrot2,275b9806d38b1fd8119ee27bbc86fe06cc1e39a5,0,0,7fb4071f3c8e581537c1201436e2e0f64673e094a239bc776fcd1d6c96095d69,e953c506eaf95aed1da28b70ad9b9cbb5c4d6ed77213ce344c94cdacbc5b6ae1,[],"['reference_not_ranking', 'historical_competitors_not_rerun', 'system_resources_not_exclusive']"
mandelbrot2,cova_serial_cpu,default,same_process,error,,mandelbrot2,275b9806d38b1fd8119ee27bbc86fe06cc1e39a5,0,0,7fb4071f3c8e581537c1201436e2e0f64673e094a239bc776fcd1d6c96095d69,e953c506eaf95aed1da28b70ad9b9cbb5c4d6ed77213ce344c94cdacbc5b6ae1,[],"['reference_not_ranking', 'historical_competitors_not_rerun', 'system_resources_not_exclusive']"
mandelbrot2,cova_openmp_cpu,default,initialization,error,,mandelbrot2,275b9806d38b1fd8119ee27bbc86fe06cc1e39a5,0,0,7fb4071f3c8e581537c1201436e2e0f64673e094a239bc776fcd1d6c96095d69,e953c506eaf95aed1da28b70ad9b9cbb5c4d6ed77213ce344c94cdacbc5b6ae1,[],"['reference_not_ranking', 'historical_competitors_not_rerun', 'system_resources_not_exclusive']"
mandelbrot2,cova_openmp_cpu,default,fresh_process,error,,mandelbrot2,275b9806d38b1fd8119ee27bbc86fe06cc1e39a5,0,0,7fb4071f3c8e581537c1201436e2e0f64673e094a239bc776fcd1d6c96095d69,e953c506eaf95aed1da28b70ad9b9cbb5c4d6ed77213ce344c94cdacbc5b6ae1,[],"['reference_not_ranking', 'historical_competitors_not_rerun', 'system_resources_not_exclusive']"
mandelbrot2,cova_openmp_cpu,default,same_process,error,,mandelbrot2,275b9806d38b1fd8119ee27bbc86fe06cc1e39a5,0,0,7fb4071f3c8e581537c1201436e2e0f64673e094a239bc776fcd1d6c96095d69,e953c506eaf95aed1da28b70ad9b9cbb5c4d6ed77213ce344c94cdacbc5b6ae1,[],"['reference_not_ranking', 'historical_competitors_not_rerun', 'system_resources_not_exclusive']"
mandelbrot2,cova_llvm_cpu_serial,default,initialization,error,,mandelbrot2,275b9806d38b1fd8119ee27bbc86fe06cc1e39a5,0,0,7fb4071f3c8e581537c1201436e2e0f64673e094a239bc776fcd1d6c96095d69,e953c506eaf95aed1da28b70ad9b9cbb5c4d6ed77213ce344c94cdacbc5b6ae1,[],"['reference_not_ranking', 'historical_competitors_not_rerun', 'system_resources_not_exclusive']"
mandelbrot2,cova_llvm_cpu_serial,default,fresh_process,error,,mandelbrot2,275b9806d38b1fd8119ee27bbc86fe06cc1e39a5,0,0,7fb4071f3c8e581537c1201436e2e0f64673e094a239bc776fcd1d6c96095d69,e953c506eaf95aed1da28b70ad9b9cbb5c4d6ed77213ce344c94cdacbc5b6ae1,[],"['reference_not_ranking', 'historical_competitors_not_rerun', 'system_resources_not_exclusive']"
mandelbrot2,cova_llvm_cpu_serial,default,same_process,error,,mandelbrot2,275b9806d38b1fd8119ee27bbc86fe06cc1e39a5,0,0,7fb4071f3c8e581537c1201436e2e0f64673e094a239bc776fcd1d6c96095d69,e953c506eaf95aed1da28b70ad9b9cbb5c4d6ed77213ce344c94cdacbc5b6ae1,[],"['reference_not_ranking', 'historical_competitors_not_rerun', 'system_resources_not_exclusive']"
mandelbrot2,cova_llvm_cpu,default,initialization,observed,5.80761260795407,mandelbrot2_cova_helper,275b9806d38b1fd8119ee27bbc86fe06cc1e39a5,1,1,7fb4071f3c8e581537c1201436e2e0f64673e094a239bc776fcd1d6c96095d69,e953c506eaf95aed1da28b70ad9b9cbb5c4d6ed77213ce344c94cdacbc5b6ae1,['cpu'],"['reference_not_ranking', 'historical_competitors_not_rerun', 'system_resources_not_exclusive']"
mandelbrot2,cova_llvm_cpu,default,fresh_process,observed,1.558983407507185,mandelbrot2_cova_helper,275b9806d38b1fd8119ee27bbc86fe06cc1e39a5,2,2,7fb4071f3c8e581537c1201436e2e0f64673e094a239bc776fcd1d6c96095d69,e953c506eaf95aed1da28b70ad9b9cbb5c4d6ed77213ce344c94cdacbc5b6ae1,['cpu'],"['reference_not_ranking', 'historical_competitors_not_rerun', 'system_resources_not_exclusive']"
mandelbrot2,cova_llvm_cpu,default,same_process,observed,1.3491114850039594,mandelbrot2_cova_helper,275b9806d38b1fd8119ee27bbc86fe06cc1e39a5,6,3,7fb4071f3c8e581537c1201436e2e0f64673e094a239bc776fcd1d6c96095d69,e953c506eaf95aed1da28b70ad9b9cbb5c4d6ed77213ce344c94cdacbc5b6ae1,['cpu'],"['reference_not_ranking', 'historical_competitors_not_rerun', 'system_resources_not_exclusive']"
mandelbrot2,cova_openmp_gpu,default,initialization,error,,mandelbrot2,275b9806d38b1fd8119ee27bbc86fe06cc1e39a5,0,0,7fb4071f3c8e581537c1201436e2e0f64673e094a239bc776fcd1d6c96095d69,e953c506eaf95aed1da28b70ad9b9cbb5c4d6ed77213ce344c94cdacbc5b6ae1,[],"['reference_not_ranking', 'historical_competitors_not_rerun', 'system_resources_not_exclusive', 'gpu_placement_metadata_only']"
mandelbrot2,cova_openmp_gpu,default,fresh_process,error,,mandelbrot2,275b9806d38b1fd8119ee27bbc86fe06cc1e39a5,0,0,7fb4071f3c8e581537c1201436e2e0f64673e094a239bc776fcd1d6c96095d69,e953c506eaf95aed1da28b70ad9b9cbb5c4d6ed77213ce344c94cdacbc5b6ae1,[],"['reference_not_ranking', 'historical_competitors_not_rerun', 'system_resources_not_exclusive', 'gpu_placement_metadata_only']"
mandelbrot2,cova_openmp_gpu,default,same_process,error,,mandelbrot2,275b9806d38b1fd8119ee27bbc86fe06cc1e39a5,0,0,7fb4071f3c8e581537c1201436e2e0f64673e094a239bc776fcd1d6c96095d69,e953c506eaf95aed1da28b70ad9b9cbb5c4d6ed77213ce344c94cdacbc5b6ae1,[],"['reference_not_ranking', 'historical_competitors_not_rerun', 'system_resources_not_exclusive', 'gpu_placement_metadata_only']"
mandelbrot2,cova_llvm_gpu,default,initialization,observed,15.64773102896288,mandelbrot2_cova_helper,275b9806d38b1fd8119ee27bbc86fe06cc1e39a5,1,1,7fb4071f3c8e581537c1201436e2e0f64673e094a239bc776fcd1d6c96095d69,e953c506eaf95aed1da28b70ad9b9cbb5c4d6ed77213ce344c94cdacbc5b6ae1,['mixed'],"['reference_not_ranking', 'historical_competitors_not_rerun', 'system_resources_not_exclusive', 'gpu_placement_metadata_only']"
mandelbrot2,cova_llvm_gpu,default,fresh_process,observed,9.70902942941757,mandelbrot2_cova_helper,275b9806d38b1fd8119ee27bbc86fe06cc1e39a5,2,2,7fb4071f3c8e581537c1201436e2e0f64673e094a239bc776fcd1d6c96095d69,e953c506eaf95aed1da28b70ad9b9cbb5c4d6ed77213ce344c94cdacbc5b6ae1,['mixed'],"['reference_not_ranking', 'historical_competitors_not_rerun', 'system_resources_not_exclusive', 'gpu_placement_metadata_only']"
mandelbrot2,cova_llvm_gpu,default,same_process,observed,9.461922085960396,mandelbrot2_cova_helper,275b9806d38b1fd8119ee27bbc86fe06cc1e39a5,6,3,7fb4071f3c8e581537c1201436e2e0f64673e094a239bc776fcd1d6c96095d69,e953c506eaf95aed1da28b70ad9b9cbb5c4d6ed77213ce344c94cdacbc5b6ae1,['mixed'],"['reference_not_ranking', 'historical_competitors_not_rerun', 'system_resources_not_exclusive', 'gpu_placement_metadata_only']"
mlp,cova_serial_cpu,default,initialization,observed,11.270425376016647,mlp,275b9806d38b1fd8119ee27bbc86fe06cc1e39a5,1,1,5a57834b626ad11a97469e2ed2472df251c3e8ff143b8d8d463672e399d900be,87c94f9c003ff974cd198163ffe2fd3948bacd6ba11c6c91faa770e7bcee04e9,['cpu'],"['reference_not_ranking', 'historical_competitors_not_rerun', 'system_resources_not_exclusive']"
mlp,cova_serial_cpu,default,fresh_process,observed,8.414232206530869,mlp,275b9806d38b1fd8119ee27bbc86fe06cc1e39a5,2,2,5a57834b626ad11a97469e2ed2472df251c3e8ff143b8d8d463672e399d900be,87c94f9c003ff974cd198163ffe2fd3948bacd6ba11c6c91faa770e7bcee04e9,['cpu'],"['reference_not_ranking', 'historical_competitors_not_rerun', 'system_resources_not_exclusive']"
mlp,cova_serial_cpu,default,same_process,observed,8.34347673098091,mlp,275b9806d38b1fd8119ee27bbc86fe06cc1e39a5,6,3,5a57834b626ad11a97469e2ed2472df251c3e8ff143b8d8d463672e399d900be,87c94f9c003ff974cd198163ffe2fd3948bacd6ba11c6c91faa770e7bcee04e9,['cpu'],"['reference_not_ranking', 'historical_competitors_not_rerun', 'system_resources_not_exclusive']"
mlp,cova_openmp_cpu,default,initialization,observed,7.738999032066204,mlp,275b9806d38b1fd8119ee27bbc86fe06cc1e39a5,1,1,5a57834b626ad11a97469e2ed2472df251c3e8ff143b8d8d463672e399d900be,87c94f9c003ff974cd198163ffe2fd3948bacd6ba11c6c91faa770e7bcee04e9,['cpu'],"['reference_not_ranking', 'historical_competitors_not_rerun', 'system_resources_not_exclusive']"
mlp,cova_openmp_cpu,default,fresh_process,observed,4.896227455988992,mlp,275b9806d38b1fd8119ee27bbc86fe06cc1e39a5,2,2,5a57834b626ad11a97469e2ed2472df251c3e8ff143b8d8d463672e399d900be,87c94f9c003ff974cd198163ffe2fd3948bacd6ba11c6c91faa770e7bcee04e9,['cpu'],"['reference_not_ranking', 'historical_competitors_not_rerun', 'system_resources_not_exclusive']"
mlp,cova_openmp_cpu,default,same_process,observed,4.835795789025724,mlp,275b9806d38b1fd8119ee27bbc86fe06cc1e39a5,6,3,5a57834b626ad11a97469e2ed2472df251c3e8ff143b8d8d463672e399d900be,87c94f9c003ff974cd198163ffe2fd3948bacd6ba11c6c91faa770e7bcee04e9,['cpu'],"['reference_not_ranking', 'historical_competitors_not_rerun', 'system_resources_not_exclusive']"
mlp,cova_llvm_cpu_serial,default,initialization,observed,5.9287651209160686,mlp,275b9806d38b1fd8119ee27bbc86fe06cc1e39a5,1,1,5a57834b626ad11a97469e2ed2472df251c3e8ff143b8d8d463672e399d900be,87c94f9c003ff974cd198163ffe2fd3948bacd6ba11c6c91faa770e7bcee04e9,['cpu'],"['reference_not_ranking', 'historical_competitors_not_rerun', 'system_resources_not_exclusive']"
mlp,cova_llvm_cpu_serial,default,fresh_process,observed,0.23314808896975592,mlp,275b9806d38b1fd8119ee27bbc86fe06cc1e39a5,2,2,5a57834b626ad11a97469e2ed2472df251c3e8ff143b8d8d463672e399d900be,87c94f9c003ff974cd198163ffe2fd3948bacd6ba11c6c91faa770e7bcee04e9,['cpu'],"['reference_not_ranking', 'historical_competitors_not_rerun', 'system_resources_not_exclusive']"
mlp,cova_llvm_cpu_serial,default,same_process,observed,0.21295582398306578,mlp,275b9806d38b1fd8119ee27bbc86fe06cc1e39a5,6,3,5a57834b626ad11a97469e2ed2472df251c3e8ff143b8d8d463672e399d900be,87c94f9c003ff974cd198163ffe2fd3948bacd6ba11c6c91faa770e7bcee04e9,['cpu'],"['reference_not_ranking', 'historical_competitors_not_rerun', 'system_resources_not_exclusive']"
mlp,cova_llvm_cpu,default,initialization,observed,8.01827678992413,mlp,275b9806d38b1fd8119ee27bbc86fe06cc1e39a5,1,1,5a57834b626ad11a97469e2ed2472df251c3e8ff143b8d8d463672e399d900be,87c94f9c003ff974cd198163ffe2fd3948bacd6ba11c6c91faa770e7bcee04e9,['cpu'],"['reference_not_ranking', 'historical_competitors_not_rerun', 'system_resources_not_exclusive']"
mlp,cova_llvm_cpu,default,fresh_process,observed,0.40129848005017266,mlp,275b9806d38b1fd8119ee27bbc86fe06cc1e39a5,2,2,5a57834b626ad11a97469e2ed2472df251c3e8ff143b8d8d463672e399d900be,87c94f9c003ff974cd198163ffe2fd3948bacd6ba11c6c91faa770e7bcee04e9,['cpu'],"['reference_not_ranking', 'historical_competitors_not_rerun', 'system_resources_not_exclusive']"
mlp,cova_llvm_cpu,default,same_process,observed,0.5690194394555874,mlp,275b9806d38b1fd8119ee27bbc86fe06cc1e39a5,6,3,5a57834b626ad11a97469e2ed2472df251c3e8ff143b8d8d463672e399d900be,87c94f9c003ff974cd198163ffe2fd3948bacd6ba11c6c91faa770e7bcee04e9,['cpu'],"['reference_not_ranking', 'historical_competitors_not_rerun', 'system_resources_not_exclusive']"
mlp,cova_openmp_gpu,default,initialization,observed,9.084434170043096,mlp,275b9806d38b1fd8119ee27bbc86fe06cc1e39a5,1,1,5a57834b626ad11a97469e2ed2472df251c3e8ff143b8d8d463672e399d900be,87c94f9c003ff974cd198163ffe2fd3948bacd6ba11c6c91faa770e7bcee04e9,['gpu'],"['reference_not_ranking', 'historical_competitors_not_rerun', 'system_resources_not_exclusive', 'gpu_placement_metadata_only']"
mlp,cova_openmp_gpu,default,fresh_process,observed,1.0619917809963226,mlp,275b9806d38b1fd8119ee27bbc86fe06cc1e39a5,2,2,5a57834b626ad11a97469e2ed2472df251c3e8ff143b8d8d463672e399d900be,87c94f9c003ff974cd198163ffe2fd3948bacd6ba11c6c91faa770e7bcee04e9,['gpu'],"['reference_not_ranking', 'historical_competitors_not_rerun', 'system_resources_not_exclusive', 'gpu_placement_metadata_only']"
mlp,cova_openmp_gpu,default,same_process,observed,0.6387199675082229,mlp,275b9806d38b1fd8119ee27bbc86fe06cc1e39a5,6,3,5a57834b626ad11a97469e2ed2472df251c3e8ff143b8d8d463672e399d900be,87c94f9c003ff974cd198163ffe2fd3948bacd6ba11c6c91faa770e7bcee04e9,['gpu'],"['reference_not_ranking', 'historical_competitors_not_rerun', 'system_resources_not_exclusive', 'gpu_placement_metadata_only']"
mlp,cova_llvm_gpu,default,initialization,observed,8.775916812941432,mlp,275b9806d38b1fd8119ee27bbc86fe06cc1e39a5,1,1,5a57834b626ad11a97469e2ed2472df251c3e8ff143b8d8d463672e399d900be,87c94f9c003ff974cd198163ffe2fd3948bacd6ba11c6c91faa770e7bcee04e9,['gpu'],"['reference_not_ranking', 'historical_competitors_not_rerun', 'system_resources_not_exclusive', 'gpu_placement_metadata_only']"
mlp,cova_llvm_gpu,default,fresh_process,observed,1.1142035885131918,mlp,275b9806d38b1fd8119ee27bbc86fe06cc1e39a5,2,2,5a57834b626ad11a97469e2ed2472df251c3e8ff143b8d8d463672e399d900be,87c94f9c003ff974cd198163ffe2fd3948bacd6ba11c6c91faa770e7bcee04e9,['gpu'],"['reference_not_ranking', 'historical_competitors_not_rerun', 'system_resources_not_exclusive', 'gpu_placement_metadata_only']"
mlp,cova_llvm_gpu,default,same_process,observed,0.6770589365041815,mlp,275b9806d38b1fd8119ee27bbc86fe06cc1e39a5,6,3,5a57834b626ad11a97469e2ed2472df251c3e8ff143b8d8d463672e399d900be,87c94f9c003ff974cd198163ffe2fd3948bacd6ba11c6c91faa770e7bcee04e9,['gpu'],"['reference_not_ranking', 'historical_competitors_not_rerun', 'system_resources_not_exclusive', 'gpu_placement_metadata_only']"
mvt,cova_serial_cpu,default,initialization,observed,3.7965102839516476,mvt,275b9806d38b1fd8119ee27bbc86fe06cc1e39a5,1,1,6d38d7a7e4ccc0cd21261ff27458bbfec43022e90858441b148c763f459bdc05,31a7a541d3eb3d99e166c80b243812e6678c96f5f504254d1acff781fbc1da55,['cpu'],"['reference_not_ranking', 'historical_competitors_not_rerun', 'system_resources_not_exclusive']"
mvt,cova_serial_cpu,default,fresh_process,observed,0.921483870013617,mvt,275b9806d38b1fd8119ee27bbc86fe06cc1e39a5,2,2,6d38d7a7e4ccc0cd21261ff27458bbfec43022e90858441b148c763f459bdc05,31a7a541d3eb3d99e166c80b243812e6678c96f5f504254d1acff781fbc1da55,['cpu'],"['reference_not_ranking', 'historical_competitors_not_rerun', 'system_resources_not_exclusive']"
mvt,cova_serial_cpu,default,same_process,observed,1.2273635704768822,mvt,275b9806d38b1fd8119ee27bbc86fe06cc1e39a5,6,3,6d38d7a7e4ccc0cd21261ff27458bbfec43022e90858441b148c763f459bdc05,31a7a541d3eb3d99e166c80b243812e6678c96f5f504254d1acff781fbc1da55,['cpu'],"['reference_not_ranking', 'historical_competitors_not_rerun', 'system_resources_not_exclusive']"
mvt,cova_openmp_cpu,default,initialization,observed,2.9844754870282486,mvt,275b9806d38b1fd8119ee27bbc86fe06cc1e39a5,1,1,6d38d7a7e4ccc0cd21261ff27458bbfec43022e90858441b148c763f459bdc05,31a7a541d3eb3d99e166c80b243812e6678c96f5f504254d1acff781fbc1da55,['cpu'],"['reference_not_ranking', 'historical_competitors_not_rerun', 'system_resources_not_exclusive']"
mvt,cova_openmp_cpu,default,fresh_process,observed,0.43051754200132564,mvt,275b9806d38b1fd8119ee27bbc86fe06cc1e39a5,2,2,6d38d7a7e4ccc0cd21261ff27458bbfec43022e90858441b148c763f459bdc05,31a7a541d3eb3d99e166c80b243812e6678c96f5f504254d1acff781fbc1da55,['cpu'],"['reference_not_ranking', 'historical_competitors_not_rerun', 'system_resources_not_exclusive']"
mvt,cova_openmp_cpu,default,same_process,observed,0.41029018693370745,mvt,275b9806d38b1fd8119ee27bbc86fe06cc1e39a5,6,3,6d38d7a7e4ccc0cd21261ff27458bbfec43022e90858441b148c763f459bdc05,31a7a541d3eb3d99e166c80b243812e6678c96f5f504254d1acff781fbc1da55,['cpu'],"['reference_not_ranking', 'historical_competitors_not_rerun', 'system_resources_not_exclusive']"
mvt,cova_llvm_cpu_serial,default,initialization,observed,4.535190426977351,mvt,275b9806d38b1fd8119ee27bbc86fe06cc1e39a5,1,1,6d38d7a7e4ccc0cd21261ff27458bbfec43022e90858441b148c763f459bdc05,31a7a541d3eb3d99e166c80b243812e6678c96f5f504254d1acff781fbc1da55,['cpu'],"['reference_not_ranking', 'historical_competitors_not_rerun', 'system_resources_not_exclusive']"
mvt,cova_llvm_cpu_serial,default,fresh_process,observed,0.37418121501104906,mvt,275b9806d38b1fd8119ee27bbc86fe06cc1e39a5,2,2,6d38d7a7e4ccc0cd21261ff27458bbfec43022e90858441b148c763f459bdc05,31a7a541d3eb3d99e166c80b243812e6678c96f5f504254d1acff781fbc1da55,['cpu'],"['reference_not_ranking', 'historical_competitors_not_rerun', 'system_resources_not_exclusive']"
mvt,cova_llvm_cpu_serial,default,same_process,observed,0.13994554849341512,mvt,275b9806d38b1fd8119ee27bbc86fe06cc1e39a5,6,3,6d38d7a7e4ccc0cd21261ff27458bbfec43022e90858441b148c763f459bdc05,31a7a541d3eb3d99e166c80b243812e6678c96f5f504254d1acff781fbc1da55,['cpu'],"['reference_not_ranking', 'historical_competitors_not_rerun', 'system_resources_not_exclusive']"
mvt,cova_llvm_cpu,default,initialization,observed,7.195375457988121,mvt,275b9806d38b1fd8119ee27bbc86fe06cc1e39a5,1,1,6d38d7a7e4ccc0cd21261ff27458bbfec43022e90858441b148c763f459bdc05,31a7a541d3eb3d99e166c80b243812e6678c96f5f504254d1acff781fbc1da55,['cpu'],"['reference_not_ranking', 'historical_competitors_not_rerun', 'system_resources_not_exclusive']"
mvt,cova_llvm_cpu,default,fresh_process,observed,0.15969528548885137,mvt,275b9806d38b1fd8119ee27bbc86fe06cc1e39a5,2,2,6d38d7a7e4ccc0cd21261ff27458bbfec43022e90858441b148c763f459bdc05,31a7a541d3eb3d99e166c80b243812e6678c96f5f504254d1acff781fbc1da55,['cpu'],"['reference_not_ranking', 'historical_competitors_not_rerun', 'system_resources_not_exclusive']"
mvt,cova_llvm_cpu,default,same_process,observed,0.10108180053066462,mvt,275b9806d38b1fd8119ee27bbc86fe06cc1e39a5,6,3,6d38d7a7e4ccc0cd21261ff27458bbfec43022e90858441b148c763f459bdc05,31a7a541d3eb3d99e166c80b243812e6678c96f5f504254d1acff781fbc1da55,['cpu'],"['reference_not_ranking', 'historical_competitors_not_rerun', 'system_resources_not_exclusive']"
mvt,cova_openmp_gpu,default,initialization,observed,7.274919384974055,mvt,275b9806d38b1fd8119ee27bbc86fe06cc1e39a5,1,1,6d38d7a7e4ccc0cd21261ff27458bbfec43022e90858441b148c763f459bdc05,31a7a541d3eb3d99e166c80b243812e6678c96f5f504254d1acff781fbc1da55,['gpu'],"['reference_not_ranking', 'historical_competitors_not_rerun', 'system_resources_not_exclusive', 'gpu_placement_metadata_only']"
mvt,cova_openmp_gpu,default,fresh_process,observed,0.7250714475521818,mvt,275b9806d38b1fd8119ee27bbc86fe06cc1e39a5,2,2,6d38d7a7e4ccc0cd21261ff27458bbfec43022e90858441b148c763f459bdc05,31a7a541d3eb3d99e166c80b243812e6678c96f5f504254d1acff781fbc1da55,['gpu'],"['reference_not_ranking', 'historical_competitors_not_rerun', 'system_resources_not_exclusive', 'gpu_placement_metadata_only']"
mvt,cova_openmp_gpu,default,same_process,observed,0.3616772100212984,mvt,275b9806d38b1fd8119ee27bbc86fe06cc1e39a5,6,3,6d38d7a7e4ccc0cd21261ff27458bbfec43022e90858441b148c763f459bdc05,31a7a541d3eb3d99e166c80b243812e6678c96f5f504254d1acff781fbc1da55,['gpu'],"['reference_not_ranking', 'historical_competitors_not_rerun', 'system_resources_not_exclusive', 'gpu_placement_metadata_only']"
mvt,cova_llvm_gpu,default,initialization,observed,6.975527914008126,mvt,275b9806d38b1fd8119ee27bbc86fe06cc1e39a5,1,1,6d38d7a7e4ccc0cd21261ff27458bbfec43022e90858441b148c763f459bdc05,31a7a541d3eb3d99e166c80b243812e6678c96f5f504254d1acff781fbc1da55,['gpu'],"['reference_not_ranking', 'historical_competitors_not_rerun', 'system_resources_not_exclusive', 'gpu_placement_metadata_only']"
mvt,cova_llvm_gpu,default,fresh_process,observed,0.7799795254832134,mvt,275b9806d38b1fd8119ee27bbc86fe06cc1e39a5,2,2,6d38d7a7e4ccc0cd21261ff27458bbfec43022e90858441b148c763f459bdc05,31a7a541d3eb3d99e166c80b243812e6678c96f5f504254d1acff781fbc1da55,['gpu'],"['reference_not_ranking', 'historical_competitors_not_rerun', 'system_resources_not_exclusive', 'gpu_placement_metadata_only']"
mvt,cova_llvm_gpu,default,same_process,observed,0.4827970220358111,mvt,275b9806d38b1fd8119ee27bbc86fe06cc1e39a5,6,3,6d38d7a7e4ccc0cd21261ff27458bbfec43022e90858441b148c763f459bdc05,31a7a541d3eb3d99e166c80b243812e6678c96f5f504254d1acff781fbc1da55,['gpu'],"['reference_not_ranking', 'historical_competitors_not_rerun', 'system_resources_not_exclusive', 'gpu_placement_metadata_only']"
nbody,cova_serial_cpu,default,initialization,validation,,nbody,275b9806d38b1fd8119ee27bbc86fe06cc1e39a5,0,0,eb19dd29eced1356f5981ddd1d68235062b1cd0e3e730e4069acc2a4f30a6512,369f565b2cc3f4d1e7431a758f71f09b2fb5270f7b56b9b6b5de37373d88c636,['cpu'],"['reference_not_ranking', 'historical_competitors_not_rerun', 'system_resources_not_exclusive']"
nbody,cova_serial_cpu,default,fresh_process,validation,,nbody,275b9806d38b1fd8119ee27bbc86fe06cc1e39a5,0,0,eb19dd29eced1356f5981ddd1d68235062b1cd0e3e730e4069acc2a4f30a6512,369f565b2cc3f4d1e7431a758f71f09b2fb5270f7b56b9b6b5de37373d88c636,['cpu'],"['reference_not_ranking', 'historical_competitors_not_rerun', 'system_resources_not_exclusive']"
nbody,cova_serial_cpu,default,same_process,validation,,nbody,275b9806d38b1fd8119ee27bbc86fe06cc1e39a5,0,0,eb19dd29eced1356f5981ddd1d68235062b1cd0e3e730e4069acc2a4f30a6512,369f565b2cc3f4d1e7431a758f71f09b2fb5270f7b56b9b6b5de37373d88c636,['cpu'],"['reference_not_ranking', 'historical_competitors_not_rerun', 'system_resources_not_exclusive']"
nbody,cova_openmp_cpu,default,initialization,validation,,nbody,275b9806d38b1fd8119ee27bbc86fe06cc1e39a5,0,0,eb19dd29eced1356f5981ddd1d68235062b1cd0e3e730e4069acc2a4f30a6512,369f565b2cc3f4d1e7431a758f71f09b2fb5270f7b56b9b6b5de37373d88c636,['cpu'],"['reference_not_ranking', 'historical_competitors_not_rerun', 'system_resources_not_exclusive']"
nbody,cova_openmp_cpu,default,fresh_process,validation,,nbody,275b9806d38b1fd8119ee27bbc86fe06cc1e39a5,0,0,eb19dd29eced1356f5981ddd1d68235062b1cd0e3e730e4069acc2a4f30a6512,369f565b2cc3f4d1e7431a758f71f09b2fb5270f7b56b9b6b5de37373d88c636,['cpu'],"['reference_not_ranking', 'historical_competitors_not_rerun', 'system_resources_not_exclusive']"
nbody,cova_openmp_cpu,default,same_process,validation,,nbody,275b9806d38b1fd8119ee27bbc86fe06cc1e39a5,0,0,eb19dd29eced1356f5981ddd1d68235062b1cd0e3e730e4069acc2a4f30a6512,369f565b2cc3f4d1e7431a758f71f09b2fb5270f7b56b9b6b5de37373d88c636,['cpu'],"['reference_not_ranking', 'historical_competitors_not_rerun', 'system_resources_not_exclusive']"
nbody,cova_llvm_cpu_serial,default,initialization,validation,,nbody,275b9806d38b1fd8119ee27bbc86fe06cc1e39a5,0,0,eb19dd29eced1356f5981ddd1d68235062b1cd0e3e730e4069acc2a4f30a6512,369f565b2cc3f4d1e7431a758f71f09b2fb5270f7b56b9b6b5de37373d88c636,['cpu'],"['reference_not_ranking', 'historical_competitors_not_rerun', 'system_resources_not_exclusive']"
nbody,cova_llvm_cpu_serial,default,fresh_process,validation,,nbody,275b9806d38b1fd8119ee27bbc86fe06cc1e39a5,0,0,eb19dd29eced1356f5981ddd1d68235062b1cd0e3e730e4069acc2a4f30a6512,369f565b2cc3f4d1e7431a758f71f09b2fb5270f7b56b9b6b5de37373d88c636,['cpu'],"['reference_not_ranking', 'historical_competitors_not_rerun', 'system_resources_not_exclusive']"
nbody,cova_llvm_cpu_serial,default,same_process,validation,,nbody,275b9806d38b1fd8119ee27bbc86fe06cc1e39a5,0,0,eb19dd29eced1356f5981ddd1d68235062b1cd0e3e730e4069acc2a4f30a6512,369f565b2cc3f4d1e7431a758f71f09b2fb5270f7b56b9b6b5de37373d88c636,['cpu'],"['reference_not_ranking', 'historical_competitors_not_rerun', 'system_resources_not_exclusive']"
nbody,cova_llvm_cpu,default,initialization,validation,,nbody,275b9806d38b1fd8119ee27bbc86fe06cc1e39a5,0,0,eb19dd29eced1356f5981ddd1d68235062b1cd0e3e730e4069acc2a4f30a6512,369f565b2cc3f4d1e7431a758f71f09b2fb5270f7b56b9b6b5de37373d88c636,['cpu'],"['reference_not_ranking', 'historical_competitors_not_rerun', 'system_resources_not_exclusive']"
nbody,cova_llvm_cpu,default,fresh_process,validation,,nbody,275b9806d38b1fd8119ee27bbc86fe06cc1e39a5,0,0,eb19dd29eced1356f5981ddd1d68235062b1cd0e3e730e4069acc2a4f30a6512,369f565b2cc3f4d1e7431a758f71f09b2fb5270f7b56b9b6b5de37373d88c636,['cpu'],"['reference_not_ranking', 'historical_competitors_not_rerun', 'system_resources_not_exclusive']"
nbody,cova_llvm_cpu,default,same_process,validation,,nbody,275b9806d38b1fd8119ee27bbc86fe06cc1e39a5,0,0,eb19dd29eced1356f5981ddd1d68235062b1cd0e3e730e4069acc2a4f30a6512,369f565b2cc3f4d1e7431a758f71f09b2fb5270f7b56b9b6b5de37373d88c636,['cpu'],"['reference_not_ranking', 'historical_competitors_not_rerun', 'system_resources_not_exclusive']"
nbody,cova_openmp_gpu,default,initialization,validation,,nbody,275b9806d38b1fd8119ee27bbc86fe06cc1e39a5,0,0,eb19dd29eced1356f5981ddd1d68235062b1cd0e3e730e4069acc2a4f30a6512,369f565b2cc3f4d1e7431a758f71f09b2fb5270f7b56b9b6b5de37373d88c636,['mixed'],"['reference_not_ranking', 'historical_competitors_not_rerun', 'system_resources_not_exclusive', 'gpu_placement_metadata_only']"
nbody,cova_openmp_gpu,default,fresh_process,validation,,nbody,275b9806d38b1fd8119ee27bbc86fe06cc1e39a5,0,0,eb19dd29eced1356f5981ddd1d68235062b1cd0e3e730e4069acc2a4f30a6512,369f565b2cc3f4d1e7431a758f71f09b2fb5270f7b56b9b6b5de37373d88c636,['mixed'],"['reference_not_ranking', 'historical_competitors_not_rerun', 'system_resources_not_exclusive', 'gpu_placement_metadata_only']"
nbody,cova_openmp_gpu,default,same_process,validation,,nbody,275b9806d38b1fd8119ee27bbc86fe06cc1e39a5,0,0,eb19dd29eced1356f5981ddd1d68235062b1cd0e3e730e4069acc2a4f30a6512,369f565b2cc3f4d1e7431a758f71f09b2fb5270f7b56b9b6b5de37373d88c636,['mixed'],"['reference_not_ranking', 'historical_competitors_not_rerun', 'system_resources_not_exclusive', 'gpu_placement_metadata_only']"
nbody,cova_llvm_gpu,default,initialization,validation,,nbody,275b9806d38b1fd8119ee27bbc86fe06cc1e39a5,0,0,eb19dd29eced1356f5981ddd1d68235062b1cd0e3e730e4069acc2a4f30a6512,369f565b2cc3f4d1e7431a758f71f09b2fb5270f7b56b9b6b5de37373d88c636,['mixed'],"['reference_not_ranking', 'historical_competitors_not_rerun', 'system_resources_not_exclusive', 'gpu_placement_metadata_only']"
nbody,cova_llvm_gpu,default,fresh_process,validation,,nbody,275b9806d38b1fd8119ee27bbc86fe06cc1e39a5,0,0,eb19dd29eced1356f5981ddd1d68235062b1cd0e3e730e4069acc2a4f30a6512,369f565b2cc3f4d1e7431a758f71f09b2fb5270f7b56b9b6b5de37373d88c636,['mixed'],"['reference_not_ranking', 'historical_competitors_not_rerun', 'system_resources_not_exclusive', 'gpu_placement_metadata_only']"
nbody,cova_llvm_gpu,default,same_process,validation,,nbody,275b9806d38b1fd8119ee27bbc86fe06cc1e39a5,0,0,eb19dd29eced1356f5981ddd1d68235062b1cd0e3e730e4069acc2a4f30a6512,369f565b2cc3f4d1e7431a758f71f09b2fb5270f7b56b9b6b5de37373d88c636,['mixed'],"['reference_not_ranking', 'historical_competitors_not_rerun', 'system_resources_not_exclusive', 'gpu_placement_metadata_only']"
nussinov,cova_serial_cpu,default,initialization,observed,2.163933461997658,nussinov,275b9806d38b1fd8119ee27bbc86fe06cc1e39a5,1,1,7de19d1b6c54c559477765ce530898d3c0e580b07d787f443f19ff85acf43418,05b880e157b9ee387cb9be1fa3b10e2f4efe7bed764c6b129b8b31ad87b8df2a,['cpu'],"['reference_not_ranking', 'historical_competitors_not_rerun', 'system_resources_not_exclusive']"
nussinov,cova_serial_cpu,default,fresh_process,observed,0.026628474530298263,nussinov,275b9806d38b1fd8119ee27bbc86fe06cc1e39a5,2,2,7de19d1b6c54c559477765ce530898d3c0e580b07d787f443f19ff85acf43418,05b880e157b9ee387cb9be1fa3b10e2f4efe7bed764c6b129b8b31ad87b8df2a,['cpu'],"['reference_not_ranking', 'historical_competitors_not_rerun', 'system_resources_not_exclusive']"
nussinov,cova_serial_cpu,default,same_process,observed,0.019086264015641063,nussinov,275b9806d38b1fd8119ee27bbc86fe06cc1e39a5,6,3,7de19d1b6c54c559477765ce530898d3c0e580b07d787f443f19ff85acf43418,05b880e157b9ee387cb9be1fa3b10e2f4efe7bed764c6b129b8b31ad87b8df2a,['cpu'],"['reference_not_ranking', 'historical_competitors_not_rerun', 'system_resources_not_exclusive']"
nussinov,cova_openmp_cpu,default,initialization,observed,5.561818240093999,nussinov,275b9806d38b1fd8119ee27bbc86fe06cc1e39a5,1,1,7de19d1b6c54c559477765ce530898d3c0e580b07d787f443f19ff85acf43418,05b880e157b9ee387cb9be1fa3b10e2f4efe7bed764c6b129b8b31ad87b8df2a,['cpu'],"['reference_not_ranking', 'historical_competitors_not_rerun', 'system_resources_not_exclusive']"
nussinov,cova_openmp_cpu,default,fresh_process,observed,2.6264707000227645,nussinov,275b9806d38b1fd8119ee27bbc86fe06cc1e39a5,2,2,7de19d1b6c54c559477765ce530898d3c0e580b07d787f443f19ff85acf43418,05b880e157b9ee387cb9be1fa3b10e2f4efe7bed764c6b129b8b31ad87b8df2a,['cpu'],"['reference_not_ranking', 'historical_competitors_not_rerun', 'system_resources_not_exclusive']"
nussinov,cova_openmp_cpu,default,same_process,observed,2.4556261465186253,nussinov,275b9806d38b1fd8119ee27bbc86fe06cc1e39a5,6,3,7de19d1b6c54c559477765ce530898d3c0e580b07d787f443f19ff85acf43418,05b880e157b9ee387cb9be1fa3b10e2f4efe7bed764c6b129b8b31ad87b8df2a,['cpu'],"['reference_not_ranking', 'historical_competitors_not_rerun', 'system_resources_not_exclusive']"
nussinov,cova_llvm_cpu_serial,default,initialization,observed,1.6202200260013342,nussinov,275b9806d38b1fd8119ee27bbc86fe06cc1e39a5,1,1,7de19d1b6c54c559477765ce530898d3c0e580b07d787f443f19ff85acf43418,05b880e157b9ee387cb9be1fa3b10e2f4efe7bed764c6b129b8b31ad87b8df2a,['cpu'],"['reference_not_ranking', 'historical_competitors_not_rerun', 'system_resources_not_exclusive']"
nussinov,cova_llvm_cpu_serial,default,fresh_process,observed,0.02671944146277383,nussinov,275b9806d38b1fd8119ee27bbc86fe06cc1e39a5,2,2,7de19d1b6c54c559477765ce530898d3c0e580b07d787f443f19ff85acf43418,05b880e157b9ee387cb9be1fa3b10e2f4efe7bed764c6b129b8b31ad87b8df2a,['cpu'],"['reference_not_ranking', 'historical_competitors_not_rerun', 'system_resources_not_exclusive']"
nussinov,cova_llvm_cpu_serial,default,same_process,observed,0.0204758535255678,nussinov,275b9806d38b1fd8119ee27bbc86fe06cc1e39a5,6,3,7de19d1b6c54c559477765ce530898d3c0e580b07d787f443f19ff85acf43418,05b880e157b9ee387cb9be1fa3b10e2f4efe7bed764c6b129b8b31ad87b8df2a,['cpu'],"['reference_not_ranking', 'historical_competitors_not_rerun', 'system_resources_not_exclusive']"
nussinov,cova_llvm_cpu,default,initialization,observed,1.835060812998563,nussinov,275b9806d38b1fd8119ee27bbc86fe06cc1e39a5,1,1,7de19d1b6c54c559477765ce530898d3c0e580b07d787f443f19ff85acf43418,05b880e157b9ee387cb9be1fa3b10e2f4efe7bed764c6b129b8b31ad87b8df2a,['cpu'],"['reference_not_ranking', 'historical_competitors_not_rerun', 'system_resources_not_exclusive']"
nussinov,cova_llvm_cpu,default,fresh_process,observed,0.027882150490768254,nussinov,275b9806d38b1fd8119ee27bbc86fe06cc1e39a5,2,2,7de19d1b6c54c559477765ce530898d3c0e580b07d787f443f19ff85acf43418,05b880e157b9ee387cb9be1fa3b10e2f4efe7bed764c6b129b8b31ad87b8df2a,['cpu'],"['reference_not_ranking', 'historical_competitors_not_rerun', 'system_resources_not_exclusive']"
nussinov,cova_llvm_cpu,default,same_process,observed,0.017677537980489433,nussinov,275b9806d38b1fd8119ee27bbc86fe06cc1e39a5,6,3,7de19d1b6c54c559477765ce530898d3c0e580b07d787f443f19ff85acf43418,05b880e157b9ee387cb9be1fa3b10e2f4efe7bed764c6b129b8b31ad87b8df2a,['cpu'],"['reference_not_ranking', 'historical_competitors_not_rerun', 'system_resources_not_exclusive']"
nussinov,cova_openmp_gpu,default,initialization,observed,7.726237170048989,nussinov,275b9806d38b1fd8119ee27bbc86fe06cc1e39a5,1,1,7de19d1b6c54c559477765ce530898d3c0e580b07d787f443f19ff85acf43418,05b880e157b9ee387cb9be1fa3b10e2f4efe7bed764c6b129b8b31ad87b8df2a,['cpu'],"['reference_not_ranking', 'historical_competitors_not_rerun', 'system_resources_not_exclusive', 'gpu_placement_metadata_only']"
nussinov,cova_openmp_gpu,default,fresh_process,observed,2.593782148556784,nussinov,275b9806d38b1fd8119ee27bbc86fe06cc1e39a5,2,2,7de19d1b6c54c559477765ce530898d3c0e580b07d787f443f19ff85acf43418,05b880e157b9ee387cb9be1fa3b10e2f4efe7bed764c6b129b8b31ad87b8df2a,['cpu'],"['reference_not_ranking', 'historical_competitors_not_rerun', 'system_resources_not_exclusive', 'gpu_placement_metadata_only']"
nussinov,cova_openmp_gpu,default,same_process,observed,2.300400778534822,nussinov,275b9806d38b1fd8119ee27bbc86fe06cc1e39a5,6,3,7de19d1b6c54c559477765ce530898d3c0e580b07d787f443f19ff85acf43418,05b880e157b9ee387cb9be1fa3b10e2f4efe7bed764c6b129b8b31ad87b8df2a,['cpu'],"['reference_not_ranking', 'historical_competitors_not_rerun', 'system_resources_not_exclusive', 'gpu_placement_metadata_only']"
nussinov,cova_llvm_gpu,default,initialization,observed,4.634601333993487,nussinov,275b9806d38b1fd8119ee27bbc86fe06cc1e39a5,1,1,7de19d1b6c54c559477765ce530898d3c0e580b07d787f443f19ff85acf43418,05b880e157b9ee387cb9be1fa3b10e2f4efe7bed764c6b129b8b31ad87b8df2a,['mixed'],"['reference_not_ranking', 'historical_competitors_not_rerun', 'system_resources_not_exclusive', 'gpu_placement_metadata_only']"
nussinov,cova_llvm_gpu,default,fresh_process,observed,0.4214210304780863,nussinov,275b9806d38b1fd8119ee27bbc86fe06cc1e39a5,2,2,7de19d1b6c54c559477765ce530898d3c0e580b07d787f443f19ff85acf43418,05b880e157b9ee387cb9be1fa3b10e2f4efe7bed764c6b129b8b31ad87b8df2a,['mixed'],"['reference_not_ranking', 'historical_competitors_not_rerun', 'system_resources_not_exclusive', 'gpu_placement_metadata_only']"
nussinov,cova_llvm_gpu,default,same_process,observed,0.13895627146121114,nussinov,275b9806d38b1fd8119ee27bbc86fe06cc1e39a5,6,3,7de19d1b6c54c559477765ce530898d3c0e580b07d787f443f19ff85acf43418,05b880e157b9ee387cb9be1fa3b10e2f4efe7bed764c6b129b8b31ad87b8df2a,['mixed'],"['reference_not_ranking', 'historical_competitors_not_rerun', 'system_resources_not_exclusive', 'gpu_placement_metadata_only']"
resnet,cova_serial_cpu,default,initialization,observed,5.301210070960224,resnet,275b9806d38b1fd8119ee27bbc86fe06cc1e39a5,1,1,9c64e5659fe9a99f38dfdee95f8c4b5ec1e0daa0e4544948c4f88bb50e6edbfa,070b0fcd2b4f101302a58108dce79a6ea1d6fdbdf9be753fec768d1818ea7464,['cpu'],"['reference_not_ranking', 'historical_competitors_not_rerun', 'system_resources_not_exclusive']"
resnet,cova_serial_cpu,default,fresh_process,observed,0.49091799499001354,resnet,275b9806d38b1fd8119ee27bbc86fe06cc1e39a5,2,2,9c64e5659fe9a99f38dfdee95f8c4b5ec1e0daa0e4544948c4f88bb50e6edbfa,070b0fcd2b4f101302a58108dce79a6ea1d6fdbdf9be753fec768d1818ea7464,['cpu'],"['reference_not_ranking', 'historical_competitors_not_rerun', 'system_resources_not_exclusive']"
resnet,cova_serial_cpu,default,same_process,observed,0.36074814898893237,resnet,275b9806d38b1fd8119ee27bbc86fe06cc1e39a5,6,3,9c64e5659fe9a99f38dfdee95f8c4b5ec1e0daa0e4544948c4f88bb50e6edbfa,070b0fcd2b4f101302a58108dce79a6ea1d6fdbdf9be753fec768d1818ea7464,['cpu'],"['reference_not_ranking', 'historical_competitors_not_rerun', 'system_resources_not_exclusive']"
resnet,cova_openmp_cpu,default,initialization,observed,5.489085540059023,resnet,275b9806d38b1fd8119ee27bbc86fe06cc1e39a5,1,1,9c64e5659fe9a99f38dfdee95f8c4b5ec1e0daa0e4544948c4f88bb50e6edbfa,070b0fcd2b4f101302a58108dce79a6ea1d6fdbdf9be753fec768d1818ea7464,['cpu'],"['reference_not_ranking', 'historical_competitors_not_rerun', 'system_resources_not_exclusive']"
resnet,cova_openmp_cpu,default,fresh_process,observed,0.3877073565381579,resnet,275b9806d38b1fd8119ee27bbc86fe06cc1e39a5,2,2,9c64e5659fe9a99f38dfdee95f8c4b5ec1e0daa0e4544948c4f88bb50e6edbfa,070b0fcd2b4f101302a58108dce79a6ea1d6fdbdf9be753fec768d1818ea7464,['cpu'],"['reference_not_ranking', 'historical_competitors_not_rerun', 'system_resources_not_exclusive']"
resnet,cova_openmp_cpu,default,same_process,observed,0.4432308670366183,resnet,275b9806d38b1fd8119ee27bbc86fe06cc1e39a5,6,3,9c64e5659fe9a99f38dfdee95f8c4b5ec1e0daa0e4544948c4f88bb50e6edbfa,070b0fcd2b4f101302a58108dce79a6ea1d6fdbdf9be753fec768d1818ea7464,['cpu'],"['reference_not_ranking', 'historical_competitors_not_rerun', 'system_resources_not_exclusive']"
resnet,cova_llvm_cpu_serial,default,initialization,observed,6.503998894011602,resnet,275b9806d38b1fd8119ee27bbc86fe06cc1e39a5,1,1,9c64e5659fe9a99f38dfdee95f8c4b5ec1e0daa0e4544948c4f88bb50e6edbfa,070b0fcd2b4f101302a58108dce79a6ea1d6fdbdf9be753fec768d1818ea7464,['cpu'],"['reference_not_ranking', 'historical_competitors_not_rerun', 'system_resources_not_exclusive']"
resnet,cova_llvm_cpu_serial,default,fresh_process,observed,0.5162458890117705,resnet,275b9806d38b1fd8119ee27bbc86fe06cc1e39a5,2,2,9c64e5659fe9a99f38dfdee95f8c4b5ec1e0daa0e4544948c4f88bb50e6edbfa,070b0fcd2b4f101302a58108dce79a6ea1d6fdbdf9be753fec768d1818ea7464,['cpu'],"['reference_not_ranking', 'historical_competitors_not_rerun', 'system_resources_not_exclusive']"
resnet,cova_llvm_cpu_serial,default,same_process,observed,0.6072696479968727,resnet,275b9806d38b1fd8119ee27bbc86fe06cc1e39a5,6,3,9c64e5659fe9a99f38dfdee95f8c4b5ec1e0daa0e4544948c4f88bb50e6edbfa,070b0fcd2b4f101302a58108dce79a6ea1d6fdbdf9be753fec768d1818ea7464,['cpu'],"['reference_not_ranking', 'historical_competitors_not_rerun', 'system_resources_not_exclusive']"
resnet,cova_llvm_cpu,default,initialization,observed,6.718642023974098,resnet,275b9806d38b1fd8119ee27bbc86fe06cc1e39a5,1,1,9c64e5659fe9a99f38dfdee95f8c4b5ec1e0daa0e4544948c4f88bb50e6edbfa,070b0fcd2b4f101302a58108dce79a6ea1d6fdbdf9be753fec768d1818ea7464,['cpu'],"['reference_not_ranking', 'historical_competitors_not_rerun', 'system_resources_not_exclusive']"
resnet,cova_llvm_cpu,default,fresh_process,observed,0.5717780835111625,resnet,275b9806d38b1fd8119ee27bbc86fe06cc1e39a5,2,2,9c64e5659fe9a99f38dfdee95f8c4b5ec1e0daa0e4544948c4f88bb50e6edbfa,070b0fcd2b4f101302a58108dce79a6ea1d6fdbdf9be753fec768d1818ea7464,['cpu'],"['reference_not_ranking', 'historical_competitors_not_rerun', 'system_resources_not_exclusive']"
resnet,cova_llvm_cpu,default,same_process,observed,0.5311615664395504,resnet,275b9806d38b1fd8119ee27bbc86fe06cc1e39a5,6,3,9c64e5659fe9a99f38dfdee95f8c4b5ec1e0daa0e4544948c4f88bb50e6edbfa,070b0fcd2b4f101302a58108dce79a6ea1d6fdbdf9be753fec768d1818ea7464,['cpu'],"['reference_not_ranking', 'historical_competitors_not_rerun', 'system_resources_not_exclusive']"
resnet,cova_openmp_gpu,default,initialization,observed,129.75520020909607,resnet,275b9806d38b1fd8119ee27bbc86fe06cc1e39a5,1,1,9c64e5659fe9a99f38dfdee95f8c4b5ec1e0daa0e4544948c4f88bb50e6edbfa,070b0fcd2b4f101302a58108dce79a6ea1d6fdbdf9be753fec768d1818ea7464,['gpu'],"['reference_not_ranking', 'historical_competitors_not_rerun', 'system_resources_not_exclusive', 'gpu_placement_metadata_only']"
resnet,cova_openmp_gpu,default,fresh_process,observed,112.6754867239506,resnet,275b9806d38b1fd8119ee27bbc86fe06cc1e39a5,2,2,9c64e5659fe9a99f38dfdee95f8c4b5ec1e0daa0e4544948c4f88bb50e6edbfa,070b0fcd2b4f101302a58108dce79a6ea1d6fdbdf9be753fec768d1818ea7464,['gpu'],"['reference_not_ranking', 'historical_competitors_not_rerun', 'system_resources_not_exclusive', 'gpu_placement_metadata_only']"
resnet,cova_openmp_gpu,default,same_process,observed,111.99680194800021,resnet,275b9806d38b1fd8119ee27bbc86fe06cc1e39a5,6,3,9c64e5659fe9a99f38dfdee95f8c4b5ec1e0daa0e4544948c4f88bb50e6edbfa,070b0fcd2b4f101302a58108dce79a6ea1d6fdbdf9be753fec768d1818ea7464,['gpu'],"['reference_not_ranking', 'historical_competitors_not_rerun', 'system_resources_not_exclusive', 'gpu_placement_metadata_only']"
resnet,cova_llvm_gpu,default,initialization,observed,20.27949684089981,resnet,275b9806d38b1fd8119ee27bbc86fe06cc1e39a5,1,1,9c64e5659fe9a99f38dfdee95f8c4b5ec1e0daa0e4544948c4f88bb50e6edbfa,070b0fcd2b4f101302a58108dce79a6ea1d6fdbdf9be753fec768d1818ea7464,['mixed'],"['reference_not_ranking', 'historical_competitors_not_rerun', 'system_resources_not_exclusive', 'gpu_placement_metadata_only']"
resnet,cova_llvm_gpu,default,fresh_process,observed,12.955953526543453,resnet,275b9806d38b1fd8119ee27bbc86fe06cc1e39a5,2,2,9c64e5659fe9a99f38dfdee95f8c4b5ec1e0daa0e4544948c4f88bb50e6edbfa,070b0fcd2b4f101302a58108dce79a6ea1d6fdbdf9be753fec768d1818ea7464,['mixed'],"['reference_not_ranking', 'historical_competitors_not_rerun', 'system_resources_not_exclusive', 'gpu_placement_metadata_only']"
resnet,cova_llvm_gpu,default,same_process,observed,11.271416028030217,resnet,275b9806d38b1fd8119ee27bbc86fe06cc1e39a5,6,3,9c64e5659fe9a99f38dfdee95f8c4b5ec1e0daa0e4544948c4f88bb50e6edbfa,070b0fcd2b4f101302a58108dce79a6ea1d6fdbdf9be753fec768d1818ea7464,['mixed'],"['reference_not_ranking', 'historical_competitors_not_rerun', 'system_resources_not_exclusive', 'gpu_placement_metadata_only']"
scattering_self_energies,cova_serial_cpu,default,initialization,error,,scattering_self_energies,275b9806d38b1fd8119ee27bbc86fe06cc1e39a5,0,0,dfe8b7a530913f54e6164d2f20cb5a63e6c95544a680629acde629144cff7caa,f7d4f3c7d50b72880addf25da02f47a077e25e5f288758e484adcbc85a181974,[],"['reference_not_ranking', 'historical_competitors_not_rerun', 'system_resources_not_exclusive']"
scattering_self_energies,cova_serial_cpu,default,fresh_process,error,,scattering_self_energies,275b9806d38b1fd8119ee27bbc86fe06cc1e39a5,0,0,dfe8b7a530913f54e6164d2f20cb5a63e6c95544a680629acde629144cff7caa,f7d4f3c7d50b72880addf25da02f47a077e25e5f288758e484adcbc85a181974,[],"['reference_not_ranking', 'historical_competitors_not_rerun', 'system_resources_not_exclusive']"
scattering_self_energies,cova_serial_cpu,default,same_process,error,,scattering_self_energies,275b9806d38b1fd8119ee27bbc86fe06cc1e39a5,0,0,dfe8b7a530913f54e6164d2f20cb5a63e6c95544a680629acde629144cff7caa,f7d4f3c7d50b72880addf25da02f47a077e25e5f288758e484adcbc85a181974,[],"['reference_not_ranking', 'historical_competitors_not_rerun', 'system_resources_not_exclusive']"
scattering_self_energies,cova_openmp_cpu,default,initialization,error,,scattering_self_energies,275b9806d38b1fd8119ee27bbc86fe06cc1e39a5,0,0,dfe8b7a530913f54e6164d2f20cb5a63e6c95544a680629acde629144cff7caa,f7d4f3c7d50b72880addf25da02f47a077e25e5f288758e484adcbc85a181974,[],"['reference_not_ranking', 'historical_competitors_not_rerun', 'system_resources_not_exclusive']"
scattering_self_energies,cova_openmp_cpu,default,fresh_process,error,,scattering_self_energies,275b9806d38b1fd8119ee27bbc86fe06cc1e39a5,0,0,dfe8b7a530913f54e6164d2f20cb5a63e6c95544a680629acde629144cff7caa,f7d4f3c7d50b72880addf25da02f47a077e25e5f288758e484adcbc85a181974,[],"['reference_not_ranking', 'historical_competitors_not_rerun', 'system_resources_not_exclusive']"
scattering_self_energies,cova_openmp_cpu,default,same_process,error,,scattering_self_energies,275b9806d38b1fd8119ee27bbc86fe06cc1e39a5,0,0,dfe8b7a530913f54e6164d2f20cb5a63e6c95544a680629acde629144cff7caa,f7d4f3c7d50b72880addf25da02f47a077e25e5f288758e484adcbc85a181974,[],"['reference_not_ranking', 'historical_competitors_not_rerun', 'system_resources_not_exclusive']"
scattering_self_energies,cova_llvm_cpu_serial,default,initialization,observed,1.930434889975004,scattering_self_energies,275b9806d38b1fd8119ee27bbc86fe06cc1e39a5,1,1,dfe8b7a530913f54e6164d2f20cb5a63e6c95544a680629acde629144cff7caa,f7d4f3c7d50b72880addf25da02f47a077e25e5f288758e484adcbc85a181974,['cpu'],"['reference_not_ranking', 'historical_competitors_not_rerun', 'system_resources_not_exclusive']"
scattering_self_energies,cova_llvm_cpu_serial,default,fresh_process,observed,0.04979753296356648,scattering_self_energies,275b9806d38b1fd8119ee27bbc86fe06cc1e39a5,2,2,dfe8b7a530913f54e6164d2f20cb5a63e6c95544a680629acde629144cff7caa,f7d4f3c7d50b72880addf25da02f47a077e25e5f288758e484adcbc85a181974,['cpu'],"['reference_not_ranking', 'historical_competitors_not_rerun', 'system_resources_not_exclusive']"
scattering_self_energies,cova_llvm_cpu_serial,default,same_process,observed,0.04700381704606116,scattering_self_energies,275b9806d38b1fd8119ee27bbc86fe06cc1e39a5,6,3,dfe8b7a530913f54e6164d2f20cb5a63e6c95544a680629acde629144cff7caa,f7d4f3c7d50b72880addf25da02f47a077e25e5f288758e484adcbc85a181974,['cpu'],"['reference_not_ranking', 'historical_competitors_not_rerun', 'system_resources_not_exclusive']"
scattering_self_energies,cova_llvm_cpu,default,initialization,observed,2.0300475290277973,scattering_self_energies,275b9806d38b1fd8119ee27bbc86fe06cc1e39a5,1,1,dfe8b7a530913f54e6164d2f20cb5a63e6c95544a680629acde629144cff7caa,f7d4f3c7d50b72880addf25da02f47a077e25e5f288758e484adcbc85a181974,['cpu'],"['reference_not_ranking', 'historical_competitors_not_rerun', 'system_resources_not_exclusive']"
scattering_self_energies,cova_llvm_cpu,default,fresh_process,observed,0.04956850549206138,scattering_self_energies,275b9806d38b1fd8119ee27bbc86fe06cc1e39a5,2,2,dfe8b7a530913f54e6164d2f20cb5a63e6c95544a680629acde629144cff7caa,f7d4f3c7d50b72880addf25da02f47a077e25e5f288758e484adcbc85a181974,['cpu'],"['reference_not_ranking', 'historical_competitors_not_rerun', 'system_resources_not_exclusive']"
scattering_self_energies,cova_llvm_cpu,default,same_process,observed,0.045445003430359066,scattering_self_energies,275b9806d38b1fd8119ee27bbc86fe06cc1e39a5,6,3,dfe8b7a530913f54e6164d2f20cb5a63e6c95544a680629acde629144cff7caa,f7d4f3c7d50b72880addf25da02f47a077e25e5f288758e484adcbc85a181974,['cpu'],"['reference_not_ranking', 'historical_competitors_not_rerun', 'system_resources_not_exclusive']"
scattering_self_energies,cova_openmp_gpu,default,initialization,error,,scattering_self_energies,275b9806d38b1fd8119ee27bbc86fe06cc1e39a5,0,0,dfe8b7a530913f54e6164d2f20cb5a63e6c95544a680629acde629144cff7caa,f7d4f3c7d50b72880addf25da02f47a077e25e5f288758e484adcbc85a181974,[],"['reference_not_ranking', 'historical_competitors_not_rerun', 'system_resources_not_exclusive', 'gpu_placement_metadata_only']"
scattering_self_energies,cova_openmp_gpu,default,fresh_process,error,,scattering_self_energies,275b9806d38b1fd8119ee27bbc86fe06cc1e39a5,0,0,dfe8b7a530913f54e6164d2f20cb5a63e6c95544a680629acde629144cff7caa,f7d4f3c7d50b72880addf25da02f47a077e25e5f288758e484adcbc85a181974,[],"['reference_not_ranking', 'historical_competitors_not_rerun', 'system_resources_not_exclusive', 'gpu_placement_metadata_only']"
scattering_self_energies,cova_openmp_gpu,default,same_process,error,,scattering_self_energies,275b9806d38b1fd8119ee27bbc86fe06cc1e39a5,0,0,dfe8b7a530913f54e6164d2f20cb5a63e6c95544a680629acde629144cff7caa,f7d4f3c7d50b72880addf25da02f47a077e25e5f288758e484adcbc85a181974,[],"['reference_not_ranking', 'historical_competitors_not_rerun', 'system_resources_not_exclusive', 'gpu_placement_metadata_only']"
scattering_self_energies,cova_llvm_gpu,default,initialization,observed,30.315383016015403,scattering_self_energies,275b9806d38b1fd8119ee27bbc86fe06cc1e39a5,1,1,dfe8b7a530913f54e6164d2f20cb5a63e6c95544a680629acde629144cff7caa,f7d4f3c7d50b72880addf25da02f47a077e25e5f288758e484adcbc85a181974,['mixed'],"['reference_not_ranking', 'historical_competitors_not_rerun', 'system_resources_not_exclusive', 'gpu_placement_metadata_only']"
scattering_self_energies,cova_llvm_gpu,default,fresh_process,observed,26.321356119471602,scattering_self_energies,275b9806d38b1fd8119ee27bbc86fe06cc1e39a5,2,2,dfe8b7a530913f54e6164d2f20cb5a63e6c95544a680629acde629144cff7caa,f7d4f3c7d50b72880addf25da02f47a077e25e5f288758e484adcbc85a181974,['mixed'],"['reference_not_ranking', 'historical_competitors_not_rerun', 'system_resources_not_exclusive', 'gpu_placement_metadata_only']"
scattering_self_energies,cova_llvm_gpu,default,same_process,observed,25.13921678706538,scattering_self_energies,275b9806d38b1fd8119ee27bbc86fe06cc1e39a5,6,3,dfe8b7a530913f54e6164d2f20cb5a63e6c95544a680629acde629144cff7caa,f7d4f3c7d50b72880addf25da02f47a077e25e5f288758e484adcbc85a181974,['mixed'],"['reference_not_ranking', 'historical_competitors_not_rerun', 'system_resources_not_exclusive', 'gpu_placement_metadata_only']"
seidel_2d,cova_serial_cpu,default,initialization,observed,2.208111640997231,seidel_2d,275b9806d38b1fd8119ee27bbc86fe06cc1e39a5,1,1,ee1919384d25883ff17bfcdb49d28a5d6dabc6f97d12c672811043a4107874a9,6d10c80c878e92ea3bdd4f0a16c473438b233d1989ed5a8d0f8d1356e6d0b32b,['cpu'],"['reference_not_ranking', 'historical_competitors_not_rerun', 'system_resources_not_exclusive']"
seidel_2d,cova_serial_cpu,default,fresh_process,observed,0.045153006503824145,seidel_2d,275b9806d38b1fd8119ee27bbc86fe06cc1e39a5,2,2,ee1919384d25883ff17bfcdb49d28a5d6dabc6f97d12c672811043a4107874a9,6d10c80c878e92ea3bdd4f0a16c473438b233d1989ed5a8d0f8d1356e6d0b32b,['cpu'],"['reference_not_ranking', 'historical_competitors_not_rerun', 'system_resources_not_exclusive']"
seidel_2d,cova_serial_cpu,default,same_process,observed,0.040919058956205845,seidel_2d,275b9806d38b1fd8119ee27bbc86fe06cc1e39a5,6,3,ee1919384d25883ff17bfcdb49d28a5d6dabc6f97d12c672811043a4107874a9,6d10c80c878e92ea3bdd4f0a16c473438b233d1989ed5a8d0f8d1356e6d0b32b,['cpu'],"['reference_not_ranking', 'historical_competitors_not_rerun', 'system_resources_not_exclusive']"
seidel_2d,cova_openmp_cpu,default,initialization,observed,2.4182541029294953,seidel_2d,275b9806d38b1fd8119ee27bbc86fe06cc1e39a5,1,1,ee1919384d25883ff17bfcdb49d28a5d6dabc6f97d12c672811043a4107874a9,6d10c80c878e92ea3bdd4f0a16c473438b233d1989ed5a8d0f8d1356e6d0b32b,['cpu'],"['reference_not_ranking', 'historical_competitors_not_rerun', 'system_resources_not_exclusive']"
seidel_2d,cova_openmp_cpu,default,fresh_process,observed,0.043603345518931746,seidel_2d,275b9806d38b1fd8119ee27bbc86fe06cc1e39a5,2,2,ee1919384d25883ff17bfcdb49d28a5d6dabc6f97d12c672811043a4107874a9,6d10c80c878e92ea3bdd4f0a16c473438b233d1989ed5a8d0f8d1356e6d0b32b,['cpu'],"['reference_not_ranking', 'historical_competitors_not_rerun', 'system_resources_not_exclusive']"
seidel_2d,cova_openmp_cpu,default,same_process,observed,0.037705860449932516,seidel_2d,275b9806d38b1fd8119ee27bbc86fe06cc1e39a5,6,3,ee1919384d25883ff17bfcdb49d28a5d6dabc6f97d12c672811043a4107874a9,6d10c80c878e92ea3bdd4f0a16c473438b233d1989ed5a8d0f8d1356e6d0b32b,['cpu'],"['reference_not_ranking', 'historical_competitors_not_rerun', 'system_resources_not_exclusive']"
seidel_2d,cova_llvm_cpu_serial,default,initialization,observed,1.7784895000513643,seidel_2d,275b9806d38b1fd8119ee27bbc86fe06cc1e39a5,1,1,ee1919384d25883ff17bfcdb49d28a5d6dabc6f97d12c672811043a4107874a9,6d10c80c878e92ea3bdd4f0a16c473438b233d1989ed5a8d0f8d1356e6d0b32b,['cpu'],"['reference_not_ranking', 'historical_competitors_not_rerun', 'system_resources_not_exclusive']"
seidel_2d,cova_llvm_cpu_serial,default,fresh_process,observed,0.04440164554398507,seidel_2d,275b9806d38b1fd8119ee27bbc86fe06cc1e39a5,2,2,ee1919384d25883ff17bfcdb49d28a5d6dabc6f97d12c672811043a4107874a9,6d10c80c878e92ea3bdd4f0a16c473438b233d1989ed5a8d0f8d1356e6d0b32b,['cpu'],"['reference_not_ranking', 'historical_competitors_not_rerun', 'system_resources_not_exclusive']"
seidel_2d,cova_llvm_cpu_serial,default,same_process,observed,0.04120793752372265,seidel_2d,275b9806d38b1fd8119ee27bbc86fe06cc1e39a5,6,3,ee1919384d25883ff17bfcdb49d28a5d6dabc6f97d12c672811043a4107874a9,6d10c80c878e92ea3bdd4f0a16c473438b233d1989ed5a8d0f8d1356e6d0b32b,['cpu'],"['reference_not_ranking', 'historical_competitors_not_rerun', 'system_resources_not_exclusive']"
seidel_2d,cova_llvm_cpu,default,initialization,observed,1.9059408220928162,seidel_2d,275b9806d38b1fd8119ee27bbc86fe06cc1e39a5,1,1,ee1919384d25883ff17bfcdb49d28a5d6dabc6f97d12c672811043a4107874a9,6d10c80c878e92ea3bdd4f0a16c473438b233d1989ed5a8d0f8d1356e6d0b32b,['cpu'],"['reference_not_ranking', 'historical_competitors_not_rerun', 'system_resources_not_exclusive']"
seidel_2d,cova_llvm_cpu,default,fresh_process,observed,0.041462577995844185,seidel_2d,275b9806d38b1fd8119ee27bbc86fe06cc1e39a5,2,2,ee1919384d25883ff17bfcdb49d28a5d6dabc6f97d12c672811043a4107874a9,6d10c80c878e92ea3bdd4f0a16c473438b233d1989ed5a8d0f8d1356e6d0b32b,['cpu'],"['reference_not_ranking', 'historical_competitors_not_rerun', 'system_resources_not_exclusive']"
seidel_2d,cova_llvm_cpu,default,same_process,observed,0.035729407507460564,seidel_2d,275b9806d38b1fd8119ee27bbc86fe06cc1e39a5,6,3,ee1919384d25883ff17bfcdb49d28a5d6dabc6f97d12c672811043a4107874a9,6d10c80c878e92ea3bdd4f0a16c473438b233d1989ed5a8d0f8d1356e6d0b32b,['cpu'],"['reference_not_ranking', 'historical_competitors_not_rerun', 'system_resources_not_exclusive']"
seidel_2d,cova_openmp_gpu,default,initialization,observed,4.453151726978831,seidel_2d,275b9806d38b1fd8119ee27bbc86fe06cc1e39a5,1,1,ee1919384d25883ff17bfcdb49d28a5d6dabc6f97d12c672811043a4107874a9,6d10c80c878e92ea3bdd4f0a16c473438b233d1989ed5a8d0f8d1356e6d0b32b,['cpu'],"['reference_not_ranking', 'historical_competitors_not_rerun', 'system_resources_not_exclusive', 'gpu_placement_metadata_only']"
seidel_2d,cova_openmp_gpu,default,fresh_process,observed,0.05369113344931975,seidel_2d,275b9806d38b1fd8119ee27bbc86fe06cc1e39a5,2,2,ee1919384d25883ff17bfcdb49d28a5d6dabc6f97d12c672811043a4107874a9,6d10c80c878e92ea3bdd4f0a16c473438b233d1989ed5a8d0f8d1356e6d0b32b,['cpu'],"['reference_not_ranking', 'historical_competitors_not_rerun', 'system_resources_not_exclusive', 'gpu_placement_metadata_only']"
seidel_2d,cova_openmp_gpu,default,same_process,observed,0.04671046248404309,seidel_2d,275b9806d38b1fd8119ee27bbc86fe06cc1e39a5,6,3,ee1919384d25883ff17bfcdb49d28a5d6dabc6f97d12c672811043a4107874a9,6d10c80c878e92ea3bdd4f0a16c473438b233d1989ed5a8d0f8d1356e6d0b32b,['cpu'],"['reference_not_ranking', 'historical_competitors_not_rerun', 'system_resources_not_exclusive', 'gpu_placement_metadata_only']"
seidel_2d,cova_llvm_gpu,default,initialization,observed,7.345942383049987,seidel_2d,275b9806d38b1fd8119ee27bbc86fe06cc1e39a5,1,1,ee1919384d25883ff17bfcdb49d28a5d6dabc6f97d12c672811043a4107874a9,6d10c80c878e92ea3bdd4f0a16c473438b233d1989ed5a8d0f8d1356e6d0b32b,['gpu'],"['reference_not_ranking', 'historical_competitors_not_rerun', 'system_resources_not_exclusive', 'gpu_placement_metadata_only']"
seidel_2d,cova_llvm_gpu,default,fresh_process,observed,2.6231656369636767,seidel_2d,275b9806d38b1fd8119ee27bbc86fe06cc1e39a5,2,2,ee1919384d25883ff17bfcdb49d28a5d6dabc6f97d12c672811043a4107874a9,6d10c80c878e92ea3bdd4f0a16c473438b233d1989ed5a8d0f8d1356e6d0b32b,['gpu'],"['reference_not_ranking', 'historical_competitors_not_rerun', 'system_resources_not_exclusive', 'gpu_placement_metadata_only']"
seidel_2d,cova_llvm_gpu,default,same_process,observed,2.4210105195525102,seidel_2d,275b9806d38b1fd8119ee27bbc86fe06cc1e39a5,6,3,ee1919384d25883ff17bfcdb49d28a5d6dabc6f97d12c672811043a4107874a9,6d10c80c878e92ea3bdd4f0a16c473438b233d1989ed5a8d0f8d1356e6d0b32b,['gpu'],"['reference_not_ranking', 'historical_competitors_not_rerun', 'system_resources_not_exclusive', 'gpu_placement_metadata_only']"
softmax,cova_serial_cpu,default,initialization,observed,5.184300047927536,softmax,275b9806d38b1fd8119ee27bbc86fe06cc1e39a5,1,1,4c2cc8073ef8741ed9febc8a4ff62219351eab9b80f103f3f9ef78cbfb3d3a24,2fcf9437c28756a764115316372f1c170da55c13fa29321255a7dcc2a7583c80,['cpu'],"['reference_not_ranking', 'historical_competitors_not_rerun', 'system_resources_not_exclusive']"
softmax,cova_serial_cpu,default,fresh_process,observed,2.21559304947732,softmax,275b9806d38b1fd8119ee27bbc86fe06cc1e39a5,2,2,4c2cc8073ef8741ed9febc8a4ff62219351eab9b80f103f3f9ef78cbfb3d3a24,2fcf9437c28756a764115316372f1c170da55c13fa29321255a7dcc2a7583c80,['cpu'],"['reference_not_ranking', 'historical_competitors_not_rerun', 'system_resources_not_exclusive']"
softmax,cova_serial_cpu,default,same_process,observed,1.9043431995087303,softmax,275b9806d38b1fd8119ee27bbc86fe06cc1e39a5,6,3,4c2cc8073ef8741ed9febc8a4ff62219351eab9b80f103f3f9ef78cbfb3d3a24,2fcf9437c28756a764115316372f1c170da55c13fa29321255a7dcc2a7583c80,['cpu'],"['reference_not_ranking', 'historical_competitors_not_rerun', 'system_resources_not_exclusive']"
softmax,cova_openmp_cpu,default,initialization,observed,2.796218962990679,softmax,275b9806d38b1fd8119ee27bbc86fe06cc1e39a5,1,1,4c2cc8073ef8741ed9febc8a4ff62219351eab9b80f103f3f9ef78cbfb3d3a24,2fcf9437c28756a764115316372f1c170da55c13fa29321255a7dcc2a7583c80,['cpu'],"['reference_not_ranking', 'historical_competitors_not_rerun', 'system_resources_not_exclusive']"
softmax,cova_openmp_cpu,default,fresh_process,observed,0.39073745597852394,softmax,275b9806d38b1fd8119ee27bbc86fe06cc1e39a5,2,2,4c2cc8073ef8741ed9febc8a4ff62219351eab9b80f103f3f9ef78cbfb3d3a24,2fcf9437c28756a764115316372f1c170da55c13fa29321255a7dcc2a7583c80,['cpu'],"['reference_not_ranking', 'historical_competitors_not_rerun', 'system_resources_not_exclusive']"
softmax,cova_openmp_cpu,default,same_process,observed,0.38420992449391633,softmax,275b9806d38b1fd8119ee27bbc86fe06cc1e39a5,6,3,4c2cc8073ef8741ed9febc8a4ff62219351eab9b80f103f3f9ef78cbfb3d3a24,2fcf9437c28756a764115316372f1c170da55c13fa29321255a7dcc2a7583c80,['cpu'],"['reference_not_ranking', 'historical_competitors_not_rerun', 'system_resources_not_exclusive']"
softmax,cova_llvm_cpu_serial,default,initialization,observed,5.156818741001189,softmax,275b9806d38b1fd8119ee27bbc86fe06cc1e39a5,1,1,4c2cc8073ef8741ed9febc8a4ff62219351eab9b80f103f3f9ef78cbfb3d3a24,2fcf9437c28756a764115316372f1c170da55c13fa29321255a7dcc2a7583c80,['cpu'],"['reference_not_ranking', 'historical_competitors_not_rerun', 'system_resources_not_exclusive']"
softmax,cova_llvm_cpu_serial,default,fresh_process,observed,1.5855132489814423,softmax,275b9806d38b1fd8119ee27bbc86fe06cc1e39a5,2,2,4c2cc8073ef8741ed9febc8a4ff62219351eab9b80f103f3f9ef78cbfb3d3a24,2fcf9437c28756a764115316372f1c170da55c13fa29321255a7dcc2a7583c80,['cpu'],"['reference_not_ranking', 'historical_competitors_not_rerun', 'system_resources_not_exclusive']"
softmax,cova_llvm_cpu_serial,default,same_process,observed,1.9676471919519827,softmax,275b9806d38b1fd8119ee27bbc86fe06cc1e39a5,6,3,4c2cc8073ef8741ed9febc8a4ff62219351eab9b80f103f3f9ef78cbfb3d3a24,2fcf9437c28756a764115316372f1c170da55c13fa29321255a7dcc2a7583c80,['cpu'],"['reference_not_ranking', 'historical_competitors_not_rerun', 'system_resources_not_exclusive']"
softmax,cova_llvm_cpu,default,initialization,observed,3.8722498329589143,softmax,275b9806d38b1fd8119ee27bbc86fe06cc1e39a5,1,1,4c2cc8073ef8741ed9febc8a4ff62219351eab9b80f103f3f9ef78cbfb3d3a24,2fcf9437c28756a764115316372f1c170da55c13fa29321255a7dcc2a7583c80,['cpu'],"['reference_not_ranking', 'historical_competitors_not_rerun', 'system_resources_not_exclusive']"
softmax,cova_llvm_cpu,default,fresh_process,observed,0.47240194655023515,softmax,275b9806d38b1fd8119ee27bbc86fe06cc1e39a5,2,2,4c2cc8073ef8741ed9febc8a4ff62219351eab9b80f103f3f9ef78cbfb3d3a24,2fcf9437c28756a764115316372f1c170da55c13fa29321255a7dcc2a7583c80,['cpu'],"['reference_not_ranking', 'historical_competitors_not_rerun', 'system_resources_not_exclusive']"
softmax,cova_llvm_cpu,default,same_process,observed,0.4065161399776116,softmax,275b9806d38b1fd8119ee27bbc86fe06cc1e39a5,6,3,4c2cc8073ef8741ed9febc8a4ff62219351eab9b80f103f3f9ef78cbfb3d3a24,2fcf9437c28756a764115316372f1c170da55c13fa29321255a7dcc2a7583c80,['cpu'],"['reference_not_ranking', 'historical_competitors_not_rerun', 'system_resources_not_exclusive']"
softmax,cova_openmp_gpu,default,initialization,observed,6.554185683024116,softmax,275b9806d38b1fd8119ee27bbc86fe06cc1e39a5,1,1,4c2cc8073ef8741ed9febc8a4ff62219351eab9b80f103f3f9ef78cbfb3d3a24,2fcf9437c28756a764115316372f1c170da55c13fa29321255a7dcc2a7583c80,['gpu'],"['reference_not_ranking', 'historical_competitors_not_rerun', 'system_resources_not_exclusive', 'gpu_placement_metadata_only']"
softmax,cova_openmp_gpu,default,fresh_process,observed,0.615517953003291,softmax,275b9806d38b1fd8119ee27bbc86fe06cc1e39a5,2,2,4c2cc8073ef8741ed9febc8a4ff62219351eab9b80f103f3f9ef78cbfb3d3a24,2fcf9437c28756a764115316372f1c170da55c13fa29321255a7dcc2a7583c80,['gpu'],"['reference_not_ranking', 'historical_competitors_not_rerun', 'system_resources_not_exclusive', 'gpu_placement_metadata_only']"
softmax,cova_openmp_gpu,default,same_process,observed,0.35430775699205697,softmax,275b9806d38b1fd8119ee27bbc86fe06cc1e39a5,6,3,4c2cc8073ef8741ed9febc8a4ff62219351eab9b80f103f3f9ef78cbfb3d3a24,2fcf9437c28756a764115316372f1c170da55c13fa29321255a7dcc2a7583c80,['gpu'],"['reference_not_ranking', 'historical_competitors_not_rerun', 'system_resources_not_exclusive', 'gpu_placement_metadata_only']"
softmax,cova_llvm_gpu,default,initialization,observed,5.671179553959519,softmax,275b9806d38b1fd8119ee27bbc86fe06cc1e39a5,1,1,4c2cc8073ef8741ed9febc8a4ff62219351eab9b80f103f3f9ef78cbfb3d3a24,2fcf9437c28756a764115316372f1c170da55c13fa29321255a7dcc2a7583c80,['gpu'],"['reference_not_ranking', 'historical_competitors_not_rerun', 'system_resources_not_exclusive', 'gpu_placement_metadata_only']"
softmax,cova_llvm_gpu,default,fresh_process,observed,0.9262794069945812,softmax,275b9806d38b1fd8119ee27bbc86fe06cc1e39a5,2,2,4c2cc8073ef8741ed9febc8a4ff62219351eab9b80f103f3f9ef78cbfb3d3a24,2fcf9437c28756a764115316372f1c170da55c13fa29321255a7dcc2a7583c80,['gpu'],"['reference_not_ranking', 'historical_competitors_not_rerun', 'system_resources_not_exclusive', 'gpu_placement_metadata_only']"
softmax,cova_llvm_gpu,default,same_process,observed,0.7358592480304651,softmax,275b9806d38b1fd8119ee27bbc86fe06cc1e39a5,6,3,4c2cc8073ef8741ed9febc8a4ff62219351eab9b80f103f3f9ef78cbfb3d3a24,2fcf9437c28756a764115316372f1c170da55c13fa29321255a7dcc2a7583c80,['gpu'],"['reference_not_ranking', 'historical_competitors_not_rerun', 'system_resources_not_exclusive', 'gpu_placement_metadata_only']"
spmv,cova_serial_cpu,default,initialization,observed,2.114135267911479,spmv,275b9806d38b1fd8119ee27bbc86fe06cc1e39a5,1,1,da225492dbcd662f48fe5c413e0af07e8fbf1265c8b2c20e9564383e2e55d8ad,830b22cd03e41feb9b883b4b8fc754402901ac74dc9f607cfa3a81bdc5787389,['cpu'],"['reference_not_ranking', 'historical_competitors_not_rerun', 'system_resources_not_exclusive']"
spmv,cova_serial_cpu,default,fresh_process,observed,0.029841797484550625,spmv,275b9806d38b1fd8119ee27bbc86fe06cc1e39a5,2,2,da225492dbcd662f48fe5c413e0af07e8fbf1265c8b2c20e9564383e2e55d8ad,830b22cd03e41feb9b883b4b8fc754402901ac74dc9f607cfa3a81bdc5787389,['cpu'],"['reference_not_ranking', 'historical_competitors_not_rerun', 'system_resources_not_exclusive']"
spmv,cova_serial_cpu,default,same_process,observed,0.024459712498355657,spmv,275b9806d38b1fd8119ee27bbc86fe06cc1e39a5,6,3,da225492dbcd662f48fe5c413e0af07e8fbf1265c8b2c20e9564383e2e55d8ad,830b22cd03e41feb9b883b4b8fc754402901ac74dc9f607cfa3a81bdc5787389,['cpu'],"['reference_not_ranking', 'historical_competitors_not_rerun', 'system_resources_not_exclusive']"
spmv,cova_openmp_cpu,default,initialization,observed,2.2278287829831243,spmv,275b9806d38b1fd8119ee27bbc86fe06cc1e39a5,1,1,da225492dbcd662f48fe5c413e0af07e8fbf1265c8b2c20e9564383e2e55d8ad,830b22cd03e41feb9b883b4b8fc754402901ac74dc9f607cfa3a81bdc5787389,['cpu'],"['reference_not_ranking', 'historical_competitors_not_rerun', 'system_resources_not_exclusive']"
spmv,cova_openmp_cpu,default,fresh_process,observed,0.032934148446656764,spmv,275b9806d38b1fd8119ee27bbc86fe06cc1e39a5,2,2,da225492dbcd662f48fe5c413e0af07e8fbf1265c8b2c20e9564383e2e55d8ad,830b22cd03e41feb9b883b4b8fc754402901ac74dc9f607cfa3a81bdc5787389,['cpu'],"['reference_not_ranking', 'historical_competitors_not_rerun', 'system_resources_not_exclusive']"
spmv,cova_openmp_cpu,default,same_process,observed,0.01961960701737553,spmv,275b9806d38b1fd8119ee27bbc86fe06cc1e39a5,6,3,da225492dbcd662f48fe5c413e0af07e8fbf1265c8b2c20e9564383e2e55d8ad,830b22cd03e41feb9b883b4b8fc754402901ac74dc9f607cfa3a81bdc5787389,['cpu'],"['reference_not_ranking', 'historical_competitors_not_rerun', 'system_resources_not_exclusive']"
spmv,cova_llvm_cpu_serial,default,initialization,observed,1.7425403660163283,spmv,275b9806d38b1fd8119ee27bbc86fe06cc1e39a5,1,1,da225492dbcd662f48fe5c413e0af07e8fbf1265c8b2c20e9564383e2e55d8ad,830b22cd03e41feb9b883b4b8fc754402901ac74dc9f607cfa3a81bdc5787389,['cpu'],"['reference_not_ranking', 'historical_competitors_not_rerun', 'system_resources_not_exclusive']"
spmv,cova_llvm_cpu_serial,default,fresh_process,observed,0.02832019655033946,spmv,275b9806d38b1fd8119ee27bbc86fe06cc1e39a5,2,2,da225492dbcd662f48fe5c413e0af07e8fbf1265c8b2c20e9564383e2e55d8ad,830b22cd03e41feb9b883b4b8fc754402901ac74dc9f607cfa3a81bdc5787389,['cpu'],"['reference_not_ranking', 'historical_competitors_not_rerun', 'system_resources_not_exclusive']"
spmv,cova_llvm_cpu_serial,default,same_process,observed,0.023747146013192832,spmv,275b9806d38b1fd8119ee27bbc86fe06cc1e39a5,6,3,da225492dbcd662f48fe5c413e0af07e8fbf1265c8b2c20e9564383e2e55d8ad,830b22cd03e41feb9b883b4b8fc754402901ac74dc9f607cfa3a81bdc5787389,['cpu'],"['reference_not_ranking', 'historical_competitors_not_rerun', 'system_resources_not_exclusive']"
spmv,cova_llvm_cpu,default,initialization,observed,1.8998044029576704,spmv,275b9806d38b1fd8119ee27bbc86fe06cc1e39a5,1,1,da225492dbcd662f48fe5c413e0af07e8fbf1265c8b2c20e9564383e2e55d8ad,830b22cd03e41feb9b883b4b8fc754402901ac74dc9f607cfa3a81bdc5787389,['cpu'],"['reference_not_ranking', 'historical_competitors_not_rerun', 'system_resources_not_exclusive']"
spmv,cova_llvm_cpu,default,fresh_process,observed,0.030418935464695096,spmv,275b9806d38b1fd8119ee27bbc86fe06cc1e39a5,2,2,da225492dbcd662f48fe5c413e0af07e8fbf1265c8b2c20e9564383e2e55d8ad,830b22cd03e41feb9b883b4b8fc754402901ac74dc9f607cfa3a81bdc5787389,['cpu'],"['reference_not_ranking', 'historical_competitors_not_rerun', 'system_resources_not_exclusive']"
spmv,cova_llvm_cpu,default,same_process,observed,0.023810579965356737,spmv,275b9806d38b1fd8119ee27bbc86fe06cc1e39a5,6,3,da225492dbcd662f48fe5c413e0af07e8fbf1265c8b2c20e9564383e2e55d8ad,830b22cd03e41feb9b883b4b8fc754402901ac74dc9f607cfa3a81bdc5787389,['cpu'],"['reference_not_ranking', 'historical_competitors_not_rerun', 'system_resources_not_exclusive']"
spmv,cova_openmp_gpu,default,initialization,observed,5.111606691963971,spmv,275b9806d38b1fd8119ee27bbc86fe06cc1e39a5,1,1,da225492dbcd662f48fe5c413e0af07e8fbf1265c8b2c20e9564383e2e55d8ad,830b22cd03e41feb9b883b4b8fc754402901ac74dc9f607cfa3a81bdc5787389,['gpu'],"['reference_not_ranking', 'historical_competitors_not_rerun', 'system_resources_not_exclusive', 'gpu_placement_metadata_only']"
spmv,cova_openmp_gpu,default,fresh_process,observed,0.3270915454486385,spmv,275b9806d38b1fd8119ee27bbc86fe06cc1e39a5,2,2,da225492dbcd662f48fe5c413e0af07e8fbf1265c8b2c20e9564383e2e55d8ad,830b22cd03e41feb9b883b4b8fc754402901ac74dc9f607cfa3a81bdc5787389,['gpu'],"['reference_not_ranking', 'historical_competitors_not_rerun', 'system_resources_not_exclusive', 'gpu_placement_metadata_only']"
spmv,cova_openmp_gpu,default,same_process,observed,0.030507816991303116,spmv,275b9806d38b1fd8119ee27bbc86fe06cc1e39a5,6,3,da225492dbcd662f48fe5c413e0af07e8fbf1265c8b2c20e9564383e2e55d8ad,830b22cd03e41feb9b883b4b8fc754402901ac74dc9f607cfa3a81bdc5787389,['gpu'],"['reference_not_ranking', 'historical_competitors_not_rerun', 'system_resources_not_exclusive', 'gpu_placement_metadata_only']"
spmv,cova_llvm_gpu,default,initialization,observed,4.525584344053641,spmv,275b9806d38b1fd8119ee27bbc86fe06cc1e39a5,1,1,da225492dbcd662f48fe5c413e0af07e8fbf1265c8b2c20e9564383e2e55d8ad,830b22cd03e41feb9b883b4b8fc754402901ac74dc9f607cfa3a81bdc5787389,['gpu'],"['reference_not_ranking', 'historical_competitors_not_rerun', 'system_resources_not_exclusive', 'gpu_placement_metadata_only']"
spmv,cova_llvm_gpu,default,fresh_process,observed,0.322086539468728,spmv,275b9806d38b1fd8119ee27bbc86fe06cc1e39a5,2,2,da225492dbcd662f48fe5c413e0af07e8fbf1265c8b2c20e9564383e2e55d8ad,830b22cd03e41feb9b883b4b8fc754402901ac74dc9f607cfa3a81bdc5787389,['gpu'],"['reference_not_ranking', 'historical_competitors_not_rerun', 'system_resources_not_exclusive', 'gpu_placement_metadata_only']"
spmv,cova_llvm_gpu,default,same_process,observed,0.04320139402989298,spmv,275b9806d38b1fd8119ee27bbc86fe06cc1e39a5,6,3,da225492dbcd662f48fe5c413e0af07e8fbf1265c8b2c20e9564383e2e55d8ad,830b22cd03e41feb9b883b4b8fc754402901ac74dc9f607cfa3a81bdc5787389,['gpu'],"['reference_not_ranking', 'historical_competitors_not_rerun', 'system_resources_not_exclusive', 'gpu_placement_metadata_only']"
stockham_fft,cova_serial_cpu,default,initialization,error,,stockham_fft,275b9806d38b1fd8119ee27bbc86fe06cc1e39a5,0,0,6d6ff6409e820c0b1abb2d24a7ede6af7390464b8d347a4cba678562e2b4f111,f6c4acc3fcbed6678c4fad72d834895ca7156ce67f7538ebe2242ed208af3254,[],"['reference_not_ranking', 'historical_competitors_not_rerun', 'system_resources_not_exclusive']"
stockham_fft,cova_serial_cpu,default,fresh_process,error,,stockham_fft,275b9806d38b1fd8119ee27bbc86fe06cc1e39a5,0,0,6d6ff6409e820c0b1abb2d24a7ede6af7390464b8d347a4cba678562e2b4f111,f6c4acc3fcbed6678c4fad72d834895ca7156ce67f7538ebe2242ed208af3254,[],"['reference_not_ranking', 'historical_competitors_not_rerun', 'system_resources_not_exclusive']"
stockham_fft,cova_serial_cpu,default,same_process,error,,stockham_fft,275b9806d38b1fd8119ee27bbc86fe06cc1e39a5,0,0,6d6ff6409e820c0b1abb2d24a7ede6af7390464b8d347a4cba678562e2b4f111,f6c4acc3fcbed6678c4fad72d834895ca7156ce67f7538ebe2242ed208af3254,[],"['reference_not_ranking', 'historical_competitors_not_rerun', 'system_resources_not_exclusive']"
stockham_fft,cova_openmp_cpu,default,initialization,error,,stockham_fft,275b9806d38b1fd8119ee27bbc86fe06cc1e39a5,0,0,6d6ff6409e820c0b1abb2d24a7ede6af7390464b8d347a4cba678562e2b4f111,f6c4acc3fcbed6678c4fad72d834895ca7156ce67f7538ebe2242ed208af3254,[],"['reference_not_ranking', 'historical_competitors_not_rerun', 'system_resources_not_exclusive']"
stockham_fft,cova_openmp_cpu,default,fresh_process,error,,stockham_fft,275b9806d38b1fd8119ee27bbc86fe06cc1e39a5,0,0,6d6ff6409e820c0b1abb2d24a7ede6af7390464b8d347a4cba678562e2b4f111,f6c4acc3fcbed6678c4fad72d834895ca7156ce67f7538ebe2242ed208af3254,[],"['reference_not_ranking', 'historical_competitors_not_rerun', 'system_resources_not_exclusive']"
stockham_fft,cova_openmp_cpu,default,same_process,error,,stockham_fft,275b9806d38b1fd8119ee27bbc86fe06cc1e39a5,0,0,6d6ff6409e820c0b1abb2d24a7ede6af7390464b8d347a4cba678562e2b4f111,f6c4acc3fcbed6678c4fad72d834895ca7156ce67f7538ebe2242ed208af3254,[],"['reference_not_ranking', 'historical_competitors_not_rerun', 'system_resources_not_exclusive']"
stockham_fft,cova_llvm_cpu_serial,default,initialization,error,,stockham_fft,275b9806d38b1fd8119ee27bbc86fe06cc1e39a5,0,0,6d6ff6409e820c0b1abb2d24a7ede6af7390464b8d347a4cba678562e2b4f111,f6c4acc3fcbed6678c4fad72d834895ca7156ce67f7538ebe2242ed208af3254,[],"['reference_not_ranking', 'historical_competitors_not_rerun', 'system_resources_not_exclusive']"
stockham_fft,cova_llvm_cpu_serial,default,fresh_process,error,,stockham_fft,275b9806d38b1fd8119ee27bbc86fe06cc1e39a5,0,0,6d6ff6409e820c0b1abb2d24a7ede6af7390464b8d347a4cba678562e2b4f111,f6c4acc3fcbed6678c4fad72d834895ca7156ce67f7538ebe2242ed208af3254,[],"['reference_not_ranking', 'historical_competitors_not_rerun', 'system_resources_not_exclusive']"
stockham_fft,cova_llvm_cpu_serial,default,same_process,error,,stockham_fft,275b9806d38b1fd8119ee27bbc86fe06cc1e39a5,0,0,6d6ff6409e820c0b1abb2d24a7ede6af7390464b8d347a4cba678562e2b4f111,f6c4acc3fcbed6678c4fad72d834895ca7156ce67f7538ebe2242ed208af3254,[],"['reference_not_ranking', 'historical_competitors_not_rerun', 'system_resources_not_exclusive']"
stockham_fft,cova_llvm_cpu,default,initialization,observed,7.436443057027645,stockham_fft_cova_helper,275b9806d38b1fd8119ee27bbc86fe06cc1e39a5,1,1,6d6ff6409e820c0b1abb2d24a7ede6af7390464b8d347a4cba678562e2b4f111,f6c4acc3fcbed6678c4fad72d834895ca7156ce67f7538ebe2242ed208af3254,['cpu'],"['reference_not_ranking', 'historical_competitors_not_rerun', 'system_resources_not_exclusive']"
stockham_fft,cova_llvm_cpu,default,fresh_process,observed,4.661506820004433,stockham_fft_cova_helper,275b9806d38b1fd8119ee27bbc86fe06cc1e39a5,2,2,6d6ff6409e820c0b1abb2d24a7ede6af7390464b8d347a4cba678562e2b4f111,f6c4acc3fcbed6678c4fad72d834895ca7156ce67f7538ebe2242ed208af3254,['cpu'],"['reference_not_ranking', 'historical_competitors_not_rerun', 'system_resources_not_exclusive']"
stockham_fft,cova_llvm_cpu,default,same_process,observed,4.12540895154234,stockham_fft_cova_helper,275b9806d38b1fd8119ee27bbc86fe06cc1e39a5,6,3,6d6ff6409e820c0b1abb2d24a7ede6af7390464b8d347a4cba678562e2b4f111,f6c4acc3fcbed6678c4fad72d834895ca7156ce67f7538ebe2242ed208af3254,['cpu'],"['reference_not_ranking', 'historical_competitors_not_rerun', 'system_resources_not_exclusive']"
stockham_fft,cova_openmp_gpu,default,initialization,error,,stockham_fft,275b9806d38b1fd8119ee27bbc86fe06cc1e39a5,0,0,6d6ff6409e820c0b1abb2d24a7ede6af7390464b8d347a4cba678562e2b4f111,f6c4acc3fcbed6678c4fad72d834895ca7156ce67f7538ebe2242ed208af3254,[],"['reference_not_ranking', 'historical_competitors_not_rerun', 'system_resources_not_exclusive', 'gpu_placement_metadata_only']"
stockham_fft,cova_openmp_gpu,default,fresh_process,error,,stockham_fft,275b9806d38b1fd8119ee27bbc86fe06cc1e39a5,0,0,6d6ff6409e820c0b1abb2d24a7ede6af7390464b8d347a4cba678562e2b4f111,f6c4acc3fcbed6678c4fad72d834895ca7156ce67f7538ebe2242ed208af3254,[],"['reference_not_ranking', 'historical_competitors_not_rerun', 'system_resources_not_exclusive', 'gpu_placement_metadata_only']"
stockham_fft,cova_openmp_gpu,default,same_process,error,,stockham_fft,275b9806d38b1fd8119ee27bbc86fe06cc1e39a5,0,0,6d6ff6409e820c0b1abb2d24a7ede6af7390464b8d347a4cba678562e2b4f111,f6c4acc3fcbed6678c4fad72d834895ca7156ce67f7538ebe2242ed208af3254,[],"['reference_not_ranking', 'historical_competitors_not_rerun', 'system_resources_not_exclusive', 'gpu_placement_metadata_only']"
stockham_fft,cova_llvm_gpu,default,initialization,observed,7.492502168985084,stockham_fft_cova_helper,275b9806d38b1fd8119ee27bbc86fe06cc1e39a5,1,1,6d6ff6409e820c0b1abb2d24a7ede6af7390464b8d347a4cba678562e2b4f111,f6c4acc3fcbed6678c4fad72d834895ca7156ce67f7538ebe2242ed208af3254,['mixed'],"['reference_not_ranking', 'historical_competitors_not_rerun', 'system_resources_not_exclusive', 'gpu_placement_metadata_only']"
stockham_fft,cova_llvm_gpu,default,fresh_process,observed,2.521486180543434,stockham_fft_cova_helper,275b9806d38b1fd8119ee27bbc86fe06cc1e39a5,2,2,6d6ff6409e820c0b1abb2d24a7ede6af7390464b8d347a4cba678562e2b4f111,f6c4acc3fcbed6678c4fad72d834895ca7156ce67f7538ebe2242ed208af3254,['mixed'],"['reference_not_ranking', 'historical_competitors_not_rerun', 'system_resources_not_exclusive', 'gpu_placement_metadata_only']"
stockham_fft,cova_llvm_gpu,default,same_process,observed,2.132470080978237,stockham_fft_cova_helper,275b9806d38b1fd8119ee27bbc86fe06cc1e39a5,6,3,6d6ff6409e820c0b1abb2d24a7ede6af7390464b8d347a4cba678562e2b4f111,f6c4acc3fcbed6678c4fad72d834895ca7156ce67f7538ebe2242ed208af3254,['mixed'],"['reference_not_ranking', 'historical_competitors_not_rerun', 'system_resources_not_exclusive', 'gpu_placement_metadata_only']"
symm,cova_serial_cpu,default,initialization,observed,2.4561573390383273,symm,275b9806d38b1fd8119ee27bbc86fe06cc1e39a5,1,1,9a79ab11f86fec484ee78c92c02c8f9588bcdd801caf9345beae289adb5ce087,c983fe23aab1369b59df067f61f46c516f426a2b0a1ea8bdc3779352f6c91630,['cpu'],"['reference_not_ranking', 'historical_competitors_not_rerun', 'system_resources_not_exclusive']"
symm,cova_serial_cpu,default,fresh_process,observed,0.09497561398893595,symm,275b9806d38b1fd8119ee27bbc86fe06cc1e39a5,2,2,9a79ab11f86fec484ee78c92c02c8f9588bcdd801caf9345beae289adb5ce087,c983fe23aab1369b59df067f61f46c516f426a2b0a1ea8bdc3779352f6c91630,['cpu'],"['reference_not_ranking', 'historical_competitors_not_rerun', 'system_resources_not_exclusive']"
symm,cova_serial_cpu,default,same_process,observed,0.10973977751564234,symm,275b9806d38b1fd8119ee27bbc86fe06cc1e39a5,6,3,9a79ab11f86fec484ee78c92c02c8f9588bcdd801caf9345beae289adb5ce087,c983fe23aab1369b59df067f61f46c516f426a2b0a1ea8bdc3779352f6c91630,['cpu'],"['reference_not_ranking', 'historical_competitors_not_rerun', 'system_resources_not_exclusive']"
symm,cova_openmp_cpu,default,initialization,observed,2.6946665679570287,symm,275b9806d38b1fd8119ee27bbc86fe06cc1e39a5,1,1,9a79ab11f86fec484ee78c92c02c8f9588bcdd801caf9345beae289adb5ce087,c983fe23aab1369b59df067f61f46c516f426a2b0a1ea8bdc3779352f6c91630,['cpu'],"['reference_not_ranking', 'historical_competitors_not_rerun', 'system_resources_not_exclusive']"
symm,cova_openmp_cpu,default,fresh_process,observed,0.10667636850848794,symm,275b9806d38b1fd8119ee27bbc86fe06cc1e39a5,2,2,9a79ab11f86fec484ee78c92c02c8f9588bcdd801caf9345beae289adb5ce087,c983fe23aab1369b59df067f61f46c516f426a2b0a1ea8bdc3779352f6c91630,['cpu'],"['reference_not_ranking', 'historical_competitors_not_rerun', 'system_resources_not_exclusive']"
symm,cova_openmp_cpu,default,same_process,observed,0.09809812804451212,symm,275b9806d38b1fd8119ee27bbc86fe06cc1e39a5,6,3,9a79ab11f86fec484ee78c92c02c8f9588bcdd801caf9345beae289adb5ce087,c983fe23aab1369b59df067f61f46c516f426a2b0a1ea8bdc3779352f6c91630,['cpu'],"['reference_not_ranking', 'historical_competitors_not_rerun', 'system_resources_not_exclusive']"
symm,cova_llvm_cpu_serial,default,initialization,observed,1.812966285040602,symm,275b9806d38b1fd8119ee27bbc86fe06cc1e39a5,1,1,9a79ab11f86fec484ee78c92c02c8f9588bcdd801caf9345beae289adb5ce087,c983fe23aab1369b59df067f61f46c516f426a2b0a1ea8bdc3779352f6c91630,['cpu'],"['reference_not_ranking', 'historical_competitors_not_rerun', 'system_resources_not_exclusive']"
symm,cova_llvm_cpu_serial,default,fresh_process,observed,0.09791428496828303,symm,275b9806d38b1fd8119ee27bbc86fe06cc1e39a5,2,2,9a79ab11f86fec484ee78c92c02c8f9588bcdd801caf9345beae289adb5ce087,c983fe23aab1369b59df067f61f46c516f426a2b0a1ea8bdc3779352f6c91630,['cpu'],"['reference_not_ranking', 'historical_competitors_not_rerun', 'system_resources_not_exclusive']"
symm,cova_llvm_cpu_serial,default,same_process,observed,0.10985905502457172,symm,275b9806d38b1fd8119ee27bbc86fe06cc1e39a5,6,3,9a79ab11f86fec484ee78c92c02c8f9588bcdd801caf9345beae289adb5ce087,c983fe23aab1369b59df067f61f46c516f426a2b0a1ea8bdc3779352f6c91630,['cpu'],"['reference_not_ranking', 'historical_competitors_not_rerun', 'system_resources_not_exclusive']"
symm,cova_llvm_cpu,default,initialization,observed,2.0455652399687096,symm,275b9806d38b1fd8119ee27bbc86fe06cc1e39a5,1,1,9a79ab11f86fec484ee78c92c02c8f9588bcdd801caf9345beae289adb5ce087,c983fe23aab1369b59df067f61f46c516f426a2b0a1ea8bdc3779352f6c91630,['cpu'],"['reference_not_ranking', 'historical_competitors_not_rerun', 'system_resources_not_exclusive']"
symm,cova_llvm_cpu,default,fresh_process,observed,0.09733251051511616,symm,275b9806d38b1fd8119ee27bbc86fe06cc1e39a5,2,2,9a79ab11f86fec484ee78c92c02c8f9588bcdd801caf9345beae289adb5ce087,c983fe23aab1369b59df067f61f46c516f426a2b0a1ea8bdc3779352f6c91630,['cpu'],"['reference_not_ranking', 'historical_competitors_not_rerun', 'system_resources_not_exclusive']"
symm,cova_llvm_cpu,default,same_process,observed,0.10876202350482345,symm,275b9806d38b1fd8119ee27bbc86fe06cc1e39a5,6,3,9a79ab11f86fec484ee78c92c02c8f9588bcdd801caf9345beae289adb5ce087,c983fe23aab1369b59df067f61f46c516f426a2b0a1ea8bdc3779352f6c91630,['cpu'],"['reference_not_ranking', 'historical_competitors_not_rerun', 'system_resources_not_exclusive']"
symm,cova_openmp_gpu,default,initialization,observed,9.60535988304764,symm,275b9806d38b1fd8119ee27bbc86fe06cc1e39a5,1,1,9a79ab11f86fec484ee78c92c02c8f9588bcdd801caf9345beae289adb5ce087,c983fe23aab1369b59df067f61f46c516f426a2b0a1ea8bdc3779352f6c91630,['gpu'],"['reference_not_ranking', 'historical_competitors_not_rerun', 'system_resources_not_exclusive', 'gpu_placement_metadata_only']"
symm,cova_openmp_gpu,default,fresh_process,observed,3.6812982045230456,symm,275b9806d38b1fd8119ee27bbc86fe06cc1e39a5,2,2,9a79ab11f86fec484ee78c92c02c8f9588bcdd801caf9345beae289adb5ce087,c983fe23aab1369b59df067f61f46c516f426a2b0a1ea8bdc3779352f6c91630,['gpu'],"['reference_not_ranking', 'historical_competitors_not_rerun', 'system_resources_not_exclusive', 'gpu_placement_metadata_only']"
symm,cova_openmp_gpu,default,same_process,observed,3.5683509139926173,symm,275b9806d38b1fd8119ee27bbc86fe06cc1e39a5,6,3,9a79ab11f86fec484ee78c92c02c8f9588bcdd801caf9345beae289adb5ce087,c983fe23aab1369b59df067f61f46c516f426a2b0a1ea8bdc3779352f6c91630,['gpu'],"['reference_not_ranking', 'historical_competitors_not_rerun', 'system_resources_not_exclusive', 'gpu_placement_metadata_only']"
symm,cova_llvm_gpu,default,initialization,observed,5.26523412601091,symm,275b9806d38b1fd8119ee27bbc86fe06cc1e39a5,1,1,9a79ab11f86fec484ee78c92c02c8f9588bcdd801caf9345beae289adb5ce087,c983fe23aab1369b59df067f61f46c516f426a2b0a1ea8bdc3779352f6c91630,['mixed'],"['reference_not_ranking', 'historical_competitors_not_rerun', 'system_resources_not_exclusive', 'gpu_placement_metadata_only']"
symm,cova_llvm_gpu,default,fresh_process,observed,0.4767520204768516,symm,275b9806d38b1fd8119ee27bbc86fe06cc1e39a5,2,2,9a79ab11f86fec484ee78c92c02c8f9588bcdd801caf9345beae289adb5ce087,c983fe23aab1369b59df067f61f46c516f426a2b0a1ea8bdc3779352f6c91630,['mixed'],"['reference_not_ranking', 'historical_competitors_not_rerun', 'system_resources_not_exclusive', 'gpu_placement_metadata_only']"
symm,cova_llvm_gpu,default,same_process,observed,0.25602004502434283,symm,275b9806d38b1fd8119ee27bbc86fe06cc1e39a5,6,3,9a79ab11f86fec484ee78c92c02c8f9588bcdd801caf9345beae289adb5ce087,c983fe23aab1369b59df067f61f46c516f426a2b0a1ea8bdc3779352f6c91630,['mixed'],"['reference_not_ranking', 'historical_competitors_not_rerun', 'system_resources_not_exclusive', 'gpu_placement_metadata_only']"
syr2k,cova_serial_cpu,default,initialization,observed,1.9983529490418732,syr2k,275b9806d38b1fd8119ee27bbc86fe06cc1e39a5,1,1,e7abbc19895a88befab489211bc20dc301be2dede982f39fba4c4f210583f274,4eed4ab152ea49c0a4cdf942787319238e4b8903146da60692ca376422fc8502,['cpu'],"['reference_not_ranking', 'historical_competitors_not_rerun', 'system_resources_not_exclusive']"
syr2k,cova_serial_cpu,default,fresh_process,observed,0.06537288206163794,syr2k,275b9806d38b1fd8119ee27bbc86fe06cc1e39a5,2,2,e7abbc19895a88befab489211bc20dc301be2dede982f39fba4c4f210583f274,4eed4ab152ea49c0a4cdf942787319238e4b8903146da60692ca376422fc8502,['cpu'],"['reference_not_ranking', 'historical_competitors_not_rerun', 'system_resources_not_exclusive']"
syr2k,cova_serial_cpu,default,same_process,observed,0.07344078196911141,syr2k,275b9806d38b1fd8119ee27bbc86fe06cc1e39a5,6,3,e7abbc19895a88befab489211bc20dc301be2dede982f39fba4c4f210583f274,4eed4ab152ea49c0a4cdf942787319238e4b8903146da60692ca376422fc8502,['cpu'],"['reference_not_ranking', 'historical_competitors_not_rerun', 'system_resources_not_exclusive']"
syr2k,cova_openmp_cpu,default,initialization,observed,2.5268807819811627,syr2k,275b9806d38b1fd8119ee27bbc86fe06cc1e39a5,1,1,e7abbc19895a88befab489211bc20dc301be2dede982f39fba4c4f210583f274,4eed4ab152ea49c0a4cdf942787319238e4b8903146da60692ca376422fc8502,['cpu'],"['reference_not_ranking', 'historical_competitors_not_rerun', 'system_resources_not_exclusive']"
syr2k,cova_openmp_cpu,default,fresh_process,observed,0.03683587646810338,syr2k,275b9806d38b1fd8119ee27bbc86fe06cc1e39a5,2,2,e7abbc19895a88befab489211bc20dc301be2dede982f39fba4c4f210583f274,4eed4ab152ea49c0a4cdf942787319238e4b8903146da60692ca376422fc8502,['cpu'],"['reference_not_ranking', 'historical_competitors_not_rerun', 'system_resources_not_exclusive']"
syr2k,cova_openmp_cpu,default,same_process,observed,0.03375291096745059,syr2k,275b9806d38b1fd8119ee27bbc86fe06cc1e39a5,6,3,e7abbc19895a88befab489211bc20dc301be2dede982f39fba4c4f210583f274,4eed4ab152ea49c0a4cdf942787319238e4b8903146da60692ca376422fc8502,['cpu'],"['reference_not_ranking', 'historical_competitors_not_rerun', 'system_resources_not_exclusive']"
syr2k,cova_llvm_cpu_serial,default,initialization,observed,1.6285805270308629,syr2k,275b9806d38b1fd8119ee27bbc86fe06cc1e39a5,1,1,e7abbc19895a88befab489211bc20dc301be2dede982f39fba4c4f210583f274,4eed4ab152ea49c0a4cdf942787319238e4b8903146da60692ca376422fc8502,['cpu'],"['reference_not_ranking', 'historical_competitors_not_rerun', 'system_resources_not_exclusive']"
syr2k,cova_llvm_cpu_serial,default,fresh_process,observed,0.07623304956359789,syr2k,275b9806d38b1fd8119ee27bbc86fe06cc1e39a5,2,2,e7abbc19895a88befab489211bc20dc301be2dede982f39fba4c4f210583f274,4eed4ab152ea49c0a4cdf942787319238e4b8903146da60692ca376422fc8502,['cpu'],"['reference_not_ranking', 'historical_competitors_not_rerun', 'system_resources_not_exclusive']"
syr2k,cova_llvm_cpu_serial,default,same_process,observed,0.07380611402913928,syr2k,275b9806d38b1fd8119ee27bbc86fe06cc1e39a5,6,3,e7abbc19895a88befab489211bc20dc301be2dede982f39fba4c4f210583f274,4eed4ab152ea49c0a4cdf942787319238e4b8903146da60692ca376422fc8502,['cpu'],"['reference_not_ranking', 'historical_competitors_not_rerun', 'system_resources_not_exclusive']"
syr2k,cova_llvm_cpu,default,initialization,observed,2.0250961609417573,syr2k,275b9806d38b1fd8119ee27bbc86fe06cc1e39a5,1,1,e7abbc19895a88befab489211bc20dc301be2dede982f39fba4c4f210583f274,4eed4ab152ea49c0a4cdf942787319238e4b8903146da60692ca376422fc8502,['cpu'],"['reference_not_ranking', 'historical_competitors_not_rerun', 'system_resources_not_exclusive']"
syr2k,cova_llvm_cpu,default,fresh_process,observed,0.06562513945391402,syr2k,275b9806d38b1fd8119ee27bbc86fe06cc1e39a5,2,2,e7abbc19895a88befab489211bc20dc301be2dede982f39fba4c4f210583f274,4eed4ab152ea49c0a4cdf942787319238e4b8903146da60692ca376422fc8502,['cpu'],"['reference_not_ranking', 'historical_competitors_not_rerun', 'system_resources_not_exclusive']"
syr2k,cova_llvm_cpu,default,same_process,observed,0.07550108997384086,syr2k,275b9806d38b1fd8119ee27bbc86fe06cc1e39a5,6,3,e7abbc19895a88befab489211bc20dc301be2dede982f39fba4c4f210583f274,4eed4ab152ea49c0a4cdf942787319238e4b8903146da60692ca376422fc8502,['cpu'],"['reference_not_ranking', 'historical_competitors_not_rerun', 'system_resources_not_exclusive']"
syr2k,cova_openmp_gpu,default,initialization,observed,5.345394982025027,syr2k,275b9806d38b1fd8119ee27bbc86fe06cc1e39a5,1,1,e7abbc19895a88befab489211bc20dc301be2dede982f39fba4c4f210583f274,4eed4ab152ea49c0a4cdf942787319238e4b8903146da60692ca376422fc8502,['gpu'],"['reference_not_ranking', 'historical_competitors_not_rerun', 'system_resources_not_exclusive', 'gpu_placement_metadata_only']"
syr2k,cova_openmp_gpu,default,fresh_process,observed,0.3338715190766379,syr2k,275b9806d38b1fd8119ee27bbc86fe06cc1e39a5,2,2,e7abbc19895a88befab489211bc20dc301be2dede982f39fba4c4f210583f274,4eed4ab152ea49c0a4cdf942787319238e4b8903146da60692ca376422fc8502,['gpu'],"['reference_not_ranking', 'historical_competitors_not_rerun', 'system_resources_not_exclusive', 'gpu_placement_metadata_only']"
syr2k,cova_openmp_gpu,default,same_process,observed,0.11736658844165504,syr2k,275b9806d38b1fd8119ee27bbc86fe06cc1e39a5,6,3,e7abbc19895a88befab489211bc20dc301be2dede982f39fba4c4f210583f274,4eed4ab152ea49c0a4cdf942787319238e4b8903146da60692ca376422fc8502,['gpu'],"['reference_not_ranking', 'historical_competitors_not_rerun', 'system_resources_not_exclusive', 'gpu_placement_metadata_only']"
syr2k,cova_llvm_gpu,default,initialization,observed,4.790896759019233,syr2k,275b9806d38b1fd8119ee27bbc86fe06cc1e39a5,1,1,e7abbc19895a88befab489211bc20dc301be2dede982f39fba4c4f210583f274,4eed4ab152ea49c0a4cdf942787319238e4b8903146da60692ca376422fc8502,['gpu'],"['reference_not_ranking', 'historical_competitors_not_rerun', 'system_resources_not_exclusive', 'gpu_placement_metadata_only']"
syr2k,cova_llvm_gpu,default,fresh_process,observed,0.35593940055696294,syr2k,275b9806d38b1fd8119ee27bbc86fe06cc1e39a5,2,2,e7abbc19895a88befab489211bc20dc301be2dede982f39fba4c4f210583f274,4eed4ab152ea49c0a4cdf942787319238e4b8903146da60692ca376422fc8502,['gpu'],"['reference_not_ranking', 'historical_competitors_not_rerun', 'system_resources_not_exclusive', 'gpu_placement_metadata_only']"
syr2k,cova_llvm_gpu,default,same_process,observed,0.09254869195865467,syr2k,275b9806d38b1fd8119ee27bbc86fe06cc1e39a5,6,3,e7abbc19895a88befab489211bc20dc301be2dede982f39fba4c4f210583f274,4eed4ab152ea49c0a4cdf942787319238e4b8903146da60692ca376422fc8502,['gpu'],"['reference_not_ranking', 'historical_competitors_not_rerun', 'system_resources_not_exclusive', 'gpu_placement_metadata_only']"
syrk,cova_serial_cpu,default,initialization,observed,2.149909234023653,syrk,275b9806d38b1fd8119ee27bbc86fe06cc1e39a5,1,1,92484da5155c3406ad7a24b9d17a47e4e5ea9277c45b375c935d26bea371609c,c9125e156aac0f0083fa4d941c44b5e500809f7d0e4096cfd309983aa1701894,['cpu'],"['reference_not_ranking', 'historical_competitors_not_rerun', 'system_resources_not_exclusive']"
syrk,cova_serial_cpu,default,fresh_process,observed,0.10799445997690782,syrk,275b9806d38b1fd8119ee27bbc86fe06cc1e39a5,2,2,92484da5155c3406ad7a24b9d17a47e4e5ea9277c45b375c935d26bea371609c,c9125e156aac0f0083fa4d941c44b5e500809f7d0e4096cfd309983aa1701894,['cpu'],"['reference_not_ranking', 'historical_competitors_not_rerun', 'system_resources_not_exclusive']"
syrk,cova_serial_cpu,default,same_process,observed,0.10876464156899601,syrk,275b9806d38b1fd8119ee27bbc86fe06cc1e39a5,6,3,92484da5155c3406ad7a24b9d17a47e4e5ea9277c45b375c935d26bea371609c,c9125e156aac0f0083fa4d941c44b5e500809f7d0e4096cfd309983aa1701894,['cpu'],"['reference_not_ranking', 'historical_competitors_not_rerun', 'system_resources_not_exclusive']"
syrk,cova_openmp_cpu,default,initialization,observed,2.1599177150055766,syrk,275b9806d38b1fd8119ee27bbc86fe06cc1e39a5,1,1,92484da5155c3406ad7a24b9d17a47e4e5ea9277c45b375c935d26bea371609c,c9125e156aac0f0083fa4d941c44b5e500809f7d0e4096cfd309983aa1701894,['cpu'],"['reference_not_ranking', 'historical_competitors_not_rerun', 'system_resources_not_exclusive']"
syrk,cova_openmp_cpu,default,fresh_process,observed,0.047972664528060704,syrk,275b9806d38b1fd8119ee27bbc86fe06cc1e39a5,2,2,92484da5155c3406ad7a24b9d17a47e4e5ea9277c45b375c935d26bea371609c,c9125e156aac0f0083fa4d941c44b5e500809f7d0e4096cfd309983aa1701894,['cpu'],"['reference_not_ranking', 'historical_competitors_not_rerun', 'system_resources_not_exclusive']"
syrk,cova_openmp_cpu,default,same_process,observed,0.037166145513765514,syrk,275b9806d38b1fd8119ee27bbc86fe06cc1e39a5,6,3,92484da5155c3406ad7a24b9d17a47e4e5ea9277c45b375c935d26bea371609c,c9125e156aac0f0083fa4d941c44b5e500809f7d0e4096cfd309983aa1701894,['cpu'],"['reference_not_ranking', 'historical_competitors_not_rerun', 'system_resources_not_exclusive']"
syrk,cova_llvm_cpu_serial,default,initialization,observed,1.8494404030498117,syrk,275b9806d38b1fd8119ee27bbc86fe06cc1e39a5,1,1,92484da5155c3406ad7a24b9d17a47e4e5ea9277c45b375c935d26bea371609c,c9125e156aac0f0083fa4d941c44b5e500809f7d0e4096cfd309983aa1701894,['cpu'],"['reference_not_ranking', 'historical_competitors_not_rerun', 'system_resources_not_exclusive']"
syrk,cova_llvm_cpu_serial,default,fresh_process,observed,0.0959343325230293,syrk,275b9806d38b1fd8119ee27bbc86fe06cc1e39a5,2,2,92484da5155c3406ad7a24b9d17a47e4e5ea9277c45b375c935d26bea371609c,c9125e156aac0f0083fa4d941c44b5e500809f7d0e4096cfd309983aa1701894,['cpu'],"['reference_not_ranking', 'historical_competitors_not_rerun', 'system_resources_not_exclusive']"
syrk,cova_llvm_cpu_serial,default,same_process,observed,0.1133899245178327,syrk,275b9806d38b1fd8119ee27bbc86fe06cc1e39a5,6,3,92484da5155c3406ad7a24b9d17a47e4e5ea9277c45b375c935d26bea371609c,c9125e156aac0f0083fa4d941c44b5e500809f7d0e4096cfd309983aa1701894,['cpu'],"['reference_not_ranking', 'historical_competitors_not_rerun', 'system_resources_not_exclusive']"
syrk,cova_llvm_cpu,default,initialization,observed,1.7488622820237651,syrk,275b9806d38b1fd8119ee27bbc86fe06cc1e39a5,1,1,92484da5155c3406ad7a24b9d17a47e4e5ea9277c45b375c935d26bea371609c,c9125e156aac0f0083fa4d941c44b5e500809f7d0e4096cfd309983aa1701894,['cpu'],"['reference_not_ranking', 'historical_competitors_not_rerun', 'system_resources_not_exclusive']"
syrk,cova_llvm_cpu,default,fresh_process,observed,0.0923381699831225,syrk,275b9806d38b1fd8119ee27bbc86fe06cc1e39a5,2,2,92484da5155c3406ad7a24b9d17a47e4e5ea9277c45b375c935d26bea371609c,c9125e156aac0f0083fa4d941c44b5e500809f7d0e4096cfd309983aa1701894,['cpu'],"['reference_not_ranking', 'historical_competitors_not_rerun', 'system_resources_not_exclusive']"
syrk,cova_llvm_cpu,default,same_process,observed,0.08875981392338872,syrk,275b9806d38b1fd8119ee27bbc86fe06cc1e39a5,6,3,92484da5155c3406ad7a24b9d17a47e4e5ea9277c45b375c935d26bea371609c,c9125e156aac0f0083fa4d941c44b5e500809f7d0e4096cfd309983aa1701894,['cpu'],"['reference_not_ranking', 'historical_competitors_not_rerun', 'system_resources_not_exclusive']"
syrk,cova_openmp_gpu,default,initialization,observed,5.502091782982461,syrk,275b9806d38b1fd8119ee27bbc86fe06cc1e39a5,1,1,92484da5155c3406ad7a24b9d17a47e4e5ea9277c45b375c935d26bea371609c,c9125e156aac0f0083fa4d941c44b5e500809f7d0e4096cfd309983aa1701894,['gpu'],"['reference_not_ranking', 'historical_competitors_not_rerun', 'system_resources_not_exclusive', 'gpu_placement_metadata_only']"
syrk,cova_openmp_gpu,default,fresh_process,observed,0.46243748551933095,syrk,275b9806d38b1fd8119ee27bbc86fe06cc1e39a5,2,2,92484da5155c3406ad7a24b9d17a47e4e5ea9277c45b375c935d26bea371609c,c9125e156aac0f0083fa4d941c44b5e500809f7d0e4096cfd309983aa1701894,['gpu'],"['reference_not_ranking', 'historical_competitors_not_rerun', 'system_resources_not_exclusive', 'gpu_placement_metadata_only']"
syrk,cova_openmp_gpu,default,same_process,observed,0.11077759659383446,syrk,275b9806d38b1fd8119ee27bbc86fe06cc1e39a5,6,3,92484da5155c3406ad7a24b9d17a47e4e5ea9277c45b375c935d26bea371609c,c9125e156aac0f0083fa4d941c44b5e500809f7d0e4096cfd309983aa1701894,['gpu'],"['reference_not_ranking', 'historical_competitors_not_rerun', 'system_resources_not_exclusive', 'gpu_placement_metadata_only']"
syrk,cova_llvm_gpu,default,initialization,observed,4.7134039589436725,syrk,275b9806d38b1fd8119ee27bbc86fe06cc1e39a5,1,1,92484da5155c3406ad7a24b9d17a47e4e5ea9277c45b375c935d26bea371609c,c9125e156aac0f0083fa4d941c44b5e500809f7d0e4096cfd309983aa1701894,['gpu'],"['reference_not_ranking', 'historical_competitors_not_rerun', 'system_resources_not_exclusive', 'gpu_placement_metadata_only']"
syrk,cova_llvm_gpu,default,fresh_process,observed,0.37737883999943733,syrk,275b9806d38b1fd8119ee27bbc86fe06cc1e39a5,2,2,92484da5155c3406ad7a24b9d17a47e4e5ea9277c45b375c935d26bea371609c,c9125e156aac0f0083fa4d941c44b5e500809f7d0e4096cfd309983aa1701894,['gpu'],"['reference_not_ranking', 'historical_competitors_not_rerun', 'system_resources_not_exclusive', 'gpu_placement_metadata_only']"
syrk,cova_llvm_gpu,default,same_process,observed,0.10558214504271746,syrk,275b9806d38b1fd8119ee27bbc86fe06cc1e39a5,6,3,92484da5155c3406ad7a24b9d17a47e4e5ea9277c45b375c935d26bea371609c,c9125e156aac0f0083fa4d941c44b5e500809f7d0e4096cfd309983aa1701894,['gpu'],"['reference_not_ranking', 'historical_competitors_not_rerun', 'system_resources_not_exclusive', 'gpu_placement_metadata_only']"
trisolv,cova_serial_cpu,default,initialization,observed,2.2424109200946987,trisolv,275b9806d38b1fd8119ee27bbc86fe06cc1e39a5,1,1,4f5471ef60c1579f85ae344ab83c59b28f7f210b0a535e59616ed8d3e93dce87,2ef566c3a7e8536e3be1ae3aaac85d9a03f4836c00d28326cc70cf2e8147fdb1,['cpu'],"['reference_not_ranking', 'historical_competitors_not_rerun', 'system_resources_not_exclusive']"
trisolv,cova_serial_cpu,default,fresh_process,observed,0.12555129156680778,trisolv,275b9806d38b1fd8119ee27bbc86fe06cc1e39a5,2,2,4f5471ef60c1579f85ae344ab83c59b28f7f210b0a535e59616ed8d3e93dce87,2ef566c3a7e8536e3be1ae3aaac85d9a03f4836c00d28326cc70cf2e8147fdb1,['cpu'],"['reference_not_ranking', 'historical_competitors_not_rerun', 'system_resources_not_exclusive']"
trisolv,cova_serial_cpu,default,same_process,observed,0.14891531254397705,trisolv,275b9806d38b1fd8119ee27bbc86fe06cc1e39a5,6,3,4f5471ef60c1579f85ae344ab83c59b28f7f210b0a535e59616ed8d3e93dce87,2ef566c3a7e8536e3be1ae3aaac85d9a03f4836c00d28326cc70cf2e8147fdb1,['cpu'],"['reference_not_ranking', 'historical_competitors_not_rerun', 'system_resources_not_exclusive']"
trisolv,cova_openmp_cpu,default,initialization,observed,2.6830482510849833,trisolv,275b9806d38b1fd8119ee27bbc86fe06cc1e39a5,1,1,4f5471ef60c1579f85ae344ab83c59b28f7f210b0a535e59616ed8d3e93dce87,2ef566c3a7e8536e3be1ae3aaac85d9a03f4836c00d28326cc70cf2e8147fdb1,['cpu'],"['reference_not_ranking', 'historical_competitors_not_rerun', 'system_resources_not_exclusive']"
trisolv,cova_openmp_cpu,default,fresh_process,observed,0.09940261451993138,trisolv,275b9806d38b1fd8119ee27bbc86fe06cc1e39a5,2,2,4f5471ef60c1579f85ae344ab83c59b28f7f210b0a535e59616ed8d3e93dce87,2ef566c3a7e8536e3be1ae3aaac85d9a03f4836c00d28326cc70cf2e8147fdb1,['cpu'],"['reference_not_ranking', 'historical_competitors_not_rerun', 'system_resources_not_exclusive']"
trisolv,cova_openmp_cpu,default,same_process,observed,0.14985223102848977,trisolv,275b9806d38b1fd8119ee27bbc86fe06cc1e39a5,6,3,4f5471ef60c1579f85ae344ab83c59b28f7f210b0a535e59616ed8d3e93dce87,2ef566c3a7e8536e3be1ae3aaac85d9a03f4836c00d28326cc70cf2e8147fdb1,['cpu'],"['reference_not_ranking', 'historical_competitors_not_rerun', 'system_resources_not_exclusive']"
trisolv,cova_llvm_cpu_serial,default,initialization,observed,1.7780423059593886,trisolv,275b9806d38b1fd8119ee27bbc86fe06cc1e39a5,1,1,4f5471ef60c1579f85ae344ab83c59b28f7f210b0a535e59616ed8d3e93dce87,2ef566c3a7e8536e3be1ae3aaac85d9a03f4836c00d28326cc70cf2e8147fdb1,['cpu'],"['reference_not_ranking', 'historical_competitors_not_rerun', 'system_resources_not_exclusive']"
trisolv,cova_llvm_cpu_serial,default,fresh_process,observed,0.11200081405695528,trisolv,275b9806d38b1fd8119ee27bbc86fe06cc1e39a5,2,2,4f5471ef60c1579f85ae344ab83c59b28f7f210b0a535e59616ed8d3e93dce87,2ef566c3a7e8536e3be1ae3aaac85d9a03f4836c00d28326cc70cf2e8147fdb1,['cpu'],"['reference_not_ranking', 'historical_competitors_not_rerun', 'system_resources_not_exclusive']"
trisolv,cova_llvm_cpu_serial,default,same_process,observed,0.14907437603687868,trisolv,275b9806d38b1fd8119ee27bbc86fe06cc1e39a5,6,3,4f5471ef60c1579f85ae344ab83c59b28f7f210b0a535e59616ed8d3e93dce87,2ef566c3a7e8536e3be1ae3aaac85d9a03f4836c00d28326cc70cf2e8147fdb1,['cpu'],"['reference_not_ranking', 'historical_competitors_not_rerun', 'system_resources_not_exclusive']"
trisolv,cova_llvm_cpu,default,initialization,observed,2.030257703969255,trisolv,275b9806d38b1fd8119ee27bbc86fe06cc1e39a5,1,1,4f5471ef60c1579f85ae344ab83c59b28f7f210b0a535e59616ed8d3e93dce87,2ef566c3a7e8536e3be1ae3aaac85d9a03f4836c00d28326cc70cf2e8147fdb1,['cpu'],"['reference_not_ranking', 'historical_competitors_not_rerun', 'system_resources_not_exclusive']"
trisolv,cova_llvm_cpu,default,fresh_process,observed,0.12625357549404725,trisolv,275b9806d38b1fd8119ee27bbc86fe06cc1e39a5,2,2,4f5471ef60c1579f85ae344ab83c59b28f7f210b0a535e59616ed8d3e93dce87,2ef566c3a7e8536e3be1ae3aaac85d9a03f4836c00d28326cc70cf2e8147fdb1,['cpu'],"['reference_not_ranking', 'historical_competitors_not_rerun', 'system_resources_not_exclusive']"
trisolv,cova_llvm_cpu,default,same_process,observed,0.1516970235388726,trisolv,275b9806d38b1fd8119ee27bbc86fe06cc1e39a5,6,3,4f5471ef60c1579f85ae344ab83c59b28f7f210b0a535e59616ed8d3e93dce87,2ef566c3a7e8536e3be1ae3aaac85d9a03f4836c00d28326cc70cf2e8147fdb1,['cpu'],"['reference_not_ranking', 'historical_competitors_not_rerun', 'system_resources_not_exclusive']"
trisolv,cova_openmp_gpu,default,initialization,observed,4.384360373951495,trisolv,275b9806d38b1fd8119ee27bbc86fe06cc1e39a5,1,1,4f5471ef60c1579f85ae344ab83c59b28f7f210b0a535e59616ed8d3e93dce87,2ef566c3a7e8536e3be1ae3aaac85d9a03f4836c00d28326cc70cf2e8147fdb1,['cpu'],"['reference_not_ranking', 'historical_competitors_not_rerun', 'system_resources_not_exclusive', 'gpu_placement_metadata_only']"
trisolv,cova_openmp_gpu,default,fresh_process,observed,0.13763131957966834,trisolv,275b9806d38b1fd8119ee27bbc86fe06cc1e39a5,2,2,4f5471ef60c1579f85ae344ab83c59b28f7f210b0a535e59616ed8d3e93dce87,2ef566c3a7e8536e3be1ae3aaac85d9a03f4836c00d28326cc70cf2e8147fdb1,['cpu'],"['reference_not_ranking', 'historical_competitors_not_rerun', 'system_resources_not_exclusive', 'gpu_placement_metadata_only']"
trisolv,cova_openmp_gpu,default,same_process,observed,0.15127063752152026,trisolv,275b9806d38b1fd8119ee27bbc86fe06cc1e39a5,6,3,4f5471ef60c1579f85ae344ab83c59b28f7f210b0a535e59616ed8d3e93dce87,2ef566c3a7e8536e3be1ae3aaac85d9a03f4836c00d28326cc70cf2e8147fdb1,['cpu'],"['reference_not_ranking', 'historical_competitors_not_rerun', 'system_resources_not_exclusive', 'gpu_placement_metadata_only']"
trisolv,cova_llvm_gpu,default,initialization,observed,15.173439431004226,trisolv,275b9806d38b1fd8119ee27bbc86fe06cc1e39a5,1,1,4f5471ef60c1579f85ae344ab83c59b28f7f210b0a535e59616ed8d3e93dce87,2ef566c3a7e8536e3be1ae3aaac85d9a03f4836c00d28326cc70cf2e8147fdb1,['gpu'],"['reference_not_ranking', 'historical_competitors_not_rerun', 'system_resources_not_exclusive', 'gpu_placement_metadata_only']"
trisolv,cova_llvm_gpu,default,fresh_process,observed,10.967407699034084,trisolv,275b9806d38b1fd8119ee27bbc86fe06cc1e39a5,2,2,4f5471ef60c1579f85ae344ab83c59b28f7f210b0a535e59616ed8d3e93dce87,2ef566c3a7e8536e3be1ae3aaac85d9a03f4836c00d28326cc70cf2e8147fdb1,['gpu'],"['reference_not_ranking', 'historical_competitors_not_rerun', 'system_resources_not_exclusive', 'gpu_placement_metadata_only']"
trisolv,cova_llvm_gpu,default,same_process,observed,10.681250751076732,trisolv,275b9806d38b1fd8119ee27bbc86fe06cc1e39a5,6,3,4f5471ef60c1579f85ae344ab83c59b28f7f210b0a535e59616ed8d3e93dce87,2ef566c3a7e8536e3be1ae3aaac85d9a03f4836c00d28326cc70cf2e8147fdb1,['gpu'],"['reference_not_ranking', 'historical_competitors_not_rerun', 'system_resources_not_exclusive', 'gpu_placement_metadata_only']"
trmm,cova_serial_cpu,default,initialization,observed,2.4332073719706386,trmm,275b9806d38b1fd8119ee27bbc86fe06cc1e39a5,1,1,3f94b2a3aeb62dabee33d3188a61d501e42975b8a01970dd7d3717b65c060956,9168af76f7b62c6873ac45e920743c46191f055c32ee6a1f1df2aba5ab399d7e,['cpu'],"['reference_not_ranking', 'historical_competitors_not_rerun', 'system_resources_not_exclusive']"
trmm,cova_serial_cpu,default,fresh_process,observed,0.24058410298312083,trmm,275b9806d38b1fd8119ee27bbc86fe06cc1e39a5,2,2,3f94b2a3aeb62dabee33d3188a61d501e42975b8a01970dd7d3717b65c060956,9168af76f7b62c6873ac45e920743c46191f055c32ee6a1f1df2aba5ab399d7e,['cpu'],"['reference_not_ranking', 'historical_competitors_not_rerun', 'system_resources_not_exclusive']"
trmm,cova_serial_cpu,default,same_process,observed,0.2987779339309782,trmm,275b9806d38b1fd8119ee27bbc86fe06cc1e39a5,6,3,3f94b2a3aeb62dabee33d3188a61d501e42975b8a01970dd7d3717b65c060956,9168af76f7b62c6873ac45e920743c46191f055c32ee6a1f1df2aba5ab399d7e,['cpu'],"['reference_not_ranking', 'historical_competitors_not_rerun', 'system_resources_not_exclusive']"
trmm,cova_openmp_cpu,default,initialization,observed,2.666628881939687,trmm,275b9806d38b1fd8119ee27bbc86fe06cc1e39a5,1,1,3f94b2a3aeb62dabee33d3188a61d501e42975b8a01970dd7d3717b65c060956,9168af76f7b62c6873ac45e920743c46191f055c32ee6a1f1df2aba5ab399d7e,['cpu'],"['reference_not_ranking', 'historical_competitors_not_rerun', 'system_resources_not_exclusive']"
trmm,cova_openmp_cpu,default,fresh_process,observed,0.27848854701733217,trmm,275b9806d38b1fd8119ee27bbc86fe06cc1e39a5,2,2,3f94b2a3aeb62dabee33d3188a61d501e42975b8a01970dd7d3717b65c060956,9168af76f7b62c6873ac45e920743c46191f055c32ee6a1f1df2aba5ab399d7e,['cpu'],"['reference_not_ranking', 'historical_competitors_not_rerun', 'system_resources_not_exclusive']"
trmm,cova_openmp_cpu,default,same_process,observed,0.30263565498171374,trmm,275b9806d38b1fd8119ee27bbc86fe06cc1e39a5,6,3,3f94b2a3aeb62dabee33d3188a61d501e42975b8a01970dd7d3717b65c060956,9168af76f7b62c6873ac45e920743c46191f055c32ee6a1f1df2aba5ab399d7e,['cpu'],"['reference_not_ranking', 'historical_competitors_not_rerun', 'system_resources_not_exclusive']"
trmm,cova_llvm_cpu_serial,default,initialization,observed,1.9984170170500875,trmm,275b9806d38b1fd8119ee27bbc86fe06cc1e39a5,1,1,3f94b2a3aeb62dabee33d3188a61d501e42975b8a01970dd7d3717b65c060956,9168af76f7b62c6873ac45e920743c46191f055c32ee6a1f1df2aba5ab399d7e,['cpu'],"['reference_not_ranking', 'historical_competitors_not_rerun', 'system_resources_not_exclusive']"
trmm,cova_llvm_cpu_serial,default,fresh_process,observed,0.23868101701373234,trmm,275b9806d38b1fd8119ee27bbc86fe06cc1e39a5,2,2,3f94b2a3aeb62dabee33d3188a61d501e42975b8a01970dd7d3717b65c060956,9168af76f7b62c6873ac45e920743c46191f055c32ee6a1f1df2aba5ab399d7e,['cpu'],"['reference_not_ranking', 'historical_competitors_not_rerun', 'system_resources_not_exclusive']"
trmm,cova_llvm_cpu_serial,default,same_process,observed,0.30037493753479794,trmm,275b9806d38b1fd8119ee27bbc86fe06cc1e39a5,6,3,3f94b2a3aeb62dabee33d3188a61d501e42975b8a01970dd7d3717b65c060956,9168af76f7b62c6873ac45e920743c46191f055c32ee6a1f1df2aba5ab399d7e,['cpu'],"['reference_not_ranking', 'historical_competitors_not_rerun', 'system_resources_not_exclusive']"
trmm,cova_llvm_cpu,default,initialization,observed,2.0601375070400536,trmm,275b9806d38b1fd8119ee27bbc86fe06cc1e39a5,1,1,3f94b2a3aeb62dabee33d3188a61d501e42975b8a01970dd7d3717b65c060956,9168af76f7b62c6873ac45e920743c46191f055c32ee6a1f1df2aba5ab399d7e,['cpu'],"['reference_not_ranking', 'historical_competitors_not_rerun', 'system_resources_not_exclusive']"
trmm,cova_llvm_cpu,default,fresh_process,observed,0.24071091401856393,trmm,275b9806d38b1fd8119ee27bbc86fe06cc1e39a5,2,2,3f94b2a3aeb62dabee33d3188a61d501e42975b8a01970dd7d3717b65c060956,9168af76f7b62c6873ac45e920743c46191f055c32ee6a1f1df2aba5ab399d7e,['cpu'],"['reference_not_ranking', 'historical_competitors_not_rerun', 'system_resources_not_exclusive']"
trmm,cova_llvm_cpu,default,same_process,observed,0.30102139903465286,trmm,275b9806d38b1fd8119ee27bbc86fe06cc1e39a5,6,3,3f94b2a3aeb62dabee33d3188a61d501e42975b8a01970dd7d3717b65c060956,9168af76f7b62c6873ac45e920743c46191f055c32ee6a1f1df2aba5ab399d7e,['cpu'],"['reference_not_ranking', 'historical_competitors_not_rerun', 'system_resources_not_exclusive']"
trmm,cova_openmp_gpu,default,initialization,observed,4.728739019017667,trmm,275b9806d38b1fd8119ee27bbc86fe06cc1e39a5,1,1,3f94b2a3aeb62dabee33d3188a61d501e42975b8a01970dd7d3717b65c060956,9168af76f7b62c6873ac45e920743c46191f055c32ee6a1f1df2aba5ab399d7e,['cpu'],"['reference_not_ranking', 'historical_competitors_not_rerun', 'system_resources_not_exclusive', 'gpu_placement_metadata_only']"
trmm,cova_openmp_gpu,default,fresh_process,observed,0.28191219351720065,trmm,275b9806d38b1fd8119ee27bbc86fe06cc1e39a5,2,2,3f94b2a3aeb62dabee33d3188a61d501e42975b8a01970dd7d3717b65c060956,9168af76f7b62c6873ac45e920743c46191f055c32ee6a1f1df2aba5ab399d7e,['cpu'],"['reference_not_ranking', 'historical_competitors_not_rerun', 'system_resources_not_exclusive', 'gpu_placement_metadata_only']"
trmm,cova_openmp_gpu,default,same_process,observed,0.3453921304899268,trmm,275b9806d38b1fd8119ee27bbc86fe06cc1e39a5,6,3,3f94b2a3aeb62dabee33d3188a61d501e42975b8a01970dd7d3717b65c060956,9168af76f7b62c6873ac45e920743c46191f055c32ee6a1f1df2aba5ab399d7e,['cpu'],"['reference_not_ranking', 'historical_competitors_not_rerun', 'system_resources_not_exclusive', 'gpu_placement_metadata_only']"
trmm,cova_llvm_gpu,default,initialization,observed,4.770702945999801,trmm,275b9806d38b1fd8119ee27bbc86fe06cc1e39a5,1,1,3f94b2a3aeb62dabee33d3188a61d501e42975b8a01970dd7d3717b65c060956,9168af76f7b62c6873ac45e920743c46191f055c32ee6a1f1df2aba5ab399d7e,['gpu'],"['reference_not_ranking', 'historical_competitors_not_rerun', 'system_resources_not_exclusive', 'gpu_placement_metadata_only']"
trmm,cova_llvm_gpu,default,fresh_process,observed,0.3831415515160188,trmm,275b9806d38b1fd8119ee27bbc86fe06cc1e39a5,2,2,3f94b2a3aeb62dabee33d3188a61d501e42975b8a01970dd7d3717b65c060956,9168af76f7b62c6873ac45e920743c46191f055c32ee6a1f1df2aba5ab399d7e,['gpu'],"['reference_not_ranking', 'historical_competitors_not_rerun', 'system_resources_not_exclusive', 'gpu_placement_metadata_only']"
trmm,cova_llvm_gpu,default,same_process,observed,0.12423352856421843,trmm,275b9806d38b1fd8119ee27bbc86fe06cc1e39a5,6,3,3f94b2a3aeb62dabee33d3188a61d501e42975b8a01970dd7d3717b65c060956,9168af76f7b62c6873ac45e920743c46191f055c32ee6a1f1df2aba5ab399d7e,['gpu'],"['reference_not_ranking', 'historical_competitors_not_rerun', 'system_resources_not_exclusive', 'gpu_placement_metadata_only']"
vadv,cova_serial_cpu,default,initialization,observed,13.729108465951867,vadv,275b9806d38b1fd8119ee27bbc86fe06cc1e39a5,1,1,af48764eed52bcbfa917a57089296ce3be876f060430fae648ab359316609f14,300cff4f4ff45aa053437078a699f7f36c3a42bea19f7d989bd20911ef2050f4,['cpu'],"['reference_not_ranking', 'historical_competitors_not_rerun', 'system_resources_not_exclusive']"
vadv,cova_serial_cpu,default,fresh_process,observed,8.688451251480728,vadv,275b9806d38b1fd8119ee27bbc86fe06cc1e39a5,2,2,af48764eed52bcbfa917a57089296ce3be876f060430fae648ab359316609f14,300cff4f4ff45aa053437078a699f7f36c3a42bea19f7d989bd20911ef2050f4,['cpu'],"['reference_not_ranking', 'historical_competitors_not_rerun', 'system_resources_not_exclusive']"
vadv,cova_serial_cpu,default,same_process,observed,8.111934810003731,vadv,275b9806d38b1fd8119ee27bbc86fe06cc1e39a5,6,3,af48764eed52bcbfa917a57089296ce3be876f060430fae648ab359316609f14,300cff4f4ff45aa053437078a699f7f36c3a42bea19f7d989bd20911ef2050f4,['cpu'],"['reference_not_ranking', 'historical_competitors_not_rerun', 'system_resources_not_exclusive']"
vadv,cova_openmp_cpu,default,initialization,observed,14.118482246994972,vadv,275b9806d38b1fd8119ee27bbc86fe06cc1e39a5,1,1,af48764eed52bcbfa917a57089296ce3be876f060430fae648ab359316609f14,300cff4f4ff45aa053437078a699f7f36c3a42bea19f7d989bd20911ef2050f4,['cpu'],"['reference_not_ranking', 'historical_competitors_not_rerun', 'system_resources_not_exclusive']"
vadv,cova_openmp_cpu,default,fresh_process,observed,9.325075913977344,vadv,275b9806d38b1fd8119ee27bbc86fe06cc1e39a5,2,2,af48764eed52bcbfa917a57089296ce3be876f060430fae648ab359316609f14,300cff4f4ff45aa053437078a699f7f36c3a42bea19f7d989bd20911ef2050f4,['cpu'],"['reference_not_ranking', 'historical_competitors_not_rerun', 'system_resources_not_exclusive']"
vadv,cova_openmp_cpu,default,same_process,observed,8.826859038497787,vadv,275b9806d38b1fd8119ee27bbc86fe06cc1e39a5,6,3,af48764eed52bcbfa917a57089296ce3be876f060430fae648ab359316609f14,300cff4f4ff45aa053437078a699f7f36c3a42bea19f7d989bd20911ef2050f4,['cpu'],"['reference_not_ranking', 'historical_competitors_not_rerun', 'system_resources_not_exclusive']"
vadv,cova_llvm_cpu_serial,default,initialization,observed,15.68277355004102,vadv,275b9806d38b1fd8119ee27bbc86fe06cc1e39a5,1,1,af48764eed52bcbfa917a57089296ce3be876f060430fae648ab359316609f14,300cff4f4ff45aa053437078a699f7f36c3a42bea19f7d989bd20911ef2050f4,['cpu'],"['reference_not_ranking', 'historical_competitors_not_rerun', 'system_resources_not_exclusive']"
vadv,cova_llvm_cpu_serial,default,fresh_process,observed,8.846087456506211,vadv,275b9806d38b1fd8119ee27bbc86fe06cc1e39a5,2,2,af48764eed52bcbfa917a57089296ce3be876f060430fae648ab359316609f14,300cff4f4ff45aa053437078a699f7f36c3a42bea19f7d989bd20911ef2050f4,['cpu'],"['reference_not_ranking', 'historical_competitors_not_rerun', 'system_resources_not_exclusive']"
vadv,cova_llvm_cpu_serial,default,same_process,observed,9.114296832529362,vadv,275b9806d38b1fd8119ee27bbc86fe06cc1e39a5,6,3,af48764eed52bcbfa917a57089296ce3be876f060430fae648ab359316609f14,300cff4f4ff45aa053437078a699f7f36c3a42bea19f7d989bd20911ef2050f4,['cpu'],"['reference_not_ranking', 'historical_competitors_not_rerun', 'system_resources_not_exclusive']"
vadv,cova_llvm_cpu,default,initialization,observed,15.669823594973423,vadv,275b9806d38b1fd8119ee27bbc86fe06cc1e39a5,1,1,af48764eed52bcbfa917a57089296ce3be876f060430fae648ab359316609f14,300cff4f4ff45aa053437078a699f7f36c3a42bea19f7d989bd20911ef2050f4,['cpu'],"['reference_not_ranking', 'historical_competitors_not_rerun', 'system_resources_not_exclusive']"
vadv,cova_llvm_cpu,default,fresh_process,observed,9.594524919986725,vadv,275b9806d38b1fd8119ee27bbc86fe06cc1e39a5,2,2,af48764eed52bcbfa917a57089296ce3be876f060430fae648ab359316609f14,300cff4f4ff45aa053437078a699f7f36c3a42bea19f7d989bd20911ef2050f4,['cpu'],"['reference_not_ranking', 'historical_competitors_not_rerun', 'system_resources_not_exclusive']"
vadv,cova_llvm_cpu,default,same_process,observed,8.96619055751944,vadv,275b9806d38b1fd8119ee27bbc86fe06cc1e39a5,6,3,af48764eed52bcbfa917a57089296ce3be876f060430fae648ab359316609f14,300cff4f4ff45aa053437078a699f7f36c3a42bea19f7d989bd20911ef2050f4,['cpu'],"['reference_not_ranking', 'historical_competitors_not_rerun', 'system_resources_not_exclusive']"
vadv,cova_openmp_gpu,default,initialization,observed,18.005728891002946,vadv,275b9806d38b1fd8119ee27bbc86fe06cc1e39a5,1,1,af48764eed52bcbfa917a57089296ce3be876f060430fae648ab359316609f14,300cff4f4ff45aa053437078a699f7f36c3a42bea19f7d989bd20911ef2050f4,['cpu'],"['reference_not_ranking', 'historical_competitors_not_rerun', 'system_resources_not_exclusive', 'gpu_placement_metadata_only']"
vadv,cova_openmp_gpu,default,fresh_process,observed,9.233594459481537,vadv,275b9806d38b1fd8119ee27bbc86fe06cc1e39a5,2,2,af48764eed52bcbfa917a57089296ce3be876f060430fae648ab359316609f14,300cff4f4ff45aa053437078a699f7f36c3a42bea19f7d989bd20911ef2050f4,['cpu'],"['reference_not_ranking', 'historical_competitors_not_rerun', 'system_resources_not_exclusive', 'gpu_placement_metadata_only']"
vadv,cova_openmp_gpu,default,same_process,observed,8.90192954504164,vadv,275b9806d38b1fd8119ee27bbc86fe06cc1e39a5,6,3,af48764eed52bcbfa917a57089296ce3be876f060430fae648ab359316609f14,300cff4f4ff45aa053437078a699f7f36c3a42bea19f7d989bd20911ef2050f4,['cpu'],"['reference_not_ranking', 'historical_competitors_not_rerun', 'system_resources_not_exclusive', 'gpu_placement_metadata_only']"
vadv,cova_llvm_gpu,default,initialization,observed,29.65449547895696,vadv,275b9806d38b1fd8119ee27bbc86fe06cc1e39a5,1,1,af48764eed52bcbfa917a57089296ce3be876f060430fae648ab359316609f14,300cff4f4ff45aa053437078a699f7f36c3a42bea19f7d989bd20911ef2050f4,['mixed'],"['reference_not_ranking', 'historical_competitors_not_rerun', 'system_resources_not_exclusive', 'gpu_placement_metadata_only']"
vadv,cova_llvm_gpu,default,fresh_process,observed,21.885317745967768,vadv,275b9806d38b1fd8119ee27bbc86fe06cc1e39a5,2,2,af48764eed52bcbfa917a57089296ce3be876f060430fae648ab359316609f14,300cff4f4ff45aa053437078a699f7f36c3a42bea19f7d989bd20911ef2050f4,['mixed'],"['reference_not_ranking', 'historical_competitors_not_rerun', 'system_resources_not_exclusive', 'gpu_placement_metadata_only']"
vadv,cova_llvm_gpu,default,same_process,observed,21.545152138452977,vadv,275b9806d38b1fd8119ee27bbc86fe06cc1e39a5,6,3,af48764eed52bcbfa917a57089296ce3be876f060430fae648ab359316609f14,300cff4f4ff45aa053437078a699f7f36c3a42bea19f7d989bd20911ef2050f4,['mixed'],"['reference_not_ranking', 'historical_competitors_not_rerun', 'system_resources_not_exclusive', 'gpu_placement_metadata_only']"
